tax_id,tax_level,genus_tax_id,name,common_name,category,is_phage,agg_score,max_z_score,nt_z_score,nt_rpm,nt_count,nt_contigs,nt_contig_r,nt_percent_identity,nt_alignment_length,nt_e_value,nt_bg_mean,nt_bg_stdev,nt_bg_mean_mass_normalized,nt_bg_stdev_mass_normalized,nr_z_score,nr_rpm,nr_count,nr_contigs,nr_contig_r,nr_percent_identity,nr_alignment_length,nr_e_value,nr_bg_mean,nr_bg_stdev,nr_bg_mean_mass_normalized,nr_bg_stdev_mass_normalized,species_tax_ids,known_pathogen
3108216,2,3108216,Jeongeuplla,"",bacteria,false,,,,0.22972129523298448,2,,,93.377,75.5,10^-32.1469,,,,,,,,,,,,,,,,,[2998449],0
2998449,1,3108216,Jeongeuplla avenae,"",bacteria,false,,,,0.22972129523298448,2,,,93.377,75.5,10^-32.1469,,,,,,,,,,,,,,,,,,0
3068352,2,3068352,Rubroshorea,"",eukaryota,false,,,,,,,,,,,,,,,,0.34458194284947674,3,,,91.7,24.0,10^-6.1568,,,,,[152421],0
152421,1,3068352,Rubroshorea leprosula,"",eukaryota,false,,,,,,,,,,,,,,,,0.34458194284947674,3,,,91.7,24.0,10^-6.1568,,,,,,0
3041336,2,3041336,Stipitochalara,"",eukaryota,false,,,,,,,,,,,,,,,,0.11486064761649224,1,,,81.8,22.0,10^-3.59346,,,,,[112123],0
112123,1,3041336,Stipitochalara longipes,"",eukaryota,false,,,,,,,,,,,,,,,,0.11486064761649224,1,,,81.8,22.0,10^-3.59346,,,,,,0
3025755,2,3025755,Thomasclavelia,"",bacteria,false,,,,0.22972129523298448,2,,,97.3325,75.0,10^-35.9238,,,,,,,,,,,,,,,,,[1522],0
1522,1,3025755,[Clostridium] innocuum,"",bacteria,false,,,,0.22972129523298448,2,,,97.3325,75.0,10^-35.9238,,,,,,,,,,,,,,,,,,0
2998103,2,2998103,Effusomyces,"",eukaryota,false,,,,0.11486064761649224,1,,,98.684,76.0,10^-37.9766,,,,,,,,,,,,,,,,,[2998104],0
2998104,1,2998103,Effusomyces thailandicus,"",eukaryota,false,,,,0.11486064761649224,1,,,98.684,76.0,10^-37.9766,,,,,,,,,,,,,,,,,,0
2994363,2,2994363,Pseudofrankia,"",bacteria,false,,,,0.11486064761649224,1,,,98.246,57.0,10^-25.064,,,,,,,,,,,,,,,,,[298654],0
298654,1,2994363,Pseudofrankia inefficax,"",bacteria,false,,,,0.11486064761649224,1,,,98.246,57.0,10^-25.064,,,,,,,,,,,,,,,,,,0
2979332,2,2979332,Prescottella,"",bacteria,false,,,,0.11486064761649224,1,,,98.649,74.0,10^-36.6158,,,,,,,,,,,,,,,,,[43767],1
43767,1,2979332,Prescottella equi,"",bacteria,false,,,,0.11486064761649224,1,,,98.649,74.0,10^-36.6158,,,,,,,,,,,,,,,,,,1
2962639,2,2962639,Phaeoplaca,"",eukaryota,false,,,,0.11486064761649224,1,,,97.368,76.0,10^-36.6042,,,,,,,,,,,,,,,,,[2488735],0
2488735,1,2962639,Phaeoplaca camptidia,"",eukaryota,false,,,,0.11486064761649224,1,,,97.368,76.0,10^-36.6042,,,,,,,,,,,,,,,,,,0
2942761,2,2942761,Argonema,"",bacteria,false,,,,,,,,,,,,,,,,0.11486064761649224,1,,,73.9,23.0,10^-3.07676,,,,,[2942762],0
2942762,1,2942761,Argonema galeatum,"",bacteria,false,,,,,,,,,,,,,,,,0.11486064761649224,1,,,73.9,23.0,10^-3.07676,,,,,,0
2925254,2,2925254,Alfaria,"",eukaryota,false,,,,0.11486064761649224,1,,,98.667,75.0,10^-37.2961,,,,,,,,,,,,,,,,,[610011],0
610011,1,2925254,Alfaria minuta,"",eukaryota,false,,,,0.11486064761649224,1,,,98.667,75.0,10^-37.2961,,,,,,,,,,,,,,,,,,0
2925114,2,2925114,Calonarius,"",eukaryota,false,,,,0.11486064761649224,1,,,100.0,75.0,10^-38.6685,,,,,,,,,,,,,,,,,[304742],0
304742,1,2925114,Calonarius caroviolaceus,"",eukaryota,false,,,,0.11486064761649224,1,,,100.0,75.0,10^-38.6685,,,,,,,,,,,,,,,,,,0
2919364,2,2919364,Novacetimonas,"",bacteria,false,,,,0.11486064761649224,1,,,100.0,76.0,10^-39.3489,,,,,,0.22972129523298448,2,,,95.25,22.5,10^-4.48369,,,,,[436],0
436,1,2919364,Novacetimonas hansenii,"",bacteria,false,,,,0.11486064761649224,1,,,100.0,76.0,10^-39.3489,,,,,,0.22972129523298448,2,,,95.25,22.5,10^-4.48369,,,,,,0
2908803,2,2908803,Pleurocordyceps,"",eukaryota,false,,,,,,,,,,,,,,,,0.11486064761649224,1,,,91.7,24.0,10^-3.47625,,,,,[99896],0
99896,1,2908803,Pleurocordyceps sinensis,"",eukaryota,false,,,,,,,,,,,,,,,,0.11486064761649224,1,,,91.7,24.0,10^-3.47625,,,,,,0
2901189,2,2901189,Halopseudomonas,"",bacteria,false,,,,,,,,,,,,,,,,0.11486064761649224,1,,,100.0,24.0,10^-10.341,,,,,[86175],0
86175,1,2901189,Halopseudomonas pertucinogena,"",bacteria,false,,,,,,,,,,,,,,,,0.11486064761649224,1,,,100.0,24.0,10^-10.341,,,,,,0
2901164,2,2901164,Stutzerimonas,"",bacteria,false,,,,0.9188851809319379,8,,,99.0,65.375,10^-31.0996,,,,,,,,,,,,,,,,,"[2968969, 316]",0
2968969,1,2901164,Stutzerimonas frequens,"",bacteria,false,,,,0.22972129523298448,2,,,100.0,67.0,10^-33.232,,,,,,,,,,,,,,,,,,0
316,1,2901164,Stutzerimonas stutzeri,"",bacteria,false,,,,0.6891638856989535,6,,,98.6667,64.8333,10^-30.3888,,,,,,,,,,,,,,,,,,0
2900664,2,2900664,Candidatus Solincola,"",bacteria,false,,,,,,,,,,,,,,,,0.11486064761649224,1,,,87.5,24.0,10^-7.01637,,,,,[2900693],0
2900693,1,2900664,Candidatus Solincola tengchongensis,"",bacteria,false,,,,,,,,,,,,,,,,0.11486064761649224,1,,,87.5,24.0,10^-7.01637,,,,,,0
2894762,2,2894762,Zophobihabitans,"",bacteria,false,,,,0.11486064761649224,1,,,92.105,76.0,10^-31.1147,,,,,,,,,,,,,,,,,[1635327],0
1635327,1,2894762,Zophobihabitans entericus,"",bacteria,false,,,,0.11486064761649224,1,,,92.105,76.0,10^-31.1147,,,,,,,,,,,,,,,,,,0
2884239,2,2884239,Exephanes,"",eukaryota,false,,,,0.5743032380824612,5,,,92.4394,56.0,10^-19.7288,,,,,,,,,,,,,,,,,[2884240],0
2884240,1,2884239,Exephanes ischioxanthus,"",eukaryota,false,,,,0.5743032380824612,5,,,92.4394,56.0,10^-19.7288,,,,,,,,,,,,,,,,,,0
2874059,2,2874059,Halotydeus,"",eukaryota,false,,,,,,,,,,,,,,,,0.34458194284947674,3,,,84.7,24.0,10^-4.82206,,,,,[2874060],0
2874060,1,2874059,Halotydeus destructor,"",eukaryota,false,,,,,,,,,,,,,,,,0.34458194284947674,3,,,84.7,24.0,10^-4.82206,,,,,,0
2870717,2,2870717,Pseudoroseomonas,"",bacteria,false,,,,0.11486064761649224,1,,,98.684,76.0,10^-37.9766,,,,,,,,,,,,,,,,,[204525],0
204525,1,2870717,Pseudoroseomonas cervicalis,"",bacteria,false,,,,0.11486064761649224,1,,,98.684,76.0,10^-37.9766,,,,,,,,,,,,,,,,,,0
2865286,2,2865286,Conescharellina,"",eukaryota,false,,,,0.45944259046596897,4,,,87.4508,65.75,10^-21.0565,,,,,,,,,,,,,,,,,[2865288],0
2865288,1,2865286,Conescharellina sp. BLEED1816,"",eukaryota,false,,,,0.45944259046596897,4,,,87.4508,65.75,10^-21.0565,,,,,,,,,,,,,,,,,,0
2842863,2,2842863,Merhavirus,"",viruses,false,,,,,,,,,,,,,,,,0.22972129523298448,2,,,87.75,24.5,10^-5.27082,,,,,[2980580],0
2980580,1,2842863,Enontekio merhavirus,"",viruses,false,,,,,,,,,,,,,,,,0.22972129523298448,2,,,87.75,24.5,10^-5.27082,,,,,,0
2837510,2,2837510,Siminovitchia,"",bacteria,false,,,,,,,,,,,,,,,,0.11486064761649224,1,,,100.0,24.0,10^-9.16052,,,,,[1914933],0
1914933,1,2837510,Siminovitchia terrae,"",bacteria,false,,,,,,,,,,,,,,,,0.11486064761649224,1,,,100.0,24.0,10^-9.16052,,,,,,0
2837504,2,2837504,Heyndrickxia,"",bacteria,false,,,,0.11486064761649224,1,,,100.0,71.0,10^-35.9476,,,,,,0.11486064761649224,1,,,100.0,25.0,10^-9.90309,,,,,"[46224, 1398]",0
46224,1,2837504,Heyndrickxia sporothermodurans,"",bacteria,false,,,,,,,,,,,,,,,,0.11486064761649224,1,,,100.0,25.0,10^-9.90309,,,,,,0
1398,1,2837504,Heyndrickxia coagulans,"",bacteria,false,,,,0.11486064761649224,1,,,100.0,71.0,10^-35.9476,,,,,,,,,,,,,,,,,,0
2831443,2,2831443,Heliomicrobium,"",bacteria,false,,,,,,,,,,,,,,,,0.11486064761649224,1,,,91.7,24.0,10^-6.9393,,,,,[35701],0
35701,1,2831443,Heliomicrobium modesticaldum,"",bacteria,false,,,,,,,,,,,,,,,,0.11486064761649224,1,,,91.7,24.0,10^-6.9393,,,,,,0
2810232,2,2810232,Erina,"",eukaryota,false,,,,,,,,,,,,,,,,0.11486064761649224,1,,,100.0,24.0,10^-4.86012,,,,,[2810234],0
2810234,1,2810232,Erina delospila,"",eukaryota,false,,,,,,,,,,,,,,,,0.11486064761649224,1,,,100.0,24.0,10^-4.86012,,,,,,0
2802300,2,2802300,Lunatibacter,"",bacteria,false,,,,,,,,,,,,,,,,0.11486064761649224,1,,,91.7,24.0,10^-3.91364,,,,,[2483804],0
2483804,1,2802300,Lunatibacter salilacus,"",bacteria,false,,,,,,,,,,,,,,,,0.11486064761649224,1,,,91.7,24.0,10^-3.91364,,,,,,0
2802288,2,2802288,Dongshaea,"",bacteria,false,,,,0.11486064761649224,1,,,95.652,46.0,10^-16.2367,,,,,,,,,,,,,,,,,[2047966],0
2047966,1,2802288,Dongshaea marina,"",bacteria,false,,,,0.11486064761649224,1,,,95.652,46.0,10^-16.2367,,,,,,,,,,,,,,,,,,0
2800373,2,2800373,Priestia,"",bacteria,false,,,,0.11486064761649224,1,,,95.833,48.0,10^-17.5906,,,,,,,,,,,,,,,,,[284581],0
284581,1,2800373,Priestia koreensis,"",bacteria,false,,,,0.11486064761649224,1,,,95.833,48.0,10^-17.5906,,,,,,,,,,,,,,,,,,0
2796146,2,2796146,Candidatus Nitrosacidococcus,"",bacteria,false,,,,,,,,,,,,,,,,0.11486064761649224,1,,,95.5,22.0,10^-7.39903,,,,,[553981],0
553981,1,2796146,Candidatus Nitrosacidococcus tergens,"",bacteria,false,,,,,,,,,,,,,,,,0.11486064761649224,1,,,95.5,22.0,10^-7.39903,,,,,,0
2779937,2,2779937,Podila,"",eukaryota,false,,,,0.34458194284947674,3,,,98.082,69.0,10^-32.7613,,,,,,,,,,,,,,,,,[78898],0
78898,1,2779937,Podila verticillata,"",eukaryota,false,,,,0.34458194284947674,3,,,98.082,69.0,10^-32.7613,,,,,,,,,,,,,,,,,,0
2779868,2,2779868,Gamsiella,"",eukaryota,false,,,,0.22972129523298448,2,,,93.8285,47.5,10^-15.8816,,,,,,,,,,,,,,,,,[101098],0
101098,1,2779868,Gamsiella multidivaricata,"",eukaryota,false,,,,0.22972129523298448,2,,,93.8285,47.5,10^-15.8816,,,,,,,,,,,,,,,,,,0
2779861,2,2779861,Linnemannia,"",eukaryota,false,,,,,,,,,,,,,,,,0.11486064761649224,1,,,95.8,24.0,10^-5.18509,,,,,[310910],0
310910,1,2779861,Linnemannia elongata,"",eukaryota,false,,,,,,,,,,,,,,,,0.11486064761649224,1,,,95.8,24.0,10^-5.18509,,,,,,0
2779859,2,2779859,Entomortierella,"",eukaryota,false,,,,0.34458194284947674,3,,,94.4443,69.6667,10^-29.5553,,,,,,0.11486064761649224,1,,,96.0,25.0,10^-8.79588,,,,,[205924],0
205924,1,2779859,Entomortierella parvispora,"",eukaryota,false,,,,0.34458194284947674,3,,,94.4443,69.6667,10^-29.5553,,,,,,0.11486064761649224,1,,,96.0,25.0,10^-8.79588,,,,,,0
2774146,2,2774146,Frigoriglobus,"",bacteria,false,,,,0.11486064761649224,1,,,89.189,37.0,10^-7.41084,,,,,,,,,,,,,,,,,[2774151],0
2774151,1,2774146,Frigoriglobus tundricola,"",bacteria,false,,,,0.11486064761649224,1,,,89.189,37.0,10^-7.41084,,,,,,,,,,,,,,,,,,0
2767888,2,2767888,Liquorilactobacillus,"",bacteria,false,,,,0.11486064761649224,1,,,98.684,76.0,10^-37.9766,,,,,,,,,,,,,,,,,[82688],0
82688,1,2767888,Liquorilactobacillus nagelii,"",bacteria,false,,,,0.11486064761649224,1,,,98.684,76.0,10^-37.9766,,,,,,,,,,,,,,,,,,0
2767887,2,2767887,Ligilactobacillus,"",bacteria,false,,,,0.11486064761649224,1,,,100.0,76.0,10^-39.3489,,,,,,,,,,,,,,,,,[1624],0
1624,1,2767887,Ligilactobacillus salivarius,"",bacteria,false,,,,0.11486064761649224,1,,,100.0,76.0,10^-39.3489,,,,,,,,,,,,,,,,,,0
2767885,2,2767885,Latilactobacillus,"",bacteria,false,,,,0.11486064761649224,1,,,100.0,76.0,10^-39.3489,,,,,,,,,,,,,,,,,[28038],0
28038,1,2767885,Latilactobacillus curvatus,"",bacteria,false,,,,0.11486064761649224,1,,,100.0,76.0,10^-39.3489,,,,,,,,,,,,,,,,,,0
2767881,2,2767881,Fructilactobacillus,"",bacteria,false,,,,,,,,,,,,,,,,0.11486064761649224,1,,,100.0,23.0,10^-6.74232,,,,,[1625],0
1625,1,2767881,Fructilactobacillus sanfranciscensis,"",bacteria,false,,,,,,,,,,,,,,,,0.11486064761649224,1,,,100.0,23.0,10^-6.74232,,,,,,0
2767879,2,2767879,Companilactobacillus,"",bacteria,false,,,,,,,,,,,,,,,,0.11486064761649224,1,,,82.6,23.0,10^-5.49894,,,,,[1612],0
1612,1,2767879,Companilactobacillus farciminis,"",bacteria,false,,,,,,,,,,,,,,,,0.11486064761649224,1,,,82.6,23.0,10^-5.49894,,,,,,0
2767842,2,2767842,Lactiplantibacillus,"",bacteria,false,,,,0.11486064761649224,1,,,100.0,73.0,10^-37.3079,,,,,,0.11486064761649224,1,,,92.0,25.0,10^-5.0942,,,,,[1590],0
1590,1,2767842,Lactiplantibacillus plantarum,"",bacteria,false,,,,0.11486064761649224,1,,,100.0,73.0,10^-37.3079,,,,,,0.11486064761649224,1,,,92.0,25.0,10^-5.0942,,,,,,0
2761499,2,2761499,Porcisia,"",eukaryota,false,,,,,,,,,,,,,,,,0.11486064761649224,1,,,100.0,23.0,10^-5.58838,,,,,[2761500],0
2761500,1,2761499,Porcisia hertigi,"",eukaryota,false,,,,,,,,,,,,,,,,0.11486064761649224,1,,,100.0,23.0,10^-5.58838,,,,,,0
2759736,2,2759736,Lacticaseibacillus,"",bacteria,false,,,,,,,,,,,,,,,,0.5743032380824612,5,,,89.3,24.2,10^-6.54233,,,,,[47715],0
47715,1,2759736,Lacticaseibacillus rhamnosus,"",bacteria,false,,,,,,,,,,,,,,,,0.5743032380824612,5,,,89.3,24.2,10^-6.54233,,,,,,0
2756312,2,2756312,Flavimobilis,"",bacteria,false,,,,,,,,,,,,,,,,0.22972129523298448,2,,,90.95,22.0,10^-4.44832,,,,,[285351],0
285351,1,2756312,Flavimobilis marinus,"",bacteria,false,,,,,,,,,,,,,,,,0.22972129523298448,2,,,90.95,22.0,10^-4.44832,,,,,,0
2743949,2,2743949,Eirmocides,"",eukaryota,false,,,,1.378327771397907,12,,,95.6942,75.25,10^-34.3787,,,,,,,,,,,,,,,,,"[2810227, 2810221, 2810220, 2810217]",0
2810227,1,2743949,Eirmocides silicea,"",eukaryota,false,,,,0.22972129523298448,2,,,96.0525,76.0,10^-35.2318,,,,,,,,,,,,,,,,,,0
2810221,1,2743949,Eirmocides helenita,"",eukaryota,false,,,,0.34458194284947674,3,,,96.491,76.0,10^-35.6893,,,,,,,,,,,,,,,,,,0
2810220,1,2743949,Eirmocides cupreus,"",eukaryota,false,,,,0.11486064761649224,1,,,97.368,76.0,10^-36.6042,,,,,,,,,,,,,,,,,,0
2810217,1,2743949,Eirmocides ardosiacea,"",eukaryota,false,,,,0.6891638856989535,6,,,94.8973,74.5,10^-33.068,,,,,,,,,,,,,,,,,,0
2742598,2,2742598,Limosilactobacillus,"",bacteria,false,,,,,,,,,,,,,,,,15.161605485376976,132,1,127,77.9706,124.97,10^-56.7258,,,,,"[1613, 1598]",0
1613,1,2742598,Limosilactobacillus fermentum,"",bacteria,false,,,,,,,,,,,,,,,,15.046744837760484,131,1,127,77.8688,125.748,10^-57.1097,,,,,,0
1598,1,2742598,Limosilactobacillus reuteri,"",bacteria,false,,,,,,,,,,,,,,,,0.11486064761649224,1,,,91.3,23.0,10^-6.43652,,,,,,0
2719231,2,2719231,Lacrimispora,"",bacteria,false,,,,,,,,,,,,,,,,0.11486064761649224,1,,,100.0,25.0,10^-8.83863,,,,,[2719234],0
2719234,1,2719231,Lacrimispora sp.,"",bacteria,false,,,,,,,,,,,,,,,,0.11486064761649224,1,,,100.0,25.0,10^-8.83863,,,,,,0
2714348,2,2714348,Myathropa,"",eukaryota,false,,,,1.2634671237814146,11,1,9,84.1011,89.0,10^-12.6799,,,,,,,,,,,,,,,,,[2714349],0
2714349,1,2714348,Myathropa florea,"",eukaryota,false,,,,1.2634671237814146,11,1,9,84.1011,89.0,10^-12.6799,,,,,,,,,,,,,,,,,,0
2710691,2,2710691,Viguiera,"",eukaryota,false,,,,0.22972129523298448,2,,,100.0,75.0,10^-38.6685,,,,,,,,,,,,,,,,,[2710692],0
2710692,1,2710691,Viguiera euryoptera,"",eukaryota,false,,,,0.22972129523298448,2,,,100.0,75.0,10^-38.6685,,,,,,,,,,,,,,,,,,0
2698775,2,2698775,Poroisariopsis,"",eukaryota,false,,,,0.11486064761649224,1,,,97.368,76.0,10^-36.6042,,,,,,,,,,,,,,,,,[2201235],0
2201235,1,2698775,Poroisariopsis inornata,"",eukaryota,false,,,,0.11486064761649224,1,,,97.368,76.0,10^-36.6042,,,,,,,,,,,,,,,,,,0
2676247,2,2676247,Aquirufa,"",bacteria,false,,,,0.22972129523298448,2,,,100.0,75.0,10^-38.6685,,,,,,,,,,,,,,,,,"[2696560, 2516559]",0
2696560,1,2676247,Aquirufa lenticrescens,"",bacteria,false,,,,0.11486064761649224,1,,,100.0,75.0,10^-38.6685,,,,,,,,,,,,,,,,,,0
2516559,1,2676247,Aquirufa antheringensis,"",bacteria,false,,,,0.11486064761649224,1,,,100.0,75.0,10^-38.6685,,,,,,,,,,,,,,,,,,0
2664683,2,2664683,Dimorphilus,"",eukaryota,false,,,,,,,,,,,,,,,,0.11486064761649224,1,,,100.0,24.0,10^-3.78516,,,,,[2664684],0
2664684,1,2664683,Dimorphilus gyrociliatus,"",eukaryota,false,,,,,,,,,,,,,,,,0.11486064761649224,1,,,100.0,24.0,10^-3.78516,,,,,,0
2654634,2,2654634,Candidatus Hydrogenosomobacter,"",bacteria,false,,,,0.22972129523298448,2,,,95.3505,75.5,10^-33.5192,,,,,,,,,,,,,,,,,[2558174],0
2558174,1,2654634,Candidatus Hydrogenosomobacter endosymbioticus,"",bacteria,false,,,,0.22972129523298448,2,,,95.3505,75.5,10^-33.5192,,,,,,,,,,,,,,,,,,0
2607957,2,2607957,Collybiopsis,"",eukaryota,false,,,,0.11486064761649224,1,,,98.684,76.0,10^-37.9766,,,,,,,,,,,,,,,,,[2773346],0
2773346,1,2607957,Collybiopsis luxurians,"",eukaryota,false,,,,0.11486064761649224,1,,,98.684,76.0,10^-37.9766,,,,,,,,,,,,,,,,,,0
2585208,2,2585208,Trichonephila,"",eukaryota,false,,,,,,,,,,,,,,,,1.0337458285484302,9,,,85.6111,24.6667,10^-5.28876,,,,,"[2747482, 2740835, 2585209]",0
2747482,1,2585208,Trichonephila inaurata,golden orb-web spider,eukaryota,false,,,,,,,,,,,,,,,,0.11486064761649224,1,,,100.0,24.0,10^-5.68825,,,,,,0
2740835,1,2585208,Trichonephila clavata,"",eukaryota,false,,,,,,,,,,,,,,,,0.22972129523298448,2,,,90.0,25.0,10^-7.15586,,,,,,0
2585209,1,2585208,Trichonephila clavipes,"",eukaryota,false,,,,,,,,,,,,,,,,0.6891638856989535,6,,,81.75,24.6667,10^-4.59982,,,,,,0
2529408,2,2529408,Schaalia,"",bacteria,false,,,,0.22972129523298448,2,,,100.0,76.0,10^-39.3489,,,,,,0.45944259046596897,4,,,95.7,23.0,10^-6.65459,,,,,"[131111, 1660]",0
131111,1,2529408,Schaalia turicensis,"",bacteria,false,,,,,,,,,,,,,,,,0.11486064761649224,1,,,100.0,22.0,10^-5.10347,,,,,,0
1660,1,2529408,Schaalia odontolytica,"",bacteria,false,,,,0.22972129523298448,2,,,100.0,76.0,10^-39.3489,,,,,,0.34458194284947674,3,,,94.2667,23.3333,10^-7.17164,,,,,,0
2501083,2,2501083,Ethilla,"",eukaryota,false,,,,0.11486064761649224,1,,,92.105,38.0,10^-9.45781,,,,,,,,,,,,,,,,,[2501084],0
2501084,1,2501083,Ethilla sp. AUS048,"",eukaryota,false,,,,0.11486064761649224,1,,,92.105,38.0,10^-9.45781,,,,,,,,,,,,,,,,,,0
2492374,2,2492374,Omphaloscelis,"",eukaryota,false,,,,0.22972129523298448,2,,,89.7605,73.5,10^-27.3555,,,,,,,,,,,,,,,,,[2492375],0
2492375,1,2492374,Omphaloscelis lunosa,"",eukaryota,false,,,,0.22972129523298448,2,,,89.7605,73.5,10^-27.3555,,,,,,,,,,,,,,,,,,0
2338636,2,2338636,Tetraneuromyia,"",eukaryota,false,,,,,,,,,,,,,,,,0.11486064761649224,1,,,100.0,24.0,10^-5.24872,,,,,[2338637],0
2338637,1,2338636,Tetraneuromyia bulbifera,"",eukaryota,false,,,,,,,,,,,,,,,,0.11486064761649224,1,,,100.0,24.0,10^-5.24872,,,,,,0
2316020,2,2316020,Mediterraneibacter,"",bacteria,false,,,,0.11486064761649224,1,,,100.0,76.0,10^-39.3489,,,,,,0.22972129523298448,2,,,85.85,24.5,10^-6.52808,,,,,"[33039, 33038]",0
33039,1,2316020,[Ruminococcus] torques,"",bacteria,false,,,,,,,,,,,,,,,,0.11486064761649224,1,,,91.7,24.0,10^-6.69465,,,,,,0
33038,1,2316020,Mediterraneibacter gnavus,"",bacteria,false,,,,0.11486064761649224,1,,,100.0,76.0,10^-39.3489,,,,,,0.11486064761649224,1,,,80.0,25.0,10^-6.36151,,,,,,0
2282523,2,2282523,Methylorubrum,"",bacteria,false,,,,0.5743032380824612,5,,,97.1618,67.8,10^-32.138,,,,,,,,,,,,,,,,,[408],1
408,1,2282523,Methylorubrum extorquens,"",bacteria,false,,,,0.5743032380824612,5,,,97.1618,67.8,10^-32.138,,,,,,,,,,,,,,,,,,1
2268961,2,2268961,Cerioporus,"",eukaryota,false,,,,0.11486064761649224,1,,,93.333,75.0,10^-31.8067,,,,,,,,,,,,,,,,,[2268962],0
2268962,1,2268961,Cerioporus varius,"",eukaryota,false,,,,0.11486064761649224,1,,,93.333,75.0,10^-31.8067,,,,,,,,,,,,,,,,,,0
2183612,2,2183612,Klenkia,"",bacteria,false,,,,,,,,,,,,,,,,0.11486064761649224,1,,,76.0,25.0,10^-3.86967,,,,,[1225127],0
1225127,1,2183612,Klenkia taihuensis,"",bacteria,false,,,,,,,,,,,,,,,,0.11486064761649224,1,,,76.0,25.0,10^-3.86967,,,,,,0
2094720,2,2094720,Tupanvirus,"",viruses,false,,,,,,,,,,,,,,,,0.11486064761649224,1,,,76.0,25.0,10^-4.84164,,,,,[2126985],0
2126985,1,2094720,Tupanvirus soda lake,"",viruses,false,,,,,,,,,,,,,,,,0.11486064761649224,1,,,76.0,25.0,10^-4.84164,,,,,,0
2072689,2,2072689,Steromphala,"",eukaryota,false,,,,0.22972129523298448,2,,,84.5195,45.0,10^-8.69992,,,,,,,,,,,,,,,,,[216125],0
216125,1,2072689,Steromphala cineraria,"",eukaryota,false,,,,0.22972129523298448,2,,,84.5195,45.0,10^-8.69992,,,,,,,,,,,,,,,,,,0
2069291,2,2069291,Abscondita,"",eukaryota,false,,,,,,,,,,,,,,,,0.34458194284947674,3,,,98.5667,23.6667,10^-5.90924,,,,,[2069292],0
2069292,1,2069291,Abscondita terminalis,"",eukaryota,false,,,,,,,,,,,,,,,,0.34458194284947674,3,,,98.5667,23.6667,10^-5.90924,,,,,,0
2059970,2,2059970,Pleopassalora,"",eukaryota,false,,,,0.11486064761649224,1,,,100.0,76.0,10^-39.3489,,,,,,,,,,,,,,,,,[2059971],0
2059971,1,2059970,Pleopassalora perplexa,"",eukaryota,false,,,,0.11486064761649224,1,,,100.0,76.0,10^-39.3489,,,,,,,,,,,,,,,,,,0
2056617,2,2056617,Thelyphassa,"",eukaryota,false,,,,,,,,,,,,,,,,0.11486064761649224,1,,,96.0,25.0,10^-8.27984,,,,,[2056618],0
2056618,1,2056617,Thelyphassa sp. CSR123,"",eukaryota,false,,,,,,,,,,,,,,,,0.11486064761649224,1,,,96.0,25.0,10^-8.27984,,,,,,0
2055880,2,2055880,Pseudescherichia,"",bacteria,false,,,,,,,,,,,,,,,,0.11486064761649224,1,,,73.9,23.0,10^-3.08884,,,,,[566],0
566,1,2055880,Pseudescherichia vulneris,"",bacteria,false,,,,,,,,,,,,,,,,0.11486064761649224,1,,,73.9,23.0,10^-3.08884,,,,,,0
2055733,2,2055733,Rhopalobrachium,"",eukaryota,false,,,,,,,,,,,,,,,,0.11486064761649224,1,,,83.3,24.0,10^-6.30103,,,,,[2055734],0
2055734,1,2055733,Rhopalobrachium crowsoni,"",eukaryota,false,,,,,,,,,,,,,,,,0.11486064761649224,1,,,83.3,24.0,10^-6.30103,,,,,,0
2055681,2,2055681,Thione,"",eukaryota,false,,,,,,,,,,,,,,,,0.11486064761649224,1,,,100.0,25.0,10^-4.76195,,,,,[2055682],0
2055682,1,2055681,Thione sp. INB207,"",eukaryota,false,,,,,,,,,,,,,,,,0.11486064761649224,1,,,100.0,25.0,10^-4.76195,,,,,,0
2055669,2,2055669,Sinocymbachus,"",eukaryota,false,,,,,,,,,,,,,,,,0.11486064761649224,1,,,100.0,25.0,10^-5.70333,,,,,[2055670],0
2055670,1,2055669,Sinocymbachus sp. INB005,"",eukaryota,false,,,,,,,,,,,,,,,,0.11486064761649224,1,,,100.0,25.0,10^-5.70333,,,,,,0
2055628,2,2055628,Hydnobioides,"",eukaryota,false,,,,0.22972129523298448,2,,,92.841,42.0,10^-12.1596,,,,,,,,,,,,,,,,,[2055629],0
2055629,1,2055628,Hydnobioides sp. CSR106,"",eukaryota,false,,,,0.22972129523298448,2,,,92.841,42.0,10^-12.1596,,,,,,,,,,,,,,,,,,0
2055618,2,2055618,Evorinea,"",eukaryota,false,,,,,,,,,,,,,,,,0.11486064761649224,1,,,100.0,24.0,10^-7.31876,,,,,[2055619],0
2055619,1,2055618,Evorinea sp. CSR090,"",eukaryota,false,,,,,,,,,,,,,,,,0.11486064761649224,1,,,100.0,24.0,10^-7.31876,,,,,,0
2055580,2,2055580,Acorynus,"",eukaryota,false,,,,,,,,,,,,,,,,0.11486064761649224,1,,,83.3,24.0,10^-3.90658,,,,,[2055581],0
2055581,1,2055580,Acorynus sp. INB007,"",eukaryota,false,,,,,,,,,,,,,,,,0.11486064761649224,1,,,83.3,24.0,10^-3.90658,,,,,,0
2048663,2,2048663,Perenniporiopsis,"",eukaryota,false,,,,0.11486064761649224,1,,,100.0,76.0,10^-39.3489,,,,,,,,,,,,,,,,,[598661],0
598661,1,2048663,Perenniporiopsis minutissima,"",eukaryota,false,,,,0.11486064761649224,1,,,100.0,76.0,10^-39.3489,,,,,,,,,,,,,,,,,,0
2041902,2,2041902,Chenggangzhangella,"",bacteria,false,,,,0.11486064761649224,1,,,100.0,76.0,10^-39.3489,,,,,,,,,,,,,,,,,[1437009],0
1437009,1,2041902,Chenggangzhangella methanolivorans,"",bacteria,false,,,,0.11486064761649224,1,,,100.0,76.0,10^-39.3489,,,,,,,,,,,,,,,,,,0
2038740,2,2038740,Coniferiporia,"",eukaryota,false,,,,0.11486064761649224,1,,,96.053,76.0,10^-35.2318,,,,,,,,,,,,,,,,,[175648],0
175648,1,2038740,Coniferiporia sulphurascens,"",eukaryota,false,,,,0.11486064761649224,1,,,96.053,76.0,10^-35.2318,,,,,,,,,,,,,,,,,,0
2038651,2,2038651,Auanema,"",eukaryota,false,,,,,,,,,,,,,,,,0.11486064761649224,1,,,95.7,23.0,10^-5.2321,,,,,[2878363],0
2878363,1,2038651,Auanema sp. JU1783,"",eukaryota,false,,,,,,,,,,,,,,,,0.11486064761649224,1,,,95.7,23.0,10^-5.2321,,,,,,0
2015172,2,2015172,Ooceraea,"",eukaryota,false,,,,0.11486064761649224,1,,,92.982,57.0,10^-20.9469,,,,,,0.5743032380824612,5,,,86.72,24.4,10^-5.31574,,,,,[2015173],0
2015173,1,2015172,Ooceraea biroi,clonal raider ant,eukaryota,false,,,,0.11486064761649224,1,,,92.982,57.0,10^-20.9469,,,,,,0.5743032380824612,5,,,86.72,24.4,10^-5.31574,,,,,,0
2014116,2,2014116,Anabropsis,"",eukaryota,false,,,,0.11486064761649224,1,,,92.308,52.0,10^-17.5558,,,,,,,,,,,,,,,,,[2993554],0
2993554,1,2014116,Anabropsis multispinula,"",eukaryota,false,,,,0.11486064761649224,1,,,92.308,52.0,10^-17.5558,,,,,,,,,,,,,,,,,,0
2006155,2,2006155,Pamphobeteus,"",eukaryota,false,,,,0.11486064761649224,1,,,85.366,41.0,10^-7.36626,,,,,,,,,,,,,,,,,[2006156],0
2006156,1,2006155,Pamphobeteus verdolaga,"",eukaryota,false,,,,0.11486064761649224,1,,,85.366,41.0,10^-7.36626,,,,,,,,,,,,,,,,,,0
1985927,2,1985927,Ignelater,"",eukaryota,false,,,,,,,,,,,,,,,,0.45944259046596897,4,,,84.15,24.0,10^-3.83313,,,,,[2038154],0
2038154,1,1985927,Ignelater luminosus,"",eukaryota,false,,,,,,,,,,,,,,,,0.45944259046596897,4,,,84.15,24.0,10^-3.83313,,,,,,0
1981958,2,1981958,Pseudomicrostroma,"",eukaryota,false,,,,,,,,,,,,,,,,0.11486064761649224,1,,,95.8,24.0,10^-7.34486,,,,,[1684307],0
1684307,1,1981958,Pseudomicrostroma glucosiphilum,"",eukaryota,false,,,,,,,,,,,,,,,,0.11486064761649224,1,,,95.8,24.0,10^-7.34486,,,,,,0
1980421,2,1980421,Phasivirus,"",viruses,false,,,,,,,,,,,,,,,,0.11486064761649224,1,,,80.0,25.0,10^-3.76195,,,,,[3052631],0
3052631,1,1980421,Phasivirus phasiense,"",viruses,false,,,,,,,,,,,,,,,,0.11486064761649224,1,,,80.0,25.0,10^-3.76195,,,,,,0
1979940,2,1979940,Medioppia,"",eukaryota,false,,,,0.11486064761649224,1,,,92.105,38.0,10^-9.45781,,,,,,0.45944259046596897,4,,,98.0,25.0,10^-6.67002,,,,,[1979941],0
1979941,1,1979940,Medioppia subpectinata,"",eukaryota,false,,,,0.11486064761649224,1,,,92.105,38.0,10^-9.45781,,,,,,0.45944259046596897,4,,,98.0,25.0,10^-6.67002,,,,,,0
1970207,2,1970207,Bugulina,"",eukaryota,false,,,,0.22972129523298448,2,,,92.5,40.0,10^-10.8079,,,,,,,,,,,,,,,,,[192920],0
192920,1,1970207,Bugulina stolonifera,"",eukaryota,false,,,,0.22972129523298448,2,,,92.5,40.0,10^-10.8079,,,,,,,,,,,,,,,,,,0
1933192,2,1933192,Galendromus,"",eukaryota,false,,,,,,,,,,,,,,,,0.11486064761649224,1,,,82.6,23.0,10^-3.51004,,,,,[34638],0
34638,1,1933192,Galendromus occidentalis,western predatory mite,eukaryota,false,,,,,,,,,,,,,,,,0.11486064761649224,1,,,82.6,23.0,10^-3.51004,,,,,,0
1930240,2,1930240,Zelonia,"",eukaryota,false,,,,22.397826285215988,195,,,98.2513,75.3298,10^-37.0539,,,,,,,,,,,,,,,,,[372075],0
372075,1,1930240,Zelonia costaricensis,"",eukaryota,false,,,,22.397826285215988,195,,,98.2513,75.3298,10^-37.0539,,,,,,,,,,,,,,,,,,0
1924110,2,1924110,Massilimicrobiota,"",bacteria,false,,,,,,,,,,,,,,,,0.11486064761649224,1,,,90.9,22.0,10^-6.33536,,,,,[1965564],0
1965564,1,1924110,Massilimicrobiota sp. An142,"",bacteria,false,,,,,,,,,,,,,,,,0.11486064761649224,1,,,90.9,22.0,10^-6.33536,,,,,,0
1923958,2,1923958,Trinorchestia,"",eukaryota,false,,,,,,,,,,,,,,,,4.824147199892674,42,2,41,58.7543,91.8333,10^-17.8463,,,,,[1923959],0
1923959,1,1923958,Trinorchestia longiramus,"",eukaryota,false,,,,,,,,,,,,,,,,4.824147199892674,42,2,41,58.7543,91.8333,10^-17.8463,,,,,,0
1920453,2,1920453,Orbicella,"",eukaryota,false,,,,,,,,,,,,,,,,0.22972129523298448,2,,,90.0,25.0,10^-5.35348,,,,,[48498],0
48498,1,1920453,Orbicella faveolata,"",eukaryota,false,,,,,,,,,,,,,,,,0.22972129523298448,2,,,90.0,25.0,10^-5.35348,,,,,,0
1912216,2,1912216,Cutibacterium,"",bacteria,false,,,,0.9188851809319379,8,,,99.8355,76.0,10^-39.1774,,,,,,1.1486064761649224,10,,,94.58,24.1,10^-6.41511,,,,,[1747],0
1747,1,1912216,Cutibacterium acnes,"",bacteria,false,,,,0.9188851809319379,8,,,99.8355,76.0,10^-39.1774,,,,,,1.1486064761649224,10,,,94.58,24.1,10^-6.41511,,,,,,0
1870766,2,1870766,Dryobota,"",eukaryota,false,,,,0.11486064761649224,1,,,76.271,59.0,10^-8.58056,,,,,,,,,,,,,,,,,[2964684],0
2964684,1,1870766,Dryobota labecula,"",eukaryota,false,,,,0.11486064761649224,1,,,76.271,59.0,10^-8.58056,,,,,,,,,,,,,,,,,,0
1870727,2,1870727,Subacronicta,"",eukaryota,false,,,,0.34458194284947674,3,,,89.5487,57.3333,10^-18.9005,,,,,,,,,,,,,,,,,[1870728],0
1870728,1,1870727,Subacronicta megacephala,"",eukaryota,false,,,,0.34458194284947674,3,,,89.5487,57.3333,10^-18.9005,,,,,,,,,,,,,,,,,,0
1870627,2,1870627,Eremobia,"",eukaryota,false,,,,0.11486064761649224,1,,,88.095,42.0,10^-9.41435,,,,,,,,,,,,,,,,,[1870628],0
1870628,1,1870627,Eremobia ochroleuca,"",eukaryota,false,,,,0.11486064761649224,1,,,88.095,42.0,10^-9.41435,,,,,,,,,,,,,,,,,,0
1866960,2,1866960,Amphiamblys,"",eukaryota,false,,,,0.22972129523298448,2,,,93.0735,48.5,10^-15.8746,,,,,,,,,,,,,,,,,[1866961],0
1866961,1,1866960,Amphiamblys sp. WSBS2006,"",eukaryota,false,,,,0.22972129523298448,2,,,93.0735,48.5,10^-15.8746,,,,,,,,,,,,,,,,,,0
1866885,2,1866885,Mycolicibacterium,"",bacteria,false,,,,1.6080490666308913,14,,,98.3965,74.7143,10^-36.8078,,,,,,,,,,,,,,,,,"[1552759, 758802, 370526, 134601, 110539, 1792, 1791, 1772, 1766]",2
1552759,1,1866885,Mycolicibacterium grossiae,"",bacteria,false,,,,0.11486064761649224,1,,,98.684,76.0,10^-37.9766,,,,,,,,,,,,,,,,,,0
758802,1,1866885,Mycolicibacterium litorale,"",bacteria,false,,,,0.11486064761649224,1,,,100.0,72.0,10^-36.6277,,,,,,,,,,,,,,,,,,0
370526,1,1866885,Mycolicibacterium rutilum,"",bacteria,false,,,,0.11486064761649224,1,,,98.684,76.0,10^-37.9766,,,,,,,,,,,,,,,,,,0
134601,1,1866885,Mycolicibacterium goodii,"",bacteria,false,,,,0.11486064761649224,1,,,88.312,77.0,10^-27.6781,,,,,,,,,,,,,,,,,,0
110539,1,1866885,Mycolicibacterium vanbaalenii,"",bacteria,false,,,,0.22972129523298448,2,,,100.0,74.0,10^-37.9883,,,,,,,,,,,,,,,,,,0
1792,1,1866885,Mycolicibacterium chitae,"",bacteria,false,,,,0.11486064761649224,1,,,100.0,76.0,10^-39.3489,,,,,,,,,,,,,,,,,,0
1791,1,1866885,Mycolicibacterium aurum,"",bacteria,false,,,,0.22972129523298448,2,,,96.5935,72.5,10^-33.5369,,,,,,,,,,,,,,,,,,0
1772,1,1866885,Mycolicibacterium smegmatis,"",bacteria,false,,,,0.45944259046596897,4,,,100.0,75.0,10^-38.6685,,,,,,,,,,,,,,,,,,1
1766,1,1866885,Mycolicibacterium fortuitum,"",bacteria,false,,,,0.11486064761649224,1,,,98.684,76.0,10^-37.9766,,,,,,,,,,,,,,,,,,1
1858740,2,1858740,Novymonas,"",eukaryota,false,,,,0.34458194284947674,3,,,82.255,79.0,10^-22.1778,,,,,,,,,,,,,,,,,[1808958],0
1808958,1,1858740,Novymonas esmeraldas,"",eukaryota,false,,,,0.34458194284947674,3,,,82.255,79.0,10^-22.1778,,,,,,,,,,,,,,,,,,0
1858093,2,1858093,Dicycla,"",eukaryota,false,,,,0.22972129523298448,2,,,91.2905,40.0,10^-10.1223,,,,,,,,,,,,,,,,,[1858094],0
1858094,1,1858093,Dicycla oo,"",eukaryota,false,,,,0.22972129523298448,2,,,91.2905,40.0,10^-10.1223,,,,,,,,,,,,,,,,,,0
1855416,2,1855416,Qipengyuania,"",bacteria,false,,,,0.22972129523298448,2,,,96.3415,58.5,10^-25.4162,,,,,,,,,,,,,,,,,"[2867238, 192812]",0
2867238,1,1855416,Qipengyuania psychrotolerans,"",bacteria,false,,,,0.11486064761649224,1,,,92.683,41.0,10^-11.4834,,,,,,,,,,,,,,,,,,0
192812,1,1855416,Qipengyuania flava,"",bacteria,false,,,,0.11486064761649224,1,,,100.0,76.0,10^-39.3489,,,,,,,,,,,,,,,,,,0
1838142,2,1838142,Cutaneotrichosporon,"",eukaryota,false,,,,0.11486064761649224,1,,,88.679,53.0,10^-15.489,,,,,,,,,,,,,,,,,[879819],0
879819,1,1838142,Cutaneotrichosporon oleaginosum,"",eukaryota,false,,,,0.11486064761649224,1,,,88.679,53.0,10^-15.489,,,,,,,,,,,,,,,,,,0
1821620,2,1821620,Cyaniris,"",eukaryota,false,,,,0.34458194284947674,3,,,79.5067,61.3333,10^-11.9948,,,,,,,,,,,,,,,,,[988025],0
988025,1,1821620,Cyaniris semiargus,"",eukaryota,false,,,,0.34458194284947674,3,,,79.5067,61.3333,10^-11.9948,,,,,,,,,,,,,,,,,,0
1812772,2,1812772,Pseudomassariella,"",eukaryota,false,,,,0.22972129523298448,2,,,95.0,40.0,10^-12.1803,,,,,,,,,,,,,,,,,[1141098],0
1141098,1,1812772,Pseudomassariella vexata,"",eukaryota,false,,,,0.22972129523298448,2,,,95.0,40.0,10^-12.1803,,,,,,,,,,,,,,,,,,0
1811811,2,1811811,Apiospora,"",eukaryota,false,,,,0.22972129523298448,2,,,98.684,75.5,10^-37.6363,,,,,,,,,,,,,,,,,"[1337664, 335852]",0
1337664,1,1811811,Apiospora hydei,"",eukaryota,false,,,,0.11486064761649224,1,,,100.0,75.0,10^-38.6685,,,,,,,,,,,,,,,,,,0
335852,1,1811811,Apiospora arundinis,"",eukaryota,false,,,,0.11486064761649224,1,,,97.368,76.0,10^-36.6042,,,,,,,,,,,,,,,,,,0
1765197,2,1765197,Luffia,"",eukaryota,false,,,,0.11486064761649224,1,,,91.803,61.0,10^-22.2898,,,,,,,,,,,,,,,,,[1870047],0
1870047,1,1765197,Luffia ferchaultella,"",eukaryota,false,,,,0.11486064761649224,1,,,91.803,61.0,10^-22.2898,,,,,,,,,,,,,,,,,,0
1742993,2,1742993,Pseudarthrobacter,"",bacteria,false,,,,,,,,,,,,,,,,0.22972129523298448,2,,,97.9,24.5,10^-6.52014,,,,,[1676],0
1676,1,1742993,Pseudarthrobacter polychromogenes,"",bacteria,false,,,,,,,,,,,,,,,,0.22972129523298448,2,,,97.9,24.5,10^-6.52014,,,,,,0
1742989,2,1742989,Glutamicibacter,"",bacteria,false,,,,0.11486064761649224,1,,,100.0,75.0,10^-38.6685,,,,,,,,,,,,,,,,,[1933880],0
1933880,1,1742989,Glutamicibacter halophytocola,"",bacteria,false,,,,0.11486064761649224,1,,,100.0,75.0,10^-38.6685,,,,,,,,,,,,,,,,,,0
1742685,2,1742685,Alatidotasia,"",eukaryota,false,,,,,,,,,,,,,,,,0.11486064761649224,1,,,100.0,24.0,10^-5.68825,,,,,[1742684],0
1742684,1,1742685,Alatidotasia sp. 2 MB-2015,"",eukaryota,false,,,,,,,,,,,,,,,,0.11486064761649224,1,,,100.0,24.0,10^-5.68825,,,,,,0
1738634,2,1738634,Foenatopus,"",eukaryota,false,,,,,,,,,,,,,,,,0.11486064761649224,1,,,87.5,24.0,10^-4.72816,,,,,[1738635],0
1738635,1,1738634,Foenatopus ruficollis,"",eukaryota,false,,,,,,,,,,,,,,,,0.11486064761649224,1,,,87.5,24.0,10^-4.72816,,,,,,0
1735270,2,1735270,Gigantopelta,"",eukaryota,false,,,,,,,,,,,,,,,,0.22972129523298448,2,,,91.7,24.0,10^-6.75461,,,,,[1735272],0
1735272,1,1735270,Gigantopelta aegis,"",eukaryota,false,,,,,,,,,,,,,,,,0.22972129523298448,2,,,91.7,24.0,10^-6.75461,,,,,,0
1674531,2,1674531,Periplacis,"",eukaryota,false,,,,0.11486064761649224,1,,,89.796,49.0,10^-14.1507,,,,,,,,,,,,,,,,,[1704346],0
1704346,1,1674531,Periplacis laobotas,"",eukaryota,false,,,,0.11486064761649224,1,,,89.796,49.0,10^-14.1507,,,,,,,,,,,,,,,,,,0
1670957,2,1670957,Myrmecomorba,"",eukaryota,false,,,,0.22972129523298448,2,,,93.151,73.0,10^-30.446,,,,,,,,,,,,,,,,,[1657049],0
1657049,1,1670957,Myrmecomorba nylanderiae,"",eukaryota,false,,,,0.22972129523298448,2,,,93.151,73.0,10^-30.446,,,,,,,,,,,,,,,,,,0
1670755,2,1670755,Fragariocoptes,"",eukaryota,false,,,,,,,,,,,,,,,,0.11486064761649224,1,,,96.0,25.0,10^-5.11407,,,,,[1670756],0
1670756,1,1670755,Fragariocoptes setiger,"",eukaryota,false,,,,,,,,,,,,,,,,0.11486064761649224,1,,,96.0,25.0,10^-5.11407,,,,,,0
1662592,2,1662592,Asbolus,"",eukaryota,false,,,,,,,,,,,,,,,,0.5743032380824612,5,,,88.56,24.2,10^-4.67375,,,,,[1661398],0
1661398,1,1662592,Asbolus verrucosus,"",eukaryota,false,,,,,,,,,,,,,,,,0.5743032380824612,5,,,88.56,24.2,10^-4.67375,,,,,,0
1658287,2,1658287,Palmiascoma,"",eukaryota,false,,,,0.22972129523298448,2,,,100.0,72.5,10^-36.968,,,,,,,,,,,,,,,,,[2853425],0
2853425,1,1658287,Palmiascoma qujingense,"",eukaryota,false,,,,0.22972129523298448,2,,,100.0,72.5,10^-36.968,,,,,,,,,,,,,,,,,,0
1649486,2,1649486,Rhizorhabdus,"",bacteria,false,,,,0.22972129523298448,2,,,98.026,76.0,10^-37.2904,,,,,,,,,,,,,,,,,[160791],0
160791,1,1649486,Rhizorhabdus wittichii,"",bacteria,false,,,,0.22972129523298448,2,,,98.026,76.0,10^-37.2904,,,,,,,,,,,,,,,,,,0
1649475,2,1649475,Paludibaculum,"",bacteria,false,,,,0.22972129523298448,2,,,88.226,63.5,10^-19.8823,,,,,,,,,,,,,,,,,[1473598],0
1473598,1,1649475,Paludibaculum fermentans,"",bacteria,false,,,,0.22972129523298448,2,,,88.226,63.5,10^-19.8823,,,,,,,,,,,,,,,,,,0
1649468,2,1649468,Melaminivora,"",bacteria,false,,,,0.11486064761649224,1,,,83.562,73.0,10^-20.8394,,,,,,,,,,,,,,,,,[2109913],0
2109913,1,1649468,Melaminivora suipulveris,"",bacteria,false,,,,0.11486064761649224,1,,,83.562,73.0,10^-20.8394,,,,,,,,,,,,,,,,,,0
1640959,2,1640959,Thelaira,"",eukaryota,false,,,,0.22972129523298448,2,,,89.5715,61.5,10^-19.897,,,,,,,,,,,,,,,,,[1918187],0
1918187,1,1640959,Thelaira solivaga,"",eukaryota,false,,,,0.22972129523298448,2,,,89.5715,61.5,10^-19.897,,,,,,,,,,,,,,,,,,0
1621534,2,1621534,Paraglaciecola,"",bacteria,false,,,,,,,,,,,,,,,,0.11486064761649224,1,,,95.7,23.0,10^-8.60206,,,,,[197222],0
197222,1,1621534,Paraglaciecola mesophila,"",bacteria,false,,,,,,,,,,,,,,,,0.11486064761649224,1,,,95.7,23.0,10^-8.60206,,,,,,0
1620386,2,1620386,Lotmaria,"",eukaryota,false,,,,12.175228647348177,106,,,96.873,75.4231,10^-35.6839,,,,,,,,,,,,,,,,,[1620387],0
1620387,1,1620386,Lotmaria passim,"",eukaryota,false,,,,12.175228647348177,106,,,96.873,75.4231,10^-35.6839,,,,,,,,,,,,,,,,,,0
1619742,2,1619742,Ocholissa,"",eukaryota,false,,,,,,,,,,,,,,,,0.11486064761649224,1,,,100.0,24.0,10^-7.4698,,,,,[2055471],0
2055471,1,1619742,Ocholissa sp. CSR136,"",eukaryota,false,,,,,,,,,,,,,,,,0.11486064761649224,1,,,100.0,24.0,10^-7.4698,,,,,,0
1619732,2,1619732,Curelius,"",eukaryota,false,,,,,,,,,,,,,,,,0.11486064761649224,1,,,100.0,22.0,10^-3.72125,,,,,[2055375],0
2055375,1,1619732,Curelius sp. INB192,"",eukaryota,false,,,,,,,,,,,,,,,,0.11486064761649224,1,,,100.0,22.0,10^-3.72125,,,,,,0
1611990,2,1611990,Rubroboletus,"",eukaryota,false,,,,0.11486064761649224,1,,,84.615,78.0,10^-24.2416,,,,,,,,,,,,,,,,,[1751885],0
1751885,1,1611990,Rubroboletus pulcherrimus,"",eukaryota,false,,,,0.11486064761649224,1,,,84.615,78.0,10^-24.2416,,,,,,,,,,,,,,,,,,0
1608558,2,1608558,Tanakaius,"",eukaryota,false,,,,0.11486064761649224,1,,,94.667,75.0,10^-31.8067,,,,,,,,,,,,,,,,,[1608559],0
1608559,1,1608558,Tanakaius savoryi,"",eukaryota,false,,,,0.11486064761649224,1,,,94.667,75.0,10^-31.8067,,,,,,,,,,,,,,,,,,0
1605712,2,1605712,Satonius,"",eukaryota,false,,,,,,,,,,,,,,,,0.11486064761649224,1,,,100.0,24.0,10^-4.48812,,,,,[2055717],0
2055717,1,1605712,Satonius schoenmanni,"",eukaryota,false,,,,,,,,,,,,,,,,0.11486064761649224,1,,,100.0,24.0,10^-4.48812,,,,,,0
1594452,2,1594452,Marasmarcha,"",eukaryota,false,,,,0.34458194284947674,3,,,90.0413,57.0,10^-18.6603,,,,,,,,,,,,,,,,,[1594453],0
1594453,1,1594452,Marasmarcha lunaedactyla,"",eukaryota,false,,,,0.34458194284947674,3,,,90.0413,57.0,10^-18.6603,,,,,,,,,,,,,,,,,,0
1593263,2,1593263,Cyclocybe,"",eukaryota,false,,,,,,,,,,,,,,,,0.11486064761649224,1,,,69.6,23.0,10^-4.32422,,,,,[1973307],0
1973307,1,1593263,Cyclocybe aegerita,"",eukaryota,false,,,,,,,,,,,,,,,,0.11486064761649224,1,,,69.6,23.0,10^-4.32422,,,,,,0
1586633,2,1586633,Rhamnusium,"",eukaryota,false,,,,,,,,,,,,,,,,0.9188851809319379,8,,,94.125,24.25,10^-6.09488,,,,,[1586634],0
1586634,1,1586633,Rhamnusium bicolor,"",eukaryota,false,,,,,,,,,,,,,,,,0.9188851809319379,8,,,94.125,24.25,10^-6.09488,,,,,,0
1580669,2,1580669,Anorus,"",eukaryota,false,,,,,,,,,,,,,,,,0.11486064761649224,1,,,95.7,23.0,10^-4.18046,,,,,[1661808],0
1661808,1,1580669,Anorus arizonicus,"",eukaryota,false,,,,,,,,,,,,,,,,0.11486064761649224,1,,,95.7,23.0,10^-4.18046,,,,,,0
1572860,2,1572860,Hartmannibacter,"",bacteria,false,,,,0.11486064761649224,1,,,94.667,75.0,10^-33.179,,,,,,,,,,,,,,,,,[1482074],0
1482074,1,1572860,Hartmannibacter diazotrophicus,"",bacteria,false,,,,0.11486064761649224,1,,,94.667,75.0,10^-33.179,,,,,,,,,,,,,,,,,,0
1569076,2,1569076,Contacyphon,"",eukaryota,false,,,,,,,,,,,,,,,,0.11486064761649224,1,,,100.0,24.0,10^-6.77211,,,,,[1612340],0
1612340,1,1569076,Contacyphon laevipennis,"",eukaryota,false,,,,,,,,,,,,,,,,0.11486064761649224,1,,,100.0,24.0,10^-6.77211,,,,,,0
1562158,2,1562158,Neopestalotiopsis,"",eukaryota,false,,,,0.11486064761649224,1,,,94.737,76.0,10^-33.8595,,,,,,,,,,,,,,,,,[1562163],0
1562163,1,1562158,Neopestalotiopsis cubana,"",eukaryota,false,,,,0.11486064761649224,1,,,94.737,76.0,10^-33.8595,,,,,,,,,,,,,,,,,,0
1522432,2,1522432,Pseudoduganella,"",bacteria,false,,,,0.34458194284947674,3,,,97.339,75.3333,10^-36.1506,,,,,,,,,,,,,,,,,"[871742, 864828, 321983]",0
871742,1,1522432,Pseudoduganella flava,"",bacteria,false,,,,0.11486064761649224,1,,,98.684,76.0,10^-37.9766,,,,,,,,,,,,,,,,,,0
864828,1,1522432,Pseudoduganella umbonata,"",bacteria,false,,,,0.11486064761649224,1,,,93.333,75.0,10^-31.8067,,,,,,,,,,,,,,,,,,0
321983,1,1522432,Pseudoduganella albidiflava,"",bacteria,false,,,,0.11486064761649224,1,,,100.0,75.0,10^-38.6685,,,,,,,,,,,,,,,,,,0
1521255,2,1521255,Paracaedibacter,"",bacteria,false,,,,,,,,,,,,,,,,0.11486064761649224,1,,,80.0,25.0,10^-3.9914,,,,,[244582],0
244582,1,1521255,Candidatus Paracaedibacter symbiosus,"",bacteria,false,,,,,,,,,,,,,,,,0.11486064761649224,1,,,80.0,25.0,10^-3.9914,,,,,,0
1489015,2,1489015,Globia,"",eukaryota,false,,,,0.11486064761649224,1,,,89.189,37.0,10^-7.41084,,,,,,,,,,,,,,,,,[1660644],0
1660644,1,1489015,Globia sparganii,"",eukaryota,false,,,,0.11486064761649224,1,,,89.189,37.0,10^-7.41084,,,,,,,,,,,,,,,,,,0
1457096,2,1457096,Leptodirus,"",eukaryota,false,,,,0.22972129523298448,2,,,97.9165,54.5,10^-22.7054,,,,,,,,,,,,,,,,,[2996356],0
2996356,1,1457096,Leptodirus hochenwartii,"",eukaryota,false,,,,0.22972129523298448,2,,,97.9165,54.5,10^-22.7054,,,,,,,,,,,,,,,,,,0
1454502,2,1454502,Nothopoda,"",eukaryota,false,,,,0.11486064761649224,1,,,100.0,76.0,10^-39.3489,,,,,,,,,,,,,,,,,[2837917],0
2837917,1,1454502,Nothopoda sp. FJ16,"",eukaryota,false,,,,0.11486064761649224,1,,,100.0,76.0,10^-39.3489,,,,,,,,,,,,,,,,,,0
1434708,2,1434708,Hydatigera,"",eukaryota,false,,,,,,,,,,,,,,,,0.11486064761649224,1,,,100.0,25.0,10^-5.66756,,,,,[6205],0
6205,1,1434708,Hydatigera taeniaeformis,"",eukaryota,false,,,,,,,,,,,,,,,,0.11486064761649224,1,,,100.0,25.0,10^-5.66756,,,,,,0
1434011,2,1434011,Komagataeibacter,"",bacteria,false,,,,0.5743032380824612,5,,,100.0,75.6,10^-39.0768,,,,,,114.97550826410874,1001,1,994,80.5528,132.217,10^-65.5546,,,,,"[265960, 66229, 65958, 28448]",0
265960,1,1434011,Komagataeibacter nataicola,"",bacteria,false,,,,,,,,,,,,,,,,0.11486064761649224,1,,,100.0,18.0,10^-4.06399,,,,,,0
66229,1,1434011,Komagataeibacter intermedius,"",bacteria,false,,,,,,,,,,,,,,,,0.22972129523298448,2,,,98.0,25.0,10^-6.60731,,,,,,0
65958,1,1434011,Komagataeibacter oboediens,"",bacteria,false,,,,0.11486064761649224,1,,,100.0,74.0,10^-37.9881,,,,,,0.22972129523298448,2,,,100.0,25.0,10^-10.5751,,,,,,0
28448,1,1434011,Komagataeibacter xylinus,"",bacteria,false,,,,0.45944259046596897,4,,,100.0,76.0,10^-39.3489,,,,,,114.40120502602628,996,1,994,80.4572,132.774,10^-65.8511,,,,,,0
1431902,2,1431902,Brassicogethes,"",eukaryota,false,,,,0.6891638856989535,6,,,92.0212,51.8333,10^-16.9937,,,,,,0.45944259046596897,4,,,94.0,24.5,10^-5.09127,,,,,[1431903],0
1431903,1,1431902,Brassicogethes aeneus,"",eukaryota,false,,,,0.6891638856989535,6,,,92.0212,51.8333,10^-16.9937,,,,,,0.45944259046596897,4,,,94.0,24.5,10^-5.09127,,,,,,0
1430964,2,1430964,Xylocampa,"",eukaryota,false,,,,0.11486064761649224,1,,,88.889,36.0,10^-6.73655,,,,,,,,,,,,,,,,,[1870430],0
1870430,1,1430964,Xylocampa areola,"",eukaryota,false,,,,0.11486064761649224,1,,,88.889,36.0,10^-6.73655,,,,,,,,,,,,,,,,,,0
1410218,2,1410218,Dicranolaius,"",eukaryota,false,,,,,,,,,,,,,,,,0.11486064761649224,1,,,100.0,23.0,10^-6.05651,,,,,[2055704],0
2055704,1,1410218,Dicranolaius bellulus,"",eukaryota,false,,,,,,,,,,,,,,,,0.11486064761649224,1,,,100.0,23.0,10^-6.05651,,,,,,0
1401316,2,1401316,Emus,"",eukaryota,false,,,,,,,,,,,,,,,,0.11486064761649224,1,,,100.0,24.0,10^-6.94692,,,,,[1401317],0
1401317,1,1401316,Emus hirtus,"",eukaryota,false,,,,,,,,,,,,,,,,0.11486064761649224,1,,,100.0,24.0,10^-6.94692,,,,,,0
1366421,2,1366421,Tettigettalna,"",eukaryota,false,,,,,,,,,,,,,,,,0.11486064761649224,1,,,100.0,25.0,10^-6.44009,,,,,[1366428],0
1366428,1,1366421,Tettigettalna argentata,"",eukaryota,false,,,,,,,,,,,,,,,,0.11486064761649224,1,,,100.0,25.0,10^-6.44009,,,,,,0
1323399,2,1323399,Molorchus,"",eukaryota,false,,,,,,,,,,,,,,,,0.45944259046596897,4,,,88.7,23.75,10^-3.7639,,,,,[1323400],0
1323400,1,1323399,Molorchus minor,"",eukaryota,false,,,,,,,,,,,,,,,,0.45944259046596897,4,,,88.7,23.75,10^-3.7639,,,,,,0
1322061,2,1322061,Rhizoctonia,"",eukaryota,false,,,,0.34458194284947674,3,,,99.0927,74.3333,10^-37.3001,,,,,,0.11486064761649224,1,,,91.7,24.0,10^-4.30539,,,,,[456999],0
456999,1,1322061,Rhizoctonia solani,"",eukaryota,false,,,,0.34458194284947674,3,,,99.0927,74.3333,10^-37.3001,,,,,,0.11486064761649224,1,,,91.7,24.0,10^-4.30539,,,,,,0
1288022,2,1288022,Handroanthus,"",eukaryota,false,,,,,,,,,,,,,,,,0.11486064761649224,1,,,100.0,25.0,10^-6.64589,,,,,[429701],0
429701,1,1288022,Handroanthus impetiginosus,"",eukaryota,false,,,,,,,,,,,,,,,,0.11486064761649224,1,,,100.0,25.0,10^-6.64589,,,,,,0
1280450,2,1280450,Aproaerema,"",eukaryota,false,,,,0.34458194284947674,3,,,86.3553,52.0,10^-12.5341,,,,,,,,,,,,,,,,,[2566309],0
2566309,1,1280450,Aproaerema taeniolella,"",eukaryota,false,,,,0.34458194284947674,3,,,86.3553,52.0,10^-12.5341,,,,,,,,,,,,,,,,,,0
1272010,2,1272010,Hoshihananomia,"",eukaryota,false,,,,,,,,,,,,,,,,0.11486064761649224,1,,,100.0,24.0,10^-5.96658,,,,,[2055426],0
2055426,1,1272010,Hoshihananomia sp. INB034,"",eukaryota,false,,,,,,,,,,,,,,,,0.11486064761649224,1,,,100.0,24.0,10^-5.96658,,,,,,0
1271741,2,1271741,Glyphotaelius,"",eukaryota,false,,,,0.34458194284947674,3,,,87.1507,64.6667,10^-20.2106,,,,,,,,,,,,,,,,,[1271742],0
1271742,1,1271741,Glyphotaelius pellucidus,"",eukaryota,false,,,,0.34458194284947674,3,,,87.1507,64.6667,10^-20.2106,,,,,,,,,,,,,,,,,,0
1271697,2,1271697,Stenomorpha,"",eukaryota,false,,,,0.11486064761649224,1,,,91.667,36.0,10^-8.10892,,,,,,,,,,,,,,,,,[2841702],0
2841702,1,1271697,Stenomorpha consobrina,"",eukaryota,false,,,,0.11486064761649224,1,,,91.667,36.0,10^-8.10892,,,,,,,,,,,,,,,,,,0
1262302,2,1262302,Heteromyza,"",eukaryota,false,,,,1.2634671237814146,11,,,90.3345,60.2727,10^-20.1941,,,,,,,,,,,,,,,,,[2867252],0
2867252,1,1262302,Heteromyza rotundicornis,"",eukaryota,false,,,,1.2634671237814146,11,,,90.3345,60.2727,10^-20.1941,,,,,,,,,,,,,,,,,,0
1261042,2,1261042,Exocentrus,"",eukaryota,false,,,,,,,,,,,,,,,,0.34458194284947674,3,,,95.0,23.3333,10^-5.99945,,,,,[1586481],0
1586481,1,1261042,Exocentrus adspersus,"",eukaryota,false,,,,,,,,,,,,,,,,0.34458194284947674,3,,,95.0,23.3333,10^-5.99945,,,,,,0
1260852,2,1260852,Pseudolycoriella,"",eukaryota,false,,,,,,,,,,,,,,,,1.952631009480368,17,,,92.6375,24.1875,10^-5.21635,,,,,[35572],0
35572,1,1260852,Pseudolycoriella hygida,"",eukaryota,false,,,,,,,,,,,,,,,,1.952631009480368,17,,,92.6375,24.1875,10^-5.21635,,,,,,0
1250642,2,1250642,Rhogogaster,"",eukaryota,false,,,,0.34458194284947674,3,,,87.9727,59.3333,10^-17.966,,,,,,,,,,,,,,,,,[1385029],0
1385029,1,1250642,Rhogogaster chlorosoma,"",eukaryota,false,,,,0.34458194284947674,3,,,87.9727,59.3333,10^-17.966,,,,,,,,,,,,,,,,,,0
1243176,2,1243176,Amoeboaphelidium,"",eukaryota,false,,,,,,,,,,,,,,,,0.11486064761649224,1,,,100.0,25.0,10^-6.94692,,,,,[1498855],0
1498855,1,1243176,Amoeboaphelidium occidentale,"",eukaryota,false,,,,,,,,,,,,,,,,0.11486064761649224,1,,,100.0,25.0,10^-6.94692,,,,,,0
1240988,2,1240988,Rumenfilaria,"",eukaryota,false,,,,0.6891638856989535,6,,,100.0,75.5,10^-39.0087,,,,,,,,,,,,,,,,,[1240989],0
1240989,1,1240988,Rumenfilaria andersoni,"",eukaryota,false,,,,0.6891638856989535,6,,,100.0,75.5,10^-39.0087,,,,,,,,,,,,,,,,,,0
1234598,2,1234598,Paraleptosphaeria,"",eukaryota,false,,,,0.11486064761649224,1,,,100.0,74.0,10^-37.9881,,,,,,,,,,,,,,,,,[372054],0
372054,1,1234598,Paraleptosphaeria macrospora,"",eukaryota,false,,,,0.11486064761649224,1,,,100.0,74.0,10^-37.9881,,,,,,,,,,,,,,,,,,0
1234310,2,1234310,Nigrograna,"",eukaryota,false,,,,0.22972129523298448,2,,,99.342,76.0,10^-38.6628,,,,,,,,,,,,,,,,,[1982441],0
1982441,1,1234310,Nigrograna thymi,"",eukaryota,false,,,,0.22972129523298448,2,,,99.342,76.0,10^-38.6628,,,,,,,,,,,,,,,,,,0
1234260,2,1234260,Didymodactylos,"",eukaryota,false,,,,,,,,,,,,,,,,0.11486064761649224,1,,,79.2,24.0,10^-3.84164,,,,,[1234261],0
1234261,1,1234260,Didymodactylos carnosus,"",eukaryota,false,,,,,,,,,,,,,,,,0.11486064761649224,1,,,79.2,24.0,10^-3.84164,,,,,,0
1223423,2,1223423,Neokomagataea,"",bacteria,false,,,,0.11486064761649224,1,,,98.684,76.0,10^-37.9766,,,,,,0.22972129523298448,2,,,100.0,24.0,10^-8.09169,,,,,[661191],0
661191,1,1223423,Neokomagataea tanensis,"",bacteria,false,,,,0.11486064761649224,1,,,98.684,76.0,10^-37.9766,,,,,,0.22972129523298448,2,,,100.0,24.0,10^-8.09169,,,,,,0
1220375,2,1220375,Cosmoderes,"",eukaryota,false,,,,,,,,,,,,,,,,0.11486064761649224,1,,,100.0,24.0,10^-8.30452,,,,,[2174872],0
2174872,1,1220375,Cosmoderes sp. 1 DP-2018,"",eukaryota,false,,,,,,,,,,,,,,,,0.11486064761649224,1,,,100.0,24.0,10^-8.30452,,,,,,0
1220361,2,1220361,Serrastus,"",eukaryota,false,,,,,,,,,,,,,,,,0.11486064761649224,1,,,100.0,25.0,10^-8.15181,,,,,[1220362],0
1220362,1,1220361,Serrastus similis,"",eukaryota,false,,,,,,,,,,,,,,,,0.11486064761649224,1,,,100.0,25.0,10^-8.15181,,,,,,0
1220352,2,1220352,Phloeosinopsioides,"",eukaryota,false,,,,,,,,,,,,,,,,0.11486064761649224,1,,,100.0,24.0,10^-6.86646,,,,,[1220353],0
1220353,1,1220352,Phloeosinopsioides formosanus,"",eukaryota,false,,,,,,,,,,,,,,,,0.11486064761649224,1,,,100.0,24.0,10^-6.86646,,,,,,0
1219203,2,1219203,Sicus,"",eukaryota,false,,,,1.378327771397907,12,,,93.7763,46.25,10^-15.0407,,,,,,,,,,,,,,,,,[1219204],0
1219204,1,1219203,Sicus ferrugineus,"",eukaryota,false,,,,1.378327771397907,12,,,93.7763,46.25,10^-15.0407,,,,,,,,,,,,,,,,,,0
1217823,2,1217823,Xylona,"",eukaryota,false,,,,0.11486064761649224,1,,,93.617,47.0,10^-15.5412,,,,,,,,,,,,,,,,,[1217826],0
1217826,1,1217823,Xylona heveae,"",eukaryota,false,,,,0.11486064761649224,1,,,93.617,47.0,10^-15.5412,,,,,,,,,,,,,,,,,,0
1206353,2,1206353,Lizonia,"",eukaryota,false,,,,,,,,,,,,,,,,0.6891638856989535,6,,,97.0667,23.3333,10^-6.77647,,,,,[1496277],0
1496277,1,1206353,Lizonia empirigonia,"",eukaryota,false,,,,,,,,,,,,,,,,0.6891638856989535,6,,,97.0667,23.3333,10^-6.77647,,,,,,0
1193503,2,1193503,Gilliamella,"",bacteria,false,,,,0.11486064761649224,1,,,93.421,76.0,10^-32.4871,,,,,,,,,,,,,,,,,[2817969],0
2817969,1,1193503,Gilliamella sp. B3022,"",bacteria,false,,,,0.11486064761649224,1,,,93.421,76.0,10^-32.4871,,,,,,,,,,,,,,,,,,0
1191652,2,1191652,Xystrocera,"",eukaryota,false,,,,,,,,,,,,,,,,0.11486064761649224,1,,,95.8,24.0,10^-5.19179,,,,,[1191653],0
1191653,1,1191652,Xystrocera globosa,"",eukaryota,false,,,,,,,,,,,,,,,,0.11486064761649224,1,,,95.8,24.0,10^-5.19179,,,,,,0
1184437,2,1184437,Belisana,"",eukaryota,false,,,,0.11486064761649224,1,,,92.105,38.0,10^-9.45781,,,,,,,,,,,,,,,,,[2068855],0
2068855,1,1184437,Belisana keyti,"",eukaryota,false,,,,0.11486064761649224,1,,,92.105,38.0,10^-9.45781,,,,,,,,,,,,,,,,,,0
1176129,2,1176129,Aulographum,"",eukaryota,false,,,,,,,,,,,,,,,,0.45944259046596897,4,,,95.6,24.25,10^-7.39722,,,,,[1176130],0
1176130,1,1176129,Aulographum hederae,"",eukaryota,false,,,,,,,,,,,,,,,,0.45944259046596897,4,,,95.6,24.25,10^-7.39722,,,,,,0
1159320,2,1159320,Belonocnema,"",eukaryota,false,,,,0.22972129523298448,2,,,86.278,66.0,10^-20.2021,,,,,,,,,,,,,,,,,[2817044],0
2817044,1,1159320,Belonocnema kinseyi,"",eukaryota,false,,,,0.22972129523298448,2,,,86.278,66.0,10^-20.2021,,,,,,,,,,,,,,,,,,0
1147740,2,1147740,Elaeophora,"",eukaryota,false,,,,0.22972129523298448,2,,,100.0,76.0,10^-39.3489,,,,,,,,,,,,,,,,,[1769799],0
1769799,1,1147740,Elaeophora schneideri,"",eukaryota,false,,,,0.22972129523298448,2,,,100.0,76.0,10^-39.3489,,,,,,,,,,,,,,,,,,0
1129544,2,1129544,Rhizophagus,"",eukaryota,false,,,,0.5743032380824612,5,,,89.0204,54.2,10^-16.3169,,,,,,0.11486064761649224,1,,,70.8,24.0,10^-3.90658,,,,,[588596],0
588596,1,1129544,Rhizophagus irregularis,"",eukaryota,false,,,,0.5743032380824612,5,,,89.0204,54.2,10^-16.3169,,,,,,0.11486064761649224,1,,,70.8,24.0,10^-3.90658,,,,,,0
1126249,2,1126249,Geranomyces,"",eukaryota,false,,,,,,,,,,,,,,,,0.22972129523298448,2,,,97.9,24.0,10^-6.30312,,,,,[109894],0
109894,1,1126249,Geranomyces variabilis,"",eukaryota,false,,,,,,,,,,,,,,,,0.22972129523298448,2,,,97.9,24.0,10^-6.30312,,,,,,0
1118638,2,1118638,Chalcis,"",eukaryota,false,,,,0.11486064761649224,1,,,93.182,44.0,10^-13.5113,,,,,,,,,,,,,,,,,[1118640],0
1118640,1,1118638,Chalcis sispes,"",eukaryota,false,,,,0.11486064761649224,1,,,93.182,44.0,10^-13.5113,,,,,,,,,,,,,,,,,,0
1117308,2,1117308,Funneliformis,"",eukaryota,false,,,,,,,,,,,,,,,,0.11486064761649224,1,,,79.2,24.0,10^-6.36452,,,,,[1117311],0
1117311,1,1117308,Funneliformis geosporum,"",eukaryota,false,,,,,,,,,,,,,,,,0.11486064761649224,1,,,79.2,24.0,10^-6.36452,,,,,,0
1107781,2,1107781,Gegenes,"",eukaryota,false,,,,,,,,,,,,,,,,0.11486064761649224,1,,,100.0,25.0,10^-5.19723,,,,,[2025664],0
2025664,1,1107781,Gegenes niso,"",eukaryota,false,,,,,,,,,,,,,,,,0.11486064761649224,1,,,100.0,25.0,10^-5.19723,,,,,,0
1101165,2,1101165,Elegia,"",eukaryota,false,,,,0.11486064761649224,1,,,89.062,64.0,10^-21.5828,,,,,,,,,,,,,,,,,[1101167],0
1101167,1,1101165,Elegia similella,"",eukaryota,false,,,,0.11486064761649224,1,,,89.062,64.0,10^-21.5828,,,,,,,,,,,,,,,,,,0
1101109,2,1101109,Hypsopygia,"",eukaryota,false,,,,0.11486064761649224,1,,,75.472,53.0,10^-5.88239,,,,,,,,,,,,,,,,,[1101110],0
1101110,1,1101109,Hypsopygia costalis,"",eukaryota,false,,,,0.11486064761649224,1,,,75.472,53.0,10^-5.88239,,,,,,,,,,,,,,,,,,0
1101105,2,1101105,Griposia,"",eukaryota,false,,,,0.11486064761649224,1,,,86.486,37.0,10^-6.03847,,,,,,,,,,,,,,,,,[1101106],0
1101106,1,1101105,Griposia aprilina,"",eukaryota,false,,,,0.11486064761649224,1,,,86.486,37.0,10^-6.03847,,,,,,,,,,,,,,,,,,0
1101103,2,1101103,Euzophera,"",eukaryota,false,,,,0.11486064761649224,1,,,85.714,49.0,10^-11.406,,,,,,,,,,,,,,,,,[1366396],0
1366396,1,1101103,Euzophera pinguis,"",eukaryota,false,,,,0.11486064761649224,1,,,85.714,49.0,10^-11.406,,,,,,,,,,,,,,,,,,0
1101079,2,1101079,Anarsia,"",eukaryota,false,,,,0.11486064761649224,1,,,90.789,76.0,10^-29.7423,,,,,,,,,,,,,,,,,[2566270],0
2566270,1,1101079,Anarsia innoxiella,"",eukaryota,false,,,,0.11486064761649224,1,,,90.789,76.0,10^-29.7423,,,,,,,,,,,,,,,,,,0
1101077,2,1101077,Teleiodes,"",eukaryota,false,,,,0.11486064761649224,1,,,85.135,74.0,10^-22.8921,,,,,,,,,,,,,,,,,[1101163],0
1101163,1,1101077,Teleiodes luculella,"",eukaryota,false,,,,0.11486064761649224,1,,,85.135,74.0,10^-22.8921,,,,,,,,,,,,,,,,,,0
1072002,2,1072002,Koreamya,"",eukaryota,false,,,,0.11486064761649224,1,,,94.118,51.0,10^-18.2504,,,,,,,,,,,,,,,,,[1456981],0
1456981,1,1072002,Koreamya setouchiensis,"",eukaryota,false,,,,0.11486064761649224,1,,,94.118,51.0,10^-18.2504,,,,,,,,,,,,,,,,,,0
1050724,2,1050724,Funbolia,"",eukaryota,false,,,,0.11486064761649224,1,,,98.684,76.0,10^-37.9766,,,,,,,,,,,,,,,,,[1050725],0
1050725,1,1050724,Funbolia dimorpha,"",eukaryota,false,,,,0.11486064761649224,1,,,98.684,76.0,10^-37.9766,,,,,,,,,,,,,,,,,,0
1047167,2,1047167,Zymoseptoria,"",eukaryota,false,,,,0.22972129523298448,2,,,98.0265,75.5,10^-36.9502,,,,,,0.45944259046596897,4,,,95.0,25.0,10^-6.63546,,,,,[1047171],0
1047171,1,1047167,Zymoseptoria tritici,"",eukaryota,false,,,,0.22972129523298448,2,,,98.0265,75.5,10^-36.9502,,,,,,0.45944259046596897,4,,,95.0,25.0,10^-6.63546,,,,,,0
1046314,2,1046314,Bimastos,"",eukaryota,false,,,,0.11486064761649224,1,,,90.909,55.0,10^-18.2176,,,,,,,,,,,,,,,,,[320977],0
320977,1,1046314,Bimastos eiseni,"",eukaryota,false,,,,0.11486064761649224,1,,,90.909,55.0,10^-18.2176,,,,,,,,,,,,,,,,,,0
1032507,2,1032507,Ectomyelois,"",eukaryota,false,,,,,,,,,,,,,,,,0.11486064761649224,1,,,100.0,25.0,10^-5.37572,,,,,[1032508],0
1032508,1,1032507,Ectomyelois ceratoniae,"",eukaryota,false,,,,,,,,,,,,,,,,0.11486064761649224,1,,,100.0,25.0,10^-5.37572,,,,,,0
1007453,2,1007453,Timandromorpha,"",eukaryota,false,,,,,,,,,,,,,,,,0.11486064761649224,1,,,96.0,25.0,10^-7.64016,,,,,[1007454],0
1007454,1,1007453,Timandromorpha discolor,"",eukaryota,false,,,,,,,,,,,,,,,,0.11486064761649224,1,,,96.0,25.0,10^-7.64016,,,,,,0
1004303,2,1004303,Ferruginibacter,"",bacteria,false,,,,0.11486064761649224,1,,,90.909,77.0,10^-30.4228,,,,,,,,,,,,,,,,,[2875540],0
2875540,1,1004303,Ferruginibacter albus,"",bacteria,false,,,,0.11486064761649224,1,,,90.909,77.0,10^-30.4228,,,,,,,,,,,,,,,,,,0
1003337,2,1003337,Angomonas,"",eukaryota,false,,,,1246.1231659913244,10849,1,10484,89.9446,1786.51,10^-301.957,,,,,,0.45944259046596897,4,,,91.675,24.0,10^-4.76581,,,,,[59799],0
59799,1,1003337,Angomonas deanei,"",eukaryota,false,,,,1246.1231659913244,10849,1,10484,89.9446,1786.51,10^-301.957,,,,,,0.45944259046596897,4,,,91.675,24.0,10^-4.76581,,,,,,0
1003010,2,1003010,Strigomonas,"",eukaryota,false,,,,692.1502625369823,6026,3,5875,95.9126,1421.11,10^-298.906,,,,,,6.776778209373043,59,,,97.9864,24.3559,10^-5.79787,,,,,"[1003336, 28005, 5657]",0
1003336,1,1003010,Strigomonas galati,"",eukaryota,false,,,,0.11486064761649224,1,,,100.0,46.0,10^-18.9814,,,,,,,,,,,,,,,,,,0
28005,1,1003010,Strigomonas culicis,"",eukaryota,false,,,,689.5084676418029,6003,2,5854,95.9002,1426.39,10^-299.745,,,,,,6.776778209373043,59,,,97.9864,24.3559,10^-5.79787,,,,,,0
5657,1,1003010,Strigomonas oncopelti,"",eukaryota,false,,,,2.526934247562829,22,1,21,98.6616,234.545,10^-113.154,,,,,,,,,,,,,,,,,,0
989881,2,989881,Apomyelois,"",eukaryota,false,,,,0.11486064761649224,1,,,94.872,39.0,10^-11.5051,,,,,,,,,,,,,,,,,[1666458],0
1666458,1,989881,Apomyelois bistriatella,"",eukaryota,false,,,,0.11486064761649224,1,,,94.872,39.0,10^-11.5051,,,,,,,,,,,,,,,,,,0
988175,2,988175,Drymonia,"",eukaryota,false,,,,0.34458194284947674,3,,,93.3943,40.3333,10^-11.4905,,,,,,,,,,,,,,,,,[988178],0
988178,1,988175,Drymonia ruficornis,"",eukaryota,false,,,,0.34458194284947674,3,,,93.3943,40.3333,10^-11.4905,,,,,,,,,,,,,,,,,,0
988161,2,988161,Tiliacea,"",eukaryota,false,,,,0.22972129523298448,2,,,87.6895,57.5,10^-15.8153,,,,,,,,,,,,,,,,,[988162],0
988162,1,988161,Tiliacea aurago,"",eukaryota,false,,,,0.22972129523298448,2,,,87.6895,57.5,10^-15.8153,,,,,,,,,,,,,,,,,,0
988153,2,988153,Polyploca,"",eukaryota,false,,,,0.22972129523298448,2,,,92.6765,45.5,10^-13.8495,,,,,,,,,,,,,,,,,[988154],0
988154,1,988153,Polyploca ridens,"",eukaryota,false,,,,0.22972129523298448,2,,,92.6765,45.5,10^-13.8495,,,,,,,,,,,,,,,,,,0
988151,2,988151,Polymixis,"",eukaryota,false,,,,0.11486064761649224,1,,,89.362,47.0,10^-12.7964,,,,,,,,,,,,,,,,,[1870251],0
1870251,1,988151,Polymixis flavicincta,"",eukaryota,false,,,,0.11486064761649224,1,,,89.362,47.0,10^-12.7964,,,,,,,,,,,,,,,,,,0
988080,2,988080,Brachylomia,"",eukaryota,false,,,,0.11486064761649224,1,,,87.179,39.0,10^-7.38798,,,,,,,,,,,,,,,,,[988081],0
988081,1,988080,Brachylomia viminalis,"",eukaryota,false,,,,0.11486064761649224,1,,,87.179,39.0,10^-7.38798,,,,,,,,,,,,,,,,,,0
988070,2,988070,Atethmia,"",eukaryota,false,,,,0.22972129523298448,2,,,86.111,36.0,10^-5.36418,,,,,,,,,,,,,,,,,[988071],0
988071,1,988070,Atethmia centrago,"",eukaryota,false,,,,0.22972129523298448,2,,,86.111,36.0,10^-5.36418,,,,,,,,,,,,,,,,,,0
988063,2,988063,Aporophyla,"",eukaryota,false,,,,0.11486064761649224,1,,,92.0,75.0,10^-30.4343,,,,,,,,,,,,,,,,,[988065],0
988065,1,988063,Aporophyla nigra,"",eukaryota,false,,,,0.11486064761649224,1,,,92.0,75.0,10^-30.4343,,,,,,,,,,,,,,,,,,0
988055,2,988055,Allophyes,"",eukaryota,false,,,,0.45944259046596897,4,,,89.521,52.75,10^-15.6663,,,,,,,,,,,,,,,,,[988056],0
988056,1,988055,Allophyes oxyacanthae,"",eukaryota,false,,,,0.45944259046596897,4,,,89.521,52.75,10^-15.6663,,,,,,,,,,,,,,,,,,0
987474,2,987474,Charanyca,"",eukaryota,false,,,,0.11486064761649224,1,,,97.619,42.0,10^-14.9038,,,,,,,,,,,,,,,,,[987475],0
987475,1,987474,Charanyca ferruginea,"",eukaryota,false,,,,0.11486064761649224,1,,,97.619,42.0,10^-14.9038,,,,,,,,,,,,,,,,,,0
987457,2,987457,Fissipunctia,"",eukaryota,false,,,,34.802776227797146,303,1,301,93.8589,97.7063,10^-31.0969,,,,,,,,,,,,,,,,,[987458],0
987458,1,987457,Fissipunctia ypsillon,"",eukaryota,false,,,,34.802776227797146,303,1,301,93.8589,97.7063,10^-31.0969,,,,,,,,,,,,,,,,,,0
987450,2,987450,Thalpophila,"",eukaryota,false,,,,0.22972129523298448,2,,,92.739,48.0,10^-15.5324,,,,,,,,,,,,,,,,,[987451],0
987451,1,987450,Thalpophila matura,"",eukaryota,false,,,,0.22972129523298448,2,,,92.739,48.0,10^-15.5324,,,,,,,,,,,,,,,,,,0
983142,2,983142,Pristoderus,"",eukaryota,false,,,,,,,,,,,,,,,,0.11486064761649224,1,,,100.0,24.0,10^-5.65561,,,,,[983143],0
983143,1,983142,Pristoderus bakewellii,"",eukaryota,false,,,,,,,,,,,,,,,,0.11486064761649224,1,,,100.0,24.0,10^-5.65561,,,,,,0
979650,2,979650,Haplosporangium,"",eukaryota,false,,,,,,,,,,,,,,,,0.11486064761649224,1,,,100.0,25.0,10^-8.75696,,,,,[1897647],0
1897647,1,979650,Haplosporangium sp. Z 767,"",eukaryota,false,,,,,,,,,,,,,,,,0.11486064761649224,1,,,100.0,25.0,10^-8.75696,,,,,,0
946290,2,946290,Tholera,"",eukaryota,false,,,,0.11486064761649224,1,,,88.889,45.0,10^-11.4429,,,,,,,,,,,,,,,,,[988041],0
988041,1,946290,Tholera decimalis,"",eukaryota,false,,,,0.11486064761649224,1,,,88.889,45.0,10^-11.4429,,,,,,,,,,,,,,,,,,0
941096,2,941096,Trilocha,"",eukaryota,false,,,,0.22972129523298448,2,,,90.0745,38.5,10^-8.42378,,,,,,,,,,,,,,,,,[941097],0
941097,1,941096,Trilocha varians,"",eukaryota,false,,,,0.22972129523298448,2,,,90.0745,38.5,10^-8.42378,,,,,,,,,,,,,,,,,,0
938237,2,938237,Laspeyria,"",eukaryota,false,,,,0.22972129523298448,2,,,85.335,71.5,10^-19.827,,,,,,,,,,,,,,,,,[938238],0
938238,1,938237,Laspeyria flexula,"",eukaryota,false,,,,0.22972129523298448,2,,,85.335,71.5,10^-19.827,,,,,,,,,,,,,,,,,,0
934941,2,934941,Hemistola,"",eukaryota,false,,,,0.22972129523298448,2,,,89.058,41.0,10^-9.42533,,,,,,,,,,,,,,,,,[934942],0
934942,1,934941,Hemistola chrysoprasaria,"",eukaryota,false,,,,0.22972129523298448,2,,,89.058,41.0,10^-9.42533,,,,,,,,,,,,,,,,,,0
934939,2,934939,Gymnoscelis,"",eukaryota,false,,,,0.22972129523298448,2,,,95.3685,75.5,10^-34.2054,,,,,,,,,,,,,,,,,[934940],0
934940,1,934939,Gymnoscelis rufifasciata,"",eukaryota,false,,,,0.22972129523298448,2,,,95.3685,75.5,10^-34.2054,,,,,,,,,,,,,,,,,,0
934937,2,934937,Gandaritis,"",eukaryota,false,,,,0.11486064761649224,1,,,94.286,70.0,10^-29.7781,,,,,,,,,,,,,,,,,[934938],0
934938,1,934937,Gandaritis pyraliata,"",eukaryota,false,,,,0.11486064761649224,1,,,94.286,70.0,10^-29.7781,,,,,,,,,,,,,,,,,,0
934928,2,934928,Colostygia,"",eukaryota,false,,,,0.11486064761649224,1,,,90.789,76.0,10^-29.7423,,,,,,,,,,,,,,,,,[934931],0
934931,1,934928,Colostygia pectinataria,"",eukaryota,false,,,,0.11486064761649224,1,,,90.789,76.0,10^-29.7423,,,,,,,,,,,,,,,,,,0
934924,2,934924,Chesias,"",eukaryota,false,,,,0.34458194284947674,3,,,92.016,54.3333,10^-18.2411,,,,,,,,,,,,,,,,,[934925],0
934925,1,934924,Chesias legatella,"",eukaryota,false,,,,0.34458194284947674,3,,,92.016,54.3333,10^-18.2411,,,,,,,,,,,,,,,,,,0
934916,2,934916,Aplocera,"",eukaryota,false,,,,0.34458194284947674,3,,,95.1383,53.6667,10^-20.5344,,,,,,,,,,,,,,,,,[934917],0
934917,1,934916,Aplocera efformata,"",eukaryota,false,,,,0.34458194284947674,3,,,95.1383,53.6667,10^-20.5344,,,,,,,,,,,,,,,,,,0
934914,2,934914,Apeira,"",eukaryota,false,,,,0.34458194284947674,3,,,91.097,50.0,10^-14.8473,,,,,,,,,,,,,,,,,[934915],0
934915,1,934914,Apeira syringaria,"",eukaryota,false,,,,0.34458194284947674,3,,,91.097,50.0,10^-14.8473,,,,,,,,,,,,,,,,,,0
934907,2,934907,Camptogramma,"",eukaryota,false,,,,0.45944259046596897,4,,,94.415,39.25,10^-11.3323,,,,,,,,,,,,,,,,,[934908],0
934908,1,934907,Camptogramma bilineatum,"",eukaryota,false,,,,0.45944259046596897,4,,,94.415,39.25,10^-11.3323,,,,,,,,,,,,,,,,,,0
931517,2,931517,Microchrysa,"",eukaryota,false,,,,0.5743032380824612,5,,,93.9616,49.2,10^-17.0499,,,,,,,,,,,,,,,,,[931518],0
931518,1,931517,Microchrysa polita,"",eukaryota,false,,,,0.5743032380824612,5,,,93.9616,49.2,10^-17.0499,,,,,,,,,,,,,,,,,,0
914055,2,914055,Melomastia,"",eukaryota,false,,,,0.22972129523298448,2,,,98.6665,75.5,10^-37.6363,,,,,,,,,,,,,,,,,[394664],0
394664,1,914055,Melomastia rhizophorae,"",eukaryota,false,,,,0.22972129523298448,2,,,98.6665,75.5,10^-37.6363,,,,,,,,,,,,,,,,,,0
907364,2,907364,Phytohabitans,"",bacteria,false,,,,0.11486064761649224,1,,,97.333,75.0,10^-35.9238,,,,,,,,,,,,,,,,,[2041414],0
2041414,1,907364,Phytohabitans sp.,"",bacteria,false,,,,0.11486064761649224,1,,,97.333,75.0,10^-35.9238,,,,,,,,,,,,,,,,,,0
880756,2,880756,Fistulifera,"",eukaryota,false,,,,0.11486064761649224,1,,,94.737,38.0,10^-10.8302,,,,,,,,,,,,,,,,,[1519565],0
1519565,1,880756,Fistulifera solaris,"",eukaryota,false,,,,0.11486064761649224,1,,,94.737,38.0,10^-10.8302,,,,,,,,,,,,,,,,,,0
877559,2,877559,Thecamonas,"",eukaryota,false,,,,0.11486064761649224,1,,,86.957,46.0,10^-10.7472,,,,,,,,,,,,,,,,,[529818],0
529818,1,877559,Thecamonas trahens,"",eukaryota,false,,,,0.11486064761649224,1,,,86.957,46.0,10^-10.7472,,,,,,,,,,,,,,,,,,0
873511,2,873511,Philereme,"",eukaryota,false,,,,0.34458194284947674,3,,,90.0413,47.3333,10^-13.4812,,,,,,,,,,,,,,,,,[934888],0
934888,1,873511,Philereme vetulata,"",eukaryota,false,,,,0.34458194284947674,3,,,90.0413,47.3333,10^-13.4812,,,,,,,,,,,,,,,,,,0
868094,2,868094,Alitta,"",eukaryota,false,,,,0.11486064761649224,1,,,89.474,38.0,10^-8.08544,,,,,,,,,,,,,,,,,[880429],0
880429,1,868094,Alitta virens,"",eukaryota,false,,,,0.11486064761649224,1,,,89.474,38.0,10^-8.08544,,,,,,,,,,,,,,,,,,0
798415,2,798415,Machaerota,"",eukaryota,false,,,,0.11486064761649224,1,,,94.737,76.0,10^-33.8595,,,,,,,,,,,,,,,,,[1527810],0
1527810,1,798415,Machaerota sp. 'harrisae',"",eukaryota,false,,,,0.11486064761649224,1,,,94.737,76.0,10^-33.8595,,,,,,,,,,,,,,,,,,0
798408,2,798408,Locris,"",eukaryota,false,,,,0.11486064761649224,1,,,86.111,72.0,10^-22.904,,,,,,,,,,,,,,,,,[798410],0
798410,1,798408,Locris maculata,"",eukaryota,false,,,,0.11486064761649224,1,,,86.111,72.0,10^-22.904,,,,,,,,,,,,,,,,,,0
797144,2,797144,Evocoa,"",eukaryota,false,,,,,,,,,,,,,,,,0.11486064761649224,1,,,100.0,25.0,10^-7.28904,,,,,[797145],0
797145,1,797144,Evocoa chilensis,"",eukaryota,false,,,,,,,,,,,,,,,,0.11486064761649224,1,,,100.0,25.0,10^-7.28904,,,,,,0
797053,2,797053,Sericosoma,"",eukaryota,false,,,,,,,,,,,,,,,,0.11486064761649224,1,,,100.0,25.0,10^-4.30452,,,,,[797054],0
797054,1,797053,Sericosoma sp. MDT-2010,"",eukaryota,false,,,,,,,,,,,,,,,,0.11486064761649224,1,,,100.0,25.0,10^-4.30452,,,,,,0
766765,2,766765,Yamadazyma,"",eukaryota,false,,,,,,,,,,,,,,,,0.11486064761649224,1,,,82.6,23.0,10^-3.76195,,,,,[2315449],0
2315449,1,766765,Yamadazyma tenuis,"",eukaryota,false,,,,,,,,,,,,,,,,0.11486064761649224,1,,,82.6,23.0,10^-3.76195,,,,,,0
753440,2,753440,Trisateles,"",eukaryota,false,,,,0.11486064761649224,1,,,92.683,41.0,10^-11.4834,,,,,,,,,,,,,,,,,[753441],0
753441,1,753440,Trisateles emortualis,"",eukaryota,false,,,,0.11486064761649224,1,,,92.683,41.0,10^-11.4834,,,,,,,,,,,,,,,,,,0
753424,2,753424,Stenoptilia,"",eukaryota,false,,,,0.9188851809319379,8,,,89.3367,61.0,10^-19.5613,,,,,,,,,,,,,,,,,[1660692],0
1660692,1,753424,Stenoptilia bipunctidactyla,"",eukaryota,false,,,,0.9188851809319379,8,,,89.3367,61.0,10^-19.5613,,,,,,,,,,,,,,,,,,0
753374,2,753374,Nematopogon,"",eukaryota,false,,,,2.1823523047133526,19,1,13,92.2239,58.7368,10^-15.0927,,,,,,,,,,,,,,,,,[753375],0
753375,1,753374,Nematopogon swammerdamellus,"",eukaryota,false,,,,2.1823523047133526,19,1,13,92.2239,58.7368,10^-15.0927,,,,,,,,,,,,,,,,,,0
753370,2,753370,Musotima,"",eukaryota,false,,,,0.11486064761649224,1,,,91.667,36.0,10^-8.10892,,,,,,,,,,,,,,,,,[753371],0
753371,1,753370,Musotima nitidalis,"",eukaryota,false,,,,0.11486064761649224,1,,,91.667,36.0,10^-8.10892,,,,,,,,,,,,,,,,,,0
743714,2,743714,Orbus,"",bacteria,false,,,,0.11486064761649224,1,,,100.0,76.0,10^-39.3489,,,,,,,,,,,,,,,,,[1173622],0
1173622,1,743714,uncultured Orbus sp.,"",bacteria,false,,,,0.11486064761649224,1,,,100.0,76.0,10^-39.3489,,,,,,,,,,,,,,,,,,0
722672,2,722672,Hylaea,"",eukaryota,false,,,,0.34458194284947674,3,,,90.4583,60.6667,10^-21.1558,,,,,,,,,,,,,,,,,[722673],0
722673,1,722672,Hylaea fasciaria,"",eukaryota,false,,,,0.34458194284947674,3,,,90.4583,60.6667,10^-21.1558,,,,,,,,,,,,,,,,,,0
721162,2,721162,Thyatira,"",eukaryota,false,,,,0.11486064761649224,1,,,82.353,68.0,10^-17.4393,,,,,,,,,,,,,,,,,[721163],0
721163,1,721162,Thyatira batis,"",eukaryota,false,,,,0.11486064761649224,1,,,82.353,68.0,10^-17.4393,,,,,,,,,,,,,,,,,,0
710235,2,710235,Nylanderia,"",eukaryota,false,,,,0.11486064761649224,1,,,88.158,76.0,10^-26.9976,,,,,,0.11486064761649224,1,,,79.2,24.0,10^-4.29757,,,,,[613905],0
613905,1,710235,Nylanderia fulva,"",eukaryota,false,,,,0.11486064761649224,1,,,88.158,76.0,10^-26.9976,,,,,,0.11486064761649224,1,,,79.2,24.0,10^-4.29757,,,,,,0
708062,2,708062,Protodeltote,"",eukaryota,false,,,,0.11486064761649224,1,,,94.444,36.0,10^-9.48129,,,,,,,,,,,,,,,,,[708063],0
708063,1,708062,Protodeltote pygarga,"",eukaryota,false,,,,0.11486064761649224,1,,,94.444,36.0,10^-9.48129,,,,,,,,,,,,,,,,,,0
707780,2,707780,Hysterobrevium,"",eukaryota,false,,,,0.11486064761649224,1,,,97.368,76.0,10^-36.6042,,,,,,,,,,,,,,,,,[703489],0
703489,1,707780,Hysterobrevium smilacis,"",eukaryota,false,,,,0.11486064761649224,1,,,97.368,76.0,10^-36.6042,,,,,,,,,,,,,,,,,,0
705937,2,705937,Herminia,"",eukaryota,false,,,,0.34458194284947674,3,,,88.1053,53.3333,10^-15.2584,,,,,,,,,,,,,,,,,[987440],0
987440,1,705937,Herminia tarsipennalis,"",eukaryota,false,,,,0.34458194284947674,3,,,88.1053,53.3333,10^-15.2584,,,,,,,,,,,,,,,,,,0
705906,2,705906,Terenthina,"",eukaryota,false,,,,,,,,,,,,,,,,0.11486064761649224,1,,,100.0,25.0,10^-7.75945,,,,,[2820624],0
2820624,1,705906,Terenthina terentia,"",eukaryota,false,,,,,,,,,,,,,,,,0.11486064761649224,1,,,100.0,25.0,10^-7.75945,,,,,,0
705900,2,705900,Salazaria,"",eukaryota,false,,,,,,,,,,,,,,,,0.11486064761649224,1,,,95.8,24.0,10^-8.23136,,,,,[2820615],0
2820615,1,705900,Salazaria sala,"",eukaryota,false,,,,,,,,,,,,,,,,0.11486064761649224,1,,,95.8,24.0,10^-8.23136,,,,,,0
705890,2,705890,Ostrinotes,"",eukaryota,false,,,,,,,,,,,,,,,,0.11486064761649224,1,,,100.0,24.0,10^-4.97469,,,,,[2820606],0
2820606,1,705890,Ostrinotes sophocles,"",eukaryota,false,,,,,,,,,,,,,,,,0.11486064761649224,1,,,100.0,24.0,10^-4.97469,,,,,,0
705883,2,705883,Megathecla,"",eukaryota,false,,,,,,,,,,,,,,,,0.11486064761649224,1,,,100.0,24.0,10^-4.60033,,,,,[2820594],0
2820594,1,705883,Megathecla cupentus,"",eukaryota,false,,,,,,,,,,,,,,,,0.11486064761649224,1,,,100.0,24.0,10^-4.60033,,,,,,0
705876,2,705876,Johnsonita,"",eukaryota,false,,,,,,,,,,,,,,,,0.11486064761649224,1,,,95.8,24.0,10^-8.24336,,,,,[2820585],0
2820585,1,705876,Johnsonita auda,"",eukaryota,false,,,,,,,,,,,,,,,,0.11486064761649224,1,,,95.8,24.0,10^-8.24336,,,,,,0
705855,2,705855,Bistonina,"",eukaryota,false,,,,,,,,,,,,,,,,0.11486064761649224,1,,,100.0,24.0,10^-5.86646,,,,,[2820555],0
2820555,1,705855,Bistonina biston,"",eukaryota,false,,,,,,,,,,,,,,,,0.11486064761649224,1,,,100.0,24.0,10^-5.86646,,,,,,0
705797,2,705797,Oenomaus,"",eukaryota,false,,,,,,,,,,,,,,,,0.11486064761649224,1,,,100.0,24.0,10^-5.61618,,,,,[1219848],0
1219848,1,705797,Oenomaus atena,"",eukaryota,false,,,,,,,,,,,,,,,,0.11486064761649224,1,,,100.0,24.0,10^-5.61618,,,,,,0
704816,2,704816,Opisthograptis,"",eukaryota,false,,,,0.22972129523298448,2,,,86.0705,75.5,10^-24.5988,,,,,,,,,,,,,,,,,[934882],0
934882,1,704816,Opisthograptis luteolata,"",eukaryota,false,,,,0.22972129523298448,2,,,86.0705,75.5,10^-24.5988,,,,,,,,,,,,,,,,,,0
704699,2,704699,Crocallis,"",eukaryota,false,,,,0.34458194284947674,3,,,90.6173,52.0,10^-15.7437,,,,,,,,,,,,,,,,,[934829],0
934829,1,704699,Crocallis elinguaria,"",eukaryota,false,,,,0.34458194284947674,3,,,90.6173,52.0,10^-15.7437,,,,,,,,,,,,,,,,,,0
704302,2,704302,Eois,"",eukaryota,false,,,,,,,,,,,,,,,,0.5743032380824612,5,,,100.0,24.8,10^-8.42,,,,,"[1120076, 1120071, 1120060, 1120055]",0
1120076,1,704302,Eois sp. 5 silver bullet,"",eukaryota,false,,,,,,,,,,,,,,,,0.11486064761649224,1,,,100.0,24.0,10^-8.09151,,,,,,0
1120071,1,704302,Eois sp. tinta china,"",eukaryota,false,,,,,,,,,,,,,,,,0.11486064761649224,1,,,100.0,25.0,10^-7.2321,,,,,,0
1120060,1,704302,Eois sp. paranoia,"",eukaryota,false,,,,,,,,,,,,,,,,0.11486064761649224,1,,,100.0,25.0,10^-9.09313,,,,,,0
1120055,1,704302,Eois sp. guacamayos cat,"",eukaryota,false,,,,,,,,,,,,,,,,0.22972129523298448,2,,,100.0,25.0,10^-8.84164,,,,,,0
704093,2,704093,Anaerobacillus,"",bacteria,false,,,,,,,,,,,,,,,,0.11486064761649224,1,,,91.3,23.0,10^-5.28904,,,,,[472963],0
472963,1,704093,Anaerobacillus alkalidiazotrophicus,"",bacteria,false,,,,,,,,,,,,,,,,0.11486064761649224,1,,,91.3,23.0,10^-5.28904,,,,,,0
702716,2,702716,Tuta,"",eukaryota,false,,,,,,,,,,,,,,,,0.5743032380824612,5,,,97.46,24.0,10^-5.45239,,,,,[702717],0
702717,1,702716,Tuta absoluta,"",eukaryota,false,,,,,,,,,,,,,,,,0.5743032380824612,5,,,97.46,24.0,10^-5.45239,,,,,,0
695619,2,695619,Heteranassa,"",eukaryota,false,,,,0.11486064761649224,1,,,94.595,74.0,10^-32.4987,,,,,,,,,,,,,,,,,[1126745],0
1126745,1,695619,Heteranassa sp. RZ-2011,"",eukaryota,false,,,,0.11486064761649224,1,,,94.595,74.0,10^-32.4987,,,,,,,,,,,,,,,,,,0
695183,2,695183,Spilarctia,"",eukaryota,false,,,,0.22972129523298448,2,,,93.182,44.0,10^-13.5113,,,,,,,,,,,,,,,,,[875881],0
875881,1,695183,Spilarctia lutea,"",eukaryota,false,,,,0.22972129523298448,2,,,93.182,44.0,10^-13.5113,,,,,,,,,,,,,,,,,,0
695181,2,695181,Diaphora,"",eukaryota,false,,,,0.5743032380824612,5,,,88.7456,54.4,10^-16.1735,,,,,,,,,,,,,,,,,[987922],0
987922,1,695181,Diaphora mendica,"",eukaryota,false,,,,0.5743032380824612,5,,,88.7456,54.4,10^-16.1735,,,,,,,,,,,,,,,,,,0
694657,2,694657,Miltochrista,"",eukaryota,false,,,,0.45944259046596897,4,,,91.25,48.0,10^-13.8372,,,,,,,,,,,,,,,,,[987980],0
987980,1,694657,Miltochrista miniata,"",eukaryota,false,,,,0.45944259046596897,4,,,91.25,48.0,10^-13.8372,,,,,,,,,,,,,,,,,,0
694646,2,694646,Thumatha,"",eukaryota,false,,,,0.11486064761649224,1,,,85.294,68.0,10^-20.1841,,,,,,,,,,,,,,,,,[997290],0
997290,1,694646,Thumatha senex,"",eukaryota,false,,,,0.11486064761649224,1,,,85.294,68.0,10^-20.1841,,,,,,,,,,,,,,,,,,0
694002,2,694002,Betacoronavirus,"",viruses,false,,,,0.8040245333154457,7,,,93.7894,66.7143,10^-26.7751,,,,,,,,,,,,,,,,,[694009],1
694009,1,694002,Severe acute respiratory syndrome-related coronavirus,"",viruses,false,,,,0.8040245333154457,7,,,93.7894,66.7143,10^-26.7751,,,,,,,,,,,,,,,,,,1
692034,2,692034,Ligdia,"",eukaryota,false,,,,0.22972129523298448,2,,,89.484,46.0,10^-12.8163,,,,,,,,,,,,,,,,,[934875],0
934875,1,692034,Ligdia adustata,"",eukaryota,false,,,,0.22972129523298448,2,,,89.484,46.0,10^-12.8163,,,,,,,,,,,,,,,,,,0
691882,2,691882,Fonticula,"",eukaryota,false,,,,0.34458194284947674,3,,,91.4173,61.3333,10^-22.5371,,,,,,,,,,,,,,,,,[691883],0
691883,1,691882,Fonticula alba,"",eukaryota,false,,,,0.34458194284947674,3,,,91.4173,61.3333,10^-22.5371,,,,,,,,,,,,,,,,,,0
691684,2,691684,Zelleria,"",eukaryota,false,,,,0.11486064761649224,1,,,91.489,47.0,10^-14.1688,,,,,,,,,,,,,,,,,[1594360],0
1594360,1,691684,Zelleria hepariella,"",eukaryota,false,,,,0.11486064761649224,1,,,91.489,47.0,10^-14.1688,,,,,,,,,,,,,,,,,,0
691628,2,691628,Brenthia,"",eukaryota,false,,,,,,,,,,,,,,,,0.11486064761649224,1,,,100.0,25.0,10^-7.97469,,,,,[1256401],0
1256401,1,691628,Brenthia sp. JR28,"",eukaryota,false,,,,,,,,,,,,,,,,0.11486064761649224,1,,,100.0,25.0,10^-7.97469,,,,,,0
689152,2,689152,Anticlea,"",eukaryota,false,,,,1.2634671237814146,11,,,81.6944,60.0909,10^-12.6975,,,,,,,,,,,,,,,,,[934824],0
934824,1,689152,Anticlea derivata,"",eukaryota,false,,,,1.2634671237814146,11,,,81.6944,60.0909,10^-12.6975,,,,,,,,,,,,,,,,,,0
688988,2,688988,Esperia,"",eukaryota,false,,,,0.11486064761649224,1,,,81.579,76.0,10^-20.1357,,,,,,,,,,,,,,,,,[2870497],0
2870497,1,688988,Esperia sulphurella,"",eukaryota,false,,,,0.11486064761649224,1,,,81.579,76.0,10^-20.1357,,,,,,,,,,,,,,,,,,0
687520,2,687520,Nymphula,"",eukaryota,false,,,,0.34458194284947674,3,,,90.5157,56.6667,10^-18.445,,,,,,,,,,,,,,,,,[1594316],0
1594316,1,687520,Nymphula nitidulata,"",eukaryota,false,,,,0.34458194284947674,3,,,90.5157,56.6667,10^-18.445,,,,,,,,,,,,,,,,,,0
687492,2,687492,Elophila,"",eukaryota,false,,,,0.22972129523298448,2,,,93.421,38.0,10^-10.144,,,,,,,,,,,,,,,,,[753177],0
753177,1,687492,Elophila nymphaeata,"",eukaryota,false,,,,0.22972129523298448,2,,,93.421,38.0,10^-10.144,,,,,,,,,,,,,,,,,,0
687147,2,687147,Ypsolopha,"",eukaryota,false,,,,0.5743032380824612,5,,,92.7354,48.2,10^-15.8072,,,,,,,,,,,,,,,,,"[1870436, 1870435]",0
1870436,1,687147,Ypsolopha sequella,"",eukaryota,false,,,,0.22972129523298448,2,,,95.3495,53.5,10^-20.6315,,,,,,,,,,,,,,,,,,0
1870435,1,687147,Ypsolopha scabrella,"",eukaryota,false,,,,0.34458194284947674,3,,,90.9927,44.6667,10^-12.591,,,,,,,,,,,,,,,,,,0
687130,2,687130,Scrobipalpa,"",eukaryota,false,,,,0.34458194284947674,3,,,88.432,64.0,10^-21.1419,,,,,,,,,,,,,,,,,[1858070],0
1858070,1,687130,Scrobipalpa costella,"",eukaryota,false,,,,0.34458194284947674,3,,,88.432,64.0,10^-21.1419,,,,,,,,,,,,,,,,,,0
687121,2,687121,Pyralis,"",eukaryota,false,,,,0.11486064761649224,1,,,94.118,68.0,10^-28.4183,,,,,,,,,,,,,,,,,[687122],0
687122,1,687121,Pyralis farinalis,"",eukaryota,false,,,,0.11486064761649224,1,,,94.118,68.0,10^-28.4183,,,,,,,,,,,,,,,,,,0
687097,2,687097,Horisme,"",eukaryota,false,,,,0.22972129523298448,2,,,93.0555,36.5,10^-9.13225,,,,,,,,,,,,,,,,,[934869],0
934869,1,687097,Horisme vitalbata,"",eukaryota,false,,,,0.22972129523298448,2,,,93.0555,36.5,10^-9.13225,,,,,,,,,,,,,,,,,,0
687068,2,687068,Acrobasis,"",eukaryota,false,,,,0.45944259046596897,4,,,85.1957,54.0,10^-13.4271,,,,,,,,,,,,,,,,,[1857951],0
1857951,1,687068,Acrobasis suavella,"",eukaryota,false,,,,0.45944259046596897,4,,,85.1957,54.0,10^-13.4271,,,,,,,,,,,,,,,,,,0
685409,2,685409,Monopis,"",eukaryota,false,,,,0.34458194284947674,3,,,91.5287,51.6667,10^-16.8784,,,,,,,,,,,,,,,,,[691988],0
691988,1,685409,Monopis laevigella,"",eukaryota,false,,,,0.34458194284947674,3,,,91.5287,51.6667,10^-16.8784,,,,,,,,,,,,,,,,,,0
685405,2,685405,Eurois,"",eukaryota,false,,,,0.22972129523298448,2,,,87.467,44.0,10^-10.0832,,,,,,,,,,,,,,,,,[987425],0
987425,1,685405,Eurois occulta,"",eukaryota,false,,,,0.22972129523298448,2,,,87.467,44.0,10^-10.0832,,,,,,,,,,,,,,,,,,0
681544,2,681544,Eremocosta,"",eukaryota,false,,,,0.11486064761649224,1,,,89.474,57.0,10^-18.2021,,,,,,,,,,,,,,,,,[681545],0
681545,1,681544,Eremocosta gigasella,"",eukaryota,false,,,,0.11486064761649224,1,,,89.474,57.0,10^-18.2021,,,,,,,,,,,,,,,,,,0
674734,2,674734,Alloactinosynnema,"",bacteria,false,,,,0.22972129523298448,2,,,100.0,76.0,10^-39.3489,,,,,,,,,,,,,,,,,[1653480],0
1653480,1,674734,Alloactinosynnema sp. L-07,"",bacteria,false,,,,0.22972129523298448,2,,,100.0,76.0,10^-39.3489,,,,,,,,,,,,,,,,,,0
670600,2,670600,Bellardia,"",eukaryota,false,,,,0.11486064761649224,1,,,91.667,36.0,10^-8.10892,,,,,,,,,,,,,,,,,[2881606],0
2881606,1,670600,Bellardia bayeri,"",eukaryota,false,,,,0.11486064761649224,1,,,91.667,36.0,10^-8.10892,,,,,,,,,,,,,,,,,,0
670516,2,670516,Mycobacteroides,"",bacteria,false,,,,,,,,,,,,,,,,1.1486064761649224,10,,,92.98,24.0,10^-6.51521,,,,,[36809],1
36809,1,670516,Mycobacteroides abscessus,"",bacteria,false,,,,,,,,,,,,,,,,1.1486064761649224,10,,,92.98,24.0,10^-6.51521,,,,,,1
665568,2,665568,Paraoerskovia,"",bacteria,false,,,,0.11486064761649224,1,,,74.603,63.0,10^-8.55207,,,,,,,,,,,,,,,,,[1138587],0
1138587,1,665568,Paraoerskovia sediminicola,"",bacteria,false,,,,0.11486064761649224,1,,,74.603,63.0,10^-8.55207,,,,,,,,,,,,,,,,,,0
665406,2,665406,Chromocyphella,"",eukaryota,false,,,,0.11486064761649224,1,,,91.176,68.0,10^-25.6735,,,,,,,,,,,,,,,,,[2928609],0
2928609,1,665406,Chromocyphella meloana,"",eukaryota,false,,,,0.11486064761649224,1,,,91.176,68.0,10^-25.6735,,,,,,,,,,,,,,,,,,0
657549,2,657549,Trigonopterus,"",eukaryota,false,,,,,,,,,,,,,,,,0.11486064761649224,1,,,100.0,24.0,10^-5.67985,,,,,[2792337],0
2792337,1,657549,Trigonopterus sp. 391 AR-2020,"",eukaryota,false,,,,,,,,,,,,,,,,0.11486064761649224,1,,,100.0,24.0,10^-5.67985,,,,,,0
656456,2,656456,Haasus,"",eukaryota,false,,,,1.1486064761649224,10,1,10,84.783,138.0,10^-29.0,,,,,,,,,,,,,,,,,[2530504],0
2530504,1,656456,Haasus naasane,"",eukaryota,false,,,,1.1486064761649224,10,1,10,84.783,138.0,10^-29.0,,,,,,,,,,,,,,,,,,0
655692,2,655692,Blastobasis,"",eukaryota,false,,,,0.45944259046596897,4,,,90.344,72.5,10^-27.3628,,,,,,,,,,,,,,,,,"[2561016, 1869501]",0
2561016,1,655692,Blastobasis lacticolella,"",eukaryota,false,,,,0.22972129523298448,2,,,89.474,76.0,10^-28.37,,,,,,,,,,,,,,,,,,0
1869501,1,655692,Blastobasis adustella,"",eukaryota,false,,,,0.22972129523298448,2,,,91.214,69.0,10^-26.3556,,,,,,,,,,,,,,,,,,0
655084,2,655084,Zeuzera,"",eukaryota,false,,,,0.9188851809319379,8,1,5,86.7745,65.125,10^-11.8538,,,,,,,,,,,,,,,,,[1101072],0
1101072,1,655084,Zeuzera pyrina,"",eukaryota,false,,,,0.9188851809319379,8,1,5,86.7745,65.125,10^-11.8538,,,,,,,,,,,,,,,,,,0
655054,2,655054,Dalcerides,"",eukaryota,false,,,,,,,,,,,,,,,,0.11486064761649224,1,,,92.0,25.0,10^-6.4698,,,,,[655055],0
655055,1,655054,Dalcerides ingenita,"",eukaryota,false,,,,,,,,,,,,,,,,0.11486064761649224,1,,,92.0,25.0,10^-6.4698,,,,,,0
644652,2,644652,Gordonibacter,"",bacteria,false,,,,0.11486064761649224,1,,,88.235,51.0,10^-14.1333,,,,,,,,,,,,,,,,,[471189],0
471189,1,644652,Gordonibacter pamelaeae,"",bacteria,false,,,,0.11486064761649224,1,,,88.235,51.0,10^-14.1333,,,,,,,,,,,,,,,,,,0
637852,2,637852,Gongylonema,"",eukaryota,false,,,,0.11486064761649224,1,,,100.0,76.0,10^-39.3489,,,,,,,,,,,,,,,,,[637853],0
637853,1,637852,Gongylonema pulchrum,"",eukaryota,false,,,,0.11486064761649224,1,,,100.0,76.0,10^-39.3489,,,,,,,,,,,,,,,,,,0
637416,2,637416,Amphibalanus,"",eukaryota,false,,,,0.6891638856989535,6,,,92.0853,49.1667,10^-15.6425,,,,,,0.9188851809319379,8,,,96.375,24.375,10^-6.71897,,,,,[1232801],0
1232801,1,637416,Amphibalanus amphitrite,"",eukaryota,false,,,,0.6891638856989535,6,,,92.0853,49.1667,10^-15.6425,,,,,,0.9188851809319379,8,,,96.375,24.375,10^-6.71897,,,,,,0
634494,2,634494,Brunneocorticium,"",eukaryota,false,,,,0.22972129523298448,2,,,96.657,75.0,10^-35.2376,,,,,,,,,,,,,,,,,"[2230931, 634495]",0
2230931,1,634494,Brunneocorticium sp. RAK-2018a,"",eukaryota,false,,,,0.11486064761649224,1,,,95.946,74.0,10^-33.871,,,,,,,,,,,,,,,,,,0
634495,1,634494,Brunneocorticium pyriforme,"",eukaryota,false,,,,0.11486064761649224,1,,,97.368,76.0,10^-36.6042,,,,,,,,,,,,,,,,,,0
611358,2,611358,Hydrobaenus,"",eukaryota,false,,,,0.11486064761649224,1,,,93.421,76.0,10^-32.4871,,,,,,,,,,,,,,,,,[2675304],0
2675304,1,611358,Hydrobaenus distinctus,"",eukaryota,false,,,,0.11486064761649224,1,,,93.421,76.0,10^-32.4871,,,,,,,,,,,,,,,,,,0
604375,2,604375,Harpegnathos,"",eukaryota,false,,,,,,,,,,,,,,,,0.22972129523298448,2,,,93.75,24.0,10^-6.4556,,,,,[610380],0
610380,1,604375,Harpegnathos saltator,Jerdon's jumping ant,eukaryota,false,,,,,,,,,,,,,,,,0.22972129523298448,2,,,93.75,24.0,10^-6.4556,,,,,,0
604201,2,604201,Hydropunctaria,"",eukaryota,false,,,,1.1486064761649224,10,1,10,86.364,110.0,10^-22.4078,,,,,,,,,,,,,,,,,[468105],0
468105,1,604201,Hydropunctaria maura,"",eukaryota,false,,,,1.1486064761649224,10,1,10,86.364,110.0,10^-22.4078,,,,,,,,,,,,,,,,,,0
596672,2,596672,Mellicta,"",eukaryota,false,,,,0.11486064761649224,1,,,90.0,50.0,10^-14.8281,,,,,,,,,,,,,,,,,[113330],0
113330,1,596672,Mellicta athalia,"",eukaryota,false,,,,0.11486064761649224,1,,,90.0,50.0,10^-14.8281,,,,,,,,,,,,,,,,,,0
586132,2,586132,Nematocida,"",eukaryota,false,,,,0.11486064761649224,1,,,92.424,66.0,10^-25.6865,,,,,,0.11486064761649224,1,,,87.5,24.0,10^-5.13136,,,,,"[2670343, 1913371]",0
2670343,1,586132,Nematocida sp. AWRm80,"",eukaryota,false,,,,,,,,,,,,,,,,0.11486064761649224,1,,,87.5,24.0,10^-5.13136,,,,,,0
1913371,1,586132,Nematocida ausubeli,"",eukaryota,false,,,,0.11486064761649224,1,,,92.424,66.0,10^-25.6865,,,,,,,,,,,,,,,,,,0
583838,2,583838,Pharsalia,"",eukaryota,false,,,,,,,,,,,,,,,,0.11486064761649224,1,,,90.9,22.0,10^-3.14146,,,,,[2931109],0
2931109,1,583838,Pharsalia antennata,"",eukaryota,false,,,,,,,,,,,,,,,,0.11486064761649224,1,,,90.9,22.0,10^-3.14146,,,,,,0
582171,2,582171,Choreutis,"",eukaryota,false,,,,,,,,,,,,,,,,0.6891638856989535,6,,,99.3333,24.6667,10^-7.71025,,,,,"[1819344, 1819279, 1786013, 1256407]",0
1819344,1,582171,Choreutis cf. niphocrypta JR-2016,"",eukaryota,false,,,,,,,,,,,,,,,,0.11486064761649224,1,,,100.0,25.0,10^-7.98297,,,,,,0
1819279,1,582171,Choreutis sp. JR01,"",eukaryota,false,,,,,,,,,,,,,,,,0.11486064761649224,1,,,100.0,24.0,10^-7.84164,,,,,,0
1786013,1,582171,Choreutis sp. JR09,"",eukaryota,false,,,,,,,,,,,,,,,,0.34458194284947674,3,,,98.6667,24.6667,10^-7.73269,,,,,,0
1256407,1,582171,Choreutis sp. JR11,"",eukaryota,false,,,,,,,,,,,,,,,,0.11486064761649224,1,,,100.0,25.0,10^-7.23882,,,,,,0
582143,2,582143,Pyrausta,"",eukaryota,false,,,,0.34458194284947674,3,,,96.5407,47.6667,10^-17.8224,,,,,,,,,,,,,,,,,[1660681],0
1660681,1,582143,Pyrausta nigrata,"",eukaryota,false,,,,0.34458194284947674,3,,,96.5407,47.6667,10^-17.8224,,,,,,,,,,,,,,,,,,0
581937,2,581937,Nomophila,"",eukaryota,false,,,,0.11486064761649224,1,,,92.308,39.0,10^-10.1327,,,,,,,,,,,,,,,,,[1209556],0
1209556,1,581937,Nomophila noctuella,"",eukaryota,false,,,,0.11486064761649224,1,,,92.308,39.0,10^-10.1327,,,,,,,,,,,,,,,,,,0
581910,2,581910,Mecyna,"",eukaryota,false,,,,0.22972129523298448,2,,,94.5945,46.5,10^-16.5843,,,,,,,,,,,,,,,,,[1502335],0
1502335,1,581910,Mecyna flavalis,"",eukaryota,false,,,,0.22972129523298448,2,,,94.5945,46.5,10^-16.5843,,,,,,,,,,,,,,,,,,0
581588,2,581588,Pammene,"",eukaryota,false,,,,0.22972129523298448,2,,,91.3335,41.5,10^-11.1376,,,,,,,,,,,,,,,,,"[1870148, 1101027]",0
1870148,1,581588,Pammene aurita,"",eukaryota,false,,,,0.11486064761649224,1,,,93.478,46.0,10^-14.8643,,,,,,,,,,,,,,,,,,0
1101027,1,581588,Pammene fasciana,"",eukaryota,false,,,,0.11486064761649224,1,,,89.189,37.0,10^-7.41084,,,,,,,,,,,,,,,,,,0
581577,2,581577,Leguminivora,"",eukaryota,false,,,,0.34458194284947674,3,,,88.572,70.0,10^-24.2909,,,,,,0.22972129523298448,2,,,70.0,25.0,10^-3.42153,,,,,[1035111],0
1035111,1,581577,Leguminivora glycinivorella,"",eukaryota,false,,,,0.34458194284947674,3,,,88.572,70.0,10^-24.2909,,,,,,0.22972129523298448,2,,,70.0,25.0,10^-3.42153,,,,,,0
581576,2,581576,Lathronympha,"",eukaryota,false,,,,0.22972129523298448,2,,,92.2925,45.0,10^-13.5016,,,,,,,,,,,,,,,,,[1594361],0
1594361,1,581576,Lathronympha strigana,"",eukaryota,false,,,,0.22972129523298448,2,,,92.2925,45.0,10^-13.5016,,,,,,,,,,,,,,,,,,0
581513,2,581513,Notocelia,"",eukaryota,false,,,,0.45944259046596897,4,,,94.926,40.25,10^-12.35,,,,,,,,,,,,,,,,,[1594315],0
1594315,1,581513,Notocelia uddmanniana,"",eukaryota,false,,,,0.45944259046596897,4,,,94.926,40.25,10^-12.35,,,,,,,,,,,,,,,,,,0
577469,2,577469,Demequina,"",bacteria,false,,,,,,,,,,,,,,,,0.11486064761649224,1,,,87.0,23.0,10^-5.20343,,,,,[1849022],0
1849022,1,577469,Demequina litorisediminis,"",bacteria,false,,,,,,,,,,,,,,,,0.11486064761649224,1,,,87.0,23.0,10^-5.20343,,,,,,0
577310,2,577310,Parasutterella,"",bacteria,false,,,,,,,,,,,,,,,,1.952631009480368,17,,,98.5706,24.4706,10^-8.93271,,,,,[487175],0
487175,1,577310,Parasutterella excrementihominis,"",bacteria,false,,,,,,,,,,,,,,,,1.952631009480368,17,,,98.5706,24.4706,10^-8.93271,,,,,,0
574771,2,574771,Psiloglonium,"",eukaryota,false,,,,0.11486064761649224,1,,,97.368,76.0,10^-36.6042,,,,,,,,,,,,,,,,,[574783],0
574783,1,574771,Psiloglonium clavisporum,"",eukaryota,false,,,,0.11486064761649224,1,,,97.368,76.0,10^-36.6042,,,,,,,,,,,,,,,,,,0
572919,2,572919,Selenia,"",eukaryota,false,,,,0.11486064761649224,1,,,88.372,43.0,10^-10.0903,,,,,,,,,,,,,,,,,[934894],0
934894,1,572919,Selenia dentaria,"",eukaryota,false,,,,0.11486064761649224,1,,,88.372,43.0,10^-10.0903,,,,,,,,,,,,,,,,,,0
572910,2,572910,Venusia,"",eukaryota,false,,,,0.11486064761649224,1,,,94.872,39.0,10^-11.5051,,,,,,,,,,,,,,,,,[572911],0
572911,1,572910,Venusia cambrica,"",eukaryota,false,,,,0.11486064761649224,1,,,94.872,39.0,10^-11.5051,,,,,,,,,,,,,,,,,,0
572908,2,572908,Udea,"",eukaryota,false,,,,0.34458194284947674,3,,,90.304,52.3333,10^-15.9645,,,,,,,,,,,,,,,,,[1002954],0
1002954,1,572908,Udea ferrugalis,"",eukaryota,false,,,,0.34458194284947674,3,,,90.304,52.3333,10^-15.9645,,,,,,,,,,,,,,,,,,0
572856,2,572856,Hemithea,"",eukaryota,false,,,,0.22972129523298448,2,,,84.5835,54.0,10^-13.425,,,,,,,,,,,,,,,,,[572857],0
572857,1,572856,Hemithea aestivaria,"",eukaryota,false,,,,0.22972129523298448,2,,,84.5835,54.0,10^-13.425,,,,,,,,,,,,,,,,,,0
572825,2,572825,Chrysoteuchia,"",eukaryota,false,,,,0.22972129523298448,2,,,90.7895,57.0,10^-18.2277,,,,,,,,,,,,,,,,,[1594250],0
1594250,1,572825,Chrysoteuchia culmella,"",eukaryota,false,,,,0.22972129523298448,2,,,90.7895,57.0,10^-18.2277,,,,,,,,,,,,,,,,,,0
572808,2,572808,Agriphila,"",eukaryota,false,,,,0.45944259046596897,4,,,90.2673,60.5,10^-20.929,,,,,,,,,,,,,,,,,"[1594226, 572809]",0
1594226,1,572808,Agriphila tristella,"",eukaryota,false,,,,0.11486064761649224,1,,,92.105,76.0,10^-31.1147,,,,,,,,,,,,,,,,,,0
572809,1,572808,Agriphila straminella,"",eukaryota,false,,,,0.34458194284947674,3,,,89.6547,55.3333,10^-17.5338,,,,,,,,,,,,,,,,,,0
572799,2,572799,Acleris,"",eukaryota,false,,,,0.5743032380824612,5,,,90.0902,52.6,10^-15.7831,,,,,,,,,,,,,,,,,"[1100899, 758717, 758706, 572802]",0
1100899,1,572799,Acleris literana,"",eukaryota,false,,,,0.11486064761649224,1,,,89.474,76.0,10^-28.37,,,,,,,,,,,,,,,,,,0
758717,1,572799,Acleris sparsana,"",eukaryota,false,,,,0.22972129523298448,2,,,96.047,37.5,10^-11.1794,,,,,,,,,,,,,,,,,,0
758706,1,572799,Acleris emargana,"",eukaryota,false,,,,0.11486064761649224,1,,,77.358,53.0,10^-7.25477,,,,,,,,,,,,,,,,,,0
572802,1,572799,Acleris holmiana,"",eukaryota,false,,,,0.11486064761649224,1,,,91.525,59.0,10^-20.9319,,,,,,,,,,,,,,,,,,0
572722,2,572722,Nycteola,"",eukaryota,false,,,,0.11486064761649224,1,,,92.105,38.0,10^-9.45781,,,,,,,,,,,,,,,,,[988004],0
988004,1,572722,Nycteola revayana,"",eukaryota,false,,,,0.11486064761649224,1,,,92.105,38.0,10^-9.45781,,,,,,,,,,,,,,,,,,0
572712,2,572712,Eudonia,"",eukaryota,false,,,,0.22972129523298448,2,,,89.1175,45.5,10^-11.7844,,,,,,,,,,,,,,,,,[1100991],0
1100991,1,572712,Eudonia lacustrata,"",eukaryota,false,,,,0.22972129523298448,2,,,89.1175,45.5,10^-11.7844,,,,,,,,,,,,,,,,,,0
572706,2,572706,Argyresthia,"",eukaryota,false,,,,0.11486064761649224,1,,,92.105,38.0,10^-9.45781,,,,,,,,,,,,,,,,,[572725],0
572725,1,572706,Argyresthia goedartella,"",eukaryota,false,,,,0.11486064761649224,1,,,92.105,38.0,10^-9.45781,,,,,,,,,,,,,,,,,,0
572704,2,572704,Apotomis,"",eukaryota,false,,,,0.45944259046596897,4,,,93.7485,47.0,10^-15.2086,,,,,,,,,,,,,,,,,"[1100916, 1100915, 989741]",0
1100916,1,572704,Apotomis turbidana,"",eukaryota,false,,,,0.11486064761649224,1,,,100.0,37.0,10^-12.9003,,,,,,,,,,,,,,,,,,0
1100915,1,572704,Apotomis betuletana,"",eukaryota,false,,,,0.22972129523298448,2,,,90.497,50.5,10^-15.1806,,,,,,,,,,,,,,,,,,0
989741,1,572704,Apotomis capreana,"",eukaryota,false,,,,0.11486064761649224,1,,,94.0,50.0,10^-17.5728,,,,,,,,,,,,,,,,,,0
572511,2,572511,Blautia,"",bacteria,false,,,,,,,,,,,,,,,,0.22972129523298448,2,,,100.0,24.0,10^-4.97909,,,,,"[871665, 765821]",0
871665,1,572511,Blautia faecis,"",bacteria,false,,,,,,,,,,,,,,,,0.11486064761649224,1,,,100.0,24.0,10^-3.8962,,,,,,0
765821,1,572511,uncultured Blautia sp.,"",bacteria,false,,,,,,,,,,,,,,,,0.11486064761649224,1,,,100.0,24.0,10^-6.06198,,,,,,0
569039,2,569039,Epicampocera,"",eukaryota,false,,,,0.34458194284947674,3,,,92.1803,46.3333,10^-14.6359,,,,,,,,,,,,,,,,,[569040],0
569040,1,569039,Epicampocera succincta,"",eukaryota,false,,,,0.34458194284947674,3,,,92.1803,46.3333,10^-14.6359,,,,,,,,,,,,,,,,,,0
566830,2,566830,Mansoniella,"",eukaryota,false,,,,1.6080490666308913,14,1,14,89.474,76.0,10^-16.1068,,,,,,,,,,,,,,,,,[2835661],0
2835661,1,566830,Mansoniella cinnamomi,"",eukaryota,false,,,,1.6080490666308913,14,1,14,89.474,76.0,10^-16.1068,,,,,,,,,,,,,,,,,,0
564029,2,564029,Apatetica,"",eukaryota,false,,,,,,,,,,,,,,,,0.11486064761649224,1,,,95.2,21.0,10^-4.92445,,,,,[2055591],0
2055591,1,564029,Apatetica sp. INB085,"",eukaryota,false,,,,,,,,,,,,,,,,0.11486064761649224,1,,,95.2,21.0,10^-4.92445,,,,,,0
560913,2,560913,Neochauliodes,"",eukaryota,false,,,,,,,,,,,,,,,,0.11486064761649224,1,,,92.0,25.0,10^-6.09367,,,,,[2055713],0
2055713,1,560913,Neochauliodes orientalis,"",eukaryota,false,,,,,,,,,,,,,,,,0.11486064761649224,1,,,92.0,25.0,10^-6.09367,,,,,,0
560719,2,560719,Deuterophlebia,"",eukaryota,false,,,,,,,,,,,,,,,,0.11486064761649224,1,,,100.0,22.0,10^-6.1209,,,,,[560720],0
560720,1,560719,Deuterophlebia coloradensis,"",eukaryota,false,,,,,,,,,,,,,,,,0.11486064761649224,1,,,100.0,22.0,10^-6.1209,,,,,,0
558754,2,558754,Cryptosula,"",eukaryota,false,,,,0.11486064761649224,1,,,89.474,57.0,10^-18.2021,,,,,,,,,,,,,,,,,[558755],0
558755,1,558754,Cryptosula pallasiana,"",eukaryota,false,,,,0.11486064761649224,1,,,89.474,57.0,10^-18.2021,,,,,,,,,,,,,,,,,,0
548651,2,548651,Dothidotthia,"",eukaryota,false,,,,,,,,,,,,,,,,0.11486064761649224,1,,,84.0,25.0,10^-4.57349,,,,,[548649],0
548649,1,548651,Dothidotthia symphoricarpi,"",eukaryota,false,,,,,,,,,,,,,,,,0.11486064761649224,1,,,84.0,25.0,10^-4.57349,,,,,,0
548417,2,548417,Phrictus,"",eukaryota,false,,,,0.11486064761649224,1,,,87.692,65.0,10^-20.8898,,,,,,,,,,,,,,,,,[548419],0
548419,1,548417,Phrictus regalis,"",eukaryota,false,,,,0.11486064761649224,1,,,87.692,65.0,10^-20.8898,,,,,,,,,,,,,,,,,,0
547808,2,547808,Blepharicera,"",eukaryota,false,,,,,,,,,,,,,,,,0.11486064761649224,1,,,100.0,25.0,10^-10.0,,,,,[1017292],0
1017292,1,547808,Blepharicera diminutiva,"",eukaryota,false,,,,,,,,,,,,,,,,0.11486064761649224,1,,,100.0,25.0,10^-10.0,,,,,,0
547540,2,547540,Terebella,"",eukaryota,false,,,,0.11486064761649224,1,,,93.75,48.0,10^-16.2182,,,,,,,,,,,,,,,,,[1131437],0
1131437,1,547540,Terebella lapidaria,"",eukaryota,false,,,,0.11486064761649224,1,,,93.75,48.0,10^-16.2182,,,,,,,,,,,,,,,,,,0
545366,2,545366,Hyposmocoma,"",eukaryota,false,,,,0.22972129523298448,2,,,92.527,58.5,10^-21.2845,,,,,,0.22972129523298448,2,,,91.4,23.5,10^-5.68526,,,,,[1477025],0
1477025,1,545366,Hyposmocoma kahamanoa,"",eukaryota,false,,,,0.22972129523298448,2,,,92.527,58.5,10^-21.2845,,,,,,0.22972129523298448,2,,,91.4,23.5,10^-5.68526,,,,,,0
544365,2,544365,Drina,"",eukaryota,false,,,,,,,,,,,,,,,,0.11486064761649224,1,,,100.0,24.0,10^-4.6038,,,,,[2820568],0
2820568,1,544365,Drina maneia,"",eukaryota,false,,,,,,,,,,,,,,,,0.11486064761649224,1,,,100.0,24.0,10^-4.6038,,,,,,0
542837,2,542837,Zindervirus,"",viruses,true,,,,,,,,,,,,,,,,0.22972129523298448,2,,,100.0,25.0,10^-7.42317,,,,,[194966],0
194966,1,542837,Zindervirus SP6,"",viruses,true,,,,,,,,,,,,,,,,0.22972129523298448,2,,,100.0,25.0,10^-7.42317,,,,,,0
533010,2,533010,Xenograpsus,"",eukaryota,false,,,,,,,,,,,,,,,,0.11486064761649224,1,,,100.0,24.0,10^-5.2426,,,,,[533011],0
533011,1,533010,Xenograpsus testudinatus,"",eukaryota,false,,,,,,,,,,,,,,,,0.11486064761649224,1,,,100.0,24.0,10^-5.2426,,,,,,0
525236,2,525236,Edenia,"",eukaryota,false,,,,0.22972129523298448,2,,,96.693,75.5,10^-35.5778,,,,,,,,,,,,,,,,,[461172],0
461172,1,525236,Edenia gomezpompae,"",eukaryota,false,,,,0.22972129523298448,2,,,96.693,75.5,10^-35.5778,,,,,,,,,,,,,,,,,,0
523929,2,523929,Dryococelus,"",eukaryota,false,,,,,,,,,,,,,,,,0.22972129523298448,2,,,84.0,25.0,10^-6.19951,,,,,[614101],0
614101,1,523929,Dryococelus australis,"",eukaryota,false,,,,,,,,,,,,,,,,0.22972129523298448,2,,,84.0,25.0,10^-6.19951,,,,,,0
522835,2,522835,Laothoe,"",eukaryota,false,,,,0.11486064761649224,1,,,94.872,39.0,10^-11.5051,,,,,,,,,,,,,,,,,[522836],0
522836,1,522835,Laothoe populi,"",eukaryota,false,,,,0.11486064761649224,1,,,94.872,39.0,10^-11.5051,,,,,,,,,,,,,,,,,,0
520955,2,520955,Macrophya,"",eukaryota,false,,,,0.34458194284947674,3,,,92.2763,56.0,10^-19.8111,,,,,,,,,,,,,,,,,[1384894],0
1384894,1,520955,Macrophya alboannulata,"",eukaryota,false,,,,0.34458194284947674,3,,,92.2763,56.0,10^-19.8111,,,,,,,,,,,,,,,,,,0
518753,2,518753,Luteolibacter,"",bacteria,false,,,,0.22972129523298448,2,,,92.719,75.5,10^-31.4607,,,,,,,,,,,,,,,,,[2728835],0
2728835,1,518753,Luteolibacter luteus,"",bacteria,false,,,,0.22972129523298448,2,,,92.719,75.5,10^-31.4607,,,,,,,,,,,,,,,,,,0
513583,2,513583,Coleophora,"",eukaryota,false,,,,0.11486064761649224,1,,,92.857,70.0,10^-28.4057,,,,,,,,,,,,,,,,,[687026],0
687026,1,513583,Coleophora deauratella,"",eukaryota,false,,,,0.11486064761649224,1,,,92.857,70.0,10^-28.4057,,,,,,,,,,,,,,,,,,0
505410,2,505410,Falcaria,"",eukaryota,false,,,,0.11486064761649224,1,,,84.0,75.0,10^-22.2001,,,,,,,,,,,,,,,,,[505411],0
505411,1,505410,Falcaria lacertinaria,"",eukaryota,false,,,,0.11486064761649224,1,,,84.0,75.0,10^-22.2001,,,,,,,,,,,,,,,,,,0
504465,2,504465,Rhodovastum,"",bacteria,false,,,,0.11486064761649224,1,,,98.413,63.0,10^-29.1376,,,,,,,,,,,,,,,,,[504468],0
504468,1,504465,Rhodovastum atsumiense,"",bacteria,false,,,,0.11486064761649224,1,,,98.413,63.0,10^-29.1376,,,,,,,,,,,,,,,,,,0
502117,2,502117,Kalaharituber,"",eukaryota,false,,,,,,,,,,,,,,,,0.11486064761649224,1,,,88.0,25.0,10^-4.68403,,,,,[139406],0
139406,1,502117,Kalaharituber pfeilii,"",eukaryota,false,,,,,,,,,,,,,,,,0.11486064761649224,1,,,88.0,25.0,10^-4.68403,,,,,,0
494041,2,494041,Ophiognomonia,"",eukaryota,false,,,,0.11486064761649224,1,,,98.684,76.0,10^-37.9766,,,,,,,,,,,,,,,,,[1470024],0
1470024,1,494041,Ophiognomonia acadiensis,"",eukaryota,false,,,,0.11486064761649224,1,,,98.684,76.0,10^-37.9766,,,,,,,,,,,,,,,,,,0
493657,2,493657,Alloplasta,"",eukaryota,false,,,,0.34458194284947674,3,,,94.1997,41.0,10^-12.3989,,,,,,,,,,,,,,,,,[2870495],0
2870495,1,493657,Alloplasta piceator,"",eukaryota,false,,,,0.34458194284947674,3,,,94.1997,41.0,10^-12.3989,,,,,,,,,,,,,,,,,,0
490731,2,490731,Kwoniella,"",eukaryota,false,,,,0.34458194284947674,3,,,92.6103,54.0,10^-18.9159,,,,,,,,,,,,,,,,,"[453459, 324770]",0
453459,1,490731,Kwoniella pini,"",eukaryota,false,,,,0.11486064761649224,1,,,87.037,54.0,10^-14.7947,,,,,,,,,,,,,,,,,,0
324770,1,490731,Kwoniella dejecticola,"",eukaryota,false,,,,0.22972129523298448,2,,,95.397,54.0,10^-20.9765,,,,,,,,,,,,,,,,,,0
486105,2,486105,Eucrate,"",eukaryota,false,,,,,,,,,,,,,,,,0.11486064761649224,1,,,100.0,24.0,10^-6.37366,,,,,[1550541],0
1550541,1,486105,Eucrate alcocki,"",eukaryota,false,,,,,,,,,,,,,,,,0.11486064761649224,1,,,100.0,24.0,10^-6.37366,,,,,,0
478394,2,478394,Diadumene,"",eukaryota,false,,,,0.22972129523298448,2,,,91.667,36.0,10^-8.10892,,,,,,,,,,,,,,,,,[1789172],0
1789172,1,478394,Diadumene lineata,"",eukaryota,false,,,,0.22972129523298448,2,,,91.667,36.0,10^-8.10892,,,,,,,,,,,,,,,,,,0
474995,2,474995,Ophiocordyceps,"",eukaryota,false,,,,,,,,,,,,,,,,0.22972129523298448,2,,,95.85,24.0,10^-6.53389,,,,,"[2030778, 268505]",0
2030778,1,474995,Ophiocordyceps camponoti-floridani,"",eukaryota,false,,,,,,,,,,,,,,,,0.11486064761649224,1,,,91.7,24.0,10^-5.92812,,,,,,0
268505,1,474995,Ophiocordyceps unilateralis,"",eukaryota,false,,,,,,,,,,,,,,,,0.11486064761649224,1,,,100.0,24.0,10^-7.13966,,,,,,0
474822,2,474822,Sphenella,"",eukaryota,false,,,,0.11486064761649224,1,,,94.444,36.0,10^-9.48129,,,,,,,,,,,,,,,,,[594017],0
594017,1,474822,Sphenella marginata,"",eukaryota,false,,,,0.11486064761649224,1,,,94.444,36.0,10^-9.48129,,,,,,,,,,,,,,,,,,0
470095,2,470095,Pseudovirgaria,"",eukaryota,false,,,,,,,,,,,,,,,,0.11486064761649224,1,,,100.0,24.0,10^-8.2993,,,,,[470096],0
470096,1,470095,Pseudovirgaria hyperparasitica,"",eukaryota,false,,,,,,,,,,,,,,,,0.11486064761649224,1,,,100.0,24.0,10^-8.2993,,,,,,0
468813,2,468813,Tolmerus,"",eukaryota,false,,,,0.5743032380824612,5,,,90.9036,63.4,10^-21.7382,,,,,,,,,,,,,,,,,[2884231],0
2884231,1,468813,Tolmerus cingulatus,"",eukaryota,false,,,,0.5743032380824612,5,,,90.9036,63.4,10^-21.7382,,,,,,,,,,,,,,,,,,0
468766,2,468766,Neoitamus,"",eukaryota,false,,,,0.6891638856989535,6,,,93.0868,48.3333,10^-15.7625,,,,,,,,,,,,,,,,,[468767],0
468767,1,468766,Neoitamus cyanurus,"",eukaryota,false,,,,0.6891638856989535,6,,,93.0868,48.3333,10^-15.7625,,,,,,,,,,,,,,,,,,0
468724,2,468724,Dysmachus,"",eukaryota,false,,,,0.45944259046596897,4,,,88.944,50.0,10^-13.806,,,,,,,,,,,,,,,,,[468725],0
468725,1,468724,Dysmachus trigonus,"",eukaryota,false,,,,0.45944259046596897,4,,,88.944,50.0,10^-13.806,,,,,,,,,,,,,,,,,,0
467773,2,467773,Emmelina,"",eukaryota,false,,,,0.22972129523298448,2,,,93.1125,65.5,10^-26.0366,,,,,,,,,,,,,,,,,[467774],0
467774,1,467773,Emmelina monodactyla,morning-glory plume moth,eukaryota,false,,,,0.22972129523298448,2,,,93.1125,65.5,10^-26.0366,,,,,,,,,,,,,,,,,,0
466677,2,466677,Despaxia,"",eukaryota,false,,,,0.11486064761649224,1,,,90.196,51.0,10^-15.5057,,,,,,,,,,,,,,,,,[466678],0
466678,1,466677,Despaxia augusta,"",eukaryota,false,,,,0.11486064761649224,1,,,90.196,51.0,10^-15.5057,,,,,,,,,,,,,,,,,,0
461281,2,461281,Ogataea,"",eukaryota,false,,,,,,,,,,,,,,,,0.11486064761649224,1,,,100.0,25.0,10^-6.32514,,,,,[5477],0
5477,1,461281,[Candida] boidinii,"",eukaryota,false,,,,,,,,,,,,,,,,0.11486064761649224,1,,,100.0,25.0,10^-6.32514,,,,,,0
459804,2,459804,Ceracupes,"",eukaryota,false,,,,,,,,,,,,,,,,0.11486064761649224,1,,,95.8,24.0,10^-6.17587,,,,,[2055352],0
2055352,1,459804,Ceracupes sp. INB057,"",eukaryota,false,,,,,,,,,,,,,,,,0.11486064761649224,1,,,95.8,24.0,10^-6.17587,,,,,,0
455304,2,455304,Diphasiastrum,"",eukaryota,false,,,,,,,,,,,,,,,,0.11486064761649224,1,,,100.0,25.0,10^-6.20482,,,,,[34168],0
34168,1,455304,Diphasiastrum complanatum,"",eukaryota,false,,,,,,,,,,,,,,,,0.11486064761649224,1,,,100.0,25.0,10^-6.20482,,,,,,0
454922,2,454922,Diachasma,"",eukaryota,false,,,,,,,,,,,,,,,,0.8040245333154457,7,,,94.5857,23.8571,10^-5.21902,,,,,[454923],0
454923,1,454922,Diachasma alloeum,"",eukaryota,false,,,,,,,,,,,,,,,,0.8040245333154457,7,,,94.5857,23.8571,10^-5.21902,,,,,,0
454346,2,454346,Xiphocaris,"",eukaryota,false,,,,0.11486064761649224,1,,,87.719,57.0,10^-16.8298,,,,,,,,,,,,,,,,,[454347],0
454347,1,454346,Xiphocaris elongata,"",eukaryota,false,,,,0.11486064761649224,1,,,87.719,57.0,10^-16.8298,,,,,,,,,,,,,,,,,,0
452743,2,452743,Crataerina,"",eukaryota,false,,,,0.45944259046596897,4,,,94.8185,45.25,10^-15.0482,,,,,,,,,,,,,,,,,[452744],0
452744,1,452743,Crataerina pallida,"",eukaryota,false,,,,0.45944259046596897,4,,,94.8185,45.25,10^-15.0482,,,,,,,,,,,,,,,,,,0
449632,2,449632,Parasteatoda,"",eukaryota,false,,,,0.11486064761649224,1,,,94.737,38.0,10^-10.8302,,,,,,,,,,,,,,,,,[114398],0
114398,1,449632,Parasteatoda tepidariorum,common house spider,eukaryota,false,,,,0.11486064761649224,1,,,94.737,38.0,10^-10.8302,,,,,,,,,,,,,,,,,,0
447591,2,447591,Oedothorax,"",eukaryota,false,,,,,,,,,,,,,,,,0.22972129523298448,2,,,93.9,24.5,10^-4.181,,,,,[931172],0
931172,1,447591,Oedothorax gibbosus,"",eukaryota,false,,,,,,,,,,,,,,,,0.22972129523298448,2,,,93.9,24.5,10^-4.181,,,,,,0
446525,2,446525,Athripsodes,"",eukaryota,false,,,,0.11486064761649224,1,,,91.111,45.0,10^-12.8153,,,,,,,,,,,,,,,,,[446526],0
446526,1,446525,Athripsodes cinereus,"",eukaryota,false,,,,0.11486064761649224,1,,,91.111,45.0,10^-12.8153,,,,,,,,,,,,,,,,,,0
444615,2,444615,Amorphoscelis,"",eukaryota,false,,,,,,,,,,,,,,,,0.11486064761649224,1,,,87.5,24.0,10^-5.21325,,,,,[2803035],0
2803035,1,444615,Amorphoscelis hainana,"",eukaryota,false,,,,,,,,,,,,,,,,0.11486064761649224,1,,,87.5,24.0,10^-5.21325,,,,,,0
441237,2,441237,Paratlanticus,"",eukaryota,false,,,,,,,,,,,,,,,,0.11486064761649224,1,,,96.0,25.0,10^-5.25414,,,,,[441238],0
441238,1,441237,Paratlanticus ussuriensis,"",eukaryota,false,,,,,,,,,,,,,,,,0.11486064761649224,1,,,96.0,25.0,10^-5.25414,,,,,,0
439357,2,439357,Megalurothrips,"",eukaryota,false,,,,,,,,,,,,,,,,0.11486064761649224,1,,,100.0,25.0,10^-5.66959,,,,,[439358],0
439358,1,439357,Megalurothrips usitatus,bean blossom thrips,eukaryota,false,,,,,,,,,,,,,,,,0.11486064761649224,1,,,100.0,25.0,10^-5.66959,,,,,,0
438491,2,438491,Dicyrtomina,"",eukaryota,false,,,,0.11486064761649224,1,,,91.304,46.0,10^-13.492,,,,,,,,,,,,,,,,,[1387116],0
1387116,1,438491,Dicyrtomina minuta,"",eukaryota,false,,,,0.11486064761649224,1,,,91.304,46.0,10^-13.492,,,,,,,,,,,,,,,,,,0
433507,2,433507,Heteromastix,"",eukaryota,false,,,,,,,,,,,,,,,,0.11486064761649224,1,,,100.0,24.0,10^-5.88273,,,,,[2055423],0
2055423,1,433507,Heteromastix sp. CSR077,"",eukaryota,false,,,,,,,,,,,,,,,,0.11486064761649224,1,,,100.0,24.0,10^-5.88273,,,,,,0
433122,2,433122,Melanophthalma,"",eukaryota,false,,,,,,,,,,,,,,,,0.22972129523298448,2,,,100.0,24.5,10^-6.32744,,,,,[2055633],0
2055633,1,433122,Melanophthalma sp. CSR111,"",eukaryota,false,,,,,,,,,,,,,,,,0.22972129523298448,2,,,100.0,24.5,10^-6.32744,,,,,,0
433085,2,433085,Brachypterus,"",eukaryota,false,,,,0.45944259046596897,4,,,89.93,55.25,10^-18.0513,,,,,,,,,,,,,,,,,[442081],0
442081,1,433085,Brachypterus glaber,"",eukaryota,false,,,,0.45944259046596897,4,,,89.93,55.25,10^-18.0513,,,,,,,,,,,,,,,,,,0
432911,2,432911,Psammoecus,"",eukaryota,false,,,,,,,,,,,,,,,,0.11486064761649224,1,,,100.0,24.0,10^-6.39147,,,,,[2055512],0
2055512,1,432911,Psammoecus sp. INB124,"",eukaryota,false,,,,,,,,,,,,,,,,0.11486064761649224,1,,,100.0,24.0,10^-6.39147,,,,,,0
432905,2,432905,Pediacus,"",eukaryota,false,,,,,,,,,,,,,,,,0.11486064761649224,1,,,95.8,24.0,10^-3.58503,,,,,[2055714],0
2055714,1,432905,Pediacus major,"",eukaryota,false,,,,,,,,,,,,,,,,0.11486064761649224,1,,,95.8,24.0,10^-3.58503,,,,,,0
432894,2,432894,Ischalia,"",eukaryota,false,,,,,,,,,,,,,,,,0.11486064761649224,1,,,100.0,24.0,10^-7.50585,,,,,[2055432],0
2055432,1,432894,Ischalia sp. INB049,"",eukaryota,false,,,,,,,,,,,,,,,,0.11486064761649224,1,,,100.0,24.0,10^-7.50585,,,,,,0
432866,2,432866,Carphurus,"",eukaryota,false,,,,,,,,,,,,,,,,0.11486064761649224,1,,,100.0,24.0,10^-8.35262,,,,,[2055348],0
2055348,1,432866,Carphurus sp. INB131,"",eukaryota,false,,,,,,,,,,,,,,,,0.11486064761649224,1,,,100.0,24.0,10^-8.35262,,,,,,0
423349,2,423349,Mucilaginibacter,"",bacteria,false,,,,0.22972129523298448,2,,,98.684,75.0,10^-37.2962,,,,,,,,,,,,,,,,,"[3025671, 551996]",0
3025671,1,423349,Mucilaginibacter sp. KACC 22773,"",bacteria,false,,,,0.11486064761649224,1,,,100.0,74.0,10^-37.9881,,,,,,,,,,,,,,,,,,0
551996,1,423349,Mucilaginibacter gossypii,"",bacteria,false,,,,0.11486064761649224,1,,,97.368,76.0,10^-36.6042,,,,,,,,,,,,,,,,,,0
421423,2,421423,Mimumesa,"",eukaryota,false,,,,0.11486064761649224,1,,,94.737,38.0,10^-10.8302,,,,,,,,,,,,,,,,,[2495085],0
2495085,1,421423,Mimumesa dahlbomi,"",eukaryota,false,,,,0.11486064761649224,1,,,94.737,38.0,10^-10.8302,,,,,,,,,,,,,,,,,,0
421402,2,421402,Pemphredon,"",eukaryota,false,,,,0.22972129523298448,2,,,77.4295,58.0,10^-5.87073,,,,,,,,,,,,,,,,,[2495172],0
2495172,1,421402,Pemphredon lugubris,"",eukaryota,false,,,,0.22972129523298448,2,,,77.4295,58.0,10^-5.87073,,,,,,,,,,,,,,,,,,0
421297,2,421297,Ectemnius,"",eukaryota,false,,,,0.34458194284947674,3,,,90.8153,60.6667,10^-20.7097,,,,,,,,,,,,,,,,,"[2495015, 1126389]",0
2495015,1,421297,Ectemnius lituratus,"",eukaryota,false,,,,0.11486064761649224,1,,,94.737,38.0,10^-10.8302,,,,,,,,,,,,,,,,,,0
1126389,1,421297,Ectemnius continuus,"",eukaryota,false,,,,0.22972129523298448,2,,,88.8545,72.0,10^-25.6494,,,,,,,,,,,,,,,,,,0
421220,2,421220,Nysson,"",eukaryota,false,,,,0.5743032380824612,5,,,92.6666,44.4,10^-13.2461,,,,,,,,,,,,,,,,,[2495127],0
2495127,1,421220,Nysson spinosus,"",eukaryota,false,,,,0.5743032380824612,5,,,92.6666,44.4,10^-13.2461,,,,,,,,,,,,,,,,,,0
420098,2,420098,Stethorus,"",eukaryota,false,,,,,,,,,,,,,,,,0.22972129523298448,2,,,100.0,24.5,10^-4.83447,,,,,[2055544],0
2055544,1,420098,Stethorus sp. C54,"",eukaryota,false,,,,,,,,,,,,,,,,0.22972129523298448,2,,,100.0,24.5,10^-4.83447,,,,,,0
416406,2,416406,Tenuipalpus,"",eukaryota,false,,,,0.11486064761649224,1,,,96.0,75.0,10^-33.179,,,,,,,,,,,,,,,,,[2051771],0
2051771,1,416406,Tenuipalpus sp. AD1957,"",eukaryota,false,,,,0.11486064761649224,1,,,96.0,75.0,10^-33.179,,,,,,,,,,,,,,,,,,0
414933,2,414933,Phosphuga,"",eukaryota,false,,,,0.45944259046596897,4,,,91.3065,48.0,10^-14.5045,,,,,,,,,,,,,,,,,[414934],0
414934,1,414933,Phosphuga atrata,"",eukaryota,false,,,,0.45944259046596897,4,,,91.3065,48.0,10^-14.5045,,,,,,,,,,,,,,,,,,0
414833,2,414833,Meliscaeva,"",eukaryota,false,,,,0.45944259046596897,4,,,89.1517,65.25,10^-22.4346,,,,,,,,,,,,,,,,,[431829],0
431829,1,414833,Meliscaeva auricollis,"",eukaryota,false,,,,0.45944259046596897,4,,,89.1517,65.25,10^-22.4346,,,,,,,,,,,,,,,,,,0
414821,2,414821,Leucopodella,"",eukaryota,false,,,,0.11486064761649224,1,,,92.5,40.0,10^-10.8079,,,,,,,,,,,,,,,,,[1655268],0
1655268,1,414821,Leucopodella sp. GFGM-2015,"",eukaryota,false,,,,0.11486064761649224,1,,,92.5,40.0,10^-10.8079,,,,,,,,,,,,,,,,,,0
414813,2,414813,Epistrophella,"",eukaryota,false,,,,0.11486064761649224,1,,,93.75,64.0,10^-25.6999,,,,,,,,,,,,,,,,,[414814],0
414814,1,414813,Epistrophella euchroma,"",eukaryota,false,,,,0.11486064761649224,1,,,93.75,64.0,10^-25.6999,,,,,,,,,,,,,,,,,,0
414810,2,414810,Epistrophe,"",eukaryota,false,,,,0.5743032380824612,5,,,92.5522,46.8,10^-14.5899,,,,,,,,,,,,,,,,,"[1352479, 1124511]",0
1352479,1,414810,Epistrophe grossulariae,"",eukaryota,false,,,,0.34458194284947674,3,,,92.5727,42.0,10^-11.7086,,,,,,,,,,,,,,,,,,0
1124511,1,414810,Epistrophe eligans,"",eukaryota,false,,,,0.22972129523298448,2,,,92.5215,54.0,10^-18.9119,,,,,,,,,,,,,,,,,,0
414800,2,414800,Dasysyrphus,"",eukaryota,false,,,,0.22972129523298448,2,,,87.546,53.5,10^-14.4678,,,,,,,,,,,,,,,,,[414801],0
414801,1,414800,Dasysyrphus albostriatus,"",eukaryota,false,,,,0.22972129523298448,2,,,87.546,53.5,10^-14.4678,,,,,,,,,,,,,,,,,,0
414371,2,414371,Aureimonas,"",bacteria,false,,,,0.5743032380824612,5,,,96.7866,67.4,10^-30.7691,,,,,,,,,,,,,,,,,"[2826993, 1638163, 1638161]",0
2826993,1,414371,Aureimonas sp. SA4125,"",bacteria,false,,,,0.22972129523298448,2,,,96.7105,76.0,10^-35.918,,,,,,,,,,,,,,,,,,0
1638163,1,414371,Aureimonas sp. AU4,"",bacteria,false,,,,0.22972129523298448,2,,,97.8875,73.5,10^-35.5897,,,,,,,,,,,,,,,,,,0
1638161,1,414371,Aureimonas sp. AU12,"",bacteria,false,,,,0.11486064761649224,1,,,94.737,38.0,10^-10.8302,,,,,,,,,,,,,,,,,,0
407951,2,407951,Neofusicoccum,"",eukaryota,false,,,,0.34458194284947674,3,,,95.1153,74.6667,10^-33.4097,,,,,,,,,,,,,,,,,"[310453, 121618, 45134]",0
310453,1,407951,Neofusicoccum parvum,"",eukaryota,false,,,,0.11486064761649224,1,,,98.667,75.0,10^-37.2961,,,,,,,,,,,,,,,,,,0
121618,1,407951,Neofusicoccum laricinum,"",eukaryota,false,,,,0.11486064761649224,1,,,90.789,76.0,10^-29.7423,,,,,,,,,,,,,,,,,,0
45134,1,407951,Neofusicoccum ribis,"",eukaryota,false,,,,0.11486064761649224,1,,,95.89,73.0,10^-33.1908,,,,,,,,,,,,,,,,,,0
405031,2,405031,Brenthis,"",eukaryota,false,,,,0.5743032380824612,5,,,91.9144,50.8,10^-16.2111,,,,,,0.34458194284947674,3,,,91.3,24.0,10^-4.98922,,,,,"[405034, 405033, 405032]",0
405034,1,405031,Brenthis ino,lesser marbled fritillary,eukaryota,false,,,,0.11486064761649224,1,,,97.368,38.0,10^-12.2026,,,,,,0.34458194284947674,3,,,91.3,24.0,10^-4.98922,,,,,,0
405033,1,405031,Brenthis hecate,twin-spot fritillary,eukaryota,false,,,,0.22972129523298448,2,,,88.2515,59.0,10^-18.8922,,,,,,,,,,,,,,,,,,0
405032,1,405031,Brenthis daphne,marbled fritillary,eukaryota,false,,,,0.22972129523298448,2,,,92.8505,49.0,10^-15.5343,,,,,,,,,,,,,,,,,,0
399044,2,399044,Notodromas,"",eukaryota,false,,,,,,,,,,,,,,,,0.11486064761649224,1,,,100.0,25.0,10^-5.12263,,,,,[399045],0
399045,1,399044,Notodromas monacha,"",eukaryota,false,,,,,,,,,,,,,,,,0.11486064761649224,1,,,100.0,25.0,10^-5.12263,,,,,,0
397141,2,397141,Exechiopsis,"",eukaryota,false,,,,,,,,,,,,,,,,0.11486064761649224,1,,,100.0,24.0,10^-7.02826,,,,,[2565952],0
2565952,1,397141,Exechiopsis seducta,"",eukaryota,false,,,,,,,,,,,,,,,,0.11486064761649224,1,,,100.0,24.0,10^-7.02826,,,,,,0
397124,2,397124,Allodia,"",eukaryota,false,,,,,,,,,,,,,,,,0.11486064761649224,1,,,100.0,25.0,10^-6.86012,,,,,[1601811],0
1601811,1,397124,Allodia ornaticollis,"",eukaryota,false,,,,,,,,,,,,,,,,0.11486064761649224,1,,,100.0,25.0,10^-6.86012,,,,,,0
395331,2,395331,Methanoregula,"",archaea,false,,,,,,,,,,,,,,,,0.11486064761649224,1,,,100.0,21.0,10^-3.41567,,,,,[2052170],0
2052170,1,395331,Methanoregula sp.,"",archaea,false,,,,,,,,,,,,,,,,0.11486064761649224,1,,,100.0,21.0,10^-3.41567,,,,,,0
393392,2,393392,Macaria,"",eukaryota,false,,,,0.11486064761649224,1,,,86.364,66.0,10^-20.197,,,,,,,,,,,,,,,,,[688445],0
688445,1,393392,Macaria notata,"",eukaryota,false,,,,0.11486064761649224,1,,,86.364,66.0,10^-20.197,,,,,,,,,,,,,,,,,,0
388463,2,388463,Edaphobacter,"",bacteria,false,,,,,,,,,,,,,,,,0.34458194284947674,3,,,91.8333,24.3333,10^-5.98447,,,,,"[2259016, 570835]",0
2259016,1,388463,Edaphobacter bradus,"",bacteria,false,,,,,,,,,,,,,,,,0.22972129523298448,2,,,91.9,24.5,10^-6.13574,,,,,,0
570835,1,388463,Edaphobacter aggregans,"",bacteria,false,,,,,,,,,,,,,,,,0.11486064761649224,1,,,91.7,24.0,10^-5.68194,,,,,,0
370604,2,370604,Lamprigera,"",eukaryota,false,,,,,,,,,,,,,,,,0.5743032380824612,5,,,94.16,24.2,10^-6.26325,,,,,[370605],0
370605,1,370604,Lamprigera yunnana,"",eukaryota,false,,,,,,,,,,,,,,,,0.5743032380824612,5,,,94.16,24.2,10^-6.26325,,,,,,0
369248,2,369248,Vollenhovia,"",eukaryota,false,,,,0.11486064761649224,1,,,91.071,56.0,10^-18.896,,,,,,0.22972129523298448,2,,,80.0,25.0,10^-5.56744,,,,,[411798],0
411798,1,369248,Vollenhovia emeryi,"",eukaryota,false,,,,0.11486064761649224,1,,,91.071,56.0,10^-18.896,,,,,,0.22972129523298448,2,,,80.0,25.0,10^-5.56744,,,,,,0
369122,2,369122,Dinoponera,"",eukaryota,false,,,,0.22972129523298448,2,,,86.291,58.0,10^-16.1472,,,,,,0.11486064761649224,1,,,88.0,25.0,10^-5.65561,,,,,[609295],0
609295,1,369122,Dinoponera quadriceps,"",eukaryota,false,,,,0.22972129523298448,2,,,86.291,58.0,10^-16.1472,,,,,,0.11486064761649224,1,,,88.0,25.0,10^-5.65561,,,,,,0
364409,2,364409,Granulibacter,"",bacteria,false,,,,0.34458194284947674,3,,,92.326,72.6667,10^-29.305,,,,,,,,,,,,,,,,,[364410],0
364410,1,364409,Granulibacter bethesdensis,"",bacteria,false,,,,0.34458194284947674,3,,,92.326,72.6667,10^-29.305,,,,,,,,,,,,,,,,,,0
361607,2,361607,Patulibacter,"",bacteria,false,,,,0.11486064761649224,1,,,97.333,75.0,10^-35.9238,,,,,,,,,,,,,,,,,[1097667],0
1097667,1,361607,Patulibacter medicamentivorans,"",bacteria,false,,,,0.11486064761649224,1,,,97.333,75.0,10^-35.9238,,,,,,,,,,,,,,,,,,0
358905,2,358905,Serendipita,"",eukaryota,false,,,,,,,,,,,,,,,,0.11486064761649224,1,,,100.0,24.0,10^-8.34582,,,,,[109899],0
109899,1,358905,Serendipita vermifera,"",eukaryota,false,,,,,,,,,,,,,,,,0.11486064761649224,1,,,100.0,24.0,10^-8.34582,,,,,,0
355586,2,355586,Nesidiocoris,"",eukaryota,false,,,,,,,,,,,,,,,,0.9188851809319379,8,,,93.825,24.5,10^-6.3884,,,,,[355587],0
355587,1,355586,Nesidiocoris tenuis,"",eukaryota,false,,,,,,,,,,,,,,,,0.9188851809319379,8,,,93.825,24.5,10^-6.3884,,,,,,0
353823,2,353823,Dasytes,"",eukaryota,false,,,,,,,,,,,,,,,,0.11486064761649224,1,,,100.0,25.0,10^-5.20066,,,,,[2072882],0
2072882,1,353823,Dasytes sp. CSR115,"",eukaryota,false,,,,,,,,,,,,,,,,0.11486064761649224,1,,,100.0,25.0,10^-5.20066,,,,,,0
351532,2,351532,Schizotus,"",eukaryota,false,,,,0.22972129523298448,2,,,87.8745,63.5,10^-20.5655,,,,,,,,,,,,,,,,,[351686],0
351686,1,351532,Schizotus pectinicornis,"",eukaryota,false,,,,0.22972129523298448,2,,,87.8745,63.5,10^-20.5655,,,,,,,,,,,,,,,,,,0
347808,2,347808,Ethmia,"",eukaryota,false,,,,,,,,,,,,,,,,0.11486064761649224,1,,,100.0,25.0,10^-7.47366,,,,,[753178],0
753178,1,347808,Ethmia pusiella,"",eukaryota,false,,,,,,,,,,,,,,,,0.11486064761649224,1,,,100.0,25.0,10^-7.47366,,,,,,0
347753,2,347753,Oegoconia,"",eukaryota,false,,,,0.22972129523298448,2,,,92.9565,53.0,10^-18.2519,,,,,,,,,,,,,,,,,[347754],0
347754,1,347753,Oegoconia quadripuncta,"",eukaryota,false,,,,0.22972129523298448,2,,,92.9565,53.0,10^-18.2519,,,,,,,,,,,,,,,,,,0
347458,2,347458,Salpingus,"",eukaryota,false,,,,0.9188851809319379,8,,,92.5214,55.75,10^-19.2587,,,,,,,,,,,,,,,,,[577144],0
577144,1,347458,Salpingus planirostris,"",eukaryota,false,,,,0.9188851809319379,8,,,92.5214,55.75,10^-19.2587,,,,,,,,,,,,,,,,,,0
347452,2,347452,Rhyzobius,"",eukaryota,false,,,,0.11486064761649224,1,,,85.526,76.0,10^-24.2529,,,,,,,,,,,,,,,,,[2055522],0
2055522,1,347452,Rhyzobius sp. C28,"",eukaryota,false,,,,0.11486064761649224,1,,,85.526,76.0,10^-24.2529,,,,,,,,,,,,,,,,,,0
347423,2,347423,Othius,"",eukaryota,false,,,,18.837146209104727,164,1,163,94.2497,51.9,10^-10.0644,,,,,,,,,,,,,,,,,[347424],0
347424,1,347423,Othius punctulatus,"",eukaryota,false,,,,18.837146209104727,164,1,163,94.2497,51.9,10^-10.0644,,,,,,,,,,,,,,,,,,0
347421,2,347421,Orthoperus,"",eukaryota,false,,,,,,,,,,,,,,,,0.11486064761649224,1,,,92.0,25.0,10^-4.70333,,,,,[2055480],0
2055480,1,347421,Orthoperus sp. INB209,"",eukaryota,false,,,,,,,,,,,,,,,,0.11486064761649224,1,,,92.0,25.0,10^-4.70333,,,,,,0
347361,2,347361,Hermaeophaga,"",eukaryota,false,,,,0.45944259046596897,4,,,87.687,50.75,10^-13.6279,,,,,,,,,,,,,,,,,[347362],0
347362,1,347361,Hermaeophaga mercurialis,"",eukaryota,false,,,,0.45944259046596897,4,,,87.687,50.75,10^-13.6279,,,,,,,,,,,,,,,,,,0
347358,2,347358,Halyzia,"",eukaryota,false,,,,0.11486064761649224,1,,,94.444,36.0,10^-9.48129,,,,,,,,,,,,,,,,,[347359],0
347359,1,347358,Halyzia sedecimguttata,orange ladybird,eukaryota,false,,,,0.11486064761649224,1,,,94.444,36.0,10^-9.48129,,,,,,,,,,,,,,,,,,0
344209,2,344209,Cleora,"",eukaryota,false,,,,0.22972129523298448,2,,,95.96,73.5,10^-33.5311,,,,,,,,,,,,,,,,,[2821737],0
2821737,1,344209,Cleora sp. 2 LMR-2021a,"",eukaryota,false,,,,0.22972129523298448,2,,,95.96,73.5,10^-33.5311,,,,,,,,,,,,,,,,,,0
343801,2,343801,Lycostomus,"",eukaryota,false,,,,,,,,,,,,,,,,0.11486064761649224,1,,,95.8,24.0,10^-5.04287,,,,,[2548320],0
2548320,1,343801,Lycostomus kraatzi,"",eukaryota,false,,,,,,,,,,,,,,,,0.11486064761649224,1,,,95.8,24.0,10^-5.04287,,,,,,0
343581,2,343581,Hermetia,"",eukaryota,false,,,,1.0337458285484302,9,,,90.2272,60.3333,10^-20.3228,,,,,,4.709286552276182,41,,,95.6293,24.2927,10^-5.6619,,,,,[343691],0
343691,1,343581,Hermetia illucens,black soldier fly,eukaryota,false,,,,1.0337458285484302,9,,,90.2272,60.3333,10^-20.3228,,,,,,4.709286552276182,41,,,95.6293,24.2927,10^-5.6619,,,,,,0
338156,2,338156,Diamesa,"",eukaryota,false,,,,,,,,,,,,,,,,0.11486064761649224,1,,,100.0,24.0,10^-4.84771,,,,,[1751540],0
1751540,1,338156,Diamesa zernyi,"",eukaryota,false,,,,,,,,,,,,,,,,0.11486064761649224,1,,,100.0,24.0,10^-4.84771,,,,,,0
334624,2,334624,Oppiella,"",eukaryota,false,,,,,,,,,,,,,,,,0.11486064761649224,1,,,100.0,24.0,10^-6.47886,,,,,[334625],0
334625,1,334624,Oppiella nova,"",eukaryota,false,,,,,,,,,,,,,,,,0.11486064761649224,1,,,100.0,24.0,10^-6.47886,,,,,,0
333886,2,333886,Drilonius,"",eukaryota,false,,,,,,,,,,,,,,,,0.11486064761649224,1,,,80.0,25.0,10^-3.34199,,,,,[2055400],0
2055400,1,333886,Drilonius sp. INB129,"",eukaryota,false,,,,,,,,,,,,,,,,0.11486064761649224,1,,,80.0,25.0,10^-3.34199,,,,,,0
330843,2,330843,Ampulex,"",eukaryota,false,,,,,,,,,,,,,,,,0.34458194284947674,3,,,100.0,24.0,10^-6.17749,,,,,[860918],0
860918,1,330843,Ampulex compressa,"",eukaryota,false,,,,,,,,,,,,,,,,0.34458194284947674,3,,,100.0,24.0,10^-6.17749,,,,,,0
326961,2,326961,Scotopteryx,"",eukaryota,false,,,,0.11486064761649224,1,,,90.789,76.0,10^-29.7423,,,,,,,,,,,,,,,,,[987009],0
987009,1,326961,Scotopteryx bipunctaria,"",eukaryota,false,,,,0.11486064761649224,1,,,90.789,76.0,10^-29.7423,,,,,,,,,,,,,,,,,,0
326956,2,326956,Thera,"",eukaryota,false,,,,0.22972129523298448,2,,,93.9775,42.0,10^-12.8458,,,,,,,,,,,,,,,,,[987013],0
987013,1,326956,Thera britannica,"",eukaryota,false,,,,0.22972129523298448,2,,,93.9775,42.0,10^-12.8458,,,,,,,,,,,,,,,,,,0
326944,2,326944,Perizoma,"",eukaryota,false,,,,0.11486064761649224,1,,,88.406,69.0,10^-23.6086,,,,,,,,,,,,,,,,,[934819],0
934819,1,326944,Perizoma flavofasciatum,"",eukaryota,false,,,,0.11486064761649224,1,,,88.406,69.0,10^-23.6086,,,,,,,,,,,,,,,,,,0
326606,2,326606,Annulohypoxylon,"",eukaryota,false,,,,0.45944259046596897,4,,,97.5263,69.5,10^-32.5325,,,,,,,,,,,,,,,,,[326628],0
326628,1,326606,Annulohypoxylon stygium,"",eukaryota,false,,,,0.45944259046596897,4,,,97.5263,69.5,10^-32.5325,,,,,,,,,,,,,,,,,,0
324624,2,324624,Orphella,"",eukaryota,false,,,,0.11486064761649224,1,,,86.486,74.0,10^-24.2644,,,,,,,,,,,,,,,,,[324625],0
324625,1,324624,Orphella haysii,"",eukaryota,false,,,,0.11486064761649224,1,,,86.486,74.0,10^-24.2644,,,,,,,,,,,,,,,,,,0
320959,2,320959,Tetanocera,"",eukaryota,false,,,,0.11486064761649224,1,,,97.222,36.0,10^-10.8537,,,,,,,,,,,,,,,,,[320963],0
320963,1,320959,Tetanocera ferruginea,"",eukaryota,false,,,,0.11486064761649224,1,,,97.222,36.0,10^-10.8537,,,,,,,,,,,,,,,,,,0
320496,2,320496,Neoasaia,"",bacteria,false,,,,0.11486064761649224,1,,,89.474,76.0,10^-28.37,,,,,,,,,,,,,,,,,[320497],0
320497,1,320496,Neoasaia chiangmaiensis,"",bacteria,false,,,,0.11486064761649224,1,,,89.474,76.0,10^-28.37,,,,,,,,,,,,,,,,,,0
320465,2,320465,Aromia,"",eukaryota,false,,,,,,,,,,,,,,,,0.34458194284947674,3,,,88.5667,23.6667,10^-4.8202,,,,,[1265417],0
1265417,1,320465,Aromia moschata,"",eukaryota,false,,,,,,,,,,,,,,,,0.34458194284947674,3,,,88.5667,23.6667,10^-4.8202,,,,,,0
320360,2,320360,Taiwanofungus,"",eukaryota,false,,,,0.11486064761649224,1,,,98.684,76.0,10^-37.9766,,,,,,,,,,,,,,,,,[2696576],0
2696576,1,320360,Taiwanofungus camphoratus,"",eukaryota,false,,,,0.11486064761649224,1,,,98.684,76.0,10^-37.9766,,,,,,,,,,,,,,,,,,0
320101,2,320101,Conistra,"",eukaryota,false,,,,0.22972129523298448,2,,,74.833,73.5,10^-12.2592,,,,,,,,,,,,,,,,,[706635],0
706635,1,320101,Conistra vaccinii,"",eukaryota,false,,,,0.22972129523298448,2,,,74.833,73.5,10^-12.2592,,,,,,,,,,,,,,,,,,0
320089,2,320089,Phlogophora,"",eukaryota,false,,,,0.11486064761649224,1,,,95.122,41.0,10^-12.8557,,,,,,,,,,,,,,,,,[875884],0
875884,1,320089,Phlogophora meticulosa,"",eukaryota,false,,,,0.11486064761649224,1,,,95.122,41.0,10^-12.8557,,,,,,,,,,,,,,,,,,0
320087,2,320087,Euplexia,"",eukaryota,false,,,,0.11486064761649224,1,,,87.324,71.0,10^-23.5962,,,,,,,,,,,,,,,,,[987933],0
987933,1,320087,Euplexia lucipara,"",eukaryota,false,,,,0.11486064761649224,1,,,87.324,71.0,10^-23.5962,,,,,,,,,,,,,,,,,,0
320076,2,320076,Caradrina,"",eukaryota,false,,,,0.22972129523298448,2,,,92.0295,52.5,10^-17.2158,,,,,,,,,,,,,,,,,[987895],0
987895,1,320076,Caradrina clavipalpis,"",eukaryota,false,,,,0.22972129523298448,2,,,92.0295,52.5,10^-17.2158,,,,,,,,,,,,,,,,,,0
320033,2,320033,Diarsia,"",eukaryota,false,,,,0.45944259046596897,4,,,92.137,49.75,10^-16.0497,,,,,,,,,,,,,,,,,"[987925, 987924, 987923]",0
987925,1,320033,Diarsia rubi,"",eukaryota,false,,,,0.11486064761649224,1,,,92.308,39.0,10^-10.1327,,,,,,,,,,,,,,,,,,0
987924,1,320033,Diarsia mendica,"",eukaryota,false,,,,0.11486064761649224,1,,,92.0,75.0,10^-30.4343,,,,,,,,,,,,,,,,,,0
987923,1,320033,Diarsia brunnea,"",eukaryota,false,,,,0.22972129523298448,2,,,92.12,42.5,10^-11.816,,,,,,,,,,,,,,,,,,0
320016,2,320016,Xestia,"",eukaryota,false,,,,0.11486064761649224,1,,,89.13,46.0,10^-12.1196,,,,,,,,,,,,,,,,,[987431],0
987431,1,320016,Xestia c-nigrum,spotted cutworm,eukaryota,false,,,,0.11486064761649224,1,,,89.13,46.0,10^-12.1196,,,,,,,,,,,,,,,,,,0
319982,2,319982,Diloba,"",eukaryota,false,,,,0.34458194284947674,3,,,94.0407,50.6667,10^-18.0283,,,,,,,,,,,,,,,,,[987926],0
987926,1,319982,Diloba caeruleocephala,"",eukaryota,false,,,,0.34458194284947674,3,,,94.0407,50.6667,10^-18.0283,,,,,,,,,,,,,,,,,,0
319798,2,319798,Euproctis,"",eukaryota,false,,,,0.22972129523298448,2,,,88.816,57.0,10^-18.9139,,,,,,,,,,,,,,,,,[987935],0
987935,1,319798,Euproctis similis,"",eukaryota,false,,,,0.22972129523298448,2,,,88.816,57.0,10^-18.9139,,,,,,,,,,,,,,,,,,0
318808,2,318808,Acholoe,"",eukaryota,false,,,,0.34458194284947674,3,,,89.3147,39.0,10^-8.3041,,,,,,,,,,,,,,,,,[2922911],0
2922911,1,318808,Acholoe squamosa,"",eukaryota,false,,,,0.34458194284947674,3,,,89.3147,39.0,10^-8.3041,,,,,,,,,,,,,,,,,,0
317800,2,317800,Opifex,"",eukaryota,false,,,,0.11486064761649224,1,,,90.0,70.0,10^-25.6609,,,,,,1.4931884190143991,13,1,13,94.444,72.0,10^-45.8416,,,,,[704161],0
704161,1,317800,Opifex fuscus,"",eukaryota,false,,,,0.11486064761649224,1,,,90.0,70.0,10^-25.6609,,,,,,1.4931884190143991,13,1,13,94.444,72.0,10^-45.8416,,,,,,0
315556,2,315556,Clunio,"",eukaryota,false,,,,,,,,,,,,,,,,3.6755407237277518,32,,,95.1781,24.2188,10^-5.13576,,,,,[568069],0
568069,1,315556,Clunio marinus,"",eukaryota,false,,,,,,,,,,,,,,,,3.6755407237277518,32,,,95.1781,24.2188,10^-5.13576,,,,,,0
311453,2,311453,Anncaliia,"",eukaryota,false,,,,0.34458194284947674,3,,,97.9577,49.0,10^-19.6404,,,,,,,,,,,,,,,,,[723287],1
723287,1,311453,Anncaliia algerae,"",eukaryota,false,,,,0.34458194284947674,3,,,97.9577,49.0,10^-19.6404,,,,,,,,,,,,,,,,,,1
311085,2,311085,Gnathotriche,"",eukaryota,false,,,,0.11486064761649224,1,,,94.118,68.0,10^-28.4183,,,,,,,,,,,,,,,,,[436426],0
436426,1,311085,Gnathotriche mundina,"",eukaryota,false,,,,0.11486064761649224,1,,,94.118,68.0,10^-28.4183,,,,,,,,,,,,,,,,,,0
308926,2,308926,Diversispora,"",eukaryota,false,,,,,,,,,,,,,,,,0.22972129523298448,2,,,97.9,24.0,10^-8.25719,,,,,[1348612],0
1348612,1,308926,Diversispora epigaea,"",eukaryota,false,,,,,,,,,,,,,,,,0.22972129523298448,2,,,97.9,24.0,10^-8.25719,,,,,,0
308865,2,308865,Elizabethkingia,"",bacteria,false,,,,0.11486064761649224,1,,,100.0,76.0,10^-39.3489,,,,,,,,,,,,,,,,,[1117645],1
1117645,1,308865,Elizabethkingia anophelis,"",bacteria,false,,,,0.11486064761649224,1,,,100.0,76.0,10^-39.3489,,,,,,,,,,,,,,,,,,1
308736,2,308736,Mimomyia,"",eukaryota,false,,,,0.11486064761649224,1,,,94.872,39.0,10^-11.5051,,,,,,,,,,,,,,,,,[2563599],0
2563599,1,308736,Mimomyia mediolineata,"",eukaryota,false,,,,0.11486064761649224,1,,,94.872,39.0,10^-11.5051,,,,,,,,,,,,,,,,,,0
305546,2,305546,Thecophora,"",eukaryota,false,,,,0.34458194284947674,3,,,90.2753,58.3333,10^-19.5748,,,,,,,,,,,,,,,,,[1219171],0
1219171,1,305546,Thecophora atra,"",eukaryota,false,,,,0.34458194284947674,3,,,90.2753,58.3333,10^-19.5748,,,,,,,,,,,,,,,,,,0
302414,2,302414,Floracarus,"",eukaryota,false,,,,0.11486064761649224,1,,,97.5,40.0,10^-13.5526,,,,,,,,,,,,,,,,,[1454454],0
1454454,1,302414,Floracarus sp. 18sr84,"",eukaryota,false,,,,0.11486064761649224,1,,,97.5,40.0,10^-13.5526,,,,,,,,,,,,,,,,,,0
300110,2,300110,Temnothorax,"",eukaryota,false,,,,0.11486064761649224,1,,,91.667,48.0,10^-14.8458,,,,,,0.5743032380824612,5,,,90.4,23.4,10^-4.9736,,,,,"[300112, 300111]",0
300112,1,300110,Temnothorax longispinosus,"",eukaryota,false,,,,,,,,,,,,,,,,0.22972129523298448,2,,,96.0,24.5,10^-5.96121,,,,,,0
300111,1,300110,Temnothorax curvispinosus,"",eukaryota,false,,,,0.11486064761649224,1,,,91.667,48.0,10^-14.8458,,,,,,0.34458194284947674,3,,,86.6667,22.6667,10^-4.31519,,,,,,0
298272,2,298272,Orchestes,"",eukaryota,false,,,,0.34458194284947674,3,,,92.1343,52.0,10^-17.1141,,,,,,,,,,,,,,,,,[878341],0
878341,1,298272,Orchestes rusci,"",eukaryota,false,,,,0.34458194284947674,3,,,92.1343,52.0,10^-17.1141,,,,,,,,,,,,,,,,,,0
297978,2,297978,Mesopsocus,"",eukaryota,false,,,,0.11486064761649224,1,,,84.211,38.0,10^-5.3407,,,,,,,,,,,,,,,,,[2866285],0
2866285,1,297978,Mesopsocus fuscifrons,"",eukaryota,false,,,,0.11486064761649224,1,,,84.211,38.0,10^-5.3407,,,,,,,,,,,,,,,,,,0
295994,2,295994,Anaspis,"",eukaryota,false,,,,0.45944259046596897,4,,,92.5225,59.25,10^-21.8059,,,,,,,,,,,,,,,,,[295995],0
295995,1,295994,Anaspis maculata,"",eukaryota,false,,,,0.45944259046596897,4,,,92.5225,59.25,10^-21.8059,,,,,,,,,,,,,,,,,,0
295984,2,295984,Pyrochroa,"",eukaryota,false,,,,0.11486064761649224,1,,,90.0,50.0,10^-14.8281,,,,,,,,,,,,,,,,,[346838],0
346838,1,295984,Pyrochroa serraticornis,"",eukaryota,false,,,,0.11486064761649224,1,,,90.0,50.0,10^-14.8281,,,,,,,,,,,,,,,,,,0
295822,2,295822,Sericoderus,"",eukaryota,false,,,,,,,,,,,,,,,,0.11486064761649224,1,,,79.2,24.0,10^-6.19791,,,,,[2055534],0
2055534,1,295822,Sericoderus sp. CSR014,"",eukaryota,false,,,,,,,,,,,,,,,,0.11486064761649224,1,,,79.2,24.0,10^-6.19791,,,,,,0
295699,2,295699,Malachius,"",eukaryota,false,,,,0.11486064761649224,1,,,89.062,64.0,10^-21.5828,,,,,,,,,,,,,,,,,[295700],0
295700,1,295699,Malachius bipustulatus,"",eukaryota,false,,,,0.11486064761649224,1,,,89.062,64.0,10^-21.5828,,,,,,,,,,,,,,,,,,0
295523,2,295523,Derodontus,"",eukaryota,false,,,,,,,,,,,,,,,,0.11486064761649224,1,,,95.8,24.0,10^-8.36251,,,,,[2055390],0
2055390,1,295523,Derodontus sp. CSR091,"",eukaryota,false,,,,,,,,,,,,,,,,0.11486064761649224,1,,,95.8,24.0,10^-8.36251,,,,,,0
294691,2,294691,Psylliodes,"",eukaryota,false,,,,0.34458194284947674,3,,,88.0657,61.6667,10^-19.5565,,,,,,0.34458194284947674,3,,,92.0,24.3333,10^-4.76909,,,,,[2598218],0
2598218,1,294691,Psylliodes chrysocephala,"",eukaryota,false,,,,0.34458194284947674,3,,,88.0657,61.6667,10^-19.5565,,,,,,0.34458194284947674,3,,,92.0,24.3333,10^-4.76909,,,,,,0
293340,2,293340,Grapholita,"",eukaryota,false,,,,0.45944259046596897,4,,,89.6285,70.75,10^-25.4874,,,,,,,,,,,,,,,,,[192188],0
192188,1,293340,Grapholita molesta,oriental fruit moth,eukaryota,false,,,,0.45944259046596897,4,,,89.6285,70.75,10^-25.4874,,,,,,,,,,,,,,,,,,0
292570,2,292570,Euclidia,"",eukaryota,false,,,,0.45944259046596897,4,,,93.141,54.75,10^-18.76,,,,,,,,,,,,,,,,,[938167],0
938167,1,292570,Euclidia mi,"",eukaryota,false,,,,0.45944259046596897,4,,,93.141,54.75,10^-18.76,,,,,,,,,,,,,,,,,,0
290678,2,290678,Cetonia,"",eukaryota,false,,,,0.11486064761649224,1,,,84.722,72.0,10^-21.5316,,,,,,,,,,,,,,,,,[290679],0
290679,1,290678,Cetonia aurata,"",eukaryota,false,,,,0.11486064761649224,1,,,84.722,72.0,10^-21.5316,,,,,,,,,,,,,,,,,,0
290671,2,290671,Ocypus,"",eukaryota,false,,,,0.9188851809319379,8,,,88.9026,44.5,10^-11.1084,,,,,,,,,,,,,,,,,[662956],0
662956,1,290671,Ocypus olens,"",eukaryota,false,,,,0.9188851809319379,8,,,88.9026,44.5,10^-11.1084,,,,,,,,,,,,,,,,,,0
290403,2,290403,Eupeodes,"",eukaryota,false,,,,1.2634671237814146,11,,,88.9326,62.2727,10^-20.4149,,,,,,2.871516190412306,25,,,94.72,24.36,10^-5.27094,,,,,[290404],0
290404,1,290403,Eupeodes corollae,"",eukaryota,false,,,,1.2634671237814146,11,,,88.9326,62.2727,10^-20.4149,,,,,,2.871516190412306,25,,,94.72,24.36,10^-5.27094,,,,,,0
289280,2,289280,Arctia,"",eukaryota,false,,,,,,,,,,,,,,,,0.34458194284947674,3,,,100.0,24.0,10^-5.46261,,,,,[874455],0
874455,1,289280,Arctia plantaginis,"",eukaryota,false,,,,,,,,,,,,,,,,0.34458194284947674,3,,,100.0,24.0,10^-5.46261,,,,,,0
289241,2,289241,Platypeza,"",eukaryota,false,,,,0.11486064761649224,1,,,90.909,55.0,10^-18.2176,,,,,,,,,,,,,,,,,[289242],0
289242,1,289241,Platypeza consobrina,flat-footed fly,eukaryota,false,,,,0.11486064761649224,1,,,90.909,55.0,10^-18.2176,,,,,,,,,,,,,,,,,,0
288839,2,288839,Prodiamesa,"",eukaryota,false,,,,,,,,,,,,,,,,0.11486064761649224,1,,,100.0,24.0,10^-6.22841,,,,,[288840],0
288840,1,288839,Prodiamesa olivacea,"",eukaryota,false,,,,,,,,,,,,,,,,0.11486064761649224,1,,,100.0,24.0,10^-6.22841,,,,,,0
288802,2,288802,Tanytarsus,"",eukaryota,false,,,,,,,,,,,,,,,,0.22972129523298448,2,,,96.0,25.0,10^-5.97523,,,,,"[2282586, 288885]",0
2282586,1,288802,Tanytarsus motosuensis,"",eukaryota,false,,,,,,,,,,,,,,,,0.11486064761649224,1,,,96.0,25.0,10^-4.4908,,,,,,0
288885,1,288802,Tanytarsus signatus,"",eukaryota,false,,,,,,,,,,,,,,,,0.11486064761649224,1,,,96.0,25.0,10^-7.45967,,,,,,0
287191,2,287191,Sesia,"",eukaryota,false,,,,0.11486064761649224,1,,,77.273,66.0,10^-11.9628,,,,,,,,,,,,,,,,,[748215],0
748215,1,287191,Sesia apiformis,"",eukaryota,false,,,,0.11486064761649224,1,,,77.273,66.0,10^-11.9628,,,,,,,,,,,,,,,,,,0
287110,2,287110,Zygaena,"",eukaryota,false,,,,0.34458194284947674,3,,,94.0633,51.6667,10^-17.8078,,,,,,,,,,,,,,,,,[287375],0
287375,1,287110,Zygaena filipendulae,"",eukaryota,false,,,,0.34458194284947674,3,,,94.0633,51.6667,10^-17.8078,,,,,,,,,,,,,,,,,,0
287107,2,287107,Apoda,"",eukaryota,false,,,,0.22972129523298448,2,,,90.244,41.0,10^-10.111,,,,,,,,,,,,,,,,,[287200],0
287200,1,287107,Apoda limacodes,"",eukaryota,false,,,,0.22972129523298448,2,,,90.244,41.0,10^-10.111,,,,,,,,,,,,,,,,,,0
286705,2,286705,Halyomorpha,"",eukaryota,false,,,,,,,,,,,,,,,,0.34458194284947674,3,,,94.6667,24.6667,10^-4.82481,,,,,[286706],0
286706,1,286705,Halyomorpha halys,brown marmorated stink bug,eukaryota,false,,,,,,,,,,,,,,,,0.34458194284947674,3,,,94.6667,24.6667,10^-4.82481,,,,,,0
286498,2,286498,Palloptera,"",eukaryota,false,,,,0.45944259046596897,4,,,89.0352,65.0,10^-21.9243,,,,,,,,,,,,,,,,,[2849646],0
2849646,1,286498,Palloptera scutellata,"",eukaryota,false,,,,0.45944259046596897,4,,,89.0352,65.0,10^-21.9243,,,,,,,,,,,,,,,,,,0
286486,2,286486,Myopa,"",eukaryota,false,,,,1.378327771397907,12,,,88.9525,61.4167,10^-20.0676,,,,,,,,,,,,,,,,,"[2867102, 2829445]",0
2867102,1,286486,Myopa testacea,"",eukaryota,false,,,,0.34458194284947674,3,,,89.9273,72.0,10^-26.5647,,,,,,,,,,,,,,,,,,0
2829445,1,286486,Myopa tessellatipennis,"",eukaryota,false,,,,1.0337458285484302,9,,,88.6276,57.8889,10^-17.902,,,,,,,,,,,,,,,,,,0
286458,2,286458,Episyrphus,"",eukaryota,false,,,,0.5743032380824612,5,,,88.5658,69.6,10^-24.0195,,,,,,2.756655542795814,24,,,96.625,24.4583,10^-5.65064,,,,,[286459],0
286459,1,286458,Episyrphus balteatus,marmalade hoverfly,eukaryota,false,,,,0.5743032380824612,5,,,88.5658,69.6,10^-24.0195,,,,,,2.756655542795814,24,,,96.625,24.4583,10^-5.65064,,,,,,0
286455,2,286455,Conops,"",eukaryota,false,,,,0.34458194284947674,3,,,93.2893,60.3333,10^-23.2262,,,,,,,,,,,,,,,,,[2823188],0
2823188,1,286455,Conops quadrifasciatus,"",eukaryota,false,,,,0.34458194284947674,3,,,93.2893,60.3333,10^-23.2262,,,,,,,,,,,,,,,,,,0
286114,2,286114,Synchytrium,"",eukaryota,false,,,,0.11486064761649224,1,,,96.226,53.0,10^-20.9785,,,,,,,,,,,,,,,,,[1806994],0
1806994,1,286114,Synchytrium microbalum,"",eukaryota,false,,,,0.11486064761649224,1,,,96.226,53.0,10^-20.9785,,,,,,,,,,,,,,,,,,0
285222,2,285222,Dascillus,"",eukaryota,false,,,,0.22972129523298448,2,,,90.346,53.0,10^-16.8664,,,,,,,,,,,,,,,,,[285223],0
285223,1,285222,Dascillus cervinus,orchid beetle,eukaryota,false,,,,0.22972129523298448,2,,,90.346,53.0,10^-16.8664,,,,,,,,,,,,,,,,,,0
284134,2,284134,Sarocladium,"",eukaryota,false,,,,0.9188851809319379,8,,,98.7923,73.625,10^-36.5325,,,,,,,,,,,,,,,,,"[1610689, 1420310, 1385756, 5046]",0
1610689,1,284134,Sarocladium implicatum,"",eukaryota,false,,,,0.11486064761649224,1,,,98.684,76.0,10^-37.9766,,,,,,,,,,,,,,,,,,0
1420310,1,284134,Sarocladium sp. A131,"",eukaryota,false,,,,0.34458194284947674,3,,,97.6567,72.0,10^-34.3407,,,,,,,,,,,,,,,,,,0
1385756,1,284134,Sarocladium spinificis,"",eukaryota,false,,,,0.34458194284947674,3,,,99.5613,73.6667,10^-37.3041,,,,,,,,,,,,,,,,,,0
5046,1,284134,Sarocladium strictum,"",eukaryota,false,,,,0.11486064761649224,1,,,100.0,76.0,10^-39.3489,,,,,,,,,,,,,,,,,,0
283833,2,283833,Deilephila,"",eukaryota,false,,,,0.22972129523298448,2,,,95.1125,40.0,10^-12.1808,,,,,,,,,,,,,,,,,"[644661, 283834]",0
644661,1,283833,Deilephila porcellus,"",eukaryota,false,,,,0.11486064761649224,1,,,92.857,42.0,10^-12.1591,,,,,,,,,,,,,,,,,,0
283834,1,283833,Deilephila elpenor,elephant hawk-moth,eukaryota,false,,,,0.11486064761649224,1,,,97.368,38.0,10^-12.2026,,,,,,,,,,,,,,,,,,0
283168,2,283168,Odoribacter,"",bacteria,false,,,,,,,,,,,,,,,,0.11486064761649224,1,,,87.5,24.0,10^-3.47625,,,,,[28118],0
28118,1,283168,Odoribacter splanchnicus,"",bacteria,false,,,,,,,,,,,,,,,,0.11486064761649224,1,,,87.5,24.0,10^-3.47625,,,,,,0
282132,2,282132,Protochlamydia,"",bacteria,false,,,,,,,,,,,,,,,,0.11486064761649224,1,,,76.0,25.0,10^-3.90658,,,,,[362787],0
362787,1,282132,Candidatus Protochlamydia amoebophila,"",bacteria,false,,,,,,,,,,,,,,,,0.11486064761649224,1,,,76.0,25.0,10^-3.90658,,,,,,0
279439,2,279439,Sisyra,"",eukaryota,false,,,,0.34458194284947674,3,,,87.4057,60.6667,10^-17.9571,,,,,,,,,,,,,,,,,[1560625],0
1560625,1,279439,Sisyra terminalis,"",eukaryota,false,,,,0.34458194284947674,3,,,87.4057,60.6667,10^-17.9571,,,,,,,,,,,,,,,,,,0
279271,2,279271,Leptotrombidium,"",eukaryota,false,,,,,,,,,,,,,,,,0.11486064761649224,1,,,100.0,24.0,10^-4.49349,,,,,[299467],0
299467,1,279271,Leptotrombidium deliense,"",eukaryota,false,,,,,,,,,,,,,,,,0.11486064761649224,1,,,100.0,24.0,10^-4.49349,,,,,,0
271773,2,271773,Alentia,"",eukaryota,false,,,,0.34458194284947674,3,,,87.8653,52.0,10^-14.8325,,,,,,,,,,,,,,,,,[271774],0
271774,1,271773,Alentia gelatinosa,"",eukaryota,false,,,,0.34458194284947674,3,,,87.8653,52.0,10^-14.8325,,,,,,,,,,,,,,,,,,0
271028,2,271028,Anisus,"",eukaryota,false,,,,0.45944259046596897,4,,,89.0253,46.25,10^-11.9487,,,,,,,,,,,,,,,,,[271030],0
271030,1,271028,Anisus vortex,"",eukaryota,false,,,,0.45944259046596897,4,,,89.0253,46.25,10^-11.9487,,,,,,,,,,,,,,,,,,0
270857,2,270857,Neodiprion,"",eukaryota,false,,,,0.11486064761649224,1,,,85.526,76.0,10^-24.2529,,,,,,0.45944259046596897,4,,,100.0,25.0,10^-6.44663,,,,,"[2961670, 2872261, 441921]",0
2961670,1,270857,Neodiprion virginianus,"",eukaryota,false,,,,,,,,,,,,,,,,0.11486064761649224,1,,,100.0,25.0,10^-6.34969,,,,,,0
2872261,1,270857,Neodiprion fabricii,"",eukaryota,false,,,,,,,,,,,,,,,,0.11486064761649224,1,,,100.0,25.0,10^-7.29499,,,,,,0
441921,1,270857,Neodiprion lecontei,redheaded pine sawfly,eukaryota,false,,,,0.11486064761649224,1,,,85.526,76.0,10^-24.2529,,,,,,0.22972129523298448,2,,,100.0,25.0,10^-6.07092,,,,,,0
265382,2,265382,Polyommatus,"",eukaryota,false,,,,0.34458194284947674,3,,,89.727,44.6667,10^-11.6868,,,,,,,,,,,,,,,,,[265386],0
265386,1,265382,Polyommatus icarus,common blue,eukaryota,false,,,,0.34458194284947674,3,,,89.727,44.6667,10^-11.6868,,,,,,,,,,,,,,,,,,0
265359,2,265359,Lycaena,"",eukaryota,false,,,,0.45944259046596897,4,,,90.1265,48.0,10^-13.4858,,,,,,,,,,,,,,,,,[282391],0
282391,1,265359,Lycaena phlaeas,common copper,eukaryota,false,,,,0.45944259046596897,4,,,90.1265,48.0,10^-13.4858,,,,,,,,,,,,,,,,,,0
263139,2,263139,Sitodiplosis,"",eukaryota,false,,,,0.45944259046596897,4,,,92.274,52.5,10^-17.2255,,,,,,3.1012374856452904,27,,,95.2185,24.0741,10^-5.24483,,,,,[263140],0
263140,1,263139,Sitodiplosis mosellana,orange wheat blossom midge,eukaryota,false,,,,0.45944259046596897,4,,,92.274,52.5,10^-17.2255,,,,,,3.1012374856452904,27,,,95.2185,24.0741,10^-5.24483,,,,,,0
262437,2,262437,Agonopterix,"",eukaryota,false,,,,0.45944259046596897,4,,,88.982,56.25,10^-16.6926,,,,,,,,,,,,,,,,,"[1857958, 1594222]",0
1857958,1,262437,Agonopterix subpropinquella,"",eukaryota,false,,,,0.34458194284947674,3,,,91.011,49.6667,10^-15.0874,,,,,,,,,,,,,,,,,,0
1594222,1,262437,Agonopterix arenella,"",eukaryota,false,,,,0.11486064761649224,1,,,82.895,76.0,10^-21.5081,,,,,,,,,,,,,,,,,,0
261933,2,261933,Pleomorphomonas,"",bacteria,false,,,,,,,,,,,,,,,,0.11486064761649224,1,,,95.5,22.0,10^-5.75945,,,,,[442121],0
442121,1,261933,uncultured Pleomorphomonas sp.,"",bacteria,false,,,,,,,,,,,,,,,,0.11486064761649224,1,,,95.5,22.0,10^-5.75945,,,,,,0
259541,2,259541,Plakobranchus,"",eukaryota,false,,,,0.11486064761649224,1,,,92.0,75.0,10^-30.4343,,,,,,,,,,,,,,,,,[1291176],0
1291176,1,259541,Plakobranchus sp. 'blue' JV-2013,"",eukaryota,false,,,,0.11486064761649224,1,,,92.0,75.0,10^-30.4343,,,,,,,,,,,,,,,,,,0
254717,2,254717,Chrysodeixis,"",eukaryota,false,,,,0.34458194284947674,3,,,94.9937,52.6667,10^-19.857,,,,,,,,,,,,,,,,,[689277],0
689277,1,254717,Chrysodeixis includens,soybean looper,eukaryota,false,,,,0.34458194284947674,3,,,94.9937,52.6667,10^-19.857,,,,,,,,,,,,,,,,,,0
254364,2,254364,Abrostola,"",eukaryota,false,,,,0.11486064761649224,1,,,83.333,66.0,10^-17.4523,,,,,,,,,,,,,,,,,[254365],0
254365,1,254364,Abrostola triplasia,dark spectacle,eukaryota,false,,,,0.11486064761649224,1,,,83.333,66.0,10^-17.4523,,,,,,,,,,,,,,,,,,0
254361,2,254361,Autographa,"",eukaryota,false,,,,0.34458194284947674,3,,,90.4597,64.3333,10^-23.1845,,,,,,,,,,,,,,,,,"[987893, 254363]",0
987893,1,254361,Autographa pulchrina,"",eukaryota,false,,,,0.11486064761649224,1,,,93.333,75.0,10^-31.8067,,,,,,,,,,,,,,,,,,0
254363,1,254361,Autographa gamma,silver Y moth,eukaryota,false,,,,0.22972129523298448,2,,,89.023,59.0,10^-18.8734,,,,,,,,,,,,,,,,,,0
254250,2,254250,Isoptericola,"",bacteria,false,,,,0.34458194284947674,3,,,76.062,62.6667,10^-9.69803,,,,,,0.34458194284947674,3,,,83.8,22.0,10^-4.04971,,,,,"[3024246, 1776856]",0
3024246,1,254250,Isoptericola sp. AK164,"",bacteria,false,,,,0.34458194284947674,3,,,76.062,62.6667,10^-9.69803,,,,,,,,,,,,,,,,,,0
1776856,1,254250,Isoptericola cucumis,"",bacteria,false,,,,,,,,,,,,,,,,0.34458194284947674,3,,,83.8,22.0,10^-4.04971,,,,,,0
253714,2,253714,Macropis,"",eukaryota,false,,,,0.22972129523298448,2,,,90.1315,57.0,10^-18.9139,,,,,,,,,,,,,,,,,[253715],0
253715,1,253714,Macropis europaea,"",eukaryota,false,,,,0.22972129523298448,2,,,90.1315,57.0,10^-18.9139,,,,,,,,,,,,,,,,,,0
252294,2,252294,Carposina,"",eukaryota,false,,,,0.22972129523298448,2,,,92.823,52.0,10^-17.5722,,,,,,,,,,,,,,,,,[252295],0
252295,1,252294,Carposina sasakii,"",eukaryota,false,,,,0.22972129523298448,2,,,92.823,52.0,10^-17.5722,,,,,,,,,,,,,,,,,,0
248453,2,248453,Apolygus,"",eukaryota,false,,,,,,,,,,,,,,,,0.45944259046596897,4,,,94.95,24.25,10^-5.367,,,,,[248454],0
248454,1,248453,Apolygus lucorum,"",eukaryota,false,,,,,,,,,,,,,,,,0.45944259046596897,4,,,94.95,24.25,10^-5.367,,,,,,0
247604,2,247604,Machimus,"",eukaryota,false,,,,0.9188851809319379,8,,,89.8205,63.125,10^-21.0015,,,,,,,,,,,,,,,,,"[2794001, 1717430]",0
2794001,1,247604,Machimus atricapillus,"",eukaryota,false,,,,0.45944259046596897,4,,,87.8333,71.75,10^-24.4515,,,,,,,,,,,,,,,,,,0
1717430,1,247604,Machimus rusticus,"",eukaryota,false,,,,0.45944259046596897,4,,,91.8077,54.5,10^-17.5515,,,,,,,,,,,,,,,,,,0
247592,2,247592,Leptogaster,"",eukaryota,false,,,,0.11486064761649224,1,,,91.525,59.0,10^-20.9319,,,,,,,,,,,,,,,,,[1611566],0
1611566,1,247592,Leptogaster flavipes,"",eukaryota,false,,,,0.11486064761649224,1,,,91.525,59.0,10^-20.9319,,,,,,,,,,,,,,,,,,0
247414,2,247414,Ophonus,"",eukaryota,false,,,,0.34458194284947674,3,,,89.4443,50.0,10^-14.3807,,,,,,,,,,,,,,,,,[247415],0
247415,1,247414,Ophonus ardosiacus,"",eukaryota,false,,,,0.34458194284947674,3,,,89.4443,50.0,10^-14.3807,,,,,,,,,,,,,,,,,,0
246861,2,246861,Grimontia,"",bacteria,false,,,,,,,,,,,,,,,,0.11486064761649224,1,,,100.0,24.0,10^-7.5157,,,,,[1796497],0
1796497,1,246861,Grimontia celer,"",bacteria,false,,,,,,,,,,,,,,,,0.11486064761649224,1,,,100.0,24.0,10^-7.5157,,,,,,0
245896,2,245896,Cis,"",eukaryota,false,,,,,,,,,,,,,,,,0.11486064761649224,1,,,100.0,24.0,10^-6.28567,,,,,[2055360],0
2055360,1,245896,Cis sp. CSR080,"",eukaryota,false,,,,,,,,,,,,,,,,0.11486064761649224,1,,,100.0,24.0,10^-6.28567,,,,,,0
244978,2,244978,Nicoletia,"",eukaryota,false,,,,,,,,,,,,,,,,0.11486064761649224,1,,,100.0,25.0,10^-9.1798,,,,,[1350298],0
1350298,1,244978,Nicoletia phytophila,"",eukaryota,false,,,,,,,,,,,,,,,,0.11486064761649224,1,,,100.0,25.0,10^-9.1798,,,,,,0
244385,2,244385,Hedickiana,"",eukaryota,false,,,,,,,,,,,,,,,,0.11486064761649224,1,,,95.8,24.0,10^-7.33348,,,,,[244386],0
244386,1,244385,Hedickiana levantina,"",eukaryota,false,,,,,,,,,,,,,,,,0.11486064761649224,1,,,95.8,24.0,10^-7.33348,,,,,,0
244373,2,244373,Liposthenes,"",eukaryota,false,,,,,,,,,,,,,,,,0.11486064761649224,1,,,92.0,25.0,10^-6.098,,,,,[244374],0
244374,1,244373,Liposthenes glechomae,"",eukaryota,false,,,,,,,,,,,,,,,,0.11486064761649224,1,,,92.0,25.0,10^-6.098,,,,,,0
242508,2,242508,Dothistroma,"",eukaryota,false,,,,,,,,,,,,,,,,0.11486064761649224,1,,,92.0,25.0,10^-4.79317,,,,,[64363],0
64363,1,242508,Dothistroma septosporum,"",eukaryota,false,,,,,,,,,,,,,,,,0.11486064761649224,1,,,92.0,25.0,10^-4.79317,,,,,,0
242266,2,242266,Plebejus,"",eukaryota,false,,,,0.22972129523298448,2,,,89.4925,61.5,10^-20.5799,,,,,,,,,,,,,,,,,[242267],0
242267,1,242266,Plebejus argus,"",eukaryota,false,,,,0.22972129523298448,2,,,89.4925,61.5,10^-20.5799,,,,,,,,,,,,,,,,,,0
239199,2,239199,Earliella,"",eukaryota,false,,,,0.11486064761649224,1,,,100.0,75.0,10^-38.6685,,,,,,,,,,,,,,,,,[2478900],0
2478900,1,239199,Earliella scabrosa,"",eukaryota,false,,,,0.11486064761649224,1,,,100.0,75.0,10^-38.6685,,,,,,,,,,,,,,,,,,0
237584,2,237584,Teratosphaeria,"",eukaryota,false,,,,,,,,,,,,,,,,0.11486064761649224,1,,,92.0,25.0,10^-4.02641,,,,,[418781],0
418781,1,237584,Teratosphaeria destructans,"",eukaryota,false,,,,,,,,,,,,,,,,0.11486064761649224,1,,,92.0,25.0,10^-4.02641,,,,,,0
237179,2,237179,Sphaerulina,"",eukaryota,false,,,,,,,,,,,,,,,,0.11486064761649224,1,,,91.7,24.0,10^-6.22695,,,,,[85929],0
85929,1,237179,Sphaerulina musiva,"",eukaryota,false,,,,,,,,,,,,,,,,0.11486064761649224,1,,,91.7,24.0,10^-6.22695,,,,,,0
237084,2,237084,Pilophorus,"",eukaryota,false,,,,0.11486064761649224,1,,,100.0,38.0,10^-13.5749,,,,,,,,,,,,,,,,,[881727],0
881727,1,237084,Pilophorus perplexus,"",eukaryota,false,,,,0.11486064761649224,1,,,100.0,38.0,10^-13.5749,,,,,,,,,,,,,,,,,,0
236948,2,236948,Leptopterna,"",eukaryota,false,,,,0.34458194284947674,3,,,90.5063,58.6667,10^-19.7916,,,,,,,,,,,,,,,,,[881489],0
881489,1,236948,Leptopterna dolabrata,"",eukaryota,false,,,,0.34458194284947674,3,,,90.5063,58.6667,10^-19.7916,,,,,,,,,,,,,,,,,,0
236434,2,236434,Geocoris,"",eukaryota,false,,,,,,,,,,,,,,,,0.11486064761649224,1,,,84.0,25.0,10^-5.25493,,,,,[300797],0
300797,1,236434,Geocoris pallidipennis,"",eukaryota,false,,,,,,,,,,,,,,,,0.11486064761649224,1,,,84.0,25.0,10^-5.25493,,,,,,0
234816,2,234816,Auriculariopsis,"",eukaryota,false,,,,,,,,,,,,,,,,0.11486064761649224,1,,,68.0,25.0,10^-3.12205,,,,,[97359],0
97359,1,234816,Auriculariopsis ampla,"",eukaryota,false,,,,,,,,,,,,,,,,0.11486064761649224,1,,,68.0,25.0,10^-3.12205,,,,,,0
232804,2,232804,Hylaeus,yellow-faced bees,eukaryota,false,,,,0.34458194284947674,3,,,88.9147,60.0,10^-18.8876,,,,,,0.11486064761649224,1,,,100.0,24.0,10^-7.70333,,,,,"[313075, 313031]",0
313075,1,232804,Hylaeus volcanicus,"",eukaryota,false,,,,0.11486064761649224,1,,,88.235,68.0,10^-22.9288,,,,,,0.11486064761649224,1,,,100.0,24.0,10^-7.70333,,,,,,0
313031,1,232804,Hylaeus anthracinus,"",eukaryota,false,,,,0.22972129523298448,2,,,89.2545,56.0,10^-16.8671,,,,,,,,,,,,,,,,,,0
232799,2,232799,Iflavirus,"",viruses,false,,,,16.3102119615419,142,,,94.3019,46.4706,10^-15.2209,,,,,,0.11486064761649224,1,,,87.5,24.0,10^-4.33255,,,,,"[3048187, 2675213]",0
3048187,1,232799,Iflavirus lineacelli,"",viruses,false,,,,1.1486064761649224,10,,,94.5556,38.5,10^-11.0306,,,,,,,,,,,,,,,,,,0
2675213,1,232799,Aedes vexans iflavirus,"",viruses,false,,,,15.161605485376976,132,,,94.2818,47.1032,10^-15.5535,,,,,,0.11486064761649224,1,,,87.5,24.0,10^-4.33255,,,,,,0
231886,2,231886,Amblyteles,"",eukaryota,false,,,,0.22972129523298448,2,,,95.9815,37.5,10^-11.1791,,,,,,,,,,,,,,,,,[231887],0
231887,1,231886,Amblyteles armatorius,"",eukaryota,false,,,,0.22972129523298448,2,,,95.9815,37.5,10^-11.1791,,,,,,,,,,,,,,,,,,0
231878,2,231878,Buathra,"",eukaryota,false,,,,0.45944259046596897,4,,,89.879,52.0,10^-15.842,,,,,,,,,,,,,,,,,[1419289],0
1419289,1,231878,Buathra laborator,"",eukaryota,false,,,,0.45944259046596897,4,,,89.879,52.0,10^-15.842,,,,,,,,,,,,,,,,,,0
231683,2,231683,Saccharospirillum,"",bacteria,false,,,,,,,,,,,,,,,,0.22972129523298448,2,,,90.0,20.0,10^-3.48545,,,,,[418750],0
418750,1,231683,Saccharospirillum salsuginis,"",bacteria,false,,,,,,,,,,,,,,,,0.22972129523298448,2,,,90.0,20.0,10^-3.48545,,,,,,0
231623,2,231623,Rotaria,"",eukaryota,false,,,,,,,,,,,,,,,,1.952631009480368,17,,,98.3059,24.0588,10^-6.54505,,,,,"[2762512, 2762511, 392033, 392032, 392030]",0
2762512,1,231623,Rotaria sp. Silwood2,"",eukaryota,false,,,,,,,,,,,,,,,,0.22972129523298448,2,,,100.0,25.0,10^-8.10657,,,,,,0
2762511,1,231623,Rotaria sp. Silwood1,"",eukaryota,false,,,,,,,,,,,,,,,,0.5743032380824612,5,,,95.04,24.4,10^-6.44066,,,,,,0
392033,1,231623,Rotaria sordida,"",eukaryota,false,,,,,,,,,,,,,,,,0.34458194284947674,3,,,98.6667,22.0,10^-4.4159,,,,,,0
392032,1,231623,Rotaria socialis,"",eukaryota,false,,,,,,,,,,,,,,,,0.22972129523298448,2,,,100.0,24.5,10^-6.86789,,,,,,0
392030,1,231623,Rotaria magnacalcarata,"",eukaryota,false,,,,,,,,,,,,,,,,0.5743032380824612,5,,,100.0,24.4,10^-7.17317,,,,,,0
230680,2,230680,Pseudoatta,"",eukaryota,false,,,,,,,,,,,,,,,,0.22972129523298448,2,,,100.0,24.0,10^-5.71841,,,,,[621737],0
621737,1,230680,Pseudoatta argentina,"",eukaryota,false,,,,,,,,,,,,,,,,0.22972129523298448,2,,,100.0,24.0,10^-5.71841,,,,,,0
229639,2,229639,Pollenia,"",eukaryota,false,,,,0.22972129523298448,2,,,97.2595,36.5,10^-11.1908,,,,,,,,,,,,,,,,,[670595],0
670595,1,229639,Pollenia amentaria,"",eukaryota,false,,,,0.22972129523298448,2,,,97.2595,36.5,10^-11.1908,,,,,,,,,,,,,,,,,,0
227479,2,227479,Lochmaea,"",eukaryota,false,,,,0.45944259046596897,4,,,92.338,41.75,10^-11.6495,,,,,,,,,,,,,,,,,"[1143063, 227480]",0
1143063,1,227479,Lochmaea crataegi,"",eukaryota,false,,,,0.22972129523298448,2,,,91.7095,42.0,10^-11.474,,,,,,,,,,,,,,,,,,0
227480,1,227479,Lochmaea capreae,willow leaf beetle,eukaryota,false,,,,0.22972129523298448,2,,,92.9665,41.5,10^-11.825,,,,,,,,,,,,,,,,,,0
226177,2,226177,Baccha,"",eukaryota,false,,,,0.11486064761649224,1,,,95.946,74.0,10^-33.871,,,,,,,,,,,,,,,,,[226178],0
226178,1,226177,Baccha elongata,"",eukaryota,false,,,,0.11486064761649224,1,,,95.946,74.0,10^-33.871,,,,,,,,,,,,,,,,,,0
226146,2,226146,Blera,"",eukaryota,false,,,,0.34458194284947674,3,,,90.9017,50.6667,10^-15.7549,,,,,,,,,,,,,,,,,[226147],0
226147,1,226146,Blera fallax,"",eukaryota,false,,,,0.34458194284947674,3,,,90.9017,50.6667,10^-15.7549,,,,,,,,,,,,,,,,,,0
224419,2,224419,Shiraia,"",eukaryota,false,,,,0.11486064761649224,1,,,100.0,76.0,10^-39.3489,,,,,,,,,,,,,,,,,[224420],0
224420,1,224419,Shiraia bambusicola,"",eukaryota,false,,,,0.11486064761649224,1,,,100.0,76.0,10^-39.3489,,,,,,,,,,,,,,,,,,0
224240,2,224240,Xylota,"",eukaryota,false,,,,0.45944259046596897,4,,,91.9795,56.0,10^-18.5758,,,,,,,,,,,,,,,,,[374264],0
374264,1,224240,Xylota sylvarum,"",eukaryota,false,,,,0.45944259046596897,4,,,91.9795,56.0,10^-18.5758,,,,,,,,,,,,,,,,,,0
224238,2,224238,Criorhina,"",eukaryota,false,,,,0.8040245333154457,7,,,89.48,52.7143,10^-15.6956,,,,,,,,,,,,,,,,,[1637456],0
1637456,1,224238,Criorhina ranunculi,"",eukaryota,false,,,,0.8040245333154457,7,,,89.48,52.7143,10^-15.6956,,,,,,,,,,,,,,,,,,0
224132,2,224132,Phyllotreta,"",eukaryota,false,,,,0.6891638856989535,6,,,89.2523,56.3333,10^-16.6259,,,,,,0.11486064761649224,1,,,92.0,25.0,10^-5.65365,,,,,"[444603, 224133]",0
444603,1,224132,Phyllotreta striolata,"",eukaryota,false,,,,0.34458194284947674,3,,,88.9653,64.0,10^-21.13,,,,,,0.11486064761649224,1,,,92.0,25.0,10^-5.65365,,,,,,0
224133,1,224132,Phyllotreta cruciferae,"",eukaryota,false,,,,0.34458194284947674,3,,,89.5393,48.6667,10^-12.1217,,,,,,,,,,,,,,,,,,0
222002,2,222002,Lepidonotus,"",eukaryota,false,,,,0.22972129523298448,2,,,85.9125,53.0,10^-13.454,,,,,,,,,,,,,,,,,[1210411],0
1210411,1,222002,Lepidonotus clava,"",eukaryota,false,,,,0.22972129523298448,2,,,85.9125,53.0,10^-13.454,,,,,,,,,,,,,,,,,,0
221904,2,221904,Hydrotaea,"",eukaryota,false,,,,0.6891638856989535,6,,,88.8722,68.6667,10^-23.3914,,,,,,,,,,,,,,,,,[559647],0
559647,1,221904,Hydrotaea cyrtoneurina,"",eukaryota,false,,,,0.6891638856989535,6,,,88.8722,68.6667,10^-23.3914,,,,,,,,,,,,,,,,,,0
221102,2,221102,Moniliophthora,"",eukaryota,false,,,,0.22972129523298448,2,,,98.684,75.5,10^-37.6363,,,,,,,,,,,,,,,,,[153609],0
153609,1,221102,Moniliophthora perniciosa,"",eukaryota,false,,,,0.22972129523298448,2,,,98.684,75.5,10^-37.6363,,,,,,,,,,,,,,,,,,0
221094,2,221094,Ctenicera,"",eukaryota,false,,,,0.11486064761649224,1,,,90.769,65.0,10^-23.6346,,,,,,,,,,,,,,,,,[1132042],0
1132042,1,221094,Ctenicera cuprea,"",eukaryota,false,,,,0.11486064761649224,1,,,90.769,65.0,10^-23.6346,,,,,,,,,,,,,,,,,,0
220872,2,220872,Tegillarca,"",eukaryota,false,,,,,,,,,,,,,,,,0.11486064761649224,1,,,88.0,25.0,10^-5.79048,,,,,[220873],0
220873,1,220872,Tegillarca granosa,"",eukaryota,false,,,,,,,,,,,,,,,,0.11486064761649224,1,,,88.0,25.0,10^-5.79048,,,,,,0
219549,2,219549,Suillia,"",eukaryota,false,,,,0.45944259046596897,4,,,93.5345,56.25,10^-20.789,,,,,,,,,,,,,,,,,[1230148],0
1230148,1,219549,Suillia variegata,"",eukaryota,false,,,,0.45944259046596897,4,,,93.5345,56.25,10^-20.789,,,,,,,,,,,,,,,,,,0
219541,2,219541,Dermestes,"",eukaryota,false,,,,,,,,,,,,,,,,0.11486064761649224,1,,,91.7,24.0,10^-4.68403,,,,,[1546019],0
1546019,1,219541,Dermestes ater,"",eukaryota,false,,,,,,,,,,,,,,,,0.11486064761649224,1,,,91.7,24.0,10^-4.68403,,,,,,0
219538,2,219538,Scaeva,"",eukaryota,false,,,,0.45944259046596897,4,,,89.9492,54.0,10^-16.8622,,,,,,,,,,,,,,,,,[219539],0
219539,1,219538,Scaeva pyrastri,"",eukaryota,false,,,,0.45944259046596897,4,,,89.9492,54.0,10^-16.8622,,,,,,,,,,,,,,,,,,0
219520,2,219520,Stratiomys,"",eukaryota,false,,,,0.8040245333154457,7,,,88.0509,42.5714,10^-9.60671,,,,,,,,,,,,,,,,,[511597],0
511597,1,219520,Stratiomys singularior,"",eukaryota,false,,,,0.8040245333154457,7,,,88.0509,42.5714,10^-9.60671,,,,,,,,,,,,,,,,,,0
219450,2,219450,Philonthus,"",eukaryota,false,,,,0.6891638856989535,6,,,90.7993,54.8333,10^-17.4371,,,,,,,,,,,,,,,,,[346820],0
346820,1,219450,Philonthus cognatus,"",eukaryota,false,,,,0.6891638856989535,6,,,90.7993,54.8333,10^-17.4371,,,,,,,,,,,,,,,,,,0
219389,2,219389,Tiphia,"",eukaryota,false,,,,0.11486064761649224,1,,,97.436,39.0,10^-12.8775,,,,,,,,,,,,,,,,,[330862],0
330862,1,219389,Tiphia femorata,"",eukaryota,false,,,,0.11486064761649224,1,,,97.436,39.0,10^-12.8775,,,,,,,,,,,,,,,,,,0
219362,2,219362,Bombylius,"",eukaryota,false,,,,0.22972129523298448,2,,,83.4365,53.0,10^-12.0762,,,,,,,,,,,,,,,,,"[2741128, 240869]",0
2741128,1,219362,Bombylius discolor,"",eukaryota,false,,,,0.11486064761649224,1,,,81.579,38.0,10^-3.96833,,,,,,,,,,,,,,,,,,0
240869,1,219362,Bombylius major,"",eukaryota,false,,,,0.11486064761649224,1,,,85.294,68.0,10^-20.1841,,,,,,,,,,,,,,,,,,0
219336,2,219336,Siphlonurus,"",eukaryota,false,,,,0.6891638856989535,6,,,88.6672,55.6667,10^-16.6205,,,,,,,,,,,,,,,,,[248243],0
248243,1,219336,Siphlonurus alternatus,"",eukaryota,false,,,,0.6891638856989535,6,,,88.6672,55.6667,10^-16.6205,,,,,,,,,,,,,,,,,,0
218770,2,218770,Thymelicus,"",eukaryota,false,,,,0.22972129523298448,2,,,91.519,59.0,10^-20.9411,,,,,,,,,,,,,,,,,[272628],0
272628,1,218770,Thymelicus sylvestris,small skipper,eukaryota,false,,,,0.22972129523298448,2,,,91.519,59.0,10^-20.9411,,,,,,,,,,,,,,,,,,0
218734,2,218734,Hesperia,"",eukaryota,false,,,,0.45944259046596897,4,,,90.3822,72.75,10^-27.5314,,,,,,,,,,,,,,,,,[291688],0
291688,1,218734,Hesperia comma,common branded skipper,eukaryota,false,,,,0.45944259046596897,4,,,90.3822,72.75,10^-27.5314,,,,,,,,,,,,,,,,,,0
218719,2,218719,Carterocephalus,"",eukaryota,false,,,,0.11486064761649224,1,,,92.5,40.0,10^-10.8079,,,,,,,,,,,,,,,,,[218720],0
218720,1,218719,Carterocephalus palaemon,Arctic skipper,eukaryota,false,,,,0.11486064761649224,1,,,92.5,40.0,10^-10.8079,,,,,,,,,,,,,,,,,,0
217246,2,217246,Diorhabda,"",eukaryota,false,,,,,,,,,,,,,,,,0.34458194284947674,3,,,98.6667,25.0,10^-6.07149,,,,,"[1163346, 1163345]",0
1163346,1,217246,Diorhabda sublineata,"",eukaryota,false,,,,,,,,,,,,,,,,0.11486064761649224,1,,,96.0,25.0,10^-4.16877,,,,,,0
1163345,1,217246,Diorhabda carinulata,"",eukaryota,false,,,,,,,,,,,,,,,,0.22972129523298448,2,,,100.0,25.0,10^-7.02285,,,,,,0
217164,2,217164,Caligus,"",eukaryota,false,,,,0.22972129523298448,2,,,86.34,69.5,10^-21.8901,,,,,,0.11486064761649224,1,,,92.0,25.0,10^-6.08249,,,,,"[344056, 217165]",0
344056,1,217164,Caligus clemensi,"",eukaryota,false,,,,0.22972129523298448,2,,,86.34,69.5,10^-21.8901,,,,,,,,,,,,,,,,,,0
217165,1,217164,Caligus rogercresseyi,"",eukaryota,false,,,,,,,,,,,,,,,,0.11486064761649224,1,,,92.0,25.0,10^-6.08249,,,,,,0
216851,2,216851,Faecalibacterium,"",bacteria,false,,,,0.22972129523298448,2,,,100.0,76.0,10^-39.3489,,,,,,,,,,,,,,,,,[853],0
853,1,216851,Faecalibacterium prausnitzii,"",bacteria,false,,,,0.22972129523298448,2,,,100.0,76.0,10^-39.3489,,,,,,,,,,,,,,,,,,0
216413,2,216413,Stelis,"",eukaryota,false,,,,0.6891638856989535,6,,,92.0493,50.3333,10^-16.4328,,,,,,,,,,,,,,,,,[2249760],0
2249760,1,216413,Stelis phaeoptera,"",eukaryota,false,,,,0.6891638856989535,6,,,92.0493,50.3333,10^-16.4328,,,,,,,,,,,,,,,,,,0
214966,2,214966,Desmophyllum,"",eukaryota,false,,,,,,,,,,,,,,,,0.11486064761649224,1,,,83.3,24.0,10^-3.3536,,,,,[174260],0
174260,1,214966,Desmophyllum pertusum,"",eukaryota,false,,,,,,,,,,,,,,,,0.11486064761649224,1,,,83.3,24.0,10^-3.3536,,,,,,0
214392,2,214392,Chloroclysta,"",eukaryota,false,,,,0.11486064761649224,1,,,88.406,69.0,10^-23.6086,,,,,,,,,,,,,,,,,[934828],0
934828,1,214392,Chloroclysta siterata,"",eukaryota,false,,,,0.11486064761649224,1,,,88.406,69.0,10^-23.6086,,,,,,,,,,,,,,,,,,0
214308,2,214308,Pheosia,"",eukaryota,false,,,,0.22972129523298448,2,,,88.9005,58.5,10^-18.5347,,,,,,,,,,,,,,,,,"[988019, 988018]",0
988019,1,214308,Pheosia tremula,"",eukaryota,false,,,,0.11486064761649224,1,,,88.71,62.0,10^-20.2242,,,,,,,,,,,,,,,,,,0
988018,1,214308,Pheosia gnoma,"",eukaryota,false,,,,0.11486064761649224,1,,,89.091,55.0,10^-16.8453,,,,,,,,,,,,,,,,,,0
214286,2,214286,Oligia,"",eukaryota,false,,,,0.11486064761649224,1,,,75.556,45.0,10^-3.20872,,,,,,,,,,,,,,,,,[988009],0
988009,1,214286,Oligia strigilis,"",eukaryota,false,,,,0.11486064761649224,1,,,75.556,45.0,10^-3.20872,,,,,,,,,,,,,,,,,,0
214282,2,214282,Ochropleura,"",eukaryota,false,,,,0.22972129523298448,2,,,92.622,40.5,10^-11.1456,,,,,,,,,,,,,,,,,"[1870131, 320037]",0
1870131,1,214282,Ochropleura leucogaster,"",eukaryota,false,,,,0.11486064761649224,1,,,95.0,40.0,10^-12.1803,,,,,,,,,,,,,,,,,,0
320037,1,214282,Ochropleura plecta,"",eukaryota,false,,,,0.11486064761649224,1,,,90.244,41.0,10^-10.111,,,,,,,,,,,,,,,,,,0
214280,2,214280,Notodonta,"",eukaryota,false,,,,0.11486064761649224,1,,,95.122,41.0,10^-12.8557,,,,,,,,,,,,,,,,,[988002],0
988002,1,214280,Notodonta ziczac,"",eukaryota,false,,,,0.11486064761649224,1,,,95.122,41.0,10^-12.8557,,,,,,,,,,,,,,,,,,0
214276,2,214276,Noctua,"",eukaryota,false,,,,0.45944259046596897,4,,,92.205,38.75,10^-9.96406,,,,,,,,,,,,,,,,,"[753202, 214277]",0
753202,1,214276,Noctua fimbriata,"",eukaryota,false,,,,0.22972129523298448,2,,,89.5415,38.5,10^-8.42289,,,,,,,,,,,,,,,,,,0
214277,1,214276,Noctua pronuba,large yellow underwing,eukaryota,false,,,,0.22972129523298448,2,,,94.8685,39.0,10^-11.5052,,,,,,,,,,,,,,,,,,0
214193,2,214193,Lomographa,"",eukaryota,false,,,,0.11486064761649224,1,,,90.0,40.0,10^-9.43554,,,,,,,,,,,,,,,,,[393326],0
393326,1,214193,Lomographa bimaculata,white-pinioned spotted,eukaryota,false,,,,0.11486064761649224,1,,,90.0,40.0,10^-9.43554,,,,,,,,,,,,,,,,,,0
214175,2,214175,Hyppa,"",eukaryota,false,,,,0.11486064761649224,1,,,93.023,43.0,10^-12.8351,,,,,,,,,,,,,,,,,[987961],0
987961,1,214175,Hyppa rectilinea,"",eukaryota,false,,,,0.11486064761649224,1,,,93.023,43.0,10^-12.8351,,,,,,,,,,,,,,,,,,0
214137,2,214137,Eupithecia,"",eukaryota,false,,,,0.8040245333154457,7,,,91.0831,56.7143,10^-18.807,,,,,,0.11486064761649224,1,,,100.0,24.0,10^-6.37263,,,,,"[986978, 986977, 934866, 934847, 934840]",0
986978,1,214137,Eupithecia nanata,"",eukaryota,false,,,,,,,,,,,,,,,,0.11486064761649224,1,,,100.0,24.0,10^-6.37263,,,,,,0
986977,1,214137,Eupithecia insigniata,"",eukaryota,false,,,,0.22972129523298448,2,,,93.9975,40.0,10^-11.4953,,,,,,,,,,,,,,,,,,0
934866,1,214137,Eupithecia vulgata,"",eukaryota,false,,,,0.22972129523298448,2,,,91.9485,50.0,10^-16.2019,,,,,,,,,,,,,,,,,,0
934847,1,214137,Eupithecia exiguata,"",eukaryota,false,,,,0.11486064761649224,1,,,84.0,75.0,10^-22.2001,,,,,,,,,,,,,,,,,,0
934840,1,214137,Eupithecia abbreviata,"",eukaryota,false,,,,0.22972129523298448,2,,,90.845,71.0,10^-27.0272,,,,,,,,,,,,,,,,,,0
214132,2,214132,Eulithis,"",eukaryota,false,,,,0.22972129523298448,2,,,89.7035,68.0,10^-24.3012,,,,,,,,,,,,,,,,,[934839],0
934839,1,214132,Eulithis prunata,"",eukaryota,false,,,,0.22972129523298448,2,,,89.7035,68.0,10^-24.3012,,,,,,,,,,,,,,,,,,0
214089,2,214089,Clostera,"",eukaryota,false,,,,0.11486064761649224,1,,,91.667,72.0,10^-28.3935,,,,,,,,,,,,,,,,,[987902],0
987902,1,214089,Clostera curtula,"",eukaryota,false,,,,0.11486064761649224,1,,,91.667,72.0,10^-28.3935,,,,,,,,,,,,,,,,,,0
212791,2,212791,Enhydrobacter,"",bacteria,false,,,,,,,,,,,,,,,,0.11486064761649224,1,,,73.9,23.0,10^-4.75449,,,,,[2653137],0
2653137,1,212791,Enhydrobacter sp. 8BJ,"",bacteria,false,,,,,,,,,,,,,,,,0.11486064761649224,1,,,73.9,23.0,10^-4.75449,,,,,,0
212744,2,212744,Rugamonas,"",bacteria,false,,,,0.22972129523298448,2,,,90.0965,54.5,10^-17.1977,,,,,,,,,,,,,,,,,[3039386],0
3039386,1,212744,Rugamonas sp. DEMB1,"",bacteria,false,,,,0.22972129523298448,2,,,90.0965,54.5,10^-17.1977,,,,,,,,,,,,,,,,,,0
210245,2,210245,Acrocera,"",eukaryota,false,,,,0.11486064761649224,1,,,97.5,40.0,10^-13.5526,,,,,,,,,,,,,,,,,[210248],0
210248,1,210245,Acrocera orbiculus,"",eukaryota,false,,,,0.11486064761649224,1,,,97.5,40.0,10^-13.5526,,,,,,,,,,,,,,,,,,0
209260,2,209260,Swaminathania,"",bacteria,false,,,,,,,,,,,,,,,,0.34458194284947674,3,,,98.6,24.3333,10^-6.69644,,,,,[182838],0
182838,1,209260,Swaminathania salitolerans,"",bacteria,false,,,,,,,,,,,,,,,,0.34458194284947674,3,,,98.6,24.3333,10^-6.69644,,,,,,0
207785,2,207785,Callirhytis,"",eukaryota,false,,,,,,,,,,,,,,,,0.11486064761649224,1,,,96.0,25.0,10^-8.66756,,,,,[1934054],0
1934054,1,207785,Callirhytis congregata,"",eukaryota,false,,,,,,,,,,,,,,,,0.11486064761649224,1,,,96.0,25.0,10^-8.66756,,,,,,0
204943,2,204943,Cryptocephalus,"",eukaryota,false,,,,0.45944259046596897,4,,,90.5188,64.0,10^-22.9674,,,,,,0.11486064761649224,1,,,100.0,25.0,10^-5.26761,,,,,"[2055369, 204949]",0
2055369,1,204943,Cryptocephalus sp. INB143,"",eukaryota,false,,,,,,,,,,,,,,,,0.11486064761649224,1,,,100.0,25.0,10^-5.26761,,,,,,0
204949,1,204943,Cryptocephalus moraei,"",eukaryota,false,,,,0.45944259046596897,4,,,90.5188,64.0,10^-22.9674,,,,,,,,,,,,,,,,,,0
204447,2,204447,Skermanella,"",bacteria,false,,,,0.11486064761649224,1,,,92.727,55.0,10^-19.59,,,,,,,,,,,,,,,,,[2233999],0
2233999,1,204447,Skermanella pratensis,"",bacteria,false,,,,0.11486064761649224,1,,,92.727,55.0,10^-19.59,,,,,,,,,,,,,,,,,,0
204037,2,204037,Dickeya,"",bacteria,false,,,,0.34458194284947674,3,,,99.117,75.6667,10^-38.2072,,,,,,0.11486064761649224,1,,,96.0,25.0,10^-4.2993,,,,,"[2259638, 1401087, 204042]",0
2259638,1,204037,Dickeya lacustris,"",bacteria,false,,,,,,,,,,,,,,,,0.11486064761649224,1,,,96.0,25.0,10^-4.2993,,,,,,0
1401087,1,204037,Dickeya aquatica,"",bacteria,false,,,,0.22972129523298448,2,,,99.3335,75.5,10^-38.3225,,,,,,,,,,,,,,,,,,0
204042,1,204037,Dickeya zeae,"",bacteria,false,,,,0.11486064761649224,1,,,98.684,76.0,10^-37.9766,,,,,,,,,,,,,,,,,,0
203780,2,203780,Glaucopsyche,"",eukaryota,false,,,,0.11486064761649224,1,,,87.5,56.0,10^-16.1513,,,,,,,,,,,,,,,,,[203781],0
203781,1,203780,Glaucopsyche alexis,green-underside blue,eukaryota,false,,,,0.11486064761649224,1,,,87.5,56.0,10^-16.1513,,,,,,,,,,,,,,,,,,0
202696,2,202696,Jaapia,"",eukaryota,false,,,,,,,,,,,,,,,,0.11486064761649224,1,,,76.0,25.0,10^-4.13549,,,,,[202697],0
202697,1,202696,Jaapia argillacea,"",eukaryota,false,,,,,,,,,,,,,,,,0.11486064761649224,1,,,76.0,25.0,10^-4.13549,,,,,,0
201855,2,201855,Ceutorhynchus,"",eukaryota,false,,,,0.11486064761649224,1,,,92.308,39.0,10^-10.1327,,,,,,0.22972129523298448,2,,,100.0,24.5,10^-6.41924,,,,,[467358],0
467358,1,201855,Ceutorhynchus assimilis,cabbage seed weevil,eukaryota,false,,,,0.11486064761649224,1,,,92.308,39.0,10^-10.1327,,,,,,0.22972129523298448,2,,,100.0,24.5,10^-6.41924,,,,,,0
200916,2,200916,Acanthoscelides,"",eukaryota,false,,,,,,,,,,,,,,,,1.7229097142473837,15,,,97.2867,23.8667,10^-6.11083,,,,,[200917],0
200917,1,200916,Acanthoscelides obtectus,"",eukaryota,false,,,,,,,,,,,,,,,,1.7229097142473837,15,,,97.2867,23.8667,10^-6.11083,,,,,,0
199487,2,199487,Hyalella,"",eukaryota,false,,,,,,,,,,,,,,,,1.8377703618638759,16,1,14,71.9344,49.4375,10^-12.9124,,,,,"[2742039, 294128]",0
2742039,1,199487,Hyalella sp. 4744-A,"",eukaryota,false,,,,,,,,,,,,,,,,1.7229097142473837,15,1,14,70.0633,51.1333,10^-13.3125,,,,,,0
294128,1,199487,Hyalella azteca,"",eukaryota,false,,,,,,,,,,,,,,,,0.11486064761649224,1,,,100.0,24.0,10^-6.91009,,,,,,0
198633,2,198633,Eristalis,"",eukaryota,false,,,,3.4458194284947674,30,,,91.7564,54.3667,10^-18.0731,,,,,,,,,,,,,,,,,"[1572519, 1124515, 198635]",0
1572519,1,198633,Eristalis pertinax,"",eukaryota,false,,,,1.2634671237814146,11,,,89.4495,58.7273,10^-18.881,,,,,,,,,,,,,,,,,,0
1124515,1,198633,Eristalis arbustorum,"",eukaryota,false,,,,1.0337458285484302,9,,,92.2614,56.0,10^-19.366,,,,,,,,,,,,,,,,,,0
198635,1,198633,Eristalis tenax,drone fly,eukaryota,false,,,,1.1486064761649224,10,,,93.8395,48.1,10^-16.0207,,,,,,,,,,,,,,,,,,0
198464,2,198464,Strumigenys,"",eukaryota,false,,,,0.11486064761649224,1,,,90.141,71.0,10^-26.341,,,,,,,,,,,,,,,,,[1539502],0
1539502,1,198464,Strumigenys maxillaris,"",eukaryota,false,,,,0.11486064761649224,1,,,90.141,71.0,10^-26.341,,,,,,,,,,,,,,,,,,0
197151,2,197151,Cloeon,"",eukaryota,false,,,,0.45944259046596897,4,,,93.7678,56.25,10^-20.7918,,,,,,1.2634671237814146,11,,,96.2636,24.0909,10^-6.1461,,,,,[197152],0
197152,1,197151,Cloeon dipterum,"",eukaryota,false,,,,0.45944259046596897,4,,,93.7678,56.25,10^-20.7918,,,,,,1.2634671237814146,11,,,96.2636,24.0909,10^-6.1461,,,,,,0
195882,2,195882,Laodelphax,"",eukaryota,false,,,,,,,,,,,,,,,,0.5743032380824612,5,,,90.34,24.6,10^-6.21194,,,,,[195883],0
195883,1,195882,Laodelphax striatellus,small brown planthopper,eukaryota,false,,,,,,,,,,,,,,,,0.5743032380824612,5,,,90.34,24.6,10^-6.21194,,,,,,0
195164,2,195164,Agrilus,"",eukaryota,false,,,,0.22972129523298448,2,,,87.7065,73.0,10^-24.9569,,,,,,0.45944259046596897,4,,,98.95,24.5,10^-6.76692,,,,,[224129],0
224129,1,195164,Agrilus planipennis,emerald ash borer,eukaryota,false,,,,0.22972129523298448,2,,,87.7065,73.0,10^-24.9569,,,,,,0.45944259046596897,4,,,98.95,24.5,10^-6.76692,,,,,,0
192874,2,192874,Capsaspora,"",eukaryota,false,,,,0.22972129523298448,2,,,91.5795,52.0,10^-16.8796,,,,,,,,,,,,,,,,,[192875],0
192875,1,192874,Capsaspora owczarzaki,"",eukaryota,false,,,,0.22972129523298448,2,,,91.5795,52.0,10^-16.8796,,,,,,,,,,,,,,,,,,0
192486,2,192486,Condylostylus,"",eukaryota,false,,,,0.11486064761649224,1,,,93.846,65.0,10^-26.3793,,,,,,4.824147199892674,42,,,96.0952,24.3095,10^-5.44554,,,,,[2530218],0
2530218,1,192486,Condylostylus longicornis,"",eukaryota,false,,,,0.11486064761649224,1,,,93.846,65.0,10^-26.3793,,,,,,4.824147199892674,42,,,96.0952,24.3095,10^-5.44554,,,,,,0
192463,2,192463,Phthorimaea,"",eukaryota,false,,,,0.11486064761649224,1,,,88.0,75.0,10^-26.3172,,,,,,,,,,,,,,,,,[192464],0
192464,1,192463,Phthorimaea operculella,potato tuberworm,eukaryota,false,,,,0.11486064761649224,1,,,88.0,75.0,10^-26.3172,,,,,,,,,,,,,,,,,,0
192449,2,192449,Rhingia,"",eukaryota,false,,,,0.11486064761649224,1,,,82.895,76.0,10^-21.5081,,,,,,,,,,,,,,,,,[2721518],0
2721518,1,192449,Rhingia rostrata,"",eukaryota,false,,,,0.11486064761649224,1,,,82.895,76.0,10^-21.5081,,,,,,,,,,,,,,,,,,0
191494,2,191494,Conexibacter,"",bacteria,false,,,,0.22972129523298448,2,,,96.0265,75.5,10^-34.8916,,,,,,,,,,,,,,,,,"[2812560, 191495]",0
2812560,1,191494,Conexibacter sp. SYSU D00693,"",bacteria,false,,,,0.11486064761649224,1,,,96.0,75.0,10^-34.5514,,,,,,,,,,,,,,,,,,0
191495,1,191494,Conexibacter woesei,"",bacteria,false,,,,0.11486064761649224,1,,,96.053,76.0,10^-35.2318,,,,,,,,,,,,,,,,,,0
190765,2,190765,Ochlerotatus,"",eukaryota,false,,,,692.2651231845988,6027,17,2795,97.4817,139.315,10^-59.1696,,,,,,46.403701637062866,404,7,285,93.5886,100.352,10^-64.1323,,,,,"[2863126, 2067447, 1874498, 1806185, 1640878, 1529939, 1245356, 1205936, 1197337, 1197336, 1129559, 980429, 873164, 866103, 767797, 663928, 658031, 571210, 569589, 329105, 329103, 329102, 329100, 310513, 228921, 228918, 228917, 173086, 120878, 120877, 120873, 120871, 120870, 120869, 46209, 7162]",0
2863126,1,190765,Ochlerotatus euplocamus,"",eukaryota,false,,,,0.11486064761649224,1,,,100.0,49.0,10^-21.0126,,,,,,,,,,,,,,,,,,0
2067447,1,190765,Ochlerotatus dupreei,"",eukaryota,false,,,,1.378327771397907,12,,,99.5666,53.25,10^-23.5538,,,,,,,,,,,,,,,,,,0
1874498,1,190765,Ochlerotatus sp. 4DS,"",eukaryota,false,,,,0.22972129523298448,2,,,91.447,76.0,10^-30.4285,,,,,,0.11486064761649224,1,,,95.8,24.0,10^-4.08991,,,,,,0
1806185,1,190765,Ochlerotatus vittiger,"",eukaryota,false,,,,0.11486064761649224,1,,,100.0,76.0,10^-39.3489,,,,,,,,,,,,,,,,,,0
1640878,1,190765,Ochlerotatus pertinax,"",eukaryota,false,,,,4.134983314193721,36,,,86.8566,80.8387,10^-25.3015,,,,,,,,,,,,,,,,,,0
1529939,1,190765,Ochlerotatus pulcritarsis,"",eukaryota,false,,,,0.5743032380824612,5,,,97.4586,56.2,10^-23.708,,,,,,,,,,,,,,,,,,0
1245356,1,190765,Ochlerotatus kasachstanicus,"",eukaryota,false,,,,0.22972129523298448,2,,,100.0,43.0,10^-16.9522,,,,,,,,,,,,,,,,,,0
1205936,1,190765,Ochlerotatus atlanticus,"",eukaryota,false,,,,1.8377703618638759,16,,,98.4671,54.625,10^-23.6311,,,,,,,,,,,,,,,,,,0
1197337,1,190765,Ochlerotatus theobaldi,"",eukaryota,false,,,,0.22972129523298448,2,,,91.3465,58.5,10^-20.5952,,,,,,,,,,,,,,,,,,0
1197336,1,190765,Ochlerotatus procax,"",eukaryota,false,,,,18.262842971022266,159,1,159,82.346,878.0,10^-307.653,,,,,,0.34458194284947674,3,,,94.5667,24.3333,10^-7.43404,,,,,,0
1129559,1,190765,Ochlerotatus diantaeus,"",eukaryota,false,,,,0.11486064761649224,1,,,97.368,76.0,10^-36.6042,,,,,,,,,,,,,,,,,,0
980429,1,190765,Ochlerotatus infirmatus,"",eukaryota,false,,,,0.8040245333154457,7,,,95.0877,71.0,10^-30.8576,,,,,,,,,,,,,,,,,,0
873164,1,190765,Ochlerotatus serratus,"",eukaryota,false,,,,26.417948951793218,230,,,97.4371,69.4798,10^-31.8964,,,,,,0.22972129523298448,2,,,85.75,24.5,10^-4.58347,,,,,,0
866103,1,190765,Ochlerotatus annulipes,"",eukaryota,false,,,,0.11486064761649224,1,,,100.0,41.0,10^-15.6005,,,,,,,,,,,,,,,,,,0
767797,1,190765,Ochlerotatus hexodontus,"",eukaryota,false,,,,0.45944259046596897,4,,,98.4365,55.0,10^-23.718,,,,,,,,,,,,,,,,,,0
663928,1,190765,Ochlerotatus dorsalis,"",eukaryota,false,,,,0.11486064761649224,1,,,100.0,58.0,10^-27.115,,,,,,,,,,,,,,,,,,0
658031,1,190765,Ochlerotatus fluviatilis,"",eukaryota,false,,,,0.8040245333154457,7,,,93.0593,70.0,10^-28.6056,,,,,,1.1486064761649224,10,,,93.01,24.0,10^-5.08601,,,,,,0
571210,1,190765,Ochlerotatus scapularis,"",eukaryota,false,,,,198.01975649083263,1724,,,98.7224,74.0353,10^-36.6891,,,,,,,,,,,,,,,,,,0
569589,1,190765,Ochlerotatus vigilax,"",eukaryota,false,,,,0.45944259046596897,4,,,89.6417,56.0,10^-17.8695,,,,,,1.8377703618638759,16,1,15,83.9434,93.4375,10^-54.1098,,,,,,0
329105,1,190765,Ochlerotatus taeniorhynchus,"",eukaryota,false,,,,33.998751694481705,296,5,158,90.9004,130.185,10^-41.8011,,,,,,30.32321097075395,264,2,222,94.1485,124.24,10^-83.764,,,,,,0
329103,1,190765,Ochlerotatus excrucians,"",eukaryota,false,,,,0.22972129523298448,2,,,96.7105,59.5,10^-24.7196,,,,,,,,,,,,,,,,,,0
329102,1,190765,Ochlerotatus cantator,"",eukaryota,false,,,,0.22972129523298448,2,,,98.837,45.5,10^-17.9576,,,,,,,,,,,,,,,,,,0
329100,1,190765,Ochlerotatus abserratus,"",eukaryota,false,,,,0.11486064761649224,1,,,100.0,49.0,10^-21.0126,,,,,,,,,,,,,,,,,,0
310513,1,190765,Ochlerotatus sollicitans,eastern saltmarsh mosquito,eukaryota,false,,,,3.1012374856452904,27,1,13,91.9352,142.593,10^-49.7835,,,,,,2.1823523047133526,19,1,13,95.5037,57.7895,10^-24.1974,,,,,,0
228921,1,190765,Ochlerotatus intrudens,"",eukaryota,false,,,,0.22972129523298448,2,,,97.9745,49.5,10^-19.9794,,,,,,,,,,,,,,,,,,0
228918,1,190765,Ochlerotatus trivittatus,"",eukaryota,false,,,,272.7940380891691,2375,3,1498,99.1932,177.716,10^-86.5474,,,,,,,,,,,,,,,,,,0
228917,1,190765,Ochlerotatus canadensis,"",eukaryota,false,,,,0.11486064761649224,1,,,100.0,46.0,10^-18.9814,,,,,,,,,,,,,,,,,,0
173086,1,190765,Ochlerotatus epactius,"",eukaryota,false,,,,2.756655542795814,24,1,22,83.0146,337.042,10^-76.1613,,,,,,4.479565257043197,39,1,22,91.9911,77.7692,10^-45.2013,,,,,,0
120878,1,190765,Ochlerotatus sticticus,"",eukaryota,false,,,,1.0337458285484302,9,,,96.3818,68.3333,10^-30.4778,,,,,,,,,,,,,,,,,,0
120877,1,190765,Ochlerotatus rusticus,"",eukaryota,false,,,,0.22972129523298448,2,,,97.3685,64.0,10^-28.4524,,,,,,,,,,,,,,,,,,0
120873,1,190765,Ochlerotatus detritus,"",eukaryota,false,,,,0.6891638856989535,6,,,96.8345,66.1667,10^-29.4718,,,,,,,,,,,,,,,,,,0
120871,1,190765,Ochlerotatus cataphylla,"",eukaryota,false,,,,0.22972129523298448,2,,,97.368,76.0,10^-36.6042,,,,,,,,,,,,,,,,,,0
120870,1,190765,Ochlerotatus caspius,"",eukaryota,false,,,,0.8040245333154457,7,,,96.914,52.1429,10^-20.9983,,,,,,0.11486064761649224,1,,,95.8,24.0,10^-5.27572,,,,,,0
120869,1,190765,Ochlerotatus cantans,"",eukaryota,false,,,,0.11486064761649224,1,,,100.0,41.0,10^-15.6005,,,,,,,,,,,,,,,,,,0
46209,1,190765,Ochlerotatus punctor,"",eukaryota,false,,,,102.3408370262946,891,1,889,99.9928,43.0554,10^-11.0705,,,,,,,,,,,,,,,,,,0
7162,1,190765,Ochlerotatus triseriatus,"",eukaryota,false,,,,18.837146209104727,164,5,56,91.1107,109.518,10^-36.5277,,,,,,5.62817173320812,49,2,13,94.6069,37.7551,10^-14.9697,,,,,,0
190355,2,190355,Peribatodes,"",eukaryota,false,,,,0.22972129523298448,2,,,92.227,65.0,10^-24.3271,,,,,,,,,,,,,,,,,[190356],0
190356,1,190355,Peribatodes rhomboidaria,willow beauty,eukaryota,false,,,,0.22972129523298448,2,,,92.227,65.0,10^-24.3271,,,,,,,,,,,,,,,,,,0
190346,2,190346,Epirrhoe,"",eukaryota,false,,,,0.11486064761649224,1,,,88.06,67.0,10^-22.249,,,,,,,,,,,,,,,,,[934838],0
934838,1,190346,Epirrhoe tristata,"",eukaryota,false,,,,0.11486064761649224,1,,,88.06,67.0,10^-22.249,,,,,,,,,,,,,,,,,,0
189978,2,189978,Bibio,"",eukaryota,false,,,,0.11486064761649224,1,,,90.541,74.0,10^-28.3816,,,,,,,,,,,,,,,,,[189979],0
189979,1,189978,Bibio marci,St. Mark's fly,eukaryota,false,,,,0.11486064761649224,1,,,90.541,74.0,10^-28.3816,,,,,,,,,,,,,,,,,,0
189907,2,189907,Leptidea,"",eukaryota,false,,,,0.22972129523298448,2,,,90.5765,53.5,10^-17.2126,,,,,,0.11486064761649224,1,,,100.0,25.0,10^-5.51999,,,,,[189913],0
189913,1,189907,Leptidea sinapis,"",eukaryota,false,,,,0.22972129523298448,2,,,90.5765,53.5,10^-17.2126,,,,,,0.11486064761649224,1,,,100.0,25.0,10^-5.51999,,,,,,0
189384,2,189384,Tremblaya,"",bacteria,false,,,,0.11486064761649224,1,,,98.684,76.0,10^-37.9766,,,,,,,,,,,,,,,,,[189385],0
189385,1,189384,Candidatus Tremblaya princeps,"",bacteria,false,,,,0.11486064761649224,1,,,98.684,76.0,10^-37.9766,,,,,,,,,,,,,,,,,,0
189330,2,189330,Dorea,"",bacteria,false,,,,,,,,,,,,,,,,0.22972129523298448,2,,,85.15,23.5,10^-5.7822,,,,,[88431],0
88431,1,189330,Dorea longicatena,"",bacteria,false,,,,,,,,,,,,,,,,0.22972129523298448,2,,,85.15,23.5,10^-5.7822,,,,,,0
189290,2,189290,Meloidogyne,"",eukaryota,false,,,,,,,,,,,,,,,,0.22972129523298448,2,,,80.8,23.5,10^-4.53625,,,,,"[390850, 189291]",0
390850,1,189290,Meloidogyne enterolobii,"",eukaryota,false,,,,,,,,,,,,,,,,0.11486064761649224,1,,,78.3,23.0,10^-4.1831,,,,,,0
189291,1,189290,Meloidogyne graminicola,"",eukaryota,false,,,,,,,,,,,,,,,,0.11486064761649224,1,,,83.3,24.0,10^-4.88941,,,,,,0
186650,2,186650,Microvirga,"",bacteria,false,,,,0.11486064761649224,1,,,97.368,76.0,10^-36.6042,,,,,,,,,,,,,,,,,[2807101],0
2807101,1,186650,Microvirga sp. VF16,"",bacteria,false,,,,0.11486064761649224,1,,,97.368,76.0,10^-36.6042,,,,,,,,,,,,,,,,,,0
186466,2,186466,Mizuhopecten,"",eukaryota,false,,,,,,,,,,,,,,,,0.11486064761649224,1,,,100.0,25.0,10^-7.43297,,,,,[6573],0
6573,1,186466,Mizuhopecten yessoensis,Yesso scallop,eukaryota,false,,,,,,,,,,,,,,,,0.11486064761649224,1,,,100.0,25.0,10^-7.43297,,,,,,0
186072,2,186072,Podabrus,"",eukaryota,false,,,,0.34458194284947674,3,,,82.939,62.6667,10^-14.2774,,,,,,,,,,,,,,,,,[1553677],0
1553677,1,186072,Podabrus alpinus,"",eukaryota,false,,,,0.34458194284947674,3,,,82.939,62.6667,10^-14.2774,,,,,,,,,,,,,,,,,,0
184431,2,184431,Coprinopsis,"",eukaryota,false,,,,,,,,,,,,,,,,0.22972129523298448,2,,,78.8,23.5,10^-3.73382,,,,,[5346],0
5346,1,184431,Coprinopsis cinerea,"",eukaryota,false,,,,,,,,,,,,,,,,0.22972129523298448,2,,,78.8,23.5,10^-3.73382,,,,,,0
184430,2,184430,Coprinellus,"",eukaryota,false,,,,0.22972129523298448,2,,,99.3245,75.0,10^-37.9824,,,,,,0.11486064761649224,1,,,62.5,24.0,10^-3.86967,,,,,[71717],0
71717,1,184430,Coprinellus micaceus,"",eukaryota,false,,,,0.22972129523298448,2,,,99.3245,75.0,10^-37.9824,,,,,,0.11486064761649224,1,,,62.5,24.0,10^-3.86967,,,,,,0
179665,2,179665,Tyria,"",eukaryota,false,,,,0.11486064761649224,1,,,88.158,76.0,10^-26.9976,,,,,,,,,,,,,,,,,[179666],0
179666,1,179665,Tyria jacobaeae,cinnabar moth,eukaryota,false,,,,0.11486064761649224,1,,,88.158,76.0,10^-26.9976,,,,,,,,,,,,,,,,,,0
178771,2,178771,Empis,"",eukaryota,false,,,,1.7229097142473837,15,1,12,84.2139,230.0,10^-53.9487,,,,,,,,,,,,,,,,,[2484550],0
2484550,1,178771,Empis stercorea,"",eukaryota,false,,,,1.7229097142473837,15,1,12,84.2139,230.0,10^-53.9487,,,,,,,,,,,,,,,,,,0
178174,2,178174,Syzygium,"",eukaryota,false,,,,0.11486064761649224,1,,,97.674,43.0,10^-15.5798,,,,,,,,,,,,,,,,,[219896],0
219896,1,178174,Syzygium oleosum,"",eukaryota,false,,,,0.11486064761649224,1,,,97.674,43.0,10^-15.5798,,,,,,,,,,,,,,,,,,0
178049,2,178049,Nomia,"",eukaryota,false,,,,,,,,,,,,,,,,0.5743032380824612,5,,,90.62,23.8,10^-4.88538,,,,,[2448451],0
2448451,1,178049,Nomia melanderi,Alkali bee,eukaryota,false,,,,,,,,,,,,,,,,0.5743032380824612,5,,,90.62,23.8,10^-4.88538,,,,,,0
178032,2,178032,Dufourea,"",eukaryota,false,,,,0.11486064761649224,1,,,86.111,72.0,10^-22.904,,,,,,0.22972129523298448,2,,,91.65,24.5,10^-7.03308,,,,,[178035],0
178035,1,178032,Dufourea novaeangliae,"",eukaryota,false,,,,0.11486064761649224,1,,,86.111,72.0,10^-22.904,,,,,,0.22972129523298448,2,,,91.65,24.5,10^-7.03308,,,,,,0
177787,2,177787,Odontocerum,"",eukaryota,false,,,,0.6891638856989535,6,,,91.3047,54.6667,10^-18.2366,,,,,,,,,,,,,,,,,[446452],0
446452,1,177787,Odontocerum albicorne,"",eukaryota,false,,,,0.6891638856989535,6,,,91.3047,54.6667,10^-18.2366,,,,,,,,,,,,,,,,,,0
177674,2,177674,Limnephilus,"",eukaryota,false,,,,2.0674916570968604,18,,,91.3053,59.6667,10^-20.8637,,,,,,,,,,,,,,,,,"[1271730, 1271728, 1218281, 692089]",0
1271730,1,177674,Limnephilus marmoratus,"",eukaryota,false,,,,0.45944259046596897,4,,,89.0625,57.75,10^-17.6958,,,,,,,,,,,,,,,,,,0
1271728,1,177674,Limnephilus auricula,"",eukaryota,false,,,,0.9188851809319379,8,,,92.4934,57.125,10^-20.3619,,,,,,,,,,,,,,,,,,0
1218281,1,177674,Limnephilus lunatus,"",eukaryota,false,,,,0.34458194284947674,3,,,91.0713,66.0,10^-24.315,,,,,,,,,,,,,,,,,,0
692089,1,177674,Limnephilus rhombicus,"",eukaryota,false,,,,0.34458194284947674,3,,,91.3613,62.6667,10^-22.9746,,,,,,,,,,,,,,,,,,0
177627,2,177627,Agapetus,"",eukaryota,false,,,,0.45944259046596897,4,,,90.8552,49.0,10^-15.1984,,,,,,,,,,,,,,,,,[1271715],0
1271715,1,177627,Agapetus fuscipes,"",eukaryota,false,,,,0.45944259046596897,4,,,90.8552,49.0,10^-15.1984,,,,,,,,,,,,,,,,,,0
177088,2,177088,Maconellicoccus,"",eukaryota,false,,,,,,,,,,,,,,,,0.22972129523298448,2,,,100.0,24.5,10^-5.98778,,,,,[177089],0
177089,1,177088,Maconellicoccus hirsutus,hibiscus mealybug,eukaryota,false,,,,,,,,,,,,,,,,0.22972129523298448,2,,,100.0,24.5,10^-5.98778,,,,,,0
175857,2,175857,Porodaedalea,"",eukaryota,false,,,,0.11486064761649224,1,,,96.053,76.0,10^-35.2318,,,,,,,,,,,,,,,,,[2651638],0
2651638,1,175857,Porodaedalea mongolica,"",eukaryota,false,,,,0.11486064761649224,1,,,96.053,76.0,10^-35.2318,,,,,,,,,,,,,,,,,,0
175855,2,175855,Fuscoporia,"",eukaryota,false,,,,0.11486064761649224,1,,,96.053,76.0,10^-35.2318,,,,,,,,,,,,,,,,,[167365],0
167365,1,175855,Fuscoporia contigua,"",eukaryota,false,,,,0.11486064761649224,1,,,96.053,76.0,10^-35.2318,,,,,,,,,,,,,,,,,,0
175340,2,175340,Stegodyphus,"",eukaryota,false,,,,,,,,,,,,,,,,0.5743032380824612,5,,,93.5,24.4,10^-6.99081,,,,,"[407821, 202533]",0
407821,1,175340,Stegodyphus mimosarum,"",eukaryota,false,,,,,,,,,,,,,,,,0.22972129523298448,2,,,87.75,24.5,10^-4.85988,,,,,,0
202533,1,175340,Stegodyphus dumicola,"",eukaryota,false,,,,,,,,,,,,,,,,0.34458194284947674,3,,,97.3333,24.3333,10^-8.41142,,,,,,0
174900,2,174900,Silpha,"",eukaryota,false,,,,0.11486064761649224,1,,,92.683,41.0,10^-11.4834,,,,,,,,,,,,,,,,,[414929],0
414929,1,174900,Silpha longicornis,"",eukaryota,false,,,,0.11486064761649224,1,,,92.683,41.0,10^-11.4834,,,,,,,,,,,,,,,,,,0
174825,2,174825,Culiseta,"",eukaryota,false,,,,2.871516190412306,25,1,22,90.371,300.76,10^-107.253,,,,,,0.22972129523298448,2,,,82.0,25.0,10^-3.94813,,,,,"[332058, 329107]",0
332058,1,174825,Culiseta annulata,"",eukaryota,false,,,,2.6417948951793218,23,1,22,90.4996,320.261,10^-114.143,,,,,,0.22972129523298448,2,,,82.0,25.0,10^-3.94813,,,,,,0
329107,1,174825,Culiseta morsitans,"",eukaryota,false,,,,0.22972129523298448,2,,,88.893,76.5,10^-28.024,,,,,,,,,,,,,,,,,,0
174679,2,174679,Glugoides,"",eukaryota,false,,,,6.891638856989535,60,1,60,83.636,165.0,10^-33.209,,,,,,,,,,,,,,,,,[174680],0
174680,1,174679,Glugoides intestinalis,"",eukaryota,false,,,,6.891638856989535,60,1,60,83.636,165.0,10^-33.209,,,,,,,,,,,,,,,,,,0
174620,2,174620,Wyeomyia,"",eukaryota,false,,,,725.8044322886145,6319,26,5194,88.5515,111.535,10^-26.9572,,,,,,326.0893785832215,2839,10,720,85.4065,32.2711,10^-8.20132,,,,,[174621],0
174621,1,174620,Wyeomyia smithii,pitcher-plant mosquito,eukaryota,false,,,,725.8044322886145,6319,26,5194,88.5515,111.535,10^-26.9572,,,,,,326.0893785832215,2839,10,720,85.4065,32.2711,10^-8.20132,,,,,,0
173981,2,173981,Cheilosia,"",eukaryota,false,,,,2.297212952329845,20,,,91.1831,59.55,10^-20.4935,,,,,,,,,,,,,,,,,"[423616, 368781, 273447, 273439, 273429, 273409, 273407, 173985]",0
423616,1,173981,Cheilosia vernalis,"",eukaryota,false,,,,0.22972129523298448,2,,,91.347,67.5,10^-25.3371,,,,,,,,,,,,,,,,,,0
368781,1,173981,Cheilosia soror,"",eukaryota,false,,,,0.11486064761649224,1,,,86.667,75.0,10^-24.9448,,,,,,,,,,,,,,,,,,0
273447,1,173981,Cheilosia variabilis,"",eukaryota,false,,,,0.34458194284947674,3,,,92.9177,54.0,10^-18.9253,,,,,,,,,,,,,,,,,,0
273439,1,173981,Cheilosia impressa,"",eukaryota,false,,,,0.5743032380824612,5,,,92.4162,61.2,10^-22.4382,,,,,,,,,,,,,,,,,,0
273429,1,173981,Cheilosia scutellata,"",eukaryota,false,,,,0.22972129523298448,2,,,86.607,67.0,10^-20.8771,,,,,,,,,,,,,,,,,,0
273409,1,173981,Cheilosia vulpina,"",eukaryota,false,,,,0.22972129523298448,2,,,93.833,56.5,10^-21.2959,,,,,,,,,,,,,,,,,,0
273407,1,173981,Cheilosia pagana,"",eukaryota,false,,,,0.22972129523298448,2,,,92.3935,46.5,10^-14.5172,,,,,,,,,,,,,,,,,,0
173985,1,173981,Cheilosia urbana,"",eukaryota,false,,,,0.34458194284947674,3,,,89.2663,57.6667,10^-17.3009,,,,,,,,,,,,,,,,,,0
173784,2,173784,Cephus,"",eukaryota,false,,,,0.22972129523298448,2,,,96.4285,40.0,10^-12.867,,,,,,0.6891638856989535,6,,,100.0,24.6667,10^-5.80174,,,,,[211228],0
211228,1,173784,Cephus cinctus,wheat stem sawfly,eukaryota,false,,,,0.22972129523298448,2,,,96.4285,40.0,10^-12.867,,,,,,0.6891638856989535,6,,,100.0,24.6667,10^-5.80174,,,,,,0
173461,2,173461,Pterothamnion,"",eukaryota,false,,,,0.11486064761649224,1,,,91.071,56.0,10^-18.896,,,,,,,,,,,,,,,,,[173462],0
173462,1,173461,Pterothamnion plumula,"",eukaryota,false,,,,0.11486064761649224,1,,,91.071,56.0,10^-18.896,,,,,,,,,,,,,,,,,,0
172845,2,172845,Caerostris,"",eukaryota,false,,,,,,,,,,,,,,,,0.22972129523298448,2,,,95.65,24.0,10^-6.959,,,,,"[1538125, 172846]",0
1538125,1,172845,Caerostris darwini,"",eukaryota,false,,,,,,,,,,,,,,,,0.11486064761649224,1,,,91.3,23.0,10^-6.5157,,,,,,0
172846,1,172845,Caerostris extrusa,"",eukaryota,false,,,,,,,,,,,,,,,,0.11486064761649224,1,,,100.0,25.0,10^-7.4023,,,,,,0
169466,2,169466,Coelopa,"",eukaryota,false,,,,0.8040245333154457,7,,,93.0497,62.0,10^-23.7682,,,,,,,,,,,,,,,,,[169500],0
169500,1,169466,Coelopa pilipes,"",eukaryota,false,,,,0.8040245333154457,7,,,93.0497,62.0,10^-23.7682,,,,,,,,,,,,,,,,,,0
169444,2,169444,Dryomyza,"",eukaryota,false,,,,1.0337458285484302,9,,,89.7896,52.7778,10^-16.1079,,,,,,,,,,,,,,,,,[169445],0
169445,1,169444,Dryomyza anilis,"",eukaryota,false,,,,1.0337458285484302,9,,,89.7896,52.7778,10^-16.1079,,,,,,,,,,,,,,,,,,0
168630,2,168630,Chilo,"",eukaryota,false,,,,0.11486064761649224,1,,,87.5,40.0,10^-8.06317,,,,,,0.5743032380824612,5,,,95.1,24.4,10^-4.48939,,,,,[168631],0
168631,1,168630,Chilo suppressalis,striped riceborer,eukaryota,false,,,,0.11486064761649224,1,,,87.5,40.0,10^-8.06317,,,,,,0.5743032380824612,5,,,95.1,24.4,10^-4.48939,,,,,,0
167346,2,167346,Fomitiporia,"",eukaryota,false,,,,0.22972129523298448,2,,,96.0,75.0,10^-34.5514,,,,,,,,,,,,,,,,,[208960],0
208960,1,167346,Fomitiporia mediterranea,"",eukaryota,false,,,,0.22972129523298448,2,,,96.0,75.0,10^-34.5514,,,,,,,,,,,,,,,,,,0
166415,2,166415,Heterotrigona,"",eukaryota,false,,,,,,,,,,,,,,,,0.11486064761649224,1,,,100.0,25.0,10^-5.11862,,,,,[395501],0
395501,1,166415,Heterotrigona itama,"",eukaryota,false,,,,,,,,,,,,,,,,0.11486064761649224,1,,,100.0,25.0,10^-5.11862,,,,,,0
166413,2,166413,Frieseomelitta,"",eukaryota,false,,,,0.11486064761649224,1,,,88.158,76.0,10^-26.9976,,,,,,0.34458194284947674,3,,,97.2333,24.0,10^-6.71808,,,,,[561572],0
561572,1,166413,Frieseomelitta varia,"",eukaryota,false,,,,0.11486064761649224,1,,,88.158,76.0,10^-26.9976,,,,,,0.34458194284947674,3,,,97.2333,24.0,10^-6.71808,,,,,,0
166331,2,166331,Onthophagus,"",eukaryota,false,,,,0.45944259046596897,4,,,88.92,60.75,10^-19.7232,,,,,,0.5743032380824612,5,,,100.0,24.6,10^-6.74111,,,,,"[476082, 166361]",0
476082,1,166331,Onthophagus sagittarius,"",eukaryota,false,,,,,,,,,,,,,,,,0.11486064761649224,1,,,100.0,25.0,10^-8.1549,,,,,,0
166361,1,166331,Onthophagus taurus,"",eukaryota,false,,,,0.45944259046596897,4,,,88.92,60.75,10^-19.7232,,,,,,0.45944259046596897,4,,,100.0,24.5,10^-6.38766,,,,,,0
166220,2,166220,Conomelus,"",eukaryota,false,,,,0.11486064761649224,1,,,89.744,39.0,10^-8.76035,,,,,,,,,,,,,,,,,[491269],0
491269,1,166220,Conomelus anceps,"",eukaryota,false,,,,0.11486064761649224,1,,,89.744,39.0,10^-8.76035,,,,,,,,,,,,,,,,,,0
165696,2,165696,Novosphingobium,"",bacteria,false,,,,0.11486064761649224,1,,,100.0,75.0,10^-38.6685,,,,,,0.22972129523298448,2,,,89.05,23.0,10^-5.78371,,,,,"[2829794, 2698673, 702113]",0
2829794,1,165696,Novosphingobium sp. CECT 9465,"",bacteria,false,,,,,,,,,,,,,,,,0.11486064761649224,1,,,86.4,22.0,10^-4.16622,,,,,,0
2698673,1,165696,Novosphingobium decolorationis,"",bacteria,false,,,,0.11486064761649224,1,,,100.0,75.0,10^-38.6685,,,,,,,,,,,,,,,,,,0
702113,1,165696,Novosphingobium sp. PP1Y,"",bacteria,false,,,,,,,,,,,,,,,,0.11486064761649224,1,,,91.7,24.0,10^-7.40121,,,,,,0
165695,2,165695,Sphingobium,"",bacteria,false,,,,0.5743032380824612,5,,,98.0226,74.6,10^-36.4753,,,,,,,,,,,,,,,,,"[2789327, 332055, 13690]",0
2789327,1,165695,Sphingobium sp. Cam5-1,"",bacteria,false,,,,0.11486064761649224,1,,,91.429,70.0,10^-27.0333,,,,,,,,,,,,,,,,,,0
332055,1,165695,Sphingobium indicum,"",bacteria,false,,,,0.11486064761649224,1,,,98.684,76.0,10^-37.9766,,,,,,,,,,,,,,,,,,0
13690,1,165695,Sphingobium yanoikuyae,"",bacteria,false,,,,0.34458194284947674,3,,,100.0,75.6667,10^-39.1221,,,,,,,,,,,,,,,,,,0
165301,2,165301,Lentzea,"",bacteria,false,,,,0.22972129523298448,2,,,100.0,76.0,10^-39.3489,,,,,,0.11486064761649224,1,,,95.0,20.0,10^-4.22841,,,,,"[1789439, 1586287]",0
1789439,1,165301,Lentzea pudingi,"",bacteria,false,,,,,,,,,,,,,,,,0.11486064761649224,1,,,95.0,20.0,10^-4.22841,,,,,,0
1586287,1,165301,Lentzea guizhouensis,"",bacteria,false,,,,0.22972129523298448,2,,,100.0,76.0,10^-39.3489,,,,,,,,,,,,,,,,,,0
163713,2,163713,Cyprideis,"",eukaryota,false,,,,0.5743032380824612,5,,,87.517,55.2,10^-15.6231,,,,,,0.22972129523298448,2,,,83.15,23.5,10^-6.24324,,,,,[163714],0
163714,1,163713,Cyprideis torosa,"",eukaryota,false,,,,0.5743032380824612,5,,,87.517,55.2,10^-15.6231,,,,,,0.22972129523298448,2,,,83.15,23.5,10^-6.24324,,,,,,0
163475,2,163475,Pseudodiaptomus,"",eukaryota,false,,,,,,,,,,,,,,,,0.11486064761649224,1,,,100.0,24.0,10^-6.14448,,,,,[213370],0
213370,1,163475,Pseudodiaptomus poplesia,"",eukaryota,false,,,,,,,,,,,,,,,,0.11486064761649224,1,,,100.0,24.0,10^-6.14448,,,,,,0
163151,2,163151,Aphelinus,"",eukaryota,false,,,,,,,,,,,,,,,,0.11486064761649224,1,,,95.8,24.0,10^-4.767,,,,,[297830],0
297830,1,163151,Aphelinus abdominalis,"",eukaryota,false,,,,,,,,,,,,,,,,0.11486064761649224,1,,,95.8,24.0,10^-4.767,,,,,,0
162418,2,162418,Seimatosporium,"",eukaryota,false,,,,0.11486064761649224,1,,,100.0,76.0,10^-39.3489,,,,,,,,,,,,,,,,,[1699687],0
1699687,1,162418,Seimatosporium corni,"",eukaryota,false,,,,0.11486064761649224,1,,,100.0,76.0,10^-39.3489,,,,,,,,,,,,,,,,,,0
161769,2,161769,Plectrocnemia,"",eukaryota,false,,,,0.11486064761649224,1,,,92.063,63.0,10^-23.6481,,,,,,,,,,,,,,,,,[161770],0
161770,1,161769,Plectrocnemia conspersa,"",eukaryota,false,,,,0.11486064761649224,1,,,92.063,63.0,10^-23.6481,,,,,,,,,,,,,,,,,,0
160871,2,160871,Tomentellopsis,"",eukaryota,false,,,,0.11486064761649224,1,,,98.667,75.0,10^-37.2961,,,,,,,,,,,,,,,,,[160872],0
160872,1,160871,Tomentellopsis echinospora,"",eukaryota,false,,,,0.11486064761649224,1,,,98.667,75.0,10^-37.2961,,,,,,,,,,,,,,,,,,0
160674,2,160674,Raoultella,"",bacteria,false,,,,0.11486064761649224,1,,,100.0,74.0,10^-37.9881,,,,,,,,,,,,,,,,,[54291],0
54291,1,160674,Raoultella ornithinolytica,"",bacteria,false,,,,0.11486064761649224,1,,,100.0,74.0,10^-37.9881,,,,,,,,,,,,,,,,,,0
160150,2,160150,Liposcelis,"",eukaryota,false,,,,0.22972129523298448,2,,,95.0,40.0,10^-12.1803,,,,,,,,,,,,,,,,,[550478],0
550478,1,160150,Liposcelis entomophila,"",eukaryota,false,,,,0.22972129523298448,2,,,95.0,40.0,10^-12.1803,,,,,,,,,,,,,,,,,,0
159075,2,159075,Acremonium,"",eukaryota,false,,,,0.45944259046596897,4,,,99.6667,75.5,10^-38.6656,,,,,,,,,,,,,,,,,"[885939, 261921]",0
885939,1,159075,Acremonium sp. 11665 DLW-2010,"",eukaryota,false,,,,0.34458194284947674,3,,,100.0,75.6667,10^-39.1221,,,,,,,,,,,,,,,,,,0
261921,1,159075,Acremonium sclerotigenum,"",eukaryota,false,,,,0.11486064761649224,1,,,98.667,75.0,10^-37.2961,,,,,,,,,,,,,,,,,,0
158848,2,158848,Moellerella,"",bacteria,false,,,,0.11486064761649224,1,,,92.308,39.0,10^-10.1327,,,,,,,,,,,,,,,,,[158849],0
158849,1,158848,Moellerella wisconsensis,"",bacteria,false,,,,0.11486064761649224,1,,,92.308,39.0,10^-10.1327,,,,,,,,,,,,,,,,,,0
158440,2,158440,Folsomia,"",eukaryota,false,,,,0.45944259046596897,4,,,92.419,57.0,10^-19.9367,,,,,,0.5743032380824612,5,,,90.94,24.6,10^-5.81118,,,,,[158441],0
158441,1,158440,Folsomia candida,"",eukaryota,false,,,,0.45944259046596897,4,,,92.419,57.0,10^-19.9367,,,,,,0.5743032380824612,5,,,90.94,24.6,10^-5.81118,,,,,,0
157396,2,157396,Iphiclides,"",eukaryota,false,,,,,,,,,,,,,,,,0.34458194284947674,3,,,94.6667,25.0,10^-5.66844,,,,,[110791],0
110791,1,157396,Iphiclides podalirius,scarce swallowtail,eukaryota,false,,,,,,,,,,,,,,,,0.34458194284947674,3,,,94.6667,25.0,10^-5.66844,,,,,,0
157304,2,157304,Anoplophora,"",eukaryota,false,,,,0.11486064761649224,1,,,90.909,66.0,10^-24.3141,,,,,,1.952631009480368,17,1,12,96.4176,31.6471,10^-15.4699,,,,,[217634],0
217634,1,157304,Anoplophora glabripennis,Asian longhorned beetle,eukaryota,false,,,,0.11486064761649224,1,,,90.909,66.0,10^-24.3141,,,,,,1.952631009480368,17,1,12,96.4176,31.6471,10^-15.4699,,,,,,0
156411,2,156411,Fergusonina,"",eukaryota,false,,,,,,,,,,,,,,,,0.11486064761649224,1,,,100.0,24.0,10^-8.54061,,,,,[2025268],0
2025268,1,156411,Fergusonina biseta,"",eukaryota,false,,,,,,,,,,,,,,,,0.11486064761649224,1,,,100.0,24.0,10^-8.54061,,,,,,0
156310,2,156310,Colletes,"",eukaryota,false,,,,0.11486064761649224,1,,,89.474,76.0,10^-28.37,,,,,,0.11486064761649224,1,,,100.0,25.0,10^-6.8729,,,,,[935657],0
935657,1,156310,Colletes gigas,"",eukaryota,false,,,,0.11486064761649224,1,,,89.474,76.0,10^-28.37,,,,,,0.11486064761649224,1,,,100.0,25.0,10^-6.8729,,,,,,0
156307,2,156307,Coelioxys,"",eukaryota,false,,,,0.11486064761649224,1,,,91.935,62.0,10^-22.9689,,,,,,,,,,,,,,,,,[2922063],0
2922063,1,156307,Coelioxys conoideus,"",eukaryota,false,,,,0.11486064761649224,1,,,91.935,62.0,10^-22.9689,,,,,,,,,,,,,,,,,,0
154750,2,154750,Vararia,"",eukaryota,false,,,,0.11486064761649224,1,,,100.0,75.0,10^-38.6685,,,,,,,,,,,,,,,,,[2006391],0
2006391,1,154750,Vararia sp.,"",eukaryota,false,,,,0.11486064761649224,1,,,100.0,75.0,10^-38.6685,,,,,,,,,,,,,,,,,,0
154746,2,154746,Dentipellis,"",eukaryota,false,,,,,,,,,,,,,,,,0.11486064761649224,1,,,95.7,23.0,10^-4.59007,,,,,[1883078],0
1883078,1,154746,Dentipellis sp. KUC8613,"",eukaryota,false,,,,,,,,,,,,,,,,0.11486064761649224,1,,,95.7,23.0,10^-4.59007,,,,,,0
154646,2,154646,Marionia,"",eukaryota,false,,,,,,,,,,,,,,,,0.11486064761649224,1,,,100.0,25.0,10^-6.64016,,,,,[797232],0
797232,1,154646,Marionia elongoviridis,"",eukaryota,false,,,,,,,,,,,,,,,,0.11486064761649224,1,,,100.0,25.0,10^-6.64016,,,,,,0
154566,2,154566,Marchandiomyces,"",eukaryota,false,,,,0.9188851809319379,8,,,99.6689,75.625,10^-38.7507,,,,,,,,,,,,,,,,,"[1628366, 154568]",0
1628366,1,154566,Marchandiomyces quercinus,"",eukaryota,false,,,,0.34458194284947674,3,,,99.5613,75.6667,10^-38.6647,,,,,,,,,,,,,,,,,,0
154568,1,154566,Marchandiomyces corallinus,"",eukaryota,false,,,,0.5743032380824612,5,,,99.7334,75.6,10^-38.8023,,,,,,,,,,,,,,,,,,0
153497,2,153497,Kozakia,"",bacteria,false,,,,0.34458194284947674,3,,,99.5557,68.3333,10^-33.6821,,,,,,0.34458194284947674,3,,,100.0,24.6667,10^-10.1194,,,,,[153496],0
153496,1,153497,Kozakia baliensis,"",bacteria,false,,,,0.34458194284947674,3,,,99.5557,68.3333,10^-33.6821,,,,,,0.34458194284947674,3,,,100.0,24.6667,10^-10.1194,,,,,,0
153220,2,153220,Contarinia,"",eukaryota,false,,,,0.22972129523298448,2,,,91.148,50.0,10^-15.5151,,,,,,3.905262018960736,34,,,95.6353,24.3235,10^-6.1541,,,,,[265458],0
265458,1,153220,Contarinia nasturtii,swede midge,eukaryota,false,,,,0.22972129523298448,2,,,91.148,50.0,10^-15.5151,,,,,,3.905262018960736,34,,,95.6353,24.3235,10^-6.1541,,,,,,0
152622,2,152622,Muscodor,"",eukaryota,false,,,,0.11486064761649224,1,,,100.0,75.0,10^-38.6685,,,,,,,,,,,,,,,,,[161686],0
161686,1,152622,Muscodor sp. A3-5,"",eukaryota,false,,,,0.11486064761649224,1,,,100.0,75.0,10^-38.6685,,,,,,,,,,,,,,,,,,0
151548,2,151548,Eumeta,"",eukaryota,false,,,,,,,,,,,,,,,,1.2634671237814146,11,,,92.6182,24.3636,10^-5.6007,,,,,[151549],0
151549,1,151548,Eumeta japonica,"",eukaryota,false,,,,,,,,,,,,,,,,1.2634671237814146,11,,,92.6182,24.3636,10^-5.6007,,,,,,0
151303,2,151303,Dendrolimus,"",eukaryota,false,,,,,,,,,,,,,,,,0.22972129523298448,2,,,85.45,24.0,10^-4.47569,,,,,[765133],0
765133,1,151303,Dendrolimus kikuchii,"",eukaryota,false,,,,,,,,,,,,,,,,0.22972129523298448,2,,,85.45,24.0,10^-4.47569,,,,,,0
150247,2,150247,Anoxybacillus,"",bacteria,false,,,,,,,,,,,,,,,,0.11486064761649224,1,,,91.7,24.0,10^-5.45967,,,,,[1548750],0
1548750,1,150247,Anoxybacillus sp. BCO1,"",bacteria,false,,,,,,,,,,,,,,,,0.11486064761649224,1,,,91.7,24.0,10^-5.45967,,,,,,0
149698,2,149698,Massilia,"",bacteria,false,,,,0.5743032380824612,5,,,99.7368,75.4,10^-38.6662,,,,,,,,,,,,,,,,,"[2861282, 2728020, 1593482, 457921]",0
2861282,1,149698,Massilia sp. NP310,"",bacteria,false,,,,0.11486064761649224,1,,,98.684,76.0,10^-37.9766,,,,,,,,,,,,,,,,,,0
2728020,1,149698,Massilia forsythiae,"",bacteria,false,,,,0.11486064761649224,1,,,100.0,76.0,10^-39.3489,,,,,,,,,,,,,,,,,,0
1593482,1,149698,Massilia sp. YMA4,"",bacteria,false,,,,0.11486064761649224,1,,,100.0,76.0,10^-39.3489,,,,,,,,,,,,,,,,,,0
457921,1,149698,Massilia varians,"",bacteria,false,,,,0.22972129523298448,2,,,100.0,74.5,10^-38.3284,,,,,,,,,,,,,,,,,,0
149618,2,149618,Malaya,"",eukaryota,false,,,,0.11486064761649224,1,,,100.0,59.0,10^-27.7937,,,,,,,,,,,,,,,,,[149619],0
149619,1,149618,Malaya jacobsoni,"",eukaryota,false,,,,0.11486064761649224,1,,,100.0,59.0,10^-27.7937,,,,,,,,,,,,,,,,,,0
149459,2,149459,Mansonia,"",eukaryota,false,,,,0.22972129523298448,2,,,100.0,45.5,10^-18.6463,,,,,,,,,,,,,,,,,[2035320],0
2035320,1,149459,Mansonia indiana,"",eukaryota,false,,,,0.22972129523298448,2,,,100.0,45.5,10^-18.6463,,,,,,,,,,,,,,,,,,0
148341,2,148341,Gibbula,"",eukaryota,false,,,,0.22972129523298448,2,,,93.064,54.5,10^-19.2562,,,,,,,,,,,,,,,,,[703304],0
703304,1,148341,Gibbula magus,"",eukaryota,false,,,,0.22972129523298448,2,,,93.064,54.5,10^-19.2562,,,,,,,,,,,,,,,,,,0
146780,2,146780,Phallus,"",eukaryota,false,,,,0.11486064761649224,1,,,91.026,78.0,10^-31.1034,,,,,,,,,,,,,,,,,[2201239],0
2201239,1,146780,Phallus echinovolvatus,"",eukaryota,false,,,,0.11486064761649224,1,,,91.026,78.0,10^-31.1034,,,,,,,,,,,,,,,,,,0
144516,2,144516,Microsporidium,"",eukaryota,false,,,,0.22972129523298448,2,,,94.553,64.5,10^-26.7259,,,,,,,,,,,,,,,,,[1844323],0
1844323,1,144516,Microsporidium sp.,"",eukaryota,false,,,,0.22972129523298448,2,,,94.553,64.5,10^-26.7259,,,,,,,,,,,,,,,,,,0
144423,2,144423,Oxytorus,"",eukaryota,false,,,,0.34458194284947674,3,,,90.4913,67.0,10^-24.0867,,,,,,,,,,,,,,,,,[495374],0
495374,1,144423,Oxytorus armatus,"",eukaryota,false,,,,0.34458194284947674,3,,,90.4913,67.0,10^-24.0867,,,,,,,,,,,,,,,,,,0
144405,2,144405,Microctonus,"",eukaryota,false,,,,,,,,,,,,,,,,1.7229097142473837,15,,,98.6667,24.6667,10^-6.21444,,,,,"[165561, 144406]",0
165561,1,144405,Microctonus hyperodae,"",eukaryota,false,,,,,,,,,,,,,,,,0.45944259046596897,4,,,98.0,24.75,10^-6.18681,,,,,,0
144406,1,144405,Microctonus aethiopoides,"",eukaryota,false,,,,,,,,,,,,,,,,1.2634671237814146,11,,,98.9091,24.6364,10^-6.22448,,,,,,0
144030,2,144030,Pogonomyrmex,"",eukaryota,false,,,,,,,,,,,,,,,,0.34458194284947674,3,,,93.1667,24.3333,10^-4.91418,,,,,[144034],0
144034,1,144030,Pogonomyrmex barbatus,red harvester ant,eukaryota,false,,,,,,,,,,,,,,,,0.34458194284947674,3,,,93.1667,24.3333,10^-4.91418,,,,,,0
143949,2,143949,Sipha,"",eukaryota,false,,,,,,,,,,,,,,,,0.11486064761649224,1,,,100.0,24.0,10^-7.5986,,,,,[143950],0
143950,1,143949,Sipha flava,yellow sugarcane aphid,eukaryota,false,,,,,,,,,,,,,,,,0.11486064761649224,1,,,100.0,24.0,10^-7.5986,,,,,,0
143947,2,143947,Diuraphis,"",eukaryota,false,,,,,,,,,,,,,,,,0.22972129523298448,2,,,98.0,24.5,10^-4.24562,,,,,[143948],0
143948,1,143947,Diuraphis noxia,Russian wheat aphid,eukaryota,false,,,,,,,,,,,,,,,,0.22972129523298448,2,,,98.0,24.5,10^-4.24562,,,,,,0
143767,2,143767,Isoperla,"",eukaryota,false,,,,0.8040245333154457,7,,,90.0674,51.2857,10^-15.5126,,,,,,,,,,,,,,,,,[552050],0
552050,1,143767,Isoperla grammatica,"",eukaryota,false,,,,0.8040245333154457,7,,,90.0674,51.2857,10^-15.5126,,,,,,,,,,,,,,,,,,0
143734,2,143734,Leuctra,"",eukaryota,false,,,,0.22972129523298448,2,,,93.365,42.5,10^-12.4995,,,,,,,,,,,,,,,,,[143735],0
143735,1,143734,Leuctra nigra,"",eukaryota,false,,,,0.22972129523298448,2,,,93.365,42.5,10^-12.4995,,,,,,,,,,,,,,,,,,0
143731,2,143731,Brachyptera,"",eukaryota,false,,,,0.22972129523298448,2,,,86.8015,66.5,10^-21.224,,,,,,,,,,,,,,,,,[2065413],0
2065413,1,143731,Brachyptera putata,"",eukaryota,false,,,,0.22972129523298448,2,,,86.8015,66.5,10^-21.224,,,,,,,,,,,,,,,,,,0
143721,2,143721,Nemurella,"",eukaryota,false,,,,0.9188851809319379,8,,,89.8566,58.75,10^-19.0564,,,,,,,,,,,,,,,,,[143722],0
143722,1,143721,Nemurella pictetii,"",eukaryota,false,,,,0.9188851809319379,8,,,89.8566,58.75,10^-19.0564,,,,,,,,,,,,,,,,,,0
143716,2,143716,Protonemura,"",eukaryota,false,,,,0.22972129523298448,2,,,85.303,45.5,10^-9.04247,,,,,,,,,,,,,,,,,[2884235],0
2884235,1,143716,Protonemura montana,"",eukaryota,false,,,,0.22972129523298448,2,,,85.303,45.5,10^-9.04247,,,,,,,,,,,,,,,,,,0
141257,2,141257,Tachina,"",eukaryota,false,,,,1.2634671237814146,11,,,66.4086,72.7273,10^-3.56172,,,,,,,,,,,,,,,,,[631329],0
631329,1,141257,Tachina lurida,"",eukaryota,false,,,,1.2634671237814146,11,,,66.4086,72.7273,10^-3.56172,,,,,,,,,,,,,,,,,,0
140747,2,140747,Dolichopeza,"",eukaryota,false,,,,0.11486064761649224,1,,,100.0,52.0,10^-23.0453,,,,,,,,,,,,,,,,,[2728170],0
2728170,1,140747,Dolichopeza tarsalis,"",eukaryota,false,,,,0.11486064761649224,1,,,100.0,52.0,10^-23.0453,,,,,,,,,,,,,,,,,,0
140243,2,140243,Parabodo,"",eukaryota,false,,,,0.11486064761649224,1,,,94.737,76.0,10^-33.8595,,,,,,,,,,,,,,,,,[351713],0
351713,1,140243,Parabodo caudatus,"",eukaryota,false,,,,0.11486064761649224,1,,,94.737,76.0,10^-33.8595,,,,,,,,,,,,,,,,,,0
139973,2,139973,Archips,"",eukaryota,false,,,,0.45944259046596897,4,,,91.2097,52.75,10^-17.0403,,,,,,,,,,,,,,,,,[1857967],0
1857967,1,139973,Archips crataeganus,"",eukaryota,false,,,,0.45944259046596897,4,,,91.2097,52.75,10^-17.0403,,,,,,,,,,,,,,,,,,0
139679,2,139679,Teleopsis,"",eukaryota,false,,,,0.11486064761649224,1,,,77.419,62.0,10^-10.6176,,,,,,2.412073599946337,21,,,97.0429,24.0952,10^-5.9901,,,,,[139649],0
139649,1,139679,Teleopsis dalmanni,"",eukaryota,false,,,,0.11486064761649224,1,,,77.419,62.0,10^-10.6176,,,,,,2.412073599946337,21,,,97.0429,24.0952,10^-5.9901,,,,,,0
139475,2,139475,Homalodisca,"",eukaryota,false,,,,0.34458194284947674,3,,,93.6703,46.3333,10^-15.0906,,,,,,2.0674916570968604,18,,,94.5444,24.5,10^-6.26319,,,,,[197043],0
197043,1,139475,Homalodisca vitripennis,glassy-winged sharpshooter,eukaryota,false,,,,0.34458194284947674,3,,,93.6703,46.3333,10^-15.0906,,,,,,2.0674916570968604,18,,,94.5444,24.5,10^-6.26319,,,,,,0
139389,2,139389,Plicaturopsis,"",eukaryota,false,,,,,,,,,,,,,,,,0.11486064761649224,1,,,95.7,23.0,10^-5.93181,,,,,[139390],0
139390,1,139389,Plicaturopsis crispa,"",eukaryota,false,,,,,,,,,,,,,,,,0.11486064761649224,1,,,95.7,23.0,10^-5.93181,,,,,,0
139276,2,139276,Dacryopinax,"",eukaryota,false,,,,,,,,,,,,,,,,0.11486064761649224,1,,,87.5,24.0,10^-5.14026,,,,,[1858805],0
1858805,1,139276,Dacryopinax primogenitus,"",eukaryota,false,,,,,,,,,,,,,,,,0.11486064761649224,1,,,87.5,24.0,10^-5.14026,,,,,,0
139084,2,139084,Lachnella,"",eukaryota,false,,,,0.11486064761649224,1,,,100.0,76.0,10^-39.3489,,,,,,,,,,,,,,,,,[139085],0
139085,1,139084,Lachnella villosa,"",eukaryota,false,,,,0.11486064761649224,1,,,100.0,76.0,10^-39.3489,,,,,,,,,,,,,,,,,,0
139055,2,139055,Uranotaenia,"",eukaryota,false,,,,182.62842971022266,1590,4,933,85.6453,332.786,10^-72.7465,,,,,,242.01138452794916,2107,4,172,91.2949,43.5147,10^-22.3633,,,,,"[2597066, 559294, 190385]",0
2597066,1,139055,Uranotaenia geometrica,"",eukaryota,false,,,,0.5743032380824612,5,,,97.2214,60.6,10^-26.1461,,,,,,,,,,,,,,,,,,0
559294,1,139055,Uranotaenia unguiculata,"",eukaryota,false,,,,0.11486064761649224,1,,,94.805,77.0,10^-34.54,,,,,,,,,,,,,,,,,,0
190385,1,139055,Uranotaenia lowii,"",eukaryota,false,,,,181.93926582452372,1584,4,933,85.6029,333.807,10^-72.9178,,,,,,242.01138452794916,2107,4,172,91.2949,43.5147,10^-22.3633,,,,,,0
139053,2,139053,Orthopodomyia,"",eukaryota,false,,,,,,,,,,,,,,,,0.11486064761649224,1,,,96.0,25.0,10^-4.61979,,,,,[139054],0
139054,1,139053,Orthopodomyia alba,"",eukaryota,false,,,,,,,,,,,,,,,,0.11486064761649224,1,,,96.0,25.0,10^-4.61979,,,,,,0
138069,2,138069,Lysandra,"",eukaryota,false,,,,0.11486064761649224,1,,,97.5,40.0,10^-13.5526,,,,,,,,,,,,,,,,,[138070],0
138070,1,138069,Lysandra bellargus,Adonis blue,eukaryota,false,,,,0.11486064761649224,1,,,97.5,40.0,10^-13.5526,,,,,,,,,,,,,,,,,,0
137528,2,137528,Sticta,"",eukaryota,false,,,,0.11486064761649224,1,,,100.0,75.0,10^-38.6685,,,,,,,,,,,,,,,,,[2012247],0
2012247,1,137528,Sticta sp.,"",eukaryota,false,,,,0.11486064761649224,1,,,100.0,75.0,10^-38.6685,,,,,,,,,,,,,,,,,,0
134393,2,134393,Leucania,"",eukaryota,false,,,,0.22972129523298448,2,,,87.0745,53.0,10^-12.7624,,,,,,,,,,,,,,,,,[987968],0
987968,1,134393,Leucania comma,"",eukaryota,false,,,,0.22972129523298448,2,,,87.0745,53.0,10^-12.7624,,,,,,,,,,,,,,,,,,0
133894,2,133894,Penaeus,"",eukaryota,false,,,,0.5743032380824612,5,,,86.9604,67.6,10^-21.023,,,,,,1.4931884190143991,13,,,94.1385,23.8462,10^-5.72359,,,,,"[139456, 27405, 6689, 6687]",0
139456,1,133894,Penaeus chinensis,"",eukaryota,false,,,,0.11486064761649224,1,,,80.263,76.0,10^-18.7634,,,,,,,,,,,,,,,,,,0
27405,1,133894,Penaeus japonicus,"",eukaryota,false,,,,0.22972129523298448,2,,,87.0365,73.5,10^-24.6107,,,,,,0.11486064761649224,1,,,100.0,24.0,10^-7.04915,,,,,,0
6689,1,133894,Penaeus vannamei,Pacific white shrimp,eukaryota,false,,,,0.22972129523298448,2,,,90.233,57.5,10^-18.5652,,,,,,1.0337458285484302,9,,,91.9778,23.6667,10^-5.54365,,,,,,0
6687,1,133894,Penaeus monodon,black tiger shrimp,eukaryota,false,,,,,,,,,,,,,,,,0.34458194284947674,3,,,98.6667,24.3333,10^-5.82156,,,,,,0
133746,2,133746,Punctularia,"",eukaryota,false,,,,0.11486064761649224,1,,,87.5,56.0,10^-16.1513,,,,,,0.11486064761649224,1,,,95.8,24.0,10^-8.30364,,,,,[202698],0
202698,1,133746,Punctularia strigosozonata,"",eukaryota,false,,,,0.11486064761649224,1,,,87.5,56.0,10^-16.1513,,,,,,0.11486064761649224,1,,,95.8,24.0,10^-8.30364,,,,,,0
133097,2,133097,Periphyllus,"",eukaryota,false,,,,0.11486064761649224,1,,,97.222,36.0,10^-10.8537,,,,,,,,,,,,,,,,,[1425412],0
1425412,1,133097,Periphyllus acericola,"",eukaryota,false,,,,0.11486064761649224,1,,,97.222,36.0,10^-10.8537,,,,,,,,,,,,,,,,,,0
132116,2,132116,Megachile,"",eukaryota,false,,,,,,,,,,,,,,,,0.5743032380824612,5,,,98.26,24.2,10^-6.1177,,,,,[143995],0
143995,1,132116,Megachile rotundata,alfalfa leafcutting bee,eukaryota,false,,,,,,,,,,,,,,,,0.5743032380824612,5,,,98.26,24.2,10^-6.1177,,,,,,0
131625,2,131625,Crepidodera,"",eukaryota,false,,,,0.22972129523298448,2,,,96.3585,40.5,10^-13.205,,,,,,,,,,,,,,,,,[346762],0
346762,1,131625,Crepidodera aurea,"",eukaryota,false,,,,0.22972129523298448,2,,,96.3585,40.5,10^-13.205,,,,,,,,,,,,,,,,,,0
131324,2,131324,Pseudocercospora,"",eukaryota,false,,,,0.11486064761649224,1,,,100.0,76.0,10^-39.3489,,,,,,,,,,,,,,,,,[687962],0
687962,1,131324,Pseudocercospora griseola,"",eukaryota,false,,,,0.11486064761649224,1,,,100.0,76.0,10^-39.3489,,,,,,,,,,,,,,,,,,0
129396,2,129396,Aporia,blackveins,eukaryota,false,,,,0.11486064761649224,1,,,95.652,46.0,10^-16.2367,,,,,,,,,,,,,,,,,[129397],0
129397,1,129396,Aporia crataegi,"",eukaryota,false,,,,0.11486064761649224,1,,,95.652,46.0,10^-16.2367,,,,,,,,,,,,,,,,,,0
129337,2,129337,Geobacillus,"",bacteria,false,,,,,,,,,,,,,,,,0.11486064761649224,1,,,95.7,23.0,10^-6.39147,,,,,[1547578],0
1547578,1,129337,Geobacillus sp. BCO2,"",bacteria,false,,,,,,,,,,,,,,,,0.11486064761649224,1,,,95.7,23.0,10^-6.39147,,,,,,0
127403,2,127403,Liriomyza,"",eukaryota,false,,,,0.11486064761649224,1,,,95.349,43.0,10^-14.2074,,,,,,,,,,,,,,,,,[127405],0
127405,1,127403,Liriomyza huidobrensis,pea leafminer,eukaryota,false,,,,0.11486064761649224,1,,,95.349,43.0,10^-14.2074,,,,,,,,,,,,,,,,,,0
127313,2,127313,Boloria,"",eukaryota,false,,,,0.11486064761649224,1,,,91.667,36.0,10^-8.10892,,,,,,,,,,,,,,,,,[191398],0
191398,1,127313,Boloria selene,silver meadow fritillary,eukaryota,false,,,,0.11486064761649224,1,,,91.667,36.0,10^-8.10892,,,,,,,,,,,,,,,,,,0
127224,2,127224,Napeogenes,"",eukaryota,false,,,,0.11486064761649224,1,,,90.769,65.0,10^-23.6346,,,,,,,,,,,,,,,,,[331344],0
331344,1,127224,Napeogenes sylphis,"",eukaryota,false,,,,0.11486064761649224,1,,,90.769,65.0,10^-23.6346,,,,,,,,,,,,,,,,,,0
126956,2,126956,Strigamia,"",eukaryota,false,,,,0.45944259046596897,4,,,91.6852,54.5,10^-18.2255,,,,,,,,,,,,,,,,,[1255758],0
1255758,1,126956,Strigamia acuminata,"",eukaryota,false,,,,0.45944259046596897,4,,,91.6852,54.5,10^-18.2255,,,,,,,,,,,,,,,,,,0
126439,2,126439,Menodora,"",eukaryota,false,,,,0.11486064761649224,1,,,100.0,76.0,10^-39.3489,,,,,,,,,,,,,,,,,[126440],0
126440,1,126439,Menodora integrifolia,"",eukaryota,false,,,,0.11486064761649224,1,,,100.0,76.0,10^-39.3489,,,,,,,,,,,,,,,,,,0
125287,2,125287,Ornithinimicrobium,"",bacteria,false,,,,0.11486064761649224,1,,,97.368,76.0,10^-36.6042,,,,,,0.11486064761649224,1,,,95.8,24.0,10^-4.54668,,,,,"[1288636, 384677]",0
1288636,1,125287,Ornithinimicrobium flavum,"",bacteria,false,,,,0.11486064761649224,1,,,97.368,76.0,10^-36.6042,,,,,,,,,,,,,,,,,,0
384677,1,125287,Ornithinimicrobium pekingense,"",bacteria,false,,,,,,,,,,,,,,,,0.11486064761649224,1,,,95.8,24.0,10^-4.54668,,,,,,0
125216,2,125216,Roseomonas,"",bacteria,false,,,,0.11486064761649224,1,,,100.0,76.0,10^-39.3489,,,,,,,,,,,,,,,,,[2768161],0
2768161,1,125216,Roseomonas marmotae,"",bacteria,false,,,,0.11486064761649224,1,,,100.0,76.0,10^-39.3489,,,,,,,,,,,,,,,,,,0
124916,2,124916,Armigeres,"",eukaryota,false,,,,38.822898894374376,338,3,224,88.8084,175.228,10^-50.2609,,,,,,3.2160981332617826,28,2,22,96.7861,66.2143,10^-39.273,,,,,[124917],0
124917,1,124916,Armigeres subalbatus,"",eukaryota,false,,,,38.822898894374376,338,3,224,88.8084,175.228,10^-50.2609,,,,,,3.2160981332617826,28,2,22,96.7861,66.2143,10^-39.273,,,,,,0
124426,2,124426,Ustilaginoidea,"",eukaryota,false,,,,0.22972129523298448,2,,,100.0,75.5,10^-39.0087,,,,,,,,,,,,,,,,,[1159556],0
1159556,1,124426,Ustilaginoidea virens,"",eukaryota,false,,,,0.22972129523298448,2,,,100.0,75.5,10^-39.0087,,,,,,,,,,,,,,,,,,0
124410,2,124410,Limenitis,admirals,eukaryota,false,,,,0.45944259046596897,4,,,94.6635,47.0,10^-15.9072,,,,,,,,,,,,,,,,,[270466],0
270466,1,124410,Limenitis camilla,"",eukaryota,false,,,,0.45944259046596897,4,,,94.6635,47.0,10^-15.9072,,,,,,,,,,,,,,,,,,0
124402,2,124402,Candalides,"",eukaryota,false,,,,0.11486064761649224,1,,,92.5,40.0,10^-10.8079,,,,,,,,,,,,,,,,,[1375339],0
1375339,1,124402,Candalides medicea,"",eukaryota,false,,,,0.11486064761649224,1,,,92.5,40.0,10^-10.8079,,,,,,,,,,,,,,,,,,0
124287,2,124287,Osmia,"",eukaryota,false,,,,0.11486064761649224,1,,,88.71,62.0,10^-20.2242,,,,,,0.11486064761649224,1,,,100.0,25.0,10^-6.75449,,,,,[473952],0
473952,1,124287,Osmia lignaria,orchard mason bee,eukaryota,false,,,,0.11486064761649224,1,,,88.71,62.0,10^-20.2242,,,,,,0.11486064761649224,1,,,100.0,25.0,10^-6.75449,,,,,,0
124228,2,124228,Maoricicada,"",eukaryota,false,,,,,,,,,,,,,,,,0.11486064761649224,1,,,100.0,22.0,10^-4.08355,,,,,[124246],0
124246,1,124228,Maoricicada otagoensis,"",eukaryota,false,,,,,,,,,,,,,,,,0.11486064761649224,1,,,100.0,22.0,10^-4.08355,,,,,,0
124011,2,124011,Euwallacea,"",eukaryota,false,,,,,,,,,,,,,,,,0.11486064761649224,1,,,100.0,25.0,10^-8.3536,,,,,[1736056],0
1736056,1,124011,Euwallacea similis,"",eukaryota,false,,,,,,,,,,,,,,,,0.11486064761649224,1,,,100.0,25.0,10^-8.3536,,,,,,0
124006,2,124006,Cyclorhipidion,"",eukaryota,false,,,,,,,,,,,,,,,,0.11486064761649224,1,,,100.0,25.0,10^-6.79317,,,,,[2566501],0
2566501,1,124006,Cyclorhipidion bodoanum,"",eukaryota,false,,,,,,,,,,,,,,,,0.11486064761649224,1,,,100.0,25.0,10^-6.79317,,,,,,0
122864,2,122864,Zabrotes,"",eukaryota,false,,,,0.11486064761649224,1,,,97.222,36.0,10^-10.8537,,,,,,,,,,,,,,,,,[122865],0
122865,1,122864,Zabrotes subfasciatus,Mexican bean weevil,eukaryota,false,,,,0.11486064761649224,1,,,97.222,36.0,10^-10.8537,,,,,,,,,,,,,,,,,,0
122852,2,122852,Polydrusus,"",eukaryota,false,,,,0.11486064761649224,1,,,86.842,76.0,10^-25.6252,,,,,,,,,,,,,,,,,[202137],0
202137,1,122852,Polydrusus cervinus,"",eukaryota,false,,,,0.11486064761649224,1,,,86.842,76.0,10^-25.6252,,,,,,,,,,,,,,,,,,0
122836,2,122836,Platypus,"",eukaryota,false,,,,0.22972129523298448,2,,,95.8335,49.5,10^-17.9303,,,,,,,,,,,,,,,,,[298138],0
298138,1,122836,Platypus cylindrus,"",eukaryota,false,,,,0.22972129523298448,2,,,95.8335,49.5,10^-17.9303,,,,,,,,,,,,,,,,,,0
122807,2,122807,Duabanga,"",eukaryota,false,,,,0.11486064761649224,1,,,100.0,76.0,10^-39.3489,,,,,,,,,,,,,,,,,[122808],0
122808,1,122807,Duabanga grandiflora,"",eukaryota,false,,,,0.11486064761649224,1,,,100.0,76.0,10^-39.3489,,,,,,,,,,,,,,,,,,0
122733,2,122733,Apion,"",eukaryota,false,,,,,,,,,,,,,,,,0.11486064761649224,1,,,100.0,25.0,10^-7.29843,,,,,[2072880],0
2072880,1,122733,Apion sp. CSR075,"",eukaryota,false,,,,,,,,,,,,,,,,0.11486064761649224,1,,,100.0,25.0,10^-7.29843,,,,,,0
121844,2,121844,Diaphorina,"",eukaryota,false,,,,0.45944259046596897,4,,,90.4482,56.75,10^-19.0723,,,,,,3.4458194284947674,30,,,98.5267,24.3,10^-6.33374,,,,,[121845],0
121845,1,121844,Diaphorina citri,Asian citrus psyllid,eukaryota,false,,,,0.45944259046596897,4,,,90.4482,56.75,10^-19.0723,,,,,,3.4458194284947674,30,,,98.5267,24.3,10^-6.33374,,,,,,0
121222,2,121222,Pediculus,"",eukaryota,false,,,,,,,,,,,,,,,,0.11486064761649224,1,,,100.0,24.0,10^-7.58503,,,,,[121225],1
121225,1,121222,Pediculus humanus,human louse,eukaryota,false,,,,,,,,,,,,,,,,0.11486064761649224,1,,,100.0,24.0,10^-7.58503,,,,,,1
120865,2,120865,Zele,"",eukaryota,false,,,,0.22972129523298448,2,,,90.353,54.5,10^-16.5298,,,,,,,,,,,,,,,,,[1080930],0
1080930,1,120865,Zele albiditarsus,"",eukaryota,false,,,,0.22972129523298448,2,,,90.353,54.5,10^-16.5298,,,,,,,,,,,,,,,,,,0
119997,2,119997,Chionographis,"",eukaryota,false,,,,0.11486064761649224,1,,,91.667,36.0,10^-8.10892,,,,,,,,,,,,,,,,,[119999],0
119999,1,119997,Chionographis japonica,"",eukaryota,false,,,,0.11486064761649224,1,,,91.667,36.0,10^-8.10892,,,,,,,,,,,,,,,,,,0
119287,2,119287,Sphinx,"",eukaryota,false,,,,0.11486064761649224,1,,,94.737,38.0,10^-10.8302,,,,,,,,,,,,,,,,,[987436],0
987436,1,119287,Sphinx pinastri,"",eukaryota,false,,,,0.11486064761649224,1,,,94.737,38.0,10^-10.8302,,,,,,,,,,,,,,,,,,0
118380,2,118380,Bythograea,"",eukaryota,false,,,,,,,,,,,,,,,,0.11486064761649224,1,,,83.3,24.0,10^-3.23136,,,,,[118381],0
118381,1,118380,Bythograea thermydron,"",eukaryota,false,,,,,,,,,,,,,,,,0.11486064761649224,1,,,83.3,24.0,10^-3.23136,,,,,,0
117548,2,117548,Diatrypella,"",eukaryota,false,,,,0.11486064761649224,1,,,98.684,76.0,10^-37.9766,,,,,,,,,,,,,,,,,[1049357],0
1049357,1,117548,Diatrypella vulgaris,"",eukaryota,false,,,,0.11486064761649224,1,,,98.684,76.0,10^-37.9766,,,,,,,,,,,,,,,,,,0
117248,2,117248,Habropoda,"",eukaryota,false,,,,0.11486064761649224,1,,,87.273,55.0,10^-15.4729,,,,,,0.34458194284947674,3,,,97.2333,24.3333,10^-7.21535,,,,,[597456],0
597456,1,117248,Habropoda laboriosa,"",eukaryota,false,,,,0.11486064761649224,1,,,87.273,55.0,10^-15.4729,,,,,,0.34458194284947674,3,,,97.2333,24.3333,10^-7.21535,,,,,,0
117093,2,117093,Villa,"",eukaryota,false,,,,0.22972129523298448,2,,,91.8865,51.0,10^-16.8802,,,,,,,,,,,,,,,,,[2753613],0
2753613,1,117093,Villa cingulata,"",eukaryota,false,,,,0.22972129523298448,2,,,91.8865,51.0,10^-16.8802,,,,,,,,,,,,,,,,,,0
116152,2,116152,Aethina,"",eukaryota,false,,,,1.0337458285484302,9,,,88.2868,60.8889,10^-18.8725,,,,,,0.34458194284947674,3,,,97.3333,25.0,10^-5.56969,,,,,[116153],0
116153,1,116152,Aethina tumida,small hive beetle,eukaryota,false,,,,1.0337458285484302,9,,,88.2868,60.8889,10^-18.8725,,,,,,0.34458194284947674,3,,,97.3333,25.0,10^-5.56969,,,,,,0
116137,2,116137,Tortricodes,"",eukaryota,false,,,,0.45944259046596897,4,,,91.019,52.5,10^-16.1993,,,,,,,,,,,,,,,,,[116138],0
116138,1,116137,Tortricodes alternella,"",eukaryota,false,,,,0.45944259046596897,4,,,91.019,52.5,10^-16.1993,,,,,,,,,,,,,,,,,,0
116125,2,116125,Cosmia,"",eukaryota,false,,,,0.22972129523298448,2,,,94.841,48.0,10^-16.9078,,,,,,,,,,,,,,,,,"[987909, 116126]",0
987909,1,116125,Cosmia pyralina,"",eukaryota,false,,,,0.11486064761649224,1,,,94.444,54.0,10^-20.2842,,,,,,,,,,,,,,,,,,0
116126,1,116125,Cosmia trapezina,dun-bar pinion,eukaryota,false,,,,0.11486064761649224,1,,,95.238,42.0,10^-13.5315,,,,,,,,,,,,,,,,,,0
115356,2,115356,Harmonia,"",eukaryota,false,,,,,,,,,,,,,,,,0.8040245333154457,7,,,98.2286,24.1429,10^-6.549,,,,,[115357],0
115357,1,115356,Harmonia axyridis,"",eukaryota,false,,,,,,,,,,,,,,,,0.8040245333154457,7,,,98.2286,24.1429,10^-6.549,,,,,,0
115303,2,115303,Nephrocerus,"",eukaryota,false,,,,0.34458194284947674,3,,,92.1843,46.3333,10^-14.1795,,,,,,,,,,,,,,,,,[566305],0
566305,1,115303,Nephrocerus scutellatus,"",eukaryota,false,,,,0.34458194284947674,3,,,92.1843,46.3333,10^-14.1795,,,,,,,,,,,,,,,,,,0
115278,2,115278,Eristalinus,"",eukaryota,false,,,,1.1486064761649224,10,,,89.1987,58.4,10^-18.2012,,,,,,,,,,,,,,,,,"[2725509, 2017640]",0
2725509,1,115278,Eristalinus sepulchralis,"",eukaryota,false,,,,0.6891638856989535,6,,,87.6692,60.3333,10^-18.1839,,,,,,,,,,,,,,,,,,0
2017640,1,115278,Eristalinus aeneus,"",eukaryota,false,,,,0.45944259046596897,4,,,91.493,55.5,10^-18.2271,,,,,,,,,,,,,,,,,,0
115253,2,115253,Chalcosyrphus,"",eukaryota,false,,,,0.22972129523298448,2,,,90.1315,57.0,10^-18.2277,,,,,,,,,,,,,,,,,[226170],0
226170,1,115253,Chalcosyrphus nemorum,"",eukaryota,false,,,,0.22972129523298448,2,,,90.1315,57.0,10^-18.2277,,,,,,,,,,,,,,,,,,0
114461,2,114461,Idas,"",eukaryota,false,,,,0.11486064761649224,1,,,93.421,76.0,10^-32.4871,,,,,,,,,,,,,,,,,[1245734],0
1245734,1,114461,Idas sp. ESU F,"",eukaryota,false,,,,0.11486064761649224,1,,,93.421,76.0,10^-32.4871,,,,,,,,,,,,,,,,,,0
114233,2,114233,Dipetalonema,"",eukaryota,false,,,,0.34458194284947674,3,,,94.253,71.6667,10^-29.549,,,,,,,,,,,,,,,,,[1766040],0
1766040,1,114233,Dipetalonema graciliformis,"",eukaryota,false,,,,0.34458194284947674,3,,,94.253,71.6667,10^-29.549,,,,,,,,,,,,,,,,,,0
114230,2,114230,Nigrospora,"",eukaryota,false,,,,0.22972129523298448,2,,,99.342,76.0,10^-38.6628,,,,,,,,,,,,,,,,,"[2496419, 2022760]",0
2496419,1,114230,Nigrospora globosa,"",eukaryota,false,,,,0.11486064761649224,1,,,100.0,76.0,10^-39.3489,,,,,,,,,,,,,,,,,,0
2022760,1,114230,Nigrospora osmanthi,"",eukaryota,false,,,,0.11486064761649224,1,,,98.684,76.0,10^-37.9766,,,,,,,,,,,,,,,,,,0
114154,2,114154,Dichomitus,"",eukaryota,false,,,,,,,,,,,,,,,,0.22972129523298448,2,,,98.0,24.5,10^-7.03952,,,,,[114155],0
114155,1,114154,Dichomitus squalens,"",eukaryota,false,,,,,,,,,,,,,,,,0.22972129523298448,2,,,98.0,24.5,10^-7.03952,,,,,,0
112987,2,112987,Neochlamydia,"",bacteria,false,,,,,,,,,,,,,,,,0.11486064761649224,1,,,83.3,24.0,10^-6.27572,,,,,[1353976],0
1353976,1,112987,Neochlamydia sp. S13,"",bacteria,false,,,,,,,,,,,,,,,,0.11486064761649224,1,,,83.3,24.0,10^-6.27572,,,,,,0
112291,2,112291,Tenthredo,"",eukaryota,false,,,,0.45944259046596897,4,,,90.2747,52.25,10^-16.0251,,,,,,,,,,,,,,,,,"[362091, 222778]",0
362091,1,112291,Tenthredo notha,"",eukaryota,false,,,,0.22972129523298448,2,,,92.344,47.5,10^-15.1976,,,,,,,,,,,,,,,,,,0
222778,1,112291,Tenthredo mesomela,"",eukaryota,false,,,,0.22972129523298448,2,,,88.2055,57.0,10^-16.8526,,,,,,,,,,,,,,,,,,0
111932,2,111932,Pararge,"",eukaryota,false,,,,,,,,,,,,,,,,0.8040245333154457,7,,,87.6857,24.1429,10^-4.25336,,,,,[116150],0
116150,1,111932,Pararge aegeria,speckled wood butterfly,eukaryota,false,,,,,,,,,,,,,,,,0.8040245333154457,7,,,87.6857,24.1429,10^-4.25336,,,,,,0
111922,2,111922,Melanargia,marbled whites,eukaryota,false,,,,0.11486064761649224,1,,,94.872,39.0,10^-11.5051,,,,,,,,,,,,,,,,,[111923],0
111923,1,111922,Melanargia galathea,marbled white,eukaryota,false,,,,0.11486064761649224,1,,,94.872,39.0,10^-11.5051,,,,,,,,,,,,,,,,,,0
111919,2,111919,Maniola,meadowbrowns,eukaryota,false,,,,0.22972129523298448,2,,,93.878,49.0,10^-16.8954,,,,,,0.5743032380824612,5,,,93.56,24.6,10^-6.20529,,,,,[191418],0
191418,1,111919,Maniola jurtina,meadow brown,eukaryota,false,,,,0.22972129523298448,2,,,93.878,49.0,10^-16.8954,,,,,,0.5743032380824612,5,,,93.56,24.6,10^-6.20529,,,,,,0
111915,2,111915,Lasiommata,"",eukaryota,false,,,,0.22972129523298448,2,,,92.3905,59.0,10^-21.6196,,,,,,,,,,,,,,,,,[111917],0
111917,1,111915,Lasiommata megera,wall brown,eukaryota,false,,,,0.22972129523298448,2,,,92.3905,59.0,10^-21.6196,,,,,,,,,,,,,,,,,,0
111908,2,111908,Hipparchia,"",eukaryota,false,,,,0.11486064761649224,1,,,87.838,74.0,10^-25.6368,,,,,,,,,,,,,,,,,[111912],0
111912,1,111908,Hipparchia semele,rock grayling,eukaryota,false,,,,0.11486064761649224,1,,,87.838,74.0,10^-25.6368,,,,,,,,,,,,,,,,,,0
111897,2,111897,Erebia,arguses,eukaryota,false,,,,0.22972129523298448,2,,,96.226,53.0,10^-20.9785,,,,,,,,,,,,,,,,,[111903],0
111903,1,111897,Erebia ligea,Arran brown butterfly,eukaryota,false,,,,0.22972129523298448,2,,,96.226,53.0,10^-20.9785,,,,,,,,,,,,,,,,,,0
110564,2,110564,Clonostachys,"",eukaryota,false,,,,0.22972129523298448,2,,,100.0,70.0,10^-35.2675,,,,,,,,,,,,,,,,,[29856],0
29856,1,110564,Clonostachys rosea,"",eukaryota,false,,,,0.22972129523298448,2,,,100.0,70.0,10^-35.2675,,,,,,,,,,,,,,,,,,0
110367,2,110367,Bicyclus,bush browns,eukaryota,false,,,,0.11486064761649224,1,,,94.231,52.0,10^-18.9282,,,,,,0.22972129523298448,2,,,94.0,25.0,10^-5.3908,,,,,[110368],0
110368,1,110367,Bicyclus anynana,squinting bush brown,eukaryota,false,,,,0.11486064761649224,1,,,94.231,52.0,10^-18.9282,,,,,,0.22972129523298448,2,,,94.0,25.0,10^-5.3908,,,,,,0
110092,2,110092,Polychytrium,"",eukaryota,false,,,,0.11486064761649224,1,,,92.105,76.0,10^-31.1147,,,,,,,,,,,,,,,,,[110093],0
110093,1,110092,Polychytrium aggregatum,"",eukaryota,false,,,,0.11486064761649224,1,,,92.105,76.0,10^-31.1147,,,,,,,,,,,,,,,,,,0
109967,2,109967,Rhizoclosmatium,"",eukaryota,false,,,,,,,,,,,,,,,,0.11486064761649224,1,,,100.0,25.0,10^-5.53462,,,,,[2784343],0
2784343,1,109967,Rhizoclosmatium sp. JEL0117,"",eukaryota,false,,,,,,,,,,,,,,,,0.11486064761649224,1,,,100.0,25.0,10^-5.53462,,,,,,0
109882,2,109882,Chytriomyces,"",eukaryota,false,,,,,,,,,,,,,,,,0.11486064761649224,1,,,100.0,24.0,10^-6.06601,,,,,[4814],0
4814,1,109882,Chytriomyces hyalinus,"",eukaryota,false,,,,,,,,,,,,,,,,0.11486064761649224,1,,,100.0,24.0,10^-6.06601,,,,,,0
109747,2,109747,Metajapyx,"",eukaryota,false,,,,0.11486064761649224,1,,,90.789,76.0,10^-29.7423,,,,,,,,,,,,,,,,,[109748],0
109748,1,109747,Metajapyx subterraneus,"",eukaryota,false,,,,0.11486064761649224,1,,,90.789,76.0,10^-29.7423,,,,,,,,,,,,,,,,,,0
109632,2,109632,Galerina,"",eukaryota,false,,,,,,,,,,,,,,,,0.34458194284947674,3,,,97.2667,24.6667,10^-6.16334,,,,,[109633],0
109633,1,109632,Galerina marginata,"",eukaryota,false,,,,,,,,,,,,,,,,0.34458194284947674,3,,,97.2667,24.6667,10^-6.16334,,,,,,0
109374,2,109374,Nemania,"",eukaryota,false,,,,0.45944259046596897,4,,,93.1715,66.25,10^-26.8927,,,,,,0.11486064761649224,1,,,100.0,24.0,10^-6.04048,,,,,[389665],0
389665,1,109374,Nemania diffusa,"",eukaryota,false,,,,0.45944259046596897,4,,,93.1715,66.25,10^-26.8927,,,,,,0.11486064761649224,1,,,100.0,24.0,10^-6.04048,,,,,,0
108930,2,108930,Nilaparvata,"",eukaryota,false,,,,0.5743032380824612,5,,,91.856,55.0,10^-18.2355,,,,,,0.8040245333154457,7,,,100.0,24.2857,10^-6.19328,,,,,[108931],0
108931,1,108930,Nilaparvata lugens,brown planthopper,eukaryota,false,,,,0.5743032380824612,5,,,91.856,55.0,10^-18.2355,,,,,,0.8040245333154457,7,,,100.0,24.2857,10^-6.19328,,,,,,0
107944,2,107944,Canthydrus,"",eukaryota,false,,,,,,,,,,,,,,,,0.11486064761649224,1,,,84.0,25.0,10^-4.43063,,,,,[2055344],0
2055344,1,107944,Canthydrus sp. INB115,"",eukaryota,false,,,,,,,,,,,,,,,,0.11486064761649224,1,,,84.0,25.0,10^-4.43063,,,,,,0
107801,2,107801,Eretes,"",eukaryota,false,,,,,,,,,,,,,,,,0.11486064761649224,1,,,87.5,24.0,10^-6.47756,,,,,[183358],0
183358,1,107801,Eretes griseus,"",eukaryota,false,,,,,,,,,,,,,,,,0.11486064761649224,1,,,87.5,24.0,10^-6.47756,,,,,,0
106589,2,106589,Cupriavidus,"",bacteria,false,,,,0.11486064761649224,1,,,100.0,76.0,10^-39.3489,,,,,,0.34458194284947674,3,,,98.6,24.0,10^-6.25378,,,,,"[2839983, 164546]",0
2839983,1,106589,Cupriavidus sp. EM10,"",bacteria,false,,,,0.11486064761649224,1,,,100.0,76.0,10^-39.3489,,,,,,,,,,,,,,,,,,0
164546,1,106589,Cupriavidus taiwanensis,"",bacteria,false,,,,,,,,,,,,,,,,0.34458194284947674,3,,,98.6,24.0,10^-6.25378,,,,,,0
106500,2,106500,Synanthedon,"",eukaryota,false,,,,0.9188851809319379,8,,,90.7656,59.5,10^-20.597,,,,,,,,,,,,,,,,,"[1660703, 1108570, 301680, 301036]",0
1660703,1,106500,Synanthedon vespiformis,"",eukaryota,false,,,,0.11486064761649224,1,,,90.0,40.0,10^-9.43554,,,,,,,,,,,,,,,,,,0
1108570,1,106500,Synanthedon myopaeformis,"",eukaryota,false,,,,0.11486064761649224,1,,,89.583,48.0,10^-13.4735,,,,,,,,,,,,,,,,,,0
301680,1,106500,Synanthedon tipuliformis,"",eukaryota,false,,,,0.22972129523298448,2,,,91.984,50.5,10^-16.5418,,,,,,,,,,,,,,,,,,0
301036,1,106500,Synanthedon formicaeformis,red-tipped clearwing,eukaryota,false,,,,0.45944259046596897,4,,,90.6435,71.75,10^-27.1959,,,,,,,,,,,,,,,,,,0
105250,2,105250,Taphrorychus,"",eukaryota,false,,,,0.11486064761649224,1,,,94.03,67.0,10^-27.7385,,,,,,,,,,,,,,,,,[105251],0
105251,1,105250,Taphrorychus bicolor,"",eukaryota,false,,,,0.11486064761649224,1,,,94.03,67.0,10^-27.7385,,,,,,,,,,,,,,,,,,0
105119,2,105119,Xyleborus,"",eukaryota,false,,,,,,,,,,,,,,,,0.11486064761649224,1,,,100.0,25.0,10^-7.16052,,,,,[1230775],0
1230775,1,105119,Xyleborus celsus,"",eukaryota,false,,,,,,,,,,,,,,,,0.11486064761649224,1,,,100.0,25.0,10^-7.16052,,,,,,0
105105,2,105105,Acanthotomicus,"",eukaryota,false,,,,,,,,,,,,,,,,0.11486064761649224,1,,,100.0,24.0,10^-7.767,,,,,[2174871],0
2174871,1,105105,Acanthotomicus sp. 2 DP-2018,"",eukaryota,false,,,,,,,,,,,,,,,,0.11486064761649224,1,,,100.0,24.0,10^-7.767,,,,,,0
104781,2,104781,Adineta,"",eukaryota,false,,,,,,,,,,,,,,,,0.8040245333154457,7,,,93.5,24.0,10^-6.01247,,,,,"[433720, 249248]",0
433720,1,104781,Adineta steineri,"",eukaryota,false,,,,,,,,,,,,,,,,0.45944259046596897,4,,,100.0,23.75,10^-6.20075,,,,,,0
249248,1,104781,Adineta ricciae,"",eukaryota,false,,,,,,,,,,,,,,,,0.34458194284947674,3,,,84.8333,24.3333,10^-5.76144,,,,,,0
104514,2,104514,Melitaea,"",eukaryota,false,,,,0.34458194284947674,3,,,90.9177,51.0,10^-15.5296,,,,,,0.5743032380824612,5,,,95.16,24.4,10^-5.98952,,,,,[113334],0
113334,1,104514,Melitaea cinxia,Glanville fritillary,eukaryota,false,,,,0.34458194284947674,3,,,90.9177,51.0,10^-15.5296,,,,,,0.5743032380824612,5,,,95.16,24.4,10^-5.98952,,,,,,0
104501,2,104501,Euphydryas,checkerspot butterflies,eukaryota,false,,,,,,,,,,,,,,,,0.5743032380824612,5,,,92.54,24.2,10^-5.26964,,,,,[104508],0
104508,1,104501,Euphydryas editha,"",eukaryota,false,,,,,,,,,,,,,,,,0.5743032380824612,5,,,92.54,24.2,10^-5.26964,,,,,,0
104475,2,104475,Agriopis,"",eukaryota,false,,,,1.2634671237814146,11,,,93.6471,41.3636,10^-12.2305,,,,,,,,,,,,,,,,,"[934821, 190331, 104476]",0
934821,1,104475,Agriopis leucophaearia,"",eukaryota,false,,,,0.22972129523298448,2,,,93.4885,38.5,10^-10.4815,,,,,,,,,,,,,,,,,,0
190331,1,104475,Agriopis marginaria,dotted border,eukaryota,false,,,,0.5743032380824612,5,,,94.0716,41.2,10^-12.4429,,,,,,,,,,,,,,,,,,0
104476,1,104475,Agriopis aurantiaria,"",eukaryota,false,,,,0.45944259046596897,4,,,93.1957,43.0,10^-12.8395,,,,,,,,,,,,,,,,,,0
104473,2,104473,Erannis,"",eukaryota,false,,,,0.11486064761649224,1,,,90.741,54.0,10^-17.5394,,,,,,,,,,,,,,,,,[104474],0
104474,1,104473,Erannis defoliaria,"",eukaryota,false,,,,0.11486064761649224,1,,,90.741,54.0,10^-17.5394,,,,,,,,,,,,,,,,,,0
104456,2,104456,Ecliptopera,"",eukaryota,false,,,,0.22972129523298448,2,,,90.1825,52.5,10^-16.5422,,,,,,,,,,,,,,,,,[104457],0
104457,1,104456,Ecliptopera silaceata,"",eukaryota,false,,,,0.22972129523298448,2,,,90.1825,52.5,10^-16.5422,,,,,,,,,,,,,,,,,,0
104451,2,104451,Operophtera,"",eukaryota,false,,,,0.22972129523298448,2,,,92.505,61.0,10^-22.9774,,,,,,2.1823523047133526,19,1,18,97.2934,67.6316,10^-42.5637,,,,,[104452],0
104452,1,104451,Operophtera brumata,winter moth,eukaryota,false,,,,0.22972129523298448,2,,,92.505,61.0,10^-22.9774,,,,,,2.1823523047133526,19,1,18,97.2934,67.6316,10^-42.5637,,,,,,0
104446,2,104446,Idaea,"",eukaryota,false,,,,0.5743032380824612,5,,,91.0788,55.0,10^-17.9509,,,,,,,,,,,,,,,,,"[572776, 104449, 104448]",0
572776,1,104446,Idaea dimidiata,"",eukaryota,false,,,,0.22972129523298448,2,,,88.889,63.0,10^-20.9034,,,,,,,,,,,,,,,,,,0
104449,1,104446,Idaea straminata,"",eukaryota,false,,,,0.22972129523298448,2,,,90.1595,56.0,10^-18.2099,,,,,,,,,,,,,,,,,,0
104448,1,104446,Idaea biselata,"",eukaryota,false,,,,0.11486064761649224,1,,,97.297,37.0,10^-11.528,,,,,,,,,,,,,,,,,,0
104426,2,104426,Drepana,"",eukaryota,false,,,,0.22972129523298448,2,,,93.5525,39.0,10^-10.819,,,,,,,,,,,,,,,,,[104428],0
104428,1,104426,Drepana falcataria,"",eukaryota,false,,,,0.22972129523298448,2,,,93.5525,39.0,10^-10.819,,,,,,,,,,,,,,,,,,0
104351,2,104351,Crepidotus,"",eukaryota,false,,,,0.22972129523298448,2,,,98.0265,76.0,10^-37.2904,,,,,,,,,,,,,,,,,"[1935313, 110237]",0
1935313,1,104351,Crepidotus sp.,"",eukaryota,false,,,,0.11486064761649224,1,,,96.053,76.0,10^-35.2318,,,,,,,,,,,,,,,,,,0
110237,1,104351,Crepidotus mollis,"",eukaryota,false,,,,0.11486064761649224,1,,,100.0,76.0,10^-39.3489,,,,,,,,,,,,,,,,,,0
103830,2,103830,Mythimna,"",eukaryota,false,,,,0.8040245333154457,7,,,89.4474,60.1429,10^-19.7603,,,,,,0.34458194284947674,3,,,87.5,24.3333,10^-4.36427,,,,,"[997540, 987985, 271217]",0
997540,1,103830,Mythimna ferrago,"",eukaryota,false,,,,0.45944259046596897,4,,,89.9245,47.5,10^-13.4786,,,,,,,,,,,,,,,,,,0
987985,1,103830,Mythimna impura,"",eukaryota,false,,,,0.34458194284947674,3,,,88.8113,77.0,10^-28.136,,,,,,,,,,,,,,,,,,0
271217,1,103830,Mythimna separata,northern armyworm,eukaryota,false,,,,,,,,,,,,,,,,0.34458194284947674,3,,,87.5,24.3333,10^-4.36427,,,,,,0
103398,2,103398,Cystostereum,"",eukaryota,false,,,,0.11486064761649224,1,,,100.0,76.0,10^-39.3489,,,,,,,,,,,,,,,,,[2930172],0
2930172,1,103398,Cystostereum submurrayi,"",eukaryota,false,,,,0.11486064761649224,1,,,100.0,76.0,10^-39.3489,,,,,,,,,,,,,,,,,,0
102786,2,102786,Mikania,"",eukaryota,false,,,,,,,,,,,,,,,,0.11486064761649224,1,,,76.0,25.0,10^-3.08092,,,,,[192012],0
192012,1,102786,Mikania micrantha,"",eukaryota,false,,,,,,,,,,,,,,,,0.11486064761649224,1,,,76.0,25.0,10^-3.08092,,,,,,0
102106,2,102106,Collinsella,"",bacteria,false,,,,,,,,,,,,,,,,0.11486064761649224,1,,,100.0,25.0,10^-10.475,,,,,[74426],0
74426,1,102106,Collinsella aerofaciens,"",bacteria,false,,,,,,,,,,,,,,,,0.11486064761649224,1,,,100.0,25.0,10^-10.475,,,,,,0
101736,2,101736,Incurvaria,"",eukaryota,false,,,,0.34458194284947674,3,,,91.1027,62.3333,10^-21.8413,,,,,,,,,,,,,,,,,[101737],0
101737,1,101736,Incurvaria masculella,"",eukaryota,false,,,,0.34458194284947674,3,,,91.1027,62.3333,10^-21.8413,,,,,,,,,,,,,,,,,,0
100860,2,100860,Aphanomyces,"",eukaryota,false,,,,0.11486064761649224,1,,,92.0,75.0,10^-30.4343,,,,,,0.22972129523298448,2,,,76.15,23.0,10^-3.81331,,,,,"[112090, 100861]",0
112090,1,100860,Aphanomyces astaci,"",eukaryota,false,,,,0.11486064761649224,1,,,92.0,75.0,10^-30.4343,,,,,,,,,,,,,,,,,,0
100861,1,100860,Aphanomyces euteiches,"",eukaryota,false,,,,,,,,,,,,,,,,0.22972129523298448,2,,,76.15,23.0,10^-3.81331,,,,,,0
100451,2,100451,Candidula,"",eukaryota,false,,,,,,,,,,,,,,,,0.11486064761649224,1,,,96.0,25.0,10^-6.27246,,,,,[100452],0
100452,1,100451,Candidula unifasciata,"",eukaryota,false,,,,,,,,,,,,,,,,0.11486064761649224,1,,,96.0,25.0,10^-6.27246,,,,,,0
99105,2,99105,Tanacetum,"",eukaryota,false,,,,,,,,,,,,,,,,1.1486064761649224,10,,,92.0,23.6,10^-5.31251,,,,,[118510],0
118510,1,99105,Tanacetum cinerariifolium,"",eukaryota,false,,,,,,,,,,,,,,,,1.1486064761649224,10,,,92.0,23.6,10^-5.31251,,,,,,0
98780,2,98780,Resinicium,"",eukaryota,false,,,,0.22972129523298448,2,,,98.6665,75.5,10^-37.6363,,,,,,,,,,,,,,,,,"[396593, 98781]",0
396593,1,98780,Resinicium saccharicola,"",eukaryota,false,,,,0.11486064761649224,1,,,97.333,75.0,10^-35.9238,,,,,,,,,,,,,,,,,,0
98781,1,98780,Resinicium bicolor,"",eukaryota,false,,,,0.11486064761649224,1,,,100.0,76.0,10^-39.3489,,,,,,,,,,,,,,,,,,0
98757,2,98757,Gelatoporia,"",eukaryota,false,,,,,,,,,,,,,,,,0.6891638856989535,6,,,88.7833,24.0,10^-6.05211,,,,,[42742],0
42742,1,98757,Gelatoporia subvermispora,"",eukaryota,false,,,,,,,,,,,,,,,,0.6891638856989535,6,,,88.7833,24.0,10^-6.05211,,,,,,0
97971,2,97971,Periconia,"",eukaryota,false,,,,0.11486064761649224,1,,,90.667,75.0,10^-29.0619,,,,,,,,,,,,,,,,,[1303443],0
1303443,1,97971,Periconia digitata,"",eukaryota,false,,,,0.11486064761649224,1,,,90.667,75.0,10^-29.0619,,,,,,,,,,,,,,,,,,0
97051,2,97051,Cinara,"",eukaryota,false,,,,,,,,,,,,,,,,0.6891638856989535,6,,,93.1167,24.1667,10^-5.14914,,,,,[506608],0
506608,1,97051,Cinara cedri,"",eukaryota,false,,,,,,,,,,,,,,,,0.6891638856989535,6,,,93.1167,24.1667,10^-5.14914,,,,,,0
96453,2,96453,Nodulisporium,"",eukaryota,false,,,,0.11486064761649224,1,,,100.0,75.0,10^-38.6685,,,,,,,,,,,,,,,,,[323719],0
323719,1,96453,Nodulisporium sp. HQD48,"",eukaryota,false,,,,0.11486064761649224,1,,,100.0,75.0,10^-38.6685,,,,,,,,,,,,,,,,,,0
95601,2,95601,Eriocheir,"",eukaryota,false,,,,0.11486064761649224,1,,,97.222,36.0,10^-10.8537,,,,,,0.22972129523298448,2,,,100.0,24.0,10^-5.88642,,,,,[95602],0
95602,1,95601,Eriocheir sinensis,Chinese mitten crab,eukaryota,false,,,,0.11486064761649224,1,,,97.222,36.0,10^-10.8537,,,,,,0.22972129523298448,2,,,100.0,24.0,10^-5.88642,,,,,,0
95295,2,95295,Nomada,"",eukaryota,false,,,,0.8040245333154457,7,,,93.809,42.0,10^-12.557,,,,,,,,,,,,,,,,,"[601849, 601768, 601523, 601510, 481570]",0
601849,1,95295,Nomada ruficornis,"",eukaryota,false,,,,0.22972129523298448,2,,,92.1695,38.0,10^-9.45796,,,,,,,,,,,,,,,,,,0
601768,1,95295,Nomada panzeri,"",eukaryota,false,,,,0.11486064761649224,1,,,97.222,36.0,10^-10.8537,,,,,,,,,,,,,,,,,,0
601523,1,95295,Nomada flava,"",eukaryota,false,,,,0.22972129523298448,2,,,96.0155,38.0,10^-11.5165,,,,,,,,,,,,,,,,,,0
601510,1,95295,Nomada fabriciana,"",eukaryota,false,,,,0.11486064761649224,1,,,92.0,50.0,10^-16.2005,,,,,,,,,,,,,,,,,,0
481570,1,95295,Nomada fucata,"",eukaryota,false,,,,0.11486064761649224,1,,,91.071,56.0,10^-18.896,,,,,,,,,,,,,,,,,,0
95253,2,95253,Lophoptera,"",eukaryota,false,,,,0.11486064761649224,1,,,93.421,76.0,10^-32.4871,,,,,,,,,,,,,,,,,[1557663],0
1557663,1,95253,Lophoptera vittigera,"",eukaryota,false,,,,0.11486064761649224,1,,,93.421,76.0,10^-32.4871,,,,,,,,,,,,,,,,,,0
95218,2,95218,Hypena,"",eukaryota,false,,,,0.45944259046596897,4,,,91.2585,47.75,10^-14.0042,,,,,,,,,,,,,,,,,[753189],0
753189,1,95218,Hypena proboscidalis,"",eukaryota,false,,,,0.45944259046596897,4,,,91.2585,47.75,10^-14.0042,,,,,,,,,,,,,,,,,,0
95189,2,95189,Apamea,"",eukaryota,false,,,,0.11486064761649224,1,,,90.476,42.0,10^-10.7867,,,,,,,,,,,,,,,,,[987880],0
987880,1,95189,Apamea epomidion,"",eukaryota,false,,,,0.11486064761649224,1,,,90.476,42.0,10^-10.7867,,,,,,,,,,,,,,,,,,0
95108,2,95108,Clesthentia,"",eukaryota,false,,,,,,,,,,,,,,,,0.11486064761649224,1,,,100.0,25.0,10^-9.7122,,,,,[192482],0
192482,1,95108,Clesthentia sp. NCSU-99061021,"",eukaryota,false,,,,,,,,,,,,,,,,0.11486064761649224,1,,,100.0,25.0,10^-9.7122,,,,,,0
94629,2,94629,Semibalanus,"",eukaryota,false,,,,,,,,,,,,,,,,0.11486064761649224,1,,,100.0,24.0,10^-4.59176,,,,,[94630],0
94630,1,94629,Semibalanus balanoides,northern acorn barnacle,eukaryota,false,,,,,,,,,,,,,,,,0.11486064761649224,1,,,100.0,24.0,10^-4.59176,,,,,,0
94032,2,94032,Uloborus,"",eukaryota,false,,,,,,,,,,,,,,,,0.11486064761649224,1,,,79.2,24.0,10^-4.5784,,,,,[327109],0
327109,1,94032,Uloborus diversus,"",eukaryota,false,,,,,,,,,,,,,,,,0.11486064761649224,1,,,79.2,24.0,10^-4.5784,,,,,,0
94028,2,94028,Argiope,"",eukaryota,false,,,,0.22972129523298448,2,,,91.5945,62.0,10^-22.291,,,,,,0.22972129523298448,2,,,100.0,24.5,10^-5.47593,,,,,[94029],0
94029,1,94028,Argiope bruennichi,"",eukaryota,false,,,,0.22972129523298448,2,,,91.5945,62.0,10^-22.291,,,,,,0.22972129523298448,2,,,100.0,24.5,10^-5.47593,,,,,,0
93758,2,93758,Corchorus,"",eukaryota,false,,,,,,,,,,,,,,,,0.34458194284947674,3,,,100.0,24.3333,10^-5.6447,,,,,"[210143, 93759]",0
210143,1,93758,Corchorus capsularis,"",eukaryota,false,,,,,,,,,,,,,,,,0.11486064761649224,1,,,100.0,25.0,10^-8.83565,,,,,,0
93759,1,93758,Corchorus olitorius,"",eukaryota,false,,,,,,,,,,,,,,,,0.22972129523298448,2,,,100.0,24.0,10^-4.04923,,,,,,0
93127,2,93127,Rhynchophorus,"",eukaryota,false,,,,,,,,,,,,,,,,0.45944259046596897,4,,,97.925,24.0,10^-5.8903,,,,,[354439],0
354439,1,93127,Rhynchophorus ferrugineus,red palm weevil,eukaryota,false,,,,,,,,,,,,,,,,0.45944259046596897,4,,,97.925,24.0,10^-5.8903,,,,,,0
92691,2,92691,Rhyzopertha,"",eukaryota,false,,,,,,,,,,,,,,,,0.11486064761649224,1,,,100.0,23.0,10^-5.46725,,,,,[92692],0
92692,1,92691,Rhyzopertha dominica,lesser grain borer,eukaryota,false,,,,,,,,,,,,,,,,0.11486064761649224,1,,,100.0,23.0,10^-5.46725,,,,,,0
92443,2,92443,Venturia,"",eukaryota,false,,,,,,,,,,,,,,,,0.5743032380824612,5,,,93.12,24.6,10^-5.99744,,,,,[32260],0
32260,1,92443,Venturia canescens,"",eukaryota,false,,,,,,,,,,,,,,,,0.5743032380824612,5,,,93.12,24.6,10^-5.99744,,,,,,0
91942,2,91942,Hortaea,"",eukaryota,false,,,,,,,,,,,,,,,,0.11486064761649224,1,,,100.0,24.0,10^-4.75449,,,,,[91943],0
91943,1,91942,Hortaea werneckii,"",eukaryota,false,,,,,,,,,,,,,,,,0.11486064761649224,1,,,100.0,24.0,10^-4.75449,,,,,,0
91914,2,91914,Asaia,"",bacteria,false,,,,170.338340415258,1483,5,1448,99.8462,1178.11,10^-285.644,,,,,,24.465317942312847,213,1,190,97.0491,120.227,10^-76.5426,,,,,"[2067395, 610245, 610244, 415421, 406101, 220990, 110479, 91915]",0
2067395,1,91914,Asaia sp. W19,"",bacteria,false,,,,,,,,,,,,,,,,0.11486064761649224,1,,,100.0,23.0,10^-4.31069,,,,,,0
610245,1,91914,Asaia prunellae,"",bacteria,false,,,,,,,,,,,,,,,,0.11486064761649224,1,,,100.0,24.0,10^-5.4828,,,,,,0
610244,1,91914,Asaia astilbis,"",bacteria,false,,,,0.11486064761649224,1,,,100.0,76.0,10^-39.3489,,,,,,0.11486064761649224,1,,,95.8,24.0,10^-4.74232,,,,,,0
415421,1,91914,Asaia lannensis,"",bacteria,false,,,,,,,,,,,,,,,,1.0337458285484302,9,,,97.7778,23.6667,10^-6.62315,,,,,,0
406101,1,91914,Asaia sp. SF2.1,"",bacteria,false,,,,,,,,,,,,,,,,0.11486064761649224,1,,,96.0,25.0,10^-8.73993,,,,,,0
220990,1,91914,Asaia krungthepensis,"",bacteria,false,,,,,,,,,,,,,,,,0.11486064761649224,1,,,100.0,24.0,10^-5.67985,,,,,,0
110479,1,91914,Asaia siamensis,"",bacteria,false,,,,1.2634671237814146,11,,,97.365,75.9091,10^-36.5423,,,,,,,,,,,,,,,,,,0
91915,1,91914,Asaia bogorensis,"",bacteria,false,,,,168.9600126438601,1471,5,1448,99.865,1187.25,10^-287.708,,,,,,22.857268875681957,199,1,190,96.9825,127.081,10^-81.5327,,,,,,0
91737,2,91737,Aricia,"",eukaryota,false,,,,0.5743032380824612,5,,,88.6082,69.4,10^-23.6153,,,,,,0.34458194284947674,3,,,85.2333,24.6667,10^-6.64356,,,,,[91739],0
91739,1,91737,Aricia agestis,brown argus,eukaryota,false,,,,0.5743032380824612,5,,,88.6082,69.4,10^-23.6153,,,,,,0.34458194284947674,3,,,85.2333,24.6667,10^-6.64356,,,,,,0
91390,2,91390,Mischocyttarus,"",eukaryota,false,,,,,,,,,,,,,,,,0.22972129523298448,2,,,83.3,24.0,10^-3.5046,,,,,[91405],0
91405,1,91390,Mischocyttarus mexicanus,"",eukaryota,false,,,,,,,,,,,,,,,,0.22972129523298448,2,,,83.3,24.0,10^-3.5046,,,,,,0
91192,2,91192,Tetradesmus,"",eukaryota,false,,,,0.22972129523298448,2,,,95.5235,42.5,10^-13.8731,,,,,,0.11486064761649224,1,,,84.0,25.0,10^-4.23136,,,,,[3088],0
3088,1,91192,Tetradesmus obliquus,"",eukaryota,false,,,,0.22972129523298448,2,,,95.5235,42.5,10^-13.8731,,,,,,0.11486064761649224,1,,,84.0,25.0,10^-4.23136,,,,,,0
90723,2,90723,Aphelenchoides,"",eukaryota,false,,,,,,,,,,,,,,,,0.34458194284947674,3,,,97.2,24.3333,10^-4.7882,,,,,"[1052528, 269767]",0
1052528,1,90723,Aphelenchoides fujianensis,"",eukaryota,false,,,,,,,,,,,,,,,,0.22972129523298448,2,,,95.8,24.0,10^-4.30993,,,,,,0
269767,1,90723,Aphelenchoides besseyi,"",eukaryota,false,,,,,,,,,,,,,,,,0.11486064761649224,1,,,100.0,25.0,10^-5.74473,,,,,,0
90402,2,90402,Geoglossum,"",eukaryota,false,,,,,,,,,,,,,,,,0.11486064761649224,1,,,66.7,24.0,10^-3.35262,,,,,[315204],0
315204,1,90402,Geoglossum umbratile,"",eukaryota,false,,,,,,,,,,,,,,,,0.11486064761649224,1,,,66.7,24.0,10^-3.35262,,,,,,0
89966,2,89966,Hymenobacter,"",bacteria,false,,,,0.11486064761649224,1,,,98.684,76.0,10^-37.9766,,,,,,,,,,,,,,,,,[1705399],0
1705399,1,89966,Hymenobacter monticola,"",bacteria,false,,,,0.11486064761649224,1,,,98.684,76.0,10^-37.9766,,,,,,,,,,,,,,,,,,0
88647,2,88647,Teloschistes,"",eukaryota,false,,,,,,,,,,,,,,,,0.11486064761649224,1,,,88.0,25.0,10^-6.68194,,,,,[2903223],0
2903223,1,88647,Teloschistes peruensis,"",eukaryota,false,,,,,,,,,,,,,,,,0.11486064761649224,1,,,88.0,25.0,10^-6.68194,,,,,,0
88591,2,88591,Sphecodes,"",eukaryota,false,,,,0.34458194284947674,3,,,91.0923,56.6667,10^-18.8996,,,,,,,,,,,,,,,,,[1190790],0
1190790,1,88591,Sphecodes monilicornis,"",eukaryota,false,,,,0.34458194284947674,3,,,91.0923,56.6667,10^-18.8996,,,,,,,,,,,,,,,,,,0
88467,2,88467,Lasioglossum,"",eukaryota,false,,,,1.952631009480368,17,,,91.463,56.1765,10^-18.8678,,,,,,,,,,,,,,,,,"[88531, 88516, 88514]",0
88531,1,88467,Lasioglossum lativentre,"",eukaryota,false,,,,0.5743032380824612,5,,,90.6364,52.8,10^-15.9165,,,,,,,,,,,,,,,,,,0
88516,1,88467,Lasioglossum pauxillum,"",eukaryota,false,,,,0.5743032380824612,5,,,90.4996,58.6,10^-20.1222,,,,,,,,,,,,,,,,,,0
88514,1,88467,Lasioglossum morio,"",eukaryota,false,,,,0.8040245333154457,7,,,92.7416,56.8571,10^-20.0798,,,,,,,,,,,,,,,,,,0
88466,2,88466,Seladonia,"",eukaryota,false,,,,0.11486064761649224,1,,,91.667,48.0,10^-14.8458,,,,,,,,,,,,,,,,,[115100],0
115100,1,88466,Seladonia tumulorum,"",eukaryota,false,,,,0.11486064761649224,1,,,91.667,48.0,10^-14.8458,,,,,,,,,,,,,,,,,,0
88014,2,88014,Eurytemora,"",eukaryota,false,,,,0.11486064761649224,1,,,88.0,75.0,10^-26.3172,,,,,,0.5743032380824612,5,,,89.42,23.6,10^-5.00441,,,,,[1294199],0
1294199,1,88014,Eurytemora carolleeae,"",eukaryota,false,,,,0.11486064761649224,1,,,88.0,75.0,10^-26.3172,,,,,,0.5743032380824612,5,,,89.42,23.6,10^-5.00441,,,,,,0
86539,2,86539,Xenia,"",eukaryota,false,,,,,,,,,,,,,,,,0.34458194284947674,3,,,87.5,24.3333,10^-5.69089,,,,,[2897299],0
2897299,1,86539,Xenia sp. Carnegie-2017,"",eukaryota,false,,,,,,,,,,,,,,,,0.34458194284947674,3,,,87.5,24.3333,10^-5.69089,,,,,,0
86026,2,86026,Mollisia,"",eukaryota,false,,,,,,,,,,,,,,,,0.22972129523298448,2,,,85.2,23.5,10^-3.81831,,,,,[149040],0
149040,1,86026,Mollisia scopiformis,"",eukaryota,false,,,,,,,,,,,,,,,,0.22972129523298448,2,,,85.2,23.5,10^-3.81831,,,,,,0
85947,2,85947,Didymosphaeria,"",eukaryota,false,,,,,,,,,,,,,,,,0.11486064761649224,1,,,87.5,24.0,10^-4.74473,,,,,[85948],0
85948,1,85947,Didymosphaeria enalia,"",eukaryota,false,,,,,,,,,,,,,,,,0.11486064761649224,1,,,87.5,24.0,10^-4.74473,,,,,,0
85309,2,85309,Nezara,"",eukaryota,false,,,,,,,,,,,,,,,,0.22972129523298448,2,,,85.9,24.5,10^-5.19724,,,,,[85310],0
85310,1,85309,Nezara viridula,southern green stink bug,eukaryota,false,,,,,,,,,,,,,,,,0.22972129523298448,2,,,85.9,24.5,10^-5.19724,,,,,,0
85043,2,85043,Williamsia,"",bacteria,false,,,,0.34458194284947674,3,,,99.5613,76.0,10^-38.8915,,,,,,0.11486064761649224,1,,,100.0,24.0,10^-6.51145,,,,,"[391736, 322609, 85044]",0
391736,1,85043,Williamsia serinedens,"",bacteria,false,,,,0.22972129523298448,2,,,99.342,76.0,10^-38.6628,,,,,,,,,,,,,,,,,,0
322609,1,85043,Williamsia marianensis,"",bacteria,false,,,,,,,,,,,,,,,,0.11486064761649224,1,,,100.0,24.0,10^-6.51145,,,,,,0
85044,1,85043,Williamsia muralis,"",bacteria,false,,,,0.11486064761649224,1,,,100.0,76.0,10^-39.3489,,,,,,,,,,,,,,,,,,0
84657,2,84657,Percnon,"",eukaryota,false,,,,,,,,,,,,,,,,0.11486064761649224,1,,,100.0,24.0,10^-6.29328,,,,,[1550551],0
1550551,1,84657,Percnon affine,"",eukaryota,false,,,,,,,,,,,,,,,,0.11486064761649224,1,,,100.0,24.0,10^-6.29328,,,,,,0
84624,2,84624,Chlamisus,"",eukaryota,false,,,,0.11486064761649224,1,,,88.889,45.0,10^-11.4429,,,,,,0.11486064761649224,1,,,91.7,24.0,10^-5.13194,,,,,"[2653422, 2055354]",0
2653422,1,84624,Chlamisus sp. N29,"",eukaryota,false,,,,0.11486064761649224,1,,,88.889,45.0,10^-11.4429,,,,,,,,,,,,,,,,,,0
2055354,1,84624,Chlamisus sp. INB077,"",eukaryota,false,,,,,,,,,,,,,,,,0.11486064761649224,1,,,91.7,24.0,10^-5.13194,,,,,,0
84565,2,84565,Sodalis,tsetse S-endosymbionts,bacteria,false,,,,0.22972129523298448,2,,,100.0,76.0,10^-39.3489,,,,,,,,,,,,,,,,,[63612],0
63612,1,84565,Sodalis glossinidius,"",bacteria,false,,,,0.22972129523298448,2,,,100.0,76.0,10^-39.3489,,,,,,,,,,,,,,,,,,0
84507,2,84507,Ceratosolen,"",eukaryota,false,,,,,,,,,,,,,,,,0.34458194284947674,3,,,88.9,24.0,10^-4.55573,,,,,[142686],0
142686,1,84507,Ceratosolen solmsi,"",eukaryota,false,,,,,,,,,,,,,,,,0.34458194284947674,3,,,88.9,24.0,10^-4.55573,,,,,,0
84254,2,84254,Antitrichia,"",eukaryota,false,,,,0.11486064761649224,1,,,92.105,38.0,10^-9.45781,,,,,,,,,,,,,,,,,[100465],0
100465,1,84254,Antitrichia curtipendula,"",eukaryota,false,,,,0.11486064761649224,1,,,92.105,38.0,10^-9.45781,,,,,,,,,,,,,,,,,,0
83618,2,83618,Pseudoxanthomonas,"",bacteria,false,,,,0.5743032380824612,5,,,88.3078,44.0,10^-10.2226,,,,,,,,,,,,,,,,,"[2571115, 1871049, 1664560, 128785]",0
2571115,1,83618,Pseudoxanthomonas sp. X-1,"",bacteria,false,,,,0.11486064761649224,1,,,84.0,50.0,10^-10.711,,,,,,,,,,,,,,,,,,0
1871049,1,83618,Pseudoxanthomonas sp.,"",bacteria,false,,,,0.22972129523298448,2,,,85.714,49.0,10^-11.406,,,,,,,,,,,,,,,,,,0
1664560,1,83618,Pseudoxanthomonas sp. SE1,"",bacteria,false,,,,0.11486064761649224,1,,,97.222,36.0,10^-10.8537,,,,,,,,,,,,,,,,,,0
128785,1,83618,Pseudoxanthomonas mexicana,"",bacteria,false,,,,0.11486064761649224,1,,,88.889,36.0,10^-6.73655,,,,,,,,,,,,,,,,,,0
83484,2,83484,Linepithema,"",eukaryota,false,,,,0.22972129523298448,2,,,89.4995,63.5,10^-21.2516,,,,,,0.22972129523298448,2,,,100.0,25.0,10^-6.75449,,,,,[83485],0
83485,1,83484,Linepithema humile,Argentine ant,eukaryota,false,,,,0.22972129523298448,2,,,89.4995,63.5,10^-21.2516,,,,,,0.22972129523298448,2,,,100.0,25.0,10^-6.75449,,,,,,0
83242,2,83242,Leptoporus,"",eukaryota,false,,,,0.11486064761649224,1,,,100.0,76.0,10^-39.3489,,,,,,,,,,,,,,,,,[83243],0
83243,1,83242,Leptoporus mollis,"",eukaryota,false,,,,0.11486064761649224,1,,,100.0,76.0,10^-39.3489,,,,,,,,,,,,,,,,,,0
83235,2,83235,Postia,"",eukaryota,false,,,,,,,,,,,,,,,,0.34458194284947674,3,,,91.7667,24.3333,10^-6.85277,,,,,[104341],0
104341,1,83235,Postia placenta,"",eukaryota,false,,,,,,,,,,,,,,,,0.34458194284947674,3,,,91.7667,24.3333,10^-6.85277,,,,,,0
83174,2,83174,Valsa,"",eukaryota,false,,,,,,,,,,,,,,,,0.11486064761649224,1,,,100.0,25.0,10^-6.49757,,,,,[105487],0
105487,1,83174,Valsa mali,"",eukaryota,false,,,,,,,,,,,,,,,,0.11486064761649224,1,,,100.0,25.0,10^-6.49757,,,,,,0
82984,2,82984,Pragia,"",bacteria,false,,,,,,,,,,,,,,,,0.11486064761649224,1,,,100.0,25.0,10^-8.27654,,,,,[82985],0
82985,1,82984,Pragia fontium,"",bacteria,false,,,,,,,,,,,,,,,,0.11486064761649224,1,,,100.0,25.0,10^-8.27654,,,,,,0
82802,2,82802,Trichococcus,"",bacteria,false,,,,,,,,,,,,,,,,0.34458194284947674,3,,,97.3333,25.0,10^-6.87244,,,,,"[140314, 43064]",0
140314,1,82802,Trichococcus palustris,"",bacteria,false,,,,,,,,,,,,,,,,0.11486064761649224,1,,,96.0,25.0,10^-6.23958,,,,,,0
43064,1,82802,Trichococcus pasteurii,"",bacteria,false,,,,,,,,,,,,,,,,0.22972129523298448,2,,,98.0,25.0,10^-7.18887,,,,,,0
82762,2,82762,Idotea,"",eukaryota,false,,,,,,,,,,,,,,,,0.22972129523298448,2,,,91.4,23.5,10^-5.20135,,,,,[82763],0
82763,1,82762,Idotea baltica,"",eukaryota,false,,,,,,,,,,,,,,,,0.22972129523298448,2,,,91.4,23.5,10^-5.20135,,,,,,0
82741,2,82741,Orius,"",eukaryota,false,,,,,,,,,,,,,,,,0.11486064761649224,1,,,100.0,23.0,10^-7.17587,,,,,[82747],0
82747,1,82741,Orius sauteri,"",eukaryota,false,,,,,,,,,,,,,,,,0.11486064761649224,1,,,100.0,23.0,10^-7.17587,,,,,,0
82622,2,82622,Hemaris,hummingbird moths,eukaryota,false,,,,0.11486064761649224,1,,,90.278,72.0,10^-27.0211,,,,,,,,,,,,,,,,,[987953],0
987953,1,82622,Hemaris fuciformis,"",eukaryota,false,,,,0.11486064761649224,1,,,90.278,72.0,10^-27.0211,,,,,,,,,,,,,,,,,,0
82618,2,82618,Lapara,"",eukaryota,false,,,,0.11486064761649224,1,,,89.474,76.0,10^-28.37,,,,,,,,,,,,,,,,,[82619],0
82619,1,82618,Lapara coniferarum,southern pine sphinx,eukaryota,false,,,,0.11486064761649224,1,,,89.474,76.0,10^-28.37,,,,,,,,,,,,,,,,,,0
82610,2,82610,Janiodes,"",eukaryota,false,,,,,,,,,,,,,,,,0.11486064761649224,1,,,78.3,23.0,10^-3.07779,,,,,[977747],0
977747,1,82610,Janiodes laverna,"",eukaryota,false,,,,,,,,,,,,,,,,0.11486064761649224,1,,,78.3,23.0,10^-3.07779,,,,,,0
82599,2,82599,Cydia,"",eukaryota,false,,,,0.5743032380824612,5,,,90.6016,56.6,10^-18.4835,,,,,,0.11486064761649224,1,,,100.0,21.0,10^-3.07469,,,,,"[1100964, 1100963, 82600]",0
1100964,1,82599,Cydia strobilella,"",eukaryota,false,,,,0.34458194284947674,3,,,87.9363,60.3333,10^-18.6352,,,,,,,,,,,,,,,,,,0
1100963,1,82599,Cydia splendana,"",eukaryota,false,,,,0.22972129523298448,2,,,94.5995,51.0,10^-18.2558,,,,,,,,,,,,,,,,,,0
82600,1,82599,Cydia pomonella,codling moth,eukaryota,false,,,,,,,,,,,,,,,,0.11486064761649224,1,,,100.0,21.0,10^-3.07469,,,,,,0
82597,2,82597,Campaea,"",eukaryota,false,,,,0.11486064761649224,1,,,97.436,39.0,10^-12.8775,,,,,,,,,,,,,,,,,[934813],0
934813,1,82597,Campaea margaritaria,"",eukaryota,false,,,,0.11486064761649224,1,,,97.436,39.0,10^-12.8775,,,,,,,,,,,,,,,,,,0
82594,2,82594,Biston,"",eukaryota,false,,,,0.11486064761649224,1,,,86.111,72.0,10^-22.904,,,,,,,,,,,,,,,,,[82595],0
82595,1,82594,Biston betularia,pepper-and-salt moth,eukaryota,false,,,,0.11486064761649224,1,,,86.111,72.0,10^-22.904,,,,,,,,,,,,,,,,,,0
82309,2,82309,Phlebiopsis,"",eukaryota,false,,,,0.11486064761649224,1,,,100.0,76.0,10^-39.3489,,,,,,,,,,,,,,,,,[2730939],0
2730939,1,82309,Phlebiopsis lamprocystidiata,"",eukaryota,false,,,,0.11486064761649224,1,,,100.0,76.0,10^-39.3489,,,,,,,,,,,,,,,,,,0
81525,2,81525,Monosiga,"",eukaryota,false,,,,,,,,,,,,,,,,0.11486064761649224,1,,,100.0,25.0,10^-5.12033,,,,,[81824],0
81824,1,81525,Monosiga brevicollis,"",eukaryota,false,,,,,,,,,,,,,,,,0.11486064761649224,1,,,100.0,25.0,10^-5.12033,,,,,,0
80835,2,80835,Portunus,"",eukaryota,false,,,,,,,,,,,,,,,,0.22972129523298448,2,,,98.0,24.5,10^-6.08475,,,,,[210409],0
210409,1,80835,Portunus trituberculatus,swimming crab,eukaryota,false,,,,,,,,,,,,,,,,0.22972129523298448,2,,,98.0,24.5,10^-6.08475,,,,,,0
80820,2,80820,Fragum,"",eukaryota,false,,,,0.45944259046596897,4,,,86.1862,56.25,10^-15.6633,,,,,,,,,,,,,,,,,"[1699438, 80821]",0
1699438,1,80820,Fragum whitleyi,"",eukaryota,false,,,,0.11486064761649224,1,,,88.158,76.0,10^-26.9976,,,,,,,,,,,,,,,,,,0
80821,1,80820,Fragum fragum,"",eukaryota,false,,,,0.34458194284947674,3,,,85.529,49.6667,10^-11.8852,,,,,,,,,,,,,,,,,,0
80764,2,80764,Aphis,"",eukaryota,false,,,,0.11486064761649224,1,,,92.727,55.0,10^-19.59,,,,,,0.6891638856989535,6,,,88.2333,24.1667,10^-5.00802,,,,,"[307492, 307491, 80765]",0
307492,1,80764,Aphis craccivora,cowpea aphid,eukaryota,false,,,,,,,,,,,,,,,,0.5743032380824612,5,,,85.88,24.2,10^-5.06305,,,,,,0
307491,1,80764,Aphis glycines,soybean aphid,eukaryota,false,,,,,,,,,,,,,,,,0.11486064761649224,1,,,100.0,24.0,10^-4.73283,,,,,,0
80765,1,80764,Aphis gossypii,cotton aphid,eukaryota,false,,,,0.11486064761649224,1,,,92.727,55.0,10^-19.59,,,,,,,,,,,,,,,,,,0
80744,2,80744,Serpula,"",eukaryota,false,,,,,,,,,,,,,,,,0.11486064761649224,1,,,100.0,23.0,10^-5.5867,,,,,[85982],0
85982,1,80744,Serpula lacrymans,"",eukaryota,false,,,,,,,,,,,,,,,,0.11486064761649224,1,,,100.0,23.0,10^-5.5867,,,,,,0
80645,2,80645,Gyrodon,"",eukaryota,false,,,,,,,,,,,,,,,,0.11486064761649224,1,,,80.0,25.0,10^-5.9431,,,,,[85971],0
85971,1,80645,Gyrodon lividus,"",eukaryota,false,,,,,,,,,,,,,,,,0.11486064761649224,1,,,80.0,25.0,10^-5.9431,,,,,,0
80635,2,80635,Coniophora,"",eukaryota,false,,,,0.11486064761649224,1,,,98.507,67.0,10^-30.4833,,,,,,,,,,,,,,,,,[80637],0
80637,1,80635,Coniophora puteana,"",eukaryota,false,,,,0.11486064761649224,1,,,98.507,67.0,10^-30.4833,,,,,,,,,,,,,,,,,,0
80248,2,80248,Phaedon,"",eukaryota,false,,,,0.22972129523298448,2,,,95.238,42.0,10^-13.5315,,,,,,0.11486064761649224,1,,,95.8,24.0,10^-5.54975,,,,,[80249],0
80249,1,80248,Phaedon cochleariae,mustard beetle,eukaryota,false,,,,0.22972129523298448,2,,,95.238,42.0,10^-13.5315,,,,,,0.11486064761649224,1,,,95.8,24.0,10^-5.54975,,,,,,0
79922,2,79922,Clonorchis,"",eukaryota,false,,,,,,,,,,,,,,,,0.22972129523298448,2,,,84.0,25.0,10^-7.36856,,,,,[79923],1
79923,1,79922,Clonorchis sinensis,"",eukaryota,false,,,,,,,,,,,,,,,,0.22972129523298448,2,,,84.0,25.0,10^-7.36856,,,,,,1
79504,2,79504,Crioceris,"",eukaryota,false,,,,0.22972129523298448,2,,,97.561,38.5,10^-12.5409,,,,,,,,,,,,,,,,,[131627],0
131627,1,79504,Crioceris asparagi,common asparagus beetle,eukaryota,false,,,,0.22972129523298448,2,,,97.561,38.5,10^-12.5409,,,,,,,,,,,,,,,,,,0
79498,2,79498,Lacanobia,"",eukaryota,false,,,,0.34458194284947674,3,,,91.9633,53.6667,10^-18.7031,,,,,,,,,,,,,,,,,"[987426, 79499]",0
987426,1,79498,Lacanobia wlatinum,"",eukaryota,false,,,,0.22972129523298448,2,,,92.823,60.0,10^-22.9992,,,,,,,,,,,,,,,,,,0
79499,1,79498,Lacanobia oleracea,"",eukaryota,false,,,,0.11486064761649224,1,,,90.244,41.0,10^-10.111,,,,,,,,,,,,,,,,,,0
79456,2,79456,Ischnura,"",eukaryota,false,,,,0.45944259046596897,4,,,88.4017,67.25,10^-22.4248,,,,,,1.952631009480368,17,,,99.2706,24.4118,10^-5.96958,,,,,[197161],0
197161,1,79456,Ischnura elegans,"",eukaryota,false,,,,0.45944259046596897,4,,,88.4017,67.25,10^-22.4248,,,,,,1.952631009480368,17,,,99.2706,24.4118,10^-5.96958,,,,,,0
78924,2,78924,Dimargaris,"",eukaryota,false,,,,,,,,,,,,,,,,0.11486064761649224,1,,,95.8,24.0,10^-6.90309,,,,,[215637],0
215637,1,78924,Dimargaris cristalligena,"",eukaryota,false,,,,,,,,,,,,,,,,0.11486064761649224,1,,,95.8,24.0,10^-6.90309,,,,,,0
78173,2,78173,Ceratina,"",eukaryota,false,,,,0.45944259046596897,4,,,93.831,47.25,10^-15.7282,,,,,,0.34458194284947674,3,,,98.6667,24.6667,10^-5.60823,,,,,[156304],0
156304,1,78173,Ceratina calcarata,"",eukaryota,false,,,,0.45944259046596897,4,,,93.831,47.25,10^-15.7282,,,,,,0.34458194284947674,3,,,98.6667,24.6667,10^-5.60823,,,,,,0
77703,2,77703,Limnadia,"",eukaryota,false,,,,,,,,,,,,,,,,0.11486064761649224,1,,,96.0,25.0,10^-7.67366,,,,,[84336],0
84336,1,77703,Limnadia lenticularis,"",eukaryota,false,,,,,,,,,,,,,,,,0.11486064761649224,1,,,96.0,25.0,10^-7.67366,,,,,,0
77566,2,77566,Hepatocystis,"",eukaryota,false,,,,,,,,,,,,,,,,0.11486064761649224,1,,,83.3,24.0,10^-4.18642,,,,,[2600580],0
2600580,1,77566,Hepatocystis sp. ex Piliocolobus tephrosceles,"",eukaryota,false,,,,,,,,,,,,,,,,0.11486064761649224,1,,,83.3,24.0,10^-4.18642,,,,,,0
77301,2,77301,Eretmocerus,"",eukaryota,false,,,,,,,,,,,,,,,,0.6891638856989535,6,,,94.55,24.5,10^-6.03432,,,,,[131215],0
131215,1,77301,Eretmocerus hayati,"",eukaryota,false,,,,,,,,,,,,,,,,0.6891638856989535,6,,,94.55,24.5,10^-6.03432,,,,,,0
77156,2,77156,Dendroctonus,"",eukaryota,false,,,,0.8040245333154457,7,,,93.5146,52.2857,10^-18.1567,,,,,,3.790401371344244,33,,,98.3667,24.2727,10^-6.76627,,,,,"[77166, 77159]",0
77166,1,77156,Dendroctonus ponderosae,mountain pine beetle,eukaryota,false,,,,0.8040245333154457,7,,,93.5146,52.2857,10^-18.1567,,,,,,3.6755407237277518,32,,,98.3156,24.2812,10^-6.76401,,,,,,0
77159,1,77156,Dendroctonus armandi,"",eukaryota,false,,,,,,,,,,,,,,,,0.11486064761649224,1,,,100.0,24.0,10^-6.83863,,,,,,0
76989,2,76989,Ancistrocerus,"",eukaryota,false,,,,0.11486064761649224,1,,,95.455,44.0,10^-14.8836,,,,,,,,,,,,,,,,,[76990],0
76990,1,76989,Ancistrocerus nigricornis,"",eukaryota,false,,,,0.11486064761649224,1,,,95.455,44.0,10^-14.8836,,,,,,,,,,,,,,,,,,0
76831,2,76831,Myroides,"",bacteria,false,,,,0.22972129523298448,2,,,100.0,75.5,10^-39.0087,,,,,,,,,,,,,,,,,"[702745, 76832]",0
702745,1,76831,Myroides phaeus,"",bacteria,false,,,,0.11486064761649224,1,,,100.0,76.0,10^-39.3489,,,,,,,,,,,,,,,,,,0
76832,1,76831,Myroides odoratimimus,"",bacteria,false,,,,0.11486064761649224,1,,,100.0,75.0,10^-38.6685,,,,,,,,,,,,,,,,,,0
76218,2,76218,Nymphalis,"",eukaryota,false,,,,0.34458194284947674,3,,,92.7027,52.6667,10^-18.0293,,,,,,0.22972129523298448,2,,,93.5,22.5,10^-5.12512,,,,,"[171585, 111881]",0
171585,1,76218,Nymphalis io,European peacock,eukaryota,false,,,,0.22972129523298448,2,,,93.2205,61.0,10^-22.9895,,,,,,0.22972129523298448,2,,,93.5,22.5,10^-5.12512,,,,,,0
111881,1,76218,Nymphalis urticae,small tortoiseshell,eukaryota,false,,,,0.11486064761649224,1,,,91.667,36.0,10^-8.10892,,,,,,,,,,,,,,,,,,0
76125,2,76125,Coriolopsis,"",eukaryota,false,,,,0.11486064761649224,1,,,100.0,76.0,10^-39.3489,,,,,,,,,,,,,,,,,[76130],0
76130,1,76125,Coriolopsis trogii,"",eukaryota,false,,,,0.11486064761649224,1,,,100.0,76.0,10^-39.3489,,,,,,,,,,,,,,,,,,0
75309,2,75309,Rhodanobacter,"",bacteria,false,,,,0.11486064761649224,1,,,100.0,76.0,10^-39.3489,,,,,,0.11486064761649224,1,,,91.7,24.0,10^-7.73755,,,,,"[2723084, 666685]",0
2723084,1,75309,Rhodanobacter sp. MP7CTX1,"",bacteria,false,,,,,,,,,,,,,,,,0.11486064761649224,1,,,91.7,24.0,10^-7.73755,,,,,,0
666685,1,75309,Rhodanobacter denitrificans,"",bacteria,false,,,,0.11486064761649224,1,,,100.0,76.0,10^-39.3489,,,,,,,,,,,,,,,,,,0
75120,2,75120,Batillaria,"",eukaryota,false,,,,,,,,,,,,,,,,0.11486064761649224,1,,,92.0,25.0,10^-7.55909,,,,,[370345],0
370345,1,75120,Batillaria attramentaria,"",eukaryota,false,,,,,,,,,,,,,,,,0.11486064761649224,1,,,92.0,25.0,10^-7.55909,,,,,,0
74855,2,74855,Terfezia,"",eukaryota,false,,,,,,,,,,,,,,,,0.11486064761649224,1,,,71.4,21.0,10^-3.23508,,,,,[139407],0
139407,1,74855,Terfezia claveryi,"",eukaryota,false,,,,,,,,,,,,,,,,0.11486064761649224,1,,,71.4,21.0,10^-3.23508,,,,,,0
72766,2,72766,Formica,"",eukaryota,false,,,,,,,,,,,,,,,,0.5743032380824612,5,,,99.2,24.4,10^-6.94405,,,,,[72781],0
72781,1,72766,Formica exsecta,"",eukaryota,false,,,,,,,,,,,,,,,,0.5743032380824612,5,,,99.2,24.4,10^-6.94405,,,,,,0
72702,2,72702,Pomacea,"",eukaryota,false,,,,,,,,,,,,,,,,0.45944259046596897,4,,,89.575,24.25,10^-5.30252,,,,,[400727],0
400727,1,72702,Pomacea canaliculata,"",eukaryota,false,,,,,,,,,,,,,,,,0.45944259046596897,4,,,89.575,24.25,10^-5.30252,,,,,,0
72549,2,72549,Oryctes,"",eukaryota,false,,,,,,,,,,,,,,,,0.11486064761649224,1,,,100.0,24.0,10^-4.89279,,,,,[1629725],0
1629725,1,72549,Oryctes borbonicus,"",eukaryota,false,,,,,,,,,,,,,,,,0.11486064761649224,1,,,100.0,24.0,10^-4.89279,,,,,,0
72244,2,72244,Anthocharis,"",eukaryota,false,,,,0.11486064761649224,1,,,87.037,54.0,10^-14.7947,,,,,,,,,,,,,,,,,[227532],0
227532,1,72244,Anthocharis cardamines,orange tip,eukaryota,false,,,,0.11486064761649224,1,,,87.037,54.0,10^-14.7947,,,,,,,,,,,,,,,,,,0
72171,2,72171,Ziziphus,"",eukaryota,false,,,,0.11486064761649224,1,,,92.453,53.0,10^-18.2337,,,,,,,,,,,,,,,,,[326968],0
326968,1,72171,Ziziphus jujuba,common jujube,eukaryota,false,,,,0.11486064761649224,1,,,92.453,53.0,10^-18.2337,,,,,,,,,,,,,,,,,,0
72035,2,72035,Lepeophtheirus,"",eukaryota,false,,,,0.11486064761649224,1,,,93.443,61.0,10^-23.6622,,,,,,0.9188851809319379,8,,,95.8125,24.0,10^-4.90969,,,,,[72036],0
72036,1,72035,Lepeophtheirus salmonis,salmon louse,eukaryota,false,,,,0.11486064761649224,1,,,93.443,61.0,10^-23.6622,,,,,,0.9188851809319379,8,,,95.8125,24.0,10^-4.90969,,,,,,0
71927,2,71927,Termitomyces,"",eukaryota,false,,,,,,,,,,,,,,,,0.11486064761649224,1,,,96.0,25.0,10^-7.73993,,,,,[2788930],0
2788930,1,71927,Termitomyces sp. 'cryptogamus',"",eukaryota,false,,,,,,,,,,,,,,,,0.11486064761649224,1,,,96.0,25.0,10^-7.73993,,,,,,0
71886,2,71886,Hohenbuehelia,"",eukaryota,false,,,,0.11486064761649224,1,,,100.0,76.0,10^-39.3489,,,,,,,,,,,,,,,,,[511173],0
511173,1,71886,Hohenbuehelia petaloides,"",eukaryota,false,,,,0.11486064761649224,1,,,100.0,76.0,10^-39.3489,,,,,,,,,,,,,,,,,,0
71669,2,71669,Conocybe,"",eukaryota,false,,,,0.22972129523298448,2,,,97.3685,76.0,10^-36.6042,,,,,,,,,,,,,,,,,"[1276659, 229365]",0
1276659,1,71669,Conocybe antipus,"",eukaryota,false,,,,0.11486064761649224,1,,,98.684,76.0,10^-37.9766,,,,,,,,,,,,,,,,,,0
229365,1,71669,Conocybe apala,"",eukaryota,false,,,,0.11486064761649224,1,,,96.053,76.0,10^-35.2318,,,,,,,,,,,,,,,,,,0
71493,2,71493,Elysia,"",eukaryota,false,,,,,,,,,,,,,,,,0.34458194284947674,3,,,86.6667,25.0,10^-5.79367,,,,,"[1093978, 188477]",0
1093978,1,71493,Elysia marginata,"",eukaryota,false,,,,,,,,,,,,,,,,0.11486064761649224,1,,,100.0,25.0,10^-7.27165,,,,,,0
188477,1,71493,Elysia chlorotica,eastern emerald elysia,eukaryota,false,,,,,,,,,,,,,,,,0.22972129523298448,2,,,80.0,25.0,10^-5.05468,,,,,,0
71460,2,71460,Cylicostephanus,"",eukaryota,false,,,,,,,,,,,,,,,,0.22972129523298448,2,,,68.0,25.0,10^-4.44595,,,,,[71465],0
71465,1,71460,Cylicostephanus goldi,"",eukaryota,false,,,,,,,,,,,,,,,,0.22972129523298448,2,,,68.0,25.0,10^-4.44595,,,,,,0
71292,2,71292,Berthella,"",eukaryota,false,,,,0.11486064761649224,1,,,91.935,62.0,10^-22.9689,,,,,,,,,,,,,,,,,[1631827],0
1631827,1,71292,Berthella ocellata,"",eukaryota,false,,,,0.11486064761649224,1,,,91.935,62.0,10^-22.9689,,,,,,,,,,,,,,,,,,0
70742,2,70742,Peronospora,"",eukaryota,false,,,,,,,,,,,,,,,,0.11486064761649224,1,,,72.0,25.0,10^-3.10458,,,,,[86335],0
86335,1,70742,Peronospora destructor,"",eukaryota,false,,,,,,,,,,,,,,,,0.11486064761649224,1,,,72.0,25.0,10^-3.10458,,,,,,0
70376,2,70376,Ladona,"",eukaryota,false,,,,,,,,,,,,,,,,0.5743032380824612,5,,,88.24,23.4,10^-4.98989,,,,,[123851],0
123851,1,70376,Ladona fulva,scarce chaser,eukaryota,false,,,,,,,,,,,,,,,,0.5743032380824612,5,,,88.24,23.4,10^-4.98989,,,,,,0
69818,2,69818,Habrobracon,"",eukaryota,false,,,,,,,,,,,,,,,,0.11486064761649224,1,,,66.7,24.0,10^-3.098,,,,,[69819],0
69819,1,69818,Habrobracon hebetor,"",eukaryota,false,,,,,,,,,,,,,,,,0.11486064761649224,1,,,66.7,24.0,10^-3.098,,,,,,0
69354,2,69354,Darwinula,"",eukaryota,false,,,,0.5743032380824612,5,,,89.2328,50.6,10^-14.1536,,,,,,0.22972129523298448,2,,,97.85,23.5,10^-6.95726,,,,,[69355],0
69355,1,69354,Darwinula stevensoni,"",eukaryota,false,,,,0.5743032380824612,5,,,89.2328,50.6,10^-14.1536,,,,,,0.22972129523298448,2,,,97.85,23.5,10^-6.95726,,,,,,0
68776,2,68776,Cyathus,"",eukaryota,false,,,,0.22972129523298448,2,,,97.98,73.5,10^-35.5897,,,,,,,,,,,,,,,,,[68777],0
68777,1,68776,Cyathus striatus,"",eukaryota,false,,,,0.22972129523298448,2,,,97.98,73.5,10^-35.5897,,,,,,,,,,,,,,,,,,0
66739,2,66739,Lasiodiplodia,"",eukaryota,false,,,,0.11486064761649224,1,,,91.667,48.0,10^-14.8458,,,,,,,,,,,,,,,,,[45133],0
45133,1,66739,Lasiodiplodia theobromae,"",eukaryota,false,,,,0.11486064761649224,1,,,91.667,48.0,10^-14.8458,,,,,,,,,,,,,,,,,,0
66735,2,66735,Diplodia,"",eukaryota,false,,,,0.11486064761649224,1,,,100.0,75.0,10^-38.6685,,,,,,,,,,,,,,,,,[420778],0
420778,1,66735,Diplodia seriata,"",eukaryota,false,,,,0.11486064761649224,1,,,100.0,75.0,10^-38.6685,,,,,,,,,,,,,,,,,,0
66655,2,66655,Durio,"",eukaryota,false,,,,,,,,,,,,,,,,0.22972129523298448,2,,,93.75,24.0,10^-4.63185,,,,,[66656],0
66656,1,66655,Durio zibethinus,"",eukaryota,false,,,,,,,,,,,,,,,,0.22972129523298448,2,,,93.75,24.0,10^-4.63185,,,,,,0
66533,2,66533,Necrophilus,"",eukaryota,false,,,,0.11486064761649224,1,,,91.667,48.0,10^-14.8458,,,,,,,,,,,,,,,,,[66534],0
66534,1,66533,Necrophilus hydrophiloides,"",eukaryota,false,,,,0.11486064761649224,1,,,91.667,48.0,10^-14.8458,,,,,,,,,,,,,,,,,,0
66331,2,66331,Dianous,"",eukaryota,false,,,,,,,,,,,,,,,,0.11486064761649224,1,,,100.0,25.0,10^-7.60206,,,,,[2055393],0
2055393,1,66331,Dianous sp. INB175,"",eukaryota,false,,,,,,,,,,,,,,,,0.11486064761649224,1,,,100.0,25.0,10^-7.60206,,,,,,0
66017,2,66017,Digitaria,"",eukaryota,false,,,,0.11486064761649224,1,,,98.592,71.0,10^-34.5752,,,,,,0.22972129523298448,2,,,100.0,23.0,10^-4.94225,,,,,[1010633],0
1010633,1,66017,Digitaria exilis,"",eukaryota,false,,,,0.11486064761649224,1,,,98.592,71.0,10^-34.5752,,,,,,0.22972129523298448,2,,,100.0,23.0,10^-4.94225,,,,,,0
65338,2,65338,Tromatobia,"",eukaryota,false,,,,0.22972129523298448,2,,,94.6855,50.5,10^-17.9232,,,,,,,,,,,,,,,,,[2776060],0
2776060,1,65338,Tromatobia lineatoria,"",eukaryota,false,,,,0.22972129523298448,2,,,94.6855,50.5,10^-17.9232,,,,,,,,,,,,,,,,,,0
65288,2,65288,Netelia,"",eukaryota,false,,,,0.22972129523298448,2,,,93.185,55.5,10^-19.9343,,,,,,,,,,,,,,,,,"[2866289, 494743]",0
2866289,1,65288,Netelia dilatata,"",eukaryota,false,,,,0.11486064761649224,1,,,90.625,64.0,10^-22.9551,,,,,,,,,,,,,,,,,,0
494743,1,65288,Netelia virgata,"",eukaryota,false,,,,0.11486064761649224,1,,,95.745,47.0,10^-16.9135,,,,,,,,,,,,,,,,,,0
64792,2,64792,Wasmannia,"",eukaryota,false,,,,0.5743032380824612,5,,,90.5338,65.0,10^-23.0956,,,,,,0.34458194284947674,3,,,86.5,24.6667,10^-4.16837,,,,,[64793],0
64793,1,64792,Wasmannia auropunctata,little fire ant,eukaryota,false,,,,0.5743032380824612,5,,,90.5338,65.0,10^-23.0956,,,,,,0.34458194284947674,3,,,86.5,24.6667,10^-4.16837,,,,,,0
64782,2,64782,Acromyrmex,"",eukaryota,false,,,,0.11486064761649224,1,,,97.619,42.0,10^-14.9038,,,,,,0.11486064761649224,1,,,84.0,25.0,10^-6.07366,,,,,"[230686, 103372]",0
230686,1,64782,Acromyrmex insinuator,"",eukaryota,false,,,,,,,,,,,,,,,,0.11486064761649224,1,,,84.0,25.0,10^-6.07366,,,,,,0
103372,1,64782,Acromyrmex echinatior,Panamanian leafcutter ant,eukaryota,false,,,,0.11486064761649224,1,,,97.619,42.0,10^-14.9038,,,,,,,,,,,,,,,,,,0
64693,2,64693,Hippodamia,"",eukaryota,false,,,,4.824147199892674,42,,,99.3719,75.1765,10^-38.0621,,,,,,,,,,,,,,,,,[703264],0
703264,1,64693,Hippodamia variegata,"",eukaryota,false,,,,4.824147199892674,42,,,99.3719,75.1765,10^-38.0621,,,,,,,,,,,,,,,,,,0
64561,2,64561,Umbelopsis,"",eukaryota,false,,,,0.11486064761649224,1,,,97.368,76.0,10^-36.6042,,,,,,0.11486064761649224,1,,,83.3,24.0,10^-4.57675,,,,,"[2307132, 1896174]",0
2307132,1,64561,Umbelopsis macrospora,"",eukaryota,false,,,,0.11486064761649224,1,,,97.368,76.0,10^-36.6042,,,,,,,,,,,,,,,,,,0
1896174,1,64561,Umbelopsis sp. PMI_123,"",eukaryota,false,,,,,,,,,,,,,,,,0.11486064761649224,1,,,83.3,24.0,10^-4.57675,,,,,,0
64560,2,64560,Radiomyces,"",eukaryota,false,,,,,,,,,,,,,,,,0.22972129523298448,2,,,93.85,24.5,10^-6.48233,,,,,[64574],0
64574,1,64560,Radiomyces spectabilis,"",eukaryota,false,,,,,,,,,,,,,,,,0.22972129523298448,2,,,93.85,24.5,10^-6.48233,,,,,,0
64444,2,64444,Melinaea,"",eukaryota,false,,,,0.45944259046596897,4,,,90.3402,49.5,10^-14.5025,,,,,,,,,,,,,,,,,[331299],0
331299,1,64444,Melinaea marsaeus,"",eukaryota,false,,,,0.45944259046596897,4,,,90.3402,49.5,10^-14.5025,,,,,,,,,,,,,,,,,,0
64390,2,64390,Callosobruchus,"",eukaryota,false,,,,,,,,,,,,,,,,9.303712456935871,81,1,48,98.0617,26.4691,10^-9.21108,,,,,"[380381, 146774, 64391]",0
380381,1,64390,Callosobruchus analis,"",eukaryota,false,,,,,,,,,,,,,,,,1.952631009480368,17,,,94.4765,24.4118,10^-6.39843,,,,,,0
146774,1,64390,Callosobruchus chinensis,azuki bean weevil,eukaryota,false,,,,,,,,,,,,,,,,1.0337458285484302,9,,,97.7,24.6667,10^-7.69481,,,,,,0
64391,1,64390,Callosobruchus maculatus,cowpea weevil,eukaryota,false,,,,,,,,,,,,,,,,6.317335618907073,55,1,48,99.2291,27.4,10^-10.3286,,,,,,0
64388,2,64388,Bruchidius,"",eukaryota,false,,,,1.7229097142473837,15,1,14,85.593,86.4,10^-14.463,,,,,,,,,,,,,,,,,[1649775],0
1649775,1,64388,Bruchidius siliquastri,"",eukaryota,false,,,,1.7229097142473837,15,1,14,85.593,86.4,10^-14.463,,,,,,,,,,,,,,,,,,0
63724,2,63724,Lepidurus,"",eukaryota,false,,,,0.11486064761649224,1,,,97.368,38.0,10^-12.2026,,,,,,,,,,,,,,,,,[77708],0
77708,1,63724,Lepidurus arcticus,"",eukaryota,false,,,,0.11486064761649224,1,,,97.368,38.0,10^-12.2026,,,,,,,,,,,,,,,,,,0
63688,2,63688,Gonioctena,"",eukaryota,false,,,,,,,,,,,,,,,,1.0337458285484302,9,,,92.3222,23.6667,10^-5.64028,,,,,[63699],0
63699,1,63688,Gonioctena quinquepunctata,"",eukaryota,false,,,,,,,,,,,,,,,,1.0337458285484302,9,,,92.3222,23.6667,10^-5.64028,,,,,,0
63429,2,63429,Leptopilina,"",eukaryota,false,,,,,,,,,,,,,,,,0.45944259046596897,4,,,94.0,25.0,10^-5.20037,,,,,[63436],0
63436,1,63429,Leptopilina heterotoma,"",eukaryota,false,,,,,,,,,,,,,,,,0.45944259046596897,4,,,94.0,25.0,10^-5.20037,,,,,,0
62803,2,62803,Nemoura,"",eukaryota,false,,,,0.34458194284947674,3,,,92.6097,42.0,10^-12.1626,,,,,,,,,,,,,,,,,[2014036],0
2014036,1,62803,Nemoura dubitans,"",eukaryota,false,,,,0.34458194284947674,3,,,92.6097,42.0,10^-12.1626,,,,,,,,,,,,,,,,,,0
62624,2,62624,Varroa,"",eukaryota,false,,,,0.34458194284947674,3,,,85.979,71.0,10^-22.2261,,,,,,,,,,,,,,,,,"[109461, 62625]",0
109461,1,62624,Varroa destructor,honeybee mite,eukaryota,false,,,,0.22972129523298448,2,,,86.2055,68.5,10^-21.2128,,,,,,,,,,,,,,,,,,0
62625,1,62624,Varroa jacobsoni,"",eukaryota,false,,,,0.11486064761649224,1,,,85.526,76.0,10^-24.2529,,,,,,,,,,,,,,,,,,0
62007,2,62007,Japyx,"",eukaryota,false,,,,0.11486064761649224,1,,,97.368,76.0,10^-36.6042,,,,,,,,,,,,,,,,,[296598],0
296598,1,62007,Japyx solifugus,"",eukaryota,false,,,,0.11486064761649224,1,,,97.368,76.0,10^-36.6042,,,,,,,,,,,,,,,,,,0
61987,2,61987,Scutigerella,"",eukaryota,false,,,,,,,,,,,,,,,,0.11486064761649224,1,,,100.0,24.0,10^-6.34199,,,,,[681530],0
681530,1,61987,Scutigerella sp. 'Scu3',"",eukaryota,false,,,,,,,,,,,,,,,,0.11486064761649224,1,,,100.0,24.0,10^-6.34199,,,,,,0
61471,2,61471,Timema,"",eukaryota,false,,,,2.297212952329845,20,,,94.1746,44.6,10^-14.2726,,,,,,4.020122666577229,35,,,93.4743,24.0,10^-5.35655,,,,,"[629360, 629358, 170557, 170555, 61484, 61482, 61478, 61476, 61474, 61472]",0
629360,1,61471,Timema shepardi,"",eukaryota,false,,,,,,,,,,,,,,,,0.5743032380824612,5,,,90.36,24.6,10^-5.14467,,,,,,0
629358,1,61471,Timema genevievae,"",eukaryota,false,,,,0.34458194284947674,3,,,93.701,42.3333,10^-12.842,,,,,,0.5743032380824612,5,,,99.16,24.6,10^-7.35622,,,,,,0
170557,1,61471,Timema poppensis,"",eukaryota,false,,,,0.5743032380824612,5,,,95.9648,44.0,10^-14.3569,,,,,,0.22972129523298448,2,,,87.85,24.0,10^-6.09898,,,,,,0
170555,1,61471,Timema monikensis,"",eukaryota,false,,,,0.11486064761649224,1,,,82.927,41.0,10^-5.99389,,,,,,0.45944259046596897,4,,,94.75,24.25,10^-4.75257,,,,,,0
61484,1,61471,Timema tahoe,"",eukaryota,false,,,,0.34458194284947674,3,,,92.754,45.0,10^-13.734,,,,,,0.45944259046596897,4,,,93.75,23.25,10^-5.23168,,,,,,0
61482,1,61471,Timema podura,"",eukaryota,false,,,,,,,,,,,,,,,,0.5743032380824612,5,,,94.8,22.6,10^-4.60626,,,,,,0
61478,1,61471,Timema douglasi,"",eukaryota,false,,,,0.11486064761649224,1,,,97.222,36.0,10^-10.8537,,,,,,0.22972129523298448,2,,,93.5,24.0,10^-4.79586,,,,,,0
61476,1,61471,Timema cristinae,"",eukaryota,false,,,,0.11486064761649224,1,,,89.474,38.0,10^-8.08544,,,,,,0.34458194284947674,3,,,87.5,24.0,10^-4.56727,,,,,,0
61474,1,61471,Timema californicum,California timema,eukaryota,false,,,,0.22972129523298448,2,,,95.9275,55.0,10^-22.3594,,,,,,0.45944259046596897,4,,,98.95,24.75,10^-5.78479,,,,,,0
61472,1,61471,Timema bartmani,"",eukaryota,false,,,,0.45944259046596897,4,,,95.7063,46.25,10^-16.0721,,,,,,0.11486064761649224,1,,,75.0,24.0,10^-3.37572,,,,,,0
61396,2,61396,Kickxella,"",eukaryota,false,,,,0.22972129523298448,2,,,92.172,51.0,10^-17.5839,,,,,,,,,,,,,,,,,[61397],0
61397,1,61396,Kickxella alabastrina,"",eukaryota,false,,,,0.22972129523298448,2,,,92.172,51.0,10^-17.5839,,,,,,,,,,,,,,,,,,0
60957,2,60957,Piscicola,"",eukaryota,false,,,,0.22972129523298448,2,,,91.2695,39.0,10^-9.44782,,,,,,,,,,,,,,,,,[60958],0
60958,1,60957,Piscicola geometra,"",eukaryota,false,,,,0.22972129523298448,2,,,91.2695,39.0,10^-9.44782,,,,,,,,,,,,,,,,,,0
60940,2,60940,Branchellion,"",eukaryota,false,,,,1.378327771397907,12,,,90.6427,56.1667,10^-18.2299,,,,,,,,,,,,,,,,,[375517],0
375517,1,60940,Branchellion lobata,"",eukaryota,false,,,,1.378327771397907,12,,,90.6427,56.1667,10^-18.2299,,,,,,,,,,,,,,,,,,0
60896,2,60896,Anthophora,"",eukaryota,false,,,,0.22972129523298448,2,,,89.6405,43.5,10^-11.1146,,,,,,,,,,,,,,,,,[478167],0
478167,1,60896,Anthophora plumipes,"",eukaryota,false,,,,0.22972129523298448,2,,,89.6405,43.5,10^-11.1146,,,,,,,,,,,,,,,,,,0
60836,2,60836,Leistus,"",eukaryota,false,,,,0.5743032380824612,5,,,91.7688,65.2,10^-24.5991,,,,,,,,,,,,,,,,,[878056],0
878056,1,60836,Leistus spinibarbis,"",eukaryota,false,,,,0.5743032380824612,5,,,91.7688,65.2,10^-24.5991,,,,,,,,,,,,,,,,,,0
60834,2,60834,Nebria,"",eukaryota,false,,,,0.11486064761649224,1,,,91.304,46.0,10^-13.492,,,,,,,,,,,,,,,,,[878211],0
878211,1,60834,Nebria salina,"",eukaryota,false,,,,0.11486064761649224,1,,,91.304,46.0,10^-13.492,,,,,,,,,,,,,,,,,,0
60568,2,60568,Cryptotermes,"",eukaryota,false,,,,0.34458194284947674,3,,,89.8167,71.3333,10^-26.1107,,,,,,1.2634671237814146,11,,,91.3909,24.2727,10^-4.85574,,,,,[105785],0
105785,1,60568,Cryptotermes secundus,"",eukaryota,false,,,,0.34458194284947674,3,,,89.8167,71.3333,10^-26.1107,,,,,,1.2634671237814146,11,,,91.3909,24.2727,10^-4.85574,,,,,,0
59732,2,59732,Chryseobacterium,"",bacteria,false,,,,0.6891638856989535,6,,,94.6463,68.6667,10^-29.7912,,,,,,0.5743032380824612,5,,,98.32,24.4,10^-6.62054,,,,,"[2997336, 2983606, 2926909, 1609531, 1453492, 421058, 373672, 259322, 253]",0
2997336,1,59732,Chryseobacterium sp. CY350,"",bacteria,false,,,,0.11486064761649224,1,,,90.566,53.0,10^-16.8614,,,,,,,,,,,,,,,,,,0
2983606,1,59732,Chryseobacterium sp. MMS21-Ot14,"",bacteria,false,,,,0.11486064761649224,1,,,100.0,76.0,10^-39.3489,,,,,,,,,,,,,,,,,,0
2926909,1,59732,Chryseobacterium sp. WG14,"",bacteria,false,,,,,,,,,,,,,,,,0.11486064761649224,1,,,100.0,25.0,10^-8.24949,,,,,,0
1609531,1,59732,Chryseobacterium rhizoplanae,"",bacteria,false,,,,0.11486064761649224,1,,,87.838,74.0,10^-25.6368,,,,,,,,,,,,,,,,,,0
1453492,1,59732,Chryseobacterium hispalense,"",bacteria,false,,,,,,,,,,,,,,,,0.11486064761649224,1,,,95.8,24.0,10^-5.83863,,,,,,0
421058,1,59732,Chryseobacterium oranimense,"",bacteria,false,,,,0.11486064761649224,1,,,89.474,57.0,10^-18.2021,,,,,,,,,,,,,,,,,,0
373672,1,59732,Chryseobacterium gambrini,"",bacteria,false,,,,0.11486064761649224,1,,,100.0,76.0,10^-39.3489,,,,,,,,,,,,,,,,,,0
259322,1,59732,uncultured Chryseobacterium sp.,"",bacteria,false,,,,,,,,,,,,,,,,0.22972129523298448,2,,,100.0,24.5,10^-6.65672,,,,,,0
253,1,59732,Chryseobacterium indologenes,"",bacteria,false,,,,0.11486064761649224,1,,,100.0,76.0,10^-39.3489,,,,,,0.11486064761649224,1,,,95.8,24.0,10^-5.70115,,,,,,0
58823,2,58823,Plodia,"",eukaryota,false,,,,0.22972129523298448,2,,,93.23,51.5,10^-17.9056,,,,,,,,,,,,,,,,,[58824],0
58824,1,58823,Plodia interpunctella,Indianmeal moth,eukaryota,false,,,,0.22972129523298448,2,,,93.23,51.5,10^-17.9056,,,,,,,,,,,,,,,,,,0
58781,2,58781,Dinothrombium,"",eukaryota,false,,,,,,,,,,,,,,,,0.22972129523298448,2,,,96.0,24.5,10^-6.42315,,,,,[1965070],0
1965070,1,58781,Dinothrombium tinctorium,"",eukaryota,false,,,,,,,,,,,,,,,,0.22972129523298448,2,,,96.0,24.5,10^-6.42315,,,,,,0
58738,2,58738,Fopius,"",eukaryota,false,,,,0.22972129523298448,2,,,88.6665,62.5,10^-20.5726,,,,,,0.45944259046596897,4,,,88.625,24.5,10^-5.46878,,,,,[64838],0
64838,1,58738,Fopius arisanus,"",eukaryota,false,,,,0.22972129523298448,2,,,88.6665,62.5,10^-20.5726,,,,,,0.45944259046596897,4,,,88.625,24.5,10^-5.46878,,,,,,0
58001,2,58001,Daktulosphaira,"",eukaryota,false,,,,,,,,,,,,,,,,0.11486064761649224,1,,,92.0,25.0,10^-5.92812,,,,,[58002],0
58002,1,58001,Daktulosphaira vitifoliae,grape phylloxera,eukaryota,false,,,,,,,,,,,,,,,,0.11486064761649224,1,,,92.0,25.0,10^-5.92812,,,,,,0
57999,2,57999,Cryptolestes,"",eukaryota,false,,,,,,,,,,,,,,,,0.11486064761649224,1,,,100.0,25.0,10^-7.25026,,,,,[58000],0
58000,1,57999,Cryptolestes ferrugineus,"",eukaryota,false,,,,,,,,,,,,,,,,0.11486064761649224,1,,,100.0,25.0,10^-7.25026,,,,,,0
57515,2,57515,Nicrophorus,sexton beetles,eukaryota,false,,,,0.22972129523298448,2,,,89.5365,53.5,10^-15.8446,,,,,,0.5743032380824612,5,,,94.86,24.2,10^-5.85887,,,,,"[307049, 110193]",0
307049,1,57515,Nicrophorus nepalensis,"",eukaryota,false,,,,,,,,,,,,,,,,0.11486064761649224,1,,,100.0,24.0,10^-5.0,,,,,,0
110193,1,57515,Nicrophorus vespilloides,"",eukaryota,false,,,,0.22972129523298448,2,,,89.5365,53.5,10^-15.8446,,,,,,0.45944259046596897,4,,,93.575,24.25,10^-6.07359,,,,,,0
57295,2,57295,Nymphon,"",eukaryota,false,,,,,,,,,,,,,,,,0.22972129523298448,2,,,100.0,25.0,10^-5.26179,,,,,[424472],0
424472,1,57295,Nymphon striatum,"",eukaryota,false,,,,,,,,,,,,,,,,0.22972129523298448,2,,,100.0,25.0,10^-5.26179,,,,,,0
57131,2,57131,Pseudotomentella,"",eukaryota,false,,,,0.11486064761649224,1,,,89.61,77.0,10^-29.0505,,,,,,,,,,,,,,,,,[1962197],0
1962197,1,57131,Pseudotomentella sp.,"",eukaryota,false,,,,0.11486064761649224,1,,,89.61,77.0,10^-29.0505,,,,,,,,,,,,,,,,,,0
57077,2,57077,Dicrocoelium,"",eukaryota,false,,,,,,,,,,,,,,,,0.22972129523298448,2,,,91.75,24.5,10^-6.01456,,,,,[57078],1
57078,1,57077,Dicrocoelium dendriticum,"",eukaryota,false,,,,,,,,,,,,,,,,0.22972129523298448,2,,,91.75,24.5,10^-6.01456,,,,,,1
56747,2,56747,Fibularhizoctonia,"",eukaryota,false,,,,,,,,,,,,,,,,0.22972129523298448,2,,,97.9,24.0,10^-6.5374,,,,,[436010],0
436010,1,56747,Fibularhizoctonia sp. CBS 109695,"",eukaryota,false,,,,,,,,,,,,,,,,0.22972129523298448,2,,,97.9,24.0,10^-6.5374,,,,,,0
56621,2,56621,Pseudomyrmex,"",eukaryota,false,,,,,,,,,,,,,,,,0.22972129523298448,2,,,100.0,25.0,10^-6.55212,,,,,[219809],0
219809,1,56621,Pseudomyrmex gracilis,"",eukaryota,false,,,,,,,,,,,,,,,,0.22972129523298448,2,,,100.0,25.0,10^-6.55212,,,,,,0
56587,2,56587,Furcula,"",eukaryota,false,,,,0.11486064761649224,1,,,89.583,48.0,10^-13.4735,,,,,,,,,,,,,,,,,[987943],0
987943,1,56587,Furcula furcula,"",eukaryota,false,,,,0.11486064761649224,1,,,89.583,48.0,10^-13.4735,,,,,,,,,,,,,,,,,,0
56577,2,56577,Tarachidia,"",eukaryota,false,,,,0.11486064761649224,1,,,96.0,75.0,10^-34.5514,,,,,,,,,,,,,,,,,[56578],0
56578,1,56577,Tarachidia candefacta,olive-shaded bird-dropping moth,eukaryota,false,,,,0.11486064761649224,1,,,96.0,75.0,10^-34.5514,,,,,,,,,,,,,,,,,,0
56534,2,56534,Pulicaria,"",eukaryota,false,,,,0.11486064761649224,1,,,100.0,76.0,10^-39.3489,,,,,,,,,,,,,,,,,[56535],0
56535,1,56534,Pulicaria dysenterica,"",eukaryota,false,,,,0.11486064761649224,1,,,100.0,76.0,10^-39.3489,,,,,,,,,,,,,,,,,,0
56489,2,56489,Thelephora,"",eukaryota,false,,,,,,,,,,,,,,,,0.11486064761649224,1,,,73.9,23.0,10^-4.34679,,,,,[370292],0
370292,1,56489,Thelephora ganbajun,"",eukaryota,false,,,,,,,,,,,,,,,,0.11486064761649224,1,,,73.9,23.0,10^-4.34679,,,,,,0
56393,2,56393,Meganola,"",eukaryota,false,,,,0.11486064761649224,1,,,90.789,76.0,10^-29.7423,,,,,,,,,,,,,,,,,[987977],0
987977,1,56393,Meganola albula,"",eukaryota,false,,,,0.11486064761649224,1,,,90.789,76.0,10^-29.7423,,,,,,,,,,,,,,,,,,0
56365,2,56365,Amphipyra,"",eukaryota,false,,,,0.22972129523298448,2,,,90.0,49.5,10^-14.4912,,,,,,,,,,,,,,,,,[987877],0
987877,1,56365,Amphipyra berbera,"",eukaryota,false,,,,0.22972129523298448,2,,,90.0,49.5,10^-14.4912,,,,,,,,,,,,,,,,,,0
56362,2,56362,Acronicta,"",eukaryota,false,,,,0.22972129523298448,2,,,88.627,57.5,10^-17.8553,,,,,,,,,,,,,,,,,[987865],0
987865,1,56362,Acronicta psi,"",eukaryota,false,,,,0.22972129523298448,2,,,88.627,57.5,10^-17.8553,,,,,,,,,,,,,,,,,,0
56096,2,56096,Gerris,"",eukaryota,false,,,,0.22972129523298448,2,,,92.517,45.5,10^-13.8411,,,,,,,,,,,,,,,,,[108914],0
108914,1,56096,Gerris lacustris,"",eukaryota,false,,,,0.22972129523298448,2,,,92.517,45.5,10^-13.8411,,,,,,,,,,,,,,,,,,0
55897,2,55897,Lysiphlebus,"",eukaryota,false,,,,,,,,,,,,,,,,0.22972129523298448,2,,,95.5,22.5,10^-3.97539,,,,,[77504],0
77504,1,55897,Lysiphlebus testaceipes,"",eukaryota,false,,,,,,,,,,,,,,,,0.22972129523298448,2,,,95.5,22.5,10^-3.97539,,,,,,0
55799,2,55799,Diploscapter,"",eukaryota,false,,,,,,,,,,,,,,,,0.11486064761649224,1,,,88.0,25.0,10^-4.97469,,,,,[2018661],0
2018661,1,55799,Diploscapter pachys,"",eukaryota,false,,,,,,,,,,,,,,,,0.11486064761649224,1,,,88.0,25.0,10^-4.97469,,,,,,0
55709,2,55709,Cerastoderma,"",eukaryota,false,,,,0.11486064761649224,1,,,74.51,51.0,10^-4.52673,,,,,,,,,,,,,,,,,[55710],0
55710,1,55709,Cerastoderma edule,"",eukaryota,false,,,,0.11486064761649224,1,,,74.51,51.0,10^-4.52673,,,,,,,,,,,,,,,,,,0
55193,2,55193,Malassezia,"",eukaryota,false,,,,0.22972129523298448,2,,,98.113,53.0,10^-22.3508,,,,,,,,,,,,,,,,,[76773],0
76773,1,55193,Malassezia globosa,"",eukaryota,false,,,,0.22972129523298448,2,,,98.113,53.0,10^-22.3508,,,,,,,,,,,,,,,,,,0
55079,2,55079,Aneurinibacillus,"",bacteria,false,,,,,,,,,,,,,,,,0.11486064761649224,1,,,100.0,25.0,10^-10.5129,,,,,[267746],0
267746,1,55079,Aneurinibacillus danicus,"",bacteria,false,,,,,,,,,,,,,,,,0.11486064761649224,1,,,100.0,25.0,10^-10.5129,,,,,,0
55077,2,55077,Monomorium,"",eukaryota,false,,,,0.45944259046596897,4,,,85.7678,67.0,10^-19.8506,,,,,,,,,,,,,,,,,[307658],0
307658,1,55077,Monomorium pharaonis,pharaoh ant,eukaryota,false,,,,0.45944259046596897,4,,,85.7678,67.0,10^-19.8506,,,,,,,,,,,,,,,,,,0
54968,2,54968,Polypedilum,"",eukaryota,false,,,,0.11486064761649224,1,,,89.091,55.0,10^-16.8453,,,,,,2.6417948951793218,23,,,96.6348,24.5217,10^-5.88301,,,,,[319348],0
319348,1,54968,Polypedilum vanderplanki,sleeping chironomid,eukaryota,false,,,,0.11486064761649224,1,,,89.091,55.0,10^-16.8453,,,,,,2.6417948951793218,23,,,96.6348,24.5217,10^-5.88301,,,,,,0
54615,2,54615,Ophiderma,"",eukaryota,false,,,,0.11486064761649224,1,,,92.453,53.0,10^-18.2337,,,,,,,,,,,,,,,,,[104859],0
104859,1,54615,Ophiderma definita,"",eukaryota,false,,,,0.11486064761649224,1,,,92.453,53.0,10^-18.2337,,,,,,,,,,,,,,,,,,0
53551,2,53551,Sabethes,"",eukaryota,false,,,,75.80802742688488,660,6,66,90.6389,76.3607,10^-24.8452,,,,,,221.56618925221355,1929,6,78,91.3177,26.9854,10^-6.38578,,,,,"[865939, 218602, 53552]",0
865939,1,53551,Sabethes chloropterus,"",eukaryota,false,,,,0.11486064761649224,1,,,100.0,76.0,10^-39.3489,,,,,,,,,,,,,,,,,,0
218602,1,53551,Sabethes sp. PP-2003,"",eukaryota,false,,,,2.871516190412306,25,1,25,87.903,124.0,10^-30.4572,,,,,,,,,,,,,,,,,,0
53552,1,53551,Sabethes cyaneus,"",eukaryota,false,,,,72.82165058885609,634,5,41,90.7325,74.4739,10^-24.5999,,,,,,221.56618925221355,1929,6,78,91.3177,26.9854,10^-6.38578,,,,,,0
53460,2,53460,Nakamurella,"",bacteria,false,,,,0.11486064761649224,1,,,98.684,76.0,10^-37.9766,,,,,,,,,,,,,,,,,[1902245],0
1902245,1,53460,Nakamurella antarctica,"",bacteria,false,,,,0.11486064761649224,1,,,98.684,76.0,10^-37.9766,,,,,,,,,,,,,,,,,,0
53365,2,53365,Catellatospora,"",bacteria,false,,,,0.22972129523298448,2,,,98.684,76.0,10^-37.9766,,,,,,,,,,,,,,,,,[2728827],0
2728827,1,53365,Catellatospora sp. IY07-71,"",bacteria,false,,,,0.22972129523298448,2,,,98.684,76.0,10^-37.9766,,,,,,,,,,,,,,,,,,0
53335,2,53335,Pantoea,"",bacteria,false,,,,83.15910887434039,724,1,705,96.6322,1810.77,10^-300.492,,,,,,84.19285470288881,733,1,705,88.7134,100.052,10^-51.5159,,,,,"[3028622, 2490851, 2479547, 1076550, 218084, 69393, 66269, 59814, 553, 549]",0
3028622,1,53335,Pantoea sp. Lij88,"",bacteria,false,,,,0.11486064761649224,1,,,97.917,48.0,10^-18.9629,,,,,,,,,,,,,,,,,,0
2490851,1,53335,Pantoea sp. CCBC3-3-1,"",bacteria,false,,,,0.22972129523298448,2,,,100.0,76.0,10^-39.3489,,,,,,,,,,,,,,,,,,0
2479547,1,53335,Pantoea sp. 201603H,"",bacteria,false,,,,80.97675656962703,705,1,705,96.555,1858.0,10^-307.653,,,,,,,,,,,,,,,,,,0
1076550,1,53335,Pantoea rwandensis,"",bacteria,false,,,,0.11486064761649224,1,,,100.0,76.0,10^-39.3489,,,,,,,,,,,,,,,,,,0
218084,1,53335,uncultured Pantoea sp.,"",bacteria,false,,,,0.34458194284947674,3,,,99.111,75.3333,10^-37.9804,,,,,,,,,,,,,,,,,,0
69393,1,53335,Pantoea sp.,"",bacteria,false,,,,0.22972129523298448,2,,,100.0,73.5,10^-37.648,,,,,,,,,,,,,,,,,,0
66269,1,53335,Pantoea stewartii,"",bacteria,false,,,,,,,,,,,,,,,,0.34458194284947674,3,,,94.3,24.0,10^-6.88345,,,,,,0
59814,1,53335,Pantoea dispersa,"",bacteria,false,,,,1.0337458285484302,9,,,99.4152,74.5556,10^-37.7564,,,,,,,,,,,,,,,,,,0
553,1,53335,Pantoea ananatis,"",bacteria,false,,,,,,,,,,,,,,,,83.84827276003934,730,1,705,88.6902,100.368,10^-51.7011,,,,,,0
549,1,53335,Pantoea agglomerans,"",bacteria,false,,,,0.11486064761649224,1,,,100.0,74.0,10^-37.9881,,,,,,,,,,,,,,,,,,0
53246,2,53246,Pseudoalteromonas,"",bacteria,false,,,,,,,,,,,,,,,,0.22972129523298448,2,,,83.3,24.0,10^-7.39254,,,,,[2066515],0
2066515,1,53246,Pseudoalteromonas sp. S558,"",bacteria,false,,,,,,,,,,,,,,,,0.22972129523298448,2,,,83.3,24.0,10^-7.39254,,,,,,0
52939,2,52939,Tridacna,"",eukaryota,false,,,,0.11486064761649224,1,,,87.302,63.0,10^-19.531,,,,,,,,,,,,,,,,,[80833],0
80833,1,52939,Tridacna crocea,"",eukaryota,false,,,,0.11486064761649224,1,,,87.302,63.0,10^-19.531,,,,,,,,,,,,,,,,,,0
52733,2,52733,Dilophus,"",eukaryota,false,,,,0.11486064761649224,1,,,93.443,61.0,10^-23.6622,,,,,,,,,,,,,,,,,[52734],0
52734,1,52733,Dilophus febrilis,"",eukaryota,false,,,,0.11486064761649224,1,,,93.443,61.0,10^-23.6622,,,,,,,,,,,,,,,,,,0
52633,2,52633,Diprion,"",eukaryota,false,,,,,,,,,,,,,,,,0.22972129523298448,2,,,100.0,24.5,10^-6.42501,,,,,[362088],0
362088,1,52633,Diprion similis,"",eukaryota,false,,,,,,,,,,,,,,,,0.22972129523298448,2,,,100.0,24.5,10^-6.42501,,,,,,0
52564,2,52564,Oesophagostomum,"",eukaryota,false,,,,,,,,,,,,,,,,0.11486064761649224,1,,,75.0,24.0,10^-4.97881,,,,,[61180],0
61180,1,52564,Oesophagostomum dentatum,"",eukaryota,false,,,,,,,,,,,,,,,,0.11486064761649224,1,,,75.0,24.0,10^-4.97881,,,,,,0
51654,2,51654,Plutella,"",eukaryota,false,,,,0.6891638856989535,6,,,86.2212,68.0,10^-21.335,,,,,,1.0337458285484302,9,,,95.5333,24.6667,10^-6.71118,,,,,[51655],0
51655,1,51654,Plutella xylostella,diamondback moth,eukaryota,false,,,,0.6891638856989535,6,,,86.2212,68.0,10^-21.335,,,,,,1.0337458285484302,9,,,95.5333,24.6667,10^-6.71118,,,,,,0
51649,2,51649,Sacculina,"",eukaryota,false,,,,0.5743032380824612,5,,,90.6516,49.2,10^-14.5753,,,,,,,,,,,,,,,,,[51650],0
51650,1,51649,Sacculina carcini,"",eukaryota,false,,,,0.5743032380824612,5,,,90.6516,49.2,10^-14.5753,,,,,,,,,,,,,,,,,,0
51538,2,51538,Microplitis,"",eukaryota,false,,,,0.22972129523298448,2,,,94.5945,37.0,10^-10.1556,,,,,,0.45944259046596897,4,,,97.95,24.75,10^-6.78517,,,,,"[1427173, 375433, 69319]",0
1427173,1,51538,Microplitis manilae,"",eukaryota,false,,,,0.11486064761649224,1,,,91.892,37.0,10^-8.78321,,,,,,,,,,,,,,,,,,0
375433,1,51538,Microplitis mediator,"",eukaryota,false,,,,0.11486064761649224,1,,,97.297,37.0,10^-11.528,,,,,,0.34458194284947674,3,,,98.6667,25.0,10^-6.889,,,,,,0
69319,1,51538,Microplitis demolitor,"",eukaryota,false,,,,,,,,,,,,,,,,0.11486064761649224,1,,,95.8,24.0,10^-6.47366,,,,,,0
51293,2,51293,Capitella,"",eukaryota,false,,,,,,,,,,,,,,,,0.22972129523298448,2,,,81.6,24.5,10^-4.19555,,,,,[283909],0
283909,1,51293,Capitella teleta,"",eukaryota,false,,,,,,,,,,,,,,,,0.22972129523298448,2,,,81.6,24.5,10^-4.19555,,,,,,0
51281,2,51281,Protula,"",eukaryota,false,,,,0.11486064761649224,1,,,94.872,39.0,10^-11.5051,,,,,,,,,,,,,,,,,[2886755],0
2886755,1,51281,Protula sp. h YS-2021,"",eukaryota,false,,,,0.11486064761649224,1,,,94.872,39.0,10^-11.5051,,,,,,,,,,,,,,,,,,0
51109,2,51109,Dendronephthya,"",eukaryota,false,,,,0.11486064761649224,1,,,89.474,76.0,10^-28.37,,,,,,,,,,,,,,,,,[151771],0
151771,1,51109,Dendronephthya gigantea,"",eukaryota,false,,,,0.11486064761649224,1,,,89.474,76.0,10^-28.37,,,,,,,,,,,,,,,,,,0
51030,2,51030,Necator,"",eukaryota,false,,,,0.11486064761649224,1,,,94.595,37.0,10^-10.1556,,,,,,,,,,,,,,,,,[51031],1
51031,1,51030,Necator americanus,New World hookworm,eukaryota,false,,,,0.11486064761649224,1,,,94.595,37.0,10^-10.1556,,,,,,,,,,,,,,,,,,1
51027,2,51027,Enterobius,"",eukaryota,false,,,,,,,,,,,,,,,,0.45944259046596897,4,,,96.825,23.75,10^-6.54823,,,,,[51028],1
51028,1,51027,Enterobius vermicularis,human pinworm,eukaryota,false,,,,,,,,,,,,,,,,0.45944259046596897,4,,,96.825,23.75,10^-6.54823,,,,,,1
50989,2,50989,Rickenella,"",eukaryota,false,,,,0.11486064761649224,1,,,100.0,69.0,10^-34.5876,,,,,,,,,,,,,,,,,[1928837],0
1928837,1,50989,Rickenella minuta,"",eukaryota,false,,,,0.11486064761649224,1,,,100.0,69.0,10^-34.5876,,,,,,,,,,,,,,,,,,0
50955,2,50955,Geosiphon,"",eukaryota,false,,,,,,,,,,,,,,,,0.11486064761649224,1,,,92.0,25.0,10^-5.45967,,,,,[50956],0
50956,1,50955,Geosiphon pyriformis,"",eukaryota,false,,,,,,,,,,,,,,,,0.11486064761649224,1,,,92.0,25.0,10^-5.45967,,,,,,0
50607,2,50607,Sialis,"",eukaryota,false,,,,0.11486064761649224,1,,,86.667,75.0,10^-24.9448,,,,,,,,,,,,,,,,,[279420],0
279420,1,50607,Sialis lutaria,"",eukaryota,false,,,,0.11486064761649224,1,,,86.667,75.0,10^-24.9448,,,,,,,,,,,,,,,,,,0
50582,2,50582,Ephemera,"",eukaryota,false,,,,,,,,,,,,,,,,0.6891638856989535,6,,,92.5,24.4,10^-5.49152,,,,,[1049336],0
1049336,1,50582,Ephemera danica,"",eukaryota,false,,,,,,,,,,,,,,,,0.6891638856989535,6,,,92.5,24.4,10^-5.49152,,,,,,0
50428,2,50428,Stylophora,"",eukaryota,false,,,,0.11486064761649224,1,,,89.13,46.0,10^-12.1196,,,,,,,,,,,,,,,,,[50429],0
50429,1,50428,Stylophora pistillata,"",eukaryota,false,,,,0.11486064761649224,1,,,89.13,46.0,10^-12.1196,,,,,,,,,,,,,,,,,,0
50385,2,50385,Diabrotica,"",eukaryota,false,,,,0.5743032380824612,5,,,90.5038,49.4,10^-14.4304,,,,,,0.22972129523298448,2,,,97.9,24.0,10^-4.39344,,,,,"[107213, 50389]",0
107213,1,50385,Diabrotica balteata,"",eukaryota,false,,,,0.11486064761649224,1,,,94.872,39.0,10^-11.5051,,,,,,,,,,,,,,,,,,0
50389,1,50385,Diabrotica virgifera,"",eukaryota,false,,,,0.45944259046596897,4,,,89.4118,52.0,10^-15.1617,,,,,,0.22972129523298448,2,,,97.9,24.0,10^-4.39344,,,,,,0
50022,2,50022,Panonychus,"",eukaryota,false,,,,,,,,,,,,,,,,0.11486064761649224,1,,,100.0,24.0,10^-6.50446,,,,,[50023],0
50023,1,50022,Panonychus citri,citrus red mite,eukaryota,false,,,,,,,,,,,,,,,,0.11486064761649224,1,,,100.0,24.0,10^-6.50446,,,,,,0
49674,2,49674,Trillium,"",eukaryota,false,,,,0.11486064761649224,1,,,100.0,76.0,10^-39.3489,,,,,,,,,,,,,,,,,[82485],0
82485,1,49674,Trillium govanianum,"",eukaryota,false,,,,0.11486064761649224,1,,,100.0,76.0,10^-39.3489,,,,,,,,,,,,,,,,,,0
48861,2,48861,Peltigera,"",eukaryota,false,,,,,,,,,,,,,,,,0.11486064761649224,1,,,68.0,25.0,10^-3.22695,,,,,[52883],0
52883,1,48861,Peltigera leucophlebia,"",eukaryota,false,,,,,,,,,,,,,,,,0.11486064761649224,1,,,68.0,25.0,10^-3.22695,,,,,,0
48796,2,48796,Setaria,"",eukaryota,false,,,,5.2835897903586435,46,2,33,97.3266,207.455,10^-94.086,,,,,,,,,,,,,,,,,"[108094, 48799]",0
108094,1,48796,Setaria labiatopapillosa,"",eukaryota,false,,,,3.3309587808782752,29,1,21,96.9419,187.321,10^-82.4552,,,,,,,,,,,,,,,,,,0
48799,1,48796,Setaria digitata,"",eukaryota,false,,,,1.952631009480368,17,1,12,97.9997,242.688,10^-114.44,,,,,,,,,,,,,,,,,,0
48720,2,48720,Andrena,sand bees,eukaryota,false,,,,0.6891638856989535,6,,,88.307,56.1667,10^-16.0568,,,,,,,,,,,,,,,,,"[1431430, 1411667, 1411666, 1190802, 1126402]",0
1431430,1,48720,Andrena trimmerana,"",eukaryota,false,,,,0.22972129523298448,2,,,88.719,56.5,10^-16.5151,,,,,,,,,,,,,,,,,,0
1411667,1,48720,Andrena fulva,"",eukaryota,false,,,,0.11486064761649224,1,,,81.579,76.0,10^-20.1357,,,,,,,,,,,,,,,,,,0
1411666,1,48720,Andrena dorsata,"",eukaryota,false,,,,0.11486064761649224,1,,,90.698,43.0,10^-11.4627,,,,,,,,,,,,,,,,,,0
1190802,1,48720,Andrena minutula,"",eukaryota,false,,,,0.11486064761649224,1,,,88.235,68.0,10^-22.9288,,,,,,,,,,,,,,,,,,0
1126402,1,48720,Andrena hattorfiana,"",eukaryota,false,,,,0.11486064761649224,1,,,91.892,37.0,10^-8.78321,,,,,,,,,,,,,,,,,,0
48705,2,48705,Orchesella,"",eukaryota,false,,,,,,,,,,,,,,,,0.11486064761649224,1,,,100.0,25.0,10^-6.29671,,,,,[48709],0
48709,1,48705,Orchesella cincta,"",eukaryota,false,,,,,,,,,,,,,,,,0.11486064761649224,1,,,100.0,25.0,10^-6.29671,,,,,,0
48073,2,48073,Microbulbifer,"",bacteria,false,,,,,,,,,,,,,,,,0.11486064761649224,1,,,79.2,24.0,10^-3.27572,,,,,[3036711],0
3036711,1,48073,Microbulbifer sp. NKW57,"",bacteria,false,,,,,,,,,,,,,,,,0.11486064761649224,1,,,79.2,24.0,10^-3.27572,,,,,,0
47833,2,47833,Zeugodacus,"",eukaryota,false,,,,0.34458194284947674,3,,,92.4743,43.3333,10^-12.6063,,,,,,1.2634671237814146,11,,,96.7273,24.5455,10^-6.10136,,,,,[28588],0
28588,1,47833,Zeugodacus cucurbitae,melon fly,eukaryota,false,,,,0.34458194284947674,3,,,92.4743,43.3333,10^-12.6063,,,,,,1.2634671237814146,11,,,96.7273,24.5455,10^-6.10136,,,,,,0
47830,2,47830,Lachnellula,"",eukaryota,false,,,,,,,,,,,,,,,,0.11486064761649224,1,,,87.5,24.0,10^-4.97469,,,,,[602035],0
602035,1,47830,Lachnellula suecica,"",eukaryota,false,,,,,,,,,,,,,,,,0.11486064761649224,1,,,87.5,24.0,10^-4.97469,,,,,,0
47780,2,47780,Carteria,"",eukaryota,false,,,,0.22972129523298448,2,,,97.3415,74.5,10^-35.5837,,,,,,,,,,,,,,,,,[51318],0
51318,1,47780,Carteria radiosa,"",eukaryota,false,,,,0.22972129523298448,2,,,97.3415,74.5,10^-35.5837,,,,,,,,,,,,,,,,,,0
47766,2,47766,Agrotis,"",eukaryota,false,,,,0.22972129523298448,2,,,92.684,56.5,10^-18.5737,,,,,,,,,,,,,,,,,[1857961],0
1857961,1,47766,Agrotis puta,"",eukaryota,false,,,,0.22972129523298448,2,,,92.684,56.5,10^-18.5737,,,,,,,,,,,,,,,,,,0
47732,2,47732,Cataglyphis,"",eukaryota,false,,,,0.22972129523298448,2,,,86.03,71.0,10^-22.2245,,,,,,,,,,,,,,,,,[1086592],0
1086592,1,47732,Cataglyphis hispanica,"",eukaryota,false,,,,0.22972129523298448,2,,,86.03,71.0,10^-22.2245,,,,,,,,,,,,,,,,,,0
47605,2,47605,Hibiscus,"",eukaryota,false,,,,,,,,,,,,,,,,0.11486064761649224,1,,,76.0,25.0,10^-4.17005,,,,,[106335],0
106335,1,47605,Hibiscus syriacus,"",eukaryota,false,,,,,,,,,,,,,,,,0.11486064761649224,1,,,76.0,25.0,10^-4.17005,,,,,,0
46719,2,46719,Porites,"",eukaryota,false,,,,0.22972129523298448,2,,,89.919,62.0,10^-20.9186,,,,,,0.45944259046596897,4,,,78.175,24.0,10^-4.36302,,,,,"[104178, 51062]",0
104178,1,46719,Porites evermanni,"",eukaryota,false,,,,,,,,,,,,,,,,0.45944259046596897,4,,,78.175,24.0,10^-4.36302,,,,,,0
51062,1,46719,Porites lutea,"",eukaryota,false,,,,0.22972129523298448,2,,,89.919,62.0,10^-20.9186,,,,,,,,,,,,,,,,,,0
46703,2,46703,Montipora,"",eukaryota,false,,,,0.11486064761649224,1,,,97.222,36.0,10^-10.8537,,,,,,,,,,,,,,,,,[46704],0
46704,1,46703,Montipora capitata,"",eukaryota,false,,,,0.11486064761649224,1,,,97.222,36.0,10^-10.8537,,,,,,,,,,,,,,,,,,0
46594,2,46594,Harmothoe,"",eukaryota,false,,,,0.34458194284947674,3,,,92.5927,36.0,10^-8.56638,,,,,,,,,,,,,,,,,[46595],0
46595,1,46594,Harmothoe impar,"",eukaryota,false,,,,0.34458194284947674,3,,,92.5927,36.0,10^-8.56638,,,,,,,,,,,,,,,,,,0
46400,2,46400,Mackinlaya,"",eukaryota,false,,,,0.11486064761649224,1,,,100.0,75.0,10^-38.6685,,,,,,,,,,,,,,,,,[127424],0
127424,1,46400,Mackinlaya confusa,"",eukaryota,false,,,,0.11486064761649224,1,,,100.0,75.0,10^-38.6685,,,,,,,,,,,,,,,,,,0
46352,2,46352,Agrococcus,"",bacteria,false,,,,0.34458194284947674,3,,,97.7777,75.0,10^-35.9238,,,,,,,,,,,,,,,,,"[2070347, 399736]",0
2070347,1,46352,Agrococcus sp. SGAir0287,"",bacteria,false,,,,0.11486064761649224,1,,,100.0,74.0,10^-36.6158,,,,,,,,,,,,,,,,,,0
399736,1,46352,Agrococcus jejuensis,"",bacteria,false,,,,0.22972129523298448,2,,,96.6665,75.5,10^-35.5778,,,,,,,,,,,,,,,,,,0
46332,2,46332,Rhynchospora,"",eukaryota,false,,,,0.11486064761649224,1,,,100.0,75.0,10^-38.6685,,,,,,0.22972129523298448,2,,,82.4,23.0,10^-5.53285,,,,,"[2022672, 198213]",0
2022672,1,46332,Rhynchospora breviuscula,"",eukaryota,false,,,,,,,,,,,,,,,,0.22972129523298448,2,,,82.4,23.0,10^-5.53285,,,,,,0
198213,1,46332,Rhynchospora tenuis,"",eukaryota,false,,,,0.11486064761649224,1,,,100.0,75.0,10^-38.6685,,,,,,,,,,,,,,,,,,0
46322,2,46322,Luzula,woodrushes,eukaryota,false,,,,0.34458194284947674,3,,,89.961,36.6667,10^-7.64364,,,,,,,,,,,,,,,,,[59018],0
59018,1,46322,Luzula sylvatica,"",eukaryota,false,,,,0.34458194284947674,3,,,89.961,36.6667,10^-7.64364,,,,,,,,,,,,,,,,,,0
46255,2,46255,Weissella,"",bacteria,false,,,,,,,,,,,,,,,,0.34458194284947674,3,,,91.6667,24.0,10^-5.24325,,,,,[1629],0
1629,1,46255,Weissella viridescens,"",bacteria,false,,,,,,,,,,,,,,,,0.34458194284947674,3,,,91.6667,24.0,10^-5.24325,,,,,,0
46239,2,46239,Mesoplasma,"",bacteria,false,,,,,,,,,,,,,,,,140.704293330203,1225,1,1224,86.7615,135.904,10^-68.8023,,,,,"[138853, 2151]",0
138853,1,46239,Mesoplasma lactucae,"",bacteria,false,,,,,,,,,,,,,,,,0.11486064761649224,1,,,82.6,23.0,10^-4.45223,,,,,,0
2151,1,46239,Mesoplasma florum,"",bacteria,false,,,,,,,,,,,,,,,,140.5894326825865,1224,1,1224,86.765,136.0,10^-68.857,,,,,,0
46210,2,46210,Nephrotoma,"",eukaryota,false,,,,0.11486064761649224,1,,,88.889,36.0,10^-6.73655,,,,,,,,,,,,,,,,,[2719080],0
2719080,1,46210,Nephrotoma flavescens,"",eukaryota,false,,,,0.11486064761649224,1,,,88.889,36.0,10^-6.73655,,,,,,,,,,,,,,,,,,0
46207,2,46207,Toxorhynchites,"",eukaryota,false,,,,418.4373392668812,3643,17,2586,85.7112,217.819,10^-46.3616,,,,,,327.35284570700287,2850,5,65,90.783,25.6048,10^-5.7303,,,,,"[332059, 53553, 46208]",0
332059,1,46207,Toxorhynchites brevipalpis,"",eukaryota,false,,,,,,,,,,,,,,,,0.22972129523298448,2,,,66.0,25.0,10^-3.8807,,,,,,0
53553,1,46207,Toxorhynchites rutilus,"",eukaryota,false,,,,418.4373392668812,3643,17,2586,85.7112,217.819,10^-46.3616,,,,,,327.0082637641534,2847,5,65,90.7986,25.6061,10^-5.73212,,,,,,0
46208,1,46207,Toxorhynchites amboinensis,"",eukaryota,false,,,,,,,,,,,,,,,,0.11486064761649224,1,,,95.7,23.0,10^-4.25414,,,,,,0
46104,2,46104,Salicornia,"",eukaryota,false,,,,0.11486064761649224,1,,,91.667,36.0,10^-8.10892,,,,,,,,,,,,,,,,,[267548],0
267548,1,46104,Salicornia ramosissima,"",eukaryota,false,,,,0.11486064761649224,1,,,91.667,36.0,10^-8.10892,,,,,,,,,,,,,,,,,,0
46053,2,46053,Euphrasia,"",eukaryota,false,,,,0.34458194284947674,3,,,88.8887,53.3333,10^-15.7225,,,,,,,,,,,,,,,,,[475003],0
475003,1,46053,Euphrasia confusa,"",eukaryota,false,,,,0.34458194284947674,3,,,88.8887,53.3333,10^-15.7225,,,,,,,,,,,,,,,,,,0
45951,2,45951,Dreissena,"",eukaryota,false,,,,,,,,,,,,,,,,0.45944259046596897,4,,,77.875,23.75,10^-4.22489,,,,,[45954],0
45954,1,45951,Dreissena polymorpha,"",eukaryota,false,,,,,,,,,,,,,,,,0.45944259046596897,4,,,77.875,23.75,10^-4.22489,,,,,,0
45350,2,45350,Nematostella,"",eukaryota,false,,,,,,,,,,,,,,,,0.11486064761649224,1,,,96.0,25.0,10^-7.02365,,,,,[45351],0
45351,1,45350,Nematostella vectensis,starlet sea anemone,eukaryota,false,,,,,,,,,,,,,,,,0.11486064761649224,1,,,96.0,25.0,10^-7.02365,,,,,,0
45292,2,45292,Massarina,"",eukaryota,false,,,,,,,,,,,,,,,,0.11486064761649224,1,,,91.7,24.0,10^-6.53313,,,,,[45293],0
45293,1,45292,Massarina eburnea,"",eukaryota,false,,,,,,,,,,,,,,,,0.11486064761649224,1,,,91.7,24.0,10^-6.53313,,,,,,0
45244,2,45244,Emericellopsis,"",eukaryota,false,,,,0.22972129523298448,2,,,94.872,39.0,10^-11.5051,,,,,,,,,,,,,,,,,[2686198],0
2686198,1,45244,Emericellopsis cladophorae,"",eukaryota,false,,,,0.22972129523298448,2,,,94.872,39.0,10^-11.5051,,,,,,,,,,,,,,,,,,0
45234,2,45234,Cordyceps,"",eukaryota,false,,,,0.11486064761649224,1,,,100.0,75.0,10^-38.6685,,,,,,,,,,,,,,,,,[73501],0
73501,1,45234,Cordyceps militaris,"",eukaryota,false,,,,0.11486064761649224,1,,,100.0,75.0,10^-38.6685,,,,,,,,,,,,,,,,,,0
45141,2,45141,Cucurbitaria,"",eukaryota,false,,,,0.11486064761649224,1,,,86.842,76.0,10^-25.6252,,,,,,,,,,,,,,,,,[45142],0
45142,1,45141,Cucurbitaria berberidis,"",eukaryota,false,,,,0.11486064761649224,1,,,86.842,76.0,10^-25.6252,,,,,,,,,,,,,,,,,,0
45059,2,45059,Frankliniella,"",eukaryota,false,,,,0.22972129523298448,2,,,88.044,75.5,10^-26.6574,,,,,,1.6080490666308913,14,,,95.4643,24.0714,10^-5.54045,,,,,[133901],0
133901,1,45059,Frankliniella occidentalis,western flower thrips,eukaryota,false,,,,0.22972129523298448,2,,,88.044,75.5,10^-26.6574,,,,,,1.6080490666308913,14,,,95.4643,24.0714,10^-5.54045,,,,,,0
45057,2,45057,Thrips,"",eukaryota,false,,,,0.34458194284947674,3,,,90.683,62.6667,10^-22.054,,,,,,39.167480837223856,341,1,335,31.9073,319.678,10^-31.9943,,,,,[161013],0
161013,1,45057,Thrips palmi,"",eukaryota,false,,,,0.34458194284947674,3,,,90.683,62.6667,10^-22.054,,,,,,39.167480837223856,341,1,335,31.9073,319.678,10^-31.9943,,,,,,0
44249,2,44249,Paenibacillus,"",bacteria,false,,,,,,,,,,,,,,,,0.11486064761649224,1,,,100.0,16.0,10^-3.451,,,,,[1683673],0
1683673,1,44249,Paenibacillus sp. EKM205P,"",bacteria,false,,,,,,,,,,,,,,,,0.11486064761649224,1,,,100.0,16.0,10^-3.451,,,,,,0
44196,2,44196,Paramuricea,"",eukaryota,false,,,,,,,,,,,,,,,,0.6891638856989535,6,,,83.6667,24.3333,10^-4.64441,,,,,[317549],0
317549,1,44196,Paramuricea clavata,"",eukaryota,false,,,,,,,,,,,,,,,,0.6891638856989535,6,,,83.6667,24.3333,10^-4.64441,,,,,,0
43356,2,43356,Kutzneria,"",bacteria,false,,,,,,,,,,,,,,,,0.11486064761649224,1,,,87.5,24.0,10^-5.5986,,,,,[345341],0
345341,1,43356,Kutzneria sp. 744,"",bacteria,false,,,,,,,,,,,,,,,,0.11486064761649224,1,,,87.5,24.0,10^-5.5986,,,,,,0
43336,2,43336,Orthosia,"",eukaryota,false,,,,0.45944259046596897,4,,,90.114,51.25,10^-16.0349,,,,,,,,,,,,,,,,,"[997542, 214292, 43337]",0
997542,1,43336,Orthosia gracilis,"",eukaryota,false,,,,0.22972129523298448,2,,,87.026,46.5,10^-11.0856,,,,,,,,,,,,,,,,,,0
214292,1,43336,Orthosia hibisci,speckled green fruitworm,eukaryota,false,,,,0.11486064761649224,1,,,94.737,76.0,10^-33.8595,,,,,,,,,,,,,,,,,,0
43337,1,43336,Orthosia gothica,"",eukaryota,false,,,,0.11486064761649224,1,,,91.667,36.0,10^-8.10892,,,,,,,,,,,,,,,,,,0
43086,2,43086,Odontomachus,"",eukaryota,false,,,,0.11486064761649224,1,,,98.0,50.0,10^-20.3176,,,,,,0.11486064761649224,1,,,91.7,24.0,10^-3.6216,,,,,[486640],0
486640,1,43086,Odontomachus brunneus,"",eukaryota,false,,,,0.11486064761649224,1,,,98.0,50.0,10^-20.3176,,,,,,0.11486064761649224,1,,,91.7,24.0,10^-3.6216,,,,,,0
42476,2,42476,Oscheius,"",eukaryota,false,,,,9.76315504740184,85,1,83,81.0981,118.659,10^-12.6565,,,,,,,,,,,,,,,,,"[2879419, 473156]",0
2879419,1,42476,Oscheius sp. JU1382,"",eukaryota,false,,,,9.648294399785348,84,1,83,80.9696,119.19,10^-12.453,,,,,,,,,,,,,,,,,,0
473156,1,42476,Oscheius dolichura,"",eukaryota,false,,,,0.11486064761649224,1,,,91.892,74.0,10^-29.7539,,,,,,,,,,,,,,,,,,0
42360,2,42360,Daldinia,"",eukaryota,false,,,,0.34458194284947674,3,,,97.3393,75.3333,10^-36.1506,,,,,,0.34458194284947674,3,,,95.9,24.3333,10^-6.70543,,,,,"[2358419, 326647, 326643, 103429]",0
2358419,1,42360,Daldinia kretzschmarioides,"",eukaryota,false,,,,0.11486064761649224,1,,,98.684,76.0,10^-37.9766,,,,,,,,,,,,,,,,,,0
326647,1,42360,Daldinia decipiens,"",eukaryota,false,,,,,,,,,,,,,,,,0.22972129523298448,2,,,98.0,24.5,10^-6.85972,,,,,,0
326643,1,42360,Daldinia bambusicola,"",eukaryota,false,,,,,,,,,,,,,,,,0.11486064761649224,1,,,91.7,24.0,10^-6.39686,,,,,,0
103429,1,42360,Daldinia loculata,"",eukaryota,false,,,,0.22972129523298448,2,,,96.667,75.0,10^-35.2376,,,,,,,,,,,,,,,,,,0
42308,2,42308,Hypoxylon,"",eukaryota,false,,,,0.34458194284947674,3,,,98.2337,75.6667,10^-37.2923,,,,,,3.5606800761112596,31,1,28,98.4157,53.8387,10^-32.036,,,,,"[2663364, 1896109, 1001937, 63214]",0
2663364,1,42308,Hypoxylon sp. FL1150,"",eukaryota,false,,,,,,,,,,,,,,,,0.22972129523298448,2,,,100.0,24.5,10^-7.27977,,,,,,0
1896109,1,42308,Hypoxylon sp.,"",eukaryota,false,,,,0.11486064761649224,1,,,100.0,76.0,10^-39.3489,,,,,,,,,,,,,,,,,,0
1001937,1,42308,Hypoxylon sp. EC38,"",eukaryota,false,,,,,,,,,,,,,,,,3.3309587808782752,29,1,28,98.3065,55.8621,10^-33.7433,,,,,,0
63214,1,42308,Hypoxylon fragiforme,"",eukaryota,false,,,,0.22972129523298448,2,,,97.3505,75.5,10^-36.264,,,,,,,,,,,,,,,,,,0
42298,2,42298,Celastrina,"",eukaryota,false,,,,0.22972129523298448,2,,,88.749,57.0,10^-17.5184,,,,,,,,,,,,,,,,,[203782],0
203782,1,42298,Celastrina argiolus,holly blue,eukaryota,false,,,,0.22972129523298448,2,,,88.749,57.0,10^-17.5184,,,,,,,,,,,,,,,,,,0
42295,2,42295,Colias,clouded yellows,eukaryota,false,,,,0.11486064761649224,1,,,94.737,38.0,10^-10.8302,,,,,,0.11486064761649224,1,,,75.0,24.0,10^-3.10458,,,,,"[72248, 42296]",0
72248,1,42295,Colias croceus,clouded yellow,eukaryota,false,,,,0.11486064761649224,1,,,94.737,38.0,10^-10.8302,,,,,,,,,,,,,,,,,,0
42296,1,42295,Colias eurytheme,orange sulphur,eukaryota,false,,,,,,,,,,,,,,,,0.11486064761649224,1,,,75.0,24.0,10^-3.10458,,,,,,0
42291,2,42291,Parnassius,"",eukaryota,false,,,,,,,,,,,,,,,,0.5743032380824612,5,,,93.88,22.6,10^-4.97902,,,,,"[213976, 213944, 110799]",0
213976,1,42291,Parnassius szechenyii,"",eukaryota,false,,,,,,,,,,,,,,,,0.22972129523298448,2,,,87.1,22.0,10^-3.70839,,,,,,0
213944,1,42291,Parnassius imperator,"",eukaryota,false,,,,,,,,,,,,,,,,0.11486064761649224,1,,,100.0,24.0,10^-7.88273,,,,,,0
110799,1,42291,Parnassius apollo,apollo,eukaryota,false,,,,,,,,,,,,,,,,0.22972129523298448,2,,,97.6,22.5,10^-4.79778,,,,,,0
42274,2,42274,Vanessa,"",eukaryota,false,,,,0.22972129523298448,2,,,91.0605,53.0,10^-17.5657,,,,,,0.34458194284947674,3,,,92.7667,23.3333,10^-5.53161,,,,,"[334116, 171605, 42275]",0
334116,1,42274,Vanessa tameamea,"",eukaryota,false,,,,,,,,,,,,,,,,0.22972129523298448,2,,,100.0,23.5,10^-5.94574,,,,,,0
171605,1,42274,Vanessa cardui,"",eukaryota,false,,,,,,,,,,,,,,,,0.11486064761649224,1,,,78.3,23.0,10^-4.70333,,,,,,0
42275,1,42274,Vanessa atalanta,red admiral,eukaryota,false,,,,0.22972129523298448,2,,,91.0605,53.0,10^-17.5657,,,,,,,,,,,,,,,,,,0
42230,2,42230,Mansonella,"",eukaryota,false,,,,7.580802742688488,66,2,64,97.4531,189.576,10^-85.093,,,,,,,,,,,,,,,,,"[122354, 42231]",2
122354,1,42230,Mansonella ozzardi,"",eukaryota,false,,,,6.202474971290581,54,1,54,97.354,189.0,10^-84.0814,,,,,,,,,,,,,,,,,,1
42231,1,42230,Mansonella perstans,"",eukaryota,false,,,,1.378327771397907,12,1,10,97.899,192.167,10^-89.6451,,,,,,,,,,,,,,,,,,1
41891,2,41891,Coccomyxa,"",eukaryota,false,,,,0.11486064761649224,1,,,82.895,76.0,10^-21.5081,,,,,,,,,,,,,,,,,[248742],0
248742,1,41891,Coccomyxa subellipsoidea,"",eukaryota,false,,,,0.11486064761649224,1,,,82.895,76.0,10^-21.5081,,,,,,,,,,,,,,,,,,0
41879,2,41879,Pycnococcus,"",eukaryota,false,,,,0.11486064761649224,1,,,80.0,55.0,10^-9.98342,,,,,,,,,,,,,,,,,[41880],0
41880,1,41879,Pycnococcus provasolii,"",eukaryota,false,,,,0.11486064761649224,1,,,80.0,55.0,10^-9.98342,,,,,,,,,,,,,,,,,,0
41820,2,41820,Culicoides,punkies,eukaryota,false,,,,0.22972129523298448,2,,,96.7105,61.0,10^-25.7343,,,,,,0.45944259046596897,4,,,90.0,25.0,10^-4.85984,,,,,"[992226, 179676]",0
992226,1,41820,Culicoides furcillatus,"",eukaryota,false,,,,0.11486064761649224,1,,,100.0,46.0,10^-18.9814,,,,,,,,,,,,,,,,,,0
179676,1,41820,Culicoides sonorensis,"",eukaryota,false,,,,0.11486064761649224,1,,,93.421,76.0,10^-32.4871,,,,,,0.45944259046596897,4,,,90.0,25.0,10^-4.85984,,,,,,0
41815,2,41815,Androprosopa,"",eukaryota,false,,,,,,,,,,,,,,,,0.11486064761649224,1,,,78.3,23.0,10^-5.12033,,,,,[2662496],0
2662496,1,41815,Androprosopa lindsayorum,"",eukaryota,false,,,,,,,,,,,,,,,,0.11486064761649224,1,,,78.3,23.0,10^-5.12033,,,,,,0
41703,2,41703,Riptortus,"",eukaryota,false,,,,,,,,,,,,,,,,0.11486064761649224,1,,,95.8,24.0,10^-4.97881,,,,,[329032],0
329032,1,41703,Riptortus pedestris,"",eukaryota,false,,,,,,,,,,,,,,,,0.11486064761649224,1,,,95.8,24.0,10^-4.97881,,,,,,0
41275,2,41275,Brevundimonas,"",bacteria,false,,,,0.11486064761649224,1,,,89.189,37.0,10^-7.41084,,,,,,,,,,,,,,,,,[74329],0
74329,1,41275,Brevundimonas mediterranea,"",bacteria,false,,,,0.11486064761649224,1,,,89.189,37.0,10^-7.41084,,,,,,,,,,,,,,,,,,0
41247,2,41247,Mycena,"",eukaryota,false,,,,,,,,,,,,,,,,0.34458194284947674,3,,,90.3333,24.3333,10^-3.94423,,,,,"[1033252, 230806]",0
1033252,1,41247,Mycena metata,"",eukaryota,false,,,,,,,,,,,,,,,,0.22972129523298448,2,,,87.5,24.0,10^-3.69868,,,,,,0
230806,1,41247,Mycena epipterygia,"",eukaryota,false,,,,,,,,,,,,,,,,0.11486064761649224,1,,,96.0,25.0,10^-4.43533,,,,,,0
41138,2,41138,Coccinella,"",eukaryota,false,,,,0.11486064761649224,1,,,89.091,55.0,10^-16.8453,,,,,,0.6891638856989535,6,,,87.55,23.3333,10^-4.67459,,,,,[41139],0
41139,1,41138,Coccinella septempunctata,seven-spotted ladybird,eukaryota,false,,,,0.11486064761649224,1,,,89.091,55.0,10^-16.8453,,,,,,0.6891638856989535,6,,,87.55,23.3333,10^-4.67459,,,,,,0
41125,2,41125,Chrysolina,"",eukaryota,false,,,,1.378327771397907,12,,,91.304,56.0,10^-19.024,,,,,,,,,,,,,,,,,"[1587174, 75519, 75506]",0
1587174,1,41125,Chrysolina oricalcia,"",eukaryota,false,,,,0.45944259046596897,4,,,88.1955,48.25,10^-12.616,,,,,,,,,,,,,,,,,,0
75519,1,41125,Chrysolina haemoptera,"",eukaryota,false,,,,0.45944259046596897,4,,,93.4153,63.75,10^-25.1904,,,,,,,,,,,,,,,,,,0
75506,1,41125,Chrysolina americana,"",eukaryota,false,,,,0.45944259046596897,4,,,92.3012,56.0,10^-19.2657,,,,,,,,,,,,,,,,,,0
41106,2,41106,Dorcus,"",eukaryota,false,,,,0.11486064761649224,1,,,86.765,68.0,10^-21.5564,,,,,,,,,,,,,,,,,[41107],0
41107,1,41106,Dorcus parallelipipedus,lesser stag beetle,eukaryota,false,,,,0.11486064761649224,1,,,86.765,68.0,10^-21.5564,,,,,,,,,,,,,,,,,,0
41100,2,41100,Rhagonycha,"",eukaryota,false,,,,0.11486064761649224,1,,,90.244,41.0,10^-10.111,,,,,,,,,,,,,,,,,[41101],0
41101,1,41100,Rhagonycha fulva,"",eukaryota,false,,,,0.11486064761649224,1,,,90.244,41.0,10^-10.111,,,,,,,,,,,,,,,,,,0
41098,2,41098,Cantharis,"",eukaryota,false,,,,0.45944259046596897,4,,,90.8215,49.25,10^-13.9953,,,,,,,,,,,,,,,,,"[1553174, 877752]",0
1553174,1,41098,Cantharis nigra,"",eukaryota,false,,,,0.22972129523298448,2,,,90.1315,57.0,10^-16.8553,,,,,,,,,,,,,,,,,,0
877752,1,41098,Cantharis flavilabris,"",eukaryota,false,,,,0.22972129523298448,2,,,91.5115,41.5,10^-11.1353,,,,,,,,,,,,,,,,,,0
41091,2,41091,Lagria,"",eukaryota,false,,,,0.11486064761649224,1,,,94.915,59.0,10^-23.6766,,,,,,,,,,,,,,,,,[296003],0
296003,1,41091,Lagria hirta,"",eukaryota,false,,,,0.11486064761649224,1,,,94.915,59.0,10^-23.6766,,,,,,,,,,,,,,,,,,0
41080,2,41080,Agonum,"",eukaryota,false,,,,0.9188851809319379,8,,,91.6805,51.25,10^-16.0307,,,,,,,,,,,,,,,,,[1553040],0
1553040,1,41080,Agonum fuliginosum,"",eukaryota,false,,,,0.9188851809319379,8,,,91.6805,51.25,10^-16.0307,,,,,,,,,,,,,,,,,,0
41078,2,41078,Pterostichus,"",eukaryota,false,,,,0.34458194284947674,3,,,89.2237,56.3333,10^-17.3105,,,,,,,,,,,,,,,,,"[767470, 106386]",0
767470,1,41078,Pterostichus madidus,"",eukaryota,false,,,,0.11486064761649224,1,,,88.333,60.0,10^-18.866,,,,,,,,,,,,,,,,,,0
106386,1,41078,Pterostichus niger,"",eukaryota,false,,,,0.22972129523298448,2,,,89.669,54.5,10^-16.5327,,,,,,,,,,,,,,,,,,0
41076,2,41076,Harpalus,"",eukaryota,false,,,,0.45944259046596897,4,,,88.6135,48.5,10^-12.7927,,,,,,,,,,,,,,,,,[247442],0
247442,1,41076,Harpalus rufipes,"",eukaryota,false,,,,0.45944259046596897,4,,,88.6135,48.5,10^-12.7927,,,,,,,,,,,,,,,,,,0
41069,2,41069,Capitulum,"",eukaryota,false,,,,0.45944259046596897,4,,,93.9768,40.75,10^-12.0043,,,,,,,,,,,,,,,,,[41070],0
41070,1,41069,Capitulum mitella,"",eukaryota,false,,,,0.45944259046596897,4,,,93.9768,40.75,10^-12.0043,,,,,,,,,,,,,,,,,,0
41043,2,41043,Tipula,"",eukaryota,false,,,,0.34458194284947674,3,,,87.383,58.3333,10^-17.2825,,,,,,,,,,,,,,,,,[2741129],0
2741129,1,41043,Tipula vernalis,"",eukaryota,false,,,,0.34458194284947674,3,,,87.383,58.3333,10^-17.2825,,,,,,,,,,,,,,,,,,0
41026,2,41026,Micropterix,"",eukaryota,false,,,,1.378327771397907,12,,,91.0927,61.5833,10^-21.5561,,,,,,,,,,,,,,,,,[1042620],0
1042620,1,41026,Micropterix aruncella,"",eukaryota,false,,,,1.378327771397907,12,,,91.0927,61.5833,10^-21.5561,,,,,,,,,,,,,,,,,,0
41013,2,41013,Tinea,"",eukaryota,false,,,,0.6891638856989535,6,,,94.0827,40.0,10^-11.7244,,,,,,,,,,,,,,,,,"[1594354, 1101063, 41014]",0
1594354,1,41013,Tinea trinotella,"",eukaryota,false,,,,0.34458194284947674,3,,,94.75,39.3333,10^-11.7305,,,,,,,,,,,,,,,,,,0
1101063,1,41013,Tinea semifulvella,"",eukaryota,false,,,,0.11486064761649224,1,,,94.737,38.0,10^-10.8302,,,,,,,,,,,,,,,,,,0
41014,1,41013,Tinea pellionella,casemaking clothes moth,eukaryota,false,,,,0.22972129523298448,2,,,92.7545,42.0,10^-12.1622,,,,,,,,,,,,,,,,,,0
40931,2,40931,Rhopalosiphum,"",eukaryota,false,,,,0.34458194284947674,3,,,93.526,43.6667,10^-13.2882,,,,,,0.11486064761649224,1,,,100.0,24.0,10^-5.92812,,,,,[43146],0
43146,1,40931,Rhopalosiphum maidis,corn leaf aphid,eukaryota,false,,,,0.34458194284947674,3,,,93.526,43.6667,10^-13.2882,,,,,,0.11486064761649224,1,,,100.0,24.0,10^-5.92812,,,,,,0
40929,2,40929,Planococcus,"",eukaryota,false,,,,0.34458194284947674,3,,,84.9543,45.0,10^-9.16539,,,,,,,,,,,,,,,,,[170843],0
170843,1,40929,Planococcus citri,citrus mealybug,eukaryota,false,,,,0.34458194284947674,3,,,84.9543,45.0,10^-9.16539,,,,,,,,,,,,,,,,,,0
40696,2,40696,Blomia,"",eukaryota,false,,,,,,,,,,,,,,,,0.34458194284947674,3,,,98.6,24.0,10^-6.2678,,,,,[40697],0
40697,1,40696,Blomia tropicalis,"",eukaryota,false,,,,,,,,,,,,,,,,0.34458194284947674,3,,,98.6,24.0,10^-6.2678,,,,,,0
40566,2,40566,Actinosynnema,"",bacteria,false,,,,0.34458194284947674,3,,,99.5613,75.6667,10^-38.6647,,,,,,,,,,,,,,,,,[42197],0
42197,1,40566,Actinosynnema pretiosum,"",bacteria,false,,,,0.34458194284947674,3,,,99.5613,75.6667,10^-38.6647,,,,,,,,,,,,,,,,,,0
40544,2,40544,Sutterella,"",bacteria,false,,,,,,,,,,,,,,,,0.11486064761649224,1,,,100.0,25.0,10^-7.22988,,,,,[40545],0
40545,1,40544,Sutterella wadsworthensis,"",bacteria,false,,,,,,,,,,,,,,,,0.11486064761649224,1,,,100.0,25.0,10^-7.22988,,,,,,0
40470,2,40470,Phellinus,"",eukaryota,false,,,,0.11486064761649224,1,,,98.684,76.0,10^-37.9766,,,,,,,,,,,,,,,,,[40472],0
40472,1,40470,Phellinus igniarius,"",eukaryota,false,,,,0.11486064761649224,1,,,98.684,76.0,10^-37.9766,,,,,,,,,,,,,,,,,,0
40443,2,40443,Gloeophyllum,"",eukaryota,false,,,,0.22972129523298448,2,,,99.3335,75.0,10^-37.9823,,,,,,0.22972129523298448,2,,,93.75,24.5,10^-6.4984,,,,,"[180171, 104355, 40444]",0
180171,1,40443,Gloeophyllum abietinum,"",eukaryota,false,,,,0.11486064761649224,1,,,100.0,75.0,10^-38.6685,,,,,,,,,,,,,,,,,,0
104355,1,40443,Gloeophyllum trabeum,"",eukaryota,false,,,,,,,,,,,,,,,,0.22972129523298448,2,,,93.75,24.5,10^-6.4984,,,,,,0
40444,1,40443,Gloeophyllum sepiarium,"",eukaryota,false,,,,0.11486064761649224,1,,,98.667,75.0,10^-37.2961,,,,,,,,,,,,,,,,,,0
40415,2,40415,Antrodia,"",eukaryota,false,,,,0.11486064761649224,1,,,100.0,76.0,10^-39.3489,,,,,,0.22972129523298448,2,,,95.75,23.5,10^-6.89772,,,,,"[279009, 83255]",0
279009,1,40415,Antrodia cinnamomea,"",eukaryota,false,,,,,,,,,,,,,,,,0.22972129523298448,2,,,95.75,23.5,10^-6.89772,,,,,,0
83255,1,40415,Antrodia albida,"",eukaryota,false,,,,0.11486064761649224,1,,,100.0,76.0,10^-39.3489,,,,,,,,,,,,,,,,,,0
40354,2,40354,Fonsecaea,"",eukaryota,false,,,,0.11486064761649224,1,,,85.455,55.0,10^-14.1005,,,,,,,,,,,,,,,,,[979981],0
979981,1,40354,Fonsecaea multimorphosa,"",eukaryota,false,,,,0.11486064761649224,1,,,85.455,55.0,10^-14.1005,,,,,,,,,,,,,,,,,,0
40336,2,40336,Mucuna,"",eukaryota,false,,,,,,,,,,,,,,,,0.22972129523298448,2,,,79.0,23.5,10^-4.38718,,,,,[157652],0
157652,1,40336,Mucuna pruriens,"",eukaryota,false,,,,,,,,,,,,,,,,0.22972129523298448,2,,,79.0,23.5,10^-4.38718,,,,,,0
40144,2,40144,Tricholoma,"",eukaryota,false,,,,0.45944259046596897,4,,,91.9685,59.0,10^-21.9822,,,,,,,,,,,,,,,,,"[51221, 40145]",0
51221,1,40144,Tricholoma bakamatsutake,"",eukaryota,false,,,,0.22972129523298448,2,,,95.395,76.0,10^-34.5456,,,,,,,,,,,,,,,,,,0
40145,1,40144,Tricholoma matsutake,"",eukaryota,false,,,,0.22972129523298448,2,,,88.542,42.0,10^-9.41882,,,,,,,,,,,,,,,,,,0
40102,2,40102,Pyrgus,"",eukaryota,false,,,,0.34458194284947674,3,,,86.0987,59.0,10^-16.3616,,,,,,,,,,,,,,,,,[218760],0
218760,1,40102,Pyrgus malvae,grizzled skipper,eukaryota,false,,,,0.34458194284947674,3,,,86.0987,59.0,10^-16.3616,,,,,,,,,,,,,,,,,,0
40084,2,40084,Diatraea,"",eukaryota,false,,,,0.22972129523298448,2,,,90.8235,57.5,10^-17.879,,,,,,0.22972129523298448,2,,,90.0,24.5,10^-4.24235,,,,,[40085],0
40085,1,40084,Diatraea saccharalis,sugarcane borer,eukaryota,false,,,,0.22972129523298448,2,,,90.8235,57.5,10^-17.879,,,,,,0.22972129523298448,2,,,90.0,24.5,10^-4.24235,,,,,,0
39847,2,39847,Agrostemma,"",eukaryota,false,,,,0.22972129523298448,2,,,89.189,37.0,10^-7.41084,,,,,,,,,,,,,,,,,[39848],0
39848,1,39847,Agrostemma githago,corn cockle,eukaryota,false,,,,0.22972129523298448,2,,,89.189,37.0,10^-7.41084,,,,,,,,,,,,,,,,,,0
39757,2,39757,Mayetiola,"",eukaryota,false,,,,0.22972129523298448,2,,,87.993,58.0,10^-17.5094,,,,,,,,,,,,,,,,,[39758],0
39758,1,39757,Mayetiola destructor,Hessian fly,eukaryota,false,,,,0.22972129523298448,2,,,87.993,58.0,10^-17.5094,,,,,,,,,,,,,,,,,,0
39643,2,39643,Sorangium,"",bacteria,false,,,,0.22972129523298448,2,,,94.702,75.5,10^-33.5192,,,,,,,,,,,,,,,,,[56],0
56,1,39643,Sorangium cellulosum,"",bacteria,false,,,,0.22972129523298448,2,,,94.702,75.5,10^-33.5192,,,,,,,,,,,,,,,,,,0
39217,2,39217,Macrostomum,"",eukaryota,false,,,,,,,,,,,,,,,,0.11486064761649224,1,,,100.0,25.0,10^-5.3851,,,,,[282301],0
282301,1,39217,Macrostomum lignano,"",eukaryota,false,,,,,,,,,,,,,,,,0.11486064761649224,1,,,100.0,25.0,10^-5.3851,,,,,,0
39132,2,39132,Allacma,"",eukaryota,false,,,,0.22972129523298448,2,,,92.7175,40.5,10^-11.1464,,,,,,,,,,,,,,,,,[39272],0
39272,1,39132,Allacma fusca,"",eukaryota,false,,,,0.22972129523298448,2,,,92.7175,40.5,10^-11.1464,,,,,,,,,,,,,,,,,,0
38944,2,38944,Flammulina,"",eukaryota,false,,,,0.34458194284947674,3,,,95.111,75.0,10^-33.6365,,,,,,,,,,,,,,,,,[38945],0
38945,1,38944,Flammulina velutipes,"",eukaryota,false,,,,0.34458194284947674,3,,,95.111,75.0,10^-33.6365,,,,,,,,,,,,,,,,,,0
38832,2,38832,Micromonas,"",eukaryota,false,,,,0.11486064761649224,1,,,97.436,39.0,10^-12.8775,,,,,,,,,,,,,,,,,[296587],0
296587,1,38832,Micromonas commoda,"",eukaryota,false,,,,0.11486064761649224,1,,,97.436,39.0,10^-12.8775,,,,,,,,,,,,,,,,,,0
38595,2,38595,Ajuga,"",eukaryota,false,,,,0.11486064761649224,1,,,90.698,43.0,10^-11.4627,,,,,,,,,,,,,,,,,[49984],0
49984,1,38595,Ajuga chamaepitys,"",eukaryota,false,,,,0.11486064761649224,1,,,90.698,43.0,10^-11.4627,,,,,,,,,,,,,,,,,,0
38118,2,38118,Adelges,"",eukaryota,false,,,,,,,,,,,,,,,,0.45944259046596897,4,,,100.0,23.75,10^-5.72012,,,,,[133065],0
133065,1,38118,Adelges cooleyi,spruce gall adelgid,eukaryota,false,,,,,,,,,,,,,,,,0.45944259046596897,4,,,100.0,23.75,10^-5.72012,,,,,,0
37991,2,37991,Xylaria,"",eukaryota,false,,,,4.479565257043197,39,1,28,98.2921,184.205,10^-88.1223,,,,,,0.34458194284947674,3,,,100.0,23.0,10^-4.91667,,,,,"[2614573, 1715255, 990918, 326684, 114818, 114812, 114808, 77046, 37992]",0
2614573,1,37991,Xylaria sp. FL1777,"",eukaryota,false,,,,,,,,,,,,,,,,0.11486064761649224,1,,,100.0,20.0,10^-4.58004,,,,,,0
1715255,1,37991,Xylaria sp.,"",eukaryota,false,,,,3.4458194284947674,30,1,28,98.7223,216.933,10^-103.896,,,,,,,,,,,,,,,,,,0
990918,1,37991,Xylaria sp. zzz1741,"",eukaryota,false,,,,0.11486064761649224,1,,,98.684,76.0,10^-37.9766,,,,,,,,,,,,,,,,,,0
326684,1,37991,Xylaria bambusicola,"",eukaryota,false,,,,0.11486064761649224,1,,,86.486,74.0,10^-24.2644,,,,,,,,,,,,,,,,,,0
114818,1,37991,Xylaria longipes,"",eukaryota,false,,,,0.22972129523298448,2,,,99.342,75.5,10^-38.3225,,,,,,,,,,,,,,,,,,0
114812,1,37991,Xylaria castorea,"",eukaryota,false,,,,,,,,,,,,,,,,0.11486064761649224,1,,,100.0,24.0,10^-5.451,,,,,,0
114808,1,37991,Xylaria acuta,"",eukaryota,false,,,,0.11486064761649224,1,,,97.368,76.0,10^-36.6042,,,,,,,,,,,,,,,,,,0
77046,1,37991,Xylaria polymorpha,"",eukaryota,false,,,,0.11486064761649224,1,,,100.0,76.0,10^-39.3489,,,,,,0.11486064761649224,1,,,100.0,25.0,10^-4.71897,,,,,,0
37992,1,37991,Xylaria hypoxylon,"",eukaryota,false,,,,0.34458194284947674,3,,,96.8343,74.3333,10^-35.0128,,,,,,,,,,,,,,,,,,0
37901,2,37901,Lepas,"",eukaryota,false,,,,,,,,,,,,,,,,0.11486064761649224,1,,,100.0,24.0,10^-5.82391,,,,,[245079],0
245079,1,37901,Lepas anserifera,"",eukaryota,false,,,,,,,,,,,,,,,,0.11486064761649224,1,,,100.0,24.0,10^-5.82391,,,,,,0
37858,2,37858,Ostrea,"",eukaryota,false,,,,0.11486064761649224,1,,,88.889,45.0,10^-11.4429,,,,,,,,,,,,,,,,,[37623],0
37623,1,37858,Ostrea edulis,"",eukaryota,false,,,,0.11486064761649224,1,,,88.889,45.0,10^-11.4429,,,,,,,,,,,,,,,,,,0
37854,2,37854,Saturnia,"",eukaryota,false,,,,0.34458194284947674,3,,,90.8443,61.0,10^-20.9296,,,,,,,,,,,,,,,,,[332931],0
332931,1,37854,Saturnia pavonia,emperor moth,eukaryota,false,,,,0.34458194284947674,3,,,90.8443,61.0,10^-20.9296,,,,,,,,,,,,,,,,,,0
37853,2,37853,Actias,"",eukaryota,false,,,,0.11486064761649224,1,,,96.053,76.0,10^-35.2318,,,,,,,,,,,,,,,,,[37776],0
37776,1,37853,Actias selene,Indian moon moth,eukaryota,false,,,,0.11486064761649224,1,,,96.053,76.0,10^-35.2318,,,,,,,,,,,,,,,,,,0
37852,2,37852,Aphidius,"",eukaryota,false,,,,0.11486064761649224,1,,,92.958,71.0,10^-29.0857,,,,,,0.22972129523298448,2,,,89.65,24.5,10^-6.68145,,,,,[684658],0
684658,1,37852,Aphidius gifuensis,"",eukaryota,false,,,,0.11486064761649224,1,,,92.958,71.0,10^-29.0857,,,,,,0.22972129523298448,2,,,89.65,24.5,10^-6.68145,,,,,,0
37847,2,37847,Priapulus,"",eukaryota,false,,,,,,,,,,,,,,,,0.22972129523298448,2,,,100.0,25.0,10^-5.69708,,,,,[37621],0
37621,1,37847,Priapulus caudatus,"",eukaryota,false,,,,,,,,,,,,,,,,0.22972129523298448,2,,,100.0,25.0,10^-5.69708,,,,,,0
37840,2,37840,Pestalotiopsis,"",eukaryota,false,,,,0.11486064761649224,1,,,89.333,75.0,10^-27.6895,,,,,,,,,,,,,,,,,[393283],0
393283,1,37840,Pestalotiopsis fici,"",eukaryota,false,,,,0.11486064761649224,1,,,89.333,75.0,10^-27.6895,,,,,,,,,,,,,,,,,,0
37533,2,37533,Haliclystus,"",eukaryota,false,,,,1.378327771397907,12,1,12,95.745,47.0,10^-10.1367,,,,,,,,,,,,,,,,,[313498],0
313498,1,37533,Haliclystus octoradiatus,"",eukaryota,false,,,,1.378327771397907,12,1,12,95.745,47.0,10^-10.1367,,,,,,,,,,,,,,,,,,0
37343,2,37343,Athalia,"",eukaryota,false,,,,0.11486064761649224,1,,,95.238,42.0,10^-13.5315,,,,,,0.5743032380824612,5,,,88.8,24.6,10^-6.29865,,,,,[37344],0
37344,1,37343,Athalia rosae,coleseed sawfly,eukaryota,false,,,,0.11486064761649224,1,,,95.238,42.0,10^-13.5315,,,,,,0.5743032380824612,5,,,88.8,24.6,10^-6.29865,,,,,,0
36986,2,36986,Coptotermes,"",eukaryota,false,,,,,,,,,,,,,,,,0.22972129523298448,2,,,100.0,25.0,10^-9.18338,,,,,[36987],0
36987,1,36986,Coptotermes formosanus,Formosan subterranean termite,eukaryota,false,,,,,,,,,,,,,,,,0.22972129523298448,2,,,100.0,25.0,10^-9.18338,,,,,,0
36862,2,36862,Ideonella,"",bacteria,false,,,,,,,,,,,,,,,,0.11486064761649224,1,,,85.7,21.0,10^-3.88941,,,,,[2083017],0
2083017,1,36862,Ideonella sp. MAG2,"",bacteria,false,,,,,,,,,,,,,,,,0.11486064761649224,1,,,85.7,21.0,10^-3.88941,,,,,,0
36136,2,36136,Pollicipes,"",eukaryota,false,,,,0.34458194284947674,3,,,91.0727,59.6667,10^-20.03,,,,,,,,,,,,,,,,,[41117],0
41117,1,36136,Pollicipes pollicipes,"",eukaryota,false,,,,0.34458194284947674,3,,,91.0727,59.6667,10^-20.03,,,,,,,,,,,,,,,,,,0
36086,2,36086,Trichuris,"",eukaryota,false,,,,,,,,,,,,,,,,0.45944259046596897,4,,,96.0,25.0,10^-6.81745,,,,,"[68888, 36087]",1
68888,1,36086,Trichuris suis,pig whipworm,eukaryota,false,,,,,,,,,,,,,,,,0.11486064761649224,1,,,100.0,25.0,10^-6.48812,,,,,,0
36087,1,36086,Trichuris trichiura,human whipworm,eukaryota,false,,,,,,,,,,,,,,,,0.34458194284947674,3,,,94.6667,25.0,10^-6.92722,,,,,,1
35939,2,35939,Impatiens,"",eukaryota,false,,,,0.11486064761649224,1,,,97.297,37.0,10^-11.528,,,,,,,,,,,,,,,,,[253017],0
253017,1,35939,Impatiens glandulifera,"",eukaryota,false,,,,0.11486064761649224,1,,,97.297,37.0,10^-11.528,,,,,,,,,,,,,,,,,,0
35753,2,35753,Dactylosporangium,"",bacteria,false,,,,0.11486064761649224,1,,,98.387,62.0,10^-28.4584,,,,,,,,,,,,,,,,,[53359],0
53359,1,35753,Dactylosporangium fulvum,"",bacteria,false,,,,0.11486064761649224,1,,,98.387,62.0,10^-28.4584,,,,,,,,,,,,,,,,,,0
35571,2,35571,Bradysia,"",eukaryota,false,,,,2.1823523047133526,19,1,7,87.4669,99.2105,10^-23.0419,,,,,,3.3309587808782752,29,,,93.4138,24.1379,10^-5.37402,,,,,"[1564500, 38358]",0
1564500,1,35571,Bradysia odoriphaga,"",eukaryota,false,,,,,,,,,,,,,,,,1.0337458285484302,9,,,88.7444,23.0,10^-4.27783,,,,,,0
38358,1,35571,Bradysia coprophila,"",eukaryota,false,,,,2.1823523047133526,19,1,7,87.4669,99.2105,10^-23.0419,,,,,,2.297212952329845,20,,,95.515,24.65,10^-5.8673,,,,,,0
35569,2,35569,Stomoxys,"",eukaryota,false,,,,0.5743032380824612,5,,,87.6594,66.2,10^-21.4385,,,,,,0.8040245333154457,7,,,95.9714,24.4286,10^-6.25339,,,,,[35570],0
35570,1,35569,Stomoxys calcitrans,stable fly,eukaryota,false,,,,0.5743032380824612,5,,,87.6594,66.2,10^-21.4385,,,,,,0.8040245333154457,7,,,95.9714,24.4286,10^-6.25339,,,,,,0
34717,2,34717,Trachymyrmex,"",eukaryota,false,,,,0.22972129523298448,2,,,87.9495,64.0,10^-20.2169,,,,,,1.0337458285484302,9,,,95.3667,24.4444,10^-5.8036,,,,,"[471704, 64791, 34720]",0
471704,1,34717,Trachymyrmex cornetzi,"",eukaryota,false,,,,,,,,,,,,,,,,0.22972129523298448,2,,,93.75,24.0,10^-6.51516,,,,,,0
64791,1,34717,Trachymyrmex zeteki,"",eukaryota,false,,,,0.22972129523298448,2,,,87.9495,64.0,10^-20.2169,,,,,,0.11486064761649224,1,,,70.8,24.0,10^-3.12436,,,,,,0
34720,1,34717,Trachymyrmex septentrionalis,"",eukaryota,false,,,,,,,,,,,,,,,,0.6891638856989535,6,,,100.0,24.6667,10^-6.01295,,,,,,0
34699,2,34699,Cyphomyrmex,"",eukaryota,false,,,,0.11486064761649224,1,,,88.462,52.0,10^-14.8111,,,,,,0.6891638856989535,6,,,89.0667,23.6667,10^-5.24102,,,,,[456900],0
456900,1,34699,Cyphomyrmex costatus,"",eukaryota,false,,,,0.11486064761649224,1,,,88.462,52.0,10^-14.8111,,,,,,0.6891638856989535,6,,,89.0667,23.6667,10^-5.24102,,,,,,0
34688,2,34688,Beris,"",eukaryota,false,,,,0.11486064761649224,1,,,97.561,41.0,10^-14.2281,,,,,,,,,,,,,,,,,[2719050],0
2719050,1,34688,Beris chalybata,"",eukaryota,false,,,,0.11486064761649224,1,,,97.561,41.0,10^-14.2281,,,,,,,,,,,,,,,,,,0
34681,2,34681,Syritta,"",eukaryota,false,,,,0.22972129523298448,2,,,92.292,61.5,10^-21.9539,,,,,,,,,,,,,,,,,[34682],0
34682,1,34681,Syritta pipiens,"",eukaryota,false,,,,0.22972129523298448,2,,,92.292,61.5,10^-21.9539,,,,,,,,,,,,,,,,,,0
34675,2,34675,Protophormia,"",eukaryota,false,,,,0.11486064761649224,1,,,86.275,51.0,10^-12.761,,,,,,,,,,,,,,,,,[34676],0
34676,1,34675,Protophormia terraenovae,northern blowfly,eukaryota,false,,,,0.11486064761649224,1,,,86.275,51.0,10^-12.761,,,,,,,,,,,,,,,,,,0
34630,2,34630,Rhipicephalus,"",eukaryota,false,,,,,,,,,,,,,,,,0.45944259046596897,4,,,94.6,23.75,10^-4.94472,,,,,"[34632, 6941]",0
34632,1,34630,Rhipicephalus sanguineus,brown dog tick,eukaryota,false,,,,,,,,,,,,,,,,0.34458194284947674,3,,,95.8333,24.3333,10^-5.46841,,,,,,0
6941,1,34630,Rhipicephalus microplus,southern cattle tick,eukaryota,false,,,,,,,,,,,,,,,,0.11486064761649224,1,,,90.9,22.0,10^-3.37366,,,,,,0
34622,2,34622,Haemaphysalis,"",eukaryota,false,,,,0.11486064761649224,1,,,91.379,58.0,10^-20.2531,,,,,,0.45944259046596897,4,,,91.675,24.0,10^-5.49419,,,,,"[181088, 44386]",0
181088,1,34622,Haemaphysalis flava,"",eukaryota,false,,,,0.11486064761649224,1,,,91.379,58.0,10^-20.2531,,,,,,,,,,,,,,,,,,0
44386,1,34622,Haemaphysalis longicornis,longhorned tick,eukaryota,false,,,,,,,,,,,,,,,,0.45944259046596897,4,,,91.675,24.0,10^-5.49419,,,,,,0
34619,2,34619,Dermacentor,"",eukaryota,false,,,,0.22972129523298448,2,,,94.658,37.5,10^-10.4932,,,,,,0.22972129523298448,2,,,93.55,23.5,10^-5.01686,,,,,"[543639, 34620]",0
543639,1,34619,Dermacentor silvarum,"",eukaryota,false,,,,,,,,,,,,,,,,0.22972129523298448,2,,,93.55,23.5,10^-5.01686,,,,,,0
34620,1,34619,Dermacentor andersoni,"",eukaryota,false,,,,0.22972129523298448,2,,,94.658,37.5,10^-10.4932,,,,,,,,,,,,,,,,,,0
34601,2,34601,Argas,"",eukaryota,false,,,,0.34458194284947674,3,,,92.857,42.0,10^-12.1591,,,,,,,,,,,,,,,,,"[906883, 34603]",0
906883,1,34601,Argas walkerae,"",eukaryota,false,,,,0.22972129523298448,2,,,92.857,42.0,10^-12.1591,,,,,,,,,,,,,,,,,,0
34603,1,34601,Argas persicus,"",eukaryota,false,,,,0.11486064761649224,1,,,92.857,42.0,10^-12.1591,,,,,,,,,,,,,,,,,,0
34509,2,34509,Heterodera,"",eukaryota,false,,,,0.11486064761649224,1,,,83.636,55.0,10^-12.7282,,,,,,,,,,,,,,,,,[51029],0
51029,1,34509,Heterodera glycines,soybean cyst nematode,eukaryota,false,,,,0.11486064761649224,1,,,83.636,55.0,10^-12.7282,,,,,,,,,,,,,,,,,,0
34507,2,34507,Steinernema,"",eukaryota,false,,,,,,,,,,,,,,,,0.34458194284947674,3,,,89.0,24.3333,10^-4.67891,,,,,"[289476, 34508]",0
289476,1,34507,Steinernema hermaphroditum,"",eukaryota,false,,,,,,,,,,,,,,,,0.22972129523298448,2,,,93.9,24.5,10^-4.72163,,,,,,0
34508,1,34507,Steinernema carpocapsae,"",eukaryota,false,,,,,,,,,,,,,,,,0.11486064761649224,1,,,79.2,24.0,10^-4.59346,,,,,,0
34503,2,34503,Paragonimus,"",eukaryota,false,,,,,,,,,,,,,,,,0.34458194284947674,3,,,93.0333,24.3333,10^-4.31524,,,,,[34504],1
34504,1,34503,Paragonimus westermani,"",eukaryota,false,,,,,,,,,,,,,,,,0.34458194284947674,3,,,93.0333,24.3333,10^-4.31524,,,,,,1
34487,2,34487,Conidiobolus,"",eukaryota,false,,,,2.871516190412306,25,,,99.4202,75.2,10^-38.1459,,,,,,,,,,,,,,,,,"[2721185, 1973308, 1368622, 1167813, 34488]",1
2721185,1,34487,Conidiobolus taihushanensis,"",eukaryota,false,,,,0.22972129523298448,2,,,98.718,75.5,10^-37.6366,,,,,,,,,,,,,,,,,,0
1973308,1,34487,Conidiobolus sp.,"",eukaryota,false,,,,0.45944259046596897,4,,,98.6797,75.75,10^-37.8065,,,,,,,,,,,,,,,,,,0
1368622,1,34487,Conidiobolus mycophagus,"",eukaryota,false,,,,0.11486064761649224,1,,,100.0,76.0,10^-39.3489,,,,,,,,,,,,,,,,,,0
1167813,1,34487,Conidiobolus chlamydosporus,"",eukaryota,false,,,,0.11486064761649224,1,,,100.0,72.0,10^-36.6277,,,,,,,,,,,,,,,,,,0
34488,1,34487,Conidiobolus coronatus,"",eukaryota,false,,,,1.952631009480368,17,,,99.6089,75.1765,10^-38.3043,,,,,,,,,,,,,,,,,,1
34484,2,34484,Entomophthora,"",eukaryota,false,,,,,,,,,,,,,,,,0.11486064761649224,1,,,79.2,24.0,10^-4.50724,,,,,[34485],0
34485,1,34484,Entomophthora muscae,"",eukaryota,false,,,,,,,,,,,,,,,,0.11486064761649224,1,,,79.2,24.0,10^-4.50724,,,,,,0
34453,2,34453,Hebeloma,"",eukaryota,false,,,,,,,,,,,,,,,,0.34458194284947674,3,,,85.0667,23.0,10^-5.0245,,,,,[76867],0
76867,1,34453,Hebeloma cylindrosporum,"",eukaryota,false,,,,,,,,,,,,,,,,0.34458194284947674,3,,,85.0667,23.0,10^-5.0245,,,,,,0
34448,2,34448,Marasmius,"",eukaryota,false,,,,0.8040245333154457,7,,,99.2379,75.7143,10^-38.3703,,,,,,,,,,,,,,,,,"[1967136, 1748475, 585030, 585013, 181124]",0
1967136,1,34448,Marasmius sp.,"",eukaryota,false,,,,0.11486064761649224,1,,,100.0,76.0,10^-39.3489,,,,,,,,,,,,,,,,,,0
1748475,1,34448,Marasmius congregatus,"",eukaryota,false,,,,0.11486064761649224,1,,,100.0,76.0,10^-39.3489,,,,,,,,,,,,,,,,,,0
585030,1,34448,Marasmius tenuissimus,"",eukaryota,false,,,,0.11486064761649224,1,,,100.0,76.0,10^-39.3489,,,,,,,,,,,,,,,,,,0
585013,1,34448,Marasmius crinis-equi,"",eukaryota,false,,,,0.11486064761649224,1,,,98.684,76.0,10^-37.9766,,,,,,,,,,,,,,,,,,0
181124,1,34448,Marasmius oreades,"",eukaryota,false,,,,0.34458194284947674,3,,,98.6603,75.3333,10^-37.523,,,,,,,,,,,,,,,,,,0
34072,2,34072,Variovorax,"",bacteria,false,,,,0.11486064761649224,1,,,80.282,71.0,10^-16.7344,,,,,,,,,,,,,,,,,[2126319],0
2126319,1,34072,Variovorax sp. PMC12,"",bacteria,false,,,,0.11486064761649224,1,,,80.282,71.0,10^-16.7344,,,,,,,,,,,,,,,,,,0
34019,2,34019,Liberibacter,"",bacteria,false,,,,,,,,,,,,,,,,0.6891638856989535,6,,,86.4,24.5,10^-5.74381,,,,,[34021],0
34021,1,34019,Candidatus Liberibacter asiaticus,"",bacteria,false,,,,,,,,,,,,,,,,0.6891638856989535,6,,,86.4,24.5,10^-5.74381,,,,,,0
33981,2,33981,Kineococcus,"",bacteria,false,,,,0.11486064761649224,1,,,98.649,74.0,10^-36.6158,,,,,,,,,,,,,,,,,[131568],0
131568,1,33981,Kineococcus radiotolerans,"",bacteria,false,,,,0.11486064761649224,1,,,98.649,74.0,10^-36.6158,,,,,,,,,,,,,,,,,,0
33882,2,33882,Microbacterium,"",bacteria,false,,,,1.2634671237814146,11,,,99.2791,75.7273,10^-38.4148,,,,,,,,,,,,,,,,,"[2048898, 1938334, 1811290, 1572644, 199592, 162426, 51671, 2033]",0
2048898,1,33882,Microbacterium sp. Y-01,"",bacteria,false,,,,0.11486064761649224,1,,,98.684,76.0,10^-37.9766,,,,,,,,,,,,,,,,,,0
1938334,1,33882,Microbacterium sp. TPU 3598,"",bacteria,false,,,,0.11486064761649224,1,,,100.0,75.0,10^-38.6685,,,,,,,,,,,,,,,,,,0
1811290,1,33882,Microbacterium sp. ALBL_047,"",bacteria,false,,,,0.11486064761649224,1,,,100.0,76.0,10^-39.3489,,,,,,,,,,,,,,,,,,0
1572644,1,33882,Microbacterium proteolyticum,"",bacteria,false,,,,0.11486064761649224,1,,,97.368,76.0,10^-36.6042,,,,,,,,,,,,,,,,,,0
199592,1,33882,Microbacterium paraoxydans,"",bacteria,false,,,,0.11486064761649224,1,,,98.667,75.0,10^-37.2961,,,,,,,,,,,,,,,,,,0
162426,1,33882,Microbacterium hominis,"",bacteria,false,,,,0.11486064761649224,1,,,100.0,76.0,10^-39.3489,,,,,,,,,,,,,,,,,,0
51671,1,33882,Microbacterium sp.,"",bacteria,false,,,,0.11486064761649224,1,,,98.684,76.0,10^-37.9766,,,,,,,,,,,,,,,,,,0
2033,1,33882,Microbacterium testaceum,"",bacteria,false,,,,0.45944259046596897,4,,,99.6667,75.75,10^-38.8357,,,,,,,,,,,,,,,,,,0
33687,2,33687,Amblyospora,"",eukaryota,false,,,,0.11486064761649224,1,,,93.182,44.0,10^-13.5113,,,,,,,,,,,,,,,,,[191599],0
191599,1,33687,Amblyospora bracteata,"",eukaryota,false,,,,0.11486064761649224,1,,,93.182,44.0,10^-13.5113,,,,,,,,,,,,,,,,,,0
33465,2,33465,Yponomeuta,European small ermine moth,eukaryota,false,,,,0.11486064761649224,1,,,90.0,60.0,10^-20.2384,,,,,,,,,,,,,,,,,[1594356],0
1594356,1,33465,Yponomeuta plumbellus,"",eukaryota,false,,,,0.11486064761649224,1,,,90.0,60.0,10^-20.2384,,,,,,,,,,,,,,,,,,0
33462,2,33462,Philaethria,"",eukaryota,false,,,,,,,,,,,,,,,,0.11486064761649224,1,,,100.0,25.0,10^-8.53165,,,,,[33463],0
33463,1,33462,Philaethria dido,"",eukaryota,false,,,,,,,,,,,,,,,,0.11486064761649224,1,,,100.0,25.0,10^-8.53165,,,,,,0
33416,2,33416,Heliconius,"",eukaryota,false,,,,0.11486064761649224,1,,,86.486,37.0,10^-6.03847,,,,,,,,,,,,,,,,,[33443],0
33443,1,33416,Heliconius sara,"",eukaryota,false,,,,0.11486064761649224,1,,,86.486,37.0,10^-6.03847,,,,,,,,,,,,,,,,,,0
33413,2,33413,Orgyia,"",eukaryota,false,,,,0.11486064761649224,1,,,93.22,59.0,10^-22.3043,,,,,,,,,,,,,,,,,[335469],0
335469,1,33413,Orgyia antiqua,rusty tussock moth,eukaryota,false,,,,0.11486064761649224,1,,,93.22,59.0,10^-22.3043,,,,,,,,,,,,,,,,,,0
33411,2,33411,Zerene,"",eukaryota,false,,,,0.45944259046596897,4,,,93.5922,59.5,10^-22.3173,,,,,,0.22972129523298448,2,,,95.85,24.0,10^-5.28899,,,,,[33412],0
33412,1,33411,Zerene cesonia,dogface butterfly,eukaryota,false,,,,0.45944259046596897,4,,,93.5922,59.5,10^-22.3173,,,,,,0.22972129523298448,2,,,95.85,24.0,10^-5.28899,,,,,,0
33393,2,33393,Holotrichia,"",eukaryota,false,,,,,,,,,,,,,,,,1.2634671237814146,11,,,97.8182,24.3636,10^-6.108,,,,,[644536],0
644536,1,33393,Holotrichia oblita,"",eukaryota,false,,,,,,,,,,,,,,,,1.2634671237814146,11,,,97.8182,24.3636,10^-6.108,,,,,,0
33194,2,33194,Bipolaris,"",eukaryota,false,,,,0.22972129523298448,2,,,92.105,76.0,10^-31.1147,,,,,,0.22972129523298448,2,,,100.0,24.0,10^-5.08007,,,,,"[45130, 5016]",0
45130,1,33194,Bipolaris sorokiniana,"",eukaryota,false,,,,0.11486064761649224,1,,,90.789,76.0,10^-29.7423,,,,,,,,,,,,,,,,,,0
5016,1,33194,Bipolaris maydis,southern corn leaf blight pathogen,eukaryota,false,,,,0.11486064761649224,1,,,93.421,76.0,10^-32.4871,,,,,,0.22972129523298448,2,,,100.0,24.0,10^-5.08007,,,,,,0
33055,2,33055,Candidatus Kinetoplastibacterium,"",bacteria,false,,,,1354.2070353984436,11790,3,11699,96.6894,2275.57,10^-305.336,,,,,,,,,,,,,,,,,"[994695, 994692, 233181, 33056]",0
994695,1,33055,Candidatus Kinetoplastibacterium galatii,"",bacteria,false,,,,0.9188851809319379,8,,,99.671,75.625,10^-38.7507,,,,,,,,,,,,,,,,,,0
994692,1,33055,Candidatus Kinetoplastibacterium desouzaii,"",bacteria,false,,,,0.11486064761649224,1,,,100.0,76.0,10^-39.3489,,,,,,,,,,,,,,,,,,0
233181,1,33055,Candidatus Kinetoplastibacterium blastocrithidii,"",bacteria,false,,,,1350.6463553223323,11759,3,11699,96.6804,2282.03,10^-306.12,,,,,,,,,,,,,,,,,,0
33056,1,33055,Candidatus Kinetoplastibacterium crithidii,"",bacteria,false,,,,2.526934247562829,22,,,99.7607,74.2273,10^-37.894,,,,,,,,,,,,,,,,,,0
32404,2,32404,Gasteruption,"",eukaryota,false,,,,0.5743032380824612,5,,,94.8938,44.2,10^-14.7497,,,,,,,,,,,,,,,,,[2718756],0
2718756,1,32404,Gasteruption jaculator,"",eukaryota,false,,,,0.5743032380824612,5,,,94.8938,44.2,10^-14.7497,,,,,,,,,,,,,,,,,,0
32390,2,32390,Cotesia,"",eukaryota,false,,,,0.22972129523298448,2,,,89.765,48.5,10^-13.8173,,,,,,0.6891638856989535,6,,,96.0,24.8333,10^-5.93964,,,,,"[89804, 51543, 32391]",0
89804,1,32390,Cotesia chilonis,"",eukaryota,false,,,,0.11486064761649224,1,,,89.286,56.0,10^-17.5236,,,,,,,,,,,,,,,,,,0
51543,1,32390,Cotesia congregata,"",eukaryota,false,,,,,,,,,,,,,,,,0.5743032380824612,5,,,96.8,24.8,10^-5.8054,,,,,,0
32391,1,32390,Cotesia glomerata,"",eukaryota,false,,,,0.11486064761649224,1,,,90.244,41.0,10^-10.111,,,,,,0.11486064761649224,1,,,92.0,25.0,10^-6.61083,,,,,,0
32388,2,32388,Pteromalus,"",eukaryota,false,,,,,,,,,,,,,,,,0.11486064761649224,1,,,83.3,24.0,10^-5.00305,,,,,[32389],0
32389,1,32388,Pteromalus puparum,"",eukaryota,false,,,,,,,,,,,,,,,,0.11486064761649224,1,,,83.3,24.0,10^-5.00305,,,,,,0
32263,2,32263,Tetranychus,"",eukaryota,false,,,,,,,,,,,,,,,,0.22972129523298448,2,,,91.9,24.5,10^-5.82466,,,,,[32264],0
32264,1,32263,Tetranychus urticae,two-spotted spider mite,eukaryota,false,,,,,,,,,,,,,,,,0.22972129523298448,2,,,91.9,24.5,10^-5.82466,,,,,,0
32008,2,32008,Burkholderia,"",bacteria,false,,,,0.8040245333154457,7,,,98.6614,75.1429,10^-37.3933,,,,,,0.34458194284947674,3,,,90.3333,23.0,10^-5.01502,,,,,"[758796, 758782, 95486, 87883, 57975, 28450, 13373, 337]",3
758796,1,32008,Burkholderia sp. RPE67,"",bacteria,false,,,,,,,,,,,,,,,,0.11486064761649224,1,,,96.0,25.0,10^-7.31876,,,,,,0
758782,1,32008,Burkholderia sp. THE68,"",bacteria,false,,,,0.11486064761649224,1,,,97.333,75.0,10^-35.9238,,,,,,,,,,,,,,,,,,0
95486,1,32008,Burkholderia cenocepacia,"",bacteria,false,,,,0.11486064761649224,1,,,100.0,75.0,10^-38.6685,,,,,,,,,,,,,,,,,,1
87883,1,32008,Burkholderia multivorans,"",bacteria,false,,,,0.11486064761649224,1,,,97.333,75.0,10^-35.9238,,,,,,0.11486064761649224,1,,,75.0,24.0,10^-3.52288,,,,,,0
57975,1,32008,Burkholderia thailandensis,"",bacteria,false,,,,0.11486064761649224,1,,,98.667,75.0,10^-37.2961,,,,,,,,,,,,,,,,,,0
28450,1,32008,Burkholderia pseudomallei,"",bacteria,false,,,,0.11486064761649224,1,,,100.0,76.0,10^-39.3489,,,,,,,,,,,,,,,,,,1
13373,1,32008,Burkholderia mallei,"",bacteria,false,,,,0.11486064761649224,1,,,100.0,76.0,10^-39.3489,,,,,,0.11486064761649224,1,,,100.0,20.0,10^-4.20343,,,,,,1
337,1,32008,Burkholderia glumae,"",bacteria,false,,,,0.11486064761649224,1,,,97.297,74.0,10^-35.2434,,,,,,,,,,,,,,,,,,0
30204,2,30204,Tetramorium,"",eukaryota,false,,,,0.11486064761649224,1,,,93.333,45.0,10^-14.1877,,,,,,,,,,,,,,,,,[219812],0
219812,1,30204,Tetramorium bicarinatum,"",eukaryota,false,,,,0.11486064761649224,1,,,93.333,45.0,10^-14.1877,,,,,,,,,,,,,,,,,,0
30137,2,30137,Macrosteles,"",eukaryota,false,,,,0.22972129523298448,2,,,92.745,41.5,10^-11.822,,,,,,0.6891638856989535,6,,,96.3833,24.3333,10^-5.73831,,,,,[74068],0
74068,1,30137,Macrosteles quadrilineatus,aster leafhopper,eukaryota,false,,,,0.22972129523298448,2,,,92.745,41.5,10^-11.822,,,,,,0.6891638856989535,6,,,96.3833,24.3333,10^-5.73831,,,,,,0
30079,2,30079,Cimex,"",eukaryota,false,,,,0.22972129523298448,2,,,95.933,60.0,10^-25.7439,,,,,,0.8040245333154457,7,,,97.0714,24.5714,10^-5.5362,,,,,"[757355, 79782]",0
757355,1,30079,Cimex hemipterus,"",eukaryota,false,,,,0.11486064761649224,1,,,98.684,76.0,10^-37.9766,,,,,,,,,,,,,,,,,,0
79782,1,30079,Cimex lectularius,bed bug,eukaryota,false,,,,0.11486064761649224,1,,,93.182,44.0,10^-13.5113,,,,,,0.8040245333154457,7,,,97.0714,24.5714,10^-5.5362,,,,,,0
30063,2,30063,Delia,"",eukaryota,false,,,,0.11486064761649224,1,,,89.474,76.0,10^-28.37,,,,,,0.11486064761649224,1,,,100.0,24.0,10^-5.6073,,,,,[265456],0
265456,1,30063,Delia antiqua,onion fly,eukaryota,false,,,,0.11486064761649224,1,,,89.474,76.0,10^-28.37,,,,,,0.11486064761649224,1,,,100.0,24.0,10^-5.6073,,,,,,0
29967,2,29967,Alpheus,"",eukaryota,false,,,,,,,,,,,,,,,,0.11486064761649224,1,,,100.0,25.0,10^-3.54975,,,,,[54109],0
54109,1,29967,Alpheus lottini,"",eukaryota,false,,,,,,,,,,,,,,,,0.11486064761649224,1,,,100.0,25.0,10^-3.54975,,,,,,0
29909,2,29909,Tolypocladium,"",eukaryota,false,,,,0.11486064761649224,1,,,100.0,76.0,10^-39.3489,,,,,,,,,,,,,,,,,[1856741],0
1856741,1,29909,Tolypocladium sp.,"",eukaryota,false,,,,0.11486064761649224,1,,,100.0,76.0,10^-39.3489,,,,,,,,,,,,,,,,,,0
29907,2,29907,Sporothrix,"",eukaryota,false,,,,0.22972129523298448,2,,,95.592,58.0,10^-24.3922,,,,,,,,,,,,,,,,,[29908],1
29908,1,29907,Sporothrix schenckii,"",eukaryota,false,,,,0.22972129523298448,2,,,95.592,58.0,10^-24.3922,,,,,,,,,,,,,,,,,,1
29882,2,29882,Laccaria,"",eukaryota,false,,,,0.11486064761649224,1,,,97.368,76.0,10^-36.6042,,,,,,,,,,,,,,,,,[29883],0
29883,1,29882,Laccaria bicolor,"",eukaryota,false,,,,0.11486064761649224,1,,,97.368,76.0,10^-36.6042,,,,,,,,,,,,,,,,,,0
29849,2,29849,Gaeumannomyces,"",eukaryota,false,,,,0.11486064761649224,1,,,100.0,74.0,10^-37.9881,,,,,,,,,,,,,,,,,[29850],0
29850,1,29849,Gaeumannomyces graminis,"",eukaryota,false,,,,0.11486064761649224,1,,,100.0,74.0,10^-37.9881,,,,,,,,,,,,,,,,,,0
29828,2,29828,Lipomyces,"",eukaryota,false,,,,0.11486064761649224,1,,,88.889,45.0,10^-11.4429,,,,,,,,,,,,,,,,,[54092],0
54092,1,29828,Lipomyces tetrasporus,"",eukaryota,false,,,,0.11486064761649224,1,,,88.889,45.0,10^-11.4429,,,,,,,,,,,,,,,,,,0
29580,2,29580,Janthinobacterium,"",bacteria,false,,,,0.22972129523298448,2,,,97.3685,76.0,10^-36.6042,,,,,,,,,,,,,,,,,"[368607, 29581]",0
368607,1,29580,Janthinobacterium svalbardensis,"",bacteria,false,,,,0.11486064761649224,1,,,94.737,76.0,10^-33.8595,,,,,,,,,,,,,,,,,,0
29581,1,29580,Janthinobacterium lividum,"",bacteria,false,,,,0.11486064761649224,1,,,100.0,76.0,10^-39.3489,,,,,,,,,,,,,,,,,,0
29574,2,29574,Taylorella,"",bacteria,false,,,,,,,,,,,,,,,,0.11486064761649224,1,,,84.0,25.0,10^-6.16622,,,,,[84590],0
84590,1,29574,Taylorella asinigenitalis,"",bacteria,false,,,,,,,,,,,,,,,,0.11486064761649224,1,,,84.0,25.0,10^-6.16622,,,,,,0
29465,2,29465,Veillonella,"",bacteria,false,,,,,,,,,,,,,,,,0.11486064761649224,1,,,100.0,24.0,10^-9.05552,,,,,[1403932],0
1403932,1,29465,Veillonella sp. DORA_A_3_16_22,"",bacteria,false,,,,,,,,,,,,,,,,0.11486064761649224,1,,,100.0,24.0,10^-9.05552,,,,,,0
29393,2,29393,Dolosigranulum,"",bacteria,false,,,,0.22972129523298448,2,,,100.0,75.5,10^-39.0087,,,,,,,,,,,,,,,,,[29394],0
29394,1,29393,Dolosigranulum pigrum,"",bacteria,false,,,,0.22972129523298448,2,,,100.0,75.5,10^-39.0087,,,,,,,,,,,,,,,,,,0
29330,2,29330,Alicyclobacillus,"",bacteria,false,,,,,,,,,,,,,,,,0.11486064761649224,1,,,96.0,25.0,10^-4.97469,,,,,[2942475],0
2942475,1,29330,Alicyclobacillus sp. SP_1,"",bacteria,false,,,,,,,,,,,,,,,,0.11486064761649224,1,,,96.0,25.0,10^-4.97469,,,,,,0
29175,2,29175,Neospora,"",eukaryota,false,,,,0.11486064761649224,1,,,89.13,46.0,10^-12.1196,,,,,,,,,,,,,,,,,[29176],0
29176,1,29175,Neospora caninum,"",eukaryota,false,,,,0.11486064761649224,1,,,89.13,46.0,10^-12.1196,,,,,,,,,,,,,,,,,,0
29169,2,29169,Ancylostoma,"",eukaryota,false,,,,,,,,,,,,,,,,0.22972129523298448,2,,,100.0,24.0,10^-7.64139,,,,,[53326],1
53326,1,29169,Ancylostoma ceylanicum,"",eukaryota,false,,,,,,,,,,,,,,,,0.22972129523298448,2,,,100.0,24.0,10^-7.64139,,,,,,1
29056,2,29056,Ostrinia,"",eukaryota,false,,,,0.34458194284947674,3,,,93.0527,59.0,10^-21.3984,,,,,,0.45944259046596897,4,,,95.825,24.25,10^-6.49278,,,,,[93504],0
93504,1,29056,Ostrinia furnacalis,Asian corn borer,eukaryota,false,,,,0.34458194284947674,3,,,93.0527,59.0,10^-21.3984,,,,,,0.45944259046596897,4,,,95.825,24.25,10^-6.49278,,,,,,0
29054,2,29054,Epinotia,"",eukaryota,false,,,,0.8040245333154457,7,,,88.5313,57.5714,10^-17.6123,,,,,,,,,,,,,,,,,"[1594296, 1594293, 989769]",0
1594296,1,29054,Epinotia ramella,"",eukaryota,false,,,,0.22972129523298448,2,,,87.5105,60.0,10^-18.1804,,,,,,,,,,,,,,,,,,0
1594293,1,29054,Epinotia bilunana,"",eukaryota,false,,,,0.22972129523298448,2,,,88.3715,51.0,10^-14.1337,,,,,,,,,,,,,,,,,,0
989769,1,29054,Epinotia nisella,"",eukaryota,false,,,,0.34458194284947674,3,,,89.3183,60.3333,10^-19.5528,,,,,,,,,,,,,,,,,,0
29052,2,29052,Copidosoma,"",eukaryota,false,,,,0.34458194284947674,3,,,92.794,45.3333,10^-13.9617,,,,,,0.11486064761649224,1,,,100.0,24.0,10^-5.55284,,,,,[29053],0
29053,1,29052,Copidosoma floridanum,"",eukaryota,false,,,,0.34458194284947674,3,,,92.794,45.3333,10^-13.9617,,,,,,0.11486064761649224,1,,,100.0,24.0,10^-5.55284,,,,,,0
29048,2,29048,Ophion,"",eukaryota,false,,,,0.22972129523298448,2,,,89.811,55.0,10^-16.8578,,,,,,,,,,,,,,,,,[2979155],0
2979155,1,29048,Ophion slaviceki,"",eukaryota,false,,,,0.22972129523298448,2,,,89.811,55.0,10^-16.8578,,,,,,,,,,,,,,,,,,0
29044,2,29044,Trichomalopsis,"",eukaryota,false,,,,,,,,,,,,,,,,0.22972129523298448,2,,,100.0,24.0,10^-5.20429,,,,,[543379],0
543379,1,29044,Trichomalopsis sarcophagae,"",eukaryota,false,,,,,,,,,,,,,,,,0.22972129523298448,2,,,100.0,24.0,10^-5.20429,,,,,,0
29012,2,29012,Araneus,"",eukaryota,false,,,,,,,,,,,,,,,,0.6891638856989535,6,,,85.2167,24.5,10^-4.95001,,,,,[182803],0
182803,1,29012,Araneus ventricosus,"",eukaryota,false,,,,,,,,,,,,,,,,0.6891638856989535,6,,,85.2167,24.5,10^-4.95001,,,,,,0
29002,2,29002,Cercospora,"",eukaryota,false,,,,0.34458194284947674,3,,,99.5613,76.0,10^-38.8915,,,,,,,,,,,,,,,,,"[2929575, 242506]",0
2929575,1,29002,Cercospora sp. J1 LZ-2022,"",eukaryota,false,,,,0.22972129523298448,2,,,99.342,76.0,10^-38.6628,,,,,,,,,,,,,,,,,,0
242506,1,29002,Cercospora loranthi,"",eukaryota,false,,,,0.11486064761649224,1,,,100.0,76.0,10^-39.3489,,,,,,,,,,,,,,,,,,0
28676,2,28676,Prodoxus,bogus yucca moths,eukaryota,false,,,,0.22972129523298448,2,,,89.6715,65.0,10^-22.2664,,,,,,,,,,,,,,,,,[28677],0
28677,1,28676,Prodoxus quinquepunctellus,"",eukaryota,false,,,,0.22972129523298448,2,,,89.6715,65.0,10^-22.2664,,,,,,,,,,,,,,,,,,0
28651,2,28651,Melipona,"",eukaryota,false,,,,,,,,,,,,,,,,0.11486064761649224,1,,,70.8,24.0,10^-3.78252,,,,,[166423],0
166423,1,28651,Melipona quadrifasciata,"",eukaryota,false,,,,,,,,,,,,,,,,0.11486064761649224,1,,,70.8,24.0,10^-3.78252,,,,,,0
28644,2,28644,Eufriesea,"",eukaryota,false,,,,0.11486064761649224,1,,,94.595,37.0,10^-10.1556,,,,,,0.6891638856989535,6,,,96.0,24.6667,10^-4.99296,,,,,[516756],0
516756,1,28644,Eufriesea mexicana,"",eukaryota,false,,,,0.11486064761649224,1,,,94.595,37.0,10^-10.1556,,,,,,0.6891638856989535,6,,,96.0,24.6667,10^-4.99296,,,,,,0
28641,2,28641,Bombus,bumble bees,eukaryota,false,,,,0.45944259046596897,4,,,91.4997,57.0,10^-19.2433,,,,,,1.0337458285484302,9,,,94.2444,23.5556,10^-5.30995,,,,,"[2705177, 396416, 309941, 207650, 132113, 65598, 30195]",0
2705177,1,28641,Bombus vancouverensis,"",eukaryota,false,,,,,,,,,,,,,,,,0.22972129523298448,2,,,100.0,23.5,10^-3.92058,,,,,,0
396416,1,28641,Bombus pyrosoma,"",eukaryota,false,,,,0.11486064761649224,1,,,88.571,70.0,10^-24.2886,,,,,,0.11486064761649224,1,,,65.2,23.0,10^-3.09583,,,,,,0
309941,1,28641,Bombus affinis,"",eukaryota,false,,,,0.11486064761649224,1,,,89.655,58.0,10^-18.8808,,,,,,,,,,,,,,,,,,0
207650,1,28641,Bombus vosnesenskii,"",eukaryota,false,,,,0.11486064761649224,1,,,90.476,63.0,10^-22.2758,,,,,,0.11486064761649224,1,,,100.0,24.0,10^-6.77728,,,,,,0
132113,1,28641,Bombus impatiens,common eastern bumble bee,eukaryota,false,,,,,,,,,,,,,,,,0.34458194284947674,3,,,95.7667,23.6667,10^-5.9599,,,,,,0
65598,1,28641,Bombus pascuorum,"",eukaryota,false,,,,0.11486064761649224,1,,,97.297,37.0,10^-11.528,,,,,,,,,,,,,,,,,,0
30195,1,28641,Bombus terrestris,buff-tailed bumblebee,eukaryota,false,,,,,,,,,,,,,,,,0.22972129523298448,2,,,97.85,23.5,10^-6.09778,,,,,,0
28609,2,28609,Rhagoletis,"",eukaryota,false,,,,2.1823523047133526,19,1,11,84.2907,141.947,10^-27.8812,,,,,,3.3309587808782752,29,,,97.0,24.4483,10^-5.73248,,,,,"[28612, 28610]",0
28612,1,28609,Rhagoletis zephyria,snowberry fruit fly,eukaryota,false,,,,0.45944259046596897,4,,,90.379,61.5,10^-21.2584,,,,,,2.1823523047133526,19,,,95.6421,24.3684,10^-5.43067,,,,,,0
28610,1,28609,Rhagoletis pomonella,apple maggot,eukaryota,false,,,,1.7229097142473837,15,1,11,82.6672,163.4,10^-29.6473,,,,,,1.1486064761649224,10,,,99.58,24.6,10^-6.30593,,,,,,0
28585,2,28585,Anastrepha,"",eukaryota,false,,,,1.2634671237814146,11,,,90.8313,56.5455,10^-18.9037,,,,,,1.4931884190143991,13,,,93.6077,24.1538,10^-5.94235,,,,,"[95512, 28586]",0
95512,1,28585,Anastrepha obliqua,"",eukaryota,false,,,,0.22972129523298448,2,,,90.278,51.0,10^-15.5064,,,,,,1.0337458285484302,9,,,93.4556,24.1111,10^-6.00459,,,,,,0
28586,1,28585,Anastrepha ludens,Mexican fruit fly,eukaryota,false,,,,1.0337458285484302,9,,,90.9542,57.7778,10^-19.6586,,,,,,0.45944259046596897,4,,,93.95,24.25,10^-5.80231,,,,,,0
28263,2,28263,Arcanobacterium,"",bacteria,false,,,,,,,,,,,,,,,,0.11486064761649224,1,,,87.0,23.0,10^-3.92082,,,,,[28264],1
28264,1,28263,Arcanobacterium haemolyticum,"",bacteria,false,,,,,,,,,,,,,,,,0.11486064761649224,1,,,87.0,23.0,10^-3.92082,,,,,,1
28105,2,28105,Sinorhizobium,"",bacteria,false,,,,0.11486064761649224,1,,,100.0,75.0,10^-38.6685,,,,,,,,,,,,,,,,,[382],0
382,1,28105,Sinorhizobium meliloti,"",bacteria,false,,,,0.11486064761649224,1,,,100.0,75.0,10^-38.6685,,,,,,,,,,,,,,,,,,0
28100,2,28100,Phyllobacterium,"",bacteria,false,,,,,,,,,,,,,,,,5.053868495125658,44,1,43,71.8973,59.1364,10^-23.3973,,,,,[1882772],0
1882772,1,28100,Phyllobacterium sp. OV277,"",bacteria,false,,,,,,,,,,,,,,,,5.053868495125658,44,1,43,71.8973,59.1364,10^-23.3973,,,,,,0
27977,2,27977,Nosema,"",eukaryota,false,,,,0.11486064761649224,1,,,97.436,78.0,10^-37.9653,,,,,,,,,,,,,,,,,[198216],0
198216,1,27977,uncultured Nosema,"",eukaryota,false,,,,0.11486064761649224,1,,,97.436,78.0,10^-37.9653,,,,,,,,,,,,,,,,,,0
27932,2,27932,Sycon,"",eukaryota,false,,,,0.11486064761649224,1,,,95.238,42.0,10^-13.5315,,,,,,,,,,,,,,,,,[335486],0
335486,1,27932,Sycon lingua,"",eukaryota,false,,,,0.11486064761649224,1,,,95.238,42.0,10^-13.5315,,,,,,,,,,,,,,,,,,0
27847,2,27847,Echinostoma,"",eukaryota,false,,,,,,,,,,,,,,,,0.11486064761649224,1,,,87.5,24.0,10^-5.13136,,,,,[27848],0
27848,1,27847,Echinostoma caproni,"",eukaryota,false,,,,,,,,,,,,,,,,0.11486064761649224,1,,,87.5,24.0,10^-5.13136,,,,,,0
27834,2,27834,Nippostrongylus,"",eukaryota,false,,,,,,,,,,,,,,,,0.11486064761649224,1,,,75.0,24.0,10^-5.79588,,,,,[27835],0
27835,1,27834,Nippostrongylus brasiliensis,"",eukaryota,false,,,,,,,,,,,,,,,,0.11486064761649224,1,,,75.0,24.0,10^-5.79588,,,,,,0
27552,2,27552,Ctenolepisma,"",eukaryota,false,,,,,,,,,,,,,,,,0.11486064761649224,1,,,100.0,24.0,10^-6.72125,,,,,[27553],0
27553,1,27552,Ctenolepisma lineatum,four-lined silverfish,eukaryota,false,,,,,,,,,,,,,,,,0.11486064761649224,1,,,100.0,24.0,10^-6.72125,,,,,,0
27529,2,27529,Orussus,"",eukaryota,false,,,,0.11486064761649224,1,,,91.489,47.0,10^-14.1688,,,,,,0.34458194284947674,3,,,98.6,24.3333,10^-5.2274,,,,,[222816],0
222816,1,27529,Orussus abietinus,"",eukaryota,false,,,,0.11486064761649224,1,,,91.489,47.0,10^-14.1688,,,,,,0.34458194284947674,3,,,98.6,24.3333,10^-5.2274,,,,,,0
27456,2,27456,Bactrocera,"",eukaryota,false,,,,0.8040245333154457,7,,,89.1074,56.7143,10^-17.0422,,,,,,3.3309587808782752,29,,,98.6931,24.069,10^-6.07383,,,,,"[174628, 104688, 98809, 59916, 27457]",0
174628,1,27456,Bactrocera latifrons,"",eukaryota,false,,,,0.22972129523298448,2,,,85.161,74.0,10^-22.8922,,,,,,0.45944259046596897,4,,,98.0,24.75,10^-6.1493,,,,,,0
104688,1,27456,Bactrocera oleae,olive fruit fly,eukaryota,false,,,,0.11486064761649224,1,,,85.714,49.0,10^-11.406,,,,,,0.8040245333154457,7,,,98.1429,24.4286,10^-6.4639,,,,,,0
98809,1,27456,Bactrocera neohumeralis,"",eukaryota,false,,,,,,,,,,,,,,,,0.5743032380824612,5,,,99.2,24.2,10^-5.64513,,,,,,0
59916,1,27456,Bactrocera tryoni,"",eukaryota,false,,,,0.11486064761649224,1,,,97.368,38.0,10^-12.2026,,,,,,0.5743032380824612,5,,,100.0,23.0,10^-6.25346,,,,,,0
27457,1,27456,Bactrocera dorsalis,oriental fruit fly,eukaryota,false,,,,0.34458194284947674,3,,,90.116,54.0,10^-16.6341,,,,,,0.9188851809319379,8,,,98.3875,24.0,10^-5.85047,,,,,,0
27452,2,27452,Cicindela,"",eukaryota,false,,,,,,,,,,,,,,,,0.22972129523298448,2,,,100.0,25.0,10^-7.50864,,,,,[258666],0
258666,1,27452,Cicindela (Rivacindela) sp. JP-90,"",eukaryota,false,,,,,,,,,,,,,,,,0.22972129523298448,2,,,100.0,25.0,10^-7.50864,,,,,,0
27423,2,27423,Bittacus,"",eukaryota,false,,,,,,,,,,,,,,,,0.11486064761649224,1,,,96.0,25.0,10^-4.70333,,,,,[50433],0
50433,1,27423,Bittacus strigosus,"",eukaryota,false,,,,,,,,,,,,,,,,0.11486064761649224,1,,,96.0,25.0,10^-4.70333,,,,,,0
27375,2,27375,Entrophospora,"",eukaryota,false,,,,,,,,,,,,,,,,0.34458194284947674,3,,,93.3333,24.6667,10^-5.53843,,,,,"[2562287, 984092]",0
2562287,1,27375,Entrophospora sp. SA101,"",eukaryota,false,,,,,,,,,,,,,,,,0.22972129523298448,2,,,96.0,24.5,10^-5.70766,,,,,,0
984092,1,27375,Entrophospora candida,"",eukaryota,false,,,,,,,,,,,,,,,,0.11486064761649224,1,,,88.0,25.0,10^-5.19997,,,,,,0
27372,2,27372,Acaulospora,"",eukaryota,false,,,,,,,,,,,,,,,,0.11486064761649224,1,,,90.9,22.0,10^-4.05404,,,,,[27376],0
27376,1,27372,Acaulospora colombiana,"",eukaryota,false,,,,,,,,,,,,,,,,0.11486064761649224,1,,,90.9,22.0,10^-4.05404,,,,,,0
26473,2,26473,Buddleja,"",eukaryota,false,,,,,,,,,,,,,,,,0.11486064761649224,1,,,96.0,25.0,10^-8.2321,,,,,[168488],0
168488,1,26473,Buddleja alternifolia,"",eukaryota,false,,,,,,,,,,,,,,,,0.11486064761649224,1,,,96.0,25.0,10^-8.2321,,,,,,0
23809,2,23809,Ailanthus,"",eukaryota,false,,,,0.11486064761649224,1,,,94.737,38.0,10^-10.8302,,,,,,,,,,,,,,,,,[2768810],0
2768810,1,23809,Ailanthus altissimus,"",eukaryota,false,,,,0.11486064761649224,1,,,94.737,38.0,10^-10.8302,,,,,,,,,,,,,,,,,,0
22662,2,22662,Punica,"",eukaryota,false,,,,,,,,,,,,,,,,0.11486064761649224,1,,,100.0,24.0,10^-6.50585,,,,,[22663],0
22663,1,22662,Punica granatum,pomegranate,eukaryota,false,,,,,,,,,,,,,,,,0.11486064761649224,1,,,100.0,24.0,10^-6.50585,,,,,,0
21880,2,21880,Salvia,sages,eukaryota,false,,,,,,,,,,,,,,,,0.11486064761649224,1,,,83.3,24.0,10^-3.83565,,,,,[180675],0
180675,1,21880,Salvia splendens,"",eukaryota,false,,,,,,,,,,,,,,,,0.11486064761649224,1,,,83.3,24.0,10^-3.83565,,,,,,0
21019,2,21019,Castanea,"",eukaryota,false,,,,,,,,,,,,,,,,1.952631009480368,17,1,14,82.75,61.5625,10^-28.743,,,,,[60419],0
60419,1,21019,Castanea mollissima,Chinese chestnut,eukaryota,false,,,,,,,,,,,,,,,,1.952631009480368,17,1,14,82.75,61.5625,10^-28.743,,,,,,0
16718,2,16718,Juglans,walnuts,eukaryota,false,,,,,,,,,,,,,,,,0.11486064761649224,1,,,75.0,24.0,10^-3.50724,,,,,[51240],0
51240,1,16718,Juglans regia,English walnut,eukaryota,false,,,,,,,,,,,,,,,,0.11486064761649224,1,,,75.0,24.0,10^-3.50724,,,,,,0
13817,2,13817,Adiantum,"",eukaryota,false,,,,,,,,,,,,,,,,0.6891638856989535,6,,,89.85,22.5,10^-4.30024,,,,,[2759587],0
2759587,1,13817,Adiantum nelumboides,"",eukaryota,false,,,,,,,,,,,,,,,,0.6891638856989535,6,,,89.85,22.5,10^-4.30024,,,,,,0
13687,2,13687,Sphingomonas,"",bacteria,false,,,,1.6080490666308913,14,,,98.6914,75.2857,10^-37.4907,,,,,,,,,,,,,,,,,"[3018446, 3018036, 2903960, 1517554, 1362555, 1327635, 340655, 185951, 152682, 13689]",0
3018446,1,13687,Sphingomonas sp. 7/4-4,"",bacteria,false,,,,0.22972129523298448,2,,,100.0,76.0,10^-39.3489,,,,,,,,,,,,,,,,,,0
3018036,1,13687,Sphingomonas sp. CV7422,"",bacteria,false,,,,0.11486064761649224,1,,,100.0,70.0,10^-35.2675,,,,,,,,,,,,,,,,,,0
2903960,1,13687,Sphingomonas sp. S2-65,"",bacteria,false,,,,0.22972129523298448,2,,,98.6665,75.0,10^-37.2962,,,,,,,,,,,,,,,,,,0
1517554,1,13687,Sphingomonas sp. HMP9,"",bacteria,false,,,,0.11486064761649224,1,,,100.0,75.0,10^-38.6685,,,,,,,,,,,,,,,,,,0
1362555,1,13687,Sphingomonas sp. Ri3Pt_4404,"",bacteria,false,,,,0.11486064761649224,1,,,100.0,75.0,10^-38.6685,,,,,,,,,,,,,,,,,,0
1327635,1,13687,Sphingomonas psychrotolerans,"",bacteria,false,,,,0.11486064761649224,1,,,93.421,76.0,10^-32.4871,,,,,,,,,,,,,,,,,,0
340655,1,13687,Sphingomonas sp. P15,"",bacteria,false,,,,0.22972129523298448,2,,,97.4105,76.5,10^-36.9445,,,,,,,,,,,,,,,,,,0
185951,1,13687,Sphingomonas aerolata,"",bacteria,false,,,,0.11486064761649224,1,,,100.0,75.0,10^-38.6685,,,,,,,,,,,,,,,,,,0
152682,1,13687,Sphingomonas melonis,"",bacteria,false,,,,0.22972129523298448,2,,,98.052,76.0,10^-37.2904,,,,,,,,,,,,,,,,,,0
13689,1,13687,Sphingomonas paucimobilis,"",bacteria,false,,,,0.11486064761649224,1,,,100.0,76.0,10^-39.3489,,,,,,,,,,,,,,,,,,0
13685,2,13685,Solenopsis,"",eukaryota,false,,,,,,,,,,,,,,,,0.11486064761649224,1,,,96.0,25.0,10^-6.61798,,,,,[13686],0
13686,1,13685,Solenopsis invicta,red fire ant,eukaryota,false,,,,,,,,,,,,,,,,0.11486064761649224,1,,,96.0,25.0,10^-6.61798,,,,,,0
13578,2,13578,Juncus,rushes,eukaryota,false,,,,,,,,,,,,,,,,0.11486064761649224,1,,,83.3,18.0,10^-3.09044,,,,,[13579],0
13579,1,13578,Juncus effusus,"",eukaryota,false,,,,,,,,,,,,,,,,0.11486064761649224,1,,,83.3,18.0,10^-3.09044,,,,,,0
13492,2,13492,Diospyros,"",eukaryota,false,,,,,,,,,,,,,,,,0.11486064761649224,1,,,92.0,25.0,10^-3.21467,,,,,[55363],0
55363,1,13492,Diospyros lotus,"",eukaryota,false,,,,,,,,,,,,,,,,0.11486064761649224,1,,,92.0,25.0,10^-3.21467,,,,,,0
13426,2,13426,Cichorium,"",eukaryota,false,,,,,,,,,,,,,,,,0.45944259046596897,4,,,90.95,24.5,10^-6.37254,,,,,"[114280, 13427]",0
114280,1,13426,Cichorium endivia,"",eukaryota,false,,,,,,,,,,,,,,,,0.22972129523298448,2,,,93.9,24.5,10^-7.91418,,,,,,0
13427,1,13426,Cichorium intybus,chicory,eukaryota,false,,,,,,,,,,,,,,,,0.22972129523298448,2,,,88.0,24.5,10^-4.83089,,,,,,0
13390,2,13390,Camponotus,carpenter ants,eukaryota,false,,,,,,,,,,,,,,,,0.34458194284947674,3,,,92.9667,22.6667,10^-6.42838,,,,,[104421],0
104421,1,13390,Camponotus floridanus,Florida carpenter ant,eukaryota,false,,,,,,,,,,,,,,,,0.34458194284947674,3,,,92.9667,22.6667,10^-6.42838,,,,,,0
13346,2,13346,Armadillidium,"",eukaryota,false,,,,,,,,,,,,,,,,0.5743032380824612,5,,,97.16,23.0,10^-6.33319,,,,,"[96803, 13347]",0
96803,1,13346,Armadillidium nasatum,"",eukaryota,false,,,,,,,,,,,,,,,,0.34458194284947674,3,,,97.2333,24.6667,10^-6.55127,,,,,,0
13347,1,13346,Armadillidium vulgare,common pillbug,eukaryota,false,,,,,,,,,,,,,,,,0.22972129523298448,2,,,97.05,20.5,10^-6.00607,,,,,,0
13203,2,13203,Phlebotomus,"",eukaryota,false,,,,1.4931884190143991,13,,,88.9663,58.9231,10^-18.2536,,,,,,4.479565257043197,39,,,95.9256,24.4615,10^-5.81217,,,,,"[59273, 29031]",0
59273,1,13203,Phlebotomus bergeroti,"",eukaryota,false,,,,,,,,,,,,,,,,0.11486064761649224,1,,,96.0,25.0,10^-5.98716,,,,,,0
29031,1,13203,Phlebotomus papatasi,"",eukaryota,false,,,,1.4931884190143991,13,,,88.9663,58.9231,10^-18.2536,,,,,,4.364704609426705,38,,,95.9237,24.4474,10^-5.80757,,,,,,0
13190,2,13190,Pectinophora,"",eukaryota,false,,,,0.45944259046596897,4,,,91.9955,37.5,10^-9.12059,,,,,,0.22972129523298448,2,,,92.3,24.0,10^-3.934,,,,,[13191],0
13191,1,13190,Pectinophora gossypiella,pink bollworm,eukaryota,false,,,,0.45944259046596897,4,,,91.9955,37.5,10^-9.12059,,,,,,0.22972129523298448,2,,,92.3,24.0,10^-3.934,,,,,,0
13163,2,13163,Myzus,"",eukaryota,false,,,,,,,,,,,,,,,,0.34458194284947674,3,,,100.0,23.6667,10^-5.54979,,,,,[13164],0
13164,1,13163,Myzus persicae,green peach aphid,eukaryota,false,,,,,,,,,,,,,,,,0.34458194284947674,3,,,100.0,23.6667,10^-5.54979,,,,,,0
13134,2,13134,Magnetospirillum,"",bacteria,false,,,,,,,,,,,,,,,,0.22972129523298448,2,,,89.75,24.5,10^-6.75926,,,,,"[2681465, 55518]",0
2681465,1,13134,Magnetospirillum sp. SS-4,"",bacteria,false,,,,,,,,,,,,,,,,0.11486064761649224,1,,,92.0,25.0,10^-7.06753,,,,,,0
55518,1,13134,Magnetospirillum gryphiswaldense,"",bacteria,false,,,,,,,,,,,,,,,,0.11486064761649224,1,,,87.5,24.0,10^-6.451,,,,,,0
13130,2,13130,Macrosiphum,"",eukaryota,false,,,,,,,,,,,,,,,,0.11486064761649224,1,,,88.0,25.0,10^-5.39254,,,,,[13131],0
13131,1,13130,Macrosiphum euphorbiae,potato aphid,eukaryota,false,,,,,,,,,,,,,,,,0.11486064761649224,1,,,88.0,25.0,10^-5.39254,,,,,,0
13036,2,13036,Danaus,"",eukaryota,false,,,,0.22972129523298448,2,,,92.132,59.5,10^-20.5984,,,,,,1.378327771397907,12,,,95.8833,24.3333,10^-6.38961,,,,,"[151541, 13037]",0
151541,1,13036,Danaus chrysippus,African queen,eukaryota,false,,,,,,,,,,,,,,,,0.34458194284947674,3,,,100.0,24.6667,10^-7.34876,,,,,,0
13037,1,13036,Danaus plexippus,monarch butterfly,eukaryota,false,,,,0.22972129523298448,2,,,92.132,59.5,10^-20.5984,,,,,,1.0337458285484302,9,,,94.5111,24.2222,10^-6.0699,,,,,,0
12989,2,12989,Carpinus,"",eukaryota,false,,,,,,,,,,,,,,,,0.34458194284947674,3,,,89.1667,24.6667,10^-5.26473,,,,,[176857],0
176857,1,12989,Carpinus fangiana,"",eukaryota,false,,,,,,,,,,,,,,,,0.34458194284947674,3,,,89.1667,24.6667,10^-5.26473,,,,,,0
12956,2,12956,Atta,leaf cutting ants,eukaryota,false,,,,0.11486064761649224,1,,,97.5,40.0,10^-13.5526,,,,,,0.11486064761649224,1,,,100.0,24.0,10^-8.03763,,,,,[520822],0
520822,1,12956,Atta colombica,"",eukaryota,false,,,,0.11486064761649224,1,,,97.5,40.0,10^-13.5526,,,,,,0.11486064761649224,1,,,100.0,24.0,10^-8.03763,,,,,,0
12137,2,12137,Sobemovirus,"",viruses,false,,,,,,,,,,,,,,,,14699.061657425362,127973,2,127973,51.6928,315.953,10^-112.469,,,,,"[2170576, 1340805]",0
2170576,1,12137,Medway virus,"",viruses,false,,,,,,,,,,,,,,,,10574.875244107592,92067,1,92067,53.158,380.0,10^-138.629,,,,,,0
1340805,1,12137,Bat sobemovirus,"",viruses,false,,,,,,,,,,,,,,,,4124.1864133177705,35906,1,35906,48.125,160.0,10^-48.7721,,,,,,0
11019,2,11019,Alphavirus,arboviruses group A,viruses,false,,,,0.22972129523298448,2,,,93.639,39.0,10^-10.8195,,,,,,,,,,,,,,,,,"[37124, 11029]",2
37124,1,11019,Chikungunya virus,"",viruses,false,,,,0.11486064761649224,1,,,94.595,37.0,10^-10.1556,,,,,,,,,,,,,,,,,,1
11029,1,11019,Ross River virus,"",viruses,false,,,,0.11486064761649224,1,,,92.683,41.0,10^-11.4834,,,,,,,,,,,,,,,,,,1
11007,2,11007,Totivirus,"",viruses,false,,,,0.11486064761649224,1,,,97.5,40.0,10^-13.5526,,,,,,0.22972129523298448,2,,,90.9,20.5,10^-3.62504,,,,,[2970625],0
2970625,1,11007,Hanko totivirus 4,"",viruses,false,,,,0.11486064761649224,1,,,97.5,40.0,10^-13.5526,,,,,,0.22972129523298448,2,,,90.9,20.5,10^-3.62504,,,,,,0
7571,2,7571,Lingula,"",eukaryota,false,,,,,,,,,,,,,,,,0.11486064761649224,1,,,100.0,25.0,10^-9.23958,,,,,[7574],0
7574,1,7571,Lingula anatina,"",eukaryota,false,,,,,,,,,,,,,,,,0.11486064761649224,1,,,100.0,25.0,10^-9.23958,,,,,,0
7538,2,7538,Leptinotarsa,"",eukaryota,false,,,,,,,,,,,,,,,,0.34458194284947674,3,,,90.6667,25.0,10^-6.08754,,,,,[7539],0
7539,1,7538,Leptinotarsa decemlineata,Colorado potato beetle,eukaryota,false,,,,,,,,,,,,,,,,0.34458194284947674,3,,,90.6667,25.0,10^-6.08754,,,,,,0
7521,2,7521,Chrysoperla,"",eukaryota,false,,,,0.22972129523298448,2,,,89.7165,39.0,10^-8.76092,,,,,,1.0337458285484302,9,,,94.5556,24.4444,10^-6.26488,,,,,[189513],0
189513,1,7521,Chrysoperla carnea,"",eukaryota,false,,,,0.22972129523298448,2,,,89.7165,39.0,10^-8.76092,,,,,,1.0337458285484302,9,,,94.5556,24.4444,10^-6.26488,,,,,,0
7514,2,7514,Ctenocephalides,"",eukaryota,false,,,,0.22972129523298448,2,,,91.3,46.0,10^-13.4921,,,,,,1.6080490666308913,14,,,93.2714,23.9286,10^-5.35253,,,,,[7515],0
7515,1,7514,Ctenocephalides felis,cat flea,eukaryota,false,,,,0.22972129523298448,2,,,91.3,46.0,10^-13.4921,,,,,,1.6080490666308913,14,,,93.2714,23.9286,10^-5.35253,,,,,,0
7502,2,7502,Zootermopsis,"",eukaryota,false,,,,0.11486064761649224,1,,,89.831,59.0,10^-19.5595,,,,,,2.1823523047133526,19,1,12,76.9469,67.6842,10^-20.9592,,,,,[136037],0
136037,1,7502,Zootermopsis nevadensis,"",eukaryota,false,,,,0.11486064761649224,1,,,89.831,59.0,10^-19.5595,,,,,,2.1823523047133526,19,1,12,76.9469,67.6842,10^-20.9592,,,,,,0
7490,2,7490,Trichogramma,"",eukaryota,false,,,,0.22972129523298448,2,,,95.3305,58.5,10^-24.0336,,,,,,0.8040245333154457,7,,,89.1143,23.8571,10^-4.87955,,,,,"[86971, 7493]",0
86971,1,7490,Trichogramma brassicae,"",eukaryota,false,,,,,,,,,,,,,,,,0.45944259046596897,4,,,82.0,24.0,10^-4.44713,,,,,,0
7493,1,7490,Trichogramma pretiosum,"",eukaryota,false,,,,0.22972129523298448,2,,,95.3305,58.5,10^-24.0336,,,,,,0.34458194284947674,3,,,98.6,23.6667,10^-5.4561,,,,,,0
7482,2,7482,Lasius,"",eukaryota,false,,,,0.11486064761649224,1,,,89.062,64.0,10^-21.5828,,,,,,1.2634671237814146,11,,,84.9455,24.2727,10^-5.37244,,,,,"[231986, 67767]",0
231986,1,7482,Lasius fuliginosus,"",eukaryota,false,,,,0.11486064761649224,1,,,89.062,64.0,10^-21.5828,,,,,,,,,,,,,,,,,,0
67767,1,7482,Lasius niger,"",eukaryota,false,,,,,,,,,,,,,,,,1.2634671237814146,11,,,84.9455,24.2727,10^-5.37244,,,,,,0
7459,2,7459,Apis,"",eukaryota,false,,,,0.22972129523298448,2,,,91.392,51.0,10^-16.2042,,,,,,1.0337458285484302,9,,,99.5333,24.3333,10^-6.6985,,,,,"[7463, 7462, 7461, 7460]",0
7463,1,7459,Apis florea,little honeybee,eukaryota,false,,,,,,,,,,,,,,,,0.11486064761649224,1,,,100.0,24.0,10^-6.63827,,,,,,0
7462,1,7459,Apis dorsata,giant honeybee,eukaryota,false,,,,0.11486064761649224,1,,,92.308,39.0,10^-10.1327,,,,,,0.11486064761649224,1,,,95.8,24.0,10^-7.15552,,,,,,0
7461,1,7459,Apis cerana,Asiatic honeybee,eukaryota,false,,,,,,,,,,,,,,,,0.45944259046596897,4,,,100.0,24.5,10^-6.99014,,,,,,0
7460,1,7459,Apis mellifera,honey bee,eukaryota,false,,,,0.11486064761649224,1,,,90.476,63.0,10^-22.2758,,,,,,0.34458194284947674,3,,,100.0,24.3333,10^-6.17737,,,,,,0
7456,2,7456,Polistes,"",eukaryota,false,,,,,,,,,,,,,,,,0.9188851809319379,8,,,95.4,24.375,10^-5.9912,,,,,"[743375, 91411, 30207]",0
743375,1,7456,Polistes dominula,European paper wasp,eukaryota,false,,,,,,,,,,,,,,,,0.45944259046596897,4,,,94.8,23.75,10^-6.06651,,,,,,0
91411,1,7456,Polistes canadensis,"",eukaryota,false,,,,,,,,,,,,,,,,0.34458194284947674,3,,,94.6667,25.0,10^-5.8672,,,,,,0
30207,1,7456,Polistes fuscatus,common paper wasp,eukaryota,false,,,,,,,,,,,,,,,,0.11486064761649224,1,,,100.0,25.0,10^-6.06198,,,,,,0
7451,2,7451,Vespula,"",eukaryota,false,,,,0.5743032380824612,5,,,83.779,38.2,10^-5.20121,,,,,,0.22972129523298448,2,,,100.0,25.0,10^-6.68759,,,,,[7454],0
7454,1,7451,Vespula vulgaris,"",eukaryota,false,,,,0.5743032380824612,5,,,83.779,38.2,10^-5.20121,,,,,,0.22972129523298448,2,,,100.0,25.0,10^-6.68759,,,,,,0
7443,2,7443,Vespa,"",eukaryota,false,,,,0.11486064761649224,1,,,89.474,57.0,10^-18.2021,,,,,,0.22972129523298448,2,,,100.0,24.0,10^-7.09363,,,,,"[202808, 7446]",0
202808,1,7443,Vespa velutina,"",eukaryota,false,,,,,,,,,,,,,,,,0.11486064761649224,1,,,100.0,24.0,10^-7.02549,,,,,,0
7446,1,7443,Vespa mandarinia,Asian giant hornet,eukaryota,false,,,,0.11486064761649224,1,,,89.474,57.0,10^-18.2021,,,,,,0.11486064761649224,1,,,100.0,24.0,10^-7.16178,,,,,,0
7440,2,7440,Dolichovespula,"",eukaryota,false,,,,0.34458194284947674,3,,,92.834,44.0,10^-13.0567,,,,,,,,,,,,,,,,,[85443],0
85443,1,7440,Dolichovespula saxonica,"",eukaryota,false,,,,0.34458194284947674,3,,,92.834,44.0,10^-13.0567,,,,,,,,,,,,,,,,,,0
7424,2,7424,Nasonia,"",eukaryota,false,,,,0.45944259046596897,4,,,90.931,54.75,10^-17.7168,,,,,,0.45944259046596897,4,,,98.0,24.0,10^-6.55807,,,,,[7425],0
7425,1,7424,Nasonia vitripennis,jewel wasp,eukaryota,false,,,,0.45944259046596897,4,,,90.931,54.75,10^-17.7168,,,,,,0.45944259046596897,4,,,98.0,24.0,10^-6.55807,,,,,,0
7415,2,7415,Campoletis,"",eukaryota,false,,,,0.22972129523298448,2,,,86.9875,42.5,10^-9.06614,,,,,,,,,,,,,,,,,[2922060],0
2922060,1,7415,Campoletis raptor,"",eukaryota,false,,,,0.22972129523298448,2,,,86.9875,42.5,10^-9.06614,,,,,,,,,,,,,,,,,,0
7405,2,7405,Chelonus,"",eukaryota,false,,,,,,,,,,,,,,,,0.8040245333154457,7,,,96.4714,24.1429,10^-5.69145,,,,,[460826],0
460826,1,7405,Chelonus insularis,"",eukaryota,false,,,,,,,,,,,,,,,,0.8040245333154457,7,,,96.4714,24.1429,10^-5.69145,,,,,,0
7393,2,7393,Glossina,tsetse flies,eukaryota,false,,,,,,,,,,,,,,,,2.297212952329845,20,,,95.305,24.5,10^-5.80837,,,,,[7396],0
7396,1,7393,Glossina fuscipes,"",eukaryota,false,,,,,,,,,,,,,,,,2.297212952329845,20,,,95.305,24.5,10^-5.80837,,,,,,0
7384,2,7384,Sarcophaga,"",eukaryota,false,,,,0.5743032380824612,5,,,93.391,51.8,10^-18.2534,,,,,,1.0337458285484302,9,,,97.2778,23.8889,10^-5.69765,,,,,"[1206372, 226135, 7385]",0
1206372,1,7384,Sarcophaga rosellei,"",eukaryota,false,,,,0.45944259046596897,4,,,95.1042,51.75,10^-19.457,,,,,,,,,,,,,,,,,,0
226135,1,7384,Sarcophaga carnaria,camouflaged flesh fly,eukaryota,false,,,,0.11486064761649224,1,,,86.538,52.0,10^-13.4387,,,,,,,,,,,,,,,,,,0
7385,1,7384,Sarcophaga bullata,grey fleshfly,eukaryota,false,,,,,,,,,,,,,,,,1.0337458285484302,9,,,97.2778,23.8889,10^-5.69765,,,,,,0
7374,2,7374,Lucilia,"",eukaryota,false,,,,0.6891638856989535,6,,,94.055,44.5,10^-14.0856,,,,,,7.580802742688488,66,,,98.3727,24.2121,10^-5.84851,,,,,"[13632, 7375]",0
13632,1,7374,Lucilia sericata,common green bottle fly,eukaryota,false,,,,0.34458194284947674,3,,,95.323,43.6667,10^-14.2131,,,,,,1.0337458285484302,9,,,99.0778,23.8889,10^-5.87548,,,,,,0
7375,1,7374,Lucilia cuprina,Australian sheep blowfly,eukaryota,false,,,,0.34458194284947674,3,,,92.787,45.3333,10^-13.9581,,,,,,6.547056914140057,57,,,98.2614,24.2632,10^-5.84425,,,,,,0
7369,2,7369,Musca,"",eukaryota,false,,,,2.0674916570968604,18,1,8,87.335,155.5,10^-38.004,,,,,,1.6080490666308913,14,,,96.7429,23.8571,10^-6.2343,,,,,[7370],0
7370,1,7369,Musca domestica,house fly,eukaryota,false,,,,2.0674916570968604,18,1,8,87.335,155.5,10^-38.004,,,,,,1.6080490666308913,14,,,96.7429,23.8571,10^-6.2343,,,,,,0
7354,2,7354,Scaptodrosophila,"",eukaryota,false,,,,0.5743032380824612,5,,,90.7412,57.0,10^-19.0311,,,,,,0.5743032380824612,5,,,99.1,24.2,10^-4.77689,,,,,[7225],0
7225,1,7354,Scaptodrosophila lebanonensis,"",eukaryota,false,,,,0.5743032380824612,5,,,90.7412,57.0,10^-19.0311,,,,,,0.5743032380824612,5,,,99.1,24.2,10^-4.77689,,,,,,0
7324,2,7324,Hirtodrosophila,"",eukaryota,false,,,,0.34458194284947674,3,,,89.455,61.3333,10^-20.2333,,,,,,,,,,,,,,,,,[1262473],0
1262473,1,7324,Hirtodrosophila cameraria,"",eukaryota,false,,,,0.34458194284947674,3,,,89.455,61.3333,10^-20.2333,,,,,,,,,,,,,,,,,,0
7296,2,7296,Zaprionus,"",eukaryota,false,,,,4.939007847509166,43,1,43,93.103,58.0,10^-12.8097,,,,,,0.5743032380824612,5,,,91.74,24.8,10^-6.34235,,,,,"[309927, 7297]",0
309927,1,7296,Zaprionus bogoriensis,"",eukaryota,false,,,,,,,,,,,,,,,,0.5743032380824612,5,,,91.74,24.8,10^-6.34235,,,,,,0
7297,1,7296,Zaprionus tuberculatus,"",eukaryota,false,,,,4.939007847509166,43,1,43,93.103,58.0,10^-12.8097,,,,,,,,,,,,,,,,,,0
7292,2,7292,Chymomyza,"",eukaryota,false,,,,0.11486064761649224,1,,,95.082,61.0,10^-25.0345,,,,,,,,,,,,,,,,,[1692350],0
1692350,1,7292,Chymomyza fuscimana,"",eukaryota,false,,,,0.11486064761649224,1,,,95.082,61.0,10^-25.0345,,,,,,,,,,,,,,,,,,0
7215,2,7215,Drosophila,fruit flies,eukaryota,false,,,,79.59842879822912,693,6,340,89.3353,73.8124,10^-18.7593,,,,,,38.24859565629192,333,3,53,92.1957,42.1982,10^-13.1413,,,,,"[2848635, 2848634, 1870889, 1867034, 1486046, 1041015, 426742, 244254, 198719, 198718, 193234, 129105, 125945, 111875, 103775, 88886, 77129, 73156, 65964, 47315, 47314, 46829, 42062, 42026, 30044, 30033, 30025, 30023, 30019, 29030, 29029, 28584, 7291, 7283, 7282, 7274, 7266, 7263, 7260, 7250, 7248, 7245, 7244, 7243, 7241, 7240, 7238, 7237, 7234, 7232, 7230, 7229, 7227, 7226, 7224, 7222, 7221, 7220, 7217]",0
2848635,1,7215,Drosophila setifemur,"",eukaryota,false,,,,,,,,,,,,,,,,0.45944259046596897,4,,,94.875,24.5,10^-5.64301,,,,,,0
2848634,1,7215,Drosophila ironensis,"",eukaryota,false,,,,,,,,,,,,,,,,0.8040245333154457,7,,,98.2857,24.4286,10^-6.20177,,,,,,0
1870889,1,7215,Drosophila unipectinata,"",eukaryota,false,,,,0.11486064761649224,1,,,87.273,55.0,10^-15.4729,,,,,,,,,,,,,,,,,,0
1867034,1,7215,Drosophila pandora,"",eukaryota,false,,,,,,,,,,,,,,,,0.45944259046596897,4,,,99.0,24.75,10^-5.51717,,,,,,0
1486046,1,7215,Drosophila subpulchrella,"",eukaryota,false,,,,1.378327771397907,12,,,91.5307,58.9167,10^-20.3166,,,,,,0.6891638856989535,6,,,100.0,23.0,10^-4.96685,,,,,,0
1041015,1,7215,Drosophila rhopaloa,"",eukaryota,false,,,,1.1486064761649224,10,,,92.1245,51.5,10^-17.0861,,,,,,0.45944259046596897,4,,,97.0,24.5,10^-5.92964,,,,,,0
426742,1,7215,Drosophila dianensis,"",eukaryota,false,,,,0.11486064761649224,1,,,85.897,78.0,10^-25.6139,,,,,,,,,,,,,,,,,,0
244254,1,7215,Drosophila bunnanda,"",eukaryota,false,,,,,,,,,,,,,,,,0.34458194284947674,3,,,95.8333,24.3333,10^-5.89417,,,,,,0
198719,1,7215,Drosophila innubila,"",eukaryota,false,,,,0.5743032380824612,5,,,91.75,52.6,10^-17.1428,,,,,,0.45944259046596897,4,,,99.0,24.5,10^-6.48825,,,,,,0
198718,1,7215,Drosophila histrio,"",eukaryota,false,,,,1.4931884190143991,13,1,6,89.5478,70.0,10^-18.9368,,,,,,,,,,,,,,,,,,0
193234,1,7215,Drosophila pseudotakahashii,"",eukaryota,false,,,,,,,,,,,,,,,,0.6891638856989535,6,,,94.5167,24.0,10^-6.03356,,,,,,0
129105,1,7215,Drosophila santomea,"",eukaryota,false,,,,0.6891638856989535,6,,,91.4655,67.5,10^-25.5663,,,,,,0.34458194284947674,3,,,95.8333,23.0,10^-4.57723,,,,,,0
125945,1,7215,Drosophila biarmipes,"",eukaryota,false,,,,1.952631009480368,17,,,90.9225,62.2353,10^-21.924,,,,,,0.6891638856989535,6,,,98.0,24.6667,10^-5.91138,,,,,,0
111875,1,7215,Drosophila jambulina,"",eukaryota,false,,,,,,,,,,,,,,,,0.34458194284947674,3,,,94.4333,24.3333,10^-5.89287,,,,,,0
103775,1,7215,Drosophila gunungcola,fruit fly,eukaryota,false,,,,3.1012374856452904,27,1,17,85.6141,150.852,10^-33.6164,,,,,,0.34458194284947674,3,,,100.0,22.6667,10^-4.75667,,,,,,0
88886,1,7215,Drosophila sulfurigaster,"",eukaryota,false,,,,,,,,,,,,,,,,0.11486064761649224,1,,,96.0,25.0,10^-7.43415,,,,,,0
77129,1,7215,Drosophila helvetica,"",eukaryota,false,,,,,,,,,,,,,,,,0.11486064761649224,1,,,96.0,25.0,10^-7.19586,,,,,,0
73156,1,7215,Drosophila lucipennis,"",eukaryota,false,,,,,,,,,,,,,,,,0.11486064761649224,1,,,100.0,25.0,10^-7.97062,,,,,,0
65964,1,7215,Drosophila pseudoananassae,"",eukaryota,false,,,,0.11486064761649224,1,,,97.619,42.0,10^-14.9038,,,,,,0.45944259046596897,4,,,98.95,24.75,10^-5.5349,,,,,,0
47315,1,7215,Drosophila auraria,"",eukaryota,false,,,,,,,,,,,,,,,,0.11486064761649224,1,,,100.0,25.0,10^-5.66154,,,,,,0
47314,1,7215,Drosophila novamexicana,"",eukaryota,false,,,,0.6891638856989535,6,,,93.7005,57.1667,10^-21.2933,,,,,,0.5743032380824612,5,,,98.34,24.0,10^-6.0082,,,,,,0
46829,1,7215,Drosophila birchii,"",eukaryota,false,,,,,,,,,,,,,,,,0.45944259046596897,4,,,92.675,24.0,10^-4.63044,,,,,,0
42062,1,7215,Drosophila nasuta,"",eukaryota,false,,,,,,,,,,,,,,,,0.11486064761649224,1,,,100.0,24.0,10^-6.52288,,,,,,0
42026,1,7215,Drosophila bipectinata,"",eukaryota,false,,,,2.6417948951793218,23,,,91.1566,61.3478,10^-21.6453,,,,,,1.1486064761649224,10,,,98.75,24.2,10^-5.73109,,,,,,0
30044,1,7215,Drosophila rubida,"",eukaryota,false,,,,,,,,,,,,,,,,0.11486064761649224,1,,,100.0,24.0,10^-6.36151,,,,,,0
30033,1,7215,Drosophila kikkawai,"",eukaryota,false,,,,1.8377703618638759,16,,,88.7521,61.125,10^-19.7291,,,,,,1.4931884190143991,13,,,95.7462,24.3077,10^-5.56597,,,,,,0
30025,1,7215,Drosophila ficusphila,"",eukaryota,false,,,,36.18110399919506,315,2,299,88.5528,76.2317,10^-14.894,,,,,,0.6891638856989535,6,,,97.9333,24.5,10^-6.27857,,,,,,0
30023,1,7215,Drosophila elegans,"",eukaryota,false,,,,1.2634671237814146,11,,,89.5294,66.6364,10^-22.7622,,,,,,0.11486064761649224,1,,,91.7,24.0,10^-6.53018,,,,,,0
30019,1,7215,Drosophila busckii,"",eukaryota,false,,,,1.952631009480368,17,1,11,85.9634,99.7059,10^-20.6671,,,,,,1.2634671237814146,11,,,98.1,24.3636,10^-6.68463,,,,,,0
29030,1,7215,Drosophila takahashii,"",eukaryota,false,,,,1.4931884190143991,13,,,90.5185,59.8462,10^-20.2496,,,,,,0.22972129523298448,2,,,91.9,24.5,10^-5.07418,,,,,,0
29029,1,7215,Drosophila eugracilis,"",eukaryota,false,,,,1.2634671237814146,11,,,89.743,62.7273,10^-21.4704,,,,,,0.11486064761649224,1,,,100.0,25.0,10^-8.5376,,,,,,0
28584,1,7215,Drosophila suzukii,"",eukaryota,false,,,,1.2634671237814146,11,,,91.8033,51.2727,10^-16.0794,,,,,,0.34458194284947674,3,,,98.6,24.0,10^-6.30811,,,,,,0
7291,1,7215,Drosophila albomicans,"",eukaryota,false,,,,1.2634671237814146,11,,,90.6325,59.2727,10^-19.8846,,,,,,0.9188851809319379,8,,,97.4,24.375,10^-6.31207,,,,,,0
7283,1,7215,Drosophila phalerata,"",eukaryota,false,,,,0.34458194284947674,3,,,92.0423,51.6667,10^-16.8784,,,,,,,,,,,,,,,,,,0
7282,1,7215,Drosophila obscura,"",eukaryota,false,,,,0.6891638856989535,6,,,90.3202,64.1667,10^-22.3974,,,,,,1.2634671237814146,11,,,96.2545,24.2727,10^-5.86458,,,,,,0
7274,1,7215,Drosophila serrata,"",eukaryota,false,,,,1.6080490666308913,14,,,89.8412,64.0,10^-22.1797,,,,,,1.1486064761649224,10,,,97.91,24.3,10^-6.03053,,,,,,0
7266,1,7215,Drosophila guanche,"",eukaryota,false,,,,1.378327771397907,12,1,7,84.0376,156.417,10^-35.1274,,,,,,0.5743032380824612,5,,,98.36,24.4,10^-5.94945,,,,,,0
7263,1,7215,Drosophila arizonae,"",eukaryota,false,,,,0.34458194284947674,3,,,90.353,64.6667,10^-23.4113,,,,,,,,,,,,,,,,,,0
7260,1,7215,Drosophila willistoni,"",eukaryota,false,,,,0.6891638856989535,6,,,92.645,57.8333,10^-20.1625,,,,,,8.499687923620426,74,3,53,75.2831,104.892,10^-38.6217,,,,,,0
7250,1,7215,Drosophila immigrans,"",eukaryota,false,,,,,,,,,,,,,,,,0.6891638856989535,6,,,96.6333,24.5,10^-5.78994,,,,,,0
7248,1,7215,Drosophila athabasca,"",eukaryota,false,,,,,,,,,,,,,,,,0.11486064761649224,1,,,100.0,24.0,10^-6.64975,,,,,,0
7245,1,7215,Drosophila yakuba,"",eukaryota,false,,,,0.5743032380824612,5,,,90.9462,62.4,10^-21.8823,,,,,,0.22972129523298448,2,,,95.85,24.5,10^-5.98185,,,,,,0
7244,1,7215,Drosophila virilis,"",eukaryota,false,,,,0.5743032380824612,5,,,87.668,68.8,10^-22.6568,,,,,,1.378327771397907,12,,,98.5833,24.3333,10^-5.73588,,,,,,0
7243,1,7215,Drosophila teissieri,"",eukaryota,false,,,,0.9188851809319379,8,,,91.1588,59.25,10^-20.5969,,,,,,0.34458194284947674,3,,,100.0,23.3333,10^-4.83799,,,,,,0
7241,1,7215,Drosophila subobscura,"",eukaryota,false,,,,0.5743032380824612,5,,,92.3174,58.4,10^-20.27,,,,,,0.9188851809319379,8,,,98.2125,24.125,10^-5.68993,,,,,,0
7240,1,7215,Drosophila simulans,"",eukaryota,false,,,,2.1823523047133526,19,,,92.268,58.2105,10^-20.7679,,,,,,0.6891638856989535,6,,,93.0,23.6667,10^-5.53733,,,,,,0
7238,1,7215,Drosophila sechellia,"",eukaryota,false,,,,0.11486064761649224,1,,,90.476,42.0,10^-10.7867,,,,,,0.34458194284947674,3,,,100.0,24.3333,10^-5.96802,,,,,,0
7237,1,7215,Drosophila pseudoobscura,"",eukaryota,false,,,,0.9188851809319379,8,,,90.6154,60.375,10^-20.6763,,,,,,0.6891638856989535,6,,,96.6333,24.3333,10^-4.95115,,,,,,0
7234,1,7215,Drosophila persimilis,"",eukaryota,false,,,,0.8040245333154457,7,,,91.6184,55.5714,10^-18.2299,,,,,,0.9188851809319379,8,,,97.85,24.125,10^-6.34348,,,,,,0
7232,1,7215,Drosophila navojoa,"",eukaryota,false,,,,0.6891638856989535,6,,,90.7042,66.5,10^-24.8942,,,,,,1.1486064761649224,10,,,96.27,24.5,10^-5.4359,,,,,,0
7230,1,7215,Drosophila mojavensis,"",eukaryota,false,,,,0.5743032380824612,5,,,91.3668,60.6,10^-21.753,,,,,,0.34458194284947674,3,,,97.3333,24.6667,10^-5.62147,,,,,,0
7229,1,7215,Drosophila miranda,"",eukaryota,false,,,,0.6891638856989535,6,,,89.5503,54.1667,10^-16.5198,,,,,,0.45944259046596897,4,,,90.825,24.75,10^-5.83335,,,,,,0
7227,1,7215,Drosophila melanogaster,fruit fly,eukaryota,false,,,,1.952631009480368,17,,,89.8467,62.5294,10^-21.0769,,,,,,2.1823523047133526,19,,,94.0316,24.5789,10^-5.61694,,,,,,0
7226,1,7215,Drosophila mauritiana,"",eukaryota,false,,,,0.11486064761649224,1,,,94.0,50.0,10^-17.5728,,,,,,0.11486064761649224,1,,,100.0,25.0,10^-5.7986,,,,,,0
7224,1,7215,Drosophila hydei,"",eukaryota,false,,,,0.22972129523298448,2,,,90.6965,56.0,10^-18.2184,,,,,,0.22972129523298448,2,,,95.45,23.0,10^-5.34775,,,,,,0
7222,1,7215,Drosophila grimshawi,"",eukaryota,false,,,,0.6891638856989535,6,,,91.7698,57.0,10^-19.3608,,,,,,0.34458194284947674,3,,,98.6667,24.6667,10^-7.5225,,,,,,0
7221,1,7215,Drosophila funebris,"",eukaryota,false,,,,0.6891638856989535,6,,,93.7145,56.8333,10^-21.0759,,,,,,,,,,,,,,,,,,0
7220,1,7215,Drosophila erecta,"",eukaryota,false,,,,1.0337458285484302,9,,,89.2674,65.3333,10^-22.497,,,,,,0.45944259046596897,4,,,99.0,24.5,10^-6.3806,,,,,,0
7217,1,7215,Drosophila ananassae,"",eukaryota,false,,,,0.6891638856989535,6,,,89.6255,61.6667,10^-20.6936,,,,,,0.5743032380824612,5,,,98.34,24.6,10^-6.78177,,,,,,0
7212,2,7212,Ceratitis,"",eukaryota,false,,,,0.22972129523298448,2,,,85.7455,65.0,10^-19.5238,,,,,,2.756655542795814,24,,,97.2542,24.4167,10^-6.20935,,,,,[7213],0
7213,1,7212,Ceratitis capitata,Mediterranean fruit fly,eukaryota,false,,,,0.22972129523298448,2,,,85.7455,65.0,10^-19.5238,,,,,,2.756655542795814,24,,,97.2542,24.4167,10^-6.20935,,,,,,0
7208,2,7208,Loa,"",eukaryota,false,,,,8.959130514086395,78,1,72,97.6613,293.934,10^-139.903,,,,,,,,,,,,,,,,,[7209],1
7209,1,7208,Loa loa,African eye worm,eukaryota,false,,,,8.959130514086395,78,1,72,97.6613,293.934,10^-139.903,,,,,,,,,,,,,,,,,,1
7199,2,7199,Lutzomyia,"",eukaryota,false,,,,1.8377703618638759,16,,,92.6216,51.9375,10^-17.704,,,,,,4.479565257043197,39,,,95.0718,24.4615,10^-5.53821,,,,,[7200],0
7200,1,7199,Lutzomyia longipalpis,"",eukaryota,false,,,,1.8377703618638759,16,,,92.6216,51.9375,10^-17.704,,,,,,4.479565257043197,39,,,95.0718,24.4615,10^-5.53821,,,,,,0
7182,2,7182,Psorophora,"",eukaryota,false,,,,0.11486064761649224,1,,,96.0,75.0,10^-34.5514,,,,,,0.11486064761649224,1,,,96.0,25.0,10^-7.45842,,,,,"[2597062, 7183]",0
2597062,1,7182,Psorophora saeva,"",eukaryota,false,,,,,,,,,,,,,,,,0.11486064761649224,1,,,96.0,25.0,10^-7.45842,,,,,,0
7183,1,7182,Psorophora ferox,"",eukaryota,false,,,,0.11486064761649224,1,,,96.0,75.0,10^-34.5514,,,,,,,,,,,,,,,,,,0
7180,2,7180,Haemagogus,"",eukaryota,false,,,,0.45944259046596897,4,,,93.9995,71.5,10^-30.4579,,,,,,0.8040245333154457,7,1,6,97.5723,62.5714,10^-36.7054,,,,,"[1170321, 53526]",0
1170321,1,7180,Haemagogus leucocelaenus,"",eukaryota,false,,,,0.34458194284947674,3,,,94.1923,70.0,10^-29.7815,,,,,,,,,,,,,,,,,,0
53526,1,7180,Haemagogus equinus,"",eukaryota,false,,,,0.11486064761649224,1,,,93.421,76.0,10^-32.4871,,,,,,0.8040245333154457,7,1,6,97.5723,62.5714,10^-36.7054,,,,,,0
7174,2,7174,Culex,"",eukaryota,false,,,,199.74266620508,1739,14,242,90.1703,91.7062,10^-28.9788,,,,,,683.8802959085948,5954,39,2518,85.4452,47.745,10^-15.478,,,,,"[2912049, 561267, 549330, 526217, 7178, 7177, 7176, 7175]",0
2912049,1,7174,Culex sp.,"",eukaryota,false,,,,0.11486064761649224,1,,,100.0,52.0,10^-23.0453,,,,,,,,,,,,,,,,,,0
561267,1,7174,Culex theileri,"",eukaryota,false,,,,,,,,,,,,,,,,0.11486064761649224,1,,,100.0,24.0,10^-6.35556,,,,,,0
549330,1,7174,Culex maxi,"",eukaryota,false,,,,0.11486064761649224,1,,,100.0,58.0,10^-27.115,,,,,,,,,,,,,,,,,,0
526217,1,7174,Culex coronator,"",eukaryota,false,,,,,,,,,,,,,,,,0.11486064761649224,1,,,90.9,22.0,10^-4.83863,,,,,,0
7178,1,7174,Culex tritaeniorhynchus,"",eukaryota,false,,,,0.34458194284947674,3,,,89.544,66.6667,10^-22.939,,,,,,0.11486064761649224,1,,,100.0,25.0,10^-6.74715,,,,,,0
7177,1,7174,Culex tarsalis,"",eukaryota,false,,,,,,,,,,,,,,,,0.11486064761649224,1,,,91.7,24.0,10^-6.23359,,,,,,0
7176,1,7174,Culex quinquefasciatus,southern house mosquito,eukaryota,false,,,,98.43557500733385,857,11,214,89.4544,114.128,10^-33.77,,,,,,560.1753784256326,4877,37,2501,83.761,52.9428,10^-17.7454,,,,,,0
7175,1,7174,Culex pipiens,northern house mosquito,eukaryota,false,,,,100.7327879596637,877,3,28,90.8496,69.9647,10^-24.3264,,,,,,123.24547489249618,1073,2,17,92.8206,24.9553,10^-5.53264,,,,,,0
7164,2,7164,Anopheles,"",eukaryota,false,,,,201.81015786217688,1757,14,193,89.5528,75.8269,10^-22.9267,,,,,,284.85440608890076,2480,5,142,95.2751,26.2023,10^-7.14394,,,,,"[1521116, 1518534, 1496333, 1108003, 345580, 261159, 254294, 251639, 186751, 185578, 139047, 139045, 74873, 68878, 62324, 59160, 58253, 53711, 48725, 43151, 42839, 30069, 30066, 30065, 7173, 7168, 7167, 7165]",0
1521116,1,7164,Anopheles marshallii,"",eukaryota,false,,,,13.78327771397907,120,,,88.8048,66.7843,10^-22.4617,,,,,,8.384827276003934,73,,,95.7192,24.2877,10^-5.64193,,,,,,0
1518534,1,7164,Anopheles coluzzii,"",eukaryota,false,,,,5.857893028441104,51,1,6,89.9826,81.6471,10^-25.0322,,,,,,9.648294399785348,84,,,95.5429,24.4286,10^-5.7555,,,,,,0
1496333,1,7164,Anopheles maculipalpis,"",eukaryota,false,,,,14.8170235425275,129,2,13,87.4822,81.381,10^-23.0895,,,,,,10.337458285484303,90,,,96.0678,24.4556,10^-5.96194,,,,,,0
1108003,1,7164,Anopheles pholidotus,"",eukaryota,false,,,,,,,,,,,,,,,,0.22972129523298448,2,,,100.0,23.5,10^-6.3354,,,,,,0
345580,1,7164,Anopheles ziemanni,"",eukaryota,false,,,,8.384827276003934,73,,,90.0527,62.4931,10^-21.3402,,,,,,3.2160981332617826,28,,,96.3429,24.2143,10^-5.26925,,,,,,0
261159,1,7164,Anopheles sineroides,"",eukaryota,false,,,,0.34458194284947674,3,,,95.2633,70.6667,10^-31.1489,,,,,,,,,,,,,,,,,,0
254294,1,7164,Anopheles belenrae,"",eukaryota,false,,,,0.11486064761649224,1,,,92.405,79.0,10^-33.1565,,,,,,,,,,,,,,,,,,0
251639,1,7164,Anopheles pullus,"",eukaryota,false,,,,,,,,,,,,,,,,0.11486064761649224,1,,,95.8,24.0,10^-5.68403,,,,,,0
186751,1,7164,Anopheles moucheti,mosquito,eukaryota,false,,,,7.580802742688488,66,1,9,89.7014,84.1212,10^-26.4466,,,,,,11.945507352115193,104,,,95.2673,24.375,10^-5.76585,,,,,,0
185578,1,7164,Anopheles nili,"",eukaryota,false,,,,11.371204114032732,99,1,12,90.4627,68.567,10^-21.8222,,,,,,16.999375847240852,148,,,94.2953,24.2297,10^-5.76328,,,,,,0
139047,1,7164,Anopheles bellator,"",eukaryota,false,,,,10.567179580717287,92,1,4,90.4576,62.2391,10^-21.2523,,,,,,17.688539732939805,154,,,94.9399,24.3203,10^-5.57533,,,,,,0
139045,1,7164,Anopheles coustani,"",eukaryota,false,,,,10.22259763786781,89,1,6,90.3702,64.4831,10^-21.6297,,,,,,19.870892037653157,173,,,96.1399,24.3179,10^-5.72773,,,,,,0
74873,1,7164,Anopheles sinensis,"",eukaryota,false,,,,0.22972129523298448,2,,,85.8135,73.5,10^-22.5522,,,,,,12.060367999731685,105,1,11,95.1905,28.9714,10^-9.42481,,,,,,0
68878,1,7164,Anopheles cruzii,mosquito,eukaryota,false,,,,16.999375847240852,148,,,90.603,61.927,10^-21.665,,,,,,14.472441599678023,126,,,95.8976,24.2778,10^-5.79039,,,,,,0
62324,1,7164,Anopheles funestus,African malaria mosquito,eukaryota,false,,,,9.18885180931938,80,1,8,89.7648,78.4625,10^-23.7677,,,,,,19.641170742420172,171,,,95.1181,24.2047,10^-5.68391,,,,,,0
59160,1,7164,Anopheles subpictus,"",eukaryota,false,,,,,,,,,,,,,,,,0.11486064761649224,1,,,91.7,24.0,10^-5.89279,,,,,,0
58253,1,7164,Anopheles triannulatus,"",eukaryota,false,,,,,,,,,,,,,,,,0.22972129523298448,2,,,100.0,24.0,10^-4.68068,,,,,,0
53711,1,7164,Anopheles strodei,"",eukaryota,false,,,,,,,,,,,,,,,,0.11486064761649224,1,,,92.0,25.0,10^-5.46344,,,,,,0
48725,1,7164,Anopheles baimaii,"",eukaryota,false,,,,,,,,,,,,,,,,1.1486064761649224,10,,,96.68,24.3,10^-5.74513,,,,,,0
43151,1,7164,Anopheles darlingi,"",eukaryota,false,,,,8.614548571236918,75,,,90.0582,59.7867,10^-19.8504,,,,,,46.059119694213386,401,1,103,94.1309,31.6259,10^-11.1235,,,,,,0
42839,1,7164,Anopheles aquasalis,"",eukaryota,false,,,,26.647670247026202,232,2,23,89.6048,66.9868,10^-19.2082,,,,,,14.702162894911007,128,,,96.1142,24.3386,10^-5.74523,,,,,,0
30069,1,7164,Anopheles stephensi,Asian malaria mosquito,eukaryota,false,,,,24.12073599946337,210,3,90,86.99,131.967,10^-30.6494,,,,,,23.316711466147925,203,1,12,96.3347,26.901,10^-7.85027,,,,,,0
30066,1,7164,Anopheles merus,"",eukaryota,false,,,,6.776778209373043,59,,,89.9309,65.8305,10^-23.1144,,,,,,13.553556418746085,118,,,94.617,24.3136,10^-5.64844,,,,,,0
30065,1,7164,Anopheles koliensis,"",eukaryota,false,,,,,,,,,,,,,,,,0.11486064761649224,1,,,100.0,23.0,10^-5.37675,,,,,,0
7173,1,7164,Anopheles arabiensis,"",eukaryota,false,,,,5.743032380824612,50,,,90.5871,61.96,10^-21.6626,,,,,,14.472441599678023,126,,,96.7992,24.2698,10^-5.94515,,,,,,0
7168,1,7164,Anopheles dirus,"",eukaryota,false,,,,,,,,,,,,,,,,0.11486064761649224,1,,,91.7,24.0,10^-7.10902,,,,,,0
7167,1,7164,Anopheles albimanus,"",eukaryota,false,,,,10.107736990251317,88,,,90.9296,64.1591,10^-23.0265,,,,,,20.674916570968605,180,1,12,96.128,27.5778,10^-8.47772,,,,,,0
7165,1,7164,Anopheles gambiae,African malaria mosquito,eukaryota,false,,,,10.337458285484303,90,1,22,90.6775,63.4,10^-20.2009,,,,,,5.62817173320812,49,1,4,88.9738,27.6327,10^-6.16088,,,,,,0
7158,2,7158,Aedes,"",eukaryota,false,,,,24035.9688415224,209262,184,199208,91.1564,750.473,10^-32.6721,,,,,,20775.419637633033,180875,528,162330,95.5754,54.9671,10^-27.239,,,,,"[2067460, 1769045, 1665014, 1397682, 586676, 508665, 450822, 373844, 317808, 299627, 188700, 140438, 120874, 55967, 37951, 28624, 7163, 7160, 7159]",0
2067460,1,7158,Aedes sudanensis,"",eukaryota,false,,,,0.34458194284947674,3,,,100.0,50.0,10^-21.69,,,,,,,,,,,,,,,,,,0
1769045,1,7158,Aedes lilii,"",eukaryota,false,,,,0.22972129523298448,2,,,86.7545,75.5,10^-25.285,,,,,,,,,,,,,,,,,,0
1665014,1,7158,Aedes sp. BOLD:ACG8854,"",eukaryota,false,,,,,,,,,,,,,,,,0.11486064761649224,1,,,84.0,25.0,10^-3.23882,,,,,,0
1397682,1,7158,Aedes bromeliae,"",eukaryota,false,,,,0.9188851809319379,8,,,91.9391,61.375,10^-22.3803,,,,,,0.22972129523298448,2,,,98.0,23.5,10^-4.00854,,,,,,0
586676,1,7158,Aedes koreicus,"",eukaryota,false,,,,0.6891638856989535,6,,,97.1695,54.1667,10^-22.0147,,,,,,0.34458194284947674,3,,,95.8333,24.0,10^-5.49482,,,,,,0
508665,1,7158,Aedes notoscriptus,"",eukaryota,false,,,,,,,,,,,,,,,,0.22972129523298448,2,,,94.0,24.5,10^-5.82748,,,,,,0
450822,1,7158,Aedes ochraceus,"",eukaryota,false,,,,0.11486064761649224,1,,,98.684,76.0,10^-37.9766,,,,,,,,,,,,,,,,,,0
373844,1,7158,Aedes nipponicus,"",eukaryota,false,,,,0.11486064761649224,1,,,94.737,76.0,10^-33.8595,,,,,,,,,,,,,,,,,,0
317808,1,7158,Aedes vittatus,"",eukaryota,false,,,,0.22972129523298448,2,,,100.0,45.0,10^-18.3065,,,,,,,,,,,,,,,,,,0
299627,1,7158,Aedes furcifer,"",eukaryota,false,,,,0.11486064761649224,1,,,100.0,76.0,10^-39.3489,,,,,,,,,,,,,,,,,,0
188700,1,7158,Aedes polynesiensis,"",eukaryota,false,,,,0.11486064761649224,1,,,87.671,73.0,10^-24.9565,,,,,,0.22972129523298448,2,,,91.85,24.5,10^-5.66496,,,,,,0
140438,1,7158,Aedes japonicus,"",eukaryota,false,,,,0.11486064761649224,1,,,100.0,40.0,10^-14.925,,,,,,0.11486064761649224,1,,,91.7,24.0,10^-4.5784,,,,,,0
120874,1,7158,Aedes geniculatus,"",eukaryota,false,,,,0.6891638856989535,6,,,98.4235,57.0,10^-24.8425,,,,,,,,,,,,,,,,,,0
55967,1,7158,Aedes togoi,"",eukaryota,false,,,,0.22972129523298448,2,,,90.0,75.0,10^-28.3757,,,,,,,,,,,,,,,,,,0
37951,1,7158,Aedes sp.,"",eukaryota,false,,,,4.479565257043197,39,,,98.071,75.7179,10^-37.1512,,,,,,,,,,,,,,,,,,0
28624,1,7158,Aedes atropalpus,rock-pool mosquito,eukaryota,false,,,,0.6891638856989535,6,,,96.7425,59.0,10^-24.5999,,,,,,1.4931884190143991,13,,,86.1846,24.4615,10^-4.76157,,,,,,0
7163,1,7158,Aedes vexans,"",eukaryota,false,,,,0.34458194284947674,3,,,95.5907,75.6667,10^-34.5476,,,,,,,,,,,,,,,,,,0
7160,1,7158,Aedes albopictus,Asian tiger mosquito,eukaryota,false,,,,21670.18408256551,188665,124,182300,91.4698,877.995,10^-34.5646,,,,,,19170.242087192557,166900,249,156887,96.668,52.3939,10^-26.4721,,,,,,0
7159,1,7158,Aedes aegypti,yellow fever mosquito,eukaryota,false,,,,2356.3661858523383,20515,60,16908,89.498,91.632,10^-22.8511,,,,,,1602.4208948976832,13951,279,5443,89.8058,68.633,10^-31.3346,,,,,,0
7150,2,7150,Chironomus,"",eukaryota,false,,,,0.45944259046596897,4,,,89.6365,62.75,10^-21.421,,,,,,2.526934247562829,22,,,96.1227,24.4091,10^-5.98231,,,,,"[315576, 7156]",0
315576,1,7150,Chironomus riparius,"",eukaryota,false,,,,0.45944259046596897,4,,,89.6365,62.75,10^-21.421,,,,,,2.412073599946337,21,,,95.9381,24.4762,10^-5.93692,,,,,,0
7156,1,7150,Chironomus piger,"",eukaryota,false,,,,,,,,,,,,,,,,0.11486064761649224,1,,,100.0,23.0,10^-6.93554,,,,,,0
7145,2,7145,Papilio,"",eukaryota,false,,,,0.22972129523298448,2,,,94.1295,42.0,10^-12.8454,,,,,,2.1823523047133526,19,,,96.3316,24.4737,10^-5.91335,,,,,"[76194, 76193, 66420]",0
76194,1,7145,Papilio polytes,common Mormon,eukaryota,false,,,,0.11486064761649224,1,,,90.698,43.0,10^-11.4627,,,,,,0.11486064761649224,1,,,91.7,24.0,10^-7.18376,,,,,,0
76193,1,7145,Papilio machaon,common yellow swallowtail,eukaryota,false,,,,,,,,,,,,,,,,1.0337458285484302,9,,,94.0889,24.5556,10^-4.98475,,,,,,0
66420,1,7145,Papilio xuthus,Asian swallowtail,eukaryota,false,,,,0.11486064761649224,1,,,97.561,41.0,10^-14.2281,,,,,,1.0337458285484302,9,,,99.0889,24.4444,10^-6.70078,,,,,,0
7140,2,7140,Choristoneura,"",eukaryota,false,,,,,,,,,,,,,,,,1.1486064761649224,10,,,99.6,24.3,10^-5.82501,,,,,[7141],0
7141,1,7140,Choristoneura fumiferana,eastern spruce budworm,eukaryota,false,,,,,,,,,,,,,,,,1.1486064761649224,10,,,99.6,24.3,10^-5.82501,,,,,,0
7136,2,7136,Galleria,"",eukaryota,false,,,,0.11486064761649224,1,,,90.0,50.0,10^-14.8281,,,,,,,,,,,,,,,,,[7137],0
7137,1,7136,Galleria mellonella,greater wax moth,eukaryota,false,,,,0.11486064761649224,1,,,90.0,50.0,10^-14.8281,,,,,,,,,,,,,,,,,,0
7129,2,7129,Manduca,"",eukaryota,false,,,,0.45944259046596897,4,,,88.9753,58.75,10^-18.3699,,,,,,1.4931884190143991,13,,,96.7923,23.6154,10^-5.53041,,,,,[7130],0
7130,1,7129,Manduca sexta,tobacco hornworm,eukaryota,false,,,,0.45944259046596897,4,,,88.9753,58.75,10^-18.3699,,,,,,1.4931884190143991,13,,,96.7923,23.6154,10^-5.53041,,,,,,0
7115,2,7115,Pieris,"",eukaryota,false,,,,,,,,,,,,,,,,0.5743032380824612,5,,,95.12,24.4,10^-5.67998,,,,,"[64459, 7116]",0
64459,1,7115,Pieris rapae,cabbage white,eukaryota,false,,,,,,,,,,,,,,,,0.11486064761649224,1,,,100.0,25.0,10^-6.74232,,,,,,0
7116,1,7115,Pieris brassicae,large cabbage white,eukaryota,false,,,,,,,,,,,,,,,,0.45944259046596897,4,,,93.9,24.25,10^-5.41439,,,,,,0
7112,2,7112,Helicoverpa,"",eukaryota,false,,,,0.45944259046596897,4,,,90.0545,65.75,10^-23.1303,,,,,,0.6891638856989535,6,,,87.6,24.3333,10^-5.40331,,,,,"[29058, 7113]",0
29058,1,7112,Helicoverpa armigera,cotton bollworm,eukaryota,false,,,,0.45944259046596897,4,,,90.0545,65.75,10^-23.1303,,,,,,0.34458194284947674,3,,,87.3667,24.0,10^-5.44811,,,,,,0
7113,1,7112,Helicoverpa zea,corn earworm,eukaryota,false,,,,,,,,,,,,,,,,0.34458194284947674,3,,,87.8333,24.6667,10^-5.35852,,,,,,0
7110,2,7110,Trichoplusia,"",eukaryota,false,,,,0.22972129523298448,2,,,93.75,54.0,10^-18.9374,,,,,,,,,,,,,,,,,[7111],0
7111,1,7110,Trichoplusia ni,cabbage looper,eukaryota,false,,,,0.22972129523298448,2,,,93.75,54.0,10^-18.9374,,,,,,,,,,,,,,,,,,0
7106,2,7106,Spodoptera,"",eukaryota,false,,,,0.6891638856989535,6,,,88.8295,60.0,10^-18.6511,,,,,,2.1823523047133526,19,,,94.5316,24.5789,10^-6.0647,,,,,"[69820, 7108, 7107]",0
69820,1,7106,Spodoptera litura,"",eukaryota,false,,,,0.22972129523298448,2,,,90.17,53.0,10^-16.1933,,,,,,0.22972129523298448,2,,,89.15,24.0,10^-6.9215,,,,,,0
7108,1,7106,Spodoptera frugiperda,fall armyworm,eukaryota,false,,,,0.34458194284947674,3,,,90.7913,59.3333,10^-20.2521,,,,,,0.6891638856989535,6,,,91.8333,24.6667,10^-6.06224,,,,,,0
7107,1,7106,Spodoptera exigua,beet armyworm,eukaryota,false,,,,0.11486064761649224,1,,,80.263,76.0,10^-18.7634,,,,,,1.2634671237814146,11,,,96.9818,24.6364,10^-5.91026,,,,,,0
7090,2,7090,Bombyx,"",eukaryota,false,,,,0.45944259046596897,4,,,87.365,63.25,10^-20.0479,,,,,,0.45944259046596897,4,,,88.825,24.5,10^-6.05773,,,,,"[7092, 7091]",0
7092,1,7090,Bombyx mandarina,wild silkworm,eukaryota,false,,,,0.34458194284947674,3,,,86.857,63.3333,10^-19.7627,,,,,,0.11486064761649224,1,,,96.0,25.0,10^-9.90658,,,,,,0
7091,1,7090,Bombyx mori,domestic silkworm,eukaryota,false,,,,0.11486064761649224,1,,,88.889,63.0,10^-20.9034,,,,,,0.34458194284947674,3,,,86.4333,24.3333,10^-4.77478,,,,,,0
7086,2,7086,Geotrupes,"",eukaryota,false,,,,0.34458194284947674,3,,,95.174,50.6667,10^-18.0492,,,,,,,,,,,,,,,,,[295525],0
295525,1,7086,Geotrupes spiniger,"",eukaryota,false,,,,0.34458194284947674,3,,,95.174,50.6667,10^-18.0492,,,,,,,,,,,,,,,,,,0
7083,2,7083,Adalia,"",eukaryota,false,,,,0.11486064761649224,1,,,87.719,57.0,10^-16.8298,,,,,,,,,,,,,,,,,[7084],0
7084,1,7083,Adalia bipunctata,two-spotted ladybird beetle,eukaryota,false,,,,0.11486064761649224,1,,,87.719,57.0,10^-16.8298,,,,,,,,,,,,,,,,,,0
7073,2,7073,Zophobas,"",eukaryota,false,,,,,,,,,,,,,,,,0.34458194284947674,3,,,91.7667,24.3333,10^-6.13161,,,,,[2755281],0
2755281,1,7073,Zophobas morio,"",eukaryota,false,,,,,,,,,,,,,,,,0.34458194284947674,3,,,91.7667,24.3333,10^-6.13161,,,,,,0
7069,2,7069,Tribolium,"",eukaryota,false,,,,0.9188851809319379,8,,,89.4023,56.875,10^-17.7872,,,,,,1.1486064761649224,10,,,94.68,24.4,10^-5.84404,,,,,"[41895, 7072, 7070]",0
41895,1,7069,Tribolium madens,black flour beetle,eukaryota,false,,,,0.45944259046596897,4,,,90.2555,53.25,10^-16.7035,,,,,,0.45944259046596897,4,,,94.95,24.5,10^-7.01709,,,,,,0
7072,1,7069,Tribolium freemani,"",eukaryota,false,,,,0.11486064761649224,1,,,84.211,76.0,10^-22.8805,,,,,,,,,,,,,,,,,,0
7070,1,7069,Tribolium castaneum,red flour beetle,eukaryota,false,,,,0.34458194284947674,3,,,89.995,55.3333,10^-17.5342,,,,,,0.6891638856989535,6,,,94.5,24.3333,10^-5.06201,,,,,,0
7066,2,7066,Tenebrio,"",eukaryota,false,,,,,,,,,,,,,,,,2.1823523047133526,19,,,95.0579,24.5263,10^-5.82598,,,,,[7067],0
7067,1,7066,Tenebrio molitor,yellow mealworm,eukaryota,false,,,,,,,,,,,,,,,,2.1823523047133526,19,,,95.0579,24.5263,10^-5.82598,,,,,,0
7053,2,7053,Photinus,"",eukaryota,false,,,,0.11486064761649224,1,,,90.476,42.0,10^-10.7867,,,,,,0.9188851809319379,8,,,93.3125,24.125,10^-5.26475,,,,,[7054],0
7054,1,7053,Photinus pyralis,common eastern firefly,eukaryota,false,,,,0.11486064761649224,1,,,90.476,42.0,10^-10.7867,,,,,,0.9188851809319379,8,,,93.3125,24.125,10^-5.26475,,,,,,0
7045,2,7045,Sitophilus,"",eukaryota,false,,,,0.22972129523298448,2,,,83.543,72.5,10^-20.4998,,,,,,0.5743032380824612,5,,,96.7,24.4,10^-5.84721,,,,,[7048],0
7048,1,7045,Sitophilus oryzae,rice weevil,eukaryota,false,,,,0.22972129523298448,2,,,83.543,72.5,10^-20.4998,,,,,,0.5743032380824612,5,,,96.7,24.4,10^-5.84721,,,,,,0
7043,2,7043,Anthonomus,"",eukaryota,false,,,,0.11486064761649224,1,,,88.525,61.0,10^-19.545,,,,,,0.22972129523298448,2,,,100.0,24.5,10^-5.28259,,,,,[7044],0
7044,1,7043,Anthonomus grandis,boll weevil,eukaryota,false,,,,0.11486064761649224,1,,,88.525,61.0,10^-19.545,,,,,,0.22972129523298448,2,,,100.0,24.5,10^-5.28259,,,,,,0
7037,2,7037,Bemisia,"",eukaryota,false,,,,0.5743032380824612,5,,,92.1916,57.4,10^-20.9557,,,,,,0.6891638856989535,6,,,97.8667,23.8333,10^-5.04327,,,,,[7038],0
7038,1,7037,Bemisia tabaci,"",eukaryota,false,,,,0.5743032380824612,5,,,92.1916,57.4,10^-20.9557,,,,,,0.6891638856989535,6,,,97.8667,23.8333,10^-5.04327,,,,,,0
7028,2,7028,Acyrthosiphon,"",eukaryota,false,,,,,,,,,,,,,,,,0.22972129523298448,2,,,100.0,24.5,10^-6.37156,,,,,[7029],0
7029,1,7028,Acyrthosiphon pisum,pea aphid,eukaryota,false,,,,,,,,,,,,,,,,0.22972129523298448,2,,,100.0,24.5,10^-6.37156,,,,,,0
7008,2,7008,Schistocerca,"",eukaryota,false,,,,2.297212952329845,20,,,91.8138,54.05,10^-18.3331,,,,,,1.1486064761649224,10,,,97.91,23.6,10^-6.19738,,,,,"[2023354, 274614, 274613, 7011, 7010, 7009]",0
2023354,1,7008,Schistocerca serialis,"",eukaryota,false,,,,0.6891638856989535,6,,,91.7862,54.8333,10^-18.7922,,,,,,0.11486064761649224,1,,,100.0,24.0,10^-3.77728,,,,,,0
274614,1,7008,Schistocerca cancellata,South American locust,eukaryota,false,,,,,,,,,,,,,,,,0.22972129523298448,2,,,100.0,24.5,10^-7.1041,,,,,,0
274613,1,7008,Schistocerca piceifrons,Central American locust,eukaryota,false,,,,1.1486064761649224,10,,,91.8699,55.4,10^-19.1755,,,,,,0.11486064761649224,1,,,95.7,23.0,10^-5.98297,,,,,,0
7011,1,7008,Schistocerca nitens,vagrant locust,eukaryota,false,,,,0.22972129523298448,2,,,90.186,62.0,10^-21.6079,,,,,,,,,,,,,,,,,,0
7010,1,7008,Schistocerca gregaria,"",eukaryota,false,,,,0.11486064761649224,1,,,94.595,37.0,10^-10.1556,,,,,,0.45944259046596897,4,,,100.0,23.0,10^-6.19606,,,,,,0
7009,1,7008,Schistocerca americana,American grasshopper,eukaryota,false,,,,0.11486064761649224,1,,,91.892,37.0,10^-8.78321,,,,,,0.22972129523298448,2,,,91.7,24.0,10^-6.61056,,,,,,0
6998,2,6998,Gryllus,"",eukaryota,false,,,,,,,,,,,,,,,,1.6080490666308913,14,,,88.3857,24.2143,10^-6.27296,,,,,[6999],0
6999,1,6998,Gryllus bimaculatus,two-spotted cricket,eukaryota,false,,,,,,,,,,,,,,,,1.6080490666308913,14,,,88.3857,24.2143,10^-6.27296,,,,,,0
6983,2,6983,Diploptera,"",eukaryota,false,,,,,,,,,,,,,,,,0.34458194284947674,3,,,94.6667,25.0,10^-6.06826,,,,,[6984],0
6984,1,6983,Diploptera punctata,Pacific beetle cockroach,eukaryota,false,,,,,,,,,,,,,,,,0.34458194284947674,3,,,94.6667,25.0,10^-6.06826,,,,,,0
6977,2,6977,Periplaneta,"",eukaryota,false,,,,,,,,,,,,,,,,1.7229097142473837,15,,,90.5867,20.9333,10^-3.91245,,,,,[6978],0
6978,1,6977,Periplaneta americana,American cockroach,eukaryota,false,,,,,,,,,,,,,,,,1.7229097142473837,15,,,90.5867,20.9333,10^-3.91245,,,,,,0
6972,2,6972,Blattella,"",eukaryota,false,,,,,,,,,,,,,,,,0.8040245333154457,7,,,98.2571,23.5714,10^-6.23419,,,,,[6973],0
6973,1,6972,Blattella germanica,German cockroach,eukaryota,false,,,,,,,,,,,,,,,,0.8040245333154457,7,,,98.2571,23.5714,10^-6.23419,,,,,,0
6953,2,6953,Dermatophagoides,"",eukaryota,false,,,,0.11486064761649224,1,,,81.132,53.0,10^-9.99951,,,,,,0.45944259046596897,4,,,100.0,23.75,10^-6.87081,,,,,"[6956, 6954]",0
6956,1,6953,Dermatophagoides pteronyssinus,European house dust mite,eukaryota,false,,,,0.11486064761649224,1,,,81.132,53.0,10^-9.99951,,,,,,0.11486064761649224,1,,,100.0,25.0,10^-8.78516,,,,,,0
6954,1,6953,Dermatophagoides farinae,American house dust mite,eukaryota,false,,,,,,,,,,,,,,,,0.34458194284947674,3,,,100.0,23.3333,10^-6.23269,,,,,,0
6944,2,6944,Ixodes,"",eukaryota,false,,,,0.34458194284947674,3,,,93.7963,43.6667,10^-13.2918,,,,,,0.45944259046596897,4,,,98.0,24.5,10^-5.52296,,,,,"[34615, 6945]",0
34615,1,6944,Ixodes persulcatus,taiga tick,eukaryota,false,,,,,,,,,,,,,,,,0.11486064761649224,1,,,92.0,25.0,10^-4.7122,,,,,,0
6945,1,6944,Ixodes scapularis,black-legged tick,eukaryota,false,,,,0.34458194284947674,3,,,93.7963,43.6667,10^-13.2918,,,,,,0.34458194284947674,3,,,100.0,24.3333,10^-5.79321,,,,,,0
6942,2,6942,Amblyomma,"",eukaryota,false,,,,0.11486064761649224,1,,,97.436,39.0,10^-12.8775,,,,,,,,,,,,,,,,,[34610],0
34610,1,6942,Amblyomma variegatum,tropical bont tick,eukaryota,false,,,,0.11486064761649224,1,,,97.436,39.0,10^-12.8775,,,,,,,,,,,,,,,,,,0
6914,2,6914,Nephila,"",eukaryota,false,,,,,,,,,,,,,,,,0.34458194284947674,3,,,87.7667,21.3333,10^-3.15625,,,,,[299642],0
299642,1,6914,Nephila pilipes,giant wood spider,eukaryota,false,,,,,,,,,,,,,,,,0.34458194284947674,3,,,87.7667,21.3333,10^-3.15625,,,,,,0
6896,2,6896,Aphonopelma,"",eukaryota,false,,,,,,,,,,,,,,,,0.11486064761649224,1,,,100.0,25.0,10^-7.32148,,,,,[6899],0
6899,1,6896,Aphonopelma chalcodes,"",eukaryota,false,,,,,,,,,,,,,,,,0.11486064761649224,1,,,100.0,25.0,10^-7.32148,,,,,,0
6875,2,6875,Centruroides,"",eukaryota,false,,,,,,,,,,,,,,,,0.34458194284947674,3,,,85.2333,24.6667,10^-5.40719,,,,,[218467],0
218467,1,6875,Centruroides sculpturatus,bark scorpion,eukaryota,false,,,,,,,,,,,,,,,,0.34458194284947674,3,,,85.2333,24.6667,10^-5.40719,,,,,,0
6857,2,6857,Androctonus,"",eukaryota,false,,,,,,,,,,,,,,,,0.11486064761649224,1,,,100.0,24.0,10^-8.5376,,,,,[122909],0
122909,1,6857,Androctonus crassicauda,"",eukaryota,false,,,,,,,,,,,,,,,,0.11486064761649224,1,,,100.0,24.0,10^-8.5376,,,,,,0
6849,2,6849,Limulus,"",eukaryota,false,,,,0.11486064761649224,1,,,87.5,56.0,10^-16.1513,,,,,,0.45944259046596897,4,,,96.95,24.25,10^-6.85912,,,,,[6850],0
6850,1,6849,Limulus polyphemus,Atlantic horseshoe crab,eukaryota,false,,,,0.11486064761649224,1,,,87.5,56.0,10^-16.1513,,,,,,0.45944259046596897,4,,,96.95,24.25,10^-6.85912,,,,,,0
6831,2,6831,Tigriopus,"",eukaryota,false,,,,,,,,,,,,,,,,0.22972129523298448,2,,,98.0,25.0,10^-6.55091,,,,,[6832],0
6832,1,6831,Tigriopus californicus,"",eukaryota,false,,,,,,,,,,,,,,,,0.22972129523298448,2,,,98.0,25.0,10^-6.55091,,,,,,0
6726,2,6726,Procambarus,"",eukaryota,false,,,,0.22972129523298448,2,,,82.5285,53.5,10^-10.3602,,,,,,0.11486064761649224,1,,,84.0,25.0,10^-4.85387,,,,,[6728],0
6728,1,6726,Procambarus clarkii,red swamp crayfish,eukaryota,false,,,,0.22972129523298448,2,,,82.5285,53.5,10^-10.3602,,,,,,0.11486064761649224,1,,,84.0,25.0,10^-4.85387,,,,,,0
6722,2,6722,Cherax,"",eukaryota,false,,,,,,,,,,,,,,,,0.45944259046596897,4,,,95.875,24.25,10^-6.67247,,,,,[27406],0
27406,1,6722,Cherax quadricarinatus,"",eukaryota,false,,,,,,,,,,,,,,,,0.45944259046596897,4,,,95.875,24.25,10^-6.67247,,,,,,0
6705,2,6705,Homarus,"",eukaryota,false,,,,0.11486064761649224,1,,,92.105,76.0,10^-31.1147,,,,,,0.34458194284947674,3,,,92.7667,24.0,10^-6.45406,,,,,[6706],0
6706,1,6705,Homarus americanus,American lobster,eukaryota,false,,,,0.11486064761649224,1,,,92.105,76.0,10^-31.1147,,,,,,0.34458194284947674,3,,,92.7667,24.0,10^-6.45406,,,,,,0
6696,2,6696,Macrobrachium,"",eukaryota,false,,,,,,,,,,,,,,,,0.11486064761649224,1,,,96.0,25.0,10^-4.16622,,,,,[159736],0
159736,1,6696,Macrobrachium nipponense,"",eukaryota,false,,,,,,,,,,,,,,,,0.11486064761649224,1,,,96.0,25.0,10^-4.16622,,,,,,0
6668,2,6668,Daphnia,common water fleas,eukaryota,false,,,,0.5743032380824612,5,,,93.6476,50.0,10^-17.0384,,,,,,6.547056914140057,57,1,41,54.1858,107.404,10^-25.461,,,,,"[1820382, 120202, 35525, 27404, 6669]",0
1820382,1,6668,Daphnia sinensis,"",eukaryota,false,,,,,,,,,,,,,,,,0.11486064761649224,1,,,79.2,24.0,10^-3.1891,,,,,,0
120202,1,6668,Daphnia carinata,"",eukaryota,false,,,,0.22972129523298448,2,,,92.237,58.0,10^-20.2751,,,,,,,,,,,,,,,,,,0
35525,1,6668,Daphnia magna,"",eukaryota,false,,,,0.11486064761649224,1,,,94.0,50.0,10^-17.5728,,,,,,5.513311085591628,48,1,41,48.8081,123.021,10^-29.3233,,,,,,0
27404,1,6668,Daphnia galeata,"",eukaryota,false,,,,,,,,,,,,,,,,0.11486064761649224,1,,,84.0,25.0,10^-3.89963,,,,,,0
6669,1,6668,Daphnia pulex,common water flea,eukaryota,false,,,,0.22972129523298448,2,,,94.882,42.0,10^-13.5346,,,,,,0.8040245333154457,7,,,83.2286,24.0,10^-5.23872,,,,,,0
6660,2,6660,Artemia,brine shrimps,eukaryota,false,,,,,,,,,,,,,,,,0.11486064761649224,1,,,92.0,25.0,10^-6.05453,,,,,[6661],0
6661,1,6660,Artemia franciscana,"",eukaryota,false,,,,,,,,,,,,,,,,0.11486064761649224,1,,,92.0,25.0,10^-6.05453,,,,,,0
6643,2,6643,Octopus,"",eukaryota,false,,,,0.45944259046596897,4,,,92.1505,38.25,10^-9.62669,,,,,,0.22972129523298448,2,,,93.75,24.0,10^-5.8642,,,,,"[2607531, 37653, 6645]",0
2607531,1,6643,Octopus sinensis,East Asian common octopus,eukaryota,false,,,,,,,,,,,,,,,,0.11486064761649224,1,,,100.0,24.0,10^-6.74958,,,,,,0
37653,1,6643,Octopus bimaculoides,California two-spot octopus,eukaryota,false,,,,,,,,,,,,,,,,0.11486064761649224,1,,,87.5,24.0,10^-4.97881,,,,,,0
6645,1,6643,Octopus vulgaris,common octopus,eukaryota,false,,,,0.45944259046596897,4,,,92.1505,38.25,10^-9.62669,,,,,,,,,,,,,,,,,,0
6603,2,6603,Mya,"",eukaryota,false,,,,0.34458194284947674,3,,,89.094,40.6667,10^-9.43025,,,,,,0.5743032380824612,5,,,98.4,24.4,10^-5.32445,,,,,[6604],0
6604,1,6603,Mya arenaria,"",eukaryota,false,,,,0.34458194284947674,3,,,89.094,40.6667,10^-9.43025,,,,,,0.5743032380824612,5,,,98.4,24.4,10^-5.32445,,,,,,0
6582,2,6582,Spisula,"",eukaryota,false,,,,0.6891638856989535,6,,,87.9222,49.5,10^-13.3673,,,,,,,,,,,,,,,,,[31201],0
31201,1,6582,Spisula solida,"",eukaryota,false,,,,0.6891638856989535,6,,,87.9222,49.5,10^-13.3673,,,,,,,,,,,,,,,,,,0
6578,2,6578,Pecten,"",eukaryota,false,,,,0.11486064761649224,1,,,89.189,37.0,10^-7.41084,,,,,,,,,,,,,,,,,[6579],0
6579,1,6578,Pecten maximus,"",eukaryota,false,,,,0.11486064761649224,1,,,89.189,37.0,10^-7.41084,,,,,,,,,,,,,,,,,,0
6548,2,6548,Mytilus,"",eukaryota,false,,,,,,,,,,,,,,,,0.34458194284947674,3,,,100.0,24.0,10^-6.31769,,,,,"[42192, 6550, 6549]",0
42192,1,6548,Mytilus coruscus,"",eukaryota,false,,,,,,,,,,,,,,,,0.11486064761649224,1,,,100.0,24.0,10^-5.41567,,,,,,0
6550,1,6548,Mytilus edulis,"",eukaryota,false,,,,,,,,,,,,,,,,0.11486064761649224,1,,,100.0,24.0,10^-6.78781,,,,,,0
6549,1,6548,Mytilus californianus,California mussel,eukaryota,false,,,,,,,,,,,,,,,,0.11486064761649224,1,,,100.0,24.0,10^-6.74958,,,,,,0
6525,2,6525,Biomphalaria,"",eukaryota,false,,,,0.11486064761649224,1,,,88.136,59.0,10^-18.1872,,,,,,0.11486064761649224,1,,,100.0,25.0,10^-6.61083,,,,,[6526],0
6526,1,6525,Biomphalaria glabrata,"",eukaryota,false,,,,0.11486064761649224,1,,,88.136,59.0,10^-18.1872,,,,,,0.11486064761649224,1,,,100.0,25.0,10^-6.61083,,,,,,0
6499,2,6499,Aplysia,"",eukaryota,false,,,,0.11486064761649224,1,,,92.308,65.0,10^-25.0069,,,,,,0.34458194284947674,3,,,86.6,24.3333,10^-4.44692,,,,,[6500],0
6500,1,6499,Aplysia californica,California sea hare,eukaryota,false,,,,0.11486064761649224,1,,,92.308,65.0,10^-25.0069,,,,,,0.34458194284947674,3,,,86.6,24.3333,10^-4.44692,,,,,,0
6463,2,6463,Patella,"",eukaryota,false,,,,0.22972129523298448,2,,,90.1765,50.5,10^-15.1717,,,,,,,,,,,,,,,,,[88005],0
88005,1,6463,Patella pellucida,"",eukaryota,false,,,,0.22972129523298448,2,,,90.1765,50.5,10^-15.1717,,,,,,,,,,,,,,,,,,0
6452,2,6452,Haliotis,"",eukaryota,false,,,,0.34458194284947674,3,,,88.8057,58.0,10^-17.9817,,,,,,,,,,,,,,,,,[6454],0
6454,1,6452,Haliotis rufescens,red abalone,eukaryota,false,,,,0.34458194284947674,3,,,88.8057,58.0,10^-17.9817,,,,,,,,,,,,,,,,,,0
6423,2,6423,Lamellibrachia,"",eukaryota,false,,,,,,,,,,,,,,,,0.22972129523298448,2,,,93.85,24.5,10^-5.74091,,,,,[104711],0
104711,1,6423,Lamellibrachia satsuma,"",eukaryota,false,,,,,,,,,,,,,,,,0.22972129523298448,2,,,93.85,24.5,10^-5.74091,,,,,,0
6397,2,6397,Lumbricus,"",eukaryota,false,,,,1.6080490666308913,14,,,90.7005,41.1429,10^-10.2156,,,,,,,,,,,,,,,,,"[35632, 6398]",0
35632,1,6397,Lumbricus rubellus,humus earthworm,eukaryota,false,,,,0.22972129523298448,2,,,91.1745,39.5,10^-9.78441,,,,,,,,,,,,,,,,,,0
6398,1,6397,Lumbricus terrestris,common earthworm,eukaryota,false,,,,1.378327771397907,12,,,90.6215,41.4167,10^-10.2875,,,,,,,,,,,,,,,,,,0
6333,2,6333,Trichinella,"",eukaryota,false,,,,,,,,,,,,,,,,0.5743032380824612,5,,,93.12,24.0,10^-5.37187,,,,,"[92180, 6337, 6335, 6334]",3
92180,1,6333,Trichinella sp. T8,"",eukaryota,false,,,,,,,,,,,,,,,,0.11486064761649224,1,,,92.0,25.0,10^-5.53165,,,,,,0
6337,1,6333,Trichinella pseudospiralis,"",eukaryota,false,,,,,,,,,,,,,,,,0.11486064761649224,1,,,81.8,22.0,10^-4.08938,,,,,,1
6335,1,6333,Trichinella nativa,"",eukaryota,false,,,,,,,,,,,,,,,,0.22972129523298448,2,,,95.9,24.5,10^-5.53668,,,,,,1
6334,1,6333,Trichinella spiralis,"",eukaryota,false,,,,,,,,,,,,,,,,0.11486064761649224,1,,,100.0,24.0,10^-6.16494,,,,,,1
6324,2,6324,Bursaphelenchus,pine wood nematodes,eukaryota,false,,,,,,,,,,,,,,,,0.34458194284947674,3,,,85.7333,23.6667,10^-5.26716,,,,,"[465554, 6326]",0
465554,1,6324,Bursaphelenchus okinawaensis,"",eukaryota,false,,,,,,,,,,,,,,,,0.11486064761649224,1,,,73.9,23.0,10^-4.74232,,,,,,0
6326,1,6324,Bursaphelenchus xylophilus,pine wood nematode,eukaryota,false,,,,,,,,,,,,,,,,0.22972129523298448,2,,,91.65,24.0,10^-5.52958,,,,,,0
6292,2,6292,Wuchereria,"",eukaryota,false,,,,,,,,,,,,,,,,13.553556418746085,118,4,107,86.718,59.8898,10^-29.7671,,,,,[6293],1
6293,1,6292,Wuchereria bancrofti,"",eukaryota,false,,,,,,,,,,,,,,,,13.553556418746085,118,4,107,86.718,59.8898,10^-29.7671,,,,,,1
6286,2,6286,Dirofilaria,"",eukaryota,false,,,,0.6891638856989535,6,,,98.1993,70.0,10^-33.4393,,,,,,0.5743032380824612,5,,,95.925,23.75,10^-7.28648,,,,,"[31241, 6287]",2
31241,1,6286,Dirofilaria repens,"",eukaryota,false,,,,0.11486064761649224,1,,,100.0,76.0,10^-39.3489,,,,,,,,,,,,,,,,,,1
6287,1,6286,Dirofilaria immitis,dog heartworm nematode,eukaryota,false,,,,0.5743032380824612,5,,,97.8392,68.8,10^-32.2574,,,,,,0.5743032380824612,5,,,95.925,23.75,10^-7.28648,,,,,,1
6281,2,6281,Onchocerca,"",eukaryota,false,,,,0.45944259046596897,4,,,95.3685,68.0,10^-29.7961,,,,,,918.0811563986225,7993,1,7986,73.1523,267.76,10^-118.069,,,,,"[1904809, 42157, 6282]",1
1904809,1,6281,Onchocerca boehmi,"",eukaryota,false,,,,0.22972129523298448,2,,,98.026,76.0,10^-37.2904,,,,,,,,,,,,,,,,,,0
42157,1,6281,Onchocerca ochengi,"",eukaryota,false,,,,,,,,,,,,,,,,918.0811563986225,7993,1,7986,73.1523,267.76,10^-118.069,,,,,,0
6282,1,6281,Onchocerca volvulus,"",eukaryota,false,,,,0.22972129523298448,2,,,92.711,60.0,10^-22.3019,,,,,,,,,,,,,,,,,,1
6278,2,6278,Brugia,"",eukaryota,false,,,,0.34458194284947674,3,,,100.0,75.3333,10^-38.8953,,,,,,87.86839542661657,765,16,512,82.6429,208.8,10^-131.302,,,,,"[42155, 6280, 6279]",3
42155,1,6278,Brugia timori,"",eukaryota,false,,,,,,,,,,,,,,,,79.25384685537965,690,14,448,81.3062,228.638,10^-144.185,,,,,,1
6280,1,6278,Brugia pahangi,"",eukaryota,false,,,,0.34458194284947674,3,,,100.0,75.3333,10^-38.8953,,,,,,1.6080490666308913,14,1,10,94.5193,36.5714,10^-17.9413,,,,,,1
6279,1,6278,Brugia malayi,"",eukaryota,false,,,,,,,,,,,,,,,,7.006499504606027,61,1,54,93.7069,43.6667,10^-24.4095,,,,,,1
6276,2,6276,Acanthocheilonema,"",eukaryota,false,,,,,,,,,,,,,,,,0.11486064761649224,1,,,78.3,23.0,10^-3.51713,,,,,[6277],0
6277,1,6276,Acanthocheilonema viteae,"",eukaryota,false,,,,,,,,,,,,,,,,0.11486064761649224,1,,,78.3,23.0,10^-3.51713,,,,,,0
6268,2,6268,Anisakis,"",eukaryota,false,,,,,,,,,,,,,,,,1.6080490666308913,14,1,12,75.3986,43.7143,10^-12.6833,,,,,[6269],1
6269,1,6268,Anisakis simplex,herring worm,eukaryota,false,,,,,,,,,,,,,,,,1.6080490666308913,14,1,12,75.3986,43.7143,10^-12.6833,,,,,,1
6264,2,6264,Toxocara,"",eukaryota,false,,,,,,,,,,,,,,,,1.1486064761649224,10,,,86.3,23.7143,10^-4.19034,,,,,[6265],1
6265,1,6264,Toxocara canis,dog roundworm,eukaryota,false,,,,,,,,,,,,,,,,1.1486064761649224,10,,,86.3,23.7143,10^-4.19034,,,,,,1
6251,2,6251,Ascaris,"",eukaryota,false,,,,0.11486064761649224,1,,,100.0,76.0,10^-39.3489,,,,,,,,,,,,,,,,,[6252],1
6252,1,6251,Ascaris lumbricoides,common roundworm,eukaryota,false,,,,0.11486064761649224,1,,,100.0,76.0,10^-39.3489,,,,,,,,,,,,,,,,,,1
6247,2,6247,Strongyloides,"",eukaryota,false,,,,,,,,,,,,,,,,0.11486064761649224,1,,,100.0,25.0,10^-7.04479,,,,,[34506],0
34506,1,6247,Strongyloides ratti,"",eukaryota,false,,,,,,,,,,,,,,,,0.11486064761649224,1,,,100.0,25.0,10^-7.04479,,,,,,0
6237,2,6237,Caenorhabditis,"",eukaryota,false,,,,0.5743032380824612,5,,,88.9188,45.2,10^-11.0427,,,,,,0.34458194284947674,3,,,90.9,23.3333,10^-6.00269,,,,,"[1978547, 1611254, 6239, 6238]",0
1978547,1,6237,Caenorhabditis inopinata,"",eukaryota,false,,,,0.11486064761649224,1,,,91.667,36.0,10^-8.10892,,,,,,,,,,,,,,,,,,0
1611254,1,6237,Caenorhabditis nigoni,"",eukaryota,false,,,,0.11486064761649224,1,,,85.106,47.0,10^-10.0517,,,,,,,,,,,,,,,,,,0
6239,1,6237,Caenorhabditis elegans,"",eukaryota,false,,,,0.11486064761649224,1,,,83.824,68.0,10^-18.8117,,,,,,0.11486064761649224,1,,,100.0,24.0,10^-6.52578,,,,,,0
6238,1,6237,Caenorhabditis briggsae,"",eukaryota,false,,,,0.22972129523298448,2,,,91.9985,37.5,10^-9.12051,,,,,,0.22972129523298448,2,,,86.35,23.0,10^-5.74114,,,,,,0
6223,2,6223,Lineus,"",eukaryota,false,,,,0.11486064761649224,1,,,93.421,76.0,10^-32.4871,,,,,,,,,,,,,,,,,[88925],0
88925,1,6223,Lineus longissimus,"",eukaryota,false,,,,0.11486064761649224,1,,,93.421,76.0,10^-32.4871,,,,,,,,,,,,,,,,,,0
6215,2,6215,Hymenolepis,"",eukaryota,false,,,,0.11486064761649224,1,,,84.615,39.0,10^-6.01561,,,,,,0.11486064761649224,1,,,95.8,24.0,10^-5.6925,,,,,"[85433, 6216]",1
85433,1,6215,Hymenolepis microstoma,"",eukaryota,false,,,,0.11486064761649224,1,,,84.615,39.0,10^-6.01561,,,,,,,,,,,,,,,,,,0
6216,1,6215,Hymenolepis diminuta,"",eukaryota,false,,,,,,,,,,,,,,,,0.11486064761649224,1,,,95.8,24.0,10^-5.6925,,,,,,1
6209,2,6209,Echinococcus,"",eukaryota,false,,,,,,,,,,,,,,,,0.34458194284947674,3,,,83.6,24.6667,10^-4.32501,,,,,[6210],1
6210,1,6209,Echinococcus granulosus,"",eukaryota,false,,,,,,,,,,,,,,,,0.34458194284947674,3,,,83.6,24.6667,10^-4.32501,,,,,,1
6181,2,6181,Schistosoma,"",eukaryota,false,,,,0.22972129523298448,2,,,91.1165,44.5,10^-12.4851,,,,,,0.45944259046596897,4,,,85.725,24.0,10^-4.22693,,,,,"[31246, 6189, 6188, 6185]",1
31246,1,6181,Schistosoma mattheei,"",eukaryota,false,,,,,,,,,,,,,,,,0.11486064761649224,1,,,100.0,24.0,10^-5.43652,,,,,,0
6189,1,6181,Schistosoma spindale,"",eukaryota,false,,,,,,,,,,,,,,,,0.22972129523298448,2,,,73.6,24.5,10^-3.5593,,,,,,0
6188,1,6181,Schistosoma rodhaini,"",eukaryota,false,,,,0.11486064761649224,1,,,91.667,36.0,10^-8.10892,,,,,,0.11486064761649224,1,,,95.7,23.0,10^-4.35262,,,,,,0
6185,1,6181,Schistosoma haematobium,"",eukaryota,false,,,,0.11486064761649224,1,,,90.566,53.0,10^-16.8614,,,,,,,,,,,,,,,,,,1
6127,2,6127,Acropora,staghorn corals,eukaryota,false,,,,,,,,,,,,,,,,0.22972129523298448,2,,,100.0,24.5,10^-5.26941,,,,,"[70779, 45264]",0
70779,1,6127,Acropora digitifera,"",eukaryota,false,,,,,,,,,,,,,,,,0.11486064761649224,1,,,100.0,25.0,10^-7.02595,,,,,,0
45264,1,6127,Acropora millepora,"",eukaryota,false,,,,,,,,,,,,,,,,0.11486064761649224,1,,,100.0,24.0,10^-3.51286,,,,,,0
6046,2,6046,Geodia,"",eukaryota,false,,,,,,,,,,,,,,,,0.22972129523298448,2,,,100.0,23.5,10^-7.19632,,,,,[519541],0
519541,1,6046,Geodia barretti,"",eukaryota,false,,,,,,,,,,,,,,,,0.22972129523298448,2,,,100.0,23.5,10^-7.19632,,,,,,0
6033,2,6033,Encephalitozoon,"",eukaryota,false,,,,0.22972129523298448,2,,,94.737,38.0,10^-10.8302,,,,,,,,,,,,,,,,,[27973],1
27973,1,6033,Encephalitozoon hellem,"",eukaryota,false,,,,0.22972129523298448,2,,,94.737,38.0,10^-10.8302,,,,,,,,,,,,,,,,,,1
5948,2,5948,Stylonychia,"",eukaryota,false,,,,,,,,,,,,,,,,1.6080490666308913,14,,,85.3857,24.1429,10^-3.57233,,,,,[5949],0
5949,1,5948,Stylonychia lemnae,"",eukaryota,false,,,,,,,,,,,,,,,,1.6080490666308913,14,,,85.3857,24.1429,10^-3.57233,,,,,,0
5810,2,5810,Toxoplasma,"",eukaryota,false,,,,,,,,,,,,,,,,0.11486064761649224,1,,,100.0,24.0,10^-7.08092,,,,,[5811],1
5811,1,5810,Toxoplasma gondii,"",eukaryota,false,,,,,,,,,,,,,,,,0.11486064761649224,1,,,100.0,24.0,10^-7.08092,,,,,,1
5806,2,5806,Cryptosporidium,"",eukaryota,false,,,,,,,,,,,,,,,,0.11486064761649224,1,,,92.0,25.0,10^-6.60555,,,,,[310047],0
310047,1,5806,Cryptosporidium bovis,"",eukaryota,false,,,,,,,,,,,,,,,,0.11486064761649224,1,,,92.0,25.0,10^-6.60555,,,,,,0
5800,2,5800,Eimeria,"",eukaryota,false,,,,0.11486064761649224,1,,,89.744,39.0,10^-8.76035,,,,,,,,,,,,,,,,,[51315],0
51315,1,5800,Eimeria necatrix,"",eukaryota,false,,,,0.11486064761649224,1,,,89.744,39.0,10^-8.76035,,,,,,,,,,,,,,,,,,0
5712,2,5712,Bodo,"",eukaryota,false,,,,,,,,,,,,,,,,0.11486064761649224,1,,,95.8,24.0,10^-4.22185,,,,,[75058],0
75058,1,5712,Bodo saltans,"",eukaryota,false,,,,,,,,,,,,,,,,0.11486064761649224,1,,,95.8,24.0,10^-4.22185,,,,,,0
5706,2,5706,Phytomonas,"",eukaryota,false,,,,0.6891638856989535,6,,,96.6422,74.3333,10^-34.7842,,,,,,176.3110940913156,1535,,,97.6856,24.1648,10^-7.77998,,,,,"[2448548, 479712, 223616, 223615, 28007]",0
2448548,1,5706,Phytomonas lipae,"",eukaryota,false,,,,0.11486064761649224,1,,,97.368,76.0,10^-36.6042,,,,,,,,,,,,,,,,,,0
479712,1,5706,Phytomonas sp. EM1,"",eukaryota,false,,,,,,,,,,,,,,,,26.18822765656023,228,,,94.5766,24.1702,10^-7.83237,,,,,,0
223616,1,5706,Phytomonas sp. Lima,"",eukaryota,false,,,,0.11486064761649224,1,,,92.105,76.0,10^-31.1147,,,,,,,,,,,,,,,,,,0
223615,1,5706,Phytomonas sp. Hart1,"",eukaryota,false,,,,,,,,,,,,,,,,150.12286643475537,1307,,,98.2062,24.1639,10^-7.7712,,,,,,0
28007,1,5706,Phytomonas sp.,"",eukaryota,false,,,,0.45944259046596897,4,,,97.595,73.5,10^-35.2465,,,,,,,,,,,,,,,,,,0
5690,2,5690,Trypanosoma,"",eukaryota,false,,,,157.47394788221087,1371,1,418,96.3693,135.536,10^-30.4392,,,,,,2005.6966286791876,17462,4,16562,72.4285,126.424,10^-43.8154,,,,,"[1568921, 715481, 629700, 169531, 83893, 83891, 71804, 67003, 5701, 5699, 5698, 5697, 5693, 5692, 5691]",2
1568921,1,5690,Trypanosoma cf. varani,"",eukaryota,false,,,,2.1823523047133526,19,,,94.8247,76.0,10^-33.9509,,,,,,,,,,,,,,,,,,0
715481,1,5690,Trypanosoma melophagium,"",eukaryota,false,,,,,,,,,,,,,,,,3.6755407237277518,32,,,91.671,23.4516,10^-5.69932,,,,,,0
629700,1,5690,Trypanosoma caninum,"",eukaryota,false,,,,0.11486064761649224,1,,,100.0,52.0,10^-23.0453,,,,,,,,,,,,,,,,,,0
169531,1,5690,Trypanosoma grosi,"",eukaryota,false,,,,0.11486064761649224,1,,,94.737,76.0,10^-33.8595,,,,,,,,,,,,,,,,,,0
83893,1,5690,Trypanosoma minasense,"",eukaryota,false,,,,64.20710201761916,559,,,97.5466,75.4364,10^-36.4073,,,,,,,,,,,,,,,,,,0
83891,1,5690,Trypanosoma conorhini,"",eukaryota,false,,,,0.5743032380824612,5,,,93.421,76.0,10^-32.4871,,,,,,,,,,,,,,,,,,0
71804,1,5690,Trypanosoma grayi,"",eukaryota,false,,,,,,,,,,,,,,,,25.72878506609426,224,1,224,73.077,78.0,10^-27.983,,,,,,0
67003,1,5690,Trypanosoma theileri,"",eukaryota,false,,,,0.8040245333154457,7,,,95.9155,69.6667,10^-31.1527,,,,,,1208.3340129254984,10520,1,10484,64.3046,175.429,10^-57.6443,,,,,,0
5701,1,5690,Trypanosoma simiae,"",eukaryota,false,,,,4.824147199892674,42,,,98.2662,75.8125,10^-37.4201,,,,,,,,,,,,,,,,,,0
5699,1,5690,Trypanosoma vivax,"",eukaryota,false,,,,1.7229097142473837,15,,,95.7495,73.75,10^-33.4725,,,,,,0.34458194284947674,3,,,93.2333,24.6667,10^-5.89371,,,,,,0
5698,1,5690,Trypanosoma rangeli,"",eukaryota,false,,,,9.18885180931938,80,,,95.8818,73.3,10^-33.2993,,,,,,,,,,,,,,,,,,0
5697,1,5690,Trypanosoma evansi,"",eukaryota,false,,,,1.1486064761649224,10,,,99.671,61.25,10^-28.984,,,,,,,,,,,,,,,,,,0
5693,1,5690,Trypanosoma cruzi,"",eukaryota,false,,,,22.168104989983004,193,,,97.5863,68.6277,10^-32.0041,,,,,,674.8063047468919,5875,2,5854,84.7303,52.264,10^-23.9111,,,,,,1
5692,1,5690,Trypanosoma congolense,"",eukaryota,false,,,,1.1486064761649224,10,,,97.3115,66.1,10^-30.1503,,,,,,92.57768197889274,806,,,92.4135,23.4431,10^-6.15277,,,,,,0
5691,1,5690,Trypanosoma brucei,"",eukaryota,false,,,,49.275217827475174,429,1,418,94.9983,231.983,10^-23.7556,,,,,,0.22972129523298448,2,,,100.0,17.0,10^-3.22915,,,,,,1
5683,2,5683,Leptomonas,"",eukaryota,false,,,,1.6080490666308913,14,1,8,92.7246,150.286,10^-57.0009,,,,,,0.6891638856989535,6,,,88.2167,23.8333,10^-4.65326,,,,,"[157538, 5684]",0
157538,1,5683,Leptomonas pyrrhocoris,"",eukaryota,false,,,,1.6080490666308913,14,1,8,92.7246,150.286,10^-57.0009,,,,,,0.5743032380824612,5,,,89.2,23.8,10^-4.93417,,,,,,0
5684,1,5683,Leptomonas seymouri,"",eukaryota,false,,,,,,,,,,,,,,,,0.11486064761649224,1,,,83.3,24.0,10^-3.24872,,,,,,0
5658,2,5658,Leishmania,"",eukaryota,false,,,,322.41383785949375,2807,1,224,97.8793,118.862,10^-42.6033,,,,,,1.952631009480368,17,,,89.4235,24.4118,10^-4.77774,,,,,"[2803181, 2802991, 2249476, 47002, 5689, 5681, 5679, 5671, 5670, 5666, 5665, 5664, 5663, 5661, 5660, 5659]",10
2803181,1,5658,Leishmania sp. Ghana 2012 LV757,"",eukaryota,false,,,,,,,,,,,,,,,,0.11486064761649224,1,,,87.5,24.0,10^-7.72816,,,,,,0
2802991,1,5658,Leishmania sp. Namibia,"",eukaryota,false,,,,,,,,,,,,,,,,0.11486064761649224,1,,,80.0,25.0,10^-4.29414,,,,,,0
2249476,1,5658,Leishmania orientalis,"",eukaryota,false,,,,,,,,,,,,,,,,0.22972129523298448,2,,,93.75,24.5,10^-3.74932,,,,,,0
47002,1,5658,Leishmania hertigi,"",eukaryota,false,,,,0.11486064761649224,1,,,100.0,76.0,10^-39.3489,,,,,,,,,,,,,,,,,,0
5689,1,5658,Leishmania tarentolae,"",eukaryota,false,,,,,,,,,,,,,,,,0.34458194284947674,3,,,91.6667,24.0,10^-5.78234,,,,,,0
5681,1,5658,Leishmania peruviana,"",eukaryota,false,,,,0.22972129523298448,2,,,91.608,71.5,10^-28.0534,,,,,,,,,,,,,,,,,,1
5679,1,5658,Leishmania panamensis,"",eukaryota,false,,,,,,,,,,,,,,,,0.22972129523298448,2,,,93.75,24.0,10^-5.53301,,,,,,1
5671,1,5658,Leishmania infantum,"",eukaryota,false,,,,0.11486064761649224,1,,,93.333,75.0,10^-31.8067,,,,,,0.11486064761649224,1,,,80.0,25.0,10^-3.89963,,,,,,1
5670,1,5658,Leishmania guyanensis,"",eukaryota,false,,,,11.371204114032732,99,,,96.3974,72.4706,10^-33.3174,,,,,,,,,,,,,,,,,,1
5666,1,5658,Leishmania tropica,"",eukaryota,false,,,,1.7229097142473837,15,,,99.7357,75.4667,10^-38.7116,,,,,,,,,,,,,,,,,,1
5665,1,5658,Leishmania mexicana,"",eukaryota,false,,,,0.22972129523298448,2,,,93.9285,65.0,10^-26.3806,,,,,,,,,,,,,,,,,,1
5664,1,5658,Leishmania major,"",eukaryota,false,,,,189.06062597674622,1646,,,98.1272,73.8887,10^-35.9829,,,,,,,,,,,,,,,,,,1
5663,1,5658,Leishmania enriettii,"",eukaryota,false,,,,,,,,,,,,,,,,0.22972129523298448,2,,,87.5,24.0,10^-4.05732,,,,,,0
5661,1,5658,Leishmania donovani,"",eukaryota,false,,,,93.03712456935871,810,,,97.7049,73.7918,10^-35.4957,,,,,,0.11486064761649224,1,,,91.7,24.0,10^-3.50864,,,,,,1
5660,1,5658,Leishmania braziliensis,"",eukaryota,false,,,,0.6891638856989535,6,,,98.8505,71.8333,10^-35.6014,,,,,,0.45944259046596897,4,,,89.0,25.0,10^-4.44118,,,,,,1
5659,1,5658,Leishmania amazonensis,"",eukaryota,false,,,,25.843645713710753,225,1,224,97.4616,475.081,10^-96.9311,,,,,,,,,,,,,,,,,,1
5655,2,5655,Crithidia,"",eukaryota,false,,,,31.586678094535365,275,,,96.5652,73.8492,10^-34.3694,,,,,,,,,,,,,,,,,[3034688],0
3034688,1,5655,Crithidia sp. LVH-60A,"",eukaryota,false,,,,31.586678094535365,275,,,96.5652,73.8492,10^-34.3694,,,,,,,,,,,,,,,,,,0
5644,2,5644,Stereum,"",eukaryota,false,,,,0.11486064761649224,1,,,98.684,76.0,10^-37.9766,,,,,,,,,,,,,,,,,[40492],0
40492,1,5644,Stereum hirsutum,"",eukaryota,false,,,,0.11486064761649224,1,,,98.684,76.0,10^-37.9766,,,,,,,,,,,,,,,,,,0
5637,2,5637,Polyporus,"",eukaryota,false,,,,0.11486064761649224,1,,,100.0,76.0,10^-39.3489,,,,,,0.11486064761649224,1,,,87.5,24.0,10^-5.02503,,,,,"[196305, 196234]",0
196305,1,5637,Polyporus sp. CulTENN10923,"",eukaryota,false,,,,0.11486064761649224,1,,,100.0,76.0,10^-39.3489,,,,,,,,,,,,,,,,,,0
196234,1,5637,Polyporus grammocephalus,"",eukaryota,false,,,,,,,,,,,,,,,,0.11486064761649224,1,,,87.5,24.0,10^-5.02503,,,,,,0
5629,2,5629,Laetiporus,"",eukaryota,false,,,,0.45944259046596897,4,,,92.6665,50.0,10^-16.5564,,,,,,,,,,,,,,,,,[5630],0
5630,1,5629,Laetiporus sulphureus,"",eukaryota,false,,,,0.45944259046596897,4,,,92.6665,50.0,10^-16.5564,,,,,,,,,,,,,,,,,,0
5626,2,5626,Grifola,"",eukaryota,false,,,,,,,,,,,,,,,,0.22972129523298448,2,,,96.0,25.0,10^-6.25513,,,,,[5627],0
5627,1,5626,Grifola frondosa,"",eukaryota,false,,,,,,,,,,,,,,,,0.22972129523298448,2,,,96.0,25.0,10^-6.25513,,,,,,0
5605,2,5605,Saitoella,"",eukaryota,false,,,,,,,,,,,,,,,,0.11486064761649224,1,,,87.5,24.0,10^-5.12436,,,,,[5606],0
5606,1,5605,Saitoella complicata,"",eukaryota,false,,,,,,,,,,,,,,,,0.11486064761649224,1,,,87.5,24.0,10^-5.12436,,,,,,0
5598,2,5598,Alternaria,"",eukaryota,false,,,,0.22972129523298448,2,,,98.3335,67.5,10^-32.1982,,,,,,,,,,,,,,,,,[5599],1
5599,1,5598,Alternaria alternata,"",eukaryota,false,,,,0.22972129523298448,2,,,98.3335,67.5,10^-32.1982,,,,,,,,,,,,,,,,,,1
5581,2,5581,Beauveria,"",eukaryota,false,,,,0.22972129523298448,2,,,100.0,76.0,10^-39.3489,,,,,,0.11486064761649224,1,,,90.0,20.0,10^-3.74715,,,,,[176275],0
176275,1,5581,Beauveria bassiana,"",eukaryota,false,,,,0.22972129523298448,2,,,100.0,76.0,10^-39.3489,,,,,,0.11486064761649224,1,,,90.0,20.0,10^-3.74715,,,,,,0
5569,2,5569,Cenococcum,"",eukaryota,false,,,,,,,,,,,,,,,,0.11486064761649224,1,,,91.7,24.0,10^-4.86646,,,,,[5570],0
5570,1,5569,Cenococcum geophilum,"",eukaryota,false,,,,,,,,,,,,,,,,0.11486064761649224,1,,,91.7,24.0,10^-4.86646,,,,,,0
5550,2,5550,Trichophyton,"",eukaryota,false,,,,0.11486064761649224,1,,,96.0,75.0,10^-34.5514,,,,,,,,,,,,,,,,,[5551],1
5551,1,5550,Trichophyton rubrum,"",eukaryota,false,,,,0.11486064761649224,1,,,96.0,75.0,10^-34.5514,,,,,,,,,,,,,,,,,,1
5543,2,5543,Trichoderma,"",eukaryota,false,,,,0.22972129523298448,2,,,100.0,75.0,10^-38.6685,,,,,,0.11486064761649224,1,,,88.0,25.0,10^-4.06753,,,,,"[654480, 51453]",0
654480,1,5543,Trichoderma cornu-damae,"",eukaryota,false,,,,,,,,,,,,,,,,0.11486064761649224,1,,,88.0,25.0,10^-4.06753,,,,,,0
51453,1,5543,Trichoderma reesei,"",eukaryota,false,,,,0.22972129523298448,2,,,100.0,75.0,10^-38.6685,,,,,,,,,,,,,,,,,,0
5533,2,5533,Rhodotorula,"",eukaryota,false,,,,0.34458194284947674,3,,,92.659,42.6667,10^-12.6195,,,,,,,,,,,,,,,,,"[29898, 5286]",0
29898,1,5533,Rhodotorula graminis,"",eukaryota,false,,,,0.22972129523298448,2,,,91.667,36.0,10^-8.10892,,,,,,,,,,,,,,,,,,0
5286,1,5533,Rhodotorula toruloides,"",eukaryota,false,,,,0.11486064761649224,1,,,94.643,56.0,10^-21.6407,,,,,,,,,,,,,,,,,,0
5529,2,5529,Metarhizium,"",eukaryota,false,,,,,,,,,,,,,,,,4.134983314193721,36,2,34,73.3053,80.6667,10^-25.7255,,,,,[1650735],0
1650735,1,5529,Metarhizium majus,"",eukaryota,false,,,,,,,,,,,,,,,,4.134983314193721,36,2,34,73.3053,80.6667,10^-25.7255,,,,,,0
5506,2,5506,Fusarium,"",eukaryota,false,,,,1.7229097142473837,15,1,10,88.3623,94.7333,10^-23.3119,,,,,,0.6891638856989535,6,,,89.9333,23.8333,10^-5.74209,,,,,"[221167, 42677, 5518, 5507]",1
221167,1,5506,Fusarium xylarioides,"",eukaryota,false,,,,,,,,,,,,,,,,0.22972129523298448,2,,,91.3,24.0,10^-6.92427,,,,,,0
42677,1,5506,Fusarium subglutinans,"",eukaryota,false,,,,,,,,,,,,,,,,0.22972129523298448,2,,,82.6,23.0,10^-3.73755,,,,,,0
5518,1,5506,Fusarium graminearum,"",eukaryota,false,,,,1.378327771397907,12,1,10,85.4528,99.75,10^-19.5294,,,,,,,,,,,,,,,,,,0
5507,1,5506,Fusarium oxysporum,"",eukaryota,false,,,,0.34458194284947674,3,,,100.0,74.6667,10^-38.4418,,,,,,0.22972129523298448,2,,,95.9,24.5,10^-6.56446,,,,,,1
5498,2,5498,Cladosporium,"",eukaryota,false,,,,1.2634671237814146,11,,,98.4542,72.6364,10^-35.4432,,,,,,,,,,,,,,,,,"[1970646, 1707700, 237183, 92950, 29918, 29917]",0
1970646,1,5498,Cladosporium anthropophilum,"",eukaryota,false,,,,0.34458194284947674,3,,,95.6597,65.3333,10^-27.5342,,,,,,,,,,,,,,,,,,0
1707700,1,5498,Cladosporium sp.,"",eukaryota,false,,,,0.22972129523298448,2,,,100.0,75.5,10^-39.0087,,,,,,,,,,,,,,,,,,0
237183,1,5498,Cladosporium uredinicola,"",eukaryota,false,,,,0.11486064761649224,1,,,98.684,76.0,10^-37.9766,,,,,,,,,,,,,,,,,,0
92950,1,5498,Cladosporium sphaerospermum,"",eukaryota,false,,,,0.11486064761649224,1,,,98.649,74.0,10^-36.6158,,,,,,,,,,,,,,,,,,0
29918,1,5498,Cladosporium herbarum,"",eukaryota,false,,,,0.11486064761649224,1,,,100.0,75.0,10^-38.6685,,,,,,,,,,,,,,,,,,0
29917,1,5498,Cladosporium cladosporioides,"",eukaryota,false,,,,0.34458194284947674,3,,,99.5613,75.6667,10^-38.6647,,,,,,,,,,,,,,,,,,0
5455,2,5455,Colletotrichum,"",eukaryota,false,,,,0.11486064761649224,1,,,98.667,75.0,10^-37.2961,,,,,,,,,,,,,,,,,[145971],0
145971,1,5455,Colletotrichum lupini,"",eukaryota,false,,,,0.11486064761649224,1,,,98.667,75.0,10^-37.2961,,,,,,,,,,,,,,,,,,0
5429,2,5429,Sporobolomyces,"",eukaryota,false,,,,0.22972129523298448,2,,,95.3335,75.0,10^-33.8652,,,,,,,,,,,,,,,,,[1928706],0
1928706,1,5429,Sporobolomyces sp.,"",eukaryota,false,,,,0.22972129523298448,2,,,95.3335,75.0,10^-33.8652,,,,,,,,,,,,,,,,,,0
5402,2,5402,Russula,"",eukaryota,false,,,,,,,,,,,,,,,,0.11486064761649224,1,,,79.2,24.0,10^-3.59517,,,,,[1897646],0
1897646,1,5402,Russula aff. rugulosa BPL654,"",eukaryota,false,,,,,,,,,,,,,,,,0.11486064761649224,1,,,79.2,24.0,10^-3.59517,,,,,,0
5395,2,5395,Paxillus,"",eukaryota,false,,,,,,,,,,,,,,,,0.11486064761649224,1,,,100.0,23.0,10^-7.16558,,,,,[71150],0
71150,1,5395,Paxillus involutus,"",eukaryota,false,,,,,,,,,,,,,,,,0.11486064761649224,1,,,100.0,23.0,10^-7.16558,,,,,,0
5379,2,5379,Suillus,"",eukaryota,false,,,,0.11486064761649224,1,,,90.698,43.0,10^-11.4627,,,,,,0.34458194284947674,3,,,100.0,24.3333,10^-7.34631,,,,,"[48592, 48578, 48568]",0
48592,1,5379,Suillus variegatus,"",eukaryota,false,,,,,,,,,,,,,,,,0.22972129523298448,2,,,100.0,24.5,10^-7.5956,,,,,,0
48578,1,5379,Suillus paluster,"",eukaryota,false,,,,0.11486064761649224,1,,,90.698,43.0,10^-11.4627,,,,,,,,,,,,,,,,,,0
48568,1,5379,Suillus cothurnatus,"",eukaryota,false,,,,,,,,,,,,,,,,0.11486064761649224,1,,,100.0,24.0,10^-6.84771,,,,,,0
5352,2,5352,Lentinula,"",eukaryota,false,,,,0.22972129523298448,2,,,93.2355,73.5,10^-30.7864,,,,,,1.0337458285484302,9,,,95.8556,23.8889,10^-6.97905,,,,,"[2804960, 2804958, 5353]",0
2804960,1,5352,Lentinula aff. lateritia,"",eukaryota,false,,,,,,,,,,,,,,,,0.45944259046596897,4,,,97.925,23.75,10^-8.0163,,,,,,0
2804958,1,5352,Lentinula aff. detonsa,"",eukaryota,false,,,,,,,,,,,,,,,,0.22972129523298448,2,,,93.75,23.5,10^-7.31226,,,,,,0
5353,1,5352,Lentinula edodes,shiitake mushroom,eukaryota,false,,,,0.22972129523298448,2,,,93.2355,73.5,10^-30.7864,,,,,,0.34458194284947674,3,,,94.5,24.3333,10^-5.37392,,,,,,0
5340,2,5340,Agaricus,"",eukaryota,false,,,,0.11486064761649224,1,,,98.684,76.0,10^-37.9766,,,,,,1.0337458285484302,9,,,94.4556,23.8889,10^-5.92455,,,,,[5341],0
5341,1,5340,Agaricus bisporus,"",eukaryota,false,,,,0.11486064761649224,1,,,98.684,76.0,10^-37.9766,,,,,,1.0337458285484302,9,,,94.4556,23.8889,10^-5.92455,,,,,,0
5333,2,5333,Schizophyllum,"",eukaryota,false,,,,0.34458194284947674,3,,,100.0,75.0,10^-38.6685,,,,,,,,,,,,,,,,,[5334],0
5334,1,5333,Schizophyllum commune,"",eukaryota,false,,,,0.34458194284947674,3,,,100.0,75.0,10^-38.6685,,,,,,,,,,,,,,,,,,0
5324,2,5324,Trametes,"",eukaryota,false,,,,0.6891638856989535,6,,,99.117,71.5,10^-35.3765,,,,,,0.11486064761649224,1,,,95.8,24.0,10^-8.12205,,,,,"[47662, 40454, 5327, 5325]",0
47662,1,5324,Trametes villosa,"",eukaryota,false,,,,0.11486064761649224,1,,,98.684,76.0,10^-37.9766,,,,,,,,,,,,,,,,,,0
40454,1,5324,Trametes suaveolens,"",eukaryota,false,,,,0.11486064761649224,1,,,98.667,75.0,10^-37.2961,,,,,,,,,,,,,,,,,,0
5327,1,5324,Trametes hirsuta,"",eukaryota,false,,,,0.34458194284947674,3,,,99.5557,67.3333,10^-33.0033,,,,,,,,,,,,,,,,,,0
5325,1,5324,Trametes versicolor,"",eukaryota,false,,,,0.11486064761649224,1,,,98.684,76.0,10^-37.9766,,,,,,0.11486064761649224,1,,,95.8,24.0,10^-8.12205,,,,,,0
5320,2,5320,Pleurotus,"",eukaryota,false,,,,0.11486064761649224,1,,,88.889,72.0,10^-25.6487,,,,,,0.22972129523298448,2,,,95.85,24.0,10^-5.31011,,,,,"[28995, 5323]",0
28995,1,5320,Pleurotus pulmonarius,"",eukaryota,false,,,,,,,,,,,,,,,,0.22972129523298448,2,,,95.85,24.0,10^-5.31011,,,,,,0
5323,1,5320,Pleurotus eryngii,"",eukaryota,false,,,,0.11486064761649224,1,,,88.889,72.0,10^-25.6487,,,,,,,,,,,,,,,,,,0
5314,2,5314,Ganoderma,"",eukaryota,false,,,,0.8040245333154457,7,,,97.5384,75.1429,10^-36.2171,,,,,,,,,,,,,,,,,"[2816325, 36075, 34458, 34456, 29884]",0
2816325,1,5314,Ganoderma sp. TQC-2021a,"",eukaryota,false,,,,0.11486064761649224,1,,,100.0,75.0,10^-38.6685,,,,,,,,,,,,,,,,,,0
36075,1,5314,Ganoderma sinense,"",eukaryota,false,,,,0.22972129523298448,2,,,99.3335,75.5,10^-38.3225,,,,,,,,,,,,,,,,,,0
34458,1,5314,Ganoderma boninense,"",eukaryota,false,,,,0.11486064761649224,1,,,92.105,76.0,10^-31.1147,,,,,,,,,,,,,,,,,,0
34456,1,5314,Ganoderma adspersum,"",eukaryota,false,,,,0.22972129523298448,2,,,95.9985,74.5,10^-34.2113,,,,,,,,,,,,,,,,,,0
29884,1,5314,Ganoderma applanatum,"",eukaryota,false,,,,0.11486064761649224,1,,,100.0,75.0,10^-38.6685,,,,,,,,,,,,,,,,,,0
5305,2,5305,Phanerochaete,"",eukaryota,false,,,,,,,,,,,,,,,,0.11486064761649224,1,,,88.0,25.0,10^-6.59007,,,,,[231932],0
231932,1,5305,Phanerochaete carnosa,"",eukaryota,false,,,,,,,,,,,,,,,,0.11486064761649224,1,,,88.0,25.0,10^-6.59007,,,,,,0
5296,2,5296,Puccinia,"",eukaryota,false,,,,,,,,,,,,,,,,0.22972129523298448,2,,,95.8,24.0,10^-5.67374,,,,,[27350],0
27350,1,5296,Puccinia striiformis,"",eukaryota,false,,,,,,,,,,,,,,,,0.22972129523298448,2,,,95.8,24.0,10^-5.67374,,,,,,0
5269,2,5269,Ustilago,"",eukaryota,false,,,,0.34458194284947674,3,,,90.729,46.6667,10^-13.4865,,,,,,,,,,,,,,,,,[120017],0
120017,1,5269,Ustilago hordei,"",eukaryota,false,,,,0.34458194284947674,3,,,90.729,46.6667,10^-13.4865,,,,,,,,,,,,,,,,,,0
5251,2,5251,Ceratobasidium,"",eukaryota,false,,,,0.45944259046596897,4,,,96.7613,76.5,10^-36.2583,,,,,,0.22972129523298448,2,,,75.6,24.5,10^-3.36448,,,,,"[1582974, 305859, 170446]",0
1582974,1,5251,Ceratobasidium theobromae,"",eukaryota,false,,,,0.11486064761649224,1,,,92.308,78.0,10^-32.4758,,,,,,,,,,,,,,,,,,0
305859,1,5251,Ceratobasidium sp. AG-G,"",eukaryota,false,,,,0.11486064761649224,1,,,96.053,76.0,10^-35.2318,,,,,,,,,,,,,,,,,,0
170446,1,5251,Ceratobasidium sp. AG-Ba,"",eukaryota,false,,,,0.22972129523298448,2,,,99.342,76.0,10^-38.6628,,,,,,0.22972129523298448,2,,,75.6,24.5,10^-3.36448,,,,,,0
5240,2,5240,Tulasnella,"",eukaryota,false,,,,,,,,,,,,,,,,0.11486064761649224,1,,,76.0,25.0,10^-3.66354,,,,,[156515],0
156515,1,5240,Tulasnella calospora,"",eukaryota,false,,,,,,,,,,,,,,,,0.11486064761649224,1,,,76.0,25.0,10^-3.66354,,,,,,0
5230,2,5230,Auricularia,"",eukaryota,false,,,,2.1823523047133526,19,1,14,95.5064,191.444,10^-80.2778,,,,,,,,,,,,,,,,,"[1579976, 1238391, 29893]",0
1579976,1,5230,Auricularia villosula,"",eukaryota,false,,,,0.22972129523298448,2,,,96.693,75.5,10^-35.5778,,,,,,,,,,,,,,,,,,0
1238391,1,5230,Auricularia cornea,"",eukaryota,false,,,,1.7229097142473837,15,1,14,94.6949,224.5,10^-92.5105,,,,,,,,,,,,,,,,,,0
29893,1,5230,Auricularia polytricha,"",eukaryota,false,,,,0.22972129523298448,2,,,100.0,76.0,10^-39.3489,,,,,,,,,,,,,,,,,,0
5228,2,5228,Atractiella,"",eukaryota,false,,,,,,,,,,,,,,,,0.11486064761649224,1,,,84.0,25.0,10^-6.24109,,,,,[1938712],0
1938712,1,5228,Atractiella rhizophila,"",eukaryota,false,,,,,,,,,,,,,,,,0.11486064761649224,1,,,84.0,25.0,10^-6.24109,,,,,,0
5206,2,5206,Cryptococcus,"",eukaryota,false,,,,,,,,,,,,,,,,0.11486064761649224,1,,,76.0,25.0,10^-3.20761,,,,,[104669],0
104669,1,5206,Cryptococcus amylolentus,"",eukaryota,false,,,,,,,,,,,,,,,,0.11486064761649224,1,,,76.0,25.0,10^-3.20761,,,,,,0
5193,2,5193,Morchella,"",eukaryota,false,,,,0.22972129523298448,2,,,82.353,68.0,10^-17.4393,,,,,,,,,,,,,,,,,[1174677],0
1174677,1,5193,Morchella sextelata,"",eukaryota,false,,,,0.22972129523298448,2,,,82.353,68.0,10^-17.4393,,,,,,,,,,,,,,,,,,0
5140,2,5140,Neurospora,"",eukaryota,false,,,,,,,,,,,,,,,,0.34458194284947674,3,,,100.0,23.0,10^-6.56858,,,,,[40127],0
40127,1,5140,Neurospora tetrasperma,"",eukaryota,false,,,,,,,,,,,,,,,,0.34458194284947674,3,,,100.0,23.0,10^-6.56858,,,,,,0
5133,2,5133,Nectria,"",eukaryota,false,,,,0.11486064761649224,1,,,100.0,76.0,10^-39.3489,,,,,,,,,,,,,,,,,[1835339],0
1835339,1,5133,Nectria pseudopeziza,"",eukaryota,false,,,,0.11486064761649224,1,,,100.0,76.0,10^-39.3489,,,,,,,,,,,,,,,,,,0
5112,2,5112,Epichloe,"",eukaryota,false,,,,0.22972129523298448,2,,,94.5455,65.5,10^-28.0971,,,,,,,,,,,,,,,,,"[2834323, 35717]",0
2834323,1,5112,Epichloe scottii,"",eukaryota,false,,,,0.11486064761649224,1,,,100.0,76.0,10^-39.3489,,,,,,,,,,,,,,,,,,0
35717,1,5112,Epichloe festucae,"",eukaryota,false,,,,0.11486064761649224,1,,,89.091,55.0,10^-16.8453,,,,,,,,,,,,,,,,,,0
5110,2,5110,Claviceps,"",eukaryota,false,,,,,,,,,,,,,,,,0.22972129523298448,2,,,95.6,22.5,10^-4.59309,,,,,[254901],0
254901,1,5110,Claviceps digitariae,"",eukaryota,false,,,,,,,,,,,,,,,,0.22972129523298448,2,,,95.6,22.5,10^-4.59309,,,,,,0
5097,2,5097,Monascus,"",eukaryota,false,,,,0.22972129523298448,2,,,95.754,71.0,10^-31.8305,,,,,,,,,,,,,,,,,[5098],0
5098,1,5097,Monascus purpureus,"",eukaryota,false,,,,0.22972129523298448,2,,,95.754,71.0,10^-31.8305,,,,,,,,,,,,,,,,,,0
5073,2,5073,Penicillium,"",eukaryota,false,,,,0.9188851809319379,8,,,91.3783,56.5,10^-19.9327,,,,,,0.34458194284947674,3,,,97.2667,24.3333,10^-5.62252,,,,,"[1612424, 1562060, 1324776, 1303715, 303699, 116970, 69781]",0
1612424,1,5073,Penicillium salamii,"",eukaryota,false,,,,,,,,,,,,,,,,0.11486064761649224,1,,,96.0,25.0,10^-4.97469,,,,,,0
1562060,1,5073,Penicillium verhagenii,"",eukaryota,false,,,,0.45944259046596897,4,,,88.7625,44.5,10^-11.1047,,,,,,,,,,,,,,,,,,0
1324776,1,5073,Penicillium malachiteum,"",eukaryota,false,,,,0.11486064761649224,1,,,93.75,64.0,10^-25.6999,,,,,,,,,,,,,,,,,,0
1303715,1,5073,Penicillium desertorum,"",eukaryota,false,,,,,,,,,,,,,,,,0.22972129523298448,2,,,97.9,24.0,10^-5.94643,,,,,,0
303699,1,5073,Penicillium macrosclerotiorum,"",eukaryota,false,,,,0.11486064761649224,1,,,91.525,59.0,10^-20.9319,,,,,,,,,,,,,,,,,,0
116970,1,5073,Penicillium angulare,"",eukaryota,false,,,,0.11486064761649224,1,,,93.333,75.0,10^-31.8067,,,,,,,,,,,,,,,,,,0
69781,1,5073,Penicillium oxalicum,"",eukaryota,false,,,,0.11486064761649224,1,,,97.368,76.0,10^-36.6042,,,,,,,,,,,,,,,,,,0
5052,2,5052,Aspergillus,"",eukaryota,false,,,,1.0337458285484302,9,,,95.096,59.5556,10^-24.8308,,,,,,1.6080490666308913,14,,,94.3643,24.3571,10^-7.73528,,,,,"[1506151, 1340029, 746128, 340412, 319627, 306088, 182096, 138278, 51019, 41413, 41068, 5062, 5061, 5059]",3
1506151,1,5052,Aspergillus pseudonomiae,"",eukaryota,false,,,,0.11486064761649224,1,,,94.118,51.0,10^-18.2504,,,,,,,,,,,,,,,,,,0
1340029,1,5052,Aspergillus eucalypticola,"",eukaryota,false,,,,,,,,,,,,,,,,0.11486064761649224,1,,,95.7,23.0,10^-7.08831,,,,,,0
746128,1,5052,Aspergillus fumigatus,"",eukaryota,false,,,,,,,,,,,,,,,,0.11486064761649224,1,,,83.3,24.0,10^-5.01682,,,,,,1
340412,1,5052,Aspergillus novofumigatus,"",eukaryota,false,,,,0.11486064761649224,1,,,94.444,36.0,10^-9.48129,,,,,,0.34458194284947674,3,,,97.2667,24.6667,10^-8.5422,,,,,,0
319627,1,5052,Aspergillus sclerotioniger,"",eukaryota,false,,,,0.11486064761649224,1,,,90.0,50.0,10^-14.8281,,,,,,,,,,,,,,,,,,0
306088,1,5052,Aspergillus steynii,"",eukaryota,false,,,,,,,,,,,,,,,,0.22972129523298448,2,,,98.0,25.0,10^-8.46135,,,,,,0
182096,1,5052,Aspergillus chevalieri,"",eukaryota,false,,,,0.11486064761649224,1,,,100.0,75.0,10^-38.6685,,,,,,,,,,,,,,,,,,0
138278,1,5052,Aspergillus ochraceoroseus,"",eukaryota,false,,,,,,,,,,,,,,,,0.11486064761649224,1,,,95.7,23.0,10^-7.32239,,,,,,0
51019,1,5052,Aspergillus heteromorphus,"",eukaryota,false,,,,,,,,,,,,,,,,0.6891638856989535,6,,,93.1,24.5,10^-7.71952,,,,,,0
41413,1,5052,Aspergillus glaucus,"",eukaryota,false,,,,0.11486064761649224,1,,,93.75,48.0,10^-16.2182,,,,,,,,,,,,,,,,,,0
41068,1,5052,Aspergillus campestris,"",eukaryota,false,,,,0.11486064761649224,1,,,87.5,48.0,10^-12.1011,,,,,,,,,,,,,,,,,,0
5062,1,5052,Aspergillus oryzae,"",eukaryota,false,,,,0.11486064761649224,1,,,98.684,76.0,10^-37.9766,,,,,,,,,,,,,,,,,,0
5061,1,5052,Aspergillus niger,"",eukaryota,false,,,,0.11486064761649224,1,,,98.684,76.0,10^-37.9766,,,,,,,,,,,,,,,,,,1
5059,1,5052,Aspergillus flavus,"",eukaryota,false,,,,0.11486064761649224,1,,,98.684,76.0,10^-37.9766,,,,,,,,,,,,,,,,,,1
5036,2,5036,Histoplasma,"",eukaryota,false,,,,0.11486064761649224,1,,,92.208,77.0,10^-31.7952,,,,,,,,,,,,,,,,,[5037],1
5037,1,5036,Histoplasma capsulatum,"",eukaryota,false,,,,0.11486064761649224,1,,,92.208,77.0,10^-31.7952,,,,,,,,,,,,,,,,,,1
5027,2,5027,Pyrenophora,"",eukaryota,false,,,,0.11486064761649224,1,,,100.0,75.0,10^-38.6685,,,,,,0.11486064761649224,1,,,92.0,25.0,10^-7.46092,,,,,[53485],0
53485,1,5027,Pyrenophora teres,"",eukaryota,false,,,,0.11486064761649224,1,,,100.0,75.0,10^-38.6685,,,,,,0.11486064761649224,1,,,92.0,25.0,10^-7.46092,,,,,,0
4953,2,4953,Zygosaccharomyces,"",eukaryota,false,,,,0.11486064761649224,1,,,91.892,37.0,10^-8.78321,,,,,,,,,,,,,,,,,[1365886],0
1365886,1,4953,Zygosaccharomyces parabailii,"",eukaryota,false,,,,0.11486064761649224,1,,,91.892,37.0,10^-8.78321,,,,,,,,,,,,,,,,,,0
4951,2,4951,Yarrowia,"",eukaryota,false,,,,,,,,,,,,,,,,0.34458194284947674,3,,,75.0,24.0,10^-3.87734,,,,,[4952],0
4952,1,4951,Yarrowia lipolytica,"",eukaryota,false,,,,,,,,,,,,,,,,0.34458194284947674,3,,,75.0,24.0,10^-3.87734,,,,,,0
4930,2,4930,Saccharomyces,"",eukaryota,false,,,,0.11486064761649224,1,,,92.105,38.0,10^-9.45781,,,,,,0.11486064761649224,1,,,96.0,25.0,10^-5.83268,,,,,"[1080349, 4932]",1
1080349,1,4930,Saccharomyces eubayanus,"",eukaryota,false,,,,0.11486064761649224,1,,,92.105,38.0,10^-9.45781,,,,,,,,,,,,,,,,,,0
4932,1,4930,Saccharomyces cerevisiae,brewer's yeast,eukaryota,false,,,,,,,,,,,,,,,,0.11486064761649224,1,,,96.0,25.0,10^-5.83268,,,,,,1
4910,2,4910,Kluyveromyces,"",eukaryota,false,,,,,,,,,,,,,,,,0.11486064761649224,1,,,100.0,24.0,10^-5.68403,,,,,[4911],0
4911,1,4910,Kluyveromyces marxianus,"",eukaryota,false,,,,,,,,,,,,,,,,0.11486064761649224,1,,,100.0,24.0,10^-5.68403,,,,,,0
4873,2,4873,Gigaspora,"",eukaryota,false,,,,,,,,,,,,,,,,0.22972129523298448,2,,,98.0,25.0,10^-6.4563,,,,,"[44941, 4874]",0
44941,1,4873,Gigaspora rosea,"",eukaryota,false,,,,,,,,,,,,,,,,0.11486064761649224,1,,,96.0,25.0,10^-8.28735,,,,,,0
4874,1,4873,Gigaspora margarita,"",eukaryota,false,,,,,,,,,,,,,,,,0.11486064761649224,1,,,100.0,25.0,10^-4.62525,,,,,,0
4865,2,4865,Dipsacomyces,"",eukaryota,false,,,,0.11486064761649224,1,,,80.488,82.0,10^-21.4751,,,,,,,,,,,,,,,,,[4866],0
4866,1,4865,Dipsacomyces acuminosporus,"",eukaryota,false,,,,0.11486064761649224,1,,,80.488,82.0,10^-21.4751,,,,,,,,,,,,,,,,,,0
4863,2,4863,Coemansia,"",eukaryota,false,,,,,,,,,,,,,,,,0.22972129523298448,2,,,87.2,22.5,10^-5.01813,,,,,"[2761419, 61392]",0
2761419,1,4863,Coemansia sp. RSA 1365,"",eukaryota,false,,,,,,,,,,,,,,,,0.11486064761649224,1,,,95.2,21.0,10^-5.00568,,,,,,0
61392,1,4863,Coemansia reversa,"",eukaryota,false,,,,,,,,,,,,,,,,0.11486064761649224,1,,,79.2,24.0,10^-5.03058,,,,,,0
4842,2,4842,Rhizopus,"",eukaryota,false,,,,0.11486064761649224,1,,,95.122,41.0,10^-12.8557,,,,,,0.11486064761649224,1,,,100.0,25.0,10^-6.83268,,,,,"[64495, 58291]",2
64495,1,4842,Rhizopus arrhizus,"",eukaryota,false,,,,,,,,,,,,,,,,0.11486064761649224,1,,,100.0,25.0,10^-6.83268,,,,,,1
58291,1,4842,Rhizopus microsporus,"",eukaryota,false,,,,0.11486064761649224,1,,,95.122,41.0,10^-12.8557,,,,,,,,,,,,,,,,,,1
4815,2,4815,Spizellomyces,"",eukaryota,false,,,,0.11486064761649224,1,,,85.915,71.0,10^-22.2239,,,,,,,,,,,,,,,,,[109760],0
109760,1,4815,Spizellomyces punctatus,"",eukaryota,false,,,,0.11486064761649224,1,,,85.915,71.0,10^-22.2239,,,,,,,,,,,,,,,,,,0
4807,2,4807,Blastocladiella,"",eukaryota,false,,,,,,,,,,,,,,,,0.11486064761649224,1,,,92.0,25.0,10^-5.93181,,,,,[4808],0
4808,1,4807,Blastocladiella emersonii,"",eukaryota,false,,,,,,,,,,,,,,,,0.11486064761649224,1,,,92.0,25.0,10^-5.93181,,,,,,0
4797,2,4797,Pythium,"",eukaryota,false,,,,,,,,,,,,,,,,0.22972129523298448,2,,,69.5,24.5,10^-4.29285,,,,,[114742],1
114742,1,4797,Pythium insidiosum,"",eukaryota,false,,,,,,,,,,,,,,,,0.22972129523298448,2,,,69.5,24.5,10^-4.29285,,,,,,1
4783,2,4783,Phytophthora,"",eukaryota,false,,,,0.11486064761649224,1,,,95.238,42.0,10^-13.5315,,,,,,0.34458194284947674,3,,,82.4,24.6667,10^-4.58586,,,,,"[53985, 4787, 4785]",0
53985,1,4783,Phytophthora fragariae,"",eukaryota,false,,,,,,,,,,,,,,,,0.11486064761649224,1,,,76.0,25.0,10^-4.02365,,,,,,0
4787,1,4783,Phytophthora infestans,potato late blight agent,eukaryota,false,,,,0.11486064761649224,1,,,95.238,42.0,10^-13.5315,,,,,,0.11486064761649224,1,,,92.0,25.0,10^-6.21681,,,,,,0
4785,1,4783,Phytophthora cinnamomi,"",eukaryota,false,,,,,,,,,,,,,,,,0.11486064761649224,1,,,79.2,24.0,10^-3.51713,,,,,,0
4753,2,4753,Pneumocystis,"",eukaryota,false,,,,0.22972129523298448,2,,,97.999,50.0,10^-20.3177,,,,,,,,,,,,,,,,,[4754],0
4754,1,4753,Pneumocystis carinii,"",eukaryota,false,,,,0.22972129523298448,2,,,97.999,50.0,10^-20.3177,,,,,,,,,,,,,,,,,,0
4672,2,4672,Dioscorea,"",eukaryota,false,,,,0.11486064761649224,1,,,98.684,76.0,10^-37.9766,,,,,,0.11486064761649224,1,,,80.0,25.0,10^-4.97881,,,,,"[325984, 108579]",0
325984,1,4672,Dioscorea zingiberensis,"",eukaryota,false,,,,,,,,,,,,,,,,0.11486064761649224,1,,,80.0,25.0,10^-4.97881,,,,,,0
108579,1,4672,Dioscorea sp. Qiu 94044,"",eukaryota,false,,,,0.11486064761649224,1,,,98.684,76.0,10^-37.9766,,,,,,,,,,,,,,,,,,0
4640,2,4640,Musa,"",eukaryota,false,,,,0.22972129523298448,2,,,89.8335,43.0,10^-10.7823,,,,,,,,,,,,,,,,,[320322],0
320322,1,4640,Musa troglodytarum,"",eukaryota,false,,,,0.22972129523298448,2,,,89.8335,43.0,10^-10.7823,,,,,,,,,,,,,,,,,,0
4614,2,4614,Ananas,"",eukaryota,false,,,,,,,,,,,,,,,,0.11486064761649224,1,,,66.7,24.0,10^-4.58838,,,,,[4615],0
4615,1,4614,Ananas comosus,pineapple,eukaryota,false,,,,,,,,,,,,,,,,0.11486064761649224,1,,,66.7,24.0,10^-4.58838,,,,,,0
4583,2,4583,Cenchrus,"",eukaryota,false,,,,0.11486064761649224,1,,,91.892,37.0,10^-8.78321,,,,,,,,,,,,,,,,,[154765],0
154765,1,4583,Cenchrus purpureus,"",eukaryota,false,,,,0.11486064761649224,1,,,91.892,37.0,10^-8.78321,,,,,,,,,,,,,,,,,,0
4575,2,4575,Zea,"",eukaryota,false,,,,,,,,,,,,,,,,0.11486064761649224,1,,,100.0,25.0,10^-11.4685,,,,,[4577],0
4577,1,4575,Zea mays,"",eukaryota,false,,,,,,,,,,,,,,,,0.11486064761649224,1,,,100.0,25.0,10^-11.4685,,,,,,0
4564,2,4564,Triticum,"",eukaryota,false,,,,0.34458194284947674,3,,,94.9277,66.0,10^-29.3576,,,,,,0.11486064761649224,1,,,100.0,25.0,10^-6.11464,,,,,"[85692, 4565]",0
85692,1,4564,Triticum dicoccoides,"",eukaryota,false,,,,0.11486064761649224,1,,,84.783,46.0,10^-9.37484,,,,,,0.11486064761649224,1,,,100.0,25.0,10^-6.11464,,,,,,0
4565,1,4564,Triticum aestivum,bread wheat,eukaryota,false,,,,0.22972129523298448,2,,,100.0,76.0,10^-39.3489,,,,,,,,,,,,,,,,,,0
4527,2,4527,Oryza,"",eukaryota,false,,,,0.11486064761649224,1,,,92.5,40.0,10^-10.8079,,,,,,,,,,,,,,,,,[4530],0
4530,1,4527,Oryza sativa,Asian cultivated rice,eukaryota,false,,,,0.11486064761649224,1,,,92.5,40.0,10^-10.8079,,,,,,,,,,,,,,,,,,0
4512,2,4512,Hordeum,"",eukaryota,false,,,,0.11486064761649224,1,,,88.372,43.0,10^-10.0903,,,,,,,,,,,,,,,,,[4513],0
4513,1,4512,Hordeum vulgare,"",eukaryota,false,,,,0.11486064761649224,1,,,88.372,43.0,10^-10.0903,,,,,,,,,,,,,,,,,,0
4418,2,4418,Nymphaea,water-lilies,eukaryota,false,,,,0.11486064761649224,1,,,95.745,47.0,10^-16.9135,,,,,,,,,,,,,,,,,[210225],0
210225,1,4418,Nymphaea colorata,pocket water lily,eukaryota,false,,,,0.11486064761649224,1,,,95.745,47.0,10^-16.9135,,,,,,,,,,,,,,,,,,0
4346,2,4346,Rhododendron,"",eukaryota,false,,,,0.11486064761649224,1,,,97.222,36.0,10^-10.8537,,,,,,,,,,,,,,,,,[182163],0
182163,1,4346,Rhododendron vialii,"",eukaryota,false,,,,0.11486064761649224,1,,,97.222,36.0,10^-10.8537,,,,,,,,,,,,,,,,,,0
4329,2,4329,Macadamia,"",eukaryota,false,,,,,,,,,,,,,,,,0.11486064761649224,1,,,100.0,24.0,10^-6.35754,,,,,[60698],0
60698,1,4329,Macadamia integrifolia,"",eukaryota,false,,,,,,,,,,,,,,,,0.11486064761649224,1,,,100.0,24.0,10^-6.35754,,,,,,0
4295,2,4295,Ilex,"",eukaryota,false,,,,0.22972129523298448,2,,,89.189,37.0,10^-7.41084,,,,,,,,,,,,,,,,,[4298],0
4298,1,4295,Ilex aquifolium,"",eukaryota,false,,,,0.22972129523298448,2,,,89.189,37.0,10^-7.41084,,,,,,,,,,,,,,,,,,0
4235,2,4235,Lactuca,"",eukaryota,false,,,,,,,,,,,,,,,,0.11486064761649224,1,,,100.0,25.0,10^-6.29843,,,,,[4236],0
4236,1,4235,Lactuca sativa,garden lettuce,eukaryota,false,,,,,,,,,,,,,,,,0.11486064761649224,1,,,100.0,25.0,10^-6.29843,,,,,,0
4231,2,4231,Helianthus,"",eukaryota,false,,,,0.11486064761649224,1,,,97.222,36.0,10^-10.8537,,,,,,0.45944259046596897,4,,,86.875,24.5,10^-5.51398,,,,,[4232],0
4232,1,4231,Helianthus annuus,common sunflower,eukaryota,false,,,,0.11486064761649224,1,,,97.222,36.0,10^-10.8537,,,,,,0.45944259046596897,4,,,86.875,24.5,10^-5.51398,,,,,,0
4219,2,4219,Artemisia,"",eukaryota,false,,,,,,,,,,,,,,,,0.22972129523298448,2,,,100.0,21.0,10^-6.28808,,,,,[35608],0
35608,1,4219,Artemisia annua,sweet wormwood,eukaryota,false,,,,,,,,,,,,,,,,0.22972129523298448,2,,,100.0,21.0,10^-6.28808,,,,,,0
4147,2,4147,Jasminum,jasmines,eukaryota,false,,,,0.11486064761649224,1,,,92.308,39.0,10^-10.1327,,,,,,,,,,,,,,,,,[660624],0
660624,1,4147,Jasminum sambac,"",eukaryota,false,,,,0.11486064761649224,1,,,92.308,39.0,10^-10.1327,,,,,,,,,,,,,,,,,,0
4128,2,4128,Cuscuta,"",eukaryota,false,,,,,,,,,,,,,,,,0.11486064761649224,1,,,88.0,25.0,10^-4.44129,,,,,[41803],0
41803,1,4128,Cuscuta europaea,"",eukaryota,false,,,,,,,,,,,,,,,,0.11486064761649224,1,,,88.0,25.0,10^-4.44129,,,,,,0
4119,2,4119,Ipomoea,"",eukaryota,false,,,,0.22972129523298448,2,,,97.6745,59.5,10^-26.7782,,,,,,,,,,,,,,,,,[35885],0
35885,1,4119,Ipomoea triloba,trilobed morning glory,eukaryota,false,,,,0.22972129523298448,2,,,97.6745,59.5,10^-26.7782,,,,,,,,,,,,,,,,,,0
4107,2,4107,Solanum,"",eukaryota,false,,,,0.11486064761649224,1,,,92.857,42.0,10^-12.1591,,,,,,0.11486064761649224,1,,,100.0,25.0,10^-6.20482,,,,,"[45834, 4109]",0
45834,1,4107,Solanum dulcamara,"",eukaryota,false,,,,0.11486064761649224,1,,,92.857,42.0,10^-12.1591,,,,,,,,,,,,,,,,,,0
4109,1,4107,Solanum commersonii,Commerson's wild potato,eukaryota,false,,,,,,,,,,,,,,,,0.11486064761649224,1,,,100.0,25.0,10^-6.20482,,,,,,0
4085,2,4085,Nicotiana,"",eukaryota,false,,,,,,,,,,,,,,,,0.11486064761649224,1,,,95.8,24.0,10^-6.63264,,,,,[4097],0
4097,1,4085,Nicotiana tabacum,common tobacco,eukaryota,false,,,,,,,,,,,,,,,,0.11486064761649224,1,,,95.8,24.0,10^-6.63264,,,,,,0
4038,2,4038,Daucus,"",eukaryota,false,,,,,,,,,,,,,,,,0.11486064761649224,1,,,100.0,25.0,10^-8.8041,,,,,[4039],0
4039,1,4038,Daucus carota,carrot,eukaryota,false,,,,,,,,,,,,,,,,0.11486064761649224,1,,,100.0,25.0,10^-8.8041,,,,,,0
4022,2,4022,Acer,maple trees,eukaryota,false,,,,0.11486064761649224,1,,,90.0,40.0,10^-9.43554,,,,,,,,,,,,,,,,,[66205],0
66205,1,4022,Acer campestre,hedge maple,eukaryota,false,,,,0.11486064761649224,1,,,90.0,40.0,10^-9.43554,,,,,,,,,,,,,,,,,,0
3995,2,3995,Jatropha,"",eukaryota,false,,,,,,,,,,,,,,,,0.11486064761649224,1,,,76.0,25.0,10^-3.24642,,,,,[180498],0
180498,1,3995,Jatropha curcas,"",eukaryota,false,,,,,,,,,,,,,,,,0.11486064761649224,1,,,76.0,25.0,10^-3.24642,,,,,,0
3982,2,3982,Manihot,"",eukaryota,false,,,,,,,,,,,,,,,,0.11486064761649224,1,,,75.0,24.0,10^-3.78781,,,,,[3983],0
3983,1,3982,Manihot esculenta,cassava,eukaryota,false,,,,,,,,,,,,,,,,0.11486064761649224,1,,,75.0,24.0,10^-3.78781,,,,,,0
3932,2,3932,Eucalyptus,"",eukaryota,false,,,,0.11486064761649224,1,,,94.737,76.0,10^-33.8595,,,,,,,,,,,,,,,,,[71139],0
71139,1,3932,Eucalyptus grandis,"",eukaryota,false,,,,0.11486064761649224,1,,,94.737,76.0,10^-33.8595,,,,,,,,,,,,,,,,,,0
3913,2,3913,Vigna,"",eukaryota,false,,,,0.22972129523298448,2,,,92.6125,41.0,10^-11.4854,,,,,,,,,,,,,,,,,"[157791, 3917]",0
157791,1,3913,Vigna radiata,"",eukaryota,false,,,,0.11486064761649224,1,,,93.333,45.0,10^-14.1877,,,,,,,,,,,,,,,,,,0
3917,1,3913,Vigna unguiculata,cowpea,eukaryota,false,,,,0.11486064761649224,1,,,91.892,37.0,10^-8.78321,,,,,,,,,,,,,,,,,,0
3898,2,3898,Trifolium,"",eukaryota,false,,,,0.22972129523298448,2,,,94.783,38.5,10^-11.1685,,,,,,0.11486064761649224,1,,,68.0,25.0,10^-3.89963,,,,,"[97021, 3899]",0
97021,1,3898,Trifolium dubium,"",eukaryota,false,,,,0.11486064761649224,1,,,95.122,41.0,10^-12.8557,,,,,,,,,,,,,,,,,,0
3899,1,3898,Trifolium repens,white clover,eukaryota,false,,,,0.11486064761649224,1,,,94.444,36.0,10^-9.48129,,,,,,0.11486064761649224,1,,,68.0,25.0,10^-3.89963,,,,,,0
3894,2,3894,Sesbania,"",eukaryota,false,,,,,,,,,,,,,,,,0.11486064761649224,1,,,92.0,25.0,10^-5.40561,,,,,[485725],0
485725,1,3894,Sesbania bispinosa,"",eukaryota,false,,,,,,,,,,,,,,,,0.11486064761649224,1,,,92.0,25.0,10^-5.40561,,,,,,0
3887,2,3887,Pisum,"",eukaryota,false,,,,,,,,,,,,,,,,0.11486064761649224,1,,,100.0,25.0,10^-7.07572,,,,,[3888],0
3888,1,3887,Pisum sativum,garden pea,eukaryota,false,,,,,,,,,,,,,,,,0.11486064761649224,1,,,100.0,25.0,10^-7.07572,,,,,,0
3877,2,3877,Medicago,medics,eukaryota,false,,,,0.22972129523298448,2,,,86.153,40.0,10^-7.37752,,,,,,,,,,,,,,,,,"[47085, 3880]",0
47085,1,3877,Medicago lupulina,"",eukaryota,false,,,,0.11486064761649224,1,,,88.095,42.0,10^-9.41435,,,,,,,,,,,,,,,,,,0
3880,1,3877,Medicago truncatula,barrel medic,eukaryota,false,,,,0.11486064761649224,1,,,84.211,38.0,10^-5.3407,,,,,,,,,,,,,,,,,,0
3869,2,3869,Lupinus,"",eukaryota,false,,,,0.11486064761649224,1,,,93.023,43.0,10^-12.8351,,,,,,332.06213225927905,2891,1,2844,52.3542,243.995,10^-54.8619,,,,,"[3871, 3870]",0
3871,1,3869,Lupinus angustifolius,narrow-leaved blue lupine,eukaryota,false,,,,0.11486064761649224,1,,,93.023,43.0,10^-12.8351,,,,,,0.11486064761649224,1,,,87.0,23.0,10^-5.11804,,,,,,0
3870,1,3869,Lupinus albus,white lupine,eukaryota,false,,,,,,,,,,,,,,,,331.9472716116626,2890,1,2844,52.341,244.079,10^-54.8808,,,,,,0
3846,2,3846,Glycine,"",eukaryota,false,,,,0.11486064761649224,1,,,94.444,36.0,10^-9.48129,,,,,,,,,,,,,,,,,[3847],0
3847,1,3846,Glycine max,soybean,eukaryota,false,,,,0.11486064761649224,1,,,94.444,36.0,10^-9.48129,,,,,,,,,,,,,,,,,,0
3820,2,3820,Cajanus,"",eukaryota,false,,,,0.11486064761649224,1,,,86.842,76.0,10^-25.6252,,,,,,,,,,,,,,,,,[3821],0
3821,1,3820,Cajanus cajan,pigeon pea,eukaryota,false,,,,0.11486064761649224,1,,,86.842,76.0,10^-25.6252,,,,,,,,,,,,,,,,,,0
3761,2,3761,Geum,"",eukaryota,false,,,,0.11486064761649224,1,,,95.122,41.0,10^-12.8557,,,,,,,,,,,,,,,,,[57919],0
57919,1,3761,Geum urbanum,"",eukaryota,false,,,,0.11486064761649224,1,,,95.122,41.0,10^-12.8557,,,,,,,,,,,,,,,,,,0
3754,2,3754,Prunus,"",eukaryota,false,,,,,,,,,,,,,,,,0.22972129523298448,2,,,89.6,24.0,10^-6.53014,,,,,"[36596, 3755]",0
36596,1,3754,Prunus armeniaca,apricot,eukaryota,false,,,,,,,,,,,,,,,,0.11486064761649224,1,,,100.0,24.0,10^-8.86646,,,,,,0
3755,1,3754,Prunus dulcis,almond,eukaryota,false,,,,,,,,,,,,,,,,0.11486064761649224,1,,,79.2,24.0,10^-4.19382,,,,,,0
3705,2,3705,Brassica,"",eukaryota,false,,,,0.5743032380824612,5,,,90.3114,54.2,10^-17.421,,,,,,0.11486064761649224,1,,,79.2,24.0,10^-3.06956,,,,,"[3712, 3711, 3708]",0
3712,1,3705,Brassica oleracea,wild cabbage,eukaryota,false,,,,0.45944259046596897,4,,,88.8633,48.5,10^-12.7982,,,,,,,,,,,,,,,,,,0
3711,1,3705,Brassica rapa,field mustard,eukaryota,false,,,,,,,,,,,,,,,,0.11486064761649224,1,,,79.2,24.0,10^-3.06956,,,,,,0
3708,1,3705,Brassica napus,rape,eukaryota,false,,,,0.11486064761649224,1,,,96.104,77.0,10^-35.9123,,,,,,,,,,,,,,,,,,0
3701,2,3701,Arabidopsis,"",eukaryota,false,,,,,,,,,,,,,,,,0.22972129523298448,2,,,81.4,24.5,10^-4.89659,,,,,[1240361],0
1240361,1,3701,Arabidopsis thaliana x Arabidopsis arenosa,"",eukaryota,false,,,,,,,,,,,,,,,,0.22972129523298448,2,,,81.4,24.5,10^-4.89659,,,,,,0
3655,2,3655,Cucumis,"",eukaryota,false,,,,0.22972129523298448,2,,,92.105,38.0,10^-9.45781,,,,,,,,,,,,,,,,,[3656],0
3656,1,3655,Cucumis melo,muskmelon,eukaryota,false,,,,0.22972129523298448,2,,,92.105,38.0,10^-9.45781,,,,,,,,,,,,,,,,,,0
3648,2,3648,Carica,"",eukaryota,false,,,,0.11486064761649224,1,,,91.304,69.0,10^-26.3534,,,,,,,,,,,,,,,,,[3649],0
3649,1,3648,Carica papaya,papaya,eukaryota,false,,,,0.11486064761649224,1,,,91.304,69.0,10^-26.3534,,,,,,,,,,,,,,,,,,0
3633,2,3633,Gossypium,"",eukaryota,false,,,,0.11486064761649224,1,,,81.081,37.0,10^-3.29373,,,,,,0.22972129523298448,2,,,87.65,24.0,10^-5.74642,,,,,"[47602, 47600, 29730]",0
47602,1,3633,Gossypium stocksii,"",eukaryota,false,,,,,,,,,,,,,,,,0.11486064761649224,1,,,84.0,25.0,10^-5.9431,,,,,,0
47600,1,3633,Gossypium anomalum,"",eukaryota,false,,,,,,,,,,,,,,,,0.11486064761649224,1,,,91.3,23.0,10^-5.54975,,,,,,0
29730,1,3633,Gossypium raimondii,Peruvian cotton,eukaryota,false,,,,0.11486064761649224,1,,,81.081,37.0,10^-3.29373,,,,,,,,,,,,,,,,,,0
3603,2,3603,Vitis,"",eukaryota,false,,,,0.11486064761649224,1,,,88.095,42.0,10^-9.41435,,,,,,0.11486064761649224,1,,,75.0,24.0,10^-3.37469,,,,,[29760],0
29760,1,3603,Vitis vinifera,wine grape,eukaryota,false,,,,0.11486064761649224,1,,,88.095,42.0,10^-9.41435,,,,,,0.11486064761649224,1,,,75.0,24.0,10^-3.37469,,,,,,0
3554,2,3554,Beta,"",eukaryota,false,,,,,,,,,,,,,,,,1.1486064761649224,10,,,91.63,22.5,10^-5.34884,,,,,[161934],0
161934,1,3554,Beta vulgaris,"",eukaryota,false,,,,,,,,,,,,,,,,1.1486064761649224,10,,,91.63,22.5,10^-5.34884,,,,,,0
3515,2,3515,Alnus,"",eukaryota,false,,,,0.22972129523298448,2,,,85.5505,38.0,10^-6.02704,,,,,,,,,,,,,,,,,[3517],0
3517,1,3515,Alnus glutinosa,"",eukaryota,false,,,,0.22972129523298448,2,,,85.5505,38.0,10^-6.02704,,,,,,,,,,,,,,,,,,0
3511,2,3511,Quercus,"",eukaryota,false,,,,,,,,,,,,,,,,0.11486064761649224,1,,,88.0,25.0,10^-6.73518,,,,,[58331],0
58331,1,3511,Quercus suber,"",eukaryota,false,,,,,,,,,,,,,,,,0.11486064761649224,1,,,88.0,25.0,10^-6.73518,,,,,,0
3497,2,3497,Morus,mulberries,eukaryota,false,,,,0.11486064761649224,1,,,91.176,68.0,10^-25.6735,,,,,,,,,,,,,,,,,[981085],0
981085,1,3497,Morus notabilis,"",eukaryota,false,,,,0.11486064761649224,1,,,91.176,68.0,10^-25.6735,,,,,,,,,,,,,,,,,,0
3459,2,3459,Coriaria,"",eukaryota,false,,,,0.11486064761649224,1,,,94.872,39.0,10^-11.5051,,,,,,,,,,,,,,,,,[79760],0
79760,1,3459,Coriaria nepalensis,"",eukaryota,false,,,,0.11486064761649224,1,,,94.872,39.0,10^-11.5051,,,,,,,,,,,,,,,,,,0
3450,2,3450,Aquilegia,"",eukaryota,false,,,,,,,,,,,,,,,,0.11486064761649224,1,,,87.5,24.0,10^-3.81816,,,,,[218851],0
218851,1,3450,Aquilegia coerulea,"",eukaryota,false,,,,,,,,,,,,,,,,0.11486064761649224,1,,,87.5,24.0,10^-3.81816,,,,,,0
3246,2,3246,Selaginella,"",eukaryota,false,,,,0.11486064761649224,1,,,85.714,56.0,10^-14.7789,,,,,,,,,,,,,,,,,[88036],0
88036,1,3246,Selaginella moellendorffii,"",eukaryota,false,,,,0.11486064761649224,1,,,85.714,56.0,10^-14.7789,,,,,,,,,,,,,,,,,,0
3071,2,3071,Chlorella,"",eukaryota,false,,,,0.11486064761649224,1,,,92.105,38.0,10^-9.45781,,,,,,0.11486064761649224,1,,,88.0,25.0,10^-3.83565,,,,,"[2649997, 3076]",0
2649997,1,3071,Chlorella ohadii,"",eukaryota,false,,,,,,,,,,,,,,,,0.11486064761649224,1,,,88.0,25.0,10^-3.83565,,,,,,0
3076,1,3071,Chlorella sorokiniana,"",eukaryota,false,,,,0.11486064761649224,1,,,92.105,38.0,10^-9.45781,,,,,,,,,,,,,,,,,,0
3052,2,3052,Chlamydomonas,"",eukaryota,false,,,,0.11486064761649224,1,,,90.667,75.0,10^-29.0619,,,,,,0.11486064761649224,1,,,100.0,24.0,10^-4.6038,,,,,"[1653778, 3055]",0
1653778,1,3052,Chlamydomonas sp. UWO 241,"",eukaryota,false,,,,,,,,,,,,,,,,0.11486064761649224,1,,,100.0,24.0,10^-4.6038,,,,,,0
3055,1,3052,Chlamydomonas reinhardtii,"",eukaryota,false,,,,0.11486064761649224,1,,,90.667,75.0,10^-29.0619,,,,,,,,,,,,,,,,,,0
3038,2,3038,Euglena,"",eukaryota,false,,,,0.22972129523298448,2,,,95.615,68.5,10^-30.1308,,,,,,,,,,,,,,,,,[3039],0
3039,1,3038,Euglena gracilis,"",eukaryota,false,,,,0.22972129523298448,2,,,95.615,68.5,10^-30.1308,,,,,,,,,,,,,,,,,,0
3030,2,3030,Cryptomonas,"",eukaryota,false,,,,0.11486064761649224,1,,,91.071,56.0,10^-18.896,,,,,,,,,,,,,,,,,[2898],0
2898,1,3030,Cryptomonas paramecium,"",eukaryota,false,,,,0.11486064761649224,1,,,91.071,56.0,10^-18.896,,,,,,,,,,,,,,,,,,0
2991,2,2991,Synura,"",eukaryota,false,,,,0.11486064761649224,1,,,81.667,60.0,10^-13.3766,,,,,,,,,,,,,,,,,[1677819],0
1677819,1,2991,Synura sp. 450,"",eukaryota,false,,,,0.11486064761649224,1,,,81.667,60.0,10^-13.3766,,,,,,,,,,,,,,,,,,0
2849,2,2849,Phaeodactylum,"",eukaryota,false,,,,,,,,,,,,,,,,0.22972129523298448,2,,,89.6,22.5,10^-4.94276,,,,,[2850],0
2850,1,2849,Phaeodactylum tricornutum,"",eukaryota,false,,,,,,,,,,,,,,,,0.22972129523298448,2,,,89.6,22.5,10^-4.94276,,,,,,0
2747,2,2747,Carnobacterium,"",bacteria,false,,,,,,,,,,,,,,,,0.34458194284947674,3,,,91.6333,23.3333,10^-6.12008,,,,,[2751],0
2751,1,2747,Carnobacterium maltaromaticum,"",bacteria,false,,,,,,,,,,,,,,,,0.34458194284947674,3,,,91.6333,23.3333,10^-6.12008,,,,,,0
2745,2,2745,Halomonas,"",bacteria,false,,,,,,,,,,,,,,,,99.92876342634825,870,1,869,67.629,141.853,10^-59.4553,,,,,[664683],0
664683,1,2745,Halomonas titanicae,"",bacteria,false,,,,,,,,,,,,,,,,99.92876342634825,870,1,869,67.629,141.853,10^-59.4553,,,,,,0
2737,2,2737,Vagococcus,"",bacteria,false,,,,,,,,,,,,,,,,0.11486064761649224,1,,,86.4,22.0,10^-6.63264,,,,,[81947],0
81947,1,2737,Vagococcus lutrae,"",bacteria,false,,,,,,,,,,,,,,,,0.11486064761649224,1,,,86.4,22.0,10^-6.63264,,,,,,0
2433,2,2433,Roseobacter,"",bacteria,false,,,,,,,,,,,,,,,,0.11486064761649224,1,,,70.8,24.0,10^-3.51713,,,,,[351016],0
351016,1,2433,Roseobacter sp. AzwK-3b,"",bacteria,false,,,,,,,,,,,,,,,,0.11486064761649224,1,,,70.8,24.0,10^-3.51713,,,,,,0
2335,2,2335,Thermotoga,"",bacteria,false,,,,,,,,,,,,,,,,0.11486064761649224,1,,,80.0,25.0,10^-5.52578,,,,,[1587550],0
1587550,1,2335,Thermotoga sp. TBYP3.1.4.1,"",bacteria,false,,,,,,,,,,,,,,,,0.11486064761649224,1,,,80.0,25.0,10^-5.52578,,,,,,0
2132,2,2132,Spiroplasma,"",bacteria,false,,,,1208.448873573115,10521,2,10513,99.9404,2688.24,10^-307.43,,,,,,0.6891638856989535,6,,,95.8167,24.0,10^-4.19844,,,,,"[319049, 216937, 216936, 2136]",0
319049,1,2132,uncultured Spiroplasma sp.,"",bacteria,false,,,,0.11486064761649224,1,,,100.0,74.0,10^-36.6158,,,,,,,,,,,,,,,,,,0
216937,1,2132,Spiroplasma floricola,"",bacteria,false,,,,1208.219152277882,10519,2,10513,99.9411,2688.77,10^-307.485,,,,,,0.5743032380824612,5,,,94.98,24.0,10^-3.99333,,,,,,0
216936,1,2132,Spiroplasma diminutum,"",bacteria,false,,,,0.11486064761649224,1,,,93.421,76.0,10^-32.4871,,,,,,,,,,,,,,,,,,0
2136,1,2132,Spiroplasma monobiae,"",bacteria,false,,,,,,,,,,,,,,,,0.11486064761649224,1,,,100.0,24.0,10^-5.22403,,,,,,0
2093,2,2093,Mycoplasma,"",bacteria,false,,,,0.11486064761649224,1,,,95.122,41.0,10^-12.8557,,,,,,,,,,,,,,,,,[167967],0
167967,1,2093,uncultured Mycoplasma sp.,"",bacteria,false,,,,0.11486064761649224,1,,,95.122,41.0,10^-12.8557,,,,,,,,,,,,,,,,,,0
2071,2,2071,Saccharothrix,"",bacteria,false,,,,0.11486064761649224,1,,,97.333,75.0,10^-35.9238,,,,,,,,,,,,,,,,,[103731],0
103731,1,2071,Saccharothrix espanaensis,"",bacteria,false,,,,0.11486064761649224,1,,,97.333,75.0,10^-35.9238,,,,,,,,,,,,,,,,,,0
2063,2,2063,Kitasatospora,"",bacteria,false,,,,0.11486064761649224,1,,,100.0,45.0,10^-18.3048,,,,,,,,,,,,,,,,,[58350],0
58350,1,2063,Kitasatospora cystarginea,"",bacteria,false,,,,0.11486064761649224,1,,,100.0,45.0,10^-18.3048,,,,,,,,,,,,,,,,,,0
2053,2,2053,Gordonia,"",bacteria,false,,,,2.756655542795814,24,1,16,93.6103,267.292,10^-101.64,,,,,,,,,,,,,,,,,"[2420509, 89053, 84595, 84096, 36822, 2055]",0
2420509,1,2053,Gordonia insulae,"",bacteria,false,,,,1.952631009480368,17,1,16,91.3664,346.118,10^-127.732,,,,,,,,,,,,,,,,,,0
89053,1,2053,Gordonia amicalis,"",bacteria,false,,,,0.22972129523298448,2,,,99.342,76.0,10^-38.6628,,,,,,,,,,,,,,,,,,0
84595,1,2053,Gordonia polyisoprenivorans,"",bacteria,false,,,,0.22972129523298448,2,,,100.0,75.5,10^-39.0087,,,,,,,,,,,,,,,,,,0
84096,1,2053,Gordonia alkanivorans,"",bacteria,false,,,,0.11486064761649224,1,,,97.368,76.0,10^-36.6042,,,,,,,,,,,,,,,,,,0
36822,1,2053,Gordonia rubripertincta,"",bacteria,false,,,,0.11486064761649224,1,,,98.684,76.0,10^-37.9766,,,,,,,,,,,,,,,,,,0
2055,1,2053,Gordonia terrae,"",bacteria,false,,,,0.11486064761649224,1,,,98.684,76.0,10^-37.9766,,,,,,,,,,,,,,,,,,0
2040,2,2040,Aeromicrobium,"",bacteria,false,,,,1.378327771397907,12,,,97.6882,75.3333,10^-36.4937,,,,,,,,,,,,,,,,,"[3009077, 2969247, 2968086, 2662028, 2079793, 1736306, 560557, 2041]",0
3009077,1,2040,Aeromicrobium sp. HA,"",bacteria,false,,,,0.22972129523298448,2,,,99.3335,75.5,10^-38.3225,,,,,,,,,,,,,,,,,,0
2969247,1,2040,Aeromicrobium wangtongii,"",bacteria,false,,,,0.11486064761649224,1,,,100.0,76.0,10^-39.3489,,,,,,,,,,,,,,,,,,0
2968086,1,2040,Aeromicrobium duanguangcaii,"",bacteria,false,,,,0.11486064761649224,1,,,98.684,76.0,10^-37.9766,,,,,,,,,,,,,,,,,,0
2662028,1,2040,Aeromicrobium yanjiei,"",bacteria,false,,,,0.22972129523298448,2,,,99.296,73.5,10^-36.9621,,,,,,,,,,,,,,,,,,0
2079793,1,2040,Aeromicrobium chenweiae,"",bacteria,false,,,,0.11486064761649224,1,,,100.0,74.0,10^-37.9881,,,,,,,,,,,,,,,,,,0
1736306,1,2040,Aeromicrobium sp. Leaf245,"",bacteria,false,,,,0.34458194284947674,3,,,92.544,76.0,10^-31.5722,,,,,,,,,,,,,,,,,,0
560557,1,2040,Aeromicrobium halocynthiae,"",bacteria,false,,,,0.11486064761649224,1,,,100.0,76.0,10^-39.3489,,,,,,,,,,,,,,,,,,0
2041,1,2040,Aeromicrobium erythreum,"",bacteria,false,,,,0.11486064761649224,1,,,98.684,76.0,10^-37.9766,,,,,,,,,,,,,,,,,,0
2034,2,2034,Curtobacterium,"",bacteria,false,,,,0.11486064761649224,1,,,100.0,76.0,10^-39.3489,,,,,,0.22972129523298448,2,,,83.5,24.5,10^-6.77409,,,,,"[2175658, 2035]",0
2175658,1,2034,Curtobacterium sp. MCBD17_029,"",bacteria,false,,,,,,,,,,,,,,,,0.22972129523298448,2,,,83.5,24.5,10^-6.77409,,,,,,0
2035,1,2034,Curtobacterium flaccumfaciens,"",bacteria,false,,,,0.11486064761649224,1,,,100.0,76.0,10^-39.3489,,,,,,,,,,,,,,,,,,0
2029,2,2029,Kibdelosporangium,"",bacteria,false,,,,0.45944259046596897,4,,,95.6667,75.25,10^-34.3784,,,,,,,,,,,,,,,,,"[860235, 703222]",0
860235,1,2029,Kibdelosporangium phytohabitans,"",bacteria,false,,,,0.22972129523298448,2,,,94.0,75.0,10^-32.4928,,,,,,,,,,,,,,,,,,0
703222,1,2029,Kibdelosporangium sp. MJ126-NF4,"",bacteria,false,,,,0.22972129523298448,2,,,97.3335,75.5,10^-36.264,,,,,,,,,,,,,,,,,,0
2013,2,2013,Nocardiopsis,"",bacteria,false,,,,,,,,,,,,,,,,0.22972129523298448,2,,,85.65,24.5,10^-3.31624,,,,,"[372655, 141693]",0
372655,1,2013,Nocardiopsis terrae,"",bacteria,false,,,,,,,,,,,,,,,,0.11486064761649224,1,,,83.3,24.0,10^-3.09637,,,,,,0
141693,1,2013,Nocardiopsis kunsanensis,"",bacteria,false,,,,,,,,,,,,,,,,0.11486064761649224,1,,,88.0,25.0,10^-3.53611,,,,,,0
2005,2,2005,Microbispora,"",bacteria,false,,,,,,,,,,,,,,,,0.11486064761649224,1,,,79.2,24.0,10^-3.76195,,,,,[1460882],0
1460882,1,2005,Microbispora bryophytorum,"",bacteria,false,,,,,,,,,,,,,,,,0.11486064761649224,1,,,79.2,24.0,10^-3.76195,,,,,,0
2000,2,2000,Streptosporangium,"",bacteria,false,,,,,,,,,,,,,,,,0.11486064761649224,1,,,66.7,24.0,10^-3.29499,,,,,[35764],0
35764,1,2000,Streptosporangium nondiastaticum,"",bacteria,false,,,,,,,,,,,,,,,,0.11486064761649224,1,,,66.7,24.0,10^-3.29499,,,,,,0
1988,2,1988,Actinomadura,"",bacteria,false,,,,,,,,,,,,,,,,0.11486064761649224,1,,,96.0,25.0,10^-6.19997,,,,,[2805427],0
2805427,1,1988,Actinomadura luzonensis,"",bacteria,false,,,,,,,,,,,,,,,,0.11486064761649224,1,,,96.0,25.0,10^-6.19997,,,,,,0
1883,2,1883,Streptomyces,"",bacteria,false,,,,1.378327771397907,12,,,97.8491,76.0,10^-37.0617,,,,,,5.168729142742151,45,1,16,87.4113,45.0667,10^-17.5822,,,,,"[3031131, 2949637, 2931983, 2838850, 1904616, 1169025, 998084, 645465, 591158, 465543, 465541, 348043, 285562, 281379, 253839, 114686, 68247, 67581, 67296, 51201, 38300, 1971, 1931, 1926, 1916, 1915, 1886]",0
3031131,1,1883,Streptomyces sp. VNUA24,"",bacteria,false,,,,0.11486064761649224,1,,,100.0,76.0,10^-39.3489,,,,,,,,,,,,,,,,,,0
2949637,1,1883,Streptomyces sp. Caat 7-52,"",bacteria,false,,,,0.11486064761649224,1,,,100.0,76.0,10^-39.3489,,,,,,,,,,,,,,,,,,0
2931983,1,1883,Streptomyces sp. LRE541,"",bacteria,false,,,,0.11486064761649224,1,,,100.0,75.0,10^-38.6685,,,,,,,,,,,,,,,,,,0
2838850,1,1883,Streptomyces sp. 135,"",bacteria,false,,,,0.11486064761649224,1,,,100.0,76.0,10^-39.3489,,,,,,,,,,,,,,,,,,0
1904616,1,1883,Streptomyces fodineus,"",bacteria,false,,,,0.11486064761649224,1,,,80.769,78.0,10^-20.1245,,,,,,,,,,,,,,,,,,0
1169025,1,1883,Streptomyces pratensis,"",bacteria,false,,,,,,,,,,,,,,,,0.22972129523298448,2,,,86.0,24.5,10^-5.76818,,,,,,0
998084,1,1883,Streptomyces himastatinicus,"",bacteria,false,,,,,,,,,,,,,,,,0.22972129523298448,2,,,95.85,24.0,10^-7.4392,,,,,,0
645465,1,1883,Streptomyces sp. e14,"",bacteria,false,,,,,,,,,,,,,,,,0.34458194284947674,3,,,92.9333,24.0,10^-6.42476,,,,,,0
591158,1,1883,Streptomyces sp. AA4,"",bacteria,false,,,,,,,,,,,,,,,,0.5743032380824612,5,,,97.34,23.8,10^-6.59627,,,,,,0
465543,1,1883,Streptomyces sp. SPB074,"",bacteria,false,,,,,,,,,,,,,,,,0.22972129523298448,2,,,91.3,23.0,10^-6.97469,,,,,,0
465541,1,1883,Streptomyces sp. Mg1,"",bacteria,false,,,,,,,,,,,,,,,,0.34458194284947674,3,,,88.7667,24.0,10^-5.31552,,,,,,0
348043,1,1883,Streptomyces davaonensis,"",bacteria,false,,,,0.11486064761649224,1,,,100.0,76.0,10^-39.3489,,,,,,,,,,,,,,,,,,0
285562,1,1883,Streptomyces coelicoflavus,"",bacteria,false,,,,,,,,,,,,,,,,1.8377703618638759,16,1,16,78.313,83.0,10^-37.8356,,,,,,0
281379,1,1883,Streptomyces sp. MS-259,"",bacteria,false,,,,0.11486064761649224,1,,,98.684,76.0,10^-37.9766,,,,,,,,,,,,,,,,,,0
253839,1,1883,Streptomyces sp. C,"",bacteria,false,,,,,,,,,,,,,,,,0.11486064761649224,1,,,91.7,24.0,10^-4.44855,,,,,,0
114686,1,1883,Streptomyces phaeoluteigriseus,"",bacteria,false,,,,,,,,,,,,,,,,0.11486064761649224,1,,,92.0,25.0,10^-10.4214,,,,,,0
68247,1,1883,Streptomyces omiyaensis,"",bacteria,false,,,,,,,,,,,,,,,,0.11486064761649224,1,,,80.0,25.0,10^-5.46597,,,,,,0
67581,1,1883,Streptomyces viridosporus,"",bacteria,false,,,,0.11486064761649224,1,,,97.368,76.0,10^-36.6042,,,,,,0.11486064761649224,1,,,88.0,25.0,10^-5.54821,,,,,,0
67296,1,1883,Streptomyces finlayi,"",bacteria,false,,,,0.11486064761649224,1,,,100.0,76.0,10^-39.3489,,,,,,,,,,,,,,,,,,0
51201,1,1883,Streptomyces griseocarneus,"",bacteria,false,,,,,,,,,,,,,,,,0.11486064761649224,1,,,96.0,25.0,10^-8.0013,,,,,,0
38300,1,1883,Streptomyces pristinaespiralis,"",bacteria,false,,,,,,,,,,,,,,,,0.11486064761649224,1,,,92.0,25.0,10^-7.11014,,,,,,0
1971,1,1883,Streptomyces noursei,"",bacteria,false,,,,0.11486064761649224,1,,,97.368,76.0,10^-36.6042,,,,,,,,,,,,,,,,,,0
1931,1,1883,Streptomyces sp.,"",bacteria,false,,,,0.11486064761649224,1,,,100.0,76.0,10^-39.3489,,,,,,,,,,,,,,,,,,0
1926,1,1883,Streptomyces reticuli,"",bacteria,false,,,,0.11486064761649224,1,,,100.0,75.0,10^-38.6685,,,,,,,,,,,,,,,,,,0
1916,1,1883,Streptomyces lividans,"",bacteria,false,,,,,,,,,,,,,,,,0.11486064761649224,1,,,91.7,24.0,10^-6.13727,,,,,,0
1915,1,1883,Streptomyces lincolnensis,"",bacteria,false,,,,,,,,,,,,,,,,0.22972129523298448,2,,,92.0,25.0,10^-5.58942,,,,,,0
1886,1,1883,Streptomyces albidoflavus,"",bacteria,false,,,,,,,,,,,,,,,,0.34458194284947674,3,,,95.6667,23.6667,10^-6.31684,,,,,,0
1873,2,1873,Micromonospora,"",bacteria,false,,,,0.5743032380824612,5,,,92.2894,68.8,10^-28.1512,,,,,,,,,,,,,,,,,"[3015167, 3015151, 2749844, 285665, 47858]",0
3015167,1,1873,Micromonospora sp. WMMA1998,"",bacteria,false,,,,0.11486064761649224,1,,,100.0,76.0,10^-39.3489,,,,,,,,,,,,,,,,,,0
3015151,1,1873,Micromonospora sp. WMMD882,"",bacteria,false,,,,0.11486064761649224,1,,,78.947,76.0,10^-17.391,,,,,,,,,,,,,,,,,,0
2749844,1,1873,Micromonospora ferruginea,"",bacteria,false,,,,0.11486064761649224,1,,,100.0,76.0,10^-39.3489,,,,,,,,,,,,,,,,,,0
285665,1,1873,Micromonospora coriariae,"",bacteria,false,,,,0.11486064761649224,1,,,82.5,40.0,10^-5.31842,,,,,,,,,,,,,,,,,,0
47858,1,1873,Micromonospora echinofusca,"",bacteria,false,,,,0.11486064761649224,1,,,100.0,76.0,10^-39.3489,,,,,,,,,,,,,,,,,,0
1865,2,1865,Actinoplanes,"",bacteria,false,,,,0.22972129523298448,2,,,97.3325,37.5,10^-11.8653,,,,,,,,,,,,,,,,,"[122358, 1866]",0
122358,1,1865,Actinoplanes ianthinogenes,"",bacteria,false,,,,0.11486064761649224,1,,,97.297,37.0,10^-11.528,,,,,,,,,,,,,,,,,,0
1866,1,1865,Actinoplanes missouriensis,"",bacteria,false,,,,0.11486064761649224,1,,,97.368,38.0,10^-12.2026,,,,,,,,,,,,,,,,,,0
1860,2,1860,Geodermatophilus,"",bacteria,false,,,,0.45944259046596897,4,,,99.342,75.75,10^-38.4926,,,,,,,,,,,,,,,,,[1861],0
1861,1,1860,Geodermatophilus obscurus,"",bacteria,false,,,,0.45944259046596897,4,,,99.342,75.75,10^-38.4926,,,,,,,,,,,,,,,,,,0
1847,2,1847,Pseudonocardia,"",bacteria,false,,,,1.6080490666308913,14,,,98.0156,74.7143,10^-36.4157,,,,,,,,,,,,,,,,,"[1690815, 1688404, 1641402, 1096868, 1096856, 445576, 240495, 33907, 2074]",0
1690815,1,1847,Pseudonocardia sp. HH130630-07,"",bacteria,false,,,,0.34458194284947674,3,,,97.355,75.3333,10^-36.1507,,,,,,,,,,,,,,,,,,0
1688404,1,1847,Pseudonocardia sp. EC080610-09,"",bacteria,false,,,,0.34458194284947674,3,,,95.614,75.0,10^-34.094,,,,,,,,,,,,,,,,,,0
1641402,1,1847,Pseudonocardia sp. HH130629-09,"",bacteria,false,,,,0.11486064761649224,1,,,100.0,72.0,10^-36.6277,,,,,,,,,,,,,,,,,,0
1096868,1,1847,Pseudonocardia sp. EC080625-04,"",bacteria,false,,,,0.11486064761649224,1,,,97.26,73.0,10^-34.5631,,,,,,,,,,,,,,,,,,0
1096856,1,1847,Pseudonocardia sp. EC080619-01,"",bacteria,false,,,,0.11486064761649224,1,,,97.368,76.0,10^-36.6042,,,,,,,,,,,,,,,,,,0
445576,1,1847,Pseudonocardia sp. AL041005-10,"",bacteria,false,,,,0.11486064761649224,1,,,100.0,74.0,10^-37.9881,,,,,,,,,,,,,,,,,,0
240495,1,1847,Pseudonocardia dioxanivorans,"",bacteria,false,,,,0.11486064761649224,1,,,98.684,76.0,10^-37.9766,,,,,,,,,,,,,,,,,,0
33907,1,1847,Pseudonocardia alni,"",bacteria,false,,,,0.11486064761649224,1,,,100.0,72.0,10^-36.6277,,,,,,,,,,,,,,,,,,0
2074,1,1847,Pseudonocardia autotrophica,"",bacteria,false,,,,0.22972129523298448,2,,,100.0,76.0,10^-39.3489,,,,,,,,,,,,,,,,,,0
1839,2,1839,Nocardioides,"",bacteria,false,,,,0.34458194284947674,3,,,99.5613,75.0,10^-38.2111,,,,,,0.11486064761649224,1,,,80.0,25.0,10^-5.767,,,,,"[2849501, 2653157, 2592334, 419476]",0
2849501,1,1839,Nocardioides panacis,"",bacteria,false,,,,0.11486064761649224,1,,,100.0,74.0,10^-37.9881,,,,,,,,,,,,,,,,,,0
2653157,1,1839,Nocardioides sp. AX2bis,"",bacteria,false,,,,,,,,,,,,,,,,0.11486064761649224,1,,,80.0,25.0,10^-5.767,,,,,,0
2592334,1,1839,Nocardioides sp. JQ2195,"",bacteria,false,,,,0.11486064761649224,1,,,100.0,75.0,10^-38.6685,,,,,,,,,,,,,,,,,,0
419476,1,1839,Nocardioides marinisabuli,"",bacteria,false,,,,0.11486064761649224,1,,,98.684,76.0,10^-37.9766,,,,,,,,,,,,,,,,,,0
1835,2,1835,Saccharopolyspora,"",bacteria,false,,,,0.11486064761649224,1,,,93.421,76.0,10^-32.4871,,,,,,,,,,,,,,,,,[455344],0
455344,1,1835,Saccharopolyspora gloriosae,"",bacteria,false,,,,0.11486064761649224,1,,,93.421,76.0,10^-32.4871,,,,,,,,,,,,,,,,,,0
1827,2,1827,Rhodococcus,"",bacteria,false,,,,0.6891638856989535,6,,,97.5577,69.3333,10^-32.9976,,,,,,1.2634671237814146,11,,,91.5545,23.0,10^-6.33857,,,,,"[2987751, 1653478, 260936, 103816, 1831, 1830]",0
2987751,1,1827,Rhodococcus antarcticus,"",bacteria,false,,,,0.11486064761649224,1,,,91.892,37.0,10^-8.78321,,,,,,,,,,,,,,,,,,0
1653478,1,1827,Rhodococcus sp. PBTS 1,"",bacteria,false,,,,0.11486064761649224,1,,,98.649,74.0,10^-36.6158,,,,,,,,,,,,,,,,,,0
260936,1,1827,Rhodococcus sp. RD6.2,"",bacteria,false,,,,,,,,,,,,,,,,1.1486064761649224,10,,,91.62,23.1,10^-6.56732,,,,,,0
103816,1,1827,Rhodococcus pyridinivorans,"",bacteria,false,,,,0.34458194284947674,3,,,98.2683,76.3333,10^-37.7459,,,,,,,,,,,,,,,,,,0
1831,1,1827,Rhodococcus sp. (in: high G+C Gram-positive bacteria),"",bacteria,false,,,,0.11486064761649224,1,,,100.0,76.0,10^-39.3489,,,,,,,,,,,,,,,,,,0
1830,1,1827,Rhodococcus ruber,"",bacteria,false,,,,,,,,,,,,,,,,0.11486064761649224,1,,,90.9,22.0,10^-4.0511,,,,,,0
1817,2,1817,Nocardia,"",bacteria,false,,,,0.34458194284947674,3,,,98.24,75.3333,10^-37.0655,,,,,,0.34458194284947674,3,,,93.1333,24.3333,10^-5.50009,,,,,"[2213200, 480035, 135487, 1824]",1
2213200,1,1817,Nocardia mangyaensis,"",bacteria,false,,,,0.11486064761649224,1,,,96.053,76.0,10^-35.2318,,,,,,,,,,,,,,,,,,0
480035,1,1817,Nocardia wallacei,"",bacteria,false,,,,0.11486064761649224,1,,,100.0,75.0,10^-38.6685,,,,,,,,,,,,,,,,,,0
135487,1,1817,Nocardia cyriacigeorgica,"",bacteria,false,,,,0.11486064761649224,1,,,98.667,75.0,10^-37.2961,,,,,,0.22972129523298448,2,,,93.85,24.5,10^-6.21561,,,,,,0
1824,1,1817,Nocardia asteroides,"",bacteria,false,,,,,,,,,,,,,,,,0.11486064761649224,1,,,91.7,24.0,10^-4.06905,,,,,,1
1813,2,1813,Amycolatopsis,"",bacteria,false,,,,0.8040245333154457,7,,,96.2383,74.1429,10^-33.9686,,,,,,0.11486064761649224,1,,,88.0,25.0,10^-6.64975,,,,,"[2932773, 2861750, 715475, 715473, 715472, 129921, 33910]",0
2932773,1,1813,Amycolatopsis sp. WQ 127309,"",bacteria,false,,,,0.22972129523298448,2,,,89.474,76.0,10^-28.37,,,,,,,,,,,,,,,,,,0
2861750,1,1813,Amycolatopsis sp. TNS106,"",bacteria,false,,,,0.11486064761649224,1,,,100.0,75.0,10^-38.6685,,,,,,,,,,,,,,,,,,0
715475,1,1813,Amycolatopsis sp. 4-36,"",bacteria,false,,,,0.11486064761649224,1,,,96.053,76.0,10^-35.2318,,,,,,,,,,,,,,,,,,0
715473,1,1813,Amycolatopsis acidiphila,"",bacteria,false,,,,,,,,,,,,,,,,0.11486064761649224,1,,,88.0,25.0,10^-6.64975,,,,,,0
715472,1,1813,Amycolatopsis sp. 2-2,"",bacteria,false,,,,0.11486064761649224,1,,,98.667,75.0,10^-37.2961,,,,,,,,,,,,,,,,,,0
129921,1,1813,Amycolatopsis keratiniphila,"",bacteria,false,,,,0.11486064761649224,1,,,100.0,67.0,10^-33.228,,,,,,,,,,,,,,,,,,0
33910,1,1813,Amycolatopsis mediterranei,"",bacteria,false,,,,0.11486064761649224,1,,,100.0,74.0,10^-36.6158,,,,,,,,,,,,,,,,,,0
1763,2,1763,Mycobacterium,"",bacteria,false,,,,0.5743032380824612,5,,,97.1052,75.6,10^-36.0575,,,,,,0.8040245333154457,7,,,93.0286,24.5714,10^-5.84684,,,,,"[1964395, 722731, 482462, 171292, 1809, 1785, 1773]",2
1964395,1,1763,Mycobacterium ahvazicum,"",bacteria,false,,,,,,,,,,,,,,,,0.22972129523298448,2,,,91.9,24.5,10^-5.55399,,,,,,0
722731,1,1763,Mycobacterium shigaense,"",bacteria,false,,,,0.11486064761649224,1,,,92.105,76.0,10^-31.1147,,,,,,,,,,,,,,,,,,0
482462,1,1763,Mycobacterium dioxanotrophicus,"",bacteria,false,,,,0.11486064761649224,1,,,96.053,76.0,10^-35.2318,,,,,,,,,,,,,,,,,,0
171292,1,1763,uncultured Mycobacterium sp.,"",bacteria,false,,,,0.11486064761649224,1,,,97.368,76.0,10^-36.6042,,,,,,0.22972129523298448,2,,,89.85,24.5,10^-6.26028,,,,,,0
1809,1,1763,Mycobacterium ulcerans,"",bacteria,false,,,,,,,,,,,,,,,,0.11486064761649224,1,,,100.0,25.0,10^-7.02733,,,,,,1
1785,1,1763,Mycobacterium sp.,"",bacteria,false,,,,,,,,,,,,,,,,0.11486064761649224,1,,,96.0,25.0,10^-7.10958,,,,,,0
1773,1,1763,Mycobacterium tuberculosis,"",bacteria,false,,,,0.22972129523298448,2,,,100.0,75.0,10^-38.6685,,,,,,0.11486064761649224,1,,,91.7,24.0,10^-3.16241,,,,,,1
1743,2,1743,Propionibacterium,"",bacteria,false,,,,,,,,,,,,,,,,0.22972129523298448,2,,,87.3,24.0,10^-5.19574,,,,,[1962131],0
1962131,1,1743,Propionibacterium ruminifibrarum,"",bacteria,false,,,,,,,,,,,,,,,,0.22972129523298448,2,,,87.3,24.0,10^-5.19574,,,,,,0
1730,2,1730,Eubacterium,"",bacteria,false,,,,,,,,,,,,,,,,0.11486064761649224,1,,,95.7,23.0,10^-6.93554,,,,,[39496],0
39496,1,1730,Eubacterium ventriosum,"",bacteria,false,,,,,,,,,,,,,,,,0.11486064761649224,1,,,95.7,23.0,10^-6.93554,,,,,,0
1716,2,1716,Corynebacterium,"",bacteria,false,,,,0.5743032380824612,5,,,91.282,63.4,10^-24.4834,,,,,,1.378327771397907,12,,,89.1417,23.75,10^-5.73149,,,,,"[2828363, 2719119, 2079535, 2044578, 1862358, 169292, 37637, 1717]",1
2828363,1,1716,Corynebacterium parakroppenstedtii,"",bacteria,false,,,,,,,,,,,,,,,,0.11486064761649224,1,,,76.0,25.0,10^-3.88273,,,,,,0
2719119,1,1716,Corynebacterium rouxii,"",bacteria,false,,,,,,,,,,,,,,,,0.34458194284947674,3,,,88.2333,22.3333,10^-5.43755,,,,,,0
2079535,1,1716,Corynebacterium liangguodongii,"",bacteria,false,,,,0.11486064761649224,1,,,100.0,76.0,10^-39.3489,,,,,,,,,,,,,,,,,,0
2044578,1,1716,Corynebacterium sp. LK29,"",bacteria,false,,,,,,,,,,,,,,,,0.34458194284947674,3,,,91.5333,23.6667,10^-6.44992,,,,,,0
1862358,1,1716,Corynebacterium choanae,"",bacteria,false,,,,0.22972129523298448,2,,,83.6535,45.5,10^-8.35478,,,,,,,,,,,,,,,,,,0
169292,1,1716,Corynebacterium aurimucosum,"",bacteria,false,,,,0.11486064761649224,1,,,97.436,78.0,10^-37.9653,,,,,,,,,,,,,,,,,,0
37637,1,1716,Corynebacterium pseudodiphtheriticum,"",bacteria,false,,,,0.11486064761649224,1,,,91.667,72.0,10^-28.3935,,,,,,,,,,,,,,,,,,0
1717,1,1716,Corynebacterium diphtheriae,"",bacteria,false,,,,,,,,,,,,,,,,0.5743032380824612,5,,,90.88,24.4,10^-5.84654,,,,,,1
1678,2,1678,Bifidobacterium,"",bacteria,false,,,,,,,,,,,,,,,,0.11486064761649224,1,,,87.5,24.0,10^-4.49894,,,,,[216816],0
216816,1,1678,Bifidobacterium longum,"",bacteria,false,,,,,,,,,,,,,,,,0.11486064761649224,1,,,87.5,24.0,10^-4.49894,,,,,,0
1663,2,1663,Arthrobacter,"",bacteria,false,,,,0.45944259046596897,4,,,100.0,67.5,10^-33.5786,,,,,,,,,,,,,,,,,"[2894187, 37928]",0
2894187,1,1663,Arthrobacter sp. zg-Y919,"",bacteria,false,,,,0.11486064761649224,1,,,100.0,75.0,10^-38.6685,,,,,,,,,,,,,,,,,,0
37928,1,1663,Arthrobacter crystallopoietes,"",bacteria,false,,,,0.34458194284947674,3,,,100.0,65.0,10^-31.8819,,,,,,,,,,,,,,,,,,0
1654,2,1654,Actinomyces,"",bacteria,false,,,,,,,,,,,,,,,,0.22972129523298448,2,,,87.5,24.0,10^-7.09034,,,,,[103621],0
103621,1,1654,Actinomyces urogenitalis,"",bacteria,false,,,,,,,,,,,,,,,,0.22972129523298448,2,,,87.5,24.0,10^-7.09034,,,,,,0
1637,2,1637,Listeria,"",bacteria,false,,,,,,,,,,,,,,,,0.34458194284947674,3,,,95.7667,23.6667,10^-7.07205,,,,,"[1641, 1639]",1
1641,1,1637,Listeria grayi,"",bacteria,false,,,,,,,,,,,,,,,,0.22972129523298448,2,,,95.65,23.0,10^-6.92176,,,,,,0
1639,1,1637,Listeria monocytogenes,"",bacteria,false,,,,,,,,,,,,,,,,0.11486064761649224,1,,,96.0,25.0,10^-7.37263,,,,,,1
1578,2,1578,Lactobacillus,"",bacteria,false,,,,,,,,,,,,,,,,1.6080490666308913,14,1,10,83.6843,52.4286,10^-20.7759,,,,,"[147802, 109790]",0
147802,1,1578,Lactobacillus iners,"",bacteria,false,,,,,,,,,,,,,,,,1.1486064761649224,10,1,10,79.688,64.0,10^-25.9666,,,,,,0
109790,1,1578,Lactobacillus jensenii,"",bacteria,false,,,,,,,,,,,,,,,,0.45944259046596897,4,,,93.675,23.5,10^-7.79931,,,,,,0
1485,2,1485,Clostridium,"",bacteria,false,,,,,,,,,,,,,,,,0.11486064761649224,1,,,100.0,25.0,10^-5.78516,,,,,[1491],1
1491,1,1485,Clostridium botulinum,"",bacteria,false,,,,,,,,,,,,,,,,0.11486064761649224,1,,,100.0,25.0,10^-5.78516,,,,,,1
1386,2,1386,Bacillus,"",bacteria,false,,,,0.11486064761649224,1,,,100.0,75.0,10^-38.6685,,,,,,0.22972129523298448,2,,,91.7,24.0,10^-6.46457,,,,,"[1805474, 1423, 1396]",1
1805474,1,1386,Bacillus mediterraneensis,"",bacteria,false,,,,,,,,,,,,,,,,0.11486064761649224,1,,,91.7,24.0,10^-7.4437,,,,,,0
1423,1,1386,Bacillus subtilis,"",bacteria,false,,,,0.11486064761649224,1,,,100.0,75.0,10^-38.6685,,,,,,,,,,,,,,,,,,0
1396,1,1386,Bacillus cereus,"",bacteria,false,,,,,,,,,,,,,,,,0.11486064761649224,1,,,91.7,24.0,10^-5.48545,,,,,,1
1357,2,1357,Lactococcus,lactic streptococci,bacteria,false,,,,0.22972129523298448,2,,,100.0,75.5,10^-39.0087,,,,,,,,,,,,,,,,,[1358],0
1358,1,1357,Lactococcus lactis,"",bacteria,false,,,,0.22972129523298448,2,,,100.0,75.5,10^-39.0087,,,,,,,,,,,,,,,,,,0
1350,2,1350,Enterococcus,"",bacteria,false,,,,12.175228647348177,106,3,39,99.5072,141.368,10^-71.4712,,,,,,7.006499504606027,61,2,29,89.2927,45.8197,10^-19.4861,,,,,"[2005703, 1834193, 1805431, 1131292, 903984, 332949, 167972, 118060, 71452, 53345, 35783, 33945, 1352, 1351]",3
2005703,1,1350,Enterococcus wangshanyuanii,"",bacteria,false,,,,1.4931884190143991,13,,,98.8326,73.7692,10^-36.6723,,,,,,,,,,,,,,,,,,0
1834193,1,1350,Enterococcus sp. 9E7_DIV0242,"",bacteria,false,,,,,,,,,,,,,,,,0.11486064761649224,1,,,80.0,25.0,10^-3.16431,,,,,,0
1805431,1,1350,Enterococcus saigonensis,"",bacteria,false,,,,0.11486064761649224,1,,,100.0,76.0,10^-39.3489,,,,,,,,,,,,,,,,,,0
1131292,1,1350,Enterococcus ureilyticus,"",bacteria,false,,,,,,,,,,,,,,,,0.11486064761649224,1,,,100.0,25.0,10^-6.4698,,,,,,0
903984,1,1350,Enterococcus ureasiticus,"",bacteria,false,,,,,,,,,,,,,,,,0.11486064761649224,1,,,100.0,24.0,10^-3.22988,,,,,,0
332949,1,1350,Enterococcus silesiacus,"",bacteria,false,,,,0.5743032380824612,5,,,98.9472,75.6,10^-37.9789,,,,,,,,,,,,,,,,,,0
167972,1,1350,uncultured Enterococcus sp.,"",bacteria,false,,,,0.11486064761649224,1,,,94.667,75.0,10^-33.179,,,,,,,,,,,,,,,,,,0
118060,1,1350,Enterococcus rotai,"",bacteria,false,,,,6.547056914140057,57,3,39,99.6973,198.263,10^-100.188,,,,,,,,,,,,,,,,,,0
71452,1,1350,Enterococcus raffinosus,"",bacteria,false,,,,0.11486064761649224,1,,,100.0,74.0,10^-37.9881,,,,,,,,,,,,,,,,,,0
53345,1,1350,Enterococcus durans,"",bacteria,false,,,,,,,,,,,,,,,,0.5743032380824612,5,,,93.48,24.4,10^-5.23874,,,,,,0
35783,1,1350,Enterococcus sp.,"",bacteria,false,,,,0.11486064761649224,1,,,100.0,76.0,10^-39.3489,,,,,,,,,,,,,,,,,,0
33945,1,1350,Enterococcus avium,"",bacteria,false,,,,0.11486064761649224,1,,,100.0,76.0,10^-39.3489,,,,,,,,,,,,,,,,,,1
1352,1,1350,Enterococcus faecium,"",bacteria,false,,,,0.9188851809319379,8,,,99.8355,75.5,10^-38.8372,,,,,,4.59442590465969,40,2,29,86.2864,57.15,10^-26.4795,,,,,,1
1351,1,1350,Enterococcus faecalis,"",bacteria,false,,,,2.0674916570968604,18,,,99.5613,75.8889,10^-38.8159,,,,,,1.4931884190143991,13,,,96.0,24.0769,10^-6.95482,,,,,,1
1301,2,1301,Streptococcus,"",bacteria,false,,,,0.9188851809319379,8,,,100.0,75.625,10^-39.0938,,,,,,1.6080490666308913,14,,,94.6429,24.1429,10^-6.03328,,,,,"[28037, 1336, 1335, 1313, 1311, 1308, 1303]",6
28037,1,1301,Streptococcus mitis,"",bacteria,false,,,,0.11486064761649224,1,,,100.0,74.0,10^-37.9881,,,,,,,,,,,,,,,,,,1
1336,1,1301,Streptococcus equi,"",bacteria,false,,,,,,,,,,,,,,,,0.22972129523298448,2,,,85.15,23.5,10^-4.67876,,,,,,1
1335,1,1301,Streptococcus equinus,"",bacteria,false,,,,,,,,,,,,,,,,0.11486064761649224,1,,,92.0,25.0,10^-6.87943,,,,,,1
1313,1,1301,Streptococcus pneumoniae,"",bacteria,false,,,,0.5743032380824612,5,,,100.0,76.0,10^-39.3489,,,,,,1.0337458285484302,9,,,96.3222,24.1111,10^-5.79054,,,,,,1
1311,1,1301,Streptococcus agalactiae,"",bacteria,false,,,,,,,,,,,,,,,,0.11486064761649224,1,,,95.8,24.0,10^-7.27246,,,,,,1
1308,1,1301,Streptococcus thermophilus,"",bacteria,false,,,,,,,,,,,,,,,,0.11486064761649224,1,,,100.0,25.0,10^-8.84164,,,,,,0
1303,1,1301,Streptococcus oralis,"",bacteria,false,,,,0.22972129523298448,2,,,100.0,75.5,10^-39.0087,,,,,,,,,,,,,,,,,,1
1298,2,1298,Deinococcus,"",bacteria,false,,,,,,,,,,,,,,,,0.22972129523298448,2,,,84.8,23.0,10^-4.36935,,,,,[1299],0
1299,1,1298,Deinococcus radiodurans,"",bacteria,false,,,,,,,,,,,,,,,,0.22972129523298448,2,,,84.8,23.0,10^-4.36935,,,,,,0
1279,2,1279,Staphylococcus,"",bacteria,false,,,,5.513311085591628,48,,,99.7452,73.2143,10^-37.197,,,,,,0.8040245333154457,7,,,94.0,23.5714,10^-5.18093,,,,,"[29382, 1286, 1283, 1282, 1280]",3
29382,1,1279,Staphylococcus cohnii,"",bacteria,false,,,,3.4458194284947674,30,,,99.645,72.8846,10^-36.8669,,,,,,,,,,,,,,,,,,0
1286,1,1279,Staphylococcus simulans,"",bacteria,false,,,,0.22972129523298448,2,,,100.0,72.5,10^-36.9683,,,,,,,,,,,,,,,,,,0
1283,1,1279,Staphylococcus haemolyticus,"",bacteria,false,,,,1.6080490666308913,14,,,99.8774,73.75,10^-37.7049,,,,,,,,,,,,,,,,,,1
1282,1,1279,Staphylococcus epidermidis,"",bacteria,false,,,,0.22972129523298448,2,,,100.0,75.0,10^-38.6685,,,,,,0.11486064761649224,1,,,86.4,22.0,10^-5.88941,,,,,,1
1280,1,1279,Staphylococcus aureus,"",bacteria,false,,,,,,,,,,,,,,,,0.6891638856989535,6,,,95.2667,23.8333,10^-5.06284,,,,,,1
1263,2,1263,Ruminococcus,"",bacteria,false,,,,0.22972129523298448,2,,,98.0,75.5,10^-36.9502,,,,,,0.11486064761649224,1,,,91.7,24.0,10^-6.61798,,,,,"[2293189, 657323]",0
2293189,1,1263,Ruminococcus sp. AM23-1LB,"",bacteria,false,,,,,,,,,,,,,,,,0.11486064761649224,1,,,91.7,24.0,10^-6.61798,,,,,,0
657323,1,1263,Ruminococcus sp. SR1/5,"",bacteria,false,,,,0.22972129523298448,2,,,98.0,75.5,10^-36.9502,,,,,,,,,,,,,,,,,,0
1253,2,1253,Pediococcus,"",bacteria,false,,,,0.11486064761649224,1,,,100.0,74.0,10^-37.9881,,,,,,,,,,,,,,,,,[1254],0
1254,1,1253,Pediococcus acidilactici,"",bacteria,false,,,,0.11486064761649224,1,,,100.0,74.0,10^-37.9881,,,,,,,,,,,,,,,,,,0
1234,2,1234,Nitrospira,"",bacteria,false,,,,0.11486064761649224,1,,,85.455,55.0,10^-14.1005,,,,,,,,,,,,,,,,,[1325564],0
1325564,1,1234,Nitrospira japonica,"",bacteria,false,,,,0.11486064761649224,1,,,85.455,55.0,10^-14.1005,,,,,,,,,,,,,,,,,,0
1175,2,1175,Aphanizomenon,"",bacteria,false,,,,,,,,,,,,,,,,0.11486064761649224,1,,,96.0,25.0,10^-7.82974,,,,,[88823],0
88823,1,1175,Aphanizomenon sp. 202,"",bacteria,false,,,,,,,,,,,,,,,,0.11486064761649224,1,,,96.0,25.0,10^-7.82974,,,,,,0
1125,2,1125,Microcystis,"",bacteria,false,,,,0.11486064761649224,1,,,97.222,36.0,10^-10.8537,,,,,,,,,,,,,,,,,[44822],0
44822,1,1125,Microcystis viridis,"",bacteria,false,,,,0.11486064761649224,1,,,97.222,36.0,10^-10.8537,,,,,,,,,,,,,,,,,,0
1073,2,1073,Rhodopseudomonas,"",bacteria,false,,,,0.11486064761649224,1,,,84.483,58.0,10^-14.7637,,,,,,,,,,,,,,,,,[1076],0
1076,1,1073,Rhodopseudomonas palustris,"",bacteria,false,,,,0.11486064761649224,1,,,84.483,58.0,10^-14.7637,,,,,,,,,,,,,,,,,,0
1016,2,1016,Capnocytophaga,"",bacteria,false,,,,0.22972129523298448,2,,,100.0,75.0,10^-38.6685,,,,,,0.45944259046596897,4,,,95.875,19.5,10^-6.04297,,,,,"[327575, 28189]",0
327575,1,1016,Capnocytophaga leadbetteri,"",bacteria,false,,,,0.22972129523298448,2,,,100.0,75.0,10^-38.6685,,,,,,,,,,,,,,,,,,0
28189,1,1016,Capnocytophaga cynodegmi,"",bacteria,false,,,,,,,,,,,,,,,,0.45944259046596897,4,,,95.875,19.5,10^-6.04297,,,,,,0
958,2,958,Bdellovibrio,"",bacteria,false,,,,0.11486064761649224,1,,,97.222,36.0,10^-10.8537,,,,,,,,,,,,,,,,,[2835041],0
2835041,1,958,Bdellovibrio reynosensis,"",bacteria,false,,,,0.11486064761649224,1,,,97.222,36.0,10^-10.8537,,,,,,,,,,,,,,,,,,0
841,2,841,Roseburia,"",bacteria,false,,,,0.22972129523298448,2,,,93.964,74.5,10^-32.1527,,,,,,,,,,,,,,,,,"[2763062, 166486]",0
2763062,1,841,Roseburia rectibacter,"",bacteria,false,,,,0.11486064761649224,1,,,94.595,74.0,10^-32.4987,,,,,,,,,,,,,,,,,,0
166486,1,841,Roseburia intestinalis,"",bacteria,false,,,,0.11486064761649224,1,,,93.333,75.0,10^-31.8067,,,,,,,,,,,,,,,,,,0
724,2,724,Haemophilus,"",bacteria,false,,,,,,,,,,,,,,,,0.11486064761649224,1,,,79.2,24.0,10^-4.41117,,,,,[727],1
727,1,724,Haemophilus influenzae,"",bacteria,false,,,,,,,,,,,,,,,,0.11486064761649224,1,,,79.2,24.0,10^-4.41117,,,,,,1
662,2,662,Vibrio,"",bacteria,false,,,,0.11486064761649224,1,,,94.444,36.0,10^-9.48129,,,,,,0.9188851809319379,8,,,91.3,24.375,10^-6.67984,,,,,"[379097, 680, 670, 669, 666]",2
379097,1,662,Vibrio sinaloensis,"",bacteria,false,,,,0.11486064761649224,1,,,94.444,36.0,10^-9.48129,,,,,,,,,,,,,,,,,,0
680,1,662,Vibrio campbellii,"",bacteria,false,,,,,,,,,,,,,,,,0.22972129523298448,2,,,83.3,24.0,10^-3.79602,,,,,,0
670,1,662,Vibrio parahaemolyticus,"",bacteria,false,,,,,,,,,,,,,,,,0.22972129523298448,2,,,88.0,25.0,10^-5.80219,,,,,,1
669,1,662,Vibrio harveyi,"",bacteria,false,,,,,,,,,,,,,,,,0.34458194284947674,3,,,98.6,24.0,10^-9.56773,,,,,,0
666,1,662,Vibrio cholerae,"",bacteria,false,,,,,,,,,,,,,,,,0.11486064761649224,1,,,92.0,25.0,10^-5.5391,,,,,,1
642,2,642,Aeromonas,"",bacteria,false,,,,0.34458194284947674,3,,,92.4447,71.6667,10^-29.5401,,,,,,0.22972129523298448,2,,,95.85,24.5,10^-6.22861,,,,,"[29489, 654]",1
29489,1,642,Aeromonas enteropelogenes,"",bacteria,false,,,,0.11486064761649224,1,,,80.0,65.0,10^-14.028,,,,,,,,,,,,,,,,,,0
654,1,642,Aeromonas veronii,"",bacteria,false,,,,0.22972129523298448,2,,,98.667,75.0,10^-37.2961,,,,,,0.22972129523298448,2,,,95.85,24.5,10^-6.22861,,,,,,1
626,2,626,Xenorhabdus,"",bacteria,false,,,,,,,,,,,,,,,,0.11486064761649224,1,,,83.3,24.0,10^-3.64397,,,,,[628],0
628,1,626,Xenorhabdus nematophila,"",bacteria,false,,,,,,,,,,,,,,,,0.11486064761649224,1,,,83.3,24.0,10^-3.64397,,,,,,0
620,2,620,Shigella,"",bacteria,false,,,,,,,,,,,,,,,,0.11486064761649224,1,,,100.0,24.0,10^-7.36251,,,,,[624],1
624,1,620,Shigella sonnei,"",bacteria,false,,,,,,,,,,,,,,,,0.11486064761649224,1,,,100.0,24.0,10^-7.36251,,,,,,1
613,2,613,Serratia,"",bacteria,false,,,,0.11486064761649224,1,,,93.103,58.0,10^-21.6255,,,,,,,,,,,,,,,,,[615],1
615,1,613,Serratia marcescens,"",bacteria,false,,,,0.11486064761649224,1,,,93.103,58.0,10^-21.6255,,,,,,,,,,,,,,,,,,1
590,2,590,Salmonella,"",bacteria,false,,,,0.6891638856989535,6,,,99.5495,68.5,10^-33.8021,,,,,,3.6755407237277518,32,,,95.5464,24.2857,10^-7.72176,,,,,[28901],1
28901,1,590,Salmonella enterica,"",bacteria,false,,,,0.6891638856989535,6,,,99.5495,68.5,10^-33.8021,,,,,,3.6755407237277518,32,,,95.5464,24.2857,10^-7.72176,,,,,,1
583,2,583,Proteus,"",bacteria,false,,,,,,,,,,,,,,,,0.11486064761649224,1,,,86.4,22.0,10^-3.20691,,,,,[584],1
584,1,583,Proteus mirabilis,"",bacteria,false,,,,,,,,,,,,,,,,0.11486064761649224,1,,,86.4,22.0,10^-3.20691,,,,,,1
570,2,570,Klebsiella,"",bacteria,false,,,,0.8040245333154457,7,,,97.9191,75.0,10^-36.512,,,,,,2.1823523047133526,19,,,96.6842,24.2105,10^-6.83472,,,,,"[2058152, 1134687, 244366, 573]",1
2058152,1,570,Klebsiella grimontii,"",bacteria,false,,,,0.11486064761649224,1,,,98.592,71.0,10^-34.5752,,,,,,0.11486064761649224,1,,,88.0,25.0,10^-5.93554,,,,,,0
1134687,1,570,Klebsiella michiganensis,"",bacteria,false,,,,0.22972129523298448,2,,,100.0,75.5,10^-39.0087,,,,,,,,,,,,,,,,,,0
244366,1,570,Klebsiella variicola,"",bacteria,false,,,,0.22972129523298448,2,,,94.079,75.5,10^-32.833,,,,,,,,,,,,,,,,,,0
573,1,570,Klebsiella pneumoniae,"",bacteria,false,,,,0.22972129523298448,2,,,99.342,76.0,10^-38.6628,,,,,,2.0674916570968604,18,,,97.1667,24.1667,10^-6.88467,,,,,,1
561,2,561,Escherichia,"",bacteria,false,,,,7.69566339030498,67,2,33,99.6948,230.299,10^-142.134,,,,,,23.891014704230386,208,3,140,76.9507,72.9709,10^-23.859,,,,,[562],1
562,1,561,Escherichia coli,"",bacteria,false,,,,7.69566339030498,67,2,33,99.6948,230.299,10^-142.134,,,,,,23.891014704230386,208,3,140,76.9507,72.9709,10^-23.859,,,,,,1
551,2,551,Erwinia,"",bacteria,false,,,,12.519810590197654,109,1,107,98.5959,515.607,10^-65.8012,,,,,,,,,,,,,,,,,"[246798, 79967, 55211]",0
246798,1,551,uncultured Erwinia sp.,"",bacteria,false,,,,12.29008929496467,107,1,107,98.6644,524.0,10^-66.4226,,,,,,,,,,,,,,,,,,0
79967,1,551,Erwinia pyrifoliae,"",bacteria,false,,,,0.11486064761649224,1,,,90.0,80.0,10^-31.0924,,,,,,,,,,,,,,,,,,0
55211,1,551,Erwinia persicina,"",bacteria,false,,,,0.11486064761649224,1,,,100.0,70.0,10^-35.2675,,,,,,,,,,,,,,,,,,0
547,2,547,Enterobacter,"",bacteria,false,,,,0.45944259046596897,4,,,100.0,75.5,10^-39.0087,,,,,,0.11486064761649224,1,,,100.0,25.0,10^-7.39041,,,,,"[2511993, 1812935, 69218, 61645, 550]",1
2511993,1,547,Enterobacter cloacae complex sp. 2DZ2F20B,"",bacteria,false,,,,,,,,,,,,,,,,0.11486064761649224,1,,,100.0,25.0,10^-7.39041,,,,,,0
1812935,1,547,Enterobacter roggenkampii,"",bacteria,false,,,,0.11486064761649224,1,,,100.0,75.0,10^-38.6685,,,,,,,,,,,,,,,,,,0
69218,1,547,Enterobacter cancerogenus,"",bacteria,false,,,,0.11486064761649224,1,,,100.0,76.0,10^-39.3489,,,,,,,,,,,,,,,,,,0
61645,1,547,Enterobacter asburiae,"",bacteria,false,,,,0.11486064761649224,1,,,100.0,76.0,10^-39.3489,,,,,,,,,,,,,,,,,,0
550,1,547,Enterobacter cloacae,"",bacteria,false,,,,0.11486064761649224,1,,,100.0,75.0,10^-38.6685,,,,,,,,,,,,,,,,,,1
544,2,544,Citrobacter,"",bacteria,false,,,,,,,,,,,,,,,,0.45944259046596897,4,,,87.6,24.25,10^-5.92239,,,,,"[1981983, 133448, 67824, 546]",1
1981983,1,544,Citrobacter sp. L55,"",bacteria,false,,,,,,,,,,,,,,,,0.11486064761649224,1,,,79.2,24.0,10^-5.01909,,,,,,0
133448,1,544,Citrobacter youngae,"",bacteria,false,,,,,,,,,,,,,,,,0.11486064761649224,1,,,100.0,24.0,10^-6.30715,,,,,,0
67824,1,544,Citrobacter farmeri,"",bacteria,false,,,,,,,,,,,,,,,,0.11486064761649224,1,,,79.2,24.0,10^-4.24413,,,,,,0
546,1,544,Citrobacter freundii,"",bacteria,false,,,,,,,,,,,,,,,,0.11486064761649224,1,,,92.0,25.0,10^-8.11919,,,,,,1
541,2,541,Zymomonas,"",bacteria,false,,,,0.11486064761649224,1,,,96.053,76.0,10^-35.2318,,,,,,,,,,,,,,,,,[542],0
542,1,541,Zymomonas mobilis,"",bacteria,false,,,,0.11486064761649224,1,,,96.053,76.0,10^-35.2318,,,,,,,,,,,,,,,,,,0
535,2,535,Chromobacterium,"",bacteria,false,,,,,,,,,,,,,,,,1067.0554163572128,9290,1,9289,69.2327,233.976,10^-88.3296,,,,,"[2795109, 536]",0
2795109,1,535,Chromobacterium sp. ASV5,"",bacteria,false,,,,,,,,,,,,,,,,0.11486064761649224,1,,,84.0,25.0,10^-6.22185,,,,,,0
536,1,535,Chromobacterium violaceum,"",bacteria,false,,,,,,,,,,,,,,,,1066.9405557095965,9289,1,9289,69.231,234.0,10^-88.3391,,,,,,0
522,2,522,Acidiphilium,"",bacteria,false,,,,,,,,,,,,,,,,0.34458194284947674,3,,,89.2333,24.6667,10^-4.27393,,,,,[62140],0
62140,1,522,Acidiphilium multivorum,"",bacteria,false,,,,,,,,,,,,,,,,0.34458194284947674,3,,,89.2333,24.6667,10^-4.27393,,,,,,0
517,2,517,Bordetella,"",bacteria,false,,,,2.526934247562829,22,,,99.5199,74.0,10^-37.4918,,,,,,,,,,,,,,,,,"[1416803, 757406, 103855, 35814, 521, 518]",1
1416803,1,517,Bordetella genomosp. 9,"",bacteria,false,,,,0.11486064761649224,1,,,100.0,76.0,10^-39.3489,,,,,,,,,,,,,,,,,,0
757406,1,517,Bordetella sp. IITR-02,"",bacteria,false,,,,0.11486064761649224,1,,,90.789,76.0,10^-29.7423,,,,,,,,,,,,,,,,,,0
103855,1,517,Bordetella hinzii,"",bacteria,false,,,,0.22972129523298448,2,,,100.0,76.0,10^-39.3489,,,,,,,,,,,,,,,,,,0
35814,1,517,Bordetella holmesii,"",bacteria,false,,,,1.6080490666308913,14,,,100.0,75.5,10^-39.0087,,,,,,,,,,,,,,,,,,0
521,1,517,Bordetella avium,"",bacteria,false,,,,0.11486064761649224,1,,,100.0,75.0,10^-38.6685,,,,,,,,,,,,,,,,,,0
518,1,517,Bordetella bronchiseptica,"",bacteria,false,,,,0.34458194284947674,3,,,99.5497,64.0,10^-30.747,,,,,,,,,,,,,,,,,,1
507,2,507,Alcaligenes,"",bacteria,false,,,,0.5743032380824612,5,,,99.7368,75.4,10^-38.6662,,,,,,,,,,,,,,,,,[511],0
511,1,507,Alcaligenes faecalis,"",bacteria,false,,,,0.5743032380824612,5,,,99.7368,75.4,10^-38.6662,,,,,,,,,,,,,,,,,,0
469,2,469,Acinetobacter,"",bacteria,false,,,,1.378327771397907,12,,,99.7807,72.9167,10^-36.9117,,,,,,0.34458194284947674,3,,,84.4667,23.3333,10^-4.41328,,,,,"[2929512, 1144667, 756892, 108981, 40214, 470]",1
2929512,1,469,Acinetobacter sp. YH16040_T,"",bacteria,false,,,,0.11486064761649224,1,,,98.684,76.0,10^-37.9766,,,,,,,,,,,,,,,,,,0
1144667,1,469,Acinetobacter sp. CIP 102159,"",bacteria,false,,,,0.22972129523298448,2,,,100.0,76.0,10^-39.3489,,,,,,,,,,,,,,,,,,0
756892,1,469,Acinetobacter indicus,"",bacteria,false,,,,0.11486064761649224,1,,,100.0,74.0,10^-37.9881,,,,,,,,,,,,,,,,,,0
108981,1,469,Acinetobacter schindleri,"",bacteria,false,,,,0.11486064761649224,1,,,100.0,46.0,10^-18.9814,,,,,,,,,,,,,,,,,,0
40214,1,469,Acinetobacter johnsonii,"",bacteria,false,,,,0.22972129523298448,2,,,100.0,74.5,10^-37.6421,,,,,,,,,,,,,,,,,,0
470,1,469,Acinetobacter baumannii,"",bacteria,false,,,,0.5743032380824612,5,,,99.7368,75.6,10^-38.8023,,,,,,0.34458194284947674,3,,,84.4667,23.3333,10^-4.41328,,,,,,1
441,2,441,Gluconobacter,"",bacteria,false,,,,2.0674916570968604,18,,,98.0104,75.0556,10^-36.6479,,,,,,,,,,,,,,,,,"[574987, 38308, 442]",0
574987,1,441,Gluconobacter sphaericus,"",bacteria,false,,,,0.22972129523298448,2,,,84.0675,72.5,10^-21.186,,,,,,,,,,,,,,,,,,0
38308,1,441,Gluconobacter frateurii,"",bacteria,false,,,,0.11486064761649224,1,,,100.0,75.0,10^-37.2961,,,,,,,,,,,,,,,,,,0
442,1,441,Gluconobacter oxydans,"",bacteria,false,,,,1.7229097142473837,15,,,99.7368,75.4,10^-38.6662,,,,,,,,,,,,,,,,,,0
434,2,434,Acetobacter,"",bacteria,false,,,,0.11486064761649224,1,,,91.892,74.0,10^-29.7539,,,,,,2.526934247562829,22,,,96.9455,24.2273,10^-6.73324,,,,,"[483199, 431306, 304077, 285268, 146476, 146474, 104102, 104101, 65959, 435]",0
483199,1,434,Acetobacter fabarum,"",bacteria,false,,,,,,,,,,,,,,,,0.34458194284947674,3,,,90.1333,23.6667,10^-4.75543,,,,,,0
431306,1,434,Acetobacter ghanensis,"",bacteria,false,,,,0.11486064761649224,1,,,91.892,74.0,10^-29.7539,,,,,,,,,,,,,,,,,,0
304077,1,434,Acetobacter oeni,"",bacteria,false,,,,,,,,,,,,,,,,0.34458194284947674,3,,,100.0,24.6667,10^-9.31183,,,,,,0
285268,1,434,Acetobacter nitrogenifigens,"",bacteria,false,,,,,,,,,,,,,,,,0.11486064761649224,1,,,100.0,25.0,10^-10.9208,,,,,,0
146476,1,434,Acetobacter syzygii,"",bacteria,false,,,,,,,,,,,,,,,,0.45944259046596897,4,,,95.8,23.5,10^-5.24471,,,,,,0
146474,1,434,Acetobacter orientalis,"",bacteria,false,,,,,,,,,,,,,,,,0.11486064761649224,1,,,100.0,25.0,10^-6.83268,,,,,,0
104102,1,434,Acetobacter tropicalis,"",bacteria,false,,,,,,,,,,,,,,,,0.34458194284947674,3,,,98.6,24.6667,10^-7.75007,,,,,,0
104101,1,434,Acetobacter indonesiensis,"",bacteria,false,,,,,,,,,,,,,,,,0.11486064761649224,1,,,100.0,24.0,10^-4.98297,,,,,,0
65959,1,434,Acetobacter pomorum,"",bacteria,false,,,,,,,,,,,,,,,,0.34458194284947674,3,,,98.6667,24.6667,10^-6.50118,,,,,,0
435,1,434,Acetobacter aceti,"",bacteria,false,,,,,,,,,,,,,,,,0.34458194284947674,3,,,95.8,24.0,10^-6.48682,,,,,,0
413,2,413,Methylococcus,"",bacteria,false,,,,,,,,,,,,,,,,0.11486064761649224,1,,,87.5,24.0,10^-5.8962,,,,,[414],0
414,1,413,Methylococcus capsulatus,"",bacteria,false,,,,,,,,,,,,,,,,0.11486064761649224,1,,,87.5,24.0,10^-5.8962,,,,,,0
407,2,407,Methylobacterium,"",bacteria,false,,,,1.2634671237814146,11,,,99.7607,72.9091,10^-36.9982,,,,,,0.11486064761649224,1,,,92.0,25.0,10^-9.19314,,,,,"[3038924, 2696060, 2202828, 1775910, 925818, 570505, 270351, 157278, 31998]",0
3038924,1,407,Methylobacterium sp. 391_Methyba4,"",bacteria,false,,,,0.11486064761649224,1,,,100.0,76.0,10^-39.3489,,,,,,,,,,,,,,,,,,0
2696060,1,407,Methylobacterium sp. CLZ,"",bacteria,false,,,,0.11486064761649224,1,,,100.0,76.0,10^-39.3489,,,,,,,,,,,,,,,,,,0
2202828,1,407,Methylobacterium radiodurans,"",bacteria,false,,,,0.22972129523298448,2,,,100.0,76.0,10^-39.3489,,,,,,,,,,,,,,,,,,0
1775910,1,407,Methylobacterium indicum,"",bacteria,false,,,,0.11486064761649224,1,,,98.684,76.0,10^-37.9766,,,,,,,,,,,,,,,,,,0
925818,1,407,Methylobacterium sp. AMS5,"",bacteria,false,,,,0.11486064761649224,1,,,98.684,76.0,10^-37.9766,,,,,,,,,,,,,,,,,,0
570505,1,407,Methylobacterium bullatum,"",bacteria,false,,,,0.22972129523298448,2,,,100.0,60.0,10^-28.4726,,,,,,,,,,,,,,,,,,0
270351,1,407,Methylobacterium aquaticum,"",bacteria,false,,,,,,,,,,,,,,,,0.11486064761649224,1,,,92.0,25.0,10^-9.19314,,,,,,0
157278,1,407,uncultured Methylobacterium sp.,"",bacteria,false,,,,0.22972129523298448,2,,,100.0,76.0,10^-39.3489,,,,,,,,,,,,,,,,,,0
31998,1,407,Methylobacterium radiotolerans,"",bacteria,false,,,,0.11486064761649224,1,,,100.0,74.0,10^-37.9881,,,,,,,,,,,,,,,,,,0
379,2,379,Rhizobium,"",bacteria,false,,,,0.11486064761649224,1,,,85.294,68.0,10^-20.1841,,,,,,,,,,,,,,,,,[2731112],0
2731112,1,379,Rhizobium sp. NLR16a,"",bacteria,false,,,,0.11486064761649224,1,,,85.294,68.0,10^-20.1841,,,,,,,,,,,,,,,,,,0
357,2,357,Agrobacterium,"",bacteria,false,,,,0.22972129523298448,2,,,97.561,58.0,10^-25.7621,,,,,,,,,,,,,,,,,[358],1
358,1,357,Agrobacterium tumefaciens,"",bacteria,false,,,,0.22972129523298448,2,,,97.561,58.0,10^-25.7621,,,,,,,,,,,,,,,,,,1
352,2,352,Azotobacter,"",bacteria,false,,,,0.22972129523298448,2,,,100.0,38.0,10^-13.5749,,,,,,,,,,,,,,,,,"[354, 353]",0
354,1,352,Azotobacter vinelandii,"",bacteria,false,,,,0.11486064761649224,1,,,100.0,38.0,10^-13.5749,,,,,,,,,,,,,,,,,,0
353,1,352,Azotobacter chroococcum,"",bacteria,false,,,,0.11486064761649224,1,,,100.0,38.0,10^-13.5749,,,,,,,,,,,,,,,,,,0
338,2,338,Xanthomonas,"",bacteria,false,,,,0.22972129523298448,2,,,97.778,60.5,10^-27.4545,,,,,,0.34458194284947674,3,,,87.5667,24.3333,10^-6.14264,,,,,"[48664, 347, 346, 343]",0
48664,1,338,Xanthomonas fragariae,"",bacteria,false,,,,,,,,,,,,,,,,0.11486064761649224,1,,,96.0,25.0,10^-9.40782,,,,,,0
347,1,338,Xanthomonas oryzae,"",bacteria,false,,,,0.11486064761649224,1,,,95.556,45.0,10^-15.5601,,,,,,,,,,,,,,,,,,0
346,1,338,Xanthomonas citri,"",bacteria,false,,,,,,,,,,,,,,,,0.22972129523298448,2,,,83.35,24.0,10^-4.51005,,,,,,0
343,1,338,Xanthomonas translucens,"",bacteria,false,,,,0.11486064761649224,1,,,100.0,76.0,10^-39.3489,,,,,,,,,,,,,,,,,,0
286,2,286,Pseudomonas,"",bacteria,false,,,,10.452318933100795,91,,,99.46,75.0879,10^-38.1404,,,,,,3.5606800761112596,31,,,93.1581,23.4516,10^-5.48294,,,,,"[2975405, 2906062, 2895488, 2842346, 2502979, 2479392, 2219225, 1552756, 1496153, 587753, 574196, 525150, 489632, 455083, 364197, 312306, 251701, 237610, 198620, 114707, 101564, 47886, 43263, 36746, 29438, 317, 306, 303, 301, 300, 296, 294, 287]",3
2975405,1,286,Pseudomonas sp. GD03919,"",bacteria,false,,,,0.11486064761649224,1,,,100.0,75.0,10^-38.6685,,,,,,,,,,,,,,,,,,0
2906062,1,286,Pseudomonas wenzhouensis,"",bacteria,false,,,,0.11486064761649224,1,,,98.684,76.0,10^-37.9766,,,,,,,,,,,,,,,,,,0
2895488,1,286,Pseudomonas sp. B21-044,"",bacteria,false,,,,0.11486064761649224,1,,,98.684,76.0,10^-37.9766,,,,,,,,,,,,,,,,,,0
2842346,1,286,Pseudomonas siliginis,"",bacteria,false,,,,0.11486064761649224,1,,,100.0,76.0,10^-39.3489,,,,,,,,,,,,,,,,,,0
2502979,1,286,Pseudomonas khazarica,"",bacteria,false,,,,0.11486064761649224,1,,,100.0,76.0,10^-39.3489,,,,,,,,,,,,,,,,,,0
2479392,1,286,Pseudomonas sp. LTJR-52,"",bacteria,false,,,,0.5743032380824612,5,,,99.207,75.4,10^-38.1173,,,,,,,,,,,,,,,,,,0
2219225,1,286,Pseudomonas asiatica,"",bacteria,false,,,,0.22972129523298448,2,,,100.0,69.0,10^-34.5898,,,,,,,,,,,,,,,,,,0
1552756,1,286,Pseudomonas sp. k32,"",bacteria,false,,,,0.11486064761649224,1,,,100.0,76.0,10^-39.3489,,,,,,,,,,,,,,,,,,0
1496153,1,286,Pseudomonas sp. EGY-WCE3,"",bacteria,false,,,,0.11486064761649224,1,,,100.0,76.0,10^-39.3489,,,,,,,,,,,,,,,,,,0
587753,1,286,Pseudomonas chlororaphis,"",bacteria,false,,,,0.5743032380824612,5,,,98.9226,75.4,10^-37.5683,,,,,,,,,,,,,,,,,,0
574196,1,286,Pseudomonas sp. W6,"",bacteria,false,,,,0.11486064761649224,1,,,100.0,76.0,10^-39.3489,,,,,,,,,,,,,,,,,,0
525150,1,286,Pseudomonas sp. AD35,"",bacteria,false,,,,0.22972129523298448,2,,,100.0,76.0,10^-39.3489,,,,,,,,,,,,,,,,,,0
489632,1,286,Pseudomonas chengduensis,"",bacteria,false,,,,0.22972129523298448,2,,,100.0,76.0,10^-39.3489,,,,,,0.22972129523298448,2,,,98.0,24.5,10^-5.92766,,,,,,0
455083,1,286,Pseudomonas sp. BWO,"",bacteria,false,,,,0.11486064761649224,1,,,100.0,75.0,10^-38.6685,,,,,,,,,,,,,,,,,,0
364197,1,286,Pseudomonas pohangensis,"",bacteria,false,,,,,,,,,,,,,,,,0.11486064761649224,1,,,88.0,25.0,10^-4.70774,,,,,,0
312306,1,286,Pseudomonas entomophila,"",bacteria,false,,,,0.22972129523298448,2,,,99.3505,76.5,10^-39.003,,,,,,,,,,,,,,,,,,0
251701,1,286,Pseudomonas syringae group genomosp. 3,"",bacteria,false,,,,,,,,,,,,,,,,0.22972129523298448,2,,,91.85,24.5,10^-6.25796,,,,,,0
237610,1,286,Pseudomonas psychrotolerans,"",bacteria,false,,,,0.11486064761649224,1,,,100.0,76.0,10^-39.3489,,,,,,,,,,,,,,,,,,0
198620,1,286,Pseudomonas koreensis,"",bacteria,false,,,,0.11486064761649224,1,,,100.0,76.0,10^-39.3489,,,,,,,,,,,,,,,,,,0
114707,1,286,uncultured Pseudomonas sp.,"",bacteria,false,,,,0.45944259046596897,4,,,99.6212,72.5,10^-36.6253,,,,,,,,,,,,,,,,,,0
101564,1,286,Pseudomonas alcaliphila,"",bacteria,false,,,,0.22972129523298448,2,,,98.026,75.5,10^-36.9502,,,,,,,,,,,,,,,,,,0
47886,1,286,Pseudomonas luteola,"",bacteria,false,,,,0.45944259046596897,4,,,99.0042,75.25,10^-37.8094,,,,,,,,,,,,,,,,,,0
43263,1,286,Pseudomonas alcaligenes,"",bacteria,false,,,,0.11486064761649224,1,,,98.684,76.0,10^-37.9766,,,,,,,,,,,,,,,,,,0
36746,1,286,Pseudomonas cichorii,"",bacteria,false,,,,,,,,,,,,,,,,0.11486064761649224,1,,,100.0,24.0,10^-5.36351,,,,,,0
29438,1,286,Pseudomonas savastanoi,"",bacteria,false,,,,,,,,,,,,,,,,0.45944259046596897,4,,,95.0,24.75,10^-6.28208,,,,,,0
317,1,286,Pseudomonas syringae,"",bacteria,false,,,,,,,,,,,,,,,,1.378327771397907,12,,,95.5,22.9167,10^-5.29629,,,,,,0
306,1,286,Pseudomonas sp.,"",bacteria,false,,,,0.22972129523298448,2,,,100.0,75.5,10^-39.0087,,,,,,0.22972129523298448,2,,,91.65,24.0,10^-8.58709,,,,,,0
303,1,286,Pseudomonas putida,"",bacteria,false,,,,0.6891638856989535,6,,,99.7475,73.3333,10^-37.0776,,,,,,,,,,,,,,,,,,1
301,1,286,Pseudomonas oleovorans,"",bacteria,false,,,,0.5743032380824612,5,,,99.4736,75.8,10^-38.6639,,,,,,,,,,,,,,,,,,0
300,1,286,Pseudomonas mendocina,"",bacteria,false,,,,2.412073599946337,21,,,99.812,75.0952,10^-38.5374,,,,,,,,,,,,,,,,,,0
296,1,286,Pseudomonas fragi,"",bacteria,false,,,,,,,,,,,,,,,,0.22972129523298448,2,,,97.35,19.0,10^-3.09084,,,,,,0
294,1,286,Pseudomonas fluorescens,"",bacteria,false,,,,,,,,,,,,,,,,0.22972129523298448,2,,,82.9,23.5,10^-4.21255,,,,,,1
287,1,286,Pseudomonas aeruginosa,"",bacteria,false,,,,1.952631009480368,17,,,98.9999,75.5882,10^-38.0194,,,,,,0.34458194284947674,3,,,83.4667,24.3333,10^-5.02127,,,,,,1
279,2,279,Xanthobacter,"",bacteria,false,,,,0.22972129523298448,2,,,97.3335,75.5,10^-36.264,,,,,,,,,,,,,,,,,[280],0
280,1,279,Xanthobacter autotrophicus,"",bacteria,false,,,,0.22972129523298448,2,,,97.3335,75.5,10^-36.264,,,,,,,,,,,,,,,,,,0
265,2,265,Paracoccus,"",bacteria,false,,,,0.34458194284947674,3,,,97.5683,71.0,10^-33.6607,,,,,,,,,,,,,,,,,"[1263728, 1077935, 82367]",0
1263728,1,265,Paracoccus sp. TOH,"",bacteria,false,,,,0.11486064761649224,1,,,97.183,71.0,10^-33.2028,,,,,,,,,,,,,,,,,,0
1077935,1,265,Paracoccus zhejiangensis,"",bacteria,false,,,,0.11486064761649224,1,,,95.522,67.0,10^-29.1109,,,,,,,,,,,,,,,,,,0
82367,1,265,Paracoccus pantotrophus,"",bacteria,false,,,,0.11486064761649224,1,,,100.0,75.0,10^-38.6685,,,,,,,,,,,,,,,,,,0
237,2,237,Flavobacterium,"",bacteria,false,,,,,,,,,,,,,,,,0.22972129523298448,2,,,89.0,22.5,10^-4.11375,,,,,[239],0
239,1,237,Flavobacterium sp.,"",bacteria,false,,,,,,,,,,,,,,,,0.22972129523298448,2,,,89.0,22.5,10^-4.11375,,,,,,0
234,2,234,Brucella,"",bacteria,false,,,,,,,,,,,,,,,,0.45944259046596897,4,,,83.825,24.5,10^-5.53267,,,,,"[29461, 235]",2
29461,1,234,Brucella suis,"",bacteria,false,,,,,,,,,,,,,,,,0.34458194284947674,3,,,79.8333,24.6667,10^-5.09228,,,,,,1
235,1,234,Brucella abortus,"",bacteria,false,,,,,,,,,,,,,,,,0.11486064761649224,1,,,95.8,24.0,10^-6.85387,,,,,,1
222,2,222,Achromobacter,"",bacteria,false,,,,2.0674916570968604,18,,,99.8528,75.2778,10^-38.7051,,,,,,8.844269866469903,77,,,97.0948,24.2468,10^-8.48754,,,,,"[1915388, 217204, 85698, 32002]",1
1915388,1,222,Achromobacter sp. KAs 3-5,"",bacteria,false,,,,,,,,,,,,,,,,8.844269866469903,77,,,97.0948,24.2468,10^-8.48754,,,,,,0
217204,1,222,Achromobacter insolitus,"",bacteria,false,,,,0.22972129523298448,2,,,100.0,74.0,10^-37.9882,,,,,,,,,,,,,,,,,,0
85698,1,222,Achromobacter xylosoxidans,"",bacteria,false,,,,1.6080490666308913,14,,,99.8108,75.3571,10^-38.7155,,,,,,,,,,,,,,,,,,1
32002,1,222,Achromobacter denitrificans,"",bacteria,false,,,,0.22972129523298448,2,,,100.0,76.0,10^-39.3489,,,,,,,,,,,,,,,,,,0
194,2,194,Campylobacter,"",bacteria,false,,,,,,,,,,,,,,,,0.11486064761649224,1,,,87.0,23.0,10^-5.13194,,,,,[195],1
195,1,194,Campylobacter coli,"",bacteria,false,,,,,,,,,,,,,,,,0.11486064761649224,1,,,87.0,23.0,10^-5.13194,,,,,,1
191,2,191,Azospirillum,"",bacteria,false,,,,0.11486064761649224,1,,,95.652,46.0,10^-16.2367,,,,,,0.8040245333154457,7,,,84.9143,23.0,10^-4.19478,,,,,"[709810, 192]",0
709810,1,191,Azospirillum sp. TSA2s,"",bacteria,false,,,,0.11486064761649224,1,,,95.652,46.0,10^-16.2367,,,,,,,,,,,,,,,,,,0
192,1,191,Azospirillum brasilense,"",bacteria,false,,,,,,,,,,,,,,,,0.8040245333154457,7,,,84.9143,23.0,10^-4.19478,,,,,,0
133,2,133,Methylocystis,"",bacteria,false,,,,0.11486064761649224,1,,,90.164,61.0,10^-20.9174,,,,,,,,,,,,,,,,,[743836],0
743836,1,133,Methylocystis sp. SB2,"",bacteria,false,,,,0.11486064761649224,1,,,90.164,61.0,10^-20.9174,,,,,,,,,,,,,,,,,,0
85,2,85,Hyphomonas,"",bacteria,false,,,,,,,,,,,,,,,,0.11486064761649224,1,,,100.0,25.0,10^-7.62709,,,,,[1946614],0
1946614,1,85,Hyphomonas sp. UBA1474,"",bacteria,false,,,,,,,,,,,,,,,,0.11486064761649224,1,,,100.0,25.0,10^-7.62709,,,,,,0
81,2,81,Hyphomicrobium,"",bacteria,false,,,,,,,,,,,,,,,,0.22972129523298448,2,,,90.7,21.5,10^-3.84331,,,,,[113574],0
113574,1,81,Hyphomicrobium sp. GJ21,"",bacteria,false,,,,,,,,,,,,,,,,0.22972129523298448,2,,,90.7,21.5,10^-3.84331,,,,,,0
75,2,75,Caulobacter,"",bacteria,false,,,,0.22972129523298448,2,,,97.059,59.0,10^-25.7392,,,,,,,,,,,,,,,,,"[2708539, 88688]",0
2708539,1,75,Caulobacter soli,"",bacteria,false,,,,0.11486064761649224,1,,,94.118,51.0,10^-18.2504,,,,,,,,,,,,,,,,,,0
88688,1,75,Caulobacter segnis,"",bacteria,false,,,,0.11486064761649224,1,,,100.0,67.0,10^-33.228,,,,,,,,,,,,,,,,,,0
68,2,68,Lysobacter,"",bacteria,false,,,,0.11486064761649224,1,,,100.0,76.0,10^-39.3489,,,,,,,,,,,,,,,,,[435897],0
435897,1,68,Lysobacter capsici,"",bacteria,false,,,,0.11486064761649224,1,,,100.0,76.0,10^-39.3489,,,,,,,,,,,,,,,,,,0
47,2,47,Archangium,"",bacteria,false,,,,0.11486064761649224,1,,,83.333,84.0,10^-25.5818,,,,,,,,,,,,,,,,,[48],0
48,1,47,Archangium gephyra,"",bacteria,false,,,,0.11486064761649224,1,,,83.333,84.0,10^-25.5818,,,,,,,,,,,,,,,,,,0
22,2,22,Shewanella,"",bacteria,false,,,,,,,,,,,,,,,,0.11486064761649224,1,,,88.0,25.0,10^-3.11295,,,,,[2913512],0
2913512,1,22,Shewanella ferrihydritica,"",bacteria,false,,,,,,,,,,,,,,,,0.11486064761649224,1,,,88.0,25.0,10^-3.11295,,,,,,0
20,2,20,Phenylobacterium,"",bacteria,false,,,,0.11486064761649224,1,,,100.0,67.0,10^-33.228,,,,,,,,,,,,,,,,,[284016],0
284016,1,20,Phenylobacterium zucineum,"",bacteria,false,,,,0.11486064761649224,1,,,100.0,67.0,10^-33.228,,,,,,,,,,,,,,,,,,0
6,2,6,Azorhizobium,"",bacteria,false,,,,0.11486064761649224,1,,,98.077,52.0,10^-21.6729,,,,,,,,,,,,,,,,,[7],0
7,1,6,Azorhizobium caulinodans,"",bacteria,false,,,,0.11486064761649224,1,,,98.077,52.0,10^-21.6729,,,,,,,,,,,,,,,,,,0
-200,2,-200,all taxa with neither family nor genus classification,,,false,,,,75.5783061316519,658,1,147,97.9269,73.2868,10^-35.4962,,,,,,7093.219293556478,61755,3,61633,63.347,2649.85,10^-306.648,,,,,"[2980377, 2962637, 2900548, 2847862, 2832643, 2822863, 2789886, 2689360, 2607732, 2605630, 2572087, 2448778, 2448054, 2053541, 2035772, 2026792, 2026780, 2026742, 2026735, 2026724, 1978231, 1977087, 1974577, 1923335, 1913989, 1913988, 1898104, 1891241, 1869227, 1768112, 1715222, 1709941, 1701327, 1701325, 1635276, 1618666, 1603295, 1425163, 1425034, 1256574, 1182529, 1130996, 710808, 710788, 710740, 698394, 459469, 265321, 246143, 235205, 209472, 175245, 175244, 175243, 171953, 164851, 155900, 152507, 100272, 91750, 86473, 83406, 77133, 34511, -100]",0
2980377,1,-200,Kvarnon virus,"",viruses,false,,,,,,,,,,,,,,,,0.34458194284947674,3,,,91.8,24.3333,10^-5.12342,,,,,,0
2962637,1,-200,Parmales sp. scaly parma,"",eukaryota,false,,,,,,,,,,,,,,,,0.11486064761649224,1,,,66.7,24.0,10^-3.73993,,,,,,0
2900548,1,-200,Actinomycetota bacterium,"",bacteria,false,,,,,,,,,,,,,,,,0.11486064761649224,1,,,91.7,24.0,10^-9.22185,,,,,,0
2847862,1,-200,Cyanobacteriota bacterium,"",bacteria,false,,,,,,,,,,,,,,,,0.11486064761649224,1,,,100.0,25.0,10^-5.24642,,,,,,0
2832643,1,-200,Caudoviricetes sp.,"",viruses,false,,,,0.34458194284947674,3,,,96.075,75.6667,10^-35.0051,,,,,,0.22972129523298448,2,,,95.8,24.0,10^-5.83623,,,,,,0
2822863,1,-200,uncultured Orbales bacterium,"",bacteria,false,,,,0.34458194284947674,3,,,97.3333,75.3333,10^-36.1506,,,,,,,,,,,,,,,,,,0
2789886,1,-200,Aedes aegypti To virus 2,"",viruses,false,,,,,,,,,,,,,,,,0.11486064761649224,1,,,91.7,24.0,10^-6.09474,,,,,,0
2689360,1,-200,Atrato Retro-like virus,"",viruses,false,,,,,,,,,,,,,,,,0.34458194284947674,3,,,78.0,24.0,10^-3.86848,,,,,,0
2607732,1,-200,Guadeloupe mosquito mononega-like virus,"",viruses,false,,,,,,,,,,,,,,,,1157.9101886218582,10081,1,10081,79.069,2083.0,10^-307.653,,,,,,0
2605630,1,-200,Tesano Aedes virus,"",viruses,false,,,,2.526934247562829,22,,,90.9115,54.0952,10^-16.7665,,,,,,5910.614065697075,51459,1,51458,59.8284,2782.94,10^-307.646,,,,,,0
2572087,1,-200,Candidatus Saccharibacteria bacterium oral taxon 955,"",bacteria,false,,,,0.11486064761649224,1,,,96.104,77.0,10^-35.9123,,,,,,,,,,,,,,,,,,0
2448778,1,-200,Chitinophagia bacterium,"",bacteria,false,,,,,,,,,,,,,,,,0.11486064761649224,1,,,75.0,24.0,10^-3.92082,,,,,,0
2448054,1,-200,Gemmatimonadales bacterium,"",bacteria,false,,,,0.11486064761649224,1,,,84.314,51.0,10^-11.3886,,,,,,,,,,,,,,,,,,0
2053541,1,-200,Cytophagales bacterium,"",bacteria,false,,,,,,,,,,,,,,,,0.11486064761649224,1,,,80.0,25.0,10^-4.84164,,,,,,0
2035772,1,-200,Candidatus Omnitrophota bacterium,"",bacteria,false,,,,,,,,,,,,,,,,0.11486064761649224,1,,,96.0,25.0,10^-5.38828,,,,,,0
2026792,1,-200,Spirochaetales bacterium,"",bacteria,false,,,,,,,,,,,,,,,,0.22972129523298448,2,,,90.0,25.0,10^-5.63265,,,,,,0
2026780,1,-200,Planctomycetota bacterium,"",bacteria,false,,,,,,,,,,,,,,,,0.11486064761649224,1,,,100.0,25.0,10^-7.34294,,,,,,0
2026742,1,-200,Gemmatimonadota bacterium,"",bacteria,false,,,,0.11486064761649224,1,,,96.154,52.0,10^-20.3006,,,,,,,,,,,,,,,,,,0
2026735,1,-200,Deltaproteobacteria bacterium,"",bacteria,false,,,,,,,,,,,,,,,,0.11486064761649224,1,,,79.2,24.0,10^-3.91364,,,,,,0
2026724,1,-200,Chloroflexota bacterium,"",bacteria,false,,,,,,,,,,,,,,,,0.22972129523298448,2,,,77.65,22.5,10^-3.3097,,,,,,0
1978231,1,-200,Acidobacteriota bacterium,"",bacteria,false,,,,,,,,,,,,,,,,0.22972129523298448,2,,,75.0,24.0,10^-3.95954,,,,,,0
1977087,1,-200,Pseudomonadota bacterium,"",bacteria,false,,,,,,,,,,,,,,,,0.11486064761649224,1,,,95.8,24.0,10^-5.81248,,,,,,0
1974577,1,-200,Candidatus Gracilibacteria bacterium CG_4_10_14_0_8_um_filter_38_28,"",bacteria,false,,,,,,,,,,,,,,,,0.22972129523298448,2,,,85.4,24.0,10^-4.73874,,,,,,0
1923335,1,-200,Hubei virga-like virus 2,"",viruses,false,,,,0.22972129523298448,2,,,98.6755,75.5,10^-37.6363,,,,,,,,,,,,,,,,,,0
1913989,1,-200,Gammaproteobacteria bacterium,"",bacteria,false,,,,,,,,,,,,,,,,15.850769371075929,138,,,97.6109,23.9091,10^-7.46577,,,,,,0
1913988,1,-200,Alphaproteobacteria bacterium,"",bacteria,false,,,,,,,,,,,,,,,,0.11486064761649224,1,,,75.0,24.0,10^-3.17393,,,,,,0
1898104,1,-200,Bacteroidota bacterium,"",bacteria,false,,,,,,,,,,,,,,,,0.34458194284947674,3,,,87.4667,24.0,10^-4.39735,,,,,,0
1891241,1,-200,Betaproteobacteria bacterium,"",bacteria,false,,,,,,,,,,,,,,,,0.45944259046596897,4,,,89.65,24.25,10^-6.9687,,,,,,0
1869227,1,-200,bacterium,"",bacteria,false,,,,0.11486064761649224,1,,,100.0,76.0,10^-39.3489,,,,,,,,,,,,,,,,,,0
1768112,1,-200,bacterium P201,"",bacteria,false,,,,,,,,,,,,,,,,0.11486064761649224,1,,,78.3,23.0,10^-4.95468,,,,,,0
1715222,1,-200,Chaetothyriales sp.,"",eukaryota,false,,,,0.11486064761649224,1,,,100.0,76.0,10^-39.3489,,,,,,,,,,,,,,,,,,0
1709941,1,-200,fungal sp.,"",eukaryota,false,,,,0.34458194284947674,3,,,99.5613,75.6667,10^-38.6647,,,,,,,,,,,,,,,,,,0
1701327,1,-200,uncultured bacterium 5H7,"",bacteria,false,,,,,,,,,,,,,,,,0.11486064761649224,1,,,83.3,24.0,10^-4.78516,,,,,,0
1701325,1,-200,uncultured bacterium 5G12,"",bacteria,false,,,,,,,,,,,,,,,,0.11486064761649224,1,,,83.3,24.0,10^-4.32514,,,,,,0
1635276,1,-200,Clostridia bacterium 62_21,"",bacteria,false,,,,,,,,,,,,,,,,0.11486064761649224,1,,,82.6,23.0,10^-4.3279,,,,,,0
1618666,1,-200,Candidatus Jorgensenbacteria bacterium GW2011_GWC1_48_8,"",bacteria,false,,,,,,,,,,,,,,,,0.11486064761649224,1,,,92.0,25.0,10^-7.85078,,,,,,0
1603295,1,-200,fungal sp. No.11243,"",eukaryota,false,,,,,,,,,,,,,,,,0.11486064761649224,1,,,79.2,24.0,10^-3.91721,,,,,,0
1425163,1,-200,uncultured bacterium ctg7180000001448,"",bacteria,false,,,,0.22972129523298448,2,,,97.3505,75.5,10^-36.264,,,,,,,,,,,,,,,,,,0
1425034,1,-200,uncultured bacterium ctg7180000000987,"",bacteria,false,,,,0.11486064761649224,1,,,98.667,75.0,10^-37.2961,,,,,,,,,,,,,,,,,,0
1256574,1,-200,uncultured bacterium A1Q1_fos_4,"",bacteria,false,,,,,,,,,,,,,,,,0.11486064761649224,1,,,91.7,24.0,10^-5.45593,,,,,,0
1182529,1,-200,bacterium symbiont of Bactrocera correcta,"",bacteria,false,,,,0.11486064761649224,1,,,100.0,76.0,10^-39.3489,,,,,,,,,,,,,,,,,,0
1130996,1,-200,uncultured bacterium W5-102b,"",bacteria,false,,,,0.11486064761649224,1,,,89.474,76.0,10^-28.37,,,,,,,,,,,,,,,,,,0
710808,1,-200,uncultured alpha proteobacterium HF0130_06E21,"",bacteria,false,,,,,,,,,,,,,,,,0.11486064761649224,1,,,84.0,25.0,10^-7.2204,,,,,,0
710788,1,-200,uncultured Rhodospirillales bacterium HF4000_24M03,"",bacteria,false,,,,,,,,,,,,,,,,0.11486064761649224,1,,,96.0,25.0,10^-8.75945,,,,,,0
710740,1,-200,uncultured Chromatiales bacterium HF0200_41F04,"",bacteria,false,,,,,,,,,,,,,,,,0.22972129523298448,2,,,91.3,23.0,10^-8.12473,,,,,,0
698394,1,-200,uncultured bacterium 92,"",bacteria,false,,,,0.11486064761649224,1,,,98.684,76.0,10^-37.9766,,,,,,,,,,,,,,,,,,0
459469,1,-200,Nematoda sp. MC-MOTU-5,"",eukaryota,false,,,,0.22972129523298448,2,,,92.949,78.0,10^-33.162,,,,,,,,,,,,,,,,,,0
265321,1,-200,uncultured Poribacteria bacterium,"",bacteria,false,,,,0.11486064761649224,1,,,81.967,61.0,10^-14.0556,,,,,,,,,,,,,,,,,,0
246143,1,-200,uncultured Sphingobacteriia bacterium,"",bacteria,false,,,,0.11486064761649224,1,,,100.0,76.0,10^-39.3489,,,,,,,,,,,,,,,,,,0
235205,1,-200,Bathymodiolus azoricus thioautotrophic gill symbiont,"",bacteria,false,,,,,,,,,,,,,,,,0.22972129523298448,2,,,79.15,24.0,10^-3.13373,,,,,,0
209472,1,-200,uncultured Pleosporales,"",eukaryota,false,,,,0.22972129523298448,2,,,100.0,76.0,10^-39.3489,,,,,,,,,,,,,,,,,,0
175245,1,-200,uncultured fungus,"",eukaryota,false,,,,45.36995580851443,395,,,98.3111,74.4485,10^-36.5685,,,,,,,,,,,,,,,,,,0
175244,1,-200,uncultured Basidiomycota,"",eukaryota,false,,,,0.34458194284947674,3,,,100.0,76.0,10^-39.3489,,,,,,,,,,,,,,,,,,0
175243,1,-200,uncultured Ascomycota,"",eukaryota,false,,,,0.22972129523298448,2,,,99.342,75.5,10^-38.3225,,,,,,,,,,,,,,,,,,0
171953,1,-200,uncultured Acidobacteriota bacterium,"",bacteria,false,,,,0.11486064761649224,1,,,97.368,76.0,10^-36.6042,,,,,,,,,,,,,,,,,,0
164851,1,-200,uncultured soil bacterium,"",bacteria,false,,,,0.22972129523298448,2,,,100.0,75.5,10^-39.0087,,,,,,,,,,,,,,,,,,0
155900,1,-200,uncultured organism,"",,false,,,,,,,,,,,,,,,,0.11486064761649224,1,,,91.3,23.0,10^-4.23657,,,,,,0
152507,1,-200,uncultured Actinomycetes bacterium,"",bacteria,false,,,,0.22972129523298448,2,,,96.7105,76.0,10^-35.918,,,,,,,,,,,,,,,,,,0
100272,1,-200,uncultured eukaryote,"",eukaryota,false,,,,0.8040245333154457,7,,,99.8096,67.1429,10^-33.138,,,,,,,,,,,,,,,,,,0
91750,1,-200,uncultured Alphaproteobacteria bacterium,"",bacteria,false,,,,0.11486064761649224,1,,,100.0,75.0,10^-38.6685,,,,,,,,,,,,,,,,,,0
86473,1,-200,uncultured Gammaproteobacteria bacterium,"",bacteria,false,,,,0.11486064761649224,1,,,98.684,76.0,10^-37.9766,,,,,,,,,,,,,,,,,,0
83406,1,-200,gamma proteobacterium HdN1,"",bacteria,false,,,,0.11486064761649224,1,,,93.478,46.0,10^-14.8643,,,,,,,,,,,,,,,,,,0
77133,1,-200,uncultured bacterium,"",bacteria,false,,,,19.181728151954204,167,,,99.4192,75.012,10^-38.0654,,,,,,0.6891638856989535,6,,,85.9333,22.8333,10^-4.43563,,,,,,0
34511,1,-200,unidentified nematode,"",eukaryota,false,,,,0.22972129523298448,2,,,87.013,77.0,10^-26.3057,,,,,,,,,,,,,,,,,,0
-100,1,-200,all taxa with neither family nor genus classification,,,false,,,,2.756655542795814,24,,,89.9248,65.4545,10^-22.705,,,,,,2.6417948951793218,23,,,91.3087,23.8261,10^-5.02741,,,,,,0
-200000543,2,-200000543,non-genus-specific reads in family Enterobacteriaceae,,bacteria,false,,,,0.11486064761649224,1,,,100.0,73.0,10^-37.3079,,,,,,,,,,,,,,,,,[218034],0
218034,1,-200000543,uncultured Enterobacteriaceae bacterium,"",bacteria,false,,,,0.11486064761649224,1,,,100.0,73.0,10^-37.3079,,,,,,,,,,,,,,,,,,0
-200005593,2,-200005593,non-genus-specific reads in family Microascaceae,,eukaryota,false,,,,0.11486064761649224,1,,,97.333,75.0,10^-35.9238,,,,,,,,,,,,,,,,,[1537594],0
1537594,1,-200005593,uncultured Enterocarpus,"",eukaryota,false,,,,0.11486064761649224,1,,,97.333,75.0,10^-35.9238,,,,,,,,,,,,,,,,,,0
-200005654,2,-200005654,non-genus-specific reads in family Trypanosomatidae,,eukaryota,false,,,,19.641170742420172,171,,,99.8945,497.298,10^-270.309,,,,,,,,,,,,,,,,,"[2116055, 1703346, 1156559, 1156557, 699842, 48405]",0
2116055,1,-200005654,Trypanosomatidae sp. PNG77,"",eukaryota,false,,,,0.11486064761649224,1,,,97.222,36.0,10^-10.8537,,,,,,,,,,,,,,,,,,0
1703346,1,-200005654,Trypanosomatidae sp. 20 ex Evandromyia evandroi,"",eukaryota,false,,,,0.11486064761649224,1,,,100.0,42.0,10^-16.2762,,,,,,,,,,,,,,,,,,0
1156559,1,-200005654,Trypanosomatidae sp. TS07116,"",eukaryota,false,,,,0.11486064761649224,1,,,95.946,74.0,10^-33.871,,,,,,,,,,,,,,,,,,0
1156557,1,-200005654,Trypanosomatidae sp. Z1505,"",eukaryota,false,,,,0.11486064761649224,1,,,96.053,76.0,10^-35.2318,,,,,,,,,,,,,,,,,,0
699842,1,-200005654,uncultured trypanosome,"",eukaryota,false,,,,1.8377703618638759,16,,,99.5365,72.7333,10^-36.6707,,,,,,,,,,,,,,,,,,0
48405,1,-200005654,Trypanosomatidae sp. G755,"",eukaryota,false,,,,17.34395779009033,151,1,147,100.0,551.859,10^-300.441,,,,,,,,,,,,,,,,,,0
-200011012,2,-200011012,non-genus-specific reads in family Partitiviridae,,viruses,false,,,,0.34458194284947674,3,,,100.0,58.6667,10^-27.5679,,,,,,0.11486064761649224,1,,,87.0,23.0,10^-3.48413,,,,,[2970631],0
2970631,1,-200011012,Hattula partiti-like virus,"",viruses,false,,,,0.34458194284947674,3,,,100.0,58.6667,10^-27.5679,,,,,,0.11486064761649224,1,,,87.0,23.0,10^-3.48413,,,,,,0
-200011270,2,-200011270,non-genus-specific reads in family Rhabdoviridae,,viruses,false,,,,,,,,,,,,,,,,0.45944259046596897,4,,,78.625,24.5,10^-5.0591,,,,,"[2805769, 2689334]",0
2805769,1,-200011270,Evros rhabdovirus 1,"",viruses,false,,,,,,,,,,,,,,,,0.11486064761649224,1,,,83.3,24.0,10^-3.65365,,,,,,0
2689334,1,-200011270,Atrato Rhabdo-like virus 2,"",viruses,false,,,,,,,,,,,,,,,,0.34458194284947674,3,,,77.0667,24.6667,10^-5.52759,,,,,,0
-200012058,2,-200012058,non-genus-specific reads in family Picornaviridae,,viruses,false,,,,21.134359161434574,184,,,96.2675,46.6606,10^-16.9788,,,,,,,,,,,,,,,,,[2952019],0
2952019,1,-200012058,XiangYun picorna-like virus 2,"",viruses,false,,,,21.134359161434574,184,,,96.2675,46.6606,10^-16.9788,,,,,,,,,,,,,,,,,,0
-200029026,2,-200029026,non-genus-specific reads in family Staphylinidae,,eukaryota,false,,,,0.11486064761649224,1,,,92.105,38.0,10^-9.45781,,,,,,,,,,,,,,,,,[2055537],0
2055537,1,-200029026,Staphylinidae sp. CSR146,"",eukaryota,false,,,,0.11486064761649224,1,,,92.105,38.0,10^-9.45781,,,,,,,,,,,,,,,,,,0
-200037990,2,-200037990,non-genus-specific reads in family Xylariaceae,,eukaryota,false,,,,0.11486064761649224,1,,,98.684,76.0,10^-37.9766,,,,,,0.11486064761649224,1,,,96.0,25.0,10^-5.98297,,,,,"[2614592, 1231218]",0
2614592,1,-200037990,Xylariaceae sp. FL1651,"",eukaryota,false,,,,,,,,,,,,,,,,0.11486064761649224,1,,,96.0,25.0,10^-5.98297,,,,,,0
1231218,1,-200037990,Xylariaceae sp. 8El1_1,"",eukaryota,false,,,,0.11486064761649224,1,,,98.684,76.0,10^-37.9766,,,,,,,,,,,,,,,,,,0
-200041295,2,-200041295,non-genus-specific reads in family Rhodospirillaceae,,bacteria,false,,,,,,,,,,,,,,,,0.11486064761649224,1,,,86.4,22.0,10^-5.10347,,,,,[2682548],0
2682548,1,-200041295,Rhodospirillaceae bacterium LM-1,"",bacteria,false,,,,,,,,,,,,,,,,0.11486064761649224,1,,,86.4,22.0,10^-5.10347,,,,,,0
-200041297,2,-200041297,non-genus-specific reads in family Sphingomonadaceae,,bacteria,false,,,,0.22972129523298448,2,,,99.3245,74.5,10^-37.6421,,,,,,,,,,,,,,,,,[169976],0
169976,1,-200041297,uncultured Sphingomonadaceae bacterium,"",bacteria,false,,,,0.22972129523298448,2,,,99.3245,74.5,10^-37.6421,,,,,,,,,,,,,,,,,,0
-200063901,2,-200063901,non-genus-specific reads in family Noteridae,,eukaryota,false,,,,,,,,,,,,,,,,0.11486064761649224,1,,,84.0,25.0,10^-4.43063,,,,,[2055466],0
2055466,1,-200063901,Noteridae sp. CSR039,"",eukaryota,false,,,,,,,,,,,,,,,,0.11486064761649224,1,,,84.0,25.0,10^-4.43063,,,,,,0
-200075787,2,-200075787,non-genus-specific reads in family Rhodocyclaceae,,bacteria,false,,,,,,,,,,,,,,,,0.34458194284947674,3,,,98.6,24.0,10^-8.79413,,,,,[1898103],0
1898103,1,-200075787,Rhodocyclaceae bacterium,"",bacteria,false,,,,,,,,,,,,,,,,0.34458194284947674,3,,,98.6,24.0,10^-8.79413,,,,,,0
-200128827,2,-200128827,non-genus-specific reads in family Erysipelotrichaceae,,bacteria,false,,,,,,,,,,,,,,,,0.11486064761649224,1,,,83.3,24.0,10^-4.12148,,,,,[1262981],0
1262981,1,-200128827,Erysipelotrichaceae bacterium CAG:64,"",bacteria,false,,,,,,,,,,,,,,,,0.11486064761649224,1,,,83.3,24.0,10^-4.12148,,,,,,0
-200186665,2,-200186665,non-genus-specific reads in family Metaviridae,,viruses,false,,,,,,,,,,,,,,,,0.8040245333154457,7,,,85.7571,24.1429,10^-4.54861,,,,,[2689361],0
2689361,1,-200186665,Chibugado virus,"",viruses,false,,,,,,,,,,,,,,,,0.8040245333154457,7,,,85.7571,24.1429,10^-4.54861,,,,,,0
-200204434,2,-200204434,non-genus-specific reads in family Acidobacteriaceae,,bacteria,false,,,,0.11486064761649224,1,,,94.03,67.0,10^-27.7385,,,,,,,,,,,,,,,,,[2883246],0
2883246,1,-200204434,Acidobacteriaceae bacterium ZG23-2,"",bacteria,false,,,,0.11486064761649224,1,,,94.03,67.0,10^-27.7385,,,,,,,,,,,,,,,,,,0
-200216572,2,-200216572,non-genus-specific reads in family Oscillospiraceae,,bacteria,false,,,,0.11486064761649224,1,,,100.0,76.0,10^-39.3489,,,,,,10.911761523566764,95,,,64.4212,102.161,10^-32.7876,,,,,"[2485925, 1535]",0
2485925,1,-200216572,Oscillospiraceae bacterium,"",bacteria,false,,,,0.11486064761649224,1,,,100.0,76.0,10^-39.3489,,,,,,,,,,,,,,,,,,0
1535,1,-200216572,[Clostridium] leptum,"",bacteria,false,,,,,,,,,,,,,,,,10.911761523566764,95,1,94,64.4212,102.161,10^-32.7876,,,,,,0
-200219441,2,-200219441,non-genus-specific reads in family Aderidae,,eukaryota,false,,,,,,,,,,,,,,,,0.11486064761649224,1,,,100.0,24.0,10^-5.56067,,,,,[2055319],0
2055319,1,-200219441,Aderidae sp. CSR001,"",eukaryota,false,,,,,,,,,,,,,,,,0.11486064761649224,1,,,100.0,24.0,10^-5.56067,,,,,,0
-200232795,2,-200232795,non-genus-specific reads in family Dicistroviridae,,viruses,false,,,,,,,,,,,,,,,,0.11486064761649224,1,,,100.0,24.0,10^-6.50585,,,,,[2789442],0
2789442,1,-200232795,Ohio dicistro-like virus,"",viruses,false,,,,,,,,,,,,,,,,0.11486064761649224,1,,,100.0,24.0,10^-6.50585,,,,,,0
-200292628,2,-200292628,non-genus-specific reads in family Anaerolineaceae,,bacteria,false,,,,0.11486064761649224,1,,,94.444,36.0,10^-9.48129,,,,,,,,,,,,,,,,,[1889813],0
1889813,1,-200292628,Anaerolineaceae bacterium oral taxon 439,"",bacteria,false,,,,0.11486064761649224,1,,,94.444,36.0,10^-9.48129,,,,,,,,,,,,,,,,,,0
-200475964,2,-200475964,non-genus-specific reads in family Caldilineaceae,,bacteria,false,,,,0.11486064761649224,1,,,88.158,76.0,10^-26.9976,,,,,,,,,,,,,,,,,[543031],0
543031,1,-200475964,uncultured Caldilineaceae bacterium,"",bacteria,false,,,,0.11486064761649224,1,,,88.158,76.0,10^-26.9976,,,,,,,,,,,,,,,,,,0
-200563835,2,-200563835,non-genus-specific reads in family Chitinophagaceae,,bacteria,false,,,,,,,,,,,,,,,,0.22972129523298448,2,,,78.75,23.5,10^-4.48017,,,,,[1869212],0
1869212,1,-200563835,Chitinophagaceae bacterium,"",bacteria,false,,,,,,,,,,,,,,,,0.22972129523298448,2,,,78.75,23.5,10^-4.48017,,,,,,0
-200744603,2,-200744603,non-genus-specific reads in family Bathysciadiidae,,eukaryota,false,,,,,,,,,,,,,,,,0.11486064761649224,1,,,84.0,25.0,10^-4.59688,,,,,[2496596],0
2496596,1,-200744603,Bathysciadiidae sp. MNHN-IM-2013-40843,"",eukaryota,false,,,,,,,,,,,,,,,,0.11486064761649224,1,,,84.0,25.0,10^-4.59688,,,,,,0
-200767018,2,-200767018,non-genus-specific reads in family Diaporthaceae,,eukaryota,false,,,,,,,,,,,,,,,,0.11486064761649224,1,,,100.0,24.0,10^-8.40561,,,,,[2614600],0
2614600,1,-200767018,Diaporthaceae sp. PMI_573,"",eukaryota,false,,,,,,,,,,,,,,,,0.11486064761649224,1,,,100.0,24.0,10^-8.40561,,,,,,0
-200862241,2,-200862241,non-genus-specific reads in family Physalacriaceae,,eukaryota,false,,,,0.22972129523298448,2,,,98.684,75.5,10^-37.6363,,,,,,,,,,,,,,,,,[2012042],0
2012042,1,-200862241,Physalacriaceae sp.,"",eukaryota,false,,,,0.22972129523298448,2,,,98.684,75.5,10^-37.6363,,,,,,,,,,,,,,,,,,0
-201651221,2,-201651221,non-genus-specific reads in family Asterotexaceae,,eukaryota,false,,,,0.11486064761649224,1,,,92.958,71.0,10^-29.0857,,,,,,,,,,,,,,,,,[2530462],0
2530462,1,-201651221,Asterotexiaceae sp. 2 LR-2019,"",eukaryota,false,,,,0.11486064761649224,1,,,92.958,71.0,10^-29.0857,,,,,,,,,,,,,,,,,,0
-201903409,2,-201903409,non-genus-specific reads in family Erwiniaceae,,bacteria,false,,,,0.11486064761649224,1,,,96.0,75.0,10^-34.5514,,,,,,,,,,,,,,,,,[2740817],0
2740817,1,-201903409,Erwiniaceae bacterium PD-1,"",bacteria,false,,,,0.11486064761649224,1,,,96.0,75.0,10^-34.5514,,,,,,,,,,,,,,,,,,0
-202171990,2,-202171990,non-genus-specific reads in family Candidatus Nanogingivalaceae,,bacteria,false,,,,0.11486064761649224,1,,,94.915,59.0,10^-23.6766,,,,,,,,,,,,,,,,,[2725942],0
2725942,1,-202171990,Candidatus Nanogingivalaceae bacterium,"",bacteria,false,,,,0.11486064761649224,1,,,94.915,59.0,10^-23.6766,,,,,,,,,,,,,,,,,,0
