tax_id,tax_level,genus_tax_id,name,common_name,category,is_phage,agg_score,max_z_score,nt_z_score,nt_rpm,nt_count,nt_contigs,nt_contig_r,nt_percent_identity,nt_alignment_length,nt_e_value,nt_bg_mean,nt_bg_stdev,nt_bg_mean_mass_normalized,nt_bg_stdev_mass_normalized,nr_z_score,nr_rpm,nr_count,nr_contigs,nr_contig_r,nr_percent_identity,nr_alignment_length,nr_e_value,nr_bg_mean,nr_bg_stdev,nr_bg_mean_mass_normalized,nr_bg_stdev_mass_normalized,species_tax_ids,known_pathogen
3112694,2,3112694,Cryoendolithus,"",eukaryota,false,,,,,,,,,,,,,,,,0.07479995565907273,1,,,72.7,33.0,10^-7.9431,,,,,[1507870],0
1507870,1,3112694,Cryoendolithus antarcticus,"",eukaryota,false,,,,,,,,,,,,,,,,0.07479995565907273,1,,,72.7,33.0,10^-7.9431,,,,,,0
3108216,2,3108216,Jeongeuplla,"",bacteria,false,,,,0.14959991131814546,2,,,98.901,91.0,10^-48.1911,,,,,,,,,,,,,,,,,[2998449],0
2998449,1,3108216,Jeongeuplla avenae,"",bacteria,false,,,,0.14959991131814546,2,,,98.901,91.0,10^-48.1911,,,,,,,,,,,,,,,,,,0
3082816,2,3082816,Candidatus Onthonaster,"",bacteria,false,,,,,,,,,,,,,,,,0.07479995565907273,1,,,63.6,33.0,10^-4.54212,,,,,[3083123],0
3083123,1,3082816,Candidatus Onthonaster equi,"",bacteria,false,,,,,,,,,,,,,,,,0.07479995565907273,1,,,63.6,33.0,10^-4.54212,,,,,,0
3080801,2,3080801,Moumouvirus,"",viruses,false,,,,0.14959991131814546,2,,,91.667,36.0,10^-8.10892,,,,,,,,,,,,,,,,,[1128137],0
1128137,1,3080801,Moumouvirus moumou,"",viruses,false,,,,0.14959991131814546,2,,,91.667,36.0,10^-8.10892,,,,,,,,,,,,,,,,,,0
3077414,2,3077414,Pulverolepiota,"",eukaryota,false,,,,0.07479995565907273,1,,,100.0,92.0,10^-50.2449,,,,,,,,,,,,,,,,,[3077415],0
3077415,1,3077414,Pulverolepiota oliveirae,"",eukaryota,false,,,,0.07479995565907273,1,,,100.0,92.0,10^-50.2449,,,,,,,,,,,,,,,,,,0
3068352,2,3068352,Rubroshorea,"",eukaryota,false,,,,,,,,,,,,,,,,0.7479995565907273,10,,,71.5,29.6667,10^-5.6075,,,,,[152421],0
152421,1,3068352,Rubroshorea leprosula,"",eukaryota,false,,,,,,,,,,,,,,,,0.7479995565907273,10,,,71.5,29.6667,10^-5.6075,,,,,,0
3065265,2,3065265,Dinochytrium,"",eukaryota,false,,,,,,,,,,,,,,,,0.14959991131814546,2,,,81.8,33.0,10^-7.80134,,,,,[1774096],0
1774096,1,3065265,Dinochytrium kinnereticum,"",eukaryota,false,,,,,,,,,,,,,,,,0.14959991131814546,2,,,81.8,33.0,10^-7.80134,,,,,,0
3044782,2,3044782,Orthoflavivirus,"",viruses,false,,,,1.4959991131814545,20,1,14,94.4948,103.947,10^-37.2581,,,,,,,,,,,,,,,,,[3052464],1
3052464,1,3044782,Orthoflavivirus denguei,"",viruses,false,,,,1.4959991131814545,20,1,14,94.4948,103.947,10^-37.2581,,,,,,,,,,,,,,,,,,1
3026546,2,3026546,Duffyella,"",bacteria,false,,,,0.14959991131814546,2,,,97.525,101.0,10^-52.9491,,,,,,,,,,,,,,,,,[1619313],0
1619313,1,3026546,Duffyella gerundensis,"",bacteria,false,,,,0.14959991131814546,2,,,97.525,101.0,10^-52.9491,,,,,,,,,,,,,,,,,,0
2996260,2,2996260,Polyrhizophydium,"",eukaryota,false,,,,,,,,,,,,,,,,0.07479995565907273,1,,,90.9,33.0,10^-10.8125,,,,,[2732419],0
2732419,1,2996260,Polyrhizophydium stewartii,"",eukaryota,false,,,,,,,,,,,,,,,,0.07479995565907273,1,,,90.9,33.0,10^-10.8125,,,,,,0
2995702,2,2995702,Actinacidiphila,"",bacteria,false,,,,,,,,,,,,,,,,0.07479995565907273,1,,,100.0,33.0,10^-13.9281,,,,,[887465],0
887465,1,2995702,Actinacidiphila cocklensis,"",bacteria,false,,,,,,,,,,,,,,,,0.07479995565907273,1,,,100.0,33.0,10^-13.9281,,,,,,0
2993541,2,2993541,Neolewinella,"",bacteria,false,,,,,,,,,,,,,,,,0.07479995565907273,1,,,87.9,33.0,10^-9.57025,,,,,[2562452],0
2562452,1,2993541,Neolewinella litorea,"",bacteria,false,,,,,,,,,,,,,,,,0.07479995565907273,1,,,87.9,33.0,10^-9.57025,,,,,,0
2984170,2,2984170,Phytohalomonas,"",bacteria,false,,,,0.07479995565907273,1,,,99.01,101.0,10^-55.0077,,,,,,,,,,,,,,,,,[2081032],0
2081032,1,2984170,Phytohalomonas tamaricis,"",bacteria,false,,,,0.07479995565907273,1,,,99.01,101.0,10^-55.0077,,,,,,,,,,,,,,,,,,0
2974251,2,2974251,Segatella,"",bacteria,false,,,,0.5983996452725818,8,1,4,99.7549,167.375,10^-86.2808,,,,,,0.14959991131814546,2,,,98.5,32.5,10^-11.1457,,,,,[165179],0
165179,1,2974251,Segatella copri,"",bacteria,false,,,,0.5983996452725818,8,1,4,99.7549,167.375,10^-86.2808,,,,,,0.14959991131814546,2,,,98.5,32.5,10^-11.1457,,,,,,0
2951107,2,2951107,Leadbettera,"",bacteria,false,,,,6.2831962753621085,84,1,84,88.462,156.0,10^-43.1085,,,,,,,,,,,,,,,,,[150829],0
150829,1,2951107,Leadbettera azotonutricia,"",bacteria,false,,,,6.2831962753621085,84,1,84,88.462,156.0,10^-43.1085,,,,,,,,,,,,,,,,,,0
2948734,2,2948734,Gylbovirus,"",viruses,false,,,,9.050794634747799,121,9,68,99.2433,193.667,10^-97.4706,,,,,,7.6295954772254175,102,7,58,99.317,59.84,10^-31.548,,,,,[2955967],0
2955967,1,2948734,Gylbovirus aagae,"",viruses,false,,,,9.050794634747799,121,9,68,99.2433,193.667,10^-97.4706,,,,,,7.6295954772254175,102,7,58,99.317,59.84,10^-31.548,,,,,,0
2946797,2,2946797,Anayavirus,"",viruses,false,,,,0.07479995565907273,1,,,97.5,40.0,10^-13.5526,,,,,,,,,,,,,,,,,[2961974],0
2961974,1,2946797,Mycobacterium phage Kashi_RDG1,"",viruses,true,,,,0.07479995565907273,1,,,97.5,40.0,10^-13.5526,,,,,,,,,,,,,,,,,,0
2944195,2,2944195,Qiania,"",bacteria,false,,,,0.14959991131814546,2,,,84.615,39.0,10^-6.01561,,,,,,,,,,,,,,,,,[2763669],0
2763669,1,2944195,Qiania dongpingensis,"",bacteria,false,,,,0.14959991131814546,2,,,84.615,39.0,10^-6.01561,,,,,,,,,,,,,,,,,,0
2943286,2,2943286,Sideroxyarcus,"",bacteria,false,,,,0.14959991131814546,2,,,90.566,53.0,10^-16.8614,,,,,,,,,,,,,,,,,[2764705],0
2764705,1,2943286,Sideroxyarcus emersonii,"",bacteria,false,,,,0.14959991131814546,2,,,90.566,53.0,10^-16.8614,,,,,,,,,,,,,,,,,,0
2925678,2,2925678,Xaviernesmea,"",bacteria,false,,,,,,,,,,,,,,,,119.08152940924377,1592,1,1592,74.834,151.0,10^-63.7011,,,,,[464029],0
464029,1,2925678,Xaviernesmea oryzae,"",bacteria,false,,,,,,,,,,,,,,,,119.08152940924377,1592,1,1592,74.834,151.0,10^-63.7011,,,,,,0
2925254,2,2925254,Alfaria,"",eukaryota,false,,,,0.07479995565907273,1,,,100.0,100.0,10^-55.6982,,,,,,,,,,,,,,,,,[610011],0
610011,1,2925254,Alfaria minuta,"",eukaryota,false,,,,0.07479995565907273,1,,,100.0,100.0,10^-55.6982,,,,,,,,,,,,,,,,,,0
2919364,2,2919364,Novacetimonas,"",bacteria,false,,,,,,,,,,,,,,,,0.14959991131814546,2,,,80.45,31.5,10^-6.9793,,,,,[436],0
436,1,2919364,Novacetimonas hansenii,"",bacteria,false,,,,,,,,,,,,,,,,0.14959991131814546,2,,,80.45,31.5,10^-6.9793,,,,,,0
2918882,2,2918882,Aduncisulcus,"",eukaryota,false,,,,,,,,,,,,,,,,0.07479995565907273,1,,,66.7,33.0,10^-3.62709,,,,,[2918883],0
2918883,1,2918882,Aduncisulcus paluster,"",eukaryota,false,,,,,,,,,,,,,,,,0.07479995565907273,1,,,66.7,33.0,10^-3.62709,,,,,,0
2918469,2,2918469,Xanthoporia,"",eukaryota,false,,,,0.07479995565907273,1,,,96.04,101.0,10^-50.8906,,,,,,,,,,,,,,,,,[119080],0
119080,1,2918469,Xanthoporia radiata,"",eukaryota,false,,,,0.07479995565907273,1,,,96.04,101.0,10^-50.8906,,,,,,,,,,,,,,,,,,0
2904863,2,2904863,Hermanssonia,"",eukaryota,false,,,,0.07479995565907273,1,,,97.872,94.0,10^-48.8632,,,,,,,,,,,,,,,,,[98765],0
98765,1,2904863,Hermanssonia centrifuga,"",eukaryota,false,,,,0.07479995565907273,1,,,97.872,94.0,10^-48.8632,,,,,,,,,,,,,,,,,,0
2901189,2,2901189,Halopseudomonas,"",bacteria,false,,,,0.07479995565907273,1,,,89.744,39.0,10^-8.76035,,,,,,,,,,,,,,,,,[1434072],0
1434072,1,2901189,Halopseudomonas salegens,"",bacteria,false,,,,0.07479995565907273,1,,,89.744,39.0,10^-8.76035,,,,,,,,,,,,,,,,,,0
2901164,2,2901164,Stutzerimonas,"",bacteria,false,,,,0.14959991131814546,2,,,100.0,59.0,10^-27.7937,,,,,,,,,,,,,,,,,[316],0
316,1,2901164,Stutzerimonas stutzeri,"",bacteria,false,,,,0.14959991131814546,2,,,100.0,59.0,10^-27.7937,,,,,,,,,,,,,,,,,,0
2886823,2,2886823,Desulfosediminicola,"",bacteria,false,,,,0.07479995565907273,1,,,90.909,55.0,10^-18.2176,,,,,,,,,,,,,,,,,[2569540],0
2569540,1,2886823,Desulfosediminicola ganghwensis,"",bacteria,false,,,,0.07479995565907273,1,,,90.909,55.0,10^-18.2176,,,,,,,,,,,,,,,,,,0
2884239,2,2884239,Exephanes,"",eukaryota,false,,,,1.0471993792270182,14,,,90.0205,55.2308,10^-17.0268,,,,,,,,,,,,,,,,,[2884240],0
2884240,1,2884239,Exephanes ischioxanthus,"",eukaryota,false,,,,1.0471993792270182,14,,,90.0205,55.2308,10^-17.0268,,,,,,,,,,,,,,,,,,0
2878381,2,2878381,Capillidium,"",eukaryota,false,,,,0.44879973395443634,6,,,92.9542,85.6667,10^-37.4694,,,,,,,,,,,,,,,,,"[1167838, 181046]",0
1167838,1,2878381,Capillidium heterosporum,"",eukaryota,false,,,,0.2991998226362909,4,,,93.09,88.25,10^-39.1148,,,,,,,,,,,,,,,,,,0
181046,1,2878381,Capillidium rhysosporum,"",eukaryota,false,,,,0.14959991131814546,2,,,92.6825,80.5,10^-34.1786,,,,,,,,,,,,,,,,,,0
2878373,2,2878373,Neoconidiobolus,"",eukaryota,false,,,,0.44879973395443634,6,,,92.8848,86.0,10^-37.4698,,,,,,0.44879973395443634,6,,,86.45,29.6667,10^-7.59211,,,,,[76012],0
76012,1,2878373,Neoconidiobolus thromboides,"",eukaryota,false,,,,0.44879973395443634,6,,,92.8848,86.0,10^-37.4698,,,,,,0.44879973395443634,6,,,86.45,29.6667,10^-7.59211,,,,,,0
2874059,2,2874059,Halotydeus,"",eukaryota,false,,,,,,,,,,,,,,,,0.14959991131814546,2,,,70.6,32.5,10^-7.73796,,,,,[2874060],0
2874060,1,2874059,Halotydeus destructor,"",eukaryota,false,,,,,,,,,,,,,,,,0.14959991131814546,2,,,70.6,32.5,10^-7.73796,,,,,,0
2865286,2,2865286,Conescharellina,"",eukaryota,false,,,,0.22439986697721817,3,,,87.6873,72.6667,10^-24.7309,,,,,,,,,,,,,,,,,[2865288],0
2865288,1,2865286,Conescharellina sp. BLEED1816,"",eukaryota,false,,,,0.22439986697721817,3,,,87.6873,72.6667,10^-24.7309,,,,,,,,,,,,,,,,,,0
2843423,2,2843423,Moturavirus,"",viruses,false,,,,0.07479995565907273,1,,,88.889,45.0,10^-11.4429,,,,,,,,,,,,,,,,,[2843625],0
2843625,1,2843423,Moturavirus motura,"",viruses,false,,,,0.07479995565907273,1,,,88.889,45.0,10^-11.4429,,,,,,,,,,,,,,,,,,0
2842996,2,2842996,Quwivirus,"",viruses,false,,,,0.07479995565907273,1,,,90.0,40.0,10^-9.43554,,,,,,,,,,,,,,,,,[3050254],0
3050254,1,2842996,Quwivirus caviidbeta2,"",viruses,false,,,,0.07479995565907273,1,,,90.0,40.0,10^-9.43554,,,,,,,,,,,,,,,,,,0
2842863,2,2842863,Merhavirus,"",viruses,false,,,,,,,,,,,,,,,,0.14959991131814546,2,,,59.4,32.0,10^-6.05552,,,,,[2845583],0
2845583,1,2842863,Merhavirus merida,"",viruses,false,,,,,,,,,,,,,,,,0.14959991131814546,2,,,59.4,32.0,10^-6.05552,,,,,,0
2842652,2,2842652,Doliuvirus,"",viruses,false,,,,,,,,,,,,,,,,0.44879973395443634,6,,,71.3167,32.0,10^-5.92244,,,,,[2844094],0
2844094,1,2842652,Doliuvirus culisetae,"",viruses,false,,,,,,,,,,,,,,,,0.44879973395443634,6,,,71.3167,32.0,10^-5.92244,,,,,,0
2837507,2,2837507,Robertmurraya,"",bacteria,false,,,,,,,,,,,,,,,,0.07479995565907273,1,,,81.5,27.0,10^-6.09691,,,,,[1037680],0
1037680,1,2837507,Robertmurraya kyonggiensis,"",bacteria,false,,,,,,,,,,,,,,,,0.07479995565907273,1,,,81.5,27.0,10^-6.09691,,,,,,0
2834378,2,2834378,Entomospira,"",bacteria,false,,,,467.20052304656826,6246,3,5298,92.5517,435.422,10^-270.484,,,,,,7.479995565907273,100,1,6,85.4824,34.02,10^-10.1009,,,,,"[2719989, 2719988, 2719987, 797270]",0
2719989,1,2834378,Entomospira culicis,"",bacteria,false,,,,408.9313575881506,5467,3,5298,92.2033,466.996,10^-291.183,,,,,,5.011597029157873,67,1,6,86.9797,34.9254,10^-10.9833,,,,,,0
2719988,1,2834378,Entomospira entomophila,"",bacteria,false,,,,1.9447988471358908,26,,,97.5154,79.4167,10^-38.8791,,,,,,1.1967992905451637,16,,,84.1625,31.9375,10^-9.06099,,,,,,0
2719987,1,2834378,Entomospira nematocerorum,"",bacteria,false,,,,56.17476669996362,751,,,96.1588,97.7841,10^-48.9504,,,,,,1.2715992462042363,17,,,80.8235,32.4118,10^-7.60184,,,,,,0
797270,1,2834378,Entomospira sp. BR173,"",bacteria,false,,,,0.14959991131814546,2,,,100.0,51.5,10^-22.7219,,,,,,,,,,,,,,,,,,0
2831443,2,2831443,Heliomicrobium,"",bacteria,false,,,,,,,,,,,,,,,,0.14959991131814546,2,,,85.5,30.5,10^-7.08433,,,,,[35701],0
35701,1,2831443,Heliomicrobium modesticaldum,"",bacteria,false,,,,,,,,,,,,,,,,0.14959991131814546,2,,,85.5,30.5,10^-7.08433,,,,,,0
2823221,2,2823221,Allgaiera,"",bacteria,false,,,,,,,,,,,,,,,,0.14959991131814546,2,,,77.75,31.5,10^-7.34306,,,,,[765699],0
765699,1,2823221,Allgaiera indica,"",bacteria,false,,,,,,,,,,,,,,,,0.14959991131814546,2,,,77.75,31.5,10^-7.34306,,,,,,0
2803850,2,2803850,Mammaliicoccus,"",bacteria,false,,,,0.07479995565907273,1,,,87.805,82.0,10^-29.7093,,,,,,,,,,,,,,,,,[1296],0
1296,1,2803850,Mammaliicoccus sciuri,"",bacteria,false,,,,0.07479995565907273,1,,,87.805,82.0,10^-29.7093,,,,,,,,,,,,,,,,,,0
2800686,2,2800686,Tsuneonella,"",bacteria,false,,,,0.14959991131814546,2,,,92.941,85.0,10^-37.2418,,,,,,,,,,,,,,,,,[2055955],0
2055955,1,2800686,Tsuneonella flava,"",bacteria,false,,,,0.14959991131814546,2,,,92.941,85.0,10^-37.2418,,,,,,,,,,,,,,,,,,0
2800681,2,2800681,Aurantiacibacter,"",bacteria,false,,,,0.07479995565907273,1,,,98.851,87.0,10^-45.4659,,,,,,,,,,,,,,,,,[3003265],0
3003265,1,2800681,Aurantiacibacter sp. MUD11,"",bacteria,false,,,,0.07479995565907273,1,,,98.851,87.0,10^-45.4659,,,,,,,,,,,,,,,,,,0
2800389,2,2800389,Chengiodendron,"",eukaryota,false,,,,0.07479995565907273,1,,,100.0,100.0,10^-55.6982,,,,,,,,,,,,,,,,,[424909],0
424909,1,2800389,Chengiodendron marginatum,"",eukaryota,false,,,,0.07479995565907273,1,,,100.0,100.0,10^-55.6982,,,,,,,,,,,,,,,,,,0
2795781,2,2795781,Aeoliella,"",bacteria,false,,,,,,,,,,,,,,,,0.07479995565907273,1,,,65.6,32.0,10^-4.4023,,,,,[2527972],0
2527972,1,2795781,Aeoliella mucimassa,"",bacteria,false,,,,,,,,,,,,,,,,0.07479995565907273,1,,,65.6,32.0,10^-4.4023,,,,,,0
2792240,2,2792240,Thiospirochaeta,"",bacteria,false,,,,1464.583131804644,19580,1,19580,83.03,1980.0,10^-307.653,,,,,,,,,,,,,,,,,[252967],0
252967,1,2792240,Thiospirochaeta perfilievii,"",bacteria,false,,,,1464.583131804644,19580,1,19580,83.03,1980.0,10^-307.653,,,,,,,,,,,,,,,,,,0
2791032,2,2791032,Candolleomyces,"",eukaryota,false,,,,449.1737337327317,6005,2,6003,89.5729,607.474,10^-305.771,,,,,,0.22439986697721817,3,,,61.7,31.3333,10^-5.59189,,,,,"[2828524, 2316362]",0
2828524,1,2791032,Candolleomyces eurysporus,"",eukaryota,false,,,,,,,,,,,,,,,,0.07479995565907273,1,,,62.5,32.0,10^-3.34679,,,,,,0
2316362,1,2791032,Candolleomyces aberdarensis,"",eukaryota,false,,,,449.1737337327317,6005,2,6003,89.5729,607.474,10^-305.771,,,,,,0.14959991131814546,2,,,61.3,31.0,10^-6.71444,,,,,,0
2787156,2,2787156,Culicoidibacter,"",bacteria,false,,,,,,,,,,,,,,,,0.14959991131814546,2,,,84.0,25.0,10^-3.97155,,,,,[2579976],0
2579976,1,2787156,Culicoidibacter larvae,"",bacteria,false,,,,,,,,,,,,,,,,0.14959991131814546,2,,,84.0,25.0,10^-3.97155,,,,,,0
2782231,2,2782231,Kaistella,"",bacteria,false,,,,,,,,,,,,,,,,0.2991998226362909,4,,,89.8667,32.3333,10^-9.62916,,,,,"[3026437, 2878534, 2763074]",0
3026437,1,2782231,Kaistella sp. Ran72,"",bacteria,false,,,,,,,,,,,,,,,,0.07479995565907273,1,,,96.9,32.0,10^-10.4056,,,,,,0
2878534,1,2782231,Kaistella polysaccharea,"",bacteria,false,,,,,,,,,,,,,,,,0.14959991131814546,2,,,100.0,32.0,10^-12.1694,,,,,,0
2763074,1,2782231,Kaistella pullorum,"",bacteria,false,,,,,,,,,,,,,,,,0.07479995565907273,1,,,72.7,33.0,10^-6.31247,,,,,,0
2782229,2,2782229,Epilithonimonas,"",bacteria,false,,,,0.14959991131814546,2,,,100.0,100.0,10^-55.6982,,,,,,0.2991998226362909,4,,,100.0,32.25,10^-11.3709,,,,,"[2487072, 1476462, 1416779, 420404]",0
2487072,1,2782229,Epilithonimonas vandammei,"",bacteria,false,,,,0.14959991131814546,2,,,100.0,100.0,10^-55.6982,,,,,,0.07479995565907273,1,,,100.0,32.0,10^-10.5391,,,,,,0
1476462,1,2782229,Epilithonimonas xixisoli,"",bacteria,false,,,,,,,,,,,,,,,,0.07479995565907273,1,,,100.0,32.0,10^-12.2604,,,,,,0
1416779,1,2782229,Epilithonimonas zeae,"",bacteria,false,,,,,,,,,,,,,,,,0.07479995565907273,1,,,100.0,33.0,10^-12.1451,,,,,,0
420404,1,2782229,Epilithonimonas hominis,"",bacteria,false,,,,,,,,,,,,,,,,0.07479995565907273,1,,,100.0,32.0,10^-10.5391,,,,,,0
2779937,2,2779937,Podila,"",eukaryota,false,,,,,,,,,,,,,,,,0.14959991131814546,2,,,98.5,33.0,10^-13.694,,,,,[78898],0
78898,1,2779937,Podila verticillata,"",eukaryota,false,,,,,,,,,,,,,,,,0.14959991131814546,2,,,98.5,33.0,10^-13.694,,,,,,0
2779868,2,2779868,Gamsiella,"",eukaryota,false,,,,0.14959991131814546,2,,,84.76,90.0,10^-29.6722,,,,,,,,,,,,,,,,,[101098],0
101098,1,2779868,Gamsiella multidivaricata,"",eukaryota,false,,,,0.14959991131814546,2,,,84.76,90.0,10^-29.6722,,,,,,,,,,,,,,,,,,0
2767886,2,2767886,Levilactobacillus,"",bacteria,false,,,,0.07479995565907273,1,,,100.0,101.0,10^-56.3801,,,,,,,,,,,,,,,,,[1580],0
1580,1,2767886,Levilactobacillus brevis,"",bacteria,false,,,,0.07479995565907273,1,,,100.0,101.0,10^-56.3801,,,,,,,,,,,,,,,,,,0
2767885,2,2767885,Latilactobacillus,"",bacteria,false,,,,0.9723994235679454,13,,,99.8462,98.6154,10^-54.4378,,,,,,0.14959991131814546,2,,,98.5,33.0,10^-11.6689,,,,,"[28038, 1599]",0
28038,1,2767885,Latilactobacillus curvatus,"",bacteria,false,,,,0.5235996896135091,7,,,99.8586,100.0,10^-55.3061,,,,,,0.14959991131814546,2,,,98.5,33.0,10^-11.6689,,,,,,0
1599,1,2767885,Latilactobacillus sakei,"",bacteria,false,,,,0.44879973395443634,6,,,99.8317,97.0,10^-53.4247,,,,,,,,,,,,,,,,,,0
2767323,2,2767323,Buchananella,"",bacteria,false,,,,,,,,,,,,,,,,0.07479995565907273,1,,,79.3,29.0,10^-5.33442,,,,,[52770],0
52770,1,2767323,Buchananella hordeovulneris,"",bacteria,false,,,,,,,,,,,,,,,,0.07479995565907273,1,,,79.3,29.0,10^-5.33442,,,,,,0
2766734,2,2766734,Faecalibacter,"",bacteria,false,,,,,,,,,,,,,,,,0.07479995565907273,1,,,66.7,33.0,10^-5.91364,,,,,[2779678],0
2779678,1,2766734,Faecalibacter rhinopitheci,"",bacteria,false,,,,,,,,,,,,,,,,0.07479995565907273,1,,,66.7,33.0,10^-5.91364,,,,,,0
2761499,2,2761499,Porcisia,"",eukaryota,false,,,,,,,,,,,,,,,,1.4959991131814545,20,,,89.23,32.55,10^-8.95446,,,,,[2761500],0
2761500,1,2761499,Porcisia hertigi,"",eukaryota,false,,,,,,,,,,,,,,,,1.4959991131814545,20,,,89.23,32.55,10^-8.95446,,,,,,0
2759736,2,2759736,Lacticaseibacillus,"",bacteria,false,,,,,,,,,,,,,,,,0.07479995565907273,1,,,90.9,33.0,10^-10.6308,,,,,[47715],0
47715,1,2759736,Lacticaseibacillus rhamnosus,"",bacteria,false,,,,,,,,,,,,,,,,0.07479995565907273,1,,,90.9,33.0,10^-10.6308,,,,,,0
2759657,2,2759657,Cyanidiococcus,"",eukaryota,false,,,,,,,,,,,,,,,,112.19993348860909,1500,1,1500,70.732,41.0,10^-10.3655,,,,,[2690220],0
2690220,1,2759657,Cyanidiococcus yangmingshanensis,"",eukaryota,false,,,,,,,,,,,,,,,,112.19993348860909,1500,1,1500,70.732,41.0,10^-10.3655,,,,,,0
2749846,2,2749846,Amedibacillus,"",bacteria,false,,,,,,,,,,,,,,,,0.2991998226362909,4,,,84.6,27.5,10^-5.28725,,,,,[31971],0
31971,1,2749846,Amedibacillus dolichus,"",bacteria,false,,,,,,,,,,,,,,,,0.2991998226362909,4,,,84.6,27.5,10^-5.28725,,,,,,0
2742598,2,2742598,Limosilactobacillus,"",bacteria,false,,,,0.2991998226362909,4,,,98.0,84.0,10^-42.0582,,,,,,0.22439986697721817,3,,,81.9667,26.0,10^-4.98894,,,,,"[1613, 1598]",0
1613,1,2742598,Limosilactobacillus fermentum,"",bacteria,false,,,,0.14959991131814546,2,,,98.0,84.0,10^-42.0582,,,,,,0.22439986697721817,3,,,81.9667,26.0,10^-4.98894,,,,,,0
1598,1,2742598,Limosilactobacillus reuteri,"",bacteria,false,,,,0.14959991131814546,2,,,98.0,84.0,10^-42.0582,,,,,,,,,,,,,,,,,,0
2728523,2,2728523,Quaeritorhiza,"",eukaryota,false,,,,,,,,,,,,,,,,0.07479995565907273,1,,,54.5,33.0,10^-3.17587,,,,,[2654861],0
2654861,1,2728523,Quaeritorhiza haematococci,"",eukaryota,false,,,,,,,,,,,,,,,,0.07479995565907273,1,,,54.5,33.0,10^-3.17587,,,,,,0
2714348,2,2714348,Myathropa,"",eukaryota,false,,,,0.07479995565907273,1,,,79.452,73.0,10^-16.7223,,,,,,,,,,,,,,,,,[2714349],0
2714349,1,2714348,Myathropa florea,"",eukaryota,false,,,,0.07479995565907273,1,,,79.452,73.0,10^-16.7223,,,,,,,,,,,,,,,,,,0
2706948,2,2706948,Aureibaculum,"",bacteria,false,,,,0.14959991131814546,2,,,86.111,36.0,10^-5.36418,,,,,,,,,,,,,,,,,[2584122],0
2584122,1,2706948,Aureibaculum algae,"",bacteria,false,,,,0.14959991131814546,2,,,86.111,36.0,10^-5.36418,,,,,,,,,,,,,,,,,,0
2683599,2,2683599,Paroceanicella,"",bacteria,false,,,,0.07479995565907273,1,,,86.0,100.0,10^-35.1126,,,,,,,,,,,,,,,,,[2579971],0
2579971,1,2683599,Paroceanicella profunda,"",bacteria,false,,,,0.07479995565907273,1,,,86.0,100.0,10^-35.1126,,,,,,,,,,,,,,,,,,0
2675232,2,2675232,Neobacillus,"",bacteria,false,,,,,,,,,,,,,,,,0.14959991131814546,2,,,75.9,29.0,10^-7.52433,,,,,[1578198],0
1578198,1,2675232,Neobacillus notoginsengisoli,"",bacteria,false,,,,,,,,,,,,,,,,0.14959991131814546,2,,,75.9,29.0,10^-7.52433,,,,,,0
2664683,2,2664683,Dimorphilus,"",eukaryota,false,,,,,,,,,,,,,,,,0.07479995565907273,1,,,87.1,31.0,10^-8.21325,,,,,[2664684],0
2664684,1,2664683,Dimorphilus gyrociliatus,"",eukaryota,false,,,,,,,,,,,,,,,,0.07479995565907273,1,,,87.1,31.0,10^-8.21325,,,,,,0
2652702,2,2652702,Hypomontagnella,"",eukaryota,false,,,,,,,,,,,,,,,,0.14959991131814546,2,,,100.0,32.5,10^-9.31044,,,,,[2487000],0
2487000,1,2652702,Hypomontagnella monticulosa,"",eukaryota,false,,,,,,,,,,,,,,,,0.14959991131814546,2,,,100.0,32.5,10^-9.31044,,,,,,0
2607957,2,2607957,Collybiopsis,"",eukaryota,false,,,,0.3739997782953636,5,,,99.208,101.0,10^-55.2822,,,,,,,,,,,,,,,,,"[2773346, 2716114, 2007093, 1453533, 379721]",0
2773346,1,2607957,Collybiopsis luxurians,"",eukaryota,false,,,,0.07479995565907273,1,,,99.01,101.0,10^-55.0077,,,,,,,,,,,,,,,,,,0
2716114,1,2607957,Collybiopsis biformis,"",eukaryota,false,,,,0.07479995565907273,1,,,99.01,101.0,10^-55.0077,,,,,,,,,,,,,,,,,,0
2007093,1,2607957,Collybiopsis quercophila,"",eukaryota,false,,,,0.07479995565907273,1,,,100.0,101.0,10^-56.3801,,,,,,,,,,,,,,,,,,0
1453533,1,2607957,Collybiopsis eneficola,"",eukaryota,false,,,,0.07479995565907273,1,,,99.01,101.0,10^-55.0077,,,,,,,,,,,,,,,,,,0
379721,1,2607957,Collybiopsis subcyathiformis,"",eukaryota,false,,,,0.07479995565907273,1,,,99.01,101.0,10^-55.0077,,,,,,,,,,,,,,,,,,0
2602191,2,2602191,Cephalomalthinus,"",eukaryota,false,,,,0.14959991131814546,2,,,92.453,53.0,10^-18.2337,,,,,,,,,,,,,,,,,[2055621],0
2055621,1,2602191,Cephalomalthinus sp. INB156,"",eukaryota,false,,,,0.14959991131814546,2,,,92.453,53.0,10^-18.2337,,,,,,,,,,,,,,,,,,0
2600304,2,2600304,Baekduia,"",bacteria,false,,,,0.14959991131814546,2,,,87.569,95.0,10^-35.8246,,,,,,,,,,,,,,,,,[2997333],0
2997333,1,2600304,Baekduia alba,"",bacteria,false,,,,0.14959991131814546,2,,,87.569,95.0,10^-35.8246,,,,,,,,,,,,,,,,,,0
2585208,2,2585208,Trichonephila,"",eukaryota,false,,,,,,,,,,,,,,,,7.554795521566345,101,,,85.0892,31.8313,10^-8.57448,,,,,"[2747482, 2740835, 2585209]",0
2747482,1,2585208,Trichonephila inaurata,golden orb-web spider,eukaryota,false,,,,,,,,,,,,,,,,0.14959991131814546,2,,,81.8,33.0,10^-7.97865,,,,,,0
2740835,1,2585208,Trichonephila clavata,"",eukaryota,false,,,,,,,,,,,,,,,,4.861997117839727,65,,,96.0319,32.3191,10^-11.0732,,,,,,0
2585209,1,2585208,Trichonephila clavipes,"",eukaryota,false,,,,,,,,,,,,,,,,2.5431984924084725,34,,,70.1559,31.0882,10^-5.15543,,,,,,0
2529408,2,2529408,Schaalia,"",bacteria,false,,,,,,,,,,,,,,,,0.22439986697721817,3,,,93.8667,32.3333,10^-13.2018,,,,,"[131111, 1660]",0
131111,1,2529408,Schaalia turicensis,"",bacteria,false,,,,,,,,,,,,,,,,0.14959991131814546,2,,,93.85,32.0,10^-12.3757,,,,,,0
1660,1,2529408,Schaalia odontolytica,"",bacteria,false,,,,,,,,,,,,,,,,0.07479995565907273,1,,,93.9,33.0,10^-14.8539,,,,,,0
2493821,2,2493821,Lulesia,"",eukaryota,false,,,,0.8975994679088727,12,1,12,94.386,285.0,10^-118.054,,,,,,,,,,,,,,,,,[693818],0
693818,1,2493821,Lulesia popinalis,"",eukaryota,false,,,,0.8975994679088727,12,1,12,94.386,285.0,10^-118.054,,,,,,,,,,,,,,,,,,0
2492374,2,2492374,Omphaloscelis,"",eukaryota,false,,,,0.2991998226362909,4,,,90.3903,64.6667,10^-23.4228,,,,,,,,,,,,,,,,,[2492375],0
2492375,1,2492374,Omphaloscelis lunosa,"",eukaryota,false,,,,0.2991998226362909,4,,,90.3903,64.6667,10^-23.4228,,,,,,,,,,,,,,,,,,0
2483199,2,2483199,Chrysophaeum,"",eukaryota,false,,,,,,,,,,,,,,,,0.07479995565907273,1,,,96.9,32.0,10^-14.5031,,,,,[2483200],0
2483200,1,2483199,Chrysophaeum taylorii,"",eukaryota,false,,,,,,,,,,,,,,,,0.07479995565907273,1,,,96.9,32.0,10^-14.5031,,,,,,0
2316020,2,2316020,Mediterraneibacter,"",bacteria,false,,,,,,,,,,,,,,,,0.07479995565907273,1,,,84.8,33.0,10^-8.77211,,,,,[33039],0
33039,1,2316020,[Ruminococcus] torques,"",bacteria,false,,,,,,,,,,,,,,,,0.07479995565907273,1,,,84.8,33.0,10^-8.77211,,,,,,0
2304693,2,2304693,Pseudoclostridium,"",bacteria,false,,,,,,,,,,,,,,,,0.07479995565907273,1,,,73.3,30.0,10^-8.36856,,,,,[84032],0
84032,1,2304693,Pseudoclostridium thermosuccinogenes,"",bacteria,false,,,,,,,,,,,,,,,,0.07479995565907273,1,,,73.3,30.0,10^-8.36856,,,,,,0
2267273,2,2267273,Dibothriocephalus,"",eukaryota,false,,,,,,,,,,,,,,,,0.07479995565907273,1,,,100.0,17.0,10^-3.03105,,,,,[60516],1
60516,1,2267273,Dibothriocephalus latus,"",eukaryota,false,,,,,,,,,,,,,,,,0.07479995565907273,1,,,100.0,17.0,10^-3.03105,,,,,,1
2249430,2,2249430,Aphyllon,"",eukaryota,false,,,,0.07479995565907273,1,,,100.0,101.0,10^-56.3801,,,,,,,,,,,,,,,,,[48557],0
48557,1,2249430,Aphyllon ludovicianum,"",eukaryota,false,,,,0.07479995565907273,1,,,100.0,101.0,10^-56.3801,,,,,,,,,,,,,,,,,,0
2234120,2,2234120,Austropuccinia,"",eukaryota,false,,,,,,,,,,,,,,,,0.14959991131814546,2,,,64.7,25.5,10^-3.32854,,,,,[181123],0
181123,1,2234120,Austropuccinia psidii,"",eukaryota,false,,,,,,,,,,,,,,,,0.14959991131814546,2,,,64.7,25.5,10^-3.32854,,,,,,0
2174114,2,2174114,Dolopus,"",eukaryota,false,,,,0.07479995565907273,1,,,94.737,38.0,10^-10.8302,,,,,,,,,,,,,,,,,[2488630],0
2488630,1,2174114,Dolopus genitalis,"",eukaryota,false,,,,0.07479995565907273,1,,,94.737,38.0,10^-10.8302,,,,,,,,,,,,,,,,,,0
2162630,2,2162630,Salinirubellus,"",archaea,false,,,,0.14959991131814546,2,,,97.297,37.0,10^-11.528,,,,,,,,,,,,,,,,,[1364945],0
1364945,1,2162630,Salinirubellus salinus,"",archaea,false,,,,0.14959991131814546,2,,,97.297,37.0,10^-11.528,,,,,,,,,,,,,,,,,,0
2115980,2,2115980,Phycorickettsia,"",bacteria,false,,,,,,,,,,,,,,,,0.07479995565907273,1,,,67.7,31.0,10^-4.26841,,,,,[2115978],0
2115978,1,2115980,Candidatus Phycorickettsia trachydisci,"",bacteria,false,,,,,,,,,,,,,,,,0.07479995565907273,1,,,67.7,31.0,10^-4.26841,,,,,,0
2093620,2,2093620,Chalinga,"",eukaryota,false,,,,,,,,,,,,,,,,0.07479995565907273,1,,,100.0,33.0,10^-9.41794,,,,,[351435],0
351435,1,2093620,Chalinga pratti,"",eukaryota,false,,,,,,,,,,,,,,,,0.07479995565907273,1,,,100.0,33.0,10^-9.41794,,,,,,0
2081418,2,2081418,Drepanopeziza,"",eukaryota,false,,,,,,,,,,,,,,,,0.14959991131814546,2,,,87.1,31.0,10^-7.47366,,,,,[698440],0
698440,1,2081418,Drepanopeziza brunnea,"",eukaryota,false,,,,,,,,,,,,,,,,0.14959991131814546,2,,,87.1,31.0,10^-7.47366,,,,,,0
2072689,2,2072689,Steromphala,"",eukaryota,false,,,,0.7479995565907273,10,,,87.2448,44.0,10^-9.40836,,,,,,,,,,,,,,,,,[216125],0
216125,1,2072689,Steromphala cineraria,"",eukaryota,false,,,,0.7479995565907273,10,,,87.2448,44.0,10^-9.40836,,,,,,,,,,,,,,,,,,0
2069291,2,2069291,Abscondita,"",eukaryota,false,,,,,,,,,,,,,,,,1.0471993792270182,14,,,81.6083,31.75,10^-7.00666,,,,,[2069292],0
2069292,1,2069291,Abscondita terminalis,"",eukaryota,false,,,,,,,,,,,,,,,,1.0471993792270182,14,,,81.6083,31.75,10^-7.00666,,,,,,0
2067443,2,2067443,Catageiomyia,"",eukaryota,false,,,,0.07479995565907273,1,,,100.0,82.0,10^-43.433,,,,,,,,,,,,,,,,,[2067444],0
2067444,1,2067443,Catageiomyia argenteopunctata,"",eukaryota,false,,,,0.07479995565907273,1,,,100.0,82.0,10^-43.433,,,,,,,,,,,,,,,,,,0
2066992,2,2066992,Rhodofomes,"",eukaryota,false,,,,0.14959991131814546,2,,,93.617,47.0,10^-15.5412,,,,,,0.14959991131814546,2,,,71.95,32.0,10^-4.35068,,,,,[34475],0
34475,1,2066992,Rhodofomes roseus,"",eukaryota,false,,,,0.14959991131814546,2,,,93.617,47.0,10^-15.5412,,,,,,0.14959991131814546,2,,,71.95,32.0,10^-4.35068,,,,,,0
2060094,2,2060094,Aminipila,"",bacteria,false,,,,0.14959991131814546,2,,,98.995,99.5,10^-53.985,,,,,,,,,,,,,,,,,[2697030],0
2697030,1,2060094,Aminipila terrae,"",bacteria,false,,,,0.14959991131814546,2,,,98.995,99.5,10^-53.985,,,,,,,,,,,,,,,,,,0
2055880,2,2055880,Pseudescherichia,"",bacteria,false,,,,0.5235996896135091,7,,,94.9902,93.6667,10^-44.9782,,,,,,0.5983996452725818,8,,,88.825,31.25,10^-10.0879,,,,,[566],0
566,1,2055880,Pseudescherichia vulneris,"",bacteria,false,,,,0.5235996896135091,7,,,94.9902,93.6667,10^-44.9782,,,,,,0.5983996452725818,8,,,88.825,31.25,10^-10.0879,,,,,,0
2055652,2,2055652,Otho,"",eukaryota,false,,,,,,,,,,,,,,,,0.07479995565907273,1,,,100.0,33.0,10^-9.55129,,,,,[2055653],0
2055653,1,2055652,Otho sp. INB035,"",eukaryota,false,,,,,,,,,,,,,,,,0.07479995565907273,1,,,100.0,33.0,10^-9.55129,,,,,,0
2055640,2,2055640,Monotomopsis,"",eukaryota,false,,,,0.07479995565907273,1,,,88.75,80.0,10^-29.7201,,,,,,,,,,,,,,,,,[2055641],0
2055641,1,2055640,Monotomopsis sp. CSR118,"",eukaryota,false,,,,0.07479995565907273,1,,,88.75,80.0,10^-29.7201,,,,,,,,,,,,,,,,,,0
2055618,2,2055618,Evorinea,"",eukaryota,false,,,,0.07479995565907273,1,,,85.556,90.0,10^-31.0413,,,,,,,,,,,,,,,,,[2055619],0
2055619,1,2055618,Evorinea sp. CSR090,"",eukaryota,false,,,,0.07479995565907273,1,,,85.556,90.0,10^-31.0413,,,,,,,,,,,,,,,,,,0
2055610,2,2055610,Dircaeomorpha,"",eukaryota,false,,,,0.07479995565907273,1,,,79.57,93.0,10^-24.8514,,,,,,,,,,,,,,,,,[2055611],0
2055611,1,2055610,Dircaeomorpha sp. INB055,"",eukaryota,false,,,,0.07479995565907273,1,,,79.57,93.0,10^-24.8514,,,,,,,,,,,,,,,,,,0
2055606,2,2055606,Dasyvalgus,"",eukaryota,false,,,,,,,,,,,,,,,,0.07479995565907273,1,,,96.9,32.0,10^-11.1524,,,,,[2055607],0
2055607,1,2055606,Dasyvalgus sp. INB149,"",eukaryota,false,,,,,,,,,,,,,,,,0.07479995565907273,1,,,96.9,32.0,10^-11.1524,,,,,,0
2055135,2,2055135,Anaeramoeba,"",eukaryota,false,,,,,,,,,,,,,,,,0.2991998226362909,4,,,66.15,32.5,10^-7.39745,,,,,[1746090],0
1746090,1,2055135,Anaeramoeba ignava,"",eukaryota,false,,,,,,,,,,,,,,,,0.2991998226362909,4,,,66.15,32.5,10^-7.39745,,,,,,0
2051688,2,2051688,Tergilatus,"",eukaryota,false,,,,0.14959991131814546,2,,,88.235,85.0,10^-31.7523,,,,,,,,,,,,,,,,,[2051689],0
2051689,1,2051688,Tergilatus sparsus,"",eukaryota,false,,,,0.14959991131814546,2,,,88.235,85.0,10^-31.7523,,,,,,,,,,,,,,,,,,0
2041902,2,2041902,Chenggangzhangella,"",bacteria,false,,,,0.07479995565907273,1,,,93.023,86.0,10^-37.9229,,,,,,,,,,,,,,,,,[1437009],0
1437009,1,2041902,Chenggangzhangella methanolivorans,"",bacteria,false,,,,0.07479995565907273,1,,,93.023,86.0,10^-37.9229,,,,,,,,,,,,,,,,,,0
2038740,2,2038740,Coniferiporia,"",eukaryota,false,,,,0.07479995565907273,1,,,92.079,101.0,10^-45.4011,,,,,,,,,,,,,,,,,[175648],0
175648,1,2038740,Coniferiporia sulphurascens,"",eukaryota,false,,,,0.07479995565907273,1,,,92.079,101.0,10^-45.4011,,,,,,,,,,,,,,,,,,0
2038651,2,2038651,Auanema,"",eukaryota,false,,,,,,,,,,,,,,,,0.07479995565907273,1,,,90.0,20.0,10^-3.16178,,,,,[2878363],0
2878363,1,2038651,Auanema sp. JU1783,"",eukaryota,false,,,,,,,,,,,,,,,,0.07479995565907273,1,,,90.0,20.0,10^-3.16178,,,,,,0
2035349,2,2035349,Oceanispirochaeta,"",bacteria,false,,,,458.22452836747954,6126,1,6126,87.091,550.0,10^-171.652,,,,,,,,,,,,,,,,,[2518645],0
2518645,1,2035349,Oceanispirochaeta crateris,"",bacteria,false,,,,458.22452836747954,6126,1,6126,87.091,550.0,10^-171.652,,,,,,,,,,,,,,,,,,0
2015172,2,2015172,Ooceraea,"",eukaryota,false,,,,0.8975994679088727,12,,,91.9133,49.0,10^-15.3029,,,,,,1.5707990688405271,21,1,4,80.0678,37.8947,10^-11.2795,,,,,[2015173],0
2015173,1,2015172,Ooceraea biroi,clonal raider ant,eukaryota,false,,,,0.8975994679088727,12,,,91.9133,49.0,10^-15.3029,,,,,,1.5707990688405271,21,1,4,80.0678,37.8947,10^-11.2795,,,,,,0
2014648,2,2014648,Amana,"",eukaryota,false,,,,0.07479995565907273,1,,,85.882,85.0,10^-29.0076,,,,,,,,,,,,,,,,,[2014649],0
2014649,1,2014648,Amana angulifera,"",eukaryota,false,,,,0.07479995565907273,1,,,85.882,85.0,10^-29.0076,,,,,,,,,,,,,,,,,,0
2004797,2,2004797,Luteitalea,"",bacteria,false,,,,0.07479995565907273,1,,,94.444,36.0,10^-9.48129,,,,,,,,,,,,,,,,,[1855912],0
1855912,1,2004797,Luteitalea pratensis,"",bacteria,false,,,,0.07479995565907273,1,,,94.444,36.0,10^-9.48129,,,,,,,,,,,,,,,,,,0
1985927,2,1985927,Ignelater,"",eukaryota,false,,,,,,,,,,,,,,,,3.216398093340127,43,2,22,81.6299,49.4884,10^-21.8858,,,,,[2038154],0
2038154,1,1985927,Ignelater luminosus,"",eukaryota,false,,,,,,,,,,,,,,,,3.216398093340127,43,2,22,81.6299,49.4884,10^-21.8858,,,,,,0
1981958,2,1981958,Pseudomicrostroma,"",eukaryota,false,,,,0.07479995565907273,1,,,95.05,101.0,10^-49.5182,,,,,,0.07479995565907273,1,,,72.7,33.0,10^-7.284,,,,,"[1684307, 5033]",0
1684307,1,1981958,Pseudomicrostroma glucosiphilum,"",eukaryota,false,,,,,,,,,,,,,,,,0.07479995565907273,1,,,72.7,33.0,10^-7.284,,,,,,0
5033,1,1981958,Pseudomicrostroma juglandis,"",eukaryota,false,,,,0.07479995565907273,1,,,95.05,101.0,10^-49.5182,,,,,,,,,,,,,,,,,,0
1980421,2,1980421,Phasivirus,"",viruses,false,,,,,,,,,,,,,,,,0.22439986697721817,3,,,81.1667,31.6667,10^-6.24262,,,,,[2980575],0
2980575,1,1980421,Hameenlinna phasivirus,"",viruses,false,,,,,,,,,,,,,,,,0.22439986697721817,3,,,81.1667,31.6667,10^-6.24262,,,,,,0
1979940,2,1979940,Medioppia,"",eukaryota,false,,,,0.14959991131814546,2,,,91.295,40.0,10^-10.1229,,,,,,1.346399201863309,18,,,96.7083,31.4167,10^-11.4564,,,,,[1979941],0
1979941,1,1979940,Medioppia subpectinata,"",eukaryota,false,,,,0.14959991131814546,2,,,91.295,40.0,10^-10.1229,,,,,,1.346399201863309,18,,,96.7083,31.4167,10^-11.4564,,,,,,0
1972408,2,1972408,Dryotomicus,"",eukaryota,false,,,,0.07479995565907273,1,,,90.769,65.0,10^-23.6346,,,,,,,,,,,,,,,,,[1972409],0
1972409,1,1972408,Dryotomicus oenophilis,"",eukaryota,false,,,,0.07479995565907273,1,,,90.769,65.0,10^-23.6346,,,,,,,,,,,,,,,,,,0
1970207,2,1970207,Bugulina,"",eukaryota,false,,,,0.14959991131814546,2,,,90.428,36.5,10^-7.75988,,,,,,,,,,,,,,,,,[192920],0
192920,1,1970207,Bugulina stolonifera,"",eukaryota,false,,,,0.14959991131814546,2,,,90.428,36.5,10^-7.75988,,,,,,,,,,,,,,,,,,0
1970195,2,1970195,Ancylomarina,"",bacteria,false,,,,,,,,,,,,,,,,0.14959991131814546,2,,,60.6,33.0,10^-3.88941,,,,,[2499681],0
2499681,1,1970195,Ancylomarina sp. 16SWW S1-10-2,"",bacteria,false,,,,,,,,,,,,,,,,0.14959991131814546,2,,,60.6,33.0,10^-3.88941,,,,,,0
1967107,2,1967107,Hemiphricta,"",eukaryota,false,,,,,,,,,,,,,,,,0.07479995565907273,1,,,100.0,32.0,10^-9.88941,,,,,[2566764],0
2566764,1,1967107,Hemiphricta albicostata,"",eukaryota,false,,,,,,,,,,,,,,,,0.07479995565907273,1,,,100.0,32.0,10^-9.88941,,,,,,0
1940589,2,1940589,Heteroradulum,"",eukaryota,false,,,,0.07479995565907273,1,,,100.0,101.0,10^-56.3801,,,,,,,,,,,,,,,,,[1571641],0
1571641,1,1940589,Heteroradulum labyrinthinum,"",eukaryota,false,,,,0.07479995565907273,1,,,100.0,101.0,10^-56.3801,,,,,,,,,,,,,,,,,,0
1935184,2,1935184,Vaginella,"",bacteria,false,,,,,,,,,,,,,,,,0.07479995565907273,1,,,75.8,33.0,10^-8.4828,,,,,[1816680],0
1816680,1,1935184,Vaginella massiliensis,"",bacteria,false,,,,,,,,,,,,,,,,0.07479995565907273,1,,,75.8,33.0,10^-8.4828,,,,,,0
1933192,2,1933192,Galendromus,"",eukaryota,false,,,,0.22439986697721817,3,,,84.3077,55.0,10^-12.7316,,,,,,0.07479995565907273,1,,,64.0,25.0,10^-3.31605,,,,,[34638],0
34638,1,1933192,Galendromus occidentalis,western predatory mite,eukaryota,false,,,,0.22439986697721817,3,,,84.3077,55.0,10^-12.7316,,,,,,0.07479995565907273,1,,,64.0,25.0,10^-3.31605,,,,,,0
1930240,2,1930240,Zelonia,"",eukaryota,false,,,,58.34396541407673,780,2,775,99.759,334.002,10^-255.077,,,,,,,,,,,,,,,,,[372075],0
372075,1,1930240,Zelonia costaricensis,"",eukaryota,false,,,,58.34396541407673,780,2,775,99.759,334.002,10^-255.077,,,,,,,,,,,,,,,,,,0
1929940,2,1929940,Viridothelium,"",eukaryota,false,,,,,,,,,,,,,,,,0.14959991131814546,2,,,94.65,29.0,10^-9.66477,,,,,[1048519],0
1048519,1,1929940,Viridothelium virens,"",eukaryota,false,,,,,,,,,,,,,,,,0.14959991131814546,2,,,94.65,29.0,10^-9.66477,,,,,,0
1924110,2,1924110,Massilimicrobiota,"",bacteria,false,,,,,,,,,,,,,,,,0.07479995565907273,1,,,84.4,32.0,10^-9.40561,,,,,[1965564],0
1965564,1,1924110,Massilimicrobiota sp. An142,"",bacteria,false,,,,,,,,,,,,,,,,0.07479995565907273,1,,,84.4,32.0,10^-9.40561,,,,,,0
1923958,2,1923958,Trinorchestia,"",eukaryota,false,,,,,,,,,,,,,,,,0.22439986697721817,3,,,82.5333,31.6667,10^-10.1796,,,,,[1923959],0
1923959,1,1923958,Trinorchestia longiramus,"",eukaryota,false,,,,,,,,,,,,,,,,0.22439986697721817,3,,,82.5333,31.6667,10^-10.1796,,,,,,0
1918220,2,1918220,Cistogaster,"",eukaryota,false,,,,0.14959991131814546,2,,,94.595,37.0,10^-10.1556,,,,,,,,,,,,,,,,,[1918221],0
1918221,1,1918220,Cistogaster globosa,"",eukaryota,false,,,,0.14959991131814546,2,,,94.595,37.0,10^-10.1556,,,,,,,,,,,,,,,,,,0
1913651,2,1913651,Krischvirus,"",viruses,true,,,,0.22439986697721817,3,,,100.0,37.0,10^-12.9004,,,,,,,,,,,,,,,,,[2836116],0
2836116,1,1913651,Escherichia phage vB_EcoM_Skers,"",viruses,true,,,,0.22439986697721817,3,,,100.0,37.0,10^-12.9004,,,,,,,,,,,,,,,,,,0
1913444,2,1913444,Thiodiazotropha,"",bacteria,false,,,,,,,,,,,,,,,,0.8975994679088727,12,,,67.45,30.3333,10^-4.55559,,,,,"[2792791, 1655433]",0
2792791,1,1913444,Candidatus Thiodiazotropha taylori,"",bacteria,false,,,,,,,,,,,,,,,,0.8227995122498,11,,,67.8,30.0909,10^-4.49496,,,,,,0
1655433,1,1913444,Candidatus Thiodiazotropha endolucinida,"",bacteria,false,,,,,,,,,,,,,,,,0.07479995565907273,1,,,63.6,33.0,10^-5.22257,,,,,,0
1912714,2,1912714,Rientis,"",eukaryota,false,,,,,,,,,,,,,,,,0.07479995565907273,1,,,97.0,33.0,10^-12.9747,,,,,[1912715],0
1912715,1,1912714,Rientis ruficornis,"",eukaryota,false,,,,,,,,,,,,,,,,0.07479995565907273,1,,,97.0,33.0,10^-12.9747,,,,,,0
1912489,2,1912489,Phellinotus,"",eukaryota,false,,,,0.14959991131814546,2,,,92.4255,107.0,10^-48.8076,,,,,,,,,,,,,,,,,[1638731],0
1638731,1,1912489,Phellinotus piptadeniae,"",eukaryota,false,,,,0.14959991131814546,2,,,92.4255,107.0,10^-48.8076,,,,,,,,,,,,,,,,,,0
1912216,2,1912216,Cutibacterium,"",bacteria,false,,,,5.235996896135091,70,,,99.8519,97.3143,10^-53.6337,,,,,,4.188797516908073,56,,,97.9518,31.2321,10^-11.9816,,,,,"[1912223, 1574624, 33010, 1747]",0
1912223,1,1912216,uncultured Cutibacterium sp.,"",bacteria,false,,,,,,,,,,,,,,,,0.07479995565907273,1,,,93.9,33.0,10^-14.5331,,,,,,0
1574624,1,1912216,Cutibacterium namnetense,"",bacteria,false,,,,,,,,,,,,,,,,0.22439986697721817,3,,,95.9667,33.0,10^-9.3024,,,,,,0
33010,1,1912216,Cutibacterium avidum,"",bacteria,false,,,,0.07479995565907273,1,,,99.01,101.0,10^-55.0077,,,,,,0.07479995565907273,1,,,100.0,33.0,10^-11.3575,,,,,,0
1747,1,1912216,Cutibacterium acnes,"",bacteria,false,,,,5.161196940476018,69,,,99.8641,97.2609,10^-53.6138,,,,,,3.8147977386127088,51,,,98.1078,31.0588,10^-12.1014,,,,,,0
1905277,2,1905277,Salmacisia,"",eukaryota,false,,,,0.14959991131814546,2,,,88.889,63.0,10^-20.9034,,,,,,,,,,,,,,,,,[392538],0
392538,1,1905277,Salmacisia buchloeana,"",eukaryota,false,,,,0.14959991131814546,2,,,88.889,63.0,10^-20.9034,,,,,,,,,,,,,,,,,,0
1892746,2,1892746,Apotropina,"",eukaryota,false,,,,0.14959991131814546,2,,,98.113,53.0,10^-22.3508,,,,,,,,,,,,,,,,,[3027658],0
3027658,1,1892746,Apotropina sp. 1 JJC-2023a,"",eukaryota,false,,,,0.14959991131814546,2,,,98.113,53.0,10^-22.3508,,,,,,,,,,,,,,,,,,0
1884455,2,1884455,Anphevirus,"",viruses,false,,,,2.8423983150447634,38,2,17,99.2928,181.974,10^-91.8748,,,,,,4.787197162180655,64,5,35,90.1129,60.5,10^-25.1047,,,,,"[2783999, 2059675]",0
2783999,1,1884455,Aedes albopictus anphevirus,"",viruses,false,,,,,,,,,,,,,,,,0.3739997782953636,5,,,70.36,32.4,10^-6.33872,,,,,,0
2059675,1,1884455,Aedes aegypti anphevirus,"",viruses,false,,,,2.8423983150447634,38,2,17,99.2928,181.974,10^-91.8748,,,,,,4.413197383885291,59,5,35,91.8456,62.9649,10^-26.7509,,,,,,0
1883071,2,1883071,Cytidiella,"",eukaryota,false,,,,,,,,,,,,,,,,0.14959991131814546,2,,,89.55,33.5,10^-9.36515,,,,,[1883072],0
1883072,1,1883071,Cytidiella melzeri,"",eukaryota,false,,,,,,,,,,,,,,,,0.14959991131814546,2,,,89.55,33.5,10^-9.36515,,,,,,0
1874526,2,1874526,Kovacikia,"",bacteria,false,,,,0.14959991131814546,2,,,93.182,44.0,10^-13.5113,,,,,,,,,,,,,,,,,[2931930],0
2931930,1,1874526,Kovacikia minuta,"",bacteria,false,,,,0.14959991131814546,2,,,93.182,44.0,10^-13.5113,,,,,,,,,,,,,,,,,,0
1870766,2,1870766,Dryobota,"",eukaryota,false,,,,0.22439986697721817,3,,,86.7107,67.6667,10^-19.9763,,,,,,,,,,,,,,,,,[2964684],0
2964684,1,1870766,Dryobota labecula,"",eukaryota,false,,,,0.22439986697721817,3,,,86.7107,67.6667,10^-19.9763,,,,,,,,,,,,,,,,,,0
1870727,2,1870727,Subacronicta,"",eukaryota,false,,,,0.2991998226362909,4,,,94.5198,36.5,10^-9.81844,,,,,,,,,,,,,,,,,[1870728],0
1870728,1,1870727,Subacronicta megacephala,"",eukaryota,false,,,,0.2991998226362909,4,,,94.5198,36.5,10^-9.81844,,,,,,,,,,,,,,,,,,0
1870627,2,1870627,Eremobia,"",eukaryota,false,,,,0.07479995565907273,1,,,92.308,39.0,10^-10.1327,,,,,,,,,,,,,,,,,[1870628],0
1870628,1,1870627,Eremobia ochroleuca,"",eukaryota,false,,,,0.07479995565907273,1,,,92.308,39.0,10^-10.1327,,,,,,,,,,,,,,,,,,0
1866960,2,1866960,Amphiamblys,"",eukaryota,false,,,,0.14959991131814546,2,,,89.6155,67.5,10^-23.9616,,,,,,,,,,,,,,,,,[1866961],0
1866961,1,1866960,Amphiamblys sp. WSBS2006,"",eukaryota,false,,,,0.14959991131814546,2,,,89.6155,67.5,10^-23.9616,,,,,,,,,,,,,,,,,,0
1866885,2,1866885,Mycolicibacterium,"",bacteria,false,,,,0.7479995565907273,10,,,97.5673,86.9,10^-44.4587,,,,,,,,,,,,,,,,,"[3056937, 3023370, 2320850, 1552759, 39695, 39691, 36814, 1795]",0
3056937,1,1866885,Mycolicibacterium sp. HK-90,"",bacteria,false,,,,0.14959991131814546,2,,,95.238,42.0,10^-13.5315,,,,,,,,,,,,,,,,,,0
3023370,1,1866885,Mycolicibacterium sp. TUM20985,"",bacteria,false,,,,0.07479995565907273,1,,,100.0,101.0,10^-56.3801,,,,,,,,,,,,,,,,,,0
2320850,1,1866885,Mycolicibacterium sp.,"",bacteria,false,,,,0.07479995565907273,1,,,100.0,101.0,10^-56.3801,,,,,,,,,,,,,,,,,,0
1552759,1,1866885,Mycolicibacterium grossiae,"",bacteria,false,,,,0.07479995565907273,1,,,100.0,99.0,10^-55.0164,,,,,,,,,,,,,,,,,,0
39695,1,1866885,Mycolicibacterium tokaiense,"",bacteria,false,,,,0.07479995565907273,1,,,97.03,101.0,10^-52.2629,,,,,,,,,,,,,,,,,,0
39691,1,1866885,Mycolicibacterium moriokaense,"",bacteria,false,,,,0.07479995565907273,1,,,89.157,83.0,10^-31.7626,,,,,,,,,,,,,,,,,,0
36814,1,1866885,Mycolicibacterium rhodesiae,"",bacteria,false,,,,0.14959991131814546,2,,,100.0,99.5,10^-55.3573,,,,,,,,,,,,,,,,,,0
1795,1,1866885,Mycolicibacterium neoaurum,"",bacteria,false,,,,0.07479995565907273,1,,,99.01,101.0,10^-55.0077,,,,,,,,,,,,,,,,,,0
1858093,2,1858093,Dicycla,"",eukaryota,false,,,,0.8227995122498,11,1,9,82.6794,98.0,10^-12.7665,,,,,,,,,,,,,,,,,[1858094],0
1858094,1,1858093,Dicycla oo,"",eukaryota,false,,,,0.8227995122498,11,1,9,82.6794,98.0,10^-12.7665,,,,,,,,,,,,,,,,,,0
1849822,2,1849822,Paraclostridium,"",bacteria,false,,,,,,,,,,,,,,,,0.07479995565907273,1,,,87.5,32.0,10^-12.9666,,,,,[1490],1
1490,1,1849822,Paraclostridium bifermentans,"",bacteria,false,,,,,,,,,,,,,,,,0.07479995565907273,1,,,87.5,32.0,10^-12.9666,,,,,,1
1847725,2,1847725,Lawsonella,"",bacteria,false,,,,0.2991998226362909,4,,,97.7725,101.0,10^-53.2922,,,,,,0.14959991131814546,2,,,98.5,33.0,10^-10.5135,,,,,"[2041415, 1847727, 1528099]",0
2041415,1,1847725,Lawsonella sp.,"",bacteria,false,,,,,,,,,,,,,,,,0.07479995565907273,1,,,97.0,33.0,10^-8.34294,,,,,,0
1847727,1,1847725,uncultured Lawsonella sp.,"",bacteria,false,,,,,,,,,,,,,,,,0.07479995565907273,1,,,100.0,33.0,10^-12.684,,,,,,0
1528099,1,1847725,Lawsonella clevelandensis,"",bacteria,false,,,,0.2991998226362909,4,,,97.7725,101.0,10^-53.2922,,,,,,,,,,,,,,,,,,0
1838142,2,1838142,Cutaneotrichosporon,"",eukaryota,false,,,,0.07479995565907273,1,,,91.892,37.0,10^-8.78321,,,,,,0.14959991131814546,2,,,58.1,31.0,10^-3.12033,,,,,[879819],0
879819,1,1838142,Cutaneotrichosporon oleaginosum,"",eukaryota,false,,,,0.07479995565907273,1,,,91.892,37.0,10^-8.78321,,,,,,0.14959991131814546,2,,,58.1,31.0,10^-3.12033,,,,,,0
1837315,2,1837315,Ricasolia,"",eukaryota,false,,,,0.07479995565907273,1,,,97.222,36.0,10^-10.8537,,,,,,,,,,,,,,,,,[209564],0
209564,1,1837315,Ricasolia amplissima,"",eukaryota,false,,,,0.07479995565907273,1,,,97.222,36.0,10^-10.8537,,,,,,,,,,,,,,,,,,0
1824992,2,1824992,Calliopum,"",eukaryota,false,,,,0.07479995565907273,1,,,91.892,37.0,10^-8.78321,,,,,,,,,,,,,,,,,[1824995],0
1824995,1,1824992,Calliopum simillimum,"",eukaryota,false,,,,0.07479995565907273,1,,,91.892,37.0,10^-8.78321,,,,,,,,,,,,,,,,,,0
1822464,2,1822464,Paraburkholderia,"",bacteria,false,,,,0.22439986697721817,3,,,100.0,93.0,10^-50.9264,,,,,,,,,,,,,,,,,[2026199],0
2026199,1,1822464,Paraburkholderia aromaticivorans,"",bacteria,false,,,,0.22439986697721817,3,,,100.0,93.0,10^-50.9264,,,,,,,,,,,,,,,,,,0
1821620,2,1821620,Cyaniris,"",eukaryota,false,,,,0.3739997782953636,5,,,89.6724,57.6,10^-17.2608,,,,,,,,,,,,,,,,,[988025],0
988025,1,1821620,Cyaniris semiargus,"",eukaryota,false,,,,0.3739997782953636,5,,,89.6724,57.6,10^-17.2608,,,,,,,,,,,,,,,,,,0
1819744,2,1819744,Intoshia,"",eukaryota,false,,,,,,,,,,,,,,,,0.14959991131814546,2,,,77.65,28.0,10^-5.83439,,,,,[1819745],0
1819745,1,1819744,Intoshia linei,"",eukaryota,false,,,,,,,,,,,,,,,,0.14959991131814546,2,,,77.65,28.0,10^-5.83439,,,,,,0
1811811,2,1811811,Apiospora,"",eukaryota,false,,,,0.2991998226362909,4,,,93.5875,97.0,10^-44.3913,,,,,,,,,,,,,,,,,[335852],0
335852,1,1811811,Apiospora arundinis,"",eukaryota,false,,,,0.2991998226362909,4,,,93.5875,97.0,10^-44.3913,,,,,,,,,,,,,,,,,,0
1803640,2,1803640,Dorcoceras,"",eukaryota,false,,,,,,,,,,,,,,,,1.6455990244996,22,1,21,65.8707,49.7,10^-14.8059,,,,,[472368],0
472368,1,1803640,Dorcoceras hygrometricum,"",eukaryota,false,,,,,,,,,,,,,,,,1.6455990244996,22,1,21,65.8707,49.7,10^-14.8059,,,,,,0
1798808,2,1798808,Symmetrospora,"",eukaryota,false,,,,0.07479995565907273,1,,,100.0,101.0,10^-56.3801,,,,,,,,,,,,,,,,,[69976],0
69976,1,1798808,Symmetrospora coprosmae,"",eukaryota,false,,,,0.07479995565907273,1,,,100.0,101.0,10^-56.3801,,,,,,,,,,,,,,,,,,0
1792684,2,1792684,Cenangiopsis,"",eukaryota,false,,,,10.920793526224617,146,1,146,97.345,226.0,10^-101.77,,,,,,,,,,,,,,,,,[1792685],0
1792685,1,1792684,Cenangiopsis quercicola,"",eukaryota,false,,,,10.920793526224617,146,1,146,97.345,226.0,10^-101.77,,,,,,,,,,,,,,,,,,0
1778653,2,1778653,Sulfuriferula,"",bacteria,false,,,,0.07479995565907273,1,,,83.607,61.0,10^-15.4279,,,,,,,,,,,,,,,,,[1985873],0
1985873,1,1778653,Sulfuriferula sp. AH1,"",bacteria,false,,,,0.07479995565907273,1,,,83.607,61.0,10^-15.4279,,,,,,,,,,,,,,,,,,0
1778601,2,1778601,Apibacter,"",bacteria,false,,,,0.2991998226362909,4,,,91.2083,87.25,10^-36.3733,,,,,,,,,,,,,,,,,"[2704652, 2656761, 2656760, 2500547]",0
2704652,1,1778601,Apibacter sp. ESL0432,"",bacteria,false,,,,0.07479995565907273,1,,,90.698,86.0,10^-35.1781,,,,,,,,,,,,,,,,,,0
2656761,1,1778601,Apibacter sp. B2966,"",bacteria,false,,,,0.07479995565907273,1,,,92.857,84.0,10^-36.5607,,,,,,,,,,,,,,,,,,0
2656760,1,1778601,Apibacter sp. B3706,"",bacteria,false,,,,0.07479995565907273,1,,,92.857,84.0,10^-36.5607,,,,,,,,,,,,,,,,,,0
2500547,1,1778601,Apibacter raozihei,"",bacteria,false,,,,0.07479995565907273,1,,,88.421,95.0,10^-37.1935,,,,,,,,,,,,,,,,,,0
1777920,2,1777920,Oligonyx,"",eukaryota,false,,,,,,,,,,,,,,,,0.14959991131814546,2,,,100.0,26.5,10^-7.24565,,,,,[1777921],0
1777921,1,1777920,Oligonyx insularis,"",eukaryota,false,,,,,,,,,,,,,,,,0.14959991131814546,2,,,100.0,26.5,10^-7.24565,,,,,,0
1775121,2,1775121,Larsenimonas,"",bacteria,false,,,,,,,,,,,,,,,,0.07479995565907273,1,,,97.0,33.0,10^-9.16052,,,,,[2944682],0
2944682,1,1775121,Larsenimonas rhizosphaerae,"",bacteria,false,,,,,,,,,,,,,,,,0.07479995565907273,1,,,97.0,33.0,10^-9.16052,,,,,,0
1765197,2,1765197,Luffia,"",eukaryota,false,,,,0.44879973395443634,6,,,85.101,57.3333,10^-14.336,,,,,,,,,,,,,,,,,[1870047],0
1870047,1,1765197,Luffia ferchaultella,"",eukaryota,false,,,,0.44879973395443634,6,,,85.101,57.3333,10^-14.336,,,,,,,,,,,,,,,,,,0
1762932,2,1762932,Algoriella,"",bacteria,false,,,,,,,,,,,,,,,,0.07479995565907273,1,,,81.8,33.0,10^-7.7986,,,,,[684065],0
684065,1,1762932,Algoriella xinjiangensis,"",bacteria,false,,,,,,,,,,,,,,,,0.07479995565907273,1,,,81.8,33.0,10^-7.7986,,,,,,0
1735270,2,1735270,Gigantopelta,"",eukaryota,false,,,,0.44879973395443634,6,,,88.6025,57.1667,10^-17.413,,,,,,0.07479995565907273,1,,,68.8,32.0,10^-4.15181,,,,,[1735272],0
1735272,1,1735270,Gigantopelta aegis,"",eukaryota,false,,,,0.44879973395443634,6,,,88.6025,57.1667,10^-17.413,,,,,,0.07479995565907273,1,,,68.8,32.0,10^-4.15181,,,,,,0
1720308,2,1720308,Exaiptasia,"",eukaryota,false,,,,,,,,,,,,,,,,0.5235996896135091,7,,,71.3857,30.8571,10^-5.42588,,,,,[2652724],0
2652724,1,1720308,Exaiptasia diaphana,"",eukaryota,false,,,,,,,,,,,,,,,,0.5235996896135091,7,,,71.3857,30.8571,10^-5.42588,,,,,,0
1712487,2,1712487,Tanytydeus,"",eukaryota,false,,,,0.07479995565907273,1,,,94.595,37.0,10^-10.1556,,,,,,,,,,,,,,,,,[2051770],0
2051770,1,1712487,Tanytydeus sp. AD1303,"",eukaryota,false,,,,0.07479995565907273,1,,,94.595,37.0,10^-10.1556,,,,,,,,,,,,,,,,,,0
1686742,2,1686742,Oppia,"",eukaryota,false,,,,0.07479995565907273,1,,,95.349,43.0,10^-14.2074,,,,,,,,,,,,,,,,,[1686743],0
1686743,1,1686742,Oppia nitens,"",eukaryota,false,,,,0.07479995565907273,1,,,95.349,43.0,10^-14.2074,,,,,,,,,,,,,,,,,,0
1686313,2,1686313,Fenollaria,"",bacteria,false,,,,,,,,,,,,,,,,0.07479995565907273,1,,,100.0,33.0,10^-12.9957,,,,,[938288],0
938288,1,1686313,Fenollaria massiliensis,"",bacteria,false,,,,,,,,,,,,,,,,0.07479995565907273,1,,,100.0,33.0,10^-12.9957,,,,,,0
1666817,2,1666817,Acentria,"",eukaryota,false,,,,0.14959991131814546,2,,,89.855,69.0,10^-24.981,,,,,,,,,,,,,,,,,[1666818],0
1666818,1,1666817,Acentria ephemerella,"",eukaryota,false,,,,0.14959991131814546,2,,,89.855,69.0,10^-24.981,,,,,,,,,,,,,,,,,,0
1662592,2,1662592,Asbolus,"",eukaryota,false,,,,,,,,,,,,,,,,0.8227995122498,11,,,78.8273,28.2727,10^-7.05222,,,,,[1661398],0
1661398,1,1662592,Asbolus verrucosus,"",eukaryota,false,,,,,,,,,,,,,,,,0.8227995122498,11,,,78.8273,28.2727,10^-7.05222,,,,,,0
1661919,2,1661919,Xylobiops,"",eukaryota,false,,,,0.14959991131814546,2,,,92.157,51.0,10^-16.8781,,,,,,,,,,,,,,,,,[1661920],0
1661920,1,1661919,Xylobiops basilaris,"",eukaryota,false,,,,0.14959991131814546,2,,,92.157,51.0,10^-16.8781,,,,,,,,,,,,,,,,,,0
1659840,2,1659840,Sanghuangporus,"",eukaryota,false,,,,,,,,,,,,,,,,0.14959991131814546,2,,,82.1,28.0,10^-5.01502,,,,,[108892],0
108892,1,1659840,Sanghuangporus baumii,"",eukaryota,false,,,,,,,,,,,,,,,,0.14959991131814546,2,,,82.1,28.0,10^-5.01502,,,,,,0
1658781,2,1658781,Aliiroseovarius,"",bacteria,false,,,,0.14959991131814546,2,,,89.286,56.0,10^-17.5236,,,,,,,,,,,,,,,,,[2867010],0
2867010,1,1658781,Aliiroseovarius sp. M344,"",bacteria,false,,,,0.14959991131814546,2,,,89.286,56.0,10^-17.5236,,,,,,,,,,,,,,,,,,0
1649482,2,1649482,Pseudopedobacter,"",bacteria,false,,,,,,,,,,,,,,,,0.07479995565907273,1,,,100.0,33.0,10^-17.7077,,,,,[151895],0
151895,1,1649482,Pseudopedobacter saltans,"",bacteria,false,,,,,,,,,,,,,,,,0.07479995565907273,1,,,100.0,33.0,10^-17.7077,,,,,,0
1649463,2,1649463,Lentilitoribacter,"",bacteria,false,,,,0.07479995565907273,1,,,81.25,96.0,10^-28.2685,,,,,,,,,,,,,,,,,[2305987],0
2305987,1,1649463,Lentilitoribacter sp. Alg239-R112,"",bacteria,false,,,,0.07479995565907273,1,,,81.25,96.0,10^-28.2685,,,,,,,,,,,,,,,,,,0
1649453,2,1649453,Gimesia,"",bacteria,false,,,,,,,,,,,,,,,,0.07479995565907273,1,,,51.5,33.0,10^-3.22695,,,,,[122],0
122,1,1649453,Gimesia maris,"",bacteria,false,,,,,,,,,,,,,,,,0.07479995565907273,1,,,51.5,33.0,10^-3.22695,,,,,,0
1647764,2,1647764,Phaeophlebiopsis,"",eukaryota,false,,,,0.14959991131814546,2,,,100.0,83.0,10^-44.114,,,,,,,,,,,,,,,,,[1647766],0
1647766,1,1647764,Phaeophlebiopsis caribbeana,"",eukaryota,false,,,,0.14959991131814546,2,,,100.0,83.0,10^-44.114,,,,,,,,,,,,,,,,,,0
1640959,2,1640959,Thelaira,"",eukaryota,false,,,,0.3739997782953636,5,,,89.1742,60.8,10^-19.4228,,,,,,,,,,,,,,,,,[1918187],0
1918187,1,1640959,Thelaira solivaga,"",eukaryota,false,,,,0.3739997782953636,5,,,89.1742,60.8,10^-19.4228,,,,,,,,,,,,,,,,,,0
1629392,2,1629392,Barbatosphaeria,"",eukaryota,false,,,,0.07479995565907273,1,,,96.0,100.0,10^-50.2087,,,,,,,,,,,,,,,,,[1629395],0
1629395,1,1629392,Barbatosphaeria arboricola,"",eukaryota,false,,,,0.07479995565907273,1,,,96.0,100.0,10^-50.2087,,,,,,,,,,,,,,,,,,0
1623283,2,1623283,Chivirus,"",viruses,true,,,,0.6731996009316545,9,,,97.5053,40.1111,10^-13.6278,,,,,,,,,,,,,,,,,[1005056],0
1005056,1,1623283,Chivirus iEPS5,"",viruses,true,,,,0.6731996009316545,9,,,97.5053,40.1111,10^-13.6278,,,,,,,,,,,,,,,,,,0
1620386,2,1620386,Lotmaria,"",eukaryota,false,,,,4.113997561249,55,,,96.2263,96.5161,10^-48.2338,,,,,,,,,,,,,,,,,[1620387],0
1620387,1,1620386,Lotmaria passim,"",eukaryota,false,,,,4.113997561249,55,,,96.2263,96.5161,10^-48.2338,,,,,,,,,,,,,,,,,,0
1619294,2,1619294,Passandra,"",eukaryota,false,,,,,,,,,,,,,,,,0.07479995565907273,1,,,100.0,32.0,10^-12.4547,,,,,[2055488],0
2055488,1,1619294,Passandra sp. CSR125,"",eukaryota,false,,,,,,,,,,,,,,,,0.07479995565907273,1,,,100.0,32.0,10^-12.4547,,,,,,0
1612157,2,1612157,Pararhodospirillum,"",bacteria,false,,,,,,,,,,,,,,,,0.07479995565907273,1,,,69.7,33.0,10^-6.10292,,,,,[1084],0
1084,1,1612157,Pararhodospirillum photometricum,"",bacteria,false,,,,,,,,,,,,,,,,0.07479995565907273,1,,,69.7,33.0,10^-6.10292,,,,,,0
1608558,2,1608558,Tanakaius,"",eukaryota,false,,,,0.44879973395443634,6,,,100.0,37.3333,10^-13.1253,,,,,,0.22439986697721817,3,,,99.0,30.6667,10^-8.27967,,,,,[1608559],0
1608559,1,1608558,Tanakaius savoryi,"",eukaryota,false,,,,0.44879973395443634,6,,,100.0,37.3333,10^-13.1253,,,,,,0.22439986697721817,3,,,99.0,30.6667,10^-8.27967,,,,,,0
1608298,2,1608298,Thiolapillus,"",bacteria,false,,,,,,,,,,,,,,,,0.14959991131814546,2,,,58.9,31.5,10^-5.14248,,,,,[2017437],0
2017437,1,1608298,Thiolapillus sp.,"",bacteria,false,,,,,,,,,,,,,,,,0.14959991131814546,2,,,58.9,31.5,10^-5.14248,,,,,,0
1605712,2,1605712,Satonius,"",eukaryota,false,,,,,,,,,,,,,,,,0.07479995565907273,1,,,100.0,33.0,10^-11.5376,,,,,[2055717],0
2055717,1,1605712,Satonius schoenmanni,"",eukaryota,false,,,,,,,,,,,,,,,,0.07479995565907273,1,,,100.0,33.0,10^-11.5376,,,,,,0
1605698,2,1605698,Myrabolia,"",eukaryota,false,,,,,,,,,,,,,,,,0.07479995565907273,1,,,100.0,30.0,10^-8.92812,,,,,[2055462],0
2055462,1,1605698,Myrabolia sp. CSR037,"",eukaryota,false,,,,,,,,,,,,,,,,0.07479995565907273,1,,,100.0,30.0,10^-8.92812,,,,,,0
1594452,2,1594452,Marasmarcha,"",eukaryota,false,,,,0.9723994235679454,13,,,90.2638,49.6154,10^-14.5833,,,,,,,,,,,,,,,,,[1594453],0
1594453,1,1594452,Marasmarcha lunaedactyla,"",eukaryota,false,,,,0.9723994235679454,13,,,90.2638,49.6154,10^-14.5833,,,,,,,,,,,,,,,,,,0
1594448,2,1594448,Euspilapteryx,"",eukaryota,false,,,,0.44879973395443634,6,,,92.06,71.5,10^-28.0647,,,,,,,,,,,,,,,,,[1594449],0
1594449,1,1594448,Euspilapteryx auroguttella,"",eukaryota,false,,,,0.44879973395443634,6,,,92.06,71.5,10^-28.0647,,,,,,,,,,,,,,,,,,0
1593263,2,1593263,Cyclocybe,"",eukaryota,false,,,,0.07479995565907273,1,,,73.077,104.0,10^-19.9995,,,,,,,,,,,,,,,,,[1973307],0
1973307,1,1593263,Cyclocybe aegerita,"",eukaryota,false,,,,0.07479995565907273,1,,,73.077,104.0,10^-19.9995,,,,,,,,,,,,,,,,,,0
1586633,2,1586633,Rhamnusium,"",eukaryota,false,,,,,,,,,,,,,,,,4.338397428226218,58,1,45,95.2571,27.9107,10^-9.48158,,,,,[1586634],0
1586634,1,1586633,Rhamnusium bicolor,"",eukaryota,false,,,,,,,,,,,,,,,,4.338397428226218,58,1,45,95.2571,27.9107,10^-9.48158,,,,,,0
1579505,2,1579505,Rubripirellula,"",bacteria,false,,,,0.14959991131814546,2,,,86.012,79.0,10^-26.2981,,,,,,,,,,,,,,,,,[1930273],0
1930273,1,1579505,Rubripirellula lacrimiformis,"",bacteria,false,,,,0.14959991131814546,2,,,86.012,79.0,10^-26.2981,,,,,,,,,,,,,,,,,,0
1572663,2,1572663,Chishuiella,"",bacteria,false,,,,,,,,,,,,,,,,0.22439986697721817,3,,,92.8667,32.0,10^-10.4989,,,,,[1434701],0
1434701,1,1572663,Chishuiella changwenlii,"",bacteria,false,,,,,,,,,,,,,,,,0.22439986697721817,3,,,92.8667,32.0,10^-10.4989,,,,,,0
1569766,2,1569766,Neoneuromus,"",eukaryota,false,,,,1.5707990688405271,21,2,14,84.2987,118.81,10^-20.2579,,,,,,,,,,,,,,,,,[1569773],0
1569773,1,1569766,Neoneuromus ignobilis,"",eukaryota,false,,,,1.5707990688405271,21,2,14,84.2987,118.81,10^-20.2579,,,,,,,,,,,,,,,,,,0
1564515,2,1564515,Phaeodactylibacter,"",bacteria,false,,,,,,,,,,,,,,,,0.14959991131814546,2,,,58.5,32.5,10^-3.3419,,,,,[1564516],0
1564516,1,1564515,Phaeodactylibacter luteus,"",bacteria,false,,,,,,,,,,,,,,,,0.14959991131814546,2,,,58.5,32.5,10^-3.3419,,,,,,0
1562158,2,1562158,Neopestalotiopsis,"",eukaryota,false,,,,0.14959991131814546,2,,,96.232,86.5,10^-42.3868,,,,,,,,,,,,,,,,,[1562163],0
1562163,1,1562158,Neopestalotiopsis cubana,"",eukaryota,false,,,,0.14959991131814546,2,,,96.232,86.5,10^-42.3868,,,,,,,,,,,,,,,,,,0
1548035,2,1548035,Acartomyia,"",eukaryota,false,,,,0.3739997782953636,5,,,99.762,78.6,10^-40.8445,,,,,,,,,,,,,,,,,[120875],0
120875,1,1548035,Acartomyia mariae,"",eukaryota,false,,,,0.3739997782953636,5,,,99.762,78.6,10^-40.8445,,,,,,,,,,,,,,,,,,0
1526890,2,1526890,Macratria,"",eukaryota,false,,,,,,,,,,,,,,,,0.22439986697721817,3,,,89.9,33.0,10^-9.7787,,,,,[2055446],0
2055446,1,1526890,Macratria sp. CSR065,"",eukaryota,false,,,,,,,,,,,,,,,,0.22439986697721817,3,,,89.9,33.0,10^-9.7787,,,,,,0
1522124,2,1522124,Clitocella,"",eukaryota,false,,,,0.14959991131814546,2,,,93.0695,101.0,10^-46.7735,,,,,,,,,,,,,,,,,"[2588774, 2107896]",0
2588774,1,1522124,Clitocella orientalis,"",eukaryota,false,,,,0.07479995565907273,1,,,91.089,101.0,10^-44.0287,,,,,,,,,,,,,,,,,,0
2107896,1,1522124,Clitocella sp.,"",eukaryota,false,,,,0.07479995565907273,1,,,95.05,101.0,10^-49.5182,,,,,,,,,,,,,,,,,,0
1521255,2,1521255,Paracaedibacter,"",bacteria,false,,,,,,,,,,,,,,,,0.14959991131814546,2,,,69.2,26.0,10^-3.01909,,,,,[244582],0
244582,1,1521255,Candidatus Paracaedibacter symbiosus,"",bacteria,false,,,,,,,,,,,,,,,,0.14959991131814546,2,,,69.2,26.0,10^-3.01909,,,,,,0
1518149,2,1518149,Thalassotalea,"",bacteria,false,,,,0.07479995565907273,1,,,95.946,74.0,10^-33.871,,,,,,,,,,,,,,,,,[2769490],0
2769490,1,1518149,Thalassotalea sp. LPB0316,"",bacteria,false,,,,0.07479995565907273,1,,,95.946,74.0,10^-33.871,,,,,,,,,,,,,,,,,,0
1515428,2,1515428,Neocatenulostroma,"",eukaryota,false,,,,0.07479995565907273,1,,,99.0,100.0,10^-54.3258,,,,,,,,,,,,,,,,,[1431937],0
1431937,1,1515428,Neocatenulostroma microsporum,"",eukaryota,false,,,,0.07479995565907273,1,,,99.0,100.0,10^-54.3258,,,,,,,,,,,,,,,,,,0
1505657,2,1505657,Intestinibacter,"",bacteria,false,,,,,,,,,,,,,,,,0.14959991131814546,2,,,76.65,32.0,10^-6.83224,,,,,[261299],0
261299,1,1505657,Intestinibacter bartlettii,"",bacteria,false,,,,,,,,,,,,,,,,0.14959991131814546,2,,,76.65,32.0,10^-6.83224,,,,,,0
1502711,2,1502711,Erythranthe,"",eukaryota,false,,,,0.14959991131814546,2,,,94.4155,79.5,10^-36.9427,,,,,,0.07479995565907273,1,,,87.9,33.0,10^-10.15,,,,,[4155],0
4155,1,1502711,Erythranthe guttata,spotted monkey flower,eukaryota,false,,,,0.14959991131814546,2,,,94.4155,79.5,10^-36.9427,,,,,,0.07479995565907273,1,,,87.9,33.0,10^-10.15,,,,,,0
1495649,2,1495649,Thermoflexus,"",bacteria,false,,,,0.14959991131814546,2,,,93.617,47.0,10^-15.5412,,,,,,,,,,,,,,,,,[1495650],0
1495650,1,1495649,Thermoflexus hugenholtzii,"",bacteria,false,,,,0.14959991131814546,2,,,93.617,47.0,10^-15.5412,,,,,,,,,,,,,,,,,,0
1495218,2,1495218,Irenimus,"",eukaryota,false,,,,,,,,,,,,,,,,0.07479995565907273,1,,,100.0,33.0,10^-8.77469,,,,,[1938008],0
1938008,1,1495218,Irenimus parilis,"",eukaryota,false,,,,,,,,,,,,,,,,0.07479995565907273,1,,,100.0,33.0,10^-8.77469,,,,,,0
1489015,2,1489015,Globia,"",eukaryota,false,,,,0.14959991131814546,2,,,82.5755,43.0,10^-6.6595,,,,,,,,,,,,,,,,,[1660644],0
1660644,1,1489015,Globia sparganii,"",eukaryota,false,,,,0.14959991131814546,2,,,82.5755,43.0,10^-6.6595,,,,,,,,,,,,,,,,,,0
1457096,2,1457096,Leptodirus,"",eukaryota,false,,,,0.22439986697721817,3,,,94.6107,44.0,10^-14.4289,,,,,,,,,,,,,,,,,[2996356],0
2996356,1,1457096,Leptodirus hochenwartii,"",eukaryota,false,,,,0.22439986697721817,3,,,94.6107,44.0,10^-14.4289,,,,,,,,,,,,,,,,,,0
1450170,2,1450170,Aaosphaeria,"",eukaryota,false,,,,0.14959991131814546,2,,,95.122,41.0,10^-12.8557,,,,,,,,,,,,,,,,,[1450171],0
1450171,1,1450170,Aaosphaeria arxii,"",eukaryota,false,,,,0.14959991131814546,2,,,95.122,41.0,10^-12.8557,,,,,,,,,,,,,,,,,,0
1448052,2,1448052,Globisporangium,"",eukaryota,false,,,,,,,,,,,,,,,,0.2991998226362909,4,,,76.825,30.5,10^-6.19802,,,,,[82926],0
82926,1,1448052,Globisporangium splendens,"",eukaryota,false,,,,,,,,,,,,,,,,0.2991998226362909,4,,,76.825,30.5,10^-6.19802,,,,,,0
1434708,2,1434708,Hydatigera,"",eukaryota,false,,,,,,,,,,,,,,,,0.14959991131814546,2,,,100.0,32.0,10^-12.2199,,,,,[6205],0
6205,1,1434708,Hydatigera taeniaeformis,"",eukaryota,false,,,,,,,,,,,,,,,,0.14959991131814546,2,,,100.0,32.0,10^-12.2199,,,,,,0
1434011,2,1434011,Komagataeibacter,"",bacteria,false,,,,,,,,,,,,,,,,0.2991998226362909,4,,,84.8,27.25,10^-5.80309,,,,,"[1177712, 265960, 28448]",0
1177712,1,1434011,Komagataeibacter medellinensis,"",bacteria,false,,,,,,,,,,,,,,,,0.07479995565907273,1,,,78.8,33.0,10^-9.5157,,,,,,0
265960,1,1434011,Komagataeibacter nataicola,"",bacteria,false,,,,,,,,,,,,,,,,0.14959991131814546,2,,,95.35,21.5,10^-5.17972,,,,,,0
28448,1,1434011,Komagataeibacter xylinus,"",bacteria,false,,,,,,,,,,,,,,,,0.07479995565907273,1,,,69.7,33.0,10^-3.33724,,,,,,0
1432038,2,1432038,Rhyacopsyche,"",eukaryota,false,,,,0.14959991131814546,2,,,88.679,53.0,10^-14.1166,,,,,,,,,,,,,,,,,[1432039],0
1432039,1,1432038,Rhyacopsyche sp. NHRS GG1,"",eukaryota,false,,,,0.14959991131814546,2,,,88.679,53.0,10^-14.1166,,,,,,,,,,,,,,,,,,0
1431902,2,1431902,Brassicogethes,"",eukaryota,false,,,,1.7203989801586728,23,1,6,89.8603,61.6087,10^-13.717,,,,,,74.20155601380014,992,1,977,38.9253,367.776,10^-70.3766,,,,,[1431903],0
1431903,1,1431902,Brassicogethes aeneus,"",eukaryota,false,,,,1.7203989801586728,23,1,6,89.8603,61.6087,10^-13.717,,,,,,74.20155601380014,992,1,977,38.9253,367.776,10^-70.3766,,,,,,0
1431181,2,1431181,Syncirsodes,"",eukaryota,false,,,,,,,,,,,,,,,,0.07479995565907273,1,,,100.0,26.0,10^-7.19111,,,,,[2568851],0
2568851,1,1431181,Syncirsodes distictaria,"",eukaryota,false,,,,,,,,,,,,,,,,0.07479995565907273,1,,,100.0,26.0,10^-7.19111,,,,,,0
1430964,2,1430964,Xylocampa,"",eukaryota,false,,,,0.5983996452725818,8,,,86.7271,79.125,10^-27.0664,,,,,,,,,,,,,,,,,[1870430],0
1870430,1,1430964,Xylocampa areola,"",eukaryota,false,,,,0.5983996452725818,8,,,86.7271,79.125,10^-27.0664,,,,,,,,,,,,,,,,,,0
1395788,2,1395788,Gorgonomyces,"",eukaryota,false,,,,0.07479995565907273,1,,,90.291,103.0,10^-44.0202,,,,,,,,,,,,,,,,,[382530],0
382530,1,1395788,Gorgonomyces haynaldii,"",eukaryota,false,,,,0.07479995565907273,1,,,90.291,103.0,10^-44.0202,,,,,,,,,,,,,,,,,,0
1395751,2,1395751,Polichne,"",eukaryota,false,,,,,,,,,,,,,,,,0.07479995565907273,1,,,100.0,33.0,10^-12.4737,,,,,[1395752],0
1395752,1,1395751,Polichne argentata,"",eukaryota,false,,,,,,,,,,,,,,,,0.07479995565907273,1,,,100.0,33.0,10^-12.4737,,,,,,0
1395739,2,1395739,Mortoniellus,"",eukaryota,false,,,,,,,,,,,,,,,,0.07479995565907273,1,,,100.0,33.0,10^-13.3325,,,,,[1395740],0
1395740,1,1395739,Mortoniellus ovatus,"",eukaryota,false,,,,,,,,,,,,,,,,0.07479995565907273,1,,,100.0,33.0,10^-13.3325,,,,,,0
1392992,2,1392992,Anthracocystis,"",eukaryota,false,,,,0.14959991131814546,2,,,100.0,101.0,10^-56.3801,,,,,,,,,,,,,,,,,[249478],0
249478,1,1392992,Anthracocystis panici-leucophaei,"",eukaryota,false,,,,0.14959991131814546,2,,,100.0,101.0,10^-56.3801,,,,,,,,,,,,,,,,,,0
1383114,2,1383114,Oocyclus,"",eukaryota,false,,,,0.22439986697721817,3,,,84.6833,95.6667,10^-32.6162,,,,,,,,,,,,,,,,,[2055475],0
2055475,1,1383114,Oocyclus sp. INB014,"",eukaryota,false,,,,0.22439986697721817,3,,,84.6833,95.6667,10^-32.6162,,,,,,,,,,,,,,,,,,0
1368975,2,1368975,Calamotropha,"",eukaryota,false,,,,0.44879973395443634,6,,,92.2055,44.5,10^-13.1666,,,,,,,,,,,,,,,,,[1371681],0
1371681,1,1368975,Calamotropha paludella,"",eukaryota,false,,,,0.44879973395443634,6,,,92.2055,44.5,10^-13.1666,,,,,,,,,,,,,,,,,,0
1356488,2,1356488,Rosenbergiella,"",bacteria,false,,,,,,,,,,,,,,,,0.07479995565907273,1,,,93.8,32.0,10^-9.66154,,,,,[1544695],0
1544695,1,1356488,Rosenbergiella collisarenosi,"",bacteria,false,,,,,,,,,,,,,,,,0.07479995565907273,1,,,93.8,32.0,10^-9.66154,,,,,,0
1335631,2,1335631,Frischella,"",bacteria,false,,,,0.14959991131814546,2,,,97.5,100.0,10^-52.2673,,,,,,,,,,,,,,,,,[1267021],0
1267021,1,1335631,Frischella perrara,"",bacteria,false,,,,0.14959991131814546,2,,,97.5,100.0,10^-52.2673,,,,,,,,,,,,,,,,,,0
1335483,2,1335483,Shimwellia,"",bacteria,false,,,,,,,,,,,,,,,,0.22439986697721817,3,,,84.8,33.0,10^-11.3675,,,,,[563],0
563,1,1335483,Shimwellia blattae,"",bacteria,false,,,,,,,,,,,,,,,,0.22439986697721817,3,,,84.8,33.0,10^-11.3675,,,,,,0
1330547,2,1330547,Kosakonia,"",bacteria,false,,,,0.07479995565907273,1,,,100.0,100.0,10^-55.6982,,,,,,0.14959991131814546,2,,,81.45,32.5,10^-8.62917,,,,,"[2980101, 2202822, 1646340]",0
2980101,1,1330547,Kosakonia sp. HypNH10,"",bacteria,false,,,,,,,,,,,,,,,,0.07479995565907273,1,,,78.1,32.0,10^-8.53018,,,,,,0
2202822,1,1330547,Kosakonia sp. MH5,"",bacteria,false,,,,,,,,,,,,,,,,0.07479995565907273,1,,,84.8,33.0,10^-8.72816,,,,,,0
1646340,1,1330547,Kosakonia pseudosacchari,"",bacteria,false,,,,0.07479995565907273,1,,,100.0,100.0,10^-55.6982,,,,,,,,,,,,,,,,,,0
1330546,2,1330546,Pluralibacter,"",bacteria,false,,,,0.07479995565907273,1,,,99.02,102.0,10^-55.6896,,,,,,0.07479995565907273,1,,,69.7,33.0,10^-6.44733,,,,,"[1920032, 1334193]",0
1920032,1,1330546,Pluralibacter sp.,"",bacteria,false,,,,,,,,,,,,,,,,0.07479995565907273,1,,,69.7,33.0,10^-6.44733,,,,,,0
1334193,1,1330546,[Enterobacter] lignolyticus,"",bacteria,false,,,,0.07479995565907273,1,,,99.02,102.0,10^-55.6896,,,,,,,,,,,,,,,,,,0
1323399,2,1323399,Molorchus,"",eukaryota,false,,,,,,,,,,,,,,,,1.346399201863309,18,,,73.6813,31.375,10^-6.32481,,,,,[1323400],0
1323400,1,1323399,Molorchus minor,"",eukaryota,false,,,,,,,,,,,,,,,,1.346399201863309,18,,,73.6813,31.375,10^-6.32481,,,,,,0
1322061,2,1322061,Rhizoctonia,"",eukaryota,false,,,,0.2991998226362909,4,,,99.7525,100.75,10^-55.8665,,,,,,0.2991998226362909,4,,,59.925,31.75,10^-4.04107,,,,,"[1384210, 456999]",0
1384210,1,1322061,Rhizoctonia sp. AG-D,"",eukaryota,false,,,,0.14959991131814546,2,,,100.0,100.5,10^-56.0391,,,,,,,,,,,,,,,,,,0
456999,1,1322061,Rhizoctonia solani,"",eukaryota,false,,,,0.14959991131814546,2,,,99.505,101.0,10^-55.6939,,,,,,0.2991998226362909,4,,,59.925,31.75,10^-4.04107,,,,,,0
1310362,2,1310362,Tropidothorax,"",eukaryota,false,,,,,,,,,,,,,,,,0.07479995565907273,1,,,65.6,32.0,10^-5.8962,,,,,[2233830],0
2233830,1,1310362,Tropidothorax elegans,"",eukaryota,false,,,,,,,,,,,,,,,,0.07479995565907273,1,,,65.6,32.0,10^-5.8962,,,,,,0
1310334,2,1310334,Ascalohybris,"",eukaryota,false,,,,,,,,,,,,,,,,0.07479995565907273,1,,,100.0,27.0,10^-6.9914,,,,,[1310335],0
1310335,1,1310334,Ascalohybris subjacens,"",eukaryota,false,,,,,,,,,,,,,,,,0.07479995565907273,1,,,100.0,27.0,10^-6.9914,,,,,,0
1308858,2,1308858,Sigmavirus,"",viruses,false,,,,,,,,,,,,,,,,0.14959991131814546,2,,,66.7,30.0,10^-3.37469,,,,,[2845539],0
2845539,1,1308858,Sigmavirus lousefly,"",viruses,false,,,,,,,,,,,,,,,,0.14959991131814546,2,,,66.7,30.0,10^-3.37469,,,,,,0
1299308,2,1299308,Quaranjavirus,"",viruses,false,,,,,,,,,,,,,,,,293.0662262722469,3918,2,3916,44.6628,628.117,10^-170.698,,,,,"[2607739, 1608131]",0
2607739,1,1299308,Guadeloupe mosquito quaranja-like virus 3,"",viruses,false,,,,,,,,,,,,,,,,207.71947686524496,2777,1,2777,36.661,551.0,10^-103.907,,,,,,0
1608131,1,1299308,Wuhan Mosquito Virus 6,"",viruses,false,,,,,,,,,,,,,,,,85.34674940700198,1141,1,1139,61.0026,785.59,10^-307.087,,,,,,0
1291256,2,1291256,Cycadothrips,"",eukaryota,false,,,,,,,,,,,,,,,,0.07479995565907273,1,,,100.0,32.0,10^-11.6904,,,,,[1291257],0
1291257,1,1291256,Cycadothrips chadwicki,"",eukaryota,false,,,,,,,,,,,,,,,,0.07479995565907273,1,,,100.0,32.0,10^-11.6904,,,,,,0
1288022,2,1288022,Handroanthus,"",eukaryota,false,,,,,,,,,,,,,,,,0.14959991131814546,2,,,100.0,32.5,10^-12.9485,,,,,[429701],0
429701,1,1288022,Handroanthus impetiginosus,"",eukaryota,false,,,,,,,,,,,,,,,,0.14959991131814546,2,,,100.0,32.5,10^-12.9485,,,,,,0
1280450,2,1280450,Aproaerema,"",eukaryota,false,,,,0.3739997782953636,5,,,85.2802,73.0,10^-22.5,,,,,,,,,,,,,,,,,[2566309],0
2566309,1,1280450,Aproaerema taeniolella,"",eukaryota,false,,,,0.3739997782953636,5,,,85.2802,73.0,10^-22.5,,,,,,,,,,,,,,,,,,0
1276926,2,1276926,Gonocerus,"",eukaryota,false,,,,0.07479995565907273,1,,,84.444,45.0,10^-8.6982,,,,,,,,,,,,,,,,,[1545138],0
1545138,1,1276926,Gonocerus acuteangulatus,"",eukaryota,false,,,,0.07479995565907273,1,,,84.444,45.0,10^-8.6982,,,,,,,,,,,,,,,,,,0
1276191,2,1276191,Megasporoporiella,"",eukaryota,false,,,,0.14959991131814546,2,,,100.0,101.0,10^-56.3801,,,,,,,,,,,,,,,,,[1904852],0
1904852,1,1276191,Megasporoporiella sp. 'variabilicolor',"",eukaryota,false,,,,0.14959991131814546,2,,,100.0,101.0,10^-56.3801,,,,,,,,,,,,,,,,,,0
1272114,2,1272114,Trichosalpingus,"",eukaryota,false,,,,,,,,,,,,,,,,0.07479995565907273,1,,,100.0,33.0,10^-11.5969,,,,,[2055560],0
2055560,1,1272114,Trichosalpingus sp. CSR036,"",eukaryota,false,,,,,,,,,,,,,,,,0.07479995565907273,1,,,100.0,33.0,10^-11.5969,,,,,,0
1272112,2,1272112,Trichananca,"",eukaryota,false,,,,,,,,,,,,,,,,0.07479995565907273,1,,,100.0,29.0,10^-10.3655,,,,,[2055558],0
2055558,1,1272112,Trichananca sp. CSR064,"",eukaryota,false,,,,,,,,,,,,,,,,0.07479995565907273,1,,,100.0,29.0,10^-10.3655,,,,,,0
1272050,2,1272050,Meryx,"",eukaryota,false,,,,,,,,,,,,,,,,0.07479995565907273,1,,,100.0,33.0,10^-13.0645,,,,,[2055454],0
2055454,1,1272050,Meryx sp. CSR162,"",eukaryota,false,,,,,,,,,,,,,,,,0.07479995565907273,1,,,100.0,33.0,10^-13.0645,,,,,,0
1272010,2,1272010,Hoshihananomia,"",eukaryota,false,,,,,,,,,,,,,,,,0.07479995565907273,1,,,100.0,29.0,10^-10.3655,,,,,[2055426],0
2055426,1,1272010,Hoshihananomia sp. INB034,"",eukaryota,false,,,,,,,,,,,,,,,,0.07479995565907273,1,,,100.0,29.0,10^-10.3655,,,,,,0
1271741,2,1271741,Glyphotaelius,"",eukaryota,false,,,,1.2715992462042363,17,,,88.7789,67.2941,10^-22.8665,,,,,,,,,,,,,,,,,[1271742],0
1271742,1,1271741,Glyphotaelius pellucidus,"",eukaryota,false,,,,1.2715992462042363,17,,,88.7789,67.2941,10^-22.8665,,,,,,,,,,,,,,,,,,0
1262488,2,1262488,Dichaetophora,"",eukaryota,false,,,,,,,,,,,,,,,,0.07479995565907273,1,,,95.8,24.0,10^-3.64975,,,,,[2863650],0
2863650,1,1262488,Dichaetophora sp. V3,"",eukaryota,false,,,,,,,,,,,,,,,,0.07479995565907273,1,,,95.8,24.0,10^-3.64975,,,,,,0
1262302,2,1262302,Heteromyza,"",eukaryota,false,,,,3.6651978272945636,49,,,88.1914,64.7619,10^-20.4159,,,,,,,,,,,,,,,,,[2867252],0
2867252,1,1262302,Heteromyza rotundicornis,"",eukaryota,false,,,,3.6651978272945636,49,,,88.1914,64.7619,10^-20.4159,,,,,,,,,,,,,,,,,,0
1261042,2,1261042,Exocentrus,"",eukaryota,false,,,,,,,,,,,,,,,,0.5235996896135091,7,,,69.4143,31.7143,10^-4.98195,,,,,[1586481],0
1586481,1,1261042,Exocentrus adspersus,"",eukaryota,false,,,,,,,,,,,,,,,,0.5235996896135091,7,,,69.4143,31.7143,10^-4.98195,,,,,,0
1260852,2,1260852,Pseudolycoriella,"",eukaryota,false,,,,,,,,,,,,,,,,5.235996896135091,70,,,87.6362,31.4203,10^-9.20483,,,,,[35572],0
35572,1,1260852,Pseudolycoriella hygida,"",eukaryota,false,,,,,,,,,,,,,,,,5.235996896135091,70,,,87.6362,31.4203,10^-9.20483,,,,,,0
1250642,2,1250642,Rhogogaster,"",eukaryota,false,,,,0.3739997782953636,5,,,88.304,72.6,10^-25.2445,,,,,,,,,,,,,,,,,[1385029],0
1385029,1,1250642,Rhogogaster chlorosoma,"",eukaryota,false,,,,0.3739997782953636,5,,,88.304,72.6,10^-25.2445,,,,,,,,,,,,,,,,,,0
1245386,2,1245386,Phagomyia,"",eukaryota,false,,,,0.2991998226362909,4,,,93.9187,75.0,10^-32.4935,,,,,,,,,,,,,,,,,[1245348],0
1245348,1,1245386,Phagomyia prominens,"",eukaryota,false,,,,0.2991998226362909,4,,,93.9187,75.0,10^-32.4935,,,,,,,,,,,,,,,,,,0
1245380,2,1245380,Collessius,"",eukaryota,false,,,,0.07479995565907273,1,,,92.079,101.0,10^-45.4011,,,,,,,,,,,,,,,,,[1245336],0
1245336,1,1245380,Collessius tonkinensis,"",eukaryota,false,,,,0.07479995565907273,1,,,92.079,101.0,10^-45.4011,,,,,,,,,,,,,,,,,,0
1243176,2,1243176,Amoeboaphelidium,"",eukaryota,false,,,,0.07479995565907273,1,,,96.04,101.0,10^-50.8906,,,,,,0.44879973395443634,6,,,70.0,31.0,10^-5.42772,,,,,"[1498855, 1243177]",0
1498855,1,1243176,Amoeboaphelidium occidentale,"",eukaryota,false,,,,,,,,,,,,,,,,0.2991998226362909,4,,,68.4,30.75,10^-4.65264,,,,,,0
1243177,1,1243176,Amoeboaphelidium protococcarum,"",eukaryota,false,,,,0.07479995565907273,1,,,96.04,101.0,10^-50.8906,,,,,,0.14959991131814546,2,,,73.2,31.5,10^-6.9779,,,,,,0
1232588,2,1232588,Saprochaete,"",eukaryota,false,,,,0.07479995565907273,1,,,92.771,83.0,10^-35.8797,,,,,,,,,,,,,,,,,[2606893],0
2606893,1,1232588,Saprochaete ingens,"",eukaryota,false,,,,0.07479995565907273,1,,,92.771,83.0,10^-35.8797,,,,,,,,,,,,,,,,,,0
1232029,2,1232029,Melanographia,"",eukaryota,false,,,,0.07479995565907273,1,,,93.333,45.0,10^-14.1877,,,,,,,,,,,,,,,,,[1232030],0
1232030,1,1232029,Melanographia flexilineata,"",eukaryota,false,,,,0.07479995565907273,1,,,93.333,45.0,10^-14.1877,,,,,,,,,,,,,,,,,,0
1220344,2,1220344,Ernoporicus,"",eukaryota,false,,,,,,,,,,,,,,,,0.07479995565907273,1,,,100.0,33.0,10^-13.6021,,,,,[1220345],0
1220345,1,1220344,Ernoporicus spessivtzevi,"",eukaryota,false,,,,,,,,,,,,,,,,0.07479995565907273,1,,,100.0,33.0,10^-13.6021,,,,,,0
1220337,2,1220337,Chaetoptelius,"",eukaryota,false,,,,,,,,,,,,,,,,0.07479995565907273,1,,,100.0,21.0,10^-6.1343,,,,,[1220339],0
1220339,1,1220337,Chaetoptelius vestitus,"",eukaryota,false,,,,,,,,,,,,,,,,0.07479995565907273,1,,,100.0,21.0,10^-6.1343,,,,,,0
1219203,2,1219203,Sicus,"",eukaryota,false,,,,3.6651978272945636,49,1,13,92.203,69.1875,10^-21.7029,,,,,,,,,,,,,,,,,[1219204],0
1219204,1,1219203,Sicus ferrugineus,"",eukaryota,false,,,,3.6651978272945636,49,1,13,92.203,69.1875,10^-21.7029,,,,,,,,,,,,,,,,,,0
1213737,2,1213737,Schizopora,"",eukaryota,false,,,,0.22439986697721817,3,,,99.0,94.3333,10^-50.0057,,,,,,,,,,,,,,,,,[27342],0
27342,1,1213737,Schizopora paradoxa,"",eukaryota,false,,,,0.22439986697721817,3,,,99.0,94.3333,10^-50.0057,,,,,,,,,,,,,,,,,,0
1213188,2,1213188,Zancudomyces,"",eukaryota,false,,,,,,,,,,,,,,,,0.22439986697721817,3,,,70.7333,29.3333,10^-4.96582,,,,,[1213189],0
1213189,1,1213188,Zancudomyces culisetae,"",eukaryota,false,,,,,,,,,,,,,,,,0.22439986697721817,3,,,70.7333,29.3333,10^-4.96582,,,,,,0
1206353,2,1206353,Lizonia,"",eukaryota,false,,,,,,,,,,,,,,,,0.22439986697721817,3,,,95.8,32.0,10^-11.4016,,,,,[1496277],0
1496277,1,1206353,Lizonia empirigonia,"",eukaryota,false,,,,,,,,,,,,,,,,0.22439986697721817,3,,,95.8,32.0,10^-11.4016,,,,,,0
1178288,2,1178288,Hieromantis,"",eukaryota,false,,,,0.07479995565907273,1,,,90.476,42.0,10^-10.7867,,,,,,,,,,,,,,,,,[1178289],0
1178289,1,1178288,Hieromantis kurokoi,"",eukaryota,false,,,,0.07479995565907273,1,,,90.476,42.0,10^-10.7867,,,,,,,,,,,,,,,,,,0
1178188,2,1178188,Epicroesa,"",eukaryota,false,,,,0.2991998226362909,4,,,94.1925,51.75,10^-18.7591,,,,,,,,,,,,,,,,,[1178189],0
1178189,1,1178188,Epicroesa metallifera,"",eukaryota,false,,,,0.2991998226362909,4,,,94.1925,51.75,10^-18.7591,,,,,,,,,,,,,,,,,,0
1176129,2,1176129,Aulographum,"",eukaryota,false,,,,,,,,,,,,,,,,0.44879973395443634,6,,,91.9167,31.5,10^-11.4668,,,,,[1176130],0
1176130,1,1176129,Aulographum hederae,"",eukaryota,false,,,,,,,,,,,,,,,,0.44879973395443634,6,,,91.9167,31.5,10^-11.4668,,,,,,0
1173324,2,1173324,Vorticellides,"",eukaryota,false,,,,0.07479995565907273,1,,,95.833,48.0,10^-17.5906,,,,,,,,,,,,,,,,,[2812044],0
2812044,1,1173324,Vorticellides sp.,"",eukaryota,false,,,,0.07479995565907273,1,,,95.833,48.0,10^-17.5906,,,,,,,,,,,,,,,,,,0
1159320,2,1159320,Belonocnema,"",eukaryota,false,,,,0.7479995565907273,10,,,90.8072,62.5,10^-21.1475,,,,,,0.6731996009316545,9,,,73.2778,31.0,10^-6.24627,,,,,[2817044],0
2817044,1,1159320,Belonocnema kinseyi,"",eukaryota,false,,,,0.7479995565907273,10,,,90.8072,62.5,10^-21.1475,,,,,,0.6731996009316545,9,,,73.2778,31.0,10^-6.24627,,,,,,0
1155738,2,1155738,Moorena,"",bacteria,false,,,,0.07479995565907273,1,,,92.5,40.0,10^-10.8079,,,,,,,,,,,,,,,,,[1155739],0
1155739,1,1155738,Moorena producens,"",bacteria,false,,,,0.07479995565907273,1,,,92.5,40.0,10^-10.8079,,,,,,,,,,,,,,,,,,0
1132856,2,1132856,Rasamsonia,"",eukaryota,false,,,,,,,,,,,,,,,,0.07479995565907273,1,,,100.0,30.0,10^-12.5129,,,,,[68825],0
68825,1,1132856,Rasamsonia emersonii,"",eukaryota,false,,,,,,,,,,,,,,,,0.07479995565907273,1,,,100.0,30.0,10^-12.5129,,,,,,0
1129544,2,1129544,Rhizophagus,"",eukaryota,false,,,,0.8227995122498,11,,,92.3899,51.1818,10^-16.8982,,,,,,0.44879973395443634,6,1,5,50.9283,72.6667,10^-16.1228,,,,,[588596],0
588596,1,1129544,Rhizophagus irregularis,"",eukaryota,false,,,,0.8227995122498,11,,,92.3899,51.1818,10^-16.8982,,,,,,0.44879973395443634,6,1,5,50.9283,72.6667,10^-16.1228,,,,,,0
1127299,2,1127299,Pseudostegana,"",eukaryota,false,,,,,,,,,,,,,,,,0.3739997782953636,5,,,100.0,32.75,10^-10.8535,,,,,"[1509424, 1509422, 1136916, 1127302]",0
1509424,1,1127299,Pseudostegana meiduo,"",eukaryota,false,,,,,,,,,,,,,,,,0.07479995565907273,1,,,100.0,33.0,10^-11.0888,,,,,,0
1509422,1,1127299,Pseudostegana amoena,"",eukaryota,false,,,,,,,,,,,,,,,,0.07479995565907273,1,,,100.0,32.0,10^-10.1475,,,,,,0
1136916,1,1127299,Pseudostegana bifasciata,"",eukaryota,false,,,,,,,,,,,,,,,,0.07479995565907273,1,,,100.0,33.0,10^-11.0888,,,,,,0
1127302,1,1127299,Pseudostegana angustifasciata,"",eukaryota,false,,,,,,,,,,,,,,,,0.14959991131814546,2,,,100.0,33.0,10^-11.0888,,,,,,0
1127298,2,1127298,Parastegana,"",eukaryota,false,,,,,,,,,,,,,,,,0.22439986697721817,3,,,100.0,33.0,10^-11.0888,,,,,[1127301],0
1127301,1,1127298,Parastegana femorata,"",eukaryota,false,,,,,,,,,,,,,,,,0.22439986697721817,3,,,100.0,33.0,10^-11.0888,,,,,,0
1126249,2,1126249,Geranomyces,"",eukaryota,false,,,,,,,,,,,,,,,,0.14959991131814546,2,,,100.0,29.0,10^-7.82575,,,,,[109894],0
109894,1,1126249,Geranomyces variabilis,"",eukaryota,false,,,,,,,,,,,,,,,,0.14959991131814546,2,,,100.0,29.0,10^-7.82575,,,,,,0
1118638,2,1118638,Chalcis,"",eukaryota,false,,,,1.1967992905451637,16,1,14,87.8954,100.643,10^-22.4537,,,,,,,,,,,,,,,,,[1118640],0
1118640,1,1118638,Chalcis sispes,"",eukaryota,false,,,,1.1967992905451637,16,1,14,87.8954,100.643,10^-22.4537,,,,,,,,,,,,,,,,,,0
1101165,2,1101165,Elegia,"",eukaryota,false,,,,0.44879973395443634,6,,,89.9488,57.5,10^-18.5478,,,,,,,,,,,,,,,,,[1101167],0
1101167,1,1101165,Elegia similella,"",eukaryota,false,,,,0.44879973395443634,6,,,89.9488,57.5,10^-18.5478,,,,,,,,,,,,,,,,,,0
1101109,2,1101109,Hypsopygia,"",eukaryota,false,,,,0.44879973395443634,6,,,91.3542,45.5,10^-12.9333,,,,,,,,,,,,,,,,,[1101110],0
1101110,1,1101109,Hypsopygia costalis,"",eukaryota,false,,,,0.44879973395443634,6,,,91.3542,45.5,10^-12.9333,,,,,,,,,,,,,,,,,,0
1101103,2,1101103,Euzophera,"",eukaryota,false,,,,0.07479995565907273,1,,,87.013,77.0,10^-26.3057,,,,,,,,,,,,,,,,,[1366396],0
1366396,1,1101103,Euzophera pinguis,"",eukaryota,false,,,,0.07479995565907273,1,,,87.013,77.0,10^-26.3057,,,,,,,,,,,,,,,,,,0
1101094,2,1101094,Endotricha,"",eukaryota,false,,,,0.14959991131814546,2,,,91.5455,45.5,10^-13.1543,,,,,,,,,,,,,,,,,[1101095],0
1101095,1,1101094,Endotricha flammealis,"",eukaryota,false,,,,0.14959991131814546,2,,,91.5455,45.5,10^-13.1543,,,,,,,,,,,,,,,,,,0
1101085,2,1101085,Athrips,"",eukaryota,false,,,,0.3739997782953636,5,,,91.5004,40.0,10^-10.2592,,,,,,,,,,,,,,,,,[1101086],0
1101086,1,1101085,Athrips mouffetella,"",eukaryota,false,,,,0.3739997782953636,5,,,91.5004,40.0,10^-10.2592,,,,,,,,,,,,,,,,,,0
1101079,2,1101079,Anarsia,"",eukaryota,false,,,,0.2991998226362909,4,,,95.2172,45.75,10^-15.3914,,,,,,,,,,,,,,,,,[2566270],0
2566270,1,1101079,Anarsia innoxiella,"",eukaryota,false,,,,0.2991998226362909,4,,,95.2172,45.75,10^-15.3914,,,,,,,,,,,,,,,,,,0
1101077,2,1101077,Teleiodes,"",eukaryota,false,,,,0.5235996896135091,7,,,90.5753,57.0,10^-18.8003,,,,,,,,,,,,,,,,,[1101163],0
1101163,1,1101077,Teleiodes luculella,"",eukaryota,false,,,,0.5235996896135091,7,,,90.5753,57.0,10^-18.8003,,,,,,,,,,,,,,,,,,0
1096076,2,1096076,Pherbina,"",eukaryota,false,,,,0.14959991131814546,2,,,91.667,48.0,10^-14.8458,,,,,,,,,,,,,,,,,[1096077],0
1096077,1,1096076,Pherbina coryleti,"",eukaryota,false,,,,0.14959991131814546,2,,,91.667,48.0,10^-14.8458,,,,,,,,,,,,,,,,,,0
1093071,2,1093071,Phorcus,"",eukaryota,false,,,,0.44879973395443634,6,,,92.2377,42.1667,10^-11.5968,,,,,,,,,,,,,,,,,[1620919],0
1620919,1,1093071,Phorcus lineatus,"",eukaryota,false,,,,0.44879973395443634,6,,,92.2377,42.1667,10^-11.5968,,,,,,,,,,,,,,,,,,0
1086746,2,1086746,Lenzitopsis,"",eukaryota,false,,,,0.07479995565907273,1,,,97.619,42.0,10^-14.9038,,,,,,,,,,,,,,,,,[1086748],0
1086748,1,1086746,Lenzitopsis daii,"",eukaryota,false,,,,0.07479995565907273,1,,,97.619,42.0,10^-14.9038,,,,,,,,,,,,,,,,,,0
1069494,2,1069494,Trueperella,"",bacteria,false,,,,0.14959991131814546,2,,,91.892,37.0,10^-8.78321,,,,,,,,,,,,,,,,,[2733571],0
2733571,1,1069494,Trueperella pecoris,"",bacteria,false,,,,0.14959991131814546,2,,,91.892,37.0,10^-8.78321,,,,,,,,,,,,,,,,,,0
1052669,2,1052669,Atraporiella,"",eukaryota,false,,,,0.14959991131814546,2,,,100.0,89.5,10^-47.8552,,,,,,,,,,,,,,,,,[1052670],0
1052670,1,1052669,Atraporiella neotropica,"",eukaryota,false,,,,0.14959991131814546,2,,,100.0,89.5,10^-47.8552,,,,,,,,,,,,,,,,,,0
1047167,2,1047167,Zymoseptoria,"",eukaryota,false,,,,0.2991998226362909,4,,,100.0,98.25,10^-54.5052,,,,,,0.22439986697721817,3,,,94.6667,31.6667,10^-10.8594,,,,,[1047171],0
1047171,1,1047167,Zymoseptoria tritici,"",eukaryota,false,,,,0.2991998226362909,4,,,100.0,98.25,10^-54.5052,,,,,,0.22439986697721817,3,,,94.6667,31.6667,10^-10.8594,,,,,,0
1046314,2,1046314,Bimastos,"",eukaryota,false,,,,0.6731996009316545,9,,,91.3091,39.0,10^-9.52399,,,,,,,,,,,,,,,,,[320977],0
320977,1,1046314,Bimastos eiseni,"",eukaryota,false,,,,0.6731996009316545,9,,,91.3091,39.0,10^-9.52399,,,,,,,,,,,,,,,,,,0
1032526,2,1032526,Pedosphaera,"",bacteria,false,,,,,,,,,,,,,,,,0.07479995565907273,1,,,54.5,33.0,10^-3.50169,,,,,[2024890],0
2024890,1,1032526,Pedosphaera sp.,"",bacteria,false,,,,,,,,,,,,,,,,0.07479995565907273,1,,,54.5,33.0,10^-3.50169,,,,,,0
1017280,2,1017280,Pseudoflavonifractor,"",bacteria,false,,,,,,,,,,,,,,,,2.991998226362909,40,1,37,71.185,67.175,10^-25.0222,,,,,[106588],0
106588,1,1017280,Pseudoflavonifractor capillosus,"",bacteria,false,,,,,,,,,,,,,,,,2.991998226362909,40,1,37,71.185,67.175,10^-25.0222,,,,,,0
1003337,2,1003337,Angomonas,"",eukaryota,false,,,,1.2715992462042363,17,1,4,93.3772,116.118,10^-45.1934,,,,,,1.5707990688405271,21,,,81.219,32.2381,10^-8.08292,,,,,[59799],0
59799,1,1003337,Angomonas deanei,"",eukaryota,false,,,,1.2715992462042363,17,1,4,93.3772,116.118,10^-45.1934,,,,,,1.5707990688405271,21,,,81.219,32.2381,10^-8.08292,,,,,,0
1003010,2,1003010,Strigomonas,"",eukaryota,false,,,,229.2618640950579,3065,3,2848,96.8971,1070.74,10^-281.995,,,,,,17.877189402518383,239,3,12,97.2663,34.3038,10^-12.0559,,,,,"[1003336, 28005, 5657]",0
1003336,1,1003010,Strigomonas galati,"",eukaryota,false,,,,0.07479995565907273,1,,,98.63,73.0,10^-35.9355,,,,,,,,,,,,,,,,,,0
28005,1,1003010,Strigomonas culicis,"",eukaryota,false,,,,228.7382644054444,3058,3,2848,96.8903,1074.21,10^-282.817,,,,,,17.727589491200234,237,3,12,97.243,34.3149,10^-12.0392,,,,,,0
5657,1,1003010,Strigomonas oncopelti,"",eukaryota,false,,,,0.44879973395443634,6,,,98.8173,98.6667,10^-53.1886,,,,,,0.14959991131814546,2,,,100.0,33.0,10^-14.016,,,,,,0
989881,2,989881,Apomyelois,"",eukaryota,false,,,,7.031195831952836,94,1,92,80.0494,137.889,10^-17.4457,,,,,,,,,,,,,,,,,[1666458],0
1666458,1,989881,Apomyelois bistriatella,"",eukaryota,false,,,,7.031195831952836,94,1,92,80.0494,137.889,10^-17.4457,,,,,,,,,,,,,,,,,,0
988175,2,988175,Drymonia,"",eukaryota,false,,,,0.22439986697721817,3,,,89.379,37.6667,10^-7.86057,,,,,,,,,,,,,,,,,[988178],0
988178,1,988175,Drymonia ruficornis,"",eukaryota,false,,,,0.22439986697721817,3,,,89.379,37.6667,10^-7.86057,,,,,,,,,,,,,,,,,,0
988161,2,988161,Tiliacea,"",eukaryota,false,,,,0.14959991131814546,2,,,85.8335,40.5,10^-7.03119,,,,,,,,,,,,,,,,,[988162],0
988162,1,988161,Tiliacea aurago,"",eukaryota,false,,,,0.14959991131814546,2,,,85.8335,40.5,10^-7.03119,,,,,,,,,,,,,,,,,,0
988153,2,988153,Polyploca,"",eukaryota,false,,,,0.5235996896135091,7,,,90.8649,61.5714,10^-20.738,,,,,,,,,,,,,,,,,[988154],0
988154,1,988153,Polyploca ridens,"",eukaryota,false,,,,0.5235996896135091,7,,,90.8649,61.5714,10^-20.738,,,,,,,,,,,,,,,,,,0
988151,2,988151,Polymixis,"",eukaryota,false,,,,0.5983996452725818,8,,,92.2409,45.875,10^-13.5978,,,,,,,,,,,,,,,,,"[1870252, 1870251]",0
1870252,1,988151,Polymixis lichenea,"",eukaryota,false,,,,0.3739997782953636,5,,,93.5896,41.2,10^-12.1692,,,,,,,,,,,,,,,,,,0
1870251,1,988151,Polymixis flavicincta,"",eukaryota,false,,,,0.22439986697721817,3,,,89.993,53.6667,10^-15.9789,,,,,,,,,,,,,,,,,,0
988123,2,988123,Hecatera,"",eukaryota,false,,,,0.7479995565907273,10,1,4,86.0667,73.8889,10^-12.3357,,,,,,,,,,,,,,,,,[988125],0
988125,1,988123,Hecatera dysodea,"",eukaryota,false,,,,0.7479995565907273,10,1,4,86.0667,73.8889,10^-12.3357,,,,,,,,,,,,,,,,,,0
988105,2,988105,Dryobotodes,"",eukaryota,false,,,,0.14959991131814546,2,,,87.805,41.0,10^-8.73863,,,,,,,,,,,,,,,,,[988106],0
988106,1,988105,Dryobotodes eremita,"",eukaryota,false,,,,0.14959991131814546,2,,,87.805,41.0,10^-8.73863,,,,,,,,,,,,,,,,,,0
988088,2,988088,Cerastis,"",eukaryota,false,,,,0.2991998226362909,4,1,4,84.242,165.0,10^-34.7852,,,,,,,,,,,,,,,,,[988089],0
988089,1,988088,Cerastis rubricosa,"",eukaryota,false,,,,0.2991998226362909,4,1,4,84.242,165.0,10^-34.7852,,,,,,,,,,,,,,,,,,0
988070,2,988070,Atethmia,"",eukaryota,false,,,,0.22439986697721817,3,,,86.7423,57.3333,10^-15.7147,,,,,,,,,,,,,,,,,[988071],0
988071,1,988070,Atethmia centrago,"",eukaryota,false,,,,0.22439986697721817,3,,,86.7423,57.3333,10^-15.7147,,,,,,,,,,,,,,,,,,0
988068,2,988068,Asteroscopus,"",eukaryota,false,,,,0.07479995565907273,1,,,94.444,36.0,10^-9.48129,,,,,,,,,,,,,,,,,[988069],0
988069,1,988068,Asteroscopus sphinx,"",eukaryota,false,,,,0.07479995565907273,1,,,94.444,36.0,10^-9.48129,,,,,,,,,,,,,,,,,,0
988063,2,988063,Aporophyla,"",eukaryota,false,,,,0.3739997782953636,5,,,88.6848,46.6,10^-11.9824,,,,,,,,,,,,,,,,,"[1337163, 988065]",0
1337163,1,988063,Aporophyla lueneburgensis,"",eukaryota,false,,,,0.22439986697721817,3,,,90.1563,46.0,10^-12.5827,,,,,,,,,,,,,,,,,,0
988065,1,988063,Aporophyla nigra,"",eukaryota,false,,,,0.14959991131814546,2,,,86.4775,47.5,10^-11.0818,,,,,,,,,,,,,,,,,,0
988061,2,988061,Antitype,"",eukaryota,false,,,,0.07479995565907273,1,,,87.805,41.0,10^-8.73863,,,,,,,,,,,,,,,,,[988062],0
988062,1,988061,Antitype chi,"",eukaryota,false,,,,0.07479995565907273,1,,,87.805,41.0,10^-8.73863,,,,,,,,,,,,,,,,,,0
988059,2,988059,Anorthoa,"",eukaryota,false,,,,0.3739997782953636,5,,,90.01,54.0,10^-16.4569,,,,,,,,,,,,,,,,,[988060],0
988060,1,988059,Anorthoa munda,"",eukaryota,false,,,,0.3739997782953636,5,,,90.01,54.0,10^-16.4569,,,,,,,,,,,,,,,,,,0
988055,2,988055,Allophyes,"",eukaryota,false,,,,0.3739997782953636,5,,,91.2944,43.0,10^-11.7387,,,,,,,,,,,,,,,,,[988056],0
988056,1,988055,Allophyes oxyacanthae,"",eukaryota,false,,,,0.3739997782953636,5,,,91.2944,43.0,10^-11.7387,,,,,,,,,,,,,,,,,,0
987474,2,987474,Charanyca,"",eukaryota,false,,,,0.44879973395443634,6,,,94.048,46.0,10^-15.561,,,,,,,,,,,,,,,,,[987475],0
987475,1,987474,Charanyca ferruginea,"",eukaryota,false,,,,0.44879973395443634,6,,,94.048,46.0,10^-15.561,,,,,,,,,,,,,,,,,,0
987465,2,987465,Shargacucullia,"",eukaryota,false,,,,0.22439986697721817,3,,,98.4847,42.0,10^-15.3623,,,,,,,,,,,,,,,,,[987469],0
987469,1,987465,Shargacucullia verbasci,"",eukaryota,false,,,,0.22439986697721817,3,,,98.4847,42.0,10^-15.3623,,,,,,,,,,,,,,,,,,0
987457,2,987457,Fissipunctia,"",eukaryota,false,,,,0.2991998226362909,4,,,88.4355,67.5,10^-23.2989,,,,,,,,,,,,,,,,,[987458],0
987458,1,987457,Fissipunctia ypsillon,"",eukaryota,false,,,,0.2991998226362909,4,,,88.4355,67.5,10^-23.2989,,,,,,,,,,,,,,,,,,0
987450,2,987450,Thalpophila,"",eukaryota,false,,,,0.2991998226362909,4,,,95.0,40.0,10^-12.1803,,,,,,,,,,,,,,,,,[987451],0
987451,1,987450,Thalpophila matura,"",eukaryota,false,,,,0.2991998226362909,4,,,95.0,40.0,10^-12.1803,,,,,,,,,,,,,,,,,,0
987448,2,987448,Ptilodon,"",eukaryota,false,,,,0.22439986697721817,3,,,89.0167,56.0,10^-17.5249,,,,,,,,,,,,,,,,,[987449],0
987449,1,987448,Ptilodon capucinus,"",eukaryota,false,,,,0.22439986697721817,3,,,89.0167,56.0,10^-17.5249,,,,,,,,,,,,,,,,,,0
946290,2,946290,Tholera,"",eukaryota,false,,,,0.8975994679088727,12,,,91.32,40.6667,10^-10.4601,,,,,,,,,,,,,,,,,[988041],0
988041,1,946290,Tholera decimalis,"",eukaryota,false,,,,0.8975994679088727,12,,,91.32,40.6667,10^-10.4601,,,,,,,,,,,,,,,,,,0
941096,2,941096,Trilocha,"",eukaryota,false,,,,0.14959991131814546,2,,,83.1555,80.5,10^-23.885,,,,,,,,,,,,,,,,,[941097],0
941097,1,941096,Trilocha varians,"",eukaryota,false,,,,0.14959991131814546,2,,,83.1555,80.5,10^-23.885,,,,,,,,,,,,,,,,,,0
940663,2,940663,Racocetra,"",eukaryota,false,,,,,,,,,,,,,,,,0.22439986697721817,3,,,76.8333,30.3333,10^-6.3449,,,,,[160502],0
160502,1,940663,Racocetra persica,"",eukaryota,false,,,,,,,,,,,,,,,,0.22439986697721817,3,,,76.8333,30.3333,10^-6.3449,,,,,,0
940661,2,940661,Cetraspora,"",eukaryota,false,,,,,,,,,,,,,,,,0.07479995565907273,1,,,54.5,33.0,10^-3.19247,,,,,[1433469],0
1433469,1,940661,Cetraspora pellucida,"",eukaryota,false,,,,,,,,,,,,,,,,0.07479995565907273,1,,,54.5,33.0,10^-3.19247,,,,,,0
938237,2,938237,Laspeyria,"",eukaryota,false,,,,0.5983996452725818,8,,,89.2206,60.5,10^-18.7187,,,,,,,,,,,,,,,,,[938238],0
938238,1,938237,Laspeyria flexula,"",eukaryota,false,,,,0.5983996452725818,8,,,89.2206,60.5,10^-18.7187,,,,,,,,,,,,,,,,,,0
938225,2,938225,Craniophora,"",eukaryota,false,,,,0.07479995565907273,1,,,94.565,92.0,10^-43.3831,,,,,,,,,,,,,,,,,[938226],0
938226,1,938225,Craniophora ligustri,"",eukaryota,false,,,,0.07479995565907273,1,,,94.565,92.0,10^-43.3831,,,,,,,,,,,,,,,,,,0
934944,2,934944,Lampropteryx,"",eukaryota,false,,,,0.22439986697721817,3,,,92.8437,42.6667,10^-12.6137,,,,,,,,,,,,,,,,,[934945],0
934945,1,934944,Lampropteryx suffumata,"",eukaryota,false,,,,0.22439986697721817,3,,,92.8437,42.6667,10^-12.6137,,,,,,,,,,,,,,,,,,0
934941,2,934941,Hemistola,"",eukaryota,false,,,,1.4211991575223817,19,,,95.9132,40.5789,10^-12.6483,,,,,,,,,,,,,,,,,[934942],0
934942,1,934941,Hemistola chrysoprasaria,"",eukaryota,false,,,,1.4211991575223817,19,,,95.9132,40.5789,10^-12.6483,,,,,,,,,,,,,,,,,,0
934939,2,934939,Gymnoscelis,"",eukaryota,false,,,,0.9723994235679454,13,,,88.7437,64.9091,10^-21.4756,,,,,,,,,,,,,,,,,[934940],0
934940,1,934939,Gymnoscelis rufifasciata,"",eukaryota,false,,,,0.9723994235679454,13,,,88.7437,64.9091,10^-21.4756,,,,,,,,,,,,,,,,,,0
934935,2,934935,Electrophaes,"",eukaryota,false,,,,0.5235996896135091,7,,,91.6281,55.7143,10^-19.1257,,,,,,,,,,,,,,,,,[934936],0
934936,1,934935,Electrophaes corylata,"",eukaryota,false,,,,0.5235996896135091,7,,,91.6281,55.7143,10^-19.1257,,,,,,,,,,,,,,,,,,0
934928,2,934928,Colostygia,"",eukaryota,false,,,,0.14959991131814546,2,,,90.13,61.0,10^-20.2615,,,,,,,,,,,,,,,,,[934931],0
934931,1,934928,Colostygia pectinataria,"",eukaryota,false,,,,0.14959991131814546,2,,,90.13,61.0,10^-20.2615,,,,,,,,,,,,,,,,,,0
934924,2,934924,Chesias,"",eukaryota,false,,,,0.14959991131814546,2,,,89.1405,52.0,10^-15.5072,,,,,,,,,,,,,,,,,[934925],0
934925,1,934924,Chesias legatella,"",eukaryota,false,,,,0.14959991131814546,2,,,89.1405,52.0,10^-15.5072,,,,,,,,,,,,,,,,,,0
934916,2,934916,Aplocera,"",eukaryota,false,,,,0.2991998226362909,4,,,86.1035,69.5,10^-21.9028,,,,,,,,,,,,,,,,,[934917],0
934917,1,934916,Aplocera efformata,"",eukaryota,false,,,,0.2991998226362909,4,,,86.1035,69.5,10^-21.9028,,,,,,,,,,,,,,,,,,0
934914,2,934914,Apeira,"",eukaryota,false,,,,0.07479995565907273,1,,,89.189,37.0,10^-7.41084,,,,,,,,,,,,,,,,,[934915],0
934915,1,934914,Apeira syringaria,"",eukaryota,false,,,,0.07479995565907273,1,,,89.189,37.0,10^-7.41084,,,,,,,,,,,,,,,,,,0
934907,2,934907,Camptogramma,"",eukaryota,false,,,,0.6731996009316545,9,,,92.3114,60.3333,10^-21.1108,,,,,,,,,,,,,,,,,[934908],0
934908,1,934907,Camptogramma bilineatum,"",eukaryota,false,,,,0.6731996009316545,9,,,92.3114,60.3333,10^-21.1108,,,,,,,,,,,,,,,,,,0
931517,2,931517,Microchrysa,"",eukaryota,false,,,,2.0195988027949636,27,,,89.75,62.9615,10^-21.4269,,,,,,,,,,,,,,,,,[931518],0
931518,1,931517,Microchrysa polita,"",eukaryota,false,,,,2.0195988027949636,27,,,89.75,62.9615,10^-21.4269,,,,,,,,,,,,,,,,,,0
929260,2,929260,Saigusaia,"",eukaryota,false,,,,,,,,,,,,,,,,0.07479995565907273,1,,,90.9,22.0,10^-3.31876,,,,,[929261],0
929261,1,929260,Saigusaia flaviventris,"",eukaryota,false,,,,,,,,,,,,,,,,0.07479995565907273,1,,,90.9,22.0,10^-3.31876,,,,,,0
928819,2,928819,Brachyrhynchus,"",eukaryota,false,,,,0.07479995565907273,1,,,100.0,76.0,10^-39.3489,,,,,,,,,,,,,,,,,[1452780],0
1452780,1,928819,Brachyrhynchus triangulus,"",eukaryota,false,,,,0.07479995565907273,1,,,100.0,76.0,10^-39.3489,,,,,,,,,,,,,,,,,,0
904113,2,904113,Lypha,"",eukaryota,false,,,,0.2991998226362909,4,,,91.8702,53.75,10^-17.7278,,,,,,,,,,,,,,,,,[1776473],0
1776473,1,904113,Lypha dubia,"",eukaryota,false,,,,0.2991998226362909,4,,,91.8702,53.75,10^-17.7278,,,,,,,,,,,,,,,,,,0
891916,2,891916,Notocladius,"",eukaryota,false,,,,0.07479995565907273,1,,,100.0,60.0,10^-28.4726,,,,,,,,,,,,,,,,,[891917],0
891917,1,891916,Notocladius sp. 2 SRM-2010,"",eukaryota,false,,,,0.07479995565907273,1,,,100.0,60.0,10^-28.4726,,,,,,,,,,,,,,,,,,0
889755,2,889755,Peroneutypa,"",eukaryota,false,,,,0.07479995565907273,1,,,100.0,101.0,10^-56.3801,,,,,,,,,,,,,,,,,[1736665],0
1736665,1,889755,Peroneutypa scoparia,"",eukaryota,false,,,,0.07479995565907273,1,,,100.0,101.0,10^-56.3801,,,,,,,,,,,,,,,,,,0
882791,2,882791,Luperina,"",eukaryota,false,,,,0.3739997782953636,5,,,94.891,39.2,10^-11.6404,,,,,,,,,,,,,,,,,[988174],0
988174,1,882791,Luperina testacea,"",eukaryota,false,,,,0.3739997782953636,5,,,94.891,39.2,10^-11.6404,,,,,,,,,,,,,,,,,,0
880756,2,880756,Fistulifera,"",eukaryota,false,,,,0.6731996009316545,9,,,84.8539,62.7778,10^-16.6489,,,,,,,,,,,,,,,,,[1519565],0
1519565,1,880756,Fistulifera solaris,"",eukaryota,false,,,,0.6731996009316545,9,,,84.8539,62.7778,10^-16.6489,,,,,,,,,,,,,,,,,,0
877559,2,877559,Thecamonas,"",eukaryota,false,,,,0.07479995565907273,1,,,97.297,37.0,10^-11.528,,,,,,,,,,,,,,,,,[529818],0
529818,1,877559,Thecamonas trahens,"",eukaryota,false,,,,0.07479995565907273,1,,,97.297,37.0,10^-11.528,,,,,,,,,,,,,,,,,,0
875923,2,875923,Hoplodrina,"",eukaryota,false,,,,0.44879973395443634,6,,,91.3933,47.3333,10^-14.1805,,,,,,,,,,,,,,,,,"[987956, 875924]",0
987956,1,875923,Hoplodrina blanda,"",eukaryota,false,,,,0.2991998226362909,4,,,90.3288,51.75,10^-16.03,,,,,,,,,,,,,,,,,,0
875924,1,875923,Hoplodrina ambigua,"",eukaryota,false,,,,0.14959991131814546,2,,,93.5225,38.5,10^-10.4815,,,,,,,,,,,,,,,,,,0
875720,2,875720,Bolitogyrus,"",eukaryota,false,,,,,,,,,,,,,,,,0.07479995565907273,1,,,97.0,33.0,10^-13.5654,,,,,[1662519],0
1662519,1,875720,Bolitogyrus flavus,"",eukaryota,false,,,,,,,,,,,,,,,,0.07479995565907273,1,,,97.0,33.0,10^-13.5654,,,,,,0
875170,2,875170,Celeribacter,"",bacteria,false,,,,0.07479995565907273,1,,,97.03,101.0,10^-52.2629,,,,,,,,,,,,,,,,,[875171],0
875171,1,875170,Celeribacter baekdonensis,"",bacteria,false,,,,0.07479995565907273,1,,,97.03,101.0,10^-52.2629,,,,,,,,,,,,,,,,,,0
873511,2,873511,Philereme,"",eukaryota,false,,,,0.22439986697721817,3,,,88.142,67.6667,10^-21.8156,,,,,,,,,,,,,,,,,[934888],0
934888,1,873511,Philereme vetulata,"",eukaryota,false,,,,0.22439986697721817,3,,,88.142,67.6667,10^-21.8156,,,,,,,,,,,,,,,,,,0
868094,2,868094,Alitta,"",eukaryota,false,,,,0.8975994679088727,12,,,91.2915,42.3333,10^-11.4716,,,,,,,,,,,,,,,,,[880429],0
880429,1,868094,Alitta virens,"",eukaryota,false,,,,0.8975994679088727,12,,,91.2915,42.3333,10^-11.4716,,,,,,,,,,,,,,,,,,0
866547,2,866547,Guyanagaster,"",eukaryota,false,,,,,,,,,,,,,,,,0.07479995565907273,1,,,56.7,30.0,10^-3.27084,,,,,[856835],0
856835,1,866547,Guyanagaster necrorhizus,"",eukaryota,false,,,,,,,,,,,,,,,,0.07479995565907273,1,,,56.7,30.0,10^-3.27084,,,,,,0
863979,2,863979,Fissiphallius,"",eukaryota,false,,,,0.07479995565907273,1,,,92.308,65.0,10^-25.0069,,,,,,,,,,,,,,,,,[1137389],0
1137389,1,863979,Fissiphallius sp. DNA105266,"",eukaryota,false,,,,0.07479995565907273,1,,,92.308,65.0,10^-25.0069,,,,,,,,,,,,,,,,,,0
798378,2,798378,Baetkia,"",eukaryota,false,,,,,,,,,,,,,,,,0.07479995565907273,1,,,95.5,22.0,10^-3.01909,,,,,[798379],0
798379,1,798378,Baetkia compressa,"",eukaryota,false,,,,,,,,,,,,,,,,0.07479995565907273,1,,,95.5,22.0,10^-3.01909,,,,,,0
768134,2,768134,Scolotydaeus,"",eukaryota,false,,,,0.07479995565907273,1,,,94.595,37.0,10^-10.1556,,,,,,,,,,,,,,,,,[2421365],0
2421365,1,768134,Scolotydaeus uralensis,"",eukaryota,false,,,,0.07479995565907273,1,,,94.595,37.0,10^-10.1556,,,,,,,,,,,,,,,,,,0
766733,2,766733,Scheffersomyces,"",eukaryota,false,,,,0.14959991131814546,2,,,85.0,40.0,10^-6.6908,,,,,,,,,,,,,,,,,[4924],0
4924,1,766733,Scheffersomyces stipitis,"",eukaryota,false,,,,0.14959991131814546,2,,,85.0,40.0,10^-6.6908,,,,,,,,,,,,,,,,,,0
765870,2,765870,Stemonitopsis,"",eukaryota,false,,,,0.07479995565907273,1,,,99.01,101.0,10^-55.0077,,,,,,,,,,,,,,,,,[2760900],0
2760900,1,765870,Stemonitopsis sp.,"",eukaryota,false,,,,0.07479995565907273,1,,,99.01,101.0,10^-55.0077,,,,,,,,,,,,,,,,,,0
762551,2,762551,Jejuia,"",bacteria,false,,,,,,,,,,,,,,,,0.07479995565907273,1,,,72.4,29.0,10^-5.30452,,,,,[504487],0
504487,1,762551,Jejuia pallidilutea,"",bacteria,false,,,,,,,,,,,,,,,,0.07479995565907273,1,,,72.4,29.0,10^-5.30452,,,,,,0
756023,2,756023,Xylogone,"",eukaryota,false,,,,,,,,,,,,,,,,0.07479995565907273,1,,,84.0,25.0,10^-6.8041,,,,,[2614602],0
2614602,1,756023,Xylogone sp. PMI_703,"",eukaryota,false,,,,,,,,,,,,,,,,0.07479995565907273,1,,,84.0,25.0,10^-6.8041,,,,,,0
753482,2,753482,Achlya,"",eukaryota,false,,,,0.14959991131814546,2,,,87.187,59.0,10^-16.8473,,,,,,,,,,,,,,,,,[753485],0
753485,1,753482,Achlya flavicornis,"",eukaryota,false,,,,0.14959991131814546,2,,,87.187,59.0,10^-16.8473,,,,,,,,,,,,,,,,,,0
753440,2,753440,Trisateles,"",eukaryota,false,,,,8.302795078157072,111,1,109,92.8356,55.8108,10^-10.68,,,,,,,,,,,,,,,,,[753441],0
753441,1,753440,Trisateles emortualis,"",eukaryota,false,,,,8.302795078157072,111,1,109,92.8356,55.8108,10^-10.68,,,,,,,,,,,,,,,,,,0
753424,2,753424,Stenoptilia,"",eukaryota,false,,,,0.3739997782953636,5,,,89.9624,56.2,10^-18.2193,,,,,,,,,,,,,,,,,[1660692],0
1660692,1,753424,Stenoptilia bipunctidactyla,"",eukaryota,false,,,,0.3739997782953636,5,,,89.9624,56.2,10^-18.2193,,,,,,,,,,,,,,,,,,0
753416,2,753416,Pseudoips,"",eukaryota,false,,,,0.22439986697721817,3,,,90.4927,56.0,10^-17.0909,,,,,,,,,,,,,,,,,[2758353],0
2758353,1,753416,Pseudoips prasinana,"",eukaryota,false,,,,0.22439986697721817,3,,,90.4927,56.0,10^-17.0909,,,,,,,,,,,,,,,,,,0
753374,2,753374,Nematopogon,"",eukaryota,false,,,,1.1219993348860908,15,,,90.6872,53.4,10^-16.6071,,,,,,,,,,,,,,,,,[753375],0
753375,1,753374,Nematopogon swammerdamellus,"",eukaryota,false,,,,1.1219993348860908,15,,,90.6872,53.4,10^-16.6071,,,,,,,,,,,,,,,,,,0
753370,2,753370,Musotima,"",eukaryota,false,,,,1.1219993348860908,15,1,11,94.6039,46.4667,10^-10.4769,,,,,,,,,,,,,,,,,[753371],0
753371,1,753370,Musotima nitidalis,"",eukaryota,false,,,,1.1219993348860908,15,1,11,94.6039,46.4667,10^-10.4769,,,,,,,,,,,,,,,,,,0
749461,2,749461,Boeremia,"",eukaryota,false,,,,0.14959991131814546,2,,,87.692,65.0,10^-20.8898,,,,,,,,,,,,,,,,,[749465],0
749465,1,749461,Boeremia exigua,"",eukaryota,false,,,,0.14959991131814546,2,,,87.692,65.0,10^-20.8898,,,,,,,,,,,,,,,,,,0
748770,2,748770,Dolichospermum,"",bacteria,false,,,,0.07479995565907273,1,,,87.755,49.0,10^-12.7783,,,,,,0.07479995565907273,1,,,77.4,31.0,10^-5.84164,,,,,"[2529119, 136072]",0
2529119,1,748770,Dolichospermum sp. DET69,"",bacteria,false,,,,0.07479995565907273,1,,,87.755,49.0,10^-12.7783,,,,,,,,,,,,,,,,,,0
136072,1,748770,Dolichospermum planctonicum,"",bacteria,false,,,,,,,,,,,,,,,,0.07479995565907273,1,,,77.4,31.0,10^-5.84164,,,,,,0
746723,2,746723,Lepicerus,"",eukaryota,false,,,,,,,,,,,,,,,,0.07479995565907273,1,,,100.0,30.0,10^-13.9508,,,,,[1605595],0
1605595,1,746723,Lepicerus sp. DDM-2015,"",eukaryota,false,,,,,,,,,,,,,,,,0.07479995565907273,1,,,100.0,30.0,10^-13.9508,,,,,,0
743714,2,743714,Orbus,"",bacteria,false,,,,0.14959991131814546,2,,,100.0,100.0,10^-55.6982,,,,,,,,,,,,,,,,,[1173622],0
1173622,1,743714,uncultured Orbus sp.,"",bacteria,false,,,,0.14959991131814546,2,,,100.0,100.0,10^-55.6982,,,,,,,,,,,,,,,,,,0
741759,2,741759,Tomitella,"",bacteria,false,,,,0.14959991131814546,2,,,91.304,46.0,10^-13.492,,,,,,,,,,,,,,,,,[2597660],0
2597660,1,741759,Tomitella fengzijianii,"",bacteria,false,,,,0.14959991131814546,2,,,91.304,46.0,10^-13.492,,,,,,,,,,,,,,,,,,0
741162,2,741162,Lindgomyces,"",eukaryota,false,,,,,,,,,,,,,,,,0.14959991131814546,2,,,60.0,30.0,10^-3.88941,,,,,[673940],0
673940,1,741162,Lindgomyces ingoldianus,"",eukaryota,false,,,,,,,,,,,,,,,,0.14959991131814546,2,,,60.0,30.0,10^-3.88941,,,,,,0
723528,2,723528,Polypocephalus,"",eukaryota,false,,,,0.14959991131814546,2,,,100.0,50.5,10^-22.0293,,,,,,,,,,,,,,,,,[1403092],0
1403092,1,723528,Polypocephalus sp. 2 AW-2013,"",eukaryota,false,,,,0.14959991131814546,2,,,100.0,50.5,10^-22.0293,,,,,,,,,,,,,,,,,,0
722672,2,722672,Hylaea,"",eukaryota,false,,,,0.22439986697721817,3,,,89.3683,62.6667,10^-20.6974,,,,,,,,,,,,,,,,,[722673],0
722673,1,722672,Hylaea fasciaria,"",eukaryota,false,,,,0.22439986697721817,3,,,89.3683,62.6667,10^-20.6974,,,,,,,,,,,,,,,,,,0
721912,2,721912,Xanthia,"",eukaryota,false,,,,0.5983996452725818,8,1,6,81.5545,119.25,10^-17.0646,,,,,,,,,,,,,,,,,[987434],0
987434,1,721912,Xanthia icteritia,"",eukaryota,false,,,,0.5983996452725818,8,1,6,81.5545,119.25,10^-17.0646,,,,,,,,,,,,,,,,,,0
721905,2,721905,Lycophotia,"",eukaryota,false,,,,0.07479995565907273,1,,,100.0,36.0,10^-12.226,,,,,,,,,,,,,,,,,[987975],0
987975,1,721905,Lycophotia porphyrea,"",eukaryota,false,,,,0.07479995565907273,1,,,100.0,36.0,10^-12.226,,,,,,,,,,,,,,,,,,0
721172,2,721172,Tetheella,"",eukaryota,false,,,,0.44879973395443634,6,,,87.2917,54.3333,10^-15.4933,,,,,,,,,,,,,,,,,[721173],0
721173,1,721172,Tetheella fluctuosa,"",eukaryota,false,,,,0.44879973395443634,6,,,87.2917,54.3333,10^-15.4933,,,,,,,,,,,,,,,,,,0
721164,2,721164,Watsonalla,"",eukaryota,false,,,,0.8227995122498,11,,,88.6809,68.2222,10^-23.3926,,,,,,,,,,,,,,,,,[721165],0
721165,1,721164,Watsonalla binaria,"",eukaryota,false,,,,0.8227995122498,11,,,88.6809,68.2222,10^-23.3926,,,,,,,,,,,,,,,,,,0
721162,2,721162,Thyatira,"",eukaryota,false,,,,3.1415981376810542,42,2,34,86.2502,74.2619,10^-10.6964,,,,,,,,,,,,,,,,,[721163],0
721163,1,721162,Thyatira batis,"",eukaryota,false,,,,3.1415981376810542,42,2,34,86.2502,74.2619,10^-10.6964,,,,,,,,,,,,,,,,,,0
721155,2,721155,Ochropacha,"",eukaryota,false,,,,0.22439986697721817,3,,,88.237,89.6667,10^-34.018,,,,,,,,,,,,,,,,,[721156],0
721156,1,721155,Ochropacha duplaris,"",eukaryota,false,,,,0.22439986697721817,3,,,88.237,89.6667,10^-34.018,,,,,,,,,,,,,,,,,,0
721131,2,721131,Neoflabelliforma,"",eukaryota,false,,,,4.637597250862509,62,1,62,83.486,109.0,10^-14.5751,,,,,,,,,,,,,,,,,[2995657],0
2995657,1,721131,Neoflabelliforma dubium,"",eukaryota,false,,,,4.637597250862509,62,1,62,83.486,109.0,10^-14.5751,,,,,,,,,,,,,,,,,,0
710235,2,710235,Nylanderia,"",eukaryota,false,,,,0.22439986697721817,3,,,84.3357,67.3333,10^-17.9198,,,,,,0.44879973395443634,6,,,71.6667,30.8333,10^-6.27592,,,,,[613905],0
613905,1,710235,Nylanderia fulva,"",eukaryota,false,,,,0.22439986697721817,3,,,84.3357,67.3333,10^-17.9198,,,,,,0.44879973395443634,6,,,71.6667,30.8333,10^-6.27592,,,,,,0
708062,2,708062,Protodeltote,"",eukaryota,false,,,,0.5235996896135091,7,,,86.5983,51.7143,10^-13.6533,,,,,,,,,,,,,,,,,[708063],0
708063,1,708062,Protodeltote pygarga,"",eukaryota,false,,,,0.5235996896135091,7,,,86.5983,51.7143,10^-13.6533,,,,,,,,,,,,,,,,,,0
705937,2,705937,Herminia,"",eukaryota,false,,,,0.2991998226362909,4,,,89.706,60.25,10^-19.0633,,,,,,,,,,,,,,,,,[987440],0
987440,1,705937,Herminia tarsipennalis,"",eukaryota,false,,,,0.2991998226362909,4,,,89.706,60.25,10^-19.0633,,,,,,,,,,,,,,,,,,0
705906,2,705906,Terenthina,"",eukaryota,false,,,,,,,,,,,,,,,,0.07479995565907273,1,,,96.2,26.0,10^-4.31158,,,,,[2820624],0
2820624,1,705906,Terenthina terentia,"",eukaryota,false,,,,,,,,,,,,,,,,0.07479995565907273,1,,,96.2,26.0,10^-4.31158,,,,,,0
705903,2,705903,Strephonota,"",eukaryota,false,,,,0.07479995565907273,1,,,83.75,80.0,10^-24.2306,,,,,,,,,,,,,,,,,[2820618],0
2820618,1,705903,Strephonota elika,"",eukaryota,false,,,,0.07479995565907273,1,,,83.75,80.0,10^-24.2306,,,,,,,,,,,,,,,,,,0
705899,2,705899,Rhamma,"",eukaryota,false,,,,0.07479995565907273,1,,,87.129,101.0,10^-38.5392,,,,,,,,,,,,,,,,,[2820613],0
2820613,1,705899,Rhamma commodus,"",eukaryota,false,,,,0.07479995565907273,1,,,87.129,101.0,10^-38.5392,,,,,,,,,,,,,,,,,,0
705898,2,705898,Rekoa,"",eukaryota,false,,,,,,,,,,,,,,,,0.07479995565907273,1,,,94.7,19.0,10^-3.70333,,,,,[709189],0
709189,1,705898,Rekoa meton,"",eukaryota,false,,,,,,,,,,,,,,,,0.07479995565907273,1,,,94.7,19.0,10^-3.70333,,,,,,0
705896,2,705896,Porthecla,"",eukaryota,false,,,,,,,,,,,,,,,,0.07479995565907273,1,,,100.0,32.0,10^-11.8761,,,,,[1914927],0
1914927,1,705896,Porthecla porthura,"",eukaryota,false,,,,,,,,,,,,,,,,0.07479995565907273,1,,,100.0,32.0,10^-11.8761,,,,,,0
705890,2,705890,Ostrinotes,"",eukaryota,false,,,,,,,,,,,,,,,,0.07479995565907273,1,,,100.0,33.0,10^-16.7352,,,,,[2820606],0
2820606,1,705890,Ostrinotes sophocles,"",eukaryota,false,,,,,,,,,,,,,,,,0.07479995565907273,1,,,100.0,33.0,10^-16.7352,,,,,,0
705888,2,705888,Ocaria,"",eukaryota,false,,,,,,,,,,,,,,,,0.07479995565907273,1,,,96.2,26.0,10^-4.31158,,,,,[709167],0
709167,1,705888,Ocaria ocrisia,"",eukaryota,false,,,,,,,,,,,,,,,,0.07479995565907273,1,,,96.2,26.0,10^-4.31158,,,,,,0
705879,2,705879,Laothus,"",eukaryota,false,,,,,,,,,,,,,,,,0.07479995565907273,1,,,94.7,19.0,10^-3.77211,,,,,[709150],0
709150,1,705879,Laothus barajo,"",eukaryota,false,,,,,,,,,,,,,,,,0.07479995565907273,1,,,94.7,19.0,10^-3.77211,,,,,,0
705872,2,705872,Iaspis,"",eukaryota,false,,,,,,,,,,,,,,,,0.07479995565907273,1,,,100.0,33.0,10^-13.1096,,,,,[2820579],0
2820579,1,705872,Iaspis temesa,"",eukaryota,false,,,,,,,,,,,,,,,,0.07479995565907273,1,,,100.0,33.0,10^-13.1096,,,,,,0
705868,2,705868,Eumaeus,"",eukaryota,false,,,,,,,,,,,,,,,,0.14959991131814546,2,,,100.0,33.0,10^-11.9205,,,,,[2806750],0
2806750,1,705868,Eumaeus minyas,"",eukaryota,false,,,,,,,,,,,,,,,,0.14959991131814546,2,,,100.0,33.0,10^-11.9205,,,,,,0
705865,2,705865,Electrostrymon,"",eukaryota,false,,,,,,,,,,,,,,,,0.14959991131814546,2,,,100.0,30.0,10^-10.7296,,,,,[2820569],0
2820569,1,705865,Electrostrymon angerona,"",eukaryota,false,,,,,,,,,,,,,,,,0.14959991131814546,2,,,100.0,30.0,10^-10.7296,,,,,,0
705861,2,705861,Chlorostrymon,"",eukaryota,false,,,,,,,,,,,,,,,,0.07479995565907273,1,,,97.0,33.0,10^-15.8633,,,,,[2049079],0
2049079,1,705861,Chlorostrymon simaethis,"",eukaryota,false,,,,,,,,,,,,,,,,0.07479995565907273,1,,,97.0,33.0,10^-15.8633,,,,,,0
705851,2,705851,Atlides,"",eukaryota,false,,,,,,,,,,,,,,,,0.07479995565907273,1,,,100.0,33.0,10^-13.1805,,,,,[2752843],0
2752843,1,705851,Atlides halesus,"",eukaryota,false,,,,,,,,,,,,,,,,0.07479995565907273,1,,,100.0,33.0,10^-13.1805,,,,,,0
705838,2,705838,Tmolus,"",eukaryota,false,,,,,,,,,,,,,,,,0.07479995565907273,1,,,97.0,33.0,10^-16.8297,,,,,[2754014],0
2754014,1,705838,Tmolus echion,"",eukaryota,false,,,,,,,,,,,,,,,,0.07479995565907273,1,,,97.0,33.0,10^-16.8297,,,,,,0
705835,2,705835,Theritas,"",eukaryota,false,,,,,,,,,,,,,,,,0.14959991131814546,2,,,100.0,30.0,10^-12.1524,,,,,[2820631],0
2820631,1,705835,Theritas triquetra,"",eukaryota,false,,,,,,,,,,,,,,,,0.14959991131814546,2,,,100.0,30.0,10^-12.1524,,,,,,0
705792,2,705792,Ministrymon,"",eukaryota,false,,,,0.07479995565907273,1,,,91.176,68.0,10^-25.6735,,,,,,0.14959991131814546,2,,,100.0,29.0,10^-10.3777,,,,,[2680713],0
2680713,1,705792,Ministrymon leda,"",eukaryota,false,,,,0.07479995565907273,1,,,91.176,68.0,10^-25.6735,,,,,,0.14959991131814546,2,,,100.0,29.0,10^-10.3777,,,,,,0
705769,2,705769,Evenus,"",eukaryota,false,,,,,,,,,,,,,,,,0.07479995565907273,1,,,100.0,25.0,10^-7.56543,,,,,[1140814],0
1140814,1,705769,Evenus regalis,regal hairstreak,eukaryota,false,,,,,,,,,,,,,,,,0.07479995565907273,1,,,100.0,25.0,10^-7.56543,,,,,,0
705752,2,705752,Arawacus,"",eukaryota,false,,,,,,,,,,,,,,,,0.07479995565907273,1,,,100.0,27.0,10^-8.34969,,,,,[2820545],0
2820545,1,705752,Arawacus aetolus,"",eukaryota,false,,,,,,,,,,,,,,,,0.07479995565907273,1,,,100.0,27.0,10^-8.34969,,,,,,0
704902,2,704902,Xylopteryx,"",eukaryota,false,,,,0.07479995565907273,1,,,95.918,49.0,10^-16.8954,,,,,,,,,,,,,,,,,[2995019],0
2995019,1,704902,Xylopteryx protearia,"",eukaryota,false,,,,0.07479995565907273,1,,,95.918,49.0,10^-16.8954,,,,,,,,,,,,,,,,,,0
704816,2,704816,Opisthograptis,"",eukaryota,false,,,,0.07479995565907273,1,,,90.769,65.0,10^-23.6346,,,,,,,,,,,,,,,,,[934882],0
934882,1,704816,Opisthograptis luteolata,"",eukaryota,false,,,,0.07479995565907273,1,,,90.769,65.0,10^-23.6346,,,,,,,,,,,,,,,,,,0
704699,2,704699,Crocallis,"",eukaryota,false,,,,0.22439986697721817,3,,,88.359,37.3333,10^-7.17825,,,,,,,,,,,,,,,,,[934829],0
934829,1,704699,Crocallis elinguaria,"",eukaryota,false,,,,0.22439986697721817,3,,,88.359,37.3333,10^-7.17825,,,,,,,,,,,,,,,,,,0
704093,2,704093,Anaerobacillus,"",bacteria,false,,,,,,,,,,,,,,,,0.07479995565907273,1,,,78.8,33.0,10^-6.83863,,,,,[472963],0
472963,1,704093,Anaerobacillus alkalidiazotrophicus,"",bacteria,false,,,,,,,,,,,,,,,,0.07479995565907273,1,,,78.8,33.0,10^-6.83863,,,,,,0
702716,2,702716,Tuta,"",eukaryota,false,,,,,,,,,,,,,,,,1.346399201863309,18,1,12,73.6169,83.9375,10^-33.2069,,,,,[702717],0
702717,1,702716,Tuta absoluta,"",eukaryota,false,,,,,,,,,,,,,,,,1.346399201863309,18,1,12,73.6169,83.9375,10^-33.2069,,,,,,0
699896,2,699896,Brachysetodes,"",eukaryota,false,,,,,,,,,,,,,,,,0.07479995565907273,1,,,100.0,32.0,10^-13.6289,,,,,[699897],0
699897,1,699896,Brachysetodes bifurcatus,"",eukaryota,false,,,,,,,,,,,,,,,,0.07479995565907273,1,,,100.0,32.0,10^-13.6289,,,,,,0
697304,2,697304,Paramacrobiotus,"",eukaryota,false,,,,0.2991998226362909,4,,,89.9737,54.75,10^-16.6855,,,,,,0.07479995565907273,1,,,84.0,25.0,10^-6.17199,,,,,[2943436],0
2943436,1,697304,Paramacrobiotus metropolitanus,"",eukaryota,false,,,,0.2991998226362909,4,,,89.9737,54.75,10^-16.6855,,,,,,0.07479995565907273,1,,,84.0,25.0,10^-6.17199,,,,,,0
695183,2,695183,Spilarctia,"",eukaryota,false,,,,0.07479995565907273,1,,,90.909,55.0,10^-18.2176,,,,,,,,,,,,,,,,,[875881],0
875881,1,695183,Spilarctia lutea,"",eukaryota,false,,,,0.07479995565907273,1,,,90.909,55.0,10^-18.2176,,,,,,,,,,,,,,,,,,0
695181,2,695181,Diaphora,"",eukaryota,false,,,,0.07479995565907273,1,,,89.091,55.0,10^-16.8453,,,,,,,,,,,,,,,,,[987922],0
987922,1,695181,Diaphora mendica,"",eukaryota,false,,,,0.07479995565907273,1,,,89.091,55.0,10^-16.8453,,,,,,,,,,,,,,,,,,0
695099,2,695099,Callimorpha,"",eukaryota,false,,,,0.5235996896135091,7,,,91.0757,39.2857,10^-9.73888,,,,,,,,,,,,,,,,,[938182],0
938182,1,695099,Callimorpha dominula,"",eukaryota,false,,,,0.5235996896135091,7,,,91.0757,39.2857,10^-9.73888,,,,,,,,,,,,,,,,,,0
694848,2,694848,Cybosia,"",eukaryota,false,,,,0.3739997782953636,5,,,84.6928,62.8,10^-17.1996,,,,,,,,,,,,,,,,,[987918],0
987918,1,694848,Cybosia mesomella,"",eukaryota,false,,,,0.3739997782953636,5,,,84.6928,62.8,10^-17.1996,,,,,,,,,,,,,,,,,,0
694657,2,694657,Miltochrista,"",eukaryota,false,,,,0.3739997782953636,5,,,88.5902,69.2,10^-23.4915,,,,,,,,,,,,,,,,,[987980],0
987980,1,694657,Miltochrista miniata,"",eukaryota,false,,,,0.3739997782953636,5,,,88.5902,69.2,10^-23.4915,,,,,,,,,,,,,,,,,,0
694646,2,694646,Thumatha,"",eukaryota,false,,,,0.44879973395443634,6,,,91.6745,47.0,10^-14.401,,,,,,,,,,,,,,,,,[997290],0
997290,1,694646,Thumatha senex,"",eukaryota,false,,,,0.44879973395443634,6,,,91.6745,47.0,10^-14.401,,,,,,,,,,,,,,,,,,0
694002,2,694002,Betacoronavirus,"",viruses,false,,,,0.07479995565907273,1,,,97.222,36.0,10^-10.8537,,,,,,,,,,,,,,,,,[694009],1
694009,1,694002,Severe acute respiratory syndrome-related coronavirus,"",viruses,false,,,,0.07479995565907273,1,,,97.222,36.0,10^-10.8537,,,,,,,,,,,,,,,,,,1
692034,2,692034,Ligdia,"",eukaryota,false,,,,0.3739997782953636,5,,,87.403,46.6,10^-10.887,,,,,,,,,,,,,,,,,[934875],0
934875,1,692034,Ligdia adustata,"",eukaryota,false,,,,0.3739997782953636,5,,,87.403,46.6,10^-10.887,,,,,,,,,,,,,,,,,,0
691684,2,691684,Zelleria,"",eukaryota,false,,,,0.22439986697721817,3,,,94.4747,43.6667,10^-13.7496,,,,,,,,,,,,,,,,,[1594360],0
1594360,1,691684,Zelleria hepariella,"",eukaryota,false,,,,0.22439986697721817,3,,,94.4747,43.6667,10^-13.7496,,,,,,,,,,,,,,,,,,0
689302,2,689302,Agrochola,"",eukaryota,false,,,,1.7203989801586728,23,,,91.247,43.1429,10^-11.6372,,,,,,,,,,,,,,,,,"[987872, 987870, 987869, 987866]",0
987872,1,689302,Agrochola macilenta,"",eukaryota,false,,,,0.6731996009316545,9,,,88.4153,38.2222,10^-7.47437,,,,,,,,,,,,,,,,,,0
987870,1,689302,Agrochola lota,"",eukaryota,false,,,,0.07479995565907273,1,,,84.158,101.0,10^-34.4221,,,,,,,,,,,,,,,,,,0
987869,1,689302,Agrochola litura,"",eukaryota,false,,,,0.7479995565907273,10,,,93.6046,42.125,10^-12.759,,,,,,,,,,,,,,,,,,0
987866,1,689302,Agrochola circellaris,"",eukaryota,false,,,,0.22439986697721817,3,,,95.8177,41.3333,10^-13.5391,,,,,,,,,,,,,,,,,,0
689300,2,689300,Petrophora,"",eukaryota,false,,,,0.2991998226362909,4,,,90.2765,45.0,10^-11.8008,,,,,,,,,,,,,,,,,[875879],0
875879,1,689300,Petrophora chlorosata,"",eukaryota,false,,,,0.2991998226362909,4,,,90.2765,45.0,10^-11.8008,,,,,,,,,,,,,,,,,,0
689152,2,689152,Anticlea,"",eukaryota,false,,,,0.2991998226362909,4,,,88.9098,46.75,10^-11.9499,,,,,,,,,,,,,,,,,[934824],0
934824,1,689152,Anticlea derivata,"",eukaryota,false,,,,0.2991998226362909,4,,,88.9098,46.75,10^-11.9499,,,,,,,,,,,,,,,,,,0
688988,2,688988,Esperia,"",eukaryota,false,,,,0.44879973395443634,6,,,89.097,47.8333,10^-12.911,,,,,,,,,,,,,,,,,[2870497],0
2870497,1,688988,Esperia sulphurella,"",eukaryota,false,,,,0.44879973395443634,6,,,89.097,47.8333,10^-12.911,,,,,,,,,,,,,,,,,,0
688980,2,688980,Metalampra,"",eukaryota,false,,,,0.07479995565907273,1,,,94.444,36.0,10^-9.48129,,,,,,,,,,,,,,,,,[1101017],0
1101017,1,688980,Metalampra italica,"",eukaryota,false,,,,0.07479995565907273,1,,,94.444,36.0,10^-9.48129,,,,,,,,,,,,,,,,,,0
688414,2,688414,Leucoma,"",eukaryota,false,,,,0.2991998226362909,4,,,96.4515,41.75,10^-14.0502,,,,,,,,,,,,,,,,,[688415],0
688415,1,688414,Leucoma salicis,"",eukaryota,false,,,,0.2991998226362909,4,,,96.4515,41.75,10^-14.0502,,,,,,,,,,,,,,,,,,0
688395,2,688395,Amphipoea,"",eukaryota,false,,,,0.44879973395443634,6,,,87.4223,55.6667,10^-15.2532,,,,,,,,,,,,,,,,,"[987876, 987875]",0
987876,1,688395,Amphipoea oculea,"",eukaryota,false,,,,0.22439986697721817,3,,,89.2183,52.6667,10^-15.7215,,,,,,,,,,,,,,,,,,0
987875,1,688395,Amphipoea lucens,"",eukaryota,false,,,,0.22439986697721817,3,,,85.6263,58.6667,10^-14.7848,,,,,,,,,,,,,,,,,,0
688353,2,688353,Lichtheimia,"",eukaryota,false,,,,,,,,,,,,,,,,0.14959991131814546,2,,,62.1,29.0,10^-3.13194,,,,,"[688661, 688394]",1
688661,1,688353,Lichtheimia ornata,"",eukaryota,false,,,,,,,,,,,,,,,,0.07479995565907273,1,,,62.1,29.0,10^-3.13253,,,,,,0
688394,1,688353,Lichtheimia ramosa,"",eukaryota,false,,,,,,,,,,,,,,,,0.07479995565907273,1,,,62.1,29.0,10^-3.13136,,,,,,1
687520,2,687520,Nymphula,"",eukaryota,false,,,,0.44879973395443634,6,,,91.6873,58.5,10^-20.3916,,,,,,,,,,,,,,,,,[1594316],0
1594316,1,687520,Nymphula nitidulata,"",eukaryota,false,,,,0.44879973395443634,6,,,91.6873,58.5,10^-20.3916,,,,,,,,,,,,,,,,,,0
687492,2,687492,Elophila,"",eukaryota,false,,,,1.1967992905451637,16,,,90.5742,61.375,10^-21.2737,,,,,,,,,,,,,,,,,[753177],0
753177,1,687492,Elophila nymphaeata,"",eukaryota,false,,,,1.1967992905451637,16,,,90.5742,61.375,10^-21.2737,,,,,,,,,,,,,,,,,,0
687315,2,687315,Carpatolechia,"",eukaryota,false,,,,1.2715992462042363,17,,,91.2754,48.4118,10^-14.7292,,,,,,,,,,,,,,,,,[687316],0
687316,1,687315,Carpatolechia fugitivella,"",eukaryota,false,,,,1.2715992462042363,17,,,91.2754,48.4118,10^-14.7292,,,,,,,,,,,,,,,,,,0
687147,2,687147,Ypsolopha,"",eukaryota,false,,,,1.0471993792270182,14,,,91.1471,54.6429,10^-17.6038,,,,,,,,,,,,,,,,,"[1870436, 1870435]",0
1870436,1,687147,Ypsolopha sequella,"",eukaryota,false,,,,0.44879973395443634,6,,,89.5802,61.5,10^-19.6677,,,,,,,,,,,,,,,,,,0
1870435,1,687147,Ypsolopha scabrella,"",eukaryota,false,,,,0.5983996452725818,8,,,92.3223,49.5,10^-16.056,,,,,,,,,,,,,,,,,,0
687130,2,687130,Scrobipalpa,"",eukaryota,false,,,,1.0471993792270182,14,,,90.4526,49.2857,10^-14.2649,,,,,,,,,,,,,,,,,[1858070],0
1858070,1,687130,Scrobipalpa costella,"",eukaryota,false,,,,1.0471993792270182,14,,,90.4526,49.2857,10^-14.2649,,,,,,,,,,,,,,,,,,0
687121,2,687121,Pyralis,"",eukaryota,false,,,,0.7479995565907273,10,,,86.6694,59.125,10^-16.7358,,,,,,,,,,,,,,,,,[687122],0
687122,1,687121,Pyralis farinalis,"",eukaryota,false,,,,0.7479995565907273,10,,,86.6694,59.125,10^-16.7358,,,,,,,,,,,,,,,,,,0
687116,2,687116,Parapoynx,"",eukaryota,false,,,,0.14959991131814546,2,,,93.724,41.0,10^-12.1716,,,,,,,,,,,,,,,,,[1594321],0
1594321,1,687116,Parapoynx stratiotata,"",eukaryota,false,,,,0.14959991131814546,2,,,93.724,41.0,10^-12.1716,,,,,,,,,,,,,,,,,,0
687097,2,687097,Horisme,"",eukaryota,false,,,,0.3739997782953636,5,,,86.4708,60.6,10^-17.3673,,,,,,,,,,,,,,,,,[934869],0
934869,1,687097,Horisme vitalbata,"",eukaryota,false,,,,0.3739997782953636,5,,,86.4708,60.6,10^-17.3673,,,,,,,,,,,,,,,,,,0
687068,2,687068,Acrobasis,"",eukaryota,false,,,,0.3739997782953636,5,,,91.5912,53.4,10^-16.885,,,,,,,,,,,,,,,,,[1857951],0
1857951,1,687068,Acrobasis suavella,"",eukaryota,false,,,,0.3739997782953636,5,,,91.5912,53.4,10^-16.885,,,,,,,,,,,,,,,,,,0
687066,2,687066,Crambus,"",eukaryota,false,,,,0.5983996452725818,8,,,89.1316,53.375,10^-15.2481,,,,,,,,,,,,,,,,,[1100958],0
1100958,1,687066,Crambus lathoniellus,"",eukaryota,false,,,,0.5983996452725818,8,,,89.1316,53.375,10^-15.2481,,,,,,,,,,,,,,,,,,0
685950,2,685950,Fervidicoccus,"",archaea,false,,,,,,,,,,,,,,,,0.07479995565907273,1,,,60.0,30.0,10^-3.28735,,,,,[683846],0
683846,1,685950,Fervidicoccus fontis,"",archaea,false,,,,,,,,,,,,,,,,0.07479995565907273,1,,,60.0,30.0,10^-3.28735,,,,,,0
685409,2,685409,Monopis,"",eukaryota,false,,,,0.3739997782953636,5,,,87.789,40.6,10^-8.4699,,,,,,,,,,,,,,,,,[691988],0
691988,1,685409,Monopis laevigella,"",eukaryota,false,,,,0.3739997782953636,5,,,87.789,40.6,10^-8.4699,,,,,,,,,,,,,,,,,,0
685405,2,685405,Eurois,"",eukaryota,false,,,,0.3739997782953636,5,,,89.1638,55.4,10^-17.1325,,,,,,,,,,,,,,,,,[987425],0
987425,1,685405,Eurois occulta,"",eukaryota,false,,,,0.3739997782953636,5,,,89.1638,55.4,10^-17.1325,,,,,,,,,,,,,,,,,,0
680682,2,680682,Amyelois,"",eukaryota,false,,,,0.3739997782953636,5,,,91.1466,56.6,10^-19.0356,,,,,,0.22439986697721817,3,,,84.3667,29.3333,10^-8.07912,,,,,[680683],0
680683,1,680682,Amyelois transitella,"",eukaryota,false,,,,0.3739997782953636,5,,,91.1466,56.6,10^-19.0356,,,,,,0.22439986697721817,3,,,84.3667,29.3333,10^-8.07912,,,,,,0
670600,2,670600,Bellardia,"",eukaryota,false,,,,1.7951989358177454,24,1,15,85.9476,96.6,10^-21.831,,,,,,,,,,,,,,,,,"[2881606, 2795671]",0
2881606,1,670600,Bellardia bayeri,"",eukaryota,false,,,,1.4959991131814545,20,1,15,85.8075,97.7778,10^-20.8055,,,,,,,,,,,,,,,,,,0
2795671,1,670600,Bellardia pandia,"",eukaryota,false,,,,0.2991998226362909,4,,,87.209,86.0,10^-31.061,,,,,,,,,,,,,,,,,,0
670516,2,670516,Mycobacteroides,"",bacteria,false,,,,,,,,,,,,,,,,0.2991998226362909,4,,,86.425,32.0,10^-9.65126,,,,,[36809],1
36809,1,670516,Mycobacteroides abscessus,"",bacteria,false,,,,,,,,,,,,,,,,0.2991998226362909,4,,,86.425,32.0,10^-9.65126,,,,,,1
657549,2,657549,Trigonopterus,"",eukaryota,false,,,,0.14959991131814546,2,,,86.567,67.0,10^-20.8767,,,,,,,,,,,,,,,,,[2576130],0
2576130,1,657549,Trigonopterus kolakensis,"",eukaryota,false,,,,0.14959991131814546,2,,,86.567,67.0,10^-20.8767,,,,,,,,,,,,,,,,,,0
655692,2,655692,Blastobasis,"",eukaryota,false,,,,4.039197605589927,54,1,14,94.0214,47.64,10^-12.4554,,,,,,,,,,,,,,,,,"[2561016, 1869501]",0
2561016,1,655692,Blastobasis lacticolella,"",eukaryota,false,,,,3.6651978272945636,49,1,14,94.2547,46.3778,10^-11.5124,,,,,,,,,,,,,,,,,,0
1869501,1,655692,Blastobasis adustella,"",eukaryota,false,,,,0.3739997782953636,5,,,91.9212,59.0,10^-20.9417,,,,,,,,,,,,,,,,,,0
655184,2,655184,Candidatus Thioglobus,"",bacteria,false,,,,,,,,,,,,,,,,11.444393215838128,153,1,146,42.2871,178.68,10^-35.8792,,,,,[655186],0
655186,1,655184,uncultured Candidatus Thioglobus sp.,"",bacteria,false,,,,,,,,,,,,,,,,11.444393215838128,153,1,146,42.2871,178.68,10^-35.8792,,,,,,0
655084,2,655084,Zeuzera,"",eukaryota,false,,,,0.14959991131814546,2,,,86.0285,73.0,10^-22.2463,,,,,,,,,,,,,,,,,[1101072],0
1101072,1,655084,Zeuzera pyrina,"",eukaryota,false,,,,0.14959991131814546,2,,,86.0285,73.0,10^-22.2463,,,,,,,,,,,,,,,,,,0
655080,2,655080,Psychostrophia,"",eukaryota,false,,,,,,,,,,,,,,,,0.07479995565907273,1,,,100.0,33.0,10^-14.0343,,,,,[2662221],0
2662221,1,655080,Psychostrophia endoi,"",eukaryota,false,,,,,,,,,,,,,,,,0.07479995565907273,1,,,100.0,33.0,10^-14.0343,,,,,,0
649461,2,649461,Lacibacter,"",bacteria,false,,,,,,,,,,,,,,,,0.07479995565907273,1,,,97.0,33.0,10^-12.6421,,,,,[1028517],0
1028517,1,649461,uncultured Lacibacter sp.,"",bacteria,false,,,,,,,,,,,,,,,,0.07479995565907273,1,,,97.0,33.0,10^-12.6421,,,,,,0
646209,2,646209,Heteropora,"",eukaryota,false,,,,0.07479995565907273,1,,,90.385,52.0,10^-16.1834,,,,,,,,,,,,,,,,,[646291],0
646291,1,646209,Heteropora neozelanica,"",eukaryota,false,,,,0.07479995565907273,1,,,90.385,52.0,10^-16.1834,,,,,,,,,,,,,,,,,,0
642605,2,642605,Clydaea,"",eukaryota,false,,,,,,,,,,,,,,,,0.07479995565907273,1,,,51.6,31.0,10^-5.35262,,,,,[447962],0
447962,1,642605,Clydaea vesicula,"",eukaryota,false,,,,,,,,,,,,,,,,0.07479995565907273,1,,,51.6,31.0,10^-5.35262,,,,,,0
637416,2,637416,Amphibalanus,"",eukaryota,false,,,,0.2991998226362909,4,,,87.0677,91.75,10^-33.6084,,,,,,0.7479995565907273,10,,,79.82,30.8,10^-8.39175,,,,,[1232801],0
1232801,1,637416,Amphibalanus amphitrite,"",eukaryota,false,,,,0.2991998226362909,4,,,87.0677,91.75,10^-33.6084,,,,,,0.7479995565907273,10,,,79.82,30.8,10^-8.39175,,,,,,0
634494,2,634494,Brunneocorticium,"",eukaryota,false,,,,0.2991998226362909,4,,,97.265,100.75,10^-52.4356,,,,,,,,,,,,,,,,,"[2230931, 634495]",0
2230931,1,634494,Brunneocorticium sp. RAK-2018a,"",eukaryota,false,,,,0.14959991131814546,2,,,99.01,101.0,10^-55.0077,,,,,,,,,,,,,,,,,,0
634495,1,634494,Brunneocorticium pyriforme,"",eukaryota,false,,,,0.14959991131814546,2,,,95.52,100.5,10^-49.8635,,,,,,,,,,,,,,,,,,0
631321,2,631321,Linnaemya,"",eukaryota,false,,,,0.07479995565907273,1,,,86.792,53.0,10^-14.1166,,,,,,,,,,,,,,,,,[1776468],0
1776468,1,631321,Linnaemya tessellans,"",eukaryota,false,,,,0.07479995565907273,1,,,86.792,53.0,10^-14.1166,,,,,,,,,,,,,,,,,,0
631316,2,631316,Gymnocheta,"",eukaryota,false,,,,0.5235996896135091,7,,,89.8206,63.5714,10^-20.9175,,,,,,,,,,,,,,,,,[631317],0
631317,1,631316,Gymnocheta viridis,"",eukaryota,false,,,,0.5235996896135091,7,,,89.8206,63.5714,10^-20.9175,,,,,,,,,,,,,,,,,,0
611397,2,611397,Tokunagaia,"",eukaryota,false,,,,0.07479995565907273,1,,,100.0,66.0,10^-32.5484,,,,,,,,,,,,,,,,,[1790224],0
1790224,1,611397,Tokunagaia rectangularis,"",eukaryota,false,,,,0.07479995565907273,1,,,100.0,66.0,10^-32.5484,,,,,,,,,,,,,,,,,,0
611363,2,611363,Mesosmittia,"",eukaryota,false,,,,0.07479995565907273,1,,,100.0,69.0,10^-34.5876,,,,,,,,,,,,,,,,,[1042869],0
1042869,1,611363,Mesosmittia sp. QW-2011,"",eukaryota,false,,,,0.07479995565907273,1,,,100.0,69.0,10^-34.5876,,,,,,,,,,,,,,,,,,0
611359,2,611359,Krenosmittia,"",eukaryota,false,,,,0.07479995565907273,1,,,96.923,65.0,10^-27.7517,,,,,,,,,,,,,,,,,[1042872],0
1042872,1,611359,Krenosmittia halvorseni,"",eukaryota,false,,,,0.07479995565907273,1,,,96.923,65.0,10^-27.7517,,,,,,,,,,,,,,,,,,0
608712,2,608712,Macrorrhyncha,"",eukaryota,false,,,,,,,,,,,,,,,,0.14959991131814546,2,,,100.0,31.0,10^-11.1773,,,,,[2746328],0
2746328,1,608712,Macrorrhyncha collarti,"",eukaryota,false,,,,,,,,,,,,,,,,0.14959991131814546,2,,,100.0,31.0,10^-11.1773,,,,,,0
608698,2,608698,Synapha,"",eukaryota,false,,,,,,,,,,,,,,,,0.07479995565907273,1,,,90.9,22.0,10^-3.32057,,,,,[608699],0
608699,1,608698,Synapha vitripennis,"",eukaryota,false,,,,,,,,,,,,,,,,0.07479995565907273,1,,,90.9,22.0,10^-3.32057,,,,,,0
608692,2,608692,Pyratula,"",eukaryota,false,,,,,,,,,,,,,,,,0.07479995565907273,1,,,100.0,26.0,10^-7.24489,,,,,[608693],0
608693,1,608692,Pyratula zonata,"",eukaryota,false,,,,,,,,,,,,,,,,0.07479995565907273,1,,,100.0,26.0,10^-7.24489,,,,,,0
608678,2,608678,Grzegorzekia,"",eukaryota,false,,,,,,,,,,,,,,,,0.07479995565907273,1,,,96.3,27.0,10^-8.48017,,,,,[608679],0
608679,1,608678,Grzegorzekia collaris,"",eukaryota,false,,,,,,,,,,,,,,,,0.07479995565907273,1,,,96.3,27.0,10^-8.48017,,,,,,0
604375,2,604375,Harpegnathos,"",eukaryota,false,,,,0.22439986697721817,3,,,89.3107,52.3333,10^-15.5152,,,,,,0.5235996896135091,7,,,78.6714,29.8571,10^-6.15418,,,,,[610380],0
610380,1,604375,Harpegnathos saltator,Jerdon's jumping ant,eukaryota,false,,,,0.22439986697721817,3,,,89.3107,52.3333,10^-15.5152,,,,,,0.5235996896135091,7,,,78.6714,29.8571,10^-6.15418,,,,,,0
604195,2,604195,Cyberlindnera,"",eukaryota,false,,,,0.07479995565907273,1,,,95.833,48.0,10^-17.5906,,,,,,,,,,,,,,,,,[36022],0
36022,1,604195,Cyberlindnera fabianii,"",eukaryota,false,,,,0.07479995565907273,1,,,95.833,48.0,10^-17.5906,,,,,,,,,,,,,,,,,,0
596673,2,596673,Neolycaena,"",eukaryota,false,,,,,,,,,,,,,,,,0.07479995565907273,1,,,100.0,33.0,10^-11.6946,,,,,[596693],0
596693,1,596673,Neolycaena tengstroemi,"",eukaryota,false,,,,,,,,,,,,,,,,0.07479995565907273,1,,,100.0,33.0,10^-11.6946,,,,,,0
596672,2,596672,Mellicta,"",eukaryota,false,,,,0.2991998226362909,4,,,91.5283,62.5,10^-21.6272,,,,,,,,,,,,,,,,,[113330],0
113330,1,596672,Mellicta athalia,"",eukaryota,false,,,,0.2991998226362909,4,,,91.5283,62.5,10^-21.6272,,,,,,,,,,,,,,,,,,0
586132,2,586132,Nematocida,"",eukaryota,false,,,,,,,,,,,,,,,,0.3739997782953636,5,,,74.08,29.4,10^-4.75646,,,,,"[2670343, 2670339]",0
2670343,1,586132,Nematocida sp. AWRm80,"",eukaryota,false,,,,,,,,,,,,,,,,0.22439986697721817,3,,,75.8667,30.3333,10^-4.40699,,,,,,0
2670339,1,586132,Nematocida sp. LUAm2,"",eukaryota,false,,,,,,,,,,,,,,,,0.14959991131814546,2,,,71.4,28.0,10^-5.28067,,,,,,0
582171,2,582171,Choreutis,"",eukaryota,false,,,,0.22439986697721817,3,,,86.7723,80.0,10^-27.4339,,,,,,,,,,,,,,,,,[1209621],0
1209621,1,582171,Choreutis nemorana,"",eukaryota,false,,,,0.22439986697721817,3,,,86.7723,80.0,10^-27.4339,,,,,,,,,,,,,,,,,,0
582143,2,582143,Pyrausta,"",eukaryota,false,,,,0.2991998226362909,4,,,89.5035,64.5,10^-21.6109,,,,,,,,,,,,,,,,,[1660681],0
1660681,1,582143,Pyrausta nigrata,"",eukaryota,false,,,,0.2991998226362909,4,,,89.5035,64.5,10^-21.6109,,,,,,,,,,,,,,,,,,0
582056,2,582056,Anania,"",eukaryota,false,,,,0.5983996452725818,8,,,84.9449,48.25,10^-10.0571,,,,,,,,,,,,,,,,,"[1100909, 1100908]",0
1100909,1,582056,Anania fuscalis,"",eukaryota,false,,,,0.14959991131814546,2,,,75.986,48.5,10^-4.89353,,,,,,,,,,,,,,,,,,0
1100908,1,582056,Anania crocealis,"",eukaryota,false,,,,0.44879973395443634,6,,,87.9312,48.1667,10^-11.7782,,,,,,,,,,,,,,,,,,0
581937,2,581937,Nomophila,"",eukaryota,false,,,,1.5707990688405271,21,1,18,83.0771,101.667,10^-15.5496,,,,,,,,,,,,,,,,,[1209556],0
1209556,1,581937,Nomophila noctuella,"",eukaryota,false,,,,1.5707990688405271,21,1,18,83.0771,101.667,10^-15.5496,,,,,,,,,,,,,,,,,,0
581910,2,581910,Mecyna,"",eukaryota,false,,,,2.0195988027949636,27,1,17,83.7515,102.76,10^-17.1272,,,,,,,,,,,,,,,,,[1502335],0
1502335,1,581910,Mecyna flavalis,"",eukaryota,false,,,,2.0195988027949636,27,1,17,83.7515,102.76,10^-17.1272,,,,,,,,,,,,,,,,,,0
581819,2,581819,Cydalima,"",eukaryota,false,,,,0.8975994679088727,12,,,86.1082,41.1111,10^-7.89954,,,,,,,,,,,,,,,,,[1309588],0
1309588,1,581819,Cydalima perspectalis,"",eukaryota,false,,,,0.8975994679088727,12,,,86.1082,41.1111,10^-7.89954,,,,,,,,,,,,,,,,,,0
581658,2,581658,Eudemis,"",eukaryota,false,,,,0.2991998226362909,4,,,90.3187,68.5,10^-24.3252,,,,,,,,,,,,,,,,,[1100989],0
1100989,1,581658,Eudemis profundana,"",eukaryota,false,,,,0.2991998226362909,4,,,90.3187,68.5,10^-24.3252,,,,,,,,,,,,,,,,,,0
581588,2,581588,Pammene,"",eukaryota,false,,,,1.0471993792270182,14,1,5,86.841,81.8571,10^-19.6224,,,,,,,,,,,,,,,,,"[1870148, 1101027]",0
1870148,1,581588,Pammene aurita,"",eukaryota,false,,,,0.5235996896135091,7,,,88.983,55.7143,10^-15.7805,,,,,,,,,,,,,,,,,,0
1101027,1,581588,Pammene fasciana,"",eukaryota,false,,,,0.5235996896135091,7,1,5,84.699,108.0,10^-23.4642,,,,,,,,,,,,,,,,,,0
581577,2,581577,Leguminivora,"",eukaryota,false,,,,0.44879973395443634,6,,,87.2323,65.6667,10^-19.9841,,,,,,1.5707990688405271,21,1,8,64.3217,40.7619,10^-7.15457,,,,,[1035111],0
1035111,1,581577,Leguminivora glycinivorella,"",eukaryota,false,,,,0.44879973395443634,6,,,87.2323,65.6667,10^-19.9841,,,,,,1.5707990688405271,21,1,8,64.3217,40.7619,10^-7.15457,,,,,,0
581576,2,581576,Lathronympha,"",eukaryota,false,,,,1.346399201863309,18,1,15,84.9672,108.056,10^-19.1125,,,,,,,,,,,,,,,,,[1594361],0
1594361,1,581576,Lathronympha strigana,"",eukaryota,false,,,,1.346399201863309,18,1,15,84.9672,108.056,10^-19.1125,,,,,,,,,,,,,,,,,,0
581513,2,581513,Notocelia,"",eukaryota,false,,,,0.14959991131814546,2,,,93.2975,43.5,10^-13.178,,,,,,,,,,,,,,,,,[1594315],0
1594315,1,581513,Notocelia uddmanniana,"",eukaryota,false,,,,0.14959991131814546,2,,,93.2975,43.5,10^-13.178,,,,,,,,,,,,,,,,,,0
577264,2,577264,Stelidota,"",eukaryota,false,,,,0.14959991131814546,2,,,81.429,70.0,10^-17.4267,,,,,,,,,,,,,,,,,[1588472],0
1588472,1,577264,Stelidota geminata,"",eukaryota,false,,,,0.14959991131814546,2,,,81.429,70.0,10^-17.4267,,,,,,,,,,,,,,,,,,0
574347,2,574347,Modicisalibacter,"",bacteria,false,,,,0.07479995565907273,1,,,96.04,101.0,10^-50.8906,,,,,,,,,,,,,,,,,[390637],0
390637,1,574347,Modicisalibacter tunisiensis,"",bacteria,false,,,,0.07479995565907273,1,,,96.04,101.0,10^-50.8906,,,,,,,,,,,,,,,,,,0
572919,2,572919,Selenia,"",eukaryota,false,,,,0.14959991131814546,2,,,88.6625,48.0,10^-12.799,,,,,,,,,,,,,,,,,[934894],0
934894,1,572919,Selenia dentaria,"",eukaryota,false,,,,0.14959991131814546,2,,,88.6625,48.0,10^-12.799,,,,,,,,,,,,,,,,,,0
572910,2,572910,Venusia,"",eukaryota,false,,,,0.3739997782953636,5,,,91.5722,50.8,10^-15.1113,,,,,,,,,,,,,,,,,[572911],0
572911,1,572910,Venusia cambrica,"",eukaryota,false,,,,0.3739997782953636,5,,,91.5722,50.8,10^-15.1113,,,,,,,,,,,,,,,,,,0
572908,2,572908,Udea,"",eukaryota,false,,,,0.2991998226362909,4,,,92.4668,42.75,10^-12.3249,,,,,,,,,,,,,,,,,"[1002971, 1002954]",0
1002971,1,572908,Udea olivalis,"",eukaryota,false,,,,0.07479995565907273,1,,,89.796,49.0,10^-14.1507,,,,,,,,,,,,,,,,,,0
1002954,1,572908,Udea ferrugalis,"",eukaryota,false,,,,0.22439986697721817,3,,,93.357,40.6667,10^-11.7164,,,,,,,,,,,,,,,,,,0
572860,2,572860,Hofmannophila,"",eukaryota,false,,,,0.2991998226362909,4,,,93.1557,47.75,10^-14.0129,,,,,,,,,,,,,,,,,[572861],0
572861,1,572860,Hofmannophila pseudospretella,"",eukaryota,false,,,,0.2991998226362909,4,,,93.1557,47.75,10^-14.0129,,,,,,,,,,,,,,,,,,0
572856,2,572856,Hemithea,"",eukaryota,false,,,,0.44879973395443634,6,,,89.6478,59.8333,10^-18.5551,,,,,,,,,,,,,,,,,[572857],0
572857,1,572856,Hemithea aestivaria,"",eukaryota,false,,,,0.44879973395443634,6,,,89.6478,59.8333,10^-18.5551,,,,,,,,,,,,,,,,,,0
572852,2,572852,Hedya,"",eukaryota,false,,,,0.9723994235679454,13,,,90.9461,63.4167,10^-22.5749,,,,,,,,,,,,,,,,,[1869985],0
1869985,1,572852,Hedya salicella,"",eukaryota,false,,,,0.9723994235679454,13,,,90.9461,63.4167,10^-22.5749,,,,,,,,,,,,,,,,,,0
572825,2,572825,Chrysoteuchia,"",eukaryota,false,,,,0.7479995565907273,10,1,5,90.1496,74.0,10^-20.3241,,,,,,,,,,,,,,,,,[1594250],0
1594250,1,572825,Chrysoteuchia culmella,"",eukaryota,false,,,,0.7479995565907273,10,1,5,90.1496,74.0,10^-20.3241,,,,,,,,,,,,,,,,,,0
572808,2,572808,Agriphila,"",eukaryota,false,,,,0.3739997782953636,5,,,93.618,39.0,10^-10.8212,,,,,,,,,,,,,,,,,"[1594226, 572809]",0
1594226,1,572808,Agriphila tristella,"",eukaryota,false,,,,0.2991998226362909,4,,,94.1223,39.3333,10^-11.2756,,,,,,,,,,,,,,,,,,0
572809,1,572808,Agriphila straminella,"",eukaryota,false,,,,0.07479995565907273,1,,,92.105,38.0,10^-9.45781,,,,,,,,,,,,,,,,,,0
572799,2,572799,Acleris,"",eukaryota,false,,,,1.5707990688405271,21,,,91.265,53.0526,10^-16.9235,,,,,,,,,,,,,,,,,"[1100899, 758717, 758706, 758705, 572802]",0
1100899,1,572799,Acleris literana,"",eukaryota,false,,,,0.14959991131814546,2,,,85.246,61.0,10^-16.8003,,,,,,,,,,,,,,,,,,0
758717,1,572799,Acleris sparsana,"",eukaryota,false,,,,0.3739997782953636,5,,,92.7562,49.8,10^-15.2805,,,,,,,,,,,,,,,,,,0
758706,1,572799,Acleris emargana,"",eukaryota,false,,,,0.44879973395443634,6,,,93.129,50.0,10^-16.8914,,,,,,,,,,,,,,,,,,0
758705,1,572799,Acleris cristana,"",eukaryota,false,,,,0.2991998226362909,4,,,90.7485,38.0,10^-8.77178,,,,,,,,,,,,,,,,,,0
572802,1,572799,Acleris holmiana,"",eukaryota,false,,,,0.2991998226362909,4,,,91.063,71.25,10^-27.2228,,,,,,,,,,,,,,,,,,0
572722,2,572722,Nycteola,"",eukaryota,false,,,,0.22439986697721817,3,,,82.964,78.0,10^-20.6041,,,,,,,,,,,,,,,,,[988004],0
988004,1,572722,Nycteola revayana,"",eukaryota,false,,,,0.22439986697721817,3,,,82.964,78.0,10^-20.6041,,,,,,,,,,,,,,,,,,0
572712,2,572712,Eudonia,"",eukaryota,false,,,,1.0471993792270182,14,,,89.145,56.2857,10^-16.2756,,,,,,,,,,,,,,,,,"[1100991, 753179]",0
1100991,1,572712,Eudonia lacustrata,"",eukaryota,false,,,,0.6731996009316545,9,,,91.2934,49.8889,10^-14.4755,,,,,,,,,,,,,,,,,,0
753179,1,572712,Eudonia truncicolella,"",eukaryota,false,,,,0.3739997782953636,5,,,85.2778,67.8,10^-19.5156,,,,,,,,,,,,,,,,,,0
572706,2,572706,Argyresthia,"",eukaryota,false,,,,0.6731996009316545,9,,,93.8019,55.1111,10^-20.1473,,,,,,,,,,,,,,,,,[572725],0
572725,1,572706,Argyresthia goedartella,"",eukaryota,false,,,,0.6731996009316545,9,,,93.8019,55.1111,10^-20.1473,,,,,,,,,,,,,,,,,,0
572704,2,572704,Apotomis,"",eukaryota,false,,,,2.3935985810903273,32,1,14,87.8147,71.3125,10^-14.1381,,,,,,,,,,,,,,,,,"[1100916, 1100915, 989741]",0
1100916,1,572704,Apotomis turbidana,"",eukaryota,false,,,,0.7479995565907273,10,,,94.7641,46.9,10^-15.8893,,,,,,,,,,,,,,,,,,0
1100915,1,572704,Apotomis betuletana,"",eukaryota,false,,,,1.2715992462042363,17,1,14,83.1642,90.4706,10^-12.2216,,,,,,,,,,,,,,,,,,0
989741,1,572704,Apotomis capreana,"",eukaryota,false,,,,0.3739997782953636,5,,,89.7274,55.0,10^-17.1516,,,,,,,,,,,,,,,,,,0
569039,2,569039,Epicampocera,"",eukaryota,false,,,,2.8423983150447634,38,,,91.422,62.0938,10^-21.4294,,,,,,,,,,,,,,,,,[569040],0
569040,1,569039,Epicampocera succincta,"",eukaryota,false,,,,2.8423983150447634,38,,,91.422,62.0938,10^-21.4294,,,,,,,,,,,,,,,,,,0
565003,2,565003,Paracyclopina,"",eukaryota,false,,,,,,,,,,,,,,,,0.07479995565907273,1,,,90.6,32.0,10^-4.69897,,,,,[565004],0
565004,1,565003,Paracyclopina nana,"",eukaryota,false,,,,,,,,,,,,,,,,0.07479995565907273,1,,,90.6,32.0,10^-4.69897,,,,,,0
561108,2,561108,Jaminaea,"",eukaryota,false,,,,0.14959991131814546,2,,,100.0,101.0,10^-56.3801,,,,,,,,,,,,,,,,,[542766],0
542766,1,561108,Jaminaea angkorensis,"",eukaryota,false,,,,0.14959991131814546,2,,,100.0,101.0,10^-56.3801,,,,,,,,,,,,,,,,,,0
558754,2,558754,Cryptosula,"",eukaryota,false,,,,0.14959991131814546,2,,,91.9985,37.5,10^-9.12051,,,,,,,,,,,,,,,,,[558755],0
558755,1,558754,Cryptosula pallasiana,"",eukaryota,false,,,,0.14959991131814546,2,,,91.9985,37.5,10^-9.12051,,,,,,,,,,,,,,,,,,0
552982,2,552982,Penaincisalia,"",eukaryota,false,,,,,,,,,,,,,,,,0.07479995565907273,1,,,97.0,33.0,10^-15.0097,,,,,[2820610],0
2820610,1,552982,Penaincisalia atymnides,"",eukaryota,false,,,,,,,,,,,,,,,,0.07479995565907273,1,,,97.0,33.0,10^-15.0097,,,,,,0
547808,2,547808,Blepharicera,"",eukaryota,false,,,,0.44879973395443634,6,,,93.8017,51.3333,10^-18.2492,,,,,,,,,,,,,,,,,[1017301],0
1017301,1,547808,Blepharicera zionensis,"",eukaryota,false,,,,0.44879973395443634,6,,,93.8017,51.3333,10^-18.2492,,,,,,,,,,,,,,,,,,0
547540,2,547540,Terebella,"",eukaryota,false,,,,1.6455990244996,22,,,91.083,43.1818,10^-10.785,,,,,,,,,,,,,,,,,[1131437],0
1131437,1,547540,Terebella lapidaria,"",eukaryota,false,,,,1.6455990244996,22,,,91.083,43.1818,10^-10.785,,,,,,,,,,,,,,,,,,0
545366,2,545366,Hyposmocoma,"",eukaryota,false,,,,0.07479995565907273,1,,,89.552,67.0,10^-23.6214,,,,,,0.2991998226362909,4,,,94.15,29.75,10^-6.37637,,,,,[1477025],0
1477025,1,545366,Hyposmocoma kahamanoa,"",eukaryota,false,,,,0.07479995565907273,1,,,89.552,67.0,10^-23.6214,,,,,,0.2991998226362909,4,,,94.15,29.75,10^-6.37637,,,,,,0
544365,2,544365,Drina,"",eukaryota,false,,,,,,,,,,,,,,,,0.07479995565907273,1,,,100.0,33.0,10^-13.1096,,,,,[2820568],0
2820568,1,544365,Drina maneia,"",eukaryota,false,,,,,,,,,,,,,,,,0.07479995565907273,1,,,100.0,33.0,10^-13.1096,,,,,,0
538957,2,538957,Conopomorpha,"",eukaryota,false,,,,0.07479995565907273,1,,,91.667,36.0,10^-8.10892,,,,,,,,,,,,,,,,,[940481],0
940481,1,538957,Conopomorpha sinensis,litch fruit borer,eukaryota,false,,,,0.07479995565907273,1,,,91.667,36.0,10^-8.10892,,,,,,,,,,,,,,,,,,0
534688,2,534688,Synsphyronus,"",eukaryota,false,,,,,,,,,,,,,,,,0.07479995565907273,1,,,100.0,19.0,10^-4.94692,,,,,[534689],0
534689,1,534688,Synsphyronus apimelus,"",eukaryota,false,,,,,,,,,,,,,,,,0.07479995565907273,1,,,100.0,19.0,10^-4.94692,,,,,,0
531859,2,531859,Glonium,"",eukaryota,false,,,,,,,,,,,,,,,,0.14959991131814546,2,,,69.7,33.0,10^-6.91721,,,,,[574774],0
574774,1,531859,Glonium stellatum,"",eukaryota,false,,,,,,,,,,,,,,,,0.14959991131814546,2,,,69.7,33.0,10^-6.91721,,,,,,0
525812,2,525812,Fabriciana,"",eukaryota,false,,,,0.22439986697721817,3,,,88.6053,47.3333,10^-11.2112,,,,,,,,,,,,,,,,,[405009],0
405009,1,525812,Fabriciana adippe,high brown fritillary,eukaryota,false,,,,0.22439986697721817,3,,,88.6053,47.3333,10^-11.2112,,,,,,,,,,,,,,,,,,0
524508,2,524508,Myrrha,"",eukaryota,false,,,,0.8975994679088727,12,,,90.5967,59.6,10^-20.391,,,,,,,,,,,,,,,,,[703265],0
703265,1,524508,Myrrha octodecimguttata,"",eukaryota,false,,,,0.8975994679088727,12,,,90.5967,59.6,10^-20.391,,,,,,,,,,,,,,,,,,0
523929,2,523929,Dryococelus,"",eukaryota,false,,,,,,,,,,,,,,,,2.0943987584540364,28,,,76.136,29.16,10^-5.5362,,,,,[614101],0
614101,1,523929,Dryococelus australis,"",eukaryota,false,,,,,,,,,,,,,,,,2.0943987584540364,28,,,76.136,29.16,10^-5.5362,,,,,,0
522886,2,522886,Amorpha,"",eukaryota,false,,,,0.07479995565907273,1,,,93.617,47.0,10^-15.5412,,,,,,,,,,,,,,,,,[522887],0
522887,1,522886,Amorpha juglandis,"",eukaryota,false,,,,0.07479995565907273,1,,,93.617,47.0,10^-15.5412,,,,,,,,,,,,,,,,,,0
522847,2,522847,Mimas,"",eukaryota,false,,,,0.3739997782953636,5,,,86.9676,65.4,10^-18.9801,,,,,,,,,,,,,,,,,[522848],0
522848,1,522847,Mimas tiliae,"",eukaryota,false,,,,0.3739997782953636,5,,,86.9676,65.4,10^-18.9801,,,,,,,,,,,,,,,,,,0
522835,2,522835,Laothoe,"",eukaryota,false,,,,0.7479995565907273,10,,,91.605,56.4,10^-19.3093,,,,,,,,,,,,,,,,,[522836],0
522836,1,522835,Laothoe populi,"",eukaryota,false,,,,0.7479995565907273,10,,,91.605,56.4,10^-19.3093,,,,,,,,,,,,,,,,,,0
520955,2,520955,Macrophya,"",eukaryota,false,,,,0.22439986697721817,3,,,87.42,55.6667,10^-15.024,,,,,,,,,,,,,,,,,[1384894],0
1384894,1,520955,Macrophya alboannulata,"",eukaryota,false,,,,0.22439986697721817,3,,,87.42,55.6667,10^-15.024,,,,,,,,,,,,,,,,,,0
513583,2,513583,Coleophora,"",eukaryota,false,,,,0.8975994679088727,12,,,91.6432,42.6667,10^-11.7006,,,,,,,,,,,,,,,,,"[1100951, 687026]",0
1100951,1,513583,Coleophora flavipennella,"",eukaryota,false,,,,0.2991998226362909,4,,,91.611,41.25,10^-10.9715,,,,,,,,,,,,,,,,,,0
687026,1,513583,Coleophora deauratella,"",eukaryota,false,,,,0.5983996452725818,8,,,91.6594,43.375,10^-12.0652,,,,,,,,,,,,,,,,,,0
511678,2,511678,Aliivibrio,"",bacteria,false,,,,,,,,,,,,,,,,0.07479995565907273,1,,,97.0,33.0,10^-12.1169,,,,,[566293],0
566293,1,511678,Aliivibrio sifiae,"",bacteria,false,,,,,,,,,,,,,,,,0.07479995565907273,1,,,97.0,33.0,10^-12.1169,,,,,,0
511152,2,511152,Cystodermella,"",eukaryota,false,,,,0.07479995565907273,1,,,100.0,101.0,10^-56.3801,,,,,,,,,,,,,,,,,[2530054],0
2530054,1,511152,Cystodermella sp.,"",eukaryota,false,,,,0.07479995565907273,1,,,100.0,101.0,10^-56.3801,,,,,,,,,,,,,,,,,,0
509841,2,509841,Pompilus,"",eukaryota,false,,,,,,,,,,,,,,,,0.07479995565907273,1,,,93.9,33.0,10^-13.9626,,,,,[1708944],0
1708944,1,509841,Pompilus (Perissopompilus) sp. JR-2015,"",eukaryota,false,,,,,,,,,,,,,,,,0.07479995565907273,1,,,93.9,33.0,10^-13.9626,,,,,,0
508444,2,508444,Protohermes,"",eukaryota,false,,,,,,,,,,,,,,,,0.07479995565907273,1,,,100.0,33.0,10^-12.279,,,,,[1452974],0
1452974,1,508444,Protohermes costalis,"",eukaryota,false,,,,,,,,,,,,,,,,0.07479995565907273,1,,,100.0,33.0,10^-12.279,,,,,,0
507510,2,507510,Hyphopichia,"",eukaryota,false,,,,0.22439986697721817,3,,,86.2347,38.6667,10^-6.70555,,,,,,,,,,,,,,,,,"[717741, 717740]",0
717741,1,507510,Hyphopichia pseudoburtonii,"",eukaryota,false,,,,0.14959991131814546,2,,,84.615,39.0,10^-6.01561,,,,,,,,,,,,,,,,,,0
717740,1,507510,Hyphopichia burtonii,"",eukaryota,false,,,,0.07479995565907273,1,,,89.474,38.0,10^-8.08544,,,,,,,,,,,,,,,,,,0
505956,2,505956,Hypercompe,"",eukaryota,false,,,,0.2991998226362909,4,,,89.4985,48.5,10^-13.8142,,,,,,,,,,,,,,,,,[505957],0
505957,1,505956,Hypercompe scribonia,"",eukaryota,false,,,,0.2991998226362909,4,,,89.4985,48.5,10^-13.8142,,,,,,,,,,,,,,,,,,0
505410,2,505410,Falcaria,"",eukaryota,false,,,,0.2991998226362909,4,,,92.804,58.3333,10^-20.9582,,,,,,,,,,,,,,,,,[505411],0
505411,1,505410,Falcaria lacertinaria,"",eukaryota,false,,,,0.2991998226362909,4,,,92.804,58.3333,10^-20.9582,,,,,,,,,,,,,,,,,,0
501783,2,501783,Cloacibacterium,"",bacteria,false,,,,,,,,,,,,,,,,0.07479995565907273,1,,,97.0,33.0,10^-10.1284,,,,,[237258],0
237258,1,501783,Cloacibacterium normanense,"",bacteria,false,,,,,,,,,,,,,,,,0.07479995565907273,1,,,97.0,33.0,10^-10.1284,,,,,,0
497726,2,497726,Nitrososphaera,"",archaea,false,,,,,,,,,,,,,,,,0.07479995565907273,1,,,69.7,33.0,10^-6.03668,,,,,[1971748],0
1971748,1,497726,Nitrososphaera sp.,"",archaea,false,,,,,,,,,,,,,,,,0.07479995565907273,1,,,69.7,33.0,10^-6.03668,,,,,,0
494770,2,494770,Heteropelma,"",eukaryota,false,,,,4.338397428226218,58,1,12,86.9673,83.6111,10^-24.2077,,,,,,,,,,,,,,,,,[494771],0
494771,1,494770,Heteropelma amictum,"",eukaryota,false,,,,4.338397428226218,58,1,12,86.9673,83.6111,10^-24.2077,,,,,,,,,,,,,,,,,,0
493657,2,493657,Alloplasta,"",eukaryota,false,,,,1.1219993348860908,15,,,90.4905,46.6923,10^-12.5046,,,,,,,,,,,,,,,,,[2870495],0
2870495,1,493657,Alloplasta piceator,"",eukaryota,false,,,,1.1219993348860908,15,,,90.4905,46.6923,10^-12.5046,,,,,,,,,,,,,,,,,,0
483074,2,483074,Baudoinia,"",eukaryota,false,,,,0.14959991131814546,2,,,91.398,93.0,10^-39.9475,,,,,,,,,,,,,,,,,[1709381],0
1709381,1,483074,Baudoinia panamericana,"",eukaryota,false,,,,0.14959991131814546,2,,,91.398,93.0,10^-39.9475,,,,,,,,,,,,,,,,,,0
479307,2,479307,Camptocerus,"",eukaryota,false,,,,,,,,,,,,,,,,0.07479995565907273,1,,,100.0,33.0,10^-10.6003,,,,,[2815758],0
2815758,1,479307,Camptocerus coccoformus,"",eukaryota,false,,,,,,,,,,,,,,,,0.07479995565907273,1,,,100.0,33.0,10^-10.6003,,,,,,0
478394,2,478394,Diadumene,"",eukaryota,false,,,,0.3739997782953636,5,,,86.278,51.0,10^-12.2207,,,,,,,,,,,,,,,,,[1789172],0
1789172,1,478394,Diadumene lineata,"",eukaryota,false,,,,0.3739997782953636,5,,,86.278,51.0,10^-12.2207,,,,,,,,,,,,,,,,,,0
474995,2,474995,Ophiocordyceps,"",eukaryota,false,,,,,,,,,,,,,,,,0.07479995565907273,1,,,97.0,33.0,10^-14.7305,,,,,[268505],0
268505,1,474995,Ophiocordyceps unilateralis,"",eukaryota,false,,,,,,,,,,,,,,,,0.07479995565907273,1,,,97.0,33.0,10^-14.7305,,,,,,0
474822,2,474822,Sphenella,"",eukaryota,false,,,,0.2991998226362909,4,,,87.813,44.5,10^-10.4206,,,,,,,,,,,,,,,,,[594017],0
594017,1,474822,Sphenella marginata,"",eukaryota,false,,,,0.2991998226362909,4,,,87.813,44.5,10^-10.4206,,,,,,,,,,,,,,,,,,0
468813,2,468813,Tolmerus,"",eukaryota,false,,,,4.787197162180655,64,2,30,87.5282,105.266,10^-23.3432,,,,,,,,,,,,,,,,,[2884231],0
2884231,1,468813,Tolmerus cingulatus,"",eukaryota,false,,,,4.787197162180655,64,2,30,87.5282,105.266,10^-23.3432,,,,,,,,,,,,,,,,,,0
468766,2,468766,Neoitamus,"",eukaryota,false,,,,2.3935985810903273,32,1,6,88.895,64.7419,10^-19.0364,,,,,,,,,,,,,,,,,[468767],0
468767,1,468766,Neoitamus cyanurus,"",eukaryota,false,,,,2.3935985810903273,32,1,6,88.895,64.7419,10^-19.0364,,,,,,,,,,,,,,,,,,0
468724,2,468724,Dysmachus,"",eukaryota,false,,,,4.188797516908073,56,2,35,85.1169,105.074,10^-20.0298,,,,,,,,,,,,,,,,,[468725],0
468725,1,468724,Dysmachus trigonus,"",eukaryota,false,,,,4.188797516908073,56,2,35,85.1169,105.074,10^-20.0298,,,,,,,,,,,,,,,,,,0
468713,2,468713,Cyrtopogon,"",eukaryota,false,,,,0.07479995565907273,1,,,88.0,100.0,10^-39.2297,,,,,,,,,,,,,,,,,[2034849],0
2034849,1,468713,Cyrtopogon montanus,"",eukaryota,false,,,,0.07479995565907273,1,,,88.0,100.0,10^-39.2297,,,,,,,,,,,,,,,,,,0
467975,2,467975,Iamia,"",bacteria,false,,,,0.14959991131814546,2,,,94.8705,97.5,10^-47.1319,,,,,,,,,,,,,,,,,[2722752],0
2722752,1,467975,Iamia sp. SCSIO 61187,"",bacteria,false,,,,0.14959991131814546,2,,,94.8705,97.5,10^-47.1319,,,,,,,,,,,,,,,,,,0
467773,2,467773,Emmelina,"",eukaryota,false,,,,0.3739997782953636,5,,,89.0234,58.8,10^-18.0661,,,,,,,,,,,,,,,,,[467774],0
467774,1,467773,Emmelina monodactyla,morning-glory plume moth,eukaryota,false,,,,0.3739997782953636,5,,,89.0234,58.8,10^-18.0661,,,,,,,,,,,,,,,,,,0
464722,2,464722,Eilema,"",eukaryota,false,,,,0.3739997782953636,5,,,90.6634,48.8,10^-14.299,,,,,,,,,,,,,,,,,"[987929, 987424]",0
987929,1,464722,Eilema caniola,"",eukaryota,false,,,,0.2991998226362909,4,,,89.7182,52.0,10^-15.5034,,,,,,,,,,,,,,,,,,0
987424,1,464722,Eilema sororculum,"",eukaryota,false,,,,0.07479995565907273,1,,,94.444,36.0,10^-9.48129,,,,,,,,,,,,,,,,,,0
461281,2,461281,Ogataea,"",eukaryota,false,,,,,,,,,,,,,,,,2.0195988027949636,27,1,26,70.3819,113.852,10^-35.1222,,,,,"[1005962, 460523]",0
1005962,1,461281,Ogataea parapolymorpha,"",eukaryota,false,,,,,,,,,,,,,,,,1.9447988471358908,26,1,26,70.085,117.0,10^-36.1439,,,,,,0
460523,1,461281,Ogataea polymorpha,"",eukaryota,false,,,,,,,,,,,,,,,,0.07479995565907273,1,,,78.1,32.0,10^-8.55752,,,,,,0
459520,2,459520,Neptuniibacter,"",bacteria,false,,,,0.07479995565907273,1,,,100.0,91.0,10^-49.5635,,,,,,0.07479995565907273,1,,,97.0,33.0,10^-12.7282,,,,,[651666],0
651666,1,459520,Neptuniibacter halophilus,"",bacteria,false,,,,0.07479995565907273,1,,,100.0,91.0,10^-49.5635,,,,,,0.07479995565907273,1,,,97.0,33.0,10^-12.7282,,,,,,0
457750,2,457750,Gari,"",eukaryota,false,,,,0.5235996896135091,7,,,87.4063,55.0,10^-14.7026,,,,,,,,,,,,,,,,,[2589376],0
2589376,1,457750,Gari tellinella,"",eukaryota,false,,,,0.5235996896135091,7,,,87.4063,55.0,10^-14.7026,,,,,,,,,,,,,,,,,,0
456492,2,456492,Saccharibacillus,"",bacteria,false,,,,,,,,,,,,,,,,0.07479995565907273,1,,,74.2,31.0,10^-7.62893,,,,,[2060666],0
2060666,1,456492,Saccharibacillus endophyticus,"",bacteria,false,,,,,,,,,,,,,,,,0.07479995565907273,1,,,74.2,31.0,10^-7.62893,,,,,,0
454922,2,454922,Diachasma,"",eukaryota,false,,,,0.14959991131814546,2,,,97.6135,42.0,10^-14.9043,,,,,,0.8975994679088727,12,,,81.1273,29.8182,10^-6.91931,,,,,[454923],0
454923,1,454922,Diachasma alloeum,"",eukaryota,false,,,,0.14959991131814546,2,,,97.6135,42.0,10^-14.9043,,,,,,0.8975994679088727,12,,,81.1273,29.8182,10^-6.91931,,,,,,0
453566,2,453566,Ambispora,"",eukaryota,false,,,,,,,,,,,,,,,,0.14959991131814546,2,,,67.7,31.0,10^-6.09098,,,,,[144530],0
144530,1,453566,Ambispora gerdemannii,"",eukaryota,false,,,,,,,,,,,,,,,,0.14959991131814546,2,,,67.7,31.0,10^-6.09098,,,,,,0
452743,2,452743,Crataerina,"",eukaryota,false,,,,3.8895976942717816,52,1,33,83.6262,92.88,10^-13.9408,,,,,,,,,,,,,,,,,[452744],0
452744,1,452743,Crataerina pallida,"",eukaryota,false,,,,3.8895976942717816,52,1,33,83.6262,92.88,10^-13.9408,,,,,,,,,,,,,,,,,,0
449632,2,449632,Parasteatoda,"",eukaryota,false,,,,,,,,,,,,,,,,0.8975994679088727,12,,,81.3667,31.4167,10^-7.51426,,,,,[114398],0
114398,1,449632,Parasteatoda tepidariorum,common house spider,eukaryota,false,,,,,,,,,,,,,,,,0.8975994679088727,12,,,81.3667,31.4167,10^-7.51426,,,,,,0
447591,2,447591,Oedothorax,"",eukaryota,false,,,,,,,,,,,,,,,,0.44879973395443634,6,,,73.75,32.5,10^-6.61735,,,,,[931172],0
931172,1,447591,Oedothorax gibbosus,"",eukaryota,false,,,,,,,,,,,,,,,,0.44879973395443634,6,,,73.75,32.5,10^-6.61735,,,,,,0
446525,2,446525,Athripsodes,"",eukaryota,false,,,,0.5983996452725818,8,,,89.0729,56.75,10^-17.8803,,,,,,,,,,,,,,,,,[446526],0
446526,1,446525,Athripsodes cinereus,"",eukaryota,false,,,,0.5983996452725818,8,,,89.0729,56.75,10^-17.8803,,,,,,,,,,,,,,,,,,0
445458,2,445458,Anischia,"",eukaryota,false,,,,,,,,,,,,,,,,0.07479995565907273,1,,,100.0,33.0,10^-12.6478,,,,,[2056607],0
2056607,1,445458,Anischia sp. CSR022,"",eukaryota,false,,,,,,,,,,,,,,,,0.07479995565907273,1,,,100.0,33.0,10^-12.6478,,,,,,0
444855,2,444855,Brunneria,"",eukaryota,false,,,,,,,,,,,,,,,,0.22439986697721817,3,,,100.0,27.0,10^-7.42829,,,,,[1603012],0
1603012,1,444855,Brunneria borealis,"",eukaryota,false,,,,,,,,,,,,,,,,0.22439986697721817,3,,,100.0,27.0,10^-7.42829,,,,,,0
443672,2,443672,Zonitis,"",eukaryota,false,,,,,,,,,,,,,,,,0.07479995565907273,1,,,100.0,33.0,10^-13.9747,,,,,[2072881],0
2072881,1,443672,Zonitis sp. CSR114,"",eukaryota,false,,,,,,,,,,,,,,,,0.07479995565907273,1,,,100.0,33.0,10^-13.9747,,,,,,0
442252,2,442252,Cymothoe,"",eukaryota,false,,,,0.22439986697721817,3,,,100.0,95.0,10^-52.29,,,,,,,,,,,,,,,,,[1210388],0
1210388,1,442252,Cymothoe herminia,"",eukaryota,false,,,,0.22439986697721817,3,,,100.0,95.0,10^-52.29,,,,,,,,,,,,,,,,,,0
440281,2,440281,Cephalobyrrhus,"",eukaryota,false,,,,0.14959991131814546,2,,,95.455,44.0,10^-14.8836,,,,,,,,,,,,,,,,,[2055351],0
2055351,1,440281,Cephalobyrrhus sp. INB082,"",eukaryota,false,,,,0.14959991131814546,2,,,95.455,44.0,10^-14.8836,,,,,,,,,,,,,,,,,,0
439969,2,439969,Pseudanthobothrium,"",eukaryota,false,,,,0.07479995565907273,1,,,84.746,59.0,10^-15.4424,,,,,,,,,,,,,,,,,[1403093],0
1403093,1,439969,Pseudanthobothrium sp. 1 AW-2013,"",eukaryota,false,,,,0.07479995565907273,1,,,84.746,59.0,10^-15.4424,,,,,,,,,,,,,,,,,,0
439566,2,439566,Hypomecis,"",eukaryota,false,,,,0.8975994679088727,12,,,94.3641,38.7273,10^-10.9483,,,,,,,,,,,,,,,,,[439567],0
439567,1,439566,Hypomecis punctinalis,pale oak beauty,eukaryota,false,,,,0.8975994679088727,12,,,94.3641,38.7273,10^-10.9483,,,,,,,,,,,,,,,,,,0
439357,2,439357,Megalurothrips,"",eukaryota,false,,,,,,,,,,,,,,,,0.5983996452725818,8,,,85.1875,31.625,10^-8.51262,,,,,[439358],0
439358,1,439357,Megalurothrips usitatus,bean blossom thrips,eukaryota,false,,,,,,,,,,,,,,,,0.5983996452725818,8,,,85.1875,31.625,10^-8.51262,,,,,,0
438491,2,438491,Dicyrtomina,"",eukaryota,false,,,,0.07479995565907273,1,,,100.0,36.0,10^-12.226,,,,,,,,,,,,,,,,,[1387116],0
1387116,1,438491,Dicyrtomina minuta,"",eukaryota,false,,,,0.07479995565907273,1,,,100.0,36.0,10^-12.226,,,,,,,,,,,,,,,,,,0
435422,2,435422,Soliformovum,"",eukaryota,false,,,,0.14959991131814546,2,,,97.03,101.0,10^-52.2629,,,,,,,,,,,,,,,,,[435423],0
435423,1,435422,Soliformovum expulsum,"",eukaryota,false,,,,0.14959991131814546,2,,,97.03,101.0,10^-52.2629,,,,,,,,,,,,,,,,,,0
433154,2,433154,Tetraphala,"",eukaryota,false,,,,0.14959991131814546,2,,,91.667,60.0,10^-21.6108,,,,,,,,,,,,,,,,,[2055676],0
2055676,1,433154,Tetraphala sp. INB029,"",eukaryota,false,,,,0.14959991131814546,2,,,91.667,60.0,10^-21.6108,,,,,,,,,,,,,,,,,,0
433092,2,433092,Corticaria,"",eukaryota,false,,,,,,,,,,,,,,,,0.07479995565907273,1,,,100.0,33.0,10^-15.4225,,,,,[2055365],0
2055365,1,433092,Corticaria sp. CSR029,"",eukaryota,false,,,,,,,,,,,,,,,,0.07479995565907273,1,,,100.0,33.0,10^-15.4225,,,,,,0
433085,2,433085,Brachypterus,"",eukaryota,false,,,,0.8227995122498,11,,,90.6146,59.6667,10^-19.4242,,,,,,,,,,,,,,,,,[442081],0
442081,1,433085,Brachypterus glaber,"",eukaryota,false,,,,0.8227995122498,11,,,90.6146,59.6667,10^-19.4242,,,,,,,,,,,,,,,,,,0
432909,2,432909,Propalticus,"",eukaryota,false,,,,,,,,,,,,,,,,0.14959991131814546,2,,,98.5,33.0,10^-13.3762,,,,,[2055509],0
2055509,1,432909,Propalticus sp. CSR042,"",eukaryota,false,,,,,,,,,,,,,,,,0.14959991131814546,2,,,98.5,33.0,10^-13.3762,,,,,,0
432893,2,432893,Inopeplus,"",eukaryota,false,,,,0.07479995565907273,1,,,79.73,74.0,10^-17.4026,,,,,,,,,,,,,,,,,[1605521],0
1605521,1,432893,Inopeplus dimidiatus,"",eukaryota,false,,,,0.07479995565907273,1,,,79.73,74.0,10^-17.4026,,,,,,,,,,,,,,,,,,0
432866,2,432866,Carphurus,"",eukaryota,false,,,,,,,,,,,,,,,,0.07479995565907273,1,,,100.0,33.0,10^-12.4486,,,,,[2055348],0
2055348,1,432866,Carphurus sp. INB131,"",eukaryota,false,,,,,,,,,,,,,,,,0.07479995565907273,1,,,100.0,33.0,10^-12.4486,,,,,,0
431649,2,431649,Acalyptris,"",eukaryota,false,,,,,,,,,,,,,,,,0.07479995565907273,1,,,100.0,24.0,10^-8.94692,,,,,[1927156],0
1927156,1,431649,Acalyptris sp. AlniphyllumTaiwan,"",eukaryota,false,,,,,,,,,,,,,,,,0.07479995565907273,1,,,100.0,24.0,10^-8.94692,,,,,,0
421423,2,421423,Mimumesa,"",eukaryota,false,,,,1.346399201863309,18,1,4,91.3938,55.5556,10^-14.7034,,,,,,,,,,,,,,,,,[2495085],0
2495085,1,421423,Mimumesa dahlbomi,"",eukaryota,false,,,,1.346399201863309,18,1,4,91.3938,55.5556,10^-14.7034,,,,,,,,,,,,,,,,,,0
421402,2,421402,Pemphredon,"",eukaryota,false,,,,0.7479995565907273,10,,,90.3149,56.6,10^-18.3612,,,,,,,,,,,,,,,,,[2495172],0
2495172,1,421402,Pemphredon lugubris,"",eukaryota,false,,,,0.7479995565907273,10,,,90.3149,56.6,10^-18.3612,,,,,,,,,,,,,,,,,,0
421297,2,421297,Ectemnius,"",eukaryota,false,,,,0.2991998226362909,4,,,88.7645,71.25,10^-23.4635,,,,,,,,,,,,,,,,,"[2495015, 1126389]",0
2495015,1,421297,Ectemnius lituratus,"",eukaryota,false,,,,0.07479995565907273,1,,,90.909,44.0,10^-12.1389,,,,,,,,,,,,,,,,,,0
1126389,1,421297,Ectemnius continuus,"",eukaryota,false,,,,0.22439986697721817,3,,,88.0497,80.3333,10^-27.2383,,,,,,,,,,,,,,,,,,0
421220,2,421220,Nysson,"",eukaryota,false,,,,0.8227995122498,11,,,96.1002,43.6364,10^-14.6496,,,,,,,,,,,,,,,,,[2495127],0
2495127,1,421220,Nysson spinosus,"",eukaryota,false,,,,0.8227995122498,11,,,96.1002,43.6364,10^-14.6496,,,,,,,,,,,,,,,,,,0
420972,2,420972,Epithemia,"",eukaryota,false,,,,0.07479995565907273,1,,,86.885,61.0,10^-18.1727,,,,,,,,,,,,,,,,,[2809013],0
2809013,1,420972,Epithemia pelagica,"",eukaryota,false,,,,0.07479995565907273,1,,,86.885,61.0,10^-18.1727,,,,,,,,,,,,,,,,,,0
420855,2,420855,Ducetia,"",eukaryota,false,,,,,,,,,,,,,,,,0.07479995565907273,1,,,100.0,30.0,10^-9.22475,,,,,[420856],0
420856,1,420855,Ducetia japonica,"",eukaryota,false,,,,,,,,,,,,,,,,0.07479995565907273,1,,,100.0,30.0,10^-9.22475,,,,,,0
416916,2,416916,Aggregatibacter,"",bacteria,false,,,,0.07479995565907273,1,,,96.296,81.0,10^-38.6351,,,,,,,,,,,,,,,,,[714],1
714,1,416916,Aggregatibacter actinomycetemcomitans,"",bacteria,false,,,,0.07479995565907273,1,,,96.296,81.0,10^-38.6351,,,,,,,,,,,,,,,,,,1
416013,2,416013,Lentomitella,"",eukaryota,false,,,,0.14959991131814546,2,,,96.703,91.0,10^-45.4464,,,,,,,,,,,,,,,,,[508422],0
508422,1,416013,Lentomitella pallibrunnea,"",eukaryota,false,,,,0.14959991131814546,2,,,96.703,91.0,10^-45.4464,,,,,,,,,,,,,,,,,,0
414933,2,414933,Phosphuga,"",eukaryota,false,,,,1.7203989801586728,23,,,85.0691,57.1739,10^-14.2702,,,,,,,,,,,,,,,,,[414934],0
414934,1,414933,Phosphuga atrata,"",eukaryota,false,,,,1.7203989801586728,23,,,85.0691,57.1739,10^-14.2702,,,,,,,,,,,,,,,,,,0
414926,2,414926,Necrodes,"",eukaryota,false,,,,0.07479995565907273,1,,,94.34,53.0,10^-19.6061,,,,,,,,,,,,,,,,,[414927],0
414927,1,414926,Necrodes littoralis,"",eukaryota,false,,,,0.07479995565907273,1,,,94.34,53.0,10^-19.6061,,,,,,,,,,,,,,,,,,0
414833,2,414833,Meliscaeva,"",eukaryota,false,,,,2.3187986254312545,31,1,13,88.7163,81.6452,10^-20.989,,,,,,,,,,,,,,,,,[431829],0
431829,1,414833,Meliscaeva auricollis,"",eukaryota,false,,,,2.3187986254312545,31,1,13,88.7163,81.6452,10^-20.989,,,,,,,,,,,,,,,,,,0
414825,2,414825,Melangyna,"",eukaryota,false,,,,0.07479995565907273,1,,,95.652,46.0,10^-16.2367,,,,,,,,,,,,,,,,,[2884232],0
2884232,1,414825,Melangyna quadrimaculata,"",eukaryota,false,,,,0.07479995565907273,1,,,95.652,46.0,10^-16.2367,,,,,,,,,,,,,,,,,,0
414813,2,414813,Epistrophella,"",eukaryota,false,,,,0.22439986697721817,3,,,92.1613,66.6667,10^-25.6824,,,,,,,,,,,,,,,,,[414814],0
414814,1,414813,Epistrophella euchroma,"",eukaryota,false,,,,0.22439986697721817,3,,,92.1613,66.6667,10^-25.6824,,,,,,,,,,,,,,,,,,0
414810,2,414810,Epistrophe,"",eukaryota,false,,,,0.3739997782953636,5,,,87.3888,71.6,10^-22.9247,,,,,,,,,,,,,,,,,"[1352479, 1124511]",0
1352479,1,414810,Epistrophe grossulariae,"",eukaryota,false,,,,0.14959991131814546,2,,,86.0735,79.0,10^-26.2946,,,,,,,,,,,,,,,,,,0
1124511,1,414810,Epistrophe eligans,"",eukaryota,false,,,,0.22439986697721817,3,,,88.2657,66.6667,10^-20.6781,,,,,,,,,,,,,,,,,,0
414371,2,414371,Aureimonas,"",bacteria,false,,,,0.2991998226362909,4,,,97.7725,101.0,10^-53.2922,,,,,,,,,,,,,,,,,"[1638163, 1638162]",0
1638163,1,414371,Aureimonas sp. AU4,"",bacteria,false,,,,0.07479995565907273,1,,,97.03,101.0,10^-52.2629,,,,,,,,,,,,,,,,,,0
1638162,1,414371,Aureimonas sp. AU22,"",bacteria,false,,,,0.22439986697721817,3,,,98.02,101.0,10^-53.6353,,,,,,,,,,,,,,,,,,0
413496,2,413496,Cronobacter,"",bacteria,false,,,,0.07479995565907273,1,,,95.05,101.0,10^-49.5182,,,,,,0.14959991131814546,2,,,95.4,32.5,10^-13.2466,,,,,"[413501, 28141]",1
413501,1,413496,Cronobacter muytjensii,"",bacteria,false,,,,0.07479995565907273,1,,,95.05,101.0,10^-49.5182,,,,,,,,,,,,,,,,,,0
28141,1,413496,Cronobacter sakazakii,"",bacteria,false,,,,,,,,,,,,,,,,0.14959991131814546,2,,,95.4,32.5,10^-13.2466,,,,,,1
412764,2,412764,Spathaspora,"",eukaryota,false,,,,0.07479995565907273,1,,,87.5,72.0,10^-24.2763,,,,,,,,,,,,,,,,,[561895],0
561895,1,412764,[Candida] subhashii,"",eukaryota,false,,,,0.07479995565907273,1,,,87.5,72.0,10^-24.2763,,,,,,,,,,,,,,,,,,0
411962,2,411962,Schrankia,"",eukaryota,false,,,,0.07479995565907273,1,,,94.595,37.0,10^-10.1556,,,,,,,,,,,,,,,,,[411963],0
411963,1,411962,Schrankia costaestrigalis,pinion-streaked snout moth,eukaryota,false,,,,0.07479995565907273,1,,,94.595,37.0,10^-10.1556,,,,,,,,,,,,,,,,,,0
411558,2,411558,Burgoa,"",eukaryota,false,,,,0.07479995565907273,1,,,91.209,91.0,10^-38.5845,,,,,,,,,,,,,,,,,[411691],0
411691,1,411558,Burgoa turficola,"",eukaryota,false,,,,0.07479995565907273,1,,,91.209,91.0,10^-38.5845,,,,,,,,,,,,,,,,,,0
410829,2,410829,Sugiyamaella,"",eukaryota,false,,,,0.07479995565907273,1,,,79.412,68.0,10^-14.6946,,,,,,,,,,,,,,,,,[796027],0
796027,1,410829,Sugiyamaella lignohabitans,"",eukaryota,false,,,,0.07479995565907273,1,,,79.412,68.0,10^-14.6946,,,,,,,,,,,,,,,,,,0
405031,2,405031,Brenthis,"",eukaryota,false,,,,0.22439986697721817,3,,,88.794,66.0,10^-21.5965,,,,,,0.9723994235679454,13,,,71.1667,32.0,10^-6.88089,,,,,"[405034, 405033, 405032]",0
405034,1,405031,Brenthis ino,lesser marbled fritillary,eukaryota,false,,,,,,,,,,,,,,,,0.9723994235679454,13,,,71.1667,32.0,10^-6.88089,,,,,,0
405033,1,405031,Brenthis hecate,twin-spot fritillary,eukaryota,false,,,,0.07479995565907273,1,,,85.859,99.0,10^-35.8032,,,,,,,,,,,,,,,,,,0
405032,1,405031,Brenthis daphne,marbled fritillary,eukaryota,false,,,,0.14959991131814546,2,,,90.2615,49.5,10^-14.4932,,,,,,,,,,,,,,,,,,0
404432,2,404432,Salinicola,"",bacteria,false,,,,0.3739997782953636,5,,,96.2645,100.25,10^-50.7223,,,,,,,,,,,,,,,,,"[3050071, 404433]",0
3050071,1,404432,Salinicola sp. JS01,"",bacteria,false,,,,0.2991998226362909,4,,,95.6793,100.0,10^-49.7513,,,,,,,,,,,,,,,,,,0
404433,1,404432,Salinicola socius,"",bacteria,false,,,,0.07479995565907273,1,,,98.02,101.0,10^-53.6353,,,,,,,,,,,,,,,,,,0
401624,2,401624,Ceraceosorus,"",eukaryota,false,,,,,,,,,,,,,,,,0.14959991131814546,2,,,92.25,32.5,10^-12.7962,,,,,[401625],0
401625,1,401624,Ceraceosorus bombacis,"",eukaryota,false,,,,,,,,,,,,,,,,0.14959991131814546,2,,,92.25,32.5,10^-12.7962,,,,,,0
399522,2,399522,Notoscyphus,"",eukaryota,false,,,,0.07479995565907273,1,,,95.05,101.0,10^-49.5182,,,,,,,,,,,,,,,,,[399523],0
399523,1,399522,Notoscyphus lutescens,"",eukaryota,false,,,,0.07479995565907273,1,,,95.05,101.0,10^-49.5182,,,,,,,,,,,,,,,,,,0
399320,2,399320,Sphaerochaeta,"",bacteria,false,,,,0.07479995565907273,1,,,86.0,50.0,10^-12.0834,,,,,,,,,,,,,,,,,[1131703],0
1131703,1,399320,Sphaerochaeta globosa,"",bacteria,false,,,,0.07479995565907273,1,,,86.0,50.0,10^-12.0834,,,,,,,,,,,,,,,,,,0
399044,2,399044,Notodromas,"",eukaryota,false,,,,0.22439986697721817,3,,,87.6077,75.3333,10^-24.2917,,,,,,,,,,,,,,,,,[399045],0
399045,1,399044,Notodromas monacha,"",eukaryota,false,,,,0.22439986697721817,3,,,87.6077,75.3333,10^-24.2917,,,,,,,,,,,,,,,,,,0
397391,2,397391,Malania,"",eukaryota,false,,,,0.07479995565907273,1,,,100.0,38.0,10^-13.5749,,,,,,,,,,,,,,,,,[397392],0
397392,1,397391,Malania oleifera,"",eukaryota,false,,,,0.07479995565907273,1,,,100.0,38.0,10^-13.5749,,,,,,,,,,,,,,,,,,0
397124,2,397124,Allodia,"",eukaryota,false,,,,0.07479995565907273,1,,,100.0,68.0,10^-33.9078,,,,,,0.07479995565907273,1,,,97.0,33.0,10^-12.4711,,,,,"[2608103, 1601811]",0
2608103,1,397124,Allodia truncata,"",eukaryota,false,,,,0.07479995565907273,1,,,100.0,68.0,10^-33.9078,,,,,,,,,,,,,,,,,,0
1601811,1,397124,Allodia ornaticollis,"",eukaryota,false,,,,,,,,,,,,,,,,0.07479995565907273,1,,,97.0,33.0,10^-12.4711,,,,,,0
397111,2,397111,Boletina,"",eukaryota,false,,,,,,,,,,,,,,,,0.07479995565907273,1,,,96.3,27.0,10^-8.48017,,,,,[1739645],0
1739645,1,397111,Boletina nasuta,"",eukaryota,false,,,,,,,,,,,,,,,,0.07479995565907273,1,,,96.3,27.0,10^-8.48017,,,,,,0
395590,2,395590,Zasmidium,"",eukaryota,false,,,,0.07479995565907273,1,,,98.387,62.0,10^-28.4584,,,,,,,,,,,,,,,,,[395010],0
395010,1,395590,Zasmidium cellare,"",eukaryota,false,,,,0.07479995565907273,1,,,98.387,62.0,10^-28.4584,,,,,,,,,,,,,,,,,,0
395100,2,395100,Comarum,"",eukaryota,false,,,,0.14959991131814546,2,,,86.486,37.0,10^-6.03847,,,,,,,,,,,,,,,,,[57932],0
57932,1,395100,Comarum palustre,"",eukaryota,false,,,,0.14959991131814546,2,,,86.486,37.0,10^-6.03847,,,,,,,,,,,,,,,,,,0
393467,2,393467,Trichopteryx,"",eukaryota,false,,,,0.07479995565907273,1,,,97.222,36.0,10^-10.8537,,,,,,,,,,,,,,,,,[505408],0
505408,1,393467,Trichopteryx carpinata,"",eukaryota,false,,,,0.07479995565907273,1,,,97.222,36.0,10^-10.8537,,,,,,,,,,,,,,,,,,0
393423,2,393423,Ozola,"",eukaryota,false,,,,,,,,,,,,,,,,0.07479995565907273,1,,,100.0,25.0,10^-6.44977,,,,,[2568799],0
2568799,1,393423,Ozola minor,"",eukaryota,false,,,,,,,,,,,,,,,,0.07479995565907273,1,,,100.0,25.0,10^-6.44977,,,,,,0
393392,2,393392,Macaria,"",eukaryota,false,,,,0.7479995565907273,10,,,91.5976,56.8,10^-18.4998,,,,,,,,,,,,,,,,,[688445],0
688445,1,393392,Macaria notata,"",eukaryota,false,,,,0.7479995565907273,10,,,91.5976,56.8,10^-18.4998,,,,,,,,,,,,,,,,,,0
393350,2,393350,Cabera,"",eukaryota,false,,,,0.3739997782953636,5,,,87.3192,72.2,10^-24.1419,,,,,,,,,,,,,,,,,[722659],0
722659,1,393350,Cabera pusaria,"",eukaryota,false,,,,0.3739997782953636,5,,,87.3192,72.2,10^-24.1419,,,,,,,,,,,,,,,,,,0
391237,2,391237,Peniophorella,"",eukaryota,false,,,,0.2991998226362909,4,,,99.468,97.0,10^-52.2807,,,,,,,,,,,,,,,,,"[1867788, 89803]",0
1867788,1,391237,Peniophorella crystallifera,"",eukaryota,false,,,,0.14959991131814546,2,,,98.936,94.0,10^-50.2356,,,,,,,,,,,,,,,,,,0
89803,1,391237,Peniophorella praetermissa,"",eukaryota,false,,,,0.14959991131814546,2,,,100.0,100.0,10^-54.3258,,,,,,,,,,,,,,,,,,0
388809,2,388809,Blyttiomyces,"",eukaryota,false,,,,,,,,,,,,,,,,0.14959991131814546,2,,,91.95,31.5,10^-8.13868,,,,,"[2724214, 388810]",0
2724214,1,388809,Blyttiomyces sp. JEL0837,"",eukaryota,false,,,,,,,,,,,,,,,,0.07479995565907273,1,,,93.9,33.0,10^-10.9208,,,,,,0
388810,1,388809,Blyttiomyces helicus,"",eukaryota,false,,,,,,,,,,,,,,,,0.07479995565907273,1,,,90.0,30.0,10^-5.35655,,,,,,0
388027,2,388027,Saccinobaculus,"",eukaryota,false,,,,0.14959991131814546,2,,,91.667,60.0,10^-21.6108,,,,,,,,,,,,,,,,,[413587],0
413587,1,388027,Saccinobaculus environmental sample,"",eukaryota,false,,,,0.14959991131814546,2,,,91.667,60.0,10^-21.6108,,,,,,,,,,,,,,,,,,0
387770,2,387770,Dolycoris,"",eukaryota,false,,,,,,,,,,,,,,,,0.07479995565907273,1,,,100.0,30.0,10^-14.308,,,,,[387771],0
387771,1,387770,Dolycoris baccarum,sloe bug,eukaryota,false,,,,,,,,,,,,,,,,0.07479995565907273,1,,,100.0,30.0,10^-14.308,,,,,,0
378298,2,378298,Amphiduros,"",eukaryota,false,,,,0.5235996896135091,7,,,88.668,46.7143,10^-12.2167,,,,,,,,,,,,,,,,,[1209993],0
1209993,1,378298,Amphiduros pacificus,"",eukaryota,false,,,,0.5235996896135091,7,,,88.668,46.7143,10^-12.2167,,,,,,,,,,,,,,,,,,0
376488,2,376488,Halotalea,"",bacteria,false,,,,0.6731996009316545,9,,,98.2476,99.375,10^-52.8706,,,,,,,,,,,,,,,,,[376489],0
376489,1,376488,Halotalea alkalilenta,"",bacteria,false,,,,0.6731996009316545,9,,,98.2476,99.375,10^-52.8706,,,,,,,,,,,,,,,,,,0
374469,2,374469,Vanderwaltozyma,"",eukaryota,false,,,,,,,,,,,,,,,,0.07479995565907273,1,,,60.6,33.0,10^-3.58336,,,,,[36033],0
36033,1,374469,Vanderwaltozyma polyspora,"",eukaryota,false,,,,,,,,,,,,,,,,0.07479995565907273,1,,,60.6,33.0,10^-3.58336,,,,,,0
374468,2,374468,Nakaseomyces,"",eukaryota,false,,,,0.07479995565907273,1,,,79.545,44.0,10^-5.27703,,,,,,,,,,,,,,,,,[5478],1
5478,1,374468,Nakaseomyces glabratus,"",eukaryota,false,,,,0.07479995565907273,1,,,79.545,44.0,10^-5.27703,,,,,,,,,,,,,,,,,,1
373301,2,373301,Pentanymphon,"",eukaryota,false,,,,,,,,,,,,,,,,0.07479995565907273,1,,,100.0,21.0,10^-6.17199,,,,,[2773440],0
2773440,1,373301,Pentanymphon sp. PYC116,"",eukaryota,false,,,,,,,,,,,,,,,,0.07479995565907273,1,,,100.0,21.0,10^-6.17199,,,,,,0
370604,2,370604,Lamprigera,"",eukaryota,false,,,,,,,,,,,,,,,,0.7479995565907273,10,,,93.48,28.1,10^-8.66436,,,,,[370605],0
370605,1,370604,Lamprigera yunnana,"",eukaryota,false,,,,,,,,,,,,,,,,0.7479995565907273,10,,,93.48,28.1,10^-8.66436,,,,,,0
369248,2,369248,Vollenhovia,"",eukaryota,false,,,,0.5983996452725818,8,,,91.9449,58.625,10^-21.5613,,,,,,0.9723994235679454,13,,,71.0692,30.6154,10^-5.20925,,,,,[411798],0
411798,1,369248,Vollenhovia emeryi,"",eukaryota,false,,,,0.5983996452725818,8,,,91.9449,58.625,10^-21.5613,,,,,,0.9723994235679454,13,,,71.0692,30.6154,10^-5.20925,,,,,,0
369122,2,369122,Dinoponera,"",eukaryota,false,,,,0.22439986697721817,3,,,91.7973,39.6667,10^-10.128,,,,,,0.44879973395443634,6,,,91.1667,29.3333,10^-8.40767,,,,,[609295],0
609295,1,369122,Dinoponera quadriceps,"",eukaryota,false,,,,0.22439986697721817,3,,,91.7973,39.6667,10^-10.128,,,,,,0.44879973395443634,6,,,91.1667,29.3333,10^-8.40767,,,,,,0
364330,2,364330,Polyplax,"",eukaryota,false,,,,,,,,,,,,,,,,0.14959991131814546,2,,,98.0,28.5,10^-6.03292,,,,,[1308816],0
1308816,1,364330,Polyplax arvicanthis,"",eukaryota,false,,,,,,,,,,,,,,,,0.14959991131814546,2,,,98.0,28.5,10^-6.03292,,,,,,0
362317,2,362317,Alona,"",eukaryota,false,,,,0.22439986697721817,3,,,91.6833,75.6667,10^-29.5268,,,,,,,,,,,,,,,,,[381656],0
381656,1,362317,Alona affinis,"",eukaryota,false,,,,0.22439986697721817,3,,,91.6833,75.6667,10^-29.5268,,,,,,,,,,,,,,,,,,0
362141,2,362141,Hoplocampa,"",eukaryota,false,,,,,,,,,,,,,,,,0.14959991131814546,2,,,95.1,30.0,10^-10.5093,,,,,[1518626],0
1518626,1,362141,Hoplocampa sp. tN4,"",eukaryota,false,,,,,,,,,,,,,,,,0.14959991131814546,2,,,95.1,30.0,10^-10.5093,,,,,,0
361607,2,361607,Patulibacter,"",bacteria,false,,,,0.07479995565907273,1,,,95.96,99.0,10^-49.5269,,,,,,,,,,,,,,,,,[1097667],0
1097667,1,361607,Patulibacter medicamentivorans,"",bacteria,false,,,,0.07479995565907273,1,,,95.96,99.0,10^-49.5269,,,,,,,,,,,,,,,,,,0
358905,2,358905,Serendipita,"",eukaryota,false,,,,,,,,,,,,,,,,0.14959991131814546,2,,,86.55,30.5,10^-8.44272,,,,,[109899],0
109899,1,358905,Serendipita vermifera,"",eukaryota,false,,,,,,,,,,,,,,,,0.14959991131814546,2,,,86.55,30.5,10^-8.44272,,,,,,0
358023,2,358023,Lutibacter,"",bacteria,false,,,,,,,,,,,,,,,,0.07479995565907273,1,,,84.4,32.0,10^-8.63451,,,,,[2485000],0
2485000,1,358023,Lutibacter sp. HS1-25,"",bacteria,false,,,,,,,,,,,,,,,,0.07479995565907273,1,,,84.4,32.0,10^-8.63451,,,,,,0
356392,2,356392,Limnoperna,"",eukaryota,false,,,,0.44879973395443634,6,,,87.4867,50.6667,10^-13.4537,,,,,,,,,,,,,,,,,[356393],0
356393,1,356392,Limnoperna fortunei,"",eukaryota,false,,,,0.44879973395443634,6,,,87.4867,50.6667,10^-13.4537,,,,,,,,,,,,,,,,,,0
355586,2,355586,Nesidiocoris,"",eukaryota,false,,,,,,,,,,,,,,,,13.089992240337727,175,11,150,55.0512,95.8229,10^-25.4352,,,,,[355587],0
355587,1,355586,Nesidiocoris tenuis,"",eukaryota,false,,,,,,,,,,,,,,,,13.089992240337727,175,11,150,55.0512,95.8229,10^-25.4352,,,,,,0
352450,2,352450,Simplicispira,"",bacteria,false,,,,0.07479995565907273,1,,,89.189,37.0,10^-7.41084,,,,,,,,,,,,,,,,,[2109915],0
2109915,1,352450,Simplicispira suum,"",bacteria,false,,,,0.07479995565907273,1,,,89.189,37.0,10^-7.41084,,,,,,,,,,,,,,,,,,0
351532,2,351532,Schizotus,"",eukaryota,false,,,,0.7479995565907273,10,,,91.5883,63.9,10^-23.1777,,,,,,,,,,,,,,,,,[351686],0
351686,1,351532,Schizotus pectinicornis,"",eukaryota,false,,,,0.7479995565907273,10,,,91.5883,63.9,10^-23.1777,,,,,,,,,,,,,,,,,,0
348687,2,348687,Protaetia,"",eukaryota,false,,,,0.07479995565907273,1,,,81.159,69.0,10^-16.7468,,,,,,,,,,,,,,,,,[1163329],0
1163329,1,348687,Protaetia orientalis,"",eukaryota,false,,,,0.07479995565907273,1,,,81.159,69.0,10^-16.7468,,,,,,,,,,,,,,,,,,0
348616,2,348616,Massospora,"",eukaryota,false,,,,,,,,,,,,,,,,0.07479995565907273,1,,,69.7,33.0,10^-4.21968,,,,,[348617],0
348617,1,348616,Massospora cicadina,"",eukaryota,false,,,,,,,,,,,,,,,,0.07479995565907273,1,,,69.7,33.0,10^-4.21968,,,,,,0
348614,2,348614,Batkoa,"",eukaryota,false,,,,6.507596142339327,87,4,76,99.7087,239.674,10^-120.526,,,,,,,,,,,,,,,,,[423462],0
423462,1,348614,Batkoa major,"",eukaryota,false,,,,6.507596142339327,87,4,76,99.7087,239.674,10^-120.526,,,,,,,,,,,,,,,,,,0
347753,2,347753,Oegoconia,"",eukaryota,false,,,,1.1967992905451637,16,1,12,84.5395,126.062,10^-25.7893,,,,,,,,,,,,,,,,,[347754],0
347754,1,347753,Oegoconia quadripuncta,"",eukaryota,false,,,,1.1967992905451637,16,1,12,84.5395,126.062,10^-25.7893,,,,,,,,,,,,,,,,,,0
347458,2,347458,Salpingus,"",eukaryota,false,,,,1.5707990688405271,21,1,9,86.843,99.9048,10^-22.1063,,,,,,,,,,,,,,,,,[577144],0
577144,1,347458,Salpingus planirostris,"",eukaryota,false,,,,1.5707990688405271,21,1,9,86.843,99.9048,10^-22.1063,,,,,,,,,,,,,,,,,,0
347431,2,347431,Paratachys,"",eukaryota,false,,,,0.07479995565907273,1,,,86.0,100.0,10^-36.485,,,,,,,,,,,,,,,,,[2493438],0
2493438,1,347431,Paratachys sp. USA: California,"",eukaryota,false,,,,0.07479995565907273,1,,,86.0,100.0,10^-36.485,,,,,,,,,,,,,,,,,,0
347423,2,347423,Othius,"",eukaryota,false,,,,0.3739997782953636,5,,,94.1778,44.4,10^-14.336,,,,,,,,,,,,,,,,,[347424],0
347424,1,347423,Othius punctulatus,"",eukaryota,false,,,,0.3739997782953636,5,,,94.1778,44.4,10^-14.336,,,,,,,,,,,,,,,,,,0
347361,2,347361,Hermaeophaga,"",eukaryota,false,,,,0.7479995565907273,10,,,86.7793,54.0,10^-13.4488,,,,,,,,,,,,,,,,,[347362],0
347362,1,347361,Hermaeophaga mercurialis,"",eukaryota,false,,,,0.7479995565907273,10,,,86.7793,54.0,10^-13.4488,,,,,,,,,,,,,,,,,,0
347358,2,347358,Halyzia,"",eukaryota,false,,,,0.14959991131814546,2,,,92.298,49.0,10^-15.5289,,,,,,,,,,,,,,,,,[347359],0
347359,1,347358,Halyzia sedecimguttata,orange ladybird,eukaryota,false,,,,0.14959991131814546,2,,,92.298,49.0,10^-15.5289,,,,,,,,,,,,,,,,,,0
346096,2,346096,Paludibacter,"",bacteria,false,,,,,,,,,,,,,,,,0.07479995565907273,1,,,93.8,32.0,10^-9.05998,,,,,[1898105],0
1898105,1,346096,Paludibacter sp.,"",bacteria,false,,,,,,,,,,,,,,,,0.07479995565907273,1,,,93.8,32.0,10^-9.05998,,,,,,0
345571,2,345571,Melanaphis,"",eukaryota,false,,,,0.14959991131814546,2,,,92.0135,66.0,10^-24.3644,,,,,,0.22439986697721817,3,,,60.3667,32.0,10^-4.45191,,,,,[742174],0
742174,1,345571,Melanaphis sacchari,"",eukaryota,false,,,,0.14959991131814546,2,,,92.0135,66.0,10^-24.3644,,,,,,0.22439986697721817,3,,,60.3667,32.0,10^-4.45191,,,,,,0
344267,2,344267,Hypobapta,"",eukaryota,false,,,,0.07479995565907273,1,,,83.077,65.0,10^-16.7727,,,,,,,,,,,,,,,,,[655043],0
655043,1,344267,Hypobapta xenomorpha,"",eukaryota,false,,,,0.07479995565907273,1,,,83.077,65.0,10^-16.7727,,,,,,,,,,,,,,,,,,0
343582,2,343582,Nemotelus,"",eukaryota,false,,,,0.5235996896135091,7,,,88.462,54.0,10^-15.584,,,,,,,,,,,,,,,,,[343700],0
343700,1,343582,Nemotelus nigrinus,"",eukaryota,false,,,,0.5235996896135091,7,,,88.462,54.0,10^-15.584,,,,,,,,,,,,,,,,,,0
343581,2,343581,Hermetia,"",eukaryota,false,,,,2.0943987584540364,28,,,89.9539,60.2857,10^-19.6175,,,,,,11.444393215838128,153,5,67,73.3646,99.551,10^-17.6712,,,,,[343691],0
343691,1,343581,Hermetia illucens,black soldier fly,eukaryota,false,,,,2.0943987584540364,28,,,89.9539,60.2857,10^-19.6175,,,,,,11.444393215838128,153,5,67,73.3646,99.551,10^-17.6712,,,,,,0
338191,2,338191,Nitrosopumilus,"",archaea,false,,,,,,,,,,,,,,,,0.8227995122498,11,,,75.56,32.3,10^-6.26208,,,,,"[2024843, 1170320]",0
2024843,1,338191,Nitrosopumilus sp.,"",archaea,false,,,,,,,,,,,,,,,,0.07479995565907273,1,,,69.7,33.0,10^-8.04818,,,,,,0
1170320,1,338191,Candidatus Nitrosopumilus salaria,"",archaea,false,,,,,,,,,,,,,,,,0.7479995565907273,10,,,76.2111,32.2222,10^-6.06362,,,,,,0
338156,2,338156,Diamesa,"",eukaryota,false,,,,0.07479995565907273,1,,,97.561,41.0,10^-14.2281,,,,,,,,,,,,,,,,,[2942409],0
2942409,1,338156,Diamesa loeffleri,"",eukaryota,false,,,,0.07479995565907273,1,,,97.561,41.0,10^-14.2281,,,,,,,,,,,,,,,,,,0
337004,2,337004,Microcella,"",bacteria,false,,,,,,,,,,,,,,,,0.14959991131814546,2,,,69.7,33.0,10^-7.45097,,,,,[279828],0
279828,1,337004,Microcella alkaliphila,"",bacteria,false,,,,,,,,,,,,,,,,0.14959991131814546,2,,,69.7,33.0,10^-7.45097,,,,,,0
334624,2,334624,Oppiella,"",eukaryota,false,,,,0.44879973395443634,6,,,87.7135,54.6667,10^-15.4771,,,,,,0.14959991131814546,2,,,100.0,33.0,10^-11.0201,,,,,[334625],0
334625,1,334624,Oppiella nova,"",eukaryota,false,,,,0.44879973395443634,6,,,87.7135,54.6667,10^-15.4771,,,,,,0.14959991131814546,2,,,100.0,33.0,10^-11.0201,,,,,,0
334600,2,334600,Bonomoia,"",eukaryota,false,,,,,,,,,,,,,,,,0.07479995565907273,1,,,90.6,32.0,10^-9.451,,,,,[1111214],0
1111214,1,334600,Bonomoia sp. AD653,"",eukaryota,false,,,,,,,,,,,,,,,,0.07479995565907273,1,,,90.6,32.0,10^-9.451,,,,,,0
334516,2,334516,Allantophomopsis,"",eukaryota,false,,,,0.14959991131814546,2,,,94.5325,84.0,10^-39.3146,,,,,,,,,,,,,,,,,[334518],0
334518,1,334516,Allantophomopsis lycopodina,"",eukaryota,false,,,,0.14959991131814546,2,,,94.5325,84.0,10^-39.3146,,,,,,,,,,,,,,,,,,0
333886,2,333886,Drilonius,"",eukaryota,false,,,,,,,,,,,,,,,,0.07479995565907273,1,,,100.0,33.0,10^-14.7352,,,,,[2055399],0
2055399,1,333886,Drilonius sp. INB127,"",eukaryota,false,,,,,,,,,,,,,,,,0.07479995565907273,1,,,100.0,33.0,10^-14.7352,,,,,,0
330843,2,330843,Ampulex,"",eukaryota,false,,,,,,,,,,,,,,,,0.22439986697721817,3,,,90.6333,26.3333,10^-5.97532,,,,,[860918],0
860918,1,330843,Ampulex compressa,"",eukaryota,false,,,,,,,,,,,,,,,,0.22439986697721817,3,,,90.6333,26.3333,10^-5.97532,,,,,,0
329878,2,329878,Cryomyces,"",eukaryota,false,,,,,,,,,,,,,,,,0.14959991131814546,2,,,83.7,30.0,10^-7.08991,,,,,[331657],0
331657,1,329878,Cryomyces minteri,"",eukaryota,false,,,,,,,,,,,,,,,,0.14959991131814546,2,,,83.7,30.0,10^-7.08991,,,,,,0
329110,2,329110,Coquillettidia,"",eukaryota,false,,,,0.2991998226362909,4,,,99.6095,70.25,10^-34.7535,,,,,,0.22439986697721817,3,,,96.9667,27.0,10^-7.32729,,,,,[1245328],0
1245328,1,329110,Coquillettidia richiardii,"",eukaryota,false,,,,0.2991998226362909,4,,,99.6095,70.25,10^-34.7535,,,,,,0.22439986697721817,3,,,96.9667,27.0,10^-7.32729,,,,,,0
329010,2,329010,Meruliopsis,"",eukaryota,false,,,,0.07479995565907273,1,,,97.03,101.0,10^-52.2629,,,,,,,,,,,,,,,,,[2696545],0
2696545,1,329010,Meruliopsis parvispora,"",eukaryota,false,,,,0.07479995565907273,1,,,97.03,101.0,10^-52.2629,,,,,,,,,,,,,,,,,,0
328890,2,328890,Hamearis,"",eukaryota,false,,,,,,,,,,,,,,,,0.07479995565907273,1,,,100.0,33.0,10^-15.821,,,,,[328891],0
328891,1,328890,Hamearis lucina,Duke of Burgundy fritillary,eukaryota,false,,,,,,,,,,,,,,,,0.07479995565907273,1,,,100.0,33.0,10^-15.821,,,,,,0
328864,2,328864,Urbanus,"",eukaryota,false,,,,0.3739997782953636,5,,,89.257,50.0,10^-14.2849,,,,,,,,,,,,,,,,,[355208],0
355208,1,328864,Urbanus simplicius,"",eukaryota,false,,,,0.3739997782953636,5,,,89.257,50.0,10^-14.2849,,,,,,,,,,,,,,,,,,0
327281,2,327281,Acephala,"",eukaryota,false,,,,,,,,,,,,,,,,0.07479995565907273,1,,,81.3,32.0,10^-8.04383,,,,,[886606],0
886606,1,327281,Acephala macrosclerotiorum,"",eukaryota,false,,,,,,,,,,,,,,,,0.07479995565907273,1,,,81.3,32.0,10^-8.04383,,,,,,0
326964,2,326964,Apocheima,"",eukaryota,false,,,,0.14959991131814546,2,,,93.095,56.0,10^-19.5962,,,,,,,,,,,,,,,,,[722657],0
722657,1,326964,Apocheima hispidaria,"",eukaryota,false,,,,0.14959991131814546,2,,,93.095,56.0,10^-19.5962,,,,,,,,,,,,,,,,,,0
326961,2,326961,Scotopteryx,"",eukaryota,false,,,,0.22439986697721817,3,,,85.4033,66.6667,10^-19.7389,,,,,,,,,,,,,,,,,[987009],0
987009,1,326961,Scotopteryx bipunctaria,"",eukaryota,false,,,,0.22439986697721817,3,,,85.4033,66.6667,10^-19.7389,,,,,,,,,,,,,,,,,,0
326956,2,326956,Thera,"",eukaryota,false,,,,2.3187986254312545,31,1,30,89.9194,79.7419,10^-17.9132,,,,,,,,,,,,,,,,,"[987013, 934896]",0
987013,1,326956,Thera britannica,"",eukaryota,false,,,,2.2439986697721817,30,1,30,90.0,80.0,10^-17.7011,,,,,,,,,,,,,,,,,,0
934896,1,326956,Thera obeliscata,"",eukaryota,false,,,,0.07479995565907273,1,,,87.5,72.0,10^-24.2763,,,,,,,,,,,,,,,,,,0
326944,2,326944,Perizoma,"",eukaryota,false,,,,0.2991998226362909,4,,,89.212,53.25,10^-15.6667,,,,,,,,,,,,,,,,,[934819],0
934819,1,326944,Perizoma flavofasciatum,"",eukaryota,false,,,,0.2991998226362909,4,,,89.212,53.25,10^-15.6667,,,,,,,,,,,,,,,,,,0
326606,2,326606,Annulohypoxylon,"",eukaryota,false,,,,0.8975994679088727,12,1,10,94.3704,234.2,10^-91.9264,,,,,,0.22439986697721817,3,,,100.0,30.6667,10^-11.9955,,,,,"[327061, 326628, 326616]",0
327061,1,326606,Annulohypoxylon truncatum,"",eukaryota,false,,,,,,,,,,,,,,,,0.07479995565907273,1,,,100.0,29.0,10^-11.1373,,,,,,0
326628,1,326606,Annulohypoxylon stygium,"",eukaryota,false,,,,0.8975994679088727,12,1,10,94.3704,234.2,10^-91.9264,,,,,,,,,,,,,,,,,,0
326616,1,326606,Annulohypoxylon bovei,"",eukaryota,false,,,,,,,,,,,,,,,,0.14959991131814546,2,,,100.0,31.5,10^-12.4247,,,,,,0
323683,2,323683,Horatosphaga,"",eukaryota,false,,,,0.22439986697721817,3,,,87.5877,99.3333,10^-38.3178,,,,,,,,,,,,,,,,,[1397558],0
1397558,1,323683,Horatosphaga sp. OR604,"",eukaryota,false,,,,0.22439986697721817,3,,,87.5877,99.3333,10^-38.3178,,,,,,,,,,,,,,,,,,0
323311,2,323311,Leucozona,"",eukaryota,false,,,,0.07479995565907273,1,,,93.023,43.0,10^-12.8351,,,,,,,,,,,,,,,,,[323312],0
323312,1,323311,Leucozona laternaria,"",eukaryota,false,,,,0.07479995565907273,1,,,93.023,43.0,10^-12.8351,,,,,,,,,,,,,,,,,,0
320465,2,320465,Aromia,"",eukaryota,false,,,,,,,,,,,,,,,,1.7203989801586728,23,,,74.9522,29.1304,10^-6.0628,,,,,[1265417],0
1265417,1,320465,Aromia moschata,"",eukaryota,false,,,,,,,,,,,,,,,,1.7203989801586728,23,,,74.9522,29.1304,10^-6.0628,,,,,,0
320360,2,320360,Taiwanofungus,"",eukaryota,false,,,,0.07479995565907273,1,,,95.876,97.0,10^-48.1634,,,,,,,,,,,,,,,,,[2696576],0
2696576,1,320360,Taiwanofungus camphoratus,"",eukaryota,false,,,,0.07479995565907273,1,,,95.876,97.0,10^-48.1634,,,,,,,,,,,,,,,,,,0
320234,2,320234,Leptophobia,"",eukaryota,false,,,,4.787197162180655,64,2,52,85.9992,90.3333,10^-16.4839,,,,,,,,,,,,,,,,,[320235],0
320235,1,320234,Leptophobia aripa,"",eukaryota,false,,,,4.787197162180655,64,2,52,85.9992,90.3333,10^-16.4839,,,,,,,,,,,,,,,,,,0
320101,2,320101,Conistra,"",eukaryota,false,,,,0.14959991131814546,2,,,91.667,36.0,10^-8.10892,,,,,,,,,,,,,,,,,[706635],0
706635,1,320101,Conistra vaccinii,"",eukaryota,false,,,,0.14959991131814546,2,,,91.667,36.0,10^-8.10892,,,,,,,,,,,,,,,,,,0
320089,2,320089,Phlogophora,"",eukaryota,false,,,,0.5235996896135091,7,,,88.38,57.4,10^-16.0267,,,,,,,,,,,,,,,,,[875884],0
875884,1,320089,Phlogophora meticulosa,"",eukaryota,false,,,,0.5235996896135091,7,,,88.38,57.4,10^-16.0267,,,,,,,,,,,,,,,,,,0
320087,2,320087,Euplexia,"",eukaryota,false,,,,0.44879973395443634,6,,,85.2407,62.5,10^-17.1437,,,,,,,,,,,,,,,,,[987933],0
987933,1,320087,Euplexia lucipara,"",eukaryota,false,,,,0.44879973395443634,6,,,85.2407,62.5,10^-17.1437,,,,,,,,,,,,,,,,,,0
320076,2,320076,Caradrina,"",eukaryota,false,,,,0.5983996452725818,8,,,90.2258,57.375,10^-17.9729,,,,,,,,,,,,,,,,,"[987896, 987895]",0
987896,1,320076,Caradrina kadenii,"",eukaryota,false,,,,0.14959991131814546,2,,,82.991,55.0,10^-12.0493,,,,,,,,,,,,,,,,,,0
987895,1,320076,Caradrina clavipalpis,"",eukaryota,false,,,,0.44879973395443634,6,,,92.6373,58.1667,10^-19.9475,,,,,,,,,,,,,,,,,,0
320033,2,320033,Diarsia,"",eukaryota,false,,,,1.9447988471358908,26,,,88.7116,56.0417,10^-16.5981,,,,,,,,,,,,,,,,,"[1804828, 987925, 987924, 987923]",0
1804828,1,320033,Diarsia dahlii,"",eukaryota,false,,,,0.8975994679088727,12,,,90.4627,53.7,10^-16.9327,,,,,,,,,,,,,,,,,,0
987925,1,320033,Diarsia rubi,"",eukaryota,false,,,,0.44879973395443634,6,,,86.733,68.8333,10^-21.2375,,,,,,,,,,,,,,,,,,0
987924,1,320033,Diarsia mendica,"",eukaryota,false,,,,0.44879973395443634,6,,,87.5083,51.5,10^-13.3414,,,,,,,,,,,,,,,,,,0
987923,1,320033,Diarsia brunnea,"",eukaryota,false,,,,0.14959991131814546,2,,,89.502,43.0,10^-10.7766,,,,,,,,,,,,,,,,,,0
320016,2,320016,Xestia,"",eukaryota,false,,,,2.692798403726618,36,1,20,93.4878,61.9706,10^-17.9808,,,,,,,,,,,,,,,,,"[988049, 988043, 987431]",0
988049,1,320016,Xestia xanthographa,"",eukaryota,false,,,,2.2439986697721817,30,1,20,94.3127,63.9643,10^-18.4633,,,,,,,,,,,,,,,,,,0
988043,1,320016,Xestia ashworthii,"",eukaryota,false,,,,0.07479995565907273,1,,,88.679,53.0,10^-15.489,,,,,,,,,,,,,,,,,,0
987431,1,320016,Xestia c-nigrum,spotted cutworm,eukaryota,false,,,,0.3739997782953636,5,,,89.83,52.6,10^-15.7768,,,,,,,,,,,,,,,,,,0
319982,2,319982,Diloba,"",eukaryota,false,,,,0.22439986697721817,3,,,83.4737,52.3333,10^-10.4701,,,,,,,,,,,,,,,,,[987926],0
987926,1,319982,Diloba caeruleocephala,"",eukaryota,false,,,,0.22439986697721817,3,,,83.4737,52.3333,10^-10.4701,,,,,,,,,,,,,,,,,,0
319798,2,319798,Euproctis,"",eukaryota,false,,,,0.14959991131814546,2,,,86.111,36.0,10^-5.36418,,,,,,,,,,,,,,,,,[987935],0
987935,1,319798,Euproctis similis,"",eukaryota,false,,,,0.14959991131814546,2,,,86.111,36.0,10^-5.36418,,,,,,,,,,,,,,,,,,0
318808,2,318808,Acholoe,"",eukaryota,false,,,,0.9723994235679454,13,,,90.7959,39.1667,10^-9.33138,,,,,,,,,,,,,,,,,[2922911],0
2922911,1,318808,Acholoe squamosa,"",eukaryota,false,,,,0.9723994235679454,13,,,90.7959,39.1667,10^-9.33138,,,,,,,,,,,,,,,,,,0
317801,2,317801,Eretmapodites,"",eukaryota,false,,,,0.14959991131814546,2,,,99.367,66.0,10^-31.8708,,,,,,,,,,,,,,,,,[667560],0
667560,1,317801,Eretmapodites intermedius,"",eukaryota,false,,,,0.14959991131814546,2,,,99.367,66.0,10^-31.8708,,,,,,,,,,,,,,,,,,0
317800,2,317800,Opifex,"",eukaryota,false,,,,,,,,,,,,,,,,1.9447988471358908,26,1,25,97.9375,102.958,10^-66.1695,,,,,[704161],0
704161,1,317800,Opifex fuscus,"",eukaryota,false,,,,,,,,,,,,,,,,1.9447988471358908,26,1,25,97.9375,102.958,10^-66.1695,,,,,,0
317799,2,317799,Heizmannia,"",eukaryota,false,,,,,,,,,,,,,,,,0.07479995565907273,1,,,96.9,32.0,10^-6.66354,,,,,[2793870],0
2793870,1,317799,Heizmannia sp. M84_A_2,"",eukaryota,false,,,,,,,,,,,,,,,,0.07479995565907273,1,,,96.9,32.0,10^-6.66354,,,,,,0
315842,2,315842,Acanthinevania,"",eukaryota,false,,,,,,,,,,,,,,,,0.07479995565907273,1,,,100.0,33.0,10^-12.1759,,,,,[2004719],0
2004719,1,315842,Acanthinevania sp. 289,"",eukaryota,false,,,,,,,,,,,,,,,,0.07479995565907273,1,,,100.0,33.0,10^-12.1759,,,,,,0
315556,2,315556,Clunio,"",eukaryota,false,,,,,,,,,,,,,,,,4.861997117839727,65,1,11,92.1271,33.4154,10^-10.9395,,,,,[568069],0
568069,1,315556,Clunio marinus,"",eukaryota,false,,,,,,,,,,,,,,,,4.861997117839727,65,1,11,92.1271,33.4154,10^-10.9395,,,,,,0
315555,2,315555,Belgica,"",eukaryota,false,,,,,,,,,,,,,,,,0.14959991131814546,2,,,100.0,33.0,10^-15.1405,,,,,[315563],0
315563,1,315555,Belgica antarctica,"",eukaryota,false,,,,,,,,,,,,,,,,0.14959991131814546,2,,,100.0,33.0,10^-15.1405,,,,,,0
315078,2,315078,Cudoniella,"",eukaryota,false,,,,,,,,,,,,,,,,0.07479995565907273,1,,,60.7,28.0,10^-3.17457,,,,,[354080],0
354080,1,315078,Cudoniella acicularis,"",eukaryota,false,,,,,,,,,,,,,,,,0.07479995565907273,1,,,60.7,28.0,10^-3.17457,,,,,,0
314122,2,314122,Dactylellina,"",eukaryota,false,,,,,,,,,,,,,,,,0.07479995565907273,1,,,67.7,31.0,10^-3.58838,,,,,[430498],0
430498,1,314122,Dactylellina haptotyla,"",eukaryota,false,,,,,,,,,,,,,,,,0.07479995565907273,1,,,67.7,31.0,10^-3.58838,,,,,,0
309576,2,309576,Ecdyonurus,"",eukaryota,false,,,,1.4959991131814545,20,1,13,85.9095,92.45,10^-18.3355,,,,,,,,,,,,,,,,,[2014018],0
2014018,1,309576,Ecdyonurus torrentis,"",eukaryota,false,,,,1.4959991131814545,20,1,13,85.9095,92.45,10^-18.3355,,,,,,,,,,,,,,,,,,0
308926,2,308926,Diversispora,"",eukaryota,false,,,,0.14959991131814546,2,,,88.049,67.0,10^-22.2492,,,,,,9.34999445738409,125,,,64.8775,32.45,10^-4.08477,,,,,"[1348612, 621257]",0
1348612,1,308926,Diversispora epigaea,"",eukaryota,false,,,,,,,,,,,,,,,,9.34999445738409,125,,,64.8775,32.45,10^-4.08477,,,,,,0
621257,1,308926,Diversispora celata,"",eukaryota,false,,,,0.14959991131814546,2,,,88.049,67.0,10^-22.2492,,,,,,,,,,,,,,,,,,0
308865,2,308865,Elizabethkingia,"",bacteria,false,,,,60.58796408384891,810,7,403,99.3794,597.105,10^-158.63,,,,,,17.35358971290487,232,4,22,98.3719,35.4391,10^-13.9139,,,,,"[2957806, 2795116, 2681556, 2135667, 1756150, 1756149, 1117645, 172045, 238]",2
2957806,1,308865,Elizabethkingia sp. S0634,"",bacteria,false,,,,,,,,,,,,,,,,0.14959991131814546,2,,,86.4,22.0,10^-3.41229,,,,,,0
2795116,1,308865,Elizabethkingia sp. ASV34,"",bacteria,false,,,,,,,,,,,,,,,,0.07479995565907273,1,,,100.0,25.0,10^-6.065,,,,,,0
2681556,1,308865,Elizabethkingia argenteiflava,"",bacteria,false,,,,,,,,,,,,,,,,0.14959991131814546,2,,,100.0,32.0,10^-11.2536,,,,,,0
2135667,1,308865,Elizabethkingia sp. YR214,"",bacteria,false,,,,,,,,,,,,,,,,0.07479995565907273,1,,,69.7,33.0,10^-4.68613,,,,,,0
1756150,1,308865,Elizabethkingia ursingii,"",bacteria,false,,,,,,,,,,,,,,,,0.7479995565907273,10,,,98.16,31.1,10^-11.4191,,,,,,0
1756149,1,308865,Elizabethkingia bruuniana,"",bacteria,false,,,,0.07479995565907273,1,,,97.03,101.0,10^-52.2629,,,,,,0.22439986697721817,3,,,87.5667,32.3333,10^-12.6154,,,,,,0
1117645,1,308865,Elizabethkingia anophelis,"",bacteria,false,,,,7.554795521566345,101,,,99.0023,95.1333,10^-51.0292,,,,,,3.8147977386127088,51,,,98.4392,31.8627,10^-11.0201,,,,,,1
172045,1,308865,Elizabethkingia miricola,"",bacteria,false,,,,0.3739997782953636,5,,,97.8218,77.2,10^-37.1641,,,,,,0.22439986697721817,3,,,99.0,32.6667,10^-10.9632,,,,,,0
238,1,308865,Elizabethkingia meningoseptica,"",bacteria,false,,,,52.584368828328124,703,7,403,99.4484,672.649,10^-174.902,,,,,,11.893192949792564,159,4,22,98.862,37.2866,10^-15.3705,,,,,,1
308736,2,308736,Mimomyia,"",eukaryota,false,,,,0.22439986697721817,3,,,99.5833,73.3333,10^-37.0824,,,,,,,,,,,,,,,,,"[2563599, 308740]",0
2563599,1,308736,Mimomyia mediolineata,"",eukaryota,false,,,,0.14959991131814546,2,,,100.0,70.0,10^-35.274,,,,,,,,,,,,,,,,,,0
308740,1,308736,Mimomyia chamberlaini,"",eukaryota,false,,,,0.07479995565907273,1,,,98.75,80.0,10^-40.699,,,,,,,,,,,,,,,,,,0
306539,2,306539,Halolactibacillus,"",bacteria,false,,,,,,,,,,,,,,,,0.14959991131814546,2,,,96.4,28.0,10^-11.4318,,,,,"[442899, 306541]",0
442899,1,306539,Halolactibacillus alkaliphilus,"",bacteria,false,,,,,,,,,,,,,,,,0.07479995565907273,1,,,96.4,28.0,10^-11.4318,,,,,,0
306541,1,306539,Halolactibacillus miurensis,"",bacteria,false,,,,,,,,,,,,,,,,0.07479995565907273,1,,,96.4,28.0,10^-11.4318,,,,,,0
305899,2,305899,Endozoicomonas,"",bacteria,false,,,,,,,,,,,,,,,,13.912791752587527,186,1,185,50.7069,82.7253,10^-19.2782,,,,,"[1333660, 1137799]",0
1333660,1,305899,Endozoicomonas atrinae,"",bacteria,false,,,,,,,,,,,,,,,,13.837991796928454,185,1,185,50.602,83.0,10^-19.3645,,,,,,0
1137799,1,305899,Endozoicomonas numazuensis,"",bacteria,false,,,,,,,,,,,,,,,,0.07479995565907273,1,,,69.7,33.0,10^-3.6517,,,,,,0
305546,2,305546,Thecophora,"",eukaryota,false,,,,6.357996231021182,85,3,71,84.2544,133.627,10^-25.6913,,,,,,,,,,,,,,,,,[1219171],0
1219171,1,305546,Thecophora atra,"",eukaryota,false,,,,6.357996231021182,85,3,71,84.2544,133.627,10^-25.6913,,,,,,,,,,,,,,,,,,0
305399,2,305399,Chrysoporthe,"",eukaryota,false,,,,0.14959991131814546,2,,,99.3505,77.0,10^-39.3433,,,,,,0.07479995565907273,1,,,76.5,34.0,10^-4.2644,,,,,"[764597, 305400]",0
764597,1,305399,Chrysoporthe deuterocubensis,"",eukaryota,false,,,,0.07479995565907273,1,,,98.701,77.0,10^-38.6571,,,,,,0.07479995565907273,1,,,76.5,34.0,10^-4.2644,,,,,,0
305400,1,305399,Chrysoporthe cubensis,"",eukaryota,false,,,,0.07479995565907273,1,,,100.0,77.0,10^-40.0294,,,,,,,,,,,,,,,,,,0
300855,2,300855,Bembecia,"",eukaryota,false,,,,0.2991998226362909,4,,,90.596,53.5,10^-16.53,,,,,,,,,,,,,,,,,[301037],0
301037,1,300855,Bembecia ichneumoniformis,six-belted clearwing,eukaryota,false,,,,0.2991998226362909,4,,,90.596,53.5,10^-16.53,,,,,,,,,,,,,,,,,,0
300275,2,300275,Lachancea,"",eukaryota,false,,,,,,,,,,,,,,,,0.07479995565907273,1,,,78.6,28.0,10^-3.85699,,,,,[1230904],0
1230904,1,300275,Lachancea sp. 'fantastica',"",eukaryota,false,,,,,,,,,,,,,,,,0.07479995565907273,1,,,78.6,28.0,10^-3.85699,,,,,,0
300110,2,300110,Temnothorax,"",eukaryota,false,,,,0.3739997782953636,5,,,87.5214,66.8,10^-21.5786,,,,,,4.487997339544363,60,3,43,66.2848,73.6379,10^-23.1484,,,,,"[300112, 300111]",0
300112,1,300110,Temnothorax longispinosus,"",eukaryota,false,,,,,,,,,,,,,,,,1.1967992905451637,16,1,12,94.3957,70.0714,10^-39.7035,,,,,,0
300111,1,300110,Temnothorax curvispinosus,"",eukaryota,false,,,,0.3739997782953636,5,,,87.5214,66.8,10^-21.5786,,,,,,3.2911980489992,44,2,31,57.3404,74.7727,10^-17.8808,,,,,,0
299330,2,299330,Lobosporangium,"",eukaryota,false,,,,,,,,,,,,,,,,0.07479995565907273,1,,,62.5,32.0,10^-4.67778,,,,,[64571],0
64571,1,299330,Lobosporangium transversale,"",eukaryota,false,,,,,,,,,,,,,,,,0.07479995565907273,1,,,62.5,32.0,10^-4.67778,,,,,,0
299256,2,299256,Megacopta,"",eukaryota,false,,,,,,,,,,,,,,,,0.07479995565907273,1,,,100.0,32.0,10^-16.7747,,,,,[299257],0
299257,1,299256,Megacopta cribraria,bean plataspid,eukaryota,false,,,,,,,,,,,,,,,,0.07479995565907273,1,,,100.0,32.0,10^-16.7747,,,,,,0
298272,2,298272,Orchestes,"",eukaryota,false,,,,0.5235996896135091,7,,,92.1053,47.7143,10^-14.0834,,,,,,,,,,,,,,,,,[878341],0
878341,1,298272,Orchestes rusci,"",eukaryota,false,,,,0.5235996896135091,7,,,92.1053,47.7143,10^-14.0834,,,,,,,,,,,,,,,,,,0
297978,2,297978,Mesopsocus,"",eukaryota,false,,,,0.3739997782953636,5,,,93.4548,47.4,10^-14.9993,,,,,,,,,,,,,,,,,[2866285],0
2866285,1,297978,Mesopsocus fuscifrons,"",eukaryota,false,,,,0.3739997782953636,5,,,93.4548,47.4,10^-14.9993,,,,,,,,,,,,,,,,,,0
297891,2,297891,Franklinothrips,"",eukaryota,false,,,,,,,,,,,,,,,,0.07479995565907273,1,,,100.0,28.0,10^-8.03858,,,,,[297892],0
297892,1,297891,Franklinothrips vespiformis,"",eukaryota,false,,,,,,,,,,,,,,,,0.07479995565907273,1,,,100.0,28.0,10^-8.03858,,,,,,0
295994,2,295994,Anaspis,"",eukaryota,false,,,,0.8975994679088727,12,,,89.2103,63.3333,10^-20.3534,,,,,,,,,,,,,,,,,[295995],0
295995,1,295994,Anaspis maculata,"",eukaryota,false,,,,0.8975994679088727,12,,,89.2103,63.3333,10^-20.3534,,,,,,,,,,,,,,,,,,0
295984,2,295984,Pyrochroa,"",eukaryota,false,,,,0.5983996452725818,8,,,90.54,53.375,10^-16.6263,,,,,,,,,,,,,,,,,[346838],0
346838,1,295984,Pyrochroa serraticornis,"",eukaryota,false,,,,0.5983996452725818,8,,,90.54,53.375,10^-16.6263,,,,,,,,,,,,,,,,,,0
295941,2,295941,Aspidiphorus,"",eukaryota,false,,,,1.6455990244996,22,1,20,82.2874,112.727,10^-17.2336,,,,,,,,,,,,,,,,,[2055335],0
2055335,1,295941,Aspidiphorus sp. CSR053,"",eukaryota,false,,,,1.6455990244996,22,1,20,82.2874,112.727,10^-17.2336,,,,,,,,,,,,,,,,,,0
295832,2,295832,Endomychus,"",eukaryota,false,,,,0.22439986697721817,3,,,92.4397,43.6667,10^-12.8292,,,,,,,,,,,,,,,,,[295833],0
295833,1,295832,Endomychus coccineus,"",eukaryota,false,,,,0.22439986697721817,3,,,92.4397,43.6667,10^-12.8292,,,,,,,,,,,,,,,,,,0
295822,2,295822,Sericoderus,"",eukaryota,false,,,,,,,,,,,,,,,,0.07479995565907273,1,,,100.0,22.0,10^-4.74958,,,,,[2055534],0
2055534,1,295822,Sericoderus sp. CSR014,"",eukaryota,false,,,,,,,,,,,,,,,,0.07479995565907273,1,,,100.0,22.0,10^-4.74958,,,,,,0
295699,2,295699,Malachius,"",eukaryota,false,,,,0.8227995122498,11,,,94.8974,44.4545,10^-14.5778,,,,,,,,,,,,,,,,,[295700],0
295700,1,295699,Malachius bipustulatus,"",eukaryota,false,,,,0.8227995122498,11,,,94.8974,44.4545,10^-14.5778,,,,,,,,,,,,,,,,,,0
295666,2,295666,Lyctus,"",eukaryota,false,,,,,,,,,,,,,,,,0.14959991131814546,2,,,100.0,31.0,10^-10.9594,,,,,[2055445],0
2055445,1,295666,Lyctus sp. CSR070,"",eukaryota,false,,,,,,,,,,,,,,,,0.14959991131814546,2,,,100.0,31.0,10^-10.9594,,,,,,0
295657,2,295657,Dorcatoma,"",eukaryota,false,,,,0.14959991131814546,2,,,90.1835,81.5,10^-32.1137,,,,,,0.07479995565907273,1,,,100.0,33.0,10^-13.8539,,,,,[2055397],0
2055397,1,295657,Dorcatoma sp. CSR046,"",eukaryota,false,,,,0.14959991131814546,2,,,90.1835,81.5,10^-32.1137,,,,,,0.07479995565907273,1,,,100.0,33.0,10^-13.8539,,,,,,0
295643,2,295643,Scaphidium,"",eukaryota,false,,,,,,,,,,,,,,,,0.07479995565907273,1,,,93.8,32.0,10^-10.4841,,,,,[1803383],0
1803383,1,295643,Scaphidium morimotoi,"",eukaryota,false,,,,,,,,,,,,,,,,0.07479995565907273,1,,,93.8,32.0,10^-10.4841,,,,,,0
295625,2,295625,Osorius,"",eukaryota,false,,,,,,,,,,,,,,,,0.07479995565907273,1,,,93.9,33.0,10^-12.1175,,,,,[2055481],0
2055481,1,295625,Osorius sp. INB087,"",eukaryota,false,,,,,,,,,,,,,,,,0.07479995565907273,1,,,93.9,33.0,10^-12.1175,,,,,,0
295574,2,295574,Apteroloma,"",eukaryota,false,,,,0.07479995565907273,1,,,93.443,61.0,10^-23.6622,,,,,,,,,,,,,,,,,[1542140],0
1542140,1,295574,Apteroloma tenuicorne,"",eukaryota,false,,,,0.07479995565907273,1,,,93.443,61.0,10^-23.6622,,,,,,,,,,,,,,,,,,0
295228,2,295228,Mahanarva,"",eukaryota,false,,,,,,,,,,,,,,,,0.5983996452725818,8,1,8,59.701,67.0,10^-25.3116,,,,,[672148],0
672148,1,295228,Mahanarva fimbriolata,"",eukaryota,false,,,,,,,,,,,,,,,,0.5983996452725818,8,1,8,59.701,67.0,10^-25.3116,,,,,,0
294691,2,294691,Psylliodes,"",eukaryota,false,,,,5.385596807453236,72,2,28,84.5777,113.525,10^-24.787,,,,,,0.5983996452725818,8,,,72.775,32.5,10^-7.67485,,,,,[2598218],0
2598218,1,294691,Psylliodes chrysocephala,"",eukaryota,false,,,,5.385596807453236,72,2,28,84.5777,113.525,10^-24.787,,,,,,0.5983996452725818,8,,,72.775,32.5,10^-7.67485,,,,,,0
293581,2,293581,Helicotylenchus,"",eukaryota,false,,,,,,,,,,,,,,,,0.14959991131814546,2,,,100.0,25.5,10^-4.41987,,,,,[1538500],0
1538500,1,293581,Helicotylenchus minzi,"",eukaryota,false,,,,,,,,,,,,,,,,0.14959991131814546,2,,,100.0,25.5,10^-4.41987,,,,,,0
293340,2,293340,Grapholita,"",eukaryota,false,,,,0.07479995565907273,1,,,92.5,40.0,10^-10.8079,,,,,,,,,,,,,,,,,[192188],0
192188,1,293340,Grapholita molesta,oriental fruit moth,eukaryota,false,,,,0.07479995565907273,1,,,92.5,40.0,10^-10.8079,,,,,,,,,,,,,,,,,,0
292570,2,292570,Euclidia,"",eukaryota,false,,,,0.44879973395443634,6,,,88.2923,49.3333,10^-12.8146,,,,,,,,,,,,,,,,,[938167],0
938167,1,292570,Euclidia mi,"",eukaryota,false,,,,0.44879973395443634,6,,,88.2923,49.3333,10^-12.8146,,,,,,,,,,,,,,,,,,0
292457,2,292457,Agriotes,"",eukaryota,false,,,,0.22439986697721817,3,,,92.8813,54.3333,10^-17.3434,,,,,,,,,,,,,,,,,[292458],0
292458,1,292457,Agriotes lineatus,"",eukaryota,false,,,,0.22439986697721817,3,,,92.8813,54.3333,10^-17.3434,,,,,,,,,,,,,,,,,,0
290678,2,290678,Cetonia,"",eukaryota,false,,,,0.8227995122498,11,,,96.0813,43.2727,10^-14.7694,,,,,,,,,,,,,,,,,[290679],0
290679,1,290678,Cetonia aurata,"",eukaryota,false,,,,0.8227995122498,11,,,96.0813,43.2727,10^-14.7694,,,,,,,,,,,,,,,,,,0
290671,2,290671,Ocypus,"",eukaryota,false,,,,1.0471993792270182,14,1,8,92.7796,57.4286,10^-15.7411,,,,,,,,,,,,,,,,,[662956],0
662956,1,290671,Ocypus olens,"",eukaryota,false,,,,1.0471993792270182,14,1,8,92.7796,57.4286,10^-15.7411,,,,,,,,,,,,,,,,,,0
290403,2,290403,Eupeodes,"",eukaryota,false,,,,1.4211991575223817,19,,,88.5769,71.7895,10^-24.5199,,,,,,2.0195988027949636,27,,,83.5852,31.2593,10^-8.24468,,,,,"[1124558, 290404]",0
1124558,1,290403,Eupeodes latifasciatus,"",eukaryota,false,,,,0.14959991131814546,2,,,93.2135,41.5,10^-11.8238,,,,,,,,,,,,,,,,,,0
290404,1,290403,Eupeodes corollae,"",eukaryota,false,,,,1.2715992462042363,17,,,88.0314,75.3529,10^-26.0135,,,,,,2.0195988027949636,27,,,83.5852,31.2593,10^-8.24468,,,,,,0
289454,2,289454,Sinentomon,"",eukaryota,false,,,,,,,,,,,,,,,,0.07479995565907273,1,,,97.0,33.0,10^-11.9914,,,,,[289455],0
289455,1,289454,Sinentomon erythranum,"",eukaryota,false,,,,,,,,,,,,,,,,0.07479995565907273,1,,,97.0,33.0,10^-11.9914,,,,,,0
289280,2,289280,Arctia,"",eukaryota,false,,,,,,,,,,,,,,,,0.7479995565907273,10,,,90.09,31.5,10^-8.41381,,,,,[874455],0
874455,1,289280,Arctia plantaginis,"",eukaryota,false,,,,,,,,,,,,,,,,0.7479995565907273,10,,,90.09,31.5,10^-8.41381,,,,,,0
288800,2,288800,Micropsectra,"",eukaryota,false,,,,0.07479995565907273,1,,,100.0,73.0,10^-37.3079,,,,,,,,,,,,,,,,,[2050704],0
2050704,1,288800,Micropsectra togacontralia,"",eukaryota,false,,,,0.07479995565907273,1,,,100.0,73.0,10^-37.3079,,,,,,,,,,,,,,,,,,0
288542,2,288542,Haliplectus,"",eukaryota,false,,,,0.07479995565907273,1,,,100.0,37.0,10^-12.9003,,,,,,,,,,,,,,,,,[288543],0
288543,1,288542,Haliplectus sp. JH-2004,"",eukaryota,false,,,,0.07479995565907273,1,,,100.0,37.0,10^-12.9003,,,,,,,,,,,,,,,,,,0
288388,2,288388,Cerceris,"",eukaryota,false,,,,0.8227995122498,11,,,93.9451,45.3,10^-14.5339,,,,,,,,,,,,,,,,,[1167272],0
1167272,1,288388,Cerceris rybyensis,"",eukaryota,false,,,,0.8227995122498,11,,,93.9451,45.3,10^-14.5339,,,,,,,,,,,,,,,,,,0
287191,2,287191,Sesia,"",eukaryota,false,,,,0.5983996452725818,8,,,91.1758,59.0,10^-19.7486,,,,,,,,,,,,,,,,,"[748215, 287197]",0
748215,1,287191,Sesia apiformis,"",eukaryota,false,,,,0.14959991131814546,2,,,97.368,38.0,10^-12.2026,,,,,,,,,,,,,,,,,,0
287197,1,287191,Sesia bembeciformis,"",eukaryota,false,,,,0.44879973395443634,6,,,89.1117,66.0,10^-22.264,,,,,,,,,,,,,,,,,,0
287110,2,287110,Zygaena,"",eukaryota,false,,,,1.5707990688405271,21,,,93.9465,40.9,10^-12.0357,,,,,,,,,,,,,,,,,[287375],0
287375,1,287110,Zygaena filipendulae,"",eukaryota,false,,,,1.5707990688405271,21,,,93.9465,40.9,10^-12.0357,,,,,,,,,,,,,,,,,,0
287107,2,287107,Apoda,"",eukaryota,false,,,,0.5235996896135091,7,,,91.4604,49.5714,10^-15.3414,,,,,,,,,,,,,,,,,[287200],0
287200,1,287107,Apoda limacodes,"",eukaryota,false,,,,0.5235996896135091,7,,,91.4604,49.5714,10^-15.3414,,,,,,,,,,,,,,,,,,0
286705,2,286705,Halyomorpha,"",eukaryota,false,,,,0.07479995565907273,1,,,81.443,97.0,10^-28.9502,,,,,,0.2991998226362909,4,,,99.25,33.0,10^-12.4966,,,,,[286706],0
286706,1,286705,Halyomorpha halys,brown marmorated stink bug,eukaryota,false,,,,0.07479995565907273,1,,,81.443,97.0,10^-28.9502,,,,,,0.2991998226362909,4,,,99.25,33.0,10^-12.4966,,,,,,0
286498,2,286498,Palloptera,"",eukaryota,false,,,,1.1219993348860908,15,,,89.1732,59.5333,10^-19.2985,,,,,,,,,,,,,,,,,[2849646],0
2849646,1,286498,Palloptera scutellata,"",eukaryota,false,,,,1.1219993348860908,15,,,89.1732,59.5333,10^-19.2985,,,,,,,,,,,,,,,,,,0
286486,2,286486,Myopa,"",eukaryota,false,,,,2.2439986697721817,30,1,18,88.0318,76.4483,10^-18.1214,,,,,,,,,,,,,,,,,"[2867102, 2829445]",0
2867102,1,286486,Myopa testacea,"",eukaryota,false,,,,1.5707990688405271,21,1,18,88.3228,77.1429,10^-15.6774,,,,,,,,,,,,,,,,,,0
2829445,1,286486,Myopa tessellatipennis,"",eukaryota,false,,,,0.6731996009316545,9,,,87.2681,74.625,10^-24.5369,,,,,,,,,,,,,,,,,,0
286458,2,286458,Episyrphus,"",eukaryota,false,,,,1.6455990244996,22,,,89.7456,66.1364,10^-22.4257,,,,,,3.2911980489992,44,,,82.1744,31.6744,10^-7.72519,,,,,[286459],0
286459,1,286458,Episyrphus balteatus,marmalade hoverfly,eukaryota,false,,,,1.6455990244996,22,,,89.7456,66.1364,10^-22.4257,,,,,,3.2911980489992,44,,,82.1744,31.6744,10^-7.72519,,,,,,0
286455,2,286455,Conops,"",eukaryota,false,,,,2.5431984924084725,34,1,12,88.0522,72.1176,10^-19.5001,,,,,,,,,,,,,,,,,[2823188],0
2823188,1,286455,Conops quadrifasciatus,"",eukaryota,false,,,,2.5431984924084725,34,1,12,88.0522,72.1176,10^-19.5001,,,,,,,,,,,,,,,,,,0
285222,2,285222,Dascillus,"",eukaryota,false,,,,1.4959991131814545,20,1,9,87.5707,95.7,10^-22.6055,,,,,,,,,,,,,,,,,[285223],0
285223,1,285222,Dascillus cervinus,orchid beetle,eukaryota,false,,,,1.4959991131814545,20,1,9,87.5707,95.7,10^-22.6055,,,,,,,,,,,,,,,,,,0
284134,2,284134,Sarocladium,"",eukaryota,false,,,,0.14959991131814546,2,,,100.0,101.0,10^-56.3801,,,,,,,,,,,,,,,,,[1036732],0
1036732,1,284134,Sarocladium zeae,"",eukaryota,false,,,,0.14959991131814546,2,,,100.0,101.0,10^-56.3801,,,,,,,,,,,,,,,,,,0
283833,2,283833,Deilephila,"",eukaryota,false,,,,0.5235996896135091,7,,,90.2441,42.7143,10^-11.0767,,,,,,,,,,,,,,,,,"[644661, 283834]",0
644661,1,283833,Deilephila porcellus,"",eukaryota,false,,,,0.22439986697721817,3,,,89.2117,43.6667,10^-10.5458,,,,,,,,,,,,,,,,,,0
283834,1,283833,Deilephila elpenor,elephant hawk-moth,eukaryota,false,,,,0.2991998226362909,4,,,91.0185,42.0,10^-11.4749,,,,,,,,,,,,,,,,,,0
281915,2,281915,Curvibacter,"",bacteria,false,,,,,,,,,,,,,,,,44.879973395443635,600,1,596,73.0291,73.5553,10^-34.002,,,,,[667019],0
667019,1,281915,Curvibacter putative symbiont of Hydra magnipapillata,"",bacteria,false,,,,,,,,,,,,,,,,44.879973395443635,600,1,596,73.0291,73.5553,10^-34.002,,,,,,0
281718,2,281718,Polyozellus,"",eukaryota,false,,,,0.07479995565907273,1,,,98.02,101.0,10^-53.6353,,,,,,,,,,,,,,,,,[281719],0
281719,1,281718,Polyozellus multiplex,"",eukaryota,false,,,,0.07479995565907273,1,,,98.02,101.0,10^-53.6353,,,,,,,,,,,,,,,,,,0
280323,2,280323,Libertella,"",eukaryota,false,,,,0.07479995565907273,1,,,100.0,101.0,10^-56.3801,,,,,,,,,,,,,,,,,[2040850],0
2040850,1,280323,Libertella sp.,"",eukaryota,false,,,,0.07479995565907273,1,,,100.0,101.0,10^-56.3801,,,,,,,,,,,,,,,,,,0
279531,2,279531,Dictyocoela,"",eukaryota,false,,,,,,,,,,,,,,,,0.2991998226362909,4,,,69.7,33.0,10^-5.03577,,,,,"[288439, 279532]",0
288439,1,279531,Dictyocoela roeselum,"",eukaryota,false,,,,,,,,,,,,,,,,0.14959991131814546,2,,,69.7,33.0,10^-5.22113,,,,,,0
279532,1,279531,Dictyocoela muelleri,"",eukaryota,false,,,,,,,,,,,,,,,,0.14959991131814546,2,,,69.7,33.0,10^-4.9431,,,,,,0
279439,2,279439,Sisyra,"",eukaryota,false,,,,6.208396319703036,83,1,46,89.1878,63.3951,10^-15.4255,,,,,,,,,,,,,,,,,"[1560625, 279440]",0
1560625,1,279439,Sisyra terminalis,"",eukaryota,false,,,,4.413197383885291,59,1,46,89.8338,62.4737,10^-13.2163,,,,,,,,,,,,,,,,,,0
279440,1,279439,Sisyra nigra,"",eukaryota,false,,,,1.7951989358177454,24,,,87.6535,65.5833,10^-20.6723,,,,,,,,,,,,,,,,,,0
279427,2,279427,Osmylus,"",eukaryota,false,,,,,,,,,,,,,,,,0.22439986697721817,3,,,89.4333,28.3333,10^-3.89396,,,,,[446453],0
446453,1,279427,Osmylus fulvicephalus,"",eukaryota,false,,,,,,,,,,,,,,,,0.22439986697721817,3,,,89.4333,28.3333,10^-3.89396,,,,,,0
279271,2,279271,Leptotrombidium,"",eukaryota,false,,,,,,,,,,,,,,,,0.07479995565907273,1,,,58.1,31.0,10^-3.72125,,,,,[299467],0
299467,1,279271,Leptotrombidium deliense,"",eukaryota,false,,,,,,,,,,,,,,,,0.07479995565907273,1,,,58.1,31.0,10^-3.72125,,,,,,0
278038,2,278038,Cercopithifilaria,"",eukaryota,false,,,,,,,,,,,,,,,,0.07479995565907273,1,,,53.1,32.0,10^-4.78781,,,,,[2874296],0
2874296,1,278038,Cercopithifilaria johnstoni,"",eukaryota,false,,,,,,,,,,,,,,,,0.07479995565907273,1,,,53.1,32.0,10^-4.78781,,,,,,0
276836,2,276836,Rozella,"",eukaryota,false,,,,,,,,,,,,,,,,0.07479995565907273,1,,,93.5,31.0,10^-14.0088,,,,,[281847],0
281847,1,276836,Rozella allomycis,"",eukaryota,false,,,,,,,,,,,,,,,,0.07479995565907273,1,,,93.5,31.0,10^-14.0088,,,,,,0
274235,2,274235,Hemisphragia,"",eukaryota,false,,,,,,,,,,,,,,,,0.07479995565907273,1,,,100.0,31.0,10^-11.6108,,,,,[2080148],0
2080148,1,274235,Hemisphragia sp. BFS-2018,"",eukaryota,false,,,,,,,,,,,,,,,,0.07479995565907273,1,,,100.0,31.0,10^-11.6108,,,,,,0
273281,2,273281,Sarea,"",eukaryota,false,,,,0.07479995565907273,1,,,100.0,101.0,10^-56.3801,,,,,,0.07479995565907273,1,,,71.9,32.0,10^-3.74958,,,,,[273283],0
273283,1,273281,Sarea resinae,"",eukaryota,false,,,,0.07479995565907273,1,,,100.0,101.0,10^-56.3801,,,,,,0.07479995565907273,1,,,71.9,32.0,10^-3.74958,,,,,,0
273135,2,273135,Cardinium,"",bacteria,false,,,,,,,,,,,,,,,,0.07479995565907273,1,,,65.6,32.0,10^-3.46725,,,,,[247481],0
247481,1,273135,Candidatus Cardinium hertigii,"",bacteria,false,,,,,,,,,,,,,,,,0.07479995565907273,1,,,65.6,32.0,10^-3.46725,,,,,,0
271773,2,271773,Alentia,"",eukaryota,false,,,,0.22439986697721817,3,,,89.0427,51.3333,10^-14.8472,,,,,,,,,,,,,,,,,[271774],0
271774,1,271773,Alentia gelatinosa,"",eukaryota,false,,,,0.22439986697721817,3,,,89.0427,51.3333,10^-14.8472,,,,,,,,,,,,,,,,,,0
271028,2,271028,Anisus,"",eukaryota,false,,,,1.2715992462042363,17,,,89.9631,57.2,10^-18.3508,,,,,,,,,,,,,,,,,[271030],0
271030,1,271028,Anisus vortex,"",eukaryota,false,,,,1.2715992462042363,17,,,89.9631,57.2,10^-18.3508,,,,,,,,,,,,,,,,,,0
270857,2,270857,Neodiprion,"",eukaryota,false,,,,1.1219993348860908,15,,,89.3662,73.9333,10^-26.9723,,,,,,42.33677490303516,566,1,557,41.6644,137.222,10^-14.9821,,,,,"[2961670, 2872261, 441929, 441921]",0
2961670,1,270857,Neodiprion virginianus,"",eukaryota,false,,,,0.22439986697721817,3,,,90.5423,55.6667,10^-18.2128,,,,,,0.07479995565907273,1,,,100.0,24.0,10^-6.09259,,,,,,0
2872261,1,270857,Neodiprion fabricii,"",eukaryota,false,,,,0.2991998226362909,4,,,89.6475,71.5,10^-25.9976,,,,,,0.2991998226362909,4,,,83.875,30.0,10^-6.86426,,,,,,0
441929,1,270857,Neodiprion pinetum,white pine sawfly,eukaryota,false,,,,0.2991998226362909,4,,,89.0147,87.0,10^-33.4631,,,,,,0.14959991131814546,2,,,70.15,31.5,10^-5.22336,,,,,,0
441921,1,270857,Neodiprion lecontei,redheaded pine sawfly,eukaryota,false,,,,0.2991998226362909,4,,,88.5543,77.0,10^-28.0259,,,,,,41.81317521342165,559,1,557,41.144,138.603,10^-15.0936,,,,,,0
270467,2,270467,Neptis,"",eukaryota,false,,,,,,,,,,,,,,,,0.2991998226362909,4,,,98.4,31.25,10^-11.3057,,,,,"[2777761, 1401967, 679335]",0
2777761,1,270467,Neptis magadha,"",eukaryota,false,,,,,,,,,,,,,,,,0.14959991131814546,2,,,96.8,31.0,10^-11.4362,,,,,,0
1401967,1,270467,Neptis anjana,"",eukaryota,false,,,,,,,,,,,,,,,,0.07479995565907273,1,,,100.0,30.0,10^-9.90658,,,,,,0
679335,1,270467,Neptis nata,"",eukaryota,false,,,,,,,,,,,,,,,,0.07479995565907273,1,,,100.0,33.0,10^-12.4437,,,,,,0
268175,2,268175,Chondrocystis,"",bacteria,false,,,,0.07479995565907273,1,,,90.0,100.0,10^-41.9745,,,,,,,,,,,,,,,,,[2005460],0
2005460,1,268175,Chondrocystis sp. NIES-4102,"",bacteria,false,,,,0.07479995565907273,1,,,90.0,100.0,10^-41.9745,,,,,,,,,,,,,,,,,,0
265976,2,265976,Serinicoccus,"",bacteria,false,,,,0.07479995565907273,1,,,100.0,101.0,10^-56.3801,,,,,,,,,,,,,,,,,[247333],0
247333,1,265976,Serinicoccus marinus,"",bacteria,false,,,,0.07479995565907273,1,,,100.0,101.0,10^-56.3801,,,,,,,,,,,,,,,,,,0
265570,2,265570,Sulfurovum,"",bacteria,false,,,,,,,,,,,,,,,,0.22439986697721817,3,,,85.8,26.0,10^-4.65751,,,,,[206403],0
206403,1,265570,Sulfurovum lithotrophicum,"",bacteria,false,,,,,,,,,,,,,,,,0.22439986697721817,3,,,85.8,26.0,10^-4.65751,,,,,,0
265382,2,265382,Polyommatus,"",eukaryota,false,,,,0.7479995565907273,10,,,95.4393,67.4,10^-29.8245,,,,,,,,,,,,,,,,,[265386],0
265386,1,265382,Polyommatus icarus,common blue,eukaryota,false,,,,0.7479995565907273,10,,,95.4393,67.4,10^-29.8245,,,,,,,,,,,,,,,,,,0
265359,2,265359,Lycaena,"",eukaryota,false,,,,0.07479995565907273,1,,,90.476,42.0,10^-10.7867,,,,,,,,,,,,,,,,,[282391],0
282391,1,265359,Lycaena phlaeas,common copper,eukaryota,false,,,,0.07479995565907273,1,,,90.476,42.0,10^-10.7867,,,,,,,,,,,,,,,,,,0
265103,2,265103,Trichoglossum,"",eukaryota,false,,,,,,,,,,,,,,,,0.07479995565907273,1,,,60.0,30.0,10^-3.86328,,,,,[265104],0
265104,1,265103,Trichoglossum hirsutum,"",eukaryota,false,,,,,,,,,,,,,,,,0.07479995565907273,1,,,60.0,30.0,10^-3.86328,,,,,,0
263377,2,263377,Salipiger,"",bacteria,false,,,,,,,,,,,,,,,,0.14959991131814546,2,,,92.2,32.0,10^-12.5086,,,,,[1229727],0
1229727,1,263377,Salipiger profundus,"",bacteria,false,,,,,,,,,,,,,,,,0.14959991131814546,2,,,92.2,32.0,10^-12.5086,,,,,,0
263139,2,263139,Sitodiplosis,"",eukaryota,false,,,,1.8699988914768182,25,,,90.271,68.2,10^-24.0785,,,,,,4.562797295203437,61,,,91.3885,31.1311,10^-9.73297,,,,,[263140],0
263140,1,263139,Sitodiplosis mosellana,orange wheat blossom midge,eukaryota,false,,,,1.8699988914768182,25,,,90.271,68.2,10^-24.0785,,,,,,4.562797295203437,61,,,91.3885,31.1311,10^-9.73297,,,,,,0
262437,2,262437,Agonopterix,"",eukaryota,false,,,,2.169198714113109,29,,,90.8059,54.8148,10^-17.7039,,,,,,,,,,,,,,,,,"[1857958, 1594222]",0
1857958,1,262437,Agonopterix subpropinquella,"",eukaryota,false,,,,1.4959991131814545,20,,,90.7344,60.4211,10^-20.6134,,,,,,,,,,,,,,,,,,0
1594222,1,262437,Agonopterix arenella,"",eukaryota,false,,,,0.6731996009316545,9,,,90.9755,41.5,10^-10.7937,,,,,,,,,,,,,,,,,,0
261933,2,261933,Pleomorphomonas,"",bacteria,false,,,,,,,,,,,,,,,,0.07479995565907273,1,,,87.9,33.0,10^-9.83268,,,,,[442121],0
442121,1,261933,uncultured Pleomorphomonas sp.,"",bacteria,false,,,,,,,,,,,,,,,,0.07479995565907273,1,,,87.9,33.0,10^-9.83268,,,,,,0
260803,2,260803,Armillifer,"",eukaryota,false,,,,,,,,,,,,,,,,0.07479995565907273,1,,,100.0,33.0,10^-13.0362,,,,,[260804],0
260804,1,260803,Armillifer armillatus,"",eukaryota,false,,,,,,,,,,,,,,,,0.07479995565907273,1,,,100.0,33.0,10^-13.0362,,,,,,0
259541,2,259541,Plakobranchus,"",eukaryota,false,,,,,,,,,,,,,,,,0.2991998226362909,4,,,74.725,29.25,10^-5.89113,,,,,[259542],0
259542,1,259541,Plakobranchus ocellatus,"",eukaryota,false,,,,,,,,,,,,,,,,0.2991998226362909,4,,,74.725,29.25,10^-5.89113,,,,,,0
258329,2,258329,Ammothea,"",eukaryota,false,,,,,,,,,,,,,,,,0.07479995565907273,1,,,100.0,33.0,10^-13.9066,,,,,[258330],0
258330,1,258329,Ammothea hilgendorfi,"",eukaryota,false,,,,,,,,,,,,,,,,0.07479995565907273,1,,,100.0,33.0,10^-13.9066,,,,,,0
255893,2,255893,Eremophila,"",eukaryota,false,,,,0.07479995565907273,1,,,100.0,95.0,10^-52.2895,,,,,,,,,,,,,,,,,[1214565],0
1214565,1,255893,Eremophila maculata,"",eukaryota,false,,,,0.07479995565907273,1,,,100.0,95.0,10^-52.2895,,,,,,,,,,,,,,,,,,0
254717,2,254717,Chrysodeixis,"",eukaryota,false,,,,0.3739997782953636,5,,,90.032,55.4,10^-18.5187,,,,,,0.22439986697721817,3,,,73.6333,32.0,10^-7.21172,,,,,[689277],0
689277,1,254717,Chrysodeixis includens,soybean looper,eukaryota,false,,,,0.3739997782953636,5,,,90.032,55.4,10^-18.5187,,,,,,0.22439986697721817,3,,,73.6333,32.0,10^-7.21172,,,,,,0
254381,2,254381,Plusia,"",eukaryota,false,,,,0.5235996896135091,7,,,86.1189,84.1429,10^-29.0213,,,,,,,,,,,,,,,,,[254382],0
254382,1,254381,Plusia festucae,rice looper,eukaryota,false,,,,0.5235996896135091,7,,,86.1189,84.1429,10^-29.0213,,,,,,,,,,,,,,,,,,0
254364,2,254364,Abrostola,"",eukaryota,false,,,,0.6731996009316545,9,,,91.3256,51.7778,10^-16.1967,,,,,,,,,,,,,,,,,[938171],0
938171,1,254364,Abrostola tripartita,"",eukaryota,false,,,,0.6731996009316545,9,,,91.3256,51.7778,10^-16.1967,,,,,,,,,,,,,,,,,,0
254361,2,254361,Autographa,"",eukaryota,false,,,,1.6455990244996,22,,,90.0707,59.5,10^-19.4805,,,,,,,,,,,,,,,,,"[987893, 254363]",0
987893,1,254361,Autographa pulchrina,"",eukaryota,false,,,,0.9723994235679454,13,,,90.1801,61.3077,10^-20.8249,,,,,,,,,,,,,,,,,,0
254363,1,254361,Autographa gamma,silver Y moth,eukaryota,false,,,,0.6731996009316545,9,,,89.9127,56.8889,10^-17.5385,,,,,,,,,,,,,,,,,,0
254250,2,254250,Isoptericola,"",bacteria,false,,,,,,,,,,,,,,,,0.22439986697721817,3,,,85.3667,31.6667,10^-9.21858,,,,,[1776856],0
1776856,1,254250,Isoptericola cucumis,"",bacteria,false,,,,,,,,,,,,,,,,0.22439986697721817,3,,,85.3667,31.6667,10^-9.21858,,,,,,0
253714,2,253714,Macropis,"",eukaryota,false,,,,0.22439986697721817,3,,,91.0443,41.3333,10^-10.3375,,,,,,,,,,,,,,,,,[253715],0
253715,1,253714,Macropis europaea,"",eukaryota,false,,,,0.22439986697721817,3,,,91.0443,41.3333,10^-10.3375,,,,,,,,,,,,,,,,,,0
253171,2,253171,Halisarca,"",eukaryota,false,,,,0.07479995565907273,1,,,87.64,89.0,10^-33.1047,,,,,,,,,,,,,,,,,[2583056],0
2583056,1,253171,Halisarca dujardinii,"",eukaryota,false,,,,0.07479995565907273,1,,,87.64,89.0,10^-33.1047,,,,,,,,,,,,,,,,,,0
252294,2,252294,Carposina,"",eukaryota,false,,,,0.7479995565907273,10,,,91.1857,49.2,10^-14.8399,,,,,,,,,,,,,,,,,[252295],0
252295,1,252294,Carposina sasakii,"",eukaryota,false,,,,0.7479995565907273,10,,,91.1857,49.2,10^-14.8399,,,,,,,,,,,,,,,,,,0
249497,2,249497,Balanococcus,"",eukaryota,false,,,,0.8975994679088727,12,1,7,86.8077,72.0,10^-12.4458,,,,,,,,,,,,,,,,,[249498],0
249498,1,249497,Balanococcus diminutus,"",eukaryota,false,,,,0.8975994679088727,12,1,7,86.8077,72.0,10^-12.4458,,,,,,,,,,,,,,,,,,0
248453,2,248453,Apolygus,"",eukaryota,false,,,,,,,,,,,,,,,,381.0309741273165,5094,8,5080,41.3419,307.572,10^-65.4682,,,,,[248454],0
248454,1,248453,Apolygus lucorum,"",eukaryota,false,,,,,,,,,,,,,,,,381.0309741273165,5094,8,5080,41.3419,307.572,10^-65.4682,,,,,,0
247604,2,247604,Machimus,"",eukaryota,false,,,,3.7399977829536364,50,,,88.92,65.4167,10^-20.9958,,,,,,,,,,,,,,,,,"[2794001, 1717430]",0
2794001,1,247604,Machimus atricapillus,"",eukaryota,false,,,,1.5707990688405271,21,,,88.9127,58.8947,10^-17.2744,,,,,,,,,,,,,,,,,,0
1717430,1,247604,Machimus rusticus,"",eukaryota,false,,,,2.169198714113109,29,,,88.9249,69.6897,10^-23.4339,,,,,,,,,,,,,,,,,,0
247414,2,247414,Ophonus,"",eukaryota,false,,,,0.8227995122498,11,,,90.5224,49.3636,10^-14.1675,,,,,,,,,,,,,,,,,[247415],0
247415,1,247414,Ophonus ardosiacus,"",eukaryota,false,,,,0.8227995122498,11,,,90.5224,49.3636,10^-14.1675,,,,,,,,,,,,,,,,,,0
245876,2,245876,Nitratireductor,"",bacteria,false,,,,,,,,,,,,,,,,0.07479995565907273,1,,,78.8,33.0,10^-9.18111,,,,,[2267699],0
2267699,1,245876,Nitratireductor thuwali,"",bacteria,false,,,,,,,,,,,,,,,,0.07479995565907273,1,,,78.8,33.0,10^-9.18111,,,,,,0
244983,2,244983,Rhinotus,"",eukaryota,false,,,,,,,,,,,,,,,,0.07479995565907273,1,,,97.0,33.0,10^-12.644,,,,,[244984],0
244984,1,244983,Rhinotus purpureus,"",eukaryota,false,,,,,,,,,,,,,,,,0.07479995565907273,1,,,97.0,33.0,10^-12.644,,,,,,0
242266,2,242266,Plebejus,"",eukaryota,false,,,,0.14959991131814546,2,,,92.308,78.0,10^-32.4758,,,,,,,,,,,,,,,,,[242267],0
242267,1,242266,Plebejus argus,"",eukaryota,false,,,,0.14959991131814546,2,,,92.308,78.0,10^-32.4758,,,,,,,,,,,,,,,,,,0
241477,2,241477,Soboliphyme,"",eukaryota,false,,,,,,,,,,,,,,,,0.07479995565907273,1,,,97.0,33.0,10^-11.2967,,,,,[241478],0
241478,1,241477,Soboliphyme baturini,"",eukaryota,false,,,,,,,,,,,,,,,,0.07479995565907273,1,,,97.0,33.0,10^-11.2967,,,,,,0
239934,2,239934,Akkermansia,"",bacteria,false,,,,,,,,,,,,,,,,0.22439986697721817,3,,,70.1667,28.0,10^-3.7657,,,,,"[1872421, 239935]",0
1872421,1,239934,Akkermansia sp.,"",bacteria,false,,,,,,,,,,,,,,,,0.07479995565907273,1,,,57.6,33.0,10^-3.17653,,,,,,0
239935,1,239934,Akkermansia muciniphila,"",bacteria,false,,,,,,,,,,,,,,,,0.14959991131814546,2,,,76.45,25.5,10^-4.06029,,,,,,0
238749,2,238749,Diaphorobacter,"",bacteria,false,,,,0.07479995565907273,1,,,91.837,49.0,10^-15.5231,,,,,,,,,,,,,,,,,[3016636],0
3016636,1,238749,Diaphorobacter sp. ED-3,"",bacteria,false,,,,0.07479995565907273,1,,,91.837,49.0,10^-15.5231,,,,,,,,,,,,,,,,,,0
238243,2,238243,Chamaenerion,"",eukaryota,false,,,,0.14959991131814546,2,,,75.026,64.5,10^-7.52918,,,,,,,,,,,,,,,,,[13055],0
13055,1,238243,Chamaenerion angustifolium,"",eukaryota,false,,,,0.14959991131814546,2,,,75.026,64.5,10^-7.52918,,,,,,,,,,,,,,,,,,0
237584,2,237584,Teratosphaeria,"",eukaryota,false,,,,,,,,,,,,,,,,0.22439986697721817,3,,,97.9667,26.0,10^-7.09686,,,,,[418781],0
418781,1,237584,Teratosphaeria destructans,"",eukaryota,false,,,,,,,,,,,,,,,,0.22439986697721817,3,,,97.9667,26.0,10^-7.09686,,,,,,0
237084,2,237084,Pilophorus,"",eukaryota,false,,,,0.5983996452725818,8,,,92.9639,47.75,10^-15.3731,,,,,,,,,,,,,,,,,[881727],0
881727,1,237084,Pilophorus perplexus,"",eukaryota,false,,,,0.5983996452725818,8,,,92.9639,47.75,10^-15.3731,,,,,,,,,,,,,,,,,,0
236948,2,236948,Leptopterna,"",eukaryota,false,,,,0.5235996896135091,7,,,91.5603,40.8571,10^-10.6059,,,,,,,,,,,,,,,,,[881489],0
881489,1,236948,Leptopterna dolabrata,"",eukaryota,false,,,,0.5235996896135091,7,,,91.5603,40.8571,10^-10.6059,,,,,,,,,,,,,,,,,,0
236886,2,236886,Leptoglossus,"",eukaryota,false,,,,114.44393215838127,1530,1,1529,91.9,73.9921,10^-17.5138,,,,,,,,,,,,,,,,,[1228019],0
1228019,1,236886,Leptoglossus zonatus,"",eukaryota,false,,,,114.44393215838127,1530,1,1529,91.9,73.9921,10^-17.5138,,,,,,,,,,,,,,,,,,0
233111,2,233111,Aspidiophorus,"",eukaryota,false,,,,0.07479995565907273,1,,,98.81,84.0,10^-43.4226,,,,,,,,,,,,,,,,,[2614544],0
2614544,1,233111,Aspidiophorus sp. n. 3 MK-2019,"",eukaryota,false,,,,0.07479995565907273,1,,,98.81,84.0,10^-43.4226,,,,,,,,,,,,,,,,,,0
232804,2,232804,Hylaeus,yellow-faced bees,eukaryota,false,,,,0.7479995565907273,10,,,87.7318,69.2,10^-22.7962,,,,,,0.07479995565907273,1,,,100.0,32.0,10^-9.1707,,,,,"[313075, 313031]",0
313075,1,232804,Hylaeus volcanicus,"",eukaryota,false,,,,0.22439986697721817,3,,,86.9287,60.3333,10^-16.8161,,,,,,0.07479995565907273,1,,,100.0,32.0,10^-9.1707,,,,,,0
313031,1,232804,Hylaeus anthracinus,"",eukaryota,false,,,,0.5235996896135091,7,,,88.076,73.0,10^-25.3591,,,,,,,,,,,,,,,,,,0
232799,2,232799,Iflavirus,"",viruses,false,,,,0.22439986697721817,3,,,97.5447,45.0,10^-16.9363,,,,,,0.22439986697721817,3,,,68.4333,32.6667,10^-6.08562,,,,,"[2970551, 2970550, 2675213]",0
2970551,1,232799,Hanko iflavirus 1,"",viruses,false,,,,0.07479995565907273,1,,,98.039,51.0,10^-20.9952,,,,,,,,,,,,,,,,,,0
2970550,1,232799,Enontekio iflavirus,"",viruses,false,,,,0.07479995565907273,1,,,100.0,47.0,10^-19.6583,,,,,,,,,,,,,,,,,,0
2675213,1,232799,Aedes vexans iflavirus,"",viruses,false,,,,0.07479995565907273,1,,,94.595,37.0,10^-10.1556,,,,,,0.22439986697721817,3,,,68.4333,32.6667,10^-6.08562,,,,,,0
231886,2,231886,Amblyteles,"",eukaryota,false,,,,1.2715992462042363,17,,,92.5225,50.5882,10^-16.6119,,,,,,,,,,,,,,,,,[231887],0
231887,1,231886,Amblyteles armatorius,"",eukaryota,false,,,,1.2715992462042363,17,,,92.5225,50.5882,10^-16.6119,,,,,,,,,,,,,,,,,,0
231878,2,231878,Buathra,"",eukaryota,false,,,,0.14959991131814546,2,,,82.5215,71.5,10^-19.133,,,,,,,,,,,,,,,,,[1419289],0
1419289,1,231878,Buathra laborator,"",eukaryota,false,,,,0.14959991131814546,2,,,82.5215,71.5,10^-19.133,,,,,,,,,,,,,,,,,,0
231683,2,231683,Saccharospirillum,"",bacteria,false,,,,,,,,,,,,,,,,0.14959991131814546,2,,,88.1,21.0,10^-3.69276,,,,,[418750],0
418750,1,231683,Saccharospirillum salsuginis,"",bacteria,false,,,,,,,,,,,,,,,,0.14959991131814546,2,,,88.1,21.0,10^-3.69276,,,,,,0
231623,2,231623,Rotaria,"",eukaryota,false,,,,,,,,,,,,,,,,2.4683985367494,33,,,77.9576,30.1515,10^-7.2687,,,,,"[2762512, 2762511, 392033, 392032, 392030]",0
2762512,1,231623,Rotaria sp. Silwood2,"",eukaryota,false,,,,,,,,,,,,,,,,0.07479995565907273,1,,,46.9,32.0,10^-3.15243,,,,,,0
2762511,1,231623,Rotaria sp. Silwood1,"",eukaryota,false,,,,,,,,,,,,,,,,0.44879973395443634,6,,,73.9833,30.3333,10^-5.34955,,,,,,0
392033,1,231623,Rotaria sordida,"",eukaryota,false,,,,,,,,,,,,,,,,0.22439986697721817,3,,,68.8333,29.6667,10^-4.88236,,,,,,0
392032,1,231623,Rotaria socialis,"",eukaryota,false,,,,,,,,,,,,,,,,0.5235996896135091,7,,,67.0857,29.4286,10^-5.51843,,,,,,0
392030,1,231623,Rotaria magnacalcarata,"",eukaryota,false,,,,,,,,,,,,,,,,1.1967992905451637,16,,,87.8562,30.375,10^-9.45883,,,,,,0
230680,2,230680,Pseudoatta,"",eukaryota,false,,,,,,,,,,,,,,,,0.22439986697721817,3,,,86.8667,33.0,10^-10.066,,,,,[621737],0
621737,1,230680,Pseudoatta argentina,"",eukaryota,false,,,,,,,,,,,,,,,,0.22439986697721817,3,,,86.8667,33.0,10^-10.066,,,,,,0
229639,2,229639,Pollenia,"",eukaryota,false,,,,0.5235996896135091,7,,,92.1169,52.1429,10^-16.2958,,,,,,,,,,,,,,,,,"[1266491, 1266490, 670595]",0
1266491,1,229639,Pollenia labialis,"",eukaryota,false,,,,0.14959991131814546,2,,,87.554,68.0,10^-22.2428,,,,,,,,,,,,,,,,,,0
1266490,1,229639,Pollenia angustigena,"",eukaryota,false,,,,0.07479995565907273,1,,,79.71,69.0,10^-15.3744,,,,,,,,,,,,,,,,,,0
670595,1,229639,Pollenia amentaria,"",eukaryota,false,,,,0.2991998226362909,4,,,97.5,40.0,10^-13.5526,,,,,,,,,,,,,,,,,,0
227479,2,227479,Lochmaea,"",eukaryota,false,,,,1.7951989358177454,24,1,12,87.3267,86.9583,10^-18.047,,,,,,,,,,,,,,,,,"[1143063, 227480]",0
1143063,1,227479,Lochmaea crataegi,"",eukaryota,false,,,,0.7479995565907273,10,,,90.1207,51.5,10^-14.6382,,,,,,,,,,,,,,,,,,0
227480,1,227479,Lochmaea capreae,willow leaf beetle,eukaryota,false,,,,1.0471993792270182,14,1,12,85.331,112.286,10^-20.4818,,,,,,,,,,,,,,,,,,0
226179,2,226179,Sphaerophoria,"",eukaryota,false,,,,0.07479995565907273,1,,,80.769,78.0,10^-20.1245,,,,,,,,,,,,,,,,,[2735243],0
2735243,1,226179,Sphaerophoria taeniata,"",eukaryota,false,,,,0.07479995565907273,1,,,80.769,78.0,10^-20.1245,,,,,,,,,,,,,,,,,,0
226177,2,226177,Baccha,"",eukaryota,false,,,,3.8895976942717816,52,1,31,85.5127,145.42,10^-30.0338,,,,,,,,,,,,,,,,,[226178],0
226178,1,226177,Baccha elongata,"",eukaryota,false,,,,3.8895976942717816,52,1,31,85.5127,145.42,10^-30.0338,,,,,,,,,,,,,,,,,,0
226148,2,226148,Volucella,"",eukaryota,false,,,,0.44879973395443634,6,,,91.0182,100.167,10^-43.4605,,,,,,,,,,,,,,,,,[1352473],0
1352473,1,226148,Volucella bombylans,"",eukaryota,false,,,,0.44879973395443634,6,,,91.0182,100.167,10^-43.4605,,,,,,,,,,,,,,,,,,0
226146,2,226146,Blera,"",eukaryota,false,,,,1.7951989358177454,24,1,8,86.6563,126.667,10^-32.7614,,,,,,,,,,,,,,,,,[226147],0
226147,1,226146,Blera fallax,"",eukaryota,false,,,,1.7951989358177454,24,1,8,86.6563,126.667,10^-32.7614,,,,,,,,,,,,,,,,,,0
225312,2,225312,Emarginula,"",eukaryota,false,,,,0.07479995565907273,1,,,83.333,72.0,10^-20.1592,,,,,,,,,,,,,,,,,[2496465],0
2496465,1,225312,Emarginula sp. MNHN IM 2013-18121,"",eukaryota,false,,,,0.07479995565907273,1,,,83.333,72.0,10^-20.1592,,,,,,,,,,,,,,,,,,0
224240,2,224240,Xylota,"",eukaryota,false,,,,1.1219993348860908,15,,,88.8433,75.1333,10^-26.61,,,,,,,,,,,,,,,,,[374264],0
374264,1,224240,Xylota sylvarum,"",eukaryota,false,,,,1.1219993348860908,15,,,88.8433,75.1333,10^-26.61,,,,,,,,,,,,,,,,,,0
224238,2,224238,Criorhina,"",eukaryota,false,,,,2.5431984924084725,34,1,8,91.0202,56.9706,10^-16.7734,,,,,,,,,,,,,,,,,[1637456],0
1637456,1,224238,Criorhina ranunculi,"",eukaryota,false,,,,2.5431984924084725,34,1,8,91.0202,56.9706,10^-16.7734,,,,,,,,,,,,,,,,,,0
224226,2,224226,Merodon,"",eukaryota,false,,,,0.07479995565907273,1,,,78.873,71.0,10^-15.362,,,,,,,,,,,,,,,,,[511117],0
511117,1,224226,Merodon equestris,"",eukaryota,false,,,,0.07479995565907273,1,,,78.873,71.0,10^-15.362,,,,,,,,,,,,,,,,,,0
224222,2,224222,Neoascia,"",eukaryota,false,,,,0.22439986697721817,3,,,87.491,53.3333,10^-14.8001,,,,,,,,,,,,,,,,,[2867103],0
2867103,1,224222,Neoascia interrupta,"",eukaryota,false,,,,0.22439986697721817,3,,,87.491,53.3333,10^-14.8001,,,,,,,,,,,,,,,,,,0
224220,2,224220,Eumerus,"",eukaryota,false,,,,0.44879973395443634,6,,,88.1707,73.0,10^-24.0768,,,,,,,,,,,,,,,,,[2867251],0
2867251,1,224220,Eumerus sabulonum,"",eukaryota,false,,,,0.44879973395443634,6,,,88.1707,73.0,10^-24.0768,,,,,,,,,,,,,,,,,,0
224132,2,224132,Phyllotreta,"",eukaryota,false,,,,1.4211991575223817,19,,,89.6168,63.2632,10^-20.3894,,,,,,0.22439986697721817,3,,,72.3333,32.6667,10^-6.30741,,,,,"[444603, 224133]",0
444603,1,224132,Phyllotreta striolata,"",eukaryota,false,,,,0.9723994235679454,13,,,89.3622,62.2308,10^-19.6738,,,,,,0.22439986697721817,3,,,72.3333,32.6667,10^-6.30741,,,,,,0
224133,1,224132,Phyllotreta cruciferae,"",eukaryota,false,,,,0.44879973395443634,6,,,90.1685,65.5,10^-21.9399,,,,,,,,,,,,,,,,,,0
222002,2,222002,Lepidonotus,"",eukaryota,false,,,,0.07479995565907273,1,,,87.179,39.0,10^-7.38798,,,,,,,,,,,,,,,,,[1210411],0
1210411,1,222002,Lepidonotus clava,"",eukaryota,false,,,,0.07479995565907273,1,,,87.179,39.0,10^-7.38798,,,,,,,,,,,,,,,,,,0
221904,2,221904,Hydrotaea,"",eukaryota,false,,,,4.113997561249,55,2,35,84.6467,173.585,10^-33.4903,,,,,,,,,,,,,,,,,[559647],0
559647,1,221904,Hydrotaea cyrtoneurina,"",eukaryota,false,,,,4.113997561249,55,2,35,84.6467,173.585,10^-33.4903,,,,,,,,,,,,,,,,,,0
221285,2,221285,Westiellopsis,"",bacteria,false,,,,,,,,,,,,,,,,0.07479995565907273,1,,,93.8,32.0,10^-10.4078,,,,,[221298],0
221298,1,221285,Westiellopsis prolifica,"",bacteria,false,,,,,,,,,,,,,,,,0.07479995565907273,1,,,93.8,32.0,10^-10.4078,,,,,,0
221094,2,221094,Ctenicera,"",eukaryota,false,,,,1.7203989801586728,23,1,7,94.4338,75.9545,10^-23.9517,,,,,,,,,,,,,,,,,[1132042],0
1132042,1,221094,Ctenicera cuprea,"",eukaryota,false,,,,1.7203989801586728,23,1,7,94.4338,75.9545,10^-23.9517,,,,,,,,,,,,,,,,,,0
220872,2,220872,Tegillarca,"",eukaryota,false,,,,,,,,,,,,,,,,0.07479995565907273,1,,,64.5,31.0,10^-3.68194,,,,,[220873],0
220873,1,220872,Tegillarca granosa,"",eukaryota,false,,,,,,,,,,,,,,,,0.07479995565907273,1,,,64.5,31.0,10^-3.68194,,,,,,0
219549,2,219549,Suillia,"",eukaryota,false,,,,3.5903978716354907,48,2,20,89.3983,91.4565,10^-25.8027,,,,,,,,,,,,,,,,,[1230148],0
1230148,1,219549,Suillia variegata,"",eukaryota,false,,,,3.5903978716354907,48,2,20,89.3983,91.4565,10^-25.8027,,,,,,,,,,,,,,,,,,0
219538,2,219538,Scaeva,"",eukaryota,false,,,,1.9447988471358908,26,,,88.592,65.3846,10^-21.6389,,,,,,,,,,,,,,,,,[219539],0
219539,1,219538,Scaeva pyrastri,"",eukaryota,false,,,,1.9447988471358908,26,,,88.592,65.3846,10^-21.6389,,,,,,,,,,,,,,,,,,0
219536,2,219536,Lasiopogon,"",eukaryota,false,,,,,,,,,,,,,,,,0.44879973395443634,6,,,98.9,30.3333,10^-12.6432,,,,,"[2301429, 2301411, 2301393, 2301383]",0
2301429,1,219536,Lasiopogon sp. tes-1,"",eukaryota,false,,,,,,,,,,,,,,,,0.14959991131814546,2,,,100.0,30.5,10^-13.2572,,,,,,0
2301411,1,219536,Lasiopogon monticola,"",eukaryota,false,,,,,,,,,,,,,,,,0.14959991131814546,2,,,96.7,30.5,10^-12.2238,,,,,,0
2301393,1,219536,Lasiopogon apache,"",eukaryota,false,,,,,,,,,,,,,,,,0.07479995565907273,1,,,100.0,28.0,10^-11.8416,,,,,,0
2301383,1,219536,Lasiopogon canningsi,"",eukaryota,false,,,,,,,,,,,,,,,,0.07479995565907273,1,,,100.0,32.0,10^-13.0555,,,,,,0
219520,2,219520,Stratiomys,"",eukaryota,false,,,,0.8227995122498,11,,,89.8319,61.4545,10^-20.5016,,,,,,,,,,,,,,,,,[511597],0
511597,1,219520,Stratiomys singularior,"",eukaryota,false,,,,0.8227995122498,11,,,89.8319,61.4545,10^-20.5016,,,,,,,,,,,,,,,,,,0
219491,2,219491,Habrosyne,"",eukaryota,false,,,,0.2991998226362909,4,,,88.53,57.25,10^-17.3442,,,,,,,,,,,,,,,,,[721137],0
721137,1,219491,Habrosyne pyritoides,"",eukaryota,false,,,,0.2991998226362909,4,,,88.53,57.25,10^-17.3442,,,,,,,,,,,,,,,,,,0
219450,2,219450,Philonthus,"",eukaryota,false,,,,1.5707990688405271,21,,,90.8916,47.5,10^-13.5579,,,,,,,,,,,,,,,,,[346820],0
346820,1,219450,Philonthus cognatus,"",eukaryota,false,,,,1.5707990688405271,21,,,90.8916,47.5,10^-13.5579,,,,,,,,,,,,,,,,,,0
219389,2,219389,Tiphia,"",eukaryota,false,,,,0.5983996452725818,8,,,89.7008,58.75,10^-18.7198,,,,,,,,,,,,,,,,,[330862],0
330862,1,219389,Tiphia femorata,"",eukaryota,false,,,,0.5983996452725818,8,,,89.7008,58.75,10^-18.7198,,,,,,,,,,,,,,,,,,0
219362,2,219362,Bombylius,"",eukaryota,false,,,,3.2911980489992,44,1,10,87.3022,83.1163,10^-20.5591,,,,,,,,,,,,,,,,,"[2741128, 240869]",0
2741128,1,219362,Bombylius discolor,"",eukaryota,false,,,,1.4959991131814545,20,,,88.2379,64.7368,10^-20.5247,,,,,,,,,,,,,,,,,,0
240869,1,219362,Bombylius major,"",eukaryota,false,,,,1.7951989358177454,24,1,10,86.5615,97.6667,10^-20.5864,,,,,,,,,,,,,,,,,,0
219336,2,219336,Siphlonurus,"",eukaryota,false,,,,7.6295954772254175,102,1,95,94.0885,53.3158,10^-11.0735,,,,,,,,,,,,,,,,,[248243],0
248243,1,219336,Siphlonurus alternatus,"",eukaryota,false,,,,7.6295954772254175,102,1,95,94.0885,53.3158,10^-11.0735,,,,,,,,,,,,,,,,,,0
218770,2,218770,Thymelicus,"",eukaryota,false,,,,1.8699988914768182,25,1,20,85.1714,75.16,10^-10.6805,,,,,,,,,,,,,,,,,"[876078, 272628]",0
876078,1,218770,Thymelicus acteon,"",eukaryota,false,,,,0.14959991131814546,2,,,86.687,59.0,10^-15.4782,,,,,,,,,,,,,,,,,,0
272628,1,218770,Thymelicus sylvestris,small skipper,eukaryota,false,,,,1.7203989801586728,23,1,20,85.0396,76.5652,10^-10.2633,,,,,,,,,,,,,,,,,,0
218743,2,218743,Ochlodes,"",eukaryota,false,,,,0.2991998226362909,4,,,90.0488,53.0,10^-15.5098,,,,,,,,,,,,,,,,,[876063],0
876063,1,218743,Ochlodes sylvanus,"",eukaryota,false,,,,0.2991998226362909,4,,,90.0488,53.0,10^-15.5098,,,,,,,,,,,,,,,,,,0
218734,2,218734,Hesperia,"",eukaryota,false,,,,0.2991998226362909,4,,,89.2923,59.75,10^-18.7154,,,,,,,,,,,,,,,,,[291688],0
291688,1,218734,Hesperia comma,common branded skipper,eukaryota,false,,,,0.2991998226362909,4,,,89.2923,59.75,10^-18.7154,,,,,,,,,,,,,,,,,,0
218719,2,218719,Carterocephalus,"",eukaryota,false,,,,0.5983996452725818,8,,,90.3317,50.5714,10^-13.2795,,,,,,,,,,,,,,,,,[218720],0
218720,1,218719,Carterocephalus palaemon,Arctic skipper,eukaryota,false,,,,0.5983996452725818,8,,,90.3317,50.5714,10^-13.2795,,,,,,,,,,,,,,,,,,0
218341,2,218341,Megalagrion,"",eukaryota,false,,,,,,,,,,,,,,,,0.07479995565907273,1,,,100.0,24.0,10^-8.47886,,,,,[218359],0
218359,1,218341,Megalagrion pacificum,"",eukaryota,false,,,,,,,,,,,,,,,,0.07479995565907273,1,,,100.0,24.0,10^-8.47886,,,,,,0
218113,2,218113,Phellopilus,"",eukaryota,false,,,,0.07479995565907273,1,,,96.0,100.0,10^-50.2087,,,,,,,,,,,,,,,,,[127956],0
127956,1,218113,Phellopilus nigrolimitatus,"",eukaryota,false,,,,0.07479995565907273,1,,,96.0,100.0,10^-50.2087,,,,,,,,,,,,,,,,,,0
217246,2,217246,Diorhabda,"",eukaryota,false,,,,0.3739997782953636,5,,,88.3826,61.0,10^-19.0197,,,,,,4.562797295203437,61,3,28,71.8112,54.5085,10^-16.3129,,,,,"[1163346, 1163345]",0
1163346,1,217246,Diorhabda sublineata,"",eukaryota,false,,,,0.2991998226362909,4,,,88.5485,62.0,10^-19.5672,,,,,,1.9447988471358908,26,1,6,84.2738,39.875,10^-11.3854,,,,,,0
1163345,1,217246,Diorhabda carinulata,"",eukaryota,false,,,,0.07479995565907273,1,,,87.719,57.0,10^-16.8298,,,,,,2.6179984480675453,35,2,22,63.2654,64.5429,10^-19.6917,,,,,,0
217164,2,217164,Caligus,"",eukaryota,false,,,,,,,,,,,,,,,,0.07479995565907273,1,,,100.0,33.0,10^-10.5086,,,,,[217165],0
217165,1,217164,Caligus rogercresseyi,"",eukaryota,false,,,,,,,,,,,,,,,,0.07479995565907273,1,,,100.0,33.0,10^-10.5086,,,,,,0
216851,2,216851,Faecalibacterium,"",bacteria,false,,,,,,,,,,,,,,,,0.07479995565907273,1,,,81.3,32.0,10^-8.93554,,,,,[1965551],0
1965551,1,216851,Faecalibacterium sp. An122,"",bacteria,false,,,,,,,,,,,,,,,,0.07479995565907273,1,,,81.3,32.0,10^-8.93554,,,,,,0
216413,2,216413,Stelis,"",eukaryota,false,,,,0.5983996452725818,8,,,88.2601,75.4286,10^-26.6214,,,,,,,,,,,,,,,,,[2249760],0
2249760,1,216413,Stelis phaeoptera,"",eukaryota,false,,,,0.5983996452725818,8,,,88.2601,75.4286,10^-26.6214,,,,,,,,,,,,,,,,,,0
215251,2,215251,Meira,"",eukaryota,false,,,,,,,,,,,,,,,,2.0195988027949636,27,1,22,71.2305,41.3846,10^-12.5705,,,,,[1280837],0
1280837,1,215251,Meira miltonrushii,"",eukaryota,false,,,,,,,,,,,,,,,,2.0195988027949636,27,1,22,71.2305,41.3846,10^-12.5705,,,,,,0
215249,2,215249,Acaromyces,"",eukaryota,false,,,,,,,,,,,,,,,,0.7479995565907273,10,,,75.91,26.9,10^-5.50334,,,,,[215250],0
215250,1,215249,Acaromyces ingoldii,"",eukaryota,false,,,,,,,,,,,,,,,,0.7479995565907273,10,,,75.91,26.9,10^-5.50334,,,,,,0
214960,2,214960,Blastomussa,"",eukaryota,false,,,,0.44879973395443634,6,,,90.6842,54.8333,10^-17.2164,,,,,,,,,,,,,,,,,[419443],0
419443,1,214960,Blastomussa wellsi,"",eukaryota,false,,,,0.44879973395443634,6,,,90.6842,54.8333,10^-17.2164,,,,,,,,,,,,,,,,,,0
214904,2,214904,Tepidibacter,"",bacteria,false,,,,,,,,,,,,,,,,0.14959991131814546,2,,,87.95,29.0,10^-8.47511,,,,,[2925782],0
2925782,1,214904,Tepidibacter aestuarii,"",bacteria,false,,,,,,,,,,,,,,,,0.14959991131814546,2,,,87.95,29.0,10^-8.47511,,,,,,0
214392,2,214392,Chloroclysta,"",eukaryota,false,,,,0.6731996009316545,9,,,88.6859,64.6667,10^-21.292,,,,,,,,,,,,,,,,,[934828],0
934828,1,214392,Chloroclysta siterata,"",eukaryota,false,,,,0.6731996009316545,9,,,88.6859,64.6667,10^-21.292,,,,,,,,,,,,,,,,,,0
214365,2,214365,Spilosoma,"",eukaryota,false,,,,0.3739997782953636,5,,,84.5336,63.2,10^-17.4729,,,,,,,,,,,,,,,,,[875880],0
875880,1,214365,Spilosoma lubricipeda,"",eukaryota,false,,,,0.3739997782953636,5,,,84.5336,63.2,10^-17.4729,,,,,,,,,,,,,,,,,,0
214313,2,214313,Polia,"",eukaryota,false,,,,0.07479995565907273,1,,,91.489,47.0,10^-14.1688,,,,,,,,,,,,,,,,,[988024],0
988024,1,214313,Polia nebulosa,"",eukaryota,false,,,,0.07479995565907273,1,,,91.489,47.0,10^-14.1688,,,,,,,,,,,,,,,,,,0
214310,2,214310,Phragmatobia,"",eukaryota,false,,,,0.5235996896135091,7,,,88.1298,68.8333,10^-22.8225,,,,,,,,,,,,,,,,,[214311],0
214311,1,214310,Phragmatobia fuliginosa,ruby tiger moth,eukaryota,false,,,,0.5235996896135091,7,,,88.1298,68.8333,10^-22.8225,,,,,,,,,,,,,,,,,,0
214308,2,214308,Pheosia,"",eukaryota,false,,,,0.3739997782953636,5,,,88.202,62.8,10^-19.1467,,,,,,,,,,,,,,,,,"[988019, 988018]",0
988019,1,214308,Pheosia tremula,"",eukaryota,false,,,,0.07479995565907273,1,,,85.965,57.0,10^-15.4574,,,,,,,,,,,,,,,,,,0
988018,1,214308,Pheosia gnoma,"",eukaryota,false,,,,0.2991998226362909,4,,,88.7613,64.25,10^-20.0691,,,,,,,,,,,,,,,,,,0
214286,2,214286,Oligia,"",eukaryota,false,,,,0.8975994679088727,12,1,12,82.353,102.0,10^-13.5086,,,,,,,,,,,,,,,,,[988008],0
988008,1,214286,Oligia latruncula,"",eukaryota,false,,,,0.8975994679088727,12,1,12,82.353,102.0,10^-13.5086,,,,,,,,,,,,,,,,,,0
214282,2,214282,Ochropleura,"",eukaryota,false,,,,0.6731996009316545,9,,,86.5014,64.4286,10^-18.365,,,,,,,,,,,,,,,,,"[1870131, 320037]",0
1870131,1,214282,Ochropleura leucogaster,"",eukaryota,false,,,,0.5235996896135091,7,,,86.281,71.2,10^-21.5497,,,,,,,,,,,,,,,,,,0
320037,1,214282,Ochropleura plecta,"",eukaryota,false,,,,0.14959991131814546,2,,,87.0525,47.5,10^-10.4033,,,,,,,,,,,,,,,,,,0
214280,2,214280,Notodonta,"",eukaryota,false,,,,0.8227995122498,11,,,86.1446,56.3636,10^-14.7979,,,,,,,,,,,,,,,,,"[988002, 753204]",0
988002,1,214280,Notodonta ziczac,"",eukaryota,false,,,,0.5235996896135091,7,,,88.0344,62.2857,10^-19.0672,,,,,,,,,,,,,,,,,,0
753204,1,214280,Notodonta dromedarius,"",eukaryota,false,,,,0.2991998226362909,4,,,82.8375,46.0,10^-7.3268,,,,,,,,,,,,,,,,,,0
214276,2,214276,Noctua,"",eukaryota,false,,,,0.2991998226362909,4,,,86.3792,78.75,10^-25.4644,,,,,,,,,,,,,,,,,"[987995, 753202, 214277]",0
987995,1,214276,Noctua janthe,"",eukaryota,false,,,,0.07479995565907273,1,,,84.091,88.0,10^-28.3063,,,,,,,,,,,,,,,,,,0
753202,1,214276,Noctua fimbriata,"",eukaryota,false,,,,0.07479995565907273,1,,,84.27,89.0,10^-28.9876,,,,,,,,,,,,,,,,,,0
214277,1,214276,Noctua pronuba,large yellow underwing,eukaryota,false,,,,0.14959991131814546,2,,,88.578,69.0,10^-22.2818,,,,,,,,,,,,,,,,,,0
214239,2,214239,Melanchra,"",eukaryota,false,,,,0.7479995565907273,10,1,10,85.321,109.0,10^-20.1512,,,,,,,,,,,,,,,,,[987979],0
987979,1,214239,Melanchra persicariae,"",eukaryota,false,,,,0.7479995565907273,10,1,10,85.321,109.0,10^-20.1512,,,,,,,,,,,,,,,,,,0
214193,2,214193,Lomographa,"",eukaryota,false,,,,0.7479995565907273,10,,,90.5614,60.9,10^-20.593,,,,,,,,,,,,,,,,,[393326],0
393326,1,214193,Lomographa bimaculata,white-pinioned spotted,eukaryota,false,,,,0.7479995565907273,10,,,90.5614,60.9,10^-20.593,,,,,,,,,,,,,,,,,,0
214189,2,214189,Lobophora,"",eukaryota,false,,,,0.5235996896135091,7,,,90.4076,56.4286,10^-17.2493,,,,,,,,,,,,,,,,,[934876],0
934876,1,214189,Lobophora halterata,"",eukaryota,false,,,,0.5235996896135091,7,,,90.4076,56.4286,10^-17.2493,,,,,,,,,,,,,,,,,,0
214175,2,214175,Hyppa,"",eukaryota,false,,,,0.07479995565907273,1,,,90.566,53.0,10^-16.8614,,,,,,,,,,,,,,,,,[987961],0
987961,1,214175,Hyppa rectilinea,"",eukaryota,false,,,,0.07479995565907273,1,,,90.566,53.0,10^-16.8614,,,,,,,,,,,,,,,,,,0
214170,2,214170,Hydraecia,"",eukaryota,false,,,,0.22439986697721817,3,,,82.4497,64.0,10^-10.6401,,,,,,,,,,,,,,,,,[214171],0
214171,1,214170,Hydraecia micacea,rosy rustic,eukaryota,false,,,,0.22439986697721817,3,,,82.4497,64.0,10^-10.6401,,,,,,,,,,,,,,,,,,0
214137,2,214137,Eupithecia,"",eukaryota,false,,,,4.113997561249,55,1,28,90.8986,61.5091,10^-15.9539,,,,,,,,,,,,,,,,,"[986984, 986977, 934866, 934860, 934847, 934844, 934840]",0
986984,1,214137,Eupithecia subumbrata,"",eukaryota,false,,,,2.3935985810903273,32,1,28,91.0508,65.6875,10^-14.5326,,,,,,,,,,,,,,,,,,0
986977,1,214137,Eupithecia insigniata,"",eukaryota,false,,,,0.3739997782953636,5,,,92.7768,54.8,10^-18.6509,,,,,,,,,,,,,,,,,,0
934866,1,214137,Eupithecia vulgata,"",eukaryota,false,,,,0.22439986697721817,3,,,89.1213,49.0,10^-13.7005,,,,,,,,,,,,,,,,,,0
934860,1,214137,Eupithecia tripunctaria,"",eukaryota,false,,,,0.07479995565907273,1,,,95.122,41.0,10^-12.8557,,,,,,,,,,,,,,,,,,0
934847,1,214137,Eupithecia exiguata,"",eukaryota,false,,,,0.3739997782953636,5,,,89.409,48.6,10^-13.0713,,,,,,,,,,,,,,,,,,0
934844,1,214137,Eupithecia centaureata,"",eukaryota,false,,,,0.22439986697721817,3,,,87.802,72.6667,10^-23.8392,,,,,,,,,,,,,,,,,,0
934840,1,214137,Eupithecia abbreviata,"",eukaryota,false,,,,0.44879973395443634,6,,,91.4958,59.6667,10^-21.3897,,,,,,,,,,,,,,,,,,0
214132,2,214132,Eulithis,"",eukaryota,false,,,,0.22439986697721817,3,,,92.998,38.3333,10^-10.1408,,,,,,,,,,,,,,,,,"[934839, 326959]",0
934839,1,214132,Eulithis prunata,"",eukaryota,false,,,,0.14959991131814546,2,,,97.3915,38.5,10^-12.5409,,,,,,,,,,,,,,,,,,0
326959,1,214132,Eulithis testata,"",eukaryota,false,,,,0.07479995565907273,1,,,84.211,38.0,10^-5.3407,,,,,,,,,,,,,,,,,,0
214128,2,214128,Ennomos,"",eukaryota,false,,,,0.9723994235679454,13,,,86.6328,60.9231,10^-18.0281,,,,,,,,,,,,,,,,,"[875883, 722662]",0
875883,1,214128,Ennomos quercinarius,"",eukaryota,false,,,,0.5235996896135091,7,,,90.9156,69.4286,10^-25.6757,,,,,,,,,,,,,,,,,,0
722662,1,214128,Ennomos fuscantarius,dusky thorn,eukaryota,false,,,,0.44879973395443634,6,,,81.6362,51.0,10^-9.10582,,,,,,,,,,,,,,,,,,0
214089,2,214089,Clostera,"",eukaryota,false,,,,0.44879973395443634,6,,,81.4198,63.0,10^-14.4993,,,,,,,,,,,,,,,,,[987902],0
987902,1,214089,Clostera curtula,"",eukaryota,false,,,,0.44879973395443634,6,,,81.4198,63.0,10^-14.4993,,,,,,,,,,,,,,,,,,0
213865,2,213865,Eciton,"",eukaryota,false,,,,,,,,,,,,,,,,0.22439986697721817,3,,,72.3,32.3333,10^-5.55966,,,,,[213866],0
213866,1,213865,Eciton burchellii,"",eukaryota,false,,,,,,,,,,,,,,,,0.22439986697721817,3,,,72.3,32.3333,10^-5.55966,,,,,,0
212744,2,212744,Rugamonas,"",bacteria,false,,,,0.07479995565907273,1,,,100.0,54.0,10^-24.4013,,,,,,,,,,,,,,,,,[3039386],0
3039386,1,212744,Rugamonas sp. DEMB1,"",bacteria,false,,,,0.07479995565907273,1,,,100.0,54.0,10^-24.4013,,,,,,,,,,,,,,,,,,0
210567,2,210567,Cadophora,"",eukaryota,false,,,,,,,,,,,,,,,,0.07479995565907273,1,,,100.0,32.0,10^-14.8013,,,,,[1485229],0
1485229,1,210567,Cadophora sp. DSE1049,"",eukaryota,false,,,,,,,,,,,,,,,,0.07479995565907273,1,,,100.0,32.0,10^-14.8013,,,,,,0
210245,2,210245,Acrocera,"",eukaryota,false,,,,2.0195988027949636,27,1,16,84.3586,140.37,10^-25.8883,,,,,,,,,,,,,,,,,[210248],0
210248,1,210245,Acrocera orbiculus,"",eukaryota,false,,,,2.0195988027949636,27,1,16,84.3586,140.37,10^-25.8883,,,,,,,,,,,,,,,,,,0
209712,2,209712,Stilobezzia,"",eukaryota,false,,,,,,,,,,,,,,,,0.07479995565907273,1,,,100.0,33.0,10^-16.4437,,,,,[209713],0
209713,1,209712,Stilobezzia antennalis,"",eukaryota,false,,,,,,,,,,,,,,,,0.07479995565907273,1,,,100.0,33.0,10^-16.4437,,,,,,0
209707,2,209707,Ceratopogon,"",eukaryota,false,,,,,,,,,,,,,,,,0.07479995565907273,1,,,100.0,33.0,10^-12.7799,,,,,[1525485],0
1525485,1,209707,Ceratopogon lacteipennis,"",eukaryota,false,,,,,,,,,,,,,,,,0.07479995565907273,1,,,100.0,33.0,10^-12.7799,,,,,,0
209700,2,209700,Forcipomyia,"",eukaryota,false,,,,,,,,,,,,,,,,0.14959991131814546,2,,,96.75,31.5,10^-11.7674,,,,,"[1874315, 1874314]",0
1874315,1,209700,Forcipomyia aristolochiae,"",eukaryota,false,,,,,,,,,,,,,,,,0.07479995565907273,1,,,100.0,32.0,10^-14.1918,,,,,,0
1874314,1,209700,Forcipomyia velox,"",eukaryota,false,,,,,,,,,,,,,,,,0.07479995565907273,1,,,93.5,31.0,10^-9.34294,,,,,,0
209260,2,209260,Swaminathania,"",bacteria,false,,,,0.7479995565907273,10,,,100.0,79.0,10^-41.3915,,,,,,,,,,,,,,,,,[182838],0
182838,1,209260,Swaminathania salitolerans,"",bacteria,false,,,,0.7479995565907273,10,,,100.0,79.0,10^-41.3915,,,,,,,,,,,,,,,,,,0
208207,2,208207,Tropilaelaps,"",eukaryota,false,,,,,,,,,,,,,,,,0.14959991131814546,2,,,96.55,31.0,10^-11.8178,,,,,[418985],0
418985,1,208207,Tropilaelaps mercedesae,"",eukaryota,false,,,,,,,,,,,,,,,,0.14959991131814546,2,,,96.55,31.0,10^-11.8178,,,,,,0
207395,2,207395,Rhyparus,"",eukaryota,false,,,,,,,,,,,,,,,,0.07479995565907273,1,,,100.0,33.0,10^-11.6289,,,,,[2055524],0
2055524,1,207395,Rhyparus sp. INB002,"",eukaryota,false,,,,,,,,,,,,,,,,0.07479995565907273,1,,,100.0,33.0,10^-11.6289,,,,,,0
207244,2,207244,Anaerostipes,"",bacteria,false,,,,,,,,,,,,,,,,0.14959991131814546,2,,,74.2,31.0,10^-5.42022,,,,,[105841],0
105841,1,207244,Anaerostipes caccae,"",bacteria,false,,,,,,,,,,,,,,,,0.14959991131814546,2,,,74.2,31.0,10^-5.42022,,,,,,0
205513,2,205513,Puncturella,"",eukaryota,false,,,,0.07479995565907273,1,,,92.683,41.0,10^-11.4834,,,,,,,,,,,,,,,,,[702833],0
702833,1,205513,Puncturella sp. SWA-2009,"",eukaryota,false,,,,0.07479995565907273,1,,,92.683,41.0,10^-11.4834,,,,,,,,,,,,,,,,,,0
205028,2,205028,Pseudotaeniolina,"",eukaryota,false,,,,0.14959991131814546,2,,,99.01,101.0,10^-55.0077,,,,,,,,,,,,,,,,,[205029],0
205029,1,205028,Pseudotaeniolina globosa,"",eukaryota,false,,,,0.14959991131814546,2,,,99.01,101.0,10^-55.0077,,,,,,,,,,,,,,,,,,0
204943,2,204943,Cryptocephalus,"",eukaryota,false,,,,1.4211991575223817,19,1,14,91.7937,59.8421,10^-14.4108,,,,,,0.07479995565907273,1,,,100.0,33.0,10^-14.7352,,,,,"[2055369, 204949]",0
2055369,1,204943,Cryptocephalus sp. INB143,"",eukaryota,false,,,,,,,,,,,,,,,,0.07479995565907273,1,,,100.0,33.0,10^-14.7352,,,,,,0
204949,1,204943,Cryptocephalus moraei,"",eukaryota,false,,,,1.4211991575223817,19,1,14,91.7937,59.8421,10^-14.4108,,,,,,,,,,,,,,,,,,0
204619,2,204619,Nardonella,"",bacteria,false,,,,0.07479995565907273,1,,,98.99,99.0,10^-53.644,,,,,,,,,,,,,,,,,[1971485],0
1971485,1,204619,Candidatus Nardonella dryophthoridicola,"",bacteria,false,,,,0.07479995565907273,1,,,98.99,99.0,10^-53.644,,,,,,,,,,,,,,,,,,0
204447,2,204447,Skermanella,"",bacteria,false,,,,0.14959991131814546,2,,,97.946,97.5,10^-51.2493,,,,,,,,,,,,,,,,,"[2775420, 2233999]",0
2775420,1,204447,Skermanella sp. TT6,"",bacteria,false,,,,0.07479995565907273,1,,,98.02,101.0,10^-53.6353,,,,,,,,,,,,,,,,,,0
2233999,1,204447,Skermanella pratensis,"",bacteria,false,,,,0.07479995565907273,1,,,97.872,94.0,10^-48.8632,,,,,,,,,,,,,,,,,,0
204286,2,204286,Cobetia,"",bacteria,false,,,,0.3739997782953636,5,,,99.802,99.0,10^-54.7423,,,,,,,,,,,,,,,,,"[2758724, 1055102, 28258]",0
2758724,1,204286,Cobetia sp. 4B,"",bacteria,false,,,,0.14959991131814546,2,,,99.505,96.0,10^-52.2856,,,,,,,,,,,,,,,,,,0
1055102,1,204286,Cobetia litoralis,"",bacteria,false,,,,0.14959991131814546,2,,,100.0,101.0,10^-56.3801,,,,,,,,,,,,,,,,,,0
28258,1,204286,Cobetia marina,"",bacteria,false,,,,0.07479995565907273,1,,,100.0,101.0,10^-56.3801,,,,,,,,,,,,,,,,,,0
204130,2,204130,Isodon,"",eukaryota,false,,,,0.07479995565907273,1,,,100.0,101.0,10^-56.3801,,,,,,,,,,,,,,,,,[587669],0
587669,1,204130,Isodon rubescens,"",eukaryota,false,,,,0.07479995565907273,1,,,100.0,101.0,10^-56.3801,,,,,,,,,,,,,,,,,,0
204037,2,204037,Dickeya,"",bacteria,false,,,,,,,,,,,,,,,,0.07479995565907273,1,,,87.5,32.0,10^-11.3947,,,,,[2259638],0
2259638,1,204037,Dickeya lacustris,"",bacteria,false,,,,,,,,,,,,,,,,0.07479995565907273,1,,,87.5,32.0,10^-11.3947,,,,,,0
203903,2,203903,Hemileia,"",eukaryota,false,,,,0.14959991131814546,2,,,86.842,38.0,10^-6.71307,,,,,,,,,,,,,,,,,[203904],0
203904,1,203903,Hemileia vastatrix,"",eukaryota,false,,,,0.14959991131814546,2,,,86.842,38.0,10^-6.71307,,,,,,,,,,,,,,,,,,0
203780,2,203780,Glaucopsyche,"",eukaryota,false,,,,1.5707990688405271,21,1,17,87.2114,75.7619,10^-14.3973,,,,,,,,,,,,,,,,,[203781],0
203781,1,203780,Glaucopsyche alexis,green-underside blue,eukaryota,false,,,,1.5707990688405271,21,1,17,87.2114,75.7619,10^-14.3973,,,,,,,,,,,,,,,,,,0
203431,2,203431,Collema,"",eukaryota,false,,,,0.07479995565907273,1,,,91.667,72.0,10^-28.3935,,,,,,,,,,,,,,,,,[1246810],0
1246810,1,203431,Collema glaucophthalmum,"",eukaryota,false,,,,0.07479995565907273,1,,,91.667,72.0,10^-28.3935,,,,,,,,,,,,,,,,,,0
202907,2,202907,Collimonas,"",bacteria,false,,,,0.07479995565907273,1,,,92.683,41.0,10^-11.4834,,,,,,,,,,,,,,,,,[158899],0
158899,1,202907,Collimonas fungivorans,"",bacteria,false,,,,0.07479995565907273,1,,,92.683,41.0,10^-11.4834,,,,,,,,,,,,,,,,,,0
202696,2,202696,Jaapia,"",eukaryota,false,,,,,,,,,,,,,,,,0.2991998226362909,4,,,75.725,30.0,10^-6.77738,,,,,[202697],0
202697,1,202696,Jaapia argillacea,"",eukaryota,false,,,,,,,,,,,,,,,,0.2991998226362909,4,,,75.725,30.0,10^-6.77738,,,,,,0
202348,2,202348,Echinosoma,"",eukaryota,false,,,,,,,,,,,,,,,,0.07479995565907273,1,,,100.0,32.0,10^-11.7235,,,,,[307996],0
307996,1,202348,Echinosoma micropteryx,"",eukaryota,false,,,,,,,,,,,,,,,,0.07479995565907273,1,,,100.0,32.0,10^-11.7235,,,,,,0
201855,2,201855,Ceutorhynchus,"",eukaryota,false,,,,0.9723994235679454,13,,,90.0568,51.3846,10^-14.8332,,,,,,0.3739997782953636,5,,,79.8,31.2,10^-8.41984,,,,,[467358],0
467358,1,201855,Ceutorhynchus assimilis,cabbage seed weevil,eukaryota,false,,,,0.9723994235679454,13,,,90.0568,51.3846,10^-14.8332,,,,,,0.3739997782953636,5,,,79.8,31.2,10^-8.41984,,,,,,0
200916,2,200916,Acanthoscelides,"",eukaryota,false,,,,,,,,,,,,,,,,1.346399201863309,18,,,94.1167,30.1111,10^-10.2218,,,,,[200917],0
200917,1,200916,Acanthoscelides obtectus,"",eukaryota,false,,,,,,,,,,,,,,,,1.346399201863309,18,,,94.1167,30.1111,10^-10.2218,,,,,,0
200670,2,200670,Crenothrix,"",bacteria,false,,,,,,,,,,,,,,,,0.07479995565907273,1,,,92.9,28.0,10^-9.23508,,,,,[360316],0
360316,1,200670,Crenothrix polyspora,"",bacteria,false,,,,,,,,,,,,,,,,0.07479995565907273,1,,,92.9,28.0,10^-9.23508,,,,,,0
200613,2,200613,Anoplius,"",eukaryota,false,,,,1.346399201863309,18,1,12,86.4685,92.1429,10^-21.2668,,,,,,,,,,,,,,,,,[1667466],0
1667466,1,200613,Anoplius nigerrimus,"",eukaryota,false,,,,1.346399201863309,18,1,12,86.4685,92.1429,10^-21.2668,,,,,,,,,,,,,,,,,,0
200190,2,200190,Sinotaia,"",eukaryota,false,,,,0.14959991131814546,2,,,86.364,44.0,10^-9.39414,,,,,,,,,,,,,,,,,[2653872],0
2653872,1,200190,Sinotaia aeruginosa,"",eukaryota,false,,,,0.14959991131814546,2,,,86.364,44.0,10^-9.39414,,,,,,,,,,,,,,,,,,0
199487,2,199487,Hyalella,"",eukaryota,false,,,,0.22439986697721817,3,,,97.368,38.0,10^-12.2026,,,,,,0.3739997782953636,5,,,80.1,31.6,10^-9.49238,,,,,[294128],0
294128,1,199487,Hyalella azteca,"",eukaryota,false,,,,0.22439986697721817,3,,,97.368,38.0,10^-12.2026,,,,,,0.3739997782953636,5,,,80.1,31.6,10^-9.49238,,,,,,0
198633,2,198633,Eristalis,"",eukaryota,false,,,,6.507596142339327,87,,,90.0513,63.0833,10^-21.2636,,,,,,,,,,,,,,,,,"[1572519, 1124515, 198635]",0
1572519,1,198633,Eristalis pertinax,"",eukaryota,false,,,,2.5431984924084725,34,,,90.0901,62.6765,10^-21.3447,,,,,,,,,,,,,,,,,,0
1124515,1,198633,Eristalis arbustorum,"",eukaryota,false,,,,2.767598359385691,37,,,90.1628,64.8235,10^-22.3369,,,,,,,,,,,,,,,,,,0
198635,1,198633,Eristalis tenax,drone fly,eukaryota,false,,,,1.1967992905451637,16,,,89.7318,60.25,10^-18.8103,,,,,,,,,,,,,,,,,,0
197151,2,197151,Cloeon,"",eukaryota,false,,,,0.9723994235679454,13,,,89.8411,61.9231,10^-19.8772,,,,,,3.1415981376810542,42,1,6,90.5787,37.0732,10^-12.5058,,,,,[197152],0
197152,1,197151,Cloeon dipterum,"",eukaryota,false,,,,0.9723994235679454,13,,,89.8411,61.9231,10^-19.8772,,,,,,3.1415981376810542,42,1,6,90.5787,37.0732,10^-12.5058,,,,,,0
197002,2,197002,Biphyllus,"",eukaryota,false,,,,,,,,,,,,,,,,0.07479995565907273,1,,,100.0,32.0,10^-12.2565,,,,,[197003],0
197003,1,197002,Biphyllus lunatus,"",eukaryota,false,,,,,,,,,,,,,,,,0.07479995565907273,1,,,100.0,32.0,10^-12.2565,,,,,,0
196080,2,196080,Terasakiella,"",bacteria,false,,,,,,,,,,,,,,,,0.07479995565907273,1,,,93.9,33.0,10^-12.6162,,,,,[64973],0
64973,1,196080,Terasakiella pusilla,"",bacteria,false,,,,,,,,,,,,,,,,0.07479995565907273,1,,,93.9,33.0,10^-12.6162,,,,,,0
195882,2,195882,Laodelphax,"",eukaryota,false,,,,,,,,,,,,,,,,0.9723994235679454,13,,,96.3538,31.0769,10^-10.0319,,,,,[195883],0
195883,1,195882,Laodelphax striatellus,small brown planthopper,eukaryota,false,,,,,,,,,,,,,,,,0.9723994235679454,13,,,96.3538,31.0769,10^-10.0319,,,,,,0
195556,2,195556,Coptoborus,"",eukaryota,false,,,,,,,,,,,,,,,,0.14959991131814546,2,,,100.0,30.0,10^-10.8996,,,,,[2927608],0
2927608,1,195556,Coptoborus villosulus,"",eukaryota,false,,,,,,,,,,,,,,,,0.14959991131814546,2,,,100.0,30.0,10^-10.8996,,,,,,0
195323,2,195323,Trixagus,"",eukaryota,false,,,,,,,,,,,,,,,,0.07479995565907273,1,,,100.0,33.0,10^-14.1439,,,,,[2055563],0
2055563,1,195323,Trixagus sp. INB125,"",eukaryota,false,,,,,,,,,,,,,,,,0.07479995565907273,1,,,100.0,33.0,10^-14.1439,,,,,,0
195223,2,195223,Malthinus,"",eukaryota,false,,,,0.9723994235679454,13,,,94.4983,44.0,10^-14.2515,,,,,,,,,,,,,,,,,[195224],0
195224,1,195223,Malthinus flaveolus,"",eukaryota,false,,,,0.9723994235679454,13,,,94.4983,44.0,10^-14.2515,,,,,,,,,,,,,,,,,,0
195167,2,195167,Agrypnus,"",eukaryota,false,,,,0.07479995565907273,1,,,83.696,92.0,10^-29.6594,,,,,,,,,,,,,,,,,[2055324],0
2055324,1,195167,Agrypnus sp. INB160,"",eukaryota,false,,,,0.07479995565907273,1,,,83.696,92.0,10^-29.6594,,,,,,,,,,,,,,,,,,0
195164,2,195164,Agrilus,"",eukaryota,false,,,,1.346399201863309,18,,,93.1239,62.0625,10^-24.6596,,,,,,0.8227995122498,11,,,93.57,30.2,10^-9.7128,,,,,"[1586972, 224129]",0
1586972,1,195164,Agrilus cyanescens,"",eukaryota,false,,,,0.6731996009316545,9,,,90.6881,53.0,10^-16.8754,,,,,,,,,,,,,,,,,,0
224129,1,195164,Agrilus planipennis,emerald ash borer,eukaryota,false,,,,0.6731996009316545,9,,,96.2556,73.7143,10^-34.6677,,,,,,0.8227995122498,11,,,93.57,30.2,10^-9.7128,,,,,,0
192874,2,192874,Capsaspora,"",eukaryota,false,,,,0.2991998226362909,4,,,90.0625,72.5,10^-26.026,,,,,,,,,,,,,,,,,[192875],0
192875,1,192874,Capsaspora owczarzaki,"",eukaryota,false,,,,0.2991998226362909,4,,,90.0625,72.5,10^-26.026,,,,,,,,,,,,,,,,,,0
192638,2,192638,Hybos,"",eukaryota,false,,,,0.14959991131814546,2,,,93.8255,89.0,10^-40.6528,,,,,,,,,,,,,,,,,[1262239],0
1262239,1,192638,Hybos culiciformis,"",eukaryota,false,,,,0.14959991131814546,2,,,93.8255,89.0,10^-40.6528,,,,,,,,,,,,,,,,,,0
192486,2,192486,Condylostylus,"",eukaryota,false,,,,0.7479995565907273,10,,,86.5356,70.8,10^-21.0165,,,,,,6.05879640838489,81,,,93.3951,30.8148,10^-8.97343,,,,,[2530218],0
2530218,1,192486,Condylostylus longicornis,"",eukaryota,false,,,,0.7479995565907273,10,,,86.5356,70.8,10^-21.0165,,,,,,6.05879640838489,81,,,93.3951,30.8148,10^-8.97343,,,,,,0
192463,2,192463,Phthorimaea,"",eukaryota,false,,,,,,,,,,,,,,,,0.22439986697721817,3,,,76.0333,32.0,10^-7.77895,,,,,[192464],0
192464,1,192463,Phthorimaea operculella,potato tuberworm,eukaryota,false,,,,,,,,,,,,,,,,0.22439986697721817,3,,,76.0333,32.0,10^-7.77895,,,,,,0
192449,2,192449,Rhingia,"",eukaryota,false,,,,1.5707990688405271,21,1,14,86.7577,100.0,10^-20.1474,,,,,,,,,,,,,,,,,"[2721518, 226161]",0
2721518,1,192449,Rhingia rostrata,"",eukaryota,false,,,,1.2715992462042363,17,1,14,84.7696,111.176,10^-20.1931,,,,,,,,,,,,,,,,,,0
226161,1,192449,Rhingia campestris,"",eukaryota,false,,,,0.2991998226362909,4,,,95.207,52.5,10^-19.9535,,,,,,,,,,,,,,,,,,0
192444,2,192444,Platycheirus,"",eukaryota,false,,,,0.07479995565907273,1,,,97.297,37.0,10^-11.528,,,,,,,,,,,,,,,,,[414846],0
414846,1,192444,Platycheirus albimanus,"",eukaryota,false,,,,0.07479995565907273,1,,,97.297,37.0,10^-11.528,,,,,,,,,,,,,,,,,,0
192442,2,192442,Paraplatypeza,"",eukaryota,false,,,,0.14959991131814546,2,,,97.778,45.0,10^-16.9324,,,,,,,,,,,,,,,,,[1262247],0
1262247,1,192442,Paraplatypeza velutina,"",eukaryota,false,,,,0.14959991131814546,2,,,97.778,45.0,10^-16.9324,,,,,,,,,,,,,,,,,,0
192258,2,192258,Genlisea,"",eukaryota,false,,,,,,,,,,,,,,,,0.14959991131814546,2,,,100.0,25.0,10^-8.95078,,,,,[192259],0
192259,1,192258,Genlisea aurea,"",eukaryota,false,,,,,,,,,,,,,,,,0.14959991131814546,2,,,100.0,25.0,10^-8.95078,,,,,,0
192190,2,192190,Pandemis,"",eukaryota,false,,,,0.07479995565907273,1,,,97.561,41.0,10^-14.2281,,,,,,,,,,,,,,,,,[753214],0
753214,1,192190,Pandemis cinnamomeana,"",eukaryota,false,,,,0.07479995565907273,1,,,97.561,41.0,10^-14.2281,,,,,,,,,,,,,,,,,,0
191494,2,191494,Conexibacter,"",bacteria,false,,,,0.07479995565907273,1,,,85.0,100.0,10^-35.1126,,,,,,0.07479995565907273,1,,,97.0,33.0,10^-12.9172,,,,,"[2812560, 1929289]",0
2812560,1,191494,Conexibacter sp. SYSU D00693,"",bacteria,false,,,,0.07479995565907273,1,,,85.0,100.0,10^-35.1126,,,,,,,,,,,,,,,,,,0
1929289,1,191494,Conexibacter sp.,"",bacteria,false,,,,,,,,,,,,,,,,0.07479995565907273,1,,,97.0,33.0,10^-12.9172,,,,,,0
191028,2,191028,Leisingera,"",bacteria,false,,,,0.07479995565907273,1,,,71.233,73.0,10^-8.48809,,,,,,,,,,,,,,,,,[2930199],0
2930199,1,191028,Leisingera thetidis,"",bacteria,false,,,,0.07479995565907273,1,,,71.233,73.0,10^-8.48809,,,,,,,,,,,,,,,,,,0
190769,2,190769,Pheidole,"",eukaryota,false,,,,0.07479995565907273,1,,,100.0,101.0,10^-56.3801,,,,,,,,,,,,,,,,,[615203],0
615203,1,190769,Pheidole mendicula,"",eukaryota,false,,,,0.07479995565907273,1,,,100.0,101.0,10^-56.3801,,,,,,,,,,,,,,,,,,0
190765,2,190765,Ochlerotatus,"",eukaryota,false,,,,11606.035920017383,155161,154,145635,93.8833,240.611,10^-95.5868,,,,,,303.7626199314943,4061,35,3868,96.3185,176.575,10^-153.005,,,,,"[2792478, 2292405, 2292404, 2067447, 1874498, 1806185, 1640878, 1529939, 1289171, 1285602, 1245356, 1206303, 1205942, 1205936, 1197337, 1197336, 1129559, 980429, 873164, 767023, 743691, 663928, 658031, 644619, 571210, 569589, 329105, 329103, 329102, 329100, 329099, 310513, 228920, 228918, 173086, 120878, 120877, 120873, 120870, 46209, 7162]",0
2792478,1,190765,Ochlerotatus nigrithorax,"",eukaryota,false,,,,0.07479995565907273,1,,,100.0,70.0,10^-35.2675,,,,,,,,,,,,,,,,,,0
2292405,1,190765,Ochlerotatus subalbirostris,"",eukaryota,false,,,,0.07479995565907273,1,,,100.0,68.0,10^-33.9078,,,,,,,,,,,,,,,,,,0
2292404,1,190765,Ochlerotatus antipodeus,"",eukaryota,false,,,,0.07479995565907273,1,,,96.667,60.0,10^-25.7279,,,,,,,,,,,,,,,,,,0
2067447,1,190765,Ochlerotatus dupreei,"",eukaryota,false,,,,0.22439986697721817,3,,,91.094,77.0,10^-24.0665,,,,,,,,,,,,,,,,,,0
1874498,1,190765,Ochlerotatus sp. 4DS,"",eukaryota,false,,,,2.3187986254312545,31,1,25,88.1959,272.276,10^-86.0085,,,,,,0.2991998226362909,4,,,95.4,32.5,10^-10.1412,,,,,,0
1806185,1,190765,Ochlerotatus vittiger,"",eukaryota,false,,,,0.3739997782953636,5,,,100.0,77.0,10^-40.059,,,,,,,,,,,,,,,,,,0
1640878,1,190765,Ochlerotatus pertinax,"",eukaryota,false,,,,0.3739997782953636,5,,,99.5238,53.2,10^-23.6031,,,,,,,,,,,,,,,,,,0
1529939,1,190765,Ochlerotatus pulcritarsis,"",eukaryota,false,,,,3.1415981376810542,42,,,99.3585,71.9474,10^-35.91,,,,,,,,,,,,,,,,,,0
1289171,1,190765,Ochlerotatus caballus,"",eukaryota,false,,,,0.14959991131814546,2,,,97.727,88.0,10^-44.7747,,,,,,0.14959991131814546,2,,,100.0,29.0,10^-11.4841,,,,,,0
1285602,1,190765,Ochlerotatus fulvus,"",eukaryota,false,,,,0.07479995565907273,1,,,92.079,101.0,10^-45.4011,,,,,,,,,,,,,,,,,,0
1245356,1,190765,Ochlerotatus kasachstanicus,"",eukaryota,false,,,,0.07479995565907273,1,,,98.0,50.0,10^-20.3176,,,,,,,,,,,,,,,,,,0
1206303,1,190765,Ochlerotatus mitchellae,"",eukaryota,false,,,,6.432796186680254,86,,,99.1123,69.2703,10^-33.572,,,,,,,,,,,,,,,,,,0
1205942,1,190765,Ochlerotatus sierrensis,"",eukaryota,false,,,,0.07479995565907273,1,,,97.0,100.0,10^-51.5811,,,,,,,,,,,,,,,,,,0
1205936,1,190765,Ochlerotatus atlanticus,"",eukaryota,false,,,,0.2991998226362909,4,,,99.6913,54.75,10^-24.5895,,,,,,,,,,,,,,,,,,0
1197337,1,190765,Ochlerotatus theobaldi,"",eukaryota,false,,,,0.14959991131814546,2,,,88.1265,80.0,10^-29.0344,,,,,,0.07479995565907273,1,,,80.8,26.0,10^-6.06298,,,,,,0
1197336,1,190765,Ochlerotatus procax,"",eukaryota,false,,,,0.07479995565907273,1,,,90.625,64.0,10^-22.9551,,,,,,,,,,,,,,,,,,0
1129559,1,190765,Ochlerotatus diantaeus,"",eukaryota,false,,,,0.14959991131814546,2,,,93.011,85.5,10^-36.8978,,,,,,,,,,,,,,,,,,0
980429,1,190765,Ochlerotatus infirmatus,"",eukaryota,false,,,,0.22439986697721817,3,,,99.495,61.0,10^-28.6973,,,,,,,,,,,,,,,,,,0
873164,1,190765,Ochlerotatus serratus,"",eukaryota,false,,,,1.5707990688405271,21,,,99.9488,68.2381,10^-33.9508,,,,,,,,,,,,,,,,,,0
767023,1,190765,Ochlerotatus nigromaculis,"",eukaryota,false,,,,2.8423983150447634,38,,,99.3554,62.6286,10^-29.5603,,,,,,,,,,,,,,,,,,0
743691,1,190765,Ochlerotatus fitchii,"",eukaryota,false,,,,0.14959991131814546,2,,,99.3505,68.0,10^-33.2254,,,,,,,,,,,,,,,,,,0
663928,1,190765,Ochlerotatus dorsalis,"",eukaryota,false,,,,0.07479995565907273,1,,,97.222,36.0,10^-10.8537,,,,,,,,,,,,,,,,,,0
658031,1,190765,Ochlerotatus fluviatilis,"",eukaryota,false,,,,4.861997117839727,65,2,31,88.9415,195.131,10^-53.3737,,,,,,2.4683985367494,33,,,93.3903,31.0968,10^-9.77678,,,,,,0
644619,1,190765,Ochlerotatus camptorhynchus,"",eukaryota,false,,,,0.07479995565907273,1,,,93.069,101.0,10^-46.7735,,,,,,,,,,,,,,,,,,0
571210,1,190765,Ochlerotatus scapularis,"",eukaryota,false,,,,4.487997339544363,60,,,98.774,73.5172,10^-36.4857,,,,,,0.07479995565907273,1,,,96.9,32.0,10^-8.07988,,,,,,0
569589,1,190765,Ochlerotatus vigilax,"",eukaryota,false,,,,97.83834200206712,1308,1,1306,81.94,877.66,10^-307.211,,,,,,0.22439986697721817,3,,,95.5667,22.3333,10^-3.64802,,,,,,0
329105,1,190765,Ochlerotatus taeniorhynchus,"",eukaryota,false,,,,10274.297509463253,137357,130,128733,93.6828,191.872,10^-70.0284,,,,,,233.97426130157947,3128,15,3079,98.1764,188.284,10^-179.33,,,,,,0
329103,1,190765,Ochlerotatus excrucians,"",eukaryota,false,,,,1.1219993348860908,15,,,98.45,70.8667,10^-34.1272,,,,,,,,,,,,,,,,,,0
329102,1,190765,Ochlerotatus cantator,"",eukaryota,false,,,,0.2991998226362909,4,,,100.0,68.0,10^-33.9113,,,,,,,,,,,,,,,,,,0
329100,1,190765,Ochlerotatus abserratus,"",eukaryota,false,,,,0.07479995565907273,1,,,98.507,67.0,10^-31.8556,,,,,,,,,,,,,,,,,,0
329099,1,190765,Ochlerotatus communis,"",eukaryota,false,,,,0.07479995565907273,1,,,100.0,57.0,10^-26.4364,,,,,,,,,,,,,,,,,,0
310513,1,190765,Ochlerotatus sollicitans,eastern saltmarsh mosquito,eukaryota,false,,,,797.8911270153287,10667,7,10525,98.0391,563.064,10^-292.891,,,,,,14.660791309178254,196,7,157,94.4904,107.138,10^-63.3892,,,,,,0
228920,1,190765,Ochlerotatus grossbecki,"",eukaryota,false,,,,0.07479995565907273,1,,,100.0,76.0,10^-39.3489,,,,,,,,,,,,,,,,,,0
228918,1,190765,Ochlerotatus trivittatus,"",eukaryota,false,,,,328.8954050329428,4397,1,4394,98.0954,634.938,10^-307.11,,,,,,,,,,,,,,,,,,0
173086,1,190765,Ochlerotatus epactius,"",eukaryota,false,,,,16.530790200655073,221,1,214,97.8799,545.995,10^-298.588,,,,,,1.7203989801586728,23,1,20,94.1348,67.7391,10^-26.8204,,,,,,0
120878,1,190765,Ochlerotatus sticticus,"",eukaryota,false,,,,3.1415981376810542,42,,,98.3236,67.075,10^-31.6723,,,,,,,,,,,,,,,,,,0
120877,1,190765,Ochlerotatus rusticus,"",eukaryota,false,,,,5.385596807453236,72,,,96.9831,51.4894,10^-20.9061,,,,,,,,,,,,,,,,,,0
120873,1,190765,Ochlerotatus detritus,"",eukaryota,false,,,,6.2831962753621085,84,,,91.0576,74.5366,10^-28.3864,,,,,,0.07479995565907273,1,,,100.0,33.0,10^-11.3344,,,,,,0
120870,1,190765,Ochlerotatus caspius,"",eukaryota,false,,,,3.7399977829536364,50,,,98.0626,67.5349,10^-32.0052,,,,,,0.14959991131814546,2,,,98.5,33.0,10^-12.6253,,,,,,0
46209,1,190765,Ochlerotatus punctor,"",eukaryota,false,,,,5.7595965857486,77,1,76,100.0,55.4203,10^-17.4532,,,,,,,,,,,,,,,,,,0
7162,1,190765,Ochlerotatus triseriatus,"",eukaryota,false,,,,36.203178538991196,484,10,331,88.6341,317.45,10^-104.37,,,,,,49.891570424601504,667,12,612,89.3828,163.196,10^-85.4846,,,,,,0
190561,2,190561,Gordionus,"",eukaryota,false,,,,0.07479995565907273,1,,,83.871,62.0,10^-16.1071,,,,,,,,,,,,,,,,,[3053472],0
3053472,1,190561,Gordionus sp. m RMFG-2023,"",eukaryota,false,,,,0.07479995565907273,1,,,83.871,62.0,10^-16.1071,,,,,,,,,,,,,,,,,,0
190368,2,190368,Xanthorhoe,"",eukaryota,false,,,,0.22439986697721817,3,,,85.903,57.3333,10^-12.9837,,,,,,,,,,,,,,,,,[934904],0
934904,1,190368,Xanthorhoe spadicearia,"",eukaryota,false,,,,0.22439986697721817,3,,,85.903,57.3333,10^-12.9837,,,,,,,,,,,,,,,,,,0
190365,2,190365,Timandra,"",eukaryota,false,,,,0.3739997782953636,5,,,91.1,50.0,10^-15.3786,,,,,,,,,,,,,,,,,[190366],0
190366,1,190365,Timandra comae,"",eukaryota,false,,,,0.3739997782953636,5,,,91.1,50.0,10^-15.3786,,,,,,,,,,,,,,,,,,0
190355,2,190355,Peribatodes,"",eukaryota,false,,,,1.7203989801586728,23,,,93.5208,49.2609,10^-16.0268,,,,,,,,,,,,,,,,,[190356],0
190356,1,190355,Peribatodes rhomboidaria,willow beauty,eukaryota,false,,,,1.7203989801586728,23,,,93.5208,49.2609,10^-16.0268,,,,,,,,,,,,,,,,,,0
190346,2,190346,Epirrhoe,"",eukaryota,false,,,,0.5235996896135091,7,,,84.622,76.0,10^-22.8944,,,,,,,,,,,,,,,,,[934838],0
934838,1,190346,Epirrhoe tristata,"",eukaryota,false,,,,0.5235996896135091,7,,,84.622,76.0,10^-22.8944,,,,,,,,,,,,,,,,,,0
190338,2,190338,Cyclophora,"",eukaryota,false,,,,0.5235996896135091,7,,,93.1076,38.0,10^-10.0463,,,,,,,,,,,,,,,,,[310442],0
310442,1,190338,Cyclophora punctaria,maiden's blush,eukaryota,false,,,,0.5235996896135091,7,,,93.1076,38.0,10^-10.0463,,,,,,,,,,,,,,,,,,0
189978,2,189978,Bibio,"",eukaryota,false,,,,1.9447988471358908,26,1,13,85.8757,146.042,10^-31.7483,,,,,,,,,,,,,,,,,[189979],0
189979,1,189978,Bibio marci,St. Mark's fly,eukaryota,false,,,,1.9447988471358908,26,1,13,85.8757,146.042,10^-31.7483,,,,,,,,,,,,,,,,,,0
189907,2,189907,Leptidea,"",eukaryota,false,,,,0.8975994679088727,12,,,93.0891,43.4167,10^-12.5566,,,,,,0.7479995565907273,10,,,87.8,31.7,10^-9.45573,,,,,[189913],0
189913,1,189907,Leptidea sinapis,"",eukaryota,false,,,,0.8975994679088727,12,,,93.0891,43.4167,10^-12.5566,,,,,,0.7479995565907273,10,,,87.8,31.7,10^-9.45573,,,,,,0
189290,2,189290,Meloidogyne,"",eukaryota,false,,,,,,,,,,,,,,,,0.5983996452725818,8,,,84.4375,31.875,10^-8.45227,,,,,"[390850, 189291]",0
390850,1,189290,Meloidogyne enterolobii,"",eukaryota,false,,,,,,,,,,,,,,,,0.44879973395443634,6,,,90.8833,31.8333,10^-9.41954,,,,,,0
189291,1,189290,Meloidogyne graminicola,"",eukaryota,false,,,,,,,,,,,,,,,,0.14959991131814546,2,,,65.1,32.0,10^-5.55044,,,,,,0
188905,2,188905,Jannaschia,"",bacteria,false,,,,0.14959991131814546,2,,,100.0,37.0,10^-12.9003,,,,,,,,,,,,,,,,,[290400],0
290400,1,188905,Jannaschia sp. CCS1,"",bacteria,false,,,,0.14959991131814546,2,,,100.0,37.0,10^-12.9003,,,,,,,,,,,,,,,,,,0
188292,2,188292,Stegana,"",eukaryota,false,,,,,,,,,,,,,,,,0.07479995565907273,1,,,96.9,32.0,10^-9.60033,,,,,[2597622],0
2597622,1,188292,Stegana sp. OAkey1758,"",eukaryota,false,,,,,,,,,,,,,,,,0.07479995565907273,1,,,96.9,32.0,10^-9.60033,,,,,,0
188143,2,188143,Enterovibrio,"",bacteria,false,,,,,,,,,,,,,,,,0.07479995565907273,1,,,74.4,39.0,10^-9.36452,,,,,[504469],0
504469,1,188143,Enterovibrio nigricans,"",bacteria,false,,,,,,,,,,,,,,,,0.07479995565907273,1,,,74.4,39.0,10^-9.36452,,,,,,0
186981,2,186981,Elmis,"",eukaryota,false,,,,0.3739997782953636,5,,,93.871,52.2,10^-18.0024,,,,,,,,,,,,,,,,,[186982],0
186982,1,186981,Elmis aenea,"",eukaryota,false,,,,0.3739997782953636,5,,,93.871,52.2,10^-18.0024,,,,,,,,,,,,,,,,,,0
186831,2,186831,Acetoanaerobium,"",bacteria,false,,,,0.07479995565907273,1,,,79.104,67.0,10^-14.0148,,,,,,,,,,,,,,,,,[1511],0
1511,1,186831,Acetoanaerobium sticklandii,"",bacteria,false,,,,0.07479995565907273,1,,,79.104,67.0,10^-14.0148,,,,,,,,,,,,,,,,,,0
186767,2,186767,Narnavirus,"",viruses,false,,,,0.44879973395443634,6,,,99.0033,100.167,10^-54.4395,,,,,,0.44879973395443634,6,,,99.5,32.8333,10^-12.7165,,,,,[2507127],0
2507127,1,186767,Aedes taeniorhynchus narnavirus,"",viruses,false,,,,0.44879973395443634,6,,,99.0033,100.167,10^-54.4395,,,,,,0.44879973395443634,6,,,99.5,32.8333,10^-12.7165,,,,,,0
186765,2,186765,Lambdavirus,"",viruses,true,,,,0.14959991131814546,2,,,100.0,86.0,10^-46.1571,,,,,,,,,,,,,,,,,[10710],0
10710,1,186765,Lambdavirus lambda,"",viruses,true,,,,0.14959991131814546,2,,,100.0,86.0,10^-46.1571,,,,,,,,,,,,,,,,,,0
186666,2,186666,Errantivirus,"",viruses,false,,,,,,,,,,,,,,,,3.066798182021982,41,4,30,69.7608,72.1282,10^-26.3402,,,,,[2552986],0
2552986,1,186666,Lampyris noctiluca errantivirus 1,"",viruses,false,,,,,,,,,,,,,,,,3.066798182021982,41,4,30,69.7608,72.1282,10^-26.3402,,,,,,0
186466,2,186466,Mizuhopecten,"",eukaryota,false,,,,0.14959991131814546,2,,,90.3705,41.0,10^-10.1122,,,,,,,,,,,,,,,,,[6573],0
6573,1,186466,Mizuhopecten yessoensis,Yesso scallop,eukaryota,false,,,,0.14959991131814546,2,,,90.3705,41.0,10^-10.1122,,,,,,,,,,,,,,,,,,0
186072,2,186072,Podabrus,"",eukaryota,false,,,,0.44879973395443634,6,,,84.1278,56.3333,10^-12.292,,,,,,,,,,,,,,,,,[1553677],0
1553677,1,186072,Podabrus alpinus,"",eukaryota,false,,,,0.44879973395443634,6,,,84.1278,56.3333,10^-12.292,,,,,,,,,,,,,,,,,,0
186064,2,186064,Apatides,"",eukaryota,false,,,,,,,,,,,,,,,,0.07479995565907273,1,,,93.9,33.0,10^-9.70553,,,,,[590156],0
590156,1,186064,Apatides fortis,"",eukaryota,false,,,,,,,,,,,,,,,,0.07479995565907273,1,,,93.9,33.0,10^-9.70553,,,,,,0
186035,2,186035,Fragilariopsis,"",eukaryota,false,,,,,,,,,,,,,,,,0.22439986697721817,3,,,79.35,31.5,10^-10.1254,,,,,[186039],0
186039,1,186035,Fragilariopsis cylindrus,"",eukaryota,false,,,,,,,,,,,,,,,,0.22439986697721817,3,,,79.35,31.5,10^-10.1254,,,,,,0
184431,2,184431,Coprinopsis,"",eukaryota,false,,,,0.22439986697721817,3,,,96.4913,98.0,10^-49.7602,,,,,,0.22439986697721817,3,,,71.7333,33.0,10^-7.72088,,,,,"[979848, 71700, 5346]",0
979848,1,184431,Coprinopsis brunneofibrillosa,"",eukaryota,false,,,,0.07479995565907273,1,,,100.0,98.0,10^-54.3346,,,,,,,,,,,,,,,,,,0
71700,1,184431,Coprinopsis cothurnata,"",eukaryota,false,,,,0.07479995565907273,1,,,100.0,101.0,10^-56.3801,,,,,,,,,,,,,,,,,,0
5346,1,184431,Coprinopsis cinerea,"",eukaryota,false,,,,0.07479995565907273,1,,,89.474,95.0,10^-38.5658,,,,,,0.22439986697721817,3,,,71.7333,33.0,10^-7.72088,,,,,,0
184430,2,184430,Coprinellus,"",eukaryota,false,,,,0.14959991131814546,2,,,96.04,101.0,10^-50.8906,,,,,,0.07479995565907273,1,,,67.7,31.0,10^-4.42946,,,,,"[752674, 71717]",0
752674,1,184430,Coprinellus aureogranulatus,"",eukaryota,false,,,,,,,,,,,,,,,,0.07479995565907273,1,,,67.7,31.0,10^-4.42946,,,,,,0
71717,1,184430,Coprinellus micaceus,"",eukaryota,false,,,,0.14959991131814546,2,,,96.04,101.0,10^-50.8906,,,,,,,,,,,,,,,,,,0
184429,2,184429,Parasola,"",eukaryota,false,,,,0.07479995565907273,1,,,100.0,92.0,10^-50.2449,,,,,,,,,,,,,,,,,[2559595],0
2559595,1,184429,Parasola psathyrelloides,"",eukaryota,false,,,,0.07479995565907273,1,,,100.0,92.0,10^-50.2449,,,,,,,,,,,,,,,,,,0
182899,2,182899,Persephonella,"",bacteria,false,,,,,,,,,,,,,,,,0.14959991131814546,2,,,65.15,33.0,10^-4.20033,,,,,[309805],0
309805,1,182899,Persephonella marina,"",bacteria,false,,,,,,,,,,,,,,,,0.14959991131814546,2,,,65.15,33.0,10^-4.20033,,,,,,0
182709,2,182709,Oceanobacillus,"",bacteria,false,,,,,,,,,,,,,,,,0.07479995565907273,1,,,83.9,31.0,10^-8.9393,,,,,[1004261],0
1004261,1,182709,Oceanobacillus indicireducens,"",bacteria,false,,,,,,,,,,,,,,,,0.07479995565907273,1,,,83.9,31.0,10^-8.9393,,,,,,0
182276,2,182276,Artomyces,"",eukaryota,false,,,,,,,,,,,,,,,,0.07479995565907273,1,,,87.1,31.0,10^-9.68403,,,,,[48021],0
48021,1,182276,Artomyces pyxidatus,"",eukaryota,false,,,,,,,,,,,,,,,,0.07479995565907273,1,,,87.1,31.0,10^-9.68403,,,,,,0
182269,2,182269,Aurantimonas,"",bacteria,false,,,,0.22439986697721817,3,,,98.5347,97.3333,10^-52.0508,,,,,,0.07479995565907273,1,,,93.9,33.0,10^-9.40671,,,,,"[651183, 499800]",0
651183,1,182269,Aurantimonas manganoxydans,"",bacteria,false,,,,0.14959991131814546,2,,,97.802,95.5,10^-49.8861,,,,,,0.07479995565907273,1,,,93.9,33.0,10^-9.40671,,,,,,0
499800,1,182269,uncultured Aurantimonas sp.,"",bacteria,false,,,,0.07479995565907273,1,,,100.0,101.0,10^-56.3801,,,,,,,,,,,,,,,,,,0
180950,2,180950,Tricholomella,"",eukaryota,false,,,,,,,,,,,,,,,,0.14959991131814546,2,,,84.8,33.0,10^-7.87539,,,,,[117010],0
117010,1,180950,Tricholomella constricta,"",eukaryota,false,,,,,,,,,,,,,,,,0.14959991131814546,2,,,84.8,33.0,10^-7.87539,,,,,,0
179865,2,179865,Heterochlamydomonas,"",eukaryota,false,,,,0.07479995565907273,1,,,92.079,101.0,10^-45.4011,,,,,,,,,,,,,,,,,[179868],0
179868,1,179865,Heterochlamydomonas rugosa,"",eukaryota,false,,,,0.07479995565907273,1,,,92.079,101.0,10^-45.4011,,,,,,,,,,,,,,,,,,0
179673,2,179673,Diachrysia,"",eukaryota,false,,,,0.5235996896135091,7,,,90.8302,44.0,10^-11.9154,,,,,,,,,,,,,,,,,[179674],0
179674,1,179673,Diachrysia chrysitis,burnished brass moth,eukaryota,false,,,,0.5235996896135091,7,,,90.8302,44.0,10^-11.9154,,,,,,,,,,,,,,,,,,0
179665,2,179665,Tyria,"",eukaryota,false,,,,0.07479995565907273,1,,,78.313,83.0,10^-19.4113,,,,,,,,,,,,,,,,,[179666],0
179666,1,179665,Tyria jacobaeae,cinnabar moth,eukaryota,false,,,,0.07479995565907273,1,,,78.313,83.0,10^-19.4113,,,,,,,,,,,,,,,,,,0
178771,2,178771,Empis,"",eukaryota,false,,,,2.0943987584540364,28,1,18,87.6681,74.1786,10^-14.6281,,,,,,,,,,,,,,,,,[2484550],0
2484550,1,178771,Empis stercorea,"",eukaryota,false,,,,2.0943987584540364,28,1,18,87.6681,74.1786,10^-14.6281,,,,,,,,,,,,,,,,,,0
178513,2,178513,Amphimedon,"",eukaryota,false,,,,,,,,,,,,,,,,0.07479995565907273,1,,,72.7,33.0,10^-4.91009,,,,,[400682],0
400682,1,178513,Amphimedon queenslandica,"",eukaryota,false,,,,,,,,,,,,,,,,0.07479995565907273,1,,,72.7,33.0,10^-4.91009,,,,,,0
178049,2,178049,Nomia,"",eukaryota,false,,,,,,,,,,,,,,,,1.0471993792270182,14,2,13,78.0089,89.2857,10^-41.0144,,,,,[2448451],0
2448451,1,178049,Nomia melanderi,Alkali bee,eukaryota,false,,,,,,,,,,,,,,,,1.0471993792270182,14,2,13,78.0089,89.2857,10^-41.0144,,,,,,0
178032,2,178032,Dufourea,"",eukaryota,false,,,,2.2439986697721817,30,1,22,81.3603,94.8333,10^-13.544,,,,,,0.9723994235679454,13,,,81.93,29.0,10^-6.30936,,,,,[178035],0
178035,1,178032,Dufourea novaeangliae,"",eukaryota,false,,,,2.2439986697721817,30,1,22,81.3603,94.8333,10^-13.544,,,,,,0.9723994235679454,13,,,81.93,29.0,10^-6.30936,,,,,,0
177832,2,177832,Ceraclea,"",eukaryota,false,,,,,,,,,,,,,,,,0.07479995565907273,1,,,100.0,31.0,10^-11.6676,,,,,[699859],0
699859,1,177832,Ceraclea nankingensis,"",eukaryota,false,,,,,,,,,,,,,,,,0.07479995565907273,1,,,100.0,31.0,10^-11.6676,,,,,,0
177787,2,177787,Odontocerum,"",eukaryota,false,,,,0.07479995565907273,1,,,82.609,46.0,10^-8.00247,,,,,,,,,,,,,,,,,[446452],0
446452,1,177787,Odontocerum albicorne,"",eukaryota,false,,,,0.07479995565907273,1,,,82.609,46.0,10^-8.00247,,,,,,,,,,,,,,,,,,0
177674,2,177674,Limnephilus,"",eukaryota,false,,,,4.712397206521581,63,,,90.7497,57.8929,10^-18.9546,,,,,,,,,,,,,,,,,"[1271730, 1271728, 1218281, 692089]",0
1271730,1,177674,Limnephilus marmoratus,"",eukaryota,false,,,,0.8227995122498,11,,,89.6009,71.1,10^-24.5083,,,,,,,,,,,,,,,,,,0
1271728,1,177674,Limnephilus auricula,"",eukaryota,false,,,,0.8975994679088727,12,,,90.5792,47.4167,10^-13.4327,,,,,,,,,,,,,,,,,,0
1218281,1,177674,Limnephilus lunatus,"",eukaryota,false,,,,0.8227995122498,11,,,92.6044,53.3636,10^-18.0052,,,,,,,,,,,,,,,,,,0
692089,1,177674,Limnephilus rhombicus,"",eukaryota,false,,,,2.169198714113109,29,,,90.4513,59.7826,10^-19.8751,,,,,,,,,,,,,,,,,,0
177627,2,177627,Agapetus,"",eukaryota,false,,,,1.8699988914768182,25,1,10,88.0761,70.64,10^-16.8248,,,,,,,,,,,,,,,,,[1271715],0
1271715,1,177627,Agapetus fuscipes,"",eukaryota,false,,,,1.8699988914768182,25,1,10,88.0761,70.64,10^-16.8248,,,,,,,,,,,,,,,,,,0
175855,2,175855,Fuscoporia,"",eukaryota,false,,,,0.2991998226362909,4,,,100.0,82.0,10^-43.4404,,,,,,,,,,,,,,,,,"[1968058, 167365]",0
1968058,1,175855,Fuscoporia punctatiformis,"",eukaryota,false,,,,0.14959991131814546,2,,,100.0,67.0,10^-33.228,,,,,,,,,,,,,,,,,,0
167365,1,175855,Fuscoporia contigua,"",eukaryota,false,,,,0.14959991131814546,2,,,100.0,97.0,10^-53.6529,,,,,,,,,,,,,,,,,,0
175340,2,175340,Stegodyphus,"",eukaryota,false,,,,,,,,,,,,,,,,0.6731996009316545,9,,,84.3667,28.4444,10^-5.87086,,,,,"[407821, 202533]",0
407821,1,175340,Stegodyphus mimosarum,"",eukaryota,false,,,,,,,,,,,,,,,,0.5235996896135091,7,,,79.9,30.1429,10^-5.89677,,,,,,0
202533,1,175340,Stegodyphus dumicola,"",eukaryota,false,,,,,,,,,,,,,,,,0.14959991131814546,2,,,100.0,22.5,10^-5.78016,,,,,,0
174825,2,174825,Culiseta,"",eukaryota,false,,,,37.32517787387729,499,2,496,87.8964,264.459,10^-77.8555,,,,,,0.8227995122498,11,,,70.9545,31.3636,10^-5.79434,,,,,"[1206072, 332058]",0
1206072,1,174825,Culiseta longiareolata,"",eukaryota,false,,,,0.07479995565907273,1,,,100.0,45.0,10^-18.3048,,,,,,,,,,,,,,,,,,0
332058,1,174825,Culiseta annulata,"",eukaryota,false,,,,37.25037791821822,498,2,496,87.8717,264.908,10^-77.9773,,,,,,0.8227995122498,11,,,70.9545,31.3636,10^-5.79434,,,,,,0
174679,2,174679,Glugoides,"",eukaryota,false,,,,0.07479995565907273,1,,,95.556,45.0,10^-15.5601,,,,,,,,,,,,,,,,,[174680],0
174680,1,174679,Glugoides intestinalis,"",eukaryota,false,,,,0.07479995565907273,1,,,95.556,45.0,10^-15.5601,,,,,,,,,,,,,,,,,,0
174620,2,174620,Wyeomyia,"",eukaryota,false,,,,997.2330088467576,13332,106,10156,86.6897,412.942,10^-81.8458,,,,,,1363.827591531873,18233,296,9701,72.6031,83.6648,10^-29.0501,,,,,[174621],0
174621,1,174620,Wyeomyia smithii,pitcher-plant mosquito,eukaryota,false,,,,997.2330088467576,13332,106,10156,86.6897,412.942,10^-81.8458,,,,,,1363.827591531873,18233,296,9701,72.6031,83.6648,10^-29.0501,,,,,,0
174268,2,174268,Alcis,"",eukaryota,false,,,,0.2991998226362909,4,,,90.0027,61.25,10^-20.7467,,,,,,,,,,,,,,,,,[174269],0
174269,1,174268,Alcis repandata,mottled beauty moth,eukaryota,false,,,,0.2991998226362909,4,,,90.0027,61.25,10^-20.7467,,,,,,,,,,,,,,,,,,0
173981,2,173981,Cheilosia,"",eukaryota,false,,,,16.829990023291362,225,5,91,86.7789,113.596,10^-25.7493,,,,,,,,,,,,,,,,,"[423616, 368781, 273447, 273439, 273429, 273409, 273407, 173985]",0
423616,1,173981,Cheilosia vernalis,"",eukaryota,false,,,,4.338397428226218,58,1,32,85.535,112.236,10^-21.4039,,,,,,,,,,,,,,,,,,0
368781,1,173981,Cheilosia soror,"",eukaryota,false,,,,0.07479995565907273,1,,,97.297,37.0,10^-11.528,,,,,,,,,,,,,,,,,,0
273447,1,173981,Cheilosia variabilis,"",eukaryota,false,,,,2.3935985810903273,32,,,89.6987,65.9688,10^-22.6829,,,,,,,,,,,,,,,,,,0
273439,1,173981,Cheilosia impressa,"",eukaryota,false,,,,1.4211991575223817,19,,,89.0986,65.7895,10^-21.9509,,,,,,,,,,,,,,,,,,0
273429,1,173981,Cheilosia scutellata,"",eukaryota,false,,,,1.6455990244996,22,1,20,82.2777,229.0,10^-44.4352,,,,,,,,,,,,,,,,,,0
273409,1,173981,Cheilosia vulpina,"",eukaryota,false,,,,2.692798403726618,36,2,26,83.2154,122.765,10^-20.6911,,,,,,,,,,,,,,,,,,0
273407,1,173981,Cheilosia pagana,"",eukaryota,false,,,,2.8423983150447634,38,1,13,86.0648,148.211,10^-37.9613,,,,,,,,,,,,,,,,,,0
173985,1,173981,Cheilosia urbana,"",eukaryota,false,,,,1.4211991575223817,19,,,95.1321,42.4737,10^-12.9971,,,,,,,,,,,,,,,,,,0
173784,2,173784,Cephus,"",eukaryota,false,,,,0.8227995122498,11,,,89.0272,65.8182,10^-21.4704,,,,,,0.3739997782953636,5,,,84.78,30.0,10^-8.02062,,,,,[211228],0
211228,1,173784,Cephus cinctus,wheat stem sawfly,eukaryota,false,,,,0.8227995122498,11,,,89.0272,65.8182,10^-21.4704,,,,,,0.3739997782953636,5,,,84.78,30.0,10^-8.02062,,,,,,0
173479,2,173479,Gemmatimonas,"",bacteria,false,,,,0.07479995565907273,1,,,94.737,38.0,10^-10.8302,,,,,,,,,,,,,,,,,[173480],0
173480,1,173479,Gemmatimonas aurantiaca,"",bacteria,false,,,,0.07479995565907273,1,,,94.737,38.0,10^-10.8302,,,,,,,,,,,,,,,,,,0
172845,2,172845,Caerostris,"",eukaryota,false,,,,,,,,,,,,,,,,0.8975994679088727,12,,,80.95,29.1667,10^-7.13609,,,,,"[1538125, 172846]",0
1538125,1,172845,Caerostris darwini,"",eukaryota,false,,,,,,,,,,,,,,,,0.14959991131814546,2,,,100.0,28.0,10^-9.22986,,,,,,0
172846,1,172845,Caerostris extrusa,"",eukaryota,false,,,,,,,,,,,,,,,,0.7479995565907273,10,,,77.14,29.4,10^-6.71733,,,,,,0
169466,2,169466,Coelopa,"",eukaryota,false,,,,3.2911980489992,44,,,91.6918,56.5227,10^-19.0518,,,,,,,,,,,,,,,,,[169500],0
169500,1,169466,Coelopa pilipes,"",eukaryota,false,,,,3.2911980489992,44,,,91.6918,56.5227,10^-19.0518,,,,,,,,,,,,,,,,,,0
169444,2,169444,Dryomyza,"",eukaryota,false,,,,2.4683985367494,33,1,8,90.3568,48.1818,10^-10.8036,,,,,,,,,,,,,,,,,[169445],0
169445,1,169444,Dryomyza anilis,"",eukaryota,false,,,,2.4683985367494,33,1,8,90.3568,48.1818,10^-10.8036,,,,,,,,,,,,,,,,,,0
168934,2,168934,Thalassospira,"",bacteria,false,,,,,,,,,,,,,,,,3.8895976942717816,52,1,51,85.4755,106.451,10^-59.1669,,,,,"[1912094, 220697]",0
1912094,1,168934,Thalassospira sp.,"",bacteria,false,,,,,,,,,,,,,,,,0.07479995565907273,1,,,100.0,29.0,10^-10.7696,,,,,,0
220697,1,168934,Thalassospira xiamenensis,"",bacteria,false,,,,,,,,,,,,,,,,3.8147977386127088,51,1,51,85.185,108.0,10^-60.1349,,,,,,0
168630,2,168630,Chilo,"",eukaryota,false,,,,0.5235996896135091,7,,,88.3034,61.5714,10^-18.7961,,,,,,1.6455990244996,22,3,13,69.5933,55.9091,10^-14.3402,,,,,[168631],0
168631,1,168630,Chilo suppressalis,striped riceborer,eukaryota,false,,,,0.5235996896135091,7,,,88.3034,61.5714,10^-18.7961,,,,,,1.6455990244996,22,3,13,69.5933,55.9091,10^-14.3402,,,,,,0
167346,2,167346,Fomitiporia,"",eukaryota,false,,,,0.07479995565907273,1,,,77.419,62.0,10^-10.6176,,,,,,,,,,,,,,,,,[208960],0
208960,1,167346,Fomitiporia mediterranea,"",eukaryota,false,,,,0.07479995565907273,1,,,77.419,62.0,10^-10.6176,,,,,,,,,,,,,,,,,,0
166415,2,166415,Heterotrigona,"",eukaryota,false,,,,,,,,,,,,,,,,0.07479995565907273,1,,,75.0,32.0,10^-3.58336,,,,,[395501],0
395501,1,166415,Heterotrigona itama,"",eukaryota,false,,,,,,,,,,,,,,,,0.07479995565907273,1,,,75.0,32.0,10^-3.58336,,,,,,0
166413,2,166413,Frieseomelitta,"",eukaryota,false,,,,0.6731996009316545,9,1,6,89.1068,83.0,10^-22.8919,,,,,,0.44879973395443634,6,,,89.7833,30.3333,10^-10.0857,,,,,[561572],0
561572,1,166413,Frieseomelitta varia,"",eukaryota,false,,,,0.6731996009316545,9,1,6,89.1068,83.0,10^-22.8919,,,,,,0.44879973395443634,6,,,89.7833,30.3333,10^-10.0857,,,,,,0
166331,2,166331,Onthophagus,"",eukaryota,false,,,,0.14959991131814546,2,,,83.5705,79.5,10^-23.2065,,,,,,30.144382130606306,403,4,394,37.8238,180.527,10^-20.5794,,,,,[166361],0
166361,1,166331,Onthophagus taurus,"",eukaryota,false,,,,0.14959991131814546,2,,,83.5705,79.5,10^-23.2065,,,,,,30.144382130606306,403,4,394,37.8238,180.527,10^-20.5794,,,,,,0
166220,2,166220,Conomelus,"",eukaryota,false,,,,1.4959991131814545,20,,,92.1603,56.7222,10^-19.9395,,,,,,,,,,,,,,,,,[491269],0
491269,1,166220,Conomelus anceps,"",eukaryota,false,,,,1.4959991131814545,20,,,92.1603,56.7222,10^-19.9395,,,,,,,,,,,,,,,,,,0
166009,2,166009,Ditylenchus,"",eukaryota,false,,,,,,,,,,,,,,,,0.07479995565907273,1,,,81.8,33.0,10^-7.12263,,,,,[166010],0
166010,1,166009,Ditylenchus destructor,"",eukaryota,false,,,,,,,,,,,,,,,,0.07479995565907273,1,,,81.8,33.0,10^-7.12263,,,,,,0
165697,2,165697,Sphingopyxis,"",bacteria,false,,,,0.14959991131814546,2,,,90.999,100.0,10^-43.3469,,,,,,,,,,,,,,,,,[310581],0
310581,1,165697,uncultured Sphingopyxis sp.,"",bacteria,false,,,,0.14959991131814546,2,,,90.999,100.0,10^-43.3469,,,,,,,,,,,,,,,,,,0
165696,2,165696,Novosphingobium,"",bacteria,false,,,,0.07479995565907273,1,,,86.667,60.0,10^-17.4937,,,,,,0.14959991131814546,2,,,83.1,32.0,10^-11.0124,,,,,"[2571749, 702113]",0
2571749,1,165696,Novosphingobium sp. EMRT-2,"",bacteria,false,,,,0.07479995565907273,1,,,86.667,60.0,10^-17.4937,,,,,,,,,,,,,,,,,,0
702113,1,165696,Novosphingobium sp. PP1Y,"",bacteria,false,,,,,,,,,,,,,,,,0.14959991131814546,2,,,83.1,32.0,10^-11.0124,,,,,,0
165695,2,165695,Sphingobium,"",bacteria,false,,,,0.14959991131814546,2,,,100.0,83.0,10^-44.114,,,,,,,,,,,,,,,,,[13690],0
13690,1,165695,Sphingobium yanoikuyae,"",bacteria,false,,,,0.14959991131814546,2,,,100.0,83.0,10^-44.114,,,,,,,,,,,,,,,,,,0
165301,2,165301,Lentzea,"",bacteria,false,,,,0.14959991131814546,2,,,98.515,101.0,10^-54.3215,,,,,,0.07479995565907273,1,,,90.9,33.0,10^-11.8539,,,,,"[2951806, 2020703, 68170]",0
2951806,1,165301,Lentzea sp. HUAS12,"",bacteria,false,,,,0.07479995565907273,1,,,97.03,101.0,10^-52.2629,,,,,,,,,,,,,,,,,,0
2020703,1,165301,Lentzea cavernae,"",bacteria,false,,,,,,,,,,,,,,,,0.07479995565907273,1,,,90.9,33.0,10^-11.8539,,,,,,0
68170,1,165301,Lentzea aerocolonigenes,"",bacteria,false,,,,0.07479995565907273,1,,,100.0,101.0,10^-56.3801,,,,,,,,,,,,,,,,,,0
163713,2,163713,Cyprideis,"",eukaryota,false,,,,0.3739997782953636,5,,,89.041,46.8,10^-12.6635,,,,,,0.07479995565907273,1,,,62.5,32.0,10^-6.72125,,,,,[163714],0
163714,1,163713,Cyprideis torosa,"",eukaryota,false,,,,0.3739997782953636,5,,,89.041,46.8,10^-12.6635,,,,,,0.07479995565907273,1,,,62.5,32.0,10^-6.72125,,,,,,0
163478,2,163478,Tortanus,"",eukaryota,false,,,,,,,,,,,,,,,,0.07479995565907273,1,,,100.0,33.0,10^-12.5186,,,,,[207953],0
207953,1,163478,Tortanus dextrilobatus,"",eukaryota,false,,,,,,,,,,,,,,,,0.07479995565907273,1,,,100.0,33.0,10^-12.5186,,,,,,0
163475,2,163475,Pseudodiaptomus,"",eukaryota,false,,,,,,,,,,,,,,,,0.07479995565907273,1,,,100.0,29.0,10^-9.6216,,,,,[213370],0
213370,1,163475,Pseudodiaptomus poplesia,"",eukaryota,false,,,,,,,,,,,,,,,,0.07479995565907273,1,,,100.0,29.0,10^-9.6216,,,,,,0
162289,2,162289,Peptoniphilus,"",bacteria,false,,,,0.14959991131814546,2,,,99.4625,93.0,10^-50.2402,,,,,,,,,,,,,,,,,[54005],0
54005,1,162289,Peptoniphilus harei,"",bacteria,false,,,,0.14959991131814546,2,,,99.4625,93.0,10^-50.2402,,,,,,,,,,,,,,,,,,0
161186,2,161186,Ceraphron,"",eukaryota,false,,,,0.14959991131814546,2,,,100.0,42.0,10^-16.2762,,,,,,,,,,,,,,,,,[860923],0
860923,1,161186,Ceraphron bispinosus,"",eukaryota,false,,,,0.14959991131814546,2,,,100.0,42.0,10^-16.2762,,,,,,,,,,,,,,,,,,0
160795,2,160795,Ureibacillus,"",bacteria,false,,,,,,,,,,,,,,,,0.14959991131814546,2,,,75.4,32.5,10^-7.88854,,,,,[367743],0
367743,1,160795,Ureibacillus thermophilus,"",bacteria,false,,,,,,,,,,,,,,,,0.14959991131814546,2,,,75.4,32.5,10^-7.88854,,,,,,0
160674,2,160674,Raoultella,"",bacteria,false,,,,108.83393548395081,1455,1,1455,98.738,951.0,10^-307.653,,,,,,0.14959991131814546,2,,,100.0,26.0,10^-7.30588,,,,,"[54291, 575]",0
54291,1,160674,Raoultella ornithinolytica,"",bacteria,false,,,,,,,,,,,,,,,,0.07479995565907273,1,,,100.0,20.0,10^-3.16685,,,,,,0
575,1,160674,Raoultella planticola,"",bacteria,false,,,,108.83393548395081,1455,1,1455,98.738,951.0,10^-307.653,,,,,,0.07479995565907273,1,,,100.0,32.0,10^-11.4449,,,,,,0
158848,2,158848,Moellerella,"",bacteria,false,,,,,,,,,,,,,,,,0.14959991131814546,2,,,92.95,30.0,10^-9.09358,,,,,[158849],0
158849,1,158848,Moellerella wisconsensis,"",bacteria,false,,,,,,,,,,,,,,,,0.14959991131814546,2,,,92.95,30.0,10^-9.09358,,,,,,0
158483,2,158483,Cedecea,"",bacteria,false,,,,117.80993016303954,1575,5,1532,99.3637,493.298,10^-276.353,,,,,,0.8227995122498,11,,,99.7273,30.8182,10^-8.98133,,,,,"[2545798, 158823, 158822, 158484]",0
2545798,1,158483,Cedecea sp. FDAARGOS_727,"",bacteria,false,,,,0.14959991131814546,2,,,92.077,76.0,10^-29.7652,,,,,,,,,,,,,,,,,,0
158823,1,158483,Cedecea lapagei,"",bacteria,false,,,,,,,,,,,,,,,,0.22439986697721817,3,,,100.0,33.0,10^-10.5384,,,,,,0
158822,1,158483,Cedecea neteri,"",bacteria,false,,,,117.66033025172139,1573,5,1532,99.375,493.946,10^-276.736,,,,,,0.14959991131814546,2,,,98.5,33.0,10^-10.4455,,,,,,0
158484,1,158483,Cedecea davisae,"",bacteria,false,,,,,,,,,,,,,,,,0.44879973395443634,6,,,100.0,29.0,10^-7.71474,,,,,,0
158440,2,158440,Folsomia,"",eukaryota,false,,,,,,,,,,,,,,,,2.3187986254312545,31,3,19,63.6961,62.2581,10^-15.7476,,,,,[158441],0
158441,1,158440,Folsomia candida,"",eukaryota,false,,,,,,,,,,,,,,,,2.3187986254312545,31,3,19,63.6961,62.2581,10^-15.7476,,,,,,0
158378,2,158378,Ascogregarina,"",eukaryota,false,,,,0.8975994679088727,12,1,6,90.8982,167.917,10^-50.2944,,,,,,,,,,,,,,,,,"[247478, 158379]",0
247478,1,158378,Ascogregarina culicis,"",eukaryota,false,,,,0.3739997782953636,5,,,99.8,100.8,10^-55.9692,,,,,,,,,,,,,,,,,,0
158379,1,158378,Ascogregarina taiwanensis,"",eukaryota,false,,,,0.5235996896135091,7,1,6,84.5397,215.857,10^-46.241,,,,,,,,,,,,,,,,,,0
157969,2,157969,Bulinus,"",eukaryota,false,,,,,,,,,,,,,,,,0.14959991131814546,2,,,81.8,22.0,10^-3.67366,,,,,[55810],0
55810,1,157969,Bulinus truncatus,"",eukaryota,false,,,,,,,,,,,,,,,,0.14959991131814546,2,,,81.8,22.0,10^-3.67366,,,,,,0
157917,2,157917,Heterosporis,"",eukaryota,false,,,,0.14959991131814546,2,,,90.741,54.0,10^-17.5394,,,,,,,,,,,,,,,,,[1289055],0
1289055,1,157917,Heterosporis sp. NBDP-2013a,"",eukaryota,false,,,,0.14959991131814546,2,,,90.741,54.0,10^-17.5394,,,,,,,,,,,,,,,,,,0
157396,2,157396,Iphiclides,"",eukaryota,false,,,,0.07479995565907273,1,,,84.615,65.0,10^-18.1451,,,,,,0.22439986697721817,3,,,99.0,32.3333,10^-11.4385,,,,,[110791],0
110791,1,157396,Iphiclides podalirius,scarce swallowtail,eukaryota,false,,,,0.07479995565907273,1,,,84.615,65.0,10^-18.1451,,,,,,0.22439986697721817,3,,,99.0,32.3333,10^-11.4385,,,,,,0
157306,2,157306,Apriona,"",eukaryota,false,,,,0.07479995565907273,1,,,92.105,38.0,10^-8.08544,,,,,,,,,,,,,,,,,[157307],0
157307,1,157306,Apriona germarii,"",eukaryota,false,,,,0.07479995565907273,1,,,92.105,38.0,10^-8.08544,,,,,,,,,,,,,,,,,,0
157304,2,157304,Anoplophora,"",eukaryota,false,,,,0.44879973395443634,6,,,93.4526,44.0,10^-13.7876,,,,,,2.3935985810903273,32,1,21,58.2459,77.9688,10^-15.4518,,,,,[217634],0
217634,1,157304,Anoplophora glabripennis,Asian longhorned beetle,eukaryota,false,,,,0.44879973395443634,6,,,93.4526,44.0,10^-13.7876,,,,,,2.3935985810903273,32,1,21,58.2459,77.9688,10^-15.4518,,,,,,0
156973,2,156973,Dysgonomonas,"",bacteria,false,,,,,,,,,,,,,,,,0.14959991131814546,2,,,81.8,22.0,10^-3.02273,,,,,[2302932],0
2302932,1,156973,Dysgonomonas sp. 521,"",bacteria,false,,,,,,,,,,,,,,,,0.14959991131814546,2,,,81.8,22.0,10^-3.02273,,,,,,0
156310,2,156310,Colletes,"",eukaryota,false,,,,0.44879973395443634,6,1,4,82.94,122.333,10^-23.9775,,,,,,1.1219993348860908,15,,,77.1667,30.2667,10^-6.00479,,,,,"[935657, 338705]",0
935657,1,156310,Colletes gigas,"",eukaryota,false,,,,0.44879973395443634,6,1,4,82.94,122.333,10^-23.9775,,,,,,0.9723994235679454,13,,,73.6538,31.5385,10^-6.18952,,,,,,0
338705,1,156310,Colletes halophilus,"",eukaryota,false,,,,,,,,,,,,,,,,0.14959991131814546,2,,,100.0,22.0,10^-4.8041,,,,,,0
156307,2,156307,Coelioxys,"",eukaryota,false,,,,0.14959991131814546,2,,,88.6865,71.0,10^-24.3251,,,,,,,,,,,,,,,,,[2922063],0
2922063,1,156307,Coelioxys conoideus,"",eukaryota,false,,,,0.14959991131814546,2,,,88.6865,71.0,10^-24.3251,,,,,,,,,,,,,,,,,,0
155415,2,155415,Monosporascus,"",eukaryota,false,,,,,,,,,,,,,,,,0.07479995565907273,1,,,68.8,32.0,10^-5.10182,,,,,[2211643],0
2211643,1,155415,Monosporascus sp. CRB-9-2,"",eukaryota,false,,,,,,,,,,,,,,,,0.07479995565907273,1,,,68.8,32.0,10^-5.10182,,,,,,0
154170,2,154170,Saprinus,"",eukaryota,false,,,,,,,,,,,,,,,,0.07479995565907273,1,,,95.5,22.0,10^-4.57349,,,,,[2055525],0
2055525,1,154170,Saprinus sp. CSR024,"",eukaryota,false,,,,,,,,,,,,,,,,0.07479995565907273,1,,,95.5,22.0,10^-4.57349,,,,,,0
153497,2,153497,Kozakia,"",bacteria,false,,,,0.07479995565907273,1,,,91.892,74.0,10^-29.7539,,,,,,0.07479995565907273,1,,,95.8,24.0,10^-5.08092,,,,,[153496],0
153496,1,153497,Kozakia baliensis,"",bacteria,false,,,,0.07479995565907273,1,,,91.892,74.0,10^-29.7539,,,,,,0.07479995565907273,1,,,95.8,24.0,10^-5.08092,,,,,,0
153220,2,153220,Contarinia,"",eukaryota,false,,,,2.8423983150447634,38,,,91.3561,64.0,10^-23.2298,,,,,,4.338397428226218,58,,,92.825,31.375,10^-10.1569,,,,,[265458],0
265458,1,153220,Contarinia nasturtii,swede midge,eukaryota,false,,,,2.8423983150447634,38,,,91.3561,64.0,10^-23.2298,,,,,,4.338397428226218,58,,,92.825,31.375,10^-10.1569,,,,,,0
153016,2,153016,Byturus,"",eukaryota,false,,,,0.14959991131814546,2,,,87.013,77.0,10^-26.3057,,,,,,,,,,,,,,,,,[153018],0
153018,1,153016,Byturus ochraceus,"",eukaryota,false,,,,0.14959991131814546,2,,,87.013,77.0,10^-26.3057,,,,,,,,,,,,,,,,,,0
152459,2,152459,Moneuplotes,"",eukaryota,false,,,,,,,,,,,,,,,,0.14959991131814546,2,,,59.4,32.0,10^-6.18575,,,,,[5936],0
5936,1,152459,Moneuplotes crassus,"",eukaryota,false,,,,,,,,,,,,,,,,0.14959991131814546,2,,,59.4,32.0,10^-6.18575,,,,,,0
152317,2,152317,Truncatella,"",eukaryota,false,,,,0.07479995565907273,1,,,99.0,100.0,10^-54.3258,,,,,,,,,,,,,,,,,[152316],0
152316,1,152317,Truncatella angustata,"",eukaryota,false,,,,0.07479995565907273,1,,,99.0,100.0,10^-54.3258,,,,,,,,,,,,,,,,,,0
151548,2,151548,Eumeta,"",eukaryota,false,,,,,,,,,,,,,,,,10.771193614906473,144,6,85,64.5007,68.6643,10^-21.6709,,,,,[151549],0
151549,1,151548,Eumeta japonica,"",eukaryota,false,,,,,,,,,,,,,,,,10.771193614906473,144,6,85,64.5007,68.6643,10^-21.6709,,,,,,0
151546,2,151546,Cephonodes,bee hawks,eukaryota,false,,,,0.6731996009316545,9,,,90.592,49.7778,10^-15.299,,,,,,,,,,,,,,,,,[151547],0
151547,1,151546,Cephonodes hylas,"",eukaryota,false,,,,0.6731996009316545,9,,,90.592,49.7778,10^-15.299,,,,,,,,,,,,,,,,,,0
151303,2,151303,Dendrolimus,"",eukaryota,false,,,,,,,,,,,,,,,,1.0471993792270182,14,,,74.4538,30.8462,10^-6.6712,,,,,[765133],0
765133,1,151303,Dendrolimus kikuchii,"",eukaryota,false,,,,,,,,,,,,,,,,1.0471993792270182,14,,,74.4538,30.8462,10^-6.6712,,,,,,0
150830,2,150830,Roseibium,"",bacteria,false,,,,,,,,,,,,,,,,0.07479995565907273,1,,,84.4,32.0,10^-9.06298,,,,,[744980],0
744980,1,150830,Roseibium sp. TrichSKD4,"",bacteria,false,,,,,,,,,,,,,,,,0.07479995565907273,1,,,84.4,32.0,10^-9.06298,,,,,,0
150793,2,150793,Phlebopus,"",eukaryota,false,,,,0.07479995565907273,1,,,95.946,74.0,10^-33.871,,,,,,,,,,,,,,,,,[80661],0
80661,1,150793,Phlebopus portentosus,"",eukaryota,false,,,,0.07479995565907273,1,,,95.946,74.0,10^-33.871,,,,,,,,,,,,,,,,,,0
150366,2,150366,Akanthomyces,"",eukaryota,false,,,,0.07479995565907273,1,,,100.0,101.0,10^-56.3801,,,,,,,,,,,,,,,,,[132109],0
132109,1,150366,Akanthomyces dipterigenus,"",eukaryota,false,,,,0.07479995565907273,1,,,100.0,101.0,10^-56.3801,,,,,,,,,,,,,,,,,,0
150350,2,150350,Neozygites,"",eukaryota,false,,,,0.14959991131814546,2,,,93.75,80.0,10^-35.2095,,,,,,,,,,,,,,,,,[164420],0
164420,1,150350,Neozygites floridana,"",eukaryota,false,,,,0.14959991131814546,2,,,93.75,80.0,10^-35.2095,,,,,,,,,,,,,,,,,,0
149698,2,149698,Massilia,"",bacteria,false,,,,0.2991998226362909,4,,,99.2575,101.0,10^-55.3508,,,,,,0.3739997782953636,5,,,68.4,38.0,10^-4.54144,,,,,"[2970464, 1882437, 1707785, 1337838]",0
2970464,1,149698,Massilia sp. H6,"",bacteria,false,,,,0.14959991131814546,2,,,99.01,101.0,10^-55.0077,,,,,,,,,,,,,,,,,,0
1882437,1,149698,Massilia sp.,"",bacteria,false,,,,,,,,,,,,,,,,0.3739997782953636,5,,,68.4,38.0,10^-4.54144,,,,,,0
1707785,1,149698,Massilia sp. WG5,"",bacteria,false,,,,0.07479995565907273,1,,,99.01,101.0,10^-55.0077,,,,,,,,,,,,,,,,,,0
1337838,1,149698,Massilia sp. UMI-21,"",bacteria,false,,,,0.07479995565907273,1,,,100.0,101.0,10^-56.3801,,,,,,,,,,,,,,,,,,0
149459,2,149459,Mansonia,"",eukaryota,false,,,,0.5235996896135091,7,,,100.0,75.5714,10^-39.0634,,,,,,,,,,,,,,,,,"[2046962, 1147730, 869066, 308735]",0
2046962,1,149459,Mansonia sp. (in: mosquitos),"",eukaryota,false,,,,0.2991998226362909,4,,,100.0,72.25,10^-36.8064,,,,,,,,,,,,,,,,,,0
1147730,1,149459,Mansonia sp. 2 BR-2012,"",eukaryota,false,,,,0.07479995565907273,1,,,100.0,74.0,10^-37.9881,,,,,,,,,,,,,,,,,,0
869066,1,149459,Mansonia titillans,"",eukaryota,false,,,,0.07479995565907273,1,,,100.0,77.0,10^-40.0294,,,,,,,,,,,,,,,,,,0
308735,1,149459,Mansonia uniformis,"",eukaryota,false,,,,0.07479995565907273,1,,,100.0,89.0,10^-48.2008,,,,,,,,,,,,,,,,,,0
149438,2,149438,Lasthenia,"",eukaryota,false,,,,0.14959991131814546,2,,,96.25,40.0,10^-12.8665,,,,,,,,,,,,,,,,,[149440],0
149440,1,149438,Lasthenia californica,"",eukaryota,false,,,,0.14959991131814546,2,,,96.25,40.0,10^-12.8665,,,,,,,,,,,,,,,,,,0
149357,2,149357,Cissus,"",eukaryota,false,,,,0.07479995565907273,1,,,88.889,36.0,10^-6.73655,,,,,,,,,,,,,,,,,[1236424],0
1236424,1,149357,Cissus microcarpa,"",eukaryota,false,,,,0.07479995565907273,1,,,88.889,36.0,10^-6.73655,,,,,,,,,,,,,,,,,,0
148959,2,148959,Wallemia,"",eukaryota,false,,,,0.14959991131814546,2,,,100.0,54.0,10^-24.4013,,,,,,0.22439986697721817,3,,,96.9667,33.0,10^-14.3041,,,,,"[1708541, 148960]",0
1708541,1,148959,Wallemia mellicola,"",eukaryota,false,,,,,,,,,,,,,,,,0.22439986697721817,3,,,96.9667,33.0,10^-14.3041,,,,,,0
148960,1,148959,Wallemia sebi,"",eukaryota,false,,,,0.14959991131814546,2,,,100.0,54.0,10^-24.4013,,,,,,,,,,,,,,,,,,0
148341,2,148341,Gibbula,"",eukaryota,false,,,,0.5983996452725818,8,,,91.1988,41.625,10^-10.5365,,,,,,,,,,,,,,,,,[703304],0
703304,1,148341,Gibbula magus,"",eukaryota,false,,,,0.5983996452725818,8,,,91.1988,41.625,10^-10.5365,,,,,,,,,,,,,,,,,,0
148308,2,148308,Parelaphostrongylus,"",eukaryota,false,,,,,,,,,,,,,,,,0.14959991131814546,2,,,100.0,27.0,10^-7.46471,,,,,[148309],0
148309,1,148308,Parelaphostrongylus tenuis,"",eukaryota,false,,,,,,,,,,,,,,,,0.14959991131814546,2,,,100.0,27.0,10^-7.46471,,,,,,0
147557,2,147557,Byssothecium,"",eukaryota,false,,,,,,,,,,,,,,,,0.07479995565907273,1,,,100.0,31.0,10^-13.7825,,,,,[147558],0
147558,1,147557,Byssothecium circinans,"",eukaryota,false,,,,,,,,,,,,,,,,0.07479995565907273,1,,,100.0,31.0,10^-13.7825,,,,,,0
146918,2,146918,Salinibacter,"",bacteria,false,,,,0.07479995565907273,1,,,85.915,71.0,10^-22.2239,,,,,,,,,,,,,,,,,[146919],0
146919,1,146918,Salinibacter ruber,"",bacteria,false,,,,0.07479995565907273,1,,,85.915,71.0,10^-22.2239,,,,,,,,,,,,,,,,,,0
144423,2,144423,Oxytorus,"",eukaryota,false,,,,0.2991998226362909,4,,,85.848,75.75,10^-22.7399,,,,,,,,,,,,,,,,,[495374],0
495374,1,144423,Oxytorus armatus,"",eukaryota,false,,,,0.2991998226362909,4,,,85.848,75.75,10^-22.7399,,,,,,,,,,,,,,,,,,0
144405,2,144405,Microctonus,"",eukaryota,false,,,,0.7479995565907273,10,,,92.8626,55.0,10^-18.9253,,,,,,1.4959991131814545,20,,,93.445,30.7,10^-10.0895,,,,,"[2738948, 165561, 144406]",0
2738948,1,144405,Microctonus brassicae,"",eukaryota,false,,,,0.7479995565907273,10,,,92.8626,55.0,10^-18.9253,,,,,,,,,,,,,,,,,,0
165561,1,144405,Microctonus hyperodae,"",eukaryota,false,,,,,,,,,,,,,,,,0.44879973395443634,6,,,93.3167,32.5,10^-12.2418,,,,,,0
144406,1,144405,Microctonus aethiopoides,"",eukaryota,false,,,,,,,,,,,,,,,,1.0471993792270182,14,,,93.5,29.9286,10^-9.16712,,,,,,0
144316,2,144316,Doryctes,"",eukaryota,false,,,,0.07479995565907273,1,,,91.489,47.0,10^-14.1688,,,,,,,,,,,,,,,,,[1386359],0
1386359,1,144316,Doryctes sp. DM331,"",eukaryota,false,,,,0.07479995565907273,1,,,91.489,47.0,10^-14.1688,,,,,,,,,,,,,,,,,,0
144030,2,144030,Pogonomyrmex,"",eukaryota,false,,,,0.22439986697721817,3,,,85.1973,72.0,10^-21.0777,,,,,,0.3739997782953636,5,,,95.52,32.2,10^-11.7321,,,,,[144034],0
144034,1,144030,Pogonomyrmex barbatus,red harvester ant,eukaryota,false,,,,0.22439986697721817,3,,,85.1973,72.0,10^-21.0777,,,,,,0.3739997782953636,5,,,95.52,32.2,10^-11.7321,,,,,,0
143949,2,143949,Sipha,"",eukaryota,false,,,,0.07479995565907273,1,,,81.633,98.0,10^-29.6319,,,,,,5.011597029157873,67,3,59,49.6632,102.761,10^-24.5255,,,,,[143950],0
143950,1,143949,Sipha flava,yellow sugarcane aphid,eukaryota,false,,,,0.07479995565907273,1,,,81.633,98.0,10^-29.6319,,,,,,5.011597029157873,67,3,59,49.6632,102.761,10^-24.5255,,,,,,0
143947,2,143947,Diuraphis,"",eukaryota,false,,,,0.3739997782953636,5,,,88.0212,62.6,10^-18.462,,,,,,0.2991998226362909,4,,,78.3,30.5,10^-6.45325,,,,,[143948],0
143948,1,143947,Diuraphis noxia,Russian wheat aphid,eukaryota,false,,,,0.3739997782953636,5,,,88.0212,62.6,10^-18.462,,,,,,0.2991998226362909,4,,,78.3,30.5,10^-6.45325,,,,,,0
143767,2,143767,Isoperla,"",eukaryota,false,,,,2.0195988027949636,27,2,18,85.2274,145.2,10^-28.5128,,,,,,,,,,,,,,,,,[552050],0
552050,1,143767,Isoperla grammatica,"",eukaryota,false,,,,2.0195988027949636,27,2,18,85.2274,145.2,10^-28.5128,,,,,,,,,,,,,,,,,,0
143734,2,143734,Leuctra,"",eukaryota,false,,,,1.9447988471358908,26,1,16,88.0491,74.375,10^-15.3048,,,,,,,,,,,,,,,,,[143735],0
143735,1,143734,Leuctra nigra,"",eukaryota,false,,,,1.9447988471358908,26,1,16,88.0491,74.375,10^-15.3048,,,,,,,,,,,,,,,,,,0
143731,2,143731,Brachyptera,"",eukaryota,false,,,,2.3935985810903273,32,,,89.4439,43.4194,10^-10.8272,,,,,,,,,,,,,,,,,[2065413],0
2065413,1,143731,Brachyptera putata,"",eukaryota,false,,,,2.3935985810903273,32,,,89.4439,43.4194,10^-10.8272,,,,,,,,,,,,,,,,,,0
143721,2,143721,Nemurella,"",eukaryota,false,,,,2.169198714113109,29,1,10,90.2076,69.5357,10^-19.8567,,,,,,,,,,,,,,,,,[143722],0
143722,1,143721,Nemurella pictetii,"",eukaryota,false,,,,2.169198714113109,29,1,10,90.2076,69.5357,10^-19.8567,,,,,,,,,,,,,,,,,,0
143716,2,143716,Protonemura,"",eukaryota,false,,,,4.637597250862509,62,2,46,83.0571,127.483,10^-21.2909,,,,,,,,,,,,,,,,,[2884235],0
2884235,1,143716,Protonemura montana,"",eukaryota,false,,,,4.637597250862509,62,2,46,83.0571,127.483,10^-21.2909,,,,,,,,,,,,,,,,,,0
142788,2,142788,Lamproderma,"",eukaryota,false,,,,0.07479995565907273,1,,,95.0,100.0,10^-48.8363,,,,,,,,,,,,,,,,,[1652121],0
1652121,1,142788,Lamproderma cribrarioides,"",eukaryota,false,,,,0.07479995565907273,1,,,95.0,100.0,10^-48.8363,,,,,,,,,,,,,,,,,,0
141402,2,141402,Evadne,"",eukaryota,false,,,,0.2991998226362909,4,,,88.3445,81.0,10^-29.7163,,,,,,,,,,,,,,,,,[141404],0
141404,1,141402,Evadne anonyx,"",eukaryota,false,,,,0.2991998226362909,4,,,88.3445,81.0,10^-29.7163,,,,,,,,,,,,,,,,,,0
141257,2,141257,Tachina,"",eukaryota,false,,,,0.22439986697721817,3,,,90.8117,42.3333,10^-11.0164,,,,,,,,,,,,,,,,,[631329],0
631329,1,141257,Tachina lurida,"",eukaryota,false,,,,0.22439986697721817,3,,,90.8117,42.3333,10^-11.0164,,,,,,,,,,,,,,,,,,0
141182,2,141182,Scolytoplatypus,"",eukaryota,false,,,,,,,,,,,,,,,,0.07479995565907273,1,,,100.0,32.0,10^-13.857,,,,,[889324],0
889324,1,141182,Scolytoplatypus tycon,"",eukaryota,false,,,,,,,,,,,,,,,,0.07479995565907273,1,,,100.0,32.0,10^-13.857,,,,,,0
141165,2,141165,Hylurgops,"",eukaryota,false,,,,,,,,,,,,,,,,0.07479995565907273,1,,,100.0,28.0,10^-9.83268,,,,,[1220292],0
1220292,1,141165,Hylurgops glabratus,"",eukaryota,false,,,,,,,,,,,,,,,,0.07479995565907273,1,,,100.0,28.0,10^-9.83268,,,,,,0
140106,2,140106,Neonectria,"",eukaryota,false,,,,0.07479995565907273,1,,,83.333,84.0,10^-25.5818,,,,,,,,,,,,,,,,,[78403],0
78403,1,140106,Neonectria neomacrospora,"",eukaryota,false,,,,0.07479995565907273,1,,,83.333,84.0,10^-25.5818,,,,,,,,,,,,,,,,,,0
139973,2,139973,Archips,"",eukaryota,false,,,,2.5431984924084725,34,1,16,89.4711,68.6667,10^-18.4603,,,,,,,,,,,,,,,,,"[1857967, 1100919]",0
1857967,1,139973,Archips crataeganus,"",eukaryota,false,,,,0.5983996452725818,8,,,91.2576,57.5714,10^-18.4086,,,,,,,,,,,,,,,,,,0
1100919,1,139973,Archips xylosteana,"",eukaryota,false,,,,1.9447988471358908,26,1,16,88.9273,72.0435,10^-18.476,,,,,,,,,,,,,,,,,,0
139679,2,139679,Teleopsis,"",eukaryota,false,,,,0.8975994679088727,12,,,89.3667,66.9,10^-22.486,,,,,,204.95187850585927,2740,18,2683,51.5202,500.05,10^-253.874,,,,,[139649],0
139649,1,139679,Teleopsis dalmanni,"",eukaryota,false,,,,0.8975994679088727,12,,,89.3667,66.9,10^-22.486,,,,,,204.95187850585927,2740,18,2683,51.5202,500.05,10^-253.874,,,,,,0
139475,2,139475,Homalodisca,"",eukaryota,false,,,,0.8975994679088727,12,,,91.1694,63.1667,10^-22.8512,,,,,,3.9643976499308544,53,,,87.5057,30.7925,10^-7.96076,,,,,[197043],0
197043,1,139475,Homalodisca vitripennis,glassy-winged sharpshooter,eukaryota,false,,,,0.8975994679088727,12,,,91.1694,63.1667,10^-22.8512,,,,,,3.9643976499308544,53,,,87.5057,30.7925,10^-7.96076,,,,,,0
139389,2,139389,Plicaturopsis,"",eukaryota,false,,,,,,,,,,,,,,,,0.14959991131814546,2,,,85.7,28.0,10^-7.18111,,,,,[139390],0
139390,1,139389,Plicaturopsis crispa,"",eukaryota,false,,,,,,,,,,,,,,,,0.14959991131814546,2,,,85.7,28.0,10^-7.18111,,,,,,0
139276,2,139276,Dacryopinax,"",eukaryota,false,,,,0.07479995565907273,1,,,90.0,40.0,10^-9.43554,,,,,,,,,,,,,,,,,[1858805],0
1858805,1,139276,Dacryopinax primogenitus,"",eukaryota,false,,,,0.07479995565907273,1,,,90.0,40.0,10^-9.43554,,,,,,,,,,,,,,,,,,0
139139,2,139139,Tubulicium,"",eukaryota,false,,,,0.14959991131814546,2,,,98.01,100.5,10^-53.2944,,,,,,,,,,,,,,,,,"[2547720, 2547714]",0
2547720,1,139139,Tubulicium raphidisporum,"",eukaryota,false,,,,0.07479995565907273,1,,,98.02,101.0,10^-53.6353,,,,,,,,,,,,,,,,,,0
2547714,1,139139,Tubulicium bambusicola,"",eukaryota,false,,,,0.07479995565907273,1,,,98.0,100.0,10^-52.9535,,,,,,,,,,,,,,,,,,0
139133,2,139133,Sistotremastrum,"",eukaryota,false,,,,,,,,,,,,,,,,0.07479995565907273,1,,,100.0,33.0,10^-11.4724,,,,,[139134],0
139134,1,139133,Sistotremastrum niveocremeum,"",eukaryota,false,,,,,,,,,,,,,,,,0.07479995565907273,1,,,100.0,33.0,10^-11.4724,,,,,,0
139111,2,139111,Dendrothele,"",eukaryota,false,,,,,,,,,,,,,,,,0.44879973395443634,6,,,75.6,32.8333,10^-6.85143,,,,,[1314803],0
1314803,1,139111,Dendrothele bispora,"",eukaryota,false,,,,,,,,,,,,,,,,0.44879973395443634,6,,,75.6,32.8333,10^-6.85143,,,,,,0
139109,2,139109,Dendrocorticium,"",eukaryota,false,,,,0.14959991131814546,2,,,91.524,100.0,10^-44.0331,,,,,,,,,,,,,,,,,[154755],0
154755,1,139109,Dendrocorticium roseocarneum,"",eukaryota,false,,,,0.14959991131814546,2,,,91.524,100.0,10^-44.0331,,,,,,,,,,,,,,,,,,0
139055,2,139055,Uranotaenia,"",eukaryota,false,,,,477.5977168831794,6385,85,4206,88.2912,636.661,10^-88.4106,,,,,,753.908753087794,10079,138,2745,80.7067,47.1196,10^-15.0224,,,,,"[2597066, 559294, 190385]",0
2597066,1,139055,Uranotaenia geometrica,"",eukaryota,false,,,,1.2715992462042363,17,,,99.6641,74.5882,10^-38.1575,,,,,,,,,,,,,,,,,,0
559294,1,139055,Uranotaenia unguiculata,"",eukaryota,false,,,,0.14959991131814546,2,,,96.154,58.5,10^-25.4214,,,,,,,,,,,,,,,,,,0
190385,1,139055,Uranotaenia lowii,"",eukaryota,false,,,,476.176517725657,6366,85,4206,88.2577,638.378,10^-88.5677,,,,,,753.908753087794,10079,138,2745,80.7067,47.1196,10^-15.0224,,,,,,0
139053,2,139053,Orthopodomyia,"",eukaryota,false,,,,0.07479995565907273,1,,,84.337,83.0,10^-26.2732,,,,,,,,,,,,,,,,,[139054],0
139054,1,139053,Orthopodomyia alba,"",eukaryota,false,,,,0.07479995565907273,1,,,84.337,83.0,10^-26.2732,,,,,,,,,,,,,,,,,,0
138069,2,138069,Lysandra,"",eukaryota,false,,,,2.169198714113109,29,2,16,91.9892,158.414,10^-55.6917,,,,,,,,,,,,,,,,,"[268709, 138070]",0
268709,1,138069,Lysandra coridon,"",eukaryota,false,,,,1.0471993792270182,14,1,6,92.797,66.8571,10^-22.8748,,,,,,,,,,,,,,,,,,0
138070,1,138069,Lysandra bellargus,Adonis blue,eukaryota,false,,,,1.1219993348860908,15,1,10,91.2352,243.867,10^-86.3209,,,,,,,,,,,,,,,,,,0
137620,2,137620,Arcyria,"",eukaryota,false,,,,0.14959991131814546,2,,,93.0985,101.5,10^-47.1144,,,,,,,,,,,,,,,,,[137621],0
137621,1,137620,Arcyria cinerea,"",eukaryota,false,,,,0.14959991131814546,2,,,93.0985,101.5,10^-47.1144,,,,,,,,,,,,,,,,,,0
136463,2,136463,Saccamoeba,"",eukaryota,false,,,,0.07479995565907273,1,,,95.918,49.0,10^-18.2678,,,,,,,,,,,,,,,,,[2007359],0
2007359,1,136463,Saccamoeba sp. POHL,"",eukaryota,false,,,,0.07479995565907273,1,,,95.918,49.0,10^-18.2678,,,,,,,,,,,,,,,,,,0
136352,2,136352,Drepanosiphum,"",eukaryota,false,,,,0.22439986697721817,3,,,89.0373,52.0,10^-14.8206,,,,,,,,,,,,,,,,,[527648],0
527648,1,136352,Drepanosiphum platanoidis,"",eukaryota,false,,,,0.22439986697721817,3,,,89.0373,52.0,10^-14.8206,,,,,,,,,,,,,,,,,,0
136182,2,136182,Centropages,"",eukaryota,false,,,,,,,,,,,,,,,,0.07479995565907273,1,,,100.0,22.0,10^-6.95078,,,,,[544689],0
544689,1,136182,Centropages tenuiremis,"",eukaryota,false,,,,,,,,,,,,,,,,0.07479995565907273,1,,,100.0,22.0,10^-6.95078,,,,,,0
135575,2,135575,Idiomarina,"",bacteria,false,,,,0.07479995565907273,1,,,97.5,40.0,10^-13.5526,,,,,,,,,,,,,,,,,[2100422],0
2100422,1,135575,Idiomarina sp. OT37-5b,"",bacteria,false,,,,0.07479995565907273,1,,,97.5,40.0,10^-13.5526,,,,,,,,,,,,,,,,,,0
134393,2,134393,Leucania,"",eukaryota,false,,,,1.346399201863309,18,1,12,82.4762,103.333,10^-14.8281,,,,,,,,,,,,,,,,,[987968],0
987968,1,134393,Leucania comma,"",eukaryota,false,,,,1.346399201863309,18,1,12,82.4762,103.333,10^-14.8281,,,,,,,,,,,,,,,,,,0
133894,2,133894,Penaeus,"",eukaryota,false,,,,0.22439986697721817,3,,,88.7717,86.3333,10^-33.1201,,,,,,1.6455990244996,22,,,85.5864,29.5909,10^-7.19424,,,,,"[139456, 27405, 6689, 6687]",0
139456,1,133894,Penaeus chinensis,"",eukaryota,false,,,,0.07479995565907273,1,,,88.0,75.0,10^-26.3172,,,,,,0.14959991131814546,2,,,73.95,29.0,10^-5.89351,,,,,,0
27405,1,133894,Penaeus japonicus,"",eukaryota,false,,,,0.07479995565907273,1,,,89.773,88.0,10^-35.1682,,,,,,0.07479995565907273,1,,,57.6,33.0,10^-3.17587,,,,,,0
6689,1,133894,Penaeus vannamei,Pacific white shrimp,eukaryota,false,,,,0.07479995565907273,1,,,88.542,96.0,10^-37.8751,,,,,,1.0471993792270182,14,,,84.1,31.1429,10^-7.62537,,,,,,0
6687,1,133894,Penaeus monodon,black tiger shrimp,eukaryota,false,,,,,,,,,,,,,,,,0.3739997782953636,5,,,100.0,24.8,10^-7.31103,,,,,,0
133746,2,133746,Punctularia,"",eukaryota,false,,,,0.07479995565907273,1,,,84.615,39.0,10^-6.01561,,,,,,0.07479995565907273,1,,,62.5,32.0,10^-4.53611,,,,,[202698],0
202698,1,133746,Punctularia strigosozonata,"",eukaryota,false,,,,0.07479995565907273,1,,,84.615,39.0,10^-6.01561,,,,,,0.07479995565907273,1,,,62.5,32.0,10^-4.53611,,,,,,0
133407,2,133407,Acytostelium,"",eukaryota,false,,,,0.07479995565907273,1,,,100.0,36.0,10^-12.226,,,,,,,,,,,,,,,,,[361139],0
361139,1,133407,Acytostelium subglobosum,"",eukaryota,false,,,,0.07479995565907273,1,,,100.0,36.0,10^-12.226,,,,,,,,,,,,,,,,,,0
133097,2,133097,Periphyllus,"",eukaryota,false,,,,0.5235996896135091,7,,,89.9837,54.8571,10^-17.5418,,,,,,,,,,,,,,,,,[1425412],0
1425412,1,133097,Periphyllus acericola,"",eukaryota,false,,,,0.5235996896135091,7,,,89.9837,54.8571,10^-17.5418,,,,,,,,,,,,,,,,,,0
132616,2,132616,Phytomyza,holly leafminers,eukaryota,false,,,,,,,,,,,,,,,,0.07479995565907273,1,,,97.0,33.0,10^-10.7878,,,,,[2882661],0
2882661,1,132616,Phytomyza lateralis,"",eukaryota,false,,,,,,,,,,,,,,,,0.07479995565907273,1,,,97.0,33.0,10^-10.7878,,,,,,0
132464,2,132464,Spatholobus,"",eukaryota,false,,,,,,,,,,,,,,,,0.07479995565907273,1,,,78.8,33.0,10^-8.3947,,,,,[455371],0
455371,1,132464,Spatholobus suberectus,"",eukaryota,false,,,,,,,,,,,,,,,,0.07479995565907273,1,,,78.8,33.0,10^-8.3947,,,,,,0
132116,2,132116,Megachile,"",eukaryota,false,,,,1.4211991575223817,19,,,88.3,65.5789,10^-20.8016,,,,,,1.4959991131814545,20,1,14,63.175,67.8,10^-18.6206,,,,,"[1542540, 481575, 143995]",0
1542540,1,132116,Megachile ligniseca,"",eukaryota,false,,,,0.22439986697721817,3,,,89.1923,62.0,10^-19.8064,,,,,,,,,,,,,,,,,,0
481575,1,132116,Megachile willughbiella,Willughby's leaf-cutter bee,eukaryota,false,,,,0.7479995565907273,10,,,87.8323,70.7,10^-22.8678,,,,,,,,,,,,,,,,,,0
143995,1,132116,Megachile rotundata,alfalfa leafcutting bee,eukaryota,false,,,,0.44879973395443634,6,,,88.6333,58.8333,10^-17.8554,,,,,,1.4959991131814545,20,1,14,63.175,67.8,10^-18.6206,,,,,,0
131713,2,131713,Spondylis,"",eukaryota,false,,,,0.07479995565907273,1,,,94.737,38.0,10^-10.8302,,,,,,,,,,,,,,,,,[1395520],0
1395520,1,131713,Spondylis buprestoides,"",eukaryota,false,,,,0.07479995565907273,1,,,94.737,38.0,10^-10.8302,,,,,,,,,,,,,,,,,,0
131625,2,131625,Crepidodera,"",eukaryota,false,,,,0.5235996896135091,7,,,83.7106,64.5714,10^-15.3253,,,,,,,,,,,,,,,,,[346762],0
346762,1,131625,Crepidodera aurea,"",eukaryota,false,,,,0.5235996896135091,7,,,83.7106,64.5714,10^-15.3253,,,,,,,,,,,,,,,,,,0
131576,2,131576,Agelastica,"",eukaryota,false,,,,0.8227995122498,11,,,87.4784,49.7273,10^-11.9111,,,,,,,,,,,,,,,,,[131577],0
131577,1,131576,Agelastica alni,"",eukaryota,false,,,,0.8227995122498,11,,,87.4784,49.7273,10^-11.9111,,,,,,,,,,,,,,,,,,0
129396,2,129396,Aporia,blackveins,eukaryota,false,,,,0.22439986697721817,3,,,93.9117,39.6667,10^-11.4986,,,,,,,,,,,,,,,,,[129397],0
129397,1,129396,Aporia crataegi,"",eukaryota,false,,,,0.22439986697721817,3,,,93.9117,39.6667,10^-11.4986,,,,,,,,,,,,,,,,,,0
129337,2,129337,Geobacillus,"",bacteria,false,,,,,,,,,,,,,,,,0.07479995565907273,1,,,74.1,27.0,10^-3.05601,,,,,[33941],0
33941,1,129337,Geobacillus thermoleovorans,"",bacteria,false,,,,,,,,,,,,,,,,0.07479995565907273,1,,,74.1,27.0,10^-3.05601,,,,,,0
127313,2,127313,Boloria,"",eukaryota,false,,,,0.22439986697721817,3,,,90.9183,48.3333,10^-14.6203,,,,,,,,,,,,,,,,,"[405023, 191398]",0
405023,1,127313,Boloria euphrosyne,pearl-bordered fritillary,eukaryota,false,,,,0.14959991131814546,2,,,91.462,43.0,10^-12.1508,,,,,,,,,,,,,,,,,,0
191398,1,127313,Boloria selene,silver meadow fritillary,eukaryota,false,,,,0.07479995565907273,1,,,89.831,59.0,10^-19.5595,,,,,,,,,,,,,,,,,,0
127244,2,127244,Mechanitis,"",eukaryota,false,,,,0.3739997782953636,5,,,90.6636,41.8,10^-10.9267,,,,,,,,,,,,,,,,,"[2578229, 471061]",0
2578229,1,127244,Mechanitis messenoides,"",eukaryota,false,,,,0.07479995565907273,1,,,97.727,44.0,10^-16.256,,,,,,,,,,,,,,,,,,0
471061,1,127244,Mechanitis mazaeus,"",eukaryota,false,,,,0.2991998226362909,4,,,88.8978,41.25,10^-9.59433,,,,,,,,,,,,,,,,,,0
127224,2,127224,Napeogenes,"",eukaryota,false,,,,0.2991998226362909,4,,,92.5837,40.25,10^-10.977,,,,,,,,,,,,,,,,,"[331344, 331285]",0
331344,1,127224,Napeogenes sylphis,"",eukaryota,false,,,,0.22439986697721817,3,,,91.866,41.0,10^-11.026,,,,,,,,,,,,,,,,,,0
331285,1,127224,Napeogenes inachia,"",eukaryota,false,,,,0.07479995565907273,1,,,94.737,38.0,10^-10.8302,,,,,,,,,,,,,,,,,,0
127220,2,127220,Scada,"",eukaryota,false,,,,,,,,,,,,,,,,0.07479995565907273,1,,,87.5,32.0,10^-8.58004,,,,,[344675],0
344675,1,127220,Scada reckia,"",eukaryota,false,,,,,,,,,,,,,,,,0.07479995565907273,1,,,87.5,32.0,10^-8.58004,,,,,,0
126956,2,126956,Strigamia,"",eukaryota,false,,,,0.8227995122498,11,,,90.7586,46.3333,10^-13.1151,,,,,,,,,,,,,,,,,[1255758],0
1255758,1,126956,Strigamia acuminata,"",eukaryota,false,,,,0.8227995122498,11,,,90.7586,46.3333,10^-13.1151,,,,,,,,,,,,,,,,,,0
126546,2,126546,Notelaea,"",eukaryota,false,,,,0.07479995565907273,1,,,100.0,86.0,10^-46.1571,,,,,,,,,,,,,,,,,[126547],0
126547,1,126546,Notelaea longifolia,"",eukaryota,false,,,,0.07479995565907273,1,,,100.0,86.0,10^-46.1571,,,,,,,,,,,,,,,,,,0
126539,2,126539,Nestegis,"",eukaryota,false,,,,0.07479995565907273,1,,,100.0,86.0,10^-46.1571,,,,,,,,,,,,,,,,,[126540],0
126540,1,126539,Nestegis apetala,"",eukaryota,false,,,,0.07479995565907273,1,,,100.0,86.0,10^-46.1571,,,,,,,,,,,,,,,,,,0
126412,2,126412,Forestiera,"",eukaryota,false,,,,0.07479995565907273,1,,,100.0,100.0,10^-55.6982,,,,,,,,,,,,,,,,,[1539465],0
1539465,1,126412,Forestiera pubescens,"",eukaryota,false,,,,0.07479995565907273,1,,,100.0,100.0,10^-55.6982,,,,,,,,,,,,,,,,,,0
125287,2,125287,Ornithinimicrobium,"",bacteria,false,,,,0.14959991131814546,2,,,95.238,42.0,10^-13.5315,,,,,,,,,,,,,,,,,[2594265],0
2594265,1,125287,Ornithinimicrobium ciconiae,"",bacteria,false,,,,0.14959991131814546,2,,,95.238,42.0,10^-13.5315,,,,,,,,,,,,,,,,,,0
124916,2,124916,Armigeres,"",eukaryota,false,,,,77.49275406279935,1036,10,616,86.8583,211.449,10^-50.6599,,,,,,4.712397206521581,63,2,44,86.903,95.4762,10^-50.0055,,,,,[124917],0
124917,1,124916,Armigeres subalbatus,"",eukaryota,false,,,,77.49275406279935,1036,10,616,86.8583,211.449,10^-50.6599,,,,,,4.712397206521581,63,2,44,86.903,95.4762,10^-50.0055,,,,,,0
124410,2,124410,Limenitis,admirals,eukaryota,false,,,,0.22439986697721817,3,,,92.182,42.3333,10^-11.9277,,,,,,,,,,,,,,,,,[270466],0
270466,1,124410,Limenitis camilla,"",eukaryota,false,,,,0.22439986697721817,3,,,92.182,42.3333,10^-11.9277,,,,,,,,,,,,,,,,,,0
124330,2,124330,Symphoromyia,"",eukaryota,false,,,,,,,,,,,,,,,,0.07479995565907273,1,,,92.9,28.0,10^-5.22548,,,,,[1842026],0
1842026,1,124330,Symphoromyia crassicornis,"",eukaryota,false,,,,,,,,,,,,,,,,0.07479995565907273,1,,,92.9,28.0,10^-5.22548,,,,,,0
124315,2,124315,Leptynoma,"",eukaryota,false,,,,,,,,,,,,,,,,0.07479995565907273,1,,,100.0,33.0,10^-14.4622,,,,,[124316],0
124316,1,124315,Leptynoma hessei,"",eukaryota,false,,,,,,,,,,,,,,,,0.07479995565907273,1,,,100.0,33.0,10^-14.4622,,,,,,0
124299,2,124299,Atherix,"",eukaryota,false,,,,0.2991998226362909,4,,,90.3867,58.25,10^-19.412,,,,,,,,,,,,,,,,,[2025112],0
2025112,1,124299,Atherix ibis,"",eukaryota,false,,,,0.2991998226362909,4,,,90.3867,58.25,10^-19.412,,,,,,,,,,,,,,,,,,0
124287,2,124287,Osmia,"",eukaryota,false,,,,0.22439986697721817,3,,,89.0327,67.3333,10^-22.9447,,,,,,2.0195988027949636,27,1,8,73.3967,45.8889,10^-10.3532,,,,,"[1437190, 473952]",0
1437190,1,124287,Osmia bicornis,red mason bee,eukaryota,false,,,,0.07479995565907273,1,,,86.42,81.0,10^-27.6561,,,,,,1.1967992905451637,16,1,8,62.0445,56.6875,10^-11.9614,,,,,,0
473952,1,124287,Osmia lignaria,orchard mason bee,eukaryota,false,,,,0.14959991131814546,2,,,90.339,60.5,10^-20.589,,,,,,0.8227995122498,11,,,89.9091,30.1818,10^-8.01382,,,,,,0
124016,2,124016,Ozopemon,"",eukaryota,false,,,,,,,,,,,,,,,,0.07479995565907273,1,,,100.0,21.0,10^-6.21042,,,,,[190778],0
190778,1,124016,Ozopemon uniseriatus,"",eukaryota,false,,,,,,,,,,,,,,,,0.07479995565907273,1,,,100.0,21.0,10^-6.21042,,,,,,0
123484,2,123484,Tripterygium,"",eukaryota,false,,,,0.22439986697721817,3,,,100.0,101.0,10^-56.3801,,,,,,,,,,,,,,,,,[458696],0
458696,1,123484,Tripterygium wilfordii,"",eukaryota,false,,,,0.22439986697721817,3,,,100.0,101.0,10^-56.3801,,,,,,,,,,,,,,,,,,0
122852,2,122852,Polydrusus,"",eukaryota,false,,,,0.14959991131814546,2,,,89.642,38.5,10^-8.42289,,,,,,,,,,,,,,,,,[202137],0
202137,1,122852,Polydrusus cervinus,"",eukaryota,false,,,,0.14959991131814546,2,,,89.642,38.5,10^-8.42289,,,,,,,,,,,,,,,,,,0
122836,2,122836,Platypus,"",eukaryota,false,,,,2.3935985810903273,32,1,24,85.4013,96.5,10^-17.9587,,,,,,,,,,,,,,,,,[298138],0
298138,1,122836,Platypus cylindrus,"",eukaryota,false,,,,2.3935985810903273,32,1,24,85.4013,96.5,10^-17.9587,,,,,,,,,,,,,,,,,,0
122772,2,122772,Apoderus,"",eukaryota,false,,,,1.2715992462042363,17,,,89.7828,50.7059,10^-14.6815,,,,,,,,,,,,,,,,,[201766],0
201766,1,122772,Apoderus coryli,hazel leaf roller,eukaryota,false,,,,1.2715992462042363,17,,,89.7828,50.7059,10^-14.6815,,,,,,,,,,,,,,,,,,0
122277,2,122277,Pectobacterium,"",bacteria,false,,,,0.07479995565907273,1,,,100.0,101.0,10^-56.3801,,,,,,0.44879973395443634,6,,,92.7833,30.5,10^-10.4612,,,,,"[2488639, 2042057, 1905730, 180957, 554]",0
2488639,1,122277,Pectobacterium versatile,"",bacteria,false,,,,,,,,,,,,,,,,0.07479995565907273,1,,,71.9,32.0,10^-7.67162,,,,,,0
2042057,1,122277,Pectobacterium polaris,"",bacteria,false,,,,,,,,,,,,,,,,0.14959991131814546,2,,,96.95,32.5,10^-13.4108,,,,,,0
1905730,1,122277,Pectobacterium parmentieri,"",bacteria,false,,,,0.07479995565907273,1,,,100.0,101.0,10^-56.3801,,,,,,,,,,,,,,,,,,0
180957,1,122277,Pectobacterium brasiliense,"",bacteria,false,,,,,,,,,,,,,,,,0.07479995565907273,1,,,100.0,32.0,10^-10.9706,,,,,,0
554,1,122277,Pectobacterium carotovorum,"",bacteria,false,,,,,,,,,,,,,,,,0.14959991131814546,2,,,95.45,27.0,10^-8.65177,,,,,,0
121844,2,121844,Diaphorina,"",eukaryota,false,,,,0.2991998226362909,4,,,91.0277,83.0,10^-34.5135,,,,,,12.641192506383291,169,2,105,66.467,96.6024,10^-28.2871,,,,,[121845],0
121845,1,121844,Diaphorina citri,Asian citrus psyllid,eukaryota,false,,,,0.2991998226362909,4,,,91.0277,83.0,10^-34.5135,,,,,,12.641192506383291,169,2,105,66.467,96.6024,10^-28.2871,,,,,,0
121621,2,121621,Phyllosticta,"",eukaryota,false,,,,0.14959991131814546,2,,,100.0,101.0,10^-56.3801,,,,,,,,,,,,,,,,,[121624],0
121624,1,121621,Phyllosticta capitalensis,"",eukaryota,false,,,,0.14959991131814546,2,,,100.0,101.0,10^-56.3801,,,,,,,,,,,,,,,,,,0
121493,2,121493,Oscarella,"",eukaryota,false,,,,0.07479995565907273,1,,,89.13,46.0,10^-12.1196,,,,,,,,,,,,,,,,,[121494],0
121494,1,121493,Oscarella lobularis,"",eukaryota,false,,,,0.07479995565907273,1,,,89.13,46.0,10^-12.1196,,,,,,,,,,,,,,,,,,0
121476,2,121476,Aplysina,"",eukaryota,false,,,,0.07479995565907273,1,,,97.222,36.0,10^-10.8537,,,,,,,,,,,,,,,,,[289389],0
289389,1,121476,Aplysina aerophoba,"",eukaryota,false,,,,0.07479995565907273,1,,,97.222,36.0,10^-10.8537,,,,,,,,,,,,,,,,,,0
121222,2,121222,Pediculus,"",eukaryota,false,,,,0.14959991131814546,2,,,85.7065,43.0,10^-8.71983,,,,,,0.5235996896135091,7,,,83.7333,28.0,10^-6.9015,,,,,[121225],1
121225,1,121222,Pediculus humanus,human louse,eukaryota,false,,,,0.14959991131814546,2,,,85.7065,43.0,10^-8.71983,,,,,,0.5235996896135091,7,,,83.7333,28.0,10^-6.9015,,,,,,1
120865,2,120865,Zele,"",eukaryota,false,,,,0.22439986697721817,3,,,87.7767,74.6667,10^-25.646,,,,,,,,,,,,,,,,,[1080930],0
1080930,1,120865,Zele albiditarsus,"",eukaryota,false,,,,0.22439986697721817,3,,,87.7767,74.6667,10^-25.646,,,,,,,,,,,,,,,,,,0
120831,2,120831,Dyadobacter,"",bacteria,false,,,,0.22439986697721817,3,,,97.1427,80.0,10^-38.9095,,,,,,,,,,,,,,,,,"[2909339, 2747268]",0
2909339,1,120831,Dyadobacter chenhuakuii,"",bacteria,false,,,,0.14959991131814546,2,,,97.03,101.0,10^-52.2629,,,,,,,,,,,,,,,,,,0
2747268,1,120831,Dyadobacter sandarakinus,"",bacteria,false,,,,0.07479995565907273,1,,,97.368,38.0,10^-12.2026,,,,,,,,,,,,,,,,,,0
119997,2,119997,Chionographis,"",eukaryota,false,,,,0.07479995565907273,1,,,84.615,39.0,10^-6.01561,,,,,,,,,,,,,,,,,[119999],0
119999,1,119997,Chionographis japonica,"",eukaryota,false,,,,0.07479995565907273,1,,,84.615,39.0,10^-6.01561,,,,,,,,,,,,,,,,,,0
119287,2,119287,Sphinx,"",eukaryota,false,,,,0.5983996452725818,8,,,89.1421,62.8571,10^-20.2322,,,,,,,,,,,,,,,,,[987436],0
987436,1,119287,Sphinx pinastri,"",eukaryota,false,,,,0.5983996452725818,8,,,89.1421,62.8571,10^-20.2322,,,,,,,,,,,,,,,,,,0
118523,2,118523,Cryptocellus,"",eukaryota,false,,,,,,,,,,,,,,,,0.07479995565907273,1,,,100.0,21.0,10^-4.31515,,,,,[118524],0
118524,1,118523,Cryptocellus centralis,"",eukaryota,false,,,,,,,,,,,,,,,,0.07479995565907273,1,,,100.0,21.0,10^-4.31515,,,,,,0
118259,2,118259,Plenodomus,"",eukaryota,false,,,,0.14959991131814546,2,,,86.667,60.0,10^-17.4937,,,,,,,,,,,,,,,,,[220672],0
220672,1,118259,Plenodomus biglobosus,"",eukaryota,false,,,,0.14959991131814546,2,,,86.667,60.0,10^-17.4937,,,,,,,,,,,,,,,,,,0
117902,2,117902,Protopolystoma,"",eukaryota,false,,,,,,,,,,,,,,,,0.8975994679088727,12,,,91.1455,29.4545,10^-9.90207,,,,,[117903],0
117903,1,117902,Protopolystoma xenopodis,"",eukaryota,false,,,,,,,,,,,,,,,,0.8975994679088727,12,,,91.1455,29.4545,10^-9.90207,,,,,,0
117533,2,117533,Eulimnadia,"",eukaryota,false,,,,0.14959991131814546,2,,,87.8655,70.0,10^-23.6028,,,,,,,,,,,,,,,,,[117534],0
117534,1,117533,Eulimnadia texana,"",eukaryota,false,,,,0.14959991131814546,2,,,87.8655,70.0,10^-23.6028,,,,,,,,,,,,,,,,,,0
117248,2,117248,Habropoda,"",eukaryota,false,,,,0.07479995565907273,1,,,97.436,39.0,10^-12.8775,,,,,,0.22439986697721817,3,,,93.6,29.0,10^-9.31672,,,,,[597456],0
597456,1,117248,Habropoda laboriosa,"",eukaryota,false,,,,0.07479995565907273,1,,,97.436,39.0,10^-12.8775,,,,,,0.22439986697721817,3,,,93.6,29.0,10^-9.31672,,,,,,0
117093,2,117093,Villa,"",eukaryota,false,,,,1.4211991575223817,19,1,5,87.8143,76.1053,10^-18.3119,,,,,,,,,,,,,,,,,[2753613],0
2753613,1,117093,Villa cingulata,"",eukaryota,false,,,,1.4211991575223817,19,1,5,87.8143,76.1053,10^-18.3119,,,,,,,,,,,,,,,,,,0
116152,2,116152,Aethina,"",eukaryota,false,,,,0.8975994679088727,12,,,89.0885,66.5833,10^-22.6713,,,,,,1.0471993792270182,14,,,90.4286,29.7143,10^-7.9574,,,,,[116153],0
116153,1,116152,Aethina tumida,small hive beetle,eukaryota,false,,,,0.8975994679088727,12,,,89.0885,66.5833,10^-22.6713,,,,,,1.0471993792270182,14,,,90.4286,29.7143,10^-7.9574,,,,,,0
116137,2,116137,Tortricodes,"",eukaryota,false,,,,1.4959991131814545,20,,,91.8059,64.7368,10^-24.2796,,,,,,,,,,,,,,,,,[116138],0
116138,1,116137,Tortricodes alternella,"",eukaryota,false,,,,1.4959991131814545,20,,,91.8059,64.7368,10^-24.2796,,,,,,,,,,,,,,,,,,0
116129,2,116129,Eupsilia,"",eukaryota,false,,,,0.14959991131814546,2,,,88.784,56.0,10^-16.8536,,,,,,,,,,,,,,,,,[116130],0
116130,1,116129,Eupsilia transversa,satellite moth,eukaryota,false,,,,0.14959991131814546,2,,,88.784,56.0,10^-16.8536,,,,,,,,,,,,,,,,,,0
116127,2,116127,Epirrita,"",eukaryota,false,,,,0.3739997782953636,5,,,88.05,67.6,10^-22.6644,,,,,,,,,,,,,,,,,[247947],0
247947,1,116127,Epirrita christyi,pale November moth,eukaryota,false,,,,0.3739997782953636,5,,,88.05,67.6,10^-22.6644,,,,,,,,,,,,,,,,,,0
116125,2,116125,Cosmia,"",eukaryota,false,,,,0.8227995122498,11,,,90.9327,63.0,10^-21.3097,,,,,,,,,,,,,,,,,"[987909, 116126]",0
987909,1,116125,Cosmia pyralina,"",eukaryota,false,,,,0.3739997782953636,5,,,92.1462,68.8,10^-26.52,,,,,,,,,,,,,,,,,,0
116126,1,116125,Cosmia trapezina,dun-bar pinion,eukaryota,false,,,,0.44879973395443634,6,,,89.9215,58.1667,10^-16.9678,,,,,,,,,,,,,,,,,,0
116120,2,116120,Carcina,"",eukaryota,false,,,,0.9723994235679454,13,1,6,85.7029,106.538,10^-22.403,,,,,,,,,,,,,,,,,[116121],0
116121,1,116120,Carcina quercana,"",eukaryota,false,,,,0.9723994235679454,13,1,6,85.7029,106.538,10^-22.403,,,,,,,,,,,,,,,,,,0
115356,2,115356,Harmonia,"",eukaryota,false,,,,0.5235996896135091,7,,,98.6986,56.0,10^-24.9872,,,,,,1.2715992462042363,17,,,74.5824,30.4706,10^-6.32103,,,,,[115357],0
115357,1,115356,Harmonia axyridis,"",eukaryota,false,,,,0.5235996896135091,7,,,98.6986,56.0,10^-24.9872,,,,,,1.2715992462042363,17,,,74.5824,30.4706,10^-6.32103,,,,,,0
115327,2,115327,Toxomerus,"",eukaryota,false,,,,0.14959991131814546,2,,,85.938,64.0,10^-18.838,,,,,,,,,,,,,,,,,[115329],0
115329,1,115327,Toxomerus marginatus,"",eukaryota,false,,,,0.14959991131814546,2,,,85.938,64.0,10^-18.838,,,,,,,,,,,,,,,,,,0
115303,2,115303,Nephrocerus,"",eukaryota,false,,,,1.0471993792270182,14,,,90.3534,53.8571,10^-16.6693,,,,,,,,,,,,,,,,,[566305],0
566305,1,115303,Nephrocerus scutellatus,"",eukaryota,false,,,,1.0471993792270182,14,,,90.3534,53.8571,10^-16.6693,,,,,,,,,,,,,,,,,,0
115278,2,115278,Eristalinus,"",eukaryota,false,,,,4.9367970734988,66,3,28,87.1095,113.328,10^-28.3297,,,,,,,,,,,,,,,,,"[2725509, 2017640]",0
2725509,1,115278,Eristalinus sepulchralis,"",eukaryota,false,,,,4.188797516908073,56,3,28,86.2709,123.259,10^-29.8595,,,,,,,,,,,,,,,,,,0
2017640,1,115278,Eristalinus aeneus,"",eukaryota,false,,,,0.7479995565907273,10,,,91.6383,59.7,10^-20.0686,,,,,,,,,,,,,,,,,,0
115253,2,115253,Chalcosyrphus,"",eukaryota,false,,,,1.8699988914768182,25,,,90.532,58.48,10^-19.1281,,,,,,,,,,,,,,,,,[226170],0
226170,1,115253,Chalcosyrphus nemorum,"",eukaryota,false,,,,1.8699988914768182,25,,,90.532,58.48,10^-19.1281,,,,,,,,,,,,,,,,,,0
115080,2,115080,Megalopta,"",eukaryota,false,,,,0.8227995122498,11,,,89.1844,83.9091,10^-32.261,,,,,,0.3739997782953636,5,,,84.06,32.6,10^-8.46099,,,,,[115081],0
115081,1,115080,Megalopta genalis,"",eukaryota,false,,,,0.8227995122498,11,,,89.1844,83.9091,10^-32.261,,,,,,0.3739997782953636,5,,,84.06,32.6,10^-8.46099,,,,,,0
114154,2,114154,Dichomitus,"",eukaryota,false,,,,,,,,,,,,,,,,0.14959991131814546,2,,,74.5,29.0,10^-6.55715,,,,,[114155],0
114155,1,114154,Dichomitus squalens,"",eukaryota,false,,,,,,,,,,,,,,,,0.14959991131814546,2,,,74.5,29.0,10^-6.55715,,,,,,0
114064,2,114064,Myrmecia,"",eukaryota,false,,,,0.14959991131814546,2,,,99.01,101.0,10^-55.0077,,,,,,,,,,,,,,,,,[3171],0
3171,1,114064,Myrmecia israelensis,"",eukaryota,false,,,,0.14959991131814546,2,,,99.01,101.0,10^-55.0077,,,,,,,,,,,,,,,,,,0
113102,2,113102,Sogatella,"",eukaryota,false,,,,,,,,,,,,,,,,0.07479995565907273,1,,,97.0,33.0,10^-11.2007,,,,,[113103],0
113103,1,113102,Sogatella furcifera,white-backed planthopper,eukaryota,false,,,,,,,,,,,,,,,,0.07479995565907273,1,,,97.0,33.0,10^-11.2007,,,,,,0
112488,2,112488,Dissoconium,"",eukaryota,false,,,,0.07479995565907273,1,,,100.0,101.0,10^-56.3801,,,,,,,,,,,,,,,,,[112489],0
112489,1,112488,Dissoconium aciculare,"",eukaryota,false,,,,0.07479995565907273,1,,,100.0,101.0,10^-56.3801,,,,,,,,,,,,,,,,,,0
112291,2,112291,Tenthredo,"",eukaryota,false,,,,12.341992683747,165,2,155,92.785,62.5031,10^-13.548,,,,,,,,,,,,,,,,,"[1385102, 362091, 222778]",0
1385102,1,112291,Tenthredo distinguenda,"",eukaryota,false,,,,11.444393215838128,153,1,151,93.1868,58.8027,10^-12.32,,,,,,,,,,,,,,,,,,0
362091,1,112291,Tenthredo notha,"",eukaryota,false,,,,0.7479995565907273,10,1,4,87.6105,120.2,10^-31.8853,,,,,,,,,,,,,,,,,,0
222778,1,112291,Tenthredo mesomela,"",eukaryota,false,,,,0.14959991131814546,2,,,89.1255,46.0,10^-12.1197,,,,,,,,,,,,,,,,,,0
112040,2,112040,Zobellia,"",bacteria,false,,,,0.07479995565907273,1,,,93.069,101.0,10^-46.7735,,,,,,,,,,,,,,,,,[3032586],0
3032586,1,112040,Zobellia alginiliquefaciens,"",bacteria,false,,,,0.07479995565907273,1,,,93.069,101.0,10^-46.7735,,,,,,,,,,,,,,,,,,0
111932,2,111932,Pararge,"",eukaryota,false,,,,0.8975994679088727,12,1,4,89.8949,68.9167,10^-16.584,,,,,,1.6455990244996,22,,,82.9045,30.0455,10^-8.14276,,,,,[116150],0
116150,1,111932,Pararge aegeria,speckled wood butterfly,eukaryota,false,,,,0.8975994679088727,12,1,4,89.8949,68.9167,10^-16.584,,,,,,1.6455990244996,22,,,82.9045,30.0455,10^-8.14276,,,,,,0
111922,2,111922,Melanargia,marbled whites,eukaryota,false,,,,0.2991998226362909,4,,,93.9928,52.5,10^-17.9254,,,,,,,,,,,,,,,,,[111923],0
111923,1,111922,Melanargia galathea,marbled white,eukaryota,false,,,,0.2991998226362909,4,,,93.9928,52.5,10^-17.9254,,,,,,,,,,,,,,,,,,0
111919,2,111919,Maniola,meadowbrowns,eukaryota,false,,,,0.22439986697721817,3,,,90.395,39.0,10^-9.21955,,,,,,0.6731996009316545,9,,,86.2556,30.0,10^-7.47121,,,,,"[2795564, 191418]",0
2795564,1,111919,Maniola hyperantus,ringlet,eukaryota,false,,,,,,,,,,,,,,,,0.2991998226362909,4,,,86.45,30.0,10^-7.75437,,,,,,0
191418,1,111919,Maniola jurtina,meadow brown,eukaryota,false,,,,0.22439986697721817,3,,,90.395,39.0,10^-9.21955,,,,,,0.3739997782953636,5,,,86.1,30.0,10^-7.24468,,,,,,0
111915,2,111915,Lasiommata,"",eukaryota,false,,,,2.8423983150447634,38,1,29,91.4022,78.9211,10^-21.494,,,,,,,,,,,,,,,,,[111917],0
111917,1,111915,Lasiommata megera,wall brown,eukaryota,false,,,,2.8423983150447634,38,1,29,91.4022,78.9211,10^-21.494,,,,,,,,,,,,,,,,,,0
111908,2,111908,Hipparchia,"",eukaryota,false,,,,0.07479995565907273,1,,,84.906,53.0,10^-12.7442,,,,,,,,,,,,,,,,,[111912],0
111912,1,111908,Hipparchia semele,rock grayling,eukaryota,false,,,,0.07479995565907273,1,,,84.906,53.0,10^-12.7442,,,,,,,,,,,,,,,,,,0
111897,2,111897,Erebia,arguses,eukaryota,false,,,,4.712397206521581,63,1,46,85.7894,91.254,10^-15.842,,,,,,,,,,,,,,,,,"[447833, 111903]",0
447833,1,111897,Erebia aethiops,Scotch argus,eukaryota,false,,,,4.188797516908073,56,1,46,85.2436,95.5,10^-15.4972,,,,,,,,,,,,,,,,,,0
111903,1,111897,Erebia ligea,Arran brown butterfly,eukaryota,false,,,,0.5235996896135091,7,,,90.155,57.2857,10^-18.6003,,,,,,,,,,,,,,,,,,0
111877,2,111877,Oopsacas,"",eukaryota,false,,,,,,,,,,,,,,,,0.14959991131814546,2,,,82.35,33.5,10^-9.90041,,,,,[111878],0
111878,1,111877,Oopsacas minuta,"",eukaryota,false,,,,,,,,,,,,,,,,0.14959991131814546,2,,,82.35,33.5,10^-9.90041,,,,,,0
111500,2,111500,Allomuricauda,"",bacteria,false,,,,0.14959991131814546,2,,,100.0,77.0,10^-40.0294,,,,,,,,,,,,,,,,,[2698672],0
2698672,1,111500,Allomuricauda oceani,"",bacteria,false,,,,0.14959991131814546,2,,,100.0,77.0,10^-40.0294,,,,,,,,,,,,,,,,,,0
110564,2,110564,Clonostachys,"",eukaryota,false,,,,0.07479995565907273,1,,,94.175,103.0,10^-49.5097,,,,,,0.07479995565907273,1,,,100.0,33.0,10^-12.4179,,,,,[29856],0
29856,1,110564,Clonostachys rosea,"",eukaryota,false,,,,0.07479995565907273,1,,,94.175,103.0,10^-49.5097,,,,,,0.07479995565907273,1,,,100.0,33.0,10^-12.4179,,,,,,0
110367,2,110367,Bicyclus,bush browns,eukaryota,false,,,,0.5983996452725818,8,,,91.6848,54.0,10^-17.327,,,,,,0.5235996896135091,7,,,80.5857,30.0,10^-6.43618,,,,,[110368],0
110368,1,110367,Bicyclus anynana,squinting bush brown,eukaryota,false,,,,0.5983996452725818,8,,,91.6848,54.0,10^-17.327,,,,,,0.5235996896135091,7,,,80.5857,30.0,10^-6.43618,,,,,,0
110243,2,110243,Simocybe,"",eukaryota,false,,,,0.14959991131814546,2,,,95.351,88.5,10^-42.3722,,,,,,,,,,,,,,,,,[1810973],0
1810973,1,110243,Simocybe filopes,"",eukaryota,false,,,,0.14959991131814546,2,,,95.351,88.5,10^-42.3722,,,,,,,,,,,,,,,,,,0
110187,2,110187,Ptomascopus,"",eukaryota,false,,,,0.07479995565907273,1,,,86.154,65.0,10^-19.5175,,,,,,,,,,,,,,,,,[110188],0
110188,1,110187,Ptomascopus morio,"",eukaryota,false,,,,0.07479995565907273,1,,,86.154,65.0,10^-19.5175,,,,,,,,,,,,,,,,,,0
109967,2,109967,Rhizoclosmatium,"",eukaryota,false,,,,,,,,,,,,,,,,0.5235996896135091,7,,,80.9714,24.4286,10^-4.60636,,,,,[329046],0
329046,1,109967,Rhizoclosmatium globosum,"",eukaryota,false,,,,,,,,,,,,,,,,0.5235996896135091,7,,,80.9714,24.4286,10^-4.60636,,,,,,0
109882,2,109882,Chytriomyces,"",eukaryota,false,,,,,,,,,,,,,,,,0.07479995565907273,1,,,68.8,32.0,10^-5.24336,,,,,[246404],0
246404,1,109882,Chytriomyces confervae,"",eukaryota,false,,,,,,,,,,,,,,,,0.07479995565907273,1,,,68.8,32.0,10^-5.24336,,,,,,0
109632,2,109632,Galerina,"",eukaryota,false,,,,0.14959991131814546,2,,,89.011,91.0,10^-35.8398,,,,,,0.5235996896135091,7,,,95.1429,31.7143,10^-12.2261,,,,,"[230791, 109633]",0
230791,1,109632,Galerina pumila,"",eukaryota,false,,,,0.14959991131814546,2,,,89.011,91.0,10^-35.8398,,,,,,,,,,,,,,,,,,0
109633,1,109632,Galerina marginata,"",eukaryota,false,,,,,,,,,,,,,,,,0.5235996896135091,7,,,95.1429,31.7143,10^-12.2261,,,,,,0
109374,2,109374,Nemania,"",eukaryota,false,,,,0.44879973395443634,6,,,96.9803,97.0,10^-49.5368,,,,,,,,,,,,,,,,,[389665],0
389665,1,109374,Nemania diffusa,"",eukaryota,false,,,,0.44879973395443634,6,,,96.9803,97.0,10^-49.5368,,,,,,,,,,,,,,,,,,0
109168,2,109168,Desulfotalea,"",bacteria,false,,,,0.07479995565907273,1,,,94.444,36.0,10^-9.48129,,,,,,,,,,,,,,,,,[84980],0
84980,1,109168,Desulfotalea psychrophila,"",bacteria,false,,,,0.07479995565907273,1,,,94.444,36.0,10^-9.48129,,,,,,,,,,,,,,,,,,0
108930,2,108930,Nilaparvata,"",eukaryota,false,,,,1.1219993348860908,15,,,87.6068,64.2,10^-19.267,,,,,,0.8975994679088727,12,,,87.1833,30.5833,10^-8.078,,,,,[108931],0
108931,1,108930,Nilaparvata lugens,brown planthopper,eukaryota,false,,,,1.1219993348860908,15,,,87.6068,64.2,10^-19.267,,,,,,0.8975994679088727,12,,,87.1833,30.5833,10^-8.078,,,,,,0
107928,2,107928,Rhantus,"",eukaryota,false,,,,,,,,,,,,,,,,0.07479995565907273,1,,,100.0,33.0,10^-14.5768,,,,,[107930],0
107930,1,107928,Rhantus suturalis,"",eukaryota,false,,,,,,,,,,,,,,,,0.07479995565907273,1,,,100.0,33.0,10^-14.5768,,,,,,0
107920,2,107920,Paroster,"",eukaryota,false,,,,0.07479995565907273,1,,,85.87,92.0,10^-32.4041,,,,,,,,,,,,,,,,,[610277],0
610277,1,107920,Paroster macrosturtensis,"",eukaryota,false,,,,0.07479995565907273,1,,,85.87,92.0,10^-32.4041,,,,,,,,,,,,,,,,,,0
107891,2,107891,Laccophilus,"",eukaryota,false,,,,,,,,,,,,,,,,0.14959991131814546,2,,,100.0,33.0,10^-13.6877,,,,,[2055710],0
2055710,1,107891,Laccophilus difficilis,"",eukaryota,false,,,,,,,,,,,,,,,,0.14959991131814546,2,,,100.0,33.0,10^-13.6877,,,,,,0
106589,2,106589,Cupriavidus,"",bacteria,false,,,,,,,,,,,,,,,,0.22439986697721817,3,,,82.5667,32.3333,10^-8.65496,,,,,[164546],0
164546,1,106589,Cupriavidus taiwanensis,"",bacteria,false,,,,,,,,,,,,,,,,0.22439986697721817,3,,,82.5667,32.3333,10^-8.65496,,,,,,0
106500,2,106500,Synanthedon,"",eukaryota,false,,,,0.8227995122498,11,,,87.7973,49.2727,10^-12.7226,,,,,,,,,,,,,,,,,"[1660703, 1108570, 1108569, 301680]",0
1660703,1,106500,Synanthedon vespiformis,"",eukaryota,false,,,,0.22439986697721817,3,,,91.1003,52.0,10^-16.194,,,,,,,,,,,,,,,,,,0
1108570,1,106500,Synanthedon myopaeformis,"",eukaryota,false,,,,0.22439986697721817,3,,,85.0023,57.6667,10^-14.9955,,,,,,,,,,,,,,,,,,0
1108569,1,106500,Synanthedon andrenaeformis,"",eukaryota,false,,,,0.22439986697721817,3,,,86.9897,38.6667,10^-7.16432,,,,,,,,,,,,,,,,,,0
301680,1,106500,Synanthedon tipuliformis,"",eukaryota,false,,,,0.14959991131814546,2,,,88.2465,48.5,10^-12.4436,,,,,,,,,,,,,,,,,,0
105983,2,105983,Apiotrichum,"",eukaryota,false,,,,0.14959991131814546,2,,,86.667,45.0,10^-10.0706,,,,,,,,,,,,,,,,,[105984],0
105984,1,105983,Apiotrichum porosum,"",eukaryota,false,,,,0.14959991131814546,2,,,86.667,45.0,10^-10.0706,,,,,,,,,,,,,,,,,,0
105250,2,105250,Taphrorychus,"",eukaryota,false,,,,1.6455990244996,22,1,10,86.8113,79.95,10^-15.6334,,,,,,,,,,,,,,,,,[105251],0
105251,1,105250,Taphrorychus bicolor,"",eukaryota,false,,,,1.6455990244996,22,1,10,86.8113,79.95,10^-15.6334,,,,,,,,,,,,,,,,,,0
105204,2,105204,Crypturgus,"",eukaryota,false,,,,,,,,,,,,,,,,0.07479995565907273,1,,,100.0,33.0,10^-11.7986,,,,,[261030],0
261030,1,105204,Crypturgus hispidulus,"",eukaryota,false,,,,,,,,,,,,,,,,0.07479995565907273,1,,,100.0,33.0,10^-11.7986,,,,,,0
105135,2,105135,Anaeromyces,"",eukaryota,false,,,,,,,,,,,,,,,,0.22439986697721817,3,,,63.4333,31.0,10^-3.9195,,,,,[1754192],0
1754192,1,105135,Anaeromyces robustus,"",eukaryota,false,,,,,,,,,,,,,,,,0.22439986697721817,3,,,63.4333,31.0,10^-3.9195,,,,,,0
104781,2,104781,Adineta,"",eukaryota,false,,,,0.07479995565907273,1,,,89.583,48.0,10^-13.4735,,,,,,0.5983996452725818,8,,,76.2125,31.0,10^-7.32716,,,,,"[433720, 249248, 104782]",0
433720,1,104781,Adineta steineri,"",eukaryota,false,,,,,,,,,,,,,,,,0.5235996896135091,7,,,77.2714,30.8571,10^-7.41469,,,,,,0
249248,1,104781,Adineta ricciae,"",eukaryota,false,,,,,,,,,,,,,,,,0.07479995565907273,1,,,68.8,32.0,10^-6.71444,,,,,,0
104782,1,104781,Adineta vaga,"",eukaryota,false,,,,0.07479995565907273,1,,,89.583,48.0,10^-13.4735,,,,,,,,,,,,,,,,,,0
104514,2,104514,Melitaea,"",eukaryota,false,,,,1.1967992905451637,16,,,92.0361,48.25,10^-14.9388,,,,,,2.767598359385691,37,1,16,61.1676,67.5946,10^-12.8892,,,,,[113334],0
113334,1,104514,Melitaea cinxia,Glanville fritillary,eukaryota,false,,,,1.1967992905451637,16,,,92.0361,48.25,10^-14.9388,,,,,,2.767598359385691,37,1,16,61.1676,67.5946,10^-12.8892,,,,,,0
104501,2,104501,Euphydryas,checkerspot butterflies,eukaryota,false,,,,,,,,,,,,,,,,4.338397428226218,58,,,71.7328,30.1724,10^-5.32293,,,,,[104508],0
104508,1,104501,Euphydryas editha,"",eukaryota,false,,,,,,,,,,,,,,,,4.338397428226218,58,,,71.7328,30.1724,10^-5.32293,,,,,,0
104487,2,104487,Lycia,"",eukaryota,false,,,,0.44879973395443634,6,,,91.2035,52.5,10^-15.6343,,,,,,,,,,,,,,,,,[326963],0
326963,1,104487,Lycia hirtaria,"",eukaryota,false,,,,0.44879973395443634,6,,,91.2035,52.5,10^-15.6343,,,,,,,,,,,,,,,,,,0
104485,2,104485,Alsophila,"",eukaryota,false,,,,0.14959991131814546,2,,,83.3045,63.5,10^-15.7856,,,,,,,,,,,,,,,,,[104486],0
104486,1,104485,Alsophila aescularia,"",eukaryota,false,,,,0.14959991131814546,2,,,83.3045,63.5,10^-15.7856,,,,,,,,,,,,,,,,,,0
104475,2,104475,Agriopis,"",eukaryota,false,,,,0.5983996452725818,8,,,94.2469,42.75,10^-13.1894,,,,,,,,,,,,,,,,,"[934821, 190331]",0
934821,1,104475,Agriopis leucophaearia,"",eukaryota,false,,,,0.3739997782953636,5,,,93.5286,46.2,10^-14.7352,,,,,,,,,,,,,,,,,,0
190331,1,104475,Agriopis marginaria,dotted border,eukaryota,false,,,,0.22439986697721817,3,,,95.444,37.0,10^-10.6131,,,,,,,,,,,,,,,,,,0
104473,2,104473,Erannis,"",eukaryota,false,,,,0.14959991131814546,2,,,91.8165,45.5,10^-13.8475,,,,,,,,,,,,,,,,,[104474],0
104474,1,104473,Erannis defoliaria,"",eukaryota,false,,,,0.14959991131814546,2,,,91.8165,45.5,10^-13.8475,,,,,,,,,,,,,,,,,,0
104467,2,104467,Archiearis,"",eukaryota,false,,,,,,,,,,,,,,,,1.6455990244996,22,2,22,48.1495,124.273,10^-36.781,,,,,[104468],0
104468,1,104467,Archiearis parthenias,"",eukaryota,false,,,,,,,,,,,,,,,,1.6455990244996,22,2,22,48.1495,124.273,10^-36.781,,,,,,0
104458,2,104458,Hydriomena,"",eukaryota,false,,,,0.44879973395443634,6,,,93.478,44.5,10^-13.859,,,,,,,,,,,,,,,,,[104460],0
104460,1,104458,Hydriomena furcata,"",eukaryota,false,,,,0.44879973395443634,6,,,93.478,44.5,10^-13.859,,,,,,,,,,,,,,,,,,0
104456,2,104456,Ecliptopera,"",eukaryota,false,,,,0.2991998226362909,4,,,85.3942,87.25,10^-28.8356,,,,,,,,,,,,,,,,,[104457],0
104457,1,104456,Ecliptopera silaceata,"",eukaryota,false,,,,0.2991998226362909,4,,,85.3942,87.25,10^-28.8356,,,,,,,,,,,,,,,,,,0
104451,2,104451,Operophtera,"",eukaryota,false,,,,0.6731996009316545,9,,,90.3754,56.6667,10^-18.455,,,,,,1.1967992905451637,16,,,93.475,31.75,10^-10.0375,,,,,[104452],0
104452,1,104451,Operophtera brumata,winter moth,eukaryota,false,,,,0.6731996009316545,9,,,90.3754,56.6667,10^-18.455,,,,,,1.1967992905451637,16,,,93.475,31.75,10^-10.0375,,,,,,0
104446,2,104446,Idaea,"",eukaryota,false,,,,3.9643976499308544,53,1,28,93.0123,50.0962,10^-12.4012,,,,,,,,,,,,,,,,,"[572776, 104449, 104448, 104447]",0
572776,1,104446,Idaea dimidiata,"",eukaryota,false,,,,0.3739997782953636,5,,,89.3552,51.8,10^-14.1509,,,,,,,,,,,,,,,,,,0
104449,1,104446,Idaea straminata,"",eukaryota,false,,,,0.2991998226362909,4,,,85.6667,55.6667,10^-14.575,,,,,,,,,,,,,,,,,,0
104448,1,104446,Idaea biselata,"",eukaryota,false,,,,3.066798182021982,41,1,28,94.1446,49.4146,10^-11.7674,,,,,,,,,,,,,,,,,,0
104447,1,104446,Idaea aversata,"",eukaryota,false,,,,0.22439986697721817,3,,,90.9787,51.0,10^-15.9739,,,,,,,,,,,,,,,,,,0
104426,2,104426,Drepana,"",eukaryota,false,,,,0.8227995122498,11,,,88.0765,61.9091,10^-18.4549,,,,,,,,,,,,,,,,,[104428],0
104428,1,104426,Drepana falcataria,"",eukaryota,false,,,,0.8227995122498,11,,,88.0765,61.9091,10^-18.4549,,,,,,,,,,,,,,,,,,0
104397,2,104397,Epicoccum,"",eukaryota,false,,,,,,,,,,,,,,,,0.14959991131814546,2,,,95.45,33.0,10^-8.6852,,,,,[105696],0
105696,1,104397,Epicoccum nigrum,"",eukaryota,false,,,,,,,,,,,,,,,,0.14959991131814546,2,,,95.45,33.0,10^-8.6852,,,,,,0
104394,2,104394,Picobirnavirus,"",viruses,false,,,,,,,,,,,,,,,,0.2991998226362909,4,,,92.75,23.75,10^-7.60359,,,,,[1907787],0
1907787,1,104394,Picobirnavirus sp.,"",viruses,false,,,,,,,,,,,,,,,,0.2991998226362909,4,,,92.75,23.75,10^-7.60359,,,,,,0
104351,2,104351,Crepidotus,"",eukaryota,false,,,,0.07479995565907273,1,,,100.0,101.0,10^-56.3801,,,,,,,,,,,,,,,,,[2067001],0
2067001,1,104351,Crepidotus indicus,"",eukaryota,false,,,,0.07479995565907273,1,,,100.0,101.0,10^-56.3801,,,,,,,,,,,,,,,,,,0
104267,2,104267,Tenacibaculum,"",bacteria,false,,,,,,,,,,,,,,,,0.2991998226362909,4,,,78.5,31.75,10^-7.10435,,,,,"[1906242, 107401]",0
1906242,1,104267,Tenacibaculum sp.,"",bacteria,false,,,,,,,,,,,,,,,,0.22439986697721817,3,,,71.3333,31.3333,10^-5.17487,,,,,,0
107401,1,104267,Tenacibaculum maritimum,"",bacteria,false,,,,,,,,,,,,,,,,0.07479995565907273,1,,,100.0,33.0,10^-12.8928,,,,,,0
104242,2,104242,Clavaria,"",eukaryota,false,,,,0.2991998226362909,4,,,90.7865,44.0,10^-12.1393,,,,,,,,,,,,,,,,,[264083],0
264083,1,104242,Clavaria fumosa,"",eukaryota,false,,,,0.2991998226362909,4,,,90.7865,44.0,10^-12.1393,,,,,,,,,,,,,,,,,,0
104231,2,104231,Lentaria,"",eukaryota,false,,,,0.07479995565907273,1,,,100.0,96.0,10^-52.9712,,,,,,,,,,,,,,,,,[139096],0
139096,1,104231,Lentaria albovinacea,"",eukaryota,false,,,,0.07479995565907273,1,,,100.0,96.0,10^-52.9712,,,,,,,,,,,,,,,,,,0
103830,2,103830,Mythimna,"",eukaryota,false,,,,1.346399201863309,18,,,89.5257,50.1667,10^-13.8162,,,,,,19.073988693063544,255,6,203,53.2428,198.024,10^-62.337,,,,,"[997540, 987985, 987983, 987427, 667449, 271217]",0
997540,1,103830,Mythimna ferrago,"",eukaryota,false,,,,0.5235996896135091,7,,,84.8314,54.7143,10^-12.3631,,,,,,,,,,,,,,,,,,0
987985,1,103830,Mythimna impura,"",eukaryota,false,,,,0.2991998226362909,4,,,92.0925,45.25,10^-13.6726,,,,,,,,,,,,,,,,,,0
987983,1,103830,Mythimna albipuncta,"",eukaryota,false,,,,0.14959991131814546,2,,,88.1945,62.0,10^-19.58,,,,,,,,,,,,,,,,,,0
987427,1,103830,Mythimna lalbum,"",eukaryota,false,,,,0.3739997782953636,5,,,94.5766,43.0,10^-13.6597,,,,,,,,,,,,,,,,,,0
667449,1,103830,Mythimna loreyi,"",eukaryota,false,,,,,,,,,,,,,,,,0.2991998226362909,4,,,62.825,31.75,10^-5.54272,,,,,,0
271217,1,103830,Mythimna separata,northern armyworm,eukaryota,false,,,,,,,,,,,,,,,,18.774788870427255,251,6,203,53.087,200.728,10^-63.2605,,,,,,0
103413,2,103413,Anomoia,"",eukaryota,false,,,,0.7479995565907273,10,,,92.1769,42.9,10^-11.9481,,,,,,,,,,,,,,,,,[103414],0
103414,1,103413,Anomoia purmunda,"",eukaryota,false,,,,0.7479995565907273,10,,,92.1769,42.9,10^-11.9481,,,,,,,,,,,,,,,,,,0
102786,2,102786,Mikania,"",eukaryota,false,,,,,,,,,,,,,,,,0.22439986697721817,3,,,61.3667,32.0,10^-3.68807,,,,,[192012],0
192012,1,102786,Mikania micrantha,"",eukaryota,false,,,,,,,,,,,,,,,,0.22439986697721817,3,,,61.3667,32.0,10^-3.68807,,,,,,0
102598,2,102598,Misopates,"",eukaryota,false,,,,0.07479995565907273,1,,,84.615,52.0,10^-12.0663,,,,,,,,,,,,,,,,,[102599],0
102599,1,102598,Misopates orontium,"",eukaryota,false,,,,0.07479995565907273,1,,,84.615,52.0,10^-12.0663,,,,,,,,,,,,,,,,,,0
102115,2,102115,Stanieria,"",bacteria,false,,,,0.07479995565907273,1,,,95.0,100.0,10^-48.8363,,,,,,,,,,,,,,,,,[118165],0
118165,1,102115,Stanieria sp. PCC 7301,"",bacteria,false,,,,0.07479995565907273,1,,,95.0,100.0,10^-48.8363,,,,,,,,,,,,,,,,,,0
102106,2,102106,Collinsella,"",bacteria,false,,,,,,,,,,,,,,,,0.07479995565907273,1,,,100.0,33.0,10^-15.295,,,,,[2605779],0
2605779,1,102106,Collinsella sp. WCA1-178-WT-3 (M1),"",bacteria,false,,,,,,,,,,,,,,,,0.07479995565907273,1,,,100.0,33.0,10^-15.295,,,,,,0
101851,2,101851,Glarea,"",eukaryota,false,,,,,,,,,,,,,,,,0.14959991131814546,2,,,89.3,28.0,10^-7.62893,,,,,[101852],0
101852,1,101851,Glarea lozoyensis,"",eukaryota,false,,,,,,,,,,,,,,,,0.14959991131814546,2,,,89.3,28.0,10^-7.62893,,,,,,0
101736,2,101736,Incurvaria,"",eukaryota,false,,,,0.5983996452725818,8,,,91.5195,48.875,10^-14.5958,,,,,,,,,,,,,,,,,[101737],0
101737,1,101736,Incurvaria masculella,"",eukaryota,false,,,,0.5983996452725818,8,,,91.5195,48.875,10^-14.5958,,,,,,,,,,,,,,,,,,0
101135,2,101135,Fennellomyces,"",eukaryota,false,,,,,,,,,,,,,,,,0.07479995565907273,1,,,81.8,33.0,10^-7.67985,,,,,[1329386],0
1329386,1,101135,Fennellomyces sp. T-0311,"",eukaryota,false,,,,,,,,,,,,,,,,0.07479995565907273,1,,,81.8,33.0,10^-7.67985,,,,,,0
101104,2,101104,Gongronella,"",eukaryota,false,,,,,,,,,,,,,,,,0.14959991131814546,2,,,94.4,18.0,10^-3.41794,,,,,[101105],0
101105,1,101104,Gongronella butleri,"",eukaryota,false,,,,,,,,,,,,,,,,0.14959991131814546,2,,,94.4,18.0,10^-3.41794,,,,,,0
100860,2,100860,Aphanomyces,"",eukaryota,false,,,,,,,,,,,,,,,,0.5235996896135091,7,,,75.7571,32.2857,10^-7.26054,,,,,"[112090, 100861]",0
112090,1,100860,Aphanomyces astaci,"",eukaryota,false,,,,,,,,,,,,,,,,0.07479995565907273,1,,,97.0,33.0,10^-13.8539,,,,,,0
100861,1,100860,Aphanomyces euteiches,"",eukaryota,false,,,,,,,,,,,,,,,,0.44879973395443634,6,,,72.2167,32.1667,10^-6.16165,,,,,,0
100601,2,100601,Trichobilharzia,"",eukaryota,false,,,,,,,,,,,,,,,,0.07479995565907273,1,,,71.9,32.0,10^-6.9914,,,,,[157070],0
157070,1,100601,Trichobilharzia szidati,"",eukaryota,false,,,,,,,,,,,,,,,,0.07479995565907273,1,,,71.9,32.0,10^-6.9914,,,,,,0
100474,2,100474,Batrachochytrium,"",eukaryota,false,,,,,,,,,,,,,,,,0.14959991131814546,2,,,100.0,29.0,10^-7.82481,,,,,[1357716],0
1357716,1,100474,Batrachochytrium salamandrivorans,"",eukaryota,false,,,,,,,,,,,,,,,,0.14959991131814546,2,,,100.0,29.0,10^-7.82481,,,,,,0
100451,2,100451,Candidula,"",eukaryota,false,,,,,,,,,,,,,,,,0.14959991131814546,2,,,74.85,29.5,10^-5.98906,,,,,[100452],0
100452,1,100451,Candidula unifasciata,"",eukaryota,false,,,,,,,,,,,,,,,,0.14959991131814546,2,,,74.85,29.5,10^-5.98906,,,,,,0
99105,2,99105,Tanacetum,"",eukaryota,false,,,,,,,,,,,,,,,,1.7951989358177454,24,,,79.2087,31.3478,10^-7.17877,,,,,[118510],0
118510,1,99105,Tanacetum cinerariifolium,"",eukaryota,false,,,,,,,,,,,,,,,,1.7951989358177454,24,,,79.2087,31.3478,10^-7.17877,,,,,,0
98780,2,98780,Resinicium,"",eukaryota,false,,,,0.14959991131814546,2,,,92.111,95.0,10^-41.9974,,,,,,,,,,,,,,,,,[98781],0
98781,1,98780,Resinicium bicolor,"",eukaryota,false,,,,0.14959991131814546,2,,,92.111,95.0,10^-41.9974,,,,,,,,,,,,,,,,,,0
98757,2,98757,Gelatoporia,"",eukaryota,false,,,,,,,,,,,,,,,,1.5707990688405271,21,1,12,71.1996,47.9524,10^-12.7041,,,,,[42742],0
42742,1,98757,Gelatoporia subvermispora,"",eukaryota,false,,,,,,,,,,,,,,,,1.5707990688405271,21,1,12,71.1996,47.9524,10^-12.7041,,,,,,0
98402,2,98402,Drechmeria,"",eukaryota,false,,,,0.22439986697721817,3,,,89.3213,47.0,10^-12.7972,,,,,,,,,,,,,,,,,[98403],0
98403,1,98402,Drechmeria coniospora,"",eukaryota,false,,,,0.22439986697721817,3,,,89.3213,47.0,10^-12.7972,,,,,,,,,,,,,,,,,,0
97376,2,97376,Biscogniauxia,"",eukaryota,false,,,,,,,,,,,,,,,,0.07479995565907273,1,,,100.0,32.0,10^-12.5513,,,,,[97377],0
97377,1,97376,Biscogniauxia mediterranea,"",eukaryota,false,,,,,,,,,,,,,,,,0.07479995565907273,1,,,100.0,32.0,10^-12.5513,,,,,,0
97051,2,97051,Cinara,"",eukaryota,false,,,,,,,,,,,,,,,,1.1967992905451637,16,,,79.4,29.875,10^-6.55043,,,,,[506608],0
506608,1,97051,Cinara cedri,"",eukaryota,false,,,,,,,,,,,,,,,,1.1967992905451637,16,,,79.4,29.875,10^-6.55043,,,,,,0
96880,2,96880,Argyrotaenia,"",eukaryota,false,,,,0.6731996009316545,9,,,88.0672,56.7778,10^-16.984,,,,,,,,,,,,,,,,,[106492],0
106492,1,96880,Argyrotaenia velutinana,redbanded leafroller,eukaryota,false,,,,0.6731996009316545,9,,,88.0672,56.7778,10^-16.984,,,,,,,,,,,,,,,,,,0
96550,2,96550,Tuberolachnus,"",eukaryota,false,,,,0.3739997782953636,5,,,90.9372,39.6,10^-9.71468,,,,,,,,,,,,,,,,,[96551],0
96551,1,96550,Tuberolachnus salignus,"",eukaryota,false,,,,0.3739997782953636,5,,,90.9372,39.6,10^-9.71468,,,,,,,,,,,,,,,,,,0
95601,2,95601,Eriocheir,"",eukaryota,false,,,,0.5983996452725818,8,,,87.5015,62.5,10^-19.0326,,,,,,0.3739997782953636,5,,,98.475,26.75,10^-7.52879,,,,,[95602],0
95602,1,95601,Eriocheir sinensis,Chinese mitten crab,eukaryota,false,,,,0.5983996452725818,8,,,87.5015,62.5,10^-19.0326,,,,,,0.3739997782953636,5,,,98.475,26.75,10^-7.52879,,,,,,0
95295,2,95295,Nomada,"",eukaryota,false,,,,0.5235996896135091,7,,,89.5374,50.5714,10^-14.241,,,,,,,,,,,,,,,,,"[601849, 601768, 481570]",0
601849,1,95295,Nomada ruficornis,"",eukaryota,false,,,,0.22439986697721817,3,,,86.5847,55.3333,10^-14.3336,,,,,,,,,,,,,,,,,,0
601768,1,95295,Nomada panzeri,"",eukaryota,false,,,,0.22439986697721817,3,,,90.712,49.6667,10^-15.0604,,,,,,,,,,,,,,,,,,0
481570,1,95295,Nomada fucata,"",eukaryota,false,,,,0.07479995565907273,1,,,94.872,39.0,10^-11.5051,,,,,,,,,,,,,,,,,,0
95279,2,95279,Clistopyga,"",eukaryota,false,,,,0.5983996452725818,8,,,90.8771,57.25,10^-18.7502,,,,,,,,,,,,,,,,,[494138],0
494138,1,95279,Clistopyga incitator,"",eukaryota,false,,,,0.5983996452725818,8,,,90.8771,57.25,10^-18.7502,,,,,,,,,,,,,,,,,,0
95218,2,95218,Hypena,"",eukaryota,false,,,,0.5235996896135091,7,,,92.2211,50.4286,10^-16.3023,,,,,,,,,,,,,,,,,[753189],0
753189,1,95218,Hypena proboscidalis,"",eukaryota,false,,,,0.5235996896135091,7,,,92.2211,50.4286,10^-16.3023,,,,,,,,,,,,,,,,,,0
95212,2,95212,Gluphisia,"",eukaryota,false,,,,0.07479995565907273,1,,,93.478,46.0,10^-14.8643,,,,,,,,,,,,,,,,,[95213],0
95213,1,95212,Gluphisia septentrionis,"",eukaryota,false,,,,0.07479995565907273,1,,,93.478,46.0,10^-14.8643,,,,,,,,,,,,,,,,,,0
95189,2,95189,Apamea,"",eukaryota,false,,,,4.338397428226218,58,1,37,88.5903,68.8036,10^-14.7153,,,,,,,,,,,,,,,,,"[997526, 987880, 875885, 753153, 689061]",0
997526,1,95189,Apamea anceps,"",eukaryota,false,,,,0.6731996009316545,9,,,87.2929,40.1111,10^-8.2972,,,,,,,,,,,,,,,,,,0
987880,1,95189,Apamea epomidion,"",eukaryota,false,,,,0.44879973395443634,6,,,94.9867,43.0,10^-13.9807,,,,,,,,,,,,,,,,,,0
875885,1,95189,Apamea monoglypha,"",eukaryota,false,,,,2.917198270703836,39,1,37,87.6891,81.4595,10^-16.1264,,,,,,,,,,,,,,,,,,0
753153,1,95189,Apamea crenata,"",eukaryota,false,,,,0.22439986697721817,3,,,91.017,45.6667,10^-12.8104,,,,,,,,,,,,,,,,,,0
689061,1,95189,Apamea sordens,"",eukaryota,false,,,,0.07479995565907273,1,,,87.952,83.0,10^-30.3903,,,,,,,,,,,,,,,,,,0
95169,2,95169,Membranipora,"",eukaryota,false,,,,0.07479995565907273,1,,,86.842,38.0,10^-6.71307,,,,,,,,,,,,,,,,,[95170],0
95170,1,95169,Membranipora membranacea,"",eukaryota,false,,,,0.07479995565907273,1,,,86.842,38.0,10^-6.71307,,,,,,,,,,,,,,,,,,0
95089,2,95089,Brevitrichia,"",eukaryota,false,,,,,,,,,,,,,,,,0.07479995565907273,1,,,100.0,26.0,10^-6.59346,,,,,[1611559],0
1611559,1,95089,Brevitrichia arena,"",eukaryota,false,,,,,,,,,,,,,,,,0.07479995565907273,1,,,100.0,26.0,10^-6.59346,,,,,,0
95078,2,95078,Thereva,"",eukaryota,false,,,,0.07479995565907273,1,,,90.476,42.0,10^-10.7867,,,,,,,,,,,,,,,,,[2867258],0
2867258,1,95078,Thereva unica,"",eukaryota,false,,,,0.07479995565907273,1,,,90.476,42.0,10^-10.7867,,,,,,,,,,,,,,,,,,0
94964,2,94964,Teladorsagia,"",eukaryota,false,,,,,,,,,,,,,,,,0.2991998226362909,4,,,82.4667,31.0,10^-6.72789,,,,,[45464],0
45464,1,94964,Teladorsagia circumcincta,"",eukaryota,false,,,,,,,,,,,,,,,,0.2991998226362909,4,,,82.4667,31.0,10^-6.72789,,,,,,0
94629,2,94629,Semibalanus,"",eukaryota,false,,,,0.14959991131814546,2,,,87.9345,99.5,10^-38.8888,,,,,,0.14959991131814546,2,,,100.0,33.0,10^-15.1719,,,,,[94630],0
94630,1,94629,Semibalanus balanoides,northern acorn barnacle,eukaryota,false,,,,0.14959991131814546,2,,,87.9345,99.5,10^-38.8888,,,,,,0.14959991131814546,2,,,100.0,33.0,10^-15.1719,,,,,,0
94032,2,94032,Uloborus,"",eukaryota,false,,,,0.14959991131814546,2,,,87.596,88.5,10^-32.7646,,,,,,0.22439986697721817,3,,,61.9667,32.3333,10^-5.3087,,,,,[327109],0
327109,1,94032,Uloborus diversus,"",eukaryota,false,,,,0.14959991131814546,2,,,87.596,88.5,10^-32.7646,,,,,,0.22439986697721817,3,,,61.9667,32.3333,10^-5.3087,,,,,,0
94028,2,94028,Argiope,"",eukaryota,false,,,,0.14959991131814546,2,,,95.556,45.0,10^-15.5601,,,,,,1.1219993348860908,15,,,75.1067,29.6,10^-6.43226,,,,,[94029],0
94029,1,94028,Argiope bruennichi,"",eukaryota,false,,,,0.14959991131814546,2,,,95.556,45.0,10^-15.5601,,,,,,1.1219993348860908,15,,,75.1067,29.6,10^-6.43226,,,,,,0
94025,2,94025,Meta,"",eukaryota,false,,,,0.5235996896135091,7,,,93.7053,54.8571,10^-19.3392,,,,,,,,,,,,,,,,,[1926196],0
1926196,1,94025,Meta bourneti,"",eukaryota,false,,,,0.5235996896135091,7,,,93.7053,54.8571,10^-19.3392,,,,,,,,,,,,,,,,,,0
93976,2,93976,Osmanthus,"",eukaryota,false,,,,0.07479995565907273,1,,,100.0,99.0,10^-55.0164,,,,,,,,,,,,,,,,,[990351],0
990351,1,93976,Osmanthus austrocaledonicus,"",eukaryota,false,,,,0.07479995565907273,1,,,100.0,99.0,10^-55.0164,,,,,,,,,,,,,,,,,,0
93827,2,93827,Gymnopus,"",eukaryota,false,,,,0.5235996896135091,7,,,99.0657,92.0,10^-49.073,,,,,,0.07479995565907273,1,,,84.8,33.0,10^-9.73993,,,,,"[2007107, 2007106, 2007100, 2007099, 1447940, 230774, 182407]",0
2007107,1,93827,Gymnopus sp. VC-2017k,"",eukaryota,false,,,,0.07479995565907273,1,,,100.0,101.0,10^-56.3801,,,,,,,,,,,,,,,,,,0
2007106,1,93827,Gymnopus sp. VC-2017j,"",eukaryota,false,,,,0.07479995565907273,1,,,100.0,99.0,10^-55.0164,,,,,,,,,,,,,,,,,,0
2007100,1,93827,Gymnopus sp. VC-2017d,"",eukaryota,false,,,,0.07479995565907273,1,,,98.98,98.0,10^-51.5899,,,,,,,,,,,,,,,,,,0
2007099,1,93827,Gymnopus sp. VC-2017c,"",eukaryota,false,,,,0.07479995565907273,1,,,100.0,100.0,10^-55.6982,,,,,,,,,,,,,,,,,,0
1447940,1,93827,Gymnopus androsaceus,"",eukaryota,false,,,,,,,,,,,,,,,,0.07479995565907273,1,,,84.8,33.0,10^-9.73993,,,,,,0
230774,1,93827,Gymnopus erythropus,"",eukaryota,false,,,,0.14959991131814546,2,,,97.24,72.5,10^-34.2231,,,,,,,,,,,,,,,,,,0
182407,1,93827,Gymnopus sp. RVPR98.13,"",eukaryota,false,,,,0.07479995565907273,1,,,100.0,101.0,10^-56.3801,,,,,,,,,,,,,,,,,,0
93758,2,93758,Corchorus,"",eukaryota,false,,,,,,,,,,,,,,,,0.14959991131814546,2,,,72.65,30.5,10^-5.3592,,,,,[210143],0
210143,1,93758,Corchorus capsularis,"",eukaryota,false,,,,,,,,,,,,,,,,0.14959991131814546,2,,,72.65,30.5,10^-5.3592,,,,,,0
93127,2,93127,Rhynchophorus,"",eukaryota,false,,,,,,,,,,,,,,,,2.0195988027949636,27,1,8,95.7915,34.3478,10^-15.2943,,,,,[354439],0
354439,1,93127,Rhynchophorus ferrugineus,red palm weevil,eukaryota,false,,,,,,,,,,,,,,,,2.0195988027949636,27,1,8,95.7915,34.3478,10^-15.2943,,,,,,0
92597,2,92597,Melanostoma,"",eukaryota,false,,,,0.44879973395443634,6,,,88.3265,79.5,10^-28.4841,,,,,,,,,,,,,,,,,"[653684, 92598]",0
653684,1,92597,Melanostoma mellinum,"",eukaryota,false,,,,0.14959991131814546,2,,,84.613,78.0,10^-24.2416,,,,,,,,,,,,,,,,,,0
92598,1,92597,Melanostoma scalare,"",eukaryota,false,,,,0.2991998226362909,4,,,90.1833,80.25,10^-30.6054,,,,,,,,,,,,,,,,,,0
92541,2,92541,Phora,"",eukaryota,false,,,,0.07479995565907273,1,,,95.122,41.0,10^-12.8557,,,,,,,,,,,,,,,,,[1262272],0
1262272,1,92541,Phora sp. BMW-2012,"",eukaryota,false,,,,0.07479995565907273,1,,,95.122,41.0,10^-12.8557,,,,,,,,,,,,,,,,,,0
92443,2,92443,Venturia,"",eukaryota,false,,,,0.22439986697721817,3,,,86.843,55.3333,10^-14.3382,,,,,,0.3739997782953636,5,,,82.06,27.8,10^-6.32499,,,,,[32260],0
32260,1,92443,Venturia canescens,"",eukaryota,false,,,,0.22439986697721817,3,,,86.843,55.3333,10^-14.3382,,,,,,0.3739997782953636,5,,,82.06,27.8,10^-6.32499,,,,,,0
91942,2,91942,Hortaea,"",eukaryota,false,,,,,,,,,,,,,,,,25.357184968425653,339,1,335,99.9416,28.0562,10^-10.1133,,,,,[91943],0
91943,1,91942,Hortaea werneckii,"",eukaryota,false,,,,,,,,,,,,,,,,25.357184968425653,339,1,335,99.9416,28.0562,10^-10.1133,,,,,,0
91914,2,91914,Asaia,"",bacteria,false,,,,461.96452615043313,6176,4,6104,97.9349,2349.41,10^-299.802,,,,,,82.42955113629814,1102,2,1049,92.2036,139.773,10^-81.7027,,,,,"[3035475, 2608325, 2067395, 657016, 610244, 610243, 415421, 406101, 287950, 220990, 110479, 91915]",0
3035475,1,91914,Asaia sp. HumB,"",bacteria,false,,,,,,,,,,,,,,,,0.14959991131814546,2,,,100.0,33.0,10^-11.6286,,,,,,0
2608325,1,91914,Asaia sp. As-1742,"",bacteria,false,,,,,,,,,,,,,,,,0.14959991131814546,2,,,98.5,33.0,10^-10.6247,,,,,,0
2067395,1,91914,Asaia sp. W19,"",bacteria,false,,,,,,,,,,,,,,,,0.8227995122498,11,,,95.8636,30.9091,10^-9.60251,,,,,,0
657016,1,91914,Asaia spathodeae,"",bacteria,false,,,,0.07479995565907273,1,,,100.0,100.0,10^-55.6982,,,,,,0.14959991131814546,2,,,93.2,27.0,10^-9.09373,,,,,,0
610244,1,91914,Asaia astilbis,"",bacteria,false,,,,0.2991998226362909,4,,,99.7475,97.75,10^-53.4785,,,,,,,,,,,,,,,,,,0
610243,1,91914,Asaia platycodi,"",bacteria,false,,,,0.07479995565907273,1,,,100.0,89.0,10^-48.2008,,,,,,0.07479995565907273,1,,,100.0,32.0,10^-13.2388,,,,,,0
415421,1,91914,Asaia lannensis,"",bacteria,false,,,,,,,,,,,,,,,,0.14959991131814546,2,,,100.0,33.0,10^-12.8235,,,,,,0
406101,1,91914,Asaia sp. SF2.1,"",bacteria,false,,,,,,,,,,,,,,,,0.07479995565907273,1,,,89.7,29.0,10^-9.18509,,,,,,0
287950,1,91914,uncultured Asaia sp.,"",bacteria,false,,,,21.317987362835726,285,2,285,99.5573,314.917,10^-239.548,,,,,,,,,,,,,,,,,,0
220990,1,91914,Asaia krungthepensis,"",bacteria,false,,,,0.07479995565907273,1,,,100.0,84.0,10^-44.795,,,,,,0.22439986697721817,3,,,100.0,32.6667,10^-13.6243,,,,,,0
110479,1,91914,Asaia siamensis,"",bacteria,false,,,,,,,,,,,,,,,,0.22439986697721817,3,,,100.0,27.6667,10^-7.04307,,,,,,0
91915,1,91914,Asaia bogorensis,"",bacteria,false,,,,440.12293909798393,5884,2,5819,97.8383,2470.32,10^-303.687,,,,,,80.40995233350318,1075,2,1049,92.0434,143.183,10^-83.9389,,,,,,0
91737,2,91737,Aricia,"",eukaryota,false,,,,0.6731996009316545,9,,,85.8933,61.4444,10^-17.27,,,,,,0.2991998226362909,4,,,71.675,30.5,10^-5.36739,,,,,"[91739, 91738]",0
91739,1,91737,Aricia agestis,brown argus,eukaryota,false,,,,0.5235996896135091,7,,,87.7586,61.0,10^-18.5845,,,,,,0.2991998226362909,4,,,71.675,30.5,10^-5.36739,,,,,,0
91738,1,91737,Aricia artaxerxes,northern brown argus,eukaryota,false,,,,0.14959991131814546,2,,,79.365,63.0,10^-12.6692,,,,,,,,,,,,,,,,,,0
91394,2,91394,Synoeca,"",eukaryota,false,,,,,,,,,,,,,,,,0.07479995565907273,1,,,100.0,26.0,10^-7.63264,,,,,[1620923],0
1620923,1,91394,Synoeca cyanea,"",eukaryota,false,,,,,,,,,,,,,,,,0.07479995565907273,1,,,100.0,26.0,10^-7.63264,,,,,,0
91390,2,91390,Mischocyttarus,"",eukaryota,false,,,,,,,,,,,,,,,,0.07479995565907273,1,,,100.0,31.0,10^-12.3716,,,,,[91405],0
91405,1,91390,Mischocyttarus mexicanus,"",eukaryota,false,,,,,,,,,,,,,,,,0.07479995565907273,1,,,100.0,31.0,10^-12.3716,,,,,,0
91192,2,91192,Tetradesmus,"",eukaryota,false,,,,0.14959991131814546,2,,,92.6585,39.0,10^-10.134,,,,,,,,,,,,,,,,,[3088],0
3088,1,91192,Tetradesmus obliquus,"",eukaryota,false,,,,0.14959991131814546,2,,,92.6585,39.0,10^-10.134,,,,,,,,,,,,,,,,,,0
90952,2,90952,Mutinus,"",eukaryota,false,,,,,,,,,,,,,,,,0.07479995565907273,1,,,81.5,27.0,10^-5.00349,,,,,[2218478],0
2218478,1,90952,Mutinus fleischeri,"",eukaryota,false,,,,,,,,,,,,,,,,0.07479995565907273,1,,,81.5,27.0,10^-5.00349,,,,,,0
90723,2,90723,Aphelenchoides,"",eukaryota,false,,,,,,,,,,,,,,,,0.5235996896135091,7,,,92.5857,32.0,10^-10.1263,,,,,"[293665, 269767]",0
293665,1,90723,Aphelenchoides bicaudatus,"",eukaryota,false,,,,,,,,,,,,,,,,0.14959991131814546,2,,,78.6,30.5,10^-5.83332,,,,,,0
269767,1,90723,Aphelenchoides besseyi,"",eukaryota,false,,,,,,,,,,,,,,,,0.3739997782953636,5,,,98.18,32.6,10^-11.8434,,,,,,0
90254,2,90254,Cokeromyces,"",eukaryota,false,,,,,,,,,,,,,,,,0.14959991131814546,2,,,88.7,26.5,10^-4.54011,,,,,[90255],0
90255,1,90254,Cokeromyces recurvatus,"",eukaryota,false,,,,,,,,,,,,,,,,0.14959991131814546,2,,,88.7,26.5,10^-4.54011,,,,,,0
89966,2,89966,Hymenobacter,"",bacteria,false,,,,0.22439986697721817,3,,,99.67,100.667,10^-55.6953,,,,,,,,,,,,,,,,,"[2932254, 2932252, 748197]",0
2932254,1,89966,Hymenobacter volaticus,"",bacteria,false,,,,0.07479995565907273,1,,,100.0,100.0,10^-55.6982,,,,,,,,,,,,,,,,,,0
2932252,1,89966,Hymenobacter sp. 5414T-23,"",bacteria,false,,,,0.07479995565907273,1,,,100.0,101.0,10^-56.3801,,,,,,,,,,,,,,,,,,0
748197,1,89966,Hymenobacter yonginensis,"",bacteria,false,,,,0.07479995565907273,1,,,99.01,101.0,10^-55.0077,,,,,,,,,,,,,,,,,,0
89802,2,89802,Hyphoderma,"",eukaryota,false,,,,0.14959991131814546,2,,,88.2925,102.5,10^-40.9345,,,,,,,,,,,,,,,,,[1386891],0
1386891,1,89802,Hyphoderma aff. macaronesicum LZ-2013b,"",eukaryota,false,,,,0.14959991131814546,2,,,88.2925,102.5,10^-40.9345,,,,,,,,,,,,,,,,,,0
89725,2,89725,Thelohanellus,"",eukaryota,false,,,,,,,,,,,,,,,,0.07479995565907273,1,,,63.6,33.0,10^-5.22403,,,,,[669202],0
669202,1,89725,Thelohanellus kitauei,"",eukaryota,false,,,,,,,,,,,,,,,,0.07479995565907273,1,,,63.6,33.0,10^-5.22403,,,,,,0
89583,2,89583,Gluconacetobacter,"",bacteria,false,,,,,,,,,,,,,,,,0.14959991131814546,2,,,96.0,25.0,10^-7.5466,,,,,[1004836],0
1004836,1,89583,Gluconacetobacter sp. SXCC-1,"",bacteria,false,,,,,,,,,,,,,,,,0.14959991131814546,2,,,96.0,25.0,10^-7.5466,,,,,,0
89054,2,89054,Thermobia,"",eukaryota,false,,,,,,,,,,,,,,,,0.22439986697721817,3,,,86.6,27.0,10^-8.31907,,,,,[89055],0
89055,1,89054,Thermobia domestica,firebrat,eukaryota,false,,,,,,,,,,,,,,,,0.22439986697721817,3,,,86.6,27.0,10^-8.31907,,,,,,0
88591,2,88591,Sphecodes,"",eukaryota,false,,,,0.3739997782953636,5,,,82.495,61.4,10^-12.1517,,,,,,,,,,,,,,,,,[1190790],0
1190790,1,88591,Sphecodes monilicornis,"",eukaryota,false,,,,0.3739997782953636,5,,,82.495,61.4,10^-12.1517,,,,,,,,,,,,,,,,,,0
88467,2,88467,Lasioglossum,"",eukaryota,false,,,,1.7951989358177454,24,,,88.956,63.9565,10^-21.0984,,,,,,,,,,,,,,,,,"[88531, 88516, 88514]",0
88531,1,88467,Lasioglossum lativentre,"",eukaryota,false,,,,0.2991998226362909,4,,,85.458,56.0,10^-13.0832,,,,,,,,,,,,,,,,,,0
88516,1,88467,Lasioglossum pauxillum,"",eukaryota,false,,,,0.8227995122498,11,,,89.6857,63.5,10^-21.6786,,,,,,,,,,,,,,,,,,0
88514,1,88467,Lasioglossum morio,"",eukaryota,false,,,,0.6731996009316545,9,,,89.6999,68.0,10^-24.016,,,,,,,,,,,,,,,,,,0
88466,2,88466,Seladonia,"",eukaryota,false,,,,0.6731996009316545,9,,,92.14,62.4444,10^-23.6003,,,,,,,,,,,,,,,,,[115100],0
115100,1,88466,Seladonia tumulorum,"",eukaryota,false,,,,0.6731996009316545,9,,,92.14,62.4444,10^-23.6003,,,,,,,,,,,,,,,,,,0
88014,2,88014,Eurytemora,"",eukaryota,false,,,,0.6731996009316545,9,,,88.0484,66.5556,10^-20.7696,,,,,,0.2991998226362909,4,,,96.725,28.75,10^-7.82656,,,,,"[1294199, 88015]",0
1294199,1,88014,Eurytemora carolleeae,"",eukaryota,false,,,,0.6731996009316545,9,,,88.0484,66.5556,10^-20.7696,,,,,,0.22439986697721817,3,,,95.6333,31.3333,10^-8.99703,,,,,,0
88015,1,88014,Eurytemora affinis,"",eukaryota,false,,,,,,,,,,,,,,,,0.07479995565907273,1,,,100.0,21.0,10^-4.31515,,,,,,0
87309,2,87309,Uroleucon,"",eukaryota,false,,,,0.07479995565907273,1,,,88.235,85.0,10^-31.7523,,,,,,,,,,,,,,,,,[480031],0
480031,1,87309,Uroleucon nigrotuberculatum,"",eukaryota,false,,,,0.07479995565907273,1,,,88.235,85.0,10^-31.7523,,,,,,,,,,,,,,,,,,0
86539,2,86539,Xenia,"",eukaryota,false,,,,,,,,,,,,,,,,0.14959991131814546,2,,,75.0,32.0,10^-7.82166,,,,,[2897299],0
2897299,1,86539,Xenia sp. Carnegie-2017,"",eukaryota,false,,,,,,,,,,,,,,,,0.14959991131814546,2,,,75.0,32.0,10^-7.82166,,,,,,0
86026,2,86026,Mollisia,"",eukaryota,false,,,,,,,,,,,,,,,,0.07479995565907273,1,,,100.0,31.0,10^-13.7825,,,,,[149040],0
149040,1,86026,Mollisia scopiformis,"",eukaryota,false,,,,,,,,,,,,,,,,0.07479995565907273,1,,,100.0,31.0,10^-13.7825,,,,,,0
86017,2,86017,Salpingoeca,"",eukaryota,false,,,,0.22439986697721817,3,,,84.684,40.6667,10^-6.68399,,,,,,0.07479995565907273,1,,,64.5,31.0,10^-5.92445,,,,,[946362],0
946362,1,86017,Salpingoeca rosetta,"",eukaryota,false,,,,0.22439986697721817,3,,,84.684,40.6667,10^-6.68399,,,,,,0.07479995565907273,1,,,64.5,31.0,10^-5.92445,,,,,,0
85309,2,85309,Nezara,"",eukaryota,false,,,,,,,,,,,,,,,,0.2991998226362909,4,,,75.175,33.25,10^-6.67454,,,,,[85310],0
85310,1,85309,Nezara viridula,southern green stink bug,eukaryota,false,,,,,,,,,,,,,,,,0.2991998226362909,4,,,75.175,33.25,10^-6.67454,,,,,,0
84544,2,84544,Polyrhachis,"",eukaryota,false,,,,,,,,,,,,,,,,0.14959991131814546,2,,,100.0,31.0,10^-13.6655,,,,,[371748],0
371748,1,84544,Polyrhachis senilis,savanna spiny ant,eukaryota,false,,,,,,,,,,,,,,,,0.14959991131814546,2,,,100.0,31.0,10^-13.6655,,,,,,0
84507,2,84507,Ceratosolen,"",eukaryota,false,,,,5.535196718771382,74,1,72,82.7882,97.9189,10^-12.9078,,,,,,0.14959991131814546,2,,,87.85,33.0,10^-10.5858,,,,,"[142686, 130010]",0
142686,1,84507,Ceratosolen solmsi,"",eukaryota,false,,,,0.14959991131814546,2,,,81.356,59.0,10^-12.6977,,,,,,0.14959991131814546,2,,,87.85,33.0,10^-10.5858,,,,,,0
130010,1,84507,Ceratosolen emarginatus,"",eukaryota,false,,,,5.385596807453236,72,1,72,82.828,99.0,10^-12.9136,,,,,,,,,,,,,,,,,,0
84406,2,84406,Virgibacillus,"",bacteria,false,,,,,,,,,,,,,,,,0.07479995565907273,1,,,81.8,22.0,10^-3.8041,,,,,[2024555],0
2024555,1,84406,Virgibacillus profundi,"",bacteria,false,,,,,,,,,,,,,,,,0.07479995565907273,1,,,81.8,22.0,10^-3.8041,,,,,,0
84338,2,84338,Nebalia,"",eukaryota,false,,,,,,,,,,,,,,,,0.07479995565907273,1,,,100.0,33.0,10^-14.7167,,,,,[85135],0
85135,1,84338,Nebalia hessleri,"",eukaryota,false,,,,,,,,,,,,,,,,0.07479995565907273,1,,,100.0,33.0,10^-14.7167,,,,,,0
84254,2,84254,Antitrichia,"",eukaryota,false,,,,0.2991998226362909,4,,,89.8737,38.75,10^-8.59205,,,,,,,,,,,,,,,,,[100465],0
100465,1,84254,Antitrichia curtipendula,"",eukaryota,false,,,,0.2991998226362909,4,,,89.8737,38.75,10^-8.59205,,,,,,,,,,,,,,,,,,0
83654,2,83654,Leclercia,"",bacteria,false,,,,0.07479995565907273,1,,,97.03,101.0,10^-52.2629,,,,,,0.07479995565907273,1,,,97.0,33.0,10^-10.4572,,,,,[83655],0
83655,1,83654,Leclercia adecarboxylata,"",bacteria,false,,,,0.07479995565907273,1,,,97.03,101.0,10^-52.2629,,,,,,0.07479995565907273,1,,,97.0,33.0,10^-10.4572,,,,,,0
83618,2,83618,Pseudoxanthomonas,"",bacteria,false,,,,0.14959991131814546,2,,,86.275,51.0,10^-12.761,,,,,,,,,,,,,,,,,[2969308],0
2969308,1,83618,Pseudoxanthomonas sp. JBR18,"",bacteria,false,,,,0.14959991131814546,2,,,86.275,51.0,10^-12.761,,,,,,,,,,,,,,,,,,0
83484,2,83484,Linepithema,"",eukaryota,false,,,,0.22439986697721817,3,,,89.1627,74.3333,10^-26.35,,,,,,0.7479995565907273,10,,,82.225,30.25,10^-8.13548,,,,,[83485],0
83485,1,83484,Linepithema humile,Argentine ant,eukaryota,false,,,,0.22439986697721817,3,,,89.1627,74.3333,10^-26.35,,,,,,0.7479995565907273,10,,,82.225,30.25,10^-8.13548,,,,,,0
83235,2,83235,Postia,"",eukaryota,false,,,,0.14959991131814546,2,,,99.01,101.0,10^-55.0077,,,,,,0.9723994235679454,13,,,89.1154,30.3846,10^-9.46453,,,,,"[2008438, 104341]",0
2008438,1,83235,Postia sublowei,"",eukaryota,false,,,,0.14959991131814546,2,,,99.01,101.0,10^-55.0077,,,,,,,,,,,,,,,,,,0
104341,1,83235,Postia placenta,"",eukaryota,false,,,,,,,,,,,,,,,,0.9723994235679454,13,,,89.1154,30.3846,10^-9.46453,,,,,,0
83174,2,83174,Valsa,"",eukaryota,false,,,,,,,,,,,,,,,,0.07479995565907273,1,,,100.0,33.0,10^-13.9666,,,,,[105487],0
105487,1,83174,Valsa mali,"",eukaryota,false,,,,,,,,,,,,,,,,0.07479995565907273,1,,,100.0,33.0,10^-13.9666,,,,,,0
82986,2,82986,Tatumella,"",bacteria,false,,,,0.14959991131814546,2,,,99.01,101.0,10^-55.0077,,,,,,0.07479995565907273,1,,,65.6,32.0,10^-5.49485,,,,,[53336],0
53336,1,82986,Tatumella citrea,"",bacteria,false,,,,0.14959991131814546,2,,,99.01,101.0,10^-55.0077,,,,,,0.07479995565907273,1,,,65.6,32.0,10^-5.49485,,,,,,0
82978,2,82978,Budvicia,"",bacteria,false,,,,,,,,,,,,,,,,0.07479995565907273,1,,,85.2,27.0,10^-6.28567,,,,,[1119056],0
1119056,1,82978,Budvicia diplopodorum,"",bacteria,false,,,,,,,,,,,,,,,,0.07479995565907273,1,,,85.2,27.0,10^-6.28567,,,,,,0
82976,2,82976,Buttiauxella,"",bacteria,false,,,,,,,,,,,,,,,,0.07479995565907273,1,,,100.0,33.0,10^-11.6478,,,,,[2563088],0
2563088,1,82976,Buttiauxella sp. A111,"",bacteria,false,,,,,,,,,,,,,,,,0.07479995565907273,1,,,100.0,33.0,10^-11.6478,,,,,,0
82802,2,82802,Trichococcus,"",bacteria,false,,,,,,,,,,,,,,,,0.07479995565907273,1,,,93.5,31.0,10^-11.2161,,,,,[140314],0
140314,1,82802,Trichococcus palustris,"",bacteria,false,,,,,,,,,,,,,,,,0.07479995565907273,1,,,93.5,31.0,10^-11.2161,,,,,,0
82762,2,82762,Idotea,"",eukaryota,false,,,,,,,,,,,,,,,,0.22439986697721817,3,,,91.1,32.0,10^-11.2917,,,,,[82763],0
82763,1,82762,Idotea baltica,"",eukaryota,false,,,,,,,,,,,,,,,,0.22439986697721817,3,,,91.1,32.0,10^-11.2917,,,,,,0
82622,2,82622,Hemaris,hummingbird moths,eukaryota,false,,,,0.22439986697721817,3,,,84.9047,64.0,10^-17.9232,,,,,,,,,,,,,,,,,[987953],0
987953,1,82622,Hemaris fuciformis,"",eukaryota,false,,,,0.22439986697721817,3,,,84.9047,64.0,10^-17.9232,,,,,,,,,,,,,,,,,,0
82618,2,82618,Lapara,"",eukaryota,false,,,,0.3739997782953636,5,,,94.64,44.2,10^-14.7466,,,,,,,,,,,,,,,,,[82619],0
82619,1,82618,Lapara coniferarum,southern pine sphinx,eukaryota,false,,,,0.3739997782953636,5,,,94.64,44.2,10^-14.7466,,,,,,,,,,,,,,,,,,0
82608,2,82608,Eutrapela,"",eukaryota,false,,,,,,,,,,,,,,,,8.676794856452435,116,1,116,67.442,86.0,10^-35.5986,,,,,[82609],0
82609,1,82608,Eutrapela clemataria,"",eukaryota,false,,,,,,,,,,,,,,,,8.676794856452435,116,1,116,67.442,86.0,10^-35.5986,,,,,,0
82599,2,82599,Cydia,"",eukaryota,false,,,,2.0943987584540364,28,1,10,88.8388,76.6071,10^-17.2128,,,,,,,,,,,,,,,,,"[1869771, 1100964, 1100963]",0
1869771,1,82599,Cydia amplana,"",eukaryota,false,,,,1.1967992905451637,16,1,10,86.3685,95.8125,10^-17.5272,,,,,,,,,,,,,,,,,,0
1100964,1,82599,Cydia strobilella,"",eukaryota,false,,,,0.5983996452725818,8,,,90.815,52.75,10^-17.068,,,,,,,,,,,,,,,,,,0
1100963,1,82599,Cydia splendana,"",eukaryota,false,,,,0.2991998226362909,4,,,94.7678,47.5,10^-16.2446,,,,,,,,,,,,,,,,,,0
82597,2,82597,Campaea,"",eukaryota,false,,,,0.22439986697721817,3,,,85.1423,72.0,10^-21.9905,,,,,,,,,,,,,,,,,[934813],0
934813,1,82597,Campaea margaritaria,"",eukaryota,false,,,,0.22439986697721817,3,,,85.1423,72.0,10^-21.9905,,,,,,,,,,,,,,,,,,0
82594,2,82594,Biston,"",eukaryota,false,,,,0.5235996896135091,7,1,6,86.1847,84.1429,10^-14.1039,,,,,,0.14959991131814546,2,,,80.45,30.5,10^-9.3086,,,,,[82595],0
82595,1,82594,Biston betularia,pepper-and-salt moth,eukaryota,false,,,,0.5235996896135091,7,1,6,86.1847,84.1429,10^-14.1039,,,,,,0.14959991131814546,2,,,80.45,30.5,10^-9.3086,,,,,,0
82309,2,82309,Phlebiopsis,"",eukaryota,false,,,,0.14959991131814546,2,,,90.816,98.0,10^-41.9833,,,,,,,,,,,,,,,,,[1647769],0
1647769,1,82309,Phlebiopsis crassa,"",eukaryota,false,,,,0.14959991131814546,2,,,90.816,98.0,10^-41.9833,,,,,,,,,,,,,,,,,,0
82105,2,82105,Cladophialophora,"",eukaryota,false,,,,0.14959991131814546,2,,,86.361,61.0,10^-17.4937,,,,,,,,,,,,,,,,,[470704],0
470704,1,82105,Cladophialophora yegresii,"",eukaryota,false,,,,0.14959991131814546,2,,,86.361,61.0,10^-17.4937,,,,,,,,,,,,,,,,,,0
81062,2,81062,Junghuhnia,"",eukaryota,false,,,,0.07479995565907273,1,,,100.0,101.0,10^-56.3801,,,,,,,,,,,,,,,,,[2686314],0
2686314,1,81062,Junghuhnia nandinae,"",eukaryota,false,,,,0.07479995565907273,1,,,100.0,101.0,10^-56.3801,,,,,,,,,,,,,,,,,,0
81055,2,81055,Wolfiporia,"",eukaryota,false,,,,0.07479995565907273,1,,,100.0,100.0,10^-55.6982,,,,,,0.07479995565907273,1,,,79.3,29.0,10^-7.3019,,,,,[81056],0
81056,1,81055,Wolfiporia cocos,"",eukaryota,false,,,,0.07479995565907273,1,,,100.0,100.0,10^-55.6982,,,,,,0.07479995565907273,1,,,79.3,29.0,10^-7.3019,,,,,,0
81045,2,81045,Melanoporia,"",eukaryota,false,,,,0.07479995565907273,1,,,100.0,101.0,10^-56.3801,,,,,,,,,,,,,,,,,[81046],0
81046,1,81045,Melanoporia nigra,"",eukaryota,false,,,,0.07479995565907273,1,,,100.0,101.0,10^-56.3801,,,,,,,,,,,,,,,,,,0
80835,2,80835,Portunus,"",eukaryota,false,,,,0.22439986697721817,3,,,91.1257,48.0,10^-14.3913,,,,,,0.44879973395443634,6,,,78.9667,32.1667,10^-7.91601,,,,,[210409],0
210409,1,80835,Portunus trituberculatus,swimming crab,eukaryota,false,,,,0.22439986697721817,3,,,91.1257,48.0,10^-14.3913,,,,,,0.44879973395443634,6,,,78.9667,32.1667,10^-7.91601,,,,,,0
80820,2,80820,Fragum,"",eukaryota,false,,,,0.14959991131814546,2,,,86.187,47.0,10^-10.738,,,,,,,,,,,,,,,,,[80821],0
80821,1,80820,Fragum fragum,"",eukaryota,false,,,,0.14959991131814546,2,,,86.187,47.0,10^-10.738,,,,,,,,,,,,,,,,,,0
80817,2,80817,Hippopus,"",eukaryota,false,,,,0.8227995122498,11,,,95.466,38.0909,10^-11.142,,,,,,,,,,,,,,,,,[80818],0
80818,1,80817,Hippopus hippopus,"",eukaryota,false,,,,0.8227995122498,11,,,95.466,38.0909,10^-11.142,,,,,,,,,,,,,,,,,,0
80764,2,80764,Aphis,"",eukaryota,false,,,,0.22439986697721817,3,,,87.3647,60.0,10^-16.589,,,,,,44.35637370583012,593,2,549,42.3471,87.3833,10^-11.4308,,,,,"[307492, 307491, 80765]",0
307492,1,80764,Aphis craccivora,cowpea aphid,eukaryota,false,,,,,,,,,,,,,,,,2.3187986254312545,31,,,63.9033,30.0333,10^-4.9134,,,,,,0
307491,1,80764,Aphis glycines,soybean aphid,eukaryota,false,,,,0.07479995565907273,1,,,100.0,43.0,10^-16.9522,,,,,,41.289575523808146,552,2,549,40.482,91.5539,10^-11.8702,,,,,,0
80765,1,80764,Aphis gossypii,cotton aphid,eukaryota,false,,,,0.14959991131814546,2,,,81.047,68.5,10^-16.4074,,,,,,0.7479995565907273,10,,,79.7,31.3,10^-6.95268,,,,,,0
80757,2,80757,Sebacina,"",eukaryota,false,,,,0.07479995565907273,1,,,98.649,74.0,10^-36.6158,,,,,,,,,,,,,,,,,[160944],0
160944,1,80757,Sebacina incrustans,"",eukaryota,false,,,,0.07479995565907273,1,,,98.649,74.0,10^-36.6158,,,,,,,,,,,,,,,,,,0
80744,2,80744,Serpula,"",eukaryota,false,,,,0.14959991131814546,2,,,100.0,97.0,10^-53.6529,,,,,,0.07479995565907273,1,,,84.4,32.0,10^-8.75696,,,,,[85982],0
85982,1,80744,Serpula lacrymans,"",eukaryota,false,,,,0.14959991131814546,2,,,100.0,97.0,10^-53.6529,,,,,,0.07479995565907273,1,,,84.4,32.0,10^-8.75696,,,,,,0
80654,2,80654,Leccinum,"",eukaryota,false,,,,0.22439986697721817,3,,,93.156,68.3333,10^-27.7332,,,,,,,,,,,,,,,,,"[2665701, 1916366, 279511]",0
2665701,1,80654,Leccinum sp. 2 BOS-2019,"",eukaryota,false,,,,0.07479995565907273,1,,,93.243,74.0,10^-31.1263,,,,,,,,,,,,,,,,,,0
1916366,1,80654,Leccinum sp.,"",eukaryota,false,,,,0.07479995565907273,1,,,93.243,74.0,10^-31.1263,,,,,,,,,,,,,,,,,,0
279511,1,80654,Leccinum rugosiceps,"",eukaryota,false,,,,0.07479995565907273,1,,,92.982,57.0,10^-20.9469,,,,,,,,,,,,,,,,,,0
80645,2,80645,Gyrodon,"",eukaryota,false,,,,,,,,,,,,,,,,0.07479995565907273,1,,,87.1,31.0,10^-9.61083,,,,,[85971],0
85971,1,80645,Gyrodon lividus,"",eukaryota,false,,,,,,,,,,,,,,,,0.07479995565907273,1,,,87.1,31.0,10^-9.61083,,,,,,0
80248,2,80248,Phaedon,"",eukaryota,false,,,,0.8227995122498,11,,,84.0555,63.7273,10^-16.6671,,,,,,0.22439986697721817,3,,,80.5,32.0,10^-7.96158,,,,,[80249],0
80249,1,80248,Phaedon cochleariae,mustard beetle,eukaryota,false,,,,0.8227995122498,11,,,84.0555,63.7273,10^-16.6671,,,,,,0.22439986697721817,3,,,80.5,32.0,10^-7.96158,,,,,,0
79504,2,79504,Crioceris,"",eukaryota,false,,,,0.7479995565907273,10,,,85.7451,67.6667,10^-19.979,,,,,,,,,,,,,,,,,[131627],0
131627,1,79504,Crioceris asparagi,common asparagus beetle,eukaryota,false,,,,0.7479995565907273,10,,,85.7451,67.6667,10^-19.979,,,,,,,,,,,,,,,,,,0
79498,2,79498,Lacanobia,"",eukaryota,false,,,,0.44879973395443634,6,,,89.6917,41.3333,10^-9.88198,,,,,,,,,,,,,,,,,"[987426, 79499]",0
987426,1,79498,Lacanobia wlatinum,"",eukaryota,false,,,,0.14959991131814546,2,,,90.1525,40.5,10^-9.77327,,,,,,,,,,,,,,,,,,0
79499,1,79498,Lacanobia oleracea,"",eukaryota,false,,,,0.2991998226362909,4,,,89.4613,41.75,10^-9.93633,,,,,,,,,,,,,,,,,,0
79456,2,79456,Ischnura,"",eukaryota,false,,,,0.22439986697721817,3,,,82.0697,83.6667,10^-23.9824,,,,,,1.7951989358177454,24,,,93.8292,30.0417,10^-8.71157,,,,,"[197161, 126660]",0
197161,1,79456,Ischnura elegans,"",eukaryota,false,,,,0.22439986697721817,3,,,82.0697,83.6667,10^-23.9824,,,,,,1.7203989801586728,23,,,93.9565,29.913,10^-8.4795,,,,,,0
126660,1,79456,Ischnura senegalensis,"",eukaryota,false,,,,,,,,,,,,,,,,0.07479995565907273,1,,,90.9,33.0,10^-14.0491,,,,,,0
78173,2,78173,Ceratina,"",eukaryota,false,,,,0.3739997782953636,5,,,85.2422,80.0,10^-25.067,,,,,,0.6731996009316545,9,,,80.1556,30.5556,10^-6.54633,,,,,[156304],0
156304,1,78173,Ceratina calcarata,"",eukaryota,false,,,,0.3739997782953636,5,,,85.2422,80.0,10^-25.067,,,,,,0.6731996009316545,9,,,80.1556,30.5556,10^-6.54633,,,,,,0
77661,2,77661,Polyphemus,"",eukaryota,false,,,,0.07479995565907273,1,,,90.625,96.0,10^-40.6198,,,,,,,,,,,,,,,,,[77662],0
77662,1,77661,Polyphemus pediculus,"",eukaryota,false,,,,0.07479995565907273,1,,,90.625,96.0,10^-40.6198,,,,,,,,,,,,,,,,,,0
77655,2,77655,Sida,"",eukaryota,false,,,,0.22439986697721817,3,,,91.7823,50.3333,10^-16.4276,,,,,,,,,,,,,,,,,[77656],0
77656,1,77655,Sida crystallina,"",eukaryota,false,,,,0.22439986697721817,3,,,91.7823,50.3333,10^-16.4276,,,,,,,,,,,,,,,,,,0
77650,2,77650,Simocephalus,"",eukaryota,false,,,,0.14959991131814546,2,,,97.222,36.0,10^-10.8537,,,,,,,,,,,,,,,,,[117539],0
117539,1,77650,Simocephalus serrulatus,"",eukaryota,false,,,,0.14959991131814546,2,,,97.222,36.0,10^-10.8537,,,,,,,,,,,,,,,,,,0
77583,2,77583,Craurococcus,"",bacteria,false,,,,0.07479995565907273,1,,,93.069,101.0,10^-46.7735,,,,,,,,,,,,,,,,,[77585],0
77585,1,77583,Craurococcus roseus,"",bacteria,false,,,,0.07479995565907273,1,,,93.069,101.0,10^-46.7735,,,,,,,,,,,,,,,,,,0
77301,2,77301,Eretmocerus,"",eukaryota,false,,,,,,,,,,,,,,,,0.8975994679088727,12,,,82.0333,29.6667,10^-7.09332,,,,,[131215],0
131215,1,77301,Eretmocerus hayati,"",eukaryota,false,,,,,,,,,,,,,,,,0.8975994679088727,12,,,82.0333,29.6667,10^-7.09332,,,,,,0
77156,2,77156,Dendroctonus,"",eukaryota,false,,,,0.14959991131814546,2,,,90.1285,101.5,10^-42.9973,,,,,,10.845993570565545,145,2,103,91.5587,44.7483,10^-20.9896,,,,,"[77166, 77159]",0
77166,1,77156,Dendroctonus ponderosae,mountain pine beetle,eukaryota,false,,,,0.14959991131814546,2,,,90.1285,101.5,10^-42.9973,,,,,,10.6963936592474,143,2,103,91.5908,44.9504,10^-21.1709,,,,,,0
77159,1,77156,Dendroctonus armandi,"",eukaryota,false,,,,,,,,,,,,,,,,0.14959991131814546,2,,,89.3,30.5,10^-8.20929,,,,,,0
76989,2,76989,Ancistrocerus,"",eukaryota,false,,,,0.44879973395443634,6,,,88.387,58.0,10^-17.7451,,,,,,,,,,,,,,,,,[76990],0
76990,1,76989,Ancistrocerus nigricornis,"",eukaryota,false,,,,0.44879973395443634,6,,,88.387,58.0,10^-17.7451,,,,,,,,,,,,,,,,,,0
76890,2,76890,Asticcacaulis,"",bacteria,false,,,,0.14959991131814546,2,,,98.0,100.0,10^-52.2673,,,,,,,,,,,,,,,,,[2995155],0
2995155,1,76890,Asticcacaulis sp. SL142,"",bacteria,false,,,,0.14959991131814546,2,,,98.0,100.0,10^-52.2673,,,,,,,,,,,,,,,,,,0
76218,2,76218,Nymphalis,"",eukaryota,false,,,,0.5235996896135091,7,,,85.2281,64.7143,10^-17.7757,,,,,,,,,,,,,,,,,"[171594, 171585, 111881]",0
171594,1,76218,Nymphalis polychloros,blackleg tortoiseshell,eukaryota,false,,,,0.2991998226362909,4,,,84.238,72.0,10^-20.5134,,,,,,,,,,,,,,,,,,0
171585,1,76218,Nymphalis io,European peacock,eukaryota,false,,,,0.07479995565907273,1,,,83.951,81.0,10^-24.9114,,,,,,,,,,,,,,,,,,0
111881,1,76218,Nymphalis urticae,small tortoiseshell,eukaryota,false,,,,0.14959991131814546,2,,,87.847,42.0,10^-8.73264,,,,,,,,,,,,,,,,,,0
76212,2,76212,Erynnis,duskywings,eukaryota,false,,,,0.14959991131814546,2,,,90.4575,55.5,10^-17.2021,,,,,,,,,,,,,,,,,[520884],0
520884,1,76212,Erynnis tages,"",eukaryota,false,,,,0.14959991131814546,2,,,90.4575,55.5,10^-17.2021,,,,,,,,,,,,,,,,,,0
76016,2,76016,Pandora,"",eukaryota,false,,,,0.14959991131814546,2,,,97.222,72.0,10^-33.8829,,,,,,,,,,,,,,,,,[76017],0
76017,1,76016,Pandora neoaphidis,"",eukaryota,false,,,,0.14959991131814546,2,,,97.222,72.0,10^-33.8829,,,,,,,,,,,,,,,,,,0
75984,2,75984,Mannheimia,"",bacteria,false,,,,,,,,,,,,,,,,0.3739997782953636,5,,,91.6,26.2,10^-7.90772,,,,,[75985],0
75985,1,75984,Mannheimia haemolytica,"",bacteria,false,,,,,,,,,,,,,,,,0.3739997782953636,5,,,91.6,26.2,10^-7.90772,,,,,,0
75233,2,75233,Sycophila,"",eukaryota,false,,,,0.07479995565907273,1,,,87.273,55.0,10^-15.4729,,,,,,,,,,,,,,,,,[1308760],0
1308760,1,75233,Sycophila sp. 2 BW-2013,"",eukaryota,false,,,,0.07479995565907273,1,,,87.273,55.0,10^-15.4729,,,,,,,,,,,,,,,,,,0
75120,2,75120,Batillaria,"",eukaryota,false,,,,,,,,,,,,,,,,0.44879973395443634,6,,,87.3833,26.3333,10^-6.51333,,,,,[370345],0
370345,1,75120,Batillaria attramentaria,"",eukaryota,false,,,,,,,,,,,,,,,,0.44879973395443634,6,,,87.3833,26.3333,10^-6.51333,,,,,,0
72766,2,72766,Formica,"",eukaryota,false,,,,1.1967992905451637,16,1,5,90.2241,85.8125,10^-20.4346,,,,,,0.9723994235679454,13,,,77.025,28.25,10^-5.93544,,,,,[72781],0
72781,1,72766,Formica exsecta,"",eukaryota,false,,,,1.1967992905451637,16,1,5,90.2241,85.8125,10^-20.4346,,,,,,0.9723994235679454,13,,,77.025,28.25,10^-5.93544,,,,,,0
72714,2,72714,Agelas,"",eukaryota,false,,,,0.14959991131814546,2,,,91.752,42.5,10^-11.816,,,,,,,,,,,,,,,,,[72715],0
72715,1,72714,Agelas oroides,"",eukaryota,false,,,,0.14959991131814546,2,,,91.752,42.5,10^-11.816,,,,,,,,,,,,,,,,,,0
72702,2,72702,Pomacea,"",eukaryota,false,,,,0.22439986697721817,3,,,94.8147,37.3333,10^-10.381,,,,,,18.47558904779096,247,1,245,81.9979,60.7489,10^-31.0226,,,,,[400727],0
400727,1,72702,Pomacea canaliculata,"",eukaryota,false,,,,0.22439986697721817,3,,,94.8147,37.3333,10^-10.381,,,,,,18.47558904779096,247,1,245,81.9979,60.7489,10^-31.0226,,,,,,0
72691,2,72691,Lottia,"",eukaryota,false,,,,,,,,,,,,,,,,0.3739997782953636,5,,,98.34,26.0,10^-8.13365,,,,,[225164],0
225164,1,72691,Lottia gigantea,owl limpet,eukaryota,false,,,,,,,,,,,,,,,,0.3739997782953636,5,,,98.34,26.0,10^-8.13365,,,,,,0
72549,2,72549,Oryctes,"",eukaryota,false,,,,,,,,,,,,,,,,0.6731996009316545,9,,,81.9222,31.0,10^-7.88244,,,,,"[1629725, 72550]",0
1629725,1,72549,Oryctes borbonicus,"",eukaryota,false,,,,,,,,,,,,,,,,0.44879973395443634,6,,,82.15,30.3333,10^-7.60678,,,,,,0
72550,1,72549,Oryctes rhinoceros,rhinoceros beetle,eukaryota,false,,,,,,,,,,,,,,,,0.22439986697721817,3,,,81.4667,32.3333,10^-8.43376,,,,,,0
72244,2,72244,Anthocharis,"",eukaryota,false,,,,0.22439986697721817,3,,,92.8253,47.3333,10^-15.3108,,,,,,,,,,,,,,,,,[227532],0
227532,1,72244,Anthocharis cardamines,orange tip,eukaryota,false,,,,0.22439986697721817,3,,,92.8253,47.3333,10^-15.3108,,,,,,,,,,,,,,,,,,0
72035,2,72035,Lepeophtheirus,"",eukaryota,false,,,,0.5235996896135091,7,,,90.4811,55.2857,10^-17.0722,,,,,,0.6731996009316545,9,,,86.4444,27.4444,10^-5.73297,,,,,[72036],0
72036,1,72035,Lepeophtheirus salmonis,salmon louse,eukaryota,false,,,,0.5235996896135091,7,,,90.4811,55.2857,10^-17.0722,,,,,,0.6731996009316545,9,,,86.4444,27.4444,10^-5.73297,,,,,,0
71962,2,71962,Omphalotus,"",eukaryota,false,,,,0.5983996452725818,8,1,7,93.5511,213.875,10^-33.7991,,,,,,,,,,,,,,,,,[72119],0
72119,1,71962,Omphalotus japonicus,"",eukaryota,false,,,,0.5983996452725818,8,1,7,93.5511,213.875,10^-33.7991,,,,,,,,,,,,,,,,,,0
71950,2,71950,Psilocybe,"",eukaryota,false,,,,0.07479995565907273,1,,,86.667,45.0,10^-10.0706,,,,,,,,,,,,,,,,,[181762],0
181762,1,71950,Psilocybe cubensis,"",eukaryota,false,,,,0.07479995565907273,1,,,86.667,45.0,10^-10.0706,,,,,,,,,,,,,,,,,,0
71935,2,71935,Clitopilus,"",eukaryota,false,,,,0.22439986697721817,3,,,99.67,97.6667,10^-53.65,,,,,,,,,,,,,,,,,[2649998],0
2649998,1,71935,Clitopilus lampangensis,"",eukaryota,false,,,,0.22439986697721817,3,,,99.67,97.6667,10^-53.65,,,,,,,,,,,,,,,,,,0
71927,2,71927,Termitomyces,"",eukaryota,false,,,,,,,,,,,,,,,,0.07479995565907273,1,,,96.4,28.0,10^-11.2111,,,,,[1850345],0
1850345,1,71927,Termitomyces sp. T112,"",eukaryota,false,,,,,,,,,,,,,,,,0.07479995565907273,1,,,96.4,28.0,10^-11.2111,,,,,,0
71913,2,71913,Resupinatus,"",eukaryota,false,,,,0.07479995565907273,1,,,100.0,98.0,10^-54.3346,,,,,,,,,,,,,,,,,[139089],0
139089,1,71913,Resupinatus trichotis,"",eukaryota,false,,,,0.07479995565907273,1,,,100.0,98.0,10^-54.3346,,,,,,,,,,,,,,,,,,0
71896,2,71896,Marasmiellus,"",eukaryota,false,,,,0.22439986697721817,3,,,97.747,102.0,10^-53.8598,,,,,,,,,,,,,,,,,[2682957],0
2682957,1,71896,Marasmiellus scandens,"",eukaryota,false,,,,0.22439986697721817,3,,,97.747,102.0,10^-53.8598,,,,,,,,,,,,,,,,,,0
71870,2,71870,Campanella,"",eukaryota,false,,,,0.07479995565907273,1,,,98.02,101.0,10^-53.6353,,,,,,,,,,,,,,,,,[3021699],0
3021699,1,71870,Campanella tristis,"",eukaryota,false,,,,0.07479995565907273,1,,,98.02,101.0,10^-53.6353,,,,,,,,,,,,,,,,,,0
71655,2,71655,Brenneria,"",bacteria,false,,,,0.07479995565907273,1,,,95.05,101.0,10^-49.5182,,,,,,,,,,,,,,,,,[55213],0
55213,1,71655,Brenneria rubrifaciens,"",bacteria,false,,,,0.07479995565907273,1,,,95.05,101.0,10^-49.5182,,,,,,,,,,,,,,,,,,0
71493,2,71493,Elysia,"",eukaryota,false,,,,,,,,,,,,,,,,1467.9491298093021,19625,3,19612,79.2298,105.696,10^-45.8266,,,,,"[1093978, 188477]",0
1093978,1,71493,Elysia marginata,"",eukaryota,false,,,,,,,,,,,,,,,,0.7479995565907273,10,,,80.52,32.4,10^-7.6401,,,,,,0
188477,1,71493,Elysia chlorotica,eastern emerald elysia,eukaryota,false,,,,,,,,,,,,,,,,1467.2011302527114,19615,3,19612,79.2285,105.769,10^-45.8646,,,,,,0
71460,2,71460,Cylicostephanus,"",eukaryota,false,,,,,,,,,,,,,,,,0.14959991131814546,2,,,80.65,32.0,10^-7.63392,,,,,[71465],0
71465,1,71460,Cylicostephanus goldi,"",eukaryota,false,,,,,,,,,,,,,,,,0.14959991131814546,2,,,80.65,32.0,10^-7.63392,,,,,,0
71323,2,71323,Camelina,"",eukaryota,false,,,,,,,,,,,,,,,,0.07479995565907273,1,,,61.8,34.0,10^-5.8962,,,,,[90675],0
90675,1,71323,Camelina sativa,false flax,eukaryota,false,,,,,,,,,,,,,,,,0.07479995565907273,1,,,61.8,34.0,10^-5.8962,,,,,,0
70666,2,70666,Schistocephalus,"",eukaryota,false,,,,,,,,,,,,,,,,0.07479995565907273,1,,,83.3,18.0,10^-3.01144,,,,,[70667],0
70667,1,70666,Schistocephalus solidus,"",eukaryota,false,,,,,,,,,,,,,,,,0.07479995565907273,1,,,83.3,18.0,10^-3.01144,,,,,,0
70535,2,70535,Edhazardia,"",eukaryota,false,,,,16.007190511041564,214,1,190,98.7334,755.427,10^-276.121,,,,,,1.346399201863309,18,,,100.0,31.3333,10^-10.694,,,,,[70536],0
70536,1,70535,Edhazardia aedis,"",eukaryota,false,,,,16.007190511041564,214,1,190,98.7334,755.427,10^-276.121,,,,,,1.346399201863309,18,,,100.0,31.3333,10^-10.694,,,,,,0
70451,2,70451,Diacronema,"",eukaryota,false,,,,,,,,,,,,,,,,0.14959991131814546,2,,,94.0,25.0,10^-5.79767,,,,,[2081491],0
2081491,1,70451,Diacronema lutheri,"",eukaryota,false,,,,,,,,,,,,,,,,0.14959991131814546,2,,,94.0,25.0,10^-5.79767,,,,,,0
70447,2,70447,Ostreococcus,"",eukaryota,false,,,,0.07479995565907273,1,,,96.154,52.0,10^-20.3006,,,,,,,,,,,,,,,,,[70448],0
70448,1,70447,Ostreococcus tauri,"",eukaryota,false,,,,0.07479995565907273,1,,,96.154,52.0,10^-20.3006,,,,,,,,,,,,,,,,,,0
70420,2,70420,Mermis,"",eukaryota,false,,,,0.14959991131814546,2,,,96.774,62.0,10^-25.7137,,,,,,,,,,,,,,,,,[70421],0
70421,1,70420,Mermis nigrescens,"",eukaryota,false,,,,0.14959991131814546,2,,,96.774,62.0,10^-25.7137,,,,,,,,,,,,,,,,,,0
70380,2,70380,Plathemis,"",eukaryota,false,,,,,,,,,,,,,,,,0.07479995565907273,1,,,93.9,33.0,10^-10.1965,,,,,[70400],0
70400,1,70380,Plathemis lydia,"",eukaryota,false,,,,,,,,,,,,,,,,0.07479995565907273,1,,,93.9,33.0,10^-10.1965,,,,,,0
70376,2,70376,Ladona,"",eukaryota,false,,,,,,,,,,,,,,,,1.1219993348860908,15,,,90.3857,29.3571,10^-9.46682,,,,,[123851],0
123851,1,70376,Ladona fulva,scarce chaser,eukaryota,false,,,,,,,,,,,,,,,,1.1219993348860908,15,,,90.3857,29.3571,10^-9.46682,,,,,,0
70225,2,70225,Aphelenchus,"",eukaryota,false,,,,,,,,,,,,,,,,0.07479995565907273,1,,,68.8,32.0,10^-4.09313,,,,,[70226],0
70226,1,70225,Aphelenchus avenae,"",eukaryota,false,,,,,,,,,,,,,,,,0.07479995565907273,1,,,68.8,32.0,10^-4.09313,,,,,,0
70130,2,70130,Climacium,"",eukaryota,false,,,,0.22439986697721817,3,,,90.232,41.0,10^-10.1113,,,,,,,,,,,,,,,,,[70131],0
70131,1,70130,Climacium dendroides,"",eukaryota,false,,,,0.22439986697721817,3,,,90.232,41.0,10^-10.1113,,,,,,,,,,,,,,,,,,0
69965,2,69965,Macrococcus,"",bacteria,false,,,,0.14959991131814546,2,,,100.0,100.0,10^-55.6982,,,,,,,,,,,,,,,,,[69966],0
69966,1,69965,Macrococcus caseolyticus,"",bacteria,false,,,,0.14959991131814546,2,,,100.0,100.0,10^-55.6982,,,,,,,,,,,,,,,,,,0
69516,2,69516,Microplana,"",eukaryota,false,,,,0.14959991131814546,2,,,86.4155,70.0,10^-22.2301,,,,,,,,,,,,,,,,,[1816071],0
1816071,1,69516,Microplana lutulenta,"",eukaryota,false,,,,0.14959991131814546,2,,,86.4155,70.0,10^-22.2301,,,,,,,,,,,,,,,,,,0
69354,2,69354,Darwinula,"",eukaryota,false,,,,0.5235996896135091,7,,,88.9104,45.0,10^-10.6739,,,,,,0.2991998226362909,4,,,90.225,27.75,10^-8.96136,,,,,[69355],0
69355,1,69354,Darwinula stevensoni,"",eukaryota,false,,,,0.5235996896135091,7,,,88.9104,45.0,10^-10.6739,,,,,,0.2991998226362909,4,,,90.225,27.75,10^-8.96136,,,,,,0
68793,2,68793,Botryobasidium,"",eukaryota,false,,,,0.07479995565907273,1,,,100.0,101.0,10^-56.3801,,,,,,1.7951989358177454,24,1,24,93.827,81.0,10^-50.3716,,,,,[264124],0
264124,1,68793,Botryobasidium botryosum,"",eukaryota,false,,,,0.07479995565907273,1,,,100.0,101.0,10^-56.3801,,,,,,1.7951989358177454,24,1,24,93.827,81.0,10^-50.3716,,,,,,0
68776,2,68776,Cyathus,"",eukaryota,false,,,,,,,,,,,,,,,,0.07479995565907273,1,,,63.3,30.0,10^-5.23882,,,,,[68777],0
68777,1,68776,Cyathus striatus,"",eukaryota,false,,,,,,,,,,,,,,,,0.07479995565907273,1,,,63.3,30.0,10^-5.23882,,,,,,0
68745,2,68745,Stropharia,"",eukaryota,false,,,,0.07479995565907273,1,,,90.789,76.0,10^-29.7423,,,,,,,,,,,,,,,,,[68746],0
68746,1,68745,Stropharia rugosoannulata,"",eukaryota,false,,,,0.07479995565907273,1,,,90.789,76.0,10^-29.7423,,,,,,,,,,,,,,,,,,0
68573,2,68573,Chondrosia,"",eukaryota,false,,,,0.07479995565907273,1,,,84.783,46.0,10^-9.37484,,,,,,,,,,,,,,,,,[68574],0
68574,1,68573,Chondrosia reniformis,"",eukaryota,false,,,,0.07479995565907273,1,,,84.783,46.0,10^-9.37484,,,,,,,,,,,,,,,,,,0
68563,2,68563,Petrosia,"",eukaryota,false,,,,0.07479995565907273,1,,,89.474,38.0,10^-8.08544,,,,,,,,,,,,,,,,,[68564],0
68564,1,68563,Petrosia ficiformis,"",eukaryota,false,,,,0.07479995565907273,1,,,89.474,38.0,10^-8.08544,,,,,,,,,,,,,,,,,,0
67608,2,67608,Microdochium,"",eukaryota,false,,,,0.07479995565907273,1,,,100.0,90.0,10^-48.8821,,,,,,,,,,,,,,,,,[3045975],0
3045975,1,67608,Microdochium insulare,"",eukaryota,false,,,,0.07479995565907273,1,,,100.0,90.0,10^-48.8821,,,,,,,,,,,,,,,,,,0
67575,2,67575,Rheinheimera,"",bacteria,false,,,,,,,,,,,,,,,,0.07479995565907273,1,,,68.8,32.0,10^-3.83863,,,,,[1827365],0
1827365,1,67575,Rheinheimera sp. SA_1,"",bacteria,false,,,,,,,,,,,,,,,,0.07479995565907273,1,,,68.8,32.0,10^-3.83863,,,,,,0
67572,2,67572,Psychromonas,"",bacteria,false,,,,,,,,,,,,,,,,0.14959991131814546,2,,,100.0,33.0,10^-9.85607,,,,,[314282],0
314282,1,67572,Psychromonas sp. CNPT3,"",bacteria,false,,,,,,,,,,,,,,,,0.14959991131814546,2,,,100.0,33.0,10^-9.85607,,,,,,0
67427,2,67427,Thuidium,"",eukaryota,false,,,,0.07479995565907273,1,,,92.105,38.0,10^-9.45781,,,,,,,,,,,,,,,,,[67428],0
67428,1,67427,Thuidium tamariscinum,"",eukaryota,false,,,,0.07479995565907273,1,,,92.105,38.0,10^-9.45781,,,,,,,,,,,,,,,,,,0
66765,2,66765,Cryptocotyle,"",eukaryota,false,,,,,,,,,,,,,,,,0.07479995565907273,1,,,60.6,33.0,10^-4.67985,,,,,[66766],0
66766,1,66765,Cryptocotyle lingua,"",eukaryota,false,,,,,,,,,,,,,,,,0.07479995565907273,1,,,60.6,33.0,10^-4.67985,,,,,,0
66337,2,66337,Tachinus,"",eukaryota,false,,,,0.07479995565907273,1,,,93.75,64.0,10^-25.6999,,,,,,,,,,,,,,,,,[2055547],0
2055547,1,66337,Tachinus sp. INB088,"",eukaryota,false,,,,0.07479995565907273,1,,,93.75,64.0,10^-25.6999,,,,,,,,,,,,,,,,,,0
66017,2,66017,Digitaria,"",eukaryota,false,,,,0.14959991131814546,2,,,84.211,38.0,10^-5.3407,,,,,,0.07479995565907273,1,,,100.0,26.0,10^-7.86328,,,,,[1010633],0
1010633,1,66017,Digitaria exilis,"",eukaryota,false,,,,0.14959991131814546,2,,,84.211,38.0,10^-5.3407,,,,,,0.07479995565907273,1,,,100.0,26.0,10^-7.86328,,,,,,0
65356,2,65356,Albugo,"",eukaryota,false,,,,,,,,,,,,,,,,0.5235996896135091,7,,,65.1,32.25,10^-3.17653,,,,,[65357],0
65357,1,65356,Albugo candida,"",eukaryota,false,,,,,,,,,,,,,,,,0.5235996896135091,7,,,65.1,32.25,10^-3.17653,,,,,,0
65338,2,65338,Tromatobia,"",eukaryota,false,,,,0.8227995122498,11,,,88.327,50.5,10^-12.9849,,,,,,,,,,,,,,,,,[2776060],0
2776060,1,65338,Tromatobia lineatoria,"",eukaryota,false,,,,0.8227995122498,11,,,88.327,50.5,10^-12.9849,,,,,,,,,,,,,,,,,,0
65288,2,65288,Netelia,"",eukaryota,false,,,,3.5903978716354907,48,2,26,86.6672,119.196,10^-25.369,,,,,,,,,,,,,,,,,"[2866289, 494743]",0
2866289,1,65288,Netelia dilatata,"",eukaryota,false,,,,2.0943987584540364,28,1,12,88.0694,66.8929,10^-15.6723,,,,,,,,,,,,,,,,,,0
494743,1,65288,Netelia virgata,"",eukaryota,false,,,,1.4959991131814545,20,1,14,84.4861,200.556,10^-40.4527,,,,,,,,,,,,,,,,,,0
65190,2,65190,Helcon,"",eukaryota,false,,,,,,,,,,,,,,,,0.07479995565907273,1,,,93.9,33.0,10^-11.4935,,,,,[1045605],0
1045605,1,65190,Helcon tardator,"",eukaryota,false,,,,,,,,,,,,,,,,0.07479995565907273,1,,,93.9,33.0,10^-11.4935,,,,,,0
64895,2,64895,Borreliella,"",bacteria,false,,,,,,,,,,,,,,,,0.14959991131814546,2,,,88.4,30.0,10^-8.48923,,,,,[29519],0
29519,1,64895,Borreliella garinii,"",bacteria,false,,,,,,,,,,,,,,,,0.14959991131814546,2,,,88.4,30.0,10^-8.48923,,,,,,0
64792,2,64792,Wasmannia,"",eukaryota,false,,,,0.8227995122498,11,1,6,84.4237,145.455,10^-31.5261,,,,,,0.9723994235679454,13,1,9,51.3002,67.3077,10^-12.4189,,,,,[64793],0
64793,1,64792,Wasmannia auropunctata,little fire ant,eukaryota,false,,,,0.8227995122498,11,1,6,84.4237,145.455,10^-31.5261,,,,,,0.9723994235679454,13,1,9,51.3002,67.3077,10^-12.4189,,,,,,0
64782,2,64782,Acromyrmex,"",eukaryota,false,,,,0.44879973395443634,6,,,88.9987,53.6667,10^-15.7197,,,,,,0.2991998226362909,4,,,100.0,32.0,10^-12.3666,,,,,"[2715315, 103372]",0
2715315,1,64782,Acromyrmex charruanus,"",eukaryota,false,,,,,,,,,,,,,,,,0.14959991131814546,2,,,100.0,33.0,10^-12.2067,,,,,,0
103372,1,64782,Acromyrmex echinatior,Panamanian leafcutter ant,eukaryota,false,,,,0.44879973395443634,6,,,88.9987,53.6667,10^-15.7197,,,,,,0.14959991131814546,2,,,100.0,31.0,10^-12.5264,,,,,,0
64651,2,64651,Zychaea,"",eukaryota,false,,,,0.22439986697721817,3,,,94.7203,49.3333,10^-17.5806,,,,,,,,,,,,,,,,,[64656],0
64656,1,64651,Zychaea mexicana,"",eukaryota,false,,,,0.22439986697721817,3,,,94.7203,49.3333,10^-17.5806,,,,,,,,,,,,,,,,,,0
64643,2,64643,Dichotomocladium,"",eukaryota,false,,,,,,,,,,,,,,,,0.7479995565907273,10,,,72.77,27.4,10^-3.28568,,,,,[101130],0
101130,1,64643,Dichotomocladium elegans,"",eukaryota,false,,,,,,,,,,,,,,,,0.7479995565907273,10,,,72.77,27.4,10^-3.28568,,,,,,0
64561,2,64561,Umbelopsis,"",eukaryota,false,,,,,,,,,,,,,,,,0.07479995565907273,1,,,78.6,28.0,10^-4.94692,,,,,[91625],0
91625,1,64561,Umbelopsis isabellina,"",eukaryota,false,,,,,,,,,,,,,,,,0.07479995565907273,1,,,78.6,28.0,10^-4.94692,,,,,,0
64560,2,64560,Radiomyces,"",eukaryota,false,,,,0.44879973395443634,6,,,84.9962,74.3333,10^-22.8915,,,,,,,,,,,,,,,,,[64574],0
64574,1,64560,Radiomyces spectabilis,"",eukaryota,false,,,,0.44879973395443634,6,,,84.9962,74.3333,10^-22.8915,,,,,,,,,,,,,,,,,,0
64497,2,64497,Sydowia,"",eukaryota,false,,,,0.14959991131814546,2,,,97.505,100.5,10^-52.6082,,,,,,,,,,,,,,,,,[64499],0
64499,1,64497,Sydowia polyspora,"",eukaryota,false,,,,0.14959991131814546,2,,,97.505,100.5,10^-52.6082,,,,,,,,,,,,,,,,,,0
64444,2,64444,Melinaea,"",eukaryota,false,,,,1.7951989358177454,24,1,20,82.9827,100.25,10^-13.2967,,,,,,,,,,,,,,,,,"[331299, 304554]",0
331299,1,64444,Melinaea marsaeus,"",eukaryota,false,,,,1.6455990244996,22,1,20,82.1075,104.773,10^-13.0004,,,,,,,,,,,,,,,,,,0
304554,1,64444,Melinaea menophilus,"",eukaryota,false,,,,0.14959991131814546,2,,,92.61,50.5,10^-16.5554,,,,,,,,,,,,,,,,,,0
64390,2,64390,Callosobruchus,"",eukaryota,false,,,,,,,,,,,,,,,,10.920793526224617,146,1,12,78.9214,37.6503,10^-10.8642,,,,,"[380381, 146774, 64391]",0
380381,1,64390,Callosobruchus analis,"",eukaryota,false,,,,,,,,,,,,,,,,3.1415981376810542,42,,,82.5238,29.881,10^-7.94192,,,,,,0
146774,1,64390,Callosobruchus chinensis,azuki bean weevil,eukaryota,false,,,,,,,,,,,,,,,,6.5823960979984,88,1,12,73.4525,42.6588,10^-12.1343,,,,,,0
64391,1,64390,Callosobruchus maculatus,cowpea weevil,eukaryota,false,,,,,,,,,,,,,,,,1.1967992905451637,16,,,98.5188,31.4375,10^-11.7883,,,,,,0
64388,2,64388,Bruchidius,"",eukaryota,false,,,,0.22439986697721817,3,,,85.645,61.3333,10^-17.0273,,,,,,0.14959991131814546,2,,,100.0,27.0,10^-9.50585,,,,,"[2055341, 1649775]",0
2055341,1,64388,Bruchidius sp. INB144,"",eukaryota,false,,,,,,,,,,,,,,,,0.14959991131814546,2,,,100.0,27.0,10^-9.50585,,,,,,0
1649775,1,64388,Bruchidius siliquastri,"",eukaryota,false,,,,0.22439986697721817,3,,,85.645,61.3333,10^-17.0273,,,,,,,,,,,,,,,,,,0
64322,2,64322,Carnimonas,"",bacteria,false,,,,0.3739997782953636,5,,,90.297,101.0,10^-42.9308,,,,,,,,,,,,,,,,,[64323],0
64323,1,64322,Carnimonas nigrificans,"",bacteria,false,,,,0.3739997782953636,5,,,90.297,101.0,10^-42.9308,,,,,,,,,,,,,,,,,,0
64001,2,64001,Nevskia,"",bacteria,false,,,,0.14959991131814546,2,,,100.0,89.0,10^-48.2008,,,,,,,,,,,,,,,,,[64002],0
64002,1,64001,Nevskia ramosa,"",bacteria,false,,,,0.14959991131814546,2,,,100.0,89.0,10^-48.2008,,,,,,,,,,,,,,,,,,0
63840,2,63840,Pheropsophus,"",eukaryota,false,,,,,,,,,,,,,,,,0.14959991131814546,2,,,100.0,32.0,10^-12.3769,,,,,[2055497],0
2055497,1,63840,Pheropsophus sp. INB168,"",eukaryota,false,,,,,,,,,,,,,,,,0.14959991131814546,2,,,100.0,32.0,10^-12.3769,,,,,,0
63724,2,63724,Lepidurus,"",eukaryota,false,,,,0.07479995565907273,1,,,93.878,49.0,10^-16.8954,,,,,,,,,,,,,,,,,[77708],0
77708,1,63724,Lepidurus arcticus,"",eukaryota,false,,,,0.07479995565907273,1,,,93.878,49.0,10^-16.8954,,,,,,,,,,,,,,,,,,0
63688,2,63688,Gonioctena,"",eukaryota,false,,,,,,,,,,,,,,,,2.169198714113109,29,,,77.6931,31.1724,10^-7.30335,,,,,[63699],0
63699,1,63688,Gonioctena quinquepunctata,"",eukaryota,false,,,,,,,,,,,,,,,,2.169198714113109,29,,,77.6931,31.1724,10^-7.30335,,,,,,0
63429,2,63429,Leptopilina,"",eukaryota,false,,,,0.44879973395443634,6,,,86.9294,66.2,10^-20.341,,,,,,1.9447988471358908,26,,,77.0577,30.6154,10^-6.53589,,,,,"[63436, 63433]",0
63436,1,63429,Leptopilina heterotoma,"",eukaryota,false,,,,0.14959991131814546,2,,,87.9575,60.5,10^-18.526,,,,,,1.346399201863309,18,,,75.3111,31.2222,10^-6.35303,,,,,,0
63433,1,63429,Leptopilina boulardi,"",eukaryota,false,,,,0.2991998226362909,4,,,86.244,70.0,10^-21.551,,,,,,0.5983996452725818,8,,,80.9875,29.25,10^-6.94731,,,,,,0
63298,2,63298,Pseudozyma,"",eukaryota,false,,,,0.14959991131814546,2,,,99.0,100.0,10^-54.3258,,,,,,,,,,,,,,,,,[1902915],0
1902915,1,63298,Pseudozyma sp.,"",eukaryota,false,,,,0.14959991131814546,2,,,99.0,100.0,10^-54.3258,,,,,,,,,,,,,,,,,,0
63132,2,63132,Geitlerinema,"",bacteria,false,,,,,,,,,,,,,,,,16.680390111973217,223,1,223,62.903,62.0,10^-18.0487,,,,,[2028210],0
2028210,1,63132,Geitlerinema sp. FC II,"",bacteria,false,,,,,,,,,,,,,,,,16.680390111973217,223,1,223,62.903,62.0,10^-18.0487,,,,,,0
62803,2,62803,Nemoura,"",eukaryota,false,,,,1.2715992462042363,17,1,5,88.1227,75.8235,10^-20.2459,,,,,,,,,,,,,,,,,[2014036],0
2014036,1,62803,Nemoura dubitans,"",eukaryota,false,,,,1.2715992462042363,17,1,5,88.1227,75.8235,10^-20.2459,,,,,,,,,,,,,,,,,,0
62636,2,62636,Entyloma,"",eukaryota,false,,,,0.07479995565907273,1,,,95.05,101.0,10^-49.5182,,,,,,,,,,,,,,,,,[84747],0
84747,1,62636,Entyloma ficariae,"",eukaryota,false,,,,0.07479995565907273,1,,,95.05,101.0,10^-49.5182,,,,,,,,,,,,,,,,,,0
62624,2,62624,Varroa,"",eukaryota,false,,,,,,,,,,,,,,,,0.22439986697721817,3,,,84.4333,30.3333,10^-9.40711,,,,,"[109461, 62625]",0
109461,1,62624,Varroa destructor,honeybee mite,eukaryota,false,,,,,,,,,,,,,,,,0.14959991131814546,2,,,76.65,29.5,10^-6.416,,,,,,0
62625,1,62624,Varroa jacobsoni,"",eukaryota,false,,,,,,,,,,,,,,,,0.07479995565907273,1,,,100.0,32.0,10^-15.3893,,,,,,0
61471,2,61471,Timema,"",eukaryota,false,,,,6.133596364043964,82,1,26,88.6805,91.9,10^-23.702,,,,,,6.432796186680254,86,1,8,86.1452,35.2143,10^-12.3,,,,,"[629360, 629358, 170557, 170555, 61484, 61482, 61478, 61476, 61474, 61472]",0
629360,1,61471,Timema shepardi,"",eukaryota,false,,,,0.2991998226362909,4,,,91.6283,46.5,10^-13.85,,,,,,0.5235996896135091,7,,,89.0571,31.8571,10^-8.29985,,,,,,0
629358,1,61471,Timema genevievae,"",eukaryota,false,,,,0.9723994235679454,13,,,92.8667,41.9231,10^-12.0092,,,,,,0.3739997782953636,5,,,85.26,32.6,10^-10.3209,,,,,,0
170557,1,61471,Timema poppensis,"",eukaryota,false,,,,0.22439986697721817,3,,,79.466,46.0,10^-4.80588,,,,,,0.44879973395443634,6,,,94.95,30.5,10^-9.92839,,,,,,0
170555,1,61471,Timema monikensis,"",eukaryota,false,,,,2.4683985367494,33,1,26,85.6665,161.0,10^-39.2086,,,,,,0.3739997782953636,5,,,89.7,31.6,10^-9.42334,,,,,,0
61484,1,61471,Timema tahoe,"",eukaryota,false,,,,0.5235996896135091,7,,,90.4227,56.8571,10^-18.3144,,,,,,0.22439986697721817,3,,,86.1,31.6667,10^-8.123,,,,,,0
61482,1,61471,Timema podura,"",eukaryota,false,,,,,,,,,,,,,,,,0.9723994235679454,13,,,86.6333,31.5,10^-9.74912,,,,,,0
61478,1,61471,Timema douglasi,"",eukaryota,false,,,,0.2991998226362909,4,,,91.5415,43.75,10^-12.3157,,,,,,0.3739997782953636,5,,,91.38,32.8,10^-11.2647,,,,,,0
61476,1,61471,Timema cristinae,"",eukaryota,false,,,,0.3739997782953636,5,,,91.787,45.8,10^-13.6427,,,,,,0.6731996009316545,9,,,84.125,29.375,10^-8.3105,,,,,,0
61474,1,61471,Timema californicum,California timema,eukaryota,false,,,,0.14959991131814546,2,,,89.955,39.5,10^-9.09822,,,,,,0.8975994679088727,12,,,77.4,31.25,10^-7.55568,,,,,,0
61472,1,61471,Timema bartmani,"",eukaryota,false,,,,0.8227995122498,11,,,89.8755,55.5455,10^-17.353,,,,,,1.5707990688405271,21,1,8,86.2714,46.8571,10^-21.9988,,,,,,0
61417,2,61417,Spiromyces,"",eukaryota,false,,,,,,,,,,,,,,,,0.07479995565907273,1,,,60.6,33.0,10^-4.81248,,,,,[68401],0
68401,1,61417,Spiromyces aspiralis,"",eukaryota,false,,,,,,,,,,,,,,,,0.07479995565907273,1,,,60.6,33.0,10^-4.81248,,,,,,0
61413,2,61413,Martensiomyces,"",eukaryota,false,,,,,,,,,,,,,,,,0.07479995565907273,1,,,57.7,26.0,10^-3.1798,,,,,[61414],0
61414,1,61413,Martensiomyces pterosporus,"",eukaryota,false,,,,,,,,,,,,,,,,0.07479995565907273,1,,,57.7,26.0,10^-3.1798,,,,,,0
60957,2,60957,Piscicola,"",eukaryota,false,,,,0.3739997782953636,5,,,91.0026,41.6,10^-10.7928,,,,,,,,,,,,,,,,,[60958],0
60958,1,60957,Piscicola geometra,"",eukaryota,false,,,,0.3739997782953636,5,,,91.0026,41.6,10^-10.7928,,,,,,,,,,,,,,,,,,0
60940,2,60940,Branchellion,"",eukaryota,false,,,,2.169198714113109,29,,,91.2899,38.2857,10^-9.16124,,,,,,,,,,,,,,,,,[375517],0
375517,1,60940,Branchellion lobata,"",eukaryota,false,,,,2.169198714113109,29,,,91.2899,38.2857,10^-9.16124,,,,,,,,,,,,,,,,,,0
60896,2,60896,Anthophora,"",eukaryota,false,,,,0.44879973395443634,6,,,90.0782,42.8333,10^-11.1279,,,,,,,,,,,,,,,,,[478167],0
478167,1,60896,Anthophora plumipes,"",eukaryota,false,,,,0.44879973395443634,6,,,90.0782,42.8333,10^-11.1279,,,,,,,,,,,,,,,,,,0
60836,2,60836,Leistus,"",eukaryota,false,,,,0.6731996009316545,9,,,91.6051,63.2222,10^-22.1455,,,,,,,,,,,,,,,,,"[2865132, 878056]",0
2865132,1,60836,Leistus (Evanoleistus) sp. YUN 1,"",eukaryota,false,,,,0.07479995565907273,1,,,84.507,71.0,10^-20.8515,,,,,,,,,,,,,,,,,,0
878056,1,60836,Leistus spinibarbis,"",eukaryota,false,,,,0.5983996452725818,8,,,92.4924,62.25,10^-22.3072,,,,,,,,,,,,,,,,,,0
60834,2,60834,Nebria,"",eukaryota,false,,,,2.692798403726618,36,2,22,87.9467,89.6389,10^-22.8186,,,,,,,,,,,,,,,,,"[878211, 110024]",0
878211,1,60834,Nebria salina,"",eukaryota,false,,,,0.9723994235679454,13,1,6,88.817,75.3077,10^-20.7802,,,,,,,,,,,,,,,,,,0
110024,1,60834,Nebria brevicollis,"",eukaryota,false,,,,1.7203989801586728,23,1,16,87.4548,97.7391,10^-23.9708,,,,,,,,,,,,,,,,,,0
60568,2,60568,Cryptotermes,"",eukaryota,false,,,,2.0943987584540364,28,1,22,85.4658,89.5833,10^-16.0728,,,,,,46.67517233126138,624,3,592,45.2202,175.18,10^-35.7454,,,,,[105785],0
105785,1,60568,Cryptotermes secundus,"",eukaryota,false,,,,2.0943987584540364,28,1,22,85.4658,89.5833,10^-16.0728,,,,,,46.67517233126138,624,3,592,45.2202,175.18,10^-35.7454,,,,,,0
60161,2,60161,Craterostigmus,"",eukaryota,false,,,,,,,,,,,,,,,,0.07479995565907273,1,,,100.0,33.0,10^-13.3401,,,,,[60162],0
60162,1,60161,Craterostigmus tasmanianus,"",eukaryota,false,,,,,,,,,,,,,,,,0.07479995565907273,1,,,100.0,33.0,10^-13.3401,,,,,,0
59739,2,59739,Flammeovirga,"",bacteria,false,,,,,,,,,,,,,,,,0.07479995565907273,1,,,69.7,33.0,10^-6.19179,,,,,[367791],0
367791,1,59739,Flammeovirga yaeyamensis,"",bacteria,false,,,,,,,,,,,,,,,,0.07479995565907273,1,,,69.7,33.0,10^-6.19179,,,,,,0
59734,2,59734,Empedobacter,"",bacteria,false,,,,5.834396541407672,78,3,63,91.2435,318.289,10^-112.22,,,,,,0.07479995565907273,1,,,60.6,33.0,10^-5.4437,,,,,"[2491114, 1628248, 343874, 247]",0
2491114,1,59734,Empedobacter tilapiae,"",bacteria,false,,,,,,,,,,,,,,,,0.07479995565907273,1,,,60.6,33.0,10^-5.4437,,,,,,0
1628248,1,59734,Empedobacter stercoris,"",bacteria,false,,,,0.07479995565907273,1,,,98.99,99.0,10^-53.644,,,,,,,,,,,,,,,,,,0
343874,1,59734,Empedobacter falsenii,"",bacteria,false,,,,2.0195988027949636,27,2,23,92.26,267.556,10^-98.7114,,,,,,,,,,,,,,,,,,0
247,1,59734,Empedobacter brevis,"",bacteria,false,,,,3.7399977829536364,50,1,40,90.5103,351.396,10^-121.039,,,,,,,,,,,,,,,,,,0
59732,2,59732,Chryseobacterium,"",bacteria,false,,,,1.4211991575223817,19,,,98.2664,97.6316,10^-51.8452,,,,,,1.7203989801586728,23,1,4,90.4078,39.0435,10^-12.1186,,,,,"[2920939, 2713414, 2056862, 2015076, 1978493, 1871047, 1736361, 1721091, 651561, 536441, 421058, 295069, 259322, 254, 253]",0
2920939,1,59732,Chryseobacterium sp. Y16C,"",bacteria,false,,,,0.14959991131814546,2,,,92.941,85.0,10^-37.2418,,,,,,,,,,,,,,,,,,0
2713414,1,59732,Chryseobacterium sp. POL2,"",bacteria,false,,,,,,,,,,,,,,,,0.07479995565907273,1,,,100.0,32.0,10^-10.1373,,,,,,0
2056862,1,59732,Chryseobacterium sp. HMWF028,"",bacteria,false,,,,,,,,,,,,,,,,0.07479995565907273,1,,,90.9,33.0,10^-8.59007,,,,,,0
2015076,1,59732,Chryseobacterium sp. T16E-39,"",bacteria,false,,,,0.07479995565907273,1,,,89.109,101.0,10^-41.284,,,,,,,,,,,,,,,,,,0
1978493,1,59732,Chryseobacterium candidae,"",bacteria,false,,,,,,,,,,,,,,,,0.07479995565907273,1,,,97.0,33.0,10^-10.382,,,,,,0
1871047,1,59732,Chryseobacterium sp.,"",bacteria,false,,,,,,,,,,,,,,,,0.44879973395443634,6,,,97.4667,33.0,10^-11.6985,,,,,,0
1736361,1,59732,Chryseobacterium sp. Leaf394,"",bacteria,false,,,,,,,,,,,,,,,,0.2991998226362909,4,1,4,59.42,69.0,10^-16.3904,,,,,,0
1721091,1,59732,Chryseobacterium sp. IHB B 17019,"",bacteria,false,,,,,,,,,,,,,,,,0.14959991131814546,2,,,89.05,32.0,10^-8.16138,,,,,,0
651561,1,59732,Chryseobacterium arthrosphaerae,"",bacteria,false,,,,,,,,,,,,,,,,0.07479995565907273,1,,,100.0,32.0,10^-11.5817,,,,,,0
536441,1,59732,Chryseobacterium taklimakanense,"",bacteria,false,,,,,,,,,,,,,,,,0.14959991131814546,2,,,100.0,32.5,10^-12.0226,,,,,,0
421058,1,59732,Chryseobacterium oranimense,"",bacteria,false,,,,,,,,,,,,,,,,0.07479995565907273,1,,,100.0,33.0,10^-10.7878,,,,,,0
295069,1,59732,Chryseobacterium taichungense,"",bacteria,false,,,,,,,,,,,,,,,,0.07479995565907273,1,,,100.0,33.0,10^-12.4101,,,,,,0
259322,1,59732,uncultured Chryseobacterium sp.,"",bacteria,false,,,,,,,,,,,,,,,,0.07479995565907273,1,,,100.0,33.0,10^-13.7122,,,,,,0
254,1,59732,Chryseobacterium indoltheticum,"",bacteria,false,,,,0.14959991131814546,2,,,98.02,101.0,10^-53.6353,,,,,,0.14959991131814546,2,,,95.45,33.0,10^-12.5034,,,,,,0
253,1,59732,Chryseobacterium indologenes,"",bacteria,false,,,,1.0471993792270182,14,,,99.7164,98.7143,10^-54.43,,,,,,,,,,,,,,,,,,0
59585,2,59585,Corynespora,"",eukaryota,false,,,,0.22439986697721817,3,,,100.0,94.6667,10^-52.0627,,,,,,,,,,,,,,,,,[59586],0
59586,1,59585,Corynespora cassiicola,"",eukaryota,false,,,,0.22439986697721817,3,,,100.0,94.6667,10^-52.0627,,,,,,,,,,,,,,,,,,0
58823,2,58823,Plodia,"",eukaryota,false,,,,0.5235996896135091,7,,,95.4713,53.7143,10^-19.9337,,,,,,0.22439986697721817,3,,,91.9333,33.0,10^-12.372,,,,,[58824],0
58824,1,58823,Plodia interpunctella,Indianmeal moth,eukaryota,false,,,,0.5235996896135091,7,,,95.4713,53.7143,10^-19.9337,,,,,,0.22439986697721817,3,,,91.9333,33.0,10^-12.372,,,,,,0
58783,2,58783,Hanseniella,"",eukaryota,false,,,,0.07479995565907273,1,,,90.805,87.0,10^-35.8593,,,,,,,,,,,,,,,,,[681527],0
681527,1,58783,Hanseniella sp. 'Han2',"",eukaryota,false,,,,0.07479995565907273,1,,,90.805,87.0,10^-35.8593,,,,,,,,,,,,,,,,,,0
58781,2,58781,Dinothrombium,"",eukaryota,false,,,,,,,,,,,,,,,,0.22439986697721817,3,,,86.4667,31.3333,10^-8.70129,,,,,[1965070],0
1965070,1,58781,Dinothrombium tinctorium,"",eukaryota,false,,,,,,,,,,,,,,,,0.22439986697721817,3,,,86.4667,31.3333,10^-8.70129,,,,,,0
58738,2,58738,Fopius,"",eukaryota,false,,,,0.14959991131814546,2,,,89.9495,67.0,10^-22.2763,,,,,,0.22439986697721817,3,,,88.8667,32.6667,10^-11.6605,,,,,[64838],0
64838,1,58738,Fopius arisanus,"",eukaryota,false,,,,0.14959991131814546,2,,,89.9495,67.0,10^-22.2763,,,,,,0.22439986697721817,3,,,88.8667,32.6667,10^-11.6605,,,,,,0
58670,2,58670,Hypsibius,"",eukaryota,false,,,,,,,,,,,,,,,,0.07479995565907273,1,,,64.5,31.0,10^-6.13787,,,,,[2072580],0
2072580,1,58670,Hypsibius exemplaris,"",eukaryota,false,,,,,,,,,,,,,,,,0.07479995565907273,1,,,64.5,31.0,10^-6.13787,,,,,,0
58050,2,58050,Moritella,"",bacteria,false,,,,0.22439986697721817,3,,,90.1157,40.0,10^-9.43581,,,,,,,,,,,,,,,,,"[2746230, 90736]",0
2746230,1,58050,Moritella sp. 24,"",bacteria,false,,,,0.07479995565907273,1,,,94.737,38.0,10^-10.8302,,,,,,,,,,,,,,,,,,0
90736,1,58050,Moritella marina,"",bacteria,false,,,,0.14959991131814546,2,,,87.805,41.0,10^-8.73863,,,,,,,,,,,,,,,,,,0
58001,2,58001,Daktulosphaira,"",eukaryota,false,,,,0.3739997782953636,5,,,86.0868,65.0,10^-18.9821,,,,,,1.346399201863309,18,,,75.8389,30.1667,10^-6.39563,,,,,[58002],0
58002,1,58001,Daktulosphaira vitifoliae,grape phylloxera,eukaryota,false,,,,0.3739997782953636,5,,,86.0868,65.0,10^-18.9821,,,,,,1.346399201863309,18,,,75.8389,30.1667,10^-6.39563,,,,,,0
57632,2,57632,Neptunea,"",eukaryota,false,,,,,,,,,,,,,,,,0.14959991131814546,2,,,73.05,31.5,10^-4.99142,,,,,[458030],0
458030,1,57632,Neptunea arthritica,"",eukaryota,false,,,,,,,,,,,,,,,,0.14959991131814546,2,,,73.05,31.5,10^-4.99142,,,,,,0
57515,2,57515,Nicrophorus,sexton beetles,eukaryota,false,,,,1.4211991575223817,19,2,10,87.8672,79.1053,10^-18.4832,,,,,,0.8227995122498,11,,,96.1091,28.7273,10^-8.29931,,,,,"[307049, 110193]",0
307049,1,57515,Nicrophorus nepalensis,"",eukaryota,false,,,,0.14959991131814546,2,,,91.071,56.0,10^-18.896,,,,,,,,,,,,,,,,,,0
110193,1,57515,Nicrophorus vespilloides,"",eukaryota,false,,,,1.2715992462042363,17,2,10,87.4902,81.8235,10^-18.4346,,,,,,0.8227995122498,11,,,96.1091,28.7273,10^-8.29931,,,,,,0
57499,2,57499,Kytococcus,"",bacteria,false,,,,0.07479995565907273,1,,,100.0,101.0,10^-56.3801,,,,,,,,,,,,,,,,,[1276],0
1276,1,57499,Kytococcus sedentarius,"",bacteria,false,,,,0.07479995565907273,1,,,100.0,101.0,10^-56.3801,,,,,,,,,,,,,,,,,,0
57494,2,57494,Nesterenkonia,"",bacteria,false,,,,0.14959991131814546,2,,,89.535,86.0,10^-33.8058,,,,,,0.14959991131814546,2,,,100.0,32.5,10^-12.1584,,,,,"[2600320, 1882340, 150832]",0
2600320,1,57494,Nesterenkonia sp. NBAIMH1,"",bacteria,false,,,,0.14959991131814546,2,,,89.535,86.0,10^-33.8058,,,,,,,,,,,,,,,,,,0
1882340,1,57494,Nesterenkonia cremea,"",bacteria,false,,,,,,,,,,,,,,,,0.07479995565907273,1,,,100.0,33.0,10^-12.2967,,,,,,0
150832,1,57494,Nesterenkonia lacusekhoensis,"",bacteria,false,,,,,,,,,,,,,,,,0.07479995565907273,1,,,100.0,32.0,10^-12.02,,,,,,0
57493,2,57493,Kocuria,"",bacteria,false,,,,0.2991998226362909,4,,,99.7093,93.25,10^-50.755,,,,,,0.22439986697721817,3,,,97.9333,32.0,10^-11.8477,,,,,"[1176249, 71999, 1275]",0
1176249,1,57493,Kocuria dechangensis,"",bacteria,false,,,,,,,,,,,,,,,,0.22439986697721817,3,,,97.9333,32.0,10^-11.8477,,,,,,0
71999,1,57493,Kocuria palustris,"",bacteria,false,,,,0.14959991131814546,2,,,99.4185,86.0,10^-45.4709,,,,,,,,,,,,,,,,,,0
1275,1,57493,Kocuria rosea,"",bacteria,false,,,,0.14959991131814546,2,,,100.0,100.5,10^-56.0391,,,,,,,,,,,,,,,,,,0
57295,2,57295,Nymphon,"",eukaryota,false,,,,,,,,,,,,,,,,0.3739997782953636,5,,,82.5,32.0,10^-7.60038,,,,,[424472],0
424472,1,57295,Nymphon striatum,"",eukaryota,false,,,,,,,,,,,,,,,,0.3739997782953636,5,,,82.5,32.0,10^-7.60038,,,,,,0
57133,2,57133,Hydnum,"",eukaryota,false,,,,,,,,,,,,,,,,0.07479995565907273,1,,,100.0,33.0,10^-13.0092,,,,,[139363],0
139363,1,57133,Hydnum rufescens,"",eukaryota,false,,,,,,,,,,,,,,,,0.07479995565907273,1,,,100.0,33.0,10^-13.0092,,,,,,0
57077,2,57077,Dicrocoelium,"",eukaryota,false,,,,,,,,,,,,,,,,0.2991998226362909,4,,,65.65,31.25,10^-6.48992,,,,,[57078],1
57078,1,57077,Dicrocoelium dendriticum,"",eukaryota,false,,,,,,,,,,,,,,,,0.2991998226362909,4,,,65.65,31.25,10^-6.48992,,,,,,1
56747,2,56747,Fibularhizoctonia,"",eukaryota,false,,,,,,,,,,,,,,,,0.14959991131814546,2,,,96.7,30.0,10^-15.4225,,,,,[436010],0
436010,1,56747,Fibularhizoctonia sp. CBS 109695,"",eukaryota,false,,,,,,,,,,,,,,,,0.14959991131814546,2,,,96.7,30.0,10^-15.4225,,,,,,0
56621,2,56621,Pseudomyrmex,"",eukaryota,false,,,,0.6731996009316545,9,,,89.1061,69.8889,10^-24.5222,,,,,,0.2991998226362909,4,,,80.725,31.25,10^-9.06368,,,,,[219809],0
219809,1,56621,Pseudomyrmex gracilis,"",eukaryota,false,,,,0.6731996009316545,9,,,89.1061,69.8889,10^-24.5222,,,,,,0.2991998226362909,4,,,80.725,31.25,10^-9.06368,,,,,,0
56587,2,56587,Furcula,"",eukaryota,false,,,,0.2991998226362909,4,,,89.6338,53.25,10^-14.6495,,,,,,,,,,,,,,,,,[987943],0
987943,1,56587,Furcula furcula,"",eukaryota,false,,,,0.2991998226362909,4,,,89.6338,53.25,10^-14.6495,,,,,,,,,,,,,,,,,,0
56534,2,56534,Pulicaria,"",eukaryota,false,,,,0.14959991131814546,2,,,93.84,40.0,10^-11.4942,,,,,,,,,,,,,,,,,[56535],0
56535,1,56534,Pulicaria dysenterica,"",eukaryota,false,,,,0.14959991131814546,2,,,93.84,40.0,10^-11.4942,,,,,,,,,,,,,,,,,,0
56489,2,56489,Thelephora,"",eukaryota,false,,,,0.14959991131814546,2,,,99.01,100.5,10^-54.6668,,,,,,0.07479995565907273,1,,,71.0,31.0,10^-7.82102,,,,,"[654496, 370292]",0
654496,1,56489,Thelephora aurantiotincta,"",eukaryota,false,,,,0.07479995565907273,1,,,100.0,100.0,10^-55.6982,,,,,,,,,,,,,,,,,,0
370292,1,56489,Thelephora ganbajun,"",eukaryota,false,,,,0.07479995565907273,1,,,98.02,101.0,10^-53.6353,,,,,,0.07479995565907273,1,,,71.0,31.0,10^-7.82102,,,,,,0
56393,2,56393,Meganola,"",eukaryota,false,,,,0.14959991131814546,2,,,78.7605,92.0,10^-23.4858,,,,,,,,,,,,,,,,,[987977],0
987977,1,56393,Meganola albula,"",eukaryota,false,,,,0.14959991131814546,2,,,78.7605,92.0,10^-23.4858,,,,,,,,,,,,,,,,,,0
56391,2,56391,Lithophane,"",eukaryota,false,,,,0.07479995565907273,1,,,94.872,39.0,10^-11.5051,,,,,,,,,,,,,,,,,[1870035],0
1870035,1,56391,Lithophane leautieri,"",eukaryota,false,,,,0.07479995565907273,1,,,94.872,39.0,10^-11.5051,,,,,,,,,,,,,,,,,,0
56375,2,56375,Catocala,"",eukaryota,false,,,,0.5235996896135091,7,,,85.4791,65.1429,10^-18.4477,,,,,,,,,,,,,,,,,[423510],0
423510,1,56375,Catocala fraxini,"",eukaryota,false,,,,0.5235996896135091,7,,,85.4791,65.1429,10^-18.4477,,,,,,,,,,,,,,,,,,0
56365,2,56365,Amphipyra,"",eukaryota,false,,,,0.6731996009316545,9,,,88.2351,68.8889,10^-23.094,,,,,,,,,,,,,,,,,"[987877, 689058]",0
987877,1,56365,Amphipyra berbera,"",eukaryota,false,,,,0.3739997782953636,5,,,87.7844,77.2,10^-27.0053,,,,,,,,,,,,,,,,,,0
689058,1,56365,Amphipyra tragopoginis,"",eukaryota,false,,,,0.2991998226362909,4,,,88.7985,58.5,10^-18.2049,,,,,,,,,,,,,,,,,,0
56362,2,56362,Acronicta,"",eukaryota,false,,,,1.8699988914768182,25,1,20,88.6961,84.0435,10^-18.4395,,,,,,,,,,,,,,,,,"[987865, 987862]",0
987865,1,56362,Acronicta psi,"",eukaryota,false,,,,0.22439986697721817,3,,,91.5993,53.6667,10^-17.8042,,,,,,,,,,,,,,,,,,0
987862,1,56362,Acronicta leporina,"",eukaryota,false,,,,1.6455990244996,22,1,20,88.2606,88.6,10^-18.5347,,,,,,,,,,,,,,,,,,0
56178,2,56178,Limacella,"",eukaryota,false,,,,0.07479995565907273,1,,,100.0,101.0,10^-56.3801,,,,,,,,,,,,,,,,,[67741],0
67741,1,56178,Limacella glioderma,"",eukaryota,false,,,,0.07479995565907273,1,,,100.0,101.0,10^-56.3801,,,,,,,,,,,,,,,,,,0
56096,2,56096,Gerris,"",eukaryota,false,,,,5.086396984816945,68,1,63,83.5309,130.897,10^-20.8412,,,,,,,,,,,,,,,,,[108914],0
108914,1,56096,Gerris lacustris,"",eukaryota,false,,,,5.086396984816945,68,1,63,83.5309,130.897,10^-20.8412,,,,,,,,,,,,,,,,,,0
55918,2,55918,Heterospilus,"",eukaryota,false,,,,0.07479995565907273,1,,,88.462,78.0,10^-28.3587,,,,,,,,,,,,,,,,,[1096498],0
1096498,1,55918,Heterospilus sp. SM97,"",eukaryota,false,,,,0.07479995565907273,1,,,88.462,78.0,10^-28.3587,,,,,,,,,,,,,,,,,,0
55709,2,55709,Cerastoderma,"",eukaryota,false,,,,0.6731996009316545,9,,,86.3661,46.0,10^-10.1491,,,,,,,,,,,,,,,,,[55710],0
55710,1,55709,Cerastoderma edule,"",eukaryota,false,,,,0.6731996009316545,9,,,86.3661,46.0,10^-10.1491,,,,,,,,,,,,,,,,,,0
55193,2,55193,Malassezia,"",eukaryota,false,,,,0.8975994679088727,12,,,98.6212,96.1667,10^-52.1786,,,,,,0.44879973395443634,6,,,95.3,32.5,10^-12.0139,,,,,"[1514897, 76777, 76775, 76774, 76773]",0
1514897,1,55193,Malassezia arunalokei,"",eukaryota,false,,,,0.14959991131814546,2,,,99.505,101.0,10^-55.6939,,,,,,,,,,,,,,,,,,0
76777,1,55193,Malassezia sympodialis,"",eukaryota,false,,,,0.07479995565907273,1,,,100.0,101.0,10^-56.3801,,,,,,,,,,,,,,,,,,0
76775,1,55193,Malassezia restricta,"",eukaryota,false,,,,0.44879973395443634,6,,,100.0,100.667,10^-56.1528,,,,,,0.44879973395443634,6,,,95.3,32.5,10^-12.0139,,,,,,0
76774,1,55193,Malassezia obtusa,"",eukaryota,false,,,,0.14959991131814546,2,,,92.222,73.0,10^-32.5391,,,,,,,,,,,,,,,,,,0
76773,1,55193,Malassezia globosa,"",eukaryota,false,,,,0.07479995565907273,1,,,100.0,101.0,10^-56.3801,,,,,,,,,,,,,,,,,,0
55087,2,55087,Bacillus,"",eukaryota,false,,,,0.07479995565907273,1,,,92.105,38.0,10^-9.45781,,,,,,,,,,,,,,,,,[36825],0
36825,1,55087,Bacillus atticus,"",eukaryota,false,,,,0.07479995565907273,1,,,92.105,38.0,10^-9.45781,,,,,,,,,,,,,,,,,,0
55080,2,55080,Brevibacillus,"",bacteria,false,,,,0.07479995565907273,1,,,100.0,40.0,10^-14.925,,,,,,0.14959991131814546,2,,,87.9,33.0,10^-11.5993,,,,,"[1118054, 1393]",1
1118054,1,55080,Brevibacillus massiliensis,"",bacteria,false,,,,,,,,,,,,,,,,0.14959991131814546,2,,,87.9,33.0,10^-11.5993,,,,,,0
1393,1,55080,Brevibacillus brevis,"",bacteria,false,,,,0.07479995565907273,1,,,100.0,40.0,10^-14.925,,,,,,,,,,,,,,,,,,1
55077,2,55077,Monomorium,"",eukaryota,false,,,,0.14959991131814546,2,,,91.6665,42.5,10^-11.8116,,,,,,1.5707990688405271,21,1,5,74.4845,36.7619,10^-8.96251,,,,,[307658],0
307658,1,55077,Monomorium pharaonis,pharaoh ant,eukaryota,false,,,,0.14959991131814546,2,,,91.6665,42.5,10^-11.8116,,,,,,1.5707990688405271,21,1,5,74.4845,36.7619,10^-8.96251,,,,,,0
55067,2,55067,Phaeosphaeria,"",eukaryota,false,,,,,,,,,,,,,,,,0.07479995565907273,1,,,90.6,32.0,10^-9.05601,,,,,[2821754],0
2821754,1,55067,Phaeosphaeria sp. MPI-PUGE-AT-0046c,"",eukaryota,false,,,,,,,,,,,,,,,,0.07479995565907273,1,,,90.6,32.0,10^-9.05601,,,,,,0
55056,2,55056,Mamestra,"",eukaryota,false,,,,1.346399201863309,18,2,15,85.8319,77.5,10^-11.7586,,,,,,,,,,,,,,,,,[55057],0
55057,1,55056,Mamestra brassicae,cabbage moth,eukaryota,false,,,,1.346399201863309,18,2,15,85.8319,77.5,10^-11.7586,,,,,,,,,,,,,,,,,,0
54968,2,54968,Polypedilum,"",eukaryota,false,,,,0.14959991131814546,2,,,94.681,58.0,10^-23.692,,,,,,5.609996674430454,75,1,8,86.0502,34.5972,10^-10.2235,,,,,"[2834124, 319348]",0
2834124,1,54968,Polypedilum udominutum,"",eukaryota,false,,,,0.07479995565907273,1,,,100.0,69.0,10^-34.5876,,,,,,,,,,,,,,,,,,0
319348,1,54968,Polypedilum vanderplanki,sleeping chironomid,eukaryota,false,,,,0.07479995565907273,1,,,89.362,47.0,10^-12.7964,,,,,,5.609996674430454,75,1,8,86.0502,34.5972,10^-10.2235,,,,,,0
54954,2,54954,Telopea,"",eukaryota,false,,,,0.14959991131814546,2,,,92.0,50.0,10^-16.2005,,,,,,,,,,,,,,,,,[54955],0
54955,1,54954,Telopea speciosissima,"",eukaryota,false,,,,0.14959991131814546,2,,,92.0,50.0,10^-16.2005,,,,,,,,,,,,,,,,,,0
54298,2,54298,Chroococcidiopsis,"",bacteria,false,,,,0.5983996452725818,8,,,99.75,100.5,10^-55.696,,,,,,,,,,,,,,,,,[259957],0
259957,1,54298,uncultured Chroococcidiopsis sp.,"",bacteria,false,,,,0.5983996452725818,8,,,99.75,100.5,10^-55.696,,,,,,,,,,,,,,,,,,0
53567,2,53567,Tripteroides,"",eukaryota,false,,,,0.07479995565907273,1,,,86.598,97.0,10^-34.4397,,,,,,,,,,,,,,,,,[53568],0
53568,1,53567,Tripteroides bambusa,"",eukaryota,false,,,,0.07479995565907273,1,,,86.598,97.0,10^-34.4397,,,,,,,,,,,,,,,,,,0
53551,2,53551,Sabethes,"",eukaryota,false,,,,387.98737000361024,5187,81,3126,86.2229,149.828,10^-35.2868,,,,,,749.1963558812724,10016,216,3235,79.8471,57.2569,10^-21.1808,,,,,"[218602, 53552]",0
218602,1,53551,Sabethes sp. PP-2003,"",eukaryota,false,,,,31.86478111076498,426,1,426,82.517,143.0,10^-22.5528,,,,,,,,,,,,,,,,,,0
53552,1,53551,Sabethes cyaneus,"",eukaryota,false,,,,356.1225888928452,4761,80,2700,86.5551,150.44,10^-36.4285,,,,,,749.1963558812724,10016,216,3235,79.8471,57.2569,10^-21.1808,,,,,,0
53475,2,53475,Mesorhabditis,"",eukaryota,false,,,,,,,,,,,,,,,,0.14959991131814546,2,,,72.4,32.5,10^-8.49339,,,,,"[2138241, 96644]",0
2138241,1,53475,Mesorhabditis belari,"",eukaryota,false,,,,,,,,,,,,,,,,0.07479995565907273,1,,,78.1,32.0,10^-10.1391,,,,,,0
96644,1,53475,Mesorhabditis spiculigera,"",eukaryota,false,,,,,,,,,,,,,,,,0.07479995565907273,1,,,66.7,33.0,10^-6.84771,,,,,,0
53460,2,53460,Nakamurella,"",bacteria,false,,,,0.14959991131814546,2,,,98.005,100.5,10^-53.2944,,,,,,,,,,,,,,,,,[1170126],0
1170126,1,53460,Nakamurella sp. L1944,"",bacteria,false,,,,0.14959991131814546,2,,,98.005,100.5,10^-53.2944,,,,,,,,,,,,,,,,,,0
53387,2,53387,Friedmanniella,"",bacteria,false,,,,0.14959991131814546,2,,,98.515,101.0,10^-54.3215,,,,,,,,,,,,,,,,,[546871],0
546871,1,53387,Friedmanniella luteola,"",bacteria,false,,,,0.14959991131814546,2,,,98.515,101.0,10^-54.3215,,,,,,,,,,,,,,,,,,0
53337,2,53337,Cylicocyclus,"",eukaryota,false,,,,,,,,,,,,,,,,0.07479995565907273,1,,,70.8,24.0,10^-5.08725,,,,,[53992],0
53992,1,53337,Cylicocyclus nassatus,"",eukaryota,false,,,,,,,,,,,,,,,,0.07479995565907273,1,,,70.8,24.0,10^-5.08725,,,,,,0
53335,2,53335,Pantoea,"",bacteria,false,,,,2.169198714113109,29,,,98.5962,90.7586,10^-47.5108,,,,,,4.787197162180655,64,,,95.4767,29.25,10^-10.5396,,,,,"[3028622, 3024247, 2654188, 2490851, 2161819, 472695, 69393, 66269, 59814, 55209, 553, 549]",0
3028622,1,53335,Pantoea sp. Lij88,"",bacteria,false,,,,0.07479995565907273,1,,,98.02,101.0,10^-53.6353,,,,,,,,,,,,,,,,,,0
3024247,1,53335,Pantoea sp. SS70,"",bacteria,false,,,,0.22439986697721817,3,,,100.0,95.6667,10^-52.7443,,,,,,,,,,,,,,,,,,0
2654188,1,53335,Pantoea sp. BAV 3049,"",bacteria,false,,,,,,,,,,,,,,,,0.07479995565907273,1,,,96.7,30.0,10^-9.49621,,,,,,0
2490851,1,53335,Pantoea sp. CCBC3-3-1,"",bacteria,false,,,,0.07479995565907273,1,,,88.119,101.0,10^-39.9116,,,,,,0.14959991131814546,2,,,90.75,32.5,10^-10.1586,,,,,,0
2161819,1,53335,[Erwinia] mediterraneensis,"",bacteria,false,,,,,,,,,,,,,,,,0.07479995565907273,1,,,100.0,26.0,10^-7.12263,,,,,,0
472695,1,53335,Pantoea septica,"",bacteria,false,,,,0.07479995565907273,1,,,92.157,102.0,10^-46.083,,,,,,,,,,,,,,,,,,0
69393,1,53335,Pantoea sp.,"",bacteria,false,,,,0.14959991131814546,2,,,100.0,78.0,10^-40.7161,,,,,,,,,,,,,,,,,,0
66269,1,53335,Pantoea stewartii,"",bacteria,false,,,,0.07479995565907273,1,,,99.01,101.0,10^-55.0077,,,,,,,,,,,,,,,,,,0
59814,1,53335,Pantoea dispersa,"",bacteria,false,,,,0.6731996009316545,9,,,99.67,92.4444,10^-50.094,,,,,,0.14959991131814546,2,,,100.0,32.5,10^-10.4719,,,,,,0
55209,1,53335,Pantoea cypripedii,"",bacteria,false,,,,,,,,,,,,,,,,0.07479995565907273,1,,,90.9,33.0,10^-12.6819,,,,,,0
553,1,53335,Pantoea ananatis,"",bacteria,false,,,,0.3739997782953636,5,,,98.6666,82.4,10^-42.0625,,,,,,4.039197605589927,54,,,95.676,28.74,10^-10.6266,,,,,,0
549,1,53335,Pantoea agglomerans,"",bacteria,false,,,,0.44879973395443634,6,,,98.6033,90.0,10^-47.0588,,,,,,0.22439986697721817,3,,,91.9,33.0,10^-10.1618,,,,,,0
53246,2,53246,Pseudoalteromonas,"",bacteria,false,,,,,,,,,,,,,,,,0.14959991131814546,2,,,100.0,17.0,10^-3.88606,,,,,[2066515],0
2066515,1,53246,Pseudoalteromonas sp. S558,"",bacteria,false,,,,,,,,,,,,,,,,0.14959991131814546,2,,,100.0,17.0,10^-3.88606,,,,,,0
52959,2,52959,Polaribacter,"",bacteria,false,,,,0.14959991131814546,2,,,87.179,39.0,10^-7.38798,,,,,,,,,,,,,,,,,[754397],0
754397,1,52959,Polaribacter sp. SA4-10,"",bacteria,false,,,,0.14959991131814546,2,,,87.179,39.0,10^-7.38798,,,,,,,,,,,,,,,,,,0
52939,2,52939,Tridacna,"",eukaryota,false,,,,0.3739997782953636,5,,,90.965,37.6,10^-8.63909,,,,,,,,,,,,,,,,,"[80833, 80829]",0
80833,1,52939,Tridacna crocea,"",eukaryota,false,,,,0.14959991131814546,2,,,97.368,38.0,10^-12.2026,,,,,,,,,,,,,,,,,,0
80829,1,52939,Tridacna gigas,"",eukaryota,false,,,,0.22439986697721817,3,,,86.6963,37.3333,10^-6.26344,,,,,,,,,,,,,,,,,,0
52927,2,52927,Nerita,"",eukaryota,false,,,,0.07479995565907273,1,,,90.0,50.0,10^-14.8281,,,,,,,,,,,,,,,,,[52928],0
52928,1,52927,Nerita albicilla,"",eukaryota,false,,,,0.07479995565907273,1,,,90.0,50.0,10^-14.8281,,,,,,,,,,,,,,,,,,0
52733,2,52733,Dilophus,"",eukaryota,false,,,,5.609996674430454,75,2,68,83.862,231.928,10^-52.2151,,,,,,,,,,,,,,,,,[52734],0
52734,1,52733,Dilophus febrilis,"",eukaryota,false,,,,5.609996674430454,75,2,68,83.862,231.928,10^-52.2151,,,,,,,,,,,,,,,,,,0
52633,2,52633,Diprion,"",eukaryota,false,,,,0.14959991131814546,2,,,87.424,62.5,10^-18.5209,,,,,,0.2991998226362909,4,,,94.125,33.25,10^-10.3448,,,,,[362088],0
362088,1,52633,Diprion similis,"",eukaryota,false,,,,0.14959991131814546,2,,,87.424,62.5,10^-18.5209,,,,,,0.2991998226362909,4,,,94.125,33.25,10^-10.3448,,,,,,0
52282,2,52282,Sarcoptes,"",eukaryota,false,,,,0.5983996452725818,8,,,92.1788,59.6667,10^-21.6177,,,,,,0.07479995565907273,1,,,100.0,28.0,10^-10.9914,,,,,[52283],1
52283,1,52282,Sarcoptes scabiei,"",eukaryota,false,,,,0.5983996452725818,8,,,92.1788,59.6667,10^-21.6177,,,,,,0.07479995565907273,1,,,100.0,28.0,10^-10.9914,,,,,,1
51829,2,51829,Ricordea,"",eukaryota,false,,,,0.14959991131814546,2,,,90.3265,41.5,10^-10.4496,,,,,,,,,,,,,,,,,[165100],0
165100,1,51829,Ricordea florida,"",eukaryota,false,,,,0.14959991131814546,2,,,90.3265,41.5,10^-10.4496,,,,,,,,,,,,,,,,,,0
51727,2,51727,Chloromonas,"",eukaryota,false,,,,0.07479995565907273,1,,,100.0,62.0,10^-29.8308,,,,,,,,,,,,,,,,,[2998296],0
2998296,1,51727,Chloromonas sp.,"",eukaryota,false,,,,0.07479995565907273,1,,,100.0,62.0,10^-29.8308,,,,,,,,,,,,,,,,,,0
51654,2,51654,Plutella,"",eukaryota,false,,,,0.9723994235679454,13,,,92.331,47.0769,10^-13.9184,,,,,,21.317987362835726,285,10,140,65.5499,71.7077,10^-22.0134,,,,,[51655],0
51655,1,51654,Plutella xylostella,diamondback moth,eukaryota,false,,,,0.9723994235679454,13,,,92.331,47.0769,10^-13.9184,,,,,,21.317987362835726,285,10,140,65.5499,71.7077,10^-22.0134,,,,,,0
51649,2,51649,Sacculina,"",eukaryota,false,,,,0.5983996452725818,8,,,89.1121,47.0,10^-12.8134,,,,,,,,,,,,,,,,,[51650],0
51650,1,51649,Sacculina carcini,"",eukaryota,false,,,,0.5983996452725818,8,,,89.1121,47.0,10^-12.8134,,,,,,,,,,,,,,,,,,0
51621,2,51621,Rhaphigaster,"",eukaryota,false,,,,0.14959991131814546,2,,,91.892,37.0,10^-8.78321,,,,,,,,,,,,,,,,,[51622],0
51622,1,51621,Rhaphigaster nebulosa,"",eukaryota,false,,,,0.14959991131814546,2,,,91.892,37.0,10^-8.78321,,,,,,,,,,,,,,,,,,0
51538,2,51538,Microplitis,"",eukaryota,false,,,,0.8227995122498,11,,,89.5143,59.9091,10^-19.3247,,,,,,1.346399201863309,18,,,84.0765,29.7059,10^-7.266,,,,,"[1427173, 375433, 69319]",0
1427173,1,51538,Microplitis manilae,"",eukaryota,false,,,,0.2991998226362909,4,,,90.0707,49.0,10^-13.4996,,,,,,,,,,,,,,,,,,0
375433,1,51538,Microplitis mediator,"",eukaryota,false,,,,0.2991998226362909,4,,,89.5255,69.25,10^-24.8122,,,,,,0.5235996896135091,7,,,73.8571,30.4286,10^-5.54482,,,,,,0
69319,1,51538,Microplitis demolitor,"",eukaryota,false,,,,0.22439986697721817,3,,,88.7573,62.0,10^-19.7748,,,,,,0.8227995122498,11,,,91.23,29.2,10^-8.47082,,,,,,0
51366,2,51366,Salinivibrio,"",bacteria,false,,,,0.07479995565907273,1,,,97.297,37.0,10^-11.528,,,,,,,,,,,,,,,,,[2003370],0
2003370,1,51366,Salinivibrio sp. YCSC6,"",bacteria,false,,,,0.07479995565907273,1,,,97.297,37.0,10^-11.528,,,,,,,,,,,,,,,,,,0
51293,2,51293,Capitella,"",eukaryota,false,,,,,,,,,,,,,,,,0.2991998226362909,4,,,91.3,29.0,10^-9.1613,,,,,[283909],0
283909,1,51293,Capitella teleta,"",eukaryota,false,,,,,,,,,,,,,,,,0.2991998226362909,4,,,91.3,29.0,10^-9.1613,,,,,,0
51281,2,51281,Protula,"",eukaryota,false,,,,0.22439986697721817,3,,,82.5895,44.5,10^-6.99093,,,,,,,,,,,,,,,,,[2886755],0
2886755,1,51281,Protula sp. h YS-2021,"",eukaryota,false,,,,0.22439986697721817,3,,,82.5895,44.5,10^-6.99093,,,,,,,,,,,,,,,,,,0
51238,2,51238,Vanilla,"",eukaryota,false,,,,,,,,,,,,,,,,0.07479995565907273,1,,,83.9,31.0,10^-9.20482,,,,,[51239],0
51239,1,51238,Vanilla planifolia,"",eukaryota,false,,,,,,,,,,,,,,,,0.07479995565907273,1,,,83.9,31.0,10^-9.20482,,,,,,0
51109,2,51109,Dendronephthya,"",eukaryota,false,,,,0.07479995565907273,1,,,88.71,62.0,10^-20.2242,,,,,,0.3739997782953636,5,,,81.14,25.4,10^-3.82251,,,,,[151771],0
151771,1,51109,Dendronephthya gigantea,"",eukaryota,false,,,,0.07479995565907273,1,,,88.71,62.0,10^-20.2242,,,,,,0.3739997782953636,5,,,81.14,25.4,10^-3.82251,,,,,,0
51030,2,51030,Necator,"",eukaryota,false,,,,0.07479995565907273,1,,,86.667,60.0,10^-17.4937,,,,,,,,,,,,,,,,,[51031],1
51031,1,51030,Necator americanus,New World hookworm,eukaryota,false,,,,0.07479995565907273,1,,,86.667,60.0,10^-17.4937,,,,,,,,,,,,,,,,,,1
51027,2,51027,Enterobius,"",eukaryota,false,,,,,,,,,,,,,,,,0.44879973395443634,6,,,96.8667,32.0,10^-14.0335,,,,,[51028],1
51028,1,51027,Enterobius vermicularis,human pinworm,eukaryota,false,,,,,,,,,,,,,,,,0.44879973395443634,6,,,96.8667,32.0,10^-14.0335,,,,,,1
50607,2,50607,Sialis,"",eukaryota,false,,,,0.8227995122498,11,,,89.7821,57.8182,10^-18.5249,,,,,,0.14959991131814546,2,,,97.0,33.0,10^-13.5061,,,,,"[1735904, 279420]",0
1735904,1,50607,Sialis sp. BT0020,"",eukaryota,false,,,,,,,,,,,,,,,,0.14959991131814546,2,,,97.0,33.0,10^-13.5061,,,,,,0
279420,1,50607,Sialis lutaria,"",eukaryota,false,,,,0.8227995122498,11,,,89.7821,57.8182,10^-18.5249,,,,,,,,,,,,,,,,,,0
50596,2,50596,Stylops,"",eukaryota,false,,,,,,,,,,,,,,,,0.14959991131814546,2,,,100.0,19.0,10^-3.80967,,,,,[2793624],0
2793624,1,50596,Stylops ater,"",eukaryota,false,,,,,,,,,,,,,,,,0.14959991131814546,2,,,100.0,19.0,10^-3.80967,,,,,,0
50582,2,50582,Ephemera,"",eukaryota,false,,,,,,,,,,,,,,,,28.124783327811343,376,2,357,69.3757,33.8591,10^-12.2495,,,,,[1049336],0
1049336,1,50582,Ephemera danica,"",eukaryota,false,,,,,,,,,,,,,,,,28.124783327811343,376,2,357,69.3757,33.8591,10^-12.2495,,,,,,0
50428,2,50428,Stylophora,"",eukaryota,false,,,,,,,,,,,,,,,,0.5983996452725818,8,,,65.5875,33.0,10^-3.94311,,,,,[50429],0
50429,1,50428,Stylophora pistillata,"",eukaryota,false,,,,,,,,,,,,,,,,0.5983996452725818,8,,,65.5875,33.0,10^-3.94311,,,,,,0
50425,2,50425,Pinctada,"",eukaryota,false,,,,0.3739997782953636,5,,,88.2638,41.8,10^-9.00693,,,,,,0.07479995565907273,1,,,100.0,33.0,10^-11.1925,,,,,[50426],0
50426,1,50425,Pinctada fucata,"",eukaryota,false,,,,0.3739997782953636,5,,,88.2638,41.8,10^-9.00693,,,,,,0.07479995565907273,1,,,100.0,33.0,10^-11.1925,,,,,,0
50416,2,50416,Mimachlamys,"",eukaryota,false,,,,0.5983996452725818,8,,,89.9671,38.75,10^-8.76358,,,,,,,,,,,,,,,,,[50417],0
50417,1,50416,Mimachlamys varia,"",eukaryota,false,,,,0.5983996452725818,8,,,89.9671,38.75,10^-8.76358,,,,,,,,,,,,,,,,,,0
50385,2,50385,Diabrotica,"",eukaryota,false,,,,1.7951989358177454,24,,,89.5517,55.087,10^-16.6836,,,,,,1.4211991575223817,19,,,83.6167,29.8889,10^-7.03668,,,,,"[107213, 50389]",0
107213,1,50385,Diabrotica balteata,"",eukaryota,false,,,,,,,,,,,,,,,,0.2991998226362909,4,,,81.25,30.25,10^-7.89247,,,,,,0
50389,1,50385,Diabrotica virgifera,"",eukaryota,false,,,,1.7951989358177454,24,,,89.5517,55.087,10^-16.6836,,,,,,1.1219993348860908,15,,,84.2929,29.7857,10^-6.79217,,,,,,0
49693,2,49693,Apostasia,"",eukaryota,false,,,,,,,,,,,,,,,,0.07479995565907273,1,,,63.6,33.0,10^-4.1296,,,,,[1088818],0
1088818,1,49693,Apostasia shenzhenica,"",eukaryota,false,,,,,,,,,,,,,,,,0.07479995565907273,1,,,63.6,33.0,10^-4.1296,,,,,,0
49674,2,49674,Trillium,"",eukaryota,false,,,,0.07479995565907273,1,,,100.0,101.0,10^-56.3801,,,,,,,,,,,,,,,,,[82485],0
82485,1,49674,Trillium govanianum,"",eukaryota,false,,,,0.07479995565907273,1,,,100.0,101.0,10^-56.3801,,,,,,,,,,,,,,,,,,0
49663,2,49663,Croomia,"",eukaryota,false,,,,,,,,,,,,,,,,0.07479995565907273,1,,,100.0,33.0,10^-12.065,,,,,[167570],0
167570,1,49663,Croomia japonica,"",eukaryota,false,,,,,,,,,,,,,,,,0.07479995565907273,1,,,100.0,33.0,10^-12.065,,,,,,0
49222,2,49222,Sphaceloma,"",eukaryota,false,,,,,,,,,,,,,,,,0.07479995565907273,1,,,72.7,33.0,10^-3.71897,,,,,[2082308],0
2082308,1,49222,Sphaceloma murrayae,"",eukaryota,false,,,,,,,,,,,,,,,,0.07479995565907273,1,,,72.7,33.0,10^-3.71897,,,,,,0
48736,2,48736,Ralstonia,"",bacteria,false,,,,0.22439986697721817,3,,,90.2357,44.3333,10^-11.9069,,,,,,,,,,,,,,,,,[305],0
305,1,48736,Ralstonia solanacearum,"",bacteria,false,,,,0.22439986697721817,3,,,90.2357,44.3333,10^-11.9069,,,,,,,,,,,,,,,,,,0
48720,2,48720,Andrena,sand bees,eukaryota,false,,,,3.8147977386127088,51,,,89.7032,58.5217,10^-18.8965,,,,,,,,,,,,,,,,,"[1862692, 1542580, 1431430, 1411667, 1411666, 1190802, 1126402, 444401]",0
1862692,1,48720,Andrena camellia,"",eukaryota,false,,,,0.2991998226362909,4,,,90.9345,70.0,10^-26.6968,,,,,,,,,,,,,,,,,,0
1542580,1,48720,Andrena bucephala,"",eukaryota,false,,,,0.07479995565907273,1,,,91.304,46.0,10^-13.492,,,,,,,,,,,,,,,,,,0
1431430,1,48720,Andrena trimmerana,"",eukaryota,false,,,,0.6731996009316545,9,,,91.9029,41.5,10^-11.3074,,,,,,,,,,,,,,,,,,0
1411667,1,48720,Andrena fulva,"",eukaryota,false,,,,0.22439986697721817,3,,,93.1133,75.3333,10^-30.6832,,,,,,,,,,,,,,,,,,0
1411666,1,48720,Andrena dorsata,"",eukaryota,false,,,,0.3739997782953636,5,,,83.796,64.8,10^-15.8444,,,,,,,,,,,,,,,,,,0
1190802,1,48720,Andrena minutula,"",eukaryota,false,,,,0.44879973395443634,6,,,88.336,57.6667,10^-17.3002,,,,,,,,,,,,,,,,,,0
1126402,1,48720,Andrena hattorfiana,"",eukaryota,false,,,,0.5235996896135091,7,,,88.1306,55.1429,10^-15.9818,,,,,,,,,,,,,,,,,,0
444401,1,48720,Andrena haemorrhoa,"",eukaryota,false,,,,1.1967992905451637,16,,,90.9027,62.6667,10^-22.6298,,,,,,,,,,,,,,,,,,0
48705,2,48705,Orchesella,"",eukaryota,false,,,,,,,,,,,,,,,,0.7479995565907273,10,,,93.81,27.9,10^-8.21832,,,,,"[244980, 48709]",0
244980,1,48705,Orchesella imitari,"",eukaryota,false,,,,,,,,,,,,,,,,0.14959991131814546,2,,,100.0,20.0,10^-5.46597,,,,,,0
48709,1,48705,Orchesella cincta,"",eukaryota,false,,,,,,,,,,,,,,,,0.5983996452725818,8,,,92.2625,29.875,10^-8.90641,,,,,,0
48558,2,48558,Pyricularia,"",eukaryota,false,,,,0.2991998226362909,4,,,89.707,48.5,10^-12.7978,,,,,,,,,,,,,,,,,[318829],0
318829,1,48558,Pyricularia oryzae,"",eukaryota,false,,,,0.2991998226362909,4,,,89.707,48.5,10^-12.7978,,,,,,,,,,,,,,,,,,0
48075,2,48075,Marinobacterium,"",bacteria,false,,,,0.07479995565907273,1,,,100.0,99.0,10^-55.0164,,,,,,,,,,,,,,,,,[518898],0
518898,1,48075,Marinobacterium sediminicola,"",bacteria,false,,,,0.07479995565907273,1,,,100.0,99.0,10^-55.0164,,,,,,,,,,,,,,,,,,0
48073,2,48073,Microbulbifer,"",bacteria,false,,,,,,,,,,,,,,,,0.07479995565907273,1,,,93.9,33.0,10^-7.80134,,,,,[348147],0
348147,1,48073,uncultured Microbulbifer sp.,"",bacteria,false,,,,,,,,,,,,,,,,0.07479995565907273,1,,,93.9,33.0,10^-7.80134,,,,,,0
47833,2,47833,Zeugodacus,"",eukaryota,false,,,,0.8227995122498,11,,,88.6112,73.2727,10^-24.9128,,,,,,1.4959991131814545,20,,,84.265,30.7,10^-7.36837,,,,,[28588],0
28588,1,47833,Zeugodacus cucurbitae,melon fly,eukaryota,false,,,,0.8227995122498,11,,,88.6112,73.2727,10^-24.9128,,,,,,1.4959991131814545,20,,,84.265,30.7,10^-7.36837,,,,,,0
47830,2,47830,Lachnellula,"",eukaryota,false,,,,,,,,,,,,,,,,0.8227995122498,11,1,10,75.4855,83.9091,10^-24.0751,,,,,[1316788],0
1316788,1,47830,Lachnellula hyalina,"",eukaryota,false,,,,,,,,,,,,,,,,0.8227995122498,11,1,10,75.4855,83.9091,10^-24.0751,,,,,,0
47766,2,47766,Agrotis,"",eukaryota,false,,,,7.928795299861709,106,1,91,86.2974,86.2547,10^-15.2234,,,,,,,,,,,,,,,,,"[1857961, 997525, 215162]",0
1857961,1,47766,Agrotis puta,"",eukaryota,false,,,,0.5235996896135091,7,,,88.5211,52.2857,10^-15.6302,,,,,,,,,,,,,,,,,,0
997525,1,47766,Agrotis clavis,"",eukaryota,false,,,,0.2991998226362909,4,,,87.9977,64.75,10^-21.4157,,,,,,,,,,,,,,,,,,0
215162,1,47766,Agrotis exclamationis,heart and dart moth,eukaryota,false,,,,7.105995787611909,95,1,91,86.0619,89.6632,10^-14.9327,,,,,,,,,,,,,,,,,,0
47747,2,47747,Hyaloscypha,"",eukaryota,false,,,,,,,,,,,,,,,,0.2991998226362909,4,,,77.825,31.0,10^-7.74547,,,,,"[2482753, 2082293]",0
2482753,1,47747,Hyaloscypha finlandica,"",eukaryota,false,,,,,,,,,,,,,,,,0.14959991131814546,2,,,59.1,33.0,10^-3.65938,,,,,,0
2082293,1,47747,Hyaloscypha hepaticicola,"",eukaryota,false,,,,,,,,,,,,,,,,0.14959991131814546,2,,,96.55,29.0,10^-11.8316,,,,,,0
47732,2,47732,Cataglyphis,"",eukaryota,false,,,,0.07479995565907273,1,,,97.436,39.0,10^-12.8775,,,,,,0.14959991131814546,2,,,93.5,31.0,10^-11.6091,,,,,[1086592],0
1086592,1,47732,Cataglyphis hispanica,"",eukaryota,false,,,,0.07479995565907273,1,,,97.436,39.0,10^-12.8775,,,,,,0.14959991131814546,2,,,93.5,31.0,10^-11.6091,,,,,,0
47720,2,47720,Lyophyllum,"",eukaryota,false,,,,0.07479995565907273,1,,,85.0,40.0,10^-6.6908,,,,,,,,,,,,,,,,,[64660],0
64660,1,47720,Lyophyllum decastes,"",eukaryota,false,,,,0.07479995565907273,1,,,85.0,40.0,10^-6.6908,,,,,,,,,,,,,,,,,,0
47614,2,47614,Gossypioides,"",eukaryota,false,,,,0.07479995565907273,1,,,100.0,100.0,10^-55.6982,,,,,,,,,,,,,,,,,[47615],0
47615,1,47614,Gossypioides kirkii,"",eukaryota,false,,,,0.07479995565907273,1,,,100.0,100.0,10^-55.6982,,,,,,,,,,,,,,,,,,0
47605,2,47605,Hibiscus,"",eukaryota,false,,,,1.4959991131814545,20,1,12,92.0968,65.75,10^-19.2017,,,,,,0.3739997782953636,5,,,70.54,30.0,10^-4.98105,,,,,"[2862204, 106335]",0
2862204,1,47605,Hibiscus tridactylites,"",eukaryota,false,,,,1.4959991131814545,20,1,12,92.0968,65.75,10^-19.2017,,,,,,,,,,,,,,,,,,0
106335,1,47605,Hibiscus syriacus,"",eukaryota,false,,,,,,,,,,,,,,,,0.3739997782953636,5,,,70.54,30.0,10^-4.98105,,,,,,0
47284,2,47284,Pleodorina,"",eukaryota,false,,,,,,,,,,,,,,,,0.22439986697721817,3,,,66.7,31.0,10^-4.40389,,,,,[330485],0
330485,1,47284,Pleodorina starrii,"",eukaryota,false,,,,,,,,,,,,,,,,0.22439986697721817,3,,,66.7,31.0,10^-4.40389,,,,,,0
47251,2,47251,Leptolyngbya,"",bacteria,false,,,,0.2991998226362909,4,,,94.5,100.0,10^-47.8071,,,,,,0.07479995565907273,1,,,68.8,32.0,10^-5.29671,,,,,"[2819933, 1752064, 332963]",0
2819933,1,47251,Leptolyngbya sp. 15MV,"",bacteria,false,,,,0.14959991131814546,2,,,90.0,100.0,10^-41.2883,,,,,,,,,,,,,,,,,,0
1752064,1,47251,Leptolyngbya sp. NIES-3755,"",bacteria,false,,,,0.14959991131814546,2,,,99.0,100.0,10^-54.3258,,,,,,,,,,,,,,,,,,0
332963,1,47251,uncultured Leptolyngbya sp.,"",bacteria,false,,,,,,,,,,,,,,,,0.07479995565907273,1,,,68.8,32.0,10^-5.29671,,,,,,0
47056,2,47056,Vuilleminia,"",eukaryota,false,,,,0.14959991131814546,2,,,90.519,89.0,10^-35.8522,,,,,,,,,,,,,,,,,[47058],0
47058,1,47056,Vuilleminia comedens,"",eukaryota,false,,,,0.14959991131814546,2,,,90.519,89.0,10^-35.8522,,,,,,,,,,,,,,,,,,0
46968,2,46968,Thalictrum,"",eukaryota,false,,,,,,,,,,,,,,,,0.07479995565907273,1,,,70.4,27.0,10^-3.7167,,,,,[46969],0
46969,1,46968,Thalictrum thalictroides,"",eukaryota,false,,,,,,,,,,,,,,,,0.07479995565907273,1,,,70.4,27.0,10^-3.7167,,,,,,0
46786,2,46786,Polygonum,"",eukaryota,false,,,,0.07479995565907273,1,,,87.179,39.0,10^-7.38798,,,,,,,,,,,,,,,,,[137693],0
137693,1,46786,Polygonum aviculare,"",eukaryota,false,,,,0.07479995565907273,1,,,87.179,39.0,10^-7.38798,,,,,,,,,,,,,,,,,,0
46769,2,46769,Cenarchaeum,"",archaea,false,,,,0.07479995565907273,1,,,89.474,38.0,10^-8.08544,,,,,,,,,,,,,,,,,[355926],0
355926,1,46769,uncultured Cenarchaeum sp.,"",archaea,false,,,,0.07479995565907273,1,,,89.474,38.0,10^-8.08544,,,,,,,,,,,,,,,,,,0
46744,2,46744,Galaxea,"",eukaryota,false,,,,0.07479995565907273,1,,,80.769,52.0,10^-9.32159,,,,,,,,,,,,,,,,,[46745],0
46745,1,46744,Galaxea fascicularis,"",eukaryota,false,,,,0.07479995565907273,1,,,80.769,52.0,10^-9.32159,,,,,,,,,,,,,,,,,,0
46730,2,46730,Pocillopora,"",eukaryota,false,,,,,,,,,,,,,,,,0.07479995565907273,1,,,96.8,31.0,10^-10.251,,,,,[46731],0
46731,1,46730,Pocillopora damicornis,"",eukaryota,false,,,,,,,,,,,,,,,,0.07479995565907273,1,,,96.8,31.0,10^-10.251,,,,,,0
46719,2,46719,Porites,"",eukaryota,false,,,,1.1219993348860908,15,1,13,90.8147,55.6154,10^-10.6895,,,,,,0.5235996896135091,7,,,72.0429,31.0,10^-7.32546,,,,,"[104178, 51062]",0
104178,1,46719,Porites evermanni,"",eukaryota,false,,,,,,,,,,,,,,,,0.5235996896135091,7,,,72.0429,31.0,10^-7.32546,,,,,,0
51062,1,46719,Porites lutea,"",eukaryota,false,,,,1.1219993348860908,15,1,13,90.8147,55.6154,10^-10.6895,,,,,,,,,,,,,,,,,,0
46594,2,46594,Harmothoe,"",eukaryota,false,,,,0.5235996896135091,7,,,91.4881,46.1429,10^-13.6154,,,,,,,,,,,,,,,,,[46595],0
46595,1,46594,Harmothoe impar,"",eukaryota,false,,,,0.5235996896135091,7,,,91.4881,46.1429,10^-13.6154,,,,,,,,,,,,,,,,,,0
46580,2,46580,Spirometra,"",eukaryota,false,,,,0.3739997782953636,5,,,87.179,39.0,10^-7.38798,,,,,,0.07479995565907273,1,,,58.1,31.0,10^-3.45469,,,,,[99802],1
99802,1,46580,Spirometra erinaceieuropaei,"",eukaryota,false,,,,0.3739997782953636,5,,,87.179,39.0,10^-7.38798,,,,,,0.07479995565907273,1,,,58.1,31.0,10^-3.45469,,,,,,1
46332,2,46332,Rhynchospora,"",eukaryota,false,,,,,,,,,,,,,,,,0.44879973395443634,6,,,68.3,30.6667,10^-4.59667,,,,,"[2022672, 906938, 198213]",0
2022672,1,46332,Rhynchospora breviuscula,"",eukaryota,false,,,,,,,,,,,,,,,,0.07479995565907273,1,,,84.8,33.0,10^-4.33724,,,,,,0
906938,1,46332,Rhynchospora pubera,"",eukaryota,false,,,,,,,,,,,,,,,,0.22439986697721817,3,,,63.8667,32.3333,10^-5.10052,,,,,,0
198213,1,46332,Rhynchospora tenuis,"",eukaryota,false,,,,,,,,,,,,,,,,0.14959991131814546,2,,,66.7,27.0,10^-3.97062,,,,,,0
46322,2,46322,Luzula,woodrushes,eukaryota,false,,,,0.07479995565907273,1,,,92.105,38.0,10^-9.45781,,,,,,,,,,,,,,,,,[59018],0
59018,1,46322,Luzula sylvatica,"",eukaryota,false,,,,0.07479995565907273,1,,,92.105,38.0,10^-9.45781,,,,,,,,,,,,,,,,,,0
46238,2,46238,Entomoplasma,"",bacteria,false,,,,0.07479995565907273,1,,,100.0,41.0,10^-15.6005,,,,,,,,,,,,,,,,,[74700],0
74700,1,46238,Entomoplasma freundtii,"",bacteria,false,,,,0.07479995565907273,1,,,100.0,41.0,10^-15.6005,,,,,,,,,,,,,,,,,,0
46210,2,46210,Nephrotoma,"",eukaryota,false,,,,0.2991998226362909,4,,,84.7783,64.0,10^-17.4692,,,,,,,,,,,,,,,,,"[2741127, 2719080]",0
2741127,1,46210,Nephrotoma appendiculata,"",eukaryota,false,,,,0.14959991131814546,2,,,81.3555,64.5,10^-14.3814,,,,,,,,,,,,,,,,,,0
2719080,1,46210,Nephrotoma flavescens,"",eukaryota,false,,,,0.14959991131814546,2,,,88.201,63.5,10^-20.557,,,,,,,,,,,,,,,,,,0
46207,2,46207,Toxorhynchites,"",eukaryota,false,,,,1054.8289747042436,14102,154,8662,88.7146,259.144,10^-72.4395,,,,,,2114.3703466150087,28267,397,15891,73.8852,161.757,10^-65.2975,,,,,"[2498889, 332059, 53553, 46208]",0
2498889,1,46207,Toxorhynchites manicatus,"",eukaryota,false,,,,0.07479995565907273,1,,,100.0,80.0,10^-42.0714,,,,,,,,,,,,,,,,,,0
332059,1,46207,Toxorhynchites brevipalpis,"",eukaryota,false,,,,,,,,,,,,,,,,0.8975994679088727,12,1,7,63.1072,59.4167,10^-16.7113,,,,,,0
53553,1,46207,Toxorhynchites rutilus,"",eukaryota,false,,,,1054.5297748816072,14098,154,8662,88.7131,259.182,10^-72.4464,,,,,,2112.3507478122137,28240,395,15875,73.9001,161.836,10^-65.3424,,,,,,0
46208,1,46207,Toxorhynchites amboinensis,"",eukaryota,false,,,,0.22439986697721817,3,,,93.229,90.5,10^-40.3032,,,,,,1.1219993348860908,15,1,9,55.2057,97.8667,10^-21.4818,,,,,,0
46104,2,46104,Salicornia,"",eukaryota,false,,,,0.14959991131814546,2,,,87.297,38.5,10^-7.0514,,,,,,,,,,,,,,,,,[267548],0
267548,1,46104,Salicornia ramosissima,"",eukaryota,false,,,,0.14959991131814546,2,,,87.297,38.5,10^-7.0514,,,,,,,,,,,,,,,,,,0
46053,2,46053,Euphrasia,"",eukaryota,false,,,,0.14959991131814546,2,,,95.9795,37.0,10^-10.8419,,,,,,,,,,,,,,,,,[475003],0
475003,1,46053,Euphrasia confusa,"",eukaryota,false,,,,0.14959991131814546,2,,,95.9795,37.0,10^-10.8419,,,,,,,,,,,,,,,,,,0
45951,2,45951,Dreissena,"",eukaryota,false,,,,0.22439986697721817,3,,,79.6967,59.3333,10^-11.5778,,,,,,0.3739997782953636,5,,,79.9,29.2,10^-7.41247,,,,,[45954],0
45954,1,45951,Dreissena polymorpha,"",eukaryota,false,,,,0.22439986697721817,3,,,79.6967,59.3333,10^-11.5778,,,,,,0.3739997782953636,5,,,79.9,29.2,10^-7.41247,,,,,,0
45787,2,45787,Wickerhamiella,"",eukaryota,false,,,,0.3739997782953636,5,,,94.7458,92.8,10^-43.9307,,,,,,0.2991998226362909,4,,,90.05,32.75,10^-10.2279,,,,,"[1116880, 49335, 45607, 45553]",0
1116880,1,45787,Wickerhamiella infanticola,"",eukaryota,false,,,,0.14959991131814546,2,,,94.0,100.0,10^-47.464,,,,,,,,,,,,,,,,,,0
49335,1,45787,Wickerhamiella spandovensis,"",eukaryota,false,,,,0.14959991131814546,2,,,96.296,81.0,10^-38.6351,,,,,,,,,,,,,,,,,,0
45607,1,45787,Wickerhamiella sorbophila,"",eukaryota,false,,,,,,,,,,,,,,,,0.2991998226362909,4,,,90.05,32.75,10^-10.2279,,,,,,0
45553,1,45787,Wickerhamiella galacta,"",eukaryota,false,,,,0.07479995565907273,1,,,93.137,102.0,10^-47.4554,,,,,,,,,,,,,,,,,,0
45669,2,45669,Salinicoccus,"",bacteria,false,,,,,,,,,,,,,,,,0.14959991131814546,2,,,100.0,29.5,10^-10.3714,,,,,[576118],0
576118,1,45669,Salinicoccus qingdaonensis,"",bacteria,false,,,,,,,,,,,,,,,,0.14959991131814546,2,,,100.0,29.5,10^-10.3714,,,,,,0
45350,2,45350,Nematostella,"",eukaryota,false,,,,0.07479995565907273,1,,,90.385,52.0,10^-16.1834,,,,,,0.07479995565907273,1,,,100.0,24.0,10^-6.2993,,,,,[45351],0
45351,1,45350,Nematostella vectensis,starlet sea anemone,eukaryota,false,,,,0.07479995565907273,1,,,90.385,52.0,10^-16.1834,,,,,,0.07479995565907273,1,,,100.0,24.0,10^-6.2993,,,,,,0
45292,2,45292,Massarina,"",eukaryota,false,,,,,,,,,,,,,,,,0.07479995565907273,1,,,93.8,32.0,10^-12.3206,,,,,[45293],0
45293,1,45292,Massarina eburnea,"",eukaryota,false,,,,,,,,,,,,,,,,0.07479995565907273,1,,,93.8,32.0,10^-12.3206,,,,,,0
45234,2,45234,Cordyceps,"",eukaryota,false,,,,0.07479995565907273,1,,,76.471,51.0,10^-5.8991,,,,,,,,,,,,,,,,,[73501],0
73501,1,45234,Cordyceps militaris,"",eukaryota,false,,,,0.07479995565907273,1,,,76.471,51.0,10^-5.8991,,,,,,,,,,,,,,,,,,0
45153,2,45153,Westerdykella,"",eukaryota,false,,,,,,,,,,,,,,,,0.07479995565907273,1,,,80.0,30.0,10^-9.30016,,,,,[318751],0
318751,1,45153,Westerdykella ornata,"",eukaryota,false,,,,,,,,,,,,,,,,0.07479995565907273,1,,,80.0,30.0,10^-9.30016,,,,,,0
45136,2,45136,Sporormia,"",eukaryota,false,,,,,,,,,,,,,,,,0.07479995565907273,1,,,97.0,33.0,10^-12.4962,,,,,[718229],0
718229,1,45136,Sporormia fimetaria,"",eukaryota,false,,,,,,,,,,,,,,,,0.07479995565907273,1,,,97.0,33.0,10^-12.4962,,,,,,0
45059,2,45059,Frankliniella,"",eukaryota,false,,,,0.3739997782953636,5,,,92.5198,50.2,10^-16.3535,,,,,,3.8895976942717816,52,2,26,83.5335,52.3077,10^-23.6867,,,,,[133901],0
133901,1,45059,Frankliniella occidentalis,western flower thrips,eukaryota,false,,,,0.3739997782953636,5,,,92.5198,50.2,10^-16.3535,,,,,,3.8895976942717816,52,2,26,83.5335,52.3077,10^-23.6867,,,,,,0
45057,2,45057,Thrips,"",eukaryota,false,,,,0.8975994679088727,12,,,90.302,67.5,10^-23.5268,,,,,,5.235996896135091,70,3,58,74.2335,56.1429,10^-14.9706,,,,,[161013],0
161013,1,45057,Thrips palmi,"",eukaryota,false,,,,0.8975994679088727,12,,,90.302,67.5,10^-23.5268,,,,,,5.235996896135091,70,3,58,74.2335,56.1429,10^-14.9706,,,,,,0
44744,2,44744,Haematococcus,"",eukaryota,false,,,,,,,,,,,,,,,,0.14959991131814546,2,,,83.35,30.0,10^-6.07398,,,,,[44745],0
44745,1,44744,Haematococcus lacustris,"",eukaryota,false,,,,,,,,,,,,,,,,0.14959991131814546,2,,,83.35,30.0,10^-6.07398,,,,,,0
44249,2,44249,Paenibacillus,"",bacteria,false,,,,,,,,,,,,,,,,0.44879973395443634,6,,,83.9833,31.0,10^-10.2212,,,,,"[652715, 539262, 483908]",0
652715,1,44249,Paenibacillus sp. oral taxon 786,"",bacteria,false,,,,,,,,,,,,,,,,0.22439986697721817,3,,,90.9,33.0,10^-13.9508,,,,,,0
539262,1,44249,Paenibacillus hunanensis,"",bacteria,false,,,,,,,,,,,,,,,,0.07479995565907273,1,,,74.1,27.0,10^-4.91721,,,,,,0
483908,1,44249,Paenibacillus sp. P22,"",bacteria,false,,,,,,,,,,,,,,,,0.14959991131814546,2,,,78.55,30.0,10^-7.27887,,,,,,0
44196,2,44196,Paramuricea,"",eukaryota,false,,,,,,,,,,,,,,,,1.4959991131814545,20,,,71.67,31.15,10^-5.41149,,,,,[317549],0
317549,1,44196,Paramuricea clavata,"",eukaryota,false,,,,,,,,,,,,,,,,1.4959991131814545,20,,,71.67,31.15,10^-5.41149,,,,,,0
43708,2,43708,Melia,"",eukaryota,false,,,,,,,,,,,,,,,,0.22439986697721817,3,,,81.6333,29.0,10^-5.15044,,,,,[155640],0
155640,1,43708,Melia azedarach,"",eukaryota,false,,,,,,,,,,,,,,,,0.22439986697721817,3,,,81.6333,29.0,10^-5.15044,,,,,,0
43431,2,43431,Sphaerosporella,"",eukaryota,false,,,,,,,,,,,,,,,,0.14959991131814546,2,,,83.25,30.5,10^-8.88011,,,,,[1250544],0
1250544,1,43431,Sphaerosporella brunnea,"",eukaryota,false,,,,,,,,,,,,,,,,0.14959991131814546,2,,,83.25,30.5,10^-8.88011,,,,,,0
43430,2,43430,Tricharina,"",eukaryota,false,,,,0.07479995565907273,1,,,88.889,45.0,10^-11.4429,,,,,,,,,,,,,,,,,[43433],0
43433,1,43430,Tricharina praecox,"",eukaryota,false,,,,0.07479995565907273,1,,,88.889,45.0,10^-11.4429,,,,,,,,,,,,,,,,,,0
43356,2,43356,Kutzneria,"",bacteria,false,,,,0.14959991131814546,2,,,97.53,101.5,10^-53.2901,,,,,,,,,,,,,,,,,"[2802641, 1483604]",0
2802641,1,43356,Kutzneria sp. CA-103260,"",bacteria,false,,,,0.07479995565907273,1,,,96.04,101.0,10^-50.8906,,,,,,,,,,,,,,,,,,0
1483604,1,43356,Kutzneria chonburiensis,"",bacteria,false,,,,0.07479995565907273,1,,,99.02,102.0,10^-55.6896,,,,,,,,,,,,,,,,,,0
43336,2,43336,Orthosia,"",eukaryota,false,,,,1.1219993348860908,15,1,6,89.6413,74.6667,10^-19.8506,,,,,,,,,,,,,,,,,"[997542, 988011, 43337]",0
997542,1,43336,Orthosia gracilis,"",eukaryota,false,,,,0.14959991131814546,2,,,93.094,54.5,10^-19.9637,,,,,,,,,,,,,,,,,,0
988011,1,43336,Orthosia incerta,"",eukaryota,false,,,,0.6731996009316545,9,1,6,87.734,91.3333,10^-22.1213,,,,,,,,,,,,,,,,,,0
43337,1,43336,Orthosia gothica,"",eukaryota,false,,,,0.2991998226362909,4,,,92.2065,47.25,10^-14.685,,,,,,,,,,,,,,,,,,0
43086,2,43086,Odontomachus,"",eukaryota,false,,,,0.7479995565907273,10,,,88.3961,67.3,10^-21.9227,,,,,,0.8975994679088727,12,1,8,91.6757,52.4167,10^-28.5724,,,,,"[613448, 486640]",0
613448,1,43086,Odontomachus laticeps,"",eukaryota,false,,,,0.07479995565907273,1,,,89.189,74.0,10^-27.0092,,,,,,,,,,,,,,,,,,0
486640,1,43086,Odontomachus brunneus,"",eukaryota,false,,,,0.6731996009316545,9,,,88.308,66.5556,10^-21.3576,,,,,,0.8975994679088727,12,1,8,91.6757,52.4167,10^-28.5724,,,,,,0
42476,2,42476,Oscheius,"",eukaryota,false,,,,2.0195988027949636,27,,,90.1367,53.4231,10^-15.2734,,,,,,,,,,,,,,,,,"[2879420, 2879419, 1559960, 473156, 141969]",0
2879420,1,42476,Oscheius sp. DF5120,"",eukaryota,false,,,,0.2991998226362909,4,,,93.7103,41.0,10^-11.8297,,,,,,,,,,,,,,,,,,0
2879419,1,42476,Oscheius sp. JU1382,"",eukaryota,false,,,,0.07479995565907273,1,,,90.323,62.0,10^-21.5965,,,,,,,,,,,,,,,,,,0
1559960,1,42476,Oscheius onirici,"",eukaryota,false,,,,0.8227995122498,11,,,86.6891,63.8182,10^-17.1252,,,,,,,,,,,,,,,,,,0
473156,1,42476,Oscheius dolichura,"",eukaryota,false,,,,0.5235996896135091,7,,,94.2096,42.1429,10^-12.8536,,,,,,,,,,,,,,,,,,0
141969,1,42476,Oscheius tipulae,"",eukaryota,false,,,,0.2991998226362909,4,,,88.448,55.3333,10^-16.614,,,,,,,,,,,,,,,,,,0
42360,2,42360,Daldinia,"",eukaryota,false,,,,0.14959991131814546,2,,,100.0,101.0,10^-56.3801,,,,,,0.3739997782953636,5,,,86.7,32.2,10^-7.35498,,,,,"[1001832, 326647, 326645, 326644, 114800]",0
1001832,1,42360,Daldinia sp. EC12,"",eukaryota,false,,,,,,,,,,,,,,,,0.14959991131814546,2,,,90.6,32.0,10^-8.77794,,,,,,0
326647,1,42360,Daldinia decipiens,"",eukaryota,false,,,,,,,,,,,,,,,,0.07479995565907273,1,,,93.9,33.0,10^-7.9393,,,,,,0
326645,1,42360,Daldinia childiae,"",eukaryota,false,,,,0.14959991131814546,2,,,100.0,101.0,10^-56.3801,,,,,,,,,,,,,,,,,,0
326644,1,42360,Daldinia caldariorum,"",eukaryota,false,,,,,,,,,,,,,,,,0.07479995565907273,1,,,64.5,31.0,10^-4.01773,,,,,,0
114800,1,42360,Daldinia vernicosa,"",eukaryota,false,,,,,,,,,,,,,,,,0.07479995565907273,1,,,93.9,33.0,10^-7.26201,,,,,,0
42308,2,42308,Hypoxylon,"",eukaryota,false,,,,1.1967992905451637,16,1,10,96.4652,204.062,10^-92.2863,,,,,,0.7479995565907273,10,,,95.0625,31.625,10^-12.1786,,,,,"[2614585, 2614582, 1896109, 1001937, 1001833, 326681, 326657, 63214]",0
2614585,1,42308,Hypoxylon sp. FL0890,"",eukaryota,false,,,,,,,,,,,,,,,,0.07479995565907273,1,,,66.7,33.0,10^-7.2636,,,,,,0
2614582,1,42308,Hypoxylon sp. FL1857,"",eukaryota,false,,,,,,,,,,,,,,,,0.14959991131814546,2,,,96.9,32.0,10^-15.6989,,,,,,0
1896109,1,42308,Hypoxylon sp.,"",eukaryota,false,,,,0.22439986697721817,3,,,100.0,99.6667,10^-55.4709,,,,,,,,,,,,,,,,,,0
1001937,1,42308,Hypoxylon sp. EC38,"",eukaryota,false,,,,,,,,,,,,,,,,0.14959991131814546,2,,,100.0,29.5,10^-11.871,,,,,,0
1001833,1,42308,Hypoxylon sp. CI-4A,"",eukaryota,false,,,,,,,,,,,,,,,,0.07479995565907273,1,,,100.0,33.0,10^-13.684,,,,,,0
326681,1,42308,Hypoxylon trugodes,"",eukaryota,false,,,,0.07479995565907273,1,,,93.333,45.0,10^-14.1877,,,,,,,,,,,,,,,,,,0
326657,1,42308,Hypoxylon crocopeplum,"",eukaryota,false,,,,,,,,,,,,,,,,0.2991998226362909,4,,,100.0,32.0,10^-10.6707,,,,,,0
63214,1,42308,Hypoxylon fragiforme,"",eukaryota,false,,,,0.8975994679088727,12,1,10,95.8425,243.417,10^-107.998,,,,,,,,,,,,,,,,,,0
42295,2,42295,Colias,clouded yellows,eukaryota,false,,,,0.8227995122498,11,,,84.8238,84.1818,10^-26.8385,,,,,,2.6179984480675453,35,,,76.3429,31.7429,10^-7.38697,,,,,"[72248, 42296]",0
72248,1,42295,Colias croceus,clouded yellow,eukaryota,false,,,,0.8227995122498,11,,,84.8238,84.1818,10^-26.8385,,,,,,0.3739997782953636,5,,,90.9,32.6,10^-11.7158,,,,,,0
42296,1,42295,Colias eurytheme,orange sulphur,eukaryota,false,,,,,,,,,,,,,,,,2.2439986697721817,30,,,73.9167,31.6,10^-6.66549,,,,,,0
42291,2,42291,Parnassius,"",eukaryota,false,,,,,,,,,,,,,,,,1.4959991131814545,20,,,79.8737,32.1579,10^-7.82045,,,,,"[372445, 213976, 213955, 213934, 213927, 213905, 110799]",0
372445,1,42291,Parnassius mercurius,"",eukaryota,false,,,,,,,,,,,,,,,,0.14959991131814546,2,,,100.0,32.0,10^-11.1186,,,,,,0
213976,1,42291,Parnassius szechenyii,"",eukaryota,false,,,,,,,,,,,,,,,,0.07479995565907273,1,,,72.7,33.0,10^-7.48149,,,,,,0
213955,1,42291,Parnassius nomion,"",eukaryota,false,,,,,,,,,,,,,,,,0.22439986697721817,3,,,95.7333,32.0,10^-10.2425,,,,,,0
213934,1,42291,Parnassius epaphus,common red apollo,eukaryota,false,,,,,,,,,,,,,,,,0.07479995565907273,1,,,97.0,33.0,10^-9.70115,,,,,,0
213927,1,42291,Parnassius cephalus,"",eukaryota,false,,,,,,,,,,,,,,,,0.07479995565907273,1,,,100.0,30.0,10^-9.37059,,,,,,0
213905,1,42291,Parnassius acco,"",eukaryota,false,,,,,,,,,,,,,,,,0.07479995565907273,1,,,100.0,32.0,10^-13.058,,,,,,0
110799,1,42291,Parnassius apollo,apollo,eukaryota,false,,,,,,,,,,,,,,,,0.8227995122498,11,,,66.07,32.3,10^-5.60125,,,,,,0
42274,2,42274,Vanessa,"",eukaryota,false,,,,1.1967992905451637,16,1,6,86.4283,113.25,10^-24.4703,,,,,,1.9447988471358908,26,1,14,76.5154,80.6154,10^-31.5091,,,,,"[334116, 171605, 42275]",0
334116,1,42274,Vanessa tameamea,"",eukaryota,false,,,,0.5983996452725818,8,1,6,82.7237,176.0,10^-34.2681,,,,,,0.2991998226362909,4,,,96.775,29.5,10^-12.3082,,,,,,0
171605,1,42274,Vanessa cardui,"",eukaryota,false,,,,0.14959991131814546,2,,,93.182,44.0,10^-13.5113,,,,,,0.5235996896135091,7,,,85.5429,28.7143,10^-8.7136,,,,,,0
42275,1,42274,Vanessa atalanta,red admiral,eukaryota,false,,,,0.44879973395443634,6,,,89.1165,52.6667,10^-15.0596,,,,,,1.1219993348860908,15,1,14,66.9,118.467,10^-47.2672,,,,,,0
41955,2,41955,Amanita,"",eukaryota,false,,,,0.07479995565907273,1,,,100.0,101.0,10^-56.3801,,,,,,,,,,,,,,,,,[1004475],0
1004475,1,41955,Amanita friabilis,"",eukaryota,false,,,,0.07479995565907273,1,,,100.0,101.0,10^-56.3801,,,,,,,,,,,,,,,,,,0
41891,2,41891,Coccomyxa,"",eukaryota,false,,,,0.14959991131814546,2,,,92.6035,79.0,10^-35.2309,,,,,,,,,,,,,,,,,"[2315456, 248742]",0
2315456,1,41891,Coccomyxa sp. Obi,"",eukaryota,false,,,,0.07479995565907273,1,,,99.0,100.0,10^-54.3258,,,,,,,,,,,,,,,,,,0
248742,1,41891,Coccomyxa subellipsoidea,"",eukaryota,false,,,,0.07479995565907273,1,,,86.207,58.0,10^-16.136,,,,,,,,,,,,,,,,,,0
41879,2,41879,Pycnococcus,"",eukaryota,false,,,,0.07479995565907273,1,,,90.698,43.0,10^-11.4627,,,,,,,,,,,,,,,,,[41880],0
41880,1,41879,Pycnococcus provasolii,"",eukaryota,false,,,,0.07479995565907273,1,,,90.698,43.0,10^-11.4627,,,,,,,,,,,,,,,,,,0
41822,2,41822,Dasyhelea,"",eukaryota,false,,,,,,,,,,,,,,,,0.22439986697721817,3,,,100.0,33.0,10^-12.974,,,,,[1874291],0
1874291,1,41822,Dasyhelea biunguis,"",eukaryota,false,,,,,,,,,,,,,,,,0.22439986697721817,3,,,100.0,33.0,10^-12.974,,,,,,0
41820,2,41820,Culicoides,punkies,eukaryota,false,,,,4.9367970734988,66,2,35,86.3886,205.485,10^-54.2901,,,,,,0.22439986697721817,3,,,77.5667,32.6667,10^-9.14831,,,,,"[2923117, 2922788, 2510298, 289302, 179676]",0
2923117,1,41820,Culicoides californiensis,"",eukaryota,false,,,,0.07479995565907273,1,,,100.0,55.0,10^-25.0795,,,,,,,,,,,,,,,,,,0
2922788,1,41820,Culicoides cacticola,"",eukaryota,false,,,,0.07479995565907273,1,,,98.182,55.0,10^-23.7071,,,,,,,,,,,,,,,,,,0
2510298,1,41820,Culicoides debilipalpis,"",eukaryota,false,,,,0.07479995565907273,1,,,100.0,54.0,10^-24.4013,,,,,,,,,,,,,,,,,,0
289302,1,41820,Culicoides scoticus,"",eukaryota,false,,,,0.07479995565907273,1,,,100.0,62.0,10^-29.8308,,,,,,,,,,,,,,,,,,0
179676,1,41820,Culicoides sonorensis,"",eukaryota,false,,,,4.637597250862509,62,2,35,85.5398,215.097,10^-56.1311,,,,,,0.22439986697721817,3,,,77.5667,32.6667,10^-9.14831,,,,,,0
41812,2,41812,Chaoborus,"",eukaryota,false,,,,,,,,,,,,,,,,0.07479995565907273,1,,,100.0,33.0,10^-11.5346,,,,,[41813],0
41813,1,41812,Chaoborus crystallinus,"",eukaryota,false,,,,,,,,,,,,,,,,0.07479995565907273,1,,,100.0,33.0,10^-11.5346,,,,,,0
41687,2,41687,Scedosporium,"",eukaryota,false,,,,0.14959991131814546,2,,,87.7905,86.0,10^-31.7472,,,,,,,,,,,,,,,,,[563466],1
563466,1,41687,Scedosporium apiospermum,"",eukaryota,false,,,,0.14959991131814546,2,,,87.7905,86.0,10^-31.7472,,,,,,,,,,,,,,,,,,1
41603,2,41603,Marshallia,"",eukaryota,false,,,,0.07479995565907273,1,,,100.0,101.0,10^-56.3801,,,,,,,,,,,,,,,,,[1611546],0
1611546,1,41603,Marshallia graminifolia,"",eukaryota,false,,,,0.07479995565907273,1,,,100.0,101.0,10^-56.3801,,,,,,,,,,,,,,,,,,0
41503,2,41503,Centaurea,"",eukaryota,false,,,,,,,,,,,,,,,,0.2991998226362909,4,,,77.5667,28.3333,10^-4.47734,,,,,[347529],0
347529,1,41503,Centaurea solstitialis,"",eukaryota,false,,,,,,,,,,,,,,,,0.2991998226362909,4,,,77.5667,28.3333,10^-4.47734,,,,,,0
41443,2,41443,Tyrophagus,bulb mites,eukaryota,false,,,,,,,,,,,,,,,,0.07479995565907273,1,,,63.6,33.0,10^-3.72125,,,,,[59818],0
59818,1,41443,Tyrophagus putrescentiae,"",eukaryota,false,,,,,,,,,,,,,,,,0.07479995565907273,1,,,63.6,33.0,10^-3.72125,,,,,,0
41299,2,41299,Choricystis,"",eukaryota,false,,,,0.14959991131814546,2,,,97.222,36.0,10^-10.8537,,,,,,,,,,,,,,,,,[3025909],0
3025909,1,41299,Choricystis sp. odSpoLacu1,"",eukaryota,false,,,,0.14959991131814546,2,,,97.222,36.0,10^-10.8537,,,,,,,,,,,,,,,,,,0
41275,2,41275,Brevundimonas,"",bacteria,false,,,,0.07479995565907273,1,,,74.468,47.0,10^-3.18983,,,,,,,,,,,,,,,,,[293],0
293,1,41275,Brevundimonas diminuta,"",bacteria,false,,,,0.07479995565907273,1,,,74.468,47.0,10^-3.18983,,,,,,,,,,,,,,,,,,0
41247,2,41247,Mycena,"",eukaryota,false,,,,0.3739997782953636,5,,,92.5684,71.4,10^-29.6399,,,,,,0.9723994235679454,13,,,83.8231,29.8462,10^-7.84366,,,,,"[2126181, 756060, 658473, 230810, 230804, 220801]",0
2126181,1,41247,Mycena indigotica,"",eukaryota,false,,,,0.2991998226362909,4,,,90.7105,64.25,10^-23.1254,,,,,,,,,,,,,,,,,,0
756060,1,41247,Mycena sp. SFSU BBH6881,"",eukaryota,false,,,,0.07479995565907273,1,,,100.0,100.0,10^-55.6982,,,,,,,,,,,,,,,,,,0
658473,1,41247,Mycena chlorophos,"",eukaryota,false,,,,,,,,,,,,,,,,0.22439986697721817,3,,,74.8333,30.3333,10^-6.25624,,,,,,0
230810,1,41247,Mycena olivaceomarginata,"",eukaryota,false,,,,,,,,,,,,,,,,0.2991998226362909,4,,,96.0,26.25,10^-7.97554,,,,,,0
230804,1,41247,Mycena capillaripes,"",eukaryota,false,,,,,,,,,,,,,,,,0.3739997782953636,5,,,84.82,32.8,10^-9.53092,,,,,,0
220801,1,41247,Mycena crocata,"",eukaryota,false,,,,,,,,,,,,,,,,0.07479995565907273,1,,,57.1,28.0,10^-3.64207,,,,,,0
41209,2,41209,Chionoecetes,"",eukaryota,false,,,,,,,,,,,,,,,,0.44879973395443634,6,,,77.4167,31.8333,10^-8.10177,,,,,[41210],0
41210,1,41209,Chionoecetes opilio,snow crab,eukaryota,false,,,,,,,,,,,,,,,,0.44879973395443634,6,,,77.4167,31.8333,10^-8.10177,,,,,,0
41138,2,41138,Coccinella,"",eukaryota,false,,,,0.22439986697721817,3,,,91.033,36.6667,10^-8.1011,,,,,,21.093587495858507,282,1,263,48.2008,149.241,10^-33.8091,,,,,[41139],0
41139,1,41138,Coccinella septempunctata,seven-spotted ladybird,eukaryota,false,,,,0.22439986697721817,3,,,91.033,36.6667,10^-8.1011,,,,,,21.093587495858507,282,1,263,48.2008,149.241,10^-33.8091,,,,,,0
41125,2,41125,Chrysolina,"",eukaryota,false,,,,7.554795521566345,101,3,47,91.6652,57.3636,10^-14.3808,,,,,,,,,,,,,,,,,"[1587174, 75519, 75506]",0
1587174,1,41125,Chrysolina oricalcia,"",eukaryota,false,,,,5.235996896135091,70,3,47,91.202,61.4265,10^-13.9824,,,,,,,,,,,,,,,,,,0
75519,1,41125,Chrysolina haemoptera,"",eukaryota,false,,,,1.4959991131814545,20,,,92.9882,44.9,10^-13.3097,,,,,,,,,,,,,,,,,,0
75506,1,41125,Chrysolina americana,"",eukaryota,false,,,,0.8227995122498,11,,,92.123,54.9091,10^-18.7915,,,,,,,,,,,,,,,,,,0
41106,2,41106,Dorcus,"",eukaryota,false,,,,0.9723994235679454,13,,,89.5581,49.3333,10^-13.0281,,,,,,,,,,,,,,,,,[41107],0
41107,1,41106,Dorcus parallelipipedus,lesser stag beetle,eukaryota,false,,,,0.9723994235679454,13,,,89.5581,49.3333,10^-13.0281,,,,,,,,,,,,,,,,,,0
41100,2,41100,Rhagonycha,"",eukaryota,false,,,,0.44879973395443634,6,,,88.1527,47.5,10^-11.7845,,,,,,,,,,,,,,,,,"[1553715, 41101]",0
1553715,1,41100,Rhagonycha lutea,"",eukaryota,false,,,,0.2991998226362909,4,,,90.1458,49.25,10^-13.6649,,,,,,,,,,,,,,,,,,0
41101,1,41100,Rhagonycha fulva,"",eukaryota,false,,,,0.14959991131814546,2,,,84.1665,44.0,10^-8.02358,,,,,,,,,,,,,,,,,,0
41098,2,41098,Cantharis,"",eukaryota,false,,,,2.767598359385691,37,2,8,89.2703,69.4857,10^-17.8748,,,,,,,,,,,,,,,,,"[1553174, 877752, 350087, 195172]",0
1553174,1,41098,Cantharis nigra,"",eukaryota,false,,,,0.44879973395443634,6,,,92.3662,37.1667,10^-9.12437,,,,,,,,,,,,,,,,,,0
877752,1,41098,Cantharis flavilabris,"",eukaryota,false,,,,1.1967992905451637,16,2,8,88.3326,93.5,10^-22.1621,,,,,,,,,,,,,,,,,,0
350087,1,41098,Cantharis rufa,"",eukaryota,false,,,,0.8227995122498,11,,,87.29,56.0,10^-16.0006,,,,,,,,,,,,,,,,,,0
195172,1,41098,Cantharis rustica,"",eukaryota,false,,,,0.2991998226362909,4,,,92.833,52.25,10^-18.0684,,,,,,,,,,,,,,,,,,0
41091,2,41091,Lagria,"",eukaryota,false,,,,0.8227995122498,11,,,89.0326,58.9091,10^-18.3883,,,,,,,,,,,,,,,,,[296003],0
296003,1,41091,Lagria hirta,"",eukaryota,false,,,,0.8227995122498,11,,,89.0326,58.9091,10^-18.3883,,,,,,,,,,,,,,,,,,0
41080,2,41080,Agonum,"",eukaryota,false,,,,4.039197605589927,54,1,36,89.2084,100.547,10^-26.3668,,,,,,,,,,,,,,,,,[1553040],0
1553040,1,41080,Agonum fuliginosum,"",eukaryota,false,,,,4.039197605589927,54,1,36,89.2084,100.547,10^-26.3668,,,,,,,,,,,,,,,,,,0
41078,2,41078,Pterostichus,"",eukaryota,false,,,,2.0195988027949636,27,1,6,89.0269,63.4444,10^-15.2307,,,,,,,,,,,,,,,,,"[767470, 106386]",0
767470,1,41078,Pterostichus madidus,"",eukaryota,false,,,,1.1967992905451637,16,1,6,88.3074,68.9375,10^-14.2366,,,,,,,,,,,,,,,,,,0
106386,1,41078,Pterostichus niger,"",eukaryota,false,,,,0.8227995122498,11,,,90.0735,55.4545,10^-16.6766,,,,,,,,,,,,,,,,,,0
41076,2,41076,Harpalus,"",eukaryota,false,,,,0.8227995122498,11,,,88.5655,61.1818,10^-18.331,,,,,,,,,,,,,,,,,[247442],0
247442,1,41076,Harpalus rufipes,"",eukaryota,false,,,,0.8227995122498,11,,,88.5655,61.1818,10^-18.331,,,,,,,,,,,,,,,,,,0
41074,2,41074,Carabus,"",eukaryota,false,,,,,,,,,,,,,,,,0.14959991131814546,2,,,93.9,33.0,10^-15.2882,,,,,[1149313],0
1149313,1,41074,Carabus pyrenaeus,"",eukaryota,false,,,,,,,,,,,,,,,,0.14959991131814546,2,,,93.9,33.0,10^-15.2882,,,,,,0
41069,2,41069,Capitulum,"",eukaryota,false,,,,0.14959991131814546,2,,,88.421,58.0,10^-17.5304,,,,,,,,,,,,,,,,,[41070],0
41070,1,41069,Capitulum mitella,"",eukaryota,false,,,,0.14959991131814546,2,,,88.421,58.0,10^-17.5304,,,,,,,,,,,,,,,,,,0
41043,2,41043,Tipula,"",eukaryota,false,,,,0.5983996452725818,8,,,93.6471,56.0,10^-20.7934,,,,,,,,,,,,,,,,,"[2867263, 2741129]",0
2867263,1,41043,Tipula unca,"",eukaryota,false,,,,0.3739997782953636,5,,,94.9098,52.6,10^-19.8898,,,,,,,,,,,,,,,,,,0
2741129,1,41043,Tipula vernalis,"",eukaryota,false,,,,0.22439986697721817,3,,,91.5427,61.6667,10^-22.2993,,,,,,,,,,,,,,,,,,0
41026,2,41026,Micropterix,"",eukaryota,false,,,,5.385596807453236,72,1,35,85.6795,119.903,10^-25.2335,,,,,,,,,,,,,,,,,[1042620],0
1042620,1,41026,Micropterix aruncella,"",eukaryota,false,,,,5.385596807453236,72,1,35,85.6795,119.903,10^-25.2335,,,,,,,,,,,,,,,,,,0
41013,2,41013,Tinea,"",eukaryota,false,,,,0.5983996452725818,8,,,90.2992,58.5,10^-19.5671,,,,,,,,,,,,,,,,,"[1594354, 1101063]",0
1594354,1,41013,Tinea trinotella,"",eukaryota,false,,,,0.2991998226362909,4,,,90.2555,60.5,10^-20.5804,,,,,,,,,,,,,,,,,,0
1101063,1,41013,Tinea semifulvella,"",eukaryota,false,,,,0.2991998226362909,4,,,90.343,56.5,10^-18.5538,,,,,,,,,,,,,,,,,,0
40931,2,40931,Rhopalosiphum,"",eukaryota,false,,,,,,,,,,,,,,,,0.14959991131814546,2,,,78.8,27.0,10^-3.17378,,,,,[43146],0
43146,1,40931,Rhopalosiphum maidis,corn leaf aphid,eukaryota,false,,,,,,,,,,,,,,,,0.14959991131814546,2,,,78.8,27.0,10^-3.17378,,,,,,0
40929,2,40929,Planococcus,"",eukaryota,false,,,,0.2991998226362909,4,,,87.961,47.25,10^-11.9375,,,,,,,,,,,,,,,,,[170843],0
170843,1,40929,Planococcus citri,citrus mealybug,eukaryota,false,,,,0.2991998226362909,4,,,87.961,47.25,10^-11.9375,,,,,,,,,,,,,,,,,,0
40696,2,40696,Blomia,"",eukaryota,false,,,,,,,,,,,,,,,,0.14959991131814546,2,,,100.0,30.0,10^-8.95468,,,,,[40697],0
40697,1,40696,Blomia tropicalis,"",eukaryota,false,,,,,,,,,,,,,,,,0.14959991131814546,2,,,100.0,30.0,10^-8.95468,,,,,,0
40685,2,40685,Salix,willows,eukaryota,false,,,,,,,,,,,,,,,,0.07479995565907273,1,,,93.8,32.0,10^-12.1146,,,,,[1413687],0
1413687,1,40685,Salix dunnii,"",eukaryota,false,,,,,,,,,,,,,,,,0.07479995565907273,1,,,93.8,32.0,10^-12.1146,,,,,,0
40566,2,40566,Actinosynnema,"",bacteria,false,,,,0.14959991131814546,2,,,99.505,101.0,10^-55.6939,,,,,,,,,,,,,,,,,[42197],0
42197,1,40566,Actinosynnema pretiosum,"",bacteria,false,,,,0.14959991131814546,2,,,99.505,101.0,10^-55.6939,,,,,,,,,,,,,,,,,,0
40544,2,40544,Sutterella,"",bacteria,false,,,,,,,,,,,,,,,,0.07479995565907273,1,,,81.8,33.0,10^-7.14691,,,,,[40545],0
40545,1,40544,Sutterella wadsworthensis,"",bacteria,false,,,,,,,,,,,,,,,,0.07479995565907273,1,,,81.8,33.0,10^-7.14691,,,,,,0
40473,2,40473,Phylloporia,"",eukaryota,false,,,,0.07479995565907273,1,,,99.0,100.0,10^-54.3258,,,,,,,,,,,,,,,,,[1987100],0
1987100,1,40473,Phylloporia lespedezae,"",eukaryota,false,,,,0.07479995565907273,1,,,99.0,100.0,10^-54.3258,,,,,,,,,,,,,,,,,,0
40470,2,40470,Phellinus,"",eukaryota,false,,,,0.22439986697721817,3,,,96.9697,84.0,10^-42.523,,,,,,,,,,,,,,,,,"[108903, 40472]",0
108903,1,40470,Phellinus conchatus,"",eukaryota,false,,,,0.07479995565907273,1,,,100.0,96.0,10^-52.9712,,,,,,,,,,,,,,,,,,0
40472,1,40470,Phellinus igniarius,"",eukaryota,false,,,,0.14959991131814546,2,,,95.4545,78.0,10^-37.2989,,,,,,,,,,,,,,,,,,0
40468,2,40468,Inonotus,"",eukaryota,false,,,,0.07479995565907273,1,,,91.667,60.0,10^-21.6108,,,,,,,,,,,,,,,,,[167356],0
167356,1,40468,Inonotus obliquus,"",eukaryota,false,,,,0.07479995565907273,1,,,91.667,60.0,10^-21.6108,,,,,,,,,,,,,,,,,,0
40466,2,40466,Sparassis,"",eukaryota,false,,,,,,,,,,,,,,,,0.07479995565907273,1,,,87.9,33.0,10^-10.6038,,,,,[139825],0
139825,1,40466,Sparassis crispa,"",eukaryota,false,,,,,,,,,,,,,,,,0.07479995565907273,1,,,87.9,33.0,10^-10.6038,,,,,,0
40463,2,40463,Peniophora,"",eukaryota,false,,,,0.22439986697721817,3,,,97.3533,100.667,10^-52.4931,,,,,,0.14959991131814546,2,,,81.45,32.5,10^-9.05444,,,,,"[2075232, 1314672, 55348]",0
2075232,1,40463,Peniophora parvocystidiata,"",eukaryota,false,,,,0.14959991131814546,2,,,98.01,100.5,10^-53.2944,,,,,,,,,,,,,,,,,,0
1314672,1,40463,Peniophora sp. CONT,"",eukaryota,false,,,,,,,,,,,,,,,,0.14959991131814546,2,,,81.45,32.5,10^-9.05444,,,,,,0
55348,1,40463,Peniophora cinerea,"",eukaryota,false,,,,0.07479995565907273,1,,,96.04,101.0,10^-50.8906,,,,,,,,,,,,,,,,,,0
40459,2,40459,Hericium,"",eukaryota,false,,,,0.07479995565907273,1,,,99.01,101.0,10^-55.0077,,,,,,0.14959991131814546,2,,,71.0,31.0,10^-4.7167,,,,,"[135208, 100756]",0
135208,1,40459,Hericium alpestre,"",eukaryota,false,,,,,,,,,,,,,,,,0.14959991131814546,2,,,71.0,31.0,10^-4.7167,,,,,,0
100756,1,40459,Hericium coralloides,"",eukaryota,false,,,,0.07479995565907273,1,,,99.01,101.0,10^-55.0077,,,,,,,,,,,,,,,,,,0
40445,2,40445,Meripilus,"",eukaryota,false,,,,0.07479995565907273,1,,,94.667,75.0,10^-33.179,,,,,,,,,,,,,,,,,[40446],0
40446,1,40445,Meripilus giganteus,"",eukaryota,false,,,,0.07479995565907273,1,,,94.667,75.0,10^-33.179,,,,,,,,,,,,,,,,,,0
40432,2,40432,Daedaleopsis,"",eukaryota,false,,,,0.07479995565907273,1,,,100.0,85.0,10^-45.476,,,,,,,,,,,,,,,,,[40433],0
40433,1,40432,Daedaleopsis confragosa,"",eukaryota,false,,,,0.07479995565907273,1,,,100.0,85.0,10^-45.476,,,,,,,,,,,,,,,,,,0
40415,2,40415,Antrodia,"",eukaryota,false,,,,,,,,,,,,,,,,0.14959991131814546,2,,,96.95,32.5,10^-11.828,,,,,[279009],0
279009,1,40415,Antrodia cinnamomea,"",eukaryota,false,,,,,,,,,,,,,,,,0.14959991131814546,2,,,96.95,32.5,10^-11.828,,,,,,0
40354,2,40354,Fonsecaea,"",eukaryota,false,,,,0.14959991131814546,2,,,93.023,43.0,10^-12.8351,,,,,,,,,,,,,,,,,[979981],0
979981,1,40354,Fonsecaea multimorphosa,"",eukaryota,false,,,,0.14959991131814546,2,,,93.023,43.0,10^-12.8351,,,,,,,,,,,,,,,,,,0
40345,2,40345,Strongylus,"",eukaryota,false,,,,,,,,,,,,,,,,0.07479995565907273,1,,,69.7,33.0,10^-3.47625,,,,,[40348],0
40348,1,40345,Strongylus vulgaris,"",eukaryota,false,,,,,,,,,,,,,,,,0.07479995565907273,1,,,69.7,33.0,10^-3.47625,,,,,,0
40336,2,40336,Mucuna,"",eukaryota,false,,,,,,,,,,,,,,,,0.07479995565907273,1,,,57.6,33.0,10^-3.72584,,,,,[157652],0
157652,1,40336,Mucuna pruriens,"",eukaryota,false,,,,,,,,,,,,,,,,0.07479995565907273,1,,,57.6,33.0,10^-3.72584,,,,,,0
40323,2,40323,Stenotrophomonas,"",bacteria,false,,,,0.2991998226362909,4,,,95.2025,63.0,10^-27.4384,,,,,,0.14959991131814546,2,,,66.7,33.0,10^-6.38222,,,,,"[2871174, 2040281, 69392, 40324]",1
2871174,1,40323,Stenotrophomonas sp. DR822,"",bacteria,false,,,,0.07479995565907273,1,,,90.566,53.0,10^-16.8614,,,,,,,,,,,,,,,,,,0
2040281,1,40323,Stenotrophomonas sp. MYb238,"",bacteria,false,,,,,,,,,,,,,,,,0.07479995565907273,1,,,57.6,33.0,10^-5.77728,,,,,,0
69392,1,40323,Stenotrophomonas sp.,"",bacteria,false,,,,,,,,,,,,,,,,0.07479995565907273,1,,,75.8,33.0,10^-6.98716,,,,,,0
40324,1,40323,Stenotrophomonas maltophilia,"",bacteria,false,,,,0.22439986697721817,3,,,96.748,66.3333,10^-30.9641,,,,,,,,,,,,,,,,,,1
40144,2,40144,Tricholoma,"",eukaryota,false,,,,0.44879973395443634,6,,,94.8632,131.0,10^-58.0735,,,,,,0.5235996896135091,7,,,88.9571,24.7143,10^-7.05887,,,,,"[80606, 54549, 40145]",0
80606,1,40144,Tricholoma flavovirens,"",eukaryota,false,,,,0.2991998226362909,4,,,96.0427,146.5,10^-64.4076,,,,,,,,,,,,,,,,,,0
54549,1,40144,Tricholoma myomyces,"",eukaryota,false,,,,0.14959991131814546,2,,,92.504,100.0,10^-45.4054,,,,,,,,,,,,,,,,,,0
40145,1,40144,Tricholoma matsutake,"",eukaryota,false,,,,,,,,,,,,,,,,0.5235996896135091,7,,,88.9571,24.7143,10^-7.05887,,,,,,0
40102,2,40102,Pyrgus,"",eukaryota,false,,,,1.7203989801586728,23,1,14,82.7043,107.435,10^-18.5952,,,,,,,,,,,,,,,,,[218760],0
218760,1,40102,Pyrgus malvae,grizzled skipper,eukaryota,false,,,,1.7203989801586728,23,1,14,82.7043,107.435,10^-18.5952,,,,,,,,,,,,,,,,,,0
40084,2,40084,Diatraea,"",eukaryota,false,,,,,,,,,,,,,,,,0.14959991131814546,2,,,92.6,27.0,10^-6.56543,,,,,[40085],0
40085,1,40084,Diatraea saccharalis,sugarcane borer,eukaryota,false,,,,,,,,,,,,,,,,0.14959991131814546,2,,,92.6,27.0,10^-6.56543,,,,,,0
39965,2,39965,Hypsizygus,"",eukaryota,false,,,,,,,,,,,,,,,,0.5235996896135091,7,,,83.2,27.8571,10^-5.44972,,,,,[39966],0
39966,1,39965,Hypsizygus marmoreus,"",eukaryota,false,,,,,,,,,,,,,,,,0.5235996896135091,7,,,83.2,27.8571,10^-5.44972,,,,,,0
39934,2,39934,Lecanora,"",eukaryota,false,,,,0.14959991131814546,2,,,97.4165,86.0,10^-43.4182,,,,,,,,,,,,,,,,,"[2012075, 1518593]",0
2012075,1,39934,Lecanora sp.,"",eukaryota,false,,,,0.07479995565907273,1,,,95.833,72.0,10^-32.5106,,,,,,,,,,,,,,,,,,0
1518593,1,39934,Lecanora cinereofusca,"",eukaryota,false,,,,0.07479995565907273,1,,,99.0,100.0,10^-54.3258,,,,,,,,,,,,,,,,,,0
39847,2,39847,Agrostemma,"",eukaryota,false,,,,0.44879973395443634,6,,,94.6786,37.6,10^-10.2859,,,,,,,,,,,,,,,,,[39848],0
39848,1,39847,Agrostemma githago,corn cockle,eukaryota,false,,,,0.44879973395443634,6,,,94.6786,37.6,10^-10.2859,,,,,,,,,,,,,,,,,,0
39845,2,39845,Actinokineospora,"",bacteria,false,,,,0.14959991131814546,2,,,100.0,47.0,10^-19.6583,,,,,,,,,,,,,,,,,[2268449],0
2268449,1,39845,Actinokineospora sp. UTMC 2448,"",bacteria,false,,,,0.14959991131814546,2,,,100.0,47.0,10^-19.6583,,,,,,,,,,,,,,,,,,0
39757,2,39757,Mayetiola,"",eukaryota,false,,,,,,,,,,,,,,,,0.14959991131814546,2,,,93.75,31.0,10^-10.4632,,,,,[39758],0
39758,1,39757,Mayetiola destructor,Hessian fly,eukaryota,false,,,,,,,,,,,,,,,,0.14959991131814546,2,,,93.75,31.0,10^-10.4632,,,,,,0
39643,2,39643,Sorangium,"",bacteria,false,,,,0.07479995565907273,1,,,91.089,101.0,10^-44.0287,,,,,,,,,,,,,,,,,[491148],0
491148,1,39643,uncultured Sorangium sp.,"",bacteria,false,,,,0.07479995565907273,1,,,91.089,101.0,10^-44.0287,,,,,,,,,,,,,,,,,,0
39217,2,39217,Macrostomum,"",eukaryota,false,,,,,,,,,,,,,,,,0.07479995565907273,1,,,87.5,32.0,10^-9.87943,,,,,[282301],0
282301,1,39217,Macrostomum lignano,"",eukaryota,false,,,,,,,,,,,,,,,,0.07479995565907273,1,,,87.5,32.0,10^-9.87943,,,,,,0
39198,2,39198,Heterobilharzia,"",eukaryota,false,,,,0.22439986697721817,3,,,93.1213,38.0,10^-9.91644,,,,,,,,,,,,,,,,,[39320],0
39320,1,39198,Heterobilharzia americana,"",eukaryota,false,,,,0.22439986697721817,3,,,93.1213,38.0,10^-9.91644,,,,,,,,,,,,,,,,,,0
39186,2,39186,Entomophaga,"",eukaryota,false,,,,0.44879973395443634,6,1,6,95.69,116.0,10^-43.1308,,,,,,,,,,,,,,,,,[39303],0
39303,1,39186,Entomophaga aulicae,"",eukaryota,false,,,,0.44879973395443634,6,1,6,95.69,116.0,10^-43.1308,,,,,,,,,,,,,,,,,,0
39132,2,39132,Allacma,"",eukaryota,false,,,,0.07479995565907273,1,,,88.71,62.0,10^-20.2242,,,,,,0.8975994679088727,12,,,89.425,28.75,10^-7.04682,,,,,[39272],0
39272,1,39132,Allacma fusca,"",eukaryota,false,,,,0.07479995565907273,1,,,88.71,62.0,10^-20.2242,,,,,,0.8975994679088727,12,,,89.425,28.75,10^-7.04682,,,,,,0
38944,2,38944,Flammulina,"",eukaryota,false,,,,0.2991998226362909,4,,,93.7422,67.5,10^-27.0969,,,,,,,,,,,,,,,,,[38945],0
38945,1,38944,Flammulina velutipes,"",eukaryota,false,,,,0.2991998226362909,4,,,93.7422,67.5,10^-27.0969,,,,,,,,,,,,,,,,,,0
38871,2,38871,Fraxinus,ash trees,eukaryota,false,,,,9.499594368702237,127,3,51,96.6908,193.669,10^-109.953,,,,,,1.1967992905451637,16,,,96.75,30.6429,10^-9.3248,,,,,"[880141, 490850, 490843, 490836, 56040, 56038, 56036, 56029, 38874, 38873, 38872]",0
880141,1,38871,Fraxinus malacophylla,"",eukaryota,false,,,,0.07479995565907273,1,,,100.0,100.0,10^-55.6982,,,,,,,,,,,,,,,,,,0
490850,1,38871,Fraxinus sieboldiana,"",eukaryota,false,,,,0.07479995565907273,1,,,100.0,96.0,10^-52.9712,,,,,,,,,,,,,,,,,,0
490843,1,38871,Fraxinus lanuginosa,"",eukaryota,false,,,,0.3739997782953636,5,,,100.0,97.25,10^-53.8243,,,,,,,,,,,,,,,,,,0
490836,1,38871,Fraxinus bungeana,"",eukaryota,false,,,,0.07479995565907273,1,,,100.0,101.0,10^-56.3801,,,,,,,,,,,,,,,,,,0
56040,1,38871,Fraxinus latifolia,"",eukaryota,false,,,,0.22439986697721817,3,,,100.0,86.0,10^-46.1638,,,,,,,,,,,,,,,,,,0
56038,1,38871,Fraxinus velutina,"",eukaryota,false,,,,4.039197605589927,54,3,51,97.5342,326.769,10^-194.512,,,,,,,,,,,,,,,,,,0
56036,1,38871,Fraxinus pennsylvanica,"",eukaryota,false,,,,3.9643976499308544,53,,,94.8642,92.3962,10^-44.0761,,,,,,1.1967992905451637,16,,,96.75,30.6429,10^-9.3248,,,,,,0
56029,1,38871,Fraxinus mandshurica,"",eukaryota,false,,,,0.07479995565907273,1,,,100.0,100.0,10^-55.6982,,,,,,,,,,,,,,,,,,0
38874,1,38871,Fraxinus ornus,flowering ash,eukaryota,false,,,,0.14959991131814546,2,,,100.0,101.0,10^-56.3801,,,,,,,,,,,,,,,,,,0
38873,1,38871,Fraxinus excelsior,European ash,eukaryota,false,,,,0.22439986697721817,3,,,100.0,94.0,10^-51.6088,,,,,,,,,,,,,,,,,,0
38872,1,38871,Fraxinus americana,white ash,eukaryota,false,,,,0.22439986697721817,3,,,100.0,98.5,10^-54.6756,,,,,,,,,,,,,,,,,,0
38832,2,38832,Micromonas,"",eukaryota,false,,,,0.07479995565907273,1,,,87.179,39.0,10^-7.38798,,,,,,,,,,,,,,,,,[38833],0
38833,1,38832,Micromonas pusilla,"",eukaryota,false,,,,0.07479995565907273,1,,,87.179,39.0,10^-7.38798,,,,,,,,,,,,,,,,,,0
38595,2,38595,Ajuga,"",eukaryota,false,,,,0.3739997782953636,5,,,89.7722,42.8,10^-10.7788,,,,,,,,,,,,,,,,,[49984],0
49984,1,38595,Ajuga chamaepitys,"",eukaryota,false,,,,0.3739997782953636,5,,,89.7722,42.8,10^-10.7788,,,,,,,,,,,,,,,,,,0
38501,2,38501,Blastococcus,"",bacteria,false,,,,0.14959991131814546,2,,,99.5,100.5,10^-55.3529,,,,,,,,,,,,,,,,,"[2933797, 138336]",0
2933797,1,38501,Blastococcus sp. PRF04-17,"",bacteria,false,,,,0.07479995565907273,1,,,100.0,101.0,10^-56.3801,,,,,,,,,,,,,,,,,,0
138336,1,38501,Blastococcus saxobsidens,"",bacteria,false,,,,0.07479995565907273,1,,,99.0,100.0,10^-54.3258,,,,,,,,,,,,,,,,,,0
38447,2,38447,Monilinia,"",eukaryota,false,,,,0.14959991131814546,2,,,100.0,101.0,10^-56.3801,,,,,,0.14959991131814546,2,,,100.0,33.0,10^-13.1578,,,,,[61207],0
61207,1,38447,Monilinia vaccinii-corymbosi,"",eukaryota,false,,,,0.14959991131814546,2,,,100.0,101.0,10^-56.3801,,,,,,0.14959991131814546,2,,,100.0,33.0,10^-13.1578,,,,,,0
38118,2,38118,Adelges,"",eukaryota,false,,,,0.14959991131814546,2,,,91.6635,54.0,10^-17.5621,,,,,,0.2991998226362909,4,,,72.775,29.5,10^-6.07863,,,,,[133065],0
133065,1,38118,Adelges cooleyi,spruce gall adelgid,eukaryota,false,,,,0.14959991131814546,2,,,91.6635,54.0,10^-17.5621,,,,,,0.2991998226362909,4,,,72.775,29.5,10^-6.07863,,,,,,0
37991,2,37991,Xylaria,"",eukaryota,false,,,,1.1219993348860908,15,,,95.2545,101.6,10^-49.8364,,,,,,0.44879973395443634,6,,,72.0667,30.6667,10^-5.1822,,,,,"[2492676, 326684, 114818, 114812, 37992]",0
2492676,1,37991,Xylaria berteroi,"",eukaryota,false,,,,0.07479995565907273,1,,,97.03,101.0,10^-52.2629,,,,,,,,,,,,,,,,,,0
326684,1,37991,Xylaria bambusicola,"",eukaryota,false,,,,,,,,,,,,,,,,0.14959991131814546,2,,,60.95,32.0,10^-3.18243,,,,,,0
114818,1,37991,Xylaria longipes,"",eukaryota,false,,,,,,,,,,,,,,,,0.22439986697721817,3,,,70.1667,29.0,10^-3.91513,,,,,,0
114812,1,37991,Xylaria castorea,"",eukaryota,false,,,,,,,,,,,,,,,,0.07479995565907273,1,,,100.0,33.0,10^-12.983,,,,,,0
37992,1,37991,Xylaria hypoxylon,"",eukaryota,false,,,,1.0471993792270182,14,,,95.1277,101.643,10^-49.6631,,,,,,,,,,,,,,,,,,0
37858,2,37858,Ostrea,"",eukaryota,false,,,,0.6731996009316545,9,,,93.1931,38.8889,10^-10.364,,,,,,0.22439986697721817,3,,,74.7333,27.0,10^-3.89623,,,,,[37623],0
37623,1,37858,Ostrea edulis,"",eukaryota,false,,,,0.6731996009316545,9,,,93.1931,38.8889,10^-10.364,,,,,,0.22439986697721817,3,,,74.7333,27.0,10^-3.89623,,,,,,0
37854,2,37854,Saturnia,"",eukaryota,false,,,,0.07479995565907273,1,,,92.683,41.0,10^-11.4834,,,,,,,,,,,,,,,,,[332931],0
332931,1,37854,Saturnia pavonia,emperor moth,eukaryota,false,,,,0.07479995565907273,1,,,92.683,41.0,10^-11.4834,,,,,,,,,,,,,,,,,,0
37852,2,37852,Aphidius,"",eukaryota,false,,,,0.22439986697721817,3,,,87.1717,74.6667,10^-24.7346,,,,,,0.8227995122498,11,,,90.92,28.0,10^-7.52306,,,,,[684658],0
684658,1,37852,Aphidius gifuensis,"",eukaryota,false,,,,0.22439986697721817,3,,,87.1717,74.6667,10^-24.7346,,,,,,0.8227995122498,11,,,90.92,28.0,10^-7.52306,,,,,,0
37847,2,37847,Priapulus,"",eukaryota,false,,,,0.07479995565907273,1,,,74.324,74.0,10^-11.9131,,,,,,1.9447988471358908,26,1,18,87.677,60.6923,10^-33.6243,,,,,[37621],0
37621,1,37847,Priapulus caudatus,"",eukaryota,false,,,,0.07479995565907273,1,,,74.324,74.0,10^-11.9131,,,,,,1.9447988471358908,26,1,18,87.677,60.6923,10^-33.6243,,,,,,0
37840,2,37840,Pestalotiopsis,"",eukaryota,false,,,,0.14959991131814546,2,,,93.5895,89.5,10^-41.6832,,,,,,0.07479995565907273,1,,,88.9,27.0,10^-7.35262,,,,,"[2839952, 393283, 85828]",0
2839952,1,37840,Pestalotiopsis sp. 9143b,"",eukaryota,false,,,,,,,,,,,,,,,,0.07479995565907273,1,,,88.9,27.0,10^-7.35262,,,,,,0
393283,1,37840,Pestalotiopsis fici,"",eukaryota,false,,,,0.07479995565907273,1,,,87.179,78.0,10^-26.9863,,,,,,,,,,,,,,,,,,0
85828,1,37840,Pestalotiopsis microspora,"",eukaryota,false,,,,0.07479995565907273,1,,,100.0,101.0,10^-56.3801,,,,,,,,,,,,,,,,,,0
37818,2,37818,Dendrobium,"",eukaryota,false,,,,,,,,,,,,,,,,0.07479995565907273,1,,,66.7,33.0,10^-4.27084,,,,,[906689],0
906689,1,37818,Dendrobium catenatum,"",eukaryota,false,,,,,,,,,,,,,,,,0.07479995565907273,1,,,66.7,33.0,10^-4.27084,,,,,,0
37533,2,37533,Haliclystus,"",eukaryota,false,,,,0.14959991131814546,2,,,91.892,37.0,10^-8.78321,,,,,,,,,,,,,,,,,[313498],0
313498,1,37533,Haliclystus octoradiatus,"",eukaryota,false,,,,0.14959991131814546,2,,,91.892,37.0,10^-8.78321,,,,,,,,,,,,,,,,,,0
37343,2,37343,Athalia,"",eukaryota,false,,,,0.7479995565907273,10,,,86.941,57.6,10^-16.1509,,,,,,0.5235996896135091,7,,,83.5857,32.4286,10^-8.66606,,,,,[37344],0
37344,1,37343,Athalia rosae,coleseed sawfly,eukaryota,false,,,,0.7479995565907273,10,,,86.941,57.6,10^-16.1509,,,,,,0.5235996896135091,7,,,83.5857,32.4286,10^-8.66606,,,,,,0
37314,2,37314,Lepiota,"",eukaryota,false,,,,0.2991998226362909,4,,,94.659,94.0,10^-44.747,,,,,,,,,,,,,,,,,[182874],0
182874,1,37314,Lepiota castaneidisca,"",eukaryota,false,,,,0.2991998226362909,4,,,94.659,94.0,10^-44.747,,,,,,,,,,,,,,,,,,0
36988,2,36988,Reticulitermes,"",eukaryota,false,,,,,,,,,,,,,,,,0.07479995565907273,1,,,90.9,33.0,10^-11.7352,,,,,[141911],0
141911,1,36988,Reticulitermes chinensis,"",eukaryota,false,,,,,,,,,,,,,,,,0.07479995565907273,1,,,90.9,33.0,10^-11.7352,,,,,,0
36986,2,36986,Coptotermes,"",eukaryota,false,,,,,,,,,,,,,,,,45.40357308505715,607,2,597,36.1556,208.975,10^-31.7892,,,,,[36987],0
36987,1,36986,Coptotermes formosanus,Formosan subterranean termite,eukaryota,false,,,,,,,,,,,,,,,,45.40357308505715,607,2,597,36.1556,208.975,10^-31.7892,,,,,,0
36922,2,36922,Diaporthe,"",eukaryota,false,,,,,,,,,,,,,,,,0.22439986697721817,3,,,91.6667,32.0,10^-7.53669,,,,,[165439],0
165439,1,36922,Diaporthe sojae,"",eukaryota,false,,,,,,,,,,,,,,,,0.22439986697721817,3,,,91.6667,32.0,10^-7.53669,,,,,,0
36910,2,36910,Clavispora,"",eukaryota,false,,,,0.14959991131814546,2,,,86.634,101.0,10^-37.8531,,,,,,,,,,,,,,,,,[36911],1
36911,1,36910,Clavispora lusitaniae,"",eukaryota,false,,,,0.14959991131814546,2,,,86.634,101.0,10^-37.8531,,,,,,,,,,,,,,,,,,1
36658,2,36658,Volvariella,"",eukaryota,false,,,,0.2991998226362909,4,,,96.928,80.5,10^-38.9809,,,,,,,,,,,,,,,,,[908347],0
908347,1,36658,Volvariella surrecta,"",eukaryota,false,,,,0.2991998226362909,4,,,96.928,80.5,10^-38.9809,,,,,,,,,,,,,,,,,,0
36167,2,36167,Kiefferulus,"",eukaryota,false,,,,0.07479995565907273,1,,,100.0,56.0,10^-25.7579,,,,,,,,,,,,,,,,,[1366568],0
1366568,1,36167,Kiefferulus umbraticola,"",eukaryota,false,,,,0.07479995565907273,1,,,100.0,56.0,10^-25.7579,,,,,,,,,,,,,,,,,,0
36136,2,36136,Pollicipes,"",eukaryota,false,,,,0.5983996452725818,8,,,85.987,85.875,10^-28.9214,,,,,,0.3739997782953636,5,,,90.04,32.6,10^-10.2454,,,,,[41117],0
41117,1,36136,Pollicipes pollicipes,"",eukaryota,false,,,,0.5983996452725818,8,,,85.987,85.875,10^-28.9214,,,,,,0.3739997782953636,5,,,90.04,32.6,10^-10.2454,,,,,,0
36086,2,36086,Trichuris,"",eukaryota,false,,,,,,,,,,,,,,,,0.9723994235679454,13,,,84.1077,29.8462,10^-8.20286,,,,,"[68888, 36087]",1
68888,1,36086,Trichuris suis,pig whipworm,eukaryota,false,,,,,,,,,,,,,,,,0.5983996452725818,8,,,79.4375,30.375,10^-6.96497,,,,,,0
36087,1,36086,Trichuris trichiura,human whipworm,eukaryota,false,,,,,,,,,,,,,,,,0.3739997782953636,5,,,91.58,29.0,10^-10.1835,,,,,,1
36065,2,36065,Cantharellus,"",eukaryota,false,,,,,,,,,,,,,,,,0.07479995565907273,1,,,100.0,33.0,10^-11.4647,,,,,[1750568],0
1750568,1,36065,Cantharellus anzutake,"",eukaryota,false,,,,,,,,,,,,,,,,0.07479995565907273,1,,,100.0,33.0,10^-11.4647,,,,,,0
36048,2,36048,Tuber,truffles,eukaryota,false,,,,0.07479995565907273,1,,,99.0,100.0,10^-54.3258,,,,,,,,,,,,,,,,,[1917366],0
1917366,1,36048,Tuber sp.,"",eukaryota,false,,,,0.07479995565907273,1,,,99.0,100.0,10^-54.3258,,,,,,,,,,,,,,,,,,0
35973,2,35973,Santalum,sandalwoods,eukaryota,false,,,,,,,,,,,,,,,,0.07479995565907273,1,,,100.0,32.0,10^-10.6144,,,,,[35974],0
35974,1,35973,Santalum album,white sandalwood,eukaryota,false,,,,,,,,,,,,,,,,0.07479995565907273,1,,,100.0,32.0,10^-10.6144,,,,,,0
35939,2,35939,Impatiens,"",eukaryota,false,,,,0.07479995565907273,1,,,84.615,39.0,10^-6.01561,,,,,,,,,,,,,,,,,[253017],0
253017,1,35939,Impatiens glandulifera,"",eukaryota,false,,,,0.07479995565907273,1,,,84.615,39.0,10^-6.01561,,,,,,,,,,,,,,,,,,0
35823,2,35823,Arthrospira,"",bacteria,false,,,,0.3739997782953636,5,,,84.309,40.3333,10^-6.45849,,,,,,,,,,,,,,,,,[118562],0
118562,1,35823,Arthrospira platensis,"",bacteria,false,,,,0.3739997782953636,5,,,84.309,40.3333,10^-6.45849,,,,,,,,,,,,,,,,,,0
35721,2,35721,Parasitella,"",eukaryota,false,,,,,,,,,,,,,,,,0.07479995565907273,1,,,63.0,27.0,10^-4.15614,,,,,[35722],0
35722,1,35721,Parasitella parasitica,"",eukaryota,false,,,,,,,,,,,,,,,,0.07479995565907273,1,,,63.0,27.0,10^-4.15614,,,,,,0
35715,2,35715,Prosopis,"",eukaryota,false,,,,,,,,,,,,,,,,0.07479995565907273,1,,,69.6,23.0,10^-4.39254,,,,,[364024],0
364024,1,35715,Prosopis cineraria,"",eukaryota,false,,,,,,,,,,,,,,,,0.07479995565907273,1,,,69.6,23.0,10^-4.39254,,,,,,0
35585,2,35585,Myxidium,"",eukaryota,false,,,,112.19993348860909,1500,1,1500,89.157,83.0,10^-17.5884,,,,,,,,,,,,,,,,,[371548],0
371548,1,35585,Myxidium cuneiforme,"",eukaryota,false,,,,112.19993348860909,1500,1,1500,89.157,83.0,10^-17.5884,,,,,,,,,,,,,,,,,,0
35571,2,35571,Bradysia,"",eukaryota,false,,,,1.7203989801586728,23,,,92.0836,59.3913,10^-20.9224,,,,,,68.96555911766505,922,6,820,54.6957,192.183,10^-54.4805,,,,,"[1564500, 38358]",0
1564500,1,35571,Bradysia odoriphaga,"",eukaryota,false,,,,,,,,,,,,,,,,2.767598359385691,37,,,90.1167,29.9722,10^-8.6485,,,,,,0
38358,1,35571,Bradysia coprophila,"",eukaryota,false,,,,1.7203989801586728,23,,,92.0836,59.3913,10^-20.9224,,,,,,66.19796075827936,885,6,820,53.2283,198.903,10^-56.3792,,,,,,0
35569,2,35569,Stomoxys,"",eukaryota,false,,,,0.5983996452725818,8,,,85.3199,84.375,10^-27.3959,,,,,,0.8227995122498,11,,,93.8,31.1111,10^-9.7861,,,,,[35570],0
35570,1,35569,Stomoxys calcitrans,stable fly,eukaryota,false,,,,0.5983996452725818,8,,,85.3199,84.375,10^-27.3959,,,,,,0.8227995122498,11,,,93.8,31.1111,10^-9.7861,,,,,,0
35127,2,35127,Thalassiosira,"",eukaryota,false,,,,0.14959991131814546,2,,,84.211,38.0,10^-5.3407,,,,,,,,,,,,,,,,,[35128],0
35128,1,35127,Thalassiosira pseudonana,"",eukaryota,false,,,,0.14959991131814546,2,,,84.211,38.0,10^-5.3407,,,,,,,,,,,,,,,,,,0
35103,2,35103,Pseudocohnilembus,"",eukaryota,false,,,,,,,,,,,,,,,,0.07479995565907273,1,,,56.7,30.0,10^-3.45346,,,,,[266149],0
266149,1,35103,Pseudocohnilembus persalinus,"",eukaryota,false,,,,,,,,,,,,,,,,0.07479995565907273,1,,,56.7,30.0,10^-3.45346,,,,,,0
34717,2,34717,Trachymyrmex,"",eukaryota,false,,,,0.8975994679088727,12,,,91.3411,52.0,10^-15.7055,,,,,,4.039197605589927,54,2,43,56.2733,120.173,10^-19.9443,,,,,"[471704, 64791, 34720]",0
471704,1,34717,Trachymyrmex cornetzi,"",eukaryota,false,,,,0.2991998226362909,4,,,89.7272,57.75,10^-16.6883,,,,,,0.6731996009316545,9,,,72.2333,30.5556,10^-5.45193,,,,,,0
64791,1,34717,Trachymyrmex zeteki,"",eukaryota,false,,,,0.2991998226362909,4,,,89.5707,55.75,10^-17.3601,,,,,,2.5431984924084725,34,1,33,39.045,176.375,10^-26.993,,,,,,0
34720,1,34717,Trachymyrmex septentrionalis,"",eukaryota,false,,,,0.2991998226362909,4,,,95.8533,39.3333,10^-12.1892,,,,,,0.8227995122498,11,1,10,93.3336,30.0,10^-11.2963,,,,,,0
34699,2,34699,Cyphomyrmex,"",eukaryota,false,,,,0.5235996896135091,7,,,93.5554,48.5714,10^-16.223,,,,,,5.535196718771382,74,4,46,61.9616,70.7747,10^-20.619,,,,,[456900],0
456900,1,34699,Cyphomyrmex costatus,"",eukaryota,false,,,,0.5235996896135091,7,,,93.5554,48.5714,10^-16.223,,,,,,5.535196718771382,74,4,46,61.9616,70.7747,10^-20.619,,,,,,0
34688,2,34688,Beris,"",eukaryota,false,,,,0.5983996452725818,8,1,8,82.022,178.0,10^-32.0128,,,,,,,,,,,,,,,,,[931494],0
931494,1,34688,Beris morrisii,"",eukaryota,false,,,,0.5983996452725818,8,1,8,82.022,178.0,10^-32.0128,,,,,,,,,,,,,,,,,,0
34681,2,34681,Syritta,"",eukaryota,false,,,,3.066798182021982,41,2,14,88.1262,76.4146,10^-18.4979,,,,,,,,,,,,,,,,,[34682],0
34682,1,34681,Syritta pipiens,"",eukaryota,false,,,,3.066798182021982,41,2,14,88.1262,76.4146,10^-18.4979,,,,,,,,,,,,,,,,,,0
34675,2,34675,Protophormia,"",eukaryota,false,,,,0.14959991131814546,2,,,94.1665,40.5,10^-11.8345,,,,,,,,,,,,,,,,,[34676],0
34676,1,34675,Protophormia terraenovae,northern blowfly,eukaryota,false,,,,0.14959991131814546,2,,,94.1665,40.5,10^-11.8345,,,,,,,,,,,,,,,,,,0
34630,2,34630,Rhipicephalus,"",eukaryota,false,,,,0.3739997782953636,5,,,89.4706,66.2,10^-22.8199,,,,,,0.6731996009316545,9,,,64.6625,31.0,10^-5.02625,,,,,"[34632, 6941]",0
34632,1,34630,Rhipicephalus sanguineus,brown dog tick,eukaryota,false,,,,0.07479995565907273,1,,,90.323,62.0,10^-21.5965,,,,,,0.6731996009316545,9,,,64.6625,31.0,10^-5.02625,,,,,,0
6941,1,34630,Rhipicephalus microplus,southern cattle tick,eukaryota,false,,,,0.2991998226362909,4,,,89.2575,67.25,10^-23.1257,,,,,,,,,,,,,,,,,,0
34625,2,34625,Hyalomma,"",eukaryota,false,,,,,,,,,,,,,,,,0.07479995565907273,1,,,61.3,31.0,10^-5.76447,,,,,[266040],0
266040,1,34625,Hyalomma asiaticum,"",eukaryota,false,,,,,,,,,,,,,,,,0.07479995565907273,1,,,61.3,31.0,10^-5.76447,,,,,,0
34622,2,34622,Haemaphysalis,"",eukaryota,false,,,,,,,,,,,,,,,,0.44879973395443634,6,,,67.7333,30.0,10^-3.46358,,,,,[44386],0
44386,1,34622,Haemaphysalis longicornis,longhorned tick,eukaryota,false,,,,,,,,,,,,,,,,0.44879973395443634,6,,,67.7333,30.0,10^-3.46358,,,,,,0
34619,2,34619,Dermacentor,"",eukaryota,false,,,,0.9723994235679454,13,1,8,88.5844,92.1538,10^-25.6361,,,,,,0.22439986697721817,3,,,94.6667,27.6667,10^-8.0513,,,,,"[543639, 34620]",0
543639,1,34619,Dermacentor silvarum,"",eukaryota,false,,,,0.14959991131814546,2,,,89.2565,78.5,10^-29.3867,,,,,,0.22439986697721817,3,,,94.6667,27.6667,10^-8.0513,,,,,,0
34620,1,34619,Dermacentor andersoni,"",eukaryota,false,,,,0.8227995122498,11,1,8,88.4622,94.6364,10^-24.9542,,,,,,,,,,,,,,,,,,0
34601,2,34601,Argas,"",eukaryota,false,,,,0.07479995565907273,1,,,92.857,42.0,10^-12.1591,,,,,,0.07479995565907273,1,,,74.2,31.0,10^-7.00436,,,,,"[906883, 34602]",0
906883,1,34601,Argas walkerae,"",eukaryota,false,,,,0.07479995565907273,1,,,92.857,42.0,10^-12.1591,,,,,,,,,,,,,,,,,,0
34602,1,34601,Argas monolakensis,"",eukaryota,false,,,,,,,,,,,,,,,,0.07479995565907273,1,,,74.2,31.0,10^-7.00436,,,,,,0
34509,2,34509,Heterodera,"",eukaryota,false,,,,0.14959991131814546,2,,,90.0,40.0,10^-9.43554,,,,,,,,,,,,,,,,,[51029],0
51029,1,34509,Heterodera glycines,soybean cyst nematode,eukaryota,false,,,,0.14959991131814546,2,,,90.0,40.0,10^-9.43554,,,,,,,,,,,,,,,,,,0
34503,2,34503,Paragonimus,"",eukaryota,false,,,,,,,,,,,,,,,,0.22439986697721817,3,,,73.5667,29.6667,10^-4.7667,,,,,[34504],1
34504,1,34503,Paragonimus westermani,"",eukaryota,false,,,,,,,,,,,,,,,,0.22439986697721817,3,,,73.5667,29.6667,10^-4.7667,,,,,,1
34487,2,34487,Conidiobolus,"",eukaryota,false,,,,1.346399201863309,18,,,99.4053,97.5625,10^-53.1801,,,,,,0.14959991131814546,2,,,92.9,28.0,10^-10.4034,,,,,"[2721185, 2074866, 1973308, 1167816, 34488]",1
2721185,1,34487,Conidiobolus taihushanensis,"",eukaryota,false,,,,0.22439986697721817,3,,,98.6793,100.333,10^-54.0957,,,,,,,,,,,,,,,,,,0
2074866,1,34487,Conidiobolus polyspermus,"",eukaryota,false,,,,0.14959991131814546,2,,,100.0,101.0,10^-56.3801,,,,,,,,,,,,,,,,,,0
1973308,1,34487,Conidiobolus sp.,"",eukaryota,false,,,,0.14959991131814546,2,,,99.0,100.0,10^-53.6397,,,,,,,,,,,,,,,,,,0
1167816,1,34487,Conidiobolus lichenicola,"",eukaryota,false,,,,0.07479995565907273,1,,,100.0,101.0,10^-56.3801,,,,,,,,,,,,,,,,,,0
34488,1,34487,Conidiobolus coronatus,"",eukaryota,false,,,,0.7479995565907273,10,,,99.6051,95.3333,10^-52.0616,,,,,,0.14959991131814546,2,,,92.9,28.0,10^-10.4034,,,,,,1
34484,2,34484,Entomophthora,"",eukaryota,false,,,,,,,,,,,,,,,,0.22439986697721817,3,,,80.4,33.3333,10^-6.03013,,,,,[34485],0
34485,1,34484,Entomophthora muscae,"",eukaryota,false,,,,,,,,,,,,,,,,0.22439986697721817,3,,,80.4,33.3333,10^-6.03013,,,,,,0
34482,2,34482,Zoophthora,"",eukaryota,false,,,,0.14959991131814546,2,,,81.106,100.5,10^-29.9643,,,,,,,,,,,,,,,,,"[150346, 42210]",0
150346,1,34482,Zoophthora lanceolata,"",eukaryota,false,,,,0.07479995565907273,1,,,81.443,97.0,10^-28.9502,,,,,,,,,,,,,,,,,,0
42210,1,34482,Zoophthora radicans,"",eukaryota,false,,,,0.07479995565907273,1,,,80.769,104.0,10^-30.9785,,,,,,,,,,,,,,,,,,0
34474,2,34474,Fomitopsis,"",eukaryota,false,,,,0.07479995565907273,1,,,99.01,101.0,10^-55.0077,,,,,,,,,,,,,,,,,[40483],0
40483,1,34474,Fomitopsis pinicola,"",eukaryota,false,,,,0.07479995565907273,1,,,99.01,101.0,10^-55.0077,,,,,,,,,,,,,,,,,,0
34453,2,34453,Hebeloma,"",eukaryota,false,,,,,,,,,,,,,,,,0.9723994235679454,13,1,10,92.2446,43.6154,10^-21.4145,,,,,[76867],0
76867,1,34453,Hebeloma cylindrosporum,"",eukaryota,false,,,,,,,,,,,,,,,,0.9723994235679454,13,1,10,92.2446,43.6154,10^-21.4145,,,,,,0
34451,2,34451,Cortinarius,"",eukaryota,false,,,,0.14959991131814546,2,,,100.0,98.5,10^-54.6756,,,,,,,,,,,,,,,,,"[2984293, 1126577]",0
2984293,1,34451,Cortinarius tibeticisalor,"",eukaryota,false,,,,0.07479995565907273,1,,,100.0,101.0,10^-56.3801,,,,,,,,,,,,,,,,,,0
1126577,1,34451,Cortinarius sp. mag2,"",eukaryota,false,,,,0.07479995565907273,1,,,100.0,96.0,10^-52.9712,,,,,,,,,,,,,,,,,,0
34448,2,34448,Marasmius,"",eukaryota,false,,,,0.8227995122498,11,,,98.3596,89.5455,10^-46.5785,,,,,,0.14959991131814546,2,,,97.0,33.0,10^-11.3678,,,,,"[1967136, 1748485, 1328755, 585030, 181124]",0
1967136,1,34448,Marasmius sp.,"",eukaryota,false,,,,0.07479995565907273,1,,,98.718,78.0,10^-39.3377,,,,,,,,,,,,,,,,,,0
1748485,1,34448,Marasmius pseudoniveoaffinis,"",eukaryota,false,,,,0.07479995565907273,1,,,100.0,78.0,10^-40.71,,,,,,,,,,,,,,,,,,0
1328755,1,34448,Marasmius fiardii,"",eukaryota,false,,,,,,,,,,,,,,,,0.07479995565907273,1,,,97.0,33.0,10^-10.7282,,,,,,0
585030,1,34448,Marasmius tenuissimus,"",eukaryota,false,,,,0.2991998226362909,4,,,100.0,101.0,10^-56.3801,,,,,,,,,,,,,,,,,,0
181124,1,34448,Marasmius oreades,"",eukaryota,false,,,,0.3739997782953636,5,,,96.6476,85.0,10^-41.3592,,,,,,0.07479995565907273,1,,,97.0,33.0,10^-12.0074,,,,,,0
34444,2,34444,Lactarius,"",eukaryota,false,,,,0.14959991131814546,2,,,100.0,76.0,10^-39.3489,,,,,,0.07479995565907273,1,,,68.8,32.0,10^-6.9393,,,,,"[1886493, 222702]",0
1886493,1,34444,Lactarius sp. (in: basidiomycete fungi),"",eukaryota,false,,,,0.14959991131814546,2,,,100.0,76.0,10^-39.3489,,,,,,,,,,,,,,,,,,0
222702,1,34444,Lactarius indigo,"",eukaryota,false,,,,,,,,,,,,,,,,0.07479995565907273,1,,,68.8,32.0,10^-6.9393,,,,,,0
34433,2,34433,Leucoagaricus,"",eukaryota,false,,,,,,,,,,,,,,,,0.22439986697721817,3,,,72.6333,31.6667,10^-6.98433,,,,,[1714833],0
1714833,1,34433,Leucoagaricus sp. SymC.cos,"",eukaryota,false,,,,,,,,,,,,,,,,0.22439986697721817,3,,,72.6333,31.6667,10^-6.98433,,,,,,0
34399,2,34399,Phomopsis,"",eukaryota,false,,,,0.07479995565907273,1,,,99.01,101.0,10^-55.0077,,,,,,,,,,,,,,,,,[746717],0
746717,1,34399,Phomopsis sp. MA194,"",eukaryota,false,,,,0.07479995565907273,1,,,99.01,101.0,10^-55.0077,,,,,,,,,,,,,,,,,,0
34372,2,34372,Blumeria,"",eukaryota,false,,,,1.8699988914768182,25,1,20,92.2118,393.96,10^-149.813,,,,,,,,,,,,,,,,,[34373],0
34373,1,34372,Blumeria graminis,"",eukaryota,false,,,,1.8699988914768182,25,1,20,92.2118,393.96,10^-149.813,,,,,,,,,,,,,,,,,,0
34145,2,34145,Closterium,"",eukaryota,false,,,,,,,,,,,,,,,,0.2991998226362909,4,,,69.65,31.25,10^-4.65246,,,,,[2019903],0
2019903,1,34145,Closterium sp. NIES-68,"",eukaryota,false,,,,,,,,,,,,,,,,0.2991998226362909,4,,,69.65,31.25,10^-4.65246,,,,,,0
34111,2,34111,Monoraphidium,"",eukaryota,false,,,,,,,,,,,,,,,,0.07479995565907273,1,,,69.0,29.0,10^-3.11351,,,,,[39955],0
39955,1,34111,Monoraphidium minutum,"",eukaryota,false,,,,,,,,,,,,,,,,0.07479995565907273,1,,,69.0,29.0,10^-3.11351,,,,,,0
34098,2,34098,Blattabacterium,"",bacteria,false,,,,,,,,,,,,,,,,0.07479995565907273,1,,,100.0,33.0,10^-15.0773,,,,,[39768],0
39768,1,34098,Blattabacterium sp. (Mastotermes darwiniensis),"",bacteria,false,,,,,,,,,,,,,,,,0.07479995565907273,1,,,100.0,33.0,10^-15.0773,,,,,,0
34084,2,34084,Riemerella,"",bacteria,false,,,,0.22439986697721817,3,,,99.01,98.0,10^-52.9626,,,,,,1.1219993348860908,15,,,98.6867,30.8667,10^-11.6603,,,,,"[103810, 34085]",0
103810,1,34084,Riemerella columbina,"",bacteria,false,,,,,,,,,,,,,,,,0.14959991131814546,2,,,100.0,33.0,10^-12.6814,,,,,,0
34085,1,34084,Riemerella anatipestifer,"",bacteria,false,,,,0.22439986697721817,3,,,99.01,98.0,10^-52.9626,,,,,,0.9723994235679454,13,,,98.4846,30.5385,10^-11.5032,,,,,,0
34037,2,34037,Rahnella,"",bacteria,false,,,,0.14959991131814546,2,,,98.9615,96.5,10^-51.9401,,,,,,1.7203989801586728,23,,,97.565,31.6,10^-11.978,,,,,"[1805933, 999175]",0
1805933,1,34037,Rahnella sikkimica,"",bacteria,false,,,,,,,,,,,,,,,,1.7203989801586728,23,,,97.565,31.6,10^-11.978,,,,,,0
999175,1,34037,Rahnella sp. J7WN9,"",bacteria,false,,,,0.14959991131814546,2,,,98.9615,96.5,10^-51.9401,,,,,,,,,,,,,,,,,,0
34019,2,34019,Liberibacter,"",bacteria,false,,,,,,,,,,,,,,,,0.44879973395443634,6,,,87.45,30.8333,10^-8.84471,,,,,[34021],0
34021,1,34019,Candidatus Liberibacter asiaticus,"",bacteria,false,,,,,,,,,,,,,,,,0.44879973395443634,6,,,87.45,30.8333,10^-8.84471,,,,,,0
33986,2,33986,Exiguobacterium,"",bacteria,false,,,,0.14959991131814546,2,,,97.674,86.0,10^-43.4124,,,,,,,,,,,,,,,,,[41170],0
41170,1,33986,Exiguobacterium acetylicum,"",bacteria,false,,,,0.14959991131814546,2,,,97.674,86.0,10^-43.4124,,,,,,,,,,,,,,,,,,0
33981,2,33981,Kineococcus,"",bacteria,false,,,,0.07479995565907273,1,,,98.958,96.0,10^-51.5988,,,,,,,,,,,,,,,,,[131568],0
131568,1,33981,Kineococcus radiotolerans,"",bacteria,false,,,,0.07479995565907273,1,,,98.958,96.0,10^-51.5988,,,,,,,,,,,,,,,,,,0
33926,2,33926,Phytoplasma,plant yellows agents,bacteria,false,,,,,,,,,,,,,,,,1.1967992905451637,16,1,14,60.8484,83.125,10^-25.4156,,,,,[35779],0
35779,1,33926,Aster yellows phytoplasma,"",bacteria,false,,,,,,,,,,,,,,,,1.1967992905451637,16,1,14,60.8484,83.125,10^-25.4156,,,,,,0
33882,2,33882,Microbacterium,"",bacteria,false,,,,0.2991998226362909,4,,,95.9675,81.0,10^-39.3336,,,,,,,,,,,,,,,,,"[162426, 2033]",0
162426,1,33882,Microbacterium hominis,"",bacteria,false,,,,0.14959991131814546,2,,,91.935,62.0,10^-22.9689,,,,,,,,,,,,,,,,,,0
2033,1,33882,Microbacterium testaceum,"",bacteria,false,,,,0.14959991131814546,2,,,100.0,100.0,10^-55.6982,,,,,,,,,,,,,,,,,,0
33465,2,33465,Yponomeuta,European small ermine moth,eukaryota,false,,,,1.4211991575223817,19,,,89.269,51.3684,10^-14.3967,,,,,,,,,,,,,,,,,"[2567736, 1594356, 263933, 33466]",0
2567736,1,33465,Yponomeuta cagnagella,spindle ermine moth,eukaryota,false,,,,0.2991998226362909,4,,,92.661,50.5,10^-16.5497,,,,,,,,,,,,,,,,,,0
1594356,1,33465,Yponomeuta plumbellus,"",eukaryota,false,,,,0.44879973395443634,6,,,89.0032,51.6667,10^-14.8287,,,,,,,,,,,,,,,,,,0
263933,1,33465,Yponomeuta sedellus,"",eukaryota,false,,,,0.44879973395443634,6,,,86.735,50.6667,10^-11.8604,,,,,,,,,,,,,,,,,,0
33466,1,33465,Yponomeuta malinellus,apple ermine moth,eukaryota,false,,,,0.22439986697721817,3,,,90.346,53.3333,10^-15.7345,,,,,,,,,,,,,,,,,,0
33447,2,33447,Eueides,"",eukaryota,false,,,,0.07479995565907273,1,,,87.671,73.0,10^-24.9565,,,,,,,,,,,,,,,,,[33448],0
33448,1,33447,Eueides isabella,"",eukaryota,false,,,,0.07479995565907273,1,,,87.671,73.0,10^-24.9565,,,,,,,,,,,,,,,,,,0
33416,2,33416,Heliconius,"",eukaryota,false,,,,0.2991998226362909,4,,,87.4417,37.5,10^-6.71916,,,,,,,,,,,,,,,,,[33443],0
33443,1,33416,Heliconius sara,"",eukaryota,false,,,,0.2991998226362909,4,,,87.4417,37.5,10^-6.71916,,,,,,,,,,,,,,,,,,0
33411,2,33411,Zerene,"",eukaryota,false,,,,0.3739997782953636,5,,,88.2406,69.4,10^-23.0665,,,,,,0.2991998226362909,4,,,96.875,32.0,10^-11.4182,,,,,[33412],0
33412,1,33411,Zerene cesonia,dogface butterfly,eukaryota,false,,,,0.3739997782953636,5,,,88.2406,69.4,10^-23.0665,,,,,,0.2991998226362909,4,,,96.875,32.0,10^-11.4182,,,,,,0
33393,2,33393,Holotrichia,"",eukaryota,false,,,,,,,,,,,,,,,,1.5707990688405271,21,,,88.5333,30.9524,10^-8.0301,,,,,[644536],0
644536,1,33393,Holotrichia oblita,"",eukaryota,false,,,,,,,,,,,,,,,,1.5707990688405271,21,,,88.5333,30.9524,10^-8.0301,,,,,,0
33202,2,33202,Paecilomyces,"",eukaryota,false,,,,0.07479995565907273,1,,,91.667,36.0,10^-8.10892,,,,,,,,,,,,,,,,,[264951],0
264951,1,33202,Paecilomyces variotii,"",eukaryota,false,,,,0.07479995565907273,1,,,91.667,36.0,10^-8.10892,,,,,,,,,,,,,,,,,,0
33194,2,33194,Bipolaris,"",eukaryota,false,,,,0.14959991131814546,2,,,88.889,45.0,10^-11.4429,,,,,,,,,,,,,,,,,[45130],0
45130,1,33194,Bipolaris sorokiniana,"",eukaryota,false,,,,0.14959991131814546,2,,,88.889,45.0,10^-11.4429,,,,,,,,,,,,,,,,,,0
33073,2,33073,Zymobacter,"",bacteria,false,,,,73.90235619116385,988,4,889,96.3582,352.415,10^-155.004,,,,,,0.22439986697721817,3,,,94.9333,28.3333,10^-9.76391,,,,,"[3048686, 33074]",0
3048686,1,33073,Zymobacter sp.,"",bacteria,false,,,,0.07479995565907273,1,,,99.01,101.0,10^-55.0077,,,,,,,,,,,,,,,,,,0
33074,1,33073,Zymobacter palmae,"",bacteria,false,,,,73.82755623550477,987,4,889,96.3541,352.801,10^-155.157,,,,,,0.22439986697721817,3,,,94.9333,28.3333,10^-9.76391,,,,,,0
33055,2,33055,Candidatus Kinetoplastibacterium,"",bacteria,false,,,,460.1693272146154,6152,3,6014,99.9665,2024.06,10^-300.9,,,,,,0.9723994235679454,13,,,100.0,32.2308,10^-11.8451,,,,,"[994696, 994695, 233181, 33056]",0
994696,1,33055,Candidatus Kinetoplastibacterium oncopeltii,"",bacteria,false,,,,,,,,,,,,,,,,0.07479995565907273,1,,,100.0,33.0,10^-10.8665,,,,,,0
994695,1,33055,Candidatus Kinetoplastibacterium galatii,"",bacteria,false,,,,,,,,,,,,,,,,0.07479995565907273,1,,,100.0,31.0,10^-10.2976,,,,,,0
233181,1,33055,Candidatus Kinetoplastibacterium blastocrithidii,"",bacteria,false,,,,458.0749284561614,6124,3,6014,99.9665,2035.9,10^-302.408,,,,,,0.8227995122498,11,,,100.0,32.2727,10^-12.0747,,,,,,0
33056,1,33055,Candidatus Kinetoplastibacterium crithidii,"",bacteria,false,,,,2.0943987584540364,28,,,99.9619,100.346,10^-55.8815,,,,,,,,,,,,,,,,,,0
33042,2,33042,Coprococcus,"",bacteria,false,,,,,,,,,,,,,,,,0.22439986697721817,3,,,90.6333,32.0,10^-9.83911,,,,,"[2997953, 33043]",0
2997953,1,33042,Coprococcus sp. AM97-35,"",bacteria,false,,,,,,,,,,,,,,,,0.14959991131814546,2,,,96.9,32.0,10^-9.14,,,,,,0
33043,1,33042,Coprococcus eutactus,"",bacteria,false,,,,,,,,,,,,,,,,0.07479995565907273,1,,,78.1,32.0,10^-11.2373,,,,,,0
32636,2,32636,Halothermothrix,"",bacteria,false,,,,2.0195988027949636,27,1,27,91.026,78.0,10^-16.8962,,,,,,,,,,,,,,,,,[31909],0
31909,1,32636,Halothermothrix orenii,"",bacteria,false,,,,2.0195988027949636,27,1,27,91.026,78.0,10^-16.8962,,,,,,,,,,,,,,,,,,0
32404,2,32404,Gasteruption,"",eukaryota,false,,,,1.0471993792270182,14,,,91.5032,52.25,10^-17.1654,,,,,,,,,,,,,,,,,[2718756],0
2718756,1,32404,Gasteruption jaculator,"",eukaryota,false,,,,1.0471993792270182,14,,,91.5032,52.25,10^-17.1654,,,,,,,,,,,,,,,,,,0
32399,2,32399,Encarsia,"",eukaryota,false,,,,,,,,,,,,,,,,0.07479995565907273,1,,,93.8,32.0,10^-9.0,,,,,[121810],0
121810,1,32399,Encarsia pergandiella,"",eukaryota,false,,,,,,,,,,,,,,,,0.07479995565907273,1,,,93.8,32.0,10^-9.0,,,,,,0
32390,2,32390,Cotesia,"",eukaryota,false,,,,0.3739997782953636,5,,,89.8854,68.8,10^-23.2272,,,,,,91.40554581538687,1222,2,1185,36.8584,403.117,10^-74.8519,,,,,"[2053667, 89804, 51543, 32392, 32391]",0
2053667,1,32390,Cotesia typhae,"",eukaryota,false,,,,,,,,,,,,,,,,0.22439986697721817,3,,,84.4,31.3333,10^-6.74742,,,,,,0
89804,1,32390,Cotesia chilonis,"",eukaryota,false,,,,0.07479995565907273,1,,,90.0,50.0,10^-14.8281,,,,,,,,,,,,,,,,,,0
51543,1,32390,Cotesia congregata,"",eukaryota,false,,,,,,,,,,,,,,,,89.53554692391005,1197,2,1185,35.97,411.032,10^-76.3034,,,,,,0
32392,1,32390,Cotesia rubecula,"",eukaryota,false,,,,0.07479995565907273,1,,,80.808,99.0,10^-28.9413,,,,,,,,,,,,,,,,,,0
32391,1,32390,Cotesia glomerata,"",eukaryota,false,,,,0.22439986697721817,3,,,92.873,65.0,10^-24.1221,,,,,,1.6455990244996,22,,,77.8227,31.0455,10^-6.61345,,,,,,0
32263,2,32263,Tetranychus,"",eukaryota,false,,,,0.22439986697721817,3,,,90.141,71.0,10^-26.341,,,,,,,,,,,,,,,,,[32264],0
32264,1,32263,Tetranychus urticae,two-spotted spider mite,eukaryota,false,,,,0.22439986697721817,3,,,90.141,71.0,10^-26.341,,,,,,,,,,,,,,,,,,0
32257,2,32257,Kingella,"",bacteria,false,,,,0.07479995565907273,1,,,92.453,53.0,10^-18.2337,,,,,,,,,,,,,,,,,[1522312],0
1522312,1,32257,Kingella negevensis,"",bacteria,false,,,,0.07479995565907273,1,,,92.453,53.0,10^-18.2337,,,,,,,,,,,,,,,,,,0
32067,2,32067,Leptotrichia,"",bacteria,false,,,,0.14959991131814546,2,,,100.0,99.5,10^-55.3573,,,,,,,,,,,,,,,,,[40542],0
40542,1,32067,Leptotrichia buccalis,"",bacteria,false,,,,0.14959991131814546,2,,,100.0,99.5,10^-55.3573,,,,,,,,,,,,,,,,,,0
32008,2,32008,Burkholderia,"",bacteria,false,,,,0.2991998226362909,4,,,98.55,82.0,10^-42.0689,,,,,,0.14959991131814546,2,,,96.4,28.0,10^-7.82974,,,,,"[1855726, 758796, 95486]",1
1855726,1,32008,Burkholderia sp. KK1,"",bacteria,false,,,,0.07479995565907273,1,,,96.552,58.0,10^-24.3702,,,,,,,,,,,,,,,,,,0
758796,1,32008,Burkholderia sp. RPE67,"",bacteria,false,,,,,,,,,,,,,,,,0.14959991131814546,2,,,96.4,28.0,10^-7.82974,,,,,,0
95486,1,32008,Burkholderia cenocepacia,"",bacteria,false,,,,0.22439986697721817,3,,,99.216,90.0,10^-47.9685,,,,,,,,,,,,,,,,,,1
30204,2,30204,Tetramorium,"",eukaryota,false,,,,0.14959991131814546,2,,,86.771,48.5,10^-11.7554,,,,,,,,,,,,,,,,,[219812],0
219812,1,30204,Tetramorium bicarinatum,"",eukaryota,false,,,,0.14959991131814546,2,,,86.771,48.5,10^-11.7554,,,,,,,,,,,,,,,,,,0
30137,2,30137,Macrosteles,"",eukaryota,false,,,,0.6731996009316545,9,,,91.9962,55.2222,10^-18.5454,,,,,,1.5707990688405271,21,,,83.1571,29.5714,10^-6.81661,,,,,[74068],0
74068,1,30137,Macrosteles quadrilineatus,aster leafhopper,eukaryota,false,,,,0.6731996009316545,9,,,91.9962,55.2222,10^-18.5454,,,,,,1.5707990688405271,21,,,83.1571,29.5714,10^-6.81661,,,,,,0
30079,2,30079,Cimex,"",eukaryota,false,,,,0.14959991131814546,2,,,88.408,68.5,10^-21.9517,,,,,,0.8227995122498,11,,,96.0909,28.0909,10^-8.50736,,,,,[79782],0
79782,1,30079,Cimex lectularius,bed bug,eukaryota,false,,,,0.14959991131814546,2,,,88.408,68.5,10^-21.9517,,,,,,0.8227995122498,11,,,96.0909,28.0909,10^-8.50736,,,,,,0
30063,2,30063,Delia,"",eukaryota,false,,,,,,,,,,,,,,,,0.14959991131814546,2,,,90.9,33.0,10^-12.8878,,,,,[265456],0
265456,1,30063,Delia antiqua,onion fly,eukaryota,false,,,,,,,,,,,,,,,,0.14959991131814546,2,,,90.9,33.0,10^-12.8878,,,,,,0
29882,2,29882,Laccaria,"",eukaryota,false,,,,0.14959991131814546,2,,,100.0,66.5,10^-32.8885,,,,,,,,,,,,,,,,,[29883],0
29883,1,29882,Laccaria bicolor,"",eukaryota,false,,,,0.14959991131814546,2,,,100.0,66.5,10^-32.8885,,,,,,,,,,,,,,,,,,0
29832,2,29832,Hanseniaspora,"",eukaryota,false,,,,0.14959991131814546,2,,,93.75,54.0,10^-18.9374,,,,,,,,,,,,,,,,,[211097],0
211097,1,29832,Hanseniaspora meyeri,"",eukaryota,false,,,,0.14959991131814546,2,,,93.75,54.0,10^-18.9374,,,,,,,,,,,,,,,,,,0
29828,2,29828,Lipomyces,"",eukaryota,false,,,,0.14959991131814546,2,,,94.737,38.0,10^-10.8302,,,,,,0.22439986697721817,3,,,84.3,30.3333,10^-8.94817,,,,,"[54092, 29829]",0
54092,1,29828,Lipomyces tetrasporus,"",eukaryota,false,,,,0.14959991131814546,2,,,94.737,38.0,10^-10.8302,,,,,,,,,,,,,,,,,,0
29829,1,29828,Lipomyces starkeyi,"",eukaryota,false,,,,,,,,,,,,,,,,0.22439986697721817,3,,,84.3,30.3333,10^-8.94817,,,,,,0
29825,2,29825,Neolecta,"",eukaryota,false,,,,,,,,,,,,,,,,0.07479995565907273,1,,,95.8,24.0,10^-6.76195,,,,,[48691],0
48691,1,29825,Neolecta irregularis,"",eukaryota,false,,,,,,,,,,,,,,,,0.07479995565907273,1,,,95.8,24.0,10^-6.76195,,,,,,0
29646,2,29646,Stichococcus,"",eukaryota,false,,,,0.07479995565907273,1,,,100.0,101.0,10^-56.3801,,,,,,,,,,,,,,,,,[37433],0
37433,1,29646,Stichococcus bacillaris,"",eukaryota,false,,,,0.07479995565907273,1,,,100.0,101.0,10^-56.3801,,,,,,,,,,,,,,,,,,0
29574,2,29574,Taylorella,"",bacteria,false,,,,,,,,,,,,,,,,48.76957108971542,652,1,644,75.8807,68.1553,10^-27.9827,,,,,[84590],0
84590,1,29574,Taylorella asinigenitalis,"",bacteria,false,,,,,,,,,,,,,,,,48.76957108971542,652,1,644,75.8807,68.1553,10^-27.9827,,,,,,0
29487,2,29487,Photorhabdus,"",bacteria,false,,,,,,,,,,,,,,,,0.14959991131814546,2,,,100.0,32.0,10^-11.578,,,,,[1851568],0
1851568,1,29487,Photorhabdus namnaonensis,"",bacteria,false,,,,,,,,,,,,,,,,0.14959991131814546,2,,,100.0,32.0,10^-11.578,,,,,,0
29404,2,29404,Microlunatus,"",bacteria,false,,,,0.22439986697721817,3,,,91.0467,59.3333,10^-20.7144,,,,,,0.14959991131814546,2,,,90.75,32.5,10^-8.48863,,,,,"[2596828, 1036181, 546874]",0
2596828,1,29404,Microlunatus elymi,"",bacteria,false,,,,0.07479995565907273,1,,,85.185,54.0,10^-13.4223,,,,,,,,,,,,,,,,,,0
1036181,1,29404,Microlunatus flavus,"",bacteria,false,,,,,,,,,,,,,,,,0.14959991131814546,2,,,90.75,32.5,10^-8.48863,,,,,,0
546874,1,29404,Microlunatus sagamiharensis,"",bacteria,false,,,,0.14959991131814546,2,,,93.9775,62.0,10^-24.3604,,,,,,,,,,,,,,,,,,0
29287,2,29287,Natronococcus,"",archaea,false,,,,0.07479995565907273,1,,,91.892,37.0,10^-8.78321,,,,,,,,,,,,,,,,,[2951804],0
2951804,1,29287,Natronococcus sp. CG52,"",archaea,false,,,,0.07479995565907273,1,,,91.892,37.0,10^-8.78321,,,,,,,,,,,,,,,,,,0
29171,2,29171,Dictyocaulus,"",eukaryota,false,,,,,,,,,,,,,,,,0.07479995565907273,1,,,60.0,30.0,10^-4.33724,,,,,[29172],0
29172,1,29171,Dictyocaulus viviparus,bovine lungworm,eukaryota,false,,,,,,,,,,,,,,,,0.07479995565907273,1,,,60.0,30.0,10^-4.33724,,,,,,0
29169,2,29169,Ancylostoma,"",eukaryota,false,,,,,,,,,,,,,,,,0.44879973395443634,6,,,74.2333,30.1667,10^-6.24437,,,,,"[53326, 51022, 29170]",3
53326,1,29169,Ancylostoma ceylanicum,"",eukaryota,false,,,,,,,,,,,,,,,,0.22439986697721817,3,,,72.4333,29.0,10^-6.3636,,,,,,1
51022,1,29169,Ancylostoma duodenale,"",eukaryota,false,,,,,,,,,,,,,,,,0.14959991131814546,2,,,64.05,32.0,10^-3.53412,,,,,,1
29170,1,29169,Ancylostoma caninum,dog hookworm,eukaryota,false,,,,,,,,,,,,,,,,0.07479995565907273,1,,,100.0,30.0,10^-11.3072,,,,,,1
29056,2,29056,Ostrinia,"",eukaryota,false,,,,0.2991998226362909,4,,,89.4877,65.25,10^-21.0985,,,,,,0.5235996896135091,7,,,75.5857,32.8571,10^-6.96582,,,,,[93504],0
93504,1,29056,Ostrinia furnacalis,Asian corn borer,eukaryota,false,,,,0.2991998226362909,4,,,89.4877,65.25,10^-21.0985,,,,,,0.5235996896135091,7,,,75.5857,32.8571,10^-6.96582,,,,,,0
29054,2,29054,Epinotia,"",eukaryota,false,,,,1.9447988471358908,26,,,90.5564,48.4615,10^-13.4871,,,,,,,,,,,,,,,,,"[1594296, 1594294, 1594293, 989769]",0
1594296,1,29054,Epinotia ramella,"",eukaryota,false,,,,0.5235996896135091,7,,,85.7023,61.5714,10^-16.0273,,,,,,,,,,,,,,,,,,0
1594294,1,29054,Epinotia demarniana,"",eukaryota,false,,,,0.44879973395443634,6,,,92.8668,44.6667,10^-12.8398,,,,,,,,,,,,,,,,,,0
1594293,1,29054,Epinotia bilunana,"",eukaryota,false,,,,0.3739997782953636,5,,,92.496,43.2,10^-12.7047,,,,,,,,,,,,,,,,,,0
989769,1,29054,Epinotia nisella,"",eukaryota,false,,,,0.5983996452725818,8,,,91.8586,43.125,10^-12.2388,,,,,,,,,,,,,,,,,,0
29052,2,29052,Copidosoma,"",eukaryota,false,,,,0.5235996896135091,7,,,90.5254,81.1429,10^-32.265,,,,,,0.44879973395443634,6,,,100.0,32.1667,10^-13.4729,,,,,[29053],0
29053,1,29052,Copidosoma floridanum,"",eukaryota,false,,,,0.5235996896135091,7,,,90.5254,81.1429,10^-32.265,,,,,,0.44879973395443634,6,,,100.0,32.1667,10^-13.4729,,,,,,0
29048,2,29048,Ophion,"",eukaryota,false,,,,1.1219993348860908,15,1,6,88.8062,122.0,10^-29.0669,,,,,,,,,,,,,,,,,"[2979155, 495356]",0
2979155,1,29048,Ophion slaviceki,"",eukaryota,false,,,,0.22439986697721817,3,,,93.8903,43.6667,10^-13.7443,,,,,,,,,,,,,,,,,,0
495356,1,29048,Ophion costatus,"",eukaryota,false,,,,0.8975994679088727,12,1,6,87.5352,141.583,10^-32.8976,,,,,,,,,,,,,,,,,,0
29044,2,29044,Trichomalopsis,"",eukaryota,false,,,,,,,,,,,,,,,,0.07479995565907273,1,,,88.0,25.0,10^-7.80134,,,,,[543379],0
543379,1,29044,Trichomalopsis sarcophagae,"",eukaryota,false,,,,,,,,,,,,,,,,0.07479995565907273,1,,,88.0,25.0,10^-7.80134,,,,,,0
29021,2,29021,Scutigera,"",eukaryota,false,,,,,,,,,,,,,,,,0.07479995565907273,1,,,97.0,33.0,10^-14.2358,,,,,[29022],0
29022,1,29021,Scutigera coleoptrata,house centipede,eukaryota,false,,,,,,,,,,,,,,,,0.07479995565907273,1,,,97.0,33.0,10^-14.2358,,,,,,0
29012,2,29012,Araneus,"",eukaryota,false,,,,,,,,,,,,,,,,153.63910892373536,2054,6,2001,40.5216,345.917,10^-94.9878,,,,,[182803],0
182803,1,29012,Araneus ventricosus,"",eukaryota,false,,,,,,,,,,,,,,,,153.63910892373536,2054,6,2001,40.5216,345.917,10^-94.9878,,,,,,0
29002,2,29002,Cercospora,"",eukaryota,false,,,,0.22439986697721817,3,,,95.4607,72.3333,10^-33.2104,,,,,,0.07479995565907273,1,,,87.9,33.0,10^-10.2457,,,,,"[2929575, 135779, 84275, 29003]",0
2929575,1,29002,Cercospora sp. J1 LZ-2022,"",eukaryota,false,,,,0.07479995565907273,1,,,98.246,57.0,10^-25.064,,,,,,,,,,,,,,,,,,0
135779,1,29002,Cercospora zeae-maydis,"",eukaryota,false,,,,,,,,,,,,,,,,0.07479995565907273,1,,,87.9,33.0,10^-10.2457,,,,,,0
84275,1,29002,Cercospora kikuchii,"",eukaryota,false,,,,0.07479995565907273,1,,,88.136,59.0,10^-18.1872,,,,,,,,,,,,,,,,,,0
29003,1,29002,Cercospora nicotianae,"",eukaryota,false,,,,0.07479995565907273,1,,,100.0,101.0,10^-56.3801,,,,,,,,,,,,,,,,,,0
28644,2,28644,Eufriesea,"",eukaryota,false,,,,0.2991998226362909,4,,,89.047,56.25,10^-17.0174,,,,,,0.14959991131814546,2,,,95.75,23.5,10^-4.9501,,,,,[516756],0
516756,1,28644,Eufriesea mexicana,"",eukaryota,false,,,,0.2991998226362909,4,,,89.047,56.25,10^-17.0174,,,,,,0.14959991131814546,2,,,95.75,23.5,10^-4.9501,,,,,,0
28641,2,28641,Bombus,bumble bees,eukaryota,false,,,,2.0943987584540364,28,1,6,90.0242,62.7143,10^-15.8478,,,,,,0.6731996009316545,9,,,78.0556,31.7778,10^-6.47263,,,,,"[2705177, 396416, 309941, 207650, 207624, 132113, 103933, 85661, 85660, 30201, 30195, 30194]",0
2705177,1,28641,Bombus vancouverensis,"",eukaryota,false,,,,0.14959991131814546,2,,,90.385,52.0,10^-16.1834,,,,,,0.07479995565907273,1,,,72.7,33.0,10^-6.98716,,,,,,0
396416,1,28641,Bombus pyrosoma,"",eukaryota,false,,,,0.5235996896135091,7,,,91.4287,46.1429,10^-13.5908,,,,,,0.07479995565907273,1,,,100.0,27.0,10^-9.86328,,,,,,0
309941,1,28641,Bombus affinis,"",eukaryota,false,,,,0.07479995565907273,1,,,94.444,36.0,10^-9.48129,,,,,,0.14959991131814546,2,,,64.5,31.0,10^-4.4735,,,,,,0
207650,1,28641,Bombus vosnesenskii,"",eukaryota,false,,,,0.07479995565907273,1,,,86.047,86.0,10^-29.6887,,,,,,0.07479995565907273,1,,,67.6,34.0,10^-3.31247,,,,,,0
207624,1,28641,Bombus campestris,"",eukaryota,false,,,,0.07479995565907273,1,,,90.698,43.0,10^-11.4627,,,,,,,,,,,,,,,,,,0
132113,1,28641,Bombus impatiens,common eastern bumble bee,eukaryota,false,,,,,,,,,,,,,,,,0.07479995565907273,1,,,100.0,32.0,10^-10.8153,,,,,,0
103933,1,28641,Bombus bifarius,"",eukaryota,false,,,,,,,,,,,,,,,,0.07479995565907273,1,,,100.0,32.0,10^-10.8153,,,,,,0
85661,1,28641,Bombus huntii,"",eukaryota,false,,,,0.07479995565907273,1,,,86.207,87.0,10^-30.3698,,,,,,0.07479995565907273,1,,,67.6,34.0,10^-3.31247,,,,,,0
85660,1,28641,Bombus hortorum,"",eukaryota,false,,,,0.3739997782953636,5,,,94.4756,41.4,10^-12.5812,,,,,,,,,,,,,,,,,,0
30201,1,28641,Bombus sylvestris,"",eukaryota,false,,,,0.14959991131814546,2,,,88.5425,61.0,10^-19.5488,,,,,,,,,,,,,,,,,,0
30195,1,28641,Bombus terrestris,buff-tailed bumblebee,eukaryota,false,,,,0.44879973395443634,6,1,6,83.929,112.0,10^-18.5952,,,,,,0.07479995565907273,1,,,65.6,32.0,10^-4.20066,,,,,,0
30194,1,28641,Bombus pratorum,"",eukaryota,false,,,,0.14959991131814546,2,,,94.737,38.0,10^-10.8302,,,,,,,,,,,,,,,,,,0
28609,2,28609,Rhagoletis,"",eukaryota,false,,,,2.0195988027949636,27,,,89.2837,67.4444,10^-23.1716,,,,,,48.02157153312469,642,10,540,52.341,148.329,10^-35.7446,,,,,"[28612, 28610]",0
28612,1,28609,Rhagoletis zephyria,snowberry fruit fly,eukaryota,false,,,,0.6731996009316545,9,,,90.2041,65.6667,10^-23.1843,,,,,,33.959179869219014,454,4,414,48.3137,164.085,10^-34.337,,,,,,0
28610,1,28609,Rhagoletis pomonella,apple maggot,eukaryota,false,,,,1.346399201863309,18,,,88.8236,68.3333,10^-23.1653,,,,,,14.062391663905672,188,6,126,62.1467,109.967,10^-39.1717,,,,,,0
28585,2,28585,Anastrepha,"",eukaryota,false,,,,2.0943987584540364,28,,,90.8139,59.0,10^-19.5824,,,,,,3.515597915976418,47,1,5,84.155,33.3902,10^-9.71208,,,,,"[95512, 28586]",0
95512,1,28585,Anastrepha obliqua,"",eukaryota,false,,,,0.9723994235679454,13,,,90.949,52.0,10^-15.7781,,,,,,1.4959991131814545,20,,,89.85,28.625,10^-6.94218,,,,,,0
28586,1,28585,Anastrepha ludens,Mexican fruit fly,eukaryota,false,,,,1.1219993348860908,15,,,90.6884,65.5,10^-23.1149,,,,,,2.0195988027949636,27,1,5,80.5102,36.44,10^-11.4848,,,,,,0
28467,2,28467,Rhytidiadelphus,"",eukaryota,false,,,,0.07479995565907273,1,,,88.095,42.0,10^-9.41435,,,,,,,,,,,,,,,,,[28468],0
28468,1,28467,Rhytidiadelphus loreus,"",eukaryota,false,,,,0.07479995565907273,1,,,88.095,42.0,10^-9.41435,,,,,,,,,,,,,,,,,,0
28453,2,28453,Sphingobacterium,"",bacteria,false,,,,,,,,,,,,,,,,0.2991998226362909,4,,,100.0,26.0,10^-9.49891,,,,,"[28454, 1010]",0
28454,1,28453,Sphingobacterium multivorum,"",bacteria,false,,,,,,,,,,,,,,,,0.14959991131814546,2,,,100.0,19.0,10^-4.06248,,,,,,0
1010,1,28453,Sphingobacterium mizutaii,"",bacteria,false,,,,,,,,,,,,,,,,0.14959991131814546,2,,,100.0,33.0,10^-14.9353,,,,,,0
28048,2,28048,Acidothermus,"",bacteria,false,,,,0.07479995565907273,1,,,98.02,101.0,10^-53.6353,,,,,,,,,,,,,,,,,[28049],0
28049,1,28048,Acidothermus cellulolyticus,"",bacteria,false,,,,0.07479995565907273,1,,,98.02,101.0,10^-53.6353,,,,,,,,,,,,,,,,,,0
27847,2,27847,Echinostoma,"",eukaryota,false,,,,,,,,,,,,,,,,0.07479995565907273,1,,,78.8,33.0,10^-6.85078,,,,,[27848],0
27848,1,27847,Echinostoma caproni,"",eukaryota,false,,,,,,,,,,,,,,,,0.07479995565907273,1,,,78.8,33.0,10^-6.85078,,,,,,0
27552,2,27552,Ctenolepisma,"",eukaryota,false,,,,,,,,,,,,,,,,0.14959991131814546,2,,,100.0,23.0,10^-6.31158,,,,,[27553],0
27553,1,27552,Ctenolepisma lineatum,four-lined silverfish,eukaryota,false,,,,,,,,,,,,,,,,0.14959991131814546,2,,,100.0,23.0,10^-6.31158,,,,,,0
27529,2,27529,Orussus,"",eukaryota,false,,,,0.5983996452725818,8,,,88.0207,69.0,10^-22.946,,,,,,0.5983996452725818,8,,,96.225,28.0,10^-7.97646,,,,,[222816],0
222816,1,27529,Orussus abietinus,"",eukaryota,false,,,,0.5983996452725818,8,,,88.0207,69.0,10^-22.946,,,,,,0.5983996452725818,8,,,96.225,28.0,10^-7.97646,,,,,,0
27520,2,27520,Ichneumon,"",eukaryota,false,,,,0.7479995565907273,10,,,90.9971,49.7,10^-14.6482,,,,,,,,,,,,,,,,,[2795680],0
2795680,1,27520,Ichneumon xanthorius,"",eukaryota,false,,,,0.7479995565907273,10,,,90.9971,49.7,10^-14.6482,,,,,,,,,,,,,,,,,,0
27456,2,27456,Bactrocera,"",eukaryota,false,,,,4.861997117839727,65,,,90.5842,61.9365,10^-20.941,,,,,,7.6295954772254175,102,1,6,89.8069,32.2941,10^-9.21909,,,,,"[2832415, 2029197, 174628, 104688, 98809, 59916, 27457]",0
2832415,1,27456,Bactrocera bidentata,"",eukaryota,false,,,,,,,,,,,,,,,,0.14959991131814546,2,,,98.3,29.0,10^-10.1231,,,,,,0
2029197,1,27456,Bactrocera nigrifacia,"",eukaryota,false,,,,,,,,,,,,,,,,0.07479995565907273,1,,,100.0,33.0,10^-13.5003,,,,,,0
174628,1,27456,Bactrocera latifrons,"",eukaryota,false,,,,0.22439986697721817,3,,,92.5013,52.6667,10^-18.0084,,,,,,0.5983996452725818,8,,,92.1125,27.625,10^-7.14782,,,,,,0
104688,1,27456,Bactrocera oleae,olive fruit fly,eukaryota,false,,,,1.6455990244996,22,,,87.1311,72.4,10^-23.3982,,,,,,1.8699988914768182,25,1,6,84.5562,38.0,10^-9.95342,,,,,,0
98809,1,27456,Bactrocera neohumeralis,"",eukaryota,false,,,,0.6731996009316545,9,,,91.0711,65.6667,10^-23.7927,,,,,,0.44879973395443634,6,,,89.9167,31.3333,10^-9.31943,,,,,,0
59916,1,27456,Bactrocera tryoni,"",eukaryota,false,,,,0.5983996452725818,8,,,93.4884,48.625,10^-16.1375,,,,,,2.4683985367494,33,,,89.2879,30.3636,10^-8.55836,,,,,,0
27457,1,27456,Bactrocera dorsalis,oriental fruit fly,eukaryota,false,,,,1.7203989801586728,23,,,92.1361,57.2174,10^-19.7416,,,,,,2.0195988027949636,27,,,93.5889,31.1852,10^-9.71259,,,,,,0
27372,2,27372,Acaulospora,"",eukaryota,false,,,,,,,,,,,,,,,,0.2991998226362909,4,,,71.3,32.25,10^-4.36387,,,,,[27376],0
27376,1,27372,Acaulospora colombiana,"",eukaryota,false,,,,,,,,,,,,,,,,0.2991998226362909,4,,,71.3,32.25,10^-4.36387,,,,,,0
27320,2,27320,Metschnikowia,"",eukaryota,false,,,,0.2991998226362909,4,,,93.2862,77.75,10^-33.0096,,,,,,0.22439986697721817,3,,,78.1667,27.3333,10^-4.75245,,,,,"[27328, 27322]",0
27328,1,27320,Metschnikowia zobellii,"",eukaryota,false,,,,0.14959991131814546,2,,,94.643,56.0,10^-21.6407,,,,,,,,,,,,,,,,,,0
27322,1,27320,Metschnikowia bicuspidata,"",eukaryota,false,,,,0.14959991131814546,2,,,91.9295,99.5,10^-44.3785,,,,,,0.22439986697721817,3,,,78.1667,27.3333,10^-4.75245,,,,,,0
26473,2,26473,Buddleja,"",eukaryota,false,,,,,,,,,,,,,,,,0.07479995565907273,1,,,66.7,33.0,10^-5.35655,,,,,[168488],0
168488,1,26473,Buddleja alternifolia,"",eukaryota,false,,,,,,,,,,,,,,,,0.07479995565907273,1,,,66.7,33.0,10^-5.35655,,,,,,0
26378,2,26378,Iris,"",eukaryota,false,,,,,,,,,,,,,,,,0.14959991131814546,2,,,72.7,33.0,10^-4.70115,,,,,[29817],0
29817,1,26378,Iris pallida,"",eukaryota,false,,,,,,,,,,,,,,,,0.14959991131814546,2,,,72.7,33.0,10^-4.70115,,,,,,0
25628,2,25628,Taxus,"",eukaryota,false,,,,,,,,,,,,,,,,0.44879973395443634,6,,,71.2833,27.8333,10^-4.47662,,,,,[29808],0
29808,1,25628,Taxus chinensis,"",eukaryota,false,,,,,,,,,,,,,,,,0.44879973395443634,6,,,71.2833,27.8333,10^-4.47662,,,,,,0
25503,2,25503,Sherardia,"",eukaryota,false,,,,0.22439986697721817,3,,,89.4247,43.3333,10^-10.7775,,,,,,,,,,,,,,,,,[29803],0
29803,1,25503,Sherardia arvensis,"",eukaryota,false,,,,0.22439986697721817,3,,,89.4247,43.3333,10^-10.7775,,,,,,,,,,,,,,,,,,0
23809,2,23809,Ailanthus,"",eukaryota,false,,,,0.22439986697721817,3,,,82.83,46.3333,10^-8.23284,,,,,,,,,,,,,,,,,[2768810],0
2768810,1,23809,Ailanthus altissimus,"",eukaryota,false,,,,0.22439986697721817,3,,,82.83,46.3333,10^-8.23284,,,,,,,,,,,,,,,,,,0
23212,2,23212,Quillaja,"",eukaryota,false,,,,,,,,,,,,,,,,0.2991998226362909,4,,,99.25,31.25,10^-12.5068,,,,,[32244],0
32244,1,23212,Quillaja saponaria,"",eukaryota,false,,,,,,,,,,,,,,,,0.2991998226362909,4,,,99.25,31.25,10^-12.5068,,,,,,0
22662,2,22662,Punica,"",eukaryota,false,,,,,,,,,,,,,,,,0.14959991131814546,2,,,80.6,31.0,10^-6.21968,,,,,[22663],0
22663,1,22662,Punica granatum,pomegranate,eukaryota,false,,,,,,,,,,,,,,,,0.14959991131814546,2,,,80.6,31.0,10^-6.21968,,,,,,0
22002,2,22002,Verbena,vervains,eukaryota,false,,,,0.07479995565907273,1,,,100.0,42.0,10^-16.2762,,,,,,,,,,,,,,,,,[79772],0
79772,1,22002,Verbena officinalis,"",eukaryota,false,,,,0.07479995565907273,1,,,100.0,42.0,10^-16.2762,,,,,,,,,,,,,,,,,,0
21880,2,21880,Salvia,sages,eukaryota,false,,,,,,,,,,,,,,,,0.2991998226362909,4,,,69.45,30.0,10^-3.86432,,,,,"[226208, 180675]",0
226208,1,21880,Salvia miltiorrhiza,"",eukaryota,false,,,,,,,,,,,,,,,,0.14959991131814546,2,,,75.0,28.0,10^-3.58336,,,,,,0
180675,1,21880,Salvia splendens,"",eukaryota,false,,,,,,,,,,,,,,,,0.14959991131814546,2,,,63.9,32.0,10^-4.14528,,,,,,0
21024,2,21024,Fagus,beech trees,eukaryota,false,,,,0.14959991131814546,2,,,86.957,46.0,10^-10.7472,,,,,,,,,,,,,,,,,[28930],0
28930,1,21024,Fagus sylvatica,European beech,eukaryota,false,,,,0.14959991131814546,2,,,86.957,46.0,10^-10.7472,,,,,,,,,,,,,,,,,,0
21019,2,21019,Castanea,"",eukaryota,false,,,,,,,,,,,,,,,,448.3509342204819,5994,1,5993,72.4566,97.9578,10^-40.2149,,,,,[60419],0
60419,1,21019,Castanea mollissima,Chinese chestnut,eukaryota,false,,,,,,,,,,,,,,,,448.3509342204819,5994,1,5993,72.4566,97.9578,10^-40.2149,,,,,,0
15745,2,15745,Phragmites,"",eukaryota,false,,,,0.07479995565907273,1,,,100.0,80.0,10^-42.0714,,,,,,,,,,,,,,,,,[29695],0
29695,1,15745,Phragmites australis,common reed,eukaryota,false,,,,0.07479995565907273,1,,,100.0,80.0,10^-42.0714,,,,,,,,,,,,,,,,,,0
15367,2,15367,Brachypodium,false bromes,eukaryota,false,,,,,,,,,,,,,,,,0.07479995565907273,1,,,57.6,33.0,10^-5.29757,,,,,[15368],0
15368,1,15367,Brachypodium distachyon,stiff brome,eukaryota,false,,,,,,,,,,,,,,,,0.07479995565907273,1,,,57.6,33.0,10^-5.29757,,,,,,0
13817,2,13817,Adiantum,"",eukaryota,false,,,,,,,,,,,,,,,,0.7479995565907273,10,,,62.9,32.1,10^-4.17384,,,,,[2759587],0
2759587,1,13817,Adiantum nelumboides,"",eukaryota,false,,,,,,,,,,,,,,,,0.7479995565907273,10,,,62.9,32.1,10^-4.17384,,,,,,0
13786,2,13786,Trebouxia,"",eukaryota,false,,,,0.07479995565907273,1,,,86.275,102.0,10^-37.8488,,,,,,,,,,,,,,,,,[1825957],0
1825957,1,13786,Trebouxia lynnae,"",eukaryota,false,,,,0.07479995565907273,1,,,86.275,102.0,10^-37.8488,,,,,,,,,,,,,,,,,,0
13778,2,13778,Chara,"",eukaryota,false,,,,,,,,,,,,,,,,0.07479995565907273,1,,,62.5,32.0,10^-3.72816,,,,,[69332],0
69332,1,13778,Chara braunii,"",eukaryota,false,,,,,,,,,,,,,,,,0.07479995565907273,1,,,62.5,32.0,10^-3.72816,,,,,,0
13701,2,13701,Symphoricarpos,"",eukaryota,false,,,,0.07479995565907273,1,,,99.01,101.0,10^-55.0077,,,,,,,,,,,,,,,,,[318448],0
318448,1,13701,Symphoricarpos occidentalis,"",eukaryota,false,,,,0.07479995565907273,1,,,99.01,101.0,10^-55.0077,,,,,,,,,,,,,,,,,,0
13687,2,13687,Sphingomonas,"",bacteria,false,,,,1.0471993792270182,14,,,93.5033,87.2308,10^-40.6726,,,,,,0.07479995565907273,1,,,93.9,33.0,10^-13.1931,,,,,"[2698679, 2653171, 2565555, 1813468, 745310, 397260, 386874, 158754, 33051]",0
2698679,1,13687,Sphingomonas changnyeongensis,"",bacteria,false,,,,0.07479995565907273,1,,,99.01,101.0,10^-55.0077,,,,,,,,,,,,,,,,,,0
2653171,1,13687,Sphingomonas sp. AX6,"",bacteria,false,,,,,,,,,,,,,,,,0.07479995565907273,1,,,93.9,33.0,10^-13.1931,,,,,,0
2565555,1,13687,Sphingomonas sp. PAMC26645,"",bacteria,false,,,,0.22439986697721817,3,,,94.578,100.5,10^-48.4911,,,,,,,,,,,,,,,,,,0
1813468,1,13687,Sphingomonas naphthae,"",bacteria,false,,,,0.07479995565907273,1,,,100.0,101.0,10^-56.3801,,,,,,,,,,,,,,,,,,0
745310,1,13687,Sphingomonas sp. MM-1,"",bacteria,false,,,,0.07479995565907273,1,,,97.03,101.0,10^-52.2629,,,,,,,,,,,,,,,,,,0
397260,1,13687,Sphingomonas sanxanigenens,"",bacteria,false,,,,0.14959991131814546,2,,,95.991,96.5,10^-47.823,,,,,,,,,,,,,,,,,,0
386874,1,13687,Sphingomonas sediminicola,"",bacteria,false,,,,0.2991998226362909,4,,,84.5912,60.0,10^-15.7784,,,,,,,,,,,,,,,,,,0
158754,1,13687,uncultured Sphingomonas sp.,"",bacteria,false,,,,0.07479995565907273,1,,,100.0,98.0,10^-54.3346,,,,,,,,,,,,,,,,,,0
33051,1,13687,Sphingomonas sanguinis,"",bacteria,false,,,,0.07479995565907273,1,,,100.0,99.0,10^-55.0164,,,,,,,,,,,,,,,,,,0
13685,2,13685,Solenopsis,"",eukaryota,false,,,,0.07479995565907273,1,,,87.037,54.0,10^-14.7947,,,,,,1.0471993792270182,14,,,70.7071,31.5,10^-5.76267,,,,,[13686],0
13686,1,13685,Solenopsis invicta,red fire ant,eukaryota,false,,,,0.07479995565907273,1,,,87.037,54.0,10^-14.7947,,,,,,1.0471993792270182,14,,,70.7071,31.5,10^-5.76267,,,,,,0
13633,2,13633,Phalera,"",eukaryota,false,,,,0.6731996009316545,9,,,84.8731,45.8889,10^-9.30379,,,,,,,,,,,,,,,,,[753216],0
753216,1,13633,Phalera bucephala,"",eukaryota,false,,,,0.6731996009316545,9,,,84.8731,45.8889,10^-9.30379,,,,,,,,,,,,,,,,,,0
13596,2,13596,Ligustrum,privets,eukaryota,false,,,,0.07479995565907273,1,,,100.0,101.0,10^-56.3801,,,,,,,,,,,,,,,,,[46072],0
46072,1,13596,Ligustrum japonicum,"",eukaryota,false,,,,0.07479995565907273,1,,,100.0,101.0,10^-56.3801,,,,,,,,,,,,,,,,,,0
13578,2,13578,Juncus,rushes,eukaryota,false,,,,0.14959991131814546,2,,,92.857,56.0,10^-20.2684,,,,,,0.14959991131814546,2,,,98.35,29.0,10^-12.4098,,,,,[13579],0
13579,1,13578,Juncus effusus,"",eukaryota,false,,,,0.14959991131814546,2,,,92.857,56.0,10^-20.2684,,,,,,0.14959991131814546,2,,,98.35,29.0,10^-12.4098,,,,,,0
13562,2,13562,Heterobasidion,"",eukaryota,false,,,,0.07479995565907273,1,,,94.845,97.0,10^-46.791,,,,,,,,,,,,,,,,,[207833],0
207833,1,13562,Heterobasidion abietinum,"",eukaryota,false,,,,0.07479995565907273,1,,,94.845,97.0,10^-46.791,,,,,,,,,,,,,,,,,,0
13442,2,13442,Coffea,"",eukaryota,false,,,,0.07479995565907273,1,,,91.837,49.0,10^-15.5231,,,,,,,,,,,,,,,,,[13443],0
13443,1,13442,Coffea arabica,coffee,eukaryota,false,,,,0.07479995565907273,1,,,91.837,49.0,10^-15.5231,,,,,,,,,,,,,,,,,,0
13426,2,13426,Cichorium,"",eukaryota,false,,,,,,,,,,,,,,,,0.44879973395443634,6,,,91.6,32.0,10^-11.0347,,,,,"[114280, 13427]",0
114280,1,13426,Cichorium endivia,"",eukaryota,false,,,,,,,,,,,,,,,,0.3739997782953636,5,,,95.98,31.8,10^-11.9249,,,,,,0
13427,1,13426,Cichorium intybus,chicory,eukaryota,false,,,,,,,,,,,,,,,,0.07479995565907273,1,,,69.7,33.0,10^-6.58336,,,,,,0
13402,2,13402,Carya,"",eukaryota,false,,,,,,,,,,,,,,,,0.14959991131814546,2,,,98.45,32.5,10^-11.1414,,,,,[32201],0
32201,1,13402,Carya illinoinensis,"",eukaryota,false,,,,,,,,,,,,,,,,0.14959991131814546,2,,,98.45,32.5,10^-11.1414,,,,,,0
13390,2,13390,Camponotus,carpenter ants,eukaryota,false,,,,1.0471993792270182,14,,,88.9501,59.0,10^-18.4995,,,,,,2.4683985367494,33,2,13,61.592,55.3438,10^-10.2753,,,,,[104421],0
104421,1,13390,Camponotus floridanus,Florida carpenter ant,eukaryota,false,,,,1.0471993792270182,14,,,88.9501,59.0,10^-18.4995,,,,,,2.4683985367494,33,2,13,61.592,55.3438,10^-10.2753,,,,,,0
13346,2,13346,Armadillidium,"",eukaryota,false,,,,,,,,,,,,,,,,0.8975994679088727,12,,,83.5364,29.3636,10^-7.45926,,,,,"[96803, 13347]",0
96803,1,13346,Armadillidium nasatum,"",eukaryota,false,,,,,,,,,,,,,,,,0.2991998226362909,4,,,79.15,28.0,10^-7.46939,,,,,,0
13347,1,13346,Armadillidium vulgare,common pillbug,eukaryota,false,,,,,,,,,,,,,,,,0.5983996452725818,8,,,86.0429,30.1429,10^-7.45347,,,,,,0
13332,2,13332,Amborella,"",eukaryota,false,,,,0.07479995565907273,1,,,97.222,36.0,10^-10.8537,,,,,,,,,,,,,,,,,[13333],0
13333,1,13332,Amborella trichopoda,"",eukaryota,false,,,,0.07479995565907273,1,,,97.222,36.0,10^-10.8537,,,,,,,,,,,,,,,,,,0
13289,2,13289,Tilletia,"",eukaryota,false,,,,,,,,,,,,,,,,0.14959991131814546,2,,,59.45,32.0,10^-3.45038,,,,,"[117179, 43049]",0
117179,1,13289,Tilletia walkeri,"",eukaryota,false,,,,,,,,,,,,,,,,0.07479995565907273,1,,,61.3,31.0,10^-3.31069,,,,,,0
43049,1,13289,Tilletia indica,"",eukaryota,false,,,,,,,,,,,,,,,,0.07479995565907273,1,,,57.6,33.0,10^-3.59007,,,,,,0
13287,2,13287,Thlaspi,"",eukaryota,false,,,,0.07479995565907273,1,,,76.923,39.0,10^-1.89849,,,,,,,,,,,,,,,,,[13288],0
13288,1,13287,Thlaspi arvense,"",eukaryota,false,,,,0.07479995565907273,1,,,76.923,39.0,10^-1.89849,,,,,,,,,,,,,,,,,,0
13205,2,13205,Pholiota,"",eukaryota,false,,,,0.2991998226362909,4,,,95.6253,89.5,10^-42.3683,,,,,,0.14959991131814546,2,,,93.8,32.0,10^-11.7595,,,,,"[2066989, 75321, 61267]",0
2066989,1,13205,Pholiota molesta,"",eukaryota,false,,,,,,,,,,,,,,,,0.14959991131814546,2,,,93.8,32.0,10^-11.7595,,,,,,0
75321,1,13205,Pholiota squarrosa,"",eukaryota,false,,,,0.14959991131814546,2,,,91.2505,95.0,10^-40.6253,,,,,,,,,,,,,,,,,,0
61267,1,13205,Pholiota nameko,"",eukaryota,false,,,,0.14959991131814546,2,,,100.0,84.0,10^-44.1113,,,,,,,,,,,,,,,,,,0
13203,2,13203,Phlebotomus,"",eukaryota,false,,,,3.7399977829536364,50,,,89.0711,72.58,10^-25.4545,,,,,,9.34999445738409,125,1,23,79.2916,47.0984,10^-11.3235,,,,,[29031],0
29031,1,13203,Phlebotomus papatasi,"",eukaryota,false,,,,3.7399977829536364,50,,,89.0711,72.58,10^-25.4545,,,,,,9.34999445738409,125,1,23,79.2916,47.0984,10^-11.3235,,,,,,0
13190,2,13190,Pectinophora,"",eukaryota,false,,,,,,,,,,,,,,,,0.3739997782953636,5,,,77.775,26.25,10^-4.18447,,,,,[13191],0
13191,1,13190,Pectinophora gossypiella,pink bollworm,eukaryota,false,,,,,,,,,,,,,,,,0.3739997782953636,5,,,77.775,26.25,10^-4.18447,,,,,,0
13186,2,13186,Parietaria,"",eukaryota,false,,,,0.2991998226362909,4,,,99.3903,81.5,10^-42.7745,,,,,,,,,,,,,,,,,[33127],0
33127,1,13186,Parietaria judaica,"",eukaryota,false,,,,0.2991998226362909,4,,,99.3903,81.5,10^-42.7745,,,,,,,,,,,,,,,,,,0
13163,2,13163,Myzus,"",eukaryota,false,,,,,,,,,,,,,,,,4.637597250862509,62,2,51,63.5884,113.7,10^-45.9476,,,,,[13164],0
13164,1,13163,Myzus persicae,green peach aphid,eukaryota,false,,,,,,,,,,,,,,,,4.637597250862509,62,2,51,63.5884,113.7,10^-45.9476,,,,,,0
13134,2,13134,Magnetospirillum,"",bacteria,false,,,,,,,,,,,,,,,,1319.620817737361,17642,6,17637,56.7651,183.513,10^-45.6215,,,,,"[1663591, 55518]",0
1663591,1,13134,Magnetospirillum sp. XM-1,"",bacteria,false,,,,,,,,,,,,,,,,0.07479995565907273,1,,,77.4,31.0,10^-7.20273,,,,,,0
55518,1,13134,Magnetospirillum gryphiswaldense,"",bacteria,false,,,,,,,,,,,,,,,,1319.546017781702,17641,6,17637,56.7631,183.528,10^-45.6253,,,,,,0
13130,2,13130,Macrosiphum,"",eukaryota,false,,,,0.07479995565907273,1,,,93.182,44.0,10^-13.5113,,,,,,4.637597250862509,62,,,57.7627,31.5763,10^-4.70034,,,,,[13131],0
13131,1,13130,Macrosiphum euphorbiae,potato aphid,eukaryota,false,,,,0.07479995565907273,1,,,93.182,44.0,10^-13.5113,,,,,,4.637597250862509,62,,,57.7627,31.5763,10^-4.70034,,,,,,0
13122,2,13122,Lymantria,gypsy moths,eukaryota,false,,,,0.3739997782953636,5,,,90.7314,55.2,10^-17.5569,,,,,,,,,,,,,,,,,[78897],0
78897,1,13122,Lymantria monacha,black-arched tussock moth,eukaryota,false,,,,0.3739997782953636,5,,,90.7314,55.2,10^-17.5569,,,,,,,,,,,,,,,,,,0
13092,2,13092,Hydractinia,"",eukaryota,false,,,,,,,,,,,,,,,,0.07479995565907273,1,,,63.6,33.0,10^-5.76955,,,,,[13093],0
13093,1,13092,Hydractinia symbiolongicarpus,"",eukaryota,false,,,,,,,,,,,,,,,,0.07479995565907273,1,,,63.6,33.0,10^-5.76955,,,,,,0
13036,2,13036,Danaus,"",eukaryota,false,,,,0.2991998226362909,4,,,89.5455,65.0,10^-21.5962,,,,,,1.346399201863309,18,,,89.8059,30.7059,10^-9.18264,,,,,"[151541, 13037]",0
151541,1,13036,Danaus chrysippus,African queen,eukaryota,false,,,,,,,,,,,,,,,,0.22439986697721817,3,,,98.4,29.0,10^-9.76,,,,,,0
13037,1,13036,Danaus plexippus,monarch butterfly,eukaryota,false,,,,0.2991998226362909,4,,,89.5455,65.0,10^-21.5962,,,,,,1.1219993348860908,15,,,87.9643,31.0714,10^-9.05893,,,,,,0
13034,2,13034,Dactylococcopsis,"",bacteria,false,,,,0.14959991131814546,2,,,95.0,40.0,10^-12.1803,,,,,,,,,,,,,,,,,[292566],0
292566,1,13034,Dactylococcopsis salina,"",bacteria,false,,,,0.14959991131814546,2,,,95.0,40.0,10^-12.1803,,,,,,,,,,,,,,,,,,0
12989,2,12989,Carpinus,"",eukaryota,false,,,,0.07479995565907273,1,,,92.683,41.0,10^-11.4834,,,,,,0.07479995565907273,1,,,68.8,32.0,10^-6.31876,,,,,"[176864, 176857]",0
176864,1,12989,Carpinus viminea,"",eukaryota,false,,,,0.07479995565907273,1,,,92.683,41.0,10^-11.4834,,,,,,,,,,,,,,,,,,0
176857,1,12989,Carpinus fangiana,"",eukaryota,false,,,,,,,,,,,,,,,,0.07479995565907273,1,,,68.8,32.0,10^-6.31876,,,,,,0
12956,2,12956,Atta,leaf cutting ants,eukaryota,false,,,,,,,,,,,,,,,,0.44879973395443634,6,,,87.3167,28.1667,10^-9.94128,,,,,"[520822, 12957]",0
520822,1,12956,Atta colombica,"",eukaryota,false,,,,,,,,,,,,,,,,0.07479995565907273,1,,,81.3,32.0,10^-8.51004,,,,,,0
12957,1,12956,Atta cephalotes,"",eukaryota,false,,,,,,,,,,,,,,,,0.3739997782953636,5,,,88.52,27.4,10^-10.2275,,,,,,0
12947,2,12947,Aristolochia,"",eukaryota,false,,,,,,,,,,,,,,,,0.44879973395443634,6,,,76.88,32.0,10^-6.17608,,,,,[158543],0
158543,1,12947,Aristolochia fimbriata,"",eukaryota,false,,,,,,,,,,,,,,,,0.44879973395443634,6,,,76.88,32.0,10^-6.17608,,,,,,0
12916,2,12916,Acidovorax,"",bacteria,false,,,,,,,,,,,,,,,,0.22439986697721817,3,,,100.0,24.3333,10^-7.0261,,,,,"[2004485, 1962700]",0
2004485,1,12916,Acidovorax kalamii,"",bacteria,false,,,,,,,,,,,,,,,,0.14959991131814546,2,,,100.0,24.0,10^-6.76195,,,,,,0
1962700,1,12916,Acidovorax sp. SRB_24,"",bacteria,false,,,,,,,,,,,,,,,,0.07479995565907273,1,,,100.0,25.0,10^-7.5544,,,,,,0
11584,2,11584,Phlebovirus,"",viruses,false,,,,,,,,,,,,,,,,0.5983996452725818,8,,,68.3,31.125,10^-6.46028,,,,,[2661635],0
2661635,1,11584,Furrundu phlebovirus,"",viruses,false,,,,,,,,,,,,,,,,0.5983996452725818,8,,,68.3,31.125,10^-6.46028,,,,,,0
11051,2,11051,Flavivirus,arboviruses group B,viruses,false,,,,,,,,,,,,,,,,0.7479995565907273,10,,,76.39,29.3,10^-5.18977,,,,,"[1708574, 390845, 218849, 31658]",0
1708574,1,11051,Mercadeo virus,"",viruses,false,,,,,,,,,,,,,,,,0.07479995565907273,1,,,66.7,30.0,10^-3.68194,,,,,,0
390845,1,11051,Aedes flavivirus,"",viruses,false,,,,,,,,,,,,,,,,0.44879973395443634,6,,,75.9,29.3333,10^-5.30836,,,,,,0
218849,1,11051,Kamiti River virus,"",viruses,false,,,,,,,,,,,,,,,,0.14959991131814546,2,,,81.5,27.0,10^-4.74473,,,,,,0
31658,1,11051,Cell fusing agent virus,"",viruses,false,,,,,,,,,,,,,,,,0.07479995565907273,1,,,78.8,33.0,10^-6.87615,,,,,,0
11019,2,11019,Alphavirus,arboviruses group A,viruses,false,,,,0.22439986697721817,3,,,100.0,222.0,10^-110.389,,,,,,,,,,,,,,,,,[11033],1
11033,1,11019,Semliki Forest virus,"",viruses,false,,,,0.22439986697721817,3,,,100.0,222.0,10^-110.389,,,,,,,,,,,,,,,,,,1
11007,2,11007,Totivirus,"",viruses,false,,,,0.3739997782953636,5,,,95.23,56.2,10^-22.3333,,,,,,4.188797516908073,56,2,21,64.8734,47.3519,10^-9.48408,,,,,"[2970651, 2970642, 2970633, 2970632, 2970629, 2970625, 2970611]",0
2970651,1,11007,Vaasa totivirus,"",viruses,false,,,,,,,,,,,,,,,,0.07479995565907273,1,,,78.8,33.0,10^-8.34679,,,,,,0
2970642,1,11007,Joutseno totivirus,"",viruses,false,,,,,,,,,,,,,,,,1.9447988471358908,26,2,21,51.4408,66.8462,10^-13.4784,,,,,,0
2970633,1,11007,Hattula totivirus 2,"",viruses,false,,,,0.07479995565907273,1,,,86.667,60.0,10^-17.4937,,,,,,,,,,,,,,,,,,0
2970632,1,11007,Hattula totivirus 1,"",viruses,false,,,,,,,,,,,,,,,,0.07479995565907273,1,,,75.8,33.0,10^-5.22257,,,,,,0
2970629,1,11007,Hanko totivirus 8,"",viruses,false,,,,,,,,,,,,,,,,0.44879973395443634,6,,,78.9833,31.6667,10^-8.08329,,,,,,0
2970625,1,11007,Hanko totivirus 4,"",viruses,false,,,,0.2991998226362909,4,,,97.3708,55.25,10^-23.5432,,,,,,1.1219993348860908,15,,,81.9231,26.0,10^-4.70618,,,,,,0
2970611,1,11007,Enontekio totivirus 2,"",viruses,false,,,,,,,,,,,,,,,,0.5235996896135091,7,,,67.4571,32.1429,10^-5.49326,,,,,,0
10892,2,10892,Orbivirus,"",viruses,false,,,,,,,,,,,,,,,,0.22439986697721817,3,,,62.4,30.6667,10^-4.35675,,,,,[2899249],0
2899249,1,10892,Aedes orbi-like virus,"",viruses,false,,,,,,,,,,,,,,,,0.22439986697721817,3,,,62.4,30.6667,10^-4.35675,,,,,,0
10379,2,10379,Rhadinovirus,"",viruses,false,,,,0.07479995565907273,1,,,88.636,44.0,10^-10.7665,,,,,,,,,,,,,,,,,[3050300],1
3050300,1,10379,Rhadinovirus humangamma8,"",viruses,false,,,,0.07479995565907273,1,,,88.636,44.0,10^-10.7665,,,,,,,,,,,,,,,,,,1
10211,2,10211,Bugula,"",eukaryota,false,,,,,,,,,,,,,,,,0.2991998226362909,4,,,76.65,26.75,10^-4.32772,,,,,[10212],0
10212,1,10211,Bugula neritina,"",eukaryota,false,,,,,,,,,,,,,,,,0.2991998226362909,4,,,76.65,26.75,10^-4.32772,,,,,,0
10194,2,10194,Brachionus,"",eukaryota,false,,,,0.07479995565907273,1,,,84.884,86.0,10^-28.3163,,,,,,0.44879973395443634,6,,,69.35,31.6667,10^-5.32506,,,,,"[1199090, 104777]",0
1199090,1,10194,Brachionus koreanus,"",eukaryota,false,,,,0.07479995565907273,1,,,84.884,86.0,10^-28.3163,,,,,,,,,,,,,,,,,,0
104777,1,10194,Brachionus calyciflorus,"",eukaryota,false,,,,,,,,,,,,,,,,0.44879973395443634,6,,,69.35,31.6667,10^-5.32506,,,,,,0
7571,2,7571,Lingula,"",eukaryota,false,,,,,,,,,,,,,,,,0.5983996452725818,8,,,81.8375,26.625,10^-6.16199,,,,,[7574],0
7574,1,7571,Lingula anatina,"",eukaryota,false,,,,,,,,,,,,,,,,0.5983996452725818,8,,,81.8375,26.625,10^-6.16199,,,,,,0
7538,2,7538,Leptinotarsa,"",eukaryota,false,,,,0.14959991131814546,2,,,97.436,39.0,10^-12.8775,,,,,,0.5983996452725818,8,,,90.7625,29.875,10^-7.71885,,,,,[7539],0
7539,1,7538,Leptinotarsa decemlineata,Colorado potato beetle,eukaryota,false,,,,0.14959991131814546,2,,,97.436,39.0,10^-12.8775,,,,,,0.5983996452725818,8,,,90.7625,29.875,10^-7.71885,,,,,,0
7521,2,7521,Chrysoperla,"",eukaryota,false,,,,0.5983996452725818,8,,,88.9424,69.875,10^-22.8609,,,,,,0.6731996009316545,9,,,83.0444,31.6667,10^-8.51751,,,,,[189513],0
189513,1,7521,Chrysoperla carnea,"",eukaryota,false,,,,0.5983996452725818,8,,,88.9424,69.875,10^-22.8609,,,,,,0.6731996009316545,9,,,83.0444,31.6667,10^-8.51751,,,,,,0
7514,2,7514,Ctenocephalides,"",eukaryota,false,,,,0.5983996452725818,8,,,91.6537,68.1429,10^-25.7866,,,,,,2.2439986697721817,30,,,90.5414,30.3793,10^-8.96398,,,,,[7515],0
7515,1,7514,Ctenocephalides felis,cat flea,eukaryota,false,,,,0.5983996452725818,8,,,91.6537,68.1429,10^-25.7866,,,,,,2.2439986697721817,30,,,90.5414,30.3793,10^-8.96398,,,,,,0
7502,2,7502,Zootermopsis,"",eukaryota,false,,,,0.22439986697721817,3,,,90.0337,65.3333,10^-21.1464,,,,,,13178.181388059773,176179,2,176160,90.8902,44.0012,10^-20.7095,,,,,[136037],0
136037,1,7502,Zootermopsis nevadensis,"",eukaryota,false,,,,0.22439986697721817,3,,,90.0337,65.3333,10^-21.1464,,,,,,13178.181388059773,176179,2,176160,90.8902,44.0012,10^-20.7095,,,,,,0
7490,2,7490,Trichogramma,"",eukaryota,false,,,,0.8975994679088727,12,,,93.6551,45.4167,10^-14.2511,,,,,,1.7951989358177454,24,,,82.9417,31.0833,10^-8.12728,,,,,"[86971, 7493]",0
86971,1,7490,Trichogramma brassicae,"",eukaryota,false,,,,,,,,,,,,,,,,0.8975994679088727,12,,,68.85,31.3333,10^-6.53158,,,,,,0
7493,1,7490,Trichogramma pretiosum,"",eukaryota,false,,,,0.8975994679088727,12,,,93.6551,45.4167,10^-14.2511,,,,,,0.8975994679088727,12,,,97.0333,30.8333,10^-9.72297,,,,,,0
7482,2,7482,Lasius,"",eukaryota,false,,,,0.2991998226362909,4,,,89.9068,59.5,10^-19.8998,,,,,,14.436391442201035,193,16,128,60.5612,63.2526,10^-16.7293,,,,,"[231986, 67767]",0
231986,1,7482,Lasius fuliginosus,"",eukaryota,false,,,,0.2991998226362909,4,,,89.9068,59.5,10^-19.8998,,,,,,,,,,,,,,,,,,0
67767,1,7482,Lasius niger,"",eukaryota,false,,,,,,,,,,,,,,,,14.436391442201035,193,16,128,60.5612,63.2526,10^-16.7293,,,,,,0
7459,2,7459,Apis,"",eukaryota,false,,,,1.6455990244996,22,,,89.1819,66.8,10^-22.7479,,,,,,1.4959991131814545,20,,,95.395,30.65,10^-8.66321,,,,,"[183418, 7463, 7462, 7461, 7460]",0
183418,1,7459,Apis laboriosa,Himalayan honeybee,eukaryota,false,,,,0.8227995122498,11,,,88.3959,79.6667,10^-28.8948,,,,,,0.07479995565907273,1,,,100.0,33.0,10^-12.224,,,,,,0
7463,1,7459,Apis florea,little honeybee,eukaryota,false,,,,0.14959991131814546,2,,,90.3725,73.5,10^-26.0131,,,,,,,,,,,,,,,,,,0
7462,1,7459,Apis dorsata,giant honeybee,eukaryota,false,,,,0.07479995565907273,1,,,95.745,47.0,10^-16.9135,,,,,,,,,,,,,,,,,,0
7461,1,7459,Apis cerana,Asiatic honeybee,eukaryota,false,,,,0.5983996452725818,8,,,88.9481,53.125,10^-15.7457,,,,,,0.6731996009316545,9,,,91.5778,31.7778,10^-8.92139,,,,,,0
7460,1,7459,Apis mellifera,honey bee,eukaryota,false,,,,,,,,,,,,,,,,0.7479995565907273,10,,,98.37,29.4,10^-8.07477,,,,,,0
7456,2,7456,Polistes,"",eukaryota,false,,,,0.7479995565907273,10,1,5,86.4131,114.4,10^-27.1014,,,,,,1.2715992462042363,17,1,8,92.0887,46.7647,10^-23.8735,,,,,"[743375, 91411, 30207, 27506]",0
743375,1,7456,Polistes dominula,European paper wasp,eukaryota,false,,,,0.44879973395443634,6,1,5,84.6792,149.167,10^-33.1489,,,,,,0.8227995122498,11,1,8,92.6735,58.1818,10^-33.5101,,,,,,0
91411,1,7456,Polistes canadensis,"",eukaryota,false,,,,0.14959991131814546,2,,,97.368,38.0,10^-12.2026,,,,,,,,,,,,,,,,,,0
30207,1,7456,Polistes fuscatus,common paper wasp,eukaryota,false,,,,0.14959991131814546,2,,,80.66,86.5,10^-23.8574,,,,,,0.2991998226362909,4,,,94.325,22.75,10^-4.79597,,,,,,0
27506,1,7456,Polistes exclamans,"",eukaryota,false,,,,,,,,,,,,,,,,0.14959991131814546,2,,,84.4,32.0,10^-9.02708,,,,,,0
7451,2,7451,Vespula,"",eukaryota,false,,,,1.1219993348860908,15,,,91.9091,41.5714,10^-11.1909,,,,,,0.22439986697721817,3,,,95.2333,25.3333,10^-7.2838,,,,,"[30213, 30212, 7454]",0
30213,1,7451,Vespula pensylvanica,western yellowjacket,eukaryota,false,,,,0.3739997782953636,5,,,94.9888,43.2,10^-13.5349,,,,,,0.22439986697721817,3,,,95.2333,25.3333,10^-7.2838,,,,,,0
30212,1,7451,Vespula germanica,"",eukaryota,false,,,,0.5983996452725818,8,,,89.7786,42.0,10^-10.3971,,,,,,,,,,,,,,,,,,0
7454,1,7451,Vespula vulgaris,"",eukaryota,false,,,,0.14959991131814546,2,,,91.667,36.0,10^-8.10892,,,,,,,,,,,,,,,,,,0
7443,2,7443,Vespa,"",eukaryota,false,,,,5.460396763112309,73,1,50,82.7393,136.771,10^-25.6093,,,,,,0.3739997782953636,5,,,95.3,28.8,10^-10.0242,,,,,"[202808, 7446, 7445]",0
202808,1,7443,Vespa velutina,"",eukaryota,false,,,,4.787197162180655,64,1,50,82.0356,151.082,10^-28.2425,,,,,,0.07479995565907273,1,,,84.4,32.0,10^-11.3487,,,,,,0
7446,1,7443,Vespa mandarinia,Asian giant hornet,eukaryota,false,,,,,,,,,,,,,,,,0.22439986697721817,3,,,97.3667,28.0,10^-9.48115,,,,,,0
7445,1,7443,Vespa crabro,European hornet,eukaryota,false,,,,0.6731996009316545,9,,,87.5091,39.7778,10^-7.76239,,,,,,0.07479995565907273,1,,,100.0,28.0,10^-10.3288,,,,,,0
7440,2,7440,Dolichovespula,"",eukaryota,false,,,,1.8699988914768182,25,,,86.8106,50.4348,10^-12.2228,,,,,,,,,,,,,,,,,"[881891, 85444, 85443]",0
881891,1,7440,Dolichovespula media,median wasp,eukaryota,false,,,,0.7479995565907273,10,,,85.7585,54.1,10^-13.2413,,,,,,,,,,,,,,,,,,0
85444,1,7440,Dolichovespula sylvestris,"",eukaryota,false,,,,0.44879973395443634,6,,,87.86,51.0,10^-13.8731,,,,,,,,,,,,,,,,,,0
85443,1,7440,Dolichovespula saxonica,"",eukaryota,false,,,,0.6731996009316545,9,,,87.4697,45.5,10^-9.91827,,,,,,,,,,,,,,,,,,0
7424,2,7424,Nasonia,"",eukaryota,false,,,,0.44879973395443634,6,,,91.958,56.0,10^-19.1377,,,,,,0.22439986697721817,3,,,95.0,30.3333,10^-10.3409,,,,,[7425],0
7425,1,7424,Nasonia vitripennis,jewel wasp,eukaryota,false,,,,0.44879973395443634,6,,,91.958,56.0,10^-19.1377,,,,,,0.22439986697721817,3,,,95.0,30.3333,10^-10.3409,,,,,,0
7415,2,7415,Campoletis,"",eukaryota,false,,,,1.1967992905451637,16,1,12,84.2327,144.286,10^-28.1914,,,,,,,,,,,,,,,,,[2922060],0
2922060,1,7415,Campoletis raptor,"",eukaryota,false,,,,1.1967992905451637,16,1,12,84.2327,144.286,10^-28.1914,,,,,,,,,,,,,,,,,,0
7405,2,7405,Chelonus,"",eukaryota,false,,,,0.3739997782953636,5,,,89.087,63.2,10^-20.5112,,,,,,0.07479995565907273,1,,,72.7,33.0,10^-7.39362,,,,,[460826],0
460826,1,7405,Chelonus insularis,"",eukaryota,false,,,,0.3739997782953636,5,,,89.087,63.2,10^-20.5112,,,,,,0.07479995565907273,1,,,72.7,33.0,10^-7.39362,,,,,,0
7393,2,7393,Glossina,tsetse flies,eukaryota,false,,,,0.5235996896135091,7,,,89.0426,64.0,10^-21.0135,,,,,,2.692798403726618,36,,,95.8471,30.0,10^-9.86384,,,,,"[7396, 7394]",0
7396,1,7393,Glossina fuscipes,"",eukaryota,false,,,,0.5235996896135091,7,,,89.0426,64.0,10^-21.0135,,,,,,2.5431984924084725,34,,,95.5875,29.8125,10^-9.67274,,,,,,0
7394,1,7393,Glossina morsitans,"",eukaryota,false,,,,,,,,,,,,,,,,0.14959991131814546,2,,,100.0,33.0,10^-12.9214,,,,,,0
7384,2,7384,Sarcophaga,"",eukaryota,false,,,,1.2715992462042363,17,,,84.0026,73.9412,10^-21.1666,,,,,,1.7951989358177454,24,,,92.1125,31.5,10^-9.9683,,,,,"[1206372, 596942, 236851, 236850, 7385]",0
1206372,1,7384,Sarcophaga rosellei,"",eukaryota,false,,,,0.2991998226362909,4,,,83.768,89.25,10^-28.1306,,,,,,,,,,,,,,,,,,0
596942,1,7384,Sarcophaga caerulescens,"",eukaryota,false,,,,0.5235996896135091,7,,,84.945,62.1429,10^-16.4102,,,,,,,,,,,,,,,,,,0
236851,1,7384,Sarcophaga variegata,"",eukaryota,false,,,,0.14959991131814546,2,,,84.4595,74.0,10^-22.2059,,,,,,,,,,,,,,,,,,0
236850,1,7384,Sarcophaga subvicina,"",eukaryota,false,,,,0.2991998226362909,4,,,82.3595,79.25,10^-22.0066,,,,,,,,,,,,,,,,,,0
7385,1,7384,Sarcophaga bullata,grey fleshfly,eukaryota,false,,,,,,,,,,,,,,,,1.7951989358177454,24,,,92.1125,31.5,10^-9.9683,,,,,,0
7374,2,7374,Lucilia,"",eukaryota,false,,,,10.247593925292962,137,1,40,89.227,227.135,10^-66.5657,,,,,,13.389192062974018,179,5,51,90.0823,38.0407,10^-14.0765,,,,,"[13632, 7375]",0
13632,1,7374,Lucilia sericata,common green bottle fly,eukaryota,false,,,,4.487997339544363,60,,,92.1049,57.8036,10^-20.2791,,,,,,3.9643976499308544,53,1,25,94.5681,40.5532,10^-18.4042,,,,,,0
7375,1,7374,Lucilia cuprina,Australian sheep blowfly,eukaryota,false,,,,5.7595965857486,77,1,40,86.9246,362.6,10^-103.595,,,,,,9.424794413043163,126,4,26,88.3957,37.096,10^-12.4492,,,,,,0
7372,2,7372,Calliphora,"",eukaryota,false,,,,0.22439986697721817,3,,,93.221,44.3333,10^-13.7371,,,,,,0.5235996896135091,7,1,6,50.7034,62.0,10^-18.4914,,,,,"[27454, 7373]",0
27454,1,7372,Calliphora vomitoria,"",eukaryota,false,,,,0.22439986697721817,3,,,93.221,44.3333,10^-13.7371,,,,,,,,,,,,,,,,,,0
7373,1,7372,Calliphora vicina,urban bluebottle blowfly,eukaryota,false,,,,,,,,,,,,,,,,0.5235996896135091,7,1,6,50.7034,62.0,10^-18.4914,,,,,,0
7369,2,7369,Musca,"",eukaryota,false,,,,4.9367970734988,66,1,50,83.5812,174.656,10^-34.3898,,,,,,1.1219993348860908,15,,,91.6133,32.2667,10^-10.3577,,,,,[7370],0
7370,1,7369,Musca domestica,house fly,eukaryota,false,,,,4.9367970734988,66,1,50,83.5812,174.656,10^-34.3898,,,,,,1.1219993348860908,15,,,91.6133,32.2667,10^-10.3577,,,,,,0
7354,2,7354,Scaptodrosophila,"",eukaryota,false,,,,1.6455990244996,22,,,89.4742,61.4091,10^-20.2704,,,,,,1.4211991575223817,19,1,8,93.3419,53.5882,10^-16.8467,,,,,[7225],0
7225,1,7354,Scaptodrosophila lebanonensis,"",eukaryota,false,,,,1.6455990244996,22,,,89.4742,61.4091,10^-20.2704,,,,,,1.4211991575223817,19,1,8,93.3419,53.5882,10^-16.8467,,,,,,0
7324,2,7324,Hirtodrosophila,"",eukaryota,false,,,,3.2911980489992,44,,,88.5373,65.7561,10^-20.7594,,,,,,,,,,,,,,,,,[1262473],0
1262473,1,7324,Hirtodrosophila cameraria,"",eukaryota,false,,,,3.2911980489992,44,,,88.5373,65.7561,10^-20.7594,,,,,,,,,,,,,,,,,,0
7296,2,7296,Zaprionus,"",eukaryota,false,,,,,,,,,,,,,,,,0.8975994679088727,12,,,88.25,30.1667,10^-8.99532,,,,,"[447233, 309927]",0
447233,1,7296,Zaprionus gabonicus,"",eukaryota,false,,,,,,,,,,,,,,,,0.07479995565907273,1,,,79.3,29.0,10^-8.35655,,,,,,0
309927,1,7296,Zaprionus bogoriensis,"",eukaryota,false,,,,,,,,,,,,,,,,0.8227995122498,11,,,89.0636,30.2727,10^-9.05339,,,,,,0
7292,2,7292,Chymomyza,"",eukaryota,false,,,,0.5983996452725818,8,,,89.6172,50.375,10^-14.5837,,,,,,0.07479995565907273,1,,,96.9,32.0,10^-12.5591,,,,,"[1692350, 59308]",0
1692350,1,7292,Chymomyza fuscimana,"",eukaryota,false,,,,0.5983996452725818,8,,,89.6172,50.375,10^-14.5837,,,,,,,,,,,,,,,,,,0
59308,1,7292,Chymomyza procnemis,"",eukaryota,false,,,,,,,,,,,,,,,,0.07479995565907273,1,,,96.9,32.0,10^-12.5591,,,,,,0
7215,2,7215,Drosophila,fruit flies,eukaryota,false,,,,106.963936592474,1430,28,377,88.0944,92.2446,10^-23.8651,,,,,,214.00267314060707,2861,54,2166,70.3487,281.94,10^-140.439,,,,,"[2848635, 2848634, 1870890, 1867034, 1486046, 1041015, 244254, 198719, 198718, 193234, 129105, 125945, 111875, 103846, 103775, 88886, 66368, 65964, 47315, 47314, 47010, 46829, 42026, 30044, 30033, 30025, 30023, 30019, 30013, 29030, 29029, 28584, 7291, 7283, 7282, 7274, 7266, 7263, 7260, 7250, 7249, 7248, 7246, 7245, 7244, 7243, 7241, 7240, 7238, 7237, 7234, 7232, 7230, 7229, 7227, 7226, 7224, 7222, 7221, 7220, 7217, 7216]",0
2848635,1,7215,Drosophila setifemur,"",eukaryota,false,,,,,,,,,,,,,,,,0.07479995565907273,1,,,100.0,33.0,10^-14.5884,,,,,,0
2848634,1,7215,Drosophila ironensis,"",eukaryota,false,,,,,,,,,,,,,,,,0.8975994679088727,12,,,85.9333,32.4167,10^-9.80052,,,,,,0
1870890,1,7215,Drosophila sp. 1 TKK-2016,"",eukaryota,false,,,,0.2991998226362909,4,,,89.9443,97.0,10^-40.2726,,,,,,,,,,,,,,,,,,0
1867034,1,7215,Drosophila pandora,"",eukaryota,false,,,,,,,,,,,,,,,,0.7479995565907273,10,,,94.2,31.0,10^-9.43681,,,,,,0
1486046,1,7215,Drosophila subpulchrella,"",eukaryota,false,,,,2.3935985810903273,32,1,9,86.9128,92.7333,10^-25.3117,,,,,,0.8227995122498,11,,,93.9364,30.0909,10^-8.96749,,,,,,0
1041015,1,7215,Drosophila rhopaloa,"",eukaryota,false,,,,1.346399201863309,18,,,91.0194,65.5556,10^-22.9668,,,,,,0.22439986697721817,3,,,77.1,32.0,10^-7.49618,,,,,,0
244254,1,7215,Drosophila bunnanda,"",eukaryota,false,,,,,,,,,,,,,,,,0.8227995122498,11,,,97.01,30.3,10^-8.59928,,,,,,0
198719,1,7215,Drosophila innubila,"",eukaryota,false,,,,1.5707990688405271,21,1,8,84.5195,114.667,10^-24.9992,,,,,,0.5235996896135091,7,,,95.6857,29.8571,10^-9.31975,,,,,,0
198718,1,7215,Drosophila histrio,"",eukaryota,false,,,,1.9447988471358908,26,,,91.6297,59.5385,10^-20.8483,,,,,,,,,,,,,,,,,,0
193234,1,7215,Drosophila pseudotakahashii,"",eukaryota,false,,,,,,,,,,,,,,,,0.2991998226362909,4,,,84.6,27.5,10^-5.42422,,,,,,0
129105,1,7215,Drosophila santomea,"",eukaryota,false,,,,0.2991998226362909,4,,,84.836,76.0,10^-23.5822,,,,,,0.14959991131814546,2,,,81.45,28.0,10^-5.34109,,,,,,0
125945,1,7215,Drosophila biarmipes,"",eukaryota,false,,,,3.8895976942717816,52,,,87.3552,53.4231,10^-14.5461,,,,,,0.5235996896135091,7,,,85.4714,28.2857,10^-6.49523,,,,,,0
111875,1,7215,Drosophila jambulina,"",eukaryota,false,,,,,,,,,,,,,,,,0.3739997782953636,5,,,89.9,31.2,10^-9.23189,,,,,,0
103846,1,7215,Drosophila pachea,"",eukaryota,false,,,,,,,,,,,,,,,,0.07479995565907273,1,,,100.0,30.0,10^-8.56543,,,,,,0
103775,1,7215,Drosophila gunungcola,fruit fly,eukaryota,false,,,,1.8699988914768182,25,1,8,86.761,88.92,10^-21.5658,,,,,,1.1219993348860908,15,,,94.9,29.8,10^-8.98967,,,,,,0
88886,1,7215,Drosophila sulfurigaster,"",eukaryota,false,,,,,,,,,,,,,,,,0.3739997782953636,5,,,97.46,29.6,10^-8.92036,,,,,,0
66368,1,7215,Drosophila guttifera,"",eukaryota,false,,,,0.14959991131814546,2,,,91.071,56.0,10^-18.896,,,,,,,,,,,,,,,,,,0
65964,1,7215,Drosophila pseudoananassae,"",eukaryota,false,,,,,,,,,,,,,,,,0.14959991131814546,2,,,88.65,27.5,10^-6.5806,,,,,,0
47315,1,7215,Drosophila auraria,"",eukaryota,false,,,,0.14959991131814546,2,,,88.372,86.0,10^-32.4334,,,,,,,,,,,,,,,,,,0
47314,1,7215,Drosophila novamexicana,"",eukaryota,false,,,,1.0471993792270182,14,,,87.2985,71.4615,10^-22.9742,,,,,,0.8975994679088727,12,,,90.9917,32.0,10^-8.68866,,,,,,0
47010,1,7215,Drosophila silvestris,"",eukaryota,false,,,,,,,,,,,,,,,,0.3739997782953636,5,,,100.0,27.5,10^-9.09077,,,,,,0
46829,1,7215,Drosophila birchii,"",eukaryota,false,,,,,,,,,,,,,,,,0.6731996009316545,9,,,86.6111,30.8889,10^-9.10253,,,,,,0
42026,1,7215,Drosophila bipectinata,"",eukaryota,false,,,,6.881595920634691,92,,,90.9346,52.6292,10^-16.4484,,,,,,1.7951989358177454,24,,,87.3542,30.4583,10^-8.47998,,,,,,0
30044,1,7215,Drosophila rubida,"",eukaryota,false,,,,,,,,,,,,,,,,0.2991998226362909,4,,,93.325,28.0,10^-7.74256,,,,,,0
30033,1,7215,Drosophila kikkawai,"",eukaryota,false,,,,6.357996231021182,85,1,4,88.3232,71.5,10^-21.7054,,,,,,1.0471993792270182,14,,,90.4786,29.9286,10^-8.61714,,,,,,0
30025,1,7215,Drosophila ficusphila,"",eukaryota,false,,,,4.113997561249,55,1,31,85.5065,201.698,10^-45.3194,,,,,,0.6731996009316545,9,,,84.6111,29.2222,10^-6.93743,,,,,,0
30023,1,7215,Drosophila elegans,"",eukaryota,false,,,,2.8423983150447634,38,1,18,85.2217,160.028,10^-38.5647,,,,,,0.5235996896135091,7,,,97.7286,29.1429,10^-10.1887,,,,,,0
30019,1,7215,Drosophila busckii,"",eukaryota,false,,,,4.9367970734988,66,4,38,88.7174,76.0455,10^-15.7487,,,,,,0.8227995122498,11,,,87.2,31.4545,10^-9.03973,,,,,,0
30013,1,7215,Drosophila madeirensis,"",eukaryota,false,,,,0.07479995565907273,1,,,87.129,101.0,10^-38.5392,,,,,,,,,,,,,,,,,,0
29030,1,7215,Drosophila takahashii,"",eukaryota,false,,,,2.6179984480675453,35,1,5,89.8718,81.8571,10^-25.3577,,,,,,0.22439986697721817,3,,,100.0,31.0,10^-12.7001,,,,,,0
29029,1,7215,Drosophila eugracilis,"",eukaryota,false,,,,6.208396319703036,83,1,40,88.335,81.6375,10^-18.931,,,,,,0.8975994679088727,12,,,80.4917,31.5,10^-8.28628,,,,,,0
28584,1,7215,Drosophila suzukii,"",eukaryota,false,,,,2.169198714113109,29,,,90.1891,62.9286,10^-21.2663,,,,,,0.8975994679088727,12,1,10,90.7408,41.0,10^-19.7246,,,,,,0
7291,1,7215,Drosophila albomicans,"",eukaryota,false,,,,8.153195166838927,109,2,28,86.9403,78.8491,10^-19.4321,,,,,,0.5983996452725818,8,,,100.0,28.375,10^-9.59573,,,,,,0
7283,1,7215,Drosophila phalerata,"",eukaryota,false,,,,1.7203989801586728,23,,,90.4086,59.1111,10^-19.3511,,,,,,,,,,,,,,,,,,0
7282,1,7215,Drosophila obscura,"",eukaryota,false,,,,2.4683985367494,33,,,90.4079,68.6562,10^-24.5971,,,,,,1.1967992905451637,16,,,85.625,31.6875,10^-8.84865,,,,,,0
7274,1,7215,Drosophila serrata,"",eukaryota,false,,,,2.169198714113109,29,,,90.247,64.5185,10^-22.2613,,,,,,1.6455990244996,22,1,6,91.0286,40.1429,10^-16.5961,,,,,,0
7266,1,7215,Drosophila guanche,"",eukaryota,false,,,,1.346399201863309,18,,,89.6107,72.6111,10^-26.3095,,,,,,0.7479995565907273,10,,,93.67,30.3,10^-9.61055,,,,,,0
7263,1,7215,Drosophila arizonae,"",eukaryota,false,,,,1.6455990244996,22,1,7,88.6186,100.682,10^-25.0741,,,,,,0.5983996452725818,8,,,90.8,28.125,10^-7.88691,,,,,,0
7260,1,7215,Drosophila willistoni,"",eukaryota,false,,,,2.0195988027949636,27,,,90.459,56.7407,10^-17.9006,,,,,,110.25513464147319,1474,12,1361,60.1489,482.278,10^-250.17,,,,,,0
7250,1,7215,Drosophila immigrans,"",eukaryota,false,,,,,,,,,,,,,,,,0.6731996009316545,9,,,81.4286,27.0,10^-5.11888,,,,,,0
7249,1,7215,Drosophila azteca,"",eukaryota,false,,,,,,,,,,,,,,,,0.07479995565907273,1,,,100.0,25.0,10^-10.3595,,,,,,0
7248,1,7215,Drosophila athabasca,"",eukaryota,false,,,,,,,,,,,,,,,,0.07479995565907273,1,,,100.0,33.0,10^-13.3188,,,,,,0
7246,1,7215,Drosophila affinis,"",eukaryota,false,,,,,,,,,,,,,,,,0.14959991131814546,2,,,100.0,28.5,10^-10.9603,,,,,,0
7245,1,7215,Drosophila yakuba,"",eukaryota,false,,,,2.4683985367494,33,1,26,84.3315,176.667,10^-34.3626,,,,,,0.44879973395443634,6,,,75.3333,30.8333,10^-5.96469,,,,,,0
7244,1,7215,Drosophila virilis,"",eukaryota,false,,,,1.346399201863309,18,,,87.9916,61.7222,10^-18.7508,,,,,,3.515597915976418,47,1,29,96.8223,54.8085,10^-30.153,,,,,,0
7243,1,7215,Drosophila teissieri,"",eukaryota,false,,,,0.5983996452725818,8,,,88.3355,68.25,10^-22.772,,,,,,0.07479995565907273,1,,,95.7,23.0,10^-5.16494,,,,,,0
7241,1,7215,Drosophila subobscura,"",eukaryota,false,,,,1.7951989358177454,24,1,12,85.4528,103.087,10^-22.1783,,,,,,0.44879973395443634,6,,,98.4833,31.0,10^-10.7215,,,,,,0
7240,1,7215,Drosophila simulans,"",eukaryota,false,,,,8.452394989475218,113,5,80,86.2795,141.144,10^-30.4346,,,,,,0.8975994679088727,12,,,96.1667,29.6667,10^-9.51691,,,,,,0
7238,1,7215,Drosophila sechellia,"",eukaryota,false,,,,0.5235996896135091,7,,,88.2112,62.1667,10^-20.1169,,,,,,1.0471993792270182,14,,,87.2692,32.0,10^-9.49675,,,,,,0
7237,1,7215,Drosophila pseudoobscura,"",eukaryota,false,,,,0.5983996452725818,8,,,90.3268,67.0,10^-23.6483,,,,,,0.6731996009316545,9,,,99.6556,28.2222,10^-9.79547,,,,,,0
7234,1,7215,Drosophila persimilis,"",eukaryota,false,,,,0.8227995122498,11,,,91.5953,61.4545,10^-20.7634,,,,,,23.56198603260791,315,1,300,99.3866,39.4244,10^-22.2233,,,,,,0
7232,1,7215,Drosophila navojoa,"",eukaryota,false,,,,1.7951989358177454,24,,,91.5969,51.8696,10^-16.181,,,,,,1.1967992905451637,16,,,93.4938,29.9375,10^-9.52955,,,,,,0
7230,1,7215,Drosophila mojavensis,"",eukaryota,false,,,,0.5983996452725818,8,,,87.5707,63.125,10^-18.9471,,,,,,1.346399201863309,18,,,92.8667,31.0556,10^-9.64254,,,,,,0
7229,1,7215,Drosophila miranda,"",eukaryota,false,,,,1.0471993792270182,14,,,92.0662,55.0,10^-18.816,,,,,,2.0943987584540364,28,1,12,94.4714,32.6786,10^-12.5255,,,,,,0
7227,1,7215,Drosophila melanogaster,fruit fly,eukaryota,false,,,,3.515597915976418,47,3,15,88.1623,70.3191,10^-18.1507,,,,,,43.23437437094403,578,36,442,65.14,99.9374,10^-28.0452,,,,,,0
7226,1,7215,Drosophila mauritiana,"",eukaryota,false,,,,2.2439986697721817,30,1,22,83.0066,222.821,10^-44.6448,,,,,,0.2991998226362909,4,,,90.625,30.75,10^-9.39768,,,,,,0
7224,1,7215,Drosophila hydei,"",eukaryota,false,,,,1.346399201863309,18,,,87.3507,65.3889,10^-20.483,,,,,,0.6731996009316545,9,1,6,80.9496,62.6667,10^-30.9235,,,,,,0
7222,1,7215,Drosophila grimshawi,"",eukaryota,false,,,,1.8699988914768182,25,,,87.8609,69.48,10^-22.9582,,,,,,0.9723994235679454,13,,,96.2077,30.7692,10^-10.3188,,,,,,0
7221,1,7215,Drosophila funebris,"",eukaryota,false,,,,1.4211991575223817,19,,,89.7696,59.2632,10^-18.8833,,,,,,,,,,,,,,,,,,0
7220,1,7215,Drosophila erecta,"",eukaryota,false,,,,1.7203989801586728,23,,,90.2591,64.2632,10^-22.3536,,,,,,0.44879973395443634,6,,,94.3,31.1667,10^-9.61311,,,,,,0
7217,1,7215,Drosophila ananassae,"",eukaryota,false,,,,4.113997561249,55,2,26,87.4385,135.593,10^-34.6184,,,,,,0.6731996009316545,9,,,84.5444,30.5556,10^-7.16096,,,,,,0
7216,1,7215,Drosophila ambigua,"",eukaryota,false,,,,,,,,,,,,,,,,0.07479995565907273,1,,,100.0,24.0,10^-4.65561,,,,,,0
7212,2,7212,Ceratitis,"",eukaryota,false,,,,2.3187986254312545,31,,,89.5225,73.0,10^-25.9913,,,,,,4.263597472567145,57,1,11,86.4382,38.3684,10^-11.5512,,,,,"[314366, 7213]",0
314366,1,7212,Ceratitis venusta,"",eukaryota,false,,,,,,,,,,,,,,,,0.07479995565907273,1,,,97.0,33.0,10^-15.2549,,,,,,0
7213,1,7212,Ceratitis capitata,Mediterranean fruit fly,eukaryota,false,,,,2.3187986254312545,31,,,89.5225,73.0,10^-25.9913,,,,,,4.188797516908073,56,1,11,86.2496,38.4643,10^-11.4851,,,,,,0
7208,2,7208,Loa,"",eukaryota,false,,,,0.14959991131814546,2,,,85.1375,95.0,10^-33.0772,,,,,,0.07479995565907273,1,,,60.6,33.0,10^-5.98716,,,,,[7209],1
7209,1,7208,Loa loa,African eye worm,eukaryota,false,,,,0.14959991131814546,2,,,85.1375,95.0,10^-33.0772,,,,,,0.07479995565907273,1,,,60.6,33.0,10^-5.98716,,,,,,1
7201,2,7201,Psychoda,"",eukaryota,false,,,,0.14959991131814546,2,,,99.005,100.5,10^-54.6668,,,,,,,,,,,,,,,,,[7202],0
7202,1,7201,Psychoda cinerea,"",eukaryota,false,,,,0.14959991131814546,2,,,99.005,100.5,10^-54.6668,,,,,,,,,,,,,,,,,,0
7199,2,7199,Lutzomyia,"",eukaryota,false,,,,3.7399977829536364,50,1,14,88.1781,130.52,10^-35.8302,,,,,,6.731996009316545,90,,,92.0227,30.5682,10^-8.56061,,,,,[7200],0
7200,1,7199,Lutzomyia longipalpis,"",eukaryota,false,,,,3.7399977829536364,50,1,14,88.1781,130.52,10^-35.8302,,,,,,6.731996009316545,90,,,92.0227,30.5682,10^-8.56061,,,,,,0
7191,2,7191,Simulium,"",eukaryota,false,,,,0.07479995565907273,1,,,100.0,43.0,10^-16.9522,,,,,,0.44879973395443634,6,,,97.725,30.25,10^-12.1956,,,,,"[1654808, 236049, 7192]",0
1654808,1,7191,Simulium chromatinum,"",eukaryota,false,,,,,,,,,,,,,,,,0.2991998226362909,4,,,100.0,32.0,10^-13.8977,,,,,,0
236049,1,7191,Simulium nakhonense,"",eukaryota,false,,,,0.07479995565907273,1,,,100.0,43.0,10^-16.9522,,,,,,,,,,,,,,,,,,0
7192,1,7191,Simulium vittatum,"",eukaryota,false,,,,,,,,,,,,,,,,0.14959991131814546,2,,,95.45,28.5,10^-10.4935,,,,,,0
7182,2,7182,Psorophora,"",eukaryota,false,,,,0.3739997782953636,5,,,100.0,69.8,10^-35.1396,,,,,,0.07479995565907273,1,,,100.0,33.0,10^-11.3556,,,,,"[869073, 869072, 329106, 7183]",0
869073,1,7182,Psorophora howardii,"",eukaryota,false,,,,,,,,,,,,,,,,0.07479995565907273,1,,,100.0,33.0,10^-11.3556,,,,,,0
869072,1,7182,Psorophora cyanescens,"",eukaryota,false,,,,0.07479995565907273,1,,,100.0,47.0,10^-19.6583,,,,,,,,,,,,,,,,,,0
329106,1,7182,Psorophora ciliata,"",eukaryota,false,,,,0.07479995565907273,1,,,100.0,74.0,10^-37.9881,,,,,,,,,,,,,,,,,,0
7183,1,7182,Psorophora ferox,"",eukaryota,false,,,,0.22439986697721817,3,,,100.0,76.0,10^-39.3505,,,,,,,,,,,,,,,,,,0
7180,2,7180,Haemagogus,"",eukaryota,false,,,,0.14959991131814546,2,,,98.1475,54.0,10^-23.029,,,,,,0.14959991131814546,2,,,98.45,32.5,10^-9.84558,,,,,"[1170321, 53526]",0
1170321,1,7180,Haemagogus leucocelaenus,"",eukaryota,false,,,,0.14959991131814546,2,,,98.1475,54.0,10^-23.029,,,,,,,,,,,,,,,,,,0
53526,1,7180,Haemagogus equinus,"",eukaryota,false,,,,,,,,,,,,,,,,0.14959991131814546,2,,,98.45,32.5,10^-9.84558,,,,,,0
7174,2,7174,Culex,"",eukaryota,false,,,,1002.0202060089382,13396,168,9567,91.2868,163.586,10^-45.6359,,,,,,1958.1880391988648,26179,826,16281,77.8254,104.261,10^-37.0227,,,,,"[2912049, 1899236, 1808015, 1461354, 1085687, 946124, 943103, 864528, 707274, 545656, 333812, 284558, 260110, 182211, 162998, 162997, 69822, 42433, 42429, 38743, 7178, 7177, 7176, 7175]",0
2912049,1,7174,Culex sp.,"",eukaryota,false,,,,1.5707990688405271,21,,,99.9471,75.7619,10^-39.06,,,,,,,,,,,,,,,,,,0
1899236,1,7174,Culex aureonotatus,"",eukaryota,false,,,,,,,,,,,,,,,,0.07479995565907273,1,,,100.0,33.0,10^-13.2916,,,,,,0
1808015,1,7174,Culex cylindricus,"",eukaryota,false,,,,0.07479995565907273,1,,,100.0,58.0,10^-27.115,,,,,,,,,,,,,,,,,,0
1461354,1,7174,Culex lygrus,"",eukaryota,false,,,,0.07479995565907273,1,,,100.0,80.0,10^-42.0714,,,,,,,,,,,,,,,,,,0
1085687,1,7174,Culex abominator,"",eukaryota,false,,,,0.07479995565907273,1,,,98.333,60.0,10^-27.1003,,,,,,,,,,,,,,,,,,0
946124,1,7174,Culex pipiens complex sp. YL-2011,"",eukaryota,false,,,,0.07479995565907273,1,,,80.0,65.0,10^-14.028,,,,,,,,,,,,,,,,,,0
943103,1,7174,Culex perexiguus,"",eukaryota,false,,,,0.14959991131814546,2,,,99.438,82.0,10^-42.7485,,,,,,,,,,,,,,,,,,0
864528,1,7174,Culex neavei,"",eukaryota,false,,,,0.07479995565907273,1,,,100.0,71.0,10^-35.9476,,,,,,,,,,,,,,,,,,0
707274,1,7174,Culex aliciae,"",eukaryota,false,,,,0.07479995565907273,1,,,83.696,92.0,10^-29.6594,,,,,,,,,,,,,,,,,,0
545656,1,7174,Culex modestus,"",eukaryota,false,,,,0.07479995565907273,1,,,100.0,70.0,10^-35.2675,,,,,,,,,,,,,,,,,,0
333812,1,7174,Culex environmental sample,"",eukaryota,false,,,,,,,,,,,,,,,,0.07479995565907273,1,,,87.5,32.0,10^-9.25806,,,,,,0
284558,1,7174,Culex pedroi,"",eukaryota,false,,,,0.14959991131814546,2,,,100.0,79.0,10^-41.3908,,,,,,,,,,,,,,,,,,0
260110,1,7174,Culex australicus,"",eukaryota,false,,,,0.07479995565907273,1,,,100.0,78.0,10^-40.71,,,,,,,,,,,,,,,,,,0
182211,1,7174,Culex annulus,"",eukaryota,false,,,,0.2991998226362909,4,,,100.0,53.5,10^-24.069,,,,,,,,,,,,,,,,,,0
162998,1,7174,Culex sitiens,"",eukaryota,false,,,,0.07479995565907273,1,,,100.0,38.0,10^-13.5749,,,,,,0.07479995565907273,1,,,93.9,33.0,10^-13.064,,,,,,0
162997,1,7174,Culex annulirostris,"",eukaryota,false,,,,,,,,,,,,,,,,0.14959991131814546,2,,,90.9,33.0,10^-13.6517,,,,,,0
69822,1,7174,Culex bitaeniorhynchus,"",eukaryota,false,,,,0.3739997782953636,5,,,100.0,72.0,10^-36.6354,,,,,,,,,,,,,,,,,,0
42433,1,7174,Culex torrentium,"",eukaryota,false,,,,0.07479995565907273,1,,,100.0,61.0,10^-29.1516,,,,,,,,,,,,,,,,,,0
42429,1,7174,Culex nigripalpus,"",eukaryota,false,,,,0.07479995565907273,1,,,92.308,39.0,10^-10.1327,,,,,,,,,,,,,,,,,,0
38743,1,7174,Culex salinarius,"",eukaryota,false,,,,,,,,,,,,,,,,0.07479995565907273,1,,,97.0,33.0,10^-15.2692,,,,,,0
7178,1,7174,Culex tritaeniorhynchus,"",eukaryota,false,,,,1.2715992462042363,17,,,99.1083,76.375,10^-38.5786,,,,,,0.22439986697721817,3,,,76.7667,32.0,10^-9.12753,,,,,,0
7177,1,7174,Culex tarsalis,"",eukaryota,false,,,,0.14959991131814546,2,,,96.0525,76.0,10^-35.2318,,,,,,0.3739997782953636,5,,,77.46,31.8,10^-7.61752,,,,,,0
7176,1,7174,Culex quinquefasciatus,southern house mosquito,eukaryota,false,,,,334.95420144132765,4478,116,2768,87.5329,250.404,10^-70.5799,,,,,,1559.7286754029844,20852,754,14700,78.1376,96.0358,10^-35.3368,,,,,,0
7175,1,7174,Culex pipiens,northern house mosquito,eukaryota,false,,,,662.2788074054299,8854,52,6799,93.6084,109.125,10^-29.8399,,,,,,397.4121644166534,5313,72,1581,76.6136,135.937,10^-43.5476,,,,,,0
7164,2,7164,Anopheles,"",eukaryota,false,,,,646.7952165840019,8647,146,4805,87.9161,113.66,10^-28.0624,,,,,,916.0002570010046,12246,158,7036,79.8515,217.973,10^-80.5071,,,,,"[2803201, 1521116, 1518534, 1496333, 1411912, 345580, 262673, 227531, 186751, 185578, 139047, 139045, 138534, 74873, 74871, 74869, 68878, 62324, 59160, 48725, 43151, 42896, 42839, 30069, 30066, 7173, 7168, 7167, 7165]",0
2803201,1,7164,Anopheles medialis,"",eukaryota,false,,,,,,,,,,,,,,,,0.14959991131814546,2,,,100.0,33.0,10^-10.6737,,,,,,0
1521116,1,7164,Anopheles marshallii,"",eukaryota,false,,,,22.290386786403673,298,5,62,87.7834,99.4306,10^-28.2229,,,,,,45.77757286335251,612,3,436,92.9121,41.5844,10^-19.7489,,,,,,0
1518534,1,7164,Anopheles coluzzii,"",eukaryota,false,,,,12.566392550724217,168,1,68,86.3582,167.136,10^-41.8128,,,,,,24.683985367494,330,4,51,87.7371,37.4087,10^-12.6408,,,,,,0
1496333,1,7164,Anopheles maculipalpis,"",eukaryota,false,,,,135.61231960989886,1813,7,1581,89.3365,74.1742,10^-14.8461,,,,,,19.522788427017982,261,2,16,92.0089,34.1172,10^-10.8665,,,,,,0
1411912,1,7164,Anopheles algeriensis,"",eukaryota,false,,,,0.07479995565907273,1,,,98.361,61.0,10^-27.7793,,,,,,,,,,,,,,,,,,0
345580,1,7164,Anopheles ziemanni,"",eukaryota,false,,,,13.9875917082466,187,2,17,88.9391,76.459,10^-24.7424,,,,,,3.8147977386127088,51,1,4,86.3038,34.8235,10^-9.28853,,,,,,0
262673,1,7164,Anopheles superpictus,"",eukaryota,false,,,,0.07479995565907273,1,,,87.5,80.0,10^-28.3477,,,,,,,,,,,,,,,,,,0
227531,1,7164,Anopheles plumbeus,"",eukaryota,false,,,,,,,,,,,,,,,,0.14959991131814546,2,,,96.95,33.0,10^-13.005,,,,,,0
186751,1,7164,Anopheles moucheti,mosquito,eukaryota,false,,,,19.447988471358908,260,7,67,88.8575,96.5216,10^-28.1501,,,,,,17.80238944685931,238,2,15,90.2308,33.6638,10^-10.186,,,,,,0
185578,1,7164,Anopheles nili,"",eukaryota,false,,,,54.90316745375938,734,17,446,86.9421,130.861,10^-31.1914,,,,,,22.739186520358107,304,2,43,92.7003,31.388,10^-9.91701,,,,,,0
139047,1,7164,Anopheles bellator,"",eukaryota,false,,,,53.33236838491885,713,9,316,87.1409,132.59,10^-30.4891,,,,,,28.199583283470417,377,2,17,88.7056,33.748,10^-9.73658,,,,,,0
139045,1,7164,Anopheles coustani,"",eukaryota,false,,,,49.891570424601504,667,15,502,84.3988,124.589,10^-23.5525,,,,,,35.081179204105105,469,2,115,87.5136,66.0897,10^-28.8175,,,,,,0
138534,1,7164,Anopheles hyrcanus,"",eukaryota,false,,,,1.346399201863309,18,1,18,97.826,46.0,10^-10.4597,,,,,,,,,,,,,,,,,,0
74873,1,7164,Anopheles sinensis,"",eukaryota,false,,,,,,,,,,,,,,,,52.35996896135091,700,19,462,91.475,52.7088,10^-24.4017,,,,,,0
74871,1,7164,Anopheles nivipes,"",eukaryota,false,,,,,,,,,,,,,,,,0.07479995565907273,1,,,73.1,26.0,10^-6.75696,,,,,,0
74869,1,7164,Anopheles maculatus,"",eukaryota,false,,,,,,,,,,,,,,,,0.22439986697721817,3,,,67.4,31.6667,10^-6.22201,,,,,,0
68878,1,7164,Anopheles cruzii,mosquito,eukaryota,false,,,,30.74278177587889,411,8,129,88.2996,102.913,10^-28.8219,,,,,,26.62878421462989,356,2,30,89.7405,34.0203,10^-10.2079,,,,,,0
62324,1,7164,Anopheles funestus,African malaria mosquito,eukaryota,false,,,,21.317987362835726,285,6,54,88.0188,95.6071,10^-27.5168,,,,,,36.50237836162749,488,9,111,83.2388,49.5807,10^-12.4458,,,,,,0
59160,1,7164,Anopheles subpictus,"",eukaryota,false,,,,,,,,,,,,,,,,0.14959991131814546,2,,,54.1,31.5,10^-4.18333,,,,,,0
48725,1,7164,Anopheles baimaii,"",eukaryota,false,,,,,,,,,,,,,,,,0.22439986697721817,3,,,97.9333,32.6667,10^-9.7493,,,,,,0
43151,1,7164,Anopheles darlingi,"",eukaryota,false,,,,16.979589934609507,227,3,32,89.1693,72.1467,10^-23.2338,,,,,,81.4571517127302,1089,9,499,92.5658,43.8587,10^-19.2292,,,,,,0
42896,1,7164,Anopheles bwambae,"",eukaryota,false,,,,,,,,,,,,,,,,0.14959991131814546,2,,,100.0,28.5,10^-10.4412,,,,,,0
42839,1,7164,Anopheles aquasalis,"",eukaryota,false,,,,45.92717277467065,614,17,294,87.9434,125.574,10^-33.4416,,,,,,21.69198714113109,290,2,53,93.8549,35.6853,10^-12.7207,,,,,,0
30069,1,7164,Anopheles stephensi,Asian malaria mosquito,eukaryota,false,,,,69.18995898464227,925,20,617,87.9834,123.722,10^-31.8807,,,,,,56.92276625655435,761,25,334,89.0064,51.0067,10^-20.8266,,,,,,0
30066,1,7164,Anopheles merus,"",eukaryota,false,,,,13.089992240337727,175,3,23,87.8699,88.1977,10^-26.5322,,,,,,27.526383682538764,368,2,24,86.5684,35.6177,10^-9.36089,,,,,,0
7173,1,7164,Anopheles arabiensis,"",eukaryota,false,,,,9.649194280020382,129,2,14,88.7267,93.5512,10^-29.5023,,,,,,18.69998891476818,250,1,4,92.1331,31.2254,10^-9.45545,,,,,,0
7168,1,7164,Anopheles dirus,"",eukaryota,false,,,,,,,,,,,,,,,,0.2991998226362909,4,,,80.125,28.75,10^-6.58548,,,,,,0
7167,1,7164,Anopheles albimanus,"",eukaryota,false,,,,51.985969183055545,695,16,362,86.9812,211.137,10^-54.1819,,,,,,100.83034022843003,1348,36,1009,85.413,116.155,10^-94.7937,,,,,,0
7165,1,7164,Anopheles gambiae,African malaria mosquito,eukaryota,false,,,,24.38478554485771,326,7,203,89.9659,83.2974,10^-21.8967,,,,,,294.33782551845115,3935,35,3813,58.9528,578.926,10^-194.886,,,,,,0
7158,2,7158,Aedes,"",eukaryota,false,,,,30684.288210553495,410218,2398,354683,90.8428,346.726,10^-119.029,,,,,,26940.475629861245,360167,8951,282540,82.9514,140.443,10^-65.2418,,,,,"[2880926, 2575619, 2207012, 2067448, 1823607, 1806178, 1799674, 1769045, 1424563, 1245338, 686388, 590165, 586676, 503354, 503350, 503348, 373844, 317808, 316597, 299627, 240003, 188700, 188699, 166586, 159648, 140438, 120874, 120872, 55967, 37951, 28624, 7163, 7161, 7160, 7159]",0
2880926,1,7158,Aedes suzannae,"",eukaryota,false,,,,,,,,,,,,,,,,0.14959991131814546,2,,,96.95,32.5,10^-9.34081,,,,,,0
2575619,1,7158,Aedes echinus,"",eukaryota,false,,,,0.07479995565907273,1,,,100.0,41.0,10^-15.6005,,,,,,,,,,,,,,,,,,0
2207012,1,7158,Aedes sp. BIOUG21104-D11,"",eukaryota,false,,,,0.14959991131814546,2,,,100.0,86.5,10^-45.8161,,,,,,,,,,,,,,,,,,0
2067448,1,7158,Aedes fowleri,"",eukaryota,false,,,,0.07479995565907273,1,,,100.0,75.0,10^-38.6685,,,,,,,,,,,,,,,,,,0
1823607,1,7158,Aedes sp. BOLD:AAB5696,"",eukaryota,false,,,,,,,,,,,,,,,,0.07479995565907273,1,,,87.9,33.0,10^-9.29671,,,,,,0
1806178,1,7158,Aedes alboannulatus,"",eukaryota,false,,,,0.14959991131814546,2,,,97.17,66.0,10^-30.4984,,,,,,,,,,,,,,,,,,0
1799674,1,7158,Aedes hirsutus,"",eukaryota,false,,,,0.14959991131814546,2,,,99.405,61.5,10^-28.8362,,,,,,,,,,,,,,,,,,0
1769045,1,7158,Aedes lilii,"",eukaryota,false,,,,0.2991998226362909,4,,,93.565,58.5,10^-22.312,,,,,,,,,,,,,,,,,,0
1424563,1,7158,Aedes amesii,"",eukaryota,false,,,,,,,,,,,,,,,,0.07479995565907273,1,,,97.0,33.0,10^-6.34969,,,,,,0
1245338,1,7158,Aedes albolateralis,"",eukaryota,false,,,,0.07479995565907273,1,,,93.548,62.0,10^-24.3413,,,,,,,,,,,,,,,,,,0
686388,1,7158,Aedes metallicus,"",eukaryota,false,,,,0.14959991131814546,2,,,100.0,74.0,10^-37.9881,,,,,,,,,,,,,,,,,,0
590165,1,7158,Aedes mascarensis,"",eukaryota,false,,,,0.14959991131814546,2,,,100.0,89.0,10^-48.2015,,,,,,,,,,,,,,,,,,0
586676,1,7158,Aedes koreicus,"",eukaryota,false,,,,1.4211991575223817,19,,,99.6752,62.8947,10^-30.1602,,,,,,,,,,,,,,,,,,0
503354,1,7158,Aedes cumminsii,"",eukaryota,false,,,,0.07479995565907273,1,,,100.0,69.0,10^-34.5876,,,,,,,,,,,,,,,,,,0
503350,1,7158,Aedes dalzieli,"",eukaryota,false,,,,0.07479995565907273,1,,,82.558,86.0,10^-25.5715,,,,,,,,,,,,,,,,,,0
503348,1,7158,Aedes mcintoshi,"",eukaryota,false,,,,3.066798182021982,41,,,92.5102,66.1892,10^-25.8179,,,,,,,,,,,,,,,,,,0
373844,1,7158,Aedes nipponicus,"",eukaryota,false,,,,5178.924529967218,69237,1,69224,96.9884,464.655,10^-307.411,,,,,,,,,,,,,,,,,,0
317808,1,7158,Aedes vittatus,"",eukaryota,false,,,,0.5235996896135091,7,,,99.624,57.1429,10^-26.3495,,,,,,,,,,,,,,,,,,0
316597,1,7158,Aedes pseudoscutellaris,"",eukaryota,false,,,,0.07479995565907273,1,,,91.489,94.0,10^-40.629,,,,,,,,,,,,,,,,,,0
299627,1,7158,Aedes furcifer,"",eukaryota,false,,,,1.0471993792270182,14,1,13,100.0,73.0714,10^-28.0356,,,,,,,,,,,,,,,,,,0
240003,1,7158,Aedes cretinus,"",eukaryota,false,,,,5.385596807453236,72,1,72,82.888,187.0,10^-36.3288,,,,,,,,,,,,,,,,,,0
188700,1,7158,Aedes polynesiensis,"",eukaryota,false,,,,1.0471993792270182,14,,,89.8418,84.0,10^-33.2499,,,,,,0.2991998226362909,4,,,93.2,29.5,10^-7.63948,,,,,,0
188699,1,7158,Aedes bahamensis,"",eukaryota,false,,,,0.22439986697721817,3,,,95.058,87.6667,10^-41.3479,,,,,,,,,,,,,,,,,,0
166586,1,7158,Aedes flavopictus,"",eukaryota,false,,,,0.14959991131814546,2,,,100.0,73.0,10^-37.3079,,,,,,,,,,,,,,,,,,0
159648,1,7158,Aedes elsiae,"",eukaryota,false,,,,0.07479995565907273,1,,,91.919,99.0,10^-44.0374,,,,,,,,,,,,,,,,,,0
140438,1,7158,Aedes japonicus,"",eukaryota,false,,,,0.3739997782953636,5,,,97.3214,64.6,10^-28.5858,,,,,,,,,,,,,,,,,,0
120874,1,7158,Aedes geniculatus,"",eukaryota,false,,,,2.5431984924084725,34,,,99.7045,67.5294,10^-33.3141,,,,,,,,,,,,,,,,,,0
120872,1,7158,Aedes cinereus,"",eukaryota,false,,,,0.07479995565907273,1,,,100.0,79.0,10^-41.3907,,,,,,,,,,,,,,,,,,0
55967,1,7158,Aedes togoi,"",eukaryota,false,,,,2.3187986254312545,31,,,98.2473,56.4516,10^-24.4831,,,,,,0.22439986697721817,3,,,97.9333,32.6667,10^-11.5183,,,,,,0
37951,1,7158,Aedes sp.,"",eukaryota,false,,,,9.424794413043163,126,1,117,94.7649,197.899,10^-78.4907,,,,,,,,,,,,,,,,,,0
28624,1,7158,Aedes atropalpus,rock-pool mosquito,eukaryota,false,,,,3.5903978716354907,48,1,9,90.889,99.6458,10^-34.9018,,,,,,10.247593925292962,137,5,75,88.9981,75.9173,10^-37.7196,,,,,,0
7163,1,7158,Aedes vexans,"",eukaryota,false,,,,0.6731996009316545,9,,,93.1293,77.4444,10^-30.9022,,,,,,,,,,,,,,,,,,0
7161,1,7158,Aedes simpsoni,"",eukaryota,false,,,,0.2991998226362909,4,,,99.3242,78.25,10^-40.1951,,,,,,,,,,,,,,,,,,0
7160,1,7158,Aedes albopictus,Asian tiger mosquito,eukaryota,false,,,,21101.890290936666,282111,1799,237370,91.2103,321.588,10^-112.817,,,,,,17197.931005178343,229919,4858,181983,83.3489,122.937,10^-57.1053,,,,,,0
7159,1,7158,Aedes aegypti,yellow fever mosquito,eukaryota,false,,,,4369.738609647369,58419,594,47878,88.1716,374.868,10^-80.286,,,,,,9731.474231245362,130100,4088,100482,82.4258,163.338,10^-75.8813,,,,,,0
7150,2,7150,Chironomus,"",eukaryota,false,,,,1.0471993792270182,14,,,88.3287,61.7857,10^-19.2155,,,,,,3.066798182021982,41,,,94.1154,30.8462,10^-9.74554,,,,,[315576],0
315576,1,7150,Chironomus riparius,"",eukaryota,false,,,,1.0471993792270182,14,,,88.3287,61.7857,10^-19.2155,,,,,,3.066798182021982,41,,,94.1154,30.8462,10^-9.74554,,,,,,0
7145,2,7145,Papilio,"",eukaryota,false,,,,1.4211991575223817,19,,,89.4692,62.5,10^-20.4365,,,,,,3.066798182021982,41,1,11,72.3326,32.9512,10^-8.07912,,,,,"[76194, 76193, 66420]",0
76194,1,7145,Papilio polytes,common Mormon,eukaryota,false,,,,0.2991998226362909,4,,,93.1505,55.0,10^-18.2422,,,,,,0.22439986697721817,3,,,88.4667,32.3333,10^-11.2345,,,,,,0
76193,1,7145,Papilio machaon,common yellow swallowtail,eukaryota,false,,,,0.2991998226362909,4,,,84.9563,51.3333,10^-12.5522,,,,,,2.6179984480675453,35,1,11,70.0953,33.0571,10^-7.63772,,,,,,0
66420,1,7145,Papilio xuthus,Asian swallowtail,eukaryota,false,,,,0.8227995122498,11,,,89.3614,68.2727,10^-23.3846,,,,,,0.22439986697721817,3,,,82.3,32.3333,10^-10.0734,,,,,,0
7140,2,7140,Choristoneura,"",eukaryota,false,,,,,,,,,,,,,,,,1.1219993348860908,15,1,8,67.5045,49.8462,10^-13.3148,,,,,[7141],0
7141,1,7140,Choristoneura fumiferana,eastern spruce budworm,eukaryota,false,,,,,,,,,,,,,,,,1.1219993348860908,15,1,8,67.5045,49.8462,10^-13.3148,,,,,,0
7136,2,7136,Galleria,"",eukaryota,false,,,,1.4211991575223817,19,,,91.9458,46.5556,10^-13.5063,,,,,,0.22439986697721817,3,,,91.9333,28.3333,10^-9.34143,,,,,[7137],0
7137,1,7136,Galleria mellonella,greater wax moth,eukaryota,false,,,,1.4211991575223817,19,,,91.9458,46.5556,10^-13.5063,,,,,,0.22439986697721817,3,,,91.9333,28.3333,10^-9.34143,,,,,,0
7129,2,7129,Manduca,"",eukaryota,false,,,,0.14959991131814546,2,,,87.778,66.0,10^-21.5712,,,,,,5.086396984816945,68,1,29,72.9596,85.4265,10^-33.5515,,,,,[7130],0
7130,1,7129,Manduca sexta,tobacco hornworm,eukaryota,false,,,,0.14959991131814546,2,,,87.778,66.0,10^-21.5712,,,,,,5.086396984816945,68,1,29,72.9596,85.4265,10^-33.5515,,,,,,0
7115,2,7115,Pieris,"",eukaryota,false,,,,9.649194280020382,129,2,108,83.1861,114.195,10^-17.6328,,,,,,2.169198714113109,29,,,82.6654,30.6154,10^-7.04476,,,,,"[345717, 78633, 64459, 7116]",0
345717,1,7115,Pieris macdunnoughi,"",eukaryota,false,,,,,,,,,,,,,,,,1.346399201863309,18,,,73.4882,31.2353,10^-5.32505,,,,,,0
78633,1,7115,Pieris napi,"",eukaryota,false,,,,4.487997339544363,60,1,56,83.0602,104.733,10^-14.6583,,,,,,0.3739997782953636,5,,,100.0,26.6667,10^-7.89626,,,,,,0
64459,1,7115,Pieris rapae,cabbage white,eukaryota,false,,,,0.22439986697721817,3,,,88.7513,59.6667,10^-18.6569,,,,,,,,,,,,,,,,,,0
7116,1,7115,Pieris brassicae,large cabbage white,eukaryota,false,,,,4.9367970734988,66,1,52,83.0337,126.383,10^-20.5561,,,,,,0.44879973395443634,6,,,100.0,30.8333,10^-11.4915,,,,,,0
7112,2,7112,Helicoverpa,"",eukaryota,false,,,,0.2991998226362909,4,,,86.6068,60.75,10^-17.3294,,,,,,85.12234954002476,1138,1,1118,46.4583,373.712,10^-104.147,,,,,"[29058, 7113]",0
29058,1,7112,Helicoverpa armigera,cotton bollworm,eukaryota,false,,,,0.14959991131814546,2,,,86.179,72.5,10^-23.2471,,,,,,84.89794967304755,1135,1,1118,46.3559,374.629,10^-104.399,,,,,,0
7113,1,7112,Helicoverpa zea,corn earworm,eukaryota,false,,,,0.14959991131814546,2,,,87.0345,49.0,10^-11.4118,,,,,,0.22439986697721817,3,,,84.5333,32.6667,10^-10.4813,,,,,,0
7110,2,7110,Trichoplusia,"",eukaryota,false,,,,0.8975994679088727,12,,,89.0048,62.3333,10^-20.3496,,,,,,2.3187986254312545,31,1,20,63.6117,42.8621,10^-15.7517,,,,,[7111],0
7111,1,7110,Trichoplusia ni,cabbage looper,eukaryota,false,,,,0.8975994679088727,12,,,89.0048,62.3333,10^-20.3496,,,,,,2.3187986254312545,31,1,20,63.6117,42.8621,10^-15.7517,,,,,,0
7106,2,7106,Spodoptera,"",eukaryota,false,,,,1.346399201863309,18,,,89.2508,58.5,10^-18.1802,,,,,,5.086396984816945,68,4,31,72.7003,66.9375,10^-23.2322,,,,,"[69820, 7109, 7108, 7107]",0
69820,1,7106,Spodoptera litura,"",eukaryota,false,,,,0.5235996896135091,7,,,91.1789,61.7143,10^-21.2484,,,,,,0.07479995565907273,1,,,100.0,33.0,10^-10.2381,,,,,,0
7109,1,7106,Spodoptera littoralis,African cotton leafworm,eukaryota,false,,,,0.22439986697721817,3,,,93.145,38.6667,10^-10.3658,,,,,,0.07479995565907273,1,,,100.0,31.0,10^-9.61261,,,,,,0
7108,1,7106,Spodoptera frugiperda,fall armyworm,eukaryota,false,,,,0.2991998226362909,4,,,89.8457,63.75,10^-22.4463,,,,,,2.0195988027949636,27,1,8,79.9218,60.28,10^-22.0255,,,,,,0
7107,1,7106,Spodoptera exigua,beet armyworm,eukaryota,false,,,,0.2991998226362909,4,,,82.3613,62.5,10^-14.4056,,,,,,2.917198270703836,39,3,23,66.3453,73.3243,10^-24.7669,,,,,,0
7101,2,7101,Heliothis,"",eukaryota,false,,,,0.22439986697721817,3,,,86.3533,61.6667,10^-18.6363,,,,,,,,,,,,,,,,,[542982],0
542982,1,7101,Heliothis peltigera,"",eukaryota,false,,,,0.22439986697721817,3,,,86.3533,61.6667,10^-18.6363,,,,,,,,,,,,,,,,,,0
7090,2,7090,Bombyx,"",eukaryota,false,,,,1.4211991575223817,19,,,89.6647,46.0,10^-12.49,,,,,,3.1415981376810542,42,4,28,63.3479,66.2195,10^-20.0966,,,,,"[7092, 7091]",0
7092,1,7090,Bombyx mandarina,wild silkworm,eukaryota,false,,,,0.3739997782953636,5,,,90.1252,38.4,10^-8.63011,,,,,,0.2991998226362909,4,,,98.475,32.5,10^-14.2991,,,,,,0
7091,1,7090,Bombyx mori,domestic silkworm,eukaryota,false,,,,1.0471993792270182,14,,,89.5002,48.7143,10^-13.8686,,,,,,2.8423983150447634,38,4,28,59.5504,69.8649,10^-20.7234,,,,,,0
7086,2,7086,Geotrupes,"",eukaryota,false,,,,0.5983996452725818,8,,,90.3076,47.125,10^-13.2311,,,,,,0.07479995565907273,1,,,100.0,32.0,10^-12.3665,,,,,"[2055414, 295525]",0
2055414,1,7086,Geotrupes sp. INB097,"",eukaryota,false,,,,,,,,,,,,,,,,0.07479995565907273,1,,,100.0,32.0,10^-12.3665,,,,,,0
295525,1,7086,Geotrupes spiniger,"",eukaryota,false,,,,0.5983996452725818,8,,,90.3076,47.125,10^-13.2311,,,,,,,,,,,,,,,,,,0
7083,2,7083,Adalia,"",eukaryota,false,,,,2.2439986697721817,30,2,15,87.5998,80.4667,10^-17.074,,,,,,,,,,,,,,,,,"[115343, 7084]",0
115343,1,7083,Adalia decempunctata,"",eukaryota,false,,,,0.8975994679088727,12,1,7,85.0011,80.9167,10^-13.9704,,,,,,,,,,,,,,,,,,0
7084,1,7083,Adalia bipunctata,two-spotted ladybird beetle,eukaryota,false,,,,1.346399201863309,18,1,8,89.3322,80.1667,10^-19.1431,,,,,,,,,,,,,,,,,,0
7073,2,7073,Zophobas,"",eukaryota,false,,,,,,,,,,,,,,,,1.0471993792270182,14,,,81.0286,29.5714,10^-6.10236,,,,,[2755281],0
2755281,1,7073,Zophobas morio,"",eukaryota,false,,,,,,,,,,,,,,,,1.0471993792270182,14,,,81.0286,29.5714,10^-6.10236,,,,,,0
7069,2,7069,Tribolium,"",eukaryota,false,,,,2.4683985367494,33,1,8,89.8419,76.697,10^-21.8201,,,,,,6.731996009316545,90,6,60,68.1783,59.0941,10^-19.2826,,,,,"[41895, 7072, 7070]",0
41895,1,7069,Tribolium madens,black flour beetle,eukaryota,false,,,,0.6731996009316545,9,,,88.749,64.5556,10^-20.9111,,,,,,0.3739997782953636,5,,,96.82,30.0,10^-10.683,,,,,,0
7072,1,7069,Tribolium freemani,"",eukaryota,false,,,,0.5235996896135091,7,,,91.611,55.2857,10^-17.8402,,,,,,,,,,,,,,,,,,0
7070,1,7069,Tribolium castaneum,red flour beetle,eukaryota,false,,,,1.2715992462042363,17,1,8,89.6921,91.9412,10^-23.9401,,,,,,6.357996231021182,85,6,60,66.3882,60.9125,10^-19.8201,,,,,,0
7066,2,7066,Tenebrio,"",eukaryota,false,,,,,,,,,,,,,,,,2.5431984924084725,34,,,81.5088,31.7059,10^-8.36011,,,,,[7067],0
7067,1,7066,Tenebrio molitor,yellow mealworm,eukaryota,false,,,,,,,,,,,,,,,,2.5431984924084725,34,,,81.5088,31.7059,10^-8.36011,,,,,,0
7053,2,7053,Photinus,"",eukaryota,false,,,,0.3739997782953636,5,,,92.0648,47.6,10^-14.8629,,,,,,9.57439432436131,128,4,101,60.7605,55.1311,10^-16.1489,,,,,"[1609065, 7054]",0
1609065,1,7053,Photinus cookii,"",eukaryota,false,,,,0.07479995565907273,1,,,92.683,41.0,10^-11.4834,,,,,,,,,,,,,,,,,,0
7054,1,7053,Photinus pyralis,common eastern firefly,eukaryota,false,,,,0.2991998226362909,4,,,91.9102,49.25,10^-15.7078,,,,,,9.57439432436131,128,4,101,60.7605,55.1311,10^-16.1489,,,,,,0
7045,2,7045,Sitophilus,"",eukaryota,false,,,,0.3739997782953636,5,,,91.5706,45.2,10^-12.9566,,,,,,1.7951989358177454,24,2,12,75.8123,51.9167,10^-15.9154,,,,,[7048],0
7048,1,7045,Sitophilus oryzae,rice weevil,eukaryota,false,,,,0.3739997782953636,5,,,91.5706,45.2,10^-12.9566,,,,,,1.7951989358177454,24,2,12,75.8123,51.9167,10^-15.9154,,,,,,0
7043,2,7043,Anthonomus,"",eukaryota,false,,,,0.22439986697721817,3,,,88.9457,78.6667,10^-28.8225,,,,,,2.767598359385691,37,1,9,73.3611,49.8056,10^-12.6319,,,,,[7044],0
7044,1,7043,Anthonomus grandis,boll weevil,eukaryota,false,,,,0.22439986697721817,3,,,88.9457,78.6667,10^-28.8225,,,,,,2.767598359385691,37,1,9,73.3611,49.8056,10^-12.6319,,,,,,0
7037,2,7037,Bemisia,"",eukaryota,false,,,,0.3739997782953636,5,,,86.3204,59.2,10^-16.9653,,,,,,62.233563108348505,832,3,809,42.837,354.124,10^-88.2431,,,,,[7038],0
7038,1,7037,Bemisia tabaci,"",eukaryota,false,,,,0.3739997782953636,5,,,86.3204,59.2,10^-16.9653,,,,,,62.233563108348505,832,3,809,42.837,354.124,10^-88.2431,,,,,,0
7028,2,7028,Acyrthosiphon,"",eukaryota,false,,,,0.22439986697721817,3,,,86.4583,89.0,10^-31.2798,,,,,,0.3739997782953636,5,,,78.96,30.2,10^-6.65865,,,,,[7029],0
7029,1,7028,Acyrthosiphon pisum,pea aphid,eukaryota,false,,,,0.22439986697721817,3,,,86.4583,89.0,10^-31.2798,,,,,,0.3739997782953636,5,,,78.96,30.2,10^-6.65865,,,,,,0
7008,2,7008,Schistocerca,"",eukaryota,false,,,,1.7951989358177454,24,,,91.3609,55.8333,10^-18.2329,,,,,,1.9447988471358908,26,,,88.1731,30.5,10^-8.67296,,,,,"[2023354, 274614, 274613, 7011, 7010, 7009]",0
2023354,1,7008,Schistocerca serialis,"",eukaryota,false,,,,0.07479995565907273,1,,,88.462,52.0,10^-14.8111,,,,,,0.2991998226362909,4,,,80.0,32.0,10^-7.11245,,,,,,0
274614,1,7008,Schistocerca cancellata,South American locust,eukaryota,false,,,,0.3739997782953636,5,,,92.2538,46.6,10^-14.1804,,,,,,,,,,,,,,,,,,0
274613,1,7008,Schistocerca piceifrons,Central American locust,eukaryota,false,,,,0.14959991131814546,2,,,95.0,40.0,10^-12.1803,,,,,,0.22439986697721817,3,,,77.0667,31.3333,10^-7.58026,,,,,,0
7011,1,7008,Schistocerca nitens,vagrant locust,eukaryota,false,,,,0.22439986697721817,3,,,100.0,55.3333,10^-25.3072,,,,,,0.14959991131814546,2,,,92.2,26.0,10^-7.39897,,,,,,0
7010,1,7008,Schistocerca gregaria,"",eukaryota,false,,,,0.7479995565907273,10,,,88.1577,61.6,10^-18.2034,,,,,,0.8975994679088727,12,,,91.4,30.8333,10^-9.57441,,,,,,0
7009,1,7008,Schistocerca americana,American grasshopper,eukaryota,false,,,,0.22439986697721817,3,,,90.451,64.3333,10^-23.1869,,,,,,0.3739997782953636,5,,,92.02,29.8,10^-8.92307,,,,,,0
6998,2,6998,Gryllus,"",eukaryota,false,,,,,,,,,,,,,,,,0.6731996009316545,9,,,90.7,30.3333,10^-9.35173,,,,,[6999],0
6999,1,6998,Gryllus bimaculatus,two-spotted cricket,eukaryota,false,,,,,,,,,,,,,,,,0.6731996009316545,9,,,90.7,30.3333,10^-9.35173,,,,,,0
6983,2,6983,Diploptera,"",eukaryota,false,,,,,,,,,,,,,,,,1.9447988471358908,26,,,83.6269,31.0,10^-7.79907,,,,,[6984],0
6984,1,6983,Diploptera punctata,Pacific beetle cockroach,eukaryota,false,,,,,,,,,,,,,,,,1.9447988471358908,26,,,83.6269,31.0,10^-7.79907,,,,,,0
6977,2,6977,Periplaneta,"",eukaryota,false,,,,,,,,,,,,,,,,2.3935985810903273,32,1,10,63.1259,44.0,10^-8.21142,,,,,[6978],0
6978,1,6977,Periplaneta americana,American cockroach,eukaryota,false,,,,,,,,,,,,,,,,2.3935985810903273,32,1,10,63.1259,44.0,10^-8.21142,,,,,,0
6972,2,6972,Blattella,"",eukaryota,false,,,,,,,,,,,,,,,,1.1967992905451637,16,,,86.3,30.5333,10^-8.72726,,,,,[6973],0
6973,1,6972,Blattella germanica,German cockroach,eukaryota,false,,,,,,,,,,,,,,,,1.1967992905451637,16,,,86.3,30.5333,10^-8.72726,,,,,,0
6968,2,6968,Sympetrum,"",eukaryota,false,,,,147.50551255969143,1972,1,1963,82.6748,97.8389,10^-12.0556,,,,,,,,,,,,,,,,,[6969],0
6969,1,6968,Sympetrum striolatum,"",eukaryota,false,,,,147.50551255969143,1972,1,1963,82.6748,97.8389,10^-12.0556,,,,,,,,,,,,,,,,,,0
6957,2,6957,Euroglyphus,"",eukaryota,false,,,,,,,,,,,,,,,,0.07479995565907273,1,,,62.5,32.0,10^-7.26201,,,,,[6958],0
6958,1,6957,Euroglyphus maynei,"",eukaryota,false,,,,,,,,,,,,,,,,0.07479995565907273,1,,,62.5,32.0,10^-7.26201,,,,,,0
6953,2,6953,Dermatophagoides,"",eukaryota,false,,,,0.22439986697721817,3,,,84.287,65.3333,10^-16.112,,,,,,0.8227995122498,11,,,93.7,26.3333,10^-6.38843,,,,,"[6956, 6954]",0
6956,1,6953,Dermatophagoides pteronyssinus,European house dust mite,eukaryota,false,,,,0.07479995565907273,1,,,91.667,36.0,10^-8.10892,,,,,,0.5235996896135091,7,,,92.5,26.4,10^-5.45481,,,,,,0
6954,1,6953,Dermatophagoides farinae,American house dust mite,eukaryota,false,,,,0.14959991131814546,2,,,80.597,80.0,10^-20.1136,,,,,,0.2991998226362909,4,,,95.2,26.25,10^-7.55546,,,,,,0
6944,2,6944,Ixodes,"",eukaryota,false,,,,0.2991998226362909,4,,,94.2598,56.25,10^-21.4678,,,,,,0.5235996896135091,7,,,62.4143,30.8571,10^-4.41875,,,,,"[34615, 6945]",0
34615,1,6944,Ixodes persulcatus,taiga tick,eukaryota,false,,,,,,,,,,,,,,,,0.5235996896135091,7,,,62.4143,30.8571,10^-4.41875,,,,,,0
6945,1,6944,Ixodes scapularis,black-legged tick,eukaryota,false,,,,0.2991998226362909,4,,,94.2598,56.25,10^-21.4678,,,,,,,,,,,,,,,,,,0
6942,2,6942,Amblyomma,"",eukaryota,false,,,,0.07479995565907273,1,,,78.947,76.0,10^-17.391,,,,,,,,,,,,,,,,,[34610],0
34610,1,6942,Amblyomma variegatum,tropical bont tick,eukaryota,false,,,,0.07479995565907273,1,,,78.947,76.0,10^-17.391,,,,,,,,,,,,,,,,,,0
6914,2,6914,Nephila,"",eukaryota,false,,,,,,,,,,,,,,,,0.2991998226362909,4,,,96.3,28.5,10^-9.86101,,,,,[299642],0
299642,1,6914,Nephila pilipes,giant wood spider,eukaryota,false,,,,,,,,,,,,,,,,0.2991998226362909,4,,,96.3,28.5,10^-9.86101,,,,,,0
6875,2,6875,Centruroides,"",eukaryota,false,,,,0.07479995565907273,1,,,84.536,97.0,10^-33.0673,,,,,,0.2991998226362909,4,,,73.675,31.5,10^-6.85689,,,,,[218467],0
218467,1,6875,Centruroides sculpturatus,bark scorpion,eukaryota,false,,,,0.07479995565907273,1,,,84.536,97.0,10^-33.0673,,,,,,0.2991998226362909,4,,,73.675,31.5,10^-6.85689,,,,,,0
6849,2,6849,Limulus,"",eukaryota,false,,,,1.1967992905451637,16,1,14,92.31,78.25,10^-22.2669,,,,,,0.22439986697721817,3,,,97.9333,27.3333,10^-6.06275,,,,,[6850],0
6850,1,6849,Limulus polyphemus,Atlantic horseshoe crab,eukaryota,false,,,,1.1967992905451637,16,1,14,92.31,78.25,10^-22.2669,,,,,,0.22439986697721817,3,,,97.9333,27.3333,10^-6.06275,,,,,,0
6831,2,6831,Tigriopus,"",eukaryota,false,,,,,,,,,,,,,,,,0.2991998226362909,4,,,86.65,32.25,10^-10.3187,,,,,[6832],0
6832,1,6831,Tigriopus californicus,"",eukaryota,false,,,,,,,,,,,,,,,,0.2991998226362909,4,,,86.65,32.25,10^-10.3187,,,,,,0
6806,2,6806,Libinia,"",eukaryota,false,,,,,,,,,,,,,,,,0.07479995565907273,1,,,100.0,33.0,10^-14.061,,,,,[6807],0
6807,1,6806,Libinia emarginata,portly spider crab,eukaryota,false,,,,,,,,,,,,,,,,0.07479995565907273,1,,,100.0,33.0,10^-14.061,,,,,,0
6726,2,6726,Procambarus,"",eukaryota,false,,,,0.5235996896135091,7,1,5,80.8531,154.143,10^-25.7631,,,,,,0.44879973395443634,6,,,80.9333,31.6667,10^-7.63093,,,,,[6728],0
6728,1,6726,Procambarus clarkii,red swamp crayfish,eukaryota,false,,,,0.5235996896135091,7,1,5,80.8531,154.143,10^-25.7631,,,,,,0.44879973395443634,6,,,80.9333,31.6667,10^-7.63093,,,,,,0
6722,2,6722,Cherax,"",eukaryota,false,,,,0.22439986697721817,3,,,85.6633,71.6667,10^-21.3215,,,,,,0.7479995565907273,10,1,8,51.9204,60.3,10^-10.095,,,,,[27406],0
27406,1,6722,Cherax quadricarinatus,"",eukaryota,false,,,,0.22439986697721817,3,,,85.6633,71.6667,10^-21.3215,,,,,,0.7479995565907273,10,1,8,51.9204,60.3,10^-10.095,,,,,,0
6705,2,6705,Homarus,"",eukaryota,false,,,,0.44879973395443634,6,,,86.0238,78.0,10^-25.617,,,,,,0.3739997782953636,5,,,90.9,31.6,10^-8.15114,,,,,[6706],0
6706,1,6705,Homarus americanus,American lobster,eukaryota,false,,,,0.44879973395443634,6,,,86.0238,78.0,10^-25.617,,,,,,0.3739997782953636,5,,,90.9,31.6,10^-8.15114,,,,,,0
6702,2,6702,Pandalus,"",eukaryota,false,,,,,,,,,,,,,,,,0.2991998226362909,4,1,4,61.644,73.0,10^-22.8601,,,,,[6703],0
6703,1,6702,Pandalus borealis,northern shrimp,eukaryota,false,,,,,,,,,,,,,,,,0.2991998226362909,4,1,4,61.644,73.0,10^-22.8601,,,,,,0
6696,2,6696,Macrobrachium,"",eukaryota,false,,,,1.4959991131814545,20,,,89.6816,46.25,10^-11.6221,,,,,,0.2991998226362909,4,,,96.4,22.75,10^-5.21593,,,,,"[249260, 249253, 159736, 79674]",0
249260,1,6696,Macrobrachium potiuna,"",eukaryota,false,,,,,,,,,,,,,,,,0.07479995565907273,1,,,95.2,21.0,10^-3.33913,,,,,,0
249253,1,6696,Macrobrachium brasiliense,"",eukaryota,false,,,,,,,,,,,,,,,,0.07479995565907273,1,,,100.0,28.0,10^-9.58336,,,,,,0
159736,1,6696,Macrobrachium nipponense,"",eukaryota,false,,,,1.4959991131814545,20,,,89.6816,46.25,10^-11.6221,,,,,,,,,,,,,,,,,,0
79674,1,6696,Macrobrachium rosenbergii,giant freshwater prawn,eukaryota,false,,,,,,,,,,,,,,,,0.14959991131814546,2,,,95.2,21.0,10^-3.97062,,,,,,0
6668,2,6668,Daphnia,common water fleas,eukaryota,false,,,,2.0195988027949636,27,1,8,87.5123,94.5185,10^-24.3735,,,,,,5.385596807453236,72,1,4,84.5351,30.4722,10^-8.02185,,,,,"[1820382, 575233, 120202, 42846, 35528, 35525, 35523, 27404, 6669]",0
1820382,1,6668,Daphnia sinensis,"",eukaryota,false,,,,,,,,,,,,,,,,0.14959991131814546,2,,,98.2,30.5,10^-8.60033,,,,,,0
575233,1,6668,Daphnia hispanica,"",eukaryota,false,,,,0.22439986697721817,3,,,90.9223,99.0,10^-42.6652,,,,,,,,,,,,,,,,,,0
120202,1,6668,Daphnia carinata,"",eukaryota,false,,,,0.3739997782953636,5,,,86.1116,60.4,10^-16.9549,,,,,,0.14959991131814546,2,,,91.65,29.0,10^-5.51199,,,,,,0
42846,1,6668,Daphnia longispina,"",eukaryota,false,,,,0.5983996452725818,8,1,8,82.099,162.0,10^-27.3809,,,,,,,,,,,,,,,,,,0
35528,1,6668,Daphnia similis,"",eukaryota,false,,,,,,,,,,,,,,,,0.14959991131814546,2,,,100.0,32.5,10^-11.3287,,,,,,0
35525,1,6668,Daphnia magna,"",eukaryota,false,,,,0.3739997782953636,5,,,91.9722,56.4,10^-19.4478,,,,,,3.1415981376810542,42,,,85.2095,26.8095,10^-6.38324,,,,,,0
35523,1,6668,Daphnia pulicaria,"",eukaryota,false,,,,,,,,,,,,,,,,0.07479995565907273,1,,,66.7,30.0,10^-3.86328,,,,,,0
27404,1,6668,Daphnia galeata,"",eukaryota,false,,,,,,,,,,,,,,,,0.07479995565907273,1,,,60.6,33.0,10^-6.9914,,,,,,0
6669,1,6668,Daphnia pulex,common water flea,eukaryota,false,,,,0.44879973395443634,6,,,90.4758,62.5,10^-21.5047,,,,,,1.6455990244996,22,1,4,81.8511,37.3182,10^-11.2609,,,,,,0
6643,2,6643,Octopus,"",eukaryota,false,,,,1.8699988914768182,25,,,89.5947,41.2174,10^-9.6065,,,,,,0.14959991131814546,2,,,63.3,30.0,10^-5.46271,,,,,"[2607531, 37653, 6645]",0
2607531,1,6643,Octopus sinensis,East Asian common octopus,eukaryota,false,,,,0.14959991131814546,2,,,78.261,46.0,10^-5.25773,,,,,,0.14959991131814546,2,,,63.3,30.0,10^-5.46271,,,,,,0
37653,1,6643,Octopus bimaculoides,California two-spot octopus,eukaryota,false,,,,0.2991998226362909,4,,,87.3297,51.3333,10^-13.9116,,,,,,,,,,,,,,,,,,0
6645,1,6643,Octopus vulgaris,common octopus,eukaryota,false,,,,1.4211991575223817,19,,,90.5489,39.3684,10^-9.15562,,,,,,,,,,,,,,,,,,0
6603,2,6603,Mya,"",eukaryota,false,,,,0.44879973395443634,6,,,88.3725,51.5,10^-13.8101,,,,,,0.44879973395443634,6,,,80.2167,32.6667,10^-7.22712,,,,,[6604],0
6604,1,6603,Mya arenaria,"",eukaryota,false,,,,0.44879973395443634,6,,,88.3725,51.5,10^-13.8101,,,,,,0.44879973395443634,6,,,80.2167,32.6667,10^-7.22712,,,,,,0
6595,2,6595,Mercenaria,"",eukaryota,false,,,,0.07479995565907273,1,,,94.444,36.0,10^-9.48129,,,,,,0.07479995565907273,1,,,68.8,32.0,10^-6.17457,,,,,[6596],0
6596,1,6595,Mercenaria mercenaria,"",eukaryota,false,,,,0.07479995565907273,1,,,94.444,36.0,10^-9.48129,,,,,,0.07479995565907273,1,,,68.8,32.0,10^-6.17457,,,,,,0
6582,2,6582,Spisula,"",eukaryota,false,,,,0.44879973395443634,6,,,86.7873,55.1667,10^-12.1819,,,,,,,,,,,,,,,,,[31201],0
31201,1,6582,Spisula solida,"",eukaryota,false,,,,0.44879973395443634,6,,,86.7873,55.1667,10^-12.1819,,,,,,,,,,,,,,,,,,0
6578,2,6578,Pecten,"",eukaryota,false,,,,0.2991998226362909,4,,,82.4333,49.75,10^-8.4903,,,,,,0.2991998226362909,4,,,84.7,32.0,10^-7.25931,,,,,[6579],0
6579,1,6578,Pecten maximus,"",eukaryota,false,,,,0.2991998226362909,4,,,82.4333,49.75,10^-8.4903,,,,,,0.2991998226362909,4,,,84.7,32.0,10^-7.25931,,,,,,0
6564,2,6564,Crassostrea,"",eukaryota,false,,,,0.6731996009316545,9,,,89.8439,51.6667,10^-14.9035,,,,,,0.5983996452725818,8,,,76.3125,31.75,10^-7.92933,,,,,"[558553, 29159, 6565]",0
558553,1,6564,Crassostrea angulata,"",eukaryota,false,,,,0.22439986697721817,3,,,86.7953,54.6667,10^-13.8845,,,,,,0.2991998226362909,4,,,72.525,32.25,10^-6.85274,,,,,,0
29159,1,6564,Crassostrea gigas,Pacific oyster,eukaryota,false,,,,0.3739997782953636,5,,,91.6826,50.4,10^-15.6653,,,,,,0.07479995565907273,1,,,66.7,30.0,10^-3.59007,,,,,,0
6565,1,6564,Crassostrea virginica,eastern oyster,eukaryota,false,,,,0.07479995565907273,1,,,89.796,49.0,10^-14.1507,,,,,,0.22439986697721817,3,,,84.5667,31.6667,10^-10.8112,,,,,,0
6548,2,6548,Mytilus,"",eukaryota,false,,,,0.07479995565907273,1,,,86.486,37.0,10^-6.03847,,,,,,24.23518563353956,324,2,314,60.9718,58.2334,10^-12.426,,,,,"[42192, 29158, 6550, 6549]",0
42192,1,6548,Mytilus coruscus,"",eukaryota,false,,,,,,,,,,,,,,,,14.959991131814546,200,1,198,71.0458,44.8718,10^-11.6497,,,,,,0
29158,1,6548,Mytilus galloprovincialis,Mediterranean mussel,eukaryota,false,,,,,,,,,,,,,,,,8.75159481211151,117,1,116,43.7028,82.5565,10^-14.2329,,,,,,0
6550,1,6548,Mytilus edulis,"",eukaryota,false,,,,,,,,,,,,,,,,0.44879973395443634,6,,,64.1667,31.0,10^-4.20046,,,,,,0
6549,1,6548,Mytilus californianus,California mussel,eukaryota,false,,,,0.07479995565907273,1,,,86.486,37.0,10^-6.03847,,,,,,0.07479995565907273,1,,,63.3,30.0,10^-5.37263,,,,,,0
6525,2,6525,Biomphalaria,"",eukaryota,false,,,,1.1967992905451637,16,,,89.9149,47.5714,10^-13.2895,,,,,,0.14959991131814546,2,,,100.0,31.0,10^-11.2336,,,,,[6526],0
6526,1,6525,Biomphalaria glabrata,"",eukaryota,false,,,,1.1967992905451637,16,,,89.9149,47.5714,10^-13.2895,,,,,,0.14959991131814546,2,,,100.0,31.0,10^-11.2336,,,,,,0
6499,2,6499,Aplysia,"",eukaryota,false,,,,0.07479995565907273,1,,,81.111,90.0,10^-25.5518,,,,,,,,,,,,,,,,,[6500],0
6500,1,6499,Aplysia californica,California sea hare,eukaryota,false,,,,0.07479995565907273,1,,,81.111,90.0,10^-25.5518,,,,,,,,,,,,,,,,,,0
6463,2,6463,Patella,"",eukaryota,false,,,,0.3739997782953636,5,,,91.622,47.4,10^-14.1707,,,,,,,,,,,,,,,,,"[88005, 6465]",0
88005,1,6463,Patella pellucida,"",eukaryota,false,,,,0.07479995565907273,1,,,92.5,40.0,10^-10.8079,,,,,,,,,,,,,,,,,,0
6465,1,6463,Patella vulgata,common limpet,eukaryota,false,,,,0.2991998226362909,4,,,91.4025,49.25,10^-15.0114,,,,,,,,,,,,,,,,,,0
6452,2,6452,Haliotis,"",eukaryota,false,,,,0.44879973395443634,6,,,87.2365,54.1667,10^-14.2477,,,,,,,,,,,,,,,,,"[36100, 6454]",0
36100,1,6452,Haliotis rubra,blacklip abalone,eukaryota,false,,,,0.22439986697721817,3,,,88.963,42.0,10^-9.87594,,,,,,,,,,,,,,,,,,0
6454,1,6452,Haliotis rufescens,red abalone,eukaryota,false,,,,0.22439986697721817,3,,,85.51,66.3333,10^-18.6194,,,,,,,,,,,,,,,,,,0
6423,2,6423,Lamellibrachia,"",eukaryota,false,,,,,,,,,,,,,,,,0.22439986697721817,3,,,60.6333,32.0,10^-4.63687,,,,,[104711],0
104711,1,6423,Lamellibrachia satsuma,"",eukaryota,false,,,,,,,,,,,,,,,,0.22439986697721817,3,,,60.6333,32.0,10^-4.63687,,,,,,0
6411,2,6411,Helobdella,"",eukaryota,false,,,,0.07479995565907273,1,,,91.837,49.0,10^-15.5231,,,,,,0.3739997782953636,5,,,63.92,31.2,10^-4.04358,,,,,[6412],0
6412,1,6411,Helobdella robusta,"",eukaryota,false,,,,0.07479995565907273,1,,,91.837,49.0,10^-15.5231,,,,,,0.3739997782953636,5,,,63.92,31.2,10^-4.04358,,,,,,0
6397,2,6397,Lumbricus,"",eukaryota,false,,,,5.7595965857486,77,,,91.5548,41.5541,10^-11.064,,,,,,,,,,,,,,,,,"[35632, 6398]",0
35632,1,6397,Lumbricus rubellus,humus earthworm,eukaryota,false,,,,2.2439986697721817,30,,,91.1384,43.7143,10^-12.0008,,,,,,,,,,,,,,,,,,0
6398,1,6397,Lumbricus terrestris,common earthworm,eukaryota,false,,,,3.515597915976418,47,,,91.8082,40.2391,10^-10.4938,,,,,,,,,,,,,,,,,,0
6351,2,6351,Nereis,"",eukaryota,false,,,,0.07479995565907273,1,,,95.455,66.0,10^-28.4312,,,,,,,,,,,,,,,,,[335489],0
335489,1,6351,Nereis vexillosa,"",eukaryota,false,,,,0.07479995565907273,1,,,95.455,66.0,10^-28.4312,,,,,,,,,,,,,,,,,,0
6346,2,6346,Owenia,"",eukaryota,false,,,,,,,,,,,,,,,,0.3739997782953636,5,,,74.58,29.6,10^-5.72829,,,,,[6347],0
6347,1,6346,Owenia fusiformis,"",eukaryota,false,,,,,,,,,,,,,,,,0.3739997782953636,5,,,74.58,29.6,10^-5.72829,,,,,,0
6333,2,6333,Trichinella,"",eukaryota,false,,,,,,,,,,,,,,,,3.8147977386127088,51,2,12,79.6877,34.6,10^-9.46066,,,,,"[990121, 268475, 181606, 144512, 45882, 6337, 6336, 6335, 6334]",5
990121,1,6333,Trichinella patagoniensis,"",eukaryota,false,,,,,,,,,,,,,,,,0.22439986697721817,3,,,64.4333,29.0,10^-3.69545,,,,,,0
268475,1,6333,Trichinella zimbabwensis,"",eukaryota,false,,,,,,,,,,,,,,,,0.14959991131814546,2,,,75.35,32.0,10^-7.01992,,,,,,0
181606,1,6333,Trichinella sp. T9,"",eukaryota,false,,,,,,,,,,,,,,,,0.07479995565907273,1,,,65.5,29.0,10^-3.6968,,,,,,0
144512,1,6333,Trichinella murrelli,"",eukaryota,false,,,,,,,,,,,,,,,,0.07479995565907273,1,,,97.0,33.0,10^-12.8327,,,,,,0
45882,1,6333,Trichinella britovi,"",eukaryota,false,,,,,,,,,,,,,,,,0.22439986697721817,3,,,96.4333,25.3333,10^-7.10786,,,,,,1
6337,1,6333,Trichinella pseudospiralis,"",eukaryota,false,,,,,,,,,,,,,,,,0.2991998226362909,4,,,83.525,30.5,10^-7.40627,,,,,,1
6336,1,6333,Trichinella nelsoni,"",eukaryota,false,,,,,,,,,,,,,,,,0.8227995122498,11,1,6,57.0896,50.3636,10^-11.1288,,,,,,1
6335,1,6333,Trichinella nativa,"",eukaryota,false,,,,,,,,,,,,,,,,0.07479995565907273,1,,,84.4,32.0,10^-9.81531,,,,,,1
6334,1,6333,Trichinella spiralis,"",eukaryota,false,,,,,,,,,,,,,,,,1.8699988914768182,25,1,6,89.2542,30.5417,10^-10.3415,,,,,,1
6324,2,6324,Bursaphelenchus,pine wood nematodes,eukaryota,false,,,,,,,,,,,,,,,,0.07479995565907273,1,,,64.3,28.0,10^-4.0013,,,,,[6326],0
6326,1,6324,Bursaphelenchus xylophilus,pine wood nematode,eukaryota,false,,,,,,,,,,,,,,,,0.07479995565907273,1,,,64.3,28.0,10^-4.0013,,,,,,0
6292,2,6292,Wuchereria,"",eukaryota,false,,,,,,,,,,,,,,,,334.5802016630323,4473,1,4394,56.7551,75.6146,10^-15.585,,,,,[6293],1
6293,1,6292,Wuchereria bancrofti,"",eukaryota,false,,,,,,,,,,,,,,,,334.5802016630323,4473,1,4394,56.7551,75.6146,10^-15.585,,,,,,1
6288,2,6288,Haemonchus,"",eukaryota,false,,,,0.14959991131814546,2,,,96.047,37.5,10^-11.1794,,,,,,0.07479995565907273,1,,,63.3,30.0,10^-6.64397,,,,,[6289],0
6289,1,6288,Haemonchus contortus,barber pole worm,eukaryota,false,,,,0.14959991131814546,2,,,96.047,37.5,10^-11.1794,,,,,,0.07479995565907273,1,,,63.3,30.0,10^-6.64397,,,,,,0
6286,2,6286,Dirofilaria,"",eukaryota,false,,,,,,,,,,,,,,,,0.07479995565907273,1,,,88.5,26.0,10^-7.2233,,,,,[6287],1
6287,1,6286,Dirofilaria immitis,dog heartworm nematode,eukaryota,false,,,,,,,,,,,,,,,,0.07479995565907273,1,,,88.5,26.0,10^-7.2233,,,,,,1
6281,2,6281,Onchocerca,"",eukaryota,false,,,,,,,,,,,,,,,,0.44879973395443634,6,,,95.8167,32.5,10^-11.4263,,,,,"[387005, 42157]",0
387005,1,6281,Onchocerca flexuosa,"",eukaryota,false,,,,,,,,,,,,,,,,0.22439986697721817,3,,,99.0,33.0,10^-13.3575,,,,,,0
42157,1,6281,Onchocerca ochengi,"",eukaryota,false,,,,,,,,,,,,,,,,0.22439986697721817,3,,,92.6333,32.0,10^-9.4951,,,,,,0
6278,2,6278,Brugia,"",eukaryota,false,,,,,,,,,,,,,,,,391.20376809695034,5230,51,4740,68.9554,267.162,10^-129.608,,,,,"[42155, 6279]",2
42155,1,6278,Brugia timori,"",eukaryota,false,,,,,,,,,,,,,,,,391.1289681412913,5229,51,4740,68.9531,267.21,10^-129.632,,,,,,1
6279,1,6278,Brugia malayi,"",eukaryota,false,,,,,,,,,,,,,,,,0.07479995565907273,1,,,80.8,26.0,10^-8.20204,,,,,,1
6264,2,6264,Toxocara,"",eukaryota,false,,,,,,,,,,,,,,,,0.9723994235679454,13,,,71.5615,28.4615,10^-5.73024,,,,,[6265],1
6265,1,6264,Toxocara canis,dog roundworm,eukaryota,false,,,,,,,,,,,,,,,,0.9723994235679454,13,,,71.5615,28.4615,10^-5.73024,,,,,,1
6247,2,6247,Strongyloides,"",eukaryota,false,,,,,,,,,,,,,,,,0.14959991131814546,2,,,71.2,33.0,10^-8.1974,,,,,[34506],0
34506,1,6247,Strongyloides ratti,"",eukaryota,false,,,,,,,,,,,,,,,,0.14959991131814546,2,,,71.2,33.0,10^-8.1974,,,,,,0
6237,2,6237,Caenorhabditis,"",eukaryota,false,,,,0.8227995122498,11,,,89.7721,53.7273,10^-15.8843,,,,,,1.4959991131814545,20,1,11,64.4271,52.75,10^-10.7334,,,,,"[2654633, 1611254, 135651, 31234, 6239, 6238]",0
2654633,1,6237,Caenorhabditis bovis,"",eukaryota,false,,,,,,,,,,,,,,,,0.07479995565907273,1,,,100.0,28.0,10^-5.1945,,,,,,0
1611254,1,6237,Caenorhabditis nigoni,"",eukaryota,false,,,,0.5235996896135091,7,,,90.6804,51.8571,10^-15.145,,,,,,0.8975994679088727,12,1,11,49.0952,68.75,10^-13.0383,,,,,,0
135651,1,6237,Caenorhabditis brenneri,"",eukaryota,false,,,,,,,,,,,,,,,,0.14959991131814546,2,,,96.95,27.5,10^-9.1043,,,,,,0
31234,1,6237,Caenorhabditis remanei,"",eukaryota,false,,,,,,,,,,,,,,,,0.14959991131814546,2,,,60.35,29.0,10^-3.5706,,,,,,0
6239,1,6237,Caenorhabditis elegans,"",eukaryota,false,,,,0.22439986697721817,3,,,88.1193,61.6667,10^-19.5406,,,,,,0.14959991131814546,2,,,100.0,28.0,10^-9.45469,,,,,,0
6238,1,6237,Caenorhabditis briggsae,"",eukaryota,false,,,,0.07479995565907273,1,,,88.372,43.0,10^-10.0903,,,,,,0.07479995565907273,1,,,84.8,33.0,10^-8.75449,,,,,,0
6223,2,6223,Lineus,"",eukaryota,false,,,,1.7951989358177454,24,,,90.967,52.0417,10^-15.9397,,,,,,,,,,,,,,,,,[88925],0
88925,1,6223,Lineus longissimus,"",eukaryota,false,,,,1.7951989358177454,24,,,90.967,52.0417,10^-15.9397,,,,,,,,,,,,,,,,,,0
6215,2,6215,Hymenolepis,"",eukaryota,false,,,,0.2991998226362909,4,,,88.24,51.0,10^-13.4617,,,,,,,,,,,,,,,,,[85433],0
85433,1,6215,Hymenolepis microstoma,"",eukaryota,false,,,,0.2991998226362909,4,,,88.24,51.0,10^-13.4617,,,,,,,,,,,,,,,,,,0
6197,2,6197,Opisthorchis,"",eukaryota,false,,,,0.22439986697721817,3,,,94.595,37.0,10^-10.1556,,,,,,,,,,,,,,,,,[6198],1
6198,1,6197,Opisthorchis viverrini,"",eukaryota,false,,,,0.22439986697721817,3,,,94.595,37.0,10^-10.1556,,,,,,,,,,,,,,,,,,1
6191,2,6191,Fasciola,"",eukaryota,false,,,,,,,,,,,,,,,,0.2991998226362909,4,,,100.0,33.0,10^-11.4634,,,,,[46835],1
46835,1,6191,Fasciola gigantica,"",eukaryota,false,,,,,,,,,,,,,,,,0.2991998226362909,4,,,100.0,33.0,10^-11.4634,,,,,,1
6181,2,6181,Schistosoma,"",eukaryota,false,,,,0.22439986697721817,3,,,88.0403,39.0,10^-7.84571,,,,,,0.44879973395443634,6,,,64.32,30.2,10^-4.29288,,,,,"[48269, 31246, 6186, 6185, 6183]",2
48269,1,6181,Schistosoma margrebowiei,"",eukaryota,false,,,,,,,,,,,,,,,,0.14959991131814546,2,,,59.4,32.0,10^-3.03621,,,,,,0
31246,1,6181,Schistosoma mattheei,"",eukaryota,false,,,,0.07479995565907273,1,,,84.211,38.0,10^-5.3407,,,,,,0.07479995565907273,1,,,84.6,26.0,10^-6.18243,,,,,,0
6186,1,6181,Schistosoma curassoni,"",eukaryota,false,,,,0.07479995565907273,1,,,92.105,38.0,10^-9.45781,,,,,,,,,,,,,,,,,,0
6185,1,6181,Schistosoma haematobium,"",eukaryota,false,,,,0.07479995565907273,1,,,87.805,41.0,10^-8.73863,,,,,,0.14959991131814546,2,,,60.0,30.0,10^-4.42713,,,,,,1
6183,1,6181,Schistosoma mansoni,"",eukaryota,false,,,,,,,,,,,,,,,,0.07479995565907273,1,,,57.6,33.0,10^-3.39147,,,,,,1
6127,2,6127,Acropora,staghorn corals,eukaryota,false,,,,0.14959991131814546,2,,,88.1815,67.5,10^-22.5909,,,,,,1.346399201863309,18,1,13,57.3712,69.3125,10^-9.73956,,,,,"[70779, 45264]",0
70779,1,6127,Acropora digitifera,"",eukaryota,false,,,,,,,,,,,,,,,,1.1967992905451637,16,1,13,54.4028,74.5714,10^-10.1327,,,,,,0
45264,1,6127,Acropora millepora,"",eukaryota,false,,,,0.14959991131814546,2,,,88.1815,67.5,10^-22.5909,,,,,,0.14959991131814546,2,,,78.15,32.5,10^-6.98728,,,,,,0
6115,2,6115,Metridium,"",eukaryota,false,,,,0.3739997782953636,5,,,90.5052,39.4,10^-9.30575,,,,,,,,,,,,,,,,,[6116],0
6116,1,6115,Metridium senile,brown sea anemone,eukaryota,false,,,,0.3739997782953636,5,,,90.5052,39.4,10^-9.30575,,,,,,,,,,,,,,,,,,0
6104,2,6104,Actinia,"",eukaryota,false,,,,,,,,,,,,,,,,0.14959991131814546,2,,,100.0,31.5,10^-11.0752,,,,,[6105],0
6105,1,6104,Actinia tenebrosa,Australian red waratah sea anemone,eukaryota,false,,,,,,,,,,,,,,,,0.14959991131814546,2,,,100.0,31.5,10^-11.0752,,,,,,0
6083,2,6083,Hydra,"",eukaryota,false,,,,0.14959991131814546,2,,,88.706,92.5,10^-36.1772,,,,,,0.5235996896135091,7,,,65.9571,32.0,10^-5.42623,,,,,[6087],0
6087,1,6083,Hydra vulgaris,swiftwater hydra,eukaryota,false,,,,0.14959991131814546,2,,,88.706,92.5,10^-36.1772,,,,,,0.5235996896135091,7,,,65.9571,32.0,10^-5.42623,,,,,,0
6054,2,6054,Spongilla,"",eukaryota,false,,,,0.07479995565907273,1,,,91.892,37.0,10^-8.78321,,,,,,,,,,,,,,,,,[6055],0
6055,1,6054,Spongilla lacustris,"",eukaryota,false,,,,0.07479995565907273,1,,,91.892,37.0,10^-8.78321,,,,,,,,,,,,,,,,,,0
6046,2,6046,Geodia,"",eukaryota,false,,,,,,,,,,,,,,,,0.07479995565907273,1,,,100.0,32.0,10^-15.066,,,,,[519541],0
519541,1,6046,Geodia barretti,"",eukaryota,false,,,,,,,,,,,,,,,,0.07479995565907273,1,,,100.0,32.0,10^-15.066,,,,,,0
6038,2,6038,Vairimorpha,"",eukaryota,false,,,,0.14959991131814546,2,,,97.101,69.0,10^-31.8429,,,,,,,,,,,,,,,,,[40135],0
40135,1,6038,Vairimorpha bombi,"",eukaryota,false,,,,0.14959991131814546,2,,,97.101,69.0,10^-31.8429,,,,,,,,,,,,,,,,,,0
6033,2,6033,Encephalitozoon,"",eukaryota,false,,,,0.07479995565907273,1,,,96.667,60.0,10^-25.7279,,,,,,,,,,,,,,,,,[6035],1
6035,1,6033,Encephalitozoon cuniculi,"",eukaryota,false,,,,0.07479995565907273,1,,,96.667,60.0,10^-25.7279,,,,,,,,,,,,,,,,,,1
5973,2,5973,Halteria,"",eukaryota,false,,,,,,,,,,,,,,,,0.14959991131814546,2,,,62.5,32.0,10^-3.007,,,,,[5974],0
5974,1,5973,Halteria grandinella,"",eukaryota,false,,,,,,,,,,,,,,,,0.14959991131814546,2,,,62.5,32.0,10^-3.007,,,,,,0
5962,2,5962,Stentor,"",eukaryota,false,,,,,,,,,,,,,,,,0.07479995565907273,1,,,51.5,33.0,10^-3.89963,,,,,[5963],0
5963,1,5962,Stentor coeruleus,"",eukaryota,false,,,,,,,,,,,,,,,,0.07479995565907273,1,,,51.5,33.0,10^-3.89963,,,,,,0
5948,2,5948,Stylonychia,"",eukaryota,false,,,,,,,,,,,,,,,,42.63597472567145,570,1,568,76.3605,54.8389,10^-20.7423,,,,,[5949],0
5949,1,5948,Stylonychia lemnae,"",eukaryota,false,,,,,,,,,,,,,,,,42.63597472567145,570,1,568,76.3605,54.8389,10^-20.7423,,,,,,0
5820,2,5820,Plasmodium,"",eukaryota,false,,,,1.1219993348860908,15,,,91.1609,46.9333,10^-13.765,,,,,,0.3739997782953636,5,,,87.8,30.0,10^-8.19226,,,,,"[880536, 720590, 208452, 85471, 52288, 36330, 5861, 5860, 5850, 5833, 5827, 5825]",3
880536,1,5820,Plasmodium sp. gorilla clade G3,"",eukaryota,false,,,,0.14959991131814546,2,,,96.0,50.0,10^-18.9452,,,,,,,,,,,,,,,,,,0
720590,1,5820,Plasmodium sp. DRC-Itaito,"",eukaryota,false,,,,0.22439986697721817,3,,,89.9277,46.6667,10^-13.0292,,,,,,,,,,,,,,,,,,0
208452,1,5820,Plasmodium coatneyi,"",eukaryota,false,,,,0.07479995565907273,1,,,92.857,42.0,10^-12.1591,,,,,,,,,,,,,,,,,,0
85471,1,5820,Plasmodium relictum,"",eukaryota,false,,,,0.07479995565907273,1,,,87.097,62.0,10^-18.8518,,,,,,,,,,,,,,,,,,0
52288,1,5820,Plasmodium inui,"",eukaryota,false,,,,0.07479995565907273,1,,,89.744,39.0,10^-8.76035,,,,,,,,,,,,,,,,,,0
36330,1,5820,Plasmodium ovale,malaria parasite P. ovale,eukaryota,false,,,,,,,,,,,,,,,,0.07479995565907273,1,,,82.8,29.0,10^-7.70115,,,,,,1
5861,1,5820,Plasmodium yoelii,"",eukaryota,false,,,,,,,,,,,,,,,,0.22439986697721817,3,,,91.1333,30.6667,10^-8.23263,,,,,,0
5860,1,5820,Plasmodium vinckei,"",eukaryota,false,,,,0.14959991131814546,2,,,89.7435,39.0,10^-8.76035,,,,,,,,,,,,,,,,,,0
5850,1,5820,Plasmodium knowlesi,"",eukaryota,false,,,,0.07479995565907273,1,,,88.889,45.0,10^-11.4429,,,,,,,,,,,,,,,,,,1
5833,1,5820,Plasmodium falciparum,malaria parasite P. falciparum,eukaryota,false,,,,,,,,,,,,,,,,0.07479995565907273,1,,,82.8,29.0,10^-8.56225,,,,,,1
5827,1,5820,Plasmodium cynomolgi,"",eukaryota,false,,,,0.07479995565907273,1,,,91.837,49.0,10^-15.5231,,,,,,,,,,,,,,,,,,0
5825,1,5820,Plasmodium chabaudi,"",eukaryota,false,,,,0.22439986697721817,3,,,91.9067,49.6667,10^-15.0797,,,,,,,,,,,,,,,,,,0
5812,2,5812,Sarcocystis,"",eukaryota,false,,,,7.6295954772254175,102,1,102,91.7913,268.0,10^-34.5209,,,,,,,,,,,,,,,,,[1860143],0
1860143,1,5812,Sarcocystis hircicanis,"",eukaryota,false,,,,7.6295954772254175,102,1,102,91.7913,268.0,10^-34.5209,,,,,,,,,,,,,,,,,,0
5810,2,5810,Toxoplasma,"",eukaryota,false,,,,0.14959991131814546,2,,,85.366,41.0,10^-7.36626,,,,,,,,,,,,,,,,,[5811],1
5811,1,5810,Toxoplasma gondii,"",eukaryota,false,,,,0.14959991131814546,2,,,85.366,41.0,10^-7.36626,,,,,,,,,,,,,,,,,,1
5806,2,5806,Cryptosporidium,"",eukaryota,false,,,,0.07479995565907273,1,,,90.0,40.0,10^-9.43554,,,,,,,,,,,,,,,,,[237895],1
237895,1,5806,Cryptosporidium hominis,"",eukaryota,false,,,,0.07479995565907273,1,,,90.0,40.0,10^-9.43554,,,,,,,,,,,,,,,,,,1
5800,2,5800,Eimeria,"",eukaryota,false,,,,0.5983996452725818,8,,,88.166,40.625,10^-8.48627,,,,,,,,,,,,,,,,,"[44415, 5802, 5801]",0
44415,1,5800,Eimeria mitis,"",eukaryota,false,,,,0.07479995565907273,1,,,90.244,41.0,10^-10.111,,,,,,,,,,,,,,,,,,0
5802,1,5800,Eimeria tenella,"",eukaryota,false,,,,0.22439986697721817,3,,,88.9877,39.3333,10^-8.07141,,,,,,,,,,,,,,,,,,0
5801,1,5800,Eimeria acervulina,"",eukaryota,false,,,,0.2991998226362909,4,,,87.0303,41.5,10^-8.39123,,,,,,,,,,,,,,,,,,0
5792,2,5792,Didymium,"",eukaryota,false,,,,0.14959991131814546,2,,,95.914,61.0,10^-25.7208,,,,,,,,,,,,,,,,,[5793],0
5793,1,5792,Didymium iridis,"",eukaryota,false,,,,0.14959991131814546,2,,,95.914,61.0,10^-25.7208,,,,,,,,,,,,,,,,,,0
5790,2,5790,Physarum,"",eukaryota,false,,,,0.07479995565907273,1,,,90.217,92.0,10^-37.8936,,,,,,,,,,,,,,,,,[647302],0
647302,1,5790,Physarum compressum,"",eukaryota,false,,,,0.07479995565907273,1,,,90.217,92.0,10^-37.8936,,,,,,,,,,,,,,,,,,0
5761,2,5761,Naegleria,"",eukaryota,false,,,,0.14959991131814546,2,,,87.179,39.0,10^-7.38798,,,,,,,,,,,,,,,,,[51637],0
51637,1,5761,Naegleria lovaniensis,"",eukaryota,false,,,,0.14959991131814546,2,,,87.179,39.0,10^-7.38798,,,,,,,,,,,,,,,,,,0
5754,2,5754,Acanthamoeba,"",eukaryota,false,,,,0.2991998226362909,4,,,90.0107,53.25,10^-16.6968,,,,,,,,,,,,,,,,,[5755],1
5755,1,5754,Acanthamoeba castellanii,"",eukaryota,false,,,,0.2991998226362909,4,,,90.0107,53.25,10^-16.6968,,,,,,,,,,,,,,,,,,1
5748,2,5748,Nannochloropsis,"",eukaryota,false,,,,0.07479995565907273,1,,,97.368,38.0,10^-12.2026,,,,,,,,,,,,,,,,,[145522],0
145522,1,5748,Nannochloropsis oceanica,"",eukaryota,false,,,,0.07479995565907273,1,,,97.368,38.0,10^-12.2026,,,,,,,,,,,,,,,,,,0
5721,2,5721,Trichomonas,"",eukaryota,false,,,,,,,,,,,,,,,,0.07479995565907273,1,,,64.5,31.0,10^-3.31426,,,,,[5722],1
5722,1,5721,Trichomonas vaginalis,"",eukaryota,false,,,,,,,,,,,,,,,,0.07479995565907273,1,,,64.5,31.0,10^-3.31426,,,,,,1
5714,2,5714,Herpetomonas,"",eukaryota,false,,,,0.14959991131814546,2,,,99.432,81.5,10^-42.4078,,,,,,,,,,,,,,,,,"[1906790, 5715]",0
1906790,1,5714,Herpetomonas dedonderi,"",eukaryota,false,,,,0.07479995565907273,1,,,100.0,75.0,10^-38.6685,,,,,,,,,,,,,,,,,,0
5715,1,5714,Herpetomonas samuelpessoai,"",eukaryota,false,,,,0.07479995565907273,1,,,98.864,88.0,10^-46.1471,,,,,,,,,,,,,,,,,,0
5712,2,5712,Bodo,"",eukaryota,false,,,,,,,,,,,,,,,,0.07479995565907273,1,,,78.1,32.0,10^-7.53611,,,,,[75058],0
75058,1,5712,Bodo saltans,"",eukaryota,false,,,,,,,,,,,,,,,,0.07479995565907273,1,,,78.1,32.0,10^-7.53611,,,,,,0
5706,2,5706,Phytomonas,"",eukaryota,false,,,,0.22439986697721817,3,,,97.8647,76.3333,10^-36.8314,,,,,,27.301983815561545,365,,,93.4462,28.9835,10^-10.8959,,,,,"[1912904, 479712, 223615, 28007]",0
1912904,1,5706,Phytomonas sp. TEM-2016a,"",eukaryota,false,,,,0.07479995565907273,1,,,96.296,81.0,10^-37.2627,,,,,,,,,,,,,,,,,,0
479712,1,5706,Phytomonas sp. EM1,"",eukaryota,false,,,,,,,,,,,,,,,,11.743593038474417,157,,,92.6308,28.6813,10^-10.522,,,,,,0
223615,1,5706,Phytomonas sp. Hart1,"",eukaryota,false,,,,,,,,,,,,,,,,15.558390777087126,208,,,94.2615,29.2857,10^-11.2698,,,,,,0
28007,1,5706,Phytomonas sp.,"",eukaryota,false,,,,0.14959991131814546,2,,,98.649,74.0,10^-36.6158,,,,,,,,,,,,,,,,,,0
5690,2,5690,Trypanosoma,"",eukaryota,false,,,,26.10518452501638,349,,,97.4424,88.5235,10^-44.5775,,,,,,969.931025031196,12967,10,12645,74.103,93.8844,10^-32.6381,,,,,"[1323428, 715481, 169531, 83893, 83891, 71804, 67003, 51349, 5699, 5698, 5697, 5696, 5695, 5693, 5692, 5691]",2
1323428,1,5690,Trypanosoma sp. PJH-2013c,"",eukaryota,false,,,,0.14959991131814546,2,,,100.0,100.0,10^-55.6982,,,,,,,,,,,,,,,,,,0
715481,1,5690,Trypanosoma melophagium,"",eukaryota,false,,,,,,,,,,,,,,,,1.6455990244996,22,,,92.6625,24.625,10^-6.95132,,,,,,0
169531,1,5690,Trypanosoma grosi,"",eukaryota,false,,,,0.5235996896135091,7,,,98.4068,76.8333,10^-37.8679,,,,,,,,,,,,,,,,,,0
83893,1,5690,Trypanosoma minasense,"",eukaryota,false,,,,13.912791752587527,186,,,98.6307,92.6129,10^-48.9165,,,,,,,,,,,,,,,,,,0
83891,1,5690,Trypanosoma conorhini,"",eukaryota,false,,,,0.14959991131814546,2,,,95.0495,100.5,10^-49.1773,,,,,,,,,,,,,,,,,,0
71804,1,5690,Trypanosoma grayi,"",eukaryota,false,,,,0.14959991131814546,2,,,88.602,92.5,10^-36.1776,,,,,,14.137191619564746,189,1,184,71.9337,86.3314,10^-29.4334,,,,,,0
67003,1,5690,Trypanosoma theileri,"",eukaryota,false,,,,1.4959991131814545,20,,,95.5365,91.55,10^-44.3915,,,,,,282.9682322582721,3783,4,3729,83.9499,84.847,10^-39.949,,,,,,0
51349,1,5690,Trypanosoma scelopori,"",eukaryota,false,,,,0.07479995565907273,1,,,98.276,58.0,10^-25.7426,,,,,,,,,,,,,,,,,,0
5699,1,5690,Trypanosoma vivax,"",eukaryota,false,,,,0.07479995565907273,1,,,87.129,101.0,10^-38.5392,,,,,,0.3739997782953636,5,,,80.94,31.6,10^-5.63803,,,,,,0
5698,1,5690,Trypanosoma rangeli,"",eukaryota,false,,,,7.1807957432709815,96,,,96.0471,91.7556,10^-44.8447,,,,,,0.07479995565907273,1,,,78.8,33.0,10^-7.52724,,,,,,0
5697,1,5690,Trypanosoma evansi,"",eukaryota,false,,,,0.3739997782953636,5,,,100.0,59.2,10^-27.932,,,,,,,,,,,,,,,,,,0
5696,1,5690,Trypanosoma sp.,"",eukaryota,false,,,,0.9723994235679454,13,,,99.4445,95.3636,10^-51.7935,,,,,,,,,,,,,,,,,,0
5695,1,5690,Trypanosoma lewisi,"",eukaryota,false,,,,,,,,,,,,,,,,0.07479995565907273,1,,,100.0,33.0,10^-13.8601,,,,,,0
5693,1,5690,Trypanosoma cruzi,"",eukaryota,false,,,,0.44879973395443634,6,,,96.9795,79.0,10^-37.5152,,,,,,273.61823780088804,3658,3,3643,81.8466,56.6261,10^-23.8355,,,,,,1
5692,1,5690,Trypanosoma congolense,"",eukaryota,false,,,,0.3739997782953636,5,,,100.0,45.2,10^-18.444,,,,,,20.195988027949635,270,1,51,85.8577,44.8937,10^-17.7723,,,,,,0
5691,1,5690,Trypanosoma brucei,"",eukaryota,false,,,,0.22439986697721817,3,,,99.4443,65.3333,10^-31.6386,,,,,,376.8421766104084,5038,1,5038,58.394,137.0,10^-35.0448,,,,,,1
5683,2,5683,Leptomonas,"",eukaryota,false,,,,2.767598359385691,37,1,8,91.5372,118.857,10^-47.3827,,,,,,3.216398093340127,43,,,85.5902,31.1463,10^-7.6605,,,,,"[412017, 157538, 5685, 5684]",0
412017,1,5683,Leptomonas neopamerae,"",eukaryota,false,,,,0.07479995565907273,1,,,100.0,51.0,10^-22.3675,,,,,,,,,,,,,,,,,,0
157538,1,5683,Leptomonas pyrrhocoris,"",eukaryota,false,,,,2.4683985367494,33,1,8,91.0243,121.455,10^-47.868,,,,,,2.3187986254312545,31,,,83.6345,30.8621,10^-6.81665,,,,,,0
5685,1,5683,Leptomonas sp.,"",eukaryota,false,,,,0.22439986697721817,3,,,100.0,101.0,10^-56.3801,,,,,,,,,,,,,,,,,,0
5684,1,5683,Leptomonas seymouri,"",eukaryota,false,,,,,,,,,,,,,,,,0.8975994679088727,12,,,90.3167,31.8333,10^-9.69979,,,,,,0
5658,2,5658,Leishmania,"",eukaryota,false,,,,776.7975395194702,10385,9,10038,93.4968,897.563,10^-169.297,,,,,,7.4051956102481995,99,,,86.696,31.3838,10^-7.99082,,,,,"[2803181, 2802991, 2249476, 1580590, 44271, 5689, 5681, 5679, 5674, 5671, 5670, 5666, 5665, 5664, 5663, 5661, 5660, 5659]",12
2803181,1,5658,Leishmania sp. Ghana 2012 LV757,"",eukaryota,false,,,,,,,,,,,,,,,,0.2991998226362909,4,,,81.975,31.75,10^-7.16433,,,,,,0
2802991,1,5658,Leishmania sp. Namibia,"",eukaryota,false,,,,,,,,,,,,,,,,0.14959991131814546,2,,,100.0,33.0,10^-12.2288,,,,,,0
2249476,1,5658,Leishmania orientalis,"",eukaryota,false,,,,,,,,,,,,,,,,0.44879973395443634,6,,,79.1667,32.3333,10^-7.76867,,,,,,0
1580590,1,5658,Leishmania martiniquensis,"",eukaryota,false,,,,,,,,,,,,,,,,0.9723994235679454,13,,,87.6615,31.3846,10^-7.5528,,,,,,1
44271,1,5658,Leishmania chagasi,"",eukaryota,false,,,,0.07479995565907273,1,,,100.0,70.0,10^-35.2675,,,,,,,,,,,,,,,,,,1
5689,1,5658,Leishmania tarentolae,"",eukaryota,false,,,,0.44879973395443634,6,,,98.5748,93.1667,10^-49.2125,,,,,,0.3739997782953636,5,,,87.74,32.6,10^-9.4452,,,,,,0
5681,1,5658,Leishmania peruviana,"",eukaryota,false,,,,0.07479995565907273,1,,,95.89,73.0,10^-33.1908,,,,,,,,,,,,,,,,,,1
5679,1,5658,Leishmania panamensis,"",eukaryota,false,,,,372.27937931520495,4977,7,4976,94.5233,507.264,10^-256.73,,,,,,0.22439986697721817,3,,,81.5333,32.6667,10^-5.76147,,,,,,1
5674,1,5658,Leishmania adleri,"",eukaryota,false,,,,0.22439986697721817,3,,,98.9757,97.6667,10^-52.2776,,,,,,,,,,,,,,,,,,0
5671,1,5658,Leishmania infantum,"",eukaryota,false,,,,0.9723994235679454,13,,,94.0145,86.0,10^-38.6771,,,,,,0.7479995565907273,10,,,89.87,30.9,10^-8.88062,,,,,,1
5670,1,5658,Leishmania guyanensis,"",eukaryota,false,,,,1.1219993348860908,15,,,96.2049,87.1538,10^-42.8402,,,,,,0.3739997782953636,5,,,78.3,32.4,10^-7.19708,,,,,,1
5666,1,5658,Leishmania tropica,"",eukaryota,false,,,,6.133596364043964,82,1,24,94.1783,96.7705,10^-37.3807,,,,,,,,,,,,,,,,,,1
5665,1,5658,Leishmania mexicana,"",eukaryota,false,,,,0.6731996009316545,9,,,92.2134,83.3333,10^-35.5109,,,,,,0.5983996452725818,8,,,87.9375,31.75,10^-7.57648,,,,,,1
5664,1,5658,Leishmania major,"",eukaryota,false,,,,388.1369699149284,5189,1,5038,92.2698,1359.39,10^-85.9524,,,,,,0.5235996896135091,7,,,81.7429,32.2857,10^-8.42308,,,,,,1
5663,1,5658,Leishmania enriettii,"",eukaryota,false,,,,,,,,,,,,,,,,0.5983996452725818,8,,,89.1125,30.25,10^-8.15112,,,,,,0
5661,1,5658,Leishmania donovani,"",eukaryota,false,,,,5.235996896135091,70,,,97.8834,95.6182,10^-50.0442,,,,,,1.0471993792270182,14,,,92.3643,30.0714,10^-8.2064,,,,,,1
5660,1,5658,Leishmania braziliensis,"",eukaryota,false,,,,0.9723994235679454,13,,,97.1997,88.0,10^-44.0433,,,,,,1.0471993792270182,14,,,84.6571,31.2143,10^-7.44313,,,,,,1
5659,1,5658,Leishmania amazonensis,"",eukaryota,false,,,,0.44879973395443634,6,,,93.5402,83.0,10^-36.3477,,,,,,,,,,,,,,,,,,1
5655,2,5655,Crithidia,"",eukaryota,false,,,,5.385596807453236,72,,,93.6749,85.6613,10^-38.5015,,,,,,,,,,,,,,,,,"[3034688, 796356, 288676]",0
3034688,1,5655,Crithidia sp. LVH-60A,"",eukaryota,false,,,,4.9367970734988,66,,,93.266,86.5,10^-38.5834,,,,,,,,,,,,,,,,,,0
796356,1,5655,Crithidia mellificae,"",eukaryota,false,,,,0.22439986697721817,3,,,100.0,101.0,10^-56.3801,,,,,,,,,,,,,,,,,,0
288676,1,5655,Crithidia bombi,"",eukaryota,false,,,,0.22439986697721817,3,,,99.471,64.3333,10^-30.9584,,,,,,,,,,,,,,,,,,0
5644,2,5644,Stereum,"",eukaryota,false,,,,0.22439986697721817,3,,,92.655,55.0,10^-19.5922,,,,,,,,,,,,,,,,,[40492],0
40492,1,5644,Stereum hirsutum,"",eukaryota,false,,,,0.22439986697721817,3,,,92.655,55.0,10^-19.5922,,,,,,,,,,,,,,,,,,0
5637,2,5637,Polyporus,"",eukaryota,false,,,,0.14959991131814546,2,,,97.549,93.5,10^-47.8381,,,,,,0.2991998226362909,4,,,87.0,28.75,10^-7.11591,,,,,"[196234, 158314, 139420, 40486]",0
196234,1,5637,Polyporus grammocephalus,"",eukaryota,false,,,,,,,,,,,,,,,,0.14959991131814546,2,,,88.9,27.0,10^-4.84164,,,,,,0
158314,1,5637,Polyporus umbellatus,"",eukaryota,false,,,,0.07479995565907273,1,,,95.098,102.0,10^-50.2001,,,,,,,,,,,,,,,,,,0
139420,1,5637,Polyporus brumalis,"",eukaryota,false,,,,,,,,,,,,,,,,0.14959991131814546,2,,,85.1,30.5,10^-9.39019,,,,,,0
40486,1,5637,Polyporus melanopus,"",eukaryota,false,,,,0.07479995565907273,1,,,100.0,85.0,10^-45.476,,,,,,,,,,,,,,,,,,0
5629,2,5629,Laetiporus,"",eukaryota,false,,,,0.14959991131814546,2,,,92.079,101.0,10^-45.4011,,,,,,,,,,,,,,,,,[5630],0
5630,1,5629,Laetiporus sulphureus,"",eukaryota,false,,,,0.14959991131814546,2,,,92.079,101.0,10^-45.4011,,,,,,,,,,,,,,,,,,0
5626,2,5626,Grifola,"",eukaryota,false,,,,,,,,,,,,,,,,1.4211991575223817,19,,,75.8571,30.5,10^-5.82679,,,,,[5627],0
5627,1,5626,Grifola frondosa,"",eukaryota,false,,,,,,,,,,,,,,,,1.4211991575223817,19,,,75.8571,30.5,10^-5.82679,,,,,,0
5624,2,5624,Collybia,"",eukaryota,false,,,,0.2991998226362909,4,,,94.0665,90.75,10^-42.5338,,,,,,,,,,,,,,,,,[123925],0
123925,1,5624,Collybia sordida,"",eukaryota,false,,,,0.2991998226362909,4,,,94.0665,90.75,10^-42.5338,,,,,,,,,,,,,,,,,,0
5605,2,5605,Saitoella,"",eukaryota,false,,,,,,,,,,,,,,,,1.5707990688405271,21,1,20,53.799,117.762,10^-23.8753,,,,,[5606],0
5606,1,5605,Saitoella complicata,"",eukaryota,false,,,,,,,,,,,,,,,,1.5707990688405271,21,1,20,53.799,117.762,10^-23.8753,,,,,,0
5598,2,5598,Alternaria,"",eukaryota,false,,,,0.44879973395443634,6,,,87.2892,55.1667,10^-14.4684,,,,,,0.14959991131814546,2,,,87.95,29.0,10^-4.96003,,,,,"[283354, 119927, 48100, 48097, 29001]",1
283354,1,5598,Alternaria metachromatica,"",eukaryota,false,,,,0.2991998226362909,4,,,90.244,41.0,10^-10.111,,,,,,,,,,,,,,,,,,0
119927,1,5598,Alternaria tenuissima,"",eukaryota,false,,,,,,,,,,,,,,,,0.07479995565907273,1,,,88.0,25.0,10^-5.78516,,,,,,0
48100,1,5598,Alternaria solani,"",eukaryota,false,,,,0.07479995565907273,1,,,82.759,87.0,10^-26.2527,,,,,,,,,,,,,,,,,,0
48097,1,5598,Alternaria panax,"",eukaryota,false,,,,,,,,,,,,,,,,0.07479995565907273,1,,,87.9,33.0,10^-4.1349,,,,,,0
29001,1,5598,Alternaria brassicicola,"",eukaryota,false,,,,0.07479995565907273,1,,,80.0,80.0,10^-20.1135,,,,,,,,,,,,,,,,,,1
5581,2,5581,Beauveria,"",eukaryota,false,,,,,,,,,,,,,,,,0.07479995565907273,1,,,100.0,33.0,10^-11.5003,,,,,[176275],0
176275,1,5581,Beauveria bassiana,"",eukaryota,false,,,,,,,,,,,,,,,,0.07479995565907273,1,,,100.0,33.0,10^-11.5003,,,,,,0
5579,2,5579,Aureobasidium,"",eukaryota,false,,,,0.3739997782953636,5,,,98.796,100.2,10^-54.1877,,,,,,0.14959991131814546,2,,,95.0,30.5,10^-8.50287,,,,,[46634],0
46634,1,5579,Aureobasidium melanogenum,"",eukaryota,false,,,,0.3739997782953636,5,,,98.796,100.2,10^-54.1877,,,,,,0.14959991131814546,2,,,95.0,30.5,10^-8.50287,,,,,,0
5550,2,5550,Trichophyton,"",eukaryota,false,,,,0.8227995122498,11,,,91.9571,40.2727,10^-10.6182,,,,,,,,,,,,,,,,,[63417],0
63417,1,5550,Trichophyton verrucosum,"",eukaryota,false,,,,0.8227995122498,11,,,91.9571,40.2727,10^-10.6182,,,,,,,,,,,,,,,,,,0
5543,2,5543,Trichoderma,"",eukaryota,false,,,,0.14959991131814546,2,,,87.2735,50.5,10^-13.1094,,,,,,7.031195831952836,94,,,64.54,30.92,10^-4.08155,,,,,"[2034170, 63577, 29875]",0
2034170,1,5543,Trichoderma breve,"",eukaryota,false,,,,0.07479995565907273,1,,,85.185,54.0,10^-13.4223,,,,,,,,,,,,,,,,,,0
63577,1,5543,Trichoderma atroviride,"",eukaryota,false,,,,0.07479995565907273,1,,,89.362,47.0,10^-12.7964,,,,,,,,,,,,,,,,,,0
29875,1,5543,Trichoderma virens,"",eukaryota,false,,,,,,,,,,,,,,,,7.031195831952836,94,,,64.54,30.92,10^-4.08155,,,,,,0
5533,2,5533,Rhodotorula,"",eukaryota,false,,,,0.07479995565907273,1,,,100.0,101.0,10^-56.3801,,,,,,0.2991998226362909,4,,,90.425,28.0,10^-7.64222,,,,,"[1853554, 29898, 5286]",0
1853554,1,5533,Rhodotorula sp.,"",eukaryota,false,,,,0.07479995565907273,1,,,100.0,101.0,10^-56.3801,,,,,,,,,,,,,,,,,,0
29898,1,5533,Rhodotorula graminis,"",eukaryota,false,,,,,,,,,,,,,,,,0.22439986697721817,3,,,89.3,26.6667,10^-6.90292,,,,,,0
5286,1,5533,Rhodotorula toruloides,"",eukaryota,false,,,,,,,,,,,,,,,,0.07479995565907273,1,,,93.8,32.0,10^-9.86012,,,,,,0
5529,2,5529,Metarhizium,"",eukaryota,false,,,,0.2991998226362909,4,,,92.1113,87.25,10^-37.0648,,,,,,37.69917765217265,504,5,456,80.6728,88.5923,10^-41.8906,,,,,"[2684600, 1650735, 500148, 5530]",0
2684600,1,5529,Metarhizium huainamdangense,"",eukaryota,false,,,,0.07479995565907273,1,,,100.0,101.0,10^-56.3801,,,,,,,,,,,,,,,,,,0
1650735,1,5529,Metarhizium majus,"",eukaryota,false,,,,,,,,,,,,,,,,37.624377696513584,503,5,456,80.7224,88.7073,10^-41.969,,,,,,0
500148,1,5529,Metarhizium brunneum,"",eukaryota,false,,,,0.14959991131814546,2,,,88.0105,91.0,10^-33.0963,,,,,,,,,,,,,,,,,,0
5530,1,5529,Metarhizium anisopliae,"",eukaryota,false,,,,0.07479995565907273,1,,,92.424,66.0,10^-25.6865,,,,,,0.07479995565907273,1,,,56.3,32.0,10^-3.31336,,,,,,0
5506,2,5506,Fusarium,"",eukaryota,false,,,,0.8975994679088727,12,,,92.0685,71.0,10^-29.6873,,,,,,0.44879973395443634,6,,,77.9833,30.5,10^-7.16609,,,,,"[2211609, 1328300, 221167, 179993, 169388, 40199, 36050, 5507]",2
2211609,1,5506,Fusarium scirpi,"",eukaryota,false,,,,0.07479995565907273,1,,,88.764,89.0,10^-34.4771,,,,,,,,,,,,,,,,,,0
1328300,1,5506,Fusarium keratoplasticum,"",eukaryota,false,,,,0.14959991131814546,2,,,89.6055,39.0,10^-8.76049,,,,,,,,,,,,,,,,,,0
221167,1,5506,Fusarium xylarioides,"",eukaryota,false,,,,,,,,,,,,,,,,0.07479995565907273,1,,,81.8,33.0,10^-8.31876,,,,,,0
179993,1,5506,Fusarium langsethiae,"",eukaryota,false,,,,,,,,,,,,,,,,0.07479995565907273,1,,,72.0,25.0,10^-3.00833,,,,,,0
169388,1,5506,Fusarium solani,"",eukaryota,false,,,,0.07479995565907273,1,,,93.069,101.0,10^-46.7735,,,,,,,,,,,,,,,,,,1
40199,1,5506,Fusarium avenaceum,"",eukaryota,false,,,,0.07479995565907273,1,,,92.105,38.0,10^-9.45781,,,,,,,,,,,,,,,,,,0
36050,1,5506,Fusarium poae,"",eukaryota,false,,,,,,,,,,,,,,,,0.07479995565907273,1,,,66.7,33.0,10^-7.2652,,,,,,0
5507,1,5506,Fusarium oxysporum,"",eukaryota,false,,,,0.5235996896135091,7,,,93.0961,78.0,10^-35.4312,,,,,,0.22439986697721817,3,,,82.4667,30.6667,10^-8.13476,,,,,,1
5498,2,5498,Cladosporium,"",eukaryota,false,,,,1.1219993348860908,15,,,99.3569,92.2,10^-49.5717,,,,,,,,,,,,,,,,,"[1859216, 1707700, 1052096, 394564, 92950, 29917]",0
1859216,1,5498,Cladosporium lebrasiae,"",eukaryota,false,,,,0.07479995565907273,1,,,100.0,101.0,10^-56.3801,,,,,,,,,,,,,,,,,,0
1707700,1,5498,Cladosporium sp.,"",eukaryota,false,,,,0.14959991131814546,2,,,99.005,100.5,10^-54.6668,,,,,,,,,,,,,,,,,,0
1052096,1,5498,Cladosporium halotolerans,"",eukaryota,false,,,,0.07479995565907273,1,,,93.333,90.0,10^-40.6479,,,,,,,,,,,,,,,,,,0
394564,1,5498,Cladosporium langeronii,"",eukaryota,false,,,,0.14959991131814546,2,,,100.0,100.0,10^-55.6982,,,,,,,,,,,,,,,,,,0
92950,1,5498,Cladosporium sphaerospermum,"",eukaryota,false,,,,0.14959991131814546,2,,,100.0,44.0,10^-17.6288,,,,,,,,,,,,,,,,,,0
29917,1,5498,Cladosporium cladosporioides,"",eukaryota,false,,,,0.5235996896135091,7,,,99.8586,100.429,10^-55.7944,,,,,,,,,,,,,,,,,,0
5475,2,5475,Candida,"",eukaryota,false,,,,0.2991998226362909,4,,,99.5,100.25,10^-55.1825,,,,,,0.07479995565907273,1,,,100.0,33.0,10^-13.2343,,,,,[5479],0
5479,1,5475,Candida maltosa,"",eukaryota,false,,,,0.2991998226362909,4,,,99.5,100.25,10^-55.1825,,,,,,0.07479995565907273,1,,,100.0,33.0,10^-13.2343,,,,,,0
5455,2,5455,Colletotrichum,"",eukaryota,false,,,,0.3739997782953636,5,,,93.8214,49.2,10^-17.036,,,,,,0.14959991131814546,2,,,100.0,29.0,10^-9.11295,,,,,"[690259, 690256, 474922, 80884]",1
690259,1,5455,Colletotrichum siamense,"",eukaryota,false,,,,0.14959991131814546,2,,,95.614,57.0,10^-23.0054,,,,,,,,,,,,,,,,,,0
690256,1,5455,Colletotrichum fructicola,"",eukaryota,false,,,,,,,,,,,,,,,,0.14959991131814546,2,,,100.0,29.0,10^-9.11295,,,,,,0
474922,1,5455,Colletotrichum gloeosporioides,"",eukaryota,false,,,,0.07479995565907273,1,,,90.196,51.0,10^-15.5057,,,,,,,,,,,,,,,,,,1
80884,1,5455,Colletotrichum higginsianum,"",eukaryota,false,,,,0.14959991131814546,2,,,93.8415,40.5,10^-11.8318,,,,,,,,,,,,,,,,,,0
5402,2,5402,Russula,"",eukaryota,false,,,,,,,,,,,,,,,,0.22439986697721817,3,,,80.2667,26.6667,10^-3.96197,,,,,"[152958, 71964]",0
152958,1,5402,Russula emetica,"",eukaryota,false,,,,,,,,,,,,,,,,0.07479995565907273,1,,,100.0,26.0,10^-5.15864,,,,,,0
71964,1,5402,Russula earlei,"",eukaryota,false,,,,,,,,,,,,,,,,0.14959991131814546,2,,,70.4,27.0,10^-3.36363,,,,,,0
5385,2,5385,Xerocomus,"",eukaryota,false,,,,0.07479995565907273,1,,,92.982,57.0,10^-20.9469,,,,,,,,,,,,,,,,,[73892],0
73892,1,5385,Xerocomus pruinatus,"",eukaryota,false,,,,0.07479995565907273,1,,,92.982,57.0,10^-20.9469,,,,,,,,,,,,,,,,,,0
5379,2,5379,Suillus,"",eukaryota,false,,,,0.07479995565907273,1,,,74.0,50.0,10^-3.84914,,,,,,0.5235996896135091,7,,,76.3429,29.2857,10^-5.66482,,,,,"[1912936, 756607, 116603, 48589]",0
1912936,1,5379,Suillus discolor,"",eukaryota,false,,,,0.07479995565907273,1,,,74.0,50.0,10^-3.84914,,,,,,,,,,,,,,,,,,0
756607,1,5379,Suillus occidentalis,"",eukaryota,false,,,,,,,,,,,,,,,,0.07479995565907273,1,,,90.9,33.0,10^-11.059,,,,,,0
116603,1,5379,Suillus plorans,"",eukaryota,false,,,,,,,,,,,,,,,,0.3739997782953636,5,,,74.76,27.8,10^-4.53971,,,,,,0
48589,1,5379,Suillus tomentosus,"",eukaryota,false,,,,,,,,,,,,,,,,0.07479995565907273,1,,,69.7,33.0,10^-5.8962,,,,,,0
5357,2,5357,Lentinus,"",eukaryota,false,,,,,,,,,,,,,,,,0.14959991131814546,2,,,80.0,31.5,10^-8.93411,,,,,[5365],0
5365,1,5357,Lentinus tigrinus,"",eukaryota,false,,,,,,,,,,,,,,,,0.14959991131814546,2,,,80.0,31.5,10^-8.93411,,,,,,0
5352,2,5352,Lentinula,"",eukaryota,false,,,,0.14959991131814546,2,,,100.0,100.0,10^-55.6982,,,,,,1.1967992905451637,16,,,88.4062,30.8125,10^-9.50745,,,,,"[2804962, 2804960, 2804958, 2804957, 40481, 5353]",0
2804962,1,5352,Lentinula detonsa,"",eukaryota,false,,,,,,,,,,,,,,,,0.07479995565907273,1,,,100.0,23.0,10^-4.82974,,,,,,0
2804960,1,5352,Lentinula aff. lateritia,"",eukaryota,false,,,,,,,,,,,,,,,,0.2991998226362909,4,,,95.45,33.0,10^-14.5869,,,,,,0
2804958,1,5352,Lentinula aff. detonsa,"",eukaryota,false,,,,,,,,,,,,,,,,0.3739997782953636,5,,,83.64,33.0,10^-9.94612,,,,,,0
2804957,1,5352,Lentinula guzmanii,"",eukaryota,false,,,,,,,,,,,,,,,,0.07479995565907273,1,,,75.0,32.0,10^-6.44129,,,,,,0
40481,1,5352,Lentinula boryana,"",eukaryota,false,,,,,,,,,,,,,,,,0.07479995565907273,1,,,90.9,33.0,10^-10.1113,,,,,,0
5353,1,5352,Lentinula edodes,shiitake mushroom,eukaryota,false,,,,0.14959991131814546,2,,,100.0,100.0,10^-55.6982,,,,,,0.2991998226362909,4,,,87.15,27.0,10^-5.66467,,,,,,0
5340,2,5340,Agaricus,"",eukaryota,false,,,,0.14959991131814546,2,,,95.098,75.5,10^-35.6019,,,,,,1.346399201863309,18,,,86.1125,27.125,10^-7.02934,,,,,[5341],0
5341,1,5340,Agaricus bisporus,"",eukaryota,false,,,,0.14959991131814546,2,,,95.098,75.5,10^-35.6019,,,,,,1.346399201863309,18,,,86.1125,27.125,10^-7.02934,,,,,,0
5333,2,5333,Schizophyllum,"",eukaryota,false,,,,0.44879973395443634,6,,,99.67,100.833,10^-55.809,,,,,,,,,,,,,,,,,[5334],0
5334,1,5333,Schizophyllum commune,"",eukaryota,false,,,,0.44879973395443634,6,,,99.67,100.833,10^-55.809,,,,,,,,,,,,,,,,,,0
5330,2,5330,Bjerkandera,"",eukaryota,false,,,,0.14959991131814546,2,,,100.0,90.0,10^-48.8821,,,,,,,,,,,,,,,,,[5331],0
5331,1,5330,Bjerkandera adusta,"",eukaryota,false,,,,0.14959991131814546,2,,,100.0,90.0,10^-48.8821,,,,,,,,,,,,,,,,,,0
5324,2,5324,Trametes,"",eukaryota,false,,,,0.22439986697721817,3,,,93.7023,86.3333,10^-38.6082,,,,,,0.5235996896135091,7,,,90.6143,30.7143,10^-9.39906,,,,,"[1111947, 239206, 158606, 154538, 5327, 5325]",0
1111947,1,5324,Trametes cubensis,"",eukaryota,false,,,,,,,,,,,,,,,,0.07479995565907273,1,,,90.9,33.0,10^-9.97881,,,,,,0
239206,1,5324,Trametes polyzona,"",eukaryota,false,,,,,,,,,,,,,,,,0.07479995565907273,1,,,87.9,33.0,10^-10.1141,,,,,,0
158606,1,5324,Trametes sanguinea,"",eukaryota,false,,,,,,,,,,,,,,,,0.14959991131814546,2,,,88.35,31.5,10^-9.58536,,,,,,0
154538,1,5324,Trametes pubescens,"",eukaryota,false,,,,,,,,,,,,,,,,0.14959991131814546,2,,,89.4,30.5,10^-9.36422,,,,,,0
5327,1,5324,Trametes hirsuta,"",eukaryota,false,,,,0.07479995565907273,1,,,100.0,80.0,10^-42.0714,,,,,,,,,,,,,,,,,,0
5325,1,5324,Trametes versicolor,"",eukaryota,false,,,,0.14959991131814546,2,,,90.5535,89.5,10^-36.8766,,,,,,0.07479995565907273,1,,,100.0,25.0,10^-7.80134,,,,,,0
5320,2,5320,Pleurotus,"",eukaryota,false,,,,0.2991998226362909,4,,,98.7805,76.0,10^-37.9779,,,,,,0.5235996896135091,7,,,76.8429,30.5714,10^-5.36516,,,,,"[34470, 28995, 5322]",0
34470,1,5320,Pleurotus djamor,"",eukaryota,false,,,,,,,,,,,,,,,,0.14959991131814546,2,,,66.15,31.0,10^-4.95154,,,,,,0
28995,1,5320,Pleurotus pulmonarius,"",eukaryota,false,,,,,,,,,,,,,,,,0.14959991131814546,2,,,92.6,27.0,10^-7.21753,,,,,,0
5322,1,5320,Pleurotus ostreatus,oyster mushroom,eukaryota,false,,,,0.2991998226362909,4,,,98.7805,76.0,10^-37.9779,,,,,,0.22439986697721817,3,,,73.4667,32.6667,10^-4.40598,,,,,,0
5314,2,5314,Ganoderma,"",eukaryota,false,,,,0.5983996452725818,8,,,99.604,89.5,10^-48.0289,,,,,,0.14959991131814546,2,,,78.8,33.0,10^-7.12784,,,,,"[2952274, 1869158, 1233435, 256320, 36075, 34458]",0
2952274,1,5314,Ganoderma amboinense,"",eukaryota,false,,,,0.07479995565907273,1,,,99.01,101.0,10^-55.0077,,,,,,,,,,,,,,,,,,0
1869158,1,5314,Ganoderma sp.,"",eukaryota,false,,,,0.07479995565907273,1,,,100.0,99.0,10^-55.0164,,,,,,,,,,,,,,,,,,0
1233435,1,5314,Ganoderma lingzhi,"",eukaryota,false,,,,0.22439986697721817,3,,,99.6527,90.0,10^-48.4251,,,,,,,,,,,,,,,,,,0
256320,1,5314,Ganoderma philippii,"",eukaryota,false,,,,0.07479995565907273,1,,,100.0,72.0,10^-36.6277,,,,,,,,,,,,,,,,,,0
36075,1,5314,Ganoderma sinense,"",eukaryota,false,,,,0.14959991131814546,2,,,99.432,87.0,10^-46.1521,,,,,,,,,,,,,,,,,,0
34458,1,5314,Ganoderma boninense,"",eukaryota,false,,,,,,,,,,,,,,,,0.14959991131814546,2,,,78.8,33.0,10^-7.12784,,,,,,0
5307,2,5307,Phlebia,"",eukaryota,false,,,,,,,,,,,,,,,,0.2991998226362909,4,,,79.2,29.0,10^-5.96505,,,,,[5308],0
5308,1,5307,Phlebia radiata,"",eukaryota,false,,,,,,,,,,,,,,,,0.2991998226362909,4,,,79.2,29.0,10^-5.96505,,,,,,0
5305,2,5305,Phanerochaete,"",eukaryota,false,,,,,,,,,,,,,,,,0.22439986697721817,3,,,87.1,31.0,10^-10.4068,,,,,[231932],0
231932,1,5305,Phanerochaete carnosa,"",eukaryota,false,,,,,,,,,,,,,,,,0.22439986697721817,3,,,87.1,31.0,10^-10.4068,,,,,,0
5296,2,5296,Puccinia,"",eukaryota,false,,,,0.22439986697721817,3,,,96.8253,40.0,10^-13.0963,,,,,,1.7203989801586728,23,,,75.1429,27.8571,10^-5.45606,,,,,"[208348, 27350, 5297]",0
208348,1,5296,Puccinia triticina,"",eukaryota,false,,,,0.07479995565907273,1,,,100.0,36.0,10^-12.226,,,,,,,,,,,,,,,,,,0
27350,1,5296,Puccinia striiformis,"",eukaryota,false,,,,,,,,,,,,,,,,0.5235996896135091,7,,,80.7,30.6,10^-9.06176,,,,,,0
5297,1,5296,Puccinia graminis,"",eukaryota,false,,,,0.14959991131814546,2,,,95.238,42.0,10^-13.5315,,,,,,1.1967992905451637,16,,,73.4062,27.0,10^-4.32928,,,,,,0
5260,2,5260,Melampsora,"",eukaryota,false,,,,0.2991998226362909,4,,,86.9235,82.0,10^-28.3504,,,,,,0.14959991131814546,2,,,84.9,26.0,10^-5.89366,,,,,"[1357729, 203908]",0
1357729,1,5260,Melampsora sp. PZ-2013,"",eukaryota,false,,,,0.14959991131814546,2,,,88.3635,64.0,10^-20.9019,,,,,,,,,,,,,,,,,,0
203908,1,5260,Melampsora laricis-populina,"",eukaryota,false,,,,0.14959991131814546,2,,,85.4835,100.0,10^-35.7988,,,,,,0.14959991131814546,2,,,84.9,26.0,10^-5.89366,,,,,,0
5251,2,5251,Ceratobasidium,"",eukaryota,false,,,,,,,,,,,,,,,,0.07479995565907273,1,,,54.5,33.0,10^-3.45593,,,,,[170446],0
170446,1,5251,Ceratobasidium sp. AG-Ba,"",eukaryota,false,,,,,,,,,,,,,,,,0.07479995565907273,1,,,54.5,33.0,10^-3.45593,,,,,,0
5240,2,5240,Tulasnella,"",eukaryota,false,,,,0.07479995565907273,1,,,99.01,101.0,10^-55.0077,,,,,,0.14959991131814546,2,,,71.7,31.5,10^-5.44233,,,,,"[2600228, 1905295, 156515]",0
2600228,1,5240,Tulasnella sp. 424,"",eukaryota,false,,,,,,,,,,,,,,,,0.07479995565907273,1,,,66.7,33.0,10^-4.67985,,,,,,0
1905295,1,5240,Tulasnella sp.,"",eukaryota,false,,,,0.07479995565907273,1,,,99.01,101.0,10^-55.0077,,,,,,,,,,,,,,,,,,0
156515,1,5240,Tulasnella calospora,"",eukaryota,false,,,,,,,,,,,,,,,,0.07479995565907273,1,,,76.7,30.0,10^-6.20482,,,,,,0
5230,2,5230,Auricularia,"",eukaryota,false,,,,0.07479995565907273,1,,,100.0,101.0,10^-56.3801,,,,,,,,,,,,,,,,,[29892],0
29892,1,5230,Auricularia auricula-judae,ear fungus,eukaryota,false,,,,0.07479995565907273,1,,,100.0,101.0,10^-56.3801,,,,,,,,,,,,,,,,,,0
5218,2,5218,Exidia,"",eukaryota,false,,,,0.07479995565907273,1,,,97.0,100.0,10^-51.5811,,,,,,,,,,,,,,,,,[156611],0
156611,1,5218,Exidia recisa,"",eukaryota,false,,,,0.07479995565907273,1,,,97.0,100.0,10^-51.5811,,,,,,,,,,,,,,,,,,0
5209,2,5209,Filobasidium,"",eukaryota,false,,,,0.07479995565907273,1,,,93.59,78.0,10^-33.8482,,,,,,0.3739997782953636,5,,,91.6667,28.0,10^-6.13823,,,,,[5210],0
5210,1,5209,Filobasidium floriforme,"",eukaryota,false,,,,0.07479995565907273,1,,,93.59,78.0,10^-33.8482,,,,,,0.3739997782953636,5,,,91.6667,28.0,10^-6.13823,,,,,,0
5206,2,5206,Cryptococcus,"",eukaryota,false,,,,0.07479995565907273,1,,,100.0,48.0,10^-20.3353,,,,,,0.22439986697721817,3,,,54.9667,30.3333,10^-3.95745,,,,,"[5619, 5207]",1
5619,1,5206,Cryptococcus wingfieldii,"",eukaryota,false,,,,,,,,,,,,,,,,0.14959991131814546,2,,,55.2,29.0,10^-3.12263,,,,,,0
5207,1,5206,Cryptococcus neoformans,"",eukaryota,false,,,,0.07479995565907273,1,,,100.0,48.0,10^-20.3353,,,,,,0.07479995565907273,1,,,54.5,33.0,10^-5.62709,,,,,,1
5193,2,5193,Morchella,"",eukaryota,false,,,,0.22439986697721817,3,,,89.9107,39.6667,10^-9.21056,,,,,,,,,,,,,,,,,"[1174677, 1174673]",0
1174677,1,5193,Morchella sextelata,"",eukaryota,false,,,,0.14959991131814546,2,,,89.744,39.0,10^-8.76035,,,,,,,,,,,,,,,,,,0
1174673,1,5193,Morchella importuna,"",eukaryota,false,,,,0.07479995565907273,1,,,90.244,41.0,10^-10.111,,,,,,,,,,,,,,,,,,0
5149,2,5149,Chaetomium,"",eukaryota,false,,,,,,,,,,,,,,,,0.14959991131814546,2,,,85.5,31.0,10^-6.92309,,,,,"[2821753, 38033]",0
2821753,1,5149,Chaetomium sp. MPI-CAGE-AT-0009,"",eukaryota,false,,,,,,,,,,,,,,,,0.07479995565907273,1,,,83.9,31.0,10^-5.90309,,,,,,0
38033,1,5149,Chaetomium globosum,"",eukaryota,false,,,,,,,,,,,,,,,,0.07479995565907273,1,,,87.1,31.0,10^-7.9431,,,,,,0
5140,2,5140,Neurospora,"",eukaryota,false,,,,1.9447988471358908,26,1,26,81.503,173.0,10^-28.3335,,,,,,0.07479995565907273,1,,,100.0,25.0,10^-6.34486,,,,,[40127],0
40127,1,5140,Neurospora tetrasperma,"",eukaryota,false,,,,1.9447988471358908,26,1,26,81.503,173.0,10^-28.3335,,,,,,0.07479995565907273,1,,,100.0,25.0,10^-6.34486,,,,,,0
5112,2,5112,Epichloe,"",eukaryota,false,,,,0.22439986697721817,3,,,91.461,65.3333,10^-24.342,,,,,,0.07479995565907273,1,,,73.3,30.0,10^-3.59176,,,,,"[447254, 35717, 5113]",0
447254,1,5112,Epichloe gansuensis,"",eukaryota,false,,,,0.14959991131814546,2,,,91.139,79.0,10^-31.7841,,,,,,,,,,,,,,,,,,0
35717,1,5112,Epichloe festucae,"",eukaryota,false,,,,,,,,,,,,,,,,0.07479995565907273,1,,,73.3,30.0,10^-3.59176,,,,,,0
5113,1,5112,Epichloe typhina,"",eukaryota,false,,,,0.07479995565907273,1,,,92.105,38.0,10^-9.45781,,,,,,,,,,,,,,,,,,0
5110,2,5110,Claviceps,"",eukaryota,false,,,,,,,,,,,,,,,,0.07479995565907273,1,,,74.1,27.0,10^-3.17914,,,,,[62069],0
62069,1,5110,Claviceps citrina,"",eukaryota,false,,,,,,,,,,,,,,,,0.07479995565907273,1,,,74.1,27.0,10^-3.17914,,,,,,0
5097,2,5097,Monascus,"",eukaryota,false,,,,0.07479995565907273,1,,,100.0,101.0,10^-56.3801,,,,,,,,,,,,,,,,,[5098],0
5098,1,5097,Monascus purpureus,"",eukaryota,false,,,,0.07479995565907273,1,,,100.0,101.0,10^-56.3801,,,,,,,,,,,,,,,,,,0
5094,2,5094,Talaromyces,"",eukaryota,false,,,,0.07479995565907273,1,,,86.111,72.0,10^-22.904,,,,,,,,,,,,,,,,,[28564],0
28564,1,5094,Talaromyces stipitatus,"",eukaryota,false,,,,0.07479995565907273,1,,,86.111,72.0,10^-22.904,,,,,,,,,,,,,,,,,,0
5073,2,5073,Penicillium,"",eukaryota,false,,,,1.1967992905451637,16,,,92.2439,66.8571,10^-26.7803,,,,,,0.44879973395443634,6,,,85.56,30.2,10^-9.13188,,,,,"[2819901, 1343394, 1324776, 1303715, 1258274, 1108849, 168475, 70096, 60174, 29845, 27334, 5076]",0
2819901,1,5073,Penicillium diatomitis,"",eukaryota,false,,,,0.22439986697721817,3,,,93.855,54.0,10^-19.8273,,,,,,,,,,,,,,,,,,0
1343394,1,5073,Penicillium maclennaniae,"",eukaryota,false,,,,,,,,,,,,,,,,0.07479995565907273,1,,,59.4,32.0,10^-3.31158,,,,,,0
1324776,1,5073,Penicillium malachiteum,"",eukaryota,false,,,,0.22439986697721817,3,,,89.231,65.0,10^-22.2622,,,,,,,,,,,,,,,,,,0
1303715,1,5073,Penicillium desertorum,"",eukaryota,false,,,,,,,,,,,,,,,,0.14959991131814546,2,,,100.0,32.0,10^-12.9136,,,,,,0
1258274,1,5073,Penicillium sp. W/Lt/10/1,"",eukaryota,false,,,,0.07479995565907273,1,,,100.0,99.0,10^-55.0164,,,,,,,,,,,,,,,,,,0
1108849,1,5073,Penicillium rubens,"",eukaryota,false,,,,0.07479995565907273,1,,,91.489,94.0,10^-40.629,,,,,,,,,,,,,,,,,,0
168475,1,5073,Penicillium taxi,"",eukaryota,false,,,,0.2991998226362909,4,,,88.0,50.0,10^-13.4557,,,,,,,,,,,,,,,,,,0
70096,1,5073,Penicillium cinerascens,"",eukaryota,false,,,,,,,,,,,,,,,,0.14959991131814546,2,,,90.45,31.5,10^-12.3587,,,,,,0
60174,1,5073,Penicillium echinulatum (nom. illeg.),"",eukaryota,false,,,,0.14959991131814546,2,,,100.0,100.0,10^-55.6982,,,,,,,,,,,,,,,,,,0
29845,1,5073,Penicillium vulpinum,"",eukaryota,false,,,,0.07479995565907273,1,,,91.667,36.0,10^-8.10892,,,,,,,,,,,,,,,,,,0
27334,1,5073,Penicillium expansum,"",eukaryota,false,,,,,,,,,,,,,,,,0.07479995565907273,1,,,87.5,24.0,10^-4.7167,,,,,,0
5076,1,5073,Penicillium chrysogenum,"",eukaryota,false,,,,0.07479995565907273,1,,,95.0,100.0,10^-48.8363,,,,,,,,,,,,,,,,,,0
5052,2,5052,Aspergillus,"",eukaryota,false,,,,2.5431984924084725,34,1,14,91.5907,91.0588,10^-33.4453,,,,,,2.6179984480675453,35,,,91.8057,31.0286,10^-11.0413,,,,,"[2070753, 1506151, 1405805, 1340029, 1191702, 979771, 746128, 573508, 396024, 340412, 319629, 306088, 182096, 138278, 138277, 51019, 41959, 41413, 41068, 33178]",2
2070753,1,5052,Aspergillus sclerotialis,"",eukaryota,false,,,,,,,,,,,,,,,,0.07479995565907273,1,,,93.9,33.0,10^-10.7878,,,,,,0
1506151,1,5052,Aspergillus pseudonomiae,"",eukaryota,false,,,,,,,,,,,,,,,,0.07479995565907273,1,,,81.3,32.0,10^-8.40671,,,,,,0
1405805,1,5052,Aspergillus pseudoglaucus,"",eukaryota,false,,,,0.14959991131814546,2,,,97.938,95.5,10^-49.8857,,,,,,,,,,,,,,,,,,0
1340029,1,5052,Aspergillus eucalypticola,"",eukaryota,false,,,,,,,,,,,,,,,,0.22439986697721817,3,,,93.9333,33.0,10^-12.8074,,,,,,0
1191702,1,5052,Aspergillus fijiensis,"",eukaryota,false,,,,0.07479995565907273,1,,,91.089,101.0,10^-44.0287,,,,,,,,,,,,,,,,,,0
979771,1,5052,Aspergillus saccharolyticus,"",eukaryota,false,,,,1.0471993792270182,14,1,14,86.047,86.0,10^-14.5544,,,,,,,,,,,,,,,,,,0
746128,1,5052,Aspergillus fumigatus,"",eukaryota,false,,,,0.2991998226362909,4,,,93.1817,91.5,10^-42.7058,,,,,,0.22439986697721817,3,,,91.8667,30.0,10^-11.2201,,,,,,1
573508,1,5052,Aspergillus cristatus,"",eukaryota,false,,,,0.07479995565907273,1,,,96.429,84.0,10^-40.6778,,,,,,,,,,,,,,,,,,0
396024,1,5052,Aspergillus ruber,"",eukaryota,false,,,,0.14959991131814546,2,,,93.684,94.5,10^-43.7145,,,,,,,,,,,,,,,,,,0
340412,1,5052,Aspergillus novofumigatus,"",eukaryota,false,,,,,,,,,,,,,,,,0.5235996896135091,7,,,94.3286,32.4286,10^-12.486,,,,,,0
319629,1,5052,Aspergillus brasiliensis,"",eukaryota,false,,,,,,,,,,,,,,,,0.14959991131814546,2,,,100.0,32.5,10^-12.8409,,,,,,0
306088,1,5052,Aspergillus steynii,"",eukaryota,false,,,,,,,,,,,,,,,,0.3739997782953636,5,,,84.74,29.4,10^-8.92414,,,,,,0
182096,1,5052,Aspergillus chevalieri,"",eukaryota,false,,,,0.44879973395443634,6,,,96.3695,101.0,10^-51.348,,,,,,,,,,,,,,,,,,0
138278,1,5052,Aspergillus ochraceoroseus,"",eukaryota,false,,,,,,,,,,,,,,,,0.14959991131814546,2,,,85.7,27.0,10^-7.93451,,,,,,0
138277,1,5052,Aspergillus melleus,"",eukaryota,false,,,,,,,,,,,,,,,,0.07479995565907273,1,,,100.0,33.0,10^-11.8697,,,,,,0
51019,1,5052,Aspergillus heteromorphus,"",eukaryota,false,,,,,,,,,,,,,,,,0.5235996896135091,7,,,95.5857,31.2857,10^-12.2771,,,,,,0
41959,1,5052,Aspergillus penicillioides,"",eukaryota,false,,,,0.22439986697721817,3,,,100.0,99.3333,10^-55.2437,,,,,,,,,,,,,,,,,,0
41413,1,5052,Aspergillus glaucus,"",eukaryota,false,,,,,,,,,,,,,,,,0.07479995565907273,1,,,78.8,33.0,10^-9.64397,,,,,,0
41068,1,5052,Aspergillus campestris,"",eukaryota,false,,,,,,,,,,,,,,,,0.14959991131814546,2,,,88.65,27.0,10^-7.07133,,,,,,0
33178,1,5052,Aspergillus terreus,"",eukaryota,false,,,,0.07479995565907273,1,,,87.719,57.0,10^-16.8298,,,,,,,,,,,,,,,,,,1
5036,2,5036,Histoplasma,"",eukaryota,false,,,,0.14959991131814546,2,,,100.0,93.0,10^-50.9264,,,,,,,,,,,,,,,,,[5037],1
5037,1,5036,Histoplasma capsulatum,"",eukaryota,false,,,,0.14959991131814546,2,,,100.0,93.0,10^-50.9264,,,,,,,,,,,,,,,,,,1
5027,2,5027,Pyrenophora,"",eukaryota,false,,,,0.07479995565907273,1,,,90.099,101.0,10^-42.6564,,,,,,,,,,,,,,,,,[380602],0
380602,1,5027,Pyrenophora phaeocomes,"",eukaryota,false,,,,0.07479995565907273,1,,,90.099,101.0,10^-42.6564,,,,,,,,,,,,,,,,,,0
5024,2,5024,Venturia,"",eukaryota,false,,,,0.14959991131814546,2,,,84.827,52.0,10^-12.0729,,,,,,,,,,,,,,,,,[50376],0
50376,1,5024,Venturia effusa,"",eukaryota,false,,,,0.14959991131814546,2,,,84.827,52.0,10^-12.0729,,,,,,,,,,,,,,,,,,0
4958,2,4958,Debaryomyces,"",eukaryota,false,,,,0.22439986697721817,3,,,96.8367,80.3333,10^-40.0471,,,,,,0.14959991131814546,2,,,100.0,33.0,10^-13.5652,,,,,[4959],0
4959,1,4958,Debaryomyces hansenii,"",eukaryota,false,,,,0.22439986697721817,3,,,96.8367,80.3333,10^-40.0471,,,,,,0.14959991131814546,2,,,100.0,33.0,10^-13.5652,,,,,,0
4951,2,4951,Yarrowia,"",eukaryota,false,,,,0.14959991131814546,2,,,85.0,40.0,10^-6.6908,,,,,,,,,,,,,,,,,[4952],0
4952,1,4951,Yarrowia lipolytica,"",eukaryota,false,,,,0.14959991131814546,2,,,85.0,40.0,10^-6.6908,,,,,,,,,,,,,,,,,,0
4943,2,4943,Saccharomycopsis,"",eukaryota,false,,,,0.22439986697721817,3,,,88.7053,62.0,10^-17.9884,,,,,,,,,,,,,,,,,[4944],0
4944,1,4943,Saccharomycopsis fibuligera,"",eukaryota,false,,,,0.22439986697721817,3,,,88.7053,62.0,10^-17.9884,,,,,,,,,,,,,,,,,,0
4930,2,4930,Saccharomyces,"",eukaryota,false,,,,0.5983996452725818,8,,,97.2223,81.25,10^-41.5835,,,,,,0.5235996896135091,7,,,99.5286,31.7143,10^-12.5922,,,,,[4932],1
4932,1,4930,Saccharomyces cerevisiae,brewer's yeast,eukaryota,false,,,,0.5983996452725818,8,,,97.2223,81.25,10^-41.5835,,,,,,0.5235996896135091,7,,,99.5286,31.7143,10^-12.5922,,,,,,1
4917,2,4917,Pachysolen,"",eukaryota,false,,,,,,,,,,,,,,,,0.07479995565907273,1,,,63.6,33.0,10^-4.08831,,,,,[4918],0
4918,1,4917,Pachysolen tannophilus,"",eukaryota,false,,,,,,,,,,,,,,,,0.07479995565907273,1,,,63.6,33.0,10^-4.08831,,,,,,0
4895,2,4895,Schizosaccharomyces,"",eukaryota,false,,,,0.5235996896135091,7,,,92.904,60.4286,10^-22.6947,,,,,,,,,,,,,,,,,"[2545709, 4897]",0
2545709,1,4895,Schizosaccharomyces osmophilus,"",eukaryota,false,,,,0.3739997782953636,5,,,93.5656,52.6,10^-18.7866,,,,,,,,,,,,,,,,,,0
4897,1,4895,Schizosaccharomyces japonicus,"",eukaryota,false,,,,0.14959991131814546,2,,,91.25,80.0,10^-32.4648,,,,,,,,,,,,,,,,,,0
4888,2,4888,Smittium,"",eukaryota,false,,,,,,,,,,,,,,,,0.07479995565907273,1,,,68.8,32.0,10^-4.44612,,,,,[133412],0
133412,1,4888,Smittium culicis,"",eukaryota,false,,,,,,,,,,,,,,,,0.07479995565907273,1,,,68.8,32.0,10^-4.44612,,,,,,0
4873,2,4873,Gigaspora,"",eukaryota,false,,,,,,,,,,,,,,,,0.22439986697721817,3,,,74.7667,31.3333,10^-6.00879,,,,,"[44941, 4874]",0
44941,1,4873,Gigaspora rosea,"",eukaryota,false,,,,,,,,,,,,,,,,0.14959991131814546,2,,,78.8,30.5,10^-6.81257,,,,,,0
4874,1,4873,Gigaspora margarita,"",eukaryota,false,,,,,,,,,,,,,,,,0.07479995565907273,1,,,66.7,33.0,10^-4.40121,,,,,,0
4863,2,4863,Coemansia,"",eukaryota,false,,,,,,,,,,,,,,,,0.07479995565907273,1,,,61.3,31.0,10^-4.42597,,,,,[417178],0
417178,1,4863,Coemansia spiralis,"",eukaryota,false,,,,,,,,,,,,,,,,0.07479995565907273,1,,,61.3,31.0,10^-4.42597,,,,,,0
4859,2,4859,Basidiobolus,"",eukaryota,false,,,,,,,,,,,,,,,,0.07479995565907273,1,,,72.7,33.0,10^-9.24565,,,,,[423460],0
423460,1,4859,Basidiobolus meristosporus,"",eukaryota,false,,,,,,,,,,,,,,,,0.07479995565907273,1,,,72.7,33.0,10^-9.24565,,,,,,0
4855,2,4855,Mortierella,"",eukaryota,false,,,,,,,,,,,,,,,,7.704395432884491,103,1,102,65.6094,45.8395,10^-12.479,,,,,"[1896186, 1896182]",0
1896186,1,4855,Mortierella sp. AM989,"",eukaryota,false,,,,,,,,,,,,,,,,7.6295954772254175,102,1,102,65.217,46.0,10^-12.466,,,,,,0
1896182,1,4855,Mortierella sp. AD031,"",eukaryota,false,,,,,,,,,,,,,,,,0.07479995565907273,1,,,97.0,33.0,10^-13.5186,,,,,,0
4842,2,4842,Rhizopus,"",eukaryota,false,,,,,,,,,,,,,,,,1.0471993792270182,14,,,66.7769,30.9231,10^-5.59841,,,,,"[936053, 64495, 58291]",2
936053,1,4842,Rhizopus delemar,"",eukaryota,false,,,,,,,,,,,,,,,,0.2991998226362909,4,,,61.8667,32.3333,10^-4.86639,,,,,,0
64495,1,4842,Rhizopus arrhizus,"",eukaryota,false,,,,,,,,,,,,,,,,0.5235996896135091,7,,,67.2143,31.1429,10^-5.59229,,,,,,1
58291,1,4842,Rhizopus microsporus,"",eukaryota,false,,,,,,,,,,,,,,,,0.22439986697721817,3,,,70.6667,29.0,10^-6.34471,,,,,,1
4830,2,4830,Mucor,"",eukaryota,false,,,,0.2991998226362909,4,,,92.5622,87.0,10^-38.6257,,,,,,0.22439986697721817,3,,,71.7,33.0,10^-6.02305,,,,,"[97098, 91626, 29924, 29922, 4841]",0
97098,1,4830,Mucor plumbeus,"",eukaryota,false,,,,,,,,,,,,,,,,0.14959991131814546,2,,,62.1,33.0,10^-4.40516,,,,,,0
91626,1,4830,Mucor ambiguus,"",eukaryota,false,,,,,,,,,,,,,,,,0.07479995565907273,1,,,90.9,33.0,10^-9.25885,,,,,,0
29924,1,4830,Mucor lusitanicus,"",eukaryota,false,,,,0.07479995565907273,1,,,98.02,101.0,10^-53.6353,,,,,,,,,,,,,,,,,,0
29922,1,4830,Mucor mucedo,"",eukaryota,false,,,,0.07479995565907273,1,,,89.13,46.0,10^-12.1196,,,,,,,,,,,,,,,,,,0
4841,1,4830,Mucor racemosus,"",eukaryota,false,,,,0.14959991131814546,2,,,91.5495,100.5,10^-44.374,,,,,,,,,,,,,,,,,,0
4821,2,4821,Piromyces,"",eukaryota,false,,,,,,,,,,,,,,,,0.3739997782953636,5,,,68.1,31.3333,10^-5.39434,,,,,[1754191],0
1754191,1,4821,Piromyces finnis,"",eukaryota,false,,,,,,,,,,,,,,,,0.3739997782953636,5,,,68.1,31.3333,10^-5.39434,,,,,,0
4815,2,4815,Spizellomyces,"",eukaryota,false,,,,,,,,,,,,,,,,0.07479995565907273,1,,,73.3,30.0,10^-4.1831,,,,,[117820],0
117820,1,4815,Spizellomyces sp. 'palustris',"",eukaryota,false,,,,,,,,,,,,,,,,0.07479995565907273,1,,,73.3,30.0,10^-4.1831,,,,,,0
4813,2,4813,Chytridium,"",eukaryota,false,,,,,,,,,,,,,,,,0.07479995565907273,1,,,67.7,31.0,10^-5.48017,,,,,[64509],0
64509,1,4813,Chytridium lagenaria,"",eukaryota,false,,,,,,,,,,,,,,,,0.07479995565907273,1,,,67.7,31.0,10^-5.48017,,,,,,0
4802,2,4802,Lagenidium,"",eukaryota,false,,,,,,,,,,,,,,,,0.14959991131814546,2,,,69.75,29.5,10^-4.45061,,,,,[4803],0
4803,1,4802,Lagenidium giganteum,"",eukaryota,false,,,,,,,,,,,,,,,,0.14959991131814546,2,,,69.75,29.5,10^-4.45061,,,,,,0
4797,2,4797,Pythium,"",eukaryota,false,,,,,,,,,,,,,,,,0.22439986697721817,3,,,77.3667,32.3333,10^-6.73074,,,,,[114742],1
114742,1,4797,Pythium insidiosum,"",eukaryota,false,,,,,,,,,,,,,,,,0.22439986697721817,3,,,77.3667,32.3333,10^-6.73074,,,,,,1
4783,2,4783,Phytophthora,"",eukaryota,false,,,,0.2991998226362909,4,,,90.6813,67.5,10^-23.9662,,,,,,1.1967992905451637,16,,,66.575,30.8125,10^-4.60267,,,,,"[2077276, 1642459, 1490495, 707995, 639000, 129364, 100870, 67593, 53985, 29920, 4795, 4787]",0
2077276,1,4783,Phytophthora lilii,"",eukaryota,false,,,,,,,,,,,,,,,,0.14959991131814546,2,,,64.6,32.5,10^-5.11634,,,,,,0
1642459,1,4783,Phytophthora agathidicida,"",eukaryota,false,,,,0.07479995565907273,1,,,79.07,86.0,10^-21.4544,,,,,,,,,,,,,,,,,,0
1490495,1,4783,Phytophthora fragariaefolia,"",eukaryota,false,,,,,,,,,,,,,,,,0.14959991131814546,2,,,66.6,28.0,10^-4.18946,,,,,,0
707995,1,4783,Phytophthora alticola,"",eukaryota,false,,,,0.07479995565907273,1,,,95.161,62.0,10^-25.7137,,,,,,,,,,,,,,,,,,0
639000,1,4783,Phytophthora plurivora,"",eukaryota,false,,,,0.07479995565907273,1,,,93.333,60.0,10^-22.9832,,,,,,,,,,,,,,,,,,0
129364,1,4783,Phytophthora rubi,"",eukaryota,false,,,,,,,,,,,,,,,,0.07479995565907273,1,,,71.9,32.0,10^-5.49621,,,,,,0
100870,1,4783,Phytophthora litchii,"",eukaryota,false,,,,0.07479995565907273,1,,,95.161,62.0,10^-25.7137,,,,,,,,,,,,,,,,,,0
67593,1,4783,Phytophthora sojae,"",eukaryota,false,,,,,,,,,,,,,,,,0.07479995565907273,1,,,66.7,24.0,10^-3.61798,,,,,,0
53985,1,4783,Phytophthora fragariae,"",eukaryota,false,,,,,,,,,,,,,,,,0.22439986697721817,3,,,73.4333,30.6667,10^-5.56381,,,,,,0
29920,1,4783,Phytophthora cactorum,"",eukaryota,false,,,,,,,,,,,,,,,,0.14959991131814546,2,,,65.6,32.0,10^-3.32057,,,,,,0
4795,1,4783,Phytophthora megakarya,"",eukaryota,false,,,,,,,,,,,,,,,,0.22439986697721817,3,,,61.9,32.3333,10^-4.86888,,,,,,0
4787,1,4783,Phytophthora infestans,potato late blight agent,eukaryota,false,,,,,,,,,,,,,,,,0.14959991131814546,2,,,63.5,31.5,10^-3.98886,,,,,,0
4765,2,4765,Achlya,"",eukaryota,false,,,,,,,,,,,,,,,,0.07479995565907273,1,,,89.3,28.0,10^-5.76447,,,,,[4767],0
4767,1,4765,Achlya klebsiana,"",eukaryota,false,,,,,,,,,,,,,,,,0.07479995565907273,1,,,89.3,28.0,10^-5.76447,,,,,,0
4753,2,4753,Pneumocystis,"",eukaryota,false,,,,,,,,,,,,,,,,0.22439986697721817,3,,,100.0,29.0,10^-12.475,,,,,[42068],1
42068,1,4753,Pneumocystis jirovecii,"",eukaryota,false,,,,,,,,,,,,,,,,0.22439986697721817,3,,,100.0,29.0,10^-12.475,,,,,,1
4719,2,4719,Phoenix,"",eukaryota,false,,,,,,,,,,,,,,,,0.07479995565907273,1,,,60.6,33.0,10^-3.86328,,,,,[42345],0
42345,1,4719,Phoenix dactylifera,date palm,eukaryota,false,,,,,,,,,,,,,,,,0.07479995565907273,1,,,60.6,33.0,10^-3.86328,,,,,,0
4685,2,4685,Asparagus,"",eukaryota,false,,,,,,,,,,,,,,,,0.07479995565907273,1,,,75.9,29.0,10^-4.31966,,,,,[4686],0
4686,1,4685,Asparagus officinalis,garden asparagus,eukaryota,false,,,,,,,,,,,,,,,,0.07479995565907273,1,,,75.9,29.0,10^-4.31966,,,,,,0
4672,2,4672,Dioscorea,"",eukaryota,false,,,,0.07479995565907273,1,,,89.474,76.0,10^-28.37,,,,,,0.07479995565907273,1,,,59.4,32.0,10^-3.74232,,,,,"[325984, 29710]",0
325984,1,4672,Dioscorea zingiberensis,"",eukaryota,false,,,,,,,,,,,,,,,,0.07479995565907273,1,,,59.4,32.0,10^-3.74232,,,,,,0
29710,1,4672,Dioscorea cayenensis,"",eukaryota,false,,,,0.07479995565907273,1,,,89.474,76.0,10^-28.37,,,,,,,,,,,,,,,,,,0
4650,2,4650,Zingiber,"",eukaryota,false,,,,,,,,,,,,,,,,0.07479995565907273,1,,,78.6,28.0,10^-4.54516,,,,,[94328],0
94328,1,4650,Zingiber officinale,"",eukaryota,false,,,,,,,,,,,,,,,,0.07479995565907273,1,,,78.6,28.0,10^-4.54516,,,,,,0
4640,2,4640,Musa,"",eukaryota,false,,,,0.22439986697721817,3,,,99.34,84.6667,10^-44.3536,,,,,,0.14959991131814546,2,,,75.0,32.0,10^-3.74232,,,,,"[320322, 4641]",0
320322,1,4640,Musa troglodytarum,"",eukaryota,false,,,,0.07479995565907273,1,,,100.0,52.0,10^-23.0453,,,,,,0.14959991131814546,2,,,75.0,32.0,10^-3.74232,,,,,,0
4641,1,4640,Musa acuminata,dwarf banana,eukaryota,false,,,,0.14959991131814546,2,,,99.01,101.0,10^-55.0077,,,,,,,,,,,,,,,,,,0
4614,2,4614,Ananas,"",eukaryota,false,,,,0.07479995565907273,1,,,97.222,36.0,10^-10.8537,,,,,,0.14959991131814546,2,,,80.3,33.0,10^-10.1823,,,,,[4615],0
4615,1,4614,Ananas comosus,pineapple,eukaryota,false,,,,0.07479995565907273,1,,,97.222,36.0,10^-10.8537,,,,,,0.14959991131814546,2,,,80.3,33.0,10^-10.1823,,,,,,0
4583,2,4583,Cenchrus,"",eukaryota,false,,,,0.07479995565907273,1,,,88.095,42.0,10^-9.41435,,,,,,,,,,,,,,,,,[154765],0
154765,1,4583,Cenchrus purpureus,"",eukaryota,false,,,,0.07479995565907273,1,,,88.095,42.0,10^-9.41435,,,,,,,,,,,,,,,,,,0
4575,2,4575,Zea,"",eukaryota,false,,,,,,,,,,,,,,,,0.07479995565907273,1,,,89.5,19.0,10^-3.71897,,,,,[4577],0
4577,1,4575,Zea mays,"",eukaryota,false,,,,,,,,,,,,,,,,0.07479995565907273,1,,,89.5,19.0,10^-3.71897,,,,,,0
4564,2,4564,Triticum,"",eukaryota,false,,,,0.44879973395443634,6,,,95.0078,62.6,10^-26.1669,,,,,,0.5983996452725818,8,,,89.05,30.5,10^-8.65308,,,,,"[85692, 4571, 4568, 4565]",0
85692,1,4564,Triticum dicoccoides,"",eukaryota,false,,,,0.14959991131814546,2,,,92.683,41.0,10^-11.4834,,,,,,0.14959991131814546,2,,,65.6,32.0,10^-5.78781,,,,,,0
4571,1,4564,Triticum turgidum,"",eukaryota,false,,,,,,,,,,,,,,,,0.2991998226362909,4,,,98.375,28.75,10^-10.0343,,,,,,0
4568,1,4564,Triticum monococcum,"",eukaryota,false,,,,0.14959991131814546,2,,,94.737,38.0,10^-10.8302,,,,,,,,,,,,,,,,,,0
4565,1,4564,Triticum aestivum,bread wheat,eukaryota,false,,,,0.14959991131814546,2,,,96.441,98.0,10^-48.8453,,,,,,0.14959991131814546,2,,,93.85,32.5,10^-8.75594,,,,,,0
4546,2,4546,Saccharum,"",eukaryota,false,,,,0.14959991131814546,2,,,91.9985,37.5,10^-8.43433,,,,,,,,,,,,,,,,,[128810],0
128810,1,4546,Saccharum hybrid cultivar,"",eukaryota,false,,,,0.14959991131814546,2,,,91.9985,37.5,10^-8.43433,,,,,,,,,,,,,,,,,,0
4539,2,4539,Panicum,"",eukaryota,false,,,,0.3739997782953636,5,,,90.108,42.4,10^-10.7827,,,,,,0.07479995565907273,1,,,82.8,29.0,10^-6.3098,,,,,"[206008, 4540]",0
206008,1,4539,Panicum hallii,"",eukaryota,false,,,,0.3739997782953636,5,,,90.108,42.4,10^-10.7827,,,,,,,,,,,,,,,,,,0
4540,1,4539,Panicum miliaceum,"",eukaryota,false,,,,,,,,,,,,,,,,0.07479995565907273,1,,,82.8,29.0,10^-6.3098,,,,,,0
4527,2,4527,Oryza,"",eukaryota,false,,,,0.2991998226362909,4,,,92.5823,56.5,10^-21.6737,,,,,,0.3739997782953636,5,,,75.04,30.2,10^-4.72306,,,,,[4530],0
4530,1,4527,Oryza sativa,Asian cultivated rice,eukaryota,false,,,,0.2991998226362909,4,,,92.5823,56.5,10^-21.6737,,,,,,0.3739997782953636,5,,,75.04,30.2,10^-4.72306,,,,,,0
4520,2,4520,Lolium,"",eukaryota,false,,,,,,,,,,,,,,,,0.14959991131814546,2,,,77.4,31.0,10^-7.40106,,,,,[4522],0
4522,1,4520,Lolium perenne,"",eukaryota,false,,,,,,,,,,,,,,,,0.14959991131814546,2,,,77.4,31.0,10^-7.40106,,,,,,0
4512,2,4512,Hordeum,"",eukaryota,false,,,,0.7479995565907273,10,,,91.2206,61.1,10^-21.8379,,,,,,0.07479995565907273,1,,,88.5,26.0,10^-6.30103,,,,,[4513],0
4513,1,4512,Hordeum vulgare,"",eukaryota,false,,,,0.7479995565907273,10,,,91.2206,61.1,10^-21.8379,,,,,,0.07479995565907273,1,,,88.5,26.0,10^-6.30103,,,,,,0
4480,2,4480,Aegilops,"",eukaryota,false,,,,0.14959991131814546,2,,,96.9525,98.5,10^-50.5585,,,,,,0.07479995565907273,1,,,60.6,33.0,10^-5.08407,,,,,[37682],0
37682,1,4480,Aegilops tauschii,"",eukaryota,false,,,,0.14959991131814546,2,,,96.9525,98.5,10^-50.5585,,,,,,0.07479995565907273,1,,,60.6,33.0,10^-5.08407,,,,,,0
4473,2,4473,Spirodela,"",eukaryota,false,,,,0.07479995565907273,1,,,91.667,36.0,10^-8.10892,,,,,,0.14959991131814546,2,,,76.6,32.0,10^-6.27798,,,,,"[51605, 29656]",0
51605,1,4473,Spirodela intermedia,"",eukaryota,false,,,,,,,,,,,,,,,,0.14959991131814546,2,,,76.6,32.0,10^-6.27798,,,,,,0
29656,1,4473,Spirodela polyrhiza,great duckweed,eukaryota,false,,,,0.07479995565907273,1,,,91.667,36.0,10^-8.10892,,,,,,,,,,,,,,,,,,0
4441,2,4441,Camellia,"",eukaryota,false,,,,0.07479995565907273,1,,,100.0,100.0,10^-55.6982,,,,,,0.14959991131814546,2,,,100.0,32.0,10^-13.1723,,,,,"[1840588, 4442]",0
1840588,1,4441,Camellia lanceoleosa,"",eukaryota,false,,,,,,,,,,,,,,,,0.14959991131814546,2,,,100.0,32.0,10^-13.1723,,,,,,0
4442,1,4441,Camellia sinensis,"",eukaryota,false,,,,0.07479995565907273,1,,,100.0,100.0,10^-55.6982,,,,,,,,,,,,,,,,,,0
4346,2,4346,Rhododendron,"",eukaryota,false,,,,0.14959991131814546,2,,,95.8335,68.5,10^-32.2445,,,,,,0.14959991131814546,2,,,80.45,25.5,10^-3.1898,,,,,"[182163, 49168]",0
182163,1,4346,Rhododendron vialii,"",eukaryota,false,,,,0.14959991131814546,2,,,95.8335,68.5,10^-32.2445,,,,,,,,,,,,,,,,,,0
49168,1,4346,Rhododendron molle,"",eukaryota,false,,,,,,,,,,,,,,,,0.14959991131814546,2,,,80.45,25.5,10^-3.1898,,,,,,0
4329,2,4329,Macadamia,"",eukaryota,false,,,,0.07479995565907273,1,,,83.333,36.0,10^-3.99181,,,,,,,,,,,,,,,,,[60698],0
60698,1,4329,Macadamia integrifolia,"",eukaryota,false,,,,0.07479995565907273,1,,,83.333,36.0,10^-3.99181,,,,,,,,,,,,,,,,,,0
4295,2,4295,Ilex,"",eukaryota,false,,,,0.07479995565907273,1,,,87.179,39.0,10^-7.38798,,,,,,,,,,,,,,,,,[4298],0
4298,1,4295,Ilex aquifolium,"",eukaryota,false,,,,0.07479995565907273,1,,,87.179,39.0,10^-7.38798,,,,,,,,,,,,,,,,,,0
4264,2,4264,Cynara,"",eukaryota,false,,,,0.07479995565907273,1,,,94.444,36.0,10^-9.48129,,,,,,,,,,,,,,,,,[4265],0
4265,1,4264,Cynara cardunculus,"",eukaryota,false,,,,0.07479995565907273,1,,,94.444,36.0,10^-9.48129,,,,,,,,,,,,,,,,,,0
4231,2,4231,Helianthus,"",eukaryota,false,,,,0.07479995565907273,1,,,100.0,101.0,10^-56.3801,,,,,,0.5983996452725818,8,,,67.725,30.125,10^-5.42933,,,,,"[382521, 4232]",0
382521,1,4231,Helianthus pauciflorus,"",eukaryota,false,,,,0.07479995565907273,1,,,100.0,101.0,10^-56.3801,,,,,,,,,,,,,,,,,,0
4232,1,4231,Helianthus annuus,common sunflower,eukaryota,false,,,,,,,,,,,,,,,,0.5983996452725818,8,,,67.725,30.125,10^-5.42933,,,,,,0
4219,2,4219,Artemisia,"",eukaryota,false,,,,,,,,,,,,,,,,0.07479995565907273,1,,,100.0,27.0,10^-10.4283,,,,,[35608],0
35608,1,4219,Artemisia annua,sweet wormwood,eukaryota,false,,,,,,,,,,,,,,,,0.07479995565907273,1,,,100.0,27.0,10^-10.4283,,,,,,0
4216,2,4216,Arctium,burdocks,eukaryota,false,,,,0.14959991131814546,2,,,93.0555,36.0,10^-8.79511,,,,,,0.22439986697721817,3,,,91.7667,32.3333,10^-11.2068,,,,,"[143172, 4217]",0
143172,1,4216,Arctium minus,"",eukaryota,false,,,,0.14959991131814546,2,,,93.0555,36.0,10^-8.79511,,,,,,,,,,,,,,,,,,0
4217,1,4216,Arctium lappa,great burdock,eukaryota,false,,,,,,,,,,,,,,,,0.22439986697721817,3,,,91.7667,32.3333,10^-11.2068,,,,,,0
4163,2,4163,Digitalis,foxgloves,eukaryota,false,,,,,,,,,,,,,,,,0.07479995565907273,1,,,100.0,31.0,10^-10.8013,,,,,[49450],0
49450,1,4163,Digitalis lanata,"",eukaryota,false,,,,,,,,,,,,,,,,0.07479995565907273,1,,,100.0,31.0,10^-10.8013,,,,,,0
4147,2,4147,Jasminum,jasmines,eukaryota,false,,,,0.14959991131814546,2,,,91.886,37.0,10^-8.78337,,,,,,,,,,,,,,,,,[660624],0
660624,1,4147,Jasminum sambac,"",eukaryota,false,,,,0.14959991131814546,2,,,91.886,37.0,10^-8.78337,,,,,,,,,,,,,,,,,,0
4145,2,4145,Olea,"",eukaryota,false,,,,0.7479995565907273,10,,,99.105,83.0,10^-43.171,,,,,,0.8227995122498,11,,,93.0545,29.1818,10^-8.35951,,,,,"[323693, 126551, 4146]",0
323693,1,4145,Olea tsoongii,"",eukaryota,false,,,,0.07479995565907273,1,,,98.0,50.0,10^-20.3176,,,,,,,,,,,,,,,,,,0
126551,1,4145,Olea brachiata,"",eukaryota,false,,,,0.07479995565907273,1,,,100.0,101.0,10^-56.3801,,,,,,,,,,,,,,,,,,0
4146,1,4145,Olea europaea,common olive,eukaryota,false,,,,0.5983996452725818,8,,,99.1312,84.875,10^-44.3765,,,,,,0.8227995122498,11,,,93.0545,29.1818,10^-8.35951,,,,,,0
4139,2,4139,Scutellaria,"",eukaryota,false,,,,0.5983996452725818,8,,,96.6529,76.375,10^-37.2432,,,,,,,,,,,,,,,,,"[1053395, 53169]",0
1053395,1,4139,Scutellaria minor,"",eukaryota,false,,,,0.44879973395443634,6,,,99.1408,89.5,10^-47.1874,,,,,,,,,,,,,,,,,,0
53169,1,4139,Scutellaria galericulata,"",eukaryota,false,,,,0.14959991131814546,2,,,89.189,37.0,10^-7.41084,,,,,,,,,,,,,,,,,,0
4128,2,4128,Cuscuta,"",eukaryota,false,,,,,,,,,,,,,,,,1.0471993792270182,14,,,73.6462,30.2308,10^-5.86611,,,,,"[267555, 186058, 132261, 41803]",0
267555,1,4128,Cuscuta australis,"",eukaryota,false,,,,,,,,,,,,,,,,0.14959991131814546,2,,,81.8,33.0,10^-9.39903,,,,,,0
186058,1,4128,Cuscuta epithymum,"",eukaryota,false,,,,,,,,,,,,,,,,0.2991998226362909,4,,,78.4,31.25,10^-6.89961,,,,,,0
132261,1,4128,Cuscuta campestris,"",eukaryota,false,,,,,,,,,,,,,,,,0.14959991131814546,2,,,60.65,32.0,10^-4.34306,,,,,,0
41803,1,4128,Cuscuta europaea,"",eukaryota,false,,,,,,,,,,,,,,,,0.44879973395443634,6,,,73.45,28.5,10^-5.09596,,,,,,0
4119,2,4119,Ipomoea,"",eukaryota,false,,,,0.8227995122498,11,1,11,93.375,317.0,10^-127.453,,,,,,0.07479995565907273,1,,,100.0,33.0,10^-12.2472,,,,,"[35885, 35883]",0
35885,1,4119,Ipomoea triloba,trilobed morning glory,eukaryota,false,,,,0.8227995122498,11,1,11,93.375,317.0,10^-127.453,,,,,,,,,,,,,,,,,,0
35883,1,4119,Ipomoea nil,Japanese morning glory,eukaryota,false,,,,,,,,,,,,,,,,0.07479995565907273,1,,,100.0,33.0,10^-12.2472,,,,,,0
4107,2,4107,Solanum,"",eukaryota,false,,,,0.8227995122498,11,,,90.1097,53.2727,10^-17.4541,,,,,,3.066798182021982,41,,,73.1522,29.0,10^-4.86223,,,,,"[45834, 28526, 4113, 4109, 4081]",0
45834,1,4107,Solanum dulcamara,"",eukaryota,false,,,,0.2991998226362909,4,,,88.873,57.5,10^-18.9242,,,,,,,,,,,,,,,,,,0
28526,1,4107,Solanum pennellii,"",eukaryota,false,,,,0.2991998226362909,4,,,91.6768,38.5,10^-9.45364,,,,,,0.14959991131814546,2,,,72.75,33.0,10^-5.83144,,,,,,0
4113,1,4107,Solanum tuberosum,potato,eukaryota,false,,,,0.07479995565907273,1,,,92.727,55.0,10^-19.59,,,,,,0.44879973395443634,6,,,82.0,30.75,10^-8.96531,,,,,,0
4109,1,4107,Solanum commersonii,Commerson's wild potato,eukaryota,false,,,,,,,,,,,,,,,,2.169198714113109,29,,,71.3533,27.5333,10^-3.50024,,,,,,0
4081,1,4107,Solanum lycopersicum,tomato,eukaryota,false,,,,0.14959991131814546,2,,,88.1405,73.5,10^-29.4465,,,,,,0.2991998226362909,4,,,69.35,32.5,10^-5.90176,,,,,,0
4085,2,4085,Nicotiana,"",eukaryota,false,,,,0.14959991131814546,2,,,77.5,40.0,10^-2.57368,,,,,,0.07479995565907273,1,,,59.4,32.0,10^-4.15428,,,,,"[49451, 4097]",0
49451,1,4085,Nicotiana attenuata,"",eukaryota,false,,,,,,,,,,,,,,,,0.07479995565907273,1,,,59.4,32.0,10^-4.15428,,,,,,0
4097,1,4085,Nicotiana tabacum,common tobacco,eukaryota,false,,,,0.14959991131814546,2,,,77.5,40.0,10^-2.57368,,,,,,,,,,,,,,,,,,0
4071,2,4071,Capsicum,peppers,eukaryota,false,,,,,,,,,,,,,,,,1.5707990688405271,21,,,89.415,29.05,10^-8.73674,,,,,[33114],0
33114,1,4071,Capsicum baccatum,"",eukaryota,false,,,,,,,,,,,,,,,,1.5707990688405271,21,,,89.415,29.05,10^-8.73674,,,,,,0
4053,2,4053,Panax,"",eukaryota,false,,,,0.3739997782953636,5,,,97.3104,37.2,10^-11.6629,,,,,,,,,,,,,,,,,[4054],0
4054,1,4053,Panax ginseng,"",eukaryota,false,,,,0.3739997782953636,5,,,97.3104,37.2,10^-11.6629,,,,,,,,,,,,,,,,,,0
4051,2,4051,Hedera,"",eukaryota,false,,,,0.6731996009316545,9,,,92.3695,54.875,10^-20.9139,,,,,,,,,,,,,,,,,[4052],0
4052,1,4051,Hedera helix,"",eukaryota,false,,,,0.6731996009316545,9,,,92.3695,54.875,10^-20.9139,,,,,,,,,,,,,,,,,,0
4022,2,4022,Acer,maple trees,eukaryota,false,,,,,,,,,,,,,,,,0.2991998226362909,4,,,79.425,31.0,10^-7.57037,,,,,"[4024, 4023]",0
4024,1,4022,Acer saccharum,sugar maple,eukaryota,false,,,,,,,,,,,,,,,,0.22439986697721817,3,,,74.6,30.3333,10^-6.36074,,,,,,0
4023,1,4022,Acer negundo,box elder,eukaryota,false,,,,,,,,,,,,,,,,0.07479995565907273,1,,,93.9,33.0,10^-11.1993,,,,,,0
4005,2,4005,Linum,"",eukaryota,false,,,,,,,,,,,,,,,,0.07479995565907273,1,,,67.7,31.0,10^-3.31605,,,,,[586396],0
586396,1,4005,Linum tenue,"",eukaryota,false,,,,,,,,,,,,,,,,0.07479995565907273,1,,,67.7,31.0,10^-3.31605,,,,,,0
4001,2,4001,Buxus,"",eukaryota,false,,,,0.3739997782953636,5,,,97.879,82.6,10^-42.4963,,,,,,,,,,,,,,,,,[4002],0
4002,1,4001,Buxus sempervirens,"",eukaryota,false,,,,0.3739997782953636,5,,,97.879,82.6,10^-42.4963,,,,,,,,,,,,,,,,,,0
3995,2,3995,Jatropha,"",eukaryota,false,,,,0.07479995565907273,1,,,84.211,38.0,10^-5.3407,,,,,,,,,,,,,,,,,[180498],0
180498,1,3995,Jatropha curcas,"",eukaryota,false,,,,0.07479995565907273,1,,,84.211,38.0,10^-5.3407,,,,,,,,,,,,,,,,,,0
3990,2,3990,Euphorbia,spurges,eukaryota,false,,,,0.14959991131814546,2,,,91.892,37.0,10^-8.78321,,,,,,,,,,,,,,,,,[38846],0
38846,1,3990,Euphorbia peplus,"",eukaryota,false,,,,0.14959991131814546,2,,,91.892,37.0,10^-8.78321,,,,,,,,,,,,,,,,,,0
3984,2,3984,Mercurialis,"",eukaryota,false,,,,0.07479995565907273,1,,,84.211,38.0,10^-5.3407,,,,,,,,,,,,,,,,,[3986],0
3986,1,3984,Mercurialis annua,annual mercury,eukaryota,false,,,,0.07479995565907273,1,,,84.211,38.0,10^-5.3407,,,,,,,,,,,,,,,,,,0
3982,2,3982,Manihot,"",eukaryota,false,,,,,,,,,,,,,,,,0.07479995565907273,1,,,97.0,33.0,10^-14.3072,,,,,[3983],0
3983,1,3982,Manihot esculenta,cassava,eukaryota,false,,,,,,,,,,,,,,,,0.07479995565907273,1,,,97.0,33.0,10^-14.3072,,,,,,0
3980,2,3980,Hevea,"",eukaryota,false,,,,,,,,,,,,,,,,558.3068690393188,7464,1,7460,52.9828,220.802,10^-46.1968,,,,,[3981],0
3981,1,3980,Hevea brasiliensis,rubber tree,eukaryota,false,,,,,,,,,,,,,,,,558.3068690393188,7464,1,7460,52.9828,220.802,10^-46.1968,,,,,,0
3913,2,3913,Vigna,"",eukaryota,false,,,,0.5235996896135091,7,,,86.1651,51.8571,10^-13.1541,,,,,,0.07479995565907273,1,,,83.3,24.0,10^-3.33913,,,,,[3917],0
3917,1,3913,Vigna unguiculata,cowpea,eukaryota,false,,,,0.5235996896135091,7,,,86.1651,51.8571,10^-13.1541,,,,,,0.07479995565907273,1,,,83.3,24.0,10^-3.33913,,,,,,0
3904,2,3904,Vicia,"",eukaryota,false,,,,,,,,,,,,,,,,0.07479995565907273,1,,,100.0,30.0,10^-11.7258,,,,,[3906],0
3906,1,3904,Vicia faba,fava bean,eukaryota,false,,,,,,,,,,,,,,,,0.07479995565907273,1,,,100.0,30.0,10^-11.7258,,,,,,0
3898,2,3898,Trifolium,"",eukaryota,false,,,,0.6731996009316545,9,,,91.527,45.1111,10^-13.9844,,,,,,0.5983996452725818,8,,,64.9375,30.0,10^-4.43948,,,,,"[97028, 97023, 97021, 57577, 3900]",0
97028,1,3898,Trifolium medium,"",eukaryota,false,,,,,,,,,,,,,,,,0.14959991131814546,2,,,59.3,27.0,10^-3.37986,,,,,,0
97023,1,3898,Trifolium fragiferum,"",eukaryota,false,,,,0.22439986697721817,3,,,88.889,36.0,10^-6.73655,,,,,,,,,,,,,,,,,,0
97021,1,3898,Trifolium dubium,"",eukaryota,false,,,,0.22439986697721817,3,,,92.5293,39.6667,10^-10.5832,,,,,,,,,,,,,,,,,,0
57577,1,3898,Trifolium pratense,"",eukaryota,false,,,,,,,,,,,,,,,,0.22439986697721817,3,,,68.5,30.6667,10^-4.62874,,,,,,0
3900,1,3898,Trifolium subterraneum,"",eukaryota,false,,,,0.22439986697721817,3,,,93.1627,59.6667,10^-24.6336,,,,,,0.22439986697721817,3,,,65.1333,31.3333,10^-4.95664,,,,,,0
3887,2,3887,Pisum,"",eukaryota,false,,,,,,,,,,,,,,,,0.07479995565907273,1,,,75.8,33.0,10^-6.37779,,,,,[3888],0
3888,1,3887,Pisum sativum,garden pea,eukaryota,false,,,,,,,,,,,,,,,,0.07479995565907273,1,,,75.8,33.0,10^-6.37779,,,,,,0
3877,2,3877,Medicago,medics,eukaryota,false,,,,0.2991998226362909,4,,,90.7375,42.5,10^-11.1283,,,,,,0.5983996452725818,8,1,6,97.945,63.0,10^-35.4319,,,,,"[70936, 3880]",0
70936,1,3877,Medicago arabica,"",eukaryota,false,,,,0.2991998226362909,4,,,90.7375,42.5,10^-11.1283,,,,,,,,,,,,,,,,,,0
3880,1,3877,Medicago truncatula,barrel medic,eukaryota,false,,,,,,,,,,,,,,,,0.5983996452725818,8,1,6,97.945,63.0,10^-35.4319,,,,,,0
3869,2,3869,Lupinus,"",eukaryota,false,,,,0.8227995122498,11,,,90.391,39.5455,10^-9.38036,,,,,,367.04338241906987,4907,3,4745,58.653,218.586,10^-60.8112,,,,,"[3871, 3870]",0
3871,1,3869,Lupinus angustifolius,narrow-leaved blue lupine,eukaryota,false,,,,0.8227995122498,11,,,90.391,39.5455,10^-9.38036,,,,,,0.07479995565907273,1,,,51.6,31.0,10^-3.75203,,,,,,0
3870,1,3869,Lupinus albus,white lupine,eukaryota,false,,,,,,,,,,,,,,,,366.96858246341077,4906,3,4745,58.6551,218.641,10^-60.828,,,,,,0
3867,2,3867,Lotus,"",eukaryota,false,,,,0.14959991131814546,2,,,87.939,37.0,10^-6.72481,,,,,,0.2991998226362909,4,,,63.8333,32.3333,10^-3.87698,,,,,[34305],0
34305,1,3867,Lotus japonicus,"",eukaryota,false,,,,0.14959991131814546,2,,,87.939,37.0,10^-6.72481,,,,,,0.2991998226362909,4,,,63.8333,32.3333,10^-3.87698,,,,,,0
3846,2,3846,Glycine,"",eukaryota,false,,,,,,,,,,,,,,,,0.22439986697721817,3,,,76.3667,31.6667,10^-7.15154,,,,,"[3848, 3847]",0
3848,1,3846,Glycine soja,"",eukaryota,false,,,,,,,,,,,,,,,,0.07479995565907273,1,,,63.6,33.0,10^-3.18776,,,,,,0
3847,1,3846,Glycine max,soybean,eukaryota,false,,,,,,,,,,,,,,,,0.14959991131814546,2,,,82.75,31.0,10^-9.13343,,,,,,0
3826,2,3826,Cicer,"",eukaryota,false,,,,0.44879973395443634,6,,,95.9307,36.3333,10^-10.3923,,,,,,,,,,,,,,,,,[3827],0
3827,1,3826,Cicer arietinum,chickpea,eukaryota,false,,,,0.44879973395443634,6,,,95.9307,36.3333,10^-10.3923,,,,,,,,,,,,,,,,,,0
3820,2,3820,Cajanus,"",eukaryota,false,,,,,,,,,,,,,,,,0.5983996452725818,8,,,68.1375,30.625,10^-5.21129,,,,,[3821],0
3821,1,3820,Cajanus cajan,pigeon pea,eukaryota,false,,,,,,,,,,,,,,,,0.5983996452725818,8,,,68.1375,30.625,10^-5.21129,,,,,,0
3817,2,3817,Arachis,"",eukaryota,false,,,,0.07479995565907273,1,,,97.727,44.0,10^-16.256,,,,,,0.2991998226362909,4,,,97.0,33.0,10^-13.5649,,,,,"[130454, 3818]",0
130454,1,3817,Arachis ipaensis,"",eukaryota,false,,,,0.07479995565907273,1,,,97.727,44.0,10^-16.256,,,,,,,,,,,,,,,,,,0
3818,1,3817,Arachis hypogaea,peanut,eukaryota,false,,,,,,,,,,,,,,,,0.2991998226362909,4,,,97.0,33.0,10^-13.5649,,,,,,0
3815,2,3815,Abrus,"",eukaryota,false,,,,,,,,,,,,,,,,0.07479995565907273,1,,,66.7,27.0,10^-4.42136,,,,,[3816],0
3816,1,3815,Abrus precatorius,Indian licorice,eukaryota,false,,,,,,,,,,,,,,,,0.07479995565907273,1,,,66.7,27.0,10^-4.42136,,,,,,0
3764,2,3764,Rosa,"",eukaryota,false,,,,0.14959991131814546,2,,,92.1,38.0,10^-9.45796,,,,,,,,,,,,,,,,,"[74649, 74645]",0
74649,1,3764,Rosa chinensis,"",eukaryota,false,,,,0.07479995565907273,1,,,91.892,37.0,10^-8.78321,,,,,,,,,,,,,,,,,,0
74645,1,3764,Rosa rugosa,"",eukaryota,false,,,,0.07479995565907273,1,,,92.308,39.0,10^-10.1327,,,,,,,,,,,,,,,,,,0
3761,2,3761,Geum,"",eukaryota,false,,,,0.07479995565907273,1,,,91.892,37.0,10^-8.78321,,,,,,,,,,,,,,,,,[57919],0
57919,1,3761,Geum urbanum,"",eukaryota,false,,,,0.07479995565907273,1,,,91.892,37.0,10^-8.78321,,,,,,,,,,,,,,,,,,0
3754,2,3754,Prunus,"",eukaryota,false,,,,,,,,,,,,,,,,0.5235996896135091,7,,,83.1286,31.8571,10^-8.42855,,,,,"[36596, 3760, 3755]",0
36596,1,3754,Prunus armeniaca,apricot,eukaryota,false,,,,,,,,,,,,,,,,0.14959991131814546,2,,,92.45,33.0,10^-9.68143,,,,,,0
3760,1,3754,Prunus persica,peach,eukaryota,false,,,,,,,,,,,,,,,,0.14959991131814546,2,,,100.0,32.0,10^-11.755,,,,,,0
3755,1,3754,Prunus dulcis,almond,eukaryota,false,,,,,,,,,,,,,,,,0.22439986697721817,3,,,65.6667,31.0,10^-5.37565,,,,,,0
3749,2,3749,Malus,"",eukaryota,false,,,,0.6731996009316545,9,,,93.1411,45.7778,10^-15.0452,,,,,,6.806795964975618,91,1,90,66.1512,43.859,10^-11.5465,,,,,"[3752, 3750]",0
3752,1,3749,Malus sylvestris,European crab apple,eukaryota,false,,,,0.22439986697721817,3,,,98.2453,59.0,10^-26.9284,,,,,,,,,,,,,,,,,,0
3750,1,3749,Malus domestica,apple,eukaryota,false,,,,0.44879973395443634,6,,,90.589,39.1667,10^-9.10365,,,,,,6.806795964975618,91,1,90,66.1512,43.859,10^-11.5465,,,,,,0
3746,2,3746,Fragaria,"",eukaryota,false,,,,0.07479995565907273,1,,,89.474,38.0,10^-8.08544,,,,,,,,,,,,,,,,,[3747],0
3747,1,3746,Fragaria x ananassa,strawberry,eukaryota,false,,,,0.07479995565907273,1,,,89.474,38.0,10^-8.08544,,,,,,,,,,,,,,,,,,0
3725,2,3725,Raphanus,"",eukaryota,false,,,,0.07479995565907273,1,,,92.105,38.0,10^-9.45781,,,,,,,,,,,,,,,,,[3726],0
3726,1,3725,Raphanus sativus,radish,eukaryota,false,,,,0.07479995565907273,1,,,92.105,38.0,10^-9.45781,,,,,,,,,,,,,,,,,,0
3705,2,3705,Brassica,"",eukaryota,false,,,,0.5235996896135091,7,,,89.5261,42.4286,10^-10.2981,,,,,,0.44879973395443634,6,,,86.42,30.2,10^-8.76755,,,,,"[3712, 3711, 3708]",0
3712,1,3705,Brassica oleracea,wild cabbage,eukaryota,false,,,,0.14959991131814546,2,,,88.36,38.5,10^-7.73671,,,,,,,,,,,,,,,,,,0
3711,1,3705,Brassica rapa,field mustard,eukaryota,false,,,,0.14959991131814546,2,,,91.9985,37.5,10^-9.12051,,,,,,0.07479995565907273,1,,,67.7,31.0,10^-3.04576,,,,,,0
3708,1,3705,Brassica napus,rape,eukaryota,false,,,,0.22439986697721817,3,,,88.6553,48.3333,10^-12.7909,,,,,,0.3739997782953636,5,,,91.1,30.0,10^-10.198,,,,,,0
3701,2,3701,Arabidopsis,"",eukaryota,false,,,,0.14959991131814546,2,,,86.5725,51.0,10^-12.0851,,,,,,0.5983996452725818,8,,,73.525,29.375,10^-5.36522,,,,,"[1240361, 45249, 38785, 3702]",0
1240361,1,3701,Arabidopsis thaliana x Arabidopsis arenosa,"",eukaryota,false,,,,,,,,,,,,,,,,0.14959991131814546,2,,,68.7,32.0,10^-6.38004,,,,,,0
45249,1,3701,Arabidopsis suecica,"",eukaryota,false,,,,,,,,,,,,,,,,0.14959991131814546,2,,,67.0,32.0,10^-6.10828,,,,,,0
38785,1,3701,Arabidopsis arenosa,"",eukaryota,false,,,,,,,,,,,,,,,,0.14959991131814546,2,,,95.2,21.0,10^-3.88606,,,,,,0
3702,1,3701,Arabidopsis thaliana,thale cress,eukaryota,false,,,,0.14959991131814546,2,,,86.5725,51.0,10^-12.0851,,,,,,0.14959991131814546,2,,,63.2,32.5,10^-5.08652,,,,,,0
3689,2,3689,Populus,poplars,eukaryota,false,,,,0.22439986697721817,3,,,94.8647,38.0,10^-10.8305,,,,,,0.3739997782953636,5,,,87.66,29.8,10^-8.13778,,,,,"[43335, 3694]",0
43335,1,3689,Populus alba,white poplar,eukaryota,false,,,,,,,,,,,,,,,,0.2991998226362909,4,,,87.575,31.0,10^-8.55381,,,,,,0
3694,1,3689,Populus trichocarpa,black cottonwood,eukaryota,false,,,,0.22439986697721817,3,,,94.8647,38.0,10^-10.8305,,,,,,0.07479995565907273,1,,,88.0,25.0,10^-6.47366,,,,,,0
3671,2,3671,Momordica,"",eukaryota,false,,,,,,,,,,,,,,,,0.07479995565907273,1,,,69.4,36.0,10^-6.4437,,,,,[3673],0
3673,1,3671,Momordica charantia,bitter melon,eukaryota,false,,,,,,,,,,,,,,,,0.07479995565907273,1,,,69.4,36.0,10^-6.4437,,,,,,0
3655,2,3655,Cucumis,"",eukaryota,false,,,,0.2991998226362909,4,,,85.636,36.5,10^-5.35831,,,,,,2.3187986254312545,31,,,71.937,27.7407,10^-4.11317,,,,,[3656],0
3656,1,3655,Cucumis melo,muskmelon,eukaryota,false,,,,0.2991998226362909,4,,,85.636,36.5,10^-5.35831,,,,,,2.3187986254312545,31,,,71.937,27.7407,10^-4.11317,,,,,,0
3640,2,3640,Theobroma,"",eukaryota,false,,,,0.07479995565907273,1,,,94.872,39.0,10^-11.5051,,,,,,,,,,,,,,,,,[3641],0
3641,1,3640,Theobroma cacao,cacao,eukaryota,false,,,,0.07479995565907273,1,,,94.872,39.0,10^-11.5051,,,,,,,,,,,,,,,,,,0
3633,2,3633,Gossypium,"",eukaryota,false,,,,0.22439986697721817,3,,,84.076,41.6667,10^-6.90199,,,,,,7.255595698930055,97,,,62.9043,32.3913,10^-3.47426,,,,,"[47600, 34274, 3634]",0
47600,1,3633,Gossypium anomalum,"",eukaryota,false,,,,,,,,,,,,,,,,0.07479995565907273,1,,,65.5,29.0,10^-3.59007,,,,,,0
34274,1,3633,Gossypium herbaceum,"",eukaryota,false,,,,0.22439986697721817,3,,,84.076,41.6667,10^-6.90199,,,,,,,,,,,,,,,,,,0
3634,1,3633,Gossypium barbadense,sea-island cotton,eukaryota,false,,,,,,,,,,,,,,,,7.1807957432709815,96,,,62.8467,32.4667,10^-3.47168,,,,,,0
3603,2,3603,Vitis,"",eukaryota,false,,,,0.22439986697721817,3,,,91.2283,58.6667,10^-23.0414,,,,,,0.22439986697721817,3,,,80.1667,27.6667,10^-5.89796,,,,,"[884147, 103349, 29760]",0
884147,1,3603,Vitis x doaniana,"",eukaryota,false,,,,0.07479995565907273,1,,,100.0,100.0,10^-55.6982,,,,,,,,,,,,,,,,,,0
103349,1,3603,Vitis rotundifolia,"",eukaryota,false,,,,0.07479995565907273,1,,,89.474,38.0,10^-8.08544,,,,,,,,,,,,,,,,,,0
29760,1,3603,Vitis vinifera,wine grape,eukaryota,false,,,,0.07479995565907273,1,,,84.211,38.0,10^-5.3407,,,,,,0.22439986697721817,3,,,80.1667,27.6667,10^-5.89796,,,,,,0
3573,2,3573,Silene,campions,eukaryota,false,,,,0.07479995565907273,1,,,100.0,75.0,10^-38.6685,,,,,,,,,,,,,,,,,[42043],0
42043,1,3573,Silene vulgaris,bladder campion,eukaryota,false,,,,0.07479995565907273,1,,,100.0,75.0,10^-38.6685,,,,,,,,,,,,,,,,,,0
3564,2,3564,Amaranthus,"",eukaryota,false,,,,,,,,,,,,,,,,0.14959991131814546,2,,,80.6,31.0,10^-7.65758,,,,,[107609],0
107609,1,3564,Amaranthus quitensis,"",eukaryota,false,,,,,,,,,,,,,,,,0.14959991131814546,2,,,80.6,31.0,10^-7.65758,,,,,,0
3561,2,3561,Spinacia,"",eukaryota,false,,,,0.07479995565907273,1,,,90.476,63.0,10^-22.2758,,,,,,1.7951989358177454,24,,,88.39,30.9,10^-7.84,,,,,[3562],0
3562,1,3561,Spinacia oleracea,spinach,eukaryota,false,,,,0.07479995565907273,1,,,90.476,63.0,10^-22.2758,,,,,,1.7951989358177454,24,,,88.39,30.9,10^-7.84,,,,,,0
3558,2,3558,Chenopodium,"",eukaryota,false,,,,0.3739997782953636,5,,,88.6636,43.0,10^-10.367,,,,,,0.22439986697721817,3,,,69.1333,30.3333,10^-5.04782,,,,,"[63459, 3559]",0
63459,1,3558,Chenopodium quinoa,quinoa,eukaryota,false,,,,,,,,,,,,,,,,0.22439986697721817,3,,,69.1333,30.3333,10^-5.04782,,,,,,0
3559,1,3558,Chenopodium album,"",eukaryota,false,,,,0.3739997782953636,5,,,88.6636,43.0,10^-10.367,,,,,,,,,,,,,,,,,,0
3554,2,3554,Beta,"",eukaryota,false,,,,0.2991998226362909,4,,,89.8745,54.75,10^-17.043,,,,,,0.22439986697721817,3,,,80.8667,23.3333,10^-3.3014,,,,,[161934],0
161934,1,3554,Beta vulgaris,"",eukaryota,false,,,,0.2991998226362909,4,,,89.8745,54.75,10^-17.043,,,,,,0.22439986697721817,3,,,80.8667,23.3333,10^-3.3014,,,,,,0
3511,2,3511,Quercus,"",eukaryota,false,,,,0.3739997782953636,5,,,90.5164,42.8,10^-11.3294,,,,,,0.07479995565907273,1,,,84.8,33.0,10^-12.2676,,,,,"[103481, 58331, 38942]",0
103481,1,3511,Quercus variabilis,"",eukaryota,false,,,,0.07479995565907273,1,,,95.918,49.0,10^-18.2678,,,,,,,,,,,,,,,,,,0
58331,1,3511,Quercus suber,"",eukaryota,false,,,,,,,,,,,,,,,,0.07479995565907273,1,,,84.8,33.0,10^-12.2676,,,,,,0
38942,1,3511,Quercus robur,English oak,eukaryota,false,,,,0.2991998226362909,4,,,89.166,41.25,10^-9.59485,,,,,,,,,,,,,,,,,,0
3500,2,3500,Urtica,"",eukaryota,false,,,,0.07479995565907273,1,,,88.889,72.0,10^-25.6487,,,,,,,,,,,,,,,,,[473050],0
473050,1,3500,Urtica urens,"",eukaryota,false,,,,0.07479995565907273,1,,,88.889,72.0,10^-25.6487,,,,,,,,,,,,,,,,,,0
3497,2,3497,Morus,mulberries,eukaryota,false,,,,0.14959991131814546,2,,,91.553,90.0,10^-39.2788,,,,,,0.14959991131814546,2,,,89.05,32.5,10^-8.0046,,,,,[981085],0
981085,1,3497,Morus notabilis,"",eukaryota,false,,,,0.14959991131814546,2,,,91.553,90.0,10^-39.2788,,,,,,0.14959991131814546,2,,,89.05,32.5,10^-8.0046,,,,,,0
3468,2,3468,Papaver,"",eukaryota,false,,,,,,,,,,,,,,,,0.14959991131814546,2,,,81.25,32.5,10^-8.01042,,,,,"[74823, 3469]",0
74823,1,3468,Papaver nudicaule,"",eukaryota,false,,,,,,,,,,,,,,,,0.07479995565907273,1,,,100.0,33.0,10^-12.5498,,,,,,0
3469,1,3468,Papaver somniferum,opium poppy,eukaryota,false,,,,,,,,,,,,,,,,0.07479995565907273,1,,,62.5,32.0,10^-3.47108,,,,,,0
3402,2,3402,Magnolia,"",eukaryota,false,,,,0.14959991131814546,2,,,79.545,44.0,10^-5.27703,,,,,,,,,,,,,,,,,[86752],0
86752,1,3402,Magnolia sinica,"",eukaryota,false,,,,0.14959991131814546,2,,,79.545,44.0,10^-5.27703,,,,,,,,,,,,,,,,,,0
3368,2,3368,Cryptomeria,"",eukaryota,false,,,,,,,,,,,,,,,,0.14959991131814546,2,,,65.15,33.0,10^-4.71011,,,,,[3369],0
3369,1,3368,Cryptomeria japonica,Japanese cedar,eukaryota,false,,,,,,,,,,,,,,,,0.14959991131814546,2,,,65.15,33.0,10^-4.71011,,,,,,0
3337,2,3337,Pinus,"",eukaryota,false,,,,1.6455990244996,22,,,93.6459,79.4545,10^-34.4183,,,,,,,,,,,,,,,,,[3352],0
3352,1,3337,Pinus taeda,loblolly pine,eukaryota,false,,,,1.6455990244996,22,,,93.6459,79.4545,10^-34.4183,,,,,,,,,,,,,,,,,,0
3328,2,3328,Picea,"",eukaryota,false,,,,,,,,,,,,,,,,0.07479995565907273,1,,,63.6,33.0,10^-5.21681,,,,,[3332],0
3332,1,3328,Picea sitchensis,Sitka spruce,eukaryota,false,,,,,,,,,,,,,,,,0.07479995565907273,1,,,63.6,33.0,10^-5.21681,,,,,,0
3323,2,3323,Keteleeria,"",eukaryota,false,,,,,,,,,,,,,,,,0.22439986697721817,3,,,100.0,33.0,10^-13.0024,,,,,[3324],0
3324,1,3323,Keteleeria davidiana,"",eukaryota,false,,,,,,,,,,,,,,,,0.22439986697721817,3,,,100.0,33.0,10^-13.0024,,,,,,0
3224,2,3224,Ceratodon,"",eukaryota,false,,,,,,,,,,,,,,,,0.07479995565907273,1,,,58.1,31.0,10^-3.17522,,,,,[3225],0
3225,1,3224,Ceratodon purpureus,"",eukaryota,false,,,,,,,,,,,,,,,,0.07479995565907273,1,,,58.1,31.0,10^-3.17522,,,,,,0
3196,2,3196,Marchantia,"",eukaryota,false,,,,0.07479995565907273,1,,,100.0,57.0,10^-26.4364,,,,,,0.2991998226362909,4,,,88.6,28.5,10^-6.8904,,,,,[3197],0
3197,1,3196,Marchantia polymorpha,liverwort,eukaryota,false,,,,0.07479995565907273,1,,,100.0,57.0,10^-26.4364,,,,,,0.2991998226362909,4,,,88.6,28.5,10^-6.8904,,,,,,0
3110,2,3110,Prototheca,"",eukaryota,false,,,,0.14959991131814546,2,,,100.0,101.0,10^-56.3801,,,,,,,,,,,,,,,,,[3111],0
3111,1,3110,Prototheca wickerhamii,"",eukaryota,false,,,,0.14959991131814546,2,,,100.0,101.0,10^-56.3801,,,,,,,,,,,,,,,,,,0
3071,2,3071,Chlorella,"",eukaryota,false,,,,0.07479995565907273,1,,,91.667,48.0,10^-14.8458,,,,,,0.07479995565907273,1,,,90.5,21.0,10^-3.31515,,,,,[554065],0
554065,1,3071,Chlorella variabilis,"",eukaryota,false,,,,0.07479995565907273,1,,,91.667,48.0,10^-14.8458,,,,,,0.07479995565907273,1,,,90.5,21.0,10^-3.31515,,,,,,0
3066,2,3066,Volvox,"",eukaryota,false,,,,0.14959991131814546,2,,,92.361,38.0,10^-9.45842,,,,,,0.22439986697721817,3,,,60.9333,29.0,10^-4.27973,,,,,"[51714, 3067]",0
51714,1,3066,Volvox africanus,"",eukaryota,false,,,,,,,,,,,,,,,,0.22439986697721817,3,,,60.9333,29.0,10^-4.27973,,,,,,0
3067,1,3066,Volvox carteri,"",eukaryota,false,,,,0.14959991131814546,2,,,92.361,38.0,10^-9.45842,,,,,,,,,,,,,,,,,,0
3052,2,3052,Chlamydomonas,"",eukaryota,false,,,,0.14959991131814546,2,,,92.1,38.0,10^-9.45796,,,,,,,,,,,,,,,,,[3055],0
3055,1,3052,Chlamydomonas reinhardtii,"",eukaryota,false,,,,0.14959991131814546,2,,,92.1,38.0,10^-9.45796,,,,,,,,,,,,,,,,,,0
3044,2,3044,Dunaliella,"",eukaryota,false,,,,0.14959991131814546,2,,,97.222,36.0,10^-10.8537,,,,,,,,,,,,,,,,,[257627],0
257627,1,3044,Dunaliella primolecta,"",eukaryota,false,,,,0.14959991131814546,2,,,97.222,36.0,10^-10.8537,,,,,,,,,,,,,,,,,,0
3030,2,3030,Cryptomonas,"",eukaryota,false,,,,0.07479995565907273,1,,,88.119,101.0,10^-39.9116,,,,,,,,,,,,,,,,,[233184],0
233184,1,3030,Cryptomonas pyrenoidifera,"",eukaryota,false,,,,0.07479995565907273,1,,,88.119,101.0,10^-39.9116,,,,,,,,,,,,,,,,,,0
3015,2,3015,Sargassum,"",eukaryota,false,,,,0.07479995565907273,1,,,93.069,101.0,10^-46.7735,,,,,,,,,,,,,,,,,[127572],0
127572,1,3015,Sargassum siliquastrum,"",eukaryota,false,,,,0.07479995565907273,1,,,93.069,101.0,10^-46.7735,,,,,,,,,,,,,,,,,,0
2949,2,2949,Symbiodinium,"",eukaryota,false,,,,,,,,,,,,,,,,0.07479995565907273,1,,,81.5,27.0,10^-4.54975,,,,,[2951],0
2951,1,2949,Symbiodinium microadriaticum,"",eukaryota,false,,,,,,,,,,,,,,,,0.07479995565907273,1,,,81.5,27.0,10^-4.54975,,,,,,0
2902,2,2902,Emiliania,"",eukaryota,false,,,,0.07479995565907273,1,,,91.892,37.0,10^-8.78321,,,,,,,,,,,,,,,,,[2903],0
2903,1,2902,Emiliania huxleyi,"",eukaryota,false,,,,0.07479995565907273,1,,,91.892,37.0,10^-8.78321,,,,,,,,,,,,,,,,,,0
2857,2,2857,Nitzschia,"",eukaryota,false,,,,0.07479995565907273,1,,,91.667,36.0,10^-8.10892,,,,,,,,,,,,,,,,,[3034176],0
3034176,1,2857,Nitzschia sp. pyKryTriq1,"",eukaryota,false,,,,0.07479995565907273,1,,,91.667,36.0,10^-8.10892,,,,,,,,,,,,,,,,,,0
2768,2,2768,Chondrus,"",eukaryota,false,,,,,,,,,,,,,,,,0.07479995565907273,1,,,69.7,33.0,10^-8.24795,,,,,[2769],0
2769,1,2768,Chondrus crispus,carragheen,eukaryota,false,,,,,,,,,,,,,,,,0.07479995565907273,1,,,69.7,33.0,10^-8.24795,,,,,,0
2747,2,2747,Carnobacterium,"",bacteria,false,,,,,,,,,,,,,,,,0.3739997782953636,5,,,81.06,30.8,10^-8.05326,,,,,"[2751, 2748]",0
2751,1,2747,Carnobacterium maltaromaticum,"",bacteria,false,,,,,,,,,,,,,,,,0.2991998226362909,4,,,76.325,30.25,10^-7.13219,,,,,,0
2748,1,2747,Carnobacterium divergens,"",bacteria,false,,,,,,,,,,,,,,,,0.07479995565907273,1,,,100.0,33.0,10^-11.7375,,,,,,0
2745,2,2745,Halomonas,"",bacteria,false,,,,0.7479995565907273,10,,,94.3038,95.3,10^-45.635,,,,,,99.10994124827135,1325,2,1300,71.8977,115.879,10^-51.7417,,,,,"[2109329, 1610576, 1547166, 1517558, 1178777, 664683, 173971, 119000, 44935, 29570]",0
2109329,1,2745,Halomonas sp. SYSU XM8,"",bacteria,false,,,,,,,,,,,,,,,,0.3739997782953636,5,,,78.12,31.8,10^-6.72648,,,,,,0
1610576,1,2745,Halomonas sp. R57-5,"",bacteria,false,,,,0.14959991131814546,2,,,93.258,89.0,10^-39.9665,,,,,,,,,,,,,,,,,,0
1547166,1,2745,Halomonas sp. BH047,"",bacteria,false,,,,0.07479995565907273,1,,,81.159,69.0,10^-16.7468,,,,,,,,,,,,,,,,,,0
1517558,1,2745,Halomonas sediminicola,"",bacteria,false,,,,0.07479995565907273,1,,,96.875,96.0,10^-48.8541,,,,,,,,,,,,,,,,,,0
1178777,1,2745,Halomonas zincidurans,"",bacteria,false,,,,0.07479995565907273,1,,,99.01,101.0,10^-55.0077,,,,,,,,,,,,,,,,,,0
664683,1,2745,Halomonas titanicae,"",bacteria,false,,,,,,,,,,,,,,,,98.4367416473397,1316,2,1300,71.7868,116.798,10^-52.2205,,,,,,0
173971,1,2745,uncultured Halomonas sp.,"",bacteria,false,,,,0.14959991131814546,2,,,93.204,103.0,10^-48.1373,,,,,,,,,,,,,,,,,,0
119000,1,2745,Halomonas muralis,"",bacteria,false,,,,0.07479995565907273,1,,,99.01,101.0,10^-55.0077,,,,,,,,,,,,,,,,,,0
44935,1,2745,Halomonas venusta,"",bacteria,false,,,,,,,,,,,,,,,,0.2991998226362909,4,,,87.05,31.0,10^-9.00964,,,,,,0
29570,1,2745,Halomonas meridiana,"",bacteria,false,,,,0.14959991131814546,2,,,97.03,101.0,10^-52.2629,,,,,,,,,,,,,,,,,,0
2742,2,2742,Marinobacter,"",bacteria,false,,,,,,,,,,,,,,,,0.14959991131814546,2,,,78.45,32.5,10^-7.8548,,,,,[1794906],0
1794906,1,2742,Marinobacter sp. T13-3,"",bacteria,false,,,,,,,,,,,,,,,,0.14959991131814546,2,,,78.45,32.5,10^-7.8548,,,,,,0
2737,2,2737,Vagococcus,"",bacteria,false,,,,0.5235996896135091,7,,,100.0,90.8,10^-49.4299,,,,,,,,,,,,,,,,,"[2562451, 2738]",0
2562451,1,2737,Vagococcus xieshaowenii,"",bacteria,false,,,,0.07479995565907273,1,,,100.0,94.0,10^-51.608,,,,,,,,,,,,,,,,,,0
2738,1,2737,Vagococcus fluvialis,"",bacteria,false,,,,0.44879973395443634,6,,,100.0,90.0,10^-48.8854,,,,,,,,,,,,,,,,,,0
2717,2,2717,Cardiobacterium,"",bacteria,false,,,,0.07479995565907273,1,,,100.0,101.0,10^-56.3801,,,,,,,,,,,,,,,,,[2718],1
2718,1,2717,Cardiobacterium hominis,"",bacteria,false,,,,0.07479995565907273,1,,,100.0,101.0,10^-56.3801,,,,,,,,,,,,,,,,,,1
2706,2,2706,Citrus,"",eukaryota,false,,,,,,,,,,,,,,,,0.5235996896135091,7,,,68.4333,30.3333,10^-5.20279,,,,,[2711],0
2711,1,2706,Citrus sinensis,sweet orange,eukaryota,false,,,,,,,,,,,,,,,,0.5235996896135091,7,,,68.4333,30.3333,10^-5.20279,,,,,,0
2701,2,2701,Gardnerella,"",bacteria,false,,,,,,,,,,,,,,,,0.07479995565907273,1,,,65.6,32.0,10^-5.79048,,,,,[2914924],0
2914924,1,2701,Gardnerella pickettii,"",bacteria,false,,,,,,,,,,,,,,,,0.07479995565907273,1,,,65.6,32.0,10^-5.79048,,,,,,0
2433,2,2433,Roseobacter,"",bacteria,false,,,,,,,,,,,,,,,,0.14959991131814546,2,,,69.3,31.0,10^-3.92275,,,,,[351016],0
351016,1,2433,Roseobacter sp. AzwK-3b,"",bacteria,false,,,,,,,,,,,,,,,,0.14959991131814546,2,,,69.3,31.0,10^-3.92275,,,,,,0
2207,2,2207,Methanosarcina,"",archaea,false,,,,0.14959991131814546,2,,,91.892,37.0,10^-8.78321,,,,,,,,,,,,,,,,,[1434099],0
1434099,1,2207,Methanosarcina sp. Kolksee,"",archaea,false,,,,0.14959991131814546,2,,,91.892,37.0,10^-8.78321,,,,,,,,,,,,,,,,,,0
2147,2,2147,Acholeplasma,"",bacteria,false,,,,,,,,,,,,,,,,0.07479995565907273,1,,,81.3,32.0,10^-9.23359,,,,,[2885269],0
2885269,1,2147,Acholeplasma sp. OttesenSCG-928-E16,"",bacteria,false,,,,,,,,,,,,,,,,0.07479995565907273,1,,,81.3,32.0,10^-9.23359,,,,,,0
2132,2,2132,Spiroplasma,"",bacteria,false,,,,1.2715992462042363,17,,,99.1618,95.9412,10^-51.8083,,,,,,,,,,,,,,,,,"[1871747, 614643, 319049, 216944, 2141]",0
1871747,1,2132,Spiroplasma endosymbiont of Heliconius timareta,"",bacteria,false,,,,0.14959991131814546,2,,,100.0,96.0,10^-52.9712,,,,,,,,,,,,,,,,,,0
614643,1,2132,Spiroplasma endosymbiont of Drosophila atripex,"",bacteria,false,,,,0.22439986697721817,3,,,97.5867,97.6667,10^-50.9053,,,,,,,,,,,,,,,,,,0
319049,1,2132,uncultured Spiroplasma sp.,"",bacteria,false,,,,0.14959991131814546,2,,,100.0,101.0,10^-56.3801,,,,,,,,,,,,,,,,,,0
216944,1,2132,Spiroplasma sabaudiense,"",bacteria,false,,,,0.07479995565907273,1,,,100.0,41.0,10^-15.6005,,,,,,,,,,,,,,,,,,0
2141,1,2132,Spiroplasma ixodetis,"",bacteria,false,,,,0.6731996009316545,9,,,99.2211,100.333,10^-54.8581,,,,,,,,,,,,,,,,,,0
2093,2,2093,Mycoplasma,"",bacteria,false,,,,,,,,,,,,,,,,0.07479995565907273,1,,,70.0,30.0,10^-6.37263,,,,,[2095],0
2095,1,2093,Mycoplasma capricolum,"",bacteria,false,,,,,,,,,,,,,,,,0.07479995565907273,1,,,70.0,30.0,10^-6.37263,,,,,,0
2077,2,2077,Sporolactobacillus,"",bacteria,false,,,,,,,,,,,,,,,,0.07479995565907273,1,,,80.0,25.0,10^-3.54212,,,,,[2078],0
2078,1,2077,Sporolactobacillus inulinus,"",bacteria,false,,,,,,,,,,,,,,,,0.07479995565907273,1,,,80.0,25.0,10^-3.54212,,,,,,0
2063,2,2063,Kitasatospora,"",bacteria,false,,,,,,,,,,,,,,,,0.14959991131814546,2,,,96.6,29.0,10^-9.92082,,,,,[2064],0
2064,1,2063,Kitasatospora griseola,"",bacteria,false,,,,,,,,,,,,,,,,0.14959991131814546,2,,,96.6,29.0,10^-9.92082,,,,,,0
2050,2,2050,Mobiluncus,"",bacteria,false,,,,,,,,,,,,,,,,0.07479995565907273,1,,,93.9,33.0,10^-10.9355,,,,,[2052],0
2052,1,2050,Mobiluncus mulieris,"",bacteria,false,,,,,,,,,,,,,,,,0.07479995565907273,1,,,93.9,33.0,10^-10.9355,,,,,,0
2040,2,2040,Aeromicrobium,"",bacteria,false,,,,0.9723994235679454,13,1,12,92.7242,208.846,10^-76.2344,,,,,,,,,,,,,,,,,"[2968086, 2107713]",0
2968086,1,2040,Aeromicrobium duanguangcaii,"",bacteria,false,,,,0.07479995565907273,1,,,98.99,99.0,10^-53.644,,,,,,,,,,,,,,,,,,0
2107713,1,2040,Aeromicrobium sp. A1-2,"",bacteria,false,,,,0.8975994679088727,12,1,12,92.202,218.0,10^-78.1169,,,,,,,,,,,,,,,,,,0
2000,2,2000,Streptosporangium,"",bacteria,false,,,,,,,,,,,,,,,,0.7479995565907273,10,1,6,61.8882,40.6,10^-10.0896,,,,,[35764],0
35764,1,2000,Streptosporangium nondiastaticum,"",bacteria,false,,,,,,,,,,,,,,,,0.7479995565907273,10,1,6,61.8882,40.6,10^-10.0896,,,,,,0
1883,2,1883,Streptomyces,"",bacteria,false,,,,1.9447988471358908,26,,,92.403,52.3077,10^-18.3209,,,,,,1.7203989801586728,23,,,85.9826,31.1739,10^-9.1501,,,,,"[3043734, 2931983, 2903629, 2781734, 2496836, 2136401, 1828156, 1725411, 998084, 645465, 591158, 465541, 68274, 68214, 67581, 66371, 51201, 35619, 33899, 1930, 1920, 1916, 1902, 1886]",0
3043734,1,1883,Streptomyces sp. BPTC-684,"",bacteria,false,,,,0.07479995565907273,1,,,100.0,100.0,10^-54.3258,,,,,,,,,,,,,,,,,,0
2931983,1,1883,Streptomyces sp. LRE541,"",bacteria,false,,,,0.07479995565907273,1,,,97.5,40.0,10^-13.5526,,,,,,,,,,,,,,,,,,0
2903629,1,1883,Streptomyces sp. NBC_00162,"",bacteria,false,,,,0.07479995565907273,1,,,100.0,100.0,10^-54.3258,,,,,,,,,,,,,,,,,,0
2781734,1,1883,Streptomyces sp. A2-16,"",bacteria,false,,,,0.07479995565907273,1,,,99.01,101.0,10^-55.0077,,,,,,,,,,,,,,,,,,0
2496836,1,1883,Streptomyces cyaneochromogenes,"",bacteria,false,,,,0.7479995565907273,10,,,90.7281,43.2,10^-11.5982,,,,,,,,,,,,,,,,,,0
2136401,1,1883,Streptomyces sp. YIM 121038,"",bacteria,false,,,,0.14959991131814546,2,,,83.077,65.0,10^-16.7727,,,,,,,,,,,,,,,,,,0
1828156,1,1883,Streptomyces sp. t39,"",bacteria,false,,,,,,,,,,,,,,,,0.07479995565907273,1,,,83.3,30.0,10^-8.83268,,,,,,0
1725411,1,1883,Streptomyces sp. CdTB01,"",bacteria,false,,,,0.22439986697721817,3,,,95.704,38.6667,10^-11.7376,,,,,,,,,,,,,,,,,,0
998084,1,1883,Streptomyces himastatinicus,"",bacteria,false,,,,,,,,,,,,,,,,0.07479995565907273,1,,,97.0,33.0,10^-13.7496,,,,,,0
645465,1,1883,Streptomyces sp. e14,"",bacteria,false,,,,,,,,,,,,,,,,0.07479995565907273,1,,,84.0,25.0,10^-7.17199,,,,,,0
591158,1,1883,Streptomyces sp. AA4,"",bacteria,false,,,,,,,,,,,,,,,,0.07479995565907273,1,,,93.9,33.0,10^-11.2798,,,,,,0
465541,1,1883,Streptomyces sp. Mg1,"",bacteria,false,,,,0.14959991131814546,2,,,89.189,37.0,10^-7.41084,,,,,,0.14959991131814546,2,,,90.6,31.5,10^-11.6052,,,,,,0
68274,1,1883,Streptomyces tauricus,"",bacteria,false,,,,,,,,,,,,,,,,0.07479995565907273,1,,,100.0,33.0,10^-9.29585,,,,,,0
68214,1,1883,Streptomyces griseochromogenes,"",bacteria,false,,,,0.07479995565907273,1,,,98.02,101.0,10^-53.6353,,,,,,,,,,,,,,,,,,0
67581,1,1883,Streptomyces viridosporus,"",bacteria,false,,,,,,,,,,,,,,,,0.2991998226362909,4,,,93.325,29.75,10^-11.5929,,,,,,0
66371,1,1883,Streptomyces fumigatiscleroticus,"",bacteria,false,,,,,,,,,,,,,,,,0.07479995565907273,1,,,68.6,35.0,10^-4.90658,,,,,,0
51201,1,1883,Streptomyces griseocarneus,"",bacteria,false,,,,,,,,,,,,,,,,0.44879973395443634,6,,,85.8167,32.0,10^-8.77187,,,,,,0
35619,1,1883,Streptomyces griseoflavus,"",bacteria,false,,,,,,,,,,,,,,,,0.07479995565907273,1,,,100.0,33.0,10^-13.451,,,,,,0
33899,1,1883,Streptomyces galilaeus,"",bacteria,false,,,,0.07479995565907273,1,,,90.566,53.0,10^-16.8614,,,,,,,,,,,,,,,,,,0
1930,1,1883,Streptomyces scabiei,"",bacteria,false,,,,,,,,,,,,,,,,0.14959991131814546,2,,,63.9,30.5,10^-4.03498,,,,,,0
1920,1,1883,Streptomyces nigrescens,"",bacteria,false,,,,0.07479995565907273,1,,,95.122,41.0,10^-12.8557,,,,,,,,,,,,,,,,,,0
1916,1,1883,Streptomyces lividans,"",bacteria,false,,,,0.07479995565907273,1,,,91.667,36.0,10^-8.10892,,,,,,,,,,,,,,,,,,0
1902,1,1883,Streptomyces coelicolor,"",bacteria,false,,,,0.07479995565907273,1,,,91.667,36.0,10^-8.10892,,,,,,,,,,,,,,,,,,0
1886,1,1883,Streptomyces albidoflavus,"",bacteria,false,,,,,,,,,,,,,,,,0.14959991131814546,2,,,76.8,30.0,10^-5.74075,,,,,,0
1873,2,1873,Micromonospora,"",bacteria,false,,,,,,,,,,,,,,,,0.07479995565907273,1,,,80.6,31.0,10^-9.7122,,,,,[1839617],0
1839617,1,1873,Micromonospora parathelypteridis,"",bacteria,false,,,,,,,,,,,,,,,,0.07479995565907273,1,,,80.6,31.0,10^-9.7122,,,,,,0
1865,2,1865,Actinoplanes,"",bacteria,false,,,,0.14959991131814546,2,,,100.0,100.0,10^-55.6982,,,,,,,,,,,,,,,,,[649831],0
649831,1,1865,Actinoplanes sp. N902-109,"",bacteria,false,,,,0.14959991131814546,2,,,100.0,100.0,10^-55.6982,,,,,,,,,,,,,,,,,,0
1847,2,1847,Pseudonocardia,"",bacteria,false,,,,0.2991998226362909,4,,,97.3625,79.5,10^-38.6567,,,,,,,,,,,,,,,,,"[2736640, 33907, 2074]",0
2736640,1,1847,Pseudonocardia broussonetiae,"",bacteria,false,,,,0.07479995565907273,1,,,100.0,101.0,10^-56.3801,,,,,,,,,,,,,,,,,,0
33907,1,1847,Pseudonocardia alni,"",bacteria,false,,,,0.07479995565907273,1,,,92.784,97.0,10^-44.0463,,,,,,,,,,,,,,,,,,0
2074,1,1847,Pseudonocardia autotrophica,"",bacteria,false,,,,0.14959991131814546,2,,,98.333,60.0,10^-27.1003,,,,,,,,,,,,,,,,,,0
1839,2,1839,Nocardioides,"",bacteria,false,,,,0.44879973395443634,6,,,99.5033,86.5,10^-45.8223,,,,,,0.2991998226362909,4,,,91.375,26.25,10^-6.78416,,,,,"[2760832, 2736757, 2607660, 2582905, 2017486, 1881028, 1588644]",0
2760832,1,1839,Nocardioides lijunqiniae,"",bacteria,false,,,,0.07479995565907273,1,,,100.0,101.0,10^-56.3801,,,,,,,,,,,,,,,,,,0
2736757,1,1839,Nocardioides campestrisoli,"",bacteria,false,,,,0.14959991131814546,2,,,98.51,100.5,10^-53.9806,,,,,,,,,,,,,,,,,,0
2607660,1,1839,Nocardioides humilatus,"",bacteria,false,,,,,,,,,,,,,,,,0.07479995565907273,1,,,100.0,33.0,10^-11.7959,,,,,,0
2582905,1,1839,Nocardioides sp. S-1144,"",bacteria,false,,,,0.07479995565907273,1,,,100.0,95.0,10^-52.2895,,,,,,,,,,,,,,,,,,0
2017486,1,1839,Nocardioides sp. S5,"",bacteria,false,,,,0.14959991131814546,2,,,100.0,61.0,10^-29.1516,,,,,,,,,,,,,,,,,,0
1881028,1,1839,Nocardioides sp. YR527,"",bacteria,false,,,,,,,,,,,,,,,,0.07479995565907273,1,,,75.8,33.0,10^-7.52871,,,,,,0
1588644,1,1839,Nocardioides deserti,"",bacteria,false,,,,,,,,,,,,,,,,0.14959991131814546,2,,,94.85,19.5,10^-3.90603,,,,,,0
1827,2,1827,Rhodococcus,"",bacteria,false,,,,0.44879973395443634,6,,,92.9153,48.1667,10^-15.6471,,,,,,0.7479995565907273,10,,,85.92,30.3,10^-9.44538,,,,,"[2729725, 2054902, 334542, 260936, 103816, 1833]",0
2729725,1,1827,Rhodococcus sp. KRD162,"",bacteria,false,,,,,,,,,,,,,,,,0.07479995565907273,1,,,100.0,33.0,10^-12.8447,,,,,,0
2054902,1,1827,Rhodococcus sp. AQ5-07,"",bacteria,false,,,,0.07479995565907273,1,,,88.636,44.0,10^-10.7665,,,,,,,,,,,,,,,,,,0
334542,1,1827,Rhodococcus qingshengii,"",bacteria,false,,,,0.07479995565907273,1,,,94.444,54.0,10^-20.2842,,,,,,,,,,,,,,,,,,0
260936,1,1827,Rhodococcus sp. RD6.2,"",bacteria,false,,,,,,,,,,,,,,,,0.6731996009316545,9,,,84.3556,30.0,10^-9.06769,,,,,,0
103816,1,1827,Rhodococcus pyridinivorans,"",bacteria,false,,,,0.14959991131814546,2,,,89.532,52.5,10^-15.8362,,,,,,,,,,,,,,,,,,0
1833,1,1827,Rhodococcus erythropolis,"",bacteria,false,,,,0.14959991131814546,2,,,97.674,43.0,10^-15.5798,,,,,,,,,,,,,,,,,,0
1817,2,1817,Nocardia,"",bacteria,false,,,,,,,,,,,,,,,,0.07479995565907273,1,,,84.8,33.0,10^-8.38091,,,,,[135487],0
135487,1,1817,Nocardia cyriacigeorgica,"",bacteria,false,,,,,,,,,,,,,,,,0.07479995565907273,1,,,84.8,33.0,10^-8.38091,,,,,,0
1813,2,1813,Amycolatopsis,"",bacteria,false,,,,0.22439986697721817,3,,,95.1713,99.0,10^-48.6122,,,,,,,,,,,,,,,,,"[3079339, 2932773]",0
3079339,1,1813,Amycolatopsis sp. FBCC-B4732,"",bacteria,false,,,,0.14959991131814546,2,,,98.02,101.0,10^-53.6353,,,,,,,,,,,,,,,,,,0
2932773,1,1813,Amycolatopsis sp. WQ 127309,"",bacteria,false,,,,0.07479995565907273,1,,,89.474,95.0,10^-38.5658,,,,,,,,,,,,,,,,,,0
1763,2,1763,Mycobacterium,"",bacteria,false,,,,0.22439986697721817,3,,,93.3663,100.667,10^-47.0036,,,,,,949.286237269292,12691,1,12681,56.8789,182.764,10^-42.4014,,,,,"[2857058, 1964395, 244292, 171292, 110505, 1773]",1
2857058,1,1763,Mycobacterium sp. SMC-2,"",bacteria,false,,,,0.14959991131814546,2,,,90.0495,100.5,10^-42.3154,,,,,,,,,,,,,,,,,,0
1964395,1,1763,Mycobacterium ahvazicum,"",bacteria,false,,,,,,,,,,,,,,,,948.8374375353375,12685,1,12681,56.8458,182.904,10^-42.4295,,,,,,0
244292,1,1763,Mycobacterium nebraskense,"",bacteria,false,,,,,,,,,,,,,,,,0.14959991131814546,2,,,100.0,33.0,10^-13.7619,,,,,,0
171292,1,1763,uncultured Mycobacterium sp.,"",bacteria,false,,,,,,,,,,,,,,,,0.14959991131814546,2,,,81.6,32.5,10^-10.321,,,,,,0
110505,1,1763,Mycobacterium heckeshornense,"",bacteria,false,,,,0.07479995565907273,1,,,100.0,101.0,10^-56.3801,,,,,,,,,,,,,,,,,,0
1773,1,1763,Mycobacterium tuberculosis,"",bacteria,false,,,,,,,,,,,,,,,,0.14959991131814546,2,,,95.45,33.0,10^-12.6789,,,,,,1
1743,2,1743,Propionibacterium,"",bacteria,false,,,,0.07479995565907273,1,,,100.0,94.0,10^-51.608,,,,,,1.0471993792270182,14,1,12,76.5169,66.5714,10^-25.9746,,,,,"[1005703, 556499, 1744]",0
1005703,1,1743,Propionibacterium sp. CC003-HC2,"",bacteria,false,,,,,,,,,,,,,,,,0.07479995565907273,1,,,100.0,24.0,10^-4.97881,,,,,,0
556499,1,1743,Propionibacterium acidifaciens,"",bacteria,false,,,,0.07479995565907273,1,,,100.0,94.0,10^-51.608,,,,,,,,,,,,,,,,,,0
1744,1,1743,Propionibacterium freudenreichii,"",bacteria,false,,,,,,,,,,,,,,,,0.9723994235679454,13,1,12,74.7105,69.8462,10^-27.5897,,,,,,0
1716,2,1716,Corynebacterium,"",bacteria,false,,,,1.4959991131814545,20,,,96.3004,82.75,10^-41.086,,,,,,1.5707990688405271,21,,,84.1286,30.9524,10^-8.47832,,,,,"[3050188, 2828363, 2735136, 2719119, 1979527, 152794, 61592, 43770, 38304, 38303, 38301, 38290, 38286, 1718, 1717, 1697]",3
3050188,1,1716,Corynebacterium sp. MSK008,"",bacteria,false,,,,,,,,,,,,,,,,0.07479995565907273,1,,,100.0,32.0,10^-9.29328,,,,,,0
2828363,1,1716,Corynebacterium parakroppenstedtii,"",bacteria,false,,,,,,,,,,,,,,,,0.14959991131814546,2,,,71.8,31.5,10^-6.1452,,,,,,0
2735136,1,1716,Corynebacterium wankanglinii,"",bacteria,false,,,,0.07479995565907273,1,,,88.636,44.0,10^-10.7665,,,,,,,,,,,,,,,,,,0
2719119,1,1716,Corynebacterium rouxii,"",bacteria,false,,,,,,,,,,,,,,,,0.3739997782953636,5,,,74.24,32.0,10^-6.51547,,,,,,0
1979527,1,1716,Corynebacterium kefirresidentii,"",bacteria,false,,,,0.07479995565907273,1,,,100.0,101.0,10^-56.3801,,,,,,0.07479995565907273,1,,,100.0,33.0,10^-16.1308,,,,,,0
152794,1,1716,Corynebacterium efficiens,"",bacteria,false,,,,,,,,,,,,,,,,0.14959991131814546,2,,,93.7,32.0,10^-10.9194,,,,,,0
61592,1,1716,Corynebacterium durum,"",bacteria,false,,,,0.2991998226362909,4,,,99.01,100.75,10^-54.8372,,,,,,,,,,,,,,,,,,0
43770,1,1716,Corynebacterium striatum,"",bacteria,false,,,,0.07479995565907273,1,,,100.0,101.0,10^-56.3801,,,,,,0.07479995565907273,1,,,100.0,33.0,10^-15.8601,,,,,,1
38304,1,1716,Corynebacterium tuberculostearicum,"",bacteria,false,,,,0.2991998226362909,4,,,100.0,100.5,10^-56.0391,,,,,,0.07479995565907273,1,,,93.8,32.0,10^-14.8268,,,,,,0
38303,1,1716,Corynebacterium pseudogenitalium,"",bacteria,false,,,,,,,,,,,,,,,,0.22439986697721817,3,,,96.3333,27.3333,10^-10.33,,,,,,0
38301,1,1716,Corynebacterium minutissimum,"",bacteria,false,,,,0.2991998226362909,4,,,91.5335,47.25,10^-14.3381,,,,,,,,,,,,,,,,,,1
38290,1,1716,Corynebacterium macginleyi,"",bacteria,false,,,,0.07479995565907273,1,,,98.592,71.0,10^-34.5752,,,,,,,,,,,,,,,,,,0
38286,1,1716,Corynebacterium afermentans,"",bacteria,false,,,,0.14959991131814546,2,,,95.4695,99.5,10^-49.1816,,,,,,0.07479995565907273,1,,,90.9,33.0,10^-8.47886,,,,,,0
1718,1,1716,Corynebacterium glutamicum,"",bacteria,false,,,,,,,,,,,,,,,,0.07479995565907273,1,,,63.6,33.0,10^-3.44855,,,,,,0
1717,1,1716,Corynebacterium diphtheriae,"",bacteria,false,,,,0.07479995565907273,1,,,99.0,100.0,10^-54.3258,,,,,,0.22439986697721817,3,,,75.7333,28.3333,10^-4.10324,,,,,,1
1697,1,1716,Corynebacterium ammoniagenes,"",bacteria,false,,,,0.07479995565907273,1,,,86.667,45.0,10^-10.0706,,,,,,,,,,,,,,,,,,0
1678,2,1678,Bifidobacterium,"",bacteria,false,,,,,,,,,,,,,,,,0.3739997782953636,5,,,75.44,31.8,10^-7.48824,,,,,"[216816, 28026, 1680]",0
216816,1,1678,Bifidobacterium longum,"",bacteria,false,,,,,,,,,,,,,,,,0.22439986697721817,3,,,76.0667,31.6667,10^-7.32784,,,,,,0
28026,1,1678,Bifidobacterium pseudocatenulatum,"",bacteria,false,,,,,,,,,,,,,,,,0.07479995565907273,1,,,58.1,31.0,10^-3.67778,,,,,,0
1680,1,1678,Bifidobacterium adolescentis,"",bacteria,false,,,,,,,,,,,,,,,,0.07479995565907273,1,,,90.9,33.0,10^-11.7799,,,,,,0
1663,2,1663,Arthrobacter,"",bacteria,false,,,,0.14959991131814546,2,,,99.074,66.5,10^-32.2098,,,,,,0.7479995565907273,10,1,6,68.483,37.5,10^-10.3536,,,,,"[2879618, 2653130, 1258888, 272161, 37928]",0
2879618,1,1663,Arthrobacter sp. FW306-2-2C-D06B,"",bacteria,false,,,,0.07479995565907273,1,,,100.0,79.0,10^-41.3907,,,,,,,,,,,,,,,,,,0
2653130,1,1663,Arthrobacter sp. 8AJ,"",bacteria,false,,,,,,,,,,,,,,,,0.07479995565907273,1,,,78.8,33.0,10^-7.75945,,,,,,0
1258888,1,1663,Arthrobacter cheniae,"",bacteria,false,,,,,,,,,,,,,,,,0.14959991131814546,2,,,84.5,29.0,10^-9.97703,,,,,,0
272161,1,1663,Arthrobacter stackebrandtii,"",bacteria,false,,,,,,,,,,,,,,,,0.5235996896135091,7,1,6,62.4329,40.5714,10^-10.8318,,,,,,0
37928,1,1663,Arthrobacter crystallopoietes,"",bacteria,false,,,,0.07479995565907273,1,,,98.148,54.0,10^-23.0289,,,,,,,,,,,,,,,,,,0
1654,2,1654,Actinomyces,"",bacteria,false,,,,0.44879973395443634,6,,,99.1683,100.5,10^-54.8955,,,,,,0.22439986697721817,3,,,94.9333,32.6667,10^-11.721,,,,,"[544580, 103621]",0
544580,1,1654,Actinomyces oris,"",bacteria,false,,,,0.44879973395443634,6,,,99.1683,100.5,10^-54.8955,,,,,,0.14959991131814546,2,,,96.95,32.5,10^-11.5399,,,,,,0
103621,1,1654,Actinomyces urogenitalis,"",bacteria,false,,,,,,,,,,,,,,,,0.07479995565907273,1,,,90.9,33.0,10^-12.083,,,,,,0
1649,2,1649,Kurthia,"",bacteria,false,,,,,,,,,,,,,,,,0.14959991131814546,2,,,79.2,24.0,10^-4.6517,,,,,[1650],0
1650,1,1649,Kurthia zopfii,"",bacteria,false,,,,,,,,,,,,,,,,0.14959991131814546,2,,,79.2,24.0,10^-4.6517,,,,,,0
1647,2,1647,Erysipelothrix,"",bacteria,false,,,,,,,,,,,,,,,,0.14959991131814546,2,,,91.25,23.0,10^-4.47181,,,,,[38403],0
38403,1,1647,Erysipelothrix sp.,"",bacteria,false,,,,,,,,,,,,,,,,0.14959991131814546,2,,,91.25,23.0,10^-4.47181,,,,,,0
1637,2,1637,Listeria,"",bacteria,false,,,,,,,,,,,,,,,,0.07479995565907273,1,,,62.5,32.0,10^-5.27737,,,,,[1643],0
1643,1,1637,Listeria welshimeri,"",bacteria,false,,,,,,,,,,,,,,,,0.07479995565907273,1,,,62.5,32.0,10^-5.27737,,,,,,0
1578,2,1578,Lactobacillus,"",bacteria,false,,,,0.07479995565907273,1,,,78.378,74.0,10^-16.0302,,,,,,89.31114705693284,1194,2,1185,58.7958,170.769,10^-53.711,,,,,"[872327, 267818, 83683, 47770, 1596, 1584]",0
872327,1,1578,Lactobacillus pasteurii,"",bacteria,false,,,,,,,,,,,,,,,,0.14959991131814546,2,,,78.2,32.0,10^-10.0399,,,,,,0
267818,1,1578,Lactobacillus kefiranofaciens,"",bacteria,false,,,,0.07479995565907273,1,,,78.378,74.0,10^-16.0302,,,,,,,,,,,,,,,,,,0
83683,1,1578,Lactobacillus amylolyticus,"",bacteria,false,,,,,,,,,,,,,,,,88.71274741166025,1186,2,1185,58.5921,172.094,10^-54.1515,,,,,,0
47770,1,1578,Lactobacillus crispatus,"",bacteria,false,,,,,,,,,,,,,,,,0.14959991131814546,2,,,89.25,32.5,10^-9.63564,,,,,,0
1596,1,1578,Lactobacillus gasseri,"",bacteria,false,,,,,,,,,,,,,,,,0.07479995565907273,1,,,87.9,33.0,10^-9.15552,,,,,,0
1584,1,1578,Lactobacillus delbrueckii,"",bacteria,false,,,,,,,,,,,,,,,,0.22439986697721817,3,,,72.7,31.6667,10^-4.14841,,,,,,0
1485,2,1485,Clostridium,"",bacteria,false,,,,0.07479995565907273,1,,,92.683,41.0,10^-11.4834,,,,,,1.6455990244996,22,,,89.0591,32.0,10^-9.49982,,,,,"[1354301, 238834, 59620, 1502]",1
1354301,1,1485,Clostridium sp. BL8,"",bacteria,false,,,,,,,,,,,,,,,,0.07479995565907273,1,,,90.6,32.0,10^-8.66555,,,,,,0
238834,1,1485,Clostridium estertheticum,"",bacteria,false,,,,0.07479995565907273,1,,,92.683,41.0,10^-11.4834,,,,,,,,,,,,,,,,,,0
59620,1,1485,uncultured Clostridium sp.,"",bacteria,false,,,,,,,,,,,,,,,,0.2991998226362909,4,,,77.15,30.5,10^-5.21737,,,,,,0
1502,1,1485,Clostridium perfringens,"",bacteria,false,,,,,,,,,,,,,,,,1.2715992462042363,17,,,91.7706,32.3529,10^-10.5565,,,,,,1
1386,2,1386,Bacillus,"",bacteria,false,,,,0.5235996896135091,7,,,95.1164,57.7143,10^-24.2171,,,,,,1.346399201863309,18,1,11,85.601,56.8889,10^-27.129,,,,,"[1969377, 1805475, 1522318, 260554, 1428, 1405, 1396, 1390]",1
1969377,1,1386,Bacillus sp. SRB_8,"",bacteria,false,,,,,,,,,,,,,,,,0.8227995122498,11,1,11,87.838,74.0,10^-39.7799,,,,,,0
1805475,1,1386,Bacillus massilionigeriensis,"",bacteria,false,,,,,,,,,,,,,,,,0.07479995565907273,1,,,74.1,27.0,10^-3.41454,,,,,,0
1522318,1,1386,Bacillus kwashiorkori,"",bacteria,false,,,,,,,,,,,,,,,,0.07479995565907273,1,,,71.9,32.0,10^-6.12843,,,,,,0
260554,1,1386,Bacillus halotolerans,"",bacteria,false,,,,0.22439986697721817,3,,,93.3167,39.3333,10^-10.8157,,,,,,,,,,,,,,,,,,0
1428,1,1386,Bacillus thuringiensis,"",bacteria,false,,,,,,,,,,,,,,,,0.07479995565907273,1,,,100.0,22.0,10^-6.97881,,,,,,0
1405,1,1386,Bacillus mycoides,"",bacteria,false,,,,0.07479995565907273,1,,,93.182,44.0,10^-13.5113,,,,,,,,,,,,,,,,,,0
1396,1,1386,Bacillus cereus,"",bacteria,false,,,,0.14959991131814546,2,,,100.0,100.5,10^-56.0391,,,,,,0.2991998226362909,4,,,82.15,32.25,10^-8.55547,,,,,,1
1390,1,1386,Bacillus amyloliquefaciens,"",bacteria,false,,,,0.07479995565907273,1,,,92.683,41.0,10^-11.4834,,,,,,,,,,,,,,,,,,0
1378,2,1378,Gemella,"",bacteria,false,,,,0.14959991131814546,2,,,100.0,99.0,10^-55.0164,,,,,,,,,,,,,,,,,[1379],0
1379,1,1378,Gemella haemolysans,"",bacteria,false,,,,0.14959991131814546,2,,,100.0,99.0,10^-55.0164,,,,,,,,,,,,,,,,,,0
1357,2,1357,Lactococcus,lactic streptococci,bacteria,false,,,,1.5707990688405271,21,,,99.0664,96.9524,10^-52.7107,,,,,,,,,,,,,,,,,"[1366, 1363, 1358]",0
1366,1,1357,Lactococcus raffinolactis,"",bacteria,false,,,,0.07479995565907273,1,,,94.253,87.0,10^-39.9764,,,,,,,,,,,,,,,,,,0
1363,1,1357,Lactococcus garvieae,"",bacteria,false,,,,0.07479995565907273,1,,,91.111,45.0,10^-12.8153,,,,,,,,,,,,,,,,,,0
1358,1,1357,Lactococcus lactis,"",bacteria,false,,,,1.4211991575223817,19,,,99.7384,100.211,10^-55.4806,,,,,,,,,,,,,,,,,,0
1350,2,1350,Enterococcus,"",bacteria,false,,,,3.8895976942717816,52,1,8,99.0483,121.692,10^-62.6839,,,,,,4.113997561249,55,3,21,88.3524,44.0909,10^-16.887,,,,,"[3031993, 2005703, 1834193, 1834172, 417368, 332949, 214095, 167972, 118060, 71451, 53345, 44008, 35783, 1353, 1352, 1351]",3
3031993,1,1350,Enterococcus montenegrensis,"",bacteria,false,,,,0.07479995565907273,1,,,100.0,101.0,10^-56.3801,,,,,,,,,,,,,,,,,,0
2005703,1,1350,Enterococcus wangshanyuanii,"",bacteria,false,,,,0.8227995122498,11,,,99.6382,97.3636,10^-53.4022,,,,,,0.14959991131814546,2,,,90.3,31.0,10^-10.2882,,,,,,0
1834193,1,1350,Enterococcus sp. 9E7_DIV0242,"",bacteria,false,,,,,,,,,,,,,,,,0.14959991131814546,2,,,93.7,31.5,10^-10.0185,,,,,,0
1834172,1,1350,Enterococcus sp. 2F9_DIV0599,"",bacteria,false,,,,,,,,,,,,,,,,0.07479995565907273,1,,,100.0,33.0,10^-9.98297,,,,,,0
417368,1,1350,Enterococcus thailandicus,"",bacteria,false,,,,0.14959991131814546,2,,,93.1505,87.0,10^-39.9821,,,,,,,,,,,,,,,,,,0
332949,1,1350,Enterococcus silesiacus,"",bacteria,false,,,,0.07479995565907273,1,,,99.01,101.0,10^-55.0077,,,,,,,,,,,,,,,,,,0
214095,1,1350,Enterococcus canis,"",bacteria,false,,,,,,,,,,,,,,,,0.07479995565907273,1,,,81.3,32.0,10^-4.67572,,,,,,0
167972,1,1350,uncultured Enterococcus sp.,"",bacteria,false,,,,0.2991998226362909,4,,,99.7525,100.5,10^-55.696,,,,,,,,,,,,,,,,,,0
118060,1,1350,Enterococcus rotai,"",bacteria,false,,,,1.4959991131814545,20,1,8,98.56,159.05,10^-76.9018,,,,,,,,,,,,,,,,,,0
71451,1,1350,Enterococcus malodoratus,"",bacteria,false,,,,,,,,,,,,,,,,0.07479995565907273,1,,,100.0,33.0,10^-10.6576,,,,,,0
53345,1,1350,Enterococcus durans,"",bacteria,false,,,,0.14959991131814546,2,,,100.0,101.0,10^-56.3801,,,,,,0.9723994235679454,13,2,13,76.6785,60.8462,10^-22.6865,,,,,,0
44008,1,1350,Enterococcus cecorum,"",bacteria,false,,,,0.07479995565907273,1,,,98.969,97.0,10^-52.2805,,,,,,,,,,,,,,,,,,0
35783,1,1350,Enterococcus sp.,"",bacteria,false,,,,0.22439986697721817,3,,,100.0,101.0,10^-56.3801,,,,,,,,,,,,,,,,,,0
1353,1,1350,Enterococcus gallinarum,"",bacteria,false,,,,,,,,,,,,,,,,0.07479995565907273,1,,,71.4,28.0,10^-4.75449,,,,,,1
1352,1,1350,Enterococcus faecium,"",bacteria,false,,,,,,,,,,,,,,,,1.6455990244996,22,1,8,91.5529,46.4091,10^-20.0191,,,,,,1
1351,1,1350,Enterococcus faecalis,"",bacteria,false,,,,0.5235996896135091,7,,,100.0,99.4286,10^-55.1126,,,,,,0.8975994679088727,12,,,93.975,30.1667,10^-10.2299,,,,,,1
1301,2,1301,Streptococcus,"",bacteria,false,,,,2.5431984924084725,34,2,13,98.7082,139.176,10^-70.6247,,,,,,396.96336468269897,5307,4,5263,52.0901,197.555,10^-55.7445,,,,,"[2819619, 2759692, 76860, 28037, 1349, 1336, 1334, 1329, 1328, 1314, 1313, 1311, 1309, 1308, 1307, 1304, 1302]",10
2819619,1,1301,Streptococcus toyakuensis,"",bacteria,false,,,,0.14959991131814546,2,,,100.0,98.0,10^-54.3346,,,,,,,,,,,,,,,,,,0
2759692,1,1301,Streptococcus sp. Marseille-Q3533,"",bacteria,false,,,,0.07479995565907273,1,,,84.615,39.0,10^-6.01561,,,,,,,,,,,,,,,,,,0
76860,1,1301,Streptococcus constellatus,"",bacteria,false,,,,,,,,,,,,,,,,0.07479995565907273,1,,,81.8,33.0,10^-10.8996,,,,,,0
28037,1,1301,Streptococcus mitis,"",bacteria,false,,,,1.1967992905451637,16,2,13,99.2474,190.438,10^-93.9366,,,,,,,,,,,,,,,,,,1
1349,1,1301,Streptococcus uberis,"",bacteria,false,,,,0.07479995565907273,1,,,100.0,100.0,10^-54.3258,,,,,,,,,,,,,,,,,,0
1336,1,1301,Streptococcus equi,"",bacteria,false,,,,0.14959991131814546,2,,,92.7535,85.0,10^-38.622,,,,,,297.5542236117913,3978,1,3975,49.6968,138.851,10^-26.5182,,,,,,1
1334,1,1301,Streptococcus dysgalactiae,"",bacteria,false,,,,,,,,,,,,,,,,0.07479995565907273,1,,,51.5,33.0,10^-6.31069,,,,,,1
1329,1,1301,Streptococcus canis,"",bacteria,false,,,,,,,,,,,,,,,,0.2991998226362909,4,,,86.65,22.75,10^-4.63202,,,,,,0
1328,1,1301,Streptococcus anginosus,"",bacteria,false,,,,,,,,,,,,,,,,0.07479995565907273,1,,,84.8,33.0,10^-8.8041,,,,,,1
1314,1,1301,Streptococcus pyogenes,"",bacteria,false,,,,0.07479995565907273,1,,,100.0,101.0,10^-56.3801,,,,,,96.86594257849917,1295,3,1288,55.4379,311.459,10^-111.403,,,,,,1
1313,1,1301,Streptococcus pneumoniae,"",bacteria,false,,,,,,,,,,,,,,,,0.6731996009316545,9,,,92.7111,29.8889,10^-9.67543,,,,,,1
1311,1,1301,Streptococcus agalactiae,"",bacteria,false,,,,,,,,,,,,,,,,0.44879973395443634,6,,,96.75,29.5,10^-10.9264,,,,,,1
1309,1,1301,Streptococcus mutans,"",bacteria,false,,,,,,,,,,,,,,,,0.07479995565907273,1,,,100.0,33.0,10^-13.1574,,,,,,1
1308,1,1301,Streptococcus thermophilus,"",bacteria,false,,,,0.44879973395443634,6,,,100.0,96.1667,10^-53.085,,,,,,0.3739997782953636,5,,,90.24,31.4,10^-10.5811,,,,,,0
1307,1,1301,Streptococcus suis,"",bacteria,false,,,,0.07479995565907273,1,,,100.0,100.0,10^-55.6982,,,,,,0.07479995565907273,1,,,97.0,33.0,10^-15.3737,,,,,,1
1304,1,1301,Streptococcus salivarius,"",bacteria,false,,,,0.14959991131814546,2,,,100.0,101.0,10^-56.3801,,,,,,0.22439986697721817,3,,,97.0,33.0,10^-13.7122,,,,,,0
1302,1,1301,Streptococcus gordonii,"",bacteria,false,,,,0.14959991131814546,2,,,99.0,100.0,10^-54.3258,,,,,,0.14959991131814546,2,,,100.0,21.5,10^-3.92507,,,,,,1
1279,2,1279,Staphylococcus,"",bacteria,false,,,,0.8975994679088727,12,,,98.7239,97.3333,10^-52.3949,,,,,,1.7203989801586728,23,,,91.0773,28.3182,10^-9.80696,,,,,"[2044912, 985762, 283734, 45972, 29388, 1283, 1282, 1280]",5
2044912,1,1279,Staphylococcus debuckii,"",bacteria,false,,,,0.07479995565907273,1,,,91.781,73.0,10^-29.0736,,,,,,,,,,,,,,,,,,0
985762,1,1279,Staphylococcus agnetis,"",bacteria,false,,,,,,,,,,,,,,,,0.07479995565907273,1,,,80.0,30.0,10^-6.63451,,,,,,0
283734,1,1279,Staphylococcus pseudintermedius,"",bacteria,false,,,,0.07479995565907273,1,,,99.01,101.0,10^-55.0077,,,,,,,,,,,,,,,,,,1
45972,1,1279,Staphylococcus pasteuri,"",bacteria,false,,,,0.07479995565907273,1,,,97.938,97.0,10^-50.9081,,,,,,,,,,,,,,,,,,0
29388,1,1279,Staphylococcus capitis,"",bacteria,false,,,,0.07479995565907273,1,,,99.01,101.0,10^-55.0077,,,,,,,,,,,,,,,,,,1
1283,1,1279,Staphylococcus haemolyticus,"",bacteria,false,,,,0.07479995565907273,1,,,99.01,101.0,10^-55.0077,,,,,,,,,,,,,,,,,,1
1282,1,1279,Staphylococcus epidermidis,"",bacteria,false,,,,0.44879973395443634,6,,,100.0,99.6667,10^-55.471,,,,,,0.5983996452725818,8,,,92.8571,27.8571,10^-10.4992,,,,,,1
1280,1,1279,Staphylococcus aureus,"",bacteria,false,,,,0.07479995565907273,1,,,97.938,97.0,10^-50.9081,,,,,,1.0471993792270182,14,,,90.9786,28.4286,10^-9.68742,,,,,,1
1269,2,1269,Micrococcus,"",bacteria,false,,,,0.44879973395443634,6,,,99.5,99.0,10^-54.3302,,,,,,0.2991998226362909,4,,,100.0,32.0,10^-9.59007,,,,,[1270],0
1270,1,1269,Micrococcus luteus,"",bacteria,false,,,,0.44879973395443634,6,,,99.5,99.0,10^-54.3302,,,,,,0.2991998226362909,4,,,100.0,32.0,10^-9.59007,,,,,,0
1243,2,1243,Leuconostoc,"",bacteria,false,,,,0.07479995565907273,1,,,100.0,101.0,10^-56.3801,,,,,,0.07479995565907273,1,,,100.0,33.0,10^-10.6536,,,,,"[33964, 1245]",0
33964,1,1243,Leuconostoc citreum,"",bacteria,false,,,,0.07479995565907273,1,,,100.0,101.0,10^-56.3801,,,,,,,,,,,,,,,,,,0
1245,1,1243,Leuconostoc mesenteroides,"",bacteria,false,,,,,,,,,,,,,,,,0.07479995565907273,1,,,100.0,33.0,10^-10.6536,,,,,,0
1218,2,1218,Prochlorococcus,"",bacteria,false,,,,0.07479995565907273,1,,,91.892,37.0,10^-8.78321,,,,,,,,,,,,,,,,,[1219],0
1219,1,1218,Prochlorococcus marinus,"",bacteria,false,,,,0.07479995565907273,1,,,91.892,37.0,10^-8.78321,,,,,,,,,,,,,,,,,,0
1177,2,1177,Nostoc,"",bacteria,false,,,,0.14959991131814546,2,,,97.222,36.0,10^-10.8537,,,,,,,,,,,,,,,,,[446679],0
446679,1,1177,Nostoc sphaeroides,"",bacteria,false,,,,0.14959991131814546,2,,,97.222,36.0,10^-10.8537,,,,,,,,,,,,,,,,,,0
1081,2,1081,Rhodospirillum,"",bacteria,false,,,,0.07479995565907273,1,,,97.826,46.0,10^-17.6091,,,,,,,,,,,,,,,,,[34018],0
34018,1,1081,Rhodospirillum centenum,"",bacteria,false,,,,0.07479995565907273,1,,,97.826,46.0,10^-17.6091,,,,,,,,,,,,,,,,,,0
1030,2,1030,Thiothrix,"",bacteria,false,,,,,,,,,,,,,,,,0.14959991131814546,2,,,67.25,29.0,10^-4.12425,,,,,[1032],0
1032,1,1030,Thiothrix sp.,"",bacteria,false,,,,,,,,,,,,,,,,0.14959991131814546,2,,,67.25,29.0,10^-4.12425,,,,,,0
1013,2,1013,Weeksella,"",bacteria,false,,,,0.07479995565907273,1,,,88.119,101.0,10^-39.9116,,,,,,0.22439986697721817,3,,,84.8333,33.0,10^-7.26854,,,,,"[1161389, 1014]",0
1161389,1,1013,uncultured Weeksella sp.,"",bacteria,false,,,,,,,,,,,,,,,,0.07479995565907273,1,,,100.0,33.0,10^-10.109,,,,,,0
1014,1,1013,Weeksella virosa,"",bacteria,false,,,,0.07479995565907273,1,,,88.119,101.0,10^-39.9116,,,,,,0.14959991131814546,2,,,77.25,33.0,10^-5.8483,,,,,,0
958,2,958,Bdellovibrio,"",bacteria,false,,,,,,,,,,,,,,,,0.07479995565907273,1,,,66.7,30.0,10^-6.27327,,,,,[959],0
959,1,958,Bdellovibrio bacteriovorus,"",bacteria,false,,,,,,,,,,,,,,,,0.07479995565907273,1,,,66.7,30.0,10^-6.27327,,,,,,0
953,2,953,Wolbachia,"",bacteria,false,,,,1670.5822096897302,22334,12,22080,99.7596,913.812,10^-290.378,,,,,,84.22475007211588,1126,6,1033,95.3946,80.4916,10^-49.0379,,,,,"[3002579, 2954061, 2954060, 2954055, 2954046, 2954045, 2954043, 2954040, 2954039, 2954034, 2954030, 2954027, 2954023, 2954013, 2954010, 2954008, 2954006, 2954005, 2954004, 2953998, 2953997, 2953993, 2953990, 2953989, 2953984, 2953979, 2953975, 2902422, 2886377, 2883236, 2832337, 2769078, 2748871, 2732593, 2493656, 1845000, 1335053, 1301914, 931100, 573241, 546165, 375919, 329647, 307502, 263437, 246273, 244204, 218111, 215173, 183754, 167957, 154048, 77039, 77038, 66084, 956, 955]",0
3002579,1,953,Wolbachia endosymbiont of Drosophila tsacasi,"",bacteria,false,,,,,,,,,,,,,,,,0.22439986697721817,3,,,87.8667,33.0,10^-9.91076,,,,,,0
2954061,1,953,Wolbachia endosymbiont (group A) of Sympetrum striolatum,"",bacteria,false,,,,,,,,,,,,,,,,0.14959991131814546,2,,,100.0,32.5,10^-12.3736,,,,,,0
2954060,1,953,Wolbachia endosymbiont (group A) of Sphecodes monilicornis,"",bacteria,false,,,,0.22439986697721817,3,,,100.0,99.6667,10^-55.471,,,,,,,,,,,,,,,,,,0
2954055,1,953,Wolbachia endosymbiont (group A) of Scambus nigricans,"",bacteria,false,,,,0.07479995565907273,1,,,100.0,101.0,10^-56.3801,,,,,,,,,,,,,,,,,,0
2954046,1,953,Wolbachia endosymbiont (group A) of Philonthus cognatus,"",bacteria,false,,,,0.2991998226362909,4,,,93.069,101.0,10^-46.7735,,,,,,0.44879973395443634,6,,,81.6167,32.8333,10^-7.62372,,,,,,0
2954045,1,953,Wolbachia endosymbiont (group B) of Pheosia tremula,"",bacteria,false,,,,0.8227995122498,11,,,100.0,100.0,10^-55.6982,,,,,,,,,,,,,,,,,,0
2954043,1,953,Wolbachia endosymbiont (group B) of Phalera bucephala,"",bacteria,false,,,,0.44879973395443634,6,,,100.0,99.0,10^-55.0167,,,,,,,,,,,,,,,,,,0
2954040,1,953,Wolbachia endosymbiont (group B) of Parapoynx stratiotata,"",bacteria,false,,,,0.07479995565907273,1,,,100.0,82.0,10^-43.433,,,,,,,,,,,,,,,,,,0
2954039,1,953,Wolbachia endosymbiont (group B) of Pandemis corylana,"",bacteria,false,,,,0.22439986697721817,3,,,100.0,91.5,10^-49.9061,,,,,,0.14959991131814546,2,,,71.15,31.0,10^-4.4203,,,,,,0
2954034,1,953,Wolbachia endosymbiont (group B) of Nymphalis c-album,"",bacteria,false,,,,0.44879973395443634,6,,,100.0,100.4,10^-55.9709,,,,,,,,,,,,,,,,,,0
2954030,1,953,Wolbachia endosymbiont (group B) of Melanostoma mellinum,"",bacteria,false,,,,0.07479995565907273,1,,,97.03,101.0,10^-52.2629,,,,,,,,,,,,,,,,,,0
2954027,1,953,Wolbachia endosymbiont (group B) of Lycaena phlaeas,"",bacteria,false,,,,0.22439986697721817,3,,,98.3057,99.0,10^-52.7292,,,,,,,,,,,,,,,,,,0
2954023,1,953,Wolbachia endosymbiont (group A) of Lasioglossum lativentre,"",bacteria,false,,,,0.07479995565907273,1,,,82.857,70.0,10^-18.7991,,,,,,,,,,,,,,,,,,0
2954013,1,953,Wolbachia endosymbiont (group B) of Eupeodes latifasciatus,"",bacteria,false,,,,0.07479995565907273,1,,,100.0,101.0,10^-56.3801,,,,,,,,,,,,,,,,,,0
2954010,1,953,Wolbachia endosymbiont (group B) of Erebia ligea,"",bacteria,false,,,,,,,,,,,,,,,,0.22439986697721817,3,,,100.0,33.0,10^-12.4031,,,,,,0
2954008,1,953,Wolbachia endosymbiont (group A) of Epistrophe grossularia,"",bacteria,false,,,,0.07479995565907273,1,,,100.0,73.0,10^-37.3079,,,,,,0.07479995565907273,1,,,100.0,33.0,10^-10.5751,,,,,,0
2954006,1,953,Wolbachia endosymbiont (group A) of Epagoge grotiana,"",bacteria,false,,,,0.2991998226362909,4,,,100.0,101.0,10^-56.3801,,,,,,,,,,,,,,,,,,0
2954005,1,953,Wolbachia endosymbiont (group B) of Endotricha flammealis,"",bacteria,false,,,,0.2991998226362909,4,,,92.9163,99.25,10^-45.5804,,,,,,0.7479995565907273,10,1,4,78.3664,42.3,10^-10.4718,,,,,,0
2954004,1,953,Wolbachia endosymbiont (group A) of Endotricha flammealis,"",bacteria,false,,,,,,,,,,,,,,,,0.14959991131814546,2,,,59.4,32.0,10^-4.00716,,,,,,0
2953998,1,953,Wolbachia endosymbiont (group B) of Colias croceus,"",bacteria,false,,,,0.07479995565907273,1,,,98.592,71.0,10^-34.5752,,,,,,,,,,,,,,,,,,0
2953997,1,953,Wolbachia endosymbiont (group B) of Chorthippus parallelus,"",bacteria,false,,,,,,,,,,,,,,,,0.14959991131814546,2,,,56.95,32.5,10^-3.319,,,,,,0
2953993,1,953,Wolbachia endosymbiont (group B) of Catoptria pinella,"",bacteria,false,,,,0.07479995565907273,1,,,100.0,52.0,10^-23.0453,,,,,,,,,,,,,,,,,,0
2953990,1,953,Wolbachia endosymbiont (group B) of Campaea margaritaria,"",bacteria,false,,,,0.14959991131814546,2,,,100.0,92.5,10^-50.5871,,,,,,,,,,,,,,,,,,0
2953989,1,953,Wolbachia endosymbiont (group A) of Calamotropha paludella,"",bacteria,false,,,,,,,,,,,,,,,,0.07479995565907273,1,,,100.0,27.0,10^-8.73755,,,,,,0
2953984,1,953,Wolbachia endosymbiont (group B) of Archips podanus,"",bacteria,false,,,,2.3187986254312545,31,2,18,94.2881,198.387,10^-81.7439,,,,,,1.1219993348860908,15,,,86.7,31.7333,10^-8.6264,,,,,,0
2953979,1,953,Wolbachia endosymbiont (group A) of Anoplius nigerrimus,"",bacteria,false,,,,0.07479995565907273,1,,,100.0,80.0,10^-42.0714,,,,,,,,,,,,,,,,,,0
2953975,1,953,Wolbachia endosymbiont (group A) of Andrena dorsata,"",bacteria,false,,,,0.14959991131814546,2,,,84.1005,119.5,10^-42.9264,,,,,,,,,,,,,,,,,,0
2902422,1,953,Wolbachia endosymbiont of Frankliniella intonsa,"",bacteria,false,,,,0.07479995565907273,1,,,100.0,85.0,10^-45.476,,,,,,,,,,,,,,,,,,0
2886377,1,953,Wolbachia endosymbiont of Phyllotreta cruciferae,"",bacteria,false,,,,0.14959991131814546,2,,,99.4565,96.5,10^-52.6263,,,,,,,,,,,,,,,,,,0
2883236,1,953,Wolbachia endosymbiont of Psylliodes chrysocephala,"",bacteria,false,,,,0.07479995565907273,1,,,99.01,101.0,10^-55.0077,,,,,,0.14959991131814546,2,,,74.2,31.0,10^-7.01189,,,,,,0
2832337,1,953,Wolbachia endosymbiont of Pissodes strobi,"",bacteria,false,,,,,,,,,,,,,,,,0.14959991131814546,2,,,70.4,27.0,10^-3.51145,,,,,,0
2769078,1,953,Wolbachia endosymbiont of Spodoptera picta,"",bacteria,false,,,,0.07479995565907273,1,,,100.0,80.0,10^-42.0714,,,,,,,,,,,,,,,,,,0
2748871,1,953,Wolbachia endosymbiont of Anopheles demeilloni,"",bacteria,false,,,,0.22439986697721817,3,,,100.0,99.5,10^-55.3573,,,,,,0.07479995565907273,1,,,51.5,33.0,10^-4.95468,,,,,,0
2732593,1,953,Wolbachia endosymbiont of Ctenocephalides felis wCfeT,"",bacteria,false,,,,,,,,,,,,,,,,2.3187986254312545,31,1,31,36.306,157.0,10^-25.2027,,,,,,0
2493656,1,953,Wolbachia endosymbiont of Trioza erytreae,"",bacteria,false,,,,1.4959991131814545,20,,,100.0,100.667,10^-56.1528,,,,,,,,,,,,,,,,,,0
1845000,1,953,Candidatus Wolbachia massiliensis,"",bacteria,false,,,,,,,,,,,,,,,,0.07479995565907273,1,,,100.0,33.0,10^-12.1798,,,,,,0
1335053,1,953,Wolbachia endosymbiont of Chrysomya megacephala,"",bacteria,false,,,,0.07479995565907273,1,,,100.0,91.0,10^-49.5635,,,,,,,,,,,,,,,,,,0
1301914,1,953,Wolbachia endosymbiont of Pentalonia nigronervosa,"",bacteria,false,,,,,,,,,,,,,,,,2.5431984924084725,34,3,28,72.9255,83.2941,10^-30.0812,,,,,,0
931100,1,953,Wolbachia endosymbiont of Oedothorax gibbosus,"",bacteria,false,,,,0.07479995565907273,1,,,100.0,101.0,10^-56.3801,,,,,,,,,,,,,,,,,,0
573241,1,953,Wolbachia endosymbiont of Oryzaephilus surinamensis,"",bacteria,false,,,,,,,,,,,,,,,,0.14959991131814546,2,,,66.7,33.0,10^-5.15809,,,,,,0
546165,1,953,Wolbachia endosymbiont of Aedes aegypti,"",bacteria,false,,,,0.2991998226362909,4,,,100.0,61.75,10^-29.6905,,,,,,,,,,,,,,,,,,0
375919,1,953,Wolbachia endosymbiont of Drosophila pseudotakahashii,"",bacteria,false,,,,0.07479995565907273,1,,,97.98,99.0,10^-52.2716,,,,,,,,,,,,,,,,,,0
329647,1,953,Wolbachia endosymbiont of Culex molestus,"",bacteria,false,,,,,,,,,,,,,,,,72.55595698930054,970,1,970,100.0,83.0,10^-55.821,,,,,,0
307502,1,953,Wolbachia endosymbiont of Drosophila ananassae,"",bacteria,false,,,,,,,,,,,,,,,,0.07479995565907273,1,,,63.6,33.0,10^-3.17522,,,,,,0
263437,1,953,Wolbachia endosymbiont of Culex quinquefasciatus,"",bacteria,false,,,,0.14959991131814546,2,,,98.02,98.0,10^-51.5901,,,,,,0.07479995565907273,1,,,100.0,33.0,10^-13.3686,,,,,,0
246273,1,953,Wolbachia endosymbiont of Cimex lectularius,"",bacteria,false,,,,,,,,,,,,,,,,0.14959991131814546,2,,,51.6,31.0,10^-3.23882,,,,,,0
244204,1,953,uncultured Wolbachia sp.,"",bacteria,false,,,,31.78998115510591,425,1,403,99.9813,333.362,10^-291.791,,,,,,,,,,,,,,,,,,0
218111,1,953,Wolbachia endosymbiont of Corcyra cephalonica,"",bacteria,false,,,,0.07479995565907273,1,,,100.0,101.0,10^-56.3801,,,,,,,,,,,,,,,,,,0
215173,1,953,Wolbachia endosymbiont of Bemisia tabaci,"",bacteria,false,,,,,,,,,,,,,,,,0.07479995565907273,1,,,100.0,33.0,10^-14.3747,,,,,,0
183754,1,953,Wolbachia endosymbiont of Ostrinia scapulalis,"",bacteria,false,,,,0.22439986697721817,3,,,100.0,101.0,10^-56.3801,,,,,,,,,,,,,,,,,,0
167957,1,953,Wolbachia endosymbiont of Aedes albopictus,"",bacteria,false,,,,1.5707990688405271,21,,,99.8434,95.5714,10^-52.4862,,,,,,0.5983996452725818,8,,,100.0,31.125,10^-10.5889,,,,,,0
154048,1,953,Wolbachia endosymbiont of Ostrinia furnacalis,"",bacteria,false,,,,0.07479995565907273,1,,,100.0,100.0,10^-55.6982,,,,,,,,,,,,,,,,,,0
77039,1,953,Wolbachia endosymbiont of Armadillidium vulgare,"",bacteria,false,,,,,,,,,,,,,,,,0.07479995565907273,1,,,100.0,33.0,10^-12.5622,,,,,,0
77038,1,953,Wolbachia endosymbiont of Drosophila simulans,"",bacteria,false,,,,0.2991998226362909,4,,,99.7525,94.25,10^-51.0935,,,,,,,,,,,,,,,,,,0
66084,1,953,Wolbachia sp. wRi,"",bacteria,false,,,,0.14959991131814546,2,,,100.0,100.0,10^-55.6982,,,,,,,,,,,,,,,,,,0
956,1,953,Wolbachia sp.,"",bacteria,false,,,,0.14959991131814546,2,,,99.029,102.0,10^-55.6896,,,,,,0.22439986697721817,3,,,89.3333,31.3333,10^-8.42626,,,,,,0
955,1,953,Wolbachia pipientis,"",bacteria,false,,,,1626.8990355848318,21750,9,21659,99.7752,936.055,10^-292.713,,,,,,1.4211991575223817,19,,,96.5947,29.5789,10^-9.21402,,,,,,0
872,2,872,Desulfovibrio,"",bacteria,false,,,,0.07479995565907273,1,,,83.333,72.0,10^-20.1592,,,,,,,,,,,,,,,,,[2666132],0
2666132,1,872,Desulfovibrio sp. 86,"",bacteria,false,,,,0.07479995565907273,1,,,83.333,72.0,10^-20.1592,,,,,,,,,,,,,,,,,,0
816,2,816,Bacteroides,"",bacteria,false,,,,,,,,,,,,,,,,0.44879973395443634,6,,,69.6167,31.3333,10^-6.30448,,,,,"[457391, 820, 817]",0
457391,1,816,Bacteroides sp. 3_1_33FAA,"",bacteria,false,,,,,,,,,,,,,,,,0.14959991131814546,2,,,75.95,28.5,10^-5.16257,,,,,,0
820,1,816,Bacteroides uniformis,"",bacteria,false,,,,,,,,,,,,,,,,0.22439986697721817,3,,,64.6333,33.0,10^-7.2371,,,,,,0
817,1,816,Bacteroides fragilis,"",bacteria,false,,,,,,,,,,,,,,,,0.07479995565907273,1,,,71.9,32.0,10^-5.79048,,,,,,0
810,2,810,Chlamydia,"",bacteria,false,,,,,,,,,,,,,,,,1.8699988914768182,25,2,18,91.1413,69.8,10^-27.2083,,,,,"[83555, 813]",1
83555,1,810,Chlamydia abortus,"",bacteria,false,,,,,,,,,,,,,,,,1.1967992905451637,16,1,14,93.3375,87.9375,10^-36.6291,,,,,,0
813,1,810,Chlamydia trachomatis,"",bacteria,false,,,,,,,,,,,,,,,,0.6731996009316545,9,1,4,87.2369,37.5556,10^-10.4602,,,,,,1
780,2,780,Rickettsia,"",bacteria,false,,,,0.14959991131814546,2,,,99.01,100.5,10^-53.9806,,,,,,4.9367970734988,66,1,13,83.2386,47.5714,10^-18.0213,,,,,"[2884482, 1068590, 42862, 35791, 782]",2
2884482,1,780,Rickettsia endosymbiont of Ceutorhynchus assimilis,"",bacteria,false,,,,0.14959991131814546,2,,,99.01,100.5,10^-53.9806,,,,,,,,,,,,,,,,,,0
1068590,1,780,Rickettsia asembonensis,"",bacteria,false,,,,,,,,,,,,,,,,0.14959991131814546,2,,,89.05,32.0,10^-12.1803,,,,,,0
42862,1,780,Rickettsia felis,"",bacteria,false,,,,,,,,,,,,,,,,3.6651978272945636,49,,,88.3094,31.9688,10^-11.0536,,,,,,1
35791,1,780,Rickettsia massiliae,"",bacteria,false,,,,,,,,,,,,,,,,0.07479995565907273,1,,,87.1,31.0,10^-6.35853,,,,,,0
782,1,780,Rickettsia prowazekii,"",bacteria,false,,,,,,,,,,,,,,,,1.0471993792270182,14,1,13,70.5421,86.6429,10^-35.6151,,,,,,1
773,2,773,Bartonella,"",bacteria,false,,,,3.8895976942717816,52,2,19,99.5413,160.865,10^-83.4351,,,,,,0.14959991131814546,2,,,97.0,33.0,10^-10.8644,,,,,"[2979331, 2979330, 2979321, 2979320, 2759660, 1318743, 104108, 33047]",0
2979331,1,773,Bartonella sp. HY406,"",bacteria,false,,,,0.9723994235679454,13,,,99.443,97.4615,10^-53.2293,,,,,,,,,,,,,,,,,,0
2979330,1,773,Bartonella sp. HY761,"",bacteria,false,,,,0.5983996452725818,8,,,99.1169,99.25,10^-53.643,,,,,,0.14959991131814546,2,,,97.0,33.0,10^-10.8644,,,,,,0
2979321,1,773,Bartonella sp. HY329,"",bacteria,false,,,,0.14959991131814546,2,,,100.0,100.0,10^-55.012,,,,,,,,,,,,,,,,,,0
2979320,1,773,Bartonella sp. HY328,"",bacteria,false,,,,0.07479995565907273,1,,,100.0,101.0,10^-56.3801,,,,,,,,,,,,,,,,,,0
2759660,1,773,Bartonella sp. HY038,"",bacteria,false,,,,1.6455990244996,22,2,19,99.6111,246.773,10^-124.363,,,,,,,,,,,,,,,,,,0
1318743,1,773,Bartonella ancashensis,"",bacteria,false,,,,0.22439986697721817,3,,,100.0,90.3333,10^-49.1107,,,,,,,,,,,,,,,,,,0
104108,1,773,uncultured Bartonella sp.,"",bacteria,false,,,,0.14959991131814546,2,,,99.505,101.0,10^-55.6939,,,,,,,,,,,,,,,,,,0
33047,1,773,Bartonella vinsonii,"",bacteria,false,,,,0.07479995565907273,1,,,100.0,101.0,10^-56.3801,,,,,,,,,,,,,,,,,,0
768,2,768,Anaplasma,"",bacteria,false,,,,,,,,,,,,,,,,0.14959991131814546,2,,,61.95,31.5,10^-4.48419,,,,,[1872535],0
1872535,1,768,Anaplasma sp.,"",bacteria,false,,,,,,,,,,,,,,,,0.14959991131814546,2,,,61.95,31.5,10^-4.48419,,,,,,0
745,2,745,Pasteurella,"",bacteria,false,,,,,,,,,,,,,,,,0.07479995565907273,1,,,71.9,32.0,10^-7.24185,,,,,[747],1
747,1,745,Pasteurella multocida,"",bacteria,false,,,,,,,,,,,,,,,,0.07479995565907273,1,,,71.9,32.0,10^-7.24185,,,,,,1
724,2,724,Haemophilus,"",bacteria,false,,,,0.07479995565907273,1,,,100.0,42.0,10^-16.2762,,,,,,41.289575523808146,552,2,549,88.8459,80.9777,10^-42.6925,,,,,[727],1
727,1,724,Haemophilus influenzae,"",bacteria,false,,,,0.07479995565907273,1,,,100.0,42.0,10^-16.2762,,,,,,41.289575523808146,552,2,549,88.8459,80.9777,10^-42.6925,,,,,,1
713,2,713,Actinobacillus,"",bacteria,false,,,,0.14959991131814546,2,,,96.1485,68.5,10^-30.1821,,,,,,0.5983996452725818,8,,,81.95,30.5,10^-8.12059,,,,,"[718, 715]",0
718,1,713,Actinobacillus equuli,"",bacteria,false,,,,0.07479995565907273,1,,,95.0,100.0,10^-48.8363,,,,,,,,,,,,,,,,,,0
715,1,713,Actinobacillus pleuropneumoniae,"",bacteria,false,,,,0.07479995565907273,1,,,97.297,37.0,10^-11.528,,,,,,0.5983996452725818,8,,,81.95,30.5,10^-8.12059,,,,,,0
662,2,662,Vibrio,"",bacteria,false,,,,0.2991998226362909,4,,,90.6568,60.75,10^-20.7603,,,,,,55.127567320736595,737,3,658,75.0327,64.7582,10^-27.0355,,,,,"[2302434, 2056189, 1074311, 190893, 29497, 691, 680, 670, 669, 666]",2
2302434,1,662,Vibrio sinensis,"",bacteria,false,,,,,,,,,,,,,,,,0.14959991131814546,2,,,56.95,32.5,10^-3.32794,,,,,,0
2056189,1,662,Vibrio sp. 10N.286.48.B8,"",bacteria,false,,,,,,,,,,,,,,,,0.5235996896135091,7,,,78.9714,32.7143,10^-7.06021,,,,,,0
1074311,1,662,Vibrio alfacsensis,"",bacteria,false,,,,,,,,,,,,,,,,0.07479995565907273,1,,,87.5,32.0,10^-8.54975,,,,,,0
190893,1,662,Vibrio coralliilyticus,"",bacteria,false,,,,0.07479995565907273,1,,,94.737,38.0,10^-10.8302,,,,,,,,,,,,,,,,,,0
29497,1,662,Vibrio splendidus,"",bacteria,false,,,,,,,,,,,,,,,,0.3739997782953636,5,,,96.98,32.8,10^-12.0867,,,,,,0
691,1,662,Vibrio natriegens,"",bacteria,false,,,,0.14959991131814546,2,,,84.6805,68.5,10^-19.8379,,,,,,,,,,,,,,,,,,0
680,1,662,Vibrio campbellii,"",bacteria,false,,,,,,,,,,,,,,,,1.2715992462042363,17,1,15,75.8347,71.8235,10^-27.9305,,,,,,0
670,1,662,Vibrio parahaemolyticus,"",bacteria,false,,,,0.07479995565907273,1,,,98.529,68.0,10^-32.5354,,,,,,1.4959991131814545,20,,,80.54,30.45,10^-7.54946,,,,,,1
669,1,662,Vibrio harveyi,"",bacteria,false,,,,,,,,,,,,,,,,0.07479995565907273,1,,,83.3,30.0,10^-8.15802,,,,,,0
666,1,662,Vibrio cholerae,"",bacteria,false,,,,,,,,,,,,,,,,51.16316967080574,684,2,643,74.5078,67.0705,10^-28.4754,,,,,,1
657,2,657,Photobacterium,"",bacteria,false,,,,,,,,,,,,,,,,0.07479995565907273,1,,,90.9,33.0,10^-10.4908,,,,,[38293],1
38293,1,657,Photobacterium damselae,"",bacteria,false,,,,,,,,,,,,,,,,0.07479995565907273,1,,,90.9,33.0,10^-10.4908,,,,,,1
642,2,642,Aeromonas,"",bacteria,false,,,,0.14959991131814546,2,,,100.0,98.0,10^-54.3347,,,,,,2.0195988027949636,27,,,94.025,28.5833,10^-8.50639,,,,,"[654, 648]",2
654,1,642,Aeromonas veronii,"",bacteria,false,,,,0.14959991131814546,2,,,100.0,98.0,10^-54.3347,,,,,,1.7951989358177454,24,,,96.7619,28.3333,10^-8.90067,,,,,,1
648,1,642,Aeromonas caviae,"",bacteria,false,,,,,,,,,,,,,,,,0.22439986697721817,3,,,74.8667,30.3333,10^-5.74639,,,,,,1
637,2,637,Arsenophonus,"",bacteria,false,,,,0.14959991131814546,2,,,92.8065,65.0,10^-24.3343,,,,,,,,,,,,,,,,,"[57911, 638]",0
57911,1,637,Candidatus Arsenophonus triatominarum,"",bacteria,false,,,,0.07479995565907273,1,,,97.959,49.0,10^-19.6402,,,,,,,,,,,,,,,,,,0
638,1,637,Arsenophonus nasoniae,son-killer infecting Nasonia vitripennis,bacteria,false,,,,0.07479995565907273,1,,,87.654,81.0,10^-29.0285,,,,,,,,,,,,,,,,,,0
635,2,635,Edwardsiella,"",bacteria,false,,,,,,,,,,,,,,,,0.44879973395443634,6,,,95.1167,30.6667,10^-13.011,,,,,"[67780, 636]",1
67780,1,635,Edwardsiella ictaluri,"",bacteria,false,,,,,,,,,,,,,,,,0.07479995565907273,1,,,90.6,32.0,10^-10.8416,,,,,,0
636,1,635,Edwardsiella tarda,"",bacteria,false,,,,,,,,,,,,,,,,0.3739997782953636,5,,,96.02,30.4,10^-13.4449,,,,,,1
629,2,629,Yersinia,"",bacteria,false,,,,0.3739997782953636,5,,,95.6296,99.2,10^-49.1145,,,,,,0.5235996896135091,7,,,89.6143,33.0,10^-10.1741,,,,,"[2890317, 33060, 29486, 29484, 29483, 634, 632, 630]",2
2890317,1,629,Yersinia alsatica,"",bacteria,false,,,,,,,,,,,,,,,,0.07479995565907273,1,,,100.0,33.0,10^-12.5157,,,,,,0
33060,1,629,Yersinia mollaretii,"",bacteria,false,,,,0.14959991131814546,2,,,92.574,101.0,10^-46.0873,,,,,,,,,,,,,,,,,,0
29486,1,629,Yersinia ruckeri,"",bacteria,false,,,,,,,,,,,,,,,,0.07479995565907273,1,,,69.7,33.0,10^-6.08092,,,,,,0
29484,1,629,Yersinia frederiksenii,"",bacteria,false,,,,0.07479995565907273,1,,,93.0,100.0,10^-46.0916,,,,,,,,,,,,,,,,,,0
29483,1,629,Yersinia aldovae,"",bacteria,false,,,,,,,,,,,,,,,,0.07479995565907273,1,,,100.0,33.0,10^-14.1593,,,,,,0
634,1,629,Yersinia bercovieri,"",bacteria,false,,,,,,,,,,,,,,,,0.07479995565907273,1,,,78.8,33.0,10^-4.67778,,,,,,0
632,1,629,Yersinia pestis,"",bacteria,false,,,,0.14959991131814546,2,,,100.0,97.0,10^-53.6532,,,,,,0.07479995565907273,1,,,90.9,33.0,10^-11.2132,,,,,,1
630,1,629,Yersinia enterocolitica,"",bacteria,false,,,,,,,,,,,,,,,,0.14959991131814546,2,,,93.95,33.0,10^-11.2858,,,,,,1
626,2,626,Xenorhabdus,"",bacteria,false,,,,0.07479995565907273,1,,,99.01,101.0,10^-55.0077,,,,,,15.93239055538249,213,2,209,87.7029,70.549,10^-35.8452,,,,,"[351614, 40577, 40576]",0
351614,1,626,Xenorhabdus stockiae,"",bacteria,false,,,,,,,,,,,,,,,,15.10959104313269,202,1,201,88.8179,71.7253,10^-37.6562,,,,,,0
40577,1,626,Xenorhabdus poinarii,"",bacteria,false,,,,0.07479995565907273,1,,,99.01,101.0,10^-55.0077,,,,,,,,,,,,,,,,,,0
40576,1,626,Xenorhabdus bovienii,"",bacteria,false,,,,,,,,,,,,,,,,0.8227995122498,11,1,8,73.3087,55.3636,10^-12.4669,,,,,,0
620,2,620,Shigella,"",bacteria,false,,,,,,,,,,,,,,,,0.22439986697721817,3,,,94.6333,27.6667,10^-10.1677,,,,,[624],1
624,1,620,Shigella sonnei,"",bacteria,false,,,,,,,,,,,,,,,,0.22439986697721817,3,,,94.6333,27.6667,10^-10.1677,,,,,,1
613,2,613,Serratia,"",bacteria,false,,,,1.7203989801586728,23,,,99.0839,89.6087,10^-47.6177,,,,,,1.4211991575223817,19,,,93.8727,30.9091,10^-10.4982,,,,,"[3043305, 2806582, 138074, 137545, 82996, 61652, 615, 614]",1
3043305,1,613,Serratia sp. Se-RSBMAAmG,"",bacteria,false,,,,,,,,,,,,,,,,0.14959991131814546,2,,,100.0,33.0,10^-13.1586,,,,,,0
2806582,1,613,Serratia sp. PL17,"",bacteria,false,,,,,,,,,,,,,,,,0.07479995565907273,1,,,100.0,33.0,10^-11.6536,,,,,,0
138074,1,613,Serratia symbiotica,"",bacteria,false,,,,,,,,,,,,,,,,0.8227995122498,11,,,96.4,28.0,10^-9.82391,,,,,,0
137545,1,613,Serratia quinivorans,"",bacteria,false,,,,,,,,,,,,,,,,0.14959991131814546,2,,,76.3,29.5,10^-5.90895,,,,,,0
82996,1,613,Serratia plymuthica,"",bacteria,false,,,,0.22439986697721817,3,,,98.198,55.0,10^-24.2065,,,,,,,,,,,,,,,,,,0
61652,1,613,Serratia rubidaea,"",bacteria,false,,,,0.07479995565907273,1,,,99.01,101.0,10^-55.0077,,,,,,,,,,,,,,,,,,0
615,1,613,Serratia marcescens,"",bacteria,false,,,,1.4211991575223817,19,,,99.2276,94.4737,10^-50.9252,,,,,,0.14959991131814546,2,,,95.4,32.5,10^-12.062,,,,,,1
614,1,613,Serratia liquefaciens,"",bacteria,false,,,,,,,,,,,,,,,,0.07479995565907273,1,,,100.0,33.0,10^-12.0958,,,,,,0
590,2,590,Salmonella,"",bacteria,false,,,,1.0471993792270182,14,,,98.3755,95.9286,10^-50.6701,,,,,,2.0943987584540364,28,,,94.3286,30.6071,10^-11.1107,,,,,"[54736, 28901]",2
54736,1,590,Salmonella bongori,"",bacteria,false,,,,0.07479995565907273,1,,,98.0,100.0,10^-52.9535,,,,,,,,,,,,,,,,,,1
28901,1,590,Salmonella enterica,"",bacteria,false,,,,0.9723994235679454,13,,,98.4044,95.6154,10^-50.4944,,,,,,2.0943987584540364,28,,,94.3286,30.6071,10^-11.1107,,,,,,1
586,2,586,Providencia,"",bacteria,false,,,,1028.2001904896138,13746,15,13354,99.9279,475.687,10^-190.872,,,,,,16.680390111973217,223,1,20,96.2871,36.7966,10^-14.8631,,,,,"[3029276, 2949947, 2949914, 2949885, 2949854, 2949851, 2949840, 2949798, 2949780, 2603245, 2603244, 2027290, 990144, 516075, 516074, 390517, 333965, 333962, 158850, 126385, 588, 587]",2
3029276,1,586,Providencia sp. G1(2023),"",bacteria,false,,,,,,,,,,,,,,,,0.22439986697721817,3,,,100.0,30.3333,10^-10.1436,,,,,,0
2949947,1,586,Providencia sp. PROV259,"",bacteria,false,,,,,,,,,,,,,,,,0.07479995565907273,1,,,93.3,30.0,10^-4.00789,,,,,,0
2949914,1,586,Providencia sp. PROV219,"",bacteria,false,,,,,,,,,,,,,,,,0.07479995565907273,1,,,100.0,30.0,10^-9.65561,,,,,,0
2949885,1,586,Providencia sp. PROV182,"",bacteria,false,,,,,,,,,,,,,,,,0.07479995565907273,1,,,100.0,33.0,10^-12.0097,,,,,,0
2949854,1,586,Providencia sp. PROV144,"",bacteria,false,,,,,,,,,,,,,,,,0.07479995565907273,1,,,100.0,33.0,10^-12.5513,,,,,,0
2949851,1,586,Providencia sp. PROV141,"",bacteria,false,,,,,,,,,,,,,,,,0.07479995565907273,1,,,100.0,27.0,10^-8.87943,,,,,,0
2949840,1,586,Providencia sp. PROV130,"",bacteria,false,,,,,,,,,,,,,,,,0.14959991131814546,2,,,87.7,32.5,10^-9.12974,,,,,,0
2949798,1,586,Providencia sp. PROV076,"",bacteria,false,,,,,,,,,,,,,,,,0.14959991131814546,2,,,100.0,33.0,10^-8.48017,,,,,,0
2949780,1,586,Providencia sp. PROV052,"",bacteria,false,,,,,,,,,,,,,,,,0.14959991131814546,2,,,100.0,32.5,10^-9.54374,,,,,,0
2603245,1,586,Providencia sp. 1701091,"",bacteria,false,,,,0.3739997782953636,5,,,100.0,97.0,10^-53.6537,,,,,,,,,,,,,,,,,,0
2603244,1,586,Providencia sp. 1701011,"",bacteria,false,,,,999.1778076938934,13358,15,13354,99.9364,490.208,10^-196.176,,,,,,,,,,,,,,,,,,0
2027290,1,586,Providencia huaxiensis,"",bacteria,false,,,,,,,,,,,,,,,,0.07479995565907273,1,,,100.0,33.0,10^-11.7144,,,,,,0
990144,1,586,Providencia thailandensis,"",bacteria,false,,,,,,,,,,,,,,,,0.14959991131814546,2,,,100.0,33.0,10^-9.79958,,,,,,0
516075,1,586,Providencia sneebia,"",bacteria,false,,,,,,,,,,,,,,,,1.4959991131814545,20,1,20,97.701,87.0,10^-56.821,,,,,,0
516074,1,586,Providencia burhodogranariea,"",bacteria,false,,,,,,,,,,,,,,,,0.07479995565907273,1,,,100.0,33.0,10^-12.5575,,,,,,0
390517,1,586,uncultured Providencia sp.,"",bacteria,false,,,,0.8227995122498,11,,,100.0,95.375,10^-52.5523,,,,,,,,,,,,,,,,,,0
333965,1,586,Providencia vermicola,"",bacteria,false,,,,0.14959991131814546,2,,,93.395,57.0,10^-20.9537,,,,,,0.07479995565907273,1,,,100.0,32.0,10^-12.6021,,,,,,0
333962,1,586,Providencia heimbachae,"",bacteria,false,,,,0.07479995565907273,1,,,100.0,85.0,10^-45.476,,,,,,0.14959991131814546,2,,,81.8,33.0,10^-7.49155,,,,,,0
158850,1,586,Providencia rustigianii,"",bacteria,false,,,,,,,,,,,,,,,,0.14959991131814546,2,,,98.5,33.0,10^-12.2903,,,,,,0
126385,1,586,Providencia alcalifaciens,"",bacteria,false,,,,0.5983996452725818,8,,,99.7525,94.875,10^-51.8641,,,,,,0.9723994235679454,13,,,96.7,32.0909,10^-10.4008,,,,,,1
588,1,586,Providencia stuartii,"",bacteria,false,,,,1.0471993792270182,14,,,99.5453,83.1818,10^-43.6386,,,,,,2.917198270703836,39,,,88.1576,32.1212,10^-10.1332,,,,,,0
587,1,586,Providencia rettgeri,"",bacteria,false,,,,25.955584613698235,347,,,99.7398,95.3913,10^-52.2066,,,,,,9.57439432436131,128,,,98.7174,30.413,10^-10.1229,,,,,,1
583,2,583,Proteus,"",bacteria,false,,,,0.8227995122498,11,,,97.878,94.2727,10^-48.9281,,,,,,0.22439986697721817,3,,,100.0,29.0,10^-10.5273,,,,,"[183417, 584]",1
183417,1,583,Proteus hauseri,"",bacteria,false,,,,0.07479995565907273,1,,,86.598,97.0,10^-35.812,,,,,,,,,,,,,,,,,,0
584,1,583,Proteus mirabilis,"",bacteria,false,,,,0.7479995565907273,10,,,99.006,94.0,10^-50.2397,,,,,,0.22439986697721817,3,,,100.0,29.0,10^-10.5273,,,,,,1
581,2,581,Morganella,"",bacteria,false,,,,2.692798403726618,36,1,8,99.2729,127.438,10^-66.1635,,,,,,0.6731996009316545,9,,,95.6889,32.3333,10^-12.2355,,,,,[582],1
582,1,581,Morganella morganii,"",bacteria,false,,,,2.692798403726618,36,1,8,99.2729,127.438,10^-66.1635,,,,,,0.6731996009316545,9,,,95.6889,32.3333,10^-12.2355,,,,,,1
570,2,570,Klebsiella,"",bacteria,false,,,,2.0943987584540364,28,,,96.7315,92.0,10^-46.5248,,,,,,310.86861571910623,4156,3,4088,86.7761,81.6771,10^-42.6762,,,,,"[2587529, 1463165, 1134687, 244366, 573, 571, 548]",3
2587529,1,570,Klebsiella pasteurii,"",bacteria,false,,,,0.14959991131814546,2,,,80.952,63.0,10^-14.0416,,,,,,,,,,,,,,,,,,0
1463165,1,570,Klebsiella quasipneumoniae,"",bacteria,false,,,,0.07479995565907273,1,,,98.824,85.0,10^-44.1036,,,,,,0.22439986697721817,3,,,90.1333,31.0,10^-10.1389,,,,,,0
1134687,1,570,Klebsiella michiganensis,"",bacteria,false,,,,0.3739997782953636,5,,,99.01,100.6,10^-54.735,,,,,,0.07479995565907273,1,,,87.9,33.0,10^-11.4089,,,,,,0
244366,1,570,Klebsiella variicola,"",bacteria,false,,,,,,,,,,,,,,,,221.10866892821898,2956,1,2956,82.143,84.0,10^-39.8356,,,,,,0
573,1,570,Klebsiella pneumoniae,"",bacteria,false,,,,1.1967992905451637,16,,,98.4363,93.1875,10^-48.9991,,,,,,39.344776676672254,526,1,465,99.0136,66.2153,10^-42.6705,,,,,,1
571,1,570,Klebsiella oxytoca,"",bacteria,false,,,,0.07479995565907273,1,,,87.0,100.0,10^-37.8574,,,,,,49.891570424601504,667,1,667,93.103,87.0,10^-53.3546,,,,,,1
548,1,570,Klebsiella aerogenes,"",bacteria,false,,,,0.22439986697721817,3,,,96.9073,90.3333,10^-44.9965,,,,,,0.22439986697721817,3,,,98.6667,24.3333,10^-8.16895,,,,,,1
561,2,561,Escherichia,"",bacteria,false,,,,6.05879640838489,81,,,99.5263,95.4691,10^-51.9536,,,,,,360.68538618804865,4822,7,4631,87.3943,93.1276,10^-50.931,,,,,"[2044462, 2044459, 562]",1
2044462,1,561,Escherichia sp. E3659,"",bacteria,false,,,,,,,,,,,,,,,,0.07479995565907273,1,,,73.9,23.0,10^-3.38934,,,,,,0
2044459,1,561,Escherichia sp. E2661,"",bacteria,false,,,,,,,,,,,,,,,,0.07479995565907273,1,,,82.8,29.0,10^-8.5376,,,,,,0
562,1,561,Escherichia coli,"",bacteria,false,,,,6.05879640838489,81,,,99.5263,95.4691,10^-51.9536,,,,,,360.53578627673056,4820,7,4631,87.3998,93.1687,10^-50.9585,,,,,,1
551,2,551,Erwinia,"",bacteria,false,,,,1.5707990688405271,21,,,93.9568,94.25,10^-44.1005,,,,,,3.8895976942717816,52,1,47,52.5609,176.5,10^-55.6735,,,,,"[2769339, 1603299, 796334, 252393, 215689, 79967, 69224, 68334, 65700, 55212, 55211, 552]",0
2769339,1,551,Erwinia sp. S43,"",bacteria,false,,,,,,,,,,,,,,,,0.07479995565907273,1,,,97.0,33.0,10^-12.9547,,,,,,0
1603299,1,551,Erwinia sp. ErVv1,"",bacteria,false,,,,,,,,,,,,,,,,0.07479995565907273,1,,,81.8,33.0,10^-8.22185,,,,,,0
796334,1,551,Erwinia oleae,"",bacteria,false,,,,0.5983996452725818,8,,,92.6411,98.5714,10^-44.53,,,,,,,,,,,,,,,,,,0
252393,1,551,Candidatus Erwinia dacicola,"",bacteria,false,,,,,,,,,,,,,,,,3.5903978716354907,48,1,47,48.4995,190.9,10^-60.096,,,,,,0
215689,1,551,Erwinia sp. Ejp617,"",bacteria,false,,,,0.14959991131814546,2,,,96.535,101.0,10^-51.5768,,,,,,,,,,,,,,,,,,0
79967,1,551,Erwinia pyrifoliae,"",bacteria,false,,,,0.2991998226362909,4,,,93.383,87.25,10^-39.1175,,,,,,,,,,,,,,,,,,0
69224,1,551,Erwinia psidii,"",bacteria,false,,,,,,,,,,,,,,,,0.07479995565907273,1,,,93.9,33.0,10^-13.2277,,,,,,0
68334,1,551,Erwinia aphidicola,"",bacteria,false,,,,,,,,,,,,,,,,0.07479995565907273,1,,,100.0,31.0,10^-11.3893,,,,,,0
65700,1,551,Erwinia tracheiphila,"",bacteria,false,,,,0.14959991131814546,2,,,95.0495,101.0,10^-49.5182,,,,,,,,,,,,,,,,,,0
55212,1,551,Erwinia rhapontici,"",bacteria,false,,,,0.14959991131814546,2,,,95.612,102.0,10^-50.8863,,,,,,,,,,,,,,,,,,0
55211,1,551,Erwinia persicina,"",bacteria,false,,,,0.07479995565907273,1,,,89.744,39.0,10^-8.76035,,,,,,,,,,,,,,,,,,0
552,1,551,Erwinia amylovora,"",bacteria,false,,,,0.14959991131814546,2,,,96.4895,99.5,10^-50.554,,,,,,,,,,,,,,,,,,0
547,2,547,Enterobacter,"",bacteria,false,,,,0.44879973395443634,6,,,99.3367,86.1667,10^-45.3682,,,,,,2.2439986697721817,30,,,94.4071,30.25,10^-10.758,,,,,"[2870346, 2608345, 2511993, 1812935, 1329825, 1202448, 881260, 299767, 158836, 61645, 550]",1
2870346,1,547,Enterobacter sp. C2,"",bacteria,false,,,,0.07479995565907273,1,,,100.0,97.0,10^-53.6529,,,,,,,,,,,,,,,,,,0
2608345,1,547,Enterobacter sp. Ap-1006,"",bacteria,false,,,,,,,,,,,,,,,,0.07479995565907273,1,,,100.0,32.0,10^-11.8894,,,,,,0
2511993,1,547,Enterobacter cloacae complex sp. 2DZ2F20B,"",bacteria,false,,,,,,,,,,,,,,,,0.22439986697721817,3,,,72.1333,31.6667,10^-8.25976,,,,,,0
1812935,1,547,Enterobacter roggenkampii,"",bacteria,false,,,,,,,,,,,,,,,,0.14959991131814546,2,,,100.0,19.0,10^-5.38405,,,,,,0
1329825,1,547,Enterobacter sp. MGH 16,"",bacteria,false,,,,,,,,,,,,,,,,0.07479995565907273,1,,,90.3,31.0,10^-10.8697,,,,,,0
1202448,1,547,Enterobacter sp. Ag1,"",bacteria,false,,,,,,,,,,,,,,,,0.07479995565907273,1,,,100.0,33.0,10^-13.7721,,,,,,0
881260,1,547,Enterobacter bugandensis,"",bacteria,false,,,,0.14959991131814546,2,,,98.01,100.5,10^-53.2944,,,,,,,,,,,,,,,,,,0
299767,1,547,Enterobacter ludwigii,"",bacteria,false,,,,,,,,,,,,,,,,0.22439986697721817,3,,,90.9,33.0,10^-11.5423,,,,,,0
158836,1,547,Enterobacter hormaechei,"",bacteria,false,,,,0.07479995565907273,1,,,100.0,59.0,10^-27.7937,,,,,,1.1219993348860908,15,,,99.4467,31.2667,10^-12.2279,,,,,,0
61645,1,547,Enterobacter asburiae,"",bacteria,false,,,,0.07479995565907273,1,,,100.0,101.0,10^-56.3801,,,,,,0.22439986697721817,3,,,89.6,29.0,10^-7.91193,,,,,,0
550,1,547,Enterobacter cloacae,"",bacteria,false,,,,0.07479995565907273,1,,,100.0,59.0,10^-27.7937,,,,,,0.07479995565907273,1,,,84.0,25.0,10^-6.81816,,,,,,1
544,2,544,Citrobacter,"",bacteria,false,,,,0.5235996896135091,7,,,94.3456,88.4286,10^-41.9354,,,,,,31.490781332469616,421,1,416,89.7814,68.5092,10^-39.4129,,,,,"[2985010, 2799789, 1981983, 1639133, 133448, 546]",1
2985010,1,544,Citrobacter sp. Cb009,"",bacteria,false,,,,,,,,,,,,,,,,0.07479995565907273,1,,,68.8,32.0,10^-5.91721,,,,,,0
2799789,1,544,Citrobacter sp. JGM124,"",bacteria,false,,,,,,,,,,,,,,,,0.14959991131814546,2,,,96.7,30.0,10^-10.4449,,,,,,0
1981983,1,544,Citrobacter sp. L55,"",bacteria,false,,,,,,,,,,,,,,,,31.191581509833327,417,1,416,89.857,68.9013,10^-39.7518,,,,,,0
1639133,1,544,Citrobacter portucalensis,"",bacteria,false,,,,0.07479995565907273,1,,,99.01,101.0,10^-55.0077,,,,,,,,,,,,,,,,,,0
133448,1,544,Citrobacter youngae,"",bacteria,false,,,,,,,,,,,,,,,,0.07479995565907273,1,,,68.6,35.0,10^-3.74232,,,,,,0
546,1,544,Citrobacter freundii,"",bacteria,false,,,,0.44879973395443634,6,,,93.5682,86.3333,10^-39.7567,,,,,,,,,,,,,,,,,,1
522,2,522,Acidiphilium,"",bacteria,false,,,,,,,,,,,,,,,,13.1647921959968,176,1,173,92.4197,116.367,10^-72.3854,,,,,[62140],0
62140,1,522,Acidiphilium multivorum,"",bacteria,false,,,,,,,,,,,,,,,,13.1647921959968,176,1,173,92.4197,116.367,10^-72.3854,,,,,,0
517,2,517,Bordetella,"",bacteria,false,,,,0.5983996452725818,8,,,97.4616,85.8571,10^-44.5107,,,,,,5.609996674430454,75,,,92.2039,31.7255,10^-12.6164,,,,,"[1697043, 103855, 94624, 520, 518]",2
1697043,1,517,Bordetella sp. H567,"",bacteria,false,,,,0.07479995565907273,1,,,84.211,38.0,10^-5.3407,,,,,,,,,,,,,,,,,,0
103855,1,517,Bordetella hinzii,"",bacteria,false,,,,0.14959991131814546,2,,,100.0,99.0,10^-55.0164,,,,,,,,,,,,,,,,,,0
94624,1,517,Bordetella petrii,"",bacteria,false,,,,,,,,,,,,,,,,0.07479995565907273,1,,,82.6,23.0,10^-4.53462,,,,,,0
520,1,517,Bordetella pertussis,"",bacteria,false,,,,0.14959991131814546,2,,,100.0,81.0,10^-42.7522,,,,,,5.535196718771382,74,,,92.396,31.9,10^-12.7781,,,,,,1
518,1,517,Bordetella bronchiseptica,"",bacteria,false,,,,0.22439986697721817,3,,,99.34,100.667,10^-55.2379,,,,,,,,,,,,,,,,,,1
507,2,507,Alcaligenes,"",bacteria,false,,,,0.5983996452725818,8,,,100.0,95.1429,10^-52.1961,,,,,,,,,,,,,,,,,"[1345150, 511]",0
1345150,1,507,Alcaligenes javaensis,"",bacteria,false,,,,0.07479995565907273,1,,,100.0,63.0,10^-30.51,,,,,,,,,,,,,,,,,,0
511,1,507,Alcaligenes faecalis,"",bacteria,false,,,,0.5235996896135091,7,,,100.0,100.5,10^-55.8104,,,,,,,,,,,,,,,,,,0
497,2,497,Psychrobacter,"",bacteria,false,,,,0.07479995565907273,1,,,98.0,100.0,10^-52.9535,,,,,,0.2991998226362909,4,,,67.425,23.75,10^-4.60528,,,,,"[1720344, 330922]",0
1720344,1,497,Psychrobacter sp. AntiMn-1,"",bacteria,false,,,,,,,,,,,,,,,,0.2991998226362909,4,,,67.425,23.75,10^-4.60528,,,,,,0
330922,1,497,Psychrobacter cryohalolentis,"",bacteria,false,,,,0.07479995565907273,1,,,98.0,100.0,10^-52.9535,,,,,,,,,,,,,,,,,,0
482,2,482,Neisseria,"",bacteria,false,,,,0.44879973395443634,6,,,97.5847,90.5,10^-46.7219,,,,,,0.2991998226362909,4,,,95.375,32.75,10^-9.3138,,,,,"[641148, 28449, 493, 490, 487]",1
641148,1,482,Neisseria sp. oral taxon 014,"",bacteria,false,,,,0.07479995565907273,1,,,97.03,101.0,10^-52.2629,,,,,,,,,,,,,,,,,,0
28449,1,482,Neisseria subflava,"",bacteria,false,,,,0.07479995565907273,1,,,100.0,99.0,10^-55.0164,,,,,,,,,,,,,,,,,,0
493,1,482,Neisseria canis,"",bacteria,false,,,,0.07479995565907273,1,,,93.478,46.0,10^-14.8643,,,,,,,,,,,,,,,,,,0
490,1,482,Neisseria sicca,"",bacteria,false,,,,0.07479995565907273,1,,,95.0,100.0,10^-48.8363,,,,,,,,,,,,,,,,,,0
487,1,482,Neisseria meningitidis,"",bacteria,false,,,,0.14959991131814546,2,,,100.0,98.5,10^-54.6756,,,,,,0.2991998226362909,4,,,95.375,32.75,10^-9.3138,,,,,,1
469,2,469,Acinetobacter,"",bacteria,false,,,,6.956395876293763,93,1,15,97.9363,127.047,10^-62.4106,,,,,,6.05879640838489,81,2,25,72.5518,65.1644,10^-18.0764,,,,,"[3020716, 2983215, 2943497, 2929514, 2563897, 1497337, 756892, 487316, 202956, 108980, 70348, 40216, 40215, 40214, 29430, 28090, 470]",1
3020716,1,469,Acinetobacter sp. GSS19,"",bacteria,false,,,,0.2991998226362909,4,,,97.6585,87.5,10^-44.4394,,,,,,,,,,,,,,,,,,0
2983215,1,469,Acinetobacter sp. ESL0695,"",bacteria,false,,,,0.7479995565907273,10,,,99.3949,97.2,10^-52.9666,,,,,,,,,,,,,,,,,,0
2943497,1,469,Acinetobacter tibetensis,"",bacteria,false,,,,0.07479995565907273,1,,,78.261,46.0,10^-5.25773,,,,,,,,,,,,,,,,,,0
2929514,1,469,Acinetobacter sp. YH16056_T,"",bacteria,false,,,,0.07479995565907273,1,,,98.99,99.0,10^-53.644,,,,,,,,,,,,,,,,,,0
2563897,1,469,Acinetobacter sp. 10FS3-1,"",bacteria,false,,,,0.14959991131814546,2,,,96.9225,65.0,10^-29.1241,,,,,,,,,,,,,,,,,,0
1497337,1,469,Acinetobacter sp. SM1B,"",bacteria,false,,,,,,,,,,,,,,,,0.14959991131814546,2,,,95.45,33.0,10^-16.8233,,,,,,0
756892,1,469,Acinetobacter indicus,"",bacteria,false,,,,0.8975994679088727,12,,,98.911,98.9,10^-53.3021,,,,,,0.07479995565907273,1,,,100.0,33.0,10^-14.104,,,,,,0
487316,1,469,Acinetobacter soli,"",bacteria,false,,,,0.22439986697721817,3,,,94.8717,84.3333,10^-40.4537,,,,,,,,,,,,,,,,,,0
202956,1,469,Acinetobacter towneri,"",bacteria,false,,,,,,,,,,,,,,,,1.4211991575223817,19,,,76.1235,31.0588,10^-6.63829,,,,,,0
108980,1,469,Acinetobacter ursingii,"",bacteria,false,,,,,,,,,,,,,,,,0.44879973395443634,6,,,85.4167,28.6667,10^-8.96476,,,,,,0
70348,1,469,Acinetobacter dispersus,"",bacteria,false,,,,,,,,,,,,,,,,0.07479995565907273,1,,,85.2,27.0,10^-5.6517,,,,,,0
40216,1,469,Acinetobacter radioresistens,"",bacteria,false,,,,0.5983996452725818,8,,,100.0,100.75,10^-56.2096,,,,,,,,,,,,,,,,,,0
40215,1,469,Acinetobacter junii,"",bacteria,false,,,,0.07479995565907273,1,,,99.0,100.0,10^-54.3258,,,,,,,,,,,,,,,,,,0
40214,1,469,Acinetobacter johnsonii,"",bacteria,false,,,,1.7203989801586728,23,1,15,96.9609,217.0,10^-97.2419,,,,,,,,,,,,,,,,,,0
29430,1,469,Acinetobacter haemolyticus,"",bacteria,false,,,,0.07479995565907273,1,,,100.0,100.0,10^-55.6982,,,,,,,,,,,,,,,,,,0
28090,1,469,Acinetobacter lwoffii,"",bacteria,false,,,,0.3739997782953636,5,,,96.2,88.4,10^-42.5829,,,,,,,,,,,,,,,,,,0
470,1,469,Acinetobacter baumannii,"",bacteria,false,,,,1.6455990244996,22,,,99.254,96.2,10^-52.0803,,,,,,3.8895976942717816,52,2,25,67.6866,85.4565,10^-23.9029,,,,,,1
445,2,445,Legionella,"",bacteria,false,,,,0.14959991131814546,2,,,94.845,97.0,10^-46.791,,,,,,0.2991998226362909,4,,,89.925,32.25,10^-10.2344,,,,,"[66969, 45073, 446]",1
66969,1,445,Legionella waltersii,"",bacteria,false,,,,0.14959991131814546,2,,,94.845,97.0,10^-46.791,,,,,,,,,,,,,,,,,,0
45073,1,445,Legionella quinlivanii,"",bacteria,false,,,,,,,,,,,,,,,,0.07479995565907273,1,,,90.6,32.0,10^-9.79049,,,,,,0
446,1,445,Legionella pneumophila,"",bacteria,false,,,,,,,,,,,,,,,,0.22439986697721817,3,,,89.7,32.3333,10^-10.3824,,,,,,1
441,2,441,Gluconobacter,"",bacteria,false,,,,0.3739997782953636,5,,,97.535,88.2,10^-45.4683,,,,,,2.767598359385691,37,2,20,68.172,57.6857,10^-19.9266,,,,,"[1379734, 376620, 318683, 38308, 442]",0
1379734,1,441,Gluconobacter cerevisiae,"",bacteria,false,,,,,,,,,,,,,,,,2.3935985810903273,32,2,20,63.9807,62.3667,10^-21.8867,,,,,,0
376620,1,441,Gluconobacter japonicus,"",bacteria,false,,,,,,,,,,,,,,,,0.14959991131814546,2,,,83.3,30.0,10^-8.5391,,,,,,0
318683,1,441,Gluconobacter albidus,"",bacteria,false,,,,0.07479995565907273,1,,,98.02,101.0,10^-53.6353,,,,,,,,,,,,,,,,,,0
38308,1,441,Gluconobacter frateurii,"",bacteria,false,,,,0.22439986697721817,3,,,100.0,94.0,10^-51.6084,,,,,,0.22439986697721817,3,,,100.0,29.3333,10^-7.91715,,,,,,0
442,1,441,Gluconobacter oxydans,"",bacteria,false,,,,0.07479995565907273,1,,,89.655,58.0,10^-18.8808,,,,,,,,,,,,,,,,,,0
434,2,434,Acetobacter,"",bacteria,false,,,,0.14959991131814546,2,,,100.0,101.0,10^-56.3801,,,,,,78.9887531759808,1056,1,1035,68.4548,55.256,10^-15.6636,,,,,"[2817435, 2259883, 483199, 146476, 104101, 65959, 438]",0
2817435,1,434,Acetobacter garciniae,"",bacteria,false,,,,,,,,,,,,,,,,0.07479995565907273,1,,,91.3,23.0,10^-4.73518,,,,,,0
2259883,1,434,Acetobacter sp. JWB,"",bacteria,false,,,,0.07479995565907273,1,,,100.0,101.0,10^-56.3801,,,,,,,,,,,,,,,,,,0
483199,1,434,Acetobacter fabarum,"",bacteria,false,,,,,,,,,,,,,,,,0.2991998226362909,4,,,93.375,26.75,10^-8.18776,,,,,,0
146476,1,434,Acetobacter syzygii,"",bacteria,false,,,,,,,,,,,,,,,,0.8975994679088727,12,,,93.36,28.1,10^-8.78226,,,,,,0
104101,1,434,Acetobacter indonesiensis,"",bacteria,false,,,,,,,,,,,,,,,,77.41795410714028,1035,1,1035,67.857,56.0,10^-15.8729,,,,,,0
65959,1,434,Acetobacter pomorum,"",bacteria,false,,,,,,,,,,,,,,,,0.2991998226362909,4,,,77.775,32.5,10^-7.28449,,,,,,0
438,1,434,Acetobacter pasteurianus,"",bacteria,false,,,,0.07479995565907273,1,,,100.0,101.0,10^-56.3801,,,,,,,,,,,,,,,,,,0
425,2,425,Methylosinus,"",bacteria,false,,,,0.07479995565907273,1,,,97.98,99.0,10^-52.2716,,,,,,,,,,,,,,,,,[2699395],0
2699395,1,425,Methylosinus sp. C49,"",bacteria,false,,,,0.07479995565907273,1,,,97.98,99.0,10^-52.2716,,,,,,,,,,,,,,,,,,0
416,2,416,Methylomonas,"",bacteria,false,,,,0.14959991131814546,2,,,90.909,44.0,10^-12.1389,,,,,,0.14959991131814546,2,,,100.0,26.0,10^-9.47625,,,,,"[1854564, 1538553]",0
1854564,1,416,Methylomonas fluvii,"",bacteria,false,,,,,,,,,,,,,,,,0.14959991131814546,2,,,100.0,26.0,10^-9.47625,,,,,,0
1538553,1,416,Methylomonas denitrificans,"",bacteria,false,,,,0.14959991131814546,2,,,90.909,44.0,10^-12.1389,,,,,,,,,,,,,,,,,,0
407,2,407,Methylobacterium,"",bacteria,false,,,,0.6731996009316545,9,,,99.0771,93.2222,10^-50.0137,,,,,,,,,,,,,,,,,"[2202828, 2202826, 1479019, 570505, 334852]",0
2202828,1,407,Methylobacterium radiodurans,"",bacteria,false,,,,0.14959991131814546,2,,,100.0,101.0,10^-56.3801,,,,,,,,,,,,,,,,,,0
2202826,1,407,Methylobacterium sp. 17Sr1-1,"",bacteria,false,,,,0.07479995565907273,1,,,96.97,99.0,10^-50.8993,,,,,,,,,,,,,,,,,,0
1479019,1,407,Methylobacterium sp. C1,"",bacteria,false,,,,0.22439986697721817,3,,,98.5713,78.6667,10^-39.7928,,,,,,,,,,,,,,,,,,0
570505,1,407,Methylobacterium bullatum,"",bacteria,false,,,,0.07479995565907273,1,,,100.0,100.0,10^-55.6982,,,,,,,,,,,,,,,,,,0
334852,1,407,Methylobacterium oryzae,"",bacteria,false,,,,0.14959991131814546,2,,,99.505,101.0,10^-55.6939,,,,,,,,,,,,,,,,,,0
379,2,379,Rhizobium,"",bacteria,false,,,,,,,,,,,,,,,,0.6731996009316545,9,,,89.1778,31.6667,10^-12.6956,,,,,"[1435607, 396]",0
1435607,1,379,Rhizobium sp. Khangiran2,"",bacteria,false,,,,,,,,,,,,,,,,0.07479995565907273,1,,,100.0,32.0,10^-13.025,,,,,,0
396,1,379,Rhizobium phaseoli,"",bacteria,false,,,,,,,,,,,,,,,,0.5983996452725818,8,,,87.825,31.625,10^-12.6544,,,,,,0
374,2,374,Bradyrhizobium,"",bacteria,false,,,,1.1967992905451637,16,,,86.842,38.0,10^-6.71307,,,,,,0.14959991131814546,2,,,83.35,26.5,10^-5.36626,,,,,"[2590772, 1290771, 722472]",0
2590772,1,374,Bradyrhizobium sp. I71,"",bacteria,false,,,,1.1967992905451637,16,,,86.842,38.0,10^-6.71307,,,,,,,,,,,,,,,,,,0
1290771,1,374,Bradyrhizobium sp. LUP4,"",bacteria,false,,,,,,,,,,,,,,,,0.07479995565907273,1,,,100.0,23.0,10^-4.81531,,,,,,0
722472,1,374,Bradyrhizobium lablabi,"",bacteria,false,,,,,,,,,,,,,,,,0.07479995565907273,1,,,66.7,30.0,10^-5.91721,,,,,,0
357,2,357,Agrobacterium,"",bacteria,false,,,,0.22439986697721817,3,,,97.2223,78.6667,10^-39.8351,,,,,,0.14959991131814546,2,,,82.25,30.5,10^-10.3565,,,,,"[1183409, 373, 358]",1
1183409,1,357,Agrobacterium genomosp. 2,"",bacteria,false,,,,,,,,,,,,,,,,0.07479995565907273,1,,,100.0,30.0,10^-13.9706,,,,,,0
373,1,357,Agrobacterium vitis,"",bacteria,false,,,,0.07479995565907273,1,,,91.667,36.0,10^-8.10892,,,,,,,,,,,,,,,,,,0
358,1,357,Agrobacterium tumefaciens,"",bacteria,false,,,,0.14959991131814546,2,,,100.0,100.0,10^-55.6982,,,,,,0.07479995565907273,1,,,64.5,31.0,10^-6.74232,,,,,,1
338,2,338,Xanthomonas,"",bacteria,false,,,,0.5235996896135091,7,1,6,88.8639,73.2857,10^-15.7196,,,,,,0.22439986697721817,3,,,90.0,26.6667,10^-7.64434,,,,,"[442694, 346, 343]",0
442694,1,338,Xanthomonas perforans,"",bacteria,false,,,,,,,,,,,,,,,,0.14959991131814546,2,,,100.0,25.0,10^-7.81816,,,,,,0
346,1,338,Xanthomonas citri,"",bacteria,false,,,,,,,,,,,,,,,,0.07479995565907273,1,,,70.0,30.0,10^-7.29671,,,,,,0
343,1,338,Xanthomonas translucens,"",bacteria,false,,,,0.5235996896135091,7,1,6,88.8639,73.2857,10^-15.7196,,,,,,,,,,,,,,,,,,0
286,2,286,Pseudomonas,"",bacteria,false,,,,0.7479995565907273,10,,,97.6416,79.8,10^-39.7619,,,,,,3.515597915976418,47,,,82.213,30.3913,10^-7.80448,,,,,"[2976884, 2793103, 2683260, 2565368, 2018067, 237610, 114707, 86840, 46680, 29438, 317, 303, 300, 294, 287]",3
2976884,1,286,Pseudomonas sp. FJ2-5-13,"",bacteria,false,,,,0.07479995565907273,1,,,100.0,101.0,10^-56.3801,,,,,,,,,,,,,,,,,,0
2793103,1,286,Pseudomonas sp. IAC-BECa141,"",bacteria,false,,,,0.07479995565907273,1,,,92.0,50.0,10^-16.2005,,,,,,,,,,,,,,,,,,0
2683260,1,286,Pseudomonas sp. ODNR1LW,"",bacteria,false,,,,,,,,,,,,,,,,0.14959991131814546,2,,,90.9,33.0,10^-11.8697,,,,,,0
2565368,1,286,Pseudomonas atacamensis,"",bacteria,false,,,,,,,,,,,,,,,,0.14959991131814546,2,,,69.85,31.5,10^-3.95877,,,,,,0
2018067,1,286,Pseudomonas sp. FDAARGOS_380,"",bacteria,false,,,,0.07479995565907273,1,,,100.0,101.0,10^-56.3801,,,,,,0.07479995565907273,1,,,90.6,32.0,10^-15.6615,,,,,,0
237610,1,286,Pseudomonas psychrotolerans,"",bacteria,false,,,,0.07479995565907273,1,,,100.0,101.0,10^-56.3801,,,,,,,,,,,,,,,,,,0
114707,1,286,uncultured Pseudomonas sp.,"",bacteria,false,,,,0.07479995565907273,1,,,100.0,45.0,10^-18.3048,,,,,,,,,,,,,,,,,,0
86840,1,286,Pseudomonas cannabina,"",bacteria,false,,,,,,,,,,,,,,,,0.14959991131814546,2,,,75.8,33.0,10^-5.63398,,,,,,0
46680,1,286,Pseudomonas nitroreducens,"",bacteria,false,,,,0.14959991131814546,2,,,92.208,77.0,10^-31.7952,,,,,,,,,,,,,,,,,,0
29438,1,286,Pseudomonas savastanoi,"",bacteria,false,,,,,,,,,,,,,,,,0.8975994679088727,12,,,87.6417,31.4167,10^-9.06812,,,,,,0
317,1,286,Pseudomonas syringae,"",bacteria,false,,,,,,,,,,,,,,,,0.5983996452725818,8,,,76.1875,28.375,10^-5.98944,,,,,,0
303,1,286,Pseudomonas putida,"",bacteria,false,,,,,,,,,,,,,,,,0.14959991131814546,2,,,100.0,21.0,10^-4.42136,,,,,,1
300,1,286,Pseudomonas mendocina,"",bacteria,false,,,,0.14959991131814546,2,,,100.0,100.5,10^-56.0391,,,,,,,,,,,,,,,,,,0
294,1,286,Pseudomonas fluorescens,"",bacteria,false,,,,,,,,,,,,,,,,0.22439986697721817,3,,,80.7667,26.3333,10^-6.12821,,,,,,1
287,1,286,Pseudomonas aeruginosa,"",bacteria,false,,,,0.07479995565907273,1,,,100.0,45.0,10^-18.3048,,,,,,1.1219993348860908,15,,,80.9733,31.1333,10^-8.05871,,,,,,1
283,2,283,Comamonas,"",bacteria,false,,,,0.14959991131814546,2,,,89.286,56.0,10^-17.5236,,,,,,,,,,,,,,,,,[2853257],0
2853257,1,283,Comamonas sp. Y33R10-2,"",bacteria,false,,,,0.14959991131814546,2,,,89.286,56.0,10^-17.5236,,,,,,,,,,,,,,,,,,0
265,2,265,Paracoccus,"",bacteria,false,,,,0.2991998226362909,4,,,99.7475,80.25,10^-41.9123,,,,,,0.07479995565907273,1,,,100.0,21.0,10^-3.29158,,,,,"[2560053, 453842, 184748, 59779]",0
2560053,1,265,Paracoccus liaowanqingii,"",bacteria,false,,,,,,,,,,,,,,,,0.07479995565907273,1,,,100.0,21.0,10^-3.29158,,,,,,0
453842,1,265,Paracoccus aestuarii,"",bacteria,false,,,,0.07479995565907273,1,,,100.0,101.0,10^-56.3801,,,,,,,,,,,,,,,,,,0
184748,1,265,Paracoccus seriniphilus,"",bacteria,false,,,,0.07479995565907273,1,,,98.99,99.0,10^-53.644,,,,,,,,,,,,,,,,,,0
59779,1,265,Paracoccus marcusii,"",bacteria,false,,,,0.14959991131814546,2,,,100.0,60.5,10^-28.8125,,,,,,,,,,,,,,,,,,0
262,2,262,Francisella,"",bacteria,false,,,,0.07479995565907273,1,,,92.105,38.0,10^-9.45781,,,,,,,,,,,,,,,,,[28110],0
28110,1,262,Francisella philomiragia,"",bacteria,false,,,,0.07479995565907273,1,,,92.105,38.0,10^-9.45781,,,,,,,,,,,,,,,,,,0
237,2,237,Flavobacterium,"",bacteria,false,,,,0.2991998226362909,4,,,97.4837,83.0,10^-40.6913,,,,,,9.723994235679454,130,2,12,71.0077,36.8281,10^-6.82754,,,,,"[2977321, 2856519, 2746225, 2666330, 2596891, 871694, 239]",0
2977321,1,237,Flavobacterium sp. TR2,"",bacteria,false,,,,0.07479995565907273,1,,,95.876,97.0,10^-48.1634,,,,,,,,,,,,,,,,,,0
2856519,1,237,Flavobacterium litorale,"",bacteria,false,,,,0.07479995565907273,1,,,94.059,101.0,10^-48.1458,,,,,,,,,,,,,,,,,,0
2746225,1,237,Flavobacterium sp. K5-23,"",bacteria,false,,,,0.07479995565907273,1,,,100.0,67.0,10^-33.228,,,,,,,,,,,,,,,,,,0
2666330,1,237,Flavobacterium sp. LC2016-23,"",bacteria,false,,,,,,,,,,,,,,,,0.14959991131814546,2,,,90.85,32.5,10^-10.8683,,,,,,0
2596891,1,237,Flavobacterium microcysteis,"",bacteria,false,,,,,,,,,,,,,,,,0.07479995565907273,1,,,66.7,33.0,10^-3.19997,,,,,,0
871694,1,237,Flavobacterium ginsengisoli,"",bacteria,false,,,,0.07479995565907273,1,,,100.0,67.0,10^-33.228,,,,,,,,,,,,,,,,,,0
239,1,237,Flavobacterium sp.,"",bacteria,false,,,,,,,,,,,,,,,,9.499594368702237,127,2,12,70.7247,36.928,10^-6.79191,,,,,,0
234,2,234,Brucella,"",bacteria,false,,,,0.2991998226362909,4,,,100.0,92.75,10^-50.7579,,,,,,0.7479995565907273,10,1,6,90.3844,54.2,10^-21.3996,,,,,"[419475, 29461, 529, 235]",2
419475,1,234,Brucella pseudogrignonensis,"",bacteria,false,,,,0.07479995565907273,1,,,100.0,101.0,10^-56.3801,,,,,,,,,,,,,,,,,,0
29461,1,234,Brucella suis,"",bacteria,false,,,,,,,,,,,,,,,,0.22439986697721817,3,,,95.3667,28.0,10^-9.24623,,,,,,1
529,1,234,Brucella anthropi,"",bacteria,false,,,,0.14959991131814546,2,,,100.0,84.5,10^-45.1357,,,,,,,,,,,,,,,,,,0
235,1,234,Brucella abortus,"",bacteria,false,,,,0.07479995565907273,1,,,100.0,101.0,10^-56.3801,,,,,,0.5235996896135091,7,1,6,88.2491,65.4286,10^-26.6081,,,,,,1
222,2,222,Achromobacter,"",bacteria,false,,,,1.346399201863309,18,1,5,96.1221,92.1765,10^-42.3476,,,,,,2.3187986254312545,31,,,97.5933,31.4667,10^-14.2089,,,,,"[1915388, 1571943, 1530433, 85698, 32002]",1
1915388,1,222,Achromobacter sp. KAs 3-5,"",bacteria,false,,,,,,,,,,,,,,,,2.3187986254312545,31,,,97.5933,31.4667,10^-14.2089,,,,,,0
1571943,1,222,Achromobacter sp. GMCo12,"",bacteria,false,,,,0.14959991131814546,2,,,100.0,90.0,10^-48.8821,,,,,,,,,,,,,,,,,,0
1530433,1,222,Achromobacter sp. AZ,"",bacteria,false,,,,0.07479995565907273,1,,,100.0,101.0,10^-56.3801,,,,,,,,,,,,,,,,,,0
85698,1,222,Achromobacter xylosoxidans,"",bacteria,false,,,,0.8975994679088727,12,1,5,94.5888,90.3333,10^-37.8648,,,,,,,,,,,,,,,,,,1
32002,1,222,Achromobacter denitrificans,"",bacteria,false,,,,0.22439986697721817,3,,,99.505,101.0,10^-55.6939,,,,,,,,,,,,,,,,,,0
209,2,209,Helicobacter,"",bacteria,false,,,,0.07479995565907273,1,,,89.333,75.0,10^-27.6895,,,,,,,,,,,,,,,,,[35818],0
35818,1,209,Helicobacter pullorum,"",bacteria,false,,,,0.07479995565907273,1,,,89.333,75.0,10^-27.6895,,,,,,,,,,,,,,,,,,0
194,2,194,Campylobacter,"",bacteria,false,,,,,,,,,,,,,,,,0.5983996452725818,8,,,79.45,31.5,10^-9.39749,,,,,"[522485, 197]",1
522485,1,194,Campylobacter avium,"",bacteria,false,,,,,,,,,,,,,,,,0.07479995565907273,1,,,60.6,33.0,10^-5.48946,,,,,,0
197,1,194,Campylobacter jejuni,"",bacteria,false,,,,,,,,,,,,,,,,0.5235996896135091,7,,,82.1429,31.2857,10^-9.95578,,,,,,1
191,2,191,Azospirillum,"",bacteria,false,,,,,,,,,,,,,,,,333.08420254985083,4453,1,4452,65.2843,143.958,10^-55.0796,,,,,"[1262706, 192]",0
1262706,1,191,Azospirillum sp. CAG:260,"",bacteria,false,,,,,,,,,,,,,,,,333.0094025941918,4452,1,4452,65.278,144.0,10^-55.0975,,,,,,0
192,1,191,Azospirillum brasilense,"",bacteria,false,,,,,,,,,,,,,,,,0.07479995565907273,1,,,81.8,33.0,10^-8.47108,,,,,,0
171,2,171,Leptospira,"",bacteria,false,,,,,,,,,,,,,,,,0.14959991131814546,2,,,100.0,25.0,10^-7.98716,,,,,[174],1
174,1,171,Leptospira borgpetersenii,"",bacteria,false,,,,,,,,,,,,,,,,0.14959991131814546,2,,,100.0,25.0,10^-7.98716,,,,,,1
107,2,107,Spirosoma,"",bacteria,false,,,,0.14959991131814546,2,,,100.0,101.0,10^-56.3801,,,,,,,,,,,,,,,,,[2728024],0
2728024,1,107,Spirosoma rhododendri,"",bacteria,false,,,,0.14959991131814546,2,,,100.0,101.0,10^-56.3801,,,,,,,,,,,,,,,,,,0
85,2,85,Hyphomonas,"",bacteria,false,,,,,,,,,,,,,,,,0.14959991131814546,2,,,100.0,29.0,10^-11.0721,,,,,"[1946614, 87]",0
1946614,1,85,Hyphomonas sp. UBA1474,"",bacteria,false,,,,,,,,,,,,,,,,0.07479995565907273,1,,,100.0,25.0,10^-7.62709,,,,,,0
87,1,85,Hyphomonas sp.,"",bacteria,false,,,,,,,,,,,,,,,,0.07479995565907273,1,,,100.0,33.0,10^-14.5171,,,,,,0
55,2,55,Polyangium,"",bacteria,false,,,,0.07479995565907273,1,,,88.66,97.0,10^-38.5568,,,,,,,,,,,,,,,,,[2567896],0
2567896,1,55,Polyangium aurulentum,"",bacteria,false,,,,0.07479995565907273,1,,,88.66,97.0,10^-38.5568,,,,,,,,,,,,,,,,,,0
22,2,22,Shewanella,"",bacteria,false,,,,0.14959991131814546,2,,,94.4445,68.5,10^-31.5583,,,,,,0.3739997782953636,5,,,89.36,28.0,10^-5.83686,,,,,"[2913512, 2864212, 24]",0
2913512,1,22,Shewanella ferrihydritica,"",bacteria,false,,,,,,,,,,,,,,,,0.3739997782953636,5,,,89.36,28.0,10^-5.83686,,,,,,0
2864212,1,22,Shewanella acanthi,"",bacteria,false,,,,0.07479995565907273,1,,,88.889,36.0,10^-6.73655,,,,,,,,,,,,,,,,,,0
24,1,22,Shewanella putrefaciens,"",bacteria,false,,,,0.07479995565907273,1,,,100.0,101.0,10^-56.3801,,,,,,,,,,,,,,,,,,0
20,2,20,Phenylobacterium,"",bacteria,false,,,,0.14959991131814546,2,,,95.96,99.0,10^-49.5269,,,,,,,,,,,,,,,,,[284016],0
284016,1,20,Phenylobacterium zucineum,"",bacteria,false,,,,0.14959991131814546,2,,,95.96,99.0,10^-49.5269,,,,,,,,,,,,,,,,,,0
-200,2,-200,all taxa with neither family nor genus classification,,,false,,,,1369.3627882506444,18307,25,21262,91.5247,1617.36,10^-283.383,,,,,,1167.4029079711481,15607,135,132809,68.0251,345.699,10^-146.456,,,,,"[2983310, 2980386, 2980377, 2979986, 2962637, 2951410, 2900548, 2899248, 2899247, 2883290, 2857034, 2832643, 2800948, 2800932, 2800931, 2800930, 2800909, 2789886, 2789885, 2771455, 2735379, 2717699, 2689360, 2681972, 2607735, 2607732, 2605630, 2605629, 2585267, 2528025, 2527975, 2527963, 2511768, 2507131, 2485878, 2478486, 2448779, 2306054, 2268187, 2250274, 2201156, 2109376, 2080452, 2053527, 2044941, 2044939, 2039283, 2035813, 2030927, 2027351, 2027350, 2026799, 2026788, 2026786, 2026754, 2026747, 2026742, 2026735, 2026724, 2021391, 1978231, 1977087, 1925501, 1923779, 1923726, 1923458, 1923274, 1913989, 1913988, 1909295, 1898207, 1898104, 1891241, 1891229, 1869227, 1850937, 1802368, 1797182, 1795439, 1795437, 1768112, 1709941, 1701327, 1608746, 1578552, 1578551, 1180641, 1180624, 1075826, 949124, 935939, 710981, 710974, 710802, 710741, 710740, 710732, 710731, 698385, 622230, 554024, 465787, 463705, 417305, 410823, 315267, 241622, 238197, 198431, 175245, 175244, 171953, 155900, 152507, 100272, 91750, 86473, 77133, 38018, 32644, 2340, -100]",0
2983310,1,-200,Dothideomycetes sp. NU30,"",eukaryota,false,,,,0.07479995565907273,1,,,98.246,57.0,10^-25.064,,,,,,,,,,,,,,,,,,0
2980386,1,-200,Tierp virus,"",viruses,false,,,,,,,,,,,,,,,,0.07479995565907273,1,,,87.5,32.0,10^-8.61798,,,,,,0
2980377,1,-200,Kvarnon virus,"",viruses,false,,,,,,,,,,,,,,,,3.216398093340127,43,,,83.1767,31.6279,10^-8.37795,,,,,,0
2979986,1,-200,Klebsiella phage phiKp_32,"",viruses,true,,,,0.07479995565907273,1,,,97.436,39.0,10^-12.8775,,,,,,,,,,,,,,,,,,0
2962637,1,-200,Parmales sp. scaly parma,"",eukaryota,false,,,,,,,,,,,,,,,,0.22439986697721817,3,,,74.4,27.3333,10^-4.13638,,,,,,0
2951410,1,-200,Mycolicibacterium phage Kashi_SSH1,"",viruses,true,,,,0.14959991131814546,2,,,97.436,39.0,10^-12.8775,,,,,,,,,,,,,,,,,,0
2900548,1,-200,Actinomycetota bacterium,"",bacteria,false,,,,,,,,,,,,,,,,0.14959991131814546,2,,,73.85,32.5,10^-6.33061,,,,,,0
2899248,1,-200,Aedes binegev-like virus 2,"",viruses,false,,,,,,,,,,,,,,,,0.44879973395443634,6,,,83.1667,32.6667,10^-8.68659,,,,,,0
2899247,1,-200,Aedes binegev-like virus 1,"",viruses,false,,,,,,,,,,,,,,,,0.14959991131814546,2,,,86.4,33.0,10^-10.3797,,,,,,0
2883290,1,-200,bacterium 210702-DFI.5.13,"",bacteria,false,,,,,,,,,,,,,,,,0.44879973395443634,6,,,89.3,28.0,10^-8.67366,,,,,,0
2857034,1,-200,gamma proteobacterium symbiont of Lucinoma myriamae,"",bacteria,false,,,,,,,,,,,,,,,,0.22439986697721817,3,,,75.0,29.0,10^-4.52634,,,,,,0
2832643,1,-200,Caudoviricetes sp.,"",viruses,false,,,,0.5235996896135091,7,,,95.778,59.0,10^-25.3273,,,,,,0.2991998226362909,4,,,91.5,32.25,10^-11.4945,,,,,,0
2800948,1,-200,Usinis virus,"",viruses,false,,,,0.14959991131814546,2,,,95.3125,51.0,10^-18.265,,,,,,255.8906483096878,3421,4,3411,47.7895,620.332,10^-232.067,,,,,,0
2800932,1,-200,Netjeret virus,"",viruses,false,,,,0.9723994235679454,13,,,98.1747,90.6923,10^-47.2494,,,,,,2.2439986697721817,30,1,14,73.1897,82.1667,10^-20.6221,,,,,,0
2800931,1,-200,Nefer virus,"",viruses,false,,,,,,,,,,,,,,,,0.2991998226362909,4,,,66.75,32.25,10^-5.59245,,,,,,0
2800930,1,-200,Nebet virus,"",viruses,false,,,,,,,,,,,,,,,,2.169198714113109,29,1,22,68.9888,72.8621,10^-28.6869,,,,,,0
2800909,1,-200,Canya virus,"",viruses,false,,,,,,,,,,,,,,,,0.07479995565907273,1,,,68.8,32.0,10^-5.08407,,,,,,0
2789886,1,-200,Aedes aegypti To virus 2,"",viruses,false,,,,,,,,,,,,,,,,35.00637924844604,468,30,347,58.1861,97.9868,10^-25.7863,,,,,,0
2789885,1,-200,Aedes aegypti To virus 1,"",viruses,false,,,,,,,,,,,,,,,,11.967992905451636,160,10,103,62.1391,75.1529,10^-22.1457,,,,,,0
2771455,1,-200,Serbia mononega-like virus 1,"",viruses,false,,,,,,,,,,,,,,,,0.3739997782953636,5,,,83.38,32.2,10^-8.07764,,,,,,0
2735379,1,-200,Microsporidia sp. NZS16,"",eukaryota,false,,,,0.07479995565907273,1,,,94.444,54.0,10^-20.2842,,,,,,,,,,,,,,,,,,0
2717699,1,-200,bacterium BFN5,"",bacteria,false,,,,,,,,,,,,,,,,0.2991998226362909,4,,,75.8,33.0,10^-7.3153,,,,,,0
2689360,1,-200,Atrato Retro-like virus,"",viruses,false,,,,,,,,,,,,,,,,3.8147977386127088,51,5,39,63.1968,73.1429,10^-24.0463,,,,,,0
2681972,1,-200,bacterium LRH843,"",bacteria,false,,,,,,,,,,,,,,,,0.07479995565907273,1,,,100.0,33.0,10^-15.3019,,,,,,0
2607735,1,-200,Guadeloupe mosquito virus,"",viruses,false,,,,293.9638257401558,3930,2,3925,98.5423,2683.44,10^-307.235,,,,,,293.8890257844967,3929,2,3925,99.3093,527.527,10^-266.295,,,,,,0
2607732,1,-200,Guadeloupe mosquito mononega-like virus,"",viruses,false,,,,0.22439986697721817,3,,,88.6767,76.6667,10^-26.5575,,,,,,22.963586387335326,307,9,200,85.6199,74.1096,10^-37.2572,,,,,,0
2605630,1,-200,Tesano Aedes virus,"",viruses,false,,,,,,,,,,,,,,,,0.3739997782953636,5,,,78.94,29.0,10^-6.74991,,,,,,0
2605629,1,-200,Aedes aegypti virga-like virus,"",viruses,false,,,,,,,,,,,,,,,,0.07479995565907273,1,,,78.8,33.0,10^-8.75203,,,,,,0
2585267,1,-200,Reoviridae sp.,"",viruses,false,,,,,,,,,,,,,,,,4.487997339544363,60,1,58,75.5265,120.793,10^-58.7657,,,,,,0
2528025,1,-200,Planctomycetes bacterium SV_7m_r,"",bacteria,false,,,,0.14959991131814546,2,,,86.1345,86.0,10^-29.6894,,,,,,,,,,,,,,,,,,0
2527975,1,-200,Planctomycetes bacterium Pan216,"",bacteria,false,,,,0.07479995565907273,1,,,89.189,37.0,10^-7.41084,,,,,,,,,,,,,,,,,,0
2527963,1,-200,Planctomycetes bacterium TBK1r,"",bacteria,false,,,,0.07479995565907273,1,,,87.5,88.0,10^-32.4234,,,,,,,,,,,,,,,,,,0
2511768,1,-200,Reoviridae sp. BF02/7/10,"",viruses,false,,,,,,,,,,,,,,,,11.070393437542764,148,3,146,57.6662,222.565,10^-85.0539,,,,,,0
2507131,1,-200,Renna virus,"",viruses,false,,,,0.14959991131814546,2,,,100.0,60.0,10^-28.4726,,,,,,0.14959991131814546,2,,,94.45,25.5,10^-8.62149,,,,,,0
2485878,1,-200,Shelly beach virus,"",viruses,false,,,,,,,,,,,,,,,,2.2439986697721817,30,1,30,44.156,77.0,10^-13.9469,,,,,,0
2478486,1,-200,Holophagales bacterium,"",bacteria,false,,,,0.14959991131814546,2,,,95.238,42.0,10^-13.5315,,,,,,,,,,,,,,,,,,0
2448779,1,-200,Chitinophagales bacterium,"",bacteria,false,,,,,,,,,,,,,,,,0.07479995565907273,1,,,100.0,33.0,10^-11.1979,,,,,,0
2306054,1,-200,Rhodothermales bacterium,"",bacteria,false,,,,0.14959991131814546,2,,,88.5775,57.0,10^-17.516,,,,,,,,,,,,,,,,,,0
2268187,1,-200,Candidatus Methanomethylicia archaeon,"",archaea,false,,,,,,,,,,,,,,,,0.07479995565907273,1,,,58.1,31.0,10^-5.52288,,,,,,0
2250274,1,-200,Candidatus Micrarchaeota archaeon,"",archaea,false,,,,,,,,,,,,,,,,0.8975994679088727,12,,,73.1083,27.9167,10^-5.32537,,,,,,0
2201156,1,-200,Acidimicrobiales bacterium,"",bacteria,false,,,,,,,,,,,,,,,,0.14959991131814546,2,,,100.0,32.0,10^-12.2233,,,,,,0
2109376,1,-200,High Island virus,"",viruses,false,,,,68.74115925068783,919,11,862,91.7922,507.911,10^-186.639,,,,,,59.241564881985596,792,10,742,96.2708,153.402,10^-123.081,,,,,,0
2080452,1,-200,bacterium MnTg02,"",bacteria,false,,,,,,,,,,,,,,,,0.22439986697721817,3,,,95.4333,29.6667,10^-11.5908,,,,,,0
2053527,1,-200,candidate division Zixibacteria bacterium,"",bacteria,false,,,,,,,,,,,,,,,,0.07479995565907273,1,,,64.3,28.0,10^-4.40561,,,,,,0
2044941,1,-200,Flavobacteriia bacterium,"",bacteria,false,,,,,,,,,,,,,,,,0.07479995565907273,1,,,66.7,33.0,10^-4.26922,,,,,,0
2044939,1,-200,Clostridia bacterium,"",bacteria,false,,,,,,,,,,,,,,,,0.07479995565907273,1,,,69.7,33.0,10^-6.86328,,,,,,0
2039283,1,-200,endosymbiont GvMRE of Glomus versiforme,"",bacteria,false,,,,,,,,,,,,,,,,0.07479995565907273,1,,,66.7,27.0,10^-3.62342,,,,,,0
2035813,1,-200,Sphingobacteriia bacterium,"",bacteria,false,,,,,,,,,,,,,,,,0.07479995565907273,1,,,56.3,32.0,10^-3.06449,,,,,,0
2030927,1,-200,Bacteroidales bacterium,"",bacteria,false,,,,,,,,,,,,,,,,0.22439986697721817,3,,,74.7667,33.0,10^-7.40892,,,,,,0
2027351,1,-200,Cumbaru virus,"",viruses,false,,,,,,,,,,,,,,,,1.1219993348860908,15,,,79.4333,30.6667,10^-8.0371,,,,,,0
2027350,1,-200,Croada virus,"",viruses,false,,,,,,,,,,,,,,,,0.22439986697721817,3,,,98.6,22.6667,10^-6.5618,,,,,,0
2026799,1,-200,Verrucomicrobiota bacterium,"",bacteria,false,,,,0.07479995565907273,1,,,94.521,73.0,10^-31.8184,,,,,,,,,,,,,,,,,,0
2026788,1,-200,Rickettsiales bacterium,"",bacteria,false,,,,,,,,,,,,,,,,0.07479995565907273,1,,,64.5,31.0,10^-3.45223,,,,,,0
2026786,1,-200,Rhodospirillales bacterium,"",bacteria,false,,,,,,,,,,,,,,,,0.07479995565907273,1,,,89.7,29.0,10^-8.25337,,,,,,0
2026754,1,-200,Legionellales bacterium,"",bacteria,false,,,,,,,,,,,,,,,,0.14959991131814546,2,,,69.15,27.5,10^-3.91364,,,,,,0
2026747,1,-200,Candidatus Heimdallarchaeota archaeon,"",archaea,false,,,,,,,,,,,,,,,,0.07479995565907273,1,,,66.7,33.0,10^-8.48413,,,,,,0
2026742,1,-200,Gemmatimonadota bacterium,"",bacteria,false,,,,,,,,,,,,,,,,0.14959991131814546,2,,,73.85,30.5,10^-4.81507,,,,,,0
2026735,1,-200,Deltaproteobacteria bacterium,"",bacteria,false,,,,,,,,,,,,,,,,14.810391220496399,198,1,195,71.1402,111.547,10^-47.7281,,,,,,0
2026724,1,-200,Chloroflexota bacterium,"",bacteria,false,,,,,,,,,,,,,,,,0.5235996896135091,7,,,79.3,28.7143,10^-5.74753,,,,,,0
2021391,1,-200,Flavobacteriales bacterium,"",bacteria,false,,,,,,,,,,,,,,,,0.3739997782953636,5,,,88.84,27.8,10^-8.20718,,,,,,0
1978231,1,-200,Acidobacteriota bacterium,"",bacteria,false,,,,,,,,,,,,,,,,0.22439986697721817,3,,,71.7333,33.0,10^-8.58221,,,,,,0
1977087,1,-200,Pseudomonadota bacterium,"",bacteria,false,,,,,,,,,,,,,,,,0.44879973395443634,6,,,73.3667,27.3333,10^-4.75556,,,,,,0
1925501,1,-200,Salarivirus Mos8CM0,"",viruses,false,,,,,,,,,,,,,,,,0.14959991131814546,2,,,62.5,32.0,10^-3.1085,,,,,,0
1923779,1,-200,Zhejiang mosquito virus 3,"",viruses,false,,,,,,,,,,,,,,,,0.07479995565907273,1,,,65.6,32.0,10^-4.67985,,,,,,0
1923726,1,-200,Wuhan insect virus 22,"",viruses,false,,,,,,,,,,,,,,,,0.5235996896135091,7,1,6,40.476,78.2857,10^-9.86974,,,,,,0
1923458,1,-200,Shangao tombus-like virus 1,"",viruses,false,,,,,,,,,,,,,,,,0.07479995565907273,1,,,78.1,32.0,10^-6.5986,,,,,,0
1923274,1,-200,Hubei tombus-like virus 27,"",viruses,false,,,,,,,,,,,,,,,,0.07479995565907273,1,,,77.8,27.0,10^-3.58503,,,,,,0
1913989,1,-200,Gammaproteobacteria bacterium,"",bacteria,false,,,,,,,,,,,,,,,,2.917198270703836,39,,,78.7121,29.0,10^-7.01804,,,,,,0
1913988,1,-200,Alphaproteobacteria bacterium,"",bacteria,false,,,,,,,,,,,,,,,,0.22439986697721817,3,,,64.7,31.0,10^-4.95918,,,,,,0
1909295,1,-200,Solirubrobacterales bacterium,"",bacteria,false,,,,,,,,,,,,,,,,0.14959991131814546,2,,,79.45,27.0,10^-6.07156,,,,,,0
1898207,1,-200,Clostridiales bacterium,"",bacteria,false,,,,,,,,,,,,,,,,0.07479995565907273,1,,,75.8,33.0,10^-9.49349,,,,,,0
1898104,1,-200,Bacteroidota bacterium,"",bacteria,false,,,,,,,,,,,,,,,,0.2991998226362909,4,,,100.0,33.0,10^-12.3992,,,,,,0
1891241,1,-200,Betaproteobacteria bacterium,"",bacteria,false,,,,,,,,,,,,,,,,0.2991998226362909,4,,,78.575,31.0,10^-7.29038,,,,,,0
1891229,1,-200,Pseudomonadales bacterium,"",bacteria,false,,,,,,,,,,,,,,,,0.07479995565907273,1,,,71.9,32.0,10^-3.99568,,,,,,0
1869227,1,-200,bacterium,"",bacteria,false,,,,,,,,,,,,,,,,9.948394102656673,133,10,125,43.3919,112.376,10^-20.1215,,,,,,0
1850937,1,-200,Eurotiales sp. IC2,"",eukaryota,false,,,,0.07479995565907273,1,,,100.0,97.0,10^-53.6529,,,,,,,,,,,,,,,,,,0
1802368,1,-200,Candidatus Terrybacteria bacterium RIFCSPLOWO2_01_FULL_48_14,"",bacteria,false,,,,,,,,,,,,,,,,0.07479995565907273,1,,,78.6,28.0,10^-5.21325,,,,,,0
1797182,1,-200,Acidobacteria bacterium RIFCSPLOWO2_02_FULL_65_29,"",bacteria,false,,,,,,,,,,,,,,,,0.14959991131814546,2,,,80.6,31.0,10^-5.13549,,,,,,0
1795439,1,-200,Kaiowa virus,"",viruses,false,,,,0.2991998226362909,4,,,98.2525,100.25,10^-53.467,,,,,,4.263597472567145,57,1,26,78.5444,102.981,10^-54.73,,,,,,0
1795437,1,-200,Guato virus,"",viruses,false,,,,1.2715992462042363,17,,,95.808,77.8235,10^-35.2847,,,,,,1.0471993792270182,14,1,12,65.4714,79.7143,10^-33.1833,,,,,,0
1768112,1,-200,bacterium P201,"",bacteria,false,,,,,,,,,,,,,,,,0.14959991131814546,2,,,87.9,33.0,10^-12.253,,,,,,0
1709941,1,-200,fungal sp.,"",eukaryota,false,,,,0.2991998226362909,4,,,94.596,98.25,10^-47.3002,,,,,,,,,,,,,,,,,,0
1701327,1,-200,uncultured bacterium 5H7,"",bacteria,false,,,,,,,,,,,,,,,,0.44879973395443634,6,,,82.9,29.75,10^-7.77147,,,,,,0
1608746,1,-200,Capnodiales sp. PSU-ES20,"",eukaryota,false,,,,0.07479995565907273,1,,,100.0,101.0,10^-56.3801,,,,,,,,,,,,,,,,,,0
1578552,1,-200,bacterium AM0359,"",bacteria,false,,,,0.07479995565907273,1,,,99.01,101.0,10^-55.0077,,,,,,,,,,,,,,,,,,0
1578551,1,-200,bacterium AM0358,"",bacteria,false,,,,0.07479995565907273,1,,,98.99,99.0,10^-53.644,,,,,,,,,,,,,,,,,,0
1180641,1,-200,Dothideomycetes sp. genotype 523,"",eukaryota,false,,,,0.07479995565907273,1,,,97.938,97.0,10^-50.9081,,,,,,,,,,,,,,,,,,0
1180624,1,-200,Dothideomycetes sp. genotype 420,"",eukaryota,false,,,,0.07479995565907273,1,,,97.938,97.0,10^-50.9081,,,,,,,,,,,,,,,,,,0
1075826,1,-200,dsRNA virus environmental sample,"",viruses,false,,,,,,,,,,,,,,,,1.5707990688405271,21,2,16,63.48,66.7143,10^-21.3676,,,,,,0
949124,1,-200,Wolbachia endosymbiont wVitA of Nasonia vitripennis phage WOVitA1,"",viruses,true,,,,0.9723994235679454,13,1,12,100.0,66.3846,10^-24.7422,,,,,,,,,,,,,,,,,,0
935939,1,-200,uncultured Stichococcus,"",eukaryota,false,,,,0.07479995565907273,1,,,100.0,100.0,10^-55.6982,,,,,,,,,,,,,,,,,,0
710981,1,-200,uncultured gamma proteobacterium HF0010_16J05,"",bacteria,false,,,,,,,,,,,,,,,,0.07479995565907273,1,,,83.3,30.0,10^-7.5784,,,,,,0
710974,1,-200,uncultured gamma proteobacterium EB750_07C09,"",bacteria,false,,,,,,,,,,,,,,,,0.3739997782953636,5,,,81.08,29.2,10^-5.58194,,,,,,0
710802,1,-200,uncultured alpha proteobacterium HF0010_30A23,"",bacteria,false,,,,,,,,,,,,,,,,0.07479995565907273,1,,,76.7,30.0,10^-5.59176,,,,,,0
710741,1,-200,uncultured Desulfobacterales bacterium HF0200_07G10,"",bacteria,false,,,,,,,,,,,,,,,,6.2831962753621085,84,1,84,67.391,46.0,10^-13.3063,,,,,,0
710740,1,-200,uncultured Chromatiales bacterium HF0200_41F04,"",bacteria,false,,,,,,,,,,,,,,,,0.07479995565907273,1,,,87.5,24.0,10^-8.87943,,,,,,0
710732,1,-200,uncultured Acidobacteriales bacterium HF0200_23L05,"",bacteria,false,,,,0.07479995565907273,1,,,92.683,41.0,10^-11.4834,,,,,,0.3739997782953636,5,,,72.24,32.4,10^-5.686,,,,,,0
710731,1,-200,uncultured Acidobacteria bacterium HF4000_26D02,"",bacteria,false,,,,,,,,,,,,,,,,0.07479995565907273,1,,,77.4,31.0,10^-4.47496,,,,,,0
698385,1,-200,uncultured bacterium 253,"",bacteria,false,,,,0.07479995565907273,1,,,94.118,85.0,10^-38.6141,,,,,,,,,,,,,,,,,,0
622230,1,-200,fungal sp. D6-2-1,"",eukaryota,false,,,,0.07479995565907273,1,,,100.0,99.0,10^-55.0164,,,,,,,,,,,,,,,,,,0
554024,1,-200,Nematoda environmental sample,"",eukaryota,false,,,,0.14959991131814546,2,,,96.61,59.0,10^-25.049,,,,,,,,,,,,,,,,,,0
465787,1,-200,uncultured Cantharellales,"",eukaryota,false,,,,0.07479995565907273,1,,,95.05,101.0,10^-49.5182,,,,,,,,,,,,,,,,,,0
463705,1,-200,uncultured Banisveld eukaryote,"",eukaryota,false,,,,0.07479995565907273,1,,,100.0,101.0,10^-56.3801,,,,,,,,,,,,,,,,,,0
417305,1,-200,uncultured beta proteobacterium CBNPD1 BAC clone 578,"",bacteria,false,,,,,,,,,,,,,,,,0.14959991131814546,2,,,75.0,32.0,10^-7.49454,,,,,,0
410823,1,-200,fungal endophyte,"",eukaryota,false,,,,3.8895976942717816,52,1,51,97.4912,500.02,10^-302.726,,,,,,,,,,,,,,,,,,0
315267,1,-200,uncultured freshwater eukaryote,"",eukaryota,false,,,,0.14959991131814546,2,,,87.931,58.0,10^-17.5084,,,,,,,,,,,,,,,,,,0
241622,1,-200,uncultured Glomeromycotina,"",eukaryota,false,,,,0.07479995565907273,1,,,100.0,101.0,10^-56.3801,,,,,,,,,,,,,,,,,,0
238197,1,-200,uncultured Micrococcineae bacterium,"",bacteria,false,,,,0.14959991131814546,2,,,100.0,91.0,10^-49.5635,,,,,,,,,,,,,,,,,,0
198431,1,-200,uncultured prokaryote,"",,false,,,,0.07479995565907273,1,,,88.119,101.0,10^-39.9116,,,,,,0.14959991131814546,2,,,78.1,32.0,10^-6.2426,,,,,,0
175245,1,-200,uncultured fungus,"",eukaryota,false,,,,11.294793304519981,151,,,98.6373,83.236,10^-42.6928,,,,,,,,,,,,,,,,,,0
175244,1,-200,uncultured Basidiomycota,"",eukaryota,false,,,,13.015192284678655,174,1,174,91.304,69.0,10^-14.4776,,,,,,,,,,,,,,,,,,0
171953,1,-200,uncultured Acidobacteriota bacterium,"",bacteria,false,,,,0.07479995565907273,1,,,94.118,85.0,10^-38.6141,,,,,,,,,,,,,,,,,,0
155900,1,-200,uncultured organism,"",,false,,,,0.3739997782953636,5,,,100.0,95.4,10^-52.5656,,,,,,,,,,,,,,,,,,0
152507,1,-200,uncultured Actinomycetes bacterium,"",bacteria,false,,,,0.22439986697721817,3,,,99.5613,83.0,10^-43.6595,,,,,,,,,,,,,,,,,,0
100272,1,-200,uncultured eukaryote,"",eukaryota,false,,,,2.8423983150447634,38,,,96.2234,67.973,10^-30.0789,,,,,,,,,,,,,,,,,,0
91750,1,-200,uncultured Alphaproteobacteria bacterium,"",bacteria,false,,,,0.3739997782953636,5,,,99.604,101.0,10^-55.8311,,,,,,,,,,,,,,,,,,0
86473,1,-200,uncultured Gammaproteobacteria bacterium,"",bacteria,false,,,,0.22439986697721817,3,,,100.0,98.0,10^-54.3348,,,,,,0.07479995565907273,1,,,57.6,33.0,10^-3.45346,,,,,,0
77133,1,-200,uncultured bacterium,"",bacteria,false,,,,963.3486289331976,12879,2,12687,87.7944,1348.01,10^-300.905,,,,,,394.4201661902905,5273,4,5216,47.491,90.6824,10^-13.9402,,,,,,0
38018,1,-200,Bacteriophage sp.,"",viruses,true,,,,0.07479995565907273,1,,,80.952,42.0,10^-5.29724,,,,,,,,,,,,,,,,,,0
32644,1,-200,unidentified,"",,false,,,,0.07479995565907273,1,,,100.0,101.0,10^-56.3801,,,,,,,,,,,,,,,,,,0
2340,1,-200,Solemya velum gill symbiont,"",bacteria,false,,,,,,,,,,,,,,,,0.07479995565907273,1,,,56.7,30.0,10^-3.33442,,,,,,0
-100,1,-200,all taxa with neither family nor genus classification,,,false,,,,3.4407979603173455,46,,,89.1961,73.2,10^-26.0612,,,,,,10.397193836611109,139,,,84.1928,30.8841,10^-7.91565,,,,,,0
-200000170,2,-200000170,non-genus-specific reads in family Leptospiraceae,,bacteria,false,,,,,,,,,,,,,,,,0.07479995565907273,1,,,62.5,32.0,10^-3.31426,,,,,[2026757],0
2026757,1,-200000170,Leptospiraceae bacterium,"",bacteria,false,,,,,,,,,,,,,,,,0.07479995565907273,1,,,62.5,32.0,10^-3.31426,,,,,,0
-200000468,2,-200000468,non-genus-specific reads in family Moraxellaceae,,bacteria,false,,,,,,,,,,,,,,,,0.22439986697721817,3,,,69.4333,31.6667,10^-5.52709,,,,,[1889775],0
1889775,1,-200000468,Moraxellaceae bacterium,"",bacteria,false,,,,,,,,,,,,,,,,0.22439986697721817,3,,,69.4333,31.6667,10^-5.52709,,,,,,0
-200000506,2,-200000506,non-genus-specific reads in family Alcaligenaceae,,bacteria,false,,,,0.07479995565907273,1,,,100.0,100.0,10^-55.6982,,,,,,,,,,,,,,,,,[947376],0
947376,1,-200000506,Alcaligenaceae bacterium DZQ19,"",bacteria,false,,,,0.07479995565907273,1,,,100.0,100.0,10^-55.6982,,,,,,,,,,,,,,,,,,0
-200000543,2,-200000543,non-genus-specific reads in family Enterobacteriaceae,,bacteria,false,,,,0.07479995565907273,1,,,98.913,92.0,10^-48.8726,,,,,,0.07479995565907273,1,,,100.0,33.0,10^-12.4921,,,,,"[2666197, 1270197]",0
2666197,1,-200000543,Enterobacteriaceae bacterium RIT693,"",bacteria,false,,,,,,,,,,,,,,,,0.07479995565907273,1,,,100.0,33.0,10^-12.4921,,,,,,0
1270197,1,-200000543,Enterobacteriaceae bacterium JML,"",bacteria,false,,,,0.07479995565907273,1,,,98.913,92.0,10^-48.8726,,,,,,,,,,,,,,,,,,0
-200002070,2,-200002070,non-genus-specific reads in family Pseudonocardiaceae,,bacteria,false,,,,0.07479995565907273,1,,,100.0,97.0,10^-53.6529,,,,,,,,,,,,,,,,,[1873463],0
1873463,1,-200002070,Pseudonocardiaceae bacterium,"",bacteria,false,,,,0.07479995565907273,1,,,100.0,97.0,10^-53.6529,,,,,,,,,,,,,,,,,,0
-200005237,2,-200005237,non-genus-specific reads in family Tulasnellaceae,,eukaryota,false,,,,0.2991998226362909,4,,,96.643,98.25,10^-49.7018,,,,,,,,,,,,,,,,,"[581016, 304887]",0
581016,1,-200005237,uncultured Tulasnella mycobiont of Riccardia palmata,"",eukaryota,false,,,,0.14959991131814546,2,,,93.781,96.5,10^-44.3917,,,,,,,,,,,,,,,,,,0
304887,1,-200005237,uncultured Tulasnellaceae,"",eukaryota,false,,,,0.14959991131814546,2,,,99.505,100.0,10^-55.012,,,,,,,,,,,,,,,,,,0
-200005654,2,-200005654,non-genus-specific reads in family Trypanosomatidae,,eukaryota,false,,,,164.78430231693721,2203,,,99.8885,897.162,10^-306.072,,,,,,,,,,,,,,,,,"[2116055, 1737640, 699842, 48405]",0
2116055,1,-200005654,Trypanosomatidae sp. PNG77,"",eukaryota,false,,,,0.07479995565907273,1,,,98.684,76.0,10^-37.9766,,,,,,,,,,,,,,,,,,0
1737640,1,-200005654,Trypanosomatidae sp.,"",eukaryota,false,,,,0.14959991131814546,2,,,100.0,96.0,10^-52.9712,,,,,,,,,,,,,,,,,,0
699842,1,-200005654,uncultured trypanosome,"",eukaryota,false,,,,0.07479995565907273,1,,,100.0,52.0,10^-23.0453,,,,,,,,,,,,,,,,,,0
48405,1,-200005654,Trypanosomatidae sp. G755,"",eukaryota,false,,,,164.48510249430092,2199,1,2196,99.8893,899.895,10^-306.956,,,,,,,,,,,,,,,,,,0
-200007042,2,-200007042,non-genus-specific reads in family Curculionidae,,eukaryota,false,,,,,,,,,,,,,,,,0.07479995565907273,1,,,100.0,29.0,10^-11.3439,,,,,[2174887],0
2174887,1,-200007042,Curculionidae gen. sp. CrCh04,"",eukaryota,false,,,,,,,,,,,,,,,,0.07479995565907273,1,,,100.0,29.0,10^-11.3439,,,,,,0
-200007149,2,-200007149,non-genus-specific reads in family Chironomidae,,eukaryota,false,,,,0.07479995565907273,1,,,100.0,85.0,10^-45.476,,,,,,,,,,,,,,,,,[942540],0
942540,1,-200007149,cf. Echinocladius sp. n. MNK-2011,"",eukaryota,false,,,,0.07479995565907273,1,,,100.0,85.0,10^-45.476,,,,,,,,,,,,,,,,,,0
-200007157,2,-200007157,non-genus-specific reads in family Culicidae,,eukaryota,false,,,,8.676794856452435,116,,,99.322,295.0,10^-147.498,,,,,,0.14959991131814546,2,,,96.95,32.5,10^-6.71775,,,,,"[2587930, 2556739, 2533784]",0
2587930,1,-200007157,Culicinae sp. BAH_28365_A06,"",eukaryota,false,,,,8.676794856452435,116,1,116,99.322,295.0,10^-147.498,,,,,,,,,,,,,,,,,,0
2556739,1,-200007157,Culicidae sp. BIOUG18015-D07,"",eukaryota,false,,,,,,,,,,,,,,,,0.07479995565907273,1,,,96.9,32.0,10^-6.65561,,,,,,0
2533784,1,-200007157,Culicidae sp. BIOUG06326-H09,"",eukaryota,false,,,,,,,,,,,,,,,,0.07479995565907273,1,,,97.0,33.0,10^-6.77989,,,,,,0
-200010240,2,-200010240,non-genus-specific reads in family Poxviridae,,viruses,false,,,,,,,,,,,,,,,,0.07479995565907273,1,,,65.6,32.0,10^-3.3363,,,,,[2928837],0
2928837,1,-200010240,Finch poxvirus,"",viruses,false,,,,,,,,,,,,,,,,0.07479995565907273,1,,,65.6,32.0,10^-3.3363,,,,,,0
-200010486,2,-200010486,non-genus-specific reads in family Iridoviridae,,viruses,false,,,,,,,,,,,,,,,,0.07479995565907273,1,,,61.3,31.0,10^-3.8041,,,,,[1543320],0
1543320,1,-200010486,Erythrocytic necrosis virus,"",viruses,false,,,,,,,,,,,,,,,,0.07479995565907273,1,,,61.3,31.0,10^-3.8041,,,,,,0
-200011006,2,-200011006,non-genus-specific reads in family Totiviridae,,viruses,false,,,,0.2991998226362909,4,,,98.4975,99.75,10^-53.4692,,,,,,0.5235996896135091,7,,,87.3714,32.1429,10^-10.7603,,,,,"[2894007, 2689339, 2607731, 2026601]",0
2894007,1,-200011006,Palmetto toti-like virus,"",viruses,false,,,,0.14959991131814546,2,,,98.0,100.0,10^-52.9535,,,,,,,,,,,,,,,,,,0
2689339,1,-200011006,Pisingos virus,"",viruses,false,,,,,,,,,,,,,,,,0.14959991131814546,2,,,68.3,31.5,10^-5.09766,,,,,,0
2607731,1,-200011006,Aedes aegypti toti-like virus,"",viruses,false,,,,0.14959991131814546,2,,,98.995,99.5,10^-53.9849,,,,,,0.22439986697721817,3,,,100.0,32.6667,10^-12.8748,,,,,,0
2026601,1,-200011006,Australian Anopheles totivirus,"",viruses,false,,,,,,,,,,,,,,,,0.14959991131814546,2,,,87.5,32.0,10^-13.251,,,,,,0
-200011012,2,-200011012,non-genus-specific reads in family Partitiviridae,,viruses,false,,,,91.3307458597278,1221,,,99.6504,1500.46,10^-306.151,,,,,,91.3307458597278,1221,,,99.9398,441.415,10^-305.757,,,,,"[2970631, 2759333, 2759331]",0
2970631,1,-200011012,Hattula partiti-like virus,"",viruses,false,,,,0.5235996896135091,7,,,98.9657,62.3333,10^-28.9249,,,,,,0.5235996896135091,7,,,97.4143,25.1429,10^-5.70487,,,,,,0
2759333,1,-200011012,Verdadero virus,"",viruses,false,,,,72.63075694495961,971,2,971,99.6378,1534.13,10^-307.653,,,,,,72.63075694495961,971,2,971,99.9441,484.357,10^-307.653,,,,,,0
2759331,1,-200011012,Chaq-like virus,"",viruses,false,,,,18.176389225154672,243,1,243,99.716,1410.0,10^-307.653,,,,,,18.176389225154672,243,1,243,100.0,291.0,10^-307.653,,,,,,0
-200011050,2,-200011050,non-genus-specific reads in family Flaviviridae,,viruses,false,,,,1.9447988471358908,26,,,87.579,132.923,10^-33.9991,,,,,,,,,,,,,,,,,[2602438],0
2602438,1,-200011050,Guapiacu virus,"",viruses,false,,,,1.9447988471358908,26,2,25,87.579,132.923,10^-33.9991,,,,,,,,,,,,,,,,,,0
-200011270,2,-200011270,non-genus-specific reads in family Rhabdoviridae,,viruses,false,,,,,,,,,,,,,,,,4.188797516908073,56,,,56.2567,98.5714,10^-19.5321,,,,,"[2980584, 2980578, 2892543, 2805769, 2789884, 1969830]",0
2980584,1,-200011270,Inari rhabdovirus,"",viruses,false,,,,,,,,,,,,,,,,0.07479995565907273,1,,,62.1,29.0,10^-3.04144,,,,,,0
2980578,1,-200011270,Hattula rhabdovirus,"",viruses,false,,,,,,,,,,,,,,,,0.22439986697721817,3,,,67.1333,29.3333,10^-3.77408,,,,,,0
2892543,1,-200011270,Formosus virus,"",viruses,false,,,,,,,,,,,,,,,,1.5707990688405271,21,1,18,38.069,151.857,10^-11.187,,,,,,0
2805769,1,-200011270,Evros rhabdovirus 1,"",viruses,false,,,,,,,,,,,,,,,,1.4959991131814545,20,2,10,75.5988,51.6,10^-22.4758,,,,,,0
2789884,1,-200011270,Aedes rhabdo-like virus,"",viruses,false,,,,,,,,,,,,,,,,0.6731996009316545,9,1,9,50.806,124.0,10^-42.426,,,,,,0
1969830,1,-200011270,Merida-like virus KE-2017a,"",viruses,false,,,,,,,,,,,,,,,,0.14959991131814546,2,,,59.1,33.0,10^-6.5784,,,,,,0
-200011308,2,-200011308,non-genus-specific reads in family Orthomyxoviridae,,viruses,false,,,,,,,,,,,,,,,,0.5983996452725818,8,,,68.65,32.75,10^-5.93257,,,,,"[2894005, 2805755, 2805753, 2665414]",0
2894005,1,-200011308,Palmetto orthomyxo-like virus,"",viruses,false,,,,,,,,,,,,,,,,0.07479995565907273,1,,,72.7,33.0,10^-6.4437,,,,,,0
2805755,1,-200011308,Culex pipiens orthomyxo-like virus,"",viruses,false,,,,,,,,,,,,,,,,0.2991998226362909,4,,,65.35,32.5,10^-5.42418,,,,,,0
2805753,1,-200011308,Aedes detritus orthomyxo-like virus,"",viruses,false,,,,,,,,,,,,,,,,0.07479995565907273,1,,,93.9,33.0,10^-11.1925,,,,,,0
2665414,1,-200011308,Culex orthomyxo-like virus,"",viruses,false,,,,,,,,,,,,,,,,0.14959991131814546,2,,,60.6,33.0,10^-4.06386,,,,,,0
-200012283,2,-200012283,non-genus-specific reads in family Nodaviridae,,viruses,false,,,,,,,,,,,,,,,,3147.8065340007574,42083,,,51.4066,248.299,10^-79.0683,,,,,[2304481],0
2304481,1,-200012283,Culex mosquito virus 1,"",viruses,false,,,,,,,,,,,,,,,,3147.8065340007574,42083,5,42026,51.4066,248.299,10^-79.0683,,,,,,0
-200027840,2,-200027840,non-genus-specific reads in family Mermithidae,,eukaryota,false,,,,0.14959991131814546,2,,,100.0,58.0,10^-27.115,,,,,,,,,,,,,,,,,"[3020533, 3020532]",0
3020533,1,-200027840,Mermithidae sp. JOSN7,"",eukaryota,false,,,,0.07479995565907273,1,,,100.0,58.0,10^-27.115,,,,,,,,,,,,,,,,,,0
3020532,1,-200027840,Mermithidae sp. JOSN6,"",eukaryota,false,,,,0.07479995565907273,1,,,100.0,58.0,10^-27.115,,,,,,,,,,,,,,,,,,0
-200030009,2,-200030009,non-genus-specific reads in family Elateridae,,eukaryota,false,,,,,,,,,,,,,,,,0.07479995565907273,1,,,93.9,33.0,10^-10.6517,,,,,[2055404],0
2055404,1,-200030009,Elateridae sp. INB164,"",eukaryota,false,,,,,,,,,,,,,,,,0.07479995565907273,1,,,93.9,33.0,10^-10.6517,,,,,,0
-200032011,2,-200032011,non-genus-specific reads in family Methylophilaceae,,bacteria,false,,,,,,,,,,,,,,,,1.0471993792270182,14,,,77.6667,32.3333,10^-6.87174,,,,,[2030816],0
2030816,1,-200032011,Methylophilaceae bacterium,"",bacteria,false,,,,,,,,,,,,,,,,1.0471993792270182,14,,,77.6667,32.3333,10^-6.87174,,,,,,0
-200032033,2,-200032033,non-genus-specific reads in family Xanthomonadaceae,,bacteria,false,,,,0.14959991131814546,2,,,94.949,99.0,10^-48.1545,,,,,,0.5235996896135091,7,,,82.8667,26.6667,10^-7.5979,,,,,"[1926873, 211441]",0
1926873,1,-200032033,Xanthomonadaceae bacterium,"",bacteria,false,,,,,,,,,,,,,,,,0.5235996896135091,7,,,82.8667,26.6667,10^-7.5979,,,,,,0
211441,1,-200032033,uncultured Xanthomonadaceae bacterium,"",bacteria,false,,,,0.14959991131814546,2,,,94.949,99.0,10^-48.1545,,,,,,,,,,,,,,,,,,0
-200033406,2,-200033406,non-genus-specific reads in family Cecidomyiidae,,eukaryota,false,,,,0.14959991131814546,2,,,99.342,76.0,10^-38.6628,,,,,,,,,,,,,,,,,"[1262349, 560273]",0
1262349,1,-200033406,Lestremiinae sp. BMW-2012,"",eukaryota,false,,,,0.07479995565907273,1,,,98.684,76.0,10^-37.9766,,,,,,,,,,,,,,,,,,0
560273,1,-200033406,Cecidomyiidae sp. MAB-2008,"",eukaryota,false,,,,0.07479995565907273,1,,,100.0,76.0,10^-39.3489,,,,,,,,,,,,,,,,,,0
-200039738,2,-200039738,non-genus-specific reads in family Tombusviridae,,viruses,false,,,,,,,,,,,,,,,,5569.754298285873,74462,,,55.8917,466.95,10^-307.619,,,,,[2304516],0
2304516,1,-200039738,Culex-associated Tombus-like virus,"",viruses,false,,,,,,,,,,,,,,,,5569.754298285873,74462,1,74458,55.8917,466.95,10^-307.619,,,,,,0
-200040424,2,-200040424,non-genus-specific reads in family Hymenochaetaceae,,eukaryota,false,,,,0.07479995565907273,1,,,89.109,101.0,10^-41.284,,,,,,,,,,,,,,,,,[1548032],0
1548032,1,-200040424,uncultured Inonotus,"",eukaryota,false,,,,0.07479995565907273,1,,,89.109,101.0,10^-41.284,,,,,,,,,,,,,,,,,,0
-200041039,2,-200041039,non-genus-specific reads in family Xenidae,,eukaryota,false,,,,,,,,,,,,,,,,0.14959991131814546,2,,,97.0,33.0,10^-12.5312,,,,,"[2784814, 2548360]",0
2784814,1,-200041039,Xenidae sp. PaHu3,"",eukaryota,false,,,,,,,,,,,,,,,,0.07479995565907273,1,,,97.0,33.0,10^-12.4461,,,,,,0
2548360,1,-200041039,Xenidae sp. PsDa1,"",eukaryota,false,,,,,,,,,,,,,,,,0.07479995565907273,1,,,97.0,33.0,10^-12.6162,,,,,,0
-200046683,2,-200046683,non-genus-specific reads in family Ascaridiidae,,eukaryota,false,,,,0.14959991131814546,2,,,100.0,40.0,10^-14.925,,,,,,,,,,,,,,,,,[507996],0
507996,1,-200046683,Ascaridiidae sp. 1 NDD-2008,"",eukaryota,false,,,,0.14959991131814546,2,,,100.0,40.0,10^-14.925,,,,,,,,,,,,,,,,,,0
-200049546,2,-200049546,non-genus-specific reads in family Flavobacteriaceae,,bacteria,false,,,,0.14959991131814546,2,,,94.624,93.0,10^-44.0646,,,,,,0.6731996009316545,9,,,75.9111,28.0,10^-4.93849,,,,,"[1871037, 165436]",0
1871037,1,-200049546,Flavobacteriaceae bacterium,"",bacteria,false,,,,,,,,,,,,,,,,0.6731996009316545,9,,,75.9111,28.0,10^-4.93849,,,,,,0
165436,1,-200049546,uncultured Flavobacteriaceae bacterium,"",bacteria,false,,,,0.14959991131814546,2,,,94.624,93.0,10^-44.0646,,,,,,,,,,,,,,,,,,0
-200072275,2,-200072275,non-genus-specific reads in family Alteromonadaceae,,bacteria,false,,,,,,,,,,,,,,,,0.07479995565907273,1,,,60.0,30.0,10^-3.23062,,,,,[1916082],0
1916082,1,-200072275,Alteromonadaceae bacterium,"",bacteria,false,,,,,,,,,,,,,,,,0.07479995565907273,1,,,60.0,30.0,10^-3.23062,,,,,,0
-200083778,2,-200083778,non-genus-specific reads in family Kineosporiaceae,,bacteria,false,,,,0.07479995565907273,1,,,97.03,101.0,10^-52.2629,,,,,,,,,,,,,,,,,[2730919],0
2730919,1,-200083778,Kineosporiaceae bacterium SCSIO 59966,"",bacteria,false,,,,0.07479995565907273,1,,,97.03,101.0,10^-52.2629,,,,,,,,,,,,,,,,,,0
-200084566,2,-200084566,non-genus-specific reads in family Sphingobacteriaceae,,bacteria,false,,,,,,,,,,,,,,,,2.767598359385691,37,,,61.8288,53.1081,10^-14.3599,,,,,[2021370],0
2021370,1,-200084566,Sphingobacteriaceae bacterium,"",bacteria,false,,,,,,,,,,,,,,,,2.767598359385691,37,3,20,61.8288,53.1081,10^-14.3599,,,,,,0
-200084994,2,-200084994,non-genus-specific reads in family Acidimicrobiaceae,,bacteria,false,,,,,,,,,,,,,,,,0.07479995565907273,1,,,89.3,28.0,10^-4.54363,,,,,[2024894],0
2024894,1,-200084994,Acidimicrobiaceae bacterium,"",bacteria,false,,,,,,,,,,,,,,,,0.07479995565907273,1,,,89.3,28.0,10^-4.54363,,,,,,0
-200085015,2,-200085015,non-genus-specific reads in family Nocardioidaceae,,bacteria,false,,,,0.07479995565907273,1,,,100.0,101.0,10^-56.3801,,,,,,,,,,,,,,,,,[1871072],0
1871072,1,-200085015,Nocardioidaceae bacterium,"",bacteria,false,,,,0.07479995565907273,1,,,100.0,101.0,10^-56.3801,,,,,,,,,,,,,,,,,,0
-200085023,2,-200085023,non-genus-specific reads in family Microbacteriaceae,,bacteria,false,,,,,,,,,,,,,,,,0.07479995565907273,1,,,71.9,32.0,10^-5.92445,,,,,[1873462],0
1873462,1,-200085023,Microbacteriaceae bacterium,"",bacteria,false,,,,,,,,,,,,,,,,0.07479995565907273,1,,,71.9,32.0,10^-5.92445,,,,,,0
-200128827,2,-200128827,non-genus-specific reads in family Erysipelotrichaceae,,bacteria,false,,,,,,,,,,,,,,,,0.22439986697721817,3,,,69.1667,32.3333,10^-5.47787,,,,,"[2049044, 1262981]",0
2049044,1,-200128827,Erysipelotrichaceae bacterium,"",bacteria,false,,,,,,,,,,,,,,,,0.14959991131814546,2,,,60.0,32.5,10^-4.82554,,,,,,0
1262981,1,-200128827,Erysipelotrichaceae bacterium CAG:64,"",bacteria,false,,,,,,,,,,,,,,,,0.07479995565907273,1,,,87.5,32.0,10^-6.78252,,,,,,0
-200171551,2,-200171551,non-genus-specific reads in family Porphyromonadaceae,,bacteria,false,,,,,,,,,,,,,,,,0.07479995565907273,1,,,77.4,31.0,10^-4.39041,,,,,[2049046],0
2049046,1,-200171551,Porphyromonadaceae bacterium,"",bacteria,false,,,,,,,,,,,,,,,,0.07479995565907273,1,,,77.4,31.0,10^-4.39041,,,,,,0
-200186665,2,-200186665,non-genus-specific reads in family Metaviridae,,viruses,false,,,,,,,,,,,,,,,,25.88078465803916,346,,,60.4629,89.4661,10^-26.012,,,,,[2689361],0
2689361,1,-200186665,Chibugado virus,"",viruses,false,,,,,,,,,,,,,,,,25.88078465803916,346,17,279,60.4629,89.4661,10^-26.012,,,,,,0
-200186766,2,-200186766,non-genus-specific reads in family Narnaviridae,,viruses,false,,,,,,,,,,,,,,,,1.4959991131814545,20,,,75.1292,94.2,10^-42.7948,,,,,"[2980391, 2598991]",0
2980391,1,-200186766,Hytton narna-like virus,"",viruses,false,,,,,,,,,,,,,,,,0.14959991131814546,2,,,65.15,33.0,10^-5.42597,,,,,,0
2598991,1,-200186766,Ochlerotatus-associated narna-like virus 2,"",viruses,false,,,,,,,,,,,,,,,,1.346399201863309,18,1,18,76.238,101.0,10^-46.9469,,,,,,0
-200186803,2,-200186803,non-genus-specific reads in family Lachnospiraceae,,bacteria,false,,,,0.2991998226362909,4,,,93.6367,39.0,10^-10.8196,,,,,,0.3739997782953636,5,,,75.2,30.4,10^-5.9256,,,,,"[2594789, 1898203]",0
2594789,1,-200186803,Lachnospiraceae bacterium KGMB03038,"",bacteria,false,,,,0.2991998226362909,4,,,93.6367,39.0,10^-10.8196,,,,,,,,,,,,,,,,,,0
1898203,1,-200186803,Lachnospiraceae bacterium,"",bacteria,false,,,,,,,,,,,,,,,,0.3739997782953636,5,,,75.2,30.4,10^-5.9256,,,,,,0
-200204434,2,-200204434,non-genus-specific reads in family Acidobacteriaceae,,bacteria,false,,,,,,,,,,,,,,,,0.14959991131814546,2,,,56.45,31.0,10^-4.28121,,,,,[2052142],0
2052142,1,-200204434,Acidobacteriaceae bacterium,"",bacteria,false,,,,,,,,,,,,,,,,0.14959991131814546,2,,,56.45,31.0,10^-4.28121,,,,,,0
-200216572,2,-200216572,non-genus-specific reads in family Oscillospiraceae,,bacteria,false,,,,,,,,,,,,,,,,0.3739997782953636,5,,,83.1,30.8,10^-8.88619,,,,,"[2485925, 1535]",0
2485925,1,-200216572,Oscillospiraceae bacterium,"",bacteria,false,,,,,,,,,,,,,,,,0.07479995565907273,1,,,72.7,33.0,10^-6.30452,,,,,,0
1535,1,-200216572,[Clostridium] leptum,"",bacteria,false,,,,,,,,,,,,,,,,0.2991998226362909,4,,,85.7,30.25,10^-9.53161,,,,,,0
-200219420,2,-200219420,non-genus-specific reads in family Melandryidae,,eukaryota,false,,,,,,,,,,,,,,,,0.07479995565907273,1,,,100.0,33.0,10^-12.4698,,,,,[2055451],0
2055451,1,-200219420,Melandryidae sp. INB203,"",eukaryota,false,,,,,,,,,,,,,,,,0.07479995565907273,1,,,100.0,33.0,10^-12.4698,,,,,,0
-200471823,2,-200471823,non-genus-specific reads in family Haloplasmataceae,,bacteria,false,,,,,,,,,,,,,,,,0.07479995565907273,1,,,93.9,33.0,10^-9.30892,,,,,[2862752],0
2862752,1,-200471823,Haloplasmataceae bacterium,"",bacteria,false,,,,,,,,,,,,,,,,0.07479995565907273,1,,,93.9,33.0,10^-9.30892,,,,,,0
-200563835,2,-200563835,non-genus-specific reads in family Chitinophagaceae,,bacteria,false,,,,,,,,,,,,,,,,0.14959991131814546,2,,,85.2,30.0,10^-6.84429,,,,,[1869212],0
1869212,1,-200563835,Chitinophagaceae bacterium,"",bacteria,false,,,,,,,,,,,,,,,,0.14959991131814546,2,,,85.2,30.0,10^-6.84429,,,,,,0
-200563843,2,-200563843,non-genus-specific reads in family Rhodothermaceae,,bacteria,false,,,,,,,,,,,,,,,,0.07479995565907273,1,,,60.6,33.0,10^-5.49349,,,,,[1779382],0
1779382,1,-200563843,Rhodothermaceae bacterium RA,"",bacteria,false,,,,,,,,,,,,,,,,0.07479995565907273,1,,,60.6,33.0,10^-5.49349,,,,,,0
-200675071,2,-200675071,non-genus-specific reads in family Virgaviridae,,viruses,false,,,,,,,,,,,,,,,,0.14959991131814546,2,,,72.6,31.0,10^-7.09627,,,,,"[2966560, 1708380]",0
2966560,1,-200675071,Orbis virgavirus,"",viruses,false,,,,,,,,,,,,,,,,0.07479995565907273,1,,,74.2,31.0,10^-7.18243,,,,,,0
1708380,1,-200675071,Macrophomina phaseolina tobamo-like virus 1a,"",viruses,false,,,,,,,,,,,,,,,,0.07479995565907273,1,,,71.0,31.0,10^-7.01011,,,,,,0
-201185407,2,-201185407,non-genus-specific reads in family Defluviitaleaceae,,bacteria,false,,,,,,,,,,,,,,,,0.07479995565907273,1,,,82.8,29.0,10^-8.91721,,,,,[2660712],0
2660712,1,-201185407,Defluviitaleaceae bacterium,"",bacteria,false,,,,,,,,,,,,,,,,0.07479995565907273,1,,,82.8,29.0,10^-8.91721,,,,,,0
-201385565,2,-201385565,non-genus-specific reads in family Phaeococcomycetaceae,,eukaryota,false,,,,0.07479995565907273,1,,,98.0,100.0,10^-52.9535,,,,,,,,,,,,,,,,,[748623],0
748623,1,-201385565,Phaeococcomycetaceae sp. TRN213,"",eukaryota,false,,,,0.07479995565907273,1,,,98.0,100.0,10^-52.9535,,,,,,,,,,,,,,,,,,0
-201853230,2,-201853230,non-genus-specific reads in family Crocinitomicaceae,,bacteria,false,,,,,,,,,,,,,,,,0.22439986697721817,3,,,98.9667,32.3333,10^-9.94909,,,,,[2026728],0
2026728,1,-201853230,Crocinitomicaceae bacterium,"",bacteria,false,,,,,,,,,,,,,,,,0.22439986697721817,3,,,98.9667,32.3333,10^-9.94909,,,,,,0
-201937962,2,-201937962,non-genus-specific reads in family Microscillaceae,,bacteria,false,,,,,,,,,,,,,,,,0.07479995565907273,1,,,71.9,32.0,10^-4.96257,,,,,[2053581],0
2053581,1,-201937962,Microscillaceae bacterium,"",bacteria,false,,,,,,,,,,,,,,,,0.07479995565907273,1,,,71.9,32.0,10^-4.96257,,,,,,0
-201970190,2,-201970190,non-genus-specific reads in family Salinivirgaceae,,bacteria,false,,,,,,,,,,,,,,,,0.07479995565907273,1,,,75.8,33.0,10^-5.35458,,,,,[2053305],0
2053305,1,-201970190,Salinivirgaceae bacterium,"",bacteria,false,,,,,,,,,,,,,,,,0.07479995565907273,1,,,75.8,33.0,10^-5.35458,,,,,,0
-201980417,2,-201980417,non-genus-specific reads in family Phasmaviridae,,viruses,false,,,,,,,,,,,,,,,,0.44879973395443634,6,,,98.68,27.8,10^-8.67313,,,,,[2778219],0
2778219,1,-201980417,Aedes phasmavirus,"",viruses,false,,,,,,,,,,,,,,,,0.44879973395443634,6,,,98.68,27.8,10^-8.67313,,,,,,0
-201980418,2,-201980418,non-genus-specific reads in family Phenuiviridae,,viruses,false,,,,,,,,,,,,,,,,0.14959991131814546,2,,,66.75,31.5,10^-3.87498,,,,,[3055746],0
3055746,1,-201980418,Anopheles phasivirus 1,"",viruses,false,,,,,,,,,,,,,,,,0.14959991131814546,2,,,66.75,31.5,10^-3.87498,,,,,,0
-202066491,2,-202066491,non-genus-specific reads in family Emcibacteraceae,,bacteria,false,,,,,,,,,,,,,,,,0.2991998226362909,4,,,95.75,29.0,10^-11.7033,,,,,[2774605],0
2774605,1,-202066491,Emcibacteraceae bacterium,"",bacteria,false,,,,,,,,,,,,,,,,0.2991998226362909,4,,,95.75,29.0,10^-11.7033,,,,,,0
-202169529,2,-202169529,non-genus-specific reads in family Ackermannviridae,,viruses,false,,,,,,,,,,,,,,,,0.07479995565907273,1,,,84.8,33.0,10^-10.9666,,,,,[1542133],0
1542133,1,-202169529,Dickeya phage phiDP23.1,"",viruses,true,,,,,,,,,,,,,,,,0.07479995565907273,1,,,84.8,33.0,10^-10.9666,,,,,,0
-202501952,2,-202501952,non-genus-specific reads in family Chuviridae,,viruses,false,,,,,,,,,,,,,,,,3.8895976942717816,52,,,65.3336,79.94,10^-34.1299,,,,,"[2789882, 2789881]",0
2789882,1,-202501952,Gurupi chuvirus-like 2,"",viruses,false,,,,,,,,,,,,,,,,0.07479995565907273,1,,,75.8,33.0,10^-7.73755,,,,,,0
2789881,1,-202501952,Gurupi chuvirus-like 1,"",viruses,false,,,,,,,,,,,,,,,,3.8147977386127088,51,3,40,65.12,80.898,10^-34.6685,,,,,,0
-202762318,2,-202762318,non-genus-specific reads in family Weeksellaceae,,bacteria,false,,,,0.5983996452725818,8,,,96.5908,96.125,10^-48.7692,,,,,,0.14959991131814546,2,,,100.0,30.0,10^-9.71897,,,,,[2823802],0
2823802,1,-202762318,Weeksellaceae bacterium,"",bacteria,false,,,,0.5983996452725818,8,,,96.5908,96.125,10^-48.7692,,,,,,0.14959991131814546,2,,,100.0,30.0,10^-9.71897,,,,,,0
-202866375,2,-202866375,non-genus-specific reads in family Cyanidioschyzonaceae,,eukaryota,false,,,,,,,,,,,,,,,,0.07479995565907273,1,,,64.3,28.0,10^-3.36856,,,,,[2927041],0
2927041,1,-202866375,Cyanidioschyzonaceae sp. 2,"",eukaryota,false,,,,,,,,,,,,,,,,0.07479995565907273,1,,,64.3,28.0,10^-3.36856,,,,,,0
