tax_id,tax_level,genus_tax_id,name,common_name,category,is_phage,agg_score,max_z_score,nt_z_score,nt_rpm,nt_count,nt_contigs,nt_contig_r,nt_percent_identity,nt_alignment_length,nt_e_value,nt_bg_mean,nt_bg_stdev,nt_bg_mean_mass_normalized,nt_bg_stdev_mass_normalized,nr_z_score,nr_rpm,nr_count,nr_contigs,nr_contig_r,nr_percent_identity,nr_alignment_length,nr_e_value,nr_bg_mean,nr_bg_stdev,nr_bg_mean_mass_normalized,nr_bg_stdev_mass_normalized,species_tax_ids,known_pathogen
3054436,2,3054436,Verruciconidia,"",eukaryota,false,,,,0.2239421476813366,2,,,100.0,75.0,10^-38.6685,,,,,,,,,,,,,,,,,[5051],0
5051,1,3054436,Verruciconidia persicina,"",eukaryota,false,,,,0.2239421476813366,2,,,100.0,75.0,10^-38.6685,,,,,,,,,,,,,,,,,,0
3041336,2,3041336,Stipitochalara,"",eukaryota,false,,,,,,,,,,,,,,,,0.1119710738406683,1,,,88.0,25.0,10^-5.96658,,,,,[112123],0
112123,1,3041336,Stipitochalara longipes,"",eukaryota,false,,,,,,,,,,,,,,,,0.1119710738406683,1,,,88.0,25.0,10^-5.96658,,,,,,0
3025755,2,3025755,Thomasclavelia,"",bacteria,false,,,,,,,,,,,,,,,,0.1119710738406683,1,,,88.0,25.0,10^-3.67985,,,,,[1522],0
1522,1,3025755,[Clostridium] innocuum,"",bacteria,false,,,,,,,,,,,,,,,,0.1119710738406683,1,,,88.0,25.0,10^-3.67985,,,,,,0
3004333,2,3004333,Paramarasmius,"",eukaryota,false,,,,0.1119710738406683,1,,,98.667,75.0,10^-37.2961,,,,,,,,,,,,,,,,,[297713],0
297713,1,3004333,Paramarasmius palmivorus,"",eukaryota,false,,,,0.1119710738406683,1,,,98.667,75.0,10^-37.2961,,,,,,,,,,,,,,,,,,0
2996321,2,2996321,Niveomyces,"",eukaryota,false,,,,,,,,,,,,,,,,0.1119710738406683,1,,,100.0,22.0,10^-5.80134,,,,,[150359],0
150359,1,2996321,Niveomyces insectorum,"",eukaryota,false,,,,,,,,,,,,,,,,0.1119710738406683,1,,,100.0,22.0,10^-5.80134,,,,,,0
2986373,2,2986373,Polyschismium,"",eukaryota,false,,,,0.1119710738406683,1,,,89.831,59.0,10^-19.5595,,,,,,,,,,,,,,,,,[2911783],0
2911783,1,2986373,Polyschismium peyerimhoffii,"",eukaryota,false,,,,0.1119710738406683,1,,,89.831,59.0,10^-19.5595,,,,,,,,,,,,,,,,,,0
2983002,2,2983002,Neoantrodia,"",eukaryota,false,,,,0.1119710738406683,1,,,100.0,76.0,10^-39.3489,,,,,,,,,,,,,,,,,[239204],0
239204,1,2983002,Neoantrodia variiformis,"",eukaryota,false,,,,0.1119710738406683,1,,,100.0,76.0,10^-39.3489,,,,,,,,,,,,,,,,,,0
2901189,2,2901189,Halopseudomonas,"",bacteria,false,,,,0.1119710738406683,1,,,90.0,70.0,10^-25.6609,,,,,,,,,,,,,,,,,[1434072],0
1434072,1,2901189,Halopseudomonas salegens,"",bacteria,false,,,,0.1119710738406683,1,,,90.0,70.0,10^-25.6609,,,,,,,,,,,,,,,,,,0
2831443,2,2831443,Heliomicrobium,"",bacteria,false,,,,,,,,,,,,,,,,0.1119710738406683,1,,,87.5,24.0,10^-3.92082,,,,,[35701],0
35701,1,2831443,Heliomicrobium modesticaldum,"",bacteria,false,,,,,,,,,,,,,,,,0.1119710738406683,1,,,87.5,24.0,10^-3.92082,,,,,,0
2791032,2,2791032,Candolleomyces,"",eukaryota,false,,,,0.1119710738406683,1,,,100.0,76.0,10^-39.3489,,,,,,,,,,,,,,,,,[2831879],0
2831879,1,2791032,Candolleomyces luteopallidus,"",eukaryota,false,,,,0.1119710738406683,1,,,100.0,76.0,10^-39.3489,,,,,,,,,,,,,,,,,,0
2779861,2,2779861,Linnemannia,"",eukaryota,false,,,,,,,,,,,,,,,,0.1119710738406683,1,,,100.0,24.0,10^-5.90658,,,,,[310910],0
310910,1,2779861,Linnemannia elongata,"",eukaryota,false,,,,,,,,,,,,,,,,0.1119710738406683,1,,,100.0,24.0,10^-5.90658,,,,,,0
2767842,2,2767842,Lactiplantibacillus,"",bacteria,false,,,,0.1119710738406683,1,,,98.684,76.0,10^-37.9766,,,,,,,,,,,,,,,,,[1590],0
1590,1,2767842,Lactiplantibacillus plantarum,"",bacteria,false,,,,0.1119710738406683,1,,,98.684,76.0,10^-37.9766,,,,,,,,,,,,,,,,,,0
2767358,2,2767358,Mycoplasmopsis,"",bacteria,false,,,,,,,,,,,,,,,,0.1119710738406683,1,,,87.0,23.0,10^-4.09745,,,,,[28903],0
28903,1,2767358,Mycoplasmopsis bovis,"",bacteria,false,,,,,,,,,,,,,,,,0.1119710738406683,1,,,87.0,23.0,10^-4.09745,,,,,,0
2759736,2,2759736,Lacticaseibacillus,"",bacteria,false,,,,,,,,,,,,,,,,1.7915371814506929,16,1,16,89.474,38.0,10^-16.7212,,,,,[47715],0
47715,1,2759736,Lacticaseibacillus rhamnosus,"",bacteria,false,,,,,,,,,,,,,,,,1.7915371814506929,16,1,16,89.474,38.0,10^-16.7212,,,,,,0
2742598,2,2742598,Limosilactobacillus,"",bacteria,false,,,,,,,,,,,,,,,,0.1119710738406683,1,,,85.0,20.0,10^-3.39577,,,,,[1613],0
1613,1,2742598,Limosilactobacillus fermentum,"",bacteria,false,,,,,,,,,,,,,,,,0.1119710738406683,1,,,85.0,20.0,10^-3.39577,,,,,,0
2586362,2,2586362,Forcepsioneura,"",eukaryota,false,,,,,,,,,,,,,,,,0.2239421476813366,2,,,95.85,24.0,10^-7.81417,,,,,[2586366],0
2586366,1,2586362,Forcepsioneura sancta,"",eukaryota,false,,,,,,,,,,,,,,,,0.2239421476813366,2,,,95.85,24.0,10^-7.81417,,,,,,0
2585208,2,2585208,Trichonephila,"",eukaryota,false,,,,,,,,,,,,,,,,0.2239421476813366,2,,,97.9,24.5,10^-6.51368,,,,,[2740835],0
2740835,1,2585208,Trichonephila clavata,"",eukaryota,false,,,,,,,,,,,,,,,,0.2239421476813366,2,,,97.9,24.5,10^-6.51368,,,,,,0
2078956,2,2078956,Neocloeon,"",eukaryota,false,,,,,,,,,,,,,,,,0.1119710738406683,1,,,95.8,24.0,10^-4.95078,,,,,[2078957],0
2078957,1,2078956,Neocloeon triangulifer,"",eukaryota,false,,,,,,,,,,,,,,,,0.1119710738406683,1,,,95.8,24.0,10^-4.95078,,,,,,0
2033036,2,2033036,Jackrogersella,"",eukaryota,false,,,,,,,,,,,,,,,,0.1119710738406683,1,,,100.0,25.0,10^-7.6038,,,,,[1955266],0
1955266,1,2033036,Jackrogersella minutella,"",eukaryota,false,,,,,,,,,,,,,,,,0.1119710738406683,1,,,100.0,25.0,10^-7.6038,,,,,,0
2006155,2,2006155,Pamphobeteus,"",eukaryota,false,,,,,,,,,,,,,,,,0.1119710738406683,1,,,83.3,24.0,10^-4.04866,,,,,[2006156],0
2006156,1,2006155,Pamphobeteus verdolaga,"",eukaryota,false,,,,,,,,,,,,,,,,0.1119710738406683,1,,,83.3,24.0,10^-4.04866,,,,,,0
1985927,2,1985927,Ignelater,"",eukaryota,false,,,,,,,,,,,,,,,,0.2239421476813366,2,,,96.0,25.0,10^-6.40952,,,,,[2038154],0
2038154,1,1985927,Ignelater luminosus,"",eukaryota,false,,,,,,,,,,,,,,,,0.2239421476813366,2,,,96.0,25.0,10^-6.40952,,,,,,0
1979940,2,1979940,Medioppia,"",eukaryota,false,,,,0.1119710738406683,1,,,100.0,37.0,10^-12.9003,,,,,,0.2239421476813366,2,,,95.7,23.0,10^-5.67572,,,,,[1979941],0
1979941,1,1979940,Medioppia subpectinata,"",eukaryota,false,,,,0.1119710738406683,1,,,100.0,37.0,10^-12.9003,,,,,,0.2239421476813366,2,,,95.7,23.0,10^-5.67572,,,,,,0
1920453,2,1920453,Orbicella,"",eukaryota,false,,,,,,,,,,,,,,,,0.1119710738406683,1,,,100.0,24.0,10^-6.87615,,,,,[48498],0
48498,1,1920453,Orbicella faveolata,"",eukaryota,false,,,,,,,,,,,,,,,,0.1119710738406683,1,,,100.0,24.0,10^-6.87615,,,,,,0
1884455,2,1884455,Anphevirus,"",viruses,false,,,,,,,,,,,,,,,,0.1119710738406683,1,,,66.7,24.0,10^-3.64589,,,,,[2980617],0
2980617,1,1884455,Joensuu anphevirus,"",viruses,false,,,,,,,,,,,,,,,,0.1119710738406683,1,,,66.7,24.0,10^-3.64589,,,,,,0
1874358,2,1874358,Bifidochaetus,"",eukaryota,false,,,,1.3436528860880195,12,1,12,88.312,77.0,10^-15.8416,,,,,,,,,,,,,,,,,[1633824],0
1633824,1,1874358,Bifidochaetus arcticus,"",eukaryota,false,,,,1.3436528860880195,12,1,12,88.312,77.0,10^-15.8416,,,,,,,,,,,,,,,,,,0
1870727,2,1870727,Subacronicta,"",eukaryota,false,,,,0.1119710738406683,1,,,90.909,55.0,10^-18.2176,,,,,,,,,,,,,,,,,[1870728],0
1870728,1,1870727,Subacronicta megacephala,"",eukaryota,false,,,,0.1119710738406683,1,,,90.909,55.0,10^-18.2176,,,,,,,,,,,,,,,,,,0
1866885,2,1866885,Mycolicibacterium,"",bacteria,false,,,,0.1119710738406683,1,,,86.111,36.0,10^-5.36418,,,,,,,,,,,,,,,,,[758802],0
758802,1,1866885,Mycolicibacterium litorale,"",bacteria,false,,,,0.1119710738406683,1,,,86.111,36.0,10^-5.36418,,,,,,,,,,,,,,,,,,0
1856121,2,1856121,Pseudocoleodictyospora,"",eukaryota,false,,,,0.1119710738406683,1,,,91.892,74.0,10^-29.7539,,,,,,,,,,,,,,,,,[1856124],0
1856124,1,1856121,Pseudocoleodictyospora tectonae,"",eukaryota,false,,,,0.1119710738406683,1,,,91.892,74.0,10^-29.7539,,,,,,,,,,,,,,,,,,0
1662592,2,1662592,Asbolus,"",eukaryota,false,,,,,,,,,,,,,,,,0.2239421476813366,2,,,100.0,24.0,10^-6.53864,,,,,[1661398],0
1661398,1,1662592,Asbolus verrucosus,"",eukaryota,false,,,,,,,,,,,,,,,,0.2239421476813366,2,,,100.0,24.0,10^-6.53864,,,,,,0
1640959,2,1640959,Thelaira,"",eukaryota,false,,,,0.1119710738406683,1,,,84.211,38.0,10^-5.3407,,,,,,,,,,,,,,,,,[1918187],0
1918187,1,1640959,Thelaira solivaga,"",eukaryota,false,,,,0.1119710738406683,1,,,84.211,38.0,10^-5.3407,,,,,,,,,,,,,,,,,,0
1612157,2,1612157,Pararhodospirillum,"",bacteria,false,,,,,,,,,,,,,,,,1.2316818122473512,11,1,10,77.3545,47.4545,10^-20.2955,,,,,[1084],0
1084,1,1612157,Pararhodospirillum photometricum,"",bacteria,false,,,,,,,,,,,,,,,,1.2316818122473512,11,1,10,77.3545,47.4545,10^-20.2955,,,,,,0
1594452,2,1594452,Marasmarcha,"",eukaryota,false,,,,0.1119710738406683,1,,,87.037,54.0,10^-14.7947,,,,,,,,,,,,,,,,,[1594453],0
1594453,1,1594452,Marasmarcha lunaedactyla,"",eukaryota,false,,,,0.1119710738406683,1,,,87.037,54.0,10^-14.7947,,,,,,,,,,,,,,,,,,0
1434011,2,1434011,Komagataeibacter,"",bacteria,false,,,,0.1119710738406683,1,,,100.0,76.0,10^-39.3489,,,,,,1.4556239599286878,13,1,9,85.2988,65.7692,10^-31.9743,,,,,"[265960, 28448]",0
265960,1,1434011,Komagataeibacter nataicola,"",bacteria,false,,,,,,,,,,,,,,,,0.4478842953626732,4,,,94.575,22.5,10^-6.13235,,,,,,0
28448,1,1434011,Komagataeibacter xylinus,"",bacteria,false,,,,0.1119710738406683,1,,,100.0,76.0,10^-39.3489,,,,,,1.0077396645660146,9,1,9,81.176,85.0,10^-43.4597,,,,,,0
1431902,2,1431902,Brassicogethes,"",eukaryota,false,,,,,,,,,,,,,,,,0.2239421476813366,2,,,91.65,24.5,10^-4.49916,,,,,[1431903],0
1431903,1,1431902,Brassicogethes aeneus,"",eukaryota,false,,,,,,,,,,,,,,,,0.2239421476813366,2,,,91.65,24.5,10^-4.49916,,,,,,0
1396492,2,1396492,Fimicolochytrium,"",eukaryota,false,,,,0.1119710738406683,1,,,85.714,42.0,10^-8.04198,,,,,,,,,,,,,,,,,[1396493],0
1396493,1,1396492,Fimicolochytrium jonesii,"",eukaryota,false,,,,0.1119710738406683,1,,,85.714,42.0,10^-8.04198,,,,,,,,,,,,,,,,,,0
1368975,2,1368975,Calamotropha,"",eukaryota,false,,,,0.2239421476813366,2,,,94.444,36.0,10^-9.48129,,,,,,,,,,,,,,,,,[1371681],0
1371681,1,1368975,Calamotropha paludella,"",eukaryota,false,,,,0.2239421476813366,2,,,94.444,36.0,10^-9.48129,,,,,,,,,,,,,,,,,,0
1351751,2,1351751,Parastagonospora,"",eukaryota,false,,,,0.1119710738406683,1,,,98.684,76.0,10^-37.9766,,,,,,,,,,,,,,,,,[13684],0
13684,1,1351751,Parastagonospora nodorum,"",eukaryota,false,,,,0.1119710738406683,1,,,98.684,76.0,10^-37.9766,,,,,,,,,,,,,,,,,,0
1333641,2,1333641,Sarcoporia,"",eukaryota,false,,,,0.1119710738406683,1,,,100.0,76.0,10^-39.3489,,,,,,,,,,,,,,,,,[1333642],0
1333642,1,1333641,Sarcoporia polyspora,"",eukaryota,false,,,,0.1119710738406683,1,,,100.0,76.0,10^-39.3489,,,,,,,,,,,,,,,,,,0
1323399,2,1323399,Molorchus,"",eukaryota,false,,,,,,,,,,,,,,,,0.1119710738406683,1,,,83.3,24.0,10^-5.13549,,,,,[1323400],0
1323400,1,1323399,Molorchus minor,"",eukaryota,false,,,,,,,,,,,,,,,,0.1119710738406683,1,,,83.3,24.0,10^-5.13549,,,,,,0
1322061,2,1322061,Rhizoctonia,"",eukaryota,false,,,,0.1119710738406683,1,,,100.0,75.0,10^-38.6685,,,,,,,,,,,,,,,,,[456999],0
456999,1,1322061,Rhizoctonia solani,"",eukaryota,false,,,,0.1119710738406683,1,,,100.0,75.0,10^-38.6685,,,,,,,,,,,,,,,,,,0
1274481,2,1274481,Dasydytes,"",eukaryota,false,,,,0.1119710738406683,1,,,97.727,44.0,10^-16.256,,,,,,,,,,,,,,,,,[2699090],0
2699090,1,1274481,Dasydytes lamellatus,"",eukaryota,false,,,,0.1119710738406683,1,,,97.727,44.0,10^-16.256,,,,,,,,,,,,,,,,,,0
1271741,2,1271741,Glyphotaelius,"",eukaryota,false,,,,0.2239421476813366,2,,,92.061,75.5,10^-30.7745,,,,,,,,,,,,,,,,,[1271742],0
1271742,1,1271741,Glyphotaelius pellucidus,"",eukaryota,false,,,,0.2239421476813366,2,,,92.061,75.5,10^-30.7745,,,,,,,,,,,,,,,,,,0
1262302,2,1262302,Heteromyza,"",eukaryota,false,,,,0.2239421476813366,2,,,90.2985,67.0,10^-24.3076,,,,,,,,,,,,,,,,,[2867252],0
2867252,1,1262302,Heteromyza rotundicornis,"",eukaryota,false,,,,0.2239421476813366,2,,,90.2985,67.0,10^-24.3076,,,,,,,,,,,,,,,,,,0
1260852,2,1260852,Pseudolycoriella,"",eukaryota,false,,,,,,,,,,,,,,,,0.1119710738406683,1,,,84.0,25.0,10^-5.66959,,,,,[35572],0
35572,1,1260852,Pseudolycoriella hygida,"",eukaryota,false,,,,,,,,,,,,,,,,0.1119710738406683,1,,,84.0,25.0,10^-5.66959,,,,,,0
1234780,2,1234780,Lyomyces,"",eukaryota,false,,,,0.1119710738406683,1,,,100.0,76.0,10^-39.3489,,,,,,,,,,,,,,,,,[2837634],0
2837634,1,1234780,Lyomyces ochraceoalbus,"",eukaryota,false,,,,0.1119710738406683,1,,,100.0,76.0,10^-39.3489,,,,,,,,,,,,,,,,,,0
1217823,2,1217823,Xylona,"",eukaryota,false,,,,0.1119710738406683,1,,,95.122,41.0,10^-12.8557,,,,,,,,,,,,,,,,,[1217826],0
1217826,1,1217823,Xylona heveae,"",eukaryota,false,,,,0.1119710738406683,1,,,95.122,41.0,10^-12.8557,,,,,,,,,,,,,,,,,,0
1206353,2,1206353,Lizonia,"",eukaryota,false,,,,,,,,,,,,,,,,0.2239421476813366,2,,,96.0,25.0,10^-8.8017,,,,,[1496277],0
1496277,1,1206353,Lizonia empirigonia,"",eukaryota,false,,,,,,,,,,,,,,,,0.2239421476813366,2,,,96.0,25.0,10^-8.8017,,,,,,0
1176129,2,1176129,Aulographum,"",eukaryota,false,,,,,,,,,,,,,,,,0.1119710738406683,1,,,96.0,25.0,10^-5.95078,,,,,[1176130],0
1176130,1,1176129,Aulographum hederae,"",eukaryota,false,,,,,,,,,,,,,,,,0.1119710738406683,1,,,96.0,25.0,10^-5.95078,,,,,,0
1159320,2,1159320,Belonocnema,"",eukaryota,false,,,,,,,,,,,,,,,,0.1119710738406683,1,,,100.0,24.0,10^-5.11634,,,,,[2817044],0
2817044,1,1159320,Belonocnema kinseyi,"",eukaryota,false,,,,,,,,,,,,,,,,0.1119710738406683,1,,,100.0,24.0,10^-5.11634,,,,,,0
1132856,2,1132856,Rasamsonia,"",eukaryota,false,,,,,,,,,,,,,,,,5.374611544352078,48,1,48,100.0,45.0,10^-25.1135,,,,,[68825],0
68825,1,1132856,Rasamsonia emersonii,"",eukaryota,false,,,,,,,,,,,,,,,,5.374611544352078,48,1,48,100.0,45.0,10^-25.1135,,,,,,0
1052105,2,1052105,Purpureocillium,"",eukaryota,false,,,,0.1119710738406683,1,,,86.111,36.0,10^-5.36418,,,,,,,,,,,,,,,,,[2060973],0
2060973,1,1052105,Purpureocillium takamizusanense,"",eukaryota,false,,,,0.1119710738406683,1,,,86.111,36.0,10^-5.36418,,,,,,,,,,,,,,,,,,0
1047167,2,1047167,Zymoseptoria,"",eukaryota,false,,,,0.1119710738406683,1,,,98.667,75.0,10^-37.2961,,,,,,1.2316818122473512,11,1,11,88.136,59.0,10^-30.2503,,,,,[1047171],0
1047171,1,1047167,Zymoseptoria tritici,"",eukaryota,false,,,,0.1119710738406683,1,,,98.667,75.0,10^-37.2961,,,,,,1.2316818122473512,11,1,11,88.136,59.0,10^-30.2503,,,,,,0
1003337,2,1003337,Angomonas,"",eukaryota,false,,,,0.1119710738406683,1,,,98.684,76.0,10^-37.9766,,,,,,,,,,,,,,,,,[59799],0
59799,1,1003337,Angomonas deanei,"",eukaryota,false,,,,0.1119710738406683,1,,,98.684,76.0,10^-37.9766,,,,,,,,,,,,,,,,,,0
1003010,2,1003010,Strigomonas,"",eukaryota,false,,,,,,,,,,,,,,,,0.1119710738406683,1,,,100.0,24.0,10^-5.46218,,,,,[28005],0
28005,1,1003010,Strigomonas culicis,"",eukaryota,false,,,,,,,,,,,,,,,,0.1119710738406683,1,,,100.0,24.0,10^-5.46218,,,,,,0
988161,2,988161,Tiliacea,"",eukaryota,false,,,,0.1119710738406683,1,,,90.789,76.0,10^-29.7423,,,,,,,,,,,,,,,,,[988162],0
988162,1,988161,Tiliacea aurago,"",eukaryota,false,,,,0.1119710738406683,1,,,90.789,76.0,10^-29.7423,,,,,,,,,,,,,,,,,,0
988153,2,988153,Polyploca,"",eukaryota,false,,,,0.1119710738406683,1,,,97.222,36.0,10^-10.8537,,,,,,,,,,,,,,,,,[988154],0
988154,1,988153,Polyploca ridens,"",eukaryota,false,,,,0.1119710738406683,1,,,97.222,36.0,10^-10.8537,,,,,,,,,,,,,,,,,,0
987457,2,987457,Fissipunctia,"",eukaryota,false,,,,0.33591322152200487,3,,,93.2943,63.6667,10^-24.5694,,,,,,,,,,,,,,,,,[987458],0
987458,1,987457,Fissipunctia ypsillon,"",eukaryota,false,,,,0.33591322152200487,3,,,93.2943,63.6667,10^-24.5694,,,,,,,,,,,,,,,,,,0
987448,2,987448,Ptilodon,"",eukaryota,false,,,,0.1119710738406683,1,,,90.909,44.0,10^-12.1389,,,,,,,,,,,,,,,,,[987449],0
987449,1,987448,Ptilodon capucinus,"",eukaryota,false,,,,0.1119710738406683,1,,,90.909,44.0,10^-12.1389,,,,,,,,,,,,,,,,,,0
934944,2,934944,Lampropteryx,"",eukaryota,false,,,,0.1119710738406683,1,,,94.521,73.0,10^-31.8184,,,,,,,,,,,,,,,,,[934945],0
934945,1,934944,Lampropteryx suffumata,"",eukaryota,false,,,,0.1119710738406683,1,,,94.521,73.0,10^-31.8184,,,,,,,,,,,,,,,,,,0
934941,2,934941,Hemistola,"",eukaryota,false,,,,0.1119710738406683,1,,,94.915,59.0,10^-23.6766,,,,,,,,,,,,,,,,,[934942],0
934942,1,934941,Hemistola chrysoprasaria,"",eukaryota,false,,,,0.1119710738406683,1,,,94.915,59.0,10^-23.6766,,,,,,,,,,,,,,,,,,0
934939,2,934939,Gymnoscelis,"",eukaryota,false,,,,0.2239421476813366,2,,,91.8725,70.5,10^-28.0608,,,,,,,,,,,,,,,,,[934940],0
934940,1,934939,Gymnoscelis rufifasciata,"",eukaryota,false,,,,0.2239421476813366,2,,,91.8725,70.5,10^-28.0608,,,,,,,,,,,,,,,,,,0
934916,2,934916,Aplocera,"",eukaryota,false,,,,0.1119710738406683,1,,,91.667,36.0,10^-8.10892,,,,,,,,,,,,,,,,,[934917],0
934917,1,934916,Aplocera efformata,"",eukaryota,false,,,,0.1119710738406683,1,,,91.667,36.0,10^-8.10892,,,,,,,,,,,,,,,,,,0
934914,2,934914,Apeira,"",eukaryota,false,,,,0.1119710738406683,1,,,80.0,70.0,10^-16.0544,,,,,,,,,,,,,,,,,[934915],0
934915,1,934914,Apeira syringaria,"",eukaryota,false,,,,0.1119710738406683,1,,,80.0,70.0,10^-16.0544,,,,,,,,,,,,,,,,,,0
934907,2,934907,Camptogramma,"",eukaryota,false,,,,0.1119710738406683,1,,,88.136,59.0,10^-18.1872,,,,,,,,,,,,,,,,,[934908],0
934908,1,934907,Camptogramma bilineatum,"",eukaryota,false,,,,0.1119710738406683,1,,,88.136,59.0,10^-18.1872,,,,,,,,,,,,,,,,,,0
908468,2,908468,Trichoctosporea,"",eukaryota,false,,,,0.1119710738406683,1,,,95.312,64.0,10^-27.0722,,,,,,,,,,,,,,,,,[908469],0
908469,1,908468,Trichoctosporea pygopellita,"",eukaryota,false,,,,0.1119710738406683,1,,,95.312,64.0,10^-27.0722,,,,,,,,,,,,,,,,,,0
882791,2,882791,Luperina,"",eukaryota,false,,,,0.1119710738406683,1,,,94.595,37.0,10^-10.1556,,,,,,,,,,,,,,,,,[988174],0
988174,1,882791,Luperina testacea,"",eukaryota,false,,,,0.1119710738406683,1,,,94.595,37.0,10^-10.1556,,,,,,,,,,,,,,,,,,0
869551,2,869551,Calomera,"",eukaryota,false,,,,,,,,,,,,,,,,0.1119710738406683,1,,,96.0,25.0,10^-5.21968,,,,,[212438],0
212438,1,869551,Calomera chloris,"",eukaryota,false,,,,,,,,,,,,,,,,0.1119710738406683,1,,,96.0,25.0,10^-5.21968,,,,,,0
756023,2,756023,Xylogone,"",eukaryota,false,,,,,,,,,,,,,,,,0.1119710738406683,1,,,100.0,22.0,10^-5.92812,,,,,[2614602],0
2614602,1,756023,Xylogone sp. PMI_703,"",eukaryota,false,,,,,,,,,,,,,,,,0.1119710738406683,1,,,100.0,22.0,10^-5.92812,,,,,,0
753374,2,753374,Nematopogon,"",eukaryota,false,,,,0.1119710738406683,1,,,89.474,76.0,10^-28.37,,,,,,,,,,,,,,,,,[753375],0
753375,1,753374,Nematopogon swammerdamellus,"",eukaryota,false,,,,0.1119710738406683,1,,,89.474,76.0,10^-28.37,,,,,,,,,,,,,,,,,,0
749880,2,749880,Stagonosporopsis,"",eukaryota,false,,,,0.1119710738406683,1,,,92.727,55.0,10^-19.59,,,,,,,,,,,,,,,,,[2802321],0
2802321,1,749880,Stagonosporopsis rhizophila,"",eukaryota,false,,,,0.1119710738406683,1,,,92.727,55.0,10^-19.59,,,,,,,,,,,,,,,,,,0
721905,2,721905,Lycophotia,"",eukaryota,false,,,,0.1119710738406683,1,,,84.211,38.0,10^-5.3407,,,,,,,,,,,,,,,,,[987975],0
987975,1,721905,Lycophotia porphyrea,"",eukaryota,false,,,,0.1119710738406683,1,,,84.211,38.0,10^-5.3407,,,,,,,,,,,,,,,,,,0
721172,2,721172,Tetheella,"",eukaryota,false,,,,0.1119710738406683,1,,,91.837,49.0,10^-15.5231,,,,,,,,,,,,,,,,,[721173],0
721173,1,721172,Tetheella fluctuosa,"",eukaryota,false,,,,0.1119710738406683,1,,,91.837,49.0,10^-15.5231,,,,,,,,,,,,,,,,,,0
721162,2,721162,Thyatira,"",eukaryota,false,,,,0.1119710738406683,1,,,85.526,76.0,10^-24.2529,,,,,,,,,,,,,,,,,[721163],0
721163,1,721162,Thyatira batis,"",eukaryota,false,,,,0.1119710738406683,1,,,85.526,76.0,10^-24.2529,,,,,,,,,,,,,,,,,,0
708062,2,708062,Protodeltote,"",eukaryota,false,,,,0.1119710738406683,1,,,90.909,44.0,10^-12.1389,,,,,,,,,,,,,,,,,[708063],0
708063,1,708062,Protodeltote pygarga,"",eukaryota,false,,,,0.1119710738406683,1,,,90.909,44.0,10^-12.1389,,,,,,,,,,,,,,,,,,0
705803,2,705803,Panthiades,"",eukaryota,false,,,,,,,,,,,,,,,,0.1119710738406683,1,,,100.0,24.0,10^-8.0752,,,,,[1914923],0
1914923,1,705803,Panthiades aeolus,"",eukaryota,false,,,,,,,,,,,,,,,,0.1119710738406683,1,,,100.0,24.0,10^-8.0752,,,,,,0
695099,2,695099,Callimorpha,"",eukaryota,false,,,,0.1119710738406683,1,,,97.222,36.0,10^-10.8537,,,,,,,,,,,,,,,,,[938182],0
938182,1,695099,Callimorpha dominula,"",eukaryota,false,,,,0.1119710738406683,1,,,97.222,36.0,10^-10.8537,,,,,,,,,,,,,,,,,,0
694848,2,694848,Cybosia,"",eukaryota,false,,,,0.1119710738406683,1,,,92.308,52.0,10^-17.5558,,,,,,,,,,,,,,,,,[987918],0
987918,1,694848,Cybosia mesomella,"",eukaryota,false,,,,0.1119710738406683,1,,,92.308,52.0,10^-17.5558,,,,,,,,,,,,,,,,,,0
691882,2,691882,Fonticula,"",eukaryota,false,,,,0.1119710738406683,1,,,89.583,48.0,10^-13.4735,,,,,,,,,,,,,,,,,[691883],0
691883,1,691882,Fonticula alba,"",eukaryota,false,,,,0.1119710738406683,1,,,89.583,48.0,10^-13.4735,,,,,,,,,,,,,,,,,,0
688980,2,688980,Metalampra,"",eukaryota,false,,,,0.1119710738406683,1,,,90.789,76.0,10^-29.7423,,,,,,,,,,,,,,,,,[1101017],0
1101017,1,688980,Metalampra italica,"",eukaryota,false,,,,0.1119710738406683,1,,,90.789,76.0,10^-29.7423,,,,,,,,,,,,,,,,,,0
687520,2,687520,Nymphula,"",eukaryota,false,,,,0.1119710738406683,1,,,89.474,76.0,10^-28.37,,,,,,,,,,,,,,,,,[1594316],0
1594316,1,687520,Nymphula nitidulata,"",eukaryota,false,,,,0.1119710738406683,1,,,89.474,76.0,10^-28.37,,,,,,,,,,,,,,,,,,0
687315,2,687315,Carpatolechia,"",eukaryota,false,,,,0.33591322152200487,3,,,88.6767,58.6667,10^-17.9736,,,,,,,,,,,,,,,,,[687316],0
687316,1,687315,Carpatolechia fugitivella,"",eukaryota,false,,,,0.33591322152200487,3,,,88.6767,58.6667,10^-17.9736,,,,,,,,,,,,,,,,,,0
687147,2,687147,Ypsolopha,"",eukaryota,false,,,,0.1119710738406683,1,,,91.667,60.0,10^-21.6108,,,,,,,,,,,,,,,,,[1870436],0
1870436,1,687147,Ypsolopha sequella,"",eukaryota,false,,,,0.1119710738406683,1,,,91.667,60.0,10^-21.6108,,,,,,,,,,,,,,,,,,0
687130,2,687130,Scrobipalpa,"",eukaryota,false,,,,0.33591322152200487,3,,,87.189,54.3333,10^-15.0304,,,,,,,,,,,,,,,,,[1858070],0
1858070,1,687130,Scrobipalpa costella,"",eukaryota,false,,,,0.33591322152200487,3,,,87.189,54.3333,10^-15.0304,,,,,,,,,,,,,,,,,,0
687116,2,687116,Parapoynx,"",eukaryota,false,,,,0.1119710738406683,1,,,86.154,65.0,10^-19.5175,,,,,,,,,,,,,,,,,[1594321],0
1594321,1,687116,Parapoynx stratiotata,"",eukaryota,false,,,,0.1119710738406683,1,,,86.154,65.0,10^-19.5175,,,,,,,,,,,,,,,,,,0
685405,2,685405,Eurois,"",eukaryota,false,,,,0.1119710738406683,1,,,90.244,41.0,10^-10.111,,,,,,,,,,,,,,,,,[987425],0
987425,1,685405,Eurois occulta,"",eukaryota,false,,,,0.1119710738406683,1,,,90.244,41.0,10^-10.111,,,,,,,,,,,,,,,,,,0
673534,2,673534,Plantactinospora,"",bacteria,false,,,,0.2239421476813366,2,,,91.892,37.0,10^-8.78321,,,,,,,,,,,,,,,,,[2108470],0
2108470,1,673534,Plantactinospora sp. BC1,"",bacteria,false,,,,0.2239421476813366,2,,,91.892,37.0,10^-8.78321,,,,,,,,,,,,,,,,,,0
670516,2,670516,Mycobacteroides,"",bacteria,false,,,,0.1119710738406683,1,,,98.684,76.0,10^-37.9766,,,,,,0.1119710738406683,1,,,100.0,24.0,10^-5.61798,,,,,[36809],1
36809,1,670516,Mycobacteroides abscessus,"",bacteria,false,,,,0.1119710738406683,1,,,98.684,76.0,10^-37.9766,,,,,,0.1119710738406683,1,,,100.0,24.0,10^-5.61798,,,,,,1
637852,2,637852,Gongylonema,"",eukaryota,false,,,,,,,,,,,,,,,,0.1119710738406683,1,,,82.6,23.0,10^-5.85387,,,,,[637853],0
637853,1,637852,Gongylonema pulchrum,"",eukaryota,false,,,,,,,,,,,,,,,,0.1119710738406683,1,,,82.6,23.0,10^-5.85387,,,,,,0
637416,2,637416,Amphibalanus,"",eukaryota,false,,,,0.1119710738406683,1,,,89.13,46.0,10^-12.1196,,,,,,,,,,,,,,,,,[1232801],0
1232801,1,637416,Amphibalanus amphitrite,"",eukaryota,false,,,,0.1119710738406683,1,,,89.13,46.0,10^-12.1196,,,,,,,,,,,,,,,,,,0
604375,2,604375,Harpegnathos,"",eukaryota,false,,,,,,,,,,,,,,,,0.1119710738406683,1,,,100.0,24.0,10^-8.53462,,,,,[610380],0
610380,1,604375,Harpegnathos saltator,Jerdon's jumping ant,eukaryota,false,,,,,,,,,,,,,,,,0.1119710738406683,1,,,100.0,24.0,10^-8.53462,,,,,,0
596162,2,596162,Haploporus,"",eukaryota,false,,,,0.1119710738406683,1,,,100.0,76.0,10^-39.3489,,,,,,,,,,,,,,,,,[2753661],0
2753661,1,596162,Haploporus eichelbaumii,"",eukaryota,false,,,,0.1119710738406683,1,,,100.0,76.0,10^-39.3489,,,,,,,,,,,,,,,,,,0
587283,2,587283,Parahaemoproteus,"",eukaryota,false,,,,0.1119710738406683,1,,,100.0,76.0,10^-39.3489,,,,,,,,,,,,,,,,,[1699097],0
1699097,1,587283,Parahaemoproteus sp.,"",eukaryota,false,,,,0.1119710738406683,1,,,100.0,76.0,10^-39.3489,,,,,,,,,,,,,,,,,,0
581910,2,581910,Mecyna,"",eukaryota,false,,,,0.1119710738406683,1,,,97.368,38.0,10^-12.2026,,,,,,,,,,,,,,,,,[1502335],0
1502335,1,581910,Mecyna flavalis,"",eukaryota,false,,,,0.1119710738406683,1,,,97.368,38.0,10^-12.2026,,,,,,,,,,,,,,,,,,0
572908,2,572908,Udea,"",eukaryota,false,,,,0.1119710738406683,1,,,88.158,76.0,10^-26.9976,,,,,,,,,,,,,,,,,[1002971],0
1002971,1,572908,Udea olivalis,"",eukaryota,false,,,,0.1119710738406683,1,,,88.158,76.0,10^-26.9976,,,,,,,,,,,,,,,,,,0
572856,2,572856,Hemithea,"",eukaryota,false,,,,0.1119710738406683,1,,,100.0,41.0,10^-15.6005,,,,,,,,,,,,,,,,,[572857],0
572857,1,572856,Hemithea aestivaria,"",eukaryota,false,,,,0.1119710738406683,1,,,100.0,41.0,10^-15.6005,,,,,,,,,,,,,,,,,,0
572808,2,572808,Agriphila,"",eukaryota,false,,,,0.1119710738406683,1,,,87.719,57.0,10^-16.8298,,,,,,,,,,,,,,,,,[1660579],0
1660579,1,572808,Agriphila geniculea,"",eukaryota,false,,,,0.1119710738406683,1,,,87.719,57.0,10^-16.8298,,,,,,,,,,,,,,,,,,0
572722,2,572722,Nycteola,"",eukaryota,false,,,,0.2239421476813366,2,,,88.001,59.0,10^-17.5198,,,,,,,,,,,,,,,,,[988004],0
988004,1,572722,Nycteola revayana,"",eukaryota,false,,,,0.2239421476813366,2,,,88.001,59.0,10^-17.5198,,,,,,,,,,,,,,,,,,0
572712,2,572712,Eudonia,"",eukaryota,false,,,,0.1119710738406683,1,,,90.0,40.0,10^-9.43554,,,,,,,,,,,,,,,,,[753179],0
753179,1,572712,Eudonia truncicolella,"",eukaryota,false,,,,0.1119710738406683,1,,,90.0,40.0,10^-9.43554,,,,,,,,,,,,,,,,,,0
572704,2,572704,Apotomis,"",eukaryota,false,,,,0.1119710738406683,1,,,88.71,62.0,10^-20.2242,,,,,,,,,,,,,,,,,[1100915],0
1100915,1,572704,Apotomis betuletana,"",eukaryota,false,,,,0.1119710738406683,1,,,88.71,62.0,10^-20.2242,,,,,,,,,,,,,,,,,,0
569878,2,569878,Paraisaria,"",eukaryota,false,,,,0.1119710738406683,1,,,96.053,76.0,10^-35.2318,,,,,,,,,,,,,,,,,[2651840],0
2651840,1,569878,Paraisaria gracilis,"",eukaryota,false,,,,0.1119710738406683,1,,,96.053,76.0,10^-35.2318,,,,,,,,,,,,,,,,,,0
545366,2,545366,Hyposmocoma,"",eukaryota,false,,,,,,,,,,,,,,,,0.1119710738406683,1,,,88.0,25.0,10^-7.29843,,,,,[1477025],0
1477025,1,545366,Hyposmocoma kahamanoa,"",eukaryota,false,,,,,,,,,,,,,,,,0.1119710738406683,1,,,88.0,25.0,10^-7.29843,,,,,,0
544365,2,544365,Drina,"",eukaryota,false,,,,,,,,,,,,,,,,0.1119710738406683,1,,,83.3,24.0,10^-6.09313,,,,,[2820568],0
2820568,1,544365,Drina maneia,"",eukaryota,false,,,,,,,,,,,,,,,,0.1119710738406683,1,,,83.3,24.0,10^-6.09313,,,,,,0
542837,2,542837,Zindervirus,"",viruses,true,,,,,,,,,,,,,,,,2.9112479198573755,26,1,26,100.0,60.0,10^-39.0985,,,,,[194966],0
194966,1,542837,Zindervirus SP6,"",viruses,true,,,,,,,,,,,,,,,,2.9112479198573755,26,1,26,100.0,60.0,10^-39.0985,,,,,,0
531859,2,531859,Glonium,"",eukaryota,false,,,,,,,,,,,,,,,,0.1119710738406683,1,,,83.3,24.0,10^-3.91721,,,,,[574774],0
574774,1,531859,Glonium stellatum,"",eukaryota,false,,,,,,,,,,,,,,,,0.1119710738406683,1,,,83.3,24.0,10^-3.91721,,,,,,0
523929,2,523929,Dryococelus,"",eukaryota,false,,,,,,,,,,,,,,,,0.2239421476813366,2,,,80.95,24.0,10^-4.139,,,,,[614101],0
614101,1,523929,Dryococelus australis,"",eukaryota,false,,,,,,,,,,,,,,,,0.2239421476813366,2,,,80.95,24.0,10^-4.139,,,,,,0
511678,2,511678,Aliivibrio,"",bacteria,false,,,,,,,,,,,,,,,,0.1119710738406683,1,,,84.0,25.0,10^-6.67162,,,,,[668],0
668,1,511678,Aliivibrio fischeri,"",bacteria,false,,,,,,,,,,,,,,,,0.1119710738406683,1,,,84.0,25.0,10^-6.67162,,,,,,0
493657,2,493657,Alloplasta,"",eukaryota,false,,,,0.1119710738406683,1,,,92.308,39.0,10^-10.1327,,,,,,,,,,,,,,,,,[2870495],0
2870495,1,493657,Alloplasta piceator,"",eukaryota,false,,,,0.1119710738406683,1,,,92.308,39.0,10^-10.1327,,,,,,,,,,,,,,,,,,0
483019,2,483019,Lignosus,"",eukaryota,false,,,,0.1119710738406683,1,,,100.0,75.0,10^-38.6685,,,,,,,,,,,,,,,,,[483020],0
483020,1,483019,Lignosus rhinocerotis,"",eukaryota,false,,,,0.1119710738406683,1,,,100.0,75.0,10^-38.6685,,,,,,,,,,,,,,,,,,0
468766,2,468766,Neoitamus,"",eukaryota,false,,,,0.1119710738406683,1,,,93.617,47.0,10^-15.5412,,,,,,,,,,,,,,,,,[468767],0
468767,1,468766,Neoitamus cyanurus,"",eukaryota,false,,,,0.1119710738406683,1,,,93.617,47.0,10^-15.5412,,,,,,,,,,,,,,,,,,0
467773,2,467773,Emmelina,"",eukaryota,false,,,,0.1119710738406683,1,,,90.0,40.0,10^-9.43554,,,,,,,,,,,,,,,,,[467774],0
467774,1,467773,Emmelina monodactyla,morning-glory plume moth,eukaryota,false,,,,0.1119710738406683,1,,,90.0,40.0,10^-9.43554,,,,,,,,,,,,,,,,,,0
464722,2,464722,Eilema,"",eukaryota,false,,,,0.1119710738406683,1,,,88.679,53.0,10^-15.489,,,,,,,,,,,,,,,,,[987419],0
987419,1,464722,Eilema depressum,"",eukaryota,false,,,,0.1119710738406683,1,,,88.679,53.0,10^-15.489,,,,,,,,,,,,,,,,,,0
461702,2,461702,Pycnarthrum,"",eukaryota,false,,,,,,,,,,,,,,,,0.1119710738406683,1,,,95.8,24.0,10^-6.27084,,,,,[461703],0
461703,1,461702,Pycnarthrum hispidum,"",eukaryota,false,,,,,,,,,,,,,,,,0.1119710738406683,1,,,95.8,24.0,10^-6.27084,,,,,,0
454922,2,454922,Diachasma,"",eukaryota,false,,,,,,,,,,,,,,,,0.1119710738406683,1,,,95.8,24.0,10^-6.36957,,,,,[454923],0
454923,1,454922,Diachasma alloeum,"",eukaryota,false,,,,,,,,,,,,,,,,0.1119710738406683,1,,,95.8,24.0,10^-6.36957,,,,,,0
447792,2,447792,Phytobacter,"",bacteria,false,,,,,,,,,,,,,,,,0.1119710738406683,1,,,95.8,24.0,10^-6.5817,,,,,[395631],0
395631,1,447792,Phytobacter diazotrophicus,"",bacteria,false,,,,,,,,,,,,,,,,0.1119710738406683,1,,,95.8,24.0,10^-6.5817,,,,,,0
447591,2,447591,Oedothorax,"",eukaryota,false,,,,,,,,,,,,,,,,0.1119710738406683,1,,,83.3,24.0,10^-4.69897,,,,,[931172],0
931172,1,447591,Oedothorax gibbosus,"",eukaryota,false,,,,,,,,,,,,,,,,0.1119710738406683,1,,,83.3,24.0,10^-4.69897,,,,,,0
433085,2,433085,Brachypterus,"",eukaryota,false,,,,0.1119710738406683,1,,,79.545,44.0,10^-5.27703,,,,,,,,,,,,,,,,,[442081],0
442081,1,433085,Brachypterus glaber,"",eukaryota,false,,,,0.1119710738406683,1,,,79.545,44.0,10^-5.27703,,,,,,,,,,,,,,,,,,0
421402,2,421402,Pemphredon,"",eukaryota,false,,,,0.1119710738406683,1,,,81.667,60.0,10^-13.3766,,,,,,,,,,,,,,,,,[2495172],0
2495172,1,421402,Pemphredon lugubris,"",eukaryota,false,,,,0.1119710738406683,1,,,81.667,60.0,10^-13.3766,,,,,,,,,,,,,,,,,,0
416867,2,416867,Notospermus,"",eukaryota,false,,,,0.1119710738406683,1,,,97.561,41.0,10^-14.2281,,,,,,,,,,,,,,,,,[1519758],0
1519758,1,416867,Notospermus sp. MCZ IZ 135356,"",eukaryota,false,,,,0.1119710738406683,1,,,97.561,41.0,10^-14.2281,,,,,,,,,,,,,,,,,,0
415875,2,415875,Heliosperma,"",eukaryota,false,,,,,,,,,,,,,,,,0.1119710738406683,1,,,80.0,25.0,10^-6.61261,,,,,[39905],0
39905,1,415875,Heliosperma pusillum,"",eukaryota,false,,,,,,,,,,,,,,,,0.1119710738406683,1,,,80.0,25.0,10^-6.61261,,,,,,0
414933,2,414933,Phosphuga,"",eukaryota,false,,,,0.2239421476813366,2,,,92.2015,58.5,10^-19.9267,,,,,,,,,,,,,,,,,[414934],0
414934,1,414933,Phosphuga atrata,"",eukaryota,false,,,,0.2239421476813366,2,,,92.2015,58.5,10^-19.9267,,,,,,,,,,,,,,,,,,0
414813,2,414813,Epistrophella,"",eukaryota,false,,,,0.1119710738406683,1,,,88.136,59.0,10^-18.1872,,,,,,,,,,,,,,,,,[414814],0
414814,1,414813,Epistrophella euchroma,"",eukaryota,false,,,,0.1119710738406683,1,,,88.136,59.0,10^-18.1872,,,,,,,,,,,,,,,,,,0
413496,2,413496,Cronobacter,"",bacteria,false,,,,,,,,,,,,,,,,0.1119710738406683,1,,,96.0,25.0,10^-9.14997,,,,,[28141],1
28141,1,413496,Cronobacter sakazakii,"",bacteria,false,,,,,,,,,,,,,,,,0.1119710738406683,1,,,96.0,25.0,10^-9.14997,,,,,,1
411558,2,411558,Burgoa,"",eukaryota,false,,,,0.1119710738406683,1,,,97.368,76.0,10^-36.6042,,,,,,,,,,,,,,,,,[411691],0
411691,1,411558,Burgoa turficola,"",eukaryota,false,,,,0.1119710738406683,1,,,97.368,76.0,10^-36.6042,,,,,,,,,,,,,,,,,,0
405031,2,405031,Brenthis,"",eukaryota,false,,,,0.1119710738406683,1,,,93.939,66.0,10^-27.0589,,,,,,,,,,,,,,,,,[405033],0
405033,1,405031,Brenthis hecate,twin-spot fritillary,eukaryota,false,,,,0.1119710738406683,1,,,93.939,66.0,10^-27.0589,,,,,,,,,,,,,,,,,,0
378298,2,378298,Amphiduros,"",eukaryota,false,,,,0.1119710738406683,1,,,92.105,38.0,10^-9.45781,,,,,,,,,,,,,,,,,[1209993],0
1209993,1,378298,Amphiduros pacificus,"",eukaryota,false,,,,0.1119710738406683,1,,,92.105,38.0,10^-9.45781,,,,,,,,,,,,,,,,,,0
364409,2,364409,Granulibacter,"",bacteria,false,,,,0.2239421476813366,2,,,98.684,76.0,10^-37.9766,,,,,,,,,,,,,,,,,[364410],0
364410,1,364409,Granulibacter bethesdensis,"",bacteria,false,,,,0.2239421476813366,2,,,98.684,76.0,10^-37.9766,,,,,,,,,,,,,,,,,,0
345571,2,345571,Melanaphis,"",eukaryota,false,,,,,,,,,,,,,,,,0.1119710738406683,1,,,88.0,25.0,10^-6.75696,,,,,[742174],0
742174,1,345571,Melanaphis sacchari,"",eukaryota,false,,,,,,,,,,,,,,,,0.1119710738406683,1,,,88.0,25.0,10^-6.75696,,,,,,0
343581,2,343581,Hermetia,"",eukaryota,false,,,,0.4478842953626732,4,,,89.554,58.75,10^-18.724,,,,,,0.783797516884678,7,,,97.6714,24.5714,10^-5.96097,,,,,[343691],0
343691,1,343581,Hermetia illucens,black soldier fly,eukaryota,false,,,,0.4478842953626732,4,,,89.554,58.75,10^-18.724,,,,,,0.783797516884678,7,,,97.6714,24.5714,10^-5.96097,,,,,,0
335701,2,335701,Cafius,"",eukaryota,false,,,,,,,,,,,,,,,,0.1119710738406683,1,,,100.0,24.0,10^-6.94692,,,,,[1155503],0
1155503,1,335701,Cafius quadriimpressus,"",eukaryota,false,,,,,,,,,,,,,,,,0.1119710738406683,1,,,100.0,24.0,10^-6.94692,,,,,,0
329881,2,329881,Friedmanniomyces,"",eukaryota,false,,,,,,,,,,,,,,,,0.1119710738406683,1,,,100.0,25.0,10^-5.93181,,,,,[329885],0
329885,1,329881,Friedmanniomyces endolithicus,"",eukaryota,false,,,,,,,,,,,,,,,,0.1119710738406683,1,,,100.0,25.0,10^-5.93181,,,,,,0
329110,2,329110,Coquillettidia,"",eukaryota,false,,,,0.1119710738406683,1,,,94.667,75.0,10^-33.179,,,,,,,,,,,,,,,,,[2547966],0
2547966,1,329110,Coquillettidia buxtoni,"",eukaryota,false,,,,0.1119710738406683,1,,,94.667,75.0,10^-33.179,,,,,,,,,,,,,,,,,,0
322148,2,322148,Episeptum,"",eukaryota,false,,,,0.1119710738406683,1,,,97.368,38.0,10^-12.2026,,,,,,,,,,,,,,,,,[403907],0
403907,1,322148,Episeptum circumscriptum,"",eukaryota,false,,,,0.1119710738406683,1,,,97.368,38.0,10^-12.2026,,,,,,,,,,,,,,,,,,0
320465,2,320465,Aromia,"",eukaryota,false,,,,,,,,,,,,,,,,0.1119710738406683,1,,,100.0,24.0,10^-7.30892,,,,,[1265417],0
1265417,1,320465,Aromia moschata,"",eukaryota,false,,,,,,,,,,,,,,,,0.1119710738406683,1,,,100.0,24.0,10^-7.30892,,,,,,0
320087,2,320087,Euplexia,"",eukaryota,false,,,,0.1119710738406683,1,,,94.03,67.0,10^-27.7385,,,,,,,,,,,,,,,,,[987933],0
987933,1,320087,Euplexia lucipara,"",eukaryota,false,,,,0.1119710738406683,1,,,94.03,67.0,10^-27.7385,,,,,,,,,,,,,,,,,,0
320033,2,320033,Diarsia,"",eukaryota,false,,,,0.1119710738406683,1,,,91.892,37.0,10^-8.78321,,,,,,,,,,,,,,,,,[987923],0
987923,1,320033,Diarsia brunnea,"",eukaryota,false,,,,0.1119710738406683,1,,,91.892,37.0,10^-8.78321,,,,,,,,,,,,,,,,,,0
315556,2,315556,Clunio,"",eukaryota,false,,,,,,,,,,,,,,,,0.4478842953626732,4,,,97.9,24.25,10^-5.45854,,,,,[568069],0
568069,1,315556,Clunio marinus,"",eukaryota,false,,,,,,,,,,,,,,,,0.4478842953626732,4,,,97.9,24.25,10^-5.45854,,,,,,0
311453,2,311453,Anncaliia,"",eukaryota,false,,,,0.1119710738406683,1,,,93.22,59.0,10^-22.3043,,,,,,,,,,,,,,,,,[723287],1
723287,1,311453,Anncaliia algerae,"",eukaryota,false,,,,0.1119710738406683,1,,,93.22,59.0,10^-22.3043,,,,,,,,,,,,,,,,,,1
309470,2,309470,Coniocessia,"",eukaryota,false,,,,0.1119710738406683,1,,,100.0,73.0,10^-37.3079,,,,,,,,,,,,,,,,,[943265],0
943265,1,309470,Coniocessia maxima,"",eukaryota,false,,,,0.1119710738406683,1,,,100.0,73.0,10^-37.3079,,,,,,,,,,,,,,,,,,0
295699,2,295699,Malachius,"",eukaryota,false,,,,0.33591322152200487,3,,,92.473,60.3333,10^-22.2974,,,,,,,,,,,,,,,,,[295700],0
295700,1,295699,Malachius bipustulatus,"",eukaryota,false,,,,0.33591322152200487,3,,,92.473,60.3333,10^-22.2974,,,,,,,,,,,,,,,,,,0
295559,2,295559,Anacaena,"",eukaryota,false,,,,0.1119710738406683,1,,,94.737,38.0,10^-10.8302,,,,,,,,,,,,,,,,,[2055702],0
2055702,1,295559,Anacaena pui,"",eukaryota,false,,,,0.1119710738406683,1,,,94.737,38.0,10^-10.8302,,,,,,,,,,,,,,,,,,0
295523,2,295523,Derodontus,"",eukaryota,false,,,,,,,,,,,,,,,,0.1119710738406683,1,,,96.0,25.0,10^-9.35067,,,,,[2055390],0
2055390,1,295523,Derodontus sp. CSR091,"",eukaryota,false,,,,,,,,,,,,,,,,0.1119710738406683,1,,,96.0,25.0,10^-9.35067,,,,,,0
294691,2,294691,Psylliodes,"",eukaryota,false,,,,0.1119710738406683,1,,,89.362,47.0,10^-12.7964,,,,,,0.1119710738406683,1,,,96.0,25.0,10^-7.84164,,,,,[2598218],0
2598218,1,294691,Psylliodes chrysocephala,"",eukaryota,false,,,,0.1119710738406683,1,,,89.362,47.0,10^-12.7964,,,,,,0.1119710738406683,1,,,96.0,25.0,10^-7.84164,,,,,,0
292457,2,292457,Agriotes,"",eukaryota,false,,,,0.1119710738406683,1,,,85.333,75.0,10^-23.5724,,,,,,,,,,,,,,,,,[292458],0
292458,1,292457,Agriotes lineatus,"",eukaryota,false,,,,0.1119710738406683,1,,,85.333,75.0,10^-23.5724,,,,,,,,,,,,,,,,,,0
290403,2,290403,Eupeodes,"",eukaryota,false,,,,0.2239421476813366,2,,,98.684,37.5,10^-12.5514,,,,,,0.1119710738406683,1,,,100.0,23.0,10^-3.8041,,,,,[290404],0
290404,1,290403,Eupeodes corollae,"",eukaryota,false,,,,0.2239421476813366,2,,,98.684,37.5,10^-12.5514,,,,,,0.1119710738406683,1,,,100.0,23.0,10^-3.8041,,,,,,0
289461,2,289461,Occasjapyx,"",eukaryota,false,,,,0.1119710738406683,1,,,86.842,76.0,10^-25.6252,,,,,,,,,,,,,,,,,[289462],0
289462,1,289461,Occasjapyx japonicus,"",eukaryota,false,,,,0.1119710738406683,1,,,86.842,76.0,10^-25.6252,,,,,,,,,,,,,,,,,,0
289280,2,289280,Arctia,"",eukaryota,false,,,,,,,,,,,,,,,,0.1119710738406683,1,,,91.7,24.0,10^-5.39794,,,,,[874455],0
874455,1,289280,Arctia plantaginis,"",eukaryota,false,,,,,,,,,,,,,,,,0.1119710738406683,1,,,91.7,24.0,10^-5.39794,,,,,,0
288388,2,288388,Cerceris,"",eukaryota,false,,,,0.1119710738406683,1,,,94.737,38.0,10^-10.8302,,,,,,,,,,,,,,,,,[1167272],0
1167272,1,288388,Cerceris rybyensis,"",eukaryota,false,,,,0.1119710738406683,1,,,94.737,38.0,10^-10.8302,,,,,,,,,,,,,,,,,,0
287191,2,287191,Sesia,"",eukaryota,false,,,,0.1119710738406683,1,,,76.19,63.0,10^-9.92444,,,,,,,,,,,,,,,,,[287197],0
287197,1,287191,Sesia bembeciformis,"",eukaryota,false,,,,0.1119710738406683,1,,,76.19,63.0,10^-9.92444,,,,,,,,,,,,,,,,,,0
287107,2,287107,Apoda,"",eukaryota,false,,,,0.1119710738406683,1,,,86.111,36.0,10^-5.36418,,,,,,,,,,,,,,,,,[287200],0
287200,1,287107,Apoda limacodes,"",eukaryota,false,,,,0.1119710738406683,1,,,86.111,36.0,10^-5.36418,,,,,,,,,,,,,,,,,,0
286681,2,286681,Ramazzottius,"",eukaryota,false,,,,,,,,,,,,,,,,0.1119710738406683,1,,,80.0,25.0,10^-4.84164,,,,,[947166],0
947166,1,286681,Ramazzottius varieornatus,"",eukaryota,false,,,,,,,,,,,,,,,,0.1119710738406683,1,,,80.0,25.0,10^-4.84164,,,,,,0
286458,2,286458,Episyrphus,"",eukaryota,false,,,,0.2239421476813366,2,,,91.6355,47.5,10^-14.5182,,,,,,0.5598553692033414,5,,,92.68,24.4,10^-5.32432,,,,,[286459],0
286459,1,286458,Episyrphus balteatus,marmalade hoverfly,eukaryota,false,,,,0.2239421476813366,2,,,91.6355,47.5,10^-14.5182,,,,,,0.5598553692033414,5,,,92.68,24.4,10^-5.32432,,,,,,0
286455,2,286455,Conops,"",eukaryota,false,,,,0.2239421476813366,2,,,94.2855,48.0,10^-16.2243,,,,,,,,,,,,,,,,,[2823188],0
2823188,1,286455,Conops quadrifasciatus,"",eukaryota,false,,,,0.2239421476813366,2,,,94.2855,48.0,10^-16.2243,,,,,,,,,,,,,,,,,,0
270857,2,270857,Neodiprion,"",eukaryota,false,,,,,,,,,,,,,,,,0.1119710738406683,1,,,100.0,24.0,10^-5.284,,,,,[2961670],0
2961670,1,270857,Neodiprion virginianus,"",eukaryota,false,,,,,,,,,,,,,,,,0.1119710738406683,1,,,100.0,24.0,10^-5.284,,,,,,0
264000,2,264000,Elmerina,"",eukaryota,false,,,,0.1119710738406683,1,,,98.684,76.0,10^-37.9766,,,,,,,,,,,,,,,,,[1967127],0
1967127,1,264000,Elmerina sp.,"",eukaryota,false,,,,0.1119710738406683,1,,,98.684,76.0,10^-37.9766,,,,,,,,,,,,,,,,,,0
263139,2,263139,Sitodiplosis,"",eukaryota,false,,,,,,,,,,,,,,,,0.6718264430440097,6,,,93.7667,24.3333,10^-6.26079,,,,,[263140],0
263140,1,263139,Sitodiplosis mosellana,orange wheat blossom midge,eukaryota,false,,,,,,,,,,,,,,,,0.6718264430440097,6,,,93.7667,24.3333,10^-6.26079,,,,,,0
262437,2,262437,Agonopterix,"",eukaryota,false,,,,0.1119710738406683,1,,,90.411,73.0,10^-27.7013,,,,,,,,,,,,,,,,,[1857958],0
1857958,1,262437,Agonopterix subpropinquella,"",eukaryota,false,,,,0.1119710738406683,1,,,90.411,73.0,10^-27.7013,,,,,,,,,,,,,,,,,,0
254717,2,254717,Chrysodeixis,"",eukaryota,false,,,,0.1119710738406683,1,,,86.957,46.0,10^-10.7472,,,,,,,,,,,,,,,,,[689277],0
689277,1,254717,Chrysodeixis includens,soybean looper,eukaryota,false,,,,0.1119710738406683,1,,,86.957,46.0,10^-10.7472,,,,,,,,,,,,,,,,,,0
249497,2,249497,Balanococcus,"",eukaryota,false,,,,0.1119710738406683,1,,,82.5,40.0,10^-5.31842,,,,,,,,,,,,,,,,,[249498],0
249498,1,249497,Balanococcus diminutus,"",eukaryota,false,,,,0.1119710738406683,1,,,82.5,40.0,10^-5.31842,,,,,,,,,,,,,,,,,,0
248453,2,248453,Apolygus,"",eukaryota,false,,,,,,,,,,,,,,,,0.1119710738406683,1,,,83.3,24.0,10^-4.4389,,,,,[248454],0
248454,1,248453,Apolygus lucorum,"",eukaryota,false,,,,,,,,,,,,,,,,0.1119710738406683,1,,,83.3,24.0,10^-4.4389,,,,,,0
247604,2,247604,Machimus,"",eukaryota,false,,,,0.1119710738406683,1,,,86.111,72.0,10^-22.904,,,,,,,,,,,,,,,,,[2794001],0
2794001,1,247604,Machimus atricapillus,"",eukaryota,false,,,,0.1119710738406683,1,,,86.111,72.0,10^-22.904,,,,,,,,,,,,,,,,,,0
247414,2,247414,Ophonus,"",eukaryota,false,,,,0.5598553692033414,5,,,90.526,55.4,10^-18.2225,,,,,,,,,,,,,,,,,[247415],0
247415,1,247414,Ophonus ardosiacus,"",eukaryota,false,,,,0.5598553692033414,5,,,90.526,55.4,10^-18.2225,,,,,,,,,,,,,,,,,,0
242508,2,242508,Dothistroma,"",eukaryota,false,,,,,,,,,,,,,,,,0.1119710738406683,1,,,100.0,25.0,10^-8.10182,,,,,[64363],0
64363,1,242508,Dothistroma septosporum,"",eukaryota,false,,,,,,,,,,,,,,,,0.1119710738406683,1,,,100.0,25.0,10^-8.10182,,,,,,0
237584,2,237584,Teratosphaeria,"",eukaryota,false,,,,,,,,,,,,,,,,0.1119710738406683,1,,,100.0,25.0,10^-6.4698,,,,,[418781],0
418781,1,237584,Teratosphaeria destructans,"",eukaryota,false,,,,,,,,,,,,,,,,0.1119710738406683,1,,,100.0,25.0,10^-6.4698,,,,,,0
231886,2,231886,Amblyteles,"",eukaryota,false,,,,0.1119710738406683,1,,,94.643,56.0,10^-21.6407,,,,,,,,,,,,,,,,,[231887],0
231887,1,231886,Amblyteles armatorius,"",eukaryota,false,,,,0.1119710738406683,1,,,94.643,56.0,10^-21.6407,,,,,,,,,,,,,,,,,,0
231623,2,231623,Rotaria,"",eukaryota,false,,,,,,,,,,,,,,,,0.33591322152200487,3,,,100.0,24.6667,10^-8.39326,,,,,[392030],0
392030,1,231623,Rotaria magnacalcarata,"",eukaryota,false,,,,,,,,,,,,,,,,0.33591322152200487,3,,,100.0,24.6667,10^-8.39326,,,,,,0
226159,2,226159,Portevinia,"",eukaryota,false,,,,0.1119710738406683,1,,,86.047,43.0,10^-8.71794,,,,,,,,,,,,,,,,,[226160],0
226160,1,226159,Portevinia maculata,"",eukaryota,false,,,,0.1119710738406683,1,,,86.047,43.0,10^-8.71794,,,,,,,,,,,,,,,,,,0
226146,2,226146,Blera,"",eukaryota,false,,,,0.1119710738406683,1,,,97.222,36.0,10^-10.8537,,,,,,,,,,,,,,,,,[226147],0
226147,1,226146,Blera fallax,"",eukaryota,false,,,,0.1119710738406683,1,,,97.222,36.0,10^-10.8537,,,,,,,,,,,,,,,,,,0
224240,2,224240,Xylota,"",eukaryota,false,,,,0.1119710738406683,1,,,88.889,72.0,10^-25.6487,,,,,,,,,,,,,,,,,[374264],0
374264,1,224240,Xylota sylvarum,"",eukaryota,false,,,,0.1119710738406683,1,,,88.889,72.0,10^-25.6487,,,,,,,,,,,,,,,,,,0
224132,2,224132,Phyllotreta,"",eukaryota,false,,,,0.2239421476813366,2,,,90.6935,45.0,10^-12.1361,,,,,,,,,,,,,,,,,"[444603, 224133]",0
444603,1,224132,Phyllotreta striolata,"",eukaryota,false,,,,0.1119710738406683,1,,,86.792,53.0,10^-14.1166,,,,,,,,,,,,,,,,,,0
224133,1,224132,Phyllotreta cruciferae,"",eukaryota,false,,,,0.1119710738406683,1,,,94.595,37.0,10^-10.1556,,,,,,,,,,,,,,,,,,0
221904,2,221904,Hydrotaea,"",eukaryota,false,,,,0.1119710738406683,1,,,86.842,76.0,10^-25.6252,,,,,,,,,,,,,,,,,[559647],0
559647,1,221904,Hydrotaea cyrtoneurina,"",eukaryota,false,,,,0.1119710738406683,1,,,86.842,76.0,10^-25.6252,,,,,,,,,,,,,,,,,,0
220872,2,220872,Tegillarca,"",eukaryota,false,,,,,,,,,,,,,,,,0.1119710738406683,1,,,84.0,25.0,10^-7.80134,,,,,[220873],0
220873,1,220872,Tegillarca granosa,"",eukaryota,false,,,,,,,,,,,,,,,,0.1119710738406683,1,,,84.0,25.0,10^-7.80134,,,,,,0
219549,2,219549,Suillia,"",eukaryota,false,,,,0.33591322152200487,3,,,87.8557,61.0,10^-18.6365,,,,,,,,,,,,,,,,,[1230148],0
1230148,1,219549,Suillia variegata,"",eukaryota,false,,,,0.33591322152200487,3,,,87.8557,61.0,10^-18.6365,,,,,,,,,,,,,,,,,,0
219541,2,219541,Dermestes,"",eukaryota,false,,,,,,,,,,,,,,,,0.1119710738406683,1,,,96.0,25.0,10^-6.22403,,,,,[1546019],0
1546019,1,219541,Dermestes ater,"",eukaryota,false,,,,,,,,,,,,,,,,0.1119710738406683,1,,,96.0,25.0,10^-6.22403,,,,,,0
219389,2,219389,Tiphia,"",eukaryota,false,,,,0.1119710738406683,1,,,87.179,39.0,10^-7.38798,,,,,,,,,,,,,,,,,[330862],0
330862,1,219389,Tiphia femorata,"",eukaryota,false,,,,0.1119710738406683,1,,,87.179,39.0,10^-7.38798,,,,,,,,,,,,,,,,,,0
219336,2,219336,Siphlonurus,"",eukaryota,false,,,,0.33591322152200487,3,,,94.2493,50.0,10^-16.6846,,,,,,,,,,,,,,,,,[248243],0
248243,1,219336,Siphlonurus alternatus,"",eukaryota,false,,,,0.33591322152200487,3,,,94.2493,50.0,10^-16.6846,,,,,,,,,,,,,,,,,,0
218770,2,218770,Thymelicus,"",eukaryota,false,,,,0.1119710738406683,1,,,86.842,76.0,10^-25.6252,,,,,,,,,,,,,,,,,[272628],0
272628,1,218770,Thymelicus sylvestris,small skipper,eukaryota,false,,,,0.1119710738406683,1,,,86.842,76.0,10^-25.6252,,,,,,,,,,,,,,,,,,0
218734,2,218734,Hesperia,"",eukaryota,false,,,,0.1119710738406683,1,,,88.158,76.0,10^-26.9976,,,,,,,,,,,,,,,,,[291688],0
291688,1,218734,Hesperia comma,common branded skipper,eukaryota,false,,,,0.1119710738406683,1,,,88.158,76.0,10^-26.9976,,,,,,,,,,,,,,,,,,0
214313,2,214313,Polia,"",eukaryota,false,,,,0.1119710738406683,1,,,89.091,55.0,10^-16.8453,,,,,,,,,,,,,,,,,[988024],0
988024,1,214313,Polia nebulosa,"",eukaryota,false,,,,0.1119710738406683,1,,,89.091,55.0,10^-16.8453,,,,,,,,,,,,,,,,,,0
214282,2,214282,Ochropleura,"",eukaryota,false,,,,0.1119710738406683,1,,,89.189,37.0,10^-7.41084,,,,,,,,,,,,,,,,,[320037],0
320037,1,214282,Ochropleura plecta,"",eukaryota,false,,,,0.1119710738406683,1,,,89.189,37.0,10^-7.41084,,,,,,,,,,,,,,,,,,0
214280,2,214280,Notodonta,"",eukaryota,false,,,,0.2239421476813366,2,,,92.575,55.5,10^-19.9356,,,,,,,,,,,,,,,,,"[988002, 753204]",0
988002,1,214280,Notodonta ziczac,"",eukaryota,false,,,,0.1119710738406683,1,,,91.304,46.0,10^-13.492,,,,,,,,,,,,,,,,,,0
753204,1,214280,Notodonta dromedarius,"",eukaryota,false,,,,0.1119710738406683,1,,,93.846,65.0,10^-26.3793,,,,,,,,,,,,,,,,,,0
214137,2,214137,Eupithecia,"",eukaryota,false,,,,0.2239421476813366,2,,,93.6335,49.0,10^-16.2185,,,,,,,,,,,,,,,,,"[986977, 934860]",0
986977,1,214137,Eupithecia insigniata,"",eukaryota,false,,,,0.1119710738406683,1,,,89.831,59.0,10^-19.5595,,,,,,,,,,,,,,,,,,0
934860,1,214137,Eupithecia tripunctaria,"",eukaryota,false,,,,0.1119710738406683,1,,,97.436,39.0,10^-12.8775,,,,,,,,,,,,,,,,,,0
214132,2,214132,Eulithis,"",eukaryota,false,,,,0.1119710738406683,1,,,88.158,76.0,10^-26.9976,,,,,,,,,,,,,,,,,[326959],0
326959,1,214132,Eulithis testata,"",eukaryota,false,,,,0.1119710738406683,1,,,88.158,76.0,10^-26.9976,,,,,,,,,,,,,,,,,,0
210245,2,210245,Acrocera,"",eukaryota,false,,,,0.2239421476813366,2,,,84.5795,72.0,10^-21.532,,,,,,,,,,,,,,,,,[210248],0
210248,1,210245,Acrocera orbiculus,"",eukaryota,false,,,,0.2239421476813366,2,,,84.5795,72.0,10^-21.532,,,,,,,,,,,,,,,,,,0
209260,2,209260,Swaminathania,"",bacteria,false,,,,0.1119710738406683,1,,,98.684,76.0,10^-37.9766,,,,,,0.1119710738406683,1,,,100.0,24.0,10^-5.41117,,,,,[182838],0
182838,1,209260,Swaminathania salitolerans,"",bacteria,false,,,,0.1119710738406683,1,,,98.684,76.0,10^-37.9766,,,,,,0.1119710738406683,1,,,100.0,24.0,10^-5.41117,,,,,,0
204943,2,204943,Cryptocephalus,"",eukaryota,false,,,,0.1119710738406683,1,,,89.362,47.0,10^-12.7964,,,,,,,,,,,,,,,,,[204949],0
204949,1,204943,Cryptocephalus moraei,"",eukaryota,false,,,,0.1119710738406683,1,,,89.362,47.0,10^-12.7964,,,,,,,,,,,,,,,,,,0
202696,2,202696,Jaapia,"",eukaryota,false,,,,,,,,,,,,,,,,0.1119710738406683,1,,,87.5,24.0,10^-5.80967,,,,,[202697],0
202697,1,202696,Jaapia argillacea,"",eukaryota,false,,,,,,,,,,,,,,,,0.1119710738406683,1,,,87.5,24.0,10^-5.80967,,,,,,0
202694,2,202694,Phellodon,"",eukaryota,false,,,,0.1119710738406683,1,,,100.0,76.0,10^-39.3489,,,,,,,,,,,,,,,,,[2893894],0
2893894,1,202694,Phellodon perchocolatus,"",eukaryota,false,,,,0.1119710738406683,1,,,100.0,76.0,10^-39.3489,,,,,,,,,,,,,,,,,,0
200916,2,200916,Acanthoscelides,"",eukaryota,false,,,,,,,,,,,,,,,,0.1119710738406683,1,,,96.0,25.0,10^-7.47886,,,,,[200917],0
200917,1,200916,Acanthoscelides obtectus,"",eukaryota,false,,,,,,,,,,,,,,,,0.1119710738406683,1,,,96.0,25.0,10^-7.47886,,,,,,0
198633,2,198633,Eristalis,"",eukaryota,false,,,,0.6718264430440097,6,,,88.8398,52.0,10^-14.8187,,,,,,,,,,,,,,,,,"[1124515, 198635]",0
1124515,1,198633,Eristalis arbustorum,"",eukaryota,false,,,,0.4478842953626732,4,,,90.07,53.5,10^-16.5214,,,,,,,,,,,,,,,,,,0
198635,1,198633,Eristalis tenax,drone fly,eukaryota,false,,,,0.2239421476813366,2,,,86.3795,49.0,10^-11.4134,,,,,,,,,,,,,,,,,,0
197151,2,197151,Cloeon,"",eukaryota,false,,,,,,,,,,,,,,,,0.33591322152200487,3,,,96.0,25.0,10^-5.5899,,,,,[197152],0
197152,1,197151,Cloeon dipterum,"",eukaryota,false,,,,,,,,,,,,,,,,0.33591322152200487,3,,,96.0,25.0,10^-5.5899,,,,,,0
195882,2,195882,Laodelphax,"",eukaryota,false,,,,,,,,,,,,,,,,0.2239421476813366,2,,,91.5,24.0,10^-3.49479,,,,,[195883],0
195883,1,195882,Laodelphax striatellus,small brown planthopper,eukaryota,false,,,,,,,,,,,,,,,,0.2239421476813366,2,,,91.5,24.0,10^-3.49479,,,,,,0
195164,2,195164,Agrilus,"",eukaryota,false,,,,0.1119710738406683,1,,,91.304,46.0,10^-13.492,,,,,,0.1119710738406683,1,,,91.7,24.0,10^-5.29499,,,,,[224129],0
224129,1,195164,Agrilus planipennis,emerald ash borer,eukaryota,false,,,,0.1119710738406683,1,,,91.304,46.0,10^-13.492,,,,,,0.1119710738406683,1,,,91.7,24.0,10^-5.29499,,,,,,0
192486,2,192486,Condylostylus,"",eukaryota,false,,,,,,,,,,,,,,,,0.6718264430440097,6,,,96.6167,24.0,10^-5.65981,,,,,[2530218],0
2530218,1,192486,Condylostylus longicornis,"",eukaryota,false,,,,,,,,,,,,,,,,0.6718264430440097,6,,,96.6167,24.0,10^-5.65981,,,,,,0
192444,2,192444,Platycheirus,"",eukaryota,false,,,,0.1119710738406683,1,,,92.105,76.0,10^-31.1147,,,,,,,,,,,,,,,,,[414846],0
414846,1,192444,Platycheirus albimanus,"",eukaryota,false,,,,0.1119710738406683,1,,,92.105,76.0,10^-31.1147,,,,,,,,,,,,,,,,,,0
190765,2,190765,Ochlerotatus,"",eukaryota,false,,,,1971.2507549649654,17605,7,15706,98.8086,501.223,10^-237.126,,,,,,8.397830538050123,75,1,44,82.8693,53.3784,10^-24.2488,,,,,"[2863126, 2795831, 1640878, 1205936, 1197337, 873164, 743691, 658031, 571210, 569589, 329105, 310513, 228918, 173086, 120878, 120877, 120870, 7162]",0
2863126,1,190765,Ochlerotatus euplocamus,"",eukaryota,false,,,,0.2239421476813366,2,,,100.0,70.0,10^-35.2675,,,,,,,,,,,,,,,,,,0
2795831,1,190765,Ochlerotatus stigmaticus,"",eukaryota,false,,,,0.2239421476813366,2,,,91.803,61.0,10^-22.2898,,,,,,,,,,,,,,,,,,0
1640878,1,190765,Ochlerotatus pertinax,"",eukaryota,false,,,,1490.4469638931357,13311,1,13310,99.0803,652.906,10^-307.608,,,,,,,,,,,,,,,,,,0
1205936,1,190765,Ochlerotatus atlanticus,"",eukaryota,false,,,,0.1119710738406683,1,,,100.0,55.0,10^-25.0795,,,,,,,,,,,,,,,,,,0
1197337,1,190765,Ochlerotatus theobaldi,"",eukaryota,false,,,,0.1119710738406683,1,,,61.224,98.0,10^-2.18452,,,,,,0.1119710738406683,1,,,92.0,25.0,10^-6.64016,,,,,,0
873164,1,190765,Ochlerotatus serratus,"",eukaryota,false,,,,306.5768001757498,2738,2,1535,98.9737,202.701,10^-102.137,,,,,,,,,,,,,,,,,,0
743691,1,190765,Ochlerotatus fitchii,"",eukaryota,false,,,,0.1119710738406683,1,,,100.0,47.0,10^-19.6583,,,,,,,,,,,,,,,,,,0
658031,1,190765,Ochlerotatus fluviatilis,"",eukaryota,false,,,,0.1119710738406683,1,,,90.909,44.0,10^-12.1389,,,,,,0.5598553692033414,5,,,94.3,24.2,10^-6.08193,,,,,,0
571210,1,190765,Ochlerotatus scapularis,"",eukaryota,false,,,,59.3446691355542,530,,,99.1401,72.3419,10^-35.9771,,,,,,,,,,,,,,,,,,0
569589,1,190765,Ochlerotatus vigilax,"",eukaryota,false,,,,0.2239421476813366,2,,,90.159,62.0,10^-21.6002,,,,,,0.2239421476813366,2,,,89.65,24.5,10^-6.60552,,,,,,0
329105,1,190765,Ochlerotatus taeniorhynchus,"",eukaryota,false,,,,15.22806604233089,136,2,95,92.9625,99.1029,10^-34.0669,,,,,,6.046437987396088,54,1,44,79.0024,64.8302,10^-31.7472,,,,,,0
310513,1,190765,Ochlerotatus sollicitans,eastern saltmarsh mosquito,eukaryota,false,,,,0.4478842953626732,4,,,92.4962,73.25,10^-29.9306,,,,,,0.33591322152200487,3,,,95.9,24.6667,10^-5.34804,,,,,,0
228918,1,190765,Ochlerotatus trivittatus,"",eukaryota,false,,,,33.927235373722496,303,1,209,98.6322,212.984,10^-103.134,,,,,,0.1119710738406683,1,,,88.0,25.0,10^-5.65956,,,,,,0
173086,1,190765,Ochlerotatus epactius,"",eukaryota,false,,,,,,,,,,,,,,,,0.2239421476813366,2,,,90.0,25.0,10^-4.36336,,,,,,0
120878,1,190765,Ochlerotatus sticticus,"",eukaryota,false,,,,0.2239421476813366,2,,,98.0085,75.5,10^-36.9502,,,,,,,,,,,,,,,,,,0
120877,1,190765,Ochlerotatus rusticus,"",eukaryota,false,,,,0.2239421476813366,2,,,94.061,75.5,10^-32.833,,,,,,,,,,,,,,,,,,0
120870,1,190765,Ochlerotatus caspius,"",eukaryota,false,,,,0.4478842953626732,4,,,95.3945,76.0,10^-34.5456,,,,,,0.33591322152200487,3,,,93.0333,24.0,10^-4.7843,,,,,,0
7162,1,190765,Ochlerotatus triseriatus,"",eukaryota,false,,,,63.26365671997759,565,1,557,96.2641,295.866,10^-134.346,,,,,,0.4478842953626732,4,,,91.9,24.5,10^-4.19183,,,,,,0
190365,2,190365,Timandra,"",eukaryota,false,,,,0.1119710738406683,1,,,94.915,59.0,10^-23.6766,,,,,,,,,,,,,,,,,[190366],0
190366,1,190365,Timandra comae,"",eukaryota,false,,,,0.1119710738406683,1,,,94.915,59.0,10^-23.6766,,,,,,,,,,,,,,,,,,0
189907,2,189907,Leptidea,"",eukaryota,false,,,,,,,,,,,,,,,,0.1119710738406683,1,,,84.0,25.0,10^-4.66154,,,,,[189913],0
189913,1,189907,Leptidea sinapis,"",eukaryota,false,,,,,,,,,,,,,,,,0.1119710738406683,1,,,84.0,25.0,10^-4.66154,,,,,,0
186666,2,186666,Errantivirus,"",viruses,false,,,,,,,,,,,,,,,,0.1119710738406683,1,,,83.3,24.0,10^-4.3279,,,,,[2552986],0
2552986,1,186666,Lampyris noctiluca errantivirus 1,"",viruses,false,,,,,,,,,,,,,,,,0.1119710738406683,1,,,83.3,24.0,10^-4.3279,,,,,,0
185820,2,185820,Epeorus,"",eukaryota,false,,,,,,,,,,,,,,,,0.1119710738406683,1,,,91.7,24.0,10^-6.08938,,,,,[2783890],0
2783890,1,185820,Epeorus dayongensis,"",eukaryota,false,,,,,,,,,,,,,,,,0.1119710738406683,1,,,91.7,24.0,10^-6.08938,,,,,,0
184430,2,184430,Coprinellus,"",eukaryota,false,,,,0.1119710738406683,1,,,98.684,76.0,10^-37.9766,,,,,,,,,,,,,,,,,[71717],0
71717,1,184430,Coprinellus micaceus,"",eukaryota,false,,,,0.1119710738406683,1,,,98.684,76.0,10^-37.9766,,,,,,,,,,,,,,,,,,0
178771,2,178771,Empis,"",eukaryota,false,,,,0.1119710738406683,1,,,93.617,47.0,10^-15.5412,,,,,,,,,,,,,,,,,[2484550],0
2484550,1,178771,Empis stercorea,"",eukaryota,false,,,,0.1119710738406683,1,,,93.617,47.0,10^-15.5412,,,,,,,,,,,,,,,,,,0
178049,2,178049,Nomia,"",eukaryota,false,,,,,,,,,,,,,,,,0.1119710738406683,1,,,76.0,25.0,10^-3.08619,,,,,[2448451],0
2448451,1,178049,Nomia melanderi,Alkali bee,eukaryota,false,,,,,,,,,,,,,,,,0.1119710738406683,1,,,76.0,25.0,10^-3.08619,,,,,,0
178032,2,178032,Dufourea,"",eukaryota,false,,,,,,,,,,,,,,,,0.33591322152200487,3,,,98.6667,25.0,10^-6.39467,,,,,[178035],0
178035,1,178032,Dufourea novaeangliae,"",eukaryota,false,,,,,,,,,,,,,,,,0.33591322152200487,3,,,98.6667,25.0,10^-6.39467,,,,,,0
177787,2,177787,Odontocerum,"",eukaryota,false,,,,0.1119710738406683,1,,,88.889,72.0,10^-25.6487,,,,,,,,,,,,,,,,,[446452],0
446452,1,177787,Odontocerum albicorne,"",eukaryota,false,,,,0.1119710738406683,1,,,88.889,72.0,10^-25.6487,,,,,,,,,,,,,,,,,,0
177627,2,177627,Agapetus,"",eukaryota,false,,,,0.33591322152200487,3,,,91.0963,52.0,10^-16.6619,,,,,,,,,,,,,,,,,[1271715],0
1271715,1,177627,Agapetus fuscipes,"",eukaryota,false,,,,0.33591322152200487,3,,,91.0963,52.0,10^-16.6619,,,,,,,,,,,,,,,,,,0
176612,2,176612,Smallanthus,"",eukaryota,false,,,,,,,,,,,,,,,,0.1119710738406683,1,,,84.0,25.0,10^-6.39469,,,,,[185202],0
185202,1,176612,Smallanthus sonchifolius,"",eukaryota,false,,,,,,,,,,,,,,,,0.1119710738406683,1,,,84.0,25.0,10^-6.39469,,,,,,0
175660,2,175660,Pyrrhoderma,"",eukaryota,false,,,,0.1119710738406683,1,,,97.297,74.0,10^-35.2434,,,,,,,,,,,,,,,,,[2282107],0
2282107,1,175660,Pyrrhoderma noxium,"",eukaryota,false,,,,0.1119710738406683,1,,,97.297,74.0,10^-35.2434,,,,,,,,,,,,,,,,,,0
175340,2,175340,Stegodyphus,"",eukaryota,false,,,,,,,,,,,,,,,,0.1119710738406683,1,,,87.5,24.0,10^-6.87943,,,,,[407821],0
407821,1,175340,Stegodyphus mimosarum,"",eukaryota,false,,,,,,,,,,,,,,,,0.1119710738406683,1,,,87.5,24.0,10^-6.87943,,,,,,0
174825,2,174825,Culiseta,"",eukaryota,false,,,,0.2239421476813366,2,,,93.602,69.0,10^-28.4131,,,,,,0.1119710738406683,1,,,87.5,24.0,10^-5.82391,,,,,[332058],0
332058,1,174825,Culiseta annulata,"",eukaryota,false,,,,0.2239421476813366,2,,,93.602,69.0,10^-28.4131,,,,,,0.1119710738406683,1,,,87.5,24.0,10^-5.82391,,,,,,0
174684,2,174684,Ordospora,"",eukaryota,false,,,,0.1119710738406683,1,,,92.0,50.0,10^-16.2005,,,,,,,,,,,,,,,,,[174685],0
174685,1,174684,Ordospora colligata,"",eukaryota,false,,,,0.1119710738406683,1,,,92.0,50.0,10^-16.2005,,,,,,,,,,,,,,,,,,0
174620,2,174620,Wyeomyia,"",eukaryota,false,,,,30.79204530618378,275,1,121,92.3825,57.5803,10^-16.5635,,,,,,38.29410725350856,342,1,8,91.0138,25.2735,10^-5.83525,,,,,[174621],0
174621,1,174620,Wyeomyia smithii,pitcher-plant mosquito,eukaryota,false,,,,30.79204530618378,275,1,121,92.3825,57.5803,10^-16.5635,,,,,,38.29410725350856,342,1,8,91.0138,25.2735,10^-5.83525,,,,,,0
173981,2,173981,Cheilosia,"",eukaryota,false,,,,0.6718264430440097,6,,,91.046,56.1667,10^-18.3397,,,,,,,,,,,,,,,,,"[423616, 273439, 273409, 173985]",0
423616,1,173981,Cheilosia vernalis,"",eukaryota,false,,,,0.1119710738406683,1,,,87.097,62.0,10^-18.8518,,,,,,,,,,,,,,,,,,0
273439,1,173981,Cheilosia impressa,"",eukaryota,false,,,,0.2239421476813366,2,,,93.455,57.5,10^-20.6237,,,,,,,,,,,,,,,,,,0
273409,1,173981,Cheilosia vulpina,"",eukaryota,false,,,,0.1119710738406683,1,,,97.222,36.0,10^-10.8537,,,,,,,,,,,,,,,,,,0
173985,1,173981,Cheilosia urbana,"",eukaryota,false,,,,0.2239421476813366,2,,,87.5235,62.0,10^-19.5426,,,,,,,,,,,,,,,,,,0
173784,2,173784,Cephus,"",eukaryota,false,,,,,,,,,,,,,,,,0.1119710738406683,1,,,84.0,25.0,10^-5.65561,,,,,[211228],0
211228,1,173784,Cephus cinctus,wheat stem sawfly,eukaryota,false,,,,,,,,,,,,,,,,0.1119710738406683,1,,,84.0,25.0,10^-5.65561,,,,,,0
172845,2,172845,Caerostris,"",eukaryota,false,,,,,,,,,,,,,,,,0.1119710738406683,1,,,80.0,25.0,10^-3.10902,,,,,[172846],0
172846,1,172845,Caerostris extrusa,"",eukaryota,false,,,,,,,,,,,,,,,,0.1119710738406683,1,,,80.0,25.0,10^-3.10902,,,,,,0
169466,2,169466,Coelopa,"",eukaryota,false,,,,0.4478842953626732,4,,,86.701,55.75,10^-15.3013,,,,,,,,,,,,,,,,,[169500],0
169500,1,169466,Coelopa pilipes,"",eukaryota,false,,,,0.4478842953626732,4,,,86.701,55.75,10^-15.3013,,,,,,,,,,,,,,,,,,0
167346,2,167346,Fomitiporia,"",eukaryota,false,,,,,,,,,,,,,,,,0.2239421476813366,2,,,95.8,24.0,10^-6.98716,,,,,[208960],0
208960,1,167346,Fomitiporia mediterranea,"",eukaryota,false,,,,,,,,,,,,,,,,0.2239421476813366,2,,,95.8,24.0,10^-6.98716,,,,,,0
166415,2,166415,Heterotrigona,"",eukaryota,false,,,,,,,,,,,,,,,,0.1119710738406683,1,,,100.0,24.0,10^-4.22475,,,,,[395501],0
395501,1,166415,Heterotrigona itama,"",eukaryota,false,,,,,,,,,,,,,,,,0.1119710738406683,1,,,100.0,24.0,10^-4.22475,,,,,,0
166413,2,166413,Frieseomelitta,"",eukaryota,false,,,,,,,,,,,,,,,,0.1119710738406683,1,,,100.0,25.0,10^-7.28735,,,,,[561572],0
561572,1,166413,Frieseomelitta varia,"",eukaryota,false,,,,,,,,,,,,,,,,0.1119710738406683,1,,,100.0,25.0,10^-7.28735,,,,,,0
166009,2,166009,Ditylenchus,"",eukaryota,false,,,,,,,,,,,,,,,,0.1119710738406683,1,,,76.0,25.0,10^-4.11182,,,,,[166010],0
166010,1,166009,Ditylenchus destructor,"",eukaryota,false,,,,,,,,,,,,,,,,0.1119710738406683,1,,,76.0,25.0,10^-4.11182,,,,,,0
165696,2,165696,Novosphingobium,"",bacteria,false,,,,0.1119710738406683,1,,,97.368,76.0,10^-36.6042,,,,,,,,,,,,,,,,,[1609758],0
1609758,1,165696,Novosphingobium sp. P6W,"",bacteria,false,,,,0.1119710738406683,1,,,97.368,76.0,10^-36.6042,,,,,,,,,,,,,,,,,,0
165695,2,165695,Sphingobium,"",bacteria,false,,,,0.1119710738406683,1,,,100.0,75.0,10^-37.2961,,,,,,,,,,,,,,,,,[13690],0
13690,1,165695,Sphingobium yanoikuyae,"",bacteria,false,,,,0.1119710738406683,1,,,100.0,75.0,10^-37.2961,,,,,,,,,,,,,,,,,,0
160871,2,160871,Tomentellopsis,"",eukaryota,false,,,,0.1119710738406683,1,,,96.053,76.0,10^-35.2318,,,,,,,,,,,,,,,,,[160872],0
160872,1,160871,Tomentellopsis echinospora,"",eukaryota,false,,,,0.1119710738406683,1,,,96.053,76.0,10^-35.2318,,,,,,,,,,,,,,,,,,0
159906,2,159906,Hypocryphalus,"",eukaryota,false,,,,,,,,,,,,,,,,0.1119710738406683,1,,,100.0,25.0,10^-6.02091,,,,,[159907],0
159907,1,159906,Hypocryphalus mangiferae,"",eukaryota,false,,,,,,,,,,,,,,,,0.1119710738406683,1,,,100.0,25.0,10^-6.02091,,,,,,0
159719,2,159719,Fuligo,"",eukaryota,false,,,,0.1119710738406683,1,,,88.571,70.0,10^-24.2886,,,,,,,,,,,,,,,,,[159720],0
159720,1,159719,Fuligo septica,"",eukaryota,false,,,,0.1119710738406683,1,,,88.571,70.0,10^-24.2886,,,,,,,,,,,,,,,,,,0
158311,2,158311,Microporus,"",eukaryota,false,,,,0.1119710738406683,1,,,97.333,75.0,10^-35.9238,,,,,,,,,,,,,,,,,[2007320],0
2007320,1,158311,Microporus sp. (in: basidiomycete fungi),"",eukaryota,false,,,,0.1119710738406683,1,,,97.333,75.0,10^-35.9238,,,,,,,,,,,,,,,,,,0
157396,2,157396,Iphiclides,"",eukaryota,false,,,,0.1119710738406683,1,,,93.333,45.0,10^-14.1877,,,,,,,,,,,,,,,,,[110791],0
110791,1,157396,Iphiclides podalirius,scarce swallowtail,eukaryota,false,,,,0.1119710738406683,1,,,93.333,45.0,10^-14.1877,,,,,,,,,,,,,,,,,,0
157304,2,157304,Anoplophora,"",eukaryota,false,,,,,,,,,,,,,,,,0.1119710738406683,1,,,75.0,24.0,10^-4.20691,,,,,[217634],0
217634,1,157304,Anoplophora glabripennis,Asian longhorned beetle,eukaryota,false,,,,,,,,,,,,,,,,0.1119710738406683,1,,,75.0,24.0,10^-4.20691,,,,,,0
156310,2,156310,Colletes,"",eukaryota,false,,,,0.1119710738406683,1,,,88.06,67.0,10^-22.249,,,,,,,,,,,,,,,,,[935657],0
935657,1,156310,Colletes gigas,"",eukaryota,false,,,,0.1119710738406683,1,,,88.06,67.0,10^-22.249,,,,,,,,,,,,,,,,,,0
153497,2,153497,Kozakia,"",bacteria,false,,,,0.2239421476813366,2,,,97.9335,73.5,10^-35.5897,,,,,,0.1119710738406683,1,,,100.0,25.0,10^-9.25337,,,,,[153496],0
153496,1,153497,Kozakia baliensis,"",bacteria,false,,,,0.2239421476813366,2,,,97.9335,73.5,10^-35.5897,,,,,,0.1119710738406683,1,,,100.0,25.0,10^-9.25337,,,,,,0
153220,2,153220,Contarinia,"",eukaryota,false,,,,0.1119710738406683,1,,,89.474,76.0,10^-28.37,,,,,,0.4478842953626732,4,,,89.0,25.0,10^-5.89889,,,,,[265458],0
265458,1,153220,Contarinia nasturtii,swede midge,eukaryota,false,,,,0.1119710738406683,1,,,89.474,76.0,10^-28.37,,,,,,0.4478842953626732,4,,,89.0,25.0,10^-5.89889,,,,,,0
151548,2,151548,Eumeta,"",eukaryota,false,,,,,,,,,,,,,,,,0.1119710738406683,1,,,100.0,25.0,10^-3.8962,,,,,[151549],0
151549,1,151548,Eumeta japonica,"",eukaryota,false,,,,,,,,,,,,,,,,0.1119710738406683,1,,,100.0,25.0,10^-3.8962,,,,,,0
149459,2,149459,Mansonia,"",eukaryota,false,,,,0.1119710738406683,1,,,97.368,76.0,10^-36.6042,,,,,,,,,,,,,,,,,[308735],0
308735,1,149459,Mansonia uniformis,"",eukaryota,false,,,,0.1119710738406683,1,,,97.368,76.0,10^-36.6042,,,,,,,,,,,,,,,,,,0
148341,2,148341,Gibbula,"",eukaryota,false,,,,0.1119710738406683,1,,,92.308,39.0,10^-10.1327,,,,,,,,,,,,,,,,,[703304],0
703304,1,148341,Gibbula magus,"",eukaryota,false,,,,0.1119710738406683,1,,,92.308,39.0,10^-10.1327,,,,,,,,,,,,,,,,,,0
144516,2,144516,Microsporidium,"",eukaryota,false,,,,0.1119710738406683,1,,,97.826,46.0,10^-17.6091,,,,,,,,,,,,,,,,,[478969],0
478969,1,144516,Microsporidium sp. Angskars-klubben 126,"",eukaryota,false,,,,0.1119710738406683,1,,,97.826,46.0,10^-17.6091,,,,,,,,,,,,,,,,,,0
144030,2,144030,Pogonomyrmex,"",eukaryota,false,,,,,,,,,,,,,,,,0.1119710738406683,1,,,100.0,24.0,10^-4.71444,,,,,[144034],0
144034,1,144030,Pogonomyrmex barbatus,red harvester ant,eukaryota,false,,,,,,,,,,,,,,,,0.1119710738406683,1,,,100.0,24.0,10^-4.71444,,,,,,0
143949,2,143949,Sipha,"",eukaryota,false,,,,0.1119710738406683,1,,,90.476,63.0,10^-22.2758,,,,,,,,,,,,,,,,,[143950],0
143950,1,143949,Sipha flava,yellow sugarcane aphid,eukaryota,false,,,,0.1119710738406683,1,,,90.476,63.0,10^-22.2758,,,,,,,,,,,,,,,,,,0
143721,2,143721,Nemurella,"",eukaryota,false,,,,0.33591322152200487,3,,,86.6943,58.6667,10^-17.0467,,,,,,,,,,,,,,,,,[143722],0
143722,1,143721,Nemurella pictetii,"",eukaryota,false,,,,0.33591322152200487,3,,,86.6943,58.6667,10^-17.0467,,,,,,,,,,,,,,,,,,0
143716,2,143716,Protonemura,"",eukaryota,false,,,,0.2239421476813366,2,,,94.394,44.5,10^-14.5357,,,,,,,,,,,,,,,,,[2884235],0
2884235,1,143716,Protonemura montana,"",eukaryota,false,,,,0.2239421476813366,2,,,94.394,44.5,10^-14.5357,,,,,,,,,,,,,,,,,,0
139973,2,139973,Archips,"",eukaryota,false,,,,0.33591322152200487,3,,,85.1653,50.0,10^-11.6281,,,,,,,,,,,,,,,,,"[1857967, 1100919]",0
1857967,1,139973,Archips crataeganus,"",eukaryota,false,,,,0.1119710738406683,1,,,87.719,57.0,10^-16.8298,,,,,,,,,,,,,,,,,,0
1100919,1,139973,Archips xylosteana,"",eukaryota,false,,,,0.2239421476813366,2,,,83.8885,46.5,10^-9.02728,,,,,,,,,,,,,,,,,,0
139679,2,139679,Teleopsis,"",eukaryota,false,,,,,,,,,,,,,,,,0.5598553692033414,5,,,95.2,24.6,10^-6.4589,,,,,[139649],0
139649,1,139679,Teleopsis dalmanni,"",eukaryota,false,,,,,,,,,,,,,,,,0.5598553692033414,5,,,95.2,24.6,10^-6.4589,,,,,,0
139475,2,139475,Homalodisca,"",eukaryota,false,,,,,,,,,,,,,,,,0.6718264430440097,6,,,92.5833,24.5,10^-5.60905,,,,,[197043],0
197043,1,139475,Homalodisca vitripennis,glassy-winged sharpshooter,eukaryota,false,,,,,,,,,,,,,,,,0.6718264430440097,6,,,92.5833,24.5,10^-5.60905,,,,,,0
139389,2,139389,Plicaturopsis,"",eukaryota,false,,,,,,,,,,,,,,,,0.1119710738406683,1,,,91.7,24.0,10^-5.39794,,,,,[139390],0
139390,1,139389,Plicaturopsis crispa,"",eukaryota,false,,,,,,,,,,,,,,,,0.1119710738406683,1,,,91.7,24.0,10^-5.39794,,,,,,0
139055,2,139055,Uranotaenia,"",eukaryota,false,,,,10.749223088704156,96,,,91.8849,60.7604,10^-21.8812,,,,,,39.301846918074574,351,1,17,92.1824,26.1311,10^-6.54183,,,,,"[2597066, 190385]",0
2597066,1,139055,Uranotaenia geometrica,"",eukaryota,false,,,,0.2239421476813366,2,,,100.0,53.0,10^-23.7232,,,,,,,,,,,,,,,,,,0
190385,1,139055,Uranotaenia lowii,"",eukaryota,false,,,,10.52528094102282,94,,,91.7123,60.9255,10^-21.8421,,,,,,39.301846918074574,351,1,17,92.1824,26.1311,10^-6.54183,,,,,,0
133894,2,133894,Penaeus,"",eukaryota,false,,,,0.2239421476813366,2,,,88.0515,56.5,10^-15.8318,,,,,,0.1119710738406683,1,,,84.0,25.0,10^-4.1707,,,,,[27405],0
27405,1,133894,Penaeus japonicus,"",eukaryota,false,,,,0.2239421476813366,2,,,88.0515,56.5,10^-15.8318,,,,,,0.1119710738406683,1,,,84.0,25.0,10^-4.1707,,,,,,0
132116,2,132116,Megachile,"",eukaryota,false,,,,,,,,,,,,,,,,0.1119710738406683,1,,,96.0,25.0,10^-7.75696,,,,,[143995],0
143995,1,132116,Megachile rotundata,alfalfa leafcutting bee,eukaryota,false,,,,,,,,,,,,,,,,0.1119710738406683,1,,,96.0,25.0,10^-7.75696,,,,,,0
131625,2,131625,Crepidodera,"",eukaryota,false,,,,0.1119710738406683,1,,,87.931,58.0,10^-17.5084,,,,,,,,,,,,,,,,,[346762],0
346762,1,131625,Crepidodera aurea,"",eukaryota,false,,,,0.1119710738406683,1,,,87.931,58.0,10^-17.5084,,,,,,,,,,,,,,,,,,0
127313,2,127313,Boloria,"",eukaryota,false,,,,0.1119710738406683,1,,,91.228,57.0,10^-19.5745,,,,,,,,,,,,,,,,,[405023],0
405023,1,127313,Boloria euphrosyne,pearl-bordered fritillary,eukaryota,false,,,,0.1119710738406683,1,,,91.228,57.0,10^-19.5745,,,,,,,,,,,,,,,,,,0
126956,2,126956,Strigamia,"",eukaryota,false,,,,0.1119710738406683,1,,,100.0,39.0,10^-14.2498,,,,,,,,,,,,,,,,,[1255758],0
1255758,1,126956,Strigamia acuminata,"",eukaryota,false,,,,0.1119710738406683,1,,,100.0,39.0,10^-14.2498,,,,,,,,,,,,,,,,,,0
124916,2,124916,Armigeres,"",eukaryota,false,,,,3.695045436742054,33,,,92.2779,68.8182,10^-27.0258,,,,,,0.5598553692033414,5,,,95.16,24.4,10^-6.62087,,,,,[124917],0
124917,1,124916,Armigeres subalbatus,"",eukaryota,false,,,,3.695045436742054,33,,,92.2779,68.8182,10^-27.0258,,,,,,0.5598553692033414,5,,,95.16,24.4,10^-6.62087,,,,,,0
124299,2,124299,Atherix,"",eukaryota,false,,,,0.1119710738406683,1,,,88.372,43.0,10^-10.0903,,,,,,,,,,,,,,,,,[2025112],0
2025112,1,124299,Atherix ibis,"",eukaryota,false,,,,0.1119710738406683,1,,,88.372,43.0,10^-10.0903,,,,,,,,,,,,,,,,,,0
124287,2,124287,Osmia,"",eukaryota,false,,,,,,,,,,,,,,,,0.1119710738406683,1,,,83.3,24.0,10^-3.89279,,,,,[473952],0
473952,1,124287,Osmia lignaria,orchard mason bee,eukaryota,false,,,,,,,,,,,,,,,,0.1119710738406683,1,,,83.3,24.0,10^-3.89279,,,,,,0
122772,2,122772,Apoderus,"",eukaryota,false,,,,0.1119710738406683,1,,,85.0,40.0,10^-6.6908,,,,,,,,,,,,,,,,,[201766],0
201766,1,122772,Apoderus coryli,hazel leaf roller,eukaryota,false,,,,0.1119710738406683,1,,,85.0,40.0,10^-6.6908,,,,,,,,,,,,,,,,,,0
121844,2,121844,Diaphorina,"",eukaryota,false,,,,,,,,,,,,,,,,0.6718264430440097,6,,,93.8,24.5,10^-4.60709,,,,,[121845],0
121845,1,121844,Diaphorina citri,Asian citrus psyllid,eukaryota,false,,,,,,,,,,,,,,,,0.6718264430440097,6,,,93.8,24.5,10^-4.60709,,,,,,0
121222,2,121222,Pediculus,"",eukaryota,false,,,,,,,,,,,,,,,,0.1119710738406683,1,,,96.0,25.0,10^-5.383,,,,,[121225],1
121225,1,121222,Pediculus humanus,human louse,eukaryota,false,,,,,,,,,,,,,,,,0.1119710738406683,1,,,96.0,25.0,10^-5.383,,,,,,1
117533,2,117533,Eulimnadia,"",eukaryota,false,,,,0.1119710738406683,1,,,92.982,57.0,10^-20.9469,,,,,,,,,,,,,,,,,[117534],0
117534,1,117533,Eulimnadia texana,"",eukaryota,false,,,,0.1119710738406683,1,,,92.982,57.0,10^-20.9469,,,,,,,,,,,,,,,,,,0
116152,2,116152,Aethina,"",eukaryota,false,,,,0.1119710738406683,1,,,87.838,74.0,10^-25.6368,,,,,,,,,,,,,,,,,[116153],0
116153,1,116152,Aethina tumida,small hive beetle,eukaryota,false,,,,0.1119710738406683,1,,,87.838,74.0,10^-25.6368,,,,,,,,,,,,,,,,,,0
115356,2,115356,Harmonia,"",eukaryota,false,,,,,,,,,,,,,,,,0.1119710738406683,1,,,95.5,22.0,10^-5.1798,,,,,[115357],0
115357,1,115356,Harmonia axyridis,"",eukaryota,false,,,,,,,,,,,,,,,,0.1119710738406683,1,,,95.5,22.0,10^-5.1798,,,,,,0
115303,2,115303,Nephrocerus,"",eukaryota,false,,,,0.1119710738406683,1,,,78.462,65.0,10^-12.6556,,,,,,,,,,,,,,,,,[566305],0
566305,1,115303,Nephrocerus scutellatus,"",eukaryota,false,,,,0.1119710738406683,1,,,78.462,65.0,10^-12.6556,,,,,,,,,,,,,,,,,,0
115278,2,115278,Eristalinus,"",eukaryota,false,,,,0.33591322152200487,3,,,89.2843,43.6667,10^-11.0009,,,,,,,,,,,,,,,,,"[2725509, 2017640]",0
2725509,1,115278,Eristalinus sepulchralis,"",eukaryota,false,,,,0.2239421476813366,2,,,89.9265,40.5,10^-9.77353,,,,,,,,,,,,,,,,,,0
2017640,1,115278,Eristalinus aeneus,"",eukaryota,false,,,,0.1119710738406683,1,,,88.0,50.0,10^-13.4557,,,,,,,,,,,,,,,,,,0
115080,2,115080,Megalopta,"",eukaryota,false,,,,,,,,,,,,,,,,0.1119710738406683,1,,,100.0,25.0,10^-7.01863,,,,,[115081],0
115081,1,115080,Megalopta genalis,"",eukaryota,false,,,,,,,,,,,,,,,,0.1119710738406683,1,,,100.0,25.0,10^-7.01863,,,,,,0
114778,2,114778,Hexagonia,"",eukaryota,false,,,,0.1119710738406683,1,,,94.737,76.0,10^-33.8595,,,,,,,,,,,,,,,,,[252823],0
252823,1,114778,Hexagonia sp. Wu 9708-306,"",eukaryota,false,,,,0.1119710738406683,1,,,94.737,76.0,10^-33.8595,,,,,,,,,,,,,,,,,,0
114230,2,114230,Nigrospora,"",eukaryota,false,,,,0.6718264430440097,6,,,98.7905,71.5,10^-35.1478,,,,,,,,,,,,,,,,,"[2022760, 335854]",0
2022760,1,114230,Nigrospora osmanthi,"",eukaryota,false,,,,0.4478842953626732,4,,,98.5147,69.25,10^-33.3904,,,,,,,,,,,,,,,,,,0
335854,1,114230,Nigrospora oryzae,"",eukaryota,false,,,,0.2239421476813366,2,,,99.342,76.0,10^-38.6628,,,,,,,,,,,,,,,,,,0
114154,2,114154,Dichomitus,"",eukaryota,false,,,,,,,,,,,,,,,,0.2239421476813366,2,,,89.35,23.5,10^-6.12689,,,,,[114155],0
114155,1,114154,Dichomitus squalens,"",eukaryota,false,,,,,,,,,,,,,,,,0.2239421476813366,2,,,89.35,23.5,10^-6.12689,,,,,,0
112291,2,112291,Tenthredo,"",eukaryota,false,,,,0.1119710738406683,1,,,97.872,47.0,10^-18.2859,,,,,,,,,,,,,,,,,[362091],0
362091,1,112291,Tenthredo notha,"",eukaryota,false,,,,0.1119710738406683,1,,,97.872,47.0,10^-18.2859,,,,,,,,,,,,,,,,,,0
111932,2,111932,Pararge,"",eukaryota,false,,,,,,,,,,,,,,,,0.2239421476813366,2,,,83.3,24.0,10^-4.69048,,,,,[116150],0
116150,1,111932,Pararge aegeria,speckled wood butterfly,eukaryota,false,,,,,,,,,,,,,,,,0.2239421476813366,2,,,83.3,24.0,10^-4.69048,,,,,,0
109632,2,109632,Galerina,"",eukaryota,false,,,,,,,,,,,,,,,,0.1119710738406683,1,,,100.0,23.0,10^-5.28819,,,,,[109633],0
109633,1,109632,Galerina marginata,"",eukaryota,false,,,,,,,,,,,,,,,,0.1119710738406683,1,,,100.0,23.0,10^-5.28819,,,,,,0
109377,2,109377,Ustulina,"",eukaryota,false,,,,0.2239421476813366,2,,,97.295,74.0,10^-35.2436,,,,,,,,,,,,,,,,,[110526],0
110526,1,109377,Ustulina deusta,"",eukaryota,false,,,,0.2239421476813366,2,,,97.295,74.0,10^-35.2436,,,,,,,,,,,,,,,,,,0
108930,2,108930,Nilaparvata,"",eukaryota,false,,,,0.2239421476813366,2,,,96.2455,40.5,10^-13.2045,,,,,,0.5598553692033414,5,,,95.56,24.0,10^-5.602,,,,,[108931],0
108931,1,108930,Nilaparvata lugens,brown planthopper,eukaryota,false,,,,0.2239421476813366,2,,,96.2455,40.5,10^-13.2045,,,,,,0.5598553692033414,5,,,95.56,24.0,10^-5.602,,,,,,0
107944,2,107944,Canthydrus,"",eukaryota,false,,,,,,,,,,,,,,,,0.1119710738406683,1,,,80.0,25.0,10^-3.34199,,,,,[2055344],0
2055344,1,107944,Canthydrus sp. INB115,"",eukaryota,false,,,,,,,,,,,,,,,,0.1119710738406683,1,,,80.0,25.0,10^-3.34199,,,,,,0
107781,2,107781,Orectochilus,"",eukaryota,false,,,,,,,,,,,,,,,,0.1119710738406683,1,,,80.0,25.0,10^-4.70333,,,,,[2055477],0
2055477,1,107781,Orectochilus sp. INB037,"",eukaryota,false,,,,,,,,,,,,,,,,0.1119710738406683,1,,,80.0,25.0,10^-4.70333,,,,,,0
106500,2,106500,Synanthedon,"",eukaryota,false,,,,0.5598553692033414,5,,,90.86,65.2,10^-23.5101,,,,,,,,,,,,,,,,,"[1108570, 301036]",0
1108570,1,106500,Synanthedon myopaeformis,"",eukaryota,false,,,,0.33591322152200487,3,,,90.907,58.0,10^-19.3553,,,,,,,,,,,,,,,,,,0
301036,1,106500,Synanthedon formicaeformis,red-tipped clearwing,eukaryota,false,,,,0.2239421476813366,2,,,90.7895,76.0,10^-29.7423,,,,,,,,,,,,,,,,,,0
104514,2,104514,Melitaea,"",eukaryota,false,,,,0.1119710738406683,1,,,91.892,37.0,10^-8.78321,,,,,,,,,,,,,,,,,[113334],0
113334,1,104514,Melitaea cinxia,Glanville fritillary,eukaryota,false,,,,0.1119710738406683,1,,,91.892,37.0,10^-8.78321,,,,,,,,,,,,,,,,,,0
104458,2,104458,Hydriomena,"",eukaryota,false,,,,0.1119710738406683,1,,,91.525,59.0,10^-20.9319,,,,,,,,,,,,,,,,,[104460],0
104460,1,104458,Hydriomena furcata,"",eukaryota,false,,,,0.1119710738406683,1,,,91.525,59.0,10^-20.9319,,,,,,,,,,,,,,,,,,0
104451,2,104451,Operophtera,"",eukaryota,false,,,,,,,,,,,,,,,,0.1119710738406683,1,,,88.0,25.0,10^-8.25181,,,,,[104452],0
104452,1,104451,Operophtera brumata,winter moth,eukaryota,false,,,,,,,,,,,,,,,,0.1119710738406683,1,,,88.0,25.0,10^-8.25181,,,,,,0
104394,2,104394,Picobirnavirus,"",viruses,false,,,,,,,,,,,,,,,,0.2239421476813366,2,,,95.75,23.5,10^-8.11972,,,,,[1907787],0
1907787,1,104394,Picobirnavirus sp.,"",viruses,false,,,,,,,,,,,,,,,,0.2239421476813366,2,,,95.75,23.5,10^-8.11972,,,,,,0
103830,2,103830,Mythimna,"",eukaryota,false,,,,0.33591322152200487,3,,,86.5457,62.3333,10^-18.6447,,,,,,0.2239421476813366,2,,,87.85,24.5,10^-3.69917,,,,,"[987985, 987427, 667449]",0
987985,1,103830,Mythimna impura,"",eukaryota,false,,,,0.2239421476813366,2,,,85.8185,56.0,10^-14.8085,,,,,,,,,,,,,,,,,,0
987427,1,103830,Mythimna lalbum,"",eukaryota,false,,,,0.1119710738406683,1,,,88.0,75.0,10^-26.3172,,,,,,,,,,,,,,,,,,0
667449,1,103830,Mythimna loreyi,"",eukaryota,false,,,,,,,,,,,,,,,,0.2239421476813366,2,,,87.85,24.5,10^-3.69917,,,,,,0
101736,2,101736,Incurvaria,"",eukaryota,false,,,,0.1119710738406683,1,,,94.828,58.0,10^-22.9979,,,,,,,,,,,,,,,,,[101737],0
101737,1,101736,Incurvaria masculella,"",eukaryota,false,,,,0.1119710738406683,1,,,94.828,58.0,10^-22.9979,,,,,,,,,,,,,,,,,,0
101474,2,101474,Poronia,"",eukaryota,false,,,,,,,,,,,,,,,,0.1119710738406683,1,,,100.0,25.0,10^-8.36754,,,,,[101475],0
101475,1,101474,Poronia punctata,"",eukaryota,false,,,,,,,,,,,,,,,,0.1119710738406683,1,,,100.0,25.0,10^-8.36754,,,,,,0
99105,2,99105,Tanacetum,"",eukaryota,false,,,,,,,,,,,,,,,,0.33591322152200487,3,,,89.3333,25.0,10^-4.65845,,,,,[118510],0
118510,1,99105,Tanacetum cinerariifolium,"",eukaryota,false,,,,,,,,,,,,,,,,0.33591322152200487,3,,,89.3333,25.0,10^-4.65845,,,,,,0
98757,2,98757,Gelatoporia,"",eukaryota,false,,,,,,,,,,,,,,,,0.1119710738406683,1,,,91.7,24.0,10^-4.53611,,,,,[42742],0
42742,1,98757,Gelatoporia subvermispora,"",eukaryota,false,,,,,,,,,,,,,,,,0.1119710738406683,1,,,91.7,24.0,10^-4.53611,,,,,,0
97376,2,97376,Biscogniauxia,"",eukaryota,false,,,,,,,,,,,,,,,,0.1119710738406683,1,,,91.7,24.0,10^-7.12148,,,,,[97377],0
97377,1,97376,Biscogniauxia mediterranea,"",eukaryota,false,,,,,,,,,,,,,,,,0.1119710738406683,1,,,91.7,24.0,10^-7.12148,,,,,,0
97051,2,97051,Cinara,"",eukaryota,false,,,,,,,,,,,,,,,,0.1119710738406683,1,,,100.0,24.0,10^-6.10403,,,,,[506608],0
506608,1,97051,Cinara cedri,"",eukaryota,false,,,,,,,,,,,,,,,,0.1119710738406683,1,,,100.0,24.0,10^-6.10403,,,,,,0
95601,2,95601,Eriocheir,"",eukaryota,false,,,,0.1119710738406683,1,,,92.683,41.0,10^-11.4834,,,,,,,,,,,,,,,,,[95602],0
95602,1,95601,Eriocheir sinensis,Chinese mitten crab,eukaryota,false,,,,0.1119710738406683,1,,,92.683,41.0,10^-11.4834,,,,,,,,,,,,,,,,,,0
95295,2,95295,Nomada,"",eukaryota,false,,,,0.1119710738406683,1,,,97.222,36.0,10^-10.8537,,,,,,,,,,,,,,,,,[601768],0
601768,1,95295,Nomada panzeri,"",eukaryota,false,,,,0.1119710738406683,1,,,97.222,36.0,10^-10.8537,,,,,,,,,,,,,,,,,,0
95189,2,95189,Apamea,"",eukaryota,false,,,,0.1119710738406683,1,,,94.444,36.0,10^-9.48129,,,,,,,,,,,,,,,,,[753153],0
753153,1,95189,Apamea crenata,"",eukaryota,false,,,,0.1119710738406683,1,,,94.444,36.0,10^-9.48129,,,,,,,,,,,,,,,,,,0
94028,2,94028,Argiope,"",eukaryota,false,,,,,,,,,,,,,,,,0.1119710738406683,1,,,79.2,24.0,10^-3.78781,,,,,[94029],0
94029,1,94028,Argiope bruennichi,"",eukaryota,false,,,,,,,,,,,,,,,,0.1119710738406683,1,,,79.2,24.0,10^-3.78781,,,,,,0
92443,2,92443,Venturia,"",eukaryota,false,,,,0.1119710738406683,1,,,90.909,44.0,10^-12.1389,,,,,,,,,,,,,,,,,[32260],0
32260,1,92443,Venturia canescens,"",eukaryota,false,,,,0.1119710738406683,1,,,90.909,44.0,10^-12.1389,,,,,,,,,,,,,,,,,,0
91914,2,91914,Asaia,"",bacteria,false,,,,11.309078457907498,101,5,72,99.6136,208.416,10^-105.034,,,,,,0.8957685907253464,8,,,98.0,24.75,10^-5.87597,,,,,"[1193000, 1191704, 406101, 220990, 110479, 91915]",0
1193000,1,91914,Asaia sp. 12F,"",bacteria,false,,,,0.1119710738406683,1,,,100.0,76.0,10^-39.3489,,,,,,,,,,,,,,,,,,0
1191704,1,91914,Asaia sp. UFLA CHD12.03,"",bacteria,false,,,,0.1119710738406683,1,,,98.684,76.0,10^-37.9766,,,,,,,,,,,,,,,,,,0
406101,1,91914,Asaia sp. SF2.1,"",bacteria,false,,,,,,,,,,,,,,,,0.1119710738406683,1,,,100.0,25.0,10^-7.21396,,,,,,0
220990,1,91914,Asaia krungthepensis,"",bacteria,false,,,,0.1119710738406683,1,,,100.0,67.0,10^-33.228,,,,,,0.1119710738406683,1,,,100.0,25.0,10^-5.44977,,,,,,0
110479,1,91914,Asaia siamensis,"",bacteria,false,,,,0.4478842953626732,4,,,98.026,75.75,10^-37.1203,,,,,,,,,,,,,,,,,,0
91915,1,91914,Asaia bogorensis,"",bacteria,false,,,,10.52528094102282,94,5,72,99.6829,218.383,10^-110.1,,,,,,0.6718264430440097,6,,,97.3333,24.6667,10^-5.724,,,,,,0
91737,2,91737,Aricia,"",eukaryota,false,,,,0.2239421476813366,2,,,83.8865,74.5,10^-21.86,,,,,,,,,,,,,,,,,[91739],0
91739,1,91737,Aricia agestis,brown argus,eukaryota,false,,,,0.2239421476813366,2,,,83.8865,74.5,10^-21.86,,,,,,,,,,,,,,,,,,0
91192,2,91192,Tetradesmus,"",eukaryota,false,,,,0.1119710738406683,1,,,87.671,73.0,10^-24.9565,,,,,,,,,,,,,,,,,[3088],0
3088,1,91192,Tetradesmus obliquus,"",eukaryota,false,,,,0.1119710738406683,1,,,87.671,73.0,10^-24.9565,,,,,,,,,,,,,,,,,,0
89583,2,89583,Gluconacetobacter,"",bacteria,false,,,,0.1119710738406683,1,,,98.592,71.0,10^-34.5752,,,,,,,,,,,,,,,,,[33996],0
33996,1,89583,Gluconacetobacter diazotrophicus,"",bacteria,false,,,,0.1119710738406683,1,,,98.592,71.0,10^-34.5752,,,,,,,,,,,,,,,,,,0
88647,2,88647,Teloschistes,"",eukaryota,false,,,,,,,,,,,,,,,,0.1119710738406683,1,,,96.0,25.0,10^-6.22915,,,,,[2903223],0
2903223,1,88647,Teloschistes peruensis,"",eukaryota,false,,,,,,,,,,,,,,,,0.1119710738406683,1,,,96.0,25.0,10^-6.22915,,,,,,0
88467,2,88467,Lasioglossum,"",eukaryota,false,,,,0.2239421476813366,2,,,89.111,62.5,10^-19.2018,,,,,,,,,,,,,,,,,"[88531, 88516]",0
88531,1,88467,Lasioglossum lativentre,"",eukaryota,false,,,,0.1119710738406683,1,,,80.263,76.0,10^-18.7634,,,,,,,,,,,,,,,,,,0
88516,1,88467,Lasioglossum pauxillum,"",eukaryota,false,,,,0.1119710738406683,1,,,97.959,49.0,10^-19.6402,,,,,,,,,,,,,,,,,,0
88014,2,88014,Eurytemora,"",eukaryota,false,,,,,,,,,,,,,,,,0.2239421476813366,2,,,92.65,21.5,10^-4.85835,,,,,[1294199],0
1294199,1,88014,Eurytemora carolleeae,"",eukaryota,false,,,,,,,,,,,,,,,,0.2239421476813366,2,,,92.65,21.5,10^-4.85835,,,,,,0
86026,2,86026,Mollisia,"",eukaryota,false,,,,,,,,,,,,,,,,0.1119710738406683,1,,,84.0,25.0,10^-4.6216,,,,,[149040],0
149040,1,86026,Mollisia scopiformis,"",eukaryota,false,,,,,,,,,,,,,,,,0.1119710738406683,1,,,84.0,25.0,10^-4.6216,,,,,,0
85947,2,85947,Didymosphaeria,"",eukaryota,false,,,,,,,,,,,,,,,,0.1119710738406683,1,,,81.8,22.0,10^-3.83268,,,,,[85948],0
85948,1,85947,Didymosphaeria enalia,"",eukaryota,false,,,,,,,,,,,,,,,,0.1119710738406683,1,,,81.8,22.0,10^-3.83268,,,,,,0
85309,2,85309,Nezara,"",eukaryota,false,,,,,,,,,,,,,,,,0.1119710738406683,1,,,100.0,22.0,10^-4.61439,,,,,[85310],0
85310,1,85309,Nezara viridula,southern green stink bug,eukaryota,false,,,,,,,,,,,,,,,,0.1119710738406683,1,,,100.0,22.0,10^-4.61439,,,,,,0
84507,2,84507,Ceratosolen,"",eukaryota,false,,,,,,,,,,,,,,,,0.1119710738406683,1,,,96.0,25.0,10^-4.11919,,,,,[142686],0
142686,1,84507,Ceratosolen solmsi,"",eukaryota,false,,,,,,,,,,,,,,,,0.1119710738406683,1,,,96.0,25.0,10^-4.11919,,,,,,0
83618,2,83618,Pseudoxanthomonas,"",bacteria,false,,,,0.1119710738406683,1,,,83.051,59.0,10^-14.07,,,,,,,,,,,,,,,,,[2571115],0
2571115,1,83618,Pseudoxanthomonas sp. X-1,"",bacteria,false,,,,0.1119710738406683,1,,,83.051,59.0,10^-14.07,,,,,,,,,,,,,,,,,,0
83614,2,83614,Luteimonas,"",bacteria,false,,,,0.1119710738406683,1,,,84.211,57.0,10^-14.085,,,,,,,,,,,,,,,,,[2761107],0
2761107,1,83614,Luteimonas sp. MC1825,"",bacteria,false,,,,0.1119710738406683,1,,,84.211,57.0,10^-14.085,,,,,,,,,,,,,,,,,,0
83235,2,83235,Postia,"",eukaryota,false,,,,,,,,,,,,,,,,0.1119710738406683,1,,,95.8,24.0,10^-7.2204,,,,,[104341],0
104341,1,83235,Postia placenta,"",eukaryota,false,,,,,,,,,,,,,,,,0.1119710738406683,1,,,95.8,24.0,10^-7.2204,,,,,,0
82622,2,82622,Hemaris,hummingbird moths,eukaryota,false,,,,0.2239421476813366,2,,,91.3535,66.0,10^-25.0054,,,,,,,,,,,,,,,,,[987953],0
987953,1,82622,Hemaris fuciformis,"",eukaryota,false,,,,0.2239421476813366,2,,,91.3535,66.0,10^-25.0054,,,,,,,,,,,,,,,,,,0
82599,2,82599,Cydia,"",eukaryota,false,,,,0.1119710738406683,1,,,92.0,50.0,10^-16.2005,,,,,,,,,,,,,,,,,[1100963],0
1100963,1,82599,Cydia splendana,"",eukaryota,false,,,,0.1119710738406683,1,,,92.0,50.0,10^-16.2005,,,,,,,,,,,,,,,,,,0
82597,2,82597,Campaea,"",eukaryota,false,,,,0.1119710738406683,1,,,97.368,76.0,10^-36.6042,,,,,,,,,,,,,,,,,[934813],0
934813,1,82597,Campaea margaritaria,"",eukaryota,false,,,,0.1119710738406683,1,,,97.368,76.0,10^-36.6042,,,,,,,,,,,,,,,,,,0
82594,2,82594,Biston,"",eukaryota,false,,,,0.1119710738406683,1,,,82.895,76.0,10^-21.5081,,,,,,,,,,,,,,,,,[722658],0
722658,1,82594,Biston stratarius,"",eukaryota,false,,,,0.1119710738406683,1,,,82.895,76.0,10^-21.5081,,,,,,,,,,,,,,,,,,0
81043,2,81043,Donkioporia,"",eukaryota,false,,,,0.1119710738406683,1,,,90.789,76.0,10^-29.7423,,,,,,,,,,,,,,,,,[81044],0
81044,1,81043,Donkioporia expansa,"",eukaryota,false,,,,0.1119710738406683,1,,,90.789,76.0,10^-29.7423,,,,,,,,,,,,,,,,,,0
80835,2,80835,Portunus,"",eukaryota,false,,,,,,,,,,,,,,,,0.2239421476813366,2,,,100.0,24.0,10^-5.77728,,,,,[210409],0
210409,1,80835,Portunus trituberculatus,swimming crab,eukaryota,false,,,,,,,,,,,,,,,,0.2239421476813366,2,,,100.0,24.0,10^-5.77728,,,,,,0
80645,2,80645,Gyrodon,"",eukaryota,false,,,,,,,,,,,,,,,,0.2239421476813366,2,,,85.75,24.5,10^-5.78974,,,,,[85971],0
85971,1,80645,Gyrodon lividus,"",eukaryota,false,,,,,,,,,,,,,,,,0.2239421476813366,2,,,85.75,24.5,10^-5.78974,,,,,,0
80248,2,80248,Phaedon,"",eukaryota,false,,,,0.33591322152200487,3,,,91.1737,64.6667,10^-23.8679,,,,,,,,,,,,,,,,,[80249],0
80249,1,80248,Phaedon cochleariae,mustard beetle,eukaryota,false,,,,0.33591322152200487,3,,,91.1737,64.6667,10^-23.8679,,,,,,,,,,,,,,,,,,0
79808,2,79808,Coniochaeta,"",eukaryota,false,,,,,,,,,,,,,,,,0.1119710738406683,1,,,83.3,24.0,10^-3.34104,,,,,[1450552],0
1450552,1,79808,Coniochaeta sp. PMI_546,"",eukaryota,false,,,,,,,,,,,,,,,,0.1119710738406683,1,,,83.3,24.0,10^-3.34104,,,,,,0
79504,2,79504,Crioceris,"",eukaryota,false,,,,0.1119710738406683,1,,,89.189,74.0,10^-27.0092,,,,,,,,,,,,,,,,,[131627],0
131627,1,79504,Crioceris asparagi,common asparagus beetle,eukaryota,false,,,,0.1119710738406683,1,,,89.189,74.0,10^-27.0092,,,,,,,,,,,,,,,,,,0
79456,2,79456,Ischnura,"",eukaryota,false,,,,,,,,,,,,,,,,0.2239421476813366,2,,,97.75,21.5,10^-3.90165,,,,,[197161],0
197161,1,79456,Ischnura elegans,"",eukaryota,false,,,,,,,,,,,,,,,,0.2239421476813366,2,,,97.75,21.5,10^-3.90165,,,,,,0
78173,2,78173,Ceratina,"",eukaryota,false,,,,,,,,,,,,,,,,0.1119710738406683,1,,,95.8,24.0,10^-7.45717,,,,,[156304],0
156304,1,78173,Ceratina calcarata,"",eukaryota,false,,,,,,,,,,,,,,,,0.1119710738406683,1,,,95.8,24.0,10^-7.45717,,,,,,0
77521,2,77521,Haemoproteus,"",eukaryota,false,,,,0.1119710738406683,1,,,100.0,76.0,10^-39.3489,,,,,,,,,,,,,,,,,[379416],0
379416,1,77521,Haemoproteus balmorali,"",eukaryota,false,,,,0.1119710738406683,1,,,100.0,76.0,10^-39.3489,,,,,,,,,,,,,,,,,,0
77156,2,77156,Dendroctonus,"",eukaryota,false,,,,0.2239421476813366,2,,,93.024,51.0,10^-17.5746,,,,,,0.783797516884678,7,,,97.6571,24.4286,10^-5.1658,,,,,"[77166, 77159]",0
77166,1,77156,Dendroctonus ponderosae,mountain pine beetle,eukaryota,false,,,,0.2239421476813366,2,,,93.024,51.0,10^-17.5746,,,,,,0.6718264430440097,6,,,97.2667,24.3333,10^-5.05316,,,,,,0
77159,1,77156,Dendroctonus armandi,"",eukaryota,false,,,,,,,,,,,,,,,,0.1119710738406683,1,,,100.0,25.0,10^-5.84164,,,,,,0
77043,2,77043,Rosellinia,"",eukaryota,false,,,,,,,,,,,,,,,,0.1119710738406683,1,,,95.0,20.0,10^-3.37366,,,,,[77044],0
77044,1,77043,Rosellinia necatrix,"",eukaryota,false,,,,,,,,,,,,,,,,0.1119710738406683,1,,,95.0,20.0,10^-3.37366,,,,,,0
76218,2,76218,Nymphalis,"",eukaryota,false,,,,0.1119710738406683,1,,,87.179,39.0,10^-7.38798,,,,,,,,,,,,,,,,,[111881],0
111881,1,76218,Nymphalis urticae,small tortoiseshell,eukaryota,false,,,,0.1119710738406683,1,,,87.179,39.0,10^-7.38798,,,,,,,,,,,,,,,,,,0
72549,2,72549,Oryctes,"",eukaryota,false,,,,,,,,,,,,,,,,0.1119710738406683,1,,,100.0,25.0,10^-4.9914,,,,,[1629725],0
1629725,1,72549,Oryctes borbonicus,"",eukaryota,false,,,,,,,,,,,,,,,,0.1119710738406683,1,,,100.0,25.0,10^-4.9914,,,,,,0
71935,2,71935,Clitopilus,"",eukaryota,false,,,,0.2239421476813366,2,,,99.3245,74.0,10^-37.302,,,,,,,,,,,,,,,,,[648681],0
648681,1,71935,Clitopilus hobsonii,"",eukaryota,false,,,,0.2239421476813366,2,,,99.3245,74.0,10^-37.302,,,,,,,,,,,,,,,,,,0
71729,2,71729,Psathyrella,"",eukaryota,false,,,,0.1119710738406683,1,,,100.0,74.0,10^-37.9881,,,,,,,,,,,,,,,,,[1905293],0
1905293,1,71729,Psathyrella sp.,"",eukaryota,false,,,,0.1119710738406683,1,,,100.0,74.0,10^-37.9881,,,,,,,,,,,,,,,,,,0
71684,2,71684,Panaeolus,"",eukaryota,false,,,,0.1119710738406683,1,,,95.833,72.0,10^-32.5106,,,,,,,,,,,,,,,,,[330933],0
330933,1,71684,Panaeolus semiovatus,"",eukaryota,false,,,,0.1119710738406683,1,,,95.833,72.0,10^-32.5106,,,,,,,,,,,,,,,,,,0
70664,2,70664,Rodentolepis,"",eukaryota,false,,,,,,,,,,,,,,,,0.1119710738406683,1,,,95.8,24.0,10^-4.19179,,,,,[102285],1
102285,1,70664,Rodentolepis nana,"",eukaryota,false,,,,,,,,,,,,,,,,0.1119710738406683,1,,,95.8,24.0,10^-4.19179,,,,,,1
68813,2,68813,Tulostoma,"",eukaryota,false,,,,0.1119710738406683,1,,,97.368,76.0,10^-36.6042,,,,,,,,,,,,,,,,,[150804],0
150804,1,68813,Tulostoma brumale,"",eukaryota,false,,,,0.1119710738406683,1,,,97.368,76.0,10^-36.6042,,,,,,,,,,,,,,,,,,0
68038,2,68038,Chaetonotus,"",eukaryota,false,,,,0.1119710738406683,1,,,97.727,44.0,10^-16.256,,,,,,,,,,,,,,,,,[1274463],0
1274463,1,68038,Chaetonotus heideri,"",eukaryota,false,,,,0.1119710738406683,1,,,97.727,44.0,10^-16.256,,,,,,,,,,,,,,,,,,0
65288,2,65288,Netelia,"",eukaryota,false,,,,0.1119710738406683,1,,,95.455,44.0,10^-14.8836,,,,,,,,,,,,,,,,,[494743],0
494743,1,65288,Netelia virgata,"",eukaryota,false,,,,0.1119710738406683,1,,,95.455,44.0,10^-14.8836,,,,,,,,,,,,,,,,,,0
64693,2,64693,Hippodamia,"",eukaryota,false,,,,2.015479329132029,18,,,99.8889,74.25,10^-38.0448,,,,,,,,,,,,,,,,,[703264],0
703264,1,64693,Hippodamia variegata,"",eukaryota,false,,,,2.015479329132029,18,,,99.8889,74.25,10^-38.0448,,,,,,,,,,,,,,,,,,0
64390,2,64390,Callosobruchus,"",eukaryota,false,,,,,,,,,,,,,,,,1.119710738406683,10,,,94.3,24.4,10^-6.01721,,,,,"[380381, 146774, 64391]",0
380381,1,64390,Callosobruchus analis,"",eukaryota,false,,,,,,,,,,,,,,,,0.33591322152200487,3,,,100.0,24.3333,10^-6.39936,,,,,,0
146774,1,64390,Callosobruchus chinensis,azuki bean weevil,eukaryota,false,,,,,,,,,,,,,,,,0.33591322152200487,3,,,82.4,24.6667,10^-5.52169,,,,,,0
64391,1,64390,Callosobruchus maculatus,cowpea weevil,eukaryota,false,,,,,,,,,,,,,,,,0.4478842953626732,4,,,98.95,24.25,10^-6.10225,,,,,,0
63688,2,63688,Gonioctena,"",eukaryota,false,,,,,,,,,,,,,,,,0.4478842953626732,4,,,90.675,24.25,10^-6.48906,,,,,[63699],0
63699,1,63688,Gonioctena quinquepunctata,"",eukaryota,false,,,,,,,,,,,,,,,,0.4478842953626732,4,,,90.675,24.25,10^-6.48906,,,,,,0
63429,2,63429,Leptopilina,"",eukaryota,false,,,,0.1119710738406683,1,,,87.5,56.0,10^-16.1513,,,,,,0.2239421476813366,2,,,96.0,25.0,10^-4.50454,,,,,"[63436, 63433]",0
63436,1,63429,Leptopilina heterotoma,"",eukaryota,false,,,,0.1119710738406683,1,,,87.5,56.0,10^-16.1513,,,,,,0.1119710738406683,1,,,92.0,25.0,10^-3.07727,,,,,,0
63433,1,63429,Leptopilina boulardi,"",eukaryota,false,,,,,,,,,,,,,,,,0.1119710738406683,1,,,100.0,25.0,10^-5.93181,,,,,,0
63200,2,63200,Clypeosphaeria,"",eukaryota,false,,,,0.1119710738406683,1,,,100.0,75.0,10^-38.6685,,,,,,,,,,,,,,,,,[63210],0
63210,1,63200,Clypeosphaeria mamillana,"",eukaryota,false,,,,0.1119710738406683,1,,,100.0,75.0,10^-38.6685,,,,,,,,,,,,,,,,,,0
62803,2,62803,Nemoura,"",eukaryota,false,,,,0.1119710738406683,1,,,91.304,69.0,10^-26.3534,,,,,,,,,,,,,,,,,[2014036],0
2014036,1,62803,Nemoura dubitans,"",eukaryota,false,,,,0.1119710738406683,1,,,91.304,69.0,10^-26.3534,,,,,,,,,,,,,,,,,,0
62624,2,62624,Varroa,"",eukaryota,false,,,,0.1119710738406683,1,,,94.737,38.0,10^-10.8302,,,,,,,,,,,,,,,,,[109461],0
109461,1,62624,Varroa destructor,honeybee mite,eukaryota,false,,,,0.1119710738406683,1,,,94.737,38.0,10^-10.8302,,,,,,,,,,,,,,,,,,0
61750,2,61750,Thysanoteuthis,"",eukaryota,false,,,,0.1119710738406683,1,,,86.957,69.0,10^-22.2363,,,,,,,,,,,,,,,,,[61751],0
61751,1,61750,Thysanoteuthis rhombus,"",eukaryota,false,,,,0.1119710738406683,1,,,86.957,69.0,10^-22.2363,,,,,,,,,,,,,,,,,,0
61471,2,61471,Timema,"",eukaryota,false,,,,0.33591322152200487,3,,,88.093,58.3333,10^-16.8389,,,,,,0.4478842953626732,4,,,100.0,24.25,10^-7.0462,,,,,"[629358, 170557, 61482, 61478, 61476, 61474]",0
629358,1,61471,Timema genevievae,"",eukaryota,false,,,,,,,,,,,,,,,,0.1119710738406683,1,,,100.0,24.0,10^-5.93554,,,,,,0
170557,1,61471,Timema poppensis,"",eukaryota,false,,,,,,,,,,,,,,,,0.1119710738406683,1,,,100.0,24.0,10^-8.79317,,,,,,0
61482,1,61471,Timema podura,"",eukaryota,false,,,,,,,,,,,,,,,,0.1119710738406683,1,,,100.0,24.0,10^-6.42829,,,,,,0
61478,1,61471,Timema douglasi,"",eukaryota,false,,,,0.1119710738406683,1,,,88.406,69.0,10^-23.6086,,,,,,0.1119710738406683,1,,,100.0,25.0,10^-7.0278,,,,,,0
61476,1,61471,Timema cristinae,"",eukaryota,false,,,,0.1119710738406683,1,,,94.444,36.0,10^-9.48129,,,,,,,,,,,,,,,,,,0
61474,1,61471,Timema californicum,California timema,eukaryota,false,,,,0.1119710738406683,1,,,81.429,70.0,10^-17.4267,,,,,,,,,,,,,,,,,,0
60957,2,60957,Piscicola,"",eukaryota,false,,,,0.1119710738406683,1,,,87.5,40.0,10^-8.06317,,,,,,,,,,,,,,,,,[60958],0
60958,1,60957,Piscicola geometra,"",eukaryota,false,,,,0.1119710738406683,1,,,87.5,40.0,10^-8.06317,,,,,,,,,,,,,,,,,,0
60940,2,60940,Branchellion,"",eukaryota,false,,,,0.33591322152200487,3,,,92.489,44.3333,10^-13.2793,,,,,,,,,,,,,,,,,[375517],0
375517,1,60940,Branchellion lobata,"",eukaryota,false,,,,0.33591322152200487,3,,,92.489,44.3333,10^-13.2793,,,,,,,,,,,,,,,,,,0
60836,2,60836,Leistus,"",eukaryota,false,,,,0.2239421476813366,2,,,93.5225,51.5,10^-17.9186,,,,,,,,,,,,,,,,,[878056],0
878056,1,60836,Leistus spinibarbis,"",eukaryota,false,,,,0.2239421476813366,2,,,93.5225,51.5,10^-17.9186,,,,,,,,,,,,,,,,,,0
60568,2,60568,Cryptotermes,"",eukaryota,false,,,,,,,,,,,,,,,,0.4478842953626732,4,,,89.875,24.25,10^-6.31067,,,,,[105785],0
105785,1,60568,Cryptotermes secundus,"",eukaryota,false,,,,,,,,,,,,,,,,0.4478842953626732,4,,,89.875,24.25,10^-6.31067,,,,,,0
59732,2,59732,Chryseobacterium,"",bacteria,false,,,,0.2239421476813366,2,,,100.0,74.5,10^-38.3283,,,,,,,,,,,,,,,,,"[3025664, 1871047]",0
3025664,1,59732,Chryseobacterium sp. KACC 21268,"",bacteria,false,,,,0.1119710738406683,1,,,100.0,74.0,10^-37.9881,,,,,,,,,,,,,,,,,,0
1871047,1,59732,Chryseobacterium sp.,"",bacteria,false,,,,0.1119710738406683,1,,,100.0,75.0,10^-38.6685,,,,,,,,,,,,,,,,,,0
58823,2,58823,Plodia,"",eukaryota,false,,,,,,,,,,,,,,,,0.1119710738406683,1,,,95.7,23.0,10^-5.84771,,,,,[58824],0
58824,1,58823,Plodia interpunctella,Indianmeal moth,eukaryota,false,,,,,,,,,,,,,,,,0.1119710738406683,1,,,95.7,23.0,10^-5.84771,,,,,,0
58781,2,58781,Dinothrombium,"",eukaryota,false,,,,,,,,,,,,,,,,0.1119710738406683,1,,,81.8,22.0,10^-4.70774,,,,,[1965070],0
1965070,1,58781,Dinothrombium tinctorium,"",eukaryota,false,,,,,,,,,,,,,,,,0.1119710738406683,1,,,81.8,22.0,10^-4.70774,,,,,,0
58738,2,58738,Fopius,"",eukaryota,false,,,,,,,,,,,,,,,,0.33591322152200487,3,,,97.3333,24.6667,10^-5.89819,,,,,[64838],0
64838,1,58738,Fopius arisanus,"",eukaryota,false,,,,,,,,,,,,,,,,0.33591322152200487,3,,,97.3333,24.6667,10^-5.89819,,,,,,0
57515,2,57515,Nicrophorus,sexton beetles,eukaryota,false,,,,,,,,,,,,,,,,0.1119710738406683,1,,,100.0,23.0,10^-5.93554,,,,,[110193],0
110193,1,57515,Nicrophorus vespilloides,"",eukaryota,false,,,,,,,,,,,,,,,,0.1119710738406683,1,,,100.0,23.0,10^-5.93554,,,,,,0
56375,2,56375,Catocala,"",eukaryota,false,,,,0.1119710738406683,1,,,82.456,57.0,10^-12.7126,,,,,,,,,,,,,,,,,[423510],0
423510,1,56375,Catocala fraxini,"",eukaryota,false,,,,0.1119710738406683,1,,,82.456,57.0,10^-12.7126,,,,,,,,,,,,,,,,,,0
56365,2,56365,Amphipyra,"",eukaryota,false,,,,0.1119710738406683,1,,,94.444,36.0,10^-9.48129,,,,,,,,,,,,,,,,,[987877],0
987877,1,56365,Amphipyra berbera,"",eukaryota,false,,,,0.1119710738406683,1,,,94.444,36.0,10^-9.48129,,,,,,,,,,,,,,,,,,0
55056,2,55056,Mamestra,"",eukaryota,false,,,,0.1119710738406683,1,,,97.436,39.0,10^-12.8775,,,,,,,,,,,,,,,,,[55057],0
55057,1,55056,Mamestra brassicae,cabbage moth,eukaryota,false,,,,0.1119710738406683,1,,,97.436,39.0,10^-12.8775,,,,,,,,,,,,,,,,,,0
54968,2,54968,Polypedilum,"",eukaryota,false,,,,,,,,,,,,,,,,0.4478842953626732,4,,,92.675,23.5,10^-5.4318,,,,,[319348],0
319348,1,54968,Polypedilum vanderplanki,sleeping chironomid,eukaryota,false,,,,,,,,,,,,,,,,0.4478842953626732,4,,,92.675,23.5,10^-5.4318,,,,,,0
54959,2,54959,Pestalosphaeria,"",eukaryota,false,,,,0.1119710738406683,1,,,100.0,74.0,10^-37.9881,,,,,,,,,,,,,,,,,[85931],0
85931,1,54959,Pestalosphaeria sp. NE-32,"",eukaryota,false,,,,0.1119710738406683,1,,,100.0,74.0,10^-37.9881,,,,,,,,,,,,,,,,,,0
54692,2,54692,Chlorociboria,"",eukaryota,false,,,,,,,,,,,,,,,,0.1119710738406683,1,,,87.5,24.0,10^-5.96257,,,,,[296797],0
296797,1,54692,Chlorociboria aeruginascens,"",eukaryota,false,,,,,,,,,,,,,,,,0.1119710738406683,1,,,87.5,24.0,10^-5.96257,,,,,,0
53551,2,53551,Sabethes,"",eukaryota,false,,,,11.756962753270171,105,,,91.1837,63.0952,10^-22.6382,,,,,,33.47935107835982,299,,,91.9946,24.2331,10^-5.24954,,,,,"[464956, 53552]",0
464956,1,53551,Sabethes belisarioi,"",eukaryota,false,,,,,,,,,,,,,,,,0.1119710738406683,1,,,88.0,25.0,10^-4.43063,,,,,,0
53552,1,53551,Sabethes cyaneus,"",eukaryota,false,,,,11.756962753270171,105,,,91.1837,63.0952,10^-22.6382,,,,,,33.367380004519156,298,,,92.0081,24.2305,10^-5.25232,,,,,,0
53335,2,53335,Pantoea,"",bacteria,false,,,,0.6718264430440097,6,,,97.7402,71.8333,10^-34.6861,,,,,,0.1119710738406683,1,,,91.7,24.0,10^-4.19997,,,,,"[59814, 553]",0
59814,1,53335,Pantoea dispersa,"",bacteria,false,,,,0.2239421476813366,2,,,100.0,73.5,10^-37.6483,,,,,,,,,,,,,,,,,,0
553,1,53335,Pantoea ananatis,"",bacteria,false,,,,0.4478842953626732,4,,,96.6103,71.0,10^-33.2051,,,,,,0.1119710738406683,1,,,91.7,24.0,10^-4.19997,,,,,,0
53246,2,53246,Pseudoalteromonas,"",bacteria,false,,,,,,,,,,,,,,,,3.023218993698044,27,1,26,67.9644,59.6296,10^-18.1719,,,,,[2066515],0
2066515,1,53246,Pseudoalteromonas sp. S558,"",bacteria,false,,,,,,,,,,,,,,,,3.023218993698044,27,1,26,67.9644,59.6296,10^-18.1719,,,,,,0
52939,2,52939,Tridacna,"",eukaryota,false,,,,0.1119710738406683,1,,,94.595,37.0,10^-10.1556,,,,,,,,,,,,,,,,,[80833],0
80833,1,52939,Tridacna crocea,"",eukaryota,false,,,,0.1119710738406683,1,,,94.595,37.0,10^-10.1556,,,,,,,,,,,,,,,,,,0
51538,2,51538,Microplitis,"",eukaryota,false,,,,0.1119710738406683,1,,,97.297,37.0,10^-11.528,,,,,,0.1119710738406683,1,,,88.0,25.0,10^-5.66154,,,,,"[375433, 69319]",0
375433,1,51538,Microplitis mediator,"",eukaryota,false,,,,0.1119710738406683,1,,,97.297,37.0,10^-11.528,,,,,,,,,,,,,,,,,,0
69319,1,51538,Microplitis demolitor,"",eukaryota,false,,,,,,,,,,,,,,,,0.1119710738406683,1,,,88.0,25.0,10^-5.66154,,,,,,0
51293,2,51293,Capitella,"",eukaryota,false,,,,,,,,,,,,,,,,0.1119710738406683,1,,,76.0,25.0,10^-4.5817,,,,,[283909],0
283909,1,51293,Capitella teleta,"",eukaryota,false,,,,,,,,,,,,,,,,0.1119710738406683,1,,,76.0,25.0,10^-4.5817,,,,,,0
50582,2,50582,Ephemera,"",eukaryota,false,,,,,,,,,,,,,,,,0.1119710738406683,1,,,87.5,24.0,10^-5.54975,,,,,[1049336],0
1049336,1,50582,Ephemera danica,"",eukaryota,false,,,,,,,,,,,,,,,,0.1119710738406683,1,,,87.5,24.0,10^-5.54975,,,,,,0
50425,2,50425,Pinctada,"",eukaryota,false,,,,0.1119710738406683,1,,,90.244,41.0,10^-10.111,,,,,,,,,,,,,,,,,[50426],0
50426,1,50425,Pinctada fucata,"",eukaryota,false,,,,0.1119710738406683,1,,,90.244,41.0,10^-10.111,,,,,,,,,,,,,,,,,,0
50385,2,50385,Diabrotica,"",eukaryota,false,,,,,,,,,,,,,,,,0.1119710738406683,1,,,80.0,25.0,10^-3.75696,,,,,[50389],0
50389,1,50385,Diabrotica virgifera,"",eukaryota,false,,,,,,,,,,,,,,,,0.1119710738406683,1,,,80.0,25.0,10^-3.75696,,,,,,0
47732,2,47732,Cataglyphis,"",eukaryota,false,,,,0.1119710738406683,1,,,87.5,64.0,10^-20.2104,,,,,,,,,,,,,,,,,[1086592],0
1086592,1,47732,Cataglyphis hispanica,"",eukaryota,false,,,,0.1119710738406683,1,,,87.5,64.0,10^-20.2104,,,,,,,,,,,,,,,,,,0
47056,2,47056,Vuilleminia,"",eukaryota,false,,,,0.1119710738406683,1,,,97.368,76.0,10^-36.6042,,,,,,,,,,,,,,,,,[47060],0
47060,1,47056,Vuilleminia cystidiata,"",eukaryota,false,,,,0.1119710738406683,1,,,97.368,76.0,10^-36.6042,,,,,,,,,,,,,,,,,,0
46730,2,46730,Pocillopora,"",eukaryota,false,,,,,,,,,,,,,,,,0.1119710738406683,1,,,92.0,25.0,10^-4.84771,,,,,[46731],0
46731,1,46730,Pocillopora damicornis,"",eukaryota,false,,,,,,,,,,,,,,,,0.1119710738406683,1,,,92.0,25.0,10^-4.84771,,,,,,0
46719,2,46719,Porites,"",eukaryota,false,,,,,,,,,,,,,,,,0.2239421476813366,2,,,86.95,23.5,10^-6.16878,,,,,"[104759, 104178]",0
104759,1,46719,Porites lobata,"",eukaryota,false,,,,,,,,,,,,,,,,0.1119710738406683,1,,,100.0,24.0,10^-8.17198,,,,,,0
104178,1,46719,Porites evermanni,"",eukaryota,false,,,,,,,,,,,,,,,,0.1119710738406683,1,,,73.9,23.0,10^-4.16558,,,,,,0
46580,2,46580,Spirometra,"",eukaryota,false,,,,0.1119710738406683,1,,,88.095,42.0,10^-9.41435,,,,,,,,,,,,,,,,,[99802],1
99802,1,46580,Spirometra erinaceieuropaei,"",eukaryota,false,,,,0.1119710738406683,1,,,88.095,42.0,10^-9.41435,,,,,,,,,,,,,,,,,,1
46210,2,46210,Nephrotoma,"",eukaryota,false,,,,0.2239421476813366,2,,,88.889,36.0,10^-6.73655,,,,,,,,,,,,,,,,,[2719080],0
2719080,1,46210,Nephrotoma flavescens,"",eukaryota,false,,,,0.2239421476813366,2,,,88.889,36.0,10^-6.73655,,,,,,,,,,,,,,,,,,0
46207,2,46207,Toxorhynchites,"",eukaryota,false,,,,18.139313962188265,162,1,20,90.4773,67.358,10^-21.9616,,,,,,53.074289000476774,474,1,6,91.1453,24.8544,10^-5.38427,,,,,[53553],0
53553,1,46207,Toxorhynchites rutilus,"",eukaryota,false,,,,18.139313962188265,162,1,20,90.4773,67.358,10^-21.9616,,,,,,53.074289000476774,474,1,6,91.1453,24.8544,10^-5.38427,,,,,,0
45787,2,45787,Wickerhamiella,"",eukaryota,false,,,,0.1119710738406683,1,,,97.368,76.0,10^-36.6042,,,,,,,,,,,,,,,,,[2832335],0
2832335,1,45787,Wickerhamiella tropicalis,"",eukaryota,false,,,,0.1119710738406683,1,,,97.368,76.0,10^-36.6042,,,,,,,,,,,,,,,,,,0
45059,2,45059,Frankliniella,"",eukaryota,false,,,,,,,,,,,,,,,,0.1119710738406683,1,,,80.0,25.0,10^-8.15614,,,,,[133901],0
133901,1,45059,Frankliniella occidentalis,western flower thrips,eukaryota,false,,,,,,,,,,,,,,,,0.1119710738406683,1,,,80.0,25.0,10^-8.15614,,,,,,0
45057,2,45057,Thrips,"",eukaryota,false,,,,0.1119710738406683,1,,,93.75,48.0,10^-16.2182,,,,,,0.1119710738406683,1,,,91.7,24.0,10^-7.31605,,,,,[161013],0
161013,1,45057,Thrips palmi,"",eukaryota,false,,,,0.1119710738406683,1,,,93.75,48.0,10^-16.2182,,,,,,0.1119710738406683,1,,,91.7,24.0,10^-7.31605,,,,,,0
44196,2,44196,Paramuricea,"",eukaryota,false,,,,,,,,,,,,,,,,0.1119710738406683,1,,,76.0,25.0,10^-4.57349,,,,,[317549],0
317549,1,44196,Paramuricea clavata,"",eukaryota,false,,,,,,,,,,,,,,,,0.1119710738406683,1,,,76.0,25.0,10^-4.57349,,,,,,0
43431,2,43431,Sphaerosporella,"",eukaryota,false,,,,,,,,,,,,,,,,0.1119710738406683,1,,,87.0,23.0,10^-3.67162,,,,,[1250544],0
1250544,1,43431,Sphaerosporella brunnea,"",eukaryota,false,,,,,,,,,,,,,,,,0.1119710738406683,1,,,87.0,23.0,10^-3.67162,,,,,,0
42360,2,42360,Daldinia,"",eukaryota,false,,,,0.2239421476813366,2,,,100.0,76.0,10^-39.3489,,,,,,,,,,,,,,,,,[292717],0
292717,1,42360,Daldinia eschscholtzii,"",eukaryota,false,,,,0.2239421476813366,2,,,100.0,76.0,10^-39.3489,,,,,,,,,,,,,,,,,,0
42308,2,42308,Hypoxylon,"",eukaryota,false,,,,0.33591322152200487,3,,,98.6297,74.0,10^-36.6159,,,,,,0.6718264430440097,6,,,95.1,23.5,10^-6.6701,,,,,"[2585249, 1001833, 326657, 326656, 110542, 109372, 63214]",0
2585249,1,42308,Hypoxylon mangrovei,"",eukaryota,false,,,,0.1119710738406683,1,,,100.0,75.0,10^-38.6685,,,,,,,,,,,,,,,,,,0
1001833,1,42308,Hypoxylon sp. CI-4A,"",eukaryota,false,,,,,,,,,,,,,,,,0.2239421476813366,2,,,96.0,23.0,10^-6.10661,,,,,,0
326657,1,42308,Hypoxylon crocopeplum,"",eukaryota,false,,,,,,,,,,,,,,,,0.1119710738406683,1,,,91.3,23.0,10^-6.98716,,,,,,0
326656,1,42308,Hypoxylon cercidicola,"",eukaryota,false,,,,,,,,,,,,,,,,0.1119710738406683,1,,,91.3,23.0,10^-6.44612,,,,,,0
110542,1,42308,Hypoxylon rubiginosum,"",eukaryota,false,,,,,,,,,,,,,,,,0.1119710738406683,1,,,96.0,25.0,10^-6.86967,,,,,,0
109372,1,42308,Hypoxylon fuscum,"",eukaryota,false,,,,,,,,,,,,,,,,0.1119710738406683,1,,,100.0,24.0,10^-7.50446,,,,,,0
63214,1,42308,Hypoxylon fragiforme,"",eukaryota,false,,,,0.2239421476813366,2,,,97.9445,73.5,10^-35.5895,,,,,,,,,,,,,,,,,,0
42295,2,42295,Colias,clouded yellows,eukaryota,false,,,,,,,,,,,,,,,,0.2239421476813366,2,,,100.0,24.5,10^-6.47425,,,,,[72248],0
72248,1,42295,Colias croceus,clouded yellow,eukaryota,false,,,,,,,,,,,,,,,,0.2239421476813366,2,,,100.0,24.5,10^-6.47425,,,,,,0
42291,2,42291,Parnassius,"",eukaryota,false,,,,,,,,,,,,,,,,0.1119710738406683,1,,,96.0,25.0,10^-7.30715,,,,,[213934],0
213934,1,42291,Parnassius epaphus,common red apollo,eukaryota,false,,,,,,,,,,,,,,,,0.1119710738406683,1,,,96.0,25.0,10^-7.30715,,,,,,0
42274,2,42274,Vanessa,"",eukaryota,false,,,,0.1119710738406683,1,,,89.831,59.0,10^-19.5595,,,,,,0.1119710738406683,1,,,100.0,24.0,10^-4.73518,,,,,"[334116, 42275]",0
334116,1,42274,Vanessa tameamea,"",eukaryota,false,,,,0.1119710738406683,1,,,89.831,59.0,10^-19.5595,,,,,,,,,,,,,,,,,,0
42275,1,42274,Vanessa atalanta,red admiral,eukaryota,false,,,,,,,,,,,,,,,,0.1119710738406683,1,,,100.0,24.0,10^-4.73518,,,,,,0
41275,2,41275,Brevundimonas,"",bacteria,false,,,,0.2239421476813366,2,,,94.737,76.0,10^-33.8595,,,,,,,,,,,,,,,,,[2813778],0
2813778,1,41275,Brevundimonas fontaquae,"",bacteria,false,,,,0.2239421476813366,2,,,94.737,76.0,10^-33.8595,,,,,,,,,,,,,,,,,,0
41138,2,41138,Coccinella,"",eukaryota,false,,,,0.1119710738406683,1,,,85.965,57.0,10^-15.4574,,,,,,,,,,,,,,,,,[41139],0
41139,1,41138,Coccinella septempunctata,seven-spotted ladybird,eukaryota,false,,,,0.1119710738406683,1,,,85.965,57.0,10^-15.4574,,,,,,,,,,,,,,,,,,0
41125,2,41125,Chrysolina,"",eukaryota,false,,,,0.2239421476813366,2,,,92.1,38.0,10^-9.45796,,,,,,,,,,,,,,,,,"[1587174, 75519]",0
1587174,1,41125,Chrysolina oricalcia,"",eukaryota,false,,,,0.1119710738406683,1,,,92.308,39.0,10^-10.1327,,,,,,,,,,,,,,,,,,0
75519,1,41125,Chrysolina haemoptera,"",eukaryota,false,,,,0.1119710738406683,1,,,91.892,37.0,10^-8.78321,,,,,,,,,,,,,,,,,,0
41100,2,41100,Rhagonycha,"",eukaryota,false,,,,0.1119710738406683,1,,,88.235,51.0,10^-14.1333,,,,,,,,,,,,,,,,,[1553715],0
1553715,1,41100,Rhagonycha lutea,"",eukaryota,false,,,,0.1119710738406683,1,,,88.235,51.0,10^-14.1333,,,,,,,,,,,,,,,,,,0
41080,2,41080,Agonum,"",eukaryota,false,,,,0.2239421476813366,2,,,94.8045,38.5,10^-11.1676,,,,,,,,,,,,,,,,,[1553040],0
1553040,1,41080,Agonum fuliginosum,"",eukaryota,false,,,,0.2239421476813366,2,,,94.8045,38.5,10^-11.1676,,,,,,,,,,,,,,,,,,0
41078,2,41078,Pterostichus,"",eukaryota,false,,,,0.1119710738406683,1,,,86.111,36.0,10^-5.36418,,,,,,,,,,,,,,,,,[767470],0
767470,1,41078,Pterostichus madidus,"",eukaryota,false,,,,0.1119710738406683,1,,,86.111,36.0,10^-5.36418,,,,,,,,,,,,,,,,,,0
41026,2,41026,Micropterix,"",eukaryota,false,,,,0.4478842953626732,4,,,88.4935,54.75,10^-16.0102,,,,,,,,,,,,,,,,,[1042620],0
1042620,1,41026,Micropterix aruncella,"",eukaryota,false,,,,0.4478842953626732,4,,,88.4935,54.75,10^-16.0102,,,,,,,,,,,,,,,,,,0
41013,2,41013,Tinea,"",eukaryota,false,,,,0.1119710738406683,1,,,88.71,62.0,10^-20.2242,,,,,,,,,,,,,,,,,[1101063],0
1101063,1,41013,Tinea semifulvella,"",eukaryota,false,,,,0.1119710738406683,1,,,88.71,62.0,10^-20.2242,,,,,,,,,,,,,,,,,,0
40929,2,40929,Planococcus,"",eukaryota,false,,,,0.1119710738406683,1,,,86.486,37.0,10^-6.03847,,,,,,,,,,,,,,,,,[170843],0
170843,1,40929,Planococcus citri,citrus mealybug,eukaryota,false,,,,0.1119710738406683,1,,,86.486,37.0,10^-6.03847,,,,,,,,,,,,,,,,,,0
40468,2,40468,Inonotus,"",eukaryota,false,,,,0.2239421476813366,2,,,98.6665,75.0,10^-37.2962,,,,,,,,,,,,,,,,,[2765319],0
2765319,1,40468,Inonotus sp. VRTO-2020a,"",eukaryota,false,,,,0.2239421476813366,2,,,98.6665,75.0,10^-37.2962,,,,,,,,,,,,,,,,,,0
40415,2,40415,Antrodia,"",eukaryota,false,,,,0.1119710738406683,1,,,97.333,75.0,10^-35.9238,,,,,,,,,,,,,,,,,[1198543],0
1198543,1,40415,Antrodia sp. 20 OG-2012,"",eukaryota,false,,,,0.1119710738406683,1,,,97.333,75.0,10^-35.9238,,,,,,,,,,,,,,,,,,0
40144,2,40144,Tricholoma,"",eukaryota,false,,,,0.33591322152200487,3,,,93.0493,63.3333,10^-25.2663,,,,,,,,,,,,,,,,,"[113601, 40145]",0
113601,1,40144,Tricholoma ustale,"",eukaryota,false,,,,0.2239421476813366,2,,,94.702,75.5,10^-33.5192,,,,,,,,,,,,,,,,,,0
40145,1,40144,Tricholoma matsutake,"",eukaryota,false,,,,0.1119710738406683,1,,,89.744,39.0,10^-8.76035,,,,,,,,,,,,,,,,,,0
39132,2,39132,Allacma,"",eukaryota,false,,,,,,,,,,,,,,,,0.1119710738406683,1,,,95.8,24.0,10^-6.89279,,,,,[39272],0
39272,1,39132,Allacma fusca,"",eukaryota,false,,,,,,,,,,,,,,,,0.1119710738406683,1,,,95.8,24.0,10^-6.89279,,,,,,0
37991,2,37991,Xylaria,"",eukaryota,false,,,,0.783797516884678,7,,,97.0561,73.2857,10^-34.5632,,,,,,0.33591322152200487,3,,,95.8333,23.3333,10^-5.58371,,,,,"[2599082, 743287, 363999, 114818, 42375, 37992]",0
2599082,1,37991,Xylaria ellisii,"",eukaryota,false,,,,0.2239421476813366,2,,,98.684,76.0,10^-37.9766,,,,,,,,,,,,,,,,,,0
743287,1,37991,Xylaria scruposa,"",eukaryota,false,,,,,,,,,,,,,,,,0.1119710738406683,1,,,87.5,24.0,10^-4.7167,,,,,,0
363999,1,37991,Xylaria grammica,"",eukaryota,false,,,,0.1119710738406683,1,,,98.684,76.0,10^-37.9766,,,,,,,,,,,,,,,,,,0
114818,1,37991,Xylaria longipes,"",eukaryota,false,,,,0.2239421476813366,2,,,98.276,67.0,10^-31.8596,,,,,,0.1119710738406683,1,,,100.0,23.0,10^-6.22475,,,,,,0
42375,1,37991,Xylaria curta,"",eukaryota,false,,,,,,,,,,,,,,,,0.1119710738406683,1,,,100.0,23.0,10^-5.80967,,,,,,0
37992,1,37991,Xylaria hypoxylon,"",eukaryota,false,,,,0.2239421476813366,2,,,93.3945,75.5,10^-32.1469,,,,,,,,,,,,,,,,,,0
37343,2,37343,Athalia,"",eukaryota,false,,,,,,,,,,,,,,,,0.1119710738406683,1,,,100.0,24.0,10^-4.31069,,,,,[37344],0
37344,1,37343,Athalia rosae,coleseed sawfly,eukaryota,false,,,,,,,,,,,,,,,,0.1119710738406683,1,,,100.0,24.0,10^-4.31069,,,,,,0
36910,2,36910,Clavispora,"",eukaryota,false,,,,0.1119710738406683,1,,,92.157,51.0,10^-16.8781,,,,,,,,,,,,,,,,,[36911],1
36911,1,36910,Clavispora lusitaniae,"",eukaryota,false,,,,0.1119710738406683,1,,,92.157,51.0,10^-16.8781,,,,,,,,,,,,,,,,,,1
36136,2,36136,Pollicipes,"",eukaryota,false,,,,0.1119710738406683,1,,,86.486,74.0,10^-24.2644,,,,,,0.1119710738406683,1,,,77.3,22.0,10^-3.50864,,,,,[41117],0
41117,1,36136,Pollicipes pollicipes,"",eukaryota,false,,,,0.1119710738406683,1,,,86.486,74.0,10^-24.2644,,,,,,0.1119710738406683,1,,,77.3,22.0,10^-3.50864,,,,,,0
35571,2,35571,Bradysia,"",eukaryota,false,,,,0.1119710738406683,1,,,92.958,71.0,10^-29.0857,,,,,,1.119710738406683,10,,,92.2,24.1,10^-6.14652,,,,,"[1564500, 38358]",0
1564500,1,35571,Bradysia odoriphaga,"",eukaryota,false,,,,,,,,,,,,,,,,0.4478842953626732,4,,,90.05,24.0,10^-6.48758,,,,,,0
38358,1,35571,Bradysia coprophila,"",eukaryota,false,,,,0.1119710738406683,1,,,92.958,71.0,10^-29.0857,,,,,,0.6718264430440097,6,,,93.6333,24.1667,10^-5.91914,,,,,,0
35569,2,35569,Stomoxys,"",eukaryota,false,,,,,,,,,,,,,,,,0.2239421476813366,2,,,98.0,25.0,10^-7.30909,,,,,[35570],0
35570,1,35569,Stomoxys calcitrans,stable fly,eukaryota,false,,,,,,,,,,,,,,,,0.2239421476813366,2,,,98.0,25.0,10^-7.30909,,,,,,0
34717,2,34717,Trachymyrmex,"",eukaryota,false,,,,0.1119710738406683,1,,,85.526,76.0,10^-24.2529,,,,,,0.2239421476813366,2,,,100.0,24.5,10^-6.51902,,,,,"[471704, 64791]",0
471704,1,34717,Trachymyrmex cornetzi,"",eukaryota,false,,,,0.1119710738406683,1,,,85.526,76.0,10^-24.2529,,,,,,0.1119710738406683,1,,,100.0,24.0,10^-6.82974,,,,,,0
64791,1,34717,Trachymyrmex zeteki,"",eukaryota,false,,,,,,,,,,,,,,,,0.1119710738406683,1,,,100.0,25.0,10^-6.20831,,,,,,0
34699,2,34699,Cyphomyrmex,"",eukaryota,false,,,,,,,,,,,,,,,,0.1119710738406683,1,,,78.3,23.0,10^-3.21325,,,,,[456900],0
456900,1,34699,Cyphomyrmex costatus,"",eukaryota,false,,,,,,,,,,,,,,,,0.1119710738406683,1,,,78.3,23.0,10^-3.21325,,,,,,0
34681,2,34681,Syritta,"",eukaryota,false,,,,0.33591322152200487,3,,,90.946,59.6667,10^-20.9394,,,,,,,,,,,,,,,,,[34682],0
34682,1,34681,Syritta pipiens,"",eukaryota,false,,,,0.33591322152200487,3,,,90.946,59.6667,10^-20.9394,,,,,,,,,,,,,,,,,,0
34619,2,34619,Dermacentor,"",eukaryota,false,,,,,,,,,,,,,,,,0.1119710738406683,1,,,68.0,25.0,10^-3.34775,,,,,[543639],0
543639,1,34619,Dermacentor silvarum,"",eukaryota,false,,,,,,,,,,,,,,,,0.1119710738406683,1,,,68.0,25.0,10^-3.34775,,,,,,0
34487,2,34487,Conidiobolus,"",eukaryota,false,,,,0.2239421476813366,2,,,100.0,75.0,10^-38.6685,,,,,,,,,,,,,,,,,[34488],1
34488,1,34487,Conidiobolus coronatus,"",eukaryota,false,,,,0.2239421476813366,2,,,100.0,75.0,10^-38.6685,,,,,,,,,,,,,,,,,,1
34453,2,34453,Hebeloma,"",eukaryota,false,,,,,,,,,,,,,,,,0.2239421476813366,2,,,87.5,24.0,10^-6.06133,,,,,[76867],0
76867,1,34453,Hebeloma cylindrosporum,"",eukaryota,false,,,,,,,,,,,,,,,,0.2239421476813366,2,,,87.5,24.0,10^-6.06133,,,,,,0
34448,2,34448,Marasmius,"",eukaryota,false,,,,0.33591322152200487,3,,,100.0,70.3333,10^-35.4947,,,,,,,,,,,,,,,,,"[1108155, 585030]",0
1108155,1,34448,Marasmius bulliardii,"",eukaryota,false,,,,0.2239421476813366,2,,,100.0,68.0,10^-33.9078,,,,,,,,,,,,,,,,,,0
585030,1,34448,Marasmius tenuissimus,"",eukaryota,false,,,,0.1119710738406683,1,,,100.0,75.0,10^-38.6685,,,,,,,,,,,,,,,,,,0
34037,2,34037,Rahnella,"",bacteria,false,,,,,,,,,,,,,,,,0.1119710738406683,1,,,92.0,25.0,10^-7.74715,,,,,[1805933],0
1805933,1,34037,Rahnella sikkimica,"",bacteria,false,,,,,,,,,,,,,,,,0.1119710738406683,1,,,92.0,25.0,10^-7.74715,,,,,,0
34000,2,34000,Acidomonas,"",bacteria,false,,,,0.2239421476813366,2,,,100.0,66.0,10^-32.5484,,,,,,,,,,,,,,,,,[437],0
437,1,34000,Acidomonas methanolica,"",bacteria,false,,,,0.2239421476813366,2,,,100.0,66.0,10^-32.5484,,,,,,,,,,,,,,,,,,0
33687,2,33687,Amblyospora,"",eukaryota,false,,,,1.567595033769356,14,,,91.8644,65.3571,10^-24.0881,,,,,,,,,,,,,,,,,"[1129588, 1129586, 1129584, 1129579, 191599, 191597, 191592, 33688]",0
1129588,1,33687,Amblyospora modestium,"",eukaryota,false,,,,0.1119710738406683,1,,,91.304,69.0,10^-26.3534,,,,,,,,,,,,,,,,,,0
1129586,1,33687,Amblyospora mavlukevia,"",eukaryota,false,,,,0.1119710738406683,1,,,83.516,91.0,10^-28.9779,,,,,,,,,,,,,,,,,,0
1129584,1,33687,Amblyospora kazankia,"",eukaryota,false,,,,0.1119710738406683,1,,,97.561,41.0,10^-14.2281,,,,,,,,,,,,,,,,,,0
1129579,1,33687,Amblyospora bogashovia,"",eukaryota,false,,,,0.1119710738406683,1,,,98.571,70.0,10^-33.8952,,,,,,,,,,,,,,,,,,0
191599,1,33687,Amblyospora bracteata,"",eukaryota,false,,,,0.1119710738406683,1,,,93.182,44.0,10^-13.5113,,,,,,,,,,,,,,,,,,0
191597,1,33687,Amblyospora sp. 'ferocious',"",eukaryota,false,,,,0.5598553692033414,5,,,93.6478,61.6,10^-23.5389,,,,,,,,,,,,,,,,,,0
191592,1,33687,Amblyospora indicola,"",eukaryota,false,,,,0.1119710738406683,1,,,91.045,67.0,10^-24.9938,,,,,,,,,,,,,,,,,,0
33688,1,33687,Amblyospora sp.,"",eukaryota,false,,,,0.33591322152200487,3,,,87.5613,75.0,10^-25.8598,,,,,,,,,,,,,,,,,,0
33465,2,33465,Yponomeuta,European small ermine moth,eukaryota,false,,,,0.2239421476813366,2,,,88.3175,69.0,10^-23.6103,,,,,,,,,,,,,,,,,"[1594356, 33466]",0
1594356,1,33465,Yponomeuta plumbellus,"",eukaryota,false,,,,0.1119710738406683,1,,,87.302,63.0,10^-19.531,,,,,,,,,,,,,,,,,,0
33466,1,33465,Yponomeuta malinellus,apple ermine moth,eukaryota,false,,,,0.1119710738406683,1,,,89.333,75.0,10^-27.6895,,,,,,,,,,,,,,,,,,0
33393,2,33393,Holotrichia,"",eukaryota,false,,,,,,,,,,,,,,,,0.1119710738406683,1,,,92.0,25.0,10^-8.10073,,,,,[644536],0
644536,1,33393,Holotrichia oblita,"",eukaryota,false,,,,,,,,,,,,,,,,0.1119710738406683,1,,,92.0,25.0,10^-8.10073,,,,,,0
33202,2,33202,Paecilomyces,"",eukaryota,false,,,,0.1119710738406683,1,,,100.0,76.0,10^-39.3489,,,,,,,,,,,,,,,,,[264951],0
264951,1,33202,Paecilomyces variotii,"",eukaryota,false,,,,0.1119710738406683,1,,,100.0,76.0,10^-39.3489,,,,,,,,,,,,,,,,,,0
33055,2,33055,Candidatus Kinetoplastibacterium,"",bacteria,false,,,,0.2239421476813366,2,,,98.0085,75.5,10^-36.9502,,,,,,,,,,,,,,,,,[994695],0
994695,1,33055,Candidatus Kinetoplastibacterium galatii,"",bacteria,false,,,,0.2239421476813366,2,,,98.0085,75.5,10^-36.9502,,,,,,,,,,,,,,,,,,0
32390,2,32390,Cotesia,"",eukaryota,false,,,,,,,,,,,,,,,,0.1119710738406683,1,,,100.0,25.0,10^-6.61261,,,,,[51543],0
51543,1,32390,Cotesia congregata,"",eukaryota,false,,,,,,,,,,,,,,,,0.1119710738406683,1,,,100.0,25.0,10^-6.61261,,,,,,0
32263,2,32263,Tetranychus,"",eukaryota,false,,,,,,,,,,,,,,,,0.1119710738406683,1,,,91.7,24.0,10^-3.91721,,,,,[93129],0
93129,1,32263,Tetranychus cinnabarinus,carmine spider mite,eukaryota,false,,,,,,,,,,,,,,,,0.1119710738406683,1,,,91.7,24.0,10^-3.91721,,,,,,0
32012,2,32012,Thiomonas,"",bacteria,false,,,,,,,,,,,,,,,,0.1119710738406683,1,,,84.2,19.0,10^-4.45842,,,,,[554131],0
554131,1,32012,Thiomonas sp. CB2,"",bacteria,false,,,,,,,,,,,,,,,,0.1119710738406683,1,,,84.2,19.0,10^-4.45842,,,,,,0
30252,2,30252,Melanoplus,"",eukaryota,false,,,,,,,,,,,,,,,,0.1119710738406683,1,,,95.2,21.0,10^-4.67778,,,,,[103638],0
103638,1,30252,Melanoplus dawsoni,Dawson grasshopper,eukaryota,false,,,,,,,,,,,,,,,,0.1119710738406683,1,,,95.2,21.0,10^-4.67778,,,,,,0
30204,2,30204,Tetramorium,"",eukaryota,false,,,,0.1119710738406683,1,,,89.474,38.0,10^-8.08544,,,,,,,,,,,,,,,,,[219812],0
219812,1,30204,Tetramorium bicarinatum,"",eukaryota,false,,,,0.1119710738406683,1,,,89.474,38.0,10^-8.08544,,,,,,,,,,,,,,,,,,0
30137,2,30137,Macrosteles,"",eukaryota,false,,,,,,,,,,,,,,,,0.1119710738406683,1,,,100.0,25.0,10^-4.70774,,,,,[74068],0
74068,1,30137,Macrosteles quadrilineatus,aster leafhopper,eukaryota,false,,,,,,,,,,,,,,,,0.1119710738406683,1,,,100.0,25.0,10^-4.70774,,,,,,0
30079,2,30079,Cimex,"",eukaryota,false,,,,,,,,,,,,,,,,0.1119710738406683,1,,,100.0,25.0,10^-6.47496,,,,,[79782],0
79782,1,30079,Cimex lectularius,bed bug,eukaryota,false,,,,,,,,,,,,,,,,0.1119710738406683,1,,,100.0,25.0,10^-6.47496,,,,,,0
29907,2,29907,Sporothrix,"",eukaryota,false,,,,0.1119710738406683,1,,,92.5,40.0,10^-10.8079,,,,,,,,,,,,,,,,,[545650],0
545650,1,29907,Sporothrix brasiliensis,"",eukaryota,false,,,,0.1119710738406683,1,,,92.5,40.0,10^-10.8079,,,,,,,,,,,,,,,,,,0
29487,2,29487,Photorhabdus,"",bacteria,false,,,,,,,,,,,,,,,,0.1119710738406683,1,,,100.0,24.0,10^-11.4078,,,,,[1004150],0
1004150,1,29487,Photorhabdus khanii,"",bacteria,false,,,,,,,,,,,,,,,,0.1119710738406683,1,,,100.0,24.0,10^-11.4078,,,,,,0
29169,2,29169,Ancylostoma,"",eukaryota,false,,,,,,,,,,,,,,,,0.1119710738406683,1,,,100.0,17.0,10^-3.3947,,,,,[53326],1
53326,1,29169,Ancylostoma ceylanicum,"",eukaryota,false,,,,,,,,,,,,,,,,0.1119710738406683,1,,,100.0,17.0,10^-3.3947,,,,,,1
29054,2,29054,Epinotia,"",eukaryota,false,,,,0.1119710738406683,1,,,95.0,40.0,10^-12.1803,,,,,,,,,,,,,,,,,[1594293],0
1594293,1,29054,Epinotia bilunana,"",eukaryota,false,,,,0.1119710738406683,1,,,95.0,40.0,10^-12.1803,,,,,,,,,,,,,,,,,,0
29048,2,29048,Ophion,"",eukaryota,false,,,,0.2239421476813366,2,,,91.577,42.0,10^-11.473,,,,,,,,,,,,,,,,,"[2979155, 495356]",0
2979155,1,29048,Ophion slaviceki,"",eukaryota,false,,,,0.1119710738406683,1,,,87.805,41.0,10^-8.73863,,,,,,,,,,,,,,,,,,0
495356,1,29048,Ophion costatus,"",eukaryota,false,,,,0.1119710738406683,1,,,95.349,43.0,10^-14.2074,,,,,,,,,,,,,,,,,,0
29044,2,29044,Trichomalopsis,"",eukaryota,false,,,,,,,,,,,,,,,,0.1119710738406683,1,,,100.0,25.0,10^-5.9393,,,,,[543379],0
543379,1,29044,Trichomalopsis sarcophagae,"",eukaryota,false,,,,,,,,,,,,,,,,0.1119710738406683,1,,,100.0,25.0,10^-5.9393,,,,,,0
29012,2,29012,Araneus,"",eukaryota,false,,,,,,,,,,,,,,,,0.1119710738406683,1,,,82.6,23.0,10^-3.64589,,,,,[182803],0
182803,1,29012,Araneus ventricosus,"",eukaryota,false,,,,,,,,,,,,,,,,0.1119710738406683,1,,,82.6,23.0,10^-3.64589,,,,,,0
28644,2,28644,Eufriesea,"",eukaryota,false,,,,,,,,,,,,,,,,0.2239421476813366,2,,,92.0,25.0,10^-5.38981,,,,,[516756],0
516756,1,28644,Eufriesea mexicana,"",eukaryota,false,,,,,,,,,,,,,,,,0.2239421476813366,2,,,92.0,25.0,10^-5.38981,,,,,,0
28641,2,28641,Bombus,bumble bees,eukaryota,false,,,,,,,,,,,,,,,,0.33591322152200487,3,,,97.1,23.6667,10^-3.68522,,,,,"[309941, 132113, 30195]",0
309941,1,28641,Bombus affinis,"",eukaryota,false,,,,,,,,,,,,,,,,0.1119710738406683,1,,,100.0,24.0,10^-3.22113,,,,,,0
132113,1,28641,Bombus impatiens,common eastern bumble bee,eukaryota,false,,,,,,,,,,,,,,,,0.1119710738406683,1,,,91.3,23.0,10^-3.91009,,,,,,0
30195,1,28641,Bombus terrestris,buff-tailed bumblebee,eukaryota,false,,,,,,,,,,,,,,,,0.1119710738406683,1,,,100.0,24.0,10^-3.92445,,,,,,0
28609,2,28609,Rhagoletis,"",eukaryota,false,,,,,,,,,,,,,,,,0.783797516884678,7,,,98.8571,24.7143,10^-5.27671,,,,,"[28612, 28610]",0
28612,1,28609,Rhagoletis zephyria,snowberry fruit fly,eukaryota,false,,,,,,,,,,,,,,,,0.33591322152200487,3,,,97.3333,25.0,10^-4.25793,,,,,,0
28610,1,28609,Rhagoletis pomonella,apple maggot,eukaryota,false,,,,,,,,,,,,,,,,0.4478842953626732,4,,,100.0,24.5,10^-6.0408,,,,,,0
28585,2,28585,Anastrepha,"",eukaryota,false,,,,,,,,,,,,,,,,0.5598553692033414,5,,,99.16,24.2,10^-6.49964,,,,,"[95512, 28586]",0
95512,1,28585,Anastrepha obliqua,"",eukaryota,false,,,,,,,,,,,,,,,,0.4478842953626732,4,,,98.95,24.0,10^-6.19761,,,,,,0
28586,1,28585,Anastrepha ludens,Mexican fruit fly,eukaryota,false,,,,,,,,,,,,,,,,0.1119710738406683,1,,,100.0,25.0,10^-7.70774,,,,,,0
27529,2,27529,Orussus,"",eukaryota,false,,,,0.1119710738406683,1,,,95.349,43.0,10^-14.2074,,,,,,,,,,,,,,,,,[222816],0
222816,1,27529,Orussus abietinus,"",eukaryota,false,,,,0.1119710738406683,1,,,95.349,43.0,10^-14.2074,,,,,,,,,,,,,,,,,,0
27520,2,27520,Ichneumon,"",eukaryota,false,,,,0.2239421476813366,2,,,91.48,57.5,10^-19.2463,,,,,,,,,,,,,,,,,[2795680],0
2795680,1,27520,Ichneumon xanthorius,"",eukaryota,false,,,,0.2239421476813366,2,,,91.48,57.5,10^-19.2463,,,,,,,,,,,,,,,,,,0
27456,2,27456,Bactrocera,"",eukaryota,false,,,,0.1119710738406683,1,,,85.915,71.0,10^-22.2239,,,,,,0.6718264430440097,6,,,100.0,24.1667,10^-6.46005,,,,,"[2832415, 174628, 104688, 59916]",0
2832415,1,27456,Bactrocera bidentata,"",eukaryota,false,,,,,,,,,,,,,,,,0.1119710738406683,1,,,100.0,25.0,10^-7.08884,,,,,,0
174628,1,27456,Bactrocera latifrons,"",eukaryota,false,,,,,,,,,,,,,,,,0.1119710738406683,1,,,100.0,25.0,10^-8.10958,,,,,,0
104688,1,27456,Bactrocera oleae,olive fruit fly,eukaryota,false,,,,0.1119710738406683,1,,,85.915,71.0,10^-22.2239,,,,,,0.33591322152200487,3,,,100.0,24.3333,10^-5.99061,,,,,,0
59916,1,27456,Bactrocera tryoni,"",eukaryota,false,,,,,,,,,,,,,,,,0.1119710738406683,1,,,100.0,22.0,10^-5.59007,,,,,,0
27423,2,27423,Bittacus,"",eukaryota,false,,,,,,,,,,,,,,,,0.1119710738406683,1,,,95.8,24.0,10^-5.4034,,,,,[2021291],0
2021291,1,27423,Bittacus planus,"",eukaryota,false,,,,,,,,,,,,,,,,0.1119710738406683,1,,,95.8,24.0,10^-5.4034,,,,,,0
21019,2,21019,Castanea,"",eukaryota,false,,,,,,,,,,,,,,,,0.1119710738406683,1,,,87.5,24.0,10^-4.20831,,,,,[60419],0
60419,1,21019,Castanea mollissima,Chinese chestnut,eukaryota,false,,,,,,,,,,,,,,,,0.1119710738406683,1,,,87.5,24.0,10^-4.20831,,,,,,0
13687,2,13687,Sphingomonas,"",bacteria,false,,,,0.2239421476813366,2,,,100.0,75.5,10^-39.0087,,,,,,,,,,,,,,,,,"[1327635, 13689]",0
1327635,1,13687,Sphingomonas psychrotolerans,"",bacteria,false,,,,0.1119710738406683,1,,,100.0,76.0,10^-39.3489,,,,,,,,,,,,,,,,,,0
13689,1,13687,Sphingomonas paucimobilis,"",bacteria,false,,,,0.1119710738406683,1,,,100.0,75.0,10^-38.6685,,,,,,,,,,,,,,,,,,0
13390,2,13390,Camponotus,carpenter ants,eukaryota,false,,,,,,,,,,,,,,,,0.1119710738406683,1,,,88.0,25.0,10^-5.6968,,,,,[104421],0
104421,1,13390,Camponotus floridanus,Florida carpenter ant,eukaryota,false,,,,,,,,,,,,,,,,0.1119710738406683,1,,,88.0,25.0,10^-5.6968,,,,,,0
13346,2,13346,Armadillidium,"",eukaryota,false,,,,,,,,,,,,,,,,0.33591322152200487,3,,,97.1,23.3333,10^-3.98441,,,,,[96803],0
96803,1,13346,Armadillidium nasatum,"",eukaryota,false,,,,,,,,,,,,,,,,0.33591322152200487,3,,,97.1,23.3333,10^-3.98441,,,,,,0
13203,2,13203,Phlebotomus,"",eukaryota,false,,,,0.4478842953626732,4,,,89.93,51.0,10^-15.509,,,,,,0.6718264430440097,6,,,95.8833,24.3333,10^-5.84761,,,,,[29031],0
29031,1,13203,Phlebotomus papatasi,"",eukaryota,false,,,,0.4478842953626732,4,,,89.93,51.0,10^-15.509,,,,,,0.6718264430440097,6,,,95.8833,24.3333,10^-5.84761,,,,,,0
13190,2,13190,Pectinophora,"",eukaryota,false,,,,,,,,,,,,,,,,0.1119710738406683,1,,,91.7,24.0,10^-5.14206,,,,,[13191],0
13191,1,13190,Pectinophora gossypiella,pink bollworm,eukaryota,false,,,,,,,,,,,,,,,,0.1119710738406683,1,,,91.7,24.0,10^-5.14206,,,,,,0
13134,2,13134,Magnetospirillum,"",bacteria,false,,,,,,,,,,,,,,,,0.5598553692033414,5,,,83.8,24.4,10^-4.92873,,,,,[55518],0
55518,1,13134,Magnetospirillum gryphiswaldense,"",bacteria,false,,,,,,,,,,,,,,,,0.5598553692033414,5,,,83.8,24.4,10^-4.92873,,,,,,0
13122,2,13122,Lymantria,gypsy moths,eukaryota,false,,,,0.2239421476813366,2,,,89.706,68.0,10^-24.3012,,,,,,,,,,,,,,,,,[78897],0
78897,1,13122,Lymantria monacha,black-arched tussock moth,eukaryota,false,,,,0.2239421476813366,2,,,89.706,68.0,10^-24.3012,,,,,,,,,,,,,,,,,,0
13036,2,13036,Danaus,"",eukaryota,false,,,,,,,,,,,,,,,,0.2239421476813366,2,,,95.85,24.0,10^-4.59533,,,,,[13037],0
13037,1,13036,Danaus plexippus,monarch butterfly,eukaryota,false,,,,,,,,,,,,,,,,0.2239421476813366,2,,,95.85,24.0,10^-4.59533,,,,,,0
12989,2,12989,Carpinus,"",eukaryota,false,,,,,,,,,,,,,,,,0.1119710738406683,1,,,88.0,25.0,10^-6.47886,,,,,[176857],0
176857,1,12989,Carpinus fangiana,"",eukaryota,false,,,,,,,,,,,,,,,,0.1119710738406683,1,,,88.0,25.0,10^-6.47886,,,,,,0
11051,2,11051,Flavivirus,arboviruses group B,viruses,false,,,,7.390090873484108,66,3,45,85.798,280.727,10^-66.8325,,,,,,19.259024700594946,172,7,93,92.6744,74.686,10^-41.0596,,,,,"[2895594, 2751815]",0
2895594,1,11051,Cimo flavivirus VIII,"",viruses,false,,,,,,,,,,,,,,,,0.1119710738406683,1,,,100.0,25.0,10^-4.97469,,,,,,0
2751815,1,11051,Ochlerotatus scapularis flavivirus,"",viruses,false,,,,7.390090873484108,66,3,45,85.798,280.727,10^-66.8325,,,,,,19.14705362675428,171,7,93,92.6315,74.9766,10^-41.2706,,,,,,0
11007,2,11007,Totivirus,"",viruses,false,,,,,,,,,,,,,,,,62.36788812925224,557,1,557,88.095,42.0,10^-18.064,,,,,[2970625],0
2970625,1,11007,Hanko totivirus 4,"",viruses,false,,,,,,,,,,,,,,,,62.36788812925224,557,1,557,88.095,42.0,10^-18.064,,,,,,0
7538,2,7538,Leptinotarsa,"",eukaryota,false,,,,,,,,,,,,,,,,0.1119710738406683,1,,,100.0,23.0,10^-3.58336,,,,,[7539],0
7539,1,7538,Leptinotarsa decemlineata,Colorado potato beetle,eukaryota,false,,,,,,,,,,,,,,,,0.1119710738406683,1,,,100.0,23.0,10^-3.58336,,,,,,0
7521,2,7521,Chrysoperla,"",eukaryota,false,,,,,,,,,,,,,,,,0.33591322152200487,3,,,96.0,25.0,10^-6.82127,,,,,[189513],0
189513,1,7521,Chrysoperla carnea,"",eukaryota,false,,,,,,,,,,,,,,,,0.33591322152200487,3,,,96.0,25.0,10^-6.82127,,,,,,0
7514,2,7514,Ctenocephalides,"",eukaryota,false,,,,,,,,,,,,,,,,0.2239421476813366,2,,,95.65,23.5,10^-4.60401,,,,,[7515],0
7515,1,7514,Ctenocephalides felis,cat flea,eukaryota,false,,,,,,,,,,,,,,,,0.2239421476813366,2,,,95.65,23.5,10^-4.60401,,,,,,0
7502,2,7502,Zootermopsis,"",eukaryota,false,,,,,,,,,,,,,,,,0.2239421476813366,2,,,100.0,24.5,10^-4.78905,,,,,[136037],0
136037,1,7502,Zootermopsis nevadensis,"",eukaryota,false,,,,,,,,,,,,,,,,0.2239421476813366,2,,,100.0,24.5,10^-4.78905,,,,,,0
7482,2,7482,Lasius,"",eukaryota,false,,,,,,,,,,,,,,,,0.33591322152200487,3,,,80.8333,24.3333,10^-4.01681,,,,,[67767],0
67767,1,7482,Lasius niger,"",eukaryota,false,,,,,,,,,,,,,,,,0.33591322152200487,3,,,80.8333,24.3333,10^-4.01681,,,,,,0
7459,2,7459,Apis,"",eukaryota,false,,,,,,,,,,,,,,,,0.1119710738406683,1,,,100.0,25.0,10^-11.2306,,,,,[7460],0
7460,1,7459,Apis mellifera,honey bee,eukaryota,false,,,,,,,,,,,,,,,,0.1119710738406683,1,,,100.0,25.0,10^-11.2306,,,,,,0
7456,2,7456,Polistes,"",eukaryota,false,,,,,,,,,,,,,,,,0.1119710738406683,1,,,96.0,25.0,10^-5.01457,,,,,[30207],0
30207,1,7456,Polistes fuscatus,common paper wasp,eukaryota,false,,,,,,,,,,,,,,,,0.1119710738406683,1,,,96.0,25.0,10^-5.01457,,,,,,0
7451,2,7451,Vespula,"",eukaryota,false,,,,0.2239421476813366,2,,,89.567,57.5,10^-17.8695,,,,,,0.1119710738406683,1,,,100.0,25.0,10^-5.52433,,,,,[7454],0
7454,1,7451,Vespula vulgaris,"",eukaryota,false,,,,0.2239421476813366,2,,,89.567,57.5,10^-17.8695,,,,,,0.1119710738406683,1,,,100.0,25.0,10^-5.52433,,,,,,0
7424,2,7424,Nasonia,"",eukaryota,false,,,,0.1119710738406683,1,,,96.721,61.0,10^-26.4069,,,,,,,,,,,,,,,,,[7425],0
7425,1,7424,Nasonia vitripennis,jewel wasp,eukaryota,false,,,,0.1119710738406683,1,,,96.721,61.0,10^-26.4069,,,,,,,,,,,,,,,,,,0
7405,2,7405,Chelonus,"",eukaryota,false,,,,,,,,,,,,,,,,0.4478842953626732,4,,,94.825,24.25,10^-6.19046,,,,,[460826],0
460826,1,7405,Chelonus insularis,"",eukaryota,false,,,,,,,,,,,,,,,,0.4478842953626732,4,,,94.825,24.25,10^-6.19046,,,,,,0
7393,2,7393,Glossina,tsetse flies,eukaryota,false,,,,,,,,,,,,,,,,0.1119710738406683,1,,,100.0,25.0,10^-7.56067,,,,,[7396],0
7396,1,7393,Glossina fuscipes,"",eukaryota,false,,,,,,,,,,,,,,,,0.1119710738406683,1,,,100.0,25.0,10^-7.56067,,,,,,0
7384,2,7384,Sarcophaga,"",eukaryota,false,,,,,,,,,,,,,,,,0.2239421476813366,2,,,90.0,25.0,10^-6.14124,,,,,[7385],0
7385,1,7384,Sarcophaga bullata,grey fleshfly,eukaryota,false,,,,,,,,,,,,,,,,0.2239421476813366,2,,,90.0,25.0,10^-6.14124,,,,,,0
7374,2,7374,Lucilia,"",eukaryota,false,,,,,,,,,,,,,,,,1.4556239599286878,13,,,97.6231,23.5385,10^-6.38133,,,,,[7375],0
7375,1,7374,Lucilia cuprina,Australian sheep blowfly,eukaryota,false,,,,,,,,,,,,,,,,1.4556239599286878,13,,,97.6231,23.5385,10^-6.38133,,,,,,0
7369,2,7369,Musca,"",eukaryota,false,,,,0.2239421476813366,2,,,94.558,45.5,10^-15.2134,,,,,,0.1119710738406683,1,,,96.0,25.0,10^-6.61083,,,,,[7370],0
7370,1,7369,Musca domestica,house fly,eukaryota,false,,,,0.2239421476813366,2,,,94.558,45.5,10^-15.2134,,,,,,0.1119710738406683,1,,,96.0,25.0,10^-6.61083,,,,,,0
7354,2,7354,Scaptodrosophila,"",eukaryota,false,,,,0.1119710738406683,1,,,93.617,47.0,10^-15.5412,,,,,,0.1119710738406683,1,,,100.0,25.0,10^-5.52724,,,,,[7225],0
7225,1,7354,Scaptodrosophila lebanonensis,"",eukaryota,false,,,,0.1119710738406683,1,,,93.617,47.0,10^-15.5412,,,,,,0.1119710738406683,1,,,100.0,25.0,10^-5.52724,,,,,,0
7324,2,7324,Hirtodrosophila,"",eukaryota,false,,,,0.2239421476813366,2,,,95.206,61.0,10^-25.0463,,,,,,,,,,,,,,,,,[1262473],0
1262473,1,7324,Hirtodrosophila cameraria,"",eukaryota,false,,,,0.2239421476813366,2,,,95.206,61.0,10^-25.0463,,,,,,,,,,,,,,,,,,0
7296,2,7296,Zaprionus,"",eukaryota,false,,,,,,,,,,,,,,,,0.1119710738406683,1,,,100.0,25.0,10^-8.11351,,,,,[309927],0
309927,1,7296,Zaprionus bogoriensis,"",eukaryota,false,,,,,,,,,,,,,,,,0.1119710738406683,1,,,100.0,25.0,10^-8.11351,,,,,,0
7215,2,7215,Drosophila,fruit flies,eukaryota,false,,,,7.390090873484108,66,1,19,89.7398,64.7727,10^-18.7475,,,,,,4.366871879786063,39,,,93.9718,24.1795,10^-5.24877,,,,,"[1486046, 1041015, 193234, 125945, 111875, 103775, 88886, 47314, 46829, 42026, 30033, 30025, 30023, 30019, 29030, 28584, 7291, 7283, 7282, 7274, 7266, 7264, 7263, 7260, 7244, 7241, 7240, 7237, 7234, 7232, 7229, 7227, 7224, 7222, 7221, 7220, 7217]",0
1486046,1,7215,Drosophila subpulchrella,"",eukaryota,false,,,,0.1119710738406683,1,,,94.737,38.0,10^-10.8302,,,,,,,,,,,,,,,,,,0
1041015,1,7215,Drosophila rhopaloa,"",eukaryota,false,,,,0.1119710738406683,1,,,88.889,72.0,10^-25.6487,,,,,,,,,,,,,,,,,,0
193234,1,7215,Drosophila pseudotakahashii,"",eukaryota,false,,,,,,,,,,,,,,,,0.33591322152200487,3,,,93.2,24.3333,10^-6.50909,,,,,,0
125945,1,7215,Drosophila biarmipes,"",eukaryota,false,,,,0.2239421476813366,2,,,91.776,52.5,10^-17.2102,,,,,,,,,,,,,,,,,,0
111875,1,7215,Drosophila jambulina,"",eukaryota,false,,,,,,,,,,,,,,,,0.1119710738406683,1,,,100.0,24.0,10^-5.14874,,,,,,0
103775,1,7215,Drosophila gunungcola,fruit fly,eukaryota,false,,,,0.4478842953626732,4,,,88.1612,66.25,10^-21.7537,,,,,,0.1119710738406683,1,,,100.0,24.0,10^-4.59517,,,,,,0
88886,1,7215,Drosophila sulfurigaster,"",eukaryota,false,,,,,,,,,,,,,,,,0.1119710738406683,1,,,95.8,24.0,10^-5.68194,,,,,,0
47314,1,7215,Drosophila novamexicana,"",eukaryota,false,,,,0.4478842953626732,4,,,91.6315,59.25,10^-20.7661,,,,,,0.1119710738406683,1,,,96.0,25.0,10^-6.61083,,,,,,0
46829,1,7215,Drosophila birchii,"",eukaryota,false,,,,,,,,,,,,,,,,0.1119710738406683,1,,,77.3,22.0,10^-4.50307,,,,,,0
42026,1,7215,Drosophila bipectinata,"",eukaryota,false,,,,,,,,,,,,,,,,0.1119710738406683,1,,,100.0,25.0,10^-7.57512,,,,,,0
30033,1,7215,Drosophila kikkawai,"",eukaryota,false,,,,0.5598553692033414,5,,,89.84,68.0,10^-24.3028,,,,,,0.2239421476813366,2,,,100.0,24.0,10^-5.21303,,,,,,0
30025,1,7215,Drosophila ficusphila,"",eukaryota,false,,,,2.239421476813366,20,1,19,88.563,76.9,10^-16.4803,,,,,,,,,,,,,,,,,,0
30023,1,7215,Drosophila elegans,"",eukaryota,false,,,,0.1119710738406683,1,,,95.238,42.0,10^-13.5315,,,,,,,,,,,,,,,,,,0
30019,1,7215,Drosophila busckii,"",eukaryota,false,,,,,,,,,,,,,,,,0.1119710738406683,1,,,100.0,23.0,10^-5.41005,,,,,,0
29030,1,7215,Drosophila takahashii,"",eukaryota,false,,,,0.1119710738406683,1,,,94.737,76.0,10^-33.8595,,,,,,0.1119710738406683,1,,,100.0,24.0,10^-4.57187,,,,,,0
28584,1,7215,Drosophila suzukii,"",eukaryota,false,,,,0.5598553692033414,5,,,87.1508,75.8,10^-24.9471,,,,,,,,,,,,,,,,,,0
7291,1,7215,Drosophila albomicans,"",eukaryota,false,,,,,,,,,,,,,,,,0.1119710738406683,1,,,100.0,24.0,10^-5.26922,,,,,,0
7283,1,7215,Drosophila phalerata,"",eukaryota,false,,,,0.2239421476813366,2,,,87.343,50.5,10^-13.1089,,,,,,,,,,,,,,,,,,0
7282,1,7215,Drosophila obscura,"",eukaryota,false,,,,,,,,,,,,,,,,0.2239421476813366,2,,,100.0,24.5,10^-4.79288,,,,,,0
7274,1,7215,Drosophila serrata,"",eukaryota,false,,,,0.1119710738406683,1,,,95.122,41.0,10^-12.8557,,,,,,0.1119710738406683,1,,,100.0,24.0,10^-5.27901,,,,,,0
7266,1,7215,Drosophila guanche,"",eukaryota,false,,,,0.2239421476813366,2,,,95.061,40.5,10^-12.518,,,,,,,,,,,,,,,,,,0
7264,1,7215,Drosophila buzzatii,"",eukaryota,false,,,,,,,,,,,,,,,,0.1119710738406683,1,,,100.0,25.0,10^-7.45223,,,,,,0
7263,1,7215,Drosophila arizonae,"",eukaryota,false,,,,,,,,,,,,,,,,0.2239421476813366,2,,,100.0,24.5,10^-6.00832,,,,,,0
7260,1,7215,Drosophila willistoni,"",eukaryota,false,,,,0.2239421476813366,2,,,85.9235,63.5,10^-17.8238,,,,,,0.4478842953626732,4,,,87.65,24.5,10^-4.53664,,,,,,0
7244,1,7215,Drosophila virilis,"",eukaryota,false,,,,,,,,,,,,,,,,0.1119710738406683,1,,,95.2,21.0,10^-5.60555,,,,,,0
7241,1,7215,Drosophila subobscura,"",eukaryota,false,,,,0.1119710738406683,1,,,92.727,55.0,10^-19.59,,,,,,,,,,,,,,,,,,0
7240,1,7215,Drosophila simulans,"",eukaryota,false,,,,0.33591322152200487,3,,,93.1207,46.3333,10^-14.6382,,,,,,,,,,,,,,,,,,0
7237,1,7215,Drosophila pseudoobscura,"",eukaryota,false,,,,,,,,,,,,,,,,0.1119710738406683,1,,,100.0,25.0,10^-5.8041,,,,,,0
7234,1,7215,Drosophila persimilis,"",eukaryota,false,,,,0.1119710738406683,1,,,91.176,68.0,10^-25.6735,,,,,,,,,,,,,,,,,,0
7232,1,7215,Drosophila navojoa,"",eukaryota,false,,,,0.1119710738406683,1,,,90.909,44.0,10^-12.1389,,,,,,0.1119710738406683,1,,,91.7,24.0,10^-5.13966,,,,,,0
7229,1,7215,Drosophila miranda,"",eukaryota,false,,,,0.2239421476813366,2,,,90.2055,61.5,10^-21.2647,,,,,,0.2239421476813366,2,,,95.85,23.5,10^-4.39299,,,,,,0
7227,1,7215,Drosophila melanogaster,fruit fly,eukaryota,false,,,,0.1119710738406683,1,,,94.737,76.0,10^-33.8595,,,,,,0.783797516884678,7,,,86.1429,24.4286,10^-4.92969,,,,,,0
7224,1,7215,Drosophila hydei,"",eukaryota,false,,,,0.1119710738406683,1,,,84.091,44.0,10^-8.02177,,,,,,0.1119710738406683,1,,,100.0,24.0,10^-3.77989,,,,,,0
7222,1,7215,Drosophila grimshawi,"",eukaryota,false,,,,0.1119710738406683,1,,,90.741,54.0,10^-17.5394,,,,,,0.1119710738406683,1,,,88.0,25.0,10^-4.84164,,,,,,0
7221,1,7215,Drosophila funebris,"",eukaryota,false,,,,0.1119710738406683,1,,,85.526,76.0,10^-24.2529,,,,,,,,,,,,,,,,,,0
7220,1,7215,Drosophila erecta,"",eukaryota,false,,,,0.2239421476813366,2,,,90.5365,52.5,10^-16.5282,,,,,,0.1119710738406683,1,,,96.0,25.0,10^-4.43771,,,,,,0
7217,1,7215,Drosophila ananassae,"",eukaryota,false,,,,0.1119710738406683,1,,,87.755,49.0,10^-12.7783,,,,,,,,,,,,,,,,,,0
7212,2,7212,Ceratitis,"",eukaryota,false,,,,,,,,,,,,,,,,0.33591322152200487,3,,,95.9,24.6667,10^-5.53505,,,,,[7213],0
7213,1,7212,Ceratitis capitata,Mediterranean fruit fly,eukaryota,false,,,,,,,,,,,,,,,,0.33591322152200487,3,,,95.9,24.6667,10^-5.53505,,,,,,0
7208,2,7208,Loa,"",eukaryota,false,,,,,,,,,,,,,,,,0.1119710738406683,1,,,76.0,25.0,10^-3.46852,,,,,[7209],1
7209,1,7208,Loa loa,African eye worm,eukaryota,false,,,,,,,,,,,,,,,,0.1119710738406683,1,,,76.0,25.0,10^-3.46852,,,,,,1
7199,2,7199,Lutzomyia,"",eukaryota,false,,,,,,,,,,,,,,,,1.0077396645660146,9,,,93.6,24.2222,10^-5.10954,,,,,[7200],0
7200,1,7199,Lutzomyia longipalpis,"",eukaryota,false,,,,,,,,,,,,,,,,1.0077396645660146,9,,,93.6,24.2222,10^-5.10954,,,,,,0
7182,2,7182,Psorophora,"",eukaryota,false,,,,106.59646229631622,952,1,663,99.7326,266.084,10^-209.785,,,,,,,,,,,,,,,,,"[869073, 869072, 329106, 7183]",0
869073,1,7182,Psorophora howardii,"",eukaryota,false,,,,74.57273517788508,666,1,663,99.9912,373.087,10^-305.943,,,,,,,,,,,,,,,,,,0
869072,1,7182,Psorophora cyanescens,"",eukaryota,false,,,,1.9035082552913611,17,,,98.6787,73.8125,10^-36.4907,,,,,,,,,,,,,,,,,,0
329106,1,7182,Psorophora ciliata,"",eukaryota,false,,,,0.1119710738406683,1,,,97.917,48.0,10^-18.9629,,,,,,,,,,,,,,,,,,0
7183,1,7182,Psorophora ferox,"",eukaryota,false,,,,30.008247789299105,268,,,99.3118,74.4032,10^-37.5424,,,,,,,,,,,,,,,,,,0
7174,2,7174,Culex,"",eukaryota,false,,,,31.239929601546454,279,1,55,91.5266,117.896,10^-43.5656,,,,,,73.90090873484108,660,4,41,93.8842,26.261,10^-7.06258,,,,,"[333812, 162998, 7177, 7176, 7175]",0
333812,1,7174,Culex environmental sample,"",eukaryota,false,,,,0.1119710738406683,1,,,94.667,75.0,10^-33.179,,,,,,,,,,,,,,,,,,0
162998,1,7174,Culex sitiens,"",eukaryota,false,,,,0.1119710738406683,1,,,97.333,75.0,10^-35.9238,,,,,,,,,,,,,,,,,,0
7177,1,7174,Culex tarsalis,"",eukaryota,false,,,,,,,,,,,,,,,,0.1119710738406683,1,,,91.7,24.0,10^-5.82681,,,,,,0
7176,1,7174,Culex quinquefasciatus,southern house mosquito,eukaryota,false,,,,9.741483424138142,87,,,91.3862,63.1034,10^-22.9104,,,,,,48.147561751487366,430,3,36,94.0118,26.7599,10^-7.5487,,,,,,0
7175,1,7174,Culex pipiens,northern house mosquito,eukaryota,false,,,,21.274504029726977,190,1,55,91.5438,143.437,10^-53.1183,,,,,,25.64137590951304,229,1,5,93.6546,25.3362,10^-6.1573,,,,,,0
7164,2,7164,Anopheles,"",eukaryota,false,,,,22.618156915814996,202,,,90.5027,64.525,10^-22.8685,,,,,,43.668718797860635,390,1,6,95.9679,25.1154,10^-6.26114,,,,,"[1521116, 1518534, 1496333, 1108003, 345580, 186751, 185578, 139047, 139045, 74873, 74871, 68878, 62324, 43151, 42839, 30069, 30066, 7173, 7167, 7165]",0
1521116,1,7164,Anopheles marshallii,"",eukaryota,false,,,,1.0077396645660146,9,,,88.2423,66.7778,10^-22.1044,,,,,,1.567595033769356,14,,,96.2071,24.3571,10^-6.14529,,,,,,0
1518534,1,7164,Anopheles coluzzii,"",eukaryota,false,,,,0.33591322152200487,3,,,88.3073,68.6667,10^-23.3823,,,,,,1.7915371814506929,16,,,97.2063,24.5,10^-5.82106,,,,,,0
1496333,1,7164,Anopheles maculipalpis,"",eukaryota,false,,,,2.015479329132029,18,,,88.9548,67.9375,10^-23.1497,,,,,,1.3436528860880195,12,,,97.6,24.25,10^-5.71644,,,,,,0
1108003,1,7164,Anopheles pholidotus,"",eukaryota,false,,,,,,,,,,,,,,,,0.1119710738406683,1,,,95.8,24.0,10^-5.65561,,,,,,0
345580,1,7164,Anopheles ziemanni,"",eukaryota,false,,,,0.783797516884678,7,,,91.2706,65.8571,10^-24.0299,,,,,,0.2239421476813366,2,,,93.75,24.0,10^-5.88995,,,,,,0
186751,1,7164,Anopheles moucheti,mosquito,eukaryota,false,,,,0.4478842953626732,4,,,94.444,51.5,10^-18.2605,,,,,,1.4556239599286878,13,,,96.5769,24.6154,10^-5.94893,,,,,,0
185578,1,7164,Anopheles nili,"",eukaryota,false,,,,1.4556239599286878,13,,,90.5795,61.3846,10^-21.0851,,,,,,2.7992768460167072,25,,,95.432,24.32,10^-5.46959,,,,,,0
139047,1,7164,Anopheles bellator,"",eukaryota,false,,,,1.7915371814506929,16,,,89.7231,66.625,10^-23.3768,,,,,,2.5753346983353707,23,,,96.4348,24.4783,10^-6.27177,,,,,,0
139045,1,7164,Anopheles coustani,"",eukaryota,false,,,,1.119710738406683,10,,,89.5965,69.1,10^-24.6401,,,,,,3.8070165105827223,34,,,94.5735,24.0294,10^-5.49054,,,,,,0
74873,1,7164,Anopheles sinensis,"",eukaryota,false,,,,,,,,,,,,,,,,1.567595033769356,14,,,91.7786,24.3571,10^-5.02955,,,,,,0
74871,1,7164,Anopheles nivipes,"",eukaryota,false,,,,,,,,,,,,,,,,0.1119710738406683,1,,,73.9,23.0,10^-4.51713,,,,,,0
68878,1,7164,Anopheles cruzii,mosquito,eukaryota,false,,,,1.7915371814506929,16,,,91.2529,55.625,10^-18.4805,,,,,,2.5753346983353707,23,,,96.7957,24.4348,10^-4.99801,,,,,,0
62324,1,7164,Anopheles funestus,African malaria mosquito,eukaryota,false,,,,1.3436528860880195,12,,,90.2569,64.6667,10^-22.9587,,,,,,3.5830743629013857,32,,,97.1094,24.4688,10^-5.88108,,,,,,0
43151,1,7164,Anopheles darlingi,"",eukaryota,false,,,,1.6795661076100246,15,,,90.4983,60.0,10^-20.5219,,,,,,6.942206578121435,62,1,6,96.3688,29.1129,10^-8.98608,,,,,,0
42839,1,7164,Anopheles aquasalis,"",eukaryota,false,,,,1.6795661076100246,15,,,90.3221,66.4667,10^-23.9996,,,,,,2.1274504029726975,19,,,94.7474,24.4211,10^-5.76228,,,,,,0
30069,1,7164,Anopheles stephensi,Asian malaria mosquito,eukaryota,false,,,,2.015479329132029,18,,,90.7756,69.3333,10^-25.8971,,,,,,3.359132215220049,30,,,97.01,24.5667,10^-6.07331,,,,,,0
30066,1,7164,Anopheles merus,"",eukaryota,false,,,,1.0077396645660146,9,,,91.3919,66.2222,10^-24.934,,,,,,1.4556239599286878,13,,,94.9385,24.4615,10^-5.77793,,,,,,0
7173,1,7164,Anopheles arabiensis,"",eukaryota,false,,,,1.4556239599286878,13,,,90.8903,66.6154,10^-24.4243,,,,,,1.9035082552913611,17,,,95.6588,24.4706,10^-5.73535,,,,,,0
7167,1,7164,Anopheles albimanus,"",eukaryota,false,,,,2.015479329132029,18,,,91.7433,65.7778,10^-24.4789,,,,,,3.247161141379381,29,,,97.3069,24.3793,10^-6.0249,,,,,,0
7165,1,7164,Anopheles gambiae,African malaria mosquito,eukaryota,false,,,,0.6718264430440097,6,,,91.2585,55.3333,10^-18.4533,,,,,,1.119710738406683,10,,,93.57,23.5,10^-5.74004,,,,,,0
7158,2,7158,Aedes,"",eukaryota,false,,,,269.8502879560106,2410,15,823,90.7475,75.1995,10^-24.0882,,,,,,375.66295273544216,3355,13,219,92.3616,27.6897,10^-7.39251,,,,,"[1397682, 1245338, 586676, 188700, 140438, 55967, 37951, 28624, 7160, 7159]",0
1397682,1,7158,Aedes bromeliae,"",eukaryota,false,,,,0.1119710738406683,1,,,91.781,73.0,10^-29.0736,,,,,,0.2239421476813366,2,,,97.9,24.5,10^-6.10401,,,,,,0
1245338,1,7158,Aedes albolateralis,"",eukaryota,false,,,,0.1119710738406683,1,,,89.474,76.0,10^-28.37,,,,,,,,,,,,,,,,,,0
586676,1,7158,Aedes koreicus,"",eukaryota,false,,,,0.2239421476813366,2,,,94.7105,75.5,10^-33.5192,,,,,,,,,,,,,,,,,,0
188700,1,7158,Aedes polynesiensis,"",eukaryota,false,,,,,,,,,,,,,,,,0.2239421476813366,2,,,93.85,24.5,10^-6.53775,,,,,,0
140438,1,7158,Aedes japonicus,"",eukaryota,false,,,,0.1119710738406683,1,,,93.421,76.0,10^-32.4871,,,,,,,,,,,,,,,,,,0
55967,1,7158,Aedes togoi,"",eukaryota,false,,,,0.2239421476813366,2,,,96.6665,63.5,10^-27.426,,,,,,,,,,,,,,,,,,0
37951,1,7158,Aedes sp.,"",eukaryota,false,,,,0.2239421476813366,2,,,98.0,75.0,10^-36.6099,,,,,,,,,,,,,,,,,,0
28624,1,7158,Aedes atropalpus,rock-pool mosquito,eukaryota,false,,,,0.2239421476813366,2,,,91.8855,66.5,10^-25.3446,,,,,,1.7915371814506929,16,,,89.4625,24.25,10^-5.08738,,,,,,0
7160,1,7158,Aedes albopictus,Asian tiger mosquito,eukaryota,false,,,,121.1527018956031,1082,8,104,91.3988,73.4128,10^-26.4373,,,,,,202.55567257776895,1809,11,155,91.7665,28.943,10^-8.02625,,,,,,0
7159,1,7158,Aedes aegypti,yellow fever mosquito,eukaryota,false,,,,147.46590424816014,1317,7,719,90.146,76.7963,10^-21.9753,,,,,,170.86785868085983,1526,2,64,93.0888,26.2474,10^-6.66769,,,,,,0
7150,2,7150,Chironomus,"",eukaryota,false,,,,0.1119710738406683,1,,,98.0,50.0,10^-20.3176,,,,,,0.6718264430440097,6,,,93.8,24.5,10^-5.3093,,,,,[315576],0
315576,1,7150,Chironomus riparius,"",eukaryota,false,,,,0.1119710738406683,1,,,98.0,50.0,10^-20.3176,,,,,,0.6718264430440097,6,,,93.8,24.5,10^-5.3093,,,,,,0
7145,2,7145,Papilio,"",eukaryota,false,,,,0.1119710738406683,1,,,79.661,59.0,10^-11.3253,,,,,,0.4478842953626732,4,,,97.825,21.75,10^-4.46415,,,,,"[76193, 66420]",0
76193,1,7145,Papilio machaon,common yellow swallowtail,eukaryota,false,,,,,,,,,,,,,,,,0.2239421476813366,2,,,100.0,20.0,10^-3.63908,,,,,,0
66420,1,7145,Papilio xuthus,Asian swallowtail,eukaryota,false,,,,0.1119710738406683,1,,,79.661,59.0,10^-11.3253,,,,,,0.2239421476813366,2,,,95.65,23.5,10^-5.28921,,,,,,0
7140,2,7140,Choristoneura,"",eukaryota,false,,,,,,,,,,,,,,,,0.2239421476813366,2,,,100.0,24.5,10^-7.24019,,,,,[7141],0
7141,1,7140,Choristoneura fumiferana,eastern spruce budworm,eukaryota,false,,,,,,,,,,,,,,,,0.2239421476813366,2,,,100.0,24.5,10^-7.24019,,,,,,0
7129,2,7129,Manduca,"",eukaryota,false,,,,,,,,,,,,,,,,0.2239421476813366,2,,,95.85,24.5,10^-6.95553,,,,,[7130],0
7130,1,7129,Manduca sexta,tobacco hornworm,eukaryota,false,,,,,,,,,,,,,,,,0.2239421476813366,2,,,95.85,24.5,10^-6.95553,,,,,,0
7115,2,7115,Pieris,"",eukaryota,false,,,,0.1119710738406683,1,,,95.122,41.0,10^-12.8557,,,,,,,,,,,,,,,,,[7116],0
7116,1,7115,Pieris brassicae,large cabbage white,eukaryota,false,,,,0.1119710738406683,1,,,95.122,41.0,10^-12.8557,,,,,,,,,,,,,,,,,,0
7112,2,7112,Helicoverpa,"",eukaryota,false,,,,,,,,,,,,,,,,0.1119710738406683,1,,,68.0,25.0,10^-4.30539,,,,,[7113],0
7113,1,7112,Helicoverpa zea,corn earworm,eukaryota,false,,,,,,,,,,,,,,,,0.1119710738406683,1,,,68.0,25.0,10^-4.30539,,,,,,0
7110,2,7110,Trichoplusia,"",eukaryota,false,,,,0.1119710738406683,1,,,95.122,41.0,10^-12.8557,,,,,,,,,,,,,,,,,[7111],0
7111,1,7110,Trichoplusia ni,cabbage looper,eukaryota,false,,,,0.1119710738406683,1,,,95.122,41.0,10^-12.8557,,,,,,,,,,,,,,,,,,0
7106,2,7106,Spodoptera,"",eukaryota,false,,,,,,,,,,,,,,,,0.4478842953626732,4,,,96.0,24.75,10^-5.49722,,,,,"[7109, 7108]",0
7109,1,7106,Spodoptera littoralis,African cotton leafworm,eukaryota,false,,,,,,,,,,,,,,,,0.1119710738406683,1,,,100.0,25.0,10^-7.28651,,,,,,0
7108,1,7106,Spodoptera frugiperda,fall armyworm,eukaryota,false,,,,,,,,,,,,,,,,0.33591322152200487,3,,,94.6667,24.6667,10^-4.90079,,,,,,0
7090,2,7090,Bombyx,"",eukaryota,false,,,,,,,,,,,,,,,,0.2239421476813366,2,,,100.0,24.5,10^-7.03544,,,,,[7091],0
7091,1,7090,Bombyx mori,domestic silkworm,eukaryota,false,,,,,,,,,,,,,,,,0.2239421476813366,2,,,100.0,24.5,10^-7.03544,,,,,,0
7086,2,7086,Geotrupes,"",eukaryota,false,,,,0.1119710738406683,1,,,95.161,62.0,10^-25.7137,,,,,,,,,,,,,,,,,[295525],0
295525,1,7086,Geotrupes spiniger,"",eukaryota,false,,,,0.1119710738406683,1,,,95.161,62.0,10^-25.7137,,,,,,,,,,,,,,,,,,0
7073,2,7073,Zophobas,"",eukaryota,false,,,,,,,,,,,,,,,,0.1119710738406683,1,,,92.0,25.0,10^-4.30715,,,,,[2755281],0
2755281,1,7073,Zophobas morio,"",eukaryota,false,,,,,,,,,,,,,,,,0.1119710738406683,1,,,92.0,25.0,10^-4.30715,,,,,,0
7069,2,7069,Tribolium,"",eukaryota,false,,,,0.2239421476813366,2,,,90.737,53.5,10^-17.2013,,,,,,0.33591322152200487,3,,,100.0,24.3333,10^-5.80951,,,,,"[41895, 7070]",0
41895,1,7069,Tribolium madens,black flour beetle,eukaryota,false,,,,0.2239421476813366,2,,,90.737,53.5,10^-17.2013,,,,,,0.1119710738406683,1,,,100.0,24.0,10^-5.80134,,,,,,0
7070,1,7069,Tribolium castaneum,red flour beetle,eukaryota,false,,,,,,,,,,,,,,,,0.2239421476813366,2,,,100.0,24.5,10^-5.81359,,,,,,0
7066,2,7066,Tenebrio,"",eukaryota,false,,,,,,,,,,,,,,,,0.6718264430440097,6,,,98.6167,24.0,10^-5.90428,,,,,[7067],0
7067,1,7066,Tenebrio molitor,yellow mealworm,eukaryota,false,,,,,,,,,,,,,,,,0.6718264430440097,6,,,98.6167,24.0,10^-5.90428,,,,,,0
7053,2,7053,Photinus,"",eukaryota,false,,,,,,,,,,,,,,,,0.2239421476813366,2,,,100.0,24.5,10^-7.0621,,,,,[7054],0
7054,1,7053,Photinus pyralis,common eastern firefly,eukaryota,false,,,,,,,,,,,,,,,,0.2239421476813366,2,,,100.0,24.5,10^-7.0621,,,,,,0
7045,2,7045,Sitophilus,"",eukaryota,false,,,,,,,,,,,,,,,,0.33591322152200487,3,,,91.7333,23.6667,10^-4.32222,,,,,[7048],0
7048,1,7045,Sitophilus oryzae,rice weevil,eukaryota,false,,,,,,,,,,,,,,,,0.33591322152200487,3,,,91.7333,23.6667,10^-4.32222,,,,,,0
7043,2,7043,Anthonomus,"",eukaryota,false,,,,,,,,,,,,,,,,0.2239421476813366,2,,,79.2,24.0,10^-3.8428,,,,,[7044],0
7044,1,7043,Anthonomus grandis,boll weevil,eukaryota,false,,,,,,,,,,,,,,,,0.2239421476813366,2,,,79.2,24.0,10^-3.8428,,,,,,0
7037,2,7037,Bemisia,"",eukaryota,false,,,,0.1119710738406683,1,,,92.308,39.0,10^-10.1327,,,,,,0.33591322152200487,3,,,91.6333,24.0,10^-5.46065,,,,,[7038],0
7038,1,7037,Bemisia tabaci,"",eukaryota,false,,,,0.1119710738406683,1,,,92.308,39.0,10^-10.1327,,,,,,0.33591322152200487,3,,,91.6333,24.0,10^-5.46065,,,,,,0
7028,2,7028,Acyrthosiphon,"",eukaryota,false,,,,,,,,,,,,,,,,0.2239421476813366,2,,,88.1,22.0,10^-4.40415,,,,,[7029],0
7029,1,7028,Acyrthosiphon pisum,pea aphid,eukaryota,false,,,,,,,,,,,,,,,,0.2239421476813366,2,,,88.1,22.0,10^-4.40415,,,,,,0
7008,2,7008,Schistocerca,"",eukaryota,false,,,,,,,,,,,,,,,,0.1119710738406683,1,,,100.0,25.0,10^-7.97881,,,,,[7011],0
7011,1,7008,Schistocerca nitens,vagrant locust,eukaryota,false,,,,,,,,,,,,,,,,0.1119710738406683,1,,,100.0,25.0,10^-7.97881,,,,,,0
6983,2,6983,Diploptera,"",eukaryota,false,,,,,,,,,,,,,,,,0.33591322152200487,3,,,96.0,24.0,10^-5.82415,,,,,[6984],0
6984,1,6983,Diploptera punctata,Pacific beetle cockroach,eukaryota,false,,,,,,,,,,,,,,,,0.33591322152200487,3,,,96.0,24.0,10^-5.82415,,,,,,0
6977,2,6977,Periplaneta,"",eukaryota,false,,,,,,,,,,,,,,,,0.2239421476813366,2,,,83.85,24.5,10^-4.71887,,,,,[6978],0
6978,1,6977,Periplaneta americana,American cockroach,eukaryota,false,,,,,,,,,,,,,,,,0.2239421476813366,2,,,83.85,24.5,10^-4.71887,,,,,,0
6972,2,6972,Blattella,"",eukaryota,false,,,,,,,,,,,,,,,,0.2239421476813366,2,,,90.0,24.5,10^-5.87373,,,,,[6973],0
6973,1,6972,Blattella germanica,German cockroach,eukaryota,false,,,,,,,,,,,,,,,,0.2239421476813366,2,,,90.0,24.5,10^-5.87373,,,,,,0
6953,2,6953,Dermatophagoides,"",eukaryota,false,,,,,,,,,,,,,,,,0.1119710738406683,1,,,96.0,25.0,10^-6.47496,,,,,[6954],0
6954,1,6953,Dermatophagoides farinae,American house dust mite,eukaryota,false,,,,,,,,,,,,,,,,0.1119710738406683,1,,,96.0,25.0,10^-6.47496,,,,,,0
6944,2,6944,Ixodes,"",eukaryota,false,,,,,,,,,,,,,,,,0.1119710738406683,1,,,92.0,25.0,10^-4.8041,,,,,[6945],0
6945,1,6944,Ixodes scapularis,black-legged tick,eukaryota,false,,,,,,,,,,,,,,,,0.1119710738406683,1,,,92.0,25.0,10^-4.8041,,,,,,0
6914,2,6914,Nephila,"",eukaryota,false,,,,,,,,,,,,,,,,0.1119710738406683,1,,,88.0,25.0,10^-5.26122,,,,,[299642],0
299642,1,6914,Nephila pilipes,giant wood spider,eukaryota,false,,,,,,,,,,,,,,,,0.1119710738406683,1,,,88.0,25.0,10^-5.26122,,,,,,0
6875,2,6875,Centruroides,"",eukaryota,false,,,,,,,,,,,,,,,,0.1119710738406683,1,,,100.0,24.0,10^-5.6925,,,,,[218467],0
218467,1,6875,Centruroides sculpturatus,bark scorpion,eukaryota,false,,,,,,,,,,,,,,,,0.1119710738406683,1,,,100.0,24.0,10^-5.6925,,,,,,0
6705,2,6705,Homarus,"",eukaryota,false,,,,,,,,,,,,,,,,0.1119710738406683,1,,,100.0,25.0,10^-5.9431,,,,,[6706],0
6706,1,6705,Homarus americanus,American lobster,eukaryota,false,,,,,,,,,,,,,,,,0.1119710738406683,1,,,100.0,25.0,10^-5.9431,,,,,,0
6696,2,6696,Macrobrachium,"",eukaryota,false,,,,0.1119710738406683,1,,,90.789,76.0,10^-29.7423,,,,,,,,,,,,,,,,,[159736],0
159736,1,6696,Macrobrachium nipponense,"",eukaryota,false,,,,0.1119710738406683,1,,,90.789,76.0,10^-29.7423,,,,,,,,,,,,,,,,,,0
6668,2,6668,Daphnia,common water fleas,eukaryota,false,,,,,,,,,,,,,,,,0.33591322152200487,3,,,87.1333,23.6667,10^-5.34791,,,,,"[35525, 35523]",0
35525,1,6668,Daphnia magna,"",eukaryota,false,,,,,,,,,,,,,,,,0.2239421476813366,2,,,80.7,23.0,10^-4.56857,,,,,,0
35523,1,6668,Daphnia pulicaria,"",eukaryota,false,,,,,,,,,,,,,,,,0.1119710738406683,1,,,100.0,25.0,10^-6.90658,,,,,,0
6643,2,6643,Octopus,"",eukaryota,false,,,,0.1119710738406683,1,,,79.545,44.0,10^-5.27703,,,,,,,,,,,,,,,,,[6645],0
6645,1,6643,Octopus vulgaris,common octopus,eukaryota,false,,,,0.1119710738406683,1,,,79.545,44.0,10^-5.27703,,,,,,,,,,,,,,,,,,0
6582,2,6582,Spisula,"",eukaryota,false,,,,0.1119710738406683,1,,,93.182,44.0,10^-13.5113,,,,,,,,,,,,,,,,,[31201],0
31201,1,6582,Spisula solida,"",eukaryota,false,,,,0.1119710738406683,1,,,93.182,44.0,10^-13.5113,,,,,,,,,,,,,,,,,,0
6564,2,6564,Crassostrea,"",eukaryota,false,,,,0.1119710738406683,1,,,91.892,37.0,10^-8.78321,,,,,,0.1119710738406683,1,,,100.0,21.0,10^-4.18177,,,,,"[29159, 6565]",0
29159,1,6564,Crassostrea gigas,Pacific oyster,eukaryota,false,,,,,,,,,,,,,,,,0.1119710738406683,1,,,100.0,21.0,10^-4.18177,,,,,,0
6565,1,6564,Crassostrea virginica,eastern oyster,eukaryota,false,,,,0.1119710738406683,1,,,91.892,37.0,10^-8.78321,,,,,,,,,,,,,,,,,,0
6525,2,6525,Biomphalaria,"",eukaryota,false,,,,,,,,,,,,,,,,0.2239421476813366,2,,,98.0,25.0,10^-5.81716,,,,,[6526],0
6526,1,6525,Biomphalaria glabrata,"",eukaryota,false,,,,,,,,,,,,,,,,0.2239421476813366,2,,,98.0,25.0,10^-5.81716,,,,,,0
6463,2,6463,Patella,"",eukaryota,false,,,,0.1119710738406683,1,,,85.366,41.0,10^-7.36626,,,,,,0.1119710738406683,1,,,95.8,24.0,10^-7.31515,,,,,"[87960, 6465]",0
87960,1,6463,Patella depressa,"",eukaryota,false,,,,0.1119710738406683,1,,,85.366,41.0,10^-7.36626,,,,,,,,,,,,,,,,,,0
6465,1,6463,Patella vulgata,common limpet,eukaryota,false,,,,,,,,,,,,,,,,0.1119710738406683,1,,,95.8,24.0,10^-7.31515,,,,,,0
6397,2,6397,Lumbricus,"",eukaryota,false,,,,0.2239421476813366,2,,,81.5065,70.0,10^-17.4268,,,,,,,,,,,,,,,,,"[35632, 6398]",0
35632,1,6397,Lumbricus rubellus,humus earthworm,eukaryota,false,,,,0.1119710738406683,1,,,76.056,71.0,10^-12.6173,,,,,,,,,,,,,,,,,,0
6398,1,6397,Lumbricus terrestris,common earthworm,eukaryota,false,,,,0.1119710738406683,1,,,86.957,69.0,10^-22.2363,,,,,,,,,,,,,,,,,,0
6333,2,6333,Trichinella,"",eukaryota,false,,,,,,,,,,,,,,,,0.5598553692033414,5,,,91.58,23.8,10^-5.28364,,,,,"[181606, 92179, 6337, 6334]",2
181606,1,6333,Trichinella sp. T9,"",eukaryota,false,,,,,,,,,,,,,,,,0.1119710738406683,1,,,95.2,21.0,10^-3.95078,,,,,,0
92179,1,6333,Trichinella sp. T6,"",eukaryota,false,,,,,,,,,,,,,,,,0.1119710738406683,1,,,87.5,24.0,10^-3.01818,,,,,,0
6337,1,6333,Trichinella pseudospiralis,"",eukaryota,false,,,,,,,,,,,,,,,,0.2239421476813366,2,,,87.6,24.5,10^-6.19462,,,,,,1
6334,1,6333,Trichinella spiralis,"",eukaryota,false,,,,,,,,,,,,,,,,0.1119710738406683,1,,,100.0,25.0,10^-7.05998,,,,,,1
6292,2,6292,Wuchereria,"",eukaryota,false,,,,,,,,,,,,,,,,0.783797516884678,7,,,88.2167,23.6667,10^-4.33041,,,,,[6293],1
6293,1,6292,Wuchereria bancrofti,"",eukaryota,false,,,,,,,,,,,,,,,,0.783797516884678,7,,,88.2167,23.6667,10^-4.33041,,,,,,1
6281,2,6281,Onchocerca,"",eukaryota,false,,,,,,,,,,,,,,,,0.1119710738406683,1,,,96.0,25.0,10^-3.81531,,,,,[42157],0
42157,1,6281,Onchocerca ochengi,"",eukaryota,false,,,,,,,,,,,,,,,,0.1119710738406683,1,,,96.0,25.0,10^-3.81531,,,,,,0
6278,2,6278,Brugia,"",eukaryota,false,,,,,,,,,,,,,,,,1495.4856622159657,13356,2,13322,90.5247,52.9363,10^-51.6845,,,,,[42155],1
42155,1,6278,Brugia timori,"",eukaryota,false,,,,,,,,,,,,,,,,1495.4856622159657,13356,2,13322,90.5247,52.9363,10^-51.6845,,,,,,1
6268,2,6268,Anisakis,"",eukaryota,false,,,,,,,,,,,,,,,,0.2239421476813366,2,,,95.6,23.0,10^-8.21271,,,,,[6269],1
6269,1,6268,Anisakis simplex,herring worm,eukaryota,false,,,,,,,,,,,,,,,,0.2239421476813366,2,,,95.6,23.0,10^-8.21271,,,,,,1
6237,2,6237,Caenorhabditis,"",eukaryota,false,,,,0.1119710738406683,1,,,82.353,51.0,10^-10.0162,,,,,,0.1119710738406683,1,,,88.0,25.0,10^-5.38934,,,,,[1611254],0
1611254,1,6237,Caenorhabditis nigoni,"",eukaryota,false,,,,0.1119710738406683,1,,,82.353,51.0,10^-10.0162,,,,,,0.1119710738406683,1,,,88.0,25.0,10^-5.38934,,,,,,0
6209,2,6209,Echinococcus,"",eukaryota,false,,,,,,,,,,,,,,,,0.1119710738406683,1,,,96.0,25.0,10^-6.92812,,,,,[6211],1
6211,1,6209,Echinococcus multilocularis,"",eukaryota,false,,,,,,,,,,,,,,,,0.1119710738406683,1,,,96.0,25.0,10^-6.92812,,,,,,1
6127,2,6127,Acropora,staghorn corals,eukaryota,false,,,,,,,,,,,,,,,,0.1119710738406683,1,,,100.0,25.0,10^-8.64589,,,,,[45264],0
45264,1,6127,Acropora millepora,"",eukaryota,false,,,,,,,,,,,,,,,,0.1119710738406683,1,,,100.0,25.0,10^-8.64589,,,,,,0
5800,2,5800,Eimeria,"",eukaryota,false,,,,,,,,,,,,,,,,1.4556239599286878,13,1,12,100.0,63.5385,10^-39.1462,,,,,[5801],0
5801,1,5800,Eimeria acervulina,"",eukaryota,false,,,,,,,,,,,,,,,,1.4556239599286878,13,1,12,100.0,63.5385,10^-39.1462,,,,,,0
5782,2,5782,Dictyostelium,"",eukaryota,false,,,,0.2239421476813366,2,,,97.2605,74.5,10^-35.5837,,,,,,,,,,,,,,,,,[44689],0
44689,1,5782,Dictyostelium discoideum,"",eukaryota,false,,,,0.2239421476813366,2,,,97.2605,74.5,10^-35.5837,,,,,,,,,,,,,,,,,,0
5690,2,5690,Trypanosoma,"",eukaryota,false,,,,,,,,,,,,,,,,0.1119710738406683,1,,,100.0,25.0,10^-8.68194,,,,,[5698],0
5698,1,5690,Trypanosoma rangeli,"",eukaryota,false,,,,,,,,,,,,,,,,0.1119710738406683,1,,,100.0,25.0,10^-8.68194,,,,,,0
5683,2,5683,Leptomonas,"",eukaryota,false,,,,0.1119710738406683,1,,,93.103,58.0,10^-21.6255,,,,,,,,,,,,,,,,,[157538],0
157538,1,5683,Leptomonas pyrrhocoris,"",eukaryota,false,,,,0.1119710738406683,1,,,93.103,58.0,10^-21.6255,,,,,,,,,,,,,,,,,,0
5658,2,5658,Leishmania,"",eukaryota,false,,,,,,,,,,,,,,,,0.1119710738406683,1,,,100.0,25.0,10^-7.39903,,,,,[5664],1
5664,1,5658,Leishmania major,"",eukaryota,false,,,,,,,,,,,,,,,,0.1119710738406683,1,,,100.0,25.0,10^-7.39903,,,,,,1
5637,2,5637,Polyporus,"",eukaryota,false,,,,0.4478842953626732,4,,,99.671,74.5,10^-37.9853,,,,,,0.1119710738406683,1,,,100.0,20.0,10^-5.42597,,,,,"[1979464, 40486, 40453, 5639]",0
1979464,1,5637,Polyporus sp.,"",eukaryota,false,,,,0.2239421476813366,2,,,100.0,73.0,10^-37.3079,,,,,,,,,,,,,,,,,,0
40486,1,5637,Polyporus melanopus,"",eukaryota,false,,,,0.1119710738406683,1,,,100.0,76.0,10^-39.3489,,,,,,,,,,,,,,,,,,0
40453,1,5637,Polyporus varius,"",eukaryota,false,,,,0.1119710738406683,1,,,98.684,76.0,10^-37.9766,,,,,,,,,,,,,,,,,,0
5639,1,5637,Polyporus arcularius,"",eukaryota,false,,,,,,,,,,,,,,,,0.1119710738406683,1,,,100.0,20.0,10^-5.42597,,,,,,0
5626,2,5626,Grifola,"",eukaryota,false,,,,,,,,,,,,,,,,0.2239421476813366,2,,,95.9,24.5,10^-8.05095,,,,,[5627],0
5627,1,5626,Grifola frondosa,"",eukaryota,false,,,,,,,,,,,,,,,,0.2239421476813366,2,,,95.9,24.5,10^-8.05095,,,,,,0
5605,2,5605,Saitoella,"",eukaryota,false,,,,0.1119710738406683,1,,,97.333,75.0,10^-35.9238,,,,,,0.1119710738406683,1,,,84.0,25.0,10^-4.01278,,,,,[5606],0
5606,1,5605,Saitoella complicata,"",eukaryota,false,,,,0.1119710738406683,1,,,97.333,75.0,10^-35.9238,,,,,,0.1119710738406683,1,,,84.0,25.0,10^-4.01278,,,,,,0
5581,2,5581,Beauveria,"",eukaryota,false,,,,0.1119710738406683,1,,,98.684,76.0,10^-37.9766,,,,,,,,,,,,,,,,,[176275],0
176275,1,5581,Beauveria bassiana,"",eukaryota,false,,,,0.1119710738406683,1,,,98.684,76.0,10^-37.9766,,,,,,,,,,,,,,,,,,0
5543,2,5543,Trichoderma,"",eukaryota,false,,,,0.1119710738406683,1,,,94.231,52.0,10^-18.9282,,,,,,,,,,,,,,,,,[51453],0
51453,1,5543,Trichoderma reesei,"",eukaryota,false,,,,0.1119710738406683,1,,,94.231,52.0,10^-18.9282,,,,,,,,,,,,,,,,,,0
5533,2,5533,Rhodotorula,"",eukaryota,false,,,,,,,,,,,,,,,,0.1119710738406683,1,,,100.0,24.0,10^-5.12552,,,,,[5286],0
5286,1,5533,Rhodotorula toruloides,"",eukaryota,false,,,,,,,,,,,,,,,,0.1119710738406683,1,,,100.0,24.0,10^-5.12552,,,,,,0
5529,2,5529,Metarhizium,"",eukaryota,false,,,,,,,,,,,,,,,,0.1119710738406683,1,,,87.5,24.0,10^-3.21112,,,,,[1650735],0
1650735,1,5529,Metarhizium majus,"",eukaryota,false,,,,,,,,,,,,,,,,0.1119710738406683,1,,,87.5,24.0,10^-3.21112,,,,,,0
5506,2,5506,Fusarium,"",eukaryota,false,,,,0.1119710738406683,1,,,100.0,74.0,10^-37.9881,,,,,,,,,,,,,,,,,[282267],0
282267,1,5506,Fusarium asiaticum,"",eukaryota,false,,,,0.1119710738406683,1,,,100.0,74.0,10^-37.9881,,,,,,,,,,,,,,,,,,0
5498,2,5498,Cladosporium,"",eukaryota,false,,,,0.4478842953626732,4,,,100.0,75.75,10^-39.1788,,,,,,,,,,,,,,,,,"[1707700, 92950, 29917]",0
1707700,1,5498,Cladosporium sp.,"",eukaryota,false,,,,0.2239421476813366,2,,,100.0,75.5,10^-39.0087,,,,,,,,,,,,,,,,,,0
92950,1,5498,Cladosporium sphaerospermum,"",eukaryota,false,,,,0.1119710738406683,1,,,100.0,76.0,10^-39.3489,,,,,,,,,,,,,,,,,,0
29917,1,5498,Cladosporium cladosporioides,"",eukaryota,false,,,,0.1119710738406683,1,,,100.0,76.0,10^-39.3489,,,,,,,,,,,,,,,,,,0
5475,2,5475,Candida,"",eukaryota,false,,,,0.1119710738406683,1,,,91.892,37.0,10^-8.78321,,,,,,,,,,,,,,,,,[273371],0
273371,1,5475,Candida orthopsilosis,"",eukaryota,false,,,,0.1119710738406683,1,,,91.892,37.0,10^-8.78321,,,,,,,,,,,,,,,,,,0
5352,2,5352,Lentinula,"",eukaryota,false,,,,,,,,,,,,,,,,0.4478842953626732,4,,,95.675,23.25,10^-5.579,,,,,"[2804960, 2804957, 5353]",0
2804960,1,5352,Lentinula aff. lateritia,"",eukaryota,false,,,,,,,,,,,,,,,,0.1119710738406683,1,,,95.5,22.0,10^-4.72125,,,,,,0
2804957,1,5352,Lentinula guzmanii,"",eukaryota,false,,,,,,,,,,,,,,,,0.2239421476813366,2,,,95.85,24.5,10^-6.28919,,,,,,0
5353,1,5352,Lentinula edodes,shiitake mushroom,eukaryota,false,,,,,,,,,,,,,,,,0.1119710738406683,1,,,95.5,22.0,10^-5.01637,,,,,,0
5340,2,5340,Agaricus,"",eukaryota,false,,,,,,,,,,,,,,,,0.2239421476813366,2,,,91.7,24.0,10^-5.70766,,,,,[5341],0
5341,1,5340,Agaricus bisporus,"",eukaryota,false,,,,,,,,,,,,,,,,0.2239421476813366,2,,,91.7,24.0,10^-5.70766,,,,,,0
5324,2,5324,Trametes,"",eukaryota,false,,,,0.2239421476813366,2,,,97.414,66.5,10^-30.8332,,,,,,0.33591322152200487,3,,,90.6,24.6667,10^-6.18495,,,,,"[5327, 5325]",0
5327,1,5324,Trametes hirsuta,"",eukaryota,false,,,,0.2239421476813366,2,,,97.414,66.5,10^-30.8332,,,,,,,,,,,,,,,,,,0
5325,1,5324,Trametes versicolor,"",eukaryota,false,,,,,,,,,,,,,,,,0.33591322152200487,3,,,90.6,24.6667,10^-6.18495,,,,,,0
5309,2,5309,Athelia,"",eukaryota,false,,,,,,,,,,,,,,,,0.1119710738406683,1,,,96.0,25.0,10^-6.45469,,,,,[2748771],0
2748771,1,5309,Athelia sp. TMB,"",eukaryota,false,,,,,,,,,,,,,,,,0.1119710738406683,1,,,96.0,25.0,10^-6.45469,,,,,,0
5305,2,5305,Phanerochaete,"",eukaryota,false,,,,,,,,,,,,,,,,0.1119710738406683,1,,,100.0,24.0,10^-9.16052,,,,,[231932],0
231932,1,5305,Phanerochaete carnosa,"",eukaryota,false,,,,,,,,,,,,,,,,0.1119710738406683,1,,,100.0,24.0,10^-9.16052,,,,,,0
5230,2,5230,Auricularia,"",eukaryota,false,,,,0.1119710738406683,1,,,100.0,76.0,10^-39.3489,,,,,,,,,,,,,,,,,[29893],0
29893,1,5230,Auricularia polytricha,"",eukaryota,false,,,,0.1119710738406683,1,,,100.0,76.0,10^-39.3489,,,,,,,,,,,,,,,,,,0
5209,2,5209,Filobasidium,"",eukaryota,false,,,,0.1119710738406683,1,,,88.136,59.0,10^-18.1872,,,,,,,,,,,,,,,,,[5210],0
5210,1,5209,Filobasidium floriforme,"",eukaryota,false,,,,0.1119710738406683,1,,,88.136,59.0,10^-18.1872,,,,,,,,,,,,,,,,,,0
5206,2,5206,Cryptococcus,"",eukaryota,false,,,,0.1119710738406683,1,,,100.0,73.0,10^-37.3079,,,,,,,,,,,,,,,,,[37769],1
37769,1,5206,Cryptococcus gattii,"",eukaryota,false,,,,0.1119710738406683,1,,,100.0,73.0,10^-37.3079,,,,,,,,,,,,,,,,,,1
5073,2,5073,Penicillium,"",eukaryota,false,,,,0.1119710738406683,1,,,98.667,75.0,10^-35.9238,,,,,,0.1119710738406683,1,,,92.0,25.0,10^-6.66154,,,,,"[293559, 69781]",0
293559,1,5073,Penicillium concentricum,"",eukaryota,false,,,,,,,,,,,,,,,,0.1119710738406683,1,,,92.0,25.0,10^-6.66154,,,,,,0
69781,1,5073,Penicillium oxalicum,"",eukaryota,false,,,,0.1119710738406683,1,,,98.667,75.0,10^-35.9238,,,,,,,,,,,,,,,,,,0
5052,2,5052,Aspergillus,"",eukaryota,false,,,,7.726004095006113,69,2,59,96.8867,160.609,10^-69.9064,,,,,,2.1274504029726975,19,,,98.0737,24.2632,10^-7.21701,,,,,"[1069201, 340412, 306088, 138278, 51019, 5062, 5059]",1
1069201,1,5052,Aspergillus luchuensis,"",eukaryota,false,,,,0.1119710738406683,1,,,98.684,76.0,10^-37.9766,,,,,,,,,,,,,,,,,,0
340412,1,5052,Aspergillus novofumigatus,"",eukaryota,false,,,,,,,,,,,,,,,,0.1119710738406683,1,,,100.0,25.0,10^-11.5622,,,,,,0
306088,1,5052,Aspergillus steynii,"",eukaryota,false,,,,,,,,,,,,,,,,0.1119710738406683,1,,,95.8,24.0,10^-5.53462,,,,,,0
138278,1,5052,Aspergillus ochraceoroseus,"",eukaryota,false,,,,,,,,,,,,,,,,0.5598553692033414,5,,,99.2,24.0,10^-6.80401,,,,,,0
51019,1,5052,Aspergillus heteromorphus,"",eukaryota,false,,,,,,,,,,,,,,,,1.3436528860880195,12,,,97.6333,24.3333,10^-7.16718,,,,,,0
5062,1,5052,Aspergillus oryzae,"",eukaryota,false,,,,0.5598553692033414,5,,,99.7298,75.2,10^-38.5301,,,,,,,,,,,,,,,,,,0
5059,1,5052,Aspergillus flavus,"",eukaryota,false,,,,7.054177651962103,63,2,59,96.6326,168.73,10^-72.9035,,,,,,,,,,,,,,,,,,1
5036,2,5036,Histoplasma,"",eukaryota,false,,,,0.1119710738406683,1,,,100.0,76.0,10^-39.3489,,,,,,,,,,,,,,,,,[5037],1
5037,1,5036,Histoplasma capsulatum,"",eukaryota,false,,,,0.1119710738406683,1,,,100.0,76.0,10^-39.3489,,,,,,,,,,,,,,,,,,1
4930,2,4930,Saccharomyces,"",eukaryota,false,,,,0.33591322152200487,3,,,99.5497,75.0,10^-38.2111,,,,,,,,,,,,,,,,,[4932],1
4932,1,4930,Saccharomyces cerevisiae,brewer's yeast,eukaryota,false,,,,0.33591322152200487,3,,,99.5497,75.0,10^-38.2111,,,,,,,,,,,,,,,,,,1
4867,2,4867,Linderina,"",eukaryota,false,,,,0.1119710738406683,1,,,97.222,36.0,10^-10.8537,,,,,,,,,,,,,,,,,[61395],0
61395,1,4867,Linderina pennispora,"",eukaryota,false,,,,0.1119710738406683,1,,,97.222,36.0,10^-10.8537,,,,,,,,,,,,,,,,,,0
4842,2,4842,Rhizopus,"",eukaryota,false,,,,,,,,,,,,,,,,0.1119710738406683,1,,,92.0,25.0,10^-6.59176,,,,,[64495],1
64495,1,4842,Rhizopus arrhizus,"",eukaryota,false,,,,,,,,,,,,,,,,0.1119710738406683,1,,,92.0,25.0,10^-6.59176,,,,,,1
4836,2,4836,Phycomyces,"",eukaryota,false,,,,,,,,,,,,,,,,0.1119710738406683,1,,,95.8,24.0,10^-5.86012,,,,,[4837],0
4837,1,4836,Phycomyces blakesleeanus,"",eukaryota,false,,,,,,,,,,,,,,,,0.1119710738406683,1,,,95.8,24.0,10^-5.86012,,,,,,0
4564,2,4564,Triticum,"",eukaryota,false,,,,0.2239421476813366,2,,,97.4025,76.5,10^-36.9444,,,,,,,,,,,,,,,,,[4565],0
4565,1,4564,Triticum aestivum,bread wheat,eukaryota,false,,,,0.2239421476813366,2,,,97.4025,76.5,10^-36.9444,,,,,,,,,,,,,,,,,,0
4527,2,4527,Oryza,"",eukaryota,false,,,,0.2239421476813366,2,,,86.364,44.0,10^-9.39414,,,,,,,,,,,,,,,,,[4530],0
4530,1,4527,Oryza sativa,Asian cultivated rice,eukaryota,false,,,,0.2239421476813366,2,,,86.364,44.0,10^-9.39414,,,,,,,,,,,,,,,,,,0
4071,2,4071,Capsicum,peppers,eukaryota,false,,,,,,,,,,,,,,,,0.1119710738406683,1,,,84.0,25.0,10^-5.24718,,,,,[33114],0
33114,1,4071,Capsicum baccatum,"",eukaryota,false,,,,,,,,,,,,,,,,0.1119710738406683,1,,,84.0,25.0,10^-5.24718,,,,,,0
3869,2,3869,Lupinus,"",eukaryota,false,,,,,,,,,,,,,,,,1.6795661076100246,15,1,11,79.2935,60.0667,10^-24.2964,,,,,[3870],0
3870,1,3869,Lupinus albus,white lupine,eukaryota,false,,,,,,,,,,,,,,,,1.6795661076100246,15,1,11,79.2935,60.0667,10^-24.2964,,,,,,0
3633,2,3633,Gossypium,"",eukaryota,false,,,,0.1119710738406683,1,,,94.444,36.0,10^-9.48129,,,,,,,,,,,,,,,,,[34284],0
34284,1,3633,Gossypium turneri,"",eukaryota,false,,,,0.1119710738406683,1,,,94.444,36.0,10^-9.48129,,,,,,,,,,,,,,,,,,0
3603,2,3603,Vitis,"",eukaryota,false,,,,0.1119710738406683,1,,,86.486,37.0,10^-6.03847,,,,,,,,,,,,,,,,,[884147],0
884147,1,3603,Vitis x doaniana,"",eukaryota,false,,,,0.1119710738406683,1,,,86.486,37.0,10^-6.03847,,,,,,,,,,,,,,,,,,0
3554,2,3554,Beta,"",eukaryota,false,,,,,,,,,,,,,,,,0.33591322152200487,3,,,91.9,24.6667,10^-7.25779,,,,,[161934],0
161934,1,3554,Beta vulgaris,"",eukaryota,false,,,,,,,,,,,,,,,,0.33591322152200487,3,,,91.9,24.6667,10^-7.25779,,,,,,0
3196,2,3196,Marchantia,"",eukaryota,false,,,,,,,,,,,,,,,,0.2239421476813366,2,,,88.0,24.5,10^-3.86211,,,,,[3197],0
3197,1,3196,Marchantia polymorpha,liverwort,eukaryota,false,,,,,,,,,,,,,,,,0.2239421476813366,2,,,88.0,24.5,10^-3.86211,,,,,,0
3052,2,3052,Chlamydomonas,"",eukaryota,false,,,,,,,,,,,,,,,,0.2239421476813366,2,,,96.0,24.5,10^-5.08414,,,,,"[1653778, 3055]",0
1653778,1,3052,Chlamydomonas sp. UWO 241,"",eukaryota,false,,,,,,,,,,,,,,,,0.1119710738406683,1,,,100.0,24.0,10^-4.32057,,,,,,0
3055,1,3052,Chlamydomonas reinhardtii,"",eukaryota,false,,,,,,,,,,,,,,,,0.1119710738406683,1,,,92.0,25.0,10^-5.84771,,,,,,0
2745,2,2745,Halomonas,"",bacteria,false,,,,0.1119710738406683,1,,,97.297,37.0,10^-11.528,,,,,,,,,,,,,,,,,[1897729],0
1897729,1,2745,Halomonas aestuarii,"",bacteria,false,,,,0.1119710738406683,1,,,97.297,37.0,10^-11.528,,,,,,,,,,,,,,,,,,0
2433,2,2433,Roseobacter,"",bacteria,false,,,,,,,,,,,,,,,,0.2239421476813366,2,,,78.0,25.0,10^-6.0476,,,,,[351016],0
351016,1,2433,Roseobacter sp. AzwK-3b,"",bacteria,false,,,,,,,,,,,,,,,,0.2239421476813366,2,,,78.0,25.0,10^-6.0476,,,,,,0
2132,2,2132,Spiroplasma,"",bacteria,false,,,,0.6718264430440097,6,,,97.5055,74.6667,10^-35.9258,,,,,,0.5598553692033414,5,,,96.68,24.2,10^-6.17062,,,,,"[2904538, 216964, 216937, 216936, 2142]",0
2904538,1,2132,Spiroplasma sp. JKS002671,"",bacteria,false,,,,,,,,,,,,,,,,0.33591322152200487,3,,,95.8,24.0,10^-6.52878,,,,,,0
216964,1,2132,Spiroplasma sp. BIUS-1,"",bacteria,false,,,,0.1119710738406683,1,,,100.0,76.0,10^-39.3489,,,,,,,,,,,,,,,,,,0
216937,1,2132,Spiroplasma floricola,"",bacteria,false,,,,0.2239421476813366,2,,,92.5165,73.0,10^-29.76,,,,,,0.2239421476813366,2,,,98.0,24.5,10^-5.63337,,,,,,0
216936,1,2132,Spiroplasma diminutum,"",bacteria,false,,,,0.2239421476813366,2,,,100.0,75.5,10^-39.0087,,,,,,,,,,,,,,,,,,0
2142,1,2132,Spiroplasma diabroticae,"",bacteria,false,,,,0.1119710738406683,1,,,100.0,75.0,10^-38.6685,,,,,,,,,,,,,,,,,,0
1883,2,1883,Streptomyces,"",bacteria,false,,,,0.4478842953626732,4,,,100.0,75.25,10^-38.8386,,,,,,0.4478842953626732,4,,,100.0,24.0,10^-8.51625,,,,,"[2768069, 1437453, 465541, 39478, 35619, 1930, 1886]",0
2768069,1,1883,Streptomyces xanthii,"",bacteria,false,,,,0.1119710738406683,1,,,100.0,74.0,10^-37.9881,,,,,,,,,,,,,,,,,,0
1437453,1,1883,Streptomyces leeuwenhoekii,"",bacteria,false,,,,0.1119710738406683,1,,,100.0,75.0,10^-38.6685,,,,,,,,,,,,,,,,,,0
465541,1,1883,Streptomyces sp. Mg1,"",bacteria,false,,,,,,,,,,,,,,,,0.1119710738406683,1,,,100.0,24.0,10^-7.86967,,,,,,0
39478,1,1883,Streptomyces laurentii,"",bacteria,false,,,,0.1119710738406683,1,,,100.0,76.0,10^-39.3489,,,,,,,,,,,,,,,,,,0
35619,1,1883,Streptomyces griseoflavus,"",bacteria,false,,,,,,,,,,,,,,,,0.2239421476813366,2,,,100.0,24.0,10^-10.3243,,,,,,0
1930,1,1883,Streptomyces scabiei,"",bacteria,false,,,,,,,,,,,,,,,,0.1119710738406683,1,,,100.0,24.0,10^-5.54668,,,,,,0
1886,1,1883,Streptomyces albidoflavus,"",bacteria,false,,,,0.1119710738406683,1,,,100.0,76.0,10^-39.3489,,,,,,,,,,,,,,,,,,0
1839,2,1839,Nocardioides,"",bacteria,false,,,,0.1119710738406683,1,,,97.222,36.0,10^-10.8537,,,,,,,,,,,,,,,,,[1774216],0
1774216,1,1839,Nocardioides rotundus,"",bacteria,false,,,,0.1119710738406683,1,,,97.222,36.0,10^-10.8537,,,,,,,,,,,,,,,,,,0
1763,2,1763,Mycobacterium,"",bacteria,false,,,,0.1119710738406683,1,,,100.0,76.0,10^-39.3489,,,,,,0.1119710738406683,1,,,75.0,24.0,10^-4.72354,,,,,[1773],1
1773,1,1763,Mycobacterium tuberculosis,"",bacteria,false,,,,0.1119710738406683,1,,,100.0,76.0,10^-39.3489,,,,,,0.1119710738406683,1,,,75.0,24.0,10^-4.72354,,,,,,1
1716,2,1716,Corynebacterium,"",bacteria,false,,,,,,,,,,,,,,,,0.1119710738406683,1,,,79.2,24.0,10^-5.08884,,,,,[2719119],0
2719119,1,1716,Corynebacterium rouxii,"",bacteria,false,,,,,,,,,,,,,,,,0.1119710738406683,1,,,79.2,24.0,10^-5.08884,,,,,,0
1386,2,1386,Bacillus,"",bacteria,false,,,,0.1119710738406683,1,,,100.0,76.0,10^-39.3489,,,,,,,,,,,,,,,,,[1423],0
1423,1,1386,Bacillus subtilis,"",bacteria,false,,,,0.1119710738406683,1,,,100.0,76.0,10^-39.3489,,,,,,,,,,,,,,,,,,0
1279,2,1279,Staphylococcus,"",bacteria,false,,,,3.359132215220049,30,1,18,99.8667,245.1,10^-200.126,,,,,,0.4478842953626732,4,,,96.75,24.0,10^-6.35245,,,,,"[29382, 1283, 1282, 1280]",3
29382,1,1279,Staphylococcus cohnii,"",bacteria,false,,,,2.7992768460167072,25,1,18,99.9474,279.04,10^-232.473,,,,,,,,,,,,,,,,,,0
1283,1,1279,Staphylococcus haemolyticus,"",bacteria,false,,,,0.5598553692033414,5,,,99.4632,75.4,10^-38.3917,,,,,,,,,,,,,,,,,,1
1282,1,1279,Staphylococcus epidermidis,"",bacteria,false,,,,,,,,,,,,,,,,0.1119710738406683,1,,,87.0,23.0,10^-7.54516,,,,,,1
1280,1,1279,Staphylococcus aureus,"",bacteria,false,,,,,,,,,,,,,,,,0.33591322152200487,3,,,100.0,24.3333,10^-5.95488,,,,,,1
1016,2,1016,Capnocytophaga,"",bacteria,false,,,,,,,,,,,,,,,,0.6718264430440097,6,,,94.16,17.2,10^-3.96167,,,,,[28189],0
28189,1,1016,Capnocytophaga cynodegmi,"",bacteria,false,,,,,,,,,,,,,,,,0.6718264430440097,6,,,94.16,17.2,10^-3.96167,,,,,,0
780,2,780,Rickettsia,"",bacteria,false,,,,,,,,,,,,,,,,1.0077396645660146,9,1,6,80.3209,55.3333,10^-14.7409,,,,,[782],1
782,1,780,Rickettsia prowazekii,"",bacteria,false,,,,,,,,,,,,,,,,1.0077396645660146,9,1,6,80.3209,55.3333,10^-14.7409,,,,,,1
745,2,745,Pasteurella,"",bacteria,false,,,,,,,,,,,,,,,,0.1119710738406683,1,,,79.2,24.0,10^-3.2233,,,,,[747],1
747,1,745,Pasteurella multocida,"",bacteria,false,,,,,,,,,,,,,,,,0.1119710738406683,1,,,79.2,24.0,10^-3.2233,,,,,,1
724,2,724,Haemophilus,"",bacteria,false,,,,,,,,,,,,,,,,0.1119710738406683,1,,,79.2,24.0,10^-5.47108,,,,,[727],1
727,1,724,Haemophilus influenzae,"",bacteria,false,,,,,,,,,,,,,,,,0.1119710738406683,1,,,79.2,24.0,10^-5.47108,,,,,,1
662,2,662,Vibrio,"",bacteria,false,,,,,,,,,,,,,,,,2.015479329132029,18,1,18,100.0,43.0,10^-25.6345,,,,,[670],1
670,1,662,Vibrio parahaemolyticus,"",bacteria,false,,,,,,,,,,,,,,,,2.015479329132029,18,1,18,100.0,43.0,10^-25.6345,,,,,,1
642,2,642,Aeromonas,"",bacteria,false,,,,,,,,,,,,,,,,0.2239421476813366,2,,,100.0,22.5,10^-5.53917,,,,,[654],1
654,1,642,Aeromonas veronii,"",bacteria,false,,,,,,,,,,,,,,,,0.2239421476813366,2,,,100.0,22.5,10^-5.53917,,,,,,1
626,2,626,Xenorhabdus,"",bacteria,false,,,,,,,,,,,,,,,,0.1119710738406683,1,,,86.4,22.0,10^-3.47108,,,,,[40576],0
40576,1,626,Xenorhabdus bovienii,"",bacteria,false,,,,,,,,,,,,,,,,0.1119710738406683,1,,,86.4,22.0,10^-3.47108,,,,,,0
590,2,590,Salmonella,"",bacteria,false,,,,,,,,,,,,,,,,0.6718264430440097,6,,,100.0,24.8333,10^-9.26036,,,,,[28901],1
28901,1,590,Salmonella enterica,"",bacteria,false,,,,,,,,,,,,,,,,0.6718264430440097,6,,,100.0,24.8333,10^-9.26036,,,,,,1
586,2,586,Providencia,"",bacteria,false,,,,0.5598553692033414,5,,,100.0,75.4,10^-38.9407,,,,,,0.5598553692033414,5,,,91.76,24.4,10^-7.13893,,,,,"[2828763, 588, 587]",1
2828763,1,586,Providencia sp. R33,"",bacteria,false,,,,0.2239421476813366,2,,,100.0,75.5,10^-39.0087,,,,,,,,,,,,,,,,,,0
588,1,586,Providencia stuartii,"",bacteria,false,,,,,,,,,,,,,,,,0.5598553692033414,5,,,91.76,24.4,10^-7.13893,,,,,,0
587,1,586,Providencia rettgeri,"",bacteria,false,,,,0.33591322152200487,3,,,100.0,75.3333,10^-38.8953,,,,,,,,,,,,,,,,,,1
583,2,583,Proteus,"",bacteria,false,,,,,,,,,,,,,,,,0.2239421476813366,2,,,97.9,24.5,10^-8.50385,,,,,[584],1
584,1,583,Proteus mirabilis,"",bacteria,false,,,,,,,,,,,,,,,,0.2239421476813366,2,,,97.9,24.5,10^-8.50385,,,,,,1
581,2,581,Morganella,"",bacteria,false,,,,3.135190067538712,28,1,6,99.7619,105.786,10^-53.6637,,,,,,0.33591322152200487,3,,,97.2333,24.3333,10^-6.67583,,,,,[582],1
582,1,581,Morganella morganii,"",bacteria,false,,,,3.135190067538712,28,1,6,99.7619,105.786,10^-53.6637,,,,,,0.33591322152200487,3,,,97.2333,24.3333,10^-6.67583,,,,,,1
570,2,570,Klebsiella,"",bacteria,false,,,,0.33591322152200487,3,,,99.5613,75.3333,10^-38.4379,,,,,,0.4478842953626732,4,,,92.875,24.75,10^-7.23363,,,,,[573],1
573,1,570,Klebsiella pneumoniae,"",bacteria,false,,,,0.33591322152200487,3,,,99.5613,75.3333,10^-38.4379,,,,,,0.4478842953626732,4,,,92.875,24.75,10^-7.23363,,,,,,1
561,2,561,Escherichia,"",bacteria,false,,,,42.21309483793195,377,3,354,99.9894,1199.5,10^-279.789,,,,,,40.19761550879992,359,1,330,99.3783,358.273,10^-283.14,,,,,[562],1
562,1,561,Escherichia coli,"",bacteria,false,,,,42.21309483793195,377,3,354,99.9894,1199.5,10^-279.789,,,,,,40.19761550879992,359,1,330,99.3783,358.273,10^-283.14,,,,,,1
541,2,541,Zymomonas,"",bacteria,false,,,,0.1119710738406683,1,,,98.684,76.0,10^-37.9766,,,,,,,,,,,,,,,,,[542],0
542,1,541,Zymomonas mobilis,"",bacteria,false,,,,0.1119710738406683,1,,,98.684,76.0,10^-37.9766,,,,,,,,,,,,,,,,,,0
469,2,469,Acinetobacter,"",bacteria,false,,,,,,,,,,,,,,,,0.33591322152200487,3,,,90.3333,24.3333,10^-5.27505,,,,,[470],1
470,1,469,Acinetobacter baumannii,"",bacteria,false,,,,,,,,,,,,,,,,0.33591322152200487,3,,,90.3333,24.3333,10^-5.27505,,,,,,1
441,2,441,Gluconobacter,"",bacteria,false,,,,0.33591322152200487,3,,,100.0,55.3333,10^-25.3195,,,,,,0.2239421476813366,2,,,96.0,25.0,10^-6.70349,,,,,"[38308, 442]",0
38308,1,441,Gluconobacter frateurii,"",bacteria,false,,,,,,,,,,,,,,,,0.2239421476813366,2,,,96.0,25.0,10^-6.70349,,,,,,0
442,1,441,Gluconobacter oxydans,"",bacteria,false,,,,0.33591322152200487,3,,,100.0,55.3333,10^-25.3195,,,,,,,,,,,,,,,,,,0
434,2,434,Acetobacter,"",bacteria,false,,,,0.6718264430440097,6,,,98.9035,75.8333,10^-38.0919,,,,,,0.783797516884678,7,,,95.8714,23.7143,10^-6.47525,,,,,"[2817435, 483199, 146475, 65959, 438, 435]",0
2817435,1,434,Acetobacter garciniae,"",bacteria,false,,,,,,,,,,,,,,,,0.1119710738406683,1,,,95.7,23.0,10^-6.13847,,,,,,0
483199,1,434,Acetobacter fabarum,"",bacteria,false,,,,,,,,,,,,,,,,0.1119710738406683,1,,,92.0,25.0,10^-5.43652,,,,,,0
146475,1,434,Acetobacter cibinongensis,"",bacteria,false,,,,,,,,,,,,,,,,0.1119710738406683,1,,,100.0,24.0,10^-10.3344,,,,,,0
65959,1,434,Acetobacter pomorum,"",bacteria,false,,,,,,,,,,,,,,,,0.4478842953626732,4,,,95.85,23.5,10^-5.85434,,,,,,0
438,1,434,Acetobacter pasteurianus,"",bacteria,false,,,,0.5598553692033414,5,,,98.6842,75.8,10^-37.8405,,,,,,,,,,,,,,,,,,0
435,1,434,Acetobacter aceti,"",bacteria,false,,,,0.1119710738406683,1,,,100.0,76.0,10^-39.3489,,,,,,,,,,,,,,,,,,0
357,2,357,Agrobacterium,"",bacteria,false,,,,0.2239421476813366,2,,,99.342,76.0,10^-38.6628,,,,,,0.1119710738406683,1,,,100.0,23.0,10^-7.80967,,,,,[358],1
358,1,357,Agrobacterium tumefaciens,"",bacteria,false,,,,0.2239421476813366,2,,,99.342,76.0,10^-38.6628,,,,,,0.1119710738406683,1,,,100.0,23.0,10^-7.80967,,,,,,1
338,2,338,Xanthomonas,"",bacteria,false,,,,0.1119710738406683,1,,,92.105,76.0,10^-31.1147,,,,,,,,,,,,,,,,,[346],0
346,1,338,Xanthomonas citri,"",bacteria,false,,,,0.1119710738406683,1,,,92.105,76.0,10^-31.1147,,,,,,,,,,,,,,,,,,0
286,2,286,Pseudomonas,"",bacteria,false,,,,0.4478842953626732,4,,,99.671,76.0,10^-39.0058,,,,,,,,,,,,,,,,,"[306, 303, 287]",2
306,1,286,Pseudomonas sp.,"",bacteria,false,,,,0.1119710738406683,1,,,100.0,76.0,10^-39.3489,,,,,,,,,,,,,,,,,,0
303,1,286,Pseudomonas putida,"",bacteria,false,,,,0.1119710738406683,1,,,100.0,76.0,10^-39.3489,,,,,,,,,,,,,,,,,,1
287,1,286,Pseudomonas aeruginosa,"",bacteria,false,,,,0.2239421476813366,2,,,99.342,76.0,10^-38.6628,,,,,,,,,,,,,,,,,,1
237,2,237,Flavobacterium,"",bacteria,false,,,,,,,,,,,,,,,,0.2239421476813366,2,,,91.85,24.0,10^-6.78012,,,,,"[996, 239]",0
996,1,237,Flavobacterium columnare,"",bacteria,false,,,,,,,,,,,,,,,,0.1119710738406683,1,,,95.7,23.0,10^-7.21538,,,,,,0
239,1,237,Flavobacterium sp.,"",bacteria,false,,,,,,,,,,,,,,,,0.1119710738406683,1,,,88.0,25.0,10^-6.34486,,,,,,0
234,2,234,Brucella,"",bacteria,false,,,,,,,,,,,,,,,,0.1119710738406683,1,,,82.6,23.0,10^-5.93181,,,,,[235],1
235,1,234,Brucella abortus,"",bacteria,false,,,,,,,,,,,,,,,,0.1119710738406683,1,,,82.6,23.0,10^-5.93181,,,,,,1
194,2,194,Campylobacter,"",bacteria,false,,,,,,,,,,,,,,,,0.33591322152200487,3,,,78.0333,24.3333,10^-4.25414,,,,,[197],1
197,1,194,Campylobacter jejuni,"",bacteria,false,,,,,,,,,,,,,,,,0.33591322152200487,3,,,78.0333,24.3333,10^-4.25414,,,,,,1
191,2,191,Azospirillum,"",bacteria,false,,,,,,,,,,,,,,,,0.2239421476813366,2,,,81.3,24.0,10^-5.00063,,,,,[192],0
192,1,191,Azospirillum brasilense,"",bacteria,false,,,,,,,,,,,,,,,,0.2239421476813366,2,,,81.3,24.0,10^-5.00063,,,,,,0
75,2,75,Caulobacter,"",bacteria,false,,,,0.8957685907253464,8,,,99.8355,75.375,10^-38.7521,,,,,,,,,,,,,,,,,"[3015996, 2010972, 1395897, 366602, 155892, 88688]",0
3015996,1,75,Caulobacter sp. NIBR2454,"",bacteria,false,,,,0.1119710738406683,1,,,100.0,76.0,10^-39.3489,,,,,,,,,,,,,,,,,,0
2010972,1,75,Caulobacter rhizosphaerae,"",bacteria,false,,,,0.1119710738406683,1,,,100.0,75.0,10^-38.6685,,,,,,,,,,,,,,,,,,0
1395897,1,75,Caulobacter sp. PTGR-10,"",bacteria,false,,,,0.1119710738406683,1,,,100.0,75.0,10^-38.6685,,,,,,,,,,,,,,,,,,0
366602,1,75,Caulobacter sp. K31,"",bacteria,false,,,,0.1119710738406683,1,,,100.0,75.0,10^-38.6685,,,,,,,,,,,,,,,,,,0
155892,1,75,Caulobacter vibrioides,"",bacteria,false,,,,0.33591322152200487,3,,,99.5613,75.6667,10^-38.6647,,,,,,,,,,,,,,,,,,0
88688,1,75,Caulobacter segnis,"",bacteria,false,,,,0.1119710738406683,1,,,100.0,75.0,10^-38.6685,,,,,,,,,,,,,,,,,,0
68,2,68,Lysobacter,"",bacteria,false,,,,,,,,,,,,,,,,0.1119710738406683,1,,,100.0,25.0,10^-6.82102,,,,,[2912247],0
2912247,1,68,Lysobacter chinensis,"",bacteria,false,,,,,,,,,,,,,,,,0.1119710738406683,1,,,100.0,25.0,10^-6.82102,,,,,,0
50,2,50,Chondromyces,"",bacteria,false,,,,0.1119710738406683,1,,,97.368,76.0,10^-36.6042,,,,,,,,,,,,,,,,,[52],0
52,1,50,Chondromyces crocatus,"",bacteria,false,,,,0.1119710738406683,1,,,97.368,76.0,10^-36.6042,,,,,,,,,,,,,,,,,,0
-200,2,-200,all taxa with neither family nor genus classification,,,false,,,,3.4711032890607174,31,,,96.661,70.1613,10^-32.639,,,,,,25.193491614150368,225,8,107,81.8115,72.1333,10^-30.7426,,,,,"[2789886, 2789885, 2607732, 2447898, 2053615, 2044939, 2030927, 1978231, 1913988, 1797588, 1756188, 1709940, 1524953, 663185, 271356, 175245, 155900, 100272, 77133, -100]",0
2789886,1,-200,Aedes aegypti To virus 2,"",viruses,false,,,,,,,,,,,,,,,,0.2239421476813366,2,,,68.75,24.0,10^-3.3766,,,,,,0
2789885,1,-200,Aedes aegypti To virus 1,"",viruses,false,,,,,,,,,,,,,,,,0.1119710738406683,1,,,79.2,24.0,10^-4.44009,,,,,,0
2607732,1,-200,Guadeloupe mosquito mononega-like virus,"",viruses,false,,,,,,,,,,,,,,,,22.28224369429299,199,7,95,80.289,74.5779,10^-30.6902,,,,,,0
2447898,1,-200,Candidatus Kapabacteria bacterium,"",bacteria,false,,,,0.2239421476813366,2,,,90.428,36.5,10^-7.75988,,,,,,,,,,,,,,,,,,0
2053615,1,-200,Spirochaetia bacterium,"",bacteria,false,,,,,,,,,,,,,,,,0.1119710738406683,1,,,100.0,24.0,10^-9.31426,,,,,,0
2044939,1,-200,Clostridia bacterium,"",bacteria,false,,,,,,,,,,,,,,,,0.1119710738406683,1,,,91.7,24.0,10^-5.4045,,,,,,0
2030927,1,-200,Bacteroidales bacterium,"",bacteria,false,,,,,,,,,,,,,,,,0.1119710738406683,1,,,76.0,25.0,10^-3.34969,,,,,,0
1978231,1,-200,Acidobacteriota bacterium,"",bacteria,false,,,,,,,,,,,,,,,,0.1119710738406683,1,,,91.7,24.0,10^-5.72125,,,,,,0
1913988,1,-200,Alphaproteobacteria bacterium,"",bacteria,false,,,,,,,,,,,,,,,,0.1119710738406683,1,,,100.0,20.0,10^-7.34199,,,,,,0
1797588,1,-200,Caulobacterales bacterium RIFOXYB1_FULL_67_16,"",bacteria,false,,,,,,,,,,,,,,,,0.1119710738406683,1,,,95.8,24.0,10^-4.44009,,,,,,0
1756188,1,-200,Xylariales sp.,"",eukaryota,false,,,,0.1119710738406683,1,,,100.0,76.0,10^-39.3489,,,,,,,,,,,,,,,,,,0
1709940,1,-200,Sordariomycetes sp.,"",eukaryota,false,,,,0.33591322152200487,3,,,100.0,74.6667,10^-38.4417,,,,,,,,,,,,,,,,,,0
1524953,1,-200,fungal sp. E41 KL-2014,"",eukaryota,false,,,,0.1119710738406683,1,,,100.0,76.0,10^-39.3489,,,,,,,,,,,,,,,,,,0
663185,1,-200,mixed culture bacterium PI_gF3SD01_30,"",bacteria,false,,,,,,,,,,,,,,,,1.4556239599286878,13,1,12,98.9514,82.9231,10^-57.2742,,,,,,0
271356,1,-200,[Candida] sp. BG02-7-21-004C-1-1,"",eukaryota,false,,,,0.1119710738406683,1,,,94.737,76.0,10^-33.8595,,,,,,,,,,,,,,,,,,0
175245,1,-200,uncultured fungus,"",eukaryota,false,,,,0.4478842953626732,4,,,96.8848,74.0,10^-34.9008,,,,,,,,,,,,,,,,,,0
155900,1,-200,uncultured organism,"",,false,,,,0.1119710738406683,1,,,100.0,74.0,10^-37.9881,,,,,,,,,,,,,,,,,,0
100272,1,-200,uncultured eukaryote,"",eukaryota,false,,,,0.33591322152200487,3,,,92.4713,66.6667,10^-26.5991,,,,,,,,,,,,,,,,,,0
77133,1,-200,uncultured bacterium,"",bacteria,false,,,,1.4556239599286878,13,,,98.6472,73.3846,10^-36.4094,,,,,,,,,,,,,,,,,,0
-100,1,-200,all taxa with neither family nor genus classification,,,false,,,,0.2239421476813366,2,,,86.766,63.0,10^-18.8468,,,,,,0.4478842953626732,4,,,92.95,24.5,10^-4.60321,,,,,,0
-200000126,2,-200000126,non-genus-specific reads in family Planctomycetaceae,,bacteria,false,,,,,,,,,,,,,,,,0.1119710738406683,1,,,88.0,25.0,10^-3.01592,,,,,[2026779],0
2026779,1,-200000126,Planctomycetaceae bacterium,"",bacteria,false,,,,,,,,,,,,,,,,0.1119710738406683,1,,,88.0,25.0,10^-3.01592,,,,,,0
-200011050,2,-200011050,non-genus-specific reads in family Flaviviridae,,viruses,false,,,,,,,,,,,,,,,,0.2239421476813366,2,,,84.0,25.0,10^-4.85518,,,,,[1821227],0
1821227,1,-200011050,Xishuangbanna aedes flavivirus,"",viruses,false,,,,,,,,,,,,,,,,0.2239421476813366,2,,,84.0,25.0,10^-4.85518,,,,,,0
-200031989,2,-200031989,non-genus-specific reads in family Paracoccaceae,,bacteria,false,,,,,,,,,,,,,,,,0.1119710738406683,1,,,100.0,25.0,10^-8.88941,,,,,[1904441],0
1904441,1,-200031989,Paracoccaceae bacterium,"",bacteria,false,,,,,,,,,,,,,,,,0.1119710738406683,1,,,100.0,25.0,10^-8.88941,,,,,,0
-200037990,2,-200037990,non-genus-specific reads in family Xylariaceae,,eukaryota,false,,,,0.1119710738406683,1,,,98.667,75.0,10^-37.2961,,,,,,,,,,,,,,,,,[1881983],0
1881983,1,-200037990,Xylariaceae sp.,"",eukaryota,false,,,,0.1119710738406683,1,,,98.667,75.0,10^-37.2961,,,,,,,,,,,,,,,,,,0
-200080628,2,-200080628,non-genus-specific reads in family Atheliaceae,,eukaryota,false,,,,0.1119710738406683,1,,,100.0,75.0,10^-38.6685,,,,,,,,,,,,,,,,,[195032],0
195032,1,-200080628,uncultured Piloderma,"",eukaryota,false,,,,0.1119710738406683,1,,,100.0,75.0,10^-38.6685,,,,,,,,,,,,,,,,,,0
-200186665,2,-200186665,non-genus-specific reads in family Metaviridae,,viruses,false,,,,,,,,,,,,,,,,0.1119710738406683,1,,,75.0,24.0,10^-3.21824,,,,,[2689361],0
2689361,1,-200186665,Chibugado virus,"",viruses,false,,,,,,,,,,,,,,,,0.1119710738406683,1,,,75.0,24.0,10^-3.21824,,,,,,0
-200186803,2,-200186803,non-genus-specific reads in family Lachnospiraceae,,bacteria,false,,,,,,,,,,,,,,,,0.1119710738406683,1,,,87.5,24.0,10^-5.2993,,,,,[658656],0
658656,1,-200186803,Lachnospiraceae bacterium 6_1_37FAA,"",bacteria,false,,,,,,,,,,,,,,,,0.1119710738406683,1,,,87.5,24.0,10^-5.2993,,,,,,0
-200296205,2,-200296205,non-genus-specific reads in family Penthaleidae,,eukaryota,false,,,,,,,,,,,,,,,,0.1119710738406683,1,,,96.0,25.0,10^-4.97881,,,,,[2979912],0
2979912,1,-200296205,Penthaleidae sp.,"",eukaryota,false,,,,,,,,,,,,,,,,0.1119710738406683,1,,,96.0,25.0,10^-4.97881,,,,,,0
-200767018,2,-200767018,non-genus-specific reads in family Diaporthaceae,,eukaryota,false,,,,,,,,,,,,,,,,0.1119710738406683,1,,,100.0,25.0,10^-7.61439,,,,,[2614600],0
2614600,1,-200767018,Diaporthaceae sp. PMI_573,"",eukaryota,false,,,,,,,,,,,,,,,,0.1119710738406683,1,,,100.0,25.0,10^-7.61439,,,,,,0
