tax_id,tax_level,genus_tax_id,name,common_name,category,is_phage,agg_score,max_z_score,nt_z_score,nt_rpm,nt_count,nt_contigs,nt_contig_r,nt_percent_identity,nt_alignment_length,nt_e_value,nt_bg_mean,nt_bg_stdev,nt_bg_mean_mass_normalized,nt_bg_stdev_mass_normalized,nr_z_score,nr_rpm,nr_count,nr_contigs,nr_contig_r,nr_percent_identity,nr_alignment_length,nr_e_value,nr_bg_mean,nr_bg_stdev,nr_bg_mean_mass_normalized,nr_bg_stdev_mass_normalized,species_tax_ids,known_pathogen
3112694,2,3112694,Cryoendolithus,"",eukaryota,false,,,,,,,,,,,,,,,,0.030208186840932735,1,,,100.0,32.0,10^-10.7595,,,,,[1507870],0
1507870,1,3112694,Cryoendolithus antarcticus,"",eukaryota,false,,,,,,,,,,,,,,,,0.030208186840932735,1,,,100.0,32.0,10^-10.7595,,,,,,0
3108216,2,3108216,Jeongeuplla,"",bacteria,false,,,,0.030208186840932735,1,,,100.0,101.0,10^-56.3801,,,,,,,,,,,,,,,,,[2998449],0
2998449,1,3108216,Jeongeuplla avenae,"",bacteria,false,,,,0.030208186840932735,1,,,100.0,101.0,10^-56.3801,,,,,,,,,,,,,,,,,,0
3072477,2,3072477,Agroathelia,"",eukaryota,false,,,,0.030208186840932735,1,,,100.0,64.0,10^-31.1893,,,,,,,,,,,,,,,,,[39291],0
39291,1,3072477,Agroathelia rolfsii,"",eukaryota,false,,,,0.030208186840932735,1,,,100.0,64.0,10^-31.1893,,,,,,,,,,,,,,,,,,0
3068352,2,3068352,Rubroshorea,"",eukaryota,false,,,,,,,,,,,,,,,,0.12083274736373094,4,,,86.175,28.25,10^-7.0899,,,,,[152421],0
152421,1,3068352,Rubroshorea leprosula,"",eukaryota,false,,,,,,,,,,,,,,,,0.12083274736373094,4,,,86.175,28.25,10^-7.0899,,,,,,0
3065019,2,3065019,Dendrocorticiopsis,"",eukaryota,false,,,,0.030208186840932735,1,,,96.667,90.0,10^-44.765,,,,,,,,,,,,,,,,,[2810420],0
2810420,1,3065019,Dendrocorticiopsis orientalis,"",eukaryota,false,,,,0.030208186840932735,1,,,96.667,90.0,10^-44.765,,,,,,,,,,,,,,,,,,0
3053649,2,3053649,Candidatus Heimdallarchaeum,"",archaea,false,,,,0.06041637368186547,2,,,94.444,36.0,10^-9.48129,,,,,,,,,,,,,,,,,[2876573],0
2876573,1,3053649,Candidatus Heimdallarchaeum aukensis,"",archaea,false,,,,0.06041637368186547,2,,,94.444,36.0,10^-9.48129,,,,,,,,,,,,,,,,,,0
3051137,2,3051137,Paracidovorax,"",bacteria,false,,,,0.030208186840932735,1,,,100.0,101.0,10^-56.3801,,,,,,,,,,,,,,,,,[80869],0
80869,1,3051137,Paracidovorax citrulli,"",bacteria,false,,,,0.030208186840932735,1,,,100.0,101.0,10^-56.3801,,,,,,,,,,,,,,,,,,0
3050722,2,3050722,Algicella,"",bacteria,false,,,,0.06041637368186547,2,,,98.876,89.0,10^-46.8284,,,,,,,,,,,,,,,,,[2683284],0
2683284,1,3050722,Algicella marina,"",bacteria,false,,,,0.06041637368186547,2,,,98.876,89.0,10^-46.8284,,,,,,,,,,,,,,,,,,0
3044782,2,3044782,Orthoflavivirus,"",viruses,false,,,,0.0906245605227982,3,,,95.8623,71.0,10^-31.8484,,,,,,,,,,,,,,,,,[3052464],1
3052464,1,3044782,Orthoflavivirus denguei,"",viruses,false,,,,0.0906245605227982,3,,,95.8623,71.0,10^-31.8484,,,,,,,,,,,,,,,,,,1
3029205,2,3029205,Abyssibius,"",bacteria,false,,,,0.06041637368186547,2,,,100.0,76.0,10^-39.3489,,,,,,,,,,,,,,,,,[2881234],0
2881234,1,3029205,Abyssibius alkaniclasticus,"",bacteria,false,,,,0.06041637368186547,2,,,100.0,76.0,10^-39.3489,,,,,,,,,,,,,,,,,,0
3027666,2,3027666,Aristophania,"",bacteria,false,,,,0.6041637368186547,20,,,93.7562,96.6316,10^-45.0964,,,,,,,,,,,,,,,,,[2697033],0
2697033,1,3027666,Aristophania vespae,"",bacteria,false,,,,0.6041637368186547,20,,,93.7562,96.6316,10^-45.0964,,,,,,,,,,,,,,,,,,0
3026546,2,3026546,Duffyella,"",bacteria,false,,,,0.2718736815683946,9,,,99.5033,100.833,10^-55.5802,,,,,,0.4229146157730583,14,,,97.8286,29.7143,10^-9.27263,,,,,[1619313],0
1619313,1,3026546,Duffyella gerundensis,"",bacteria,false,,,,0.2718736815683946,9,,,99.5033,100.833,10^-55.5802,,,,,,0.4229146157730583,14,,,97.8286,29.7143,10^-9.27263,,,,,,0
3025755,2,3025755,Thomasclavelia,"",bacteria,false,,,,,,,,,,,,,,,,0.12083274736373094,4,,,75.0,32.0,10^-7.44626,,,,,"[1547, 1522]",0
1547,1,3025755,Thomasclavelia ramosa,"",bacteria,false,,,,,,,,,,,,,,,,0.06041637368186547,2,,,75.8,33.0,10^-9.39577,,,,,,0
1522,1,3025755,[Clostridium] innocuum,"",bacteria,false,,,,,,,,,,,,,,,,0.06041637368186547,2,,,74.2,31.0,10^-5.49675,,,,,,0
3024544,2,3024544,Paracrocinitomix,"",bacteria,false,,,,,,,,,,,,,,,,0.030208186840932735,1,,,93.9,33.0,10^-12.5498,,,,,[2862509],0
2862509,1,3024544,Paracrocinitomix mangrovi,"",bacteria,false,,,,,,,,,,,,,,,,0.030208186840932735,1,,,93.9,33.0,10^-12.5498,,,,,,0
3021684,2,3021684,Dryocola,"",bacteria,false,,,,,,,,,,,,,,,,0.030208186840932735,1,,,100.0,33.0,10^-14.7545,,,,,[2925397],0
2925397,1,3021684,Dryocola boscaweniae,"",bacteria,false,,,,,,,,,,,,,,,,0.030208186840932735,1,,,100.0,33.0,10^-14.7545,,,,,,0
3020832,2,3020832,Alloalcanivorax,"",bacteria,false,,,,0.06041637368186547,2,,,100.0,76.0,10^-39.3489,,,,,,,,,,,,,,,,,[285091],0
285091,1,3020832,Alloalcanivorax dieselolei,"",bacteria,false,,,,0.06041637368186547,2,,,100.0,76.0,10^-39.3489,,,,,,,,,,,,,,,,,,0
2997349,2,2997349,Winslowiella,"",bacteria,false,,,,,,,,,,,,,,,,0.12083274736373094,4,,,97.325,31.0,10^-9.66727,,,,,"[2978220, 1560201, 92490]",0
2978220,1,2997349,Winslowiella arboricola,"",bacteria,false,,,,,,,,,,,,,,,,0.030208186840932735,1,,,100.0,33.0,10^-14.0,,,,,,0
1560201,1,2997349,Winslowiella iniecta,"",bacteria,false,,,,,,,,,,,,,,,,0.06041637368186547,2,,,98.5,32.5,10^-10.2694,,,,,,0
92490,1,2997349,Winslowiella toletana,"",bacteria,false,,,,,,,,,,,,,,,,0.030208186840932735,1,,,92.3,26.0,10^-4.13018,,,,,,0
2996260,2,2996260,Polyrhizophydium,"",eukaryota,false,,,,,,,,,,,,,,,,0.030208186840932735,1,,,63.0,27.0,10^-3.22548,,,,,[2732419],0
2732419,1,2996260,Polyrhizophydium stewartii,"",eukaryota,false,,,,,,,,,,,,,,,,0.030208186840932735,1,,,63.0,27.0,10^-3.22548,,,,,,0
2995702,2,2995702,Actinacidiphila,"",bacteria,false,,,,,,,,,,,,,,,,0.0906245605227982,3,,,100.0,29.0,10^-11.8637,,,,,[887465],0
887465,1,2995702,Actinacidiphila cocklensis,"",bacteria,false,,,,,,,,,,,,,,,,0.0906245605227982,3,,,100.0,29.0,10^-11.8637,,,,,,0
2979332,2,2979332,Prescottella,"",bacteria,false,,,,0.06041637368186547,2,,,100.0,100.5,10^-56.0391,,,,,,,,,,,,,,,,,[43767],1
43767,1,2979332,Prescottella equi,"",bacteria,false,,,,0.06041637368186547,2,,,100.0,100.5,10^-56.0391,,,,,,,,,,,,,,,,,,1
2970920,2,2970920,Alloexidiopsis,"",eukaryota,false,,,,0.06041637368186547,2,,,98.413,63.0,10^-29.1376,,,,,,,,,,,,,,,,,[2718544],0
2718544,1,2970920,Alloexidiopsis yunnanensis,"",eukaryota,false,,,,0.06041637368186547,2,,,98.413,63.0,10^-29.1376,,,,,,,,,,,,,,,,,,0
2964429,2,2964429,Candida/Metschnikowiaceae,"",eukaryota,false,,,,0.0906245605227982,3,,,94.736,59.0,10^-23.239,,,,,,0.030208186840932735,1,,,87.9,33.0,10^-9.70333,,,,,"[498019, 418784, 45357, 45354]",1
498019,1,2964429,[Candida] auris,"",eukaryota,false,,,,,,,,,,,,,,,,0.030208186840932735,1,,,87.9,33.0,10^-9.70333,,,,,,1
418784,1,2964429,[Candida] pseudohaemulonii,"",eukaryota,false,,,,0.030208186840932735,1,,,92.941,85.0,10^-37.2418,,,,,,,,,,,,,,,,,,0
45357,1,2964429,[Candida] haemuloni,"",eukaryota,false,,,,0.030208186840932735,1,,,95.918,49.0,10^-18.2678,,,,,,,,,,,,,,,,,,0
45354,1,2964429,[Candida] intermedia,"",eukaryota,false,,,,0.030208186840932735,1,,,95.349,43.0,10^-14.2074,,,,,,,,,,,,,,,,,,0
2961514,2,2961514,Parvodontia,"",eukaryota,false,,,,0.06041637368186547,2,,,98.515,101.0,10^-54.3215,,,,,,,,,,,,,,,,,[2998105],0
2998105,1,2961514,Parvodontia austrosinensis,"",eukaryota,false,,,,0.06041637368186547,2,,,98.515,101.0,10^-54.3215,,,,,,,,,,,,,,,,,,0
2952773,2,2952773,Formicincola,"",bacteria,false,,,,0.15104093420466366,5,,,96.5318,97.4,10^-48.9855,,,,,,,,,,,,,,,,,[2558361],0
2558361,1,2952773,Formicincola oecophyllae,"",bacteria,false,,,,0.15104093420466366,5,,,96.5318,97.4,10^-48.9855,,,,,,,,,,,,,,,,,,0
2948734,2,2948734,Gylbovirus,"",viruses,false,,,,148.32219738897973,4910,,,98.9528,12661.5,10^-307.18,,,,,,0.12083274736373094,4,,,97.925,24.0,10^-4.3668,,,,,[2955967],0
2955967,1,2948734,Gylbovirus aagae,"",viruses,false,,,,148.32219738897973,4910,,,98.9528,12661.5,10^-307.18,,,,,,0.12083274736373094,4,,,97.925,24.0,10^-4.3668,,,,,,0
2946797,2,2946797,Anayavirus,"",viruses,false,,,,0.030208186840932735,1,,,97.5,40.0,10^-13.5526,,,,,,,,,,,,,,,,,[2961974],0
2961974,1,2946797,Mycobacterium phage Kashi_RDG1,"",viruses,true,,,,0.030208186840932735,1,,,97.5,40.0,10^-13.5526,,,,,,,,,,,,,,,,,,0
2943286,2,2943286,Sideroxyarcus,"",bacteria,false,,,,0.0906245605227982,3,,,90.566,53.0,10^-16.8614,,,,,,,,,,,,,,,,,[2764705],0
2764705,1,2943286,Sideroxyarcus emersonii,"",bacteria,false,,,,0.0906245605227982,3,,,90.566,53.0,10^-16.8614,,,,,,,,,,,,,,,,,,0
2939270,2,2939270,Cubamyces,"",eukaryota,false,,,,,,,,,,,,,,,,0.06041637368186547,2,,,81.35,32.0,10^-8.01309,,,,,[1513325],0
1513325,1,2939270,Cubamyces sp. BRFM 1775,"",eukaryota,false,,,,,,,,,,,,,,,,0.06041637368186547,2,,,81.35,32.0,10^-8.01309,,,,,,0
2919364,2,2919364,Novacetimonas,"",bacteria,false,,,,,,,,,,,,,,,,0.3020818684093273,10,,,90.08,32.2,10^-12.1041,,,,,[436],0
436,1,2919364,Novacetimonas hansenii,"",bacteria,false,,,,,,,,,,,,,,,,0.3020818684093273,10,,,90.08,32.2,10^-12.1041,,,,,,0
2918882,2,2918882,Aduncisulcus,"",eukaryota,false,,,,,,,,,,,,,,,,0.15104093420466366,5,,,88.32,29.6,10^-8.22905,,,,,[2918883],0
2918883,1,2918882,Aduncisulcus paluster,"",eukaryota,false,,,,,,,,,,,,,,,,0.15104093420466366,5,,,88.32,29.6,10^-8.22905,,,,,,0
2910984,2,2910984,Solidesulfovibrio,"",bacteria,false,,,,,,,,,,,,,,,,0.030208186840932735,1,,,81.8,33.0,10^-7.83565,,,,,[184917],0
184917,1,2910984,Solidesulfovibrio magneticus,"",bacteria,false,,,,,,,,,,,,,,,,0.030208186840932735,1,,,81.8,33.0,10^-7.83565,,,,,,0
2905967,2,2905967,Candidatus Minimicrobia,"",bacteria,false,,,,0.030208186840932735,1,,,92.929,99.0,10^-45.4098,,,,,,,,,,,,,,,,,[2841263],0
2841263,1,2905967,Candidatus Minimicrobia naudis,"",bacteria,false,,,,0.030208186840932735,1,,,92.929,99.0,10^-45.4098,,,,,,,,,,,,,,,,,,0
2904863,2,2904863,Hermanssonia,"",eukaryota,false,,,,0.06041637368186547,2,,,96.552,87.0,10^-42.7212,,,,,,,,,,,,,,,,,[98765],0
98765,1,2904863,Hermanssonia centrifuga,"",eukaryota,false,,,,0.06041637368186547,2,,,96.552,87.0,10^-42.7212,,,,,,,,,,,,,,,,,,0
2901189,2,2901189,Halopseudomonas,"",bacteria,false,,,,0.030208186840932735,1,,,81.25,64.0,10^-14.7209,,,,,,0.0906245605227982,3,,,97.9333,32.3333,10^-12.1777,,,,,"[1434072, 553151, 86175]",0
1434072,1,2901189,Halopseudomonas salegens,"",bacteria,false,,,,0.030208186840932735,1,,,81.25,64.0,10^-14.7209,,,,,,,,,,,,,,,,,,0
553151,1,2901189,Halopseudomonas pelagia,"",bacteria,false,,,,,,,,,,,,,,,,0.030208186840932735,1,,,100.0,33.0,10^-11.5935,,,,,,0
86175,1,2901189,Halopseudomonas pertucinogena,"",bacteria,false,,,,,,,,,,,,,,,,0.06041637368186547,2,,,96.9,32.0,10^-12.4698,,,,,,0
2901164,2,2901164,Stutzerimonas,"",bacteria,false,,,,0.1812491210455964,6,,,99.175,97.8333,10^-52.8493,,,,,,0.030208186840932735,1,,,93.9,33.0,10^-12.9393,,,,,"[2968968, 271420, 316]",0
2968968,1,2901164,Stutzerimonas degradans,"",bacteria,false,,,,,,,,,,,,,,,,0.030208186840932735,1,,,93.9,33.0,10^-12.9393,,,,,,0
271420,1,2901164,Stutzerimonas xanthomarina,"",bacteria,false,,,,0.030208186840932735,1,,,100.0,99.0,10^-55.0164,,,,,,,,,,,,,,,,,,0
316,1,2901164,Stutzerimonas stutzeri,"",bacteria,false,,,,0.15104093420466366,5,,,99.01,97.6,10^-52.4159,,,,,,,,,,,,,,,,,,0
2894762,2,2894762,Zophobihabitans,"",bacteria,false,,,,,,,,,,,,,,,,0.030208186840932735,1,,,97.0,33.0,10^-11.4841,,,,,[1635327],0
1635327,1,2894762,Zophobihabitans entericus,"",bacteria,false,,,,,,,,,,,,,,,,0.030208186840932735,1,,,97.0,33.0,10^-11.4841,,,,,,0
2893060,2,2893060,Alkalihalophilus,"",bacteria,false,,,,,,,,,,,,,,,,0.030208186840932735,1,,,70.4,27.0,10^-4.45967,,,,,[79885],0
79885,1,2893060,Alkalihalophilus pseudofirmus,"",bacteria,false,,,,,,,,,,,,,,,,0.030208186840932735,1,,,70.4,27.0,10^-4.45967,,,,,,0
2884243,2,2884243,Musicola,"",bacteria,false,,,,0.030208186840932735,1,,,89.61,77.0,10^-29.0505,,,,,,0.030208186840932735,1,,,100.0,26.0,10^-7.47366,,,,,"[2884250, 69223]",0
2884250,1,2884243,Musicola keenii,"",bacteria,false,,,,,,,,,,,,,,,,0.030208186840932735,1,,,100.0,26.0,10^-7.47366,,,,,,0
69223,1,2884243,Musicola paradisiaca,"",bacteria,false,,,,0.030208186840932735,1,,,89.61,77.0,10^-29.0505,,,,,,,,,,,,,,,,,,0
2884239,2,2884239,Exephanes,"",eukaryota,false,,,,0.2718736815683946,9,,,90.2187,51.6667,10^-15.2127,,,,,,,,,,,,,,,,,[2884240],0
2884240,1,2884239,Exephanes ischioxanthus,"",eukaryota,false,,,,0.2718736815683946,9,,,90.2187,51.6667,10^-15.2127,,,,,,,,,,,,,,,,,,0
2878381,2,2878381,Capillidium,"",eukaryota,false,,,,0.06041637368186547,2,,,97.3955,77.0,10^-37.2853,,,,,,,,,,,,,,,,,"[1167838, 181046]",0
1167838,1,2878381,Capillidium heterosporum,"",eukaryota,false,,,,0.030208186840932735,1,,,97.26,73.0,10^-34.5631,,,,,,,,,,,,,,,,,,0
181046,1,2878381,Capillidium rhysosporum,"",eukaryota,false,,,,0.030208186840932735,1,,,97.531,81.0,10^-40.0075,,,,,,,,,,,,,,,,,,0
2877713,2,2877713,Meniscomyces,"",eukaryota,false,,,,0.06041637368186547,2,,,98.5,100.5,10^-53.2944,,,,,,,,,,,,,,,,,[2877784],0
2877784,1,2877713,Meniscomyces layueensis,"",eukaryota,false,,,,0.06041637368186547,2,,,98.5,100.5,10^-53.2944,,,,,,,,,,,,,,,,,,0
2874059,2,2874059,Halotydeus,"",eukaryota,false,,,,,,,,,,,,,,,,0.06041637368186547,2,,,100.0,33.0,10^-12.2848,,,,,[2874060],0
2874060,1,2874059,Halotydeus destructor,"",eukaryota,false,,,,,,,,,,,,,,,,0.06041637368186547,2,,,100.0,33.0,10^-12.2848,,,,,,0
2862753,2,2862753,Roseograndinia,"",eukaryota,false,,,,0.030208186840932735,1,,,100.0,101.0,10^-56.3801,,,,,,,,,,,,,,,,,[2908128],0
2908128,1,2862753,Roseograndinia minispora,"",eukaryota,false,,,,0.030208186840932735,1,,,100.0,101.0,10^-56.3801,,,,,,,,,,,,,,,,,,0
2862745,2,2862745,Pseudobdellovibrio,"",bacteria,false,,,,0.12083274736373094,4,,,95.8335,98.25,10^-49.0157,,,,,,,,,,,,,,,,,[453816],0
453816,1,2862745,Pseudobdellovibrio exovorus,"",bacteria,false,,,,0.12083274736373094,4,,,95.8335,98.25,10^-49.0157,,,,,,,,,,,,,,,,,,0
2842863,2,2842863,Merhavirus,"",viruses,false,,,,,,,,,,,,,,,,0.3020818684093273,10,,,65.0,30.5,10^-4.92986,,,,,"[2980580, 2845583]",0
2980580,1,2842863,Enontekio merhavirus,"",viruses,false,,,,,,,,,,,,,,,,0.0906245605227982,3,,,69.0333,31.3333,10^-5.48944,,,,,,0
2845583,1,2842863,Merhavirus merida,"",viruses,false,,,,,,,,,,,,,,,,0.21145730788652914,7,,,63.2714,30.1429,10^-4.69004,,,,,,0
2842664,2,2842664,Emesvirus,"",viruses,true,,,,0.06041637368186547,2,,,97.468,39.5,10^-13.2151,,,,,,,,,,,,,,,,,[329852],0
329852,1,2842664,Emesvirus zinderi,"",viruses,true,,,,0.06041637368186547,2,,,97.468,39.5,10^-13.2151,,,,,,,,,,,,,,,,,,0
2842652,2,2842652,Doliuvirus,"",viruses,false,,,,,,,,,,,,,,,,0.6645801105005201,22,,,78.606,42.6364,10^-14.2005,,,,,[2844094],0
2844094,1,2842652,Doliuvirus culisetae,"",viruses,false,,,,,,,,,,,,,,,,0.6645801105005201,22,,,78.606,42.6364,10^-14.2005,,,,,,0
2840532,2,2840532,Candidatus Gallibacteroides,"",bacteria,false,,,,,,,,,,,,,,,,0.030208186840932735,1,,,97.0,33.0,10^-10.9281,,,,,[2840833],0
2840833,1,2840532,Candidatus Gallibacteroides avistercoris,"",bacteria,false,,,,,,,,,,,,,,,,0.030208186840932735,1,,,97.0,33.0,10^-10.9281,,,,,,0
2834378,2,2834378,Entomospira,"",bacteria,false,,,,75.61109166285463,2503,,,94.8334,136.841,10^-56.623,,,,,,5.407265444526959,179,,,91.6058,31.2312,10^-9.00469,,,,,"[2719989, 2719988, 2719987, 797270]",0
2719989,1,2834378,Entomospira culicis,"",bacteria,false,,,,44.22478553512552,1464,,,97.2052,102.546,10^-50.4797,,,,,,4.923934455072035,163,,,91.9551,31.2215,10^-9.07803,,,,,,0
2719988,1,2834378,Entomospira entomophila,"",bacteria,false,,,,7.823920391801578,259,,,93.773,93.5868,10^-43.5253,,,,,,0.1812491210455964,6,,,91.3667,29.6667,10^-8.34763,,,,,,0
2719987,1,2834378,Entomospira nematocerorum,"",bacteria,false,,,,23.5321775490866,779,,,91.9663,194.465,10^-68.4448,,,,,,0.3020818684093273,10,,,85.6333,32.4444,10^-8.15512,,,,,,0
797270,1,2834378,Entomospira sp. BR173,"",bacteria,false,,,,0.030208186840932735,1,,,98.276,58.0,10^-25.7426,,,,,,,,,,,,,,,,,,0
2831443,2,2831443,Heliomicrobium,"",bacteria,false,,,,,,,,,,,,,,,,0.12083274736373094,4,,,91.0,27.6667,10^-8.35987,,,,,[35701],0
35701,1,2831443,Heliomicrobium modesticaldum,"",bacteria,false,,,,,,,,,,,,,,,,0.12083274736373094,4,,,91.0,27.6667,10^-8.35987,,,,,,0
2823221,2,2823221,Allgaiera,"",bacteria,false,,,,,,,,,,,,,,,,2.6583204420020805,88,,,77.0544,34.9762,10^-10.2551,,,,,[765699],0
765699,1,2823221,Allgaiera indica,"",bacteria,false,,,,,,,,,,,,,,,,2.6583204420020805,88,,,77.0544,34.9762,10^-10.2551,,,,,,0
2822410,2,2822410,Methylotuvimicrobium,"",bacteria,false,,,,0.12083274736373094,4,,,98.276,58.0,10^-25.7426,,,,,,,,,,,,,,,,,[271065],0
271065,1,2822410,Methylotuvimicrobium alcaliphilum,"",bacteria,false,,,,0.12083274736373094,4,,,98.276,58.0,10^-25.7426,,,,,,,,,,,,,,,,,,0
2820639,2,2820639,Arzecla,"",eukaryota,false,,,,,,,,,,,,,,,,0.030208186840932735,1,,,95.7,23.0,10^-7.92445,,,,,[2820640],0
2820640,1,2820639,Arzecla arza,"",eukaryota,false,,,,,,,,,,,,,,,,0.030208186840932735,1,,,95.7,23.0,10^-7.92445,,,,,,0
2816399,2,2816399,Phylloecus,"",eukaryota,false,,,,0.06041637368186547,2,,,89.474,57.0,10^-18.2021,,,,,,,,,,,,,,,,,[2816400],0
2816400,1,2816399,Phylloecus linearis,"",eukaryota,false,,,,0.06041637368186547,2,,,89.474,57.0,10^-18.2021,,,,,,,,,,,,,,,,,,0
2815296,2,2815296,Jejubacter,"",bacteria,false,,,,0.030208186840932735,1,,,96.0,75.0,10^-34.5514,,,,,,,,,,,,,,,,,[2579935],0
2579935,1,2815296,Jejubacter calystegiae,"",bacteria,false,,,,0.030208186840932735,1,,,96.0,75.0,10^-34.5514,,,,,,,,,,,,,,,,,,0
2806758,2,2806758,Paraspiculatus,"",eukaryota,false,,,,0.030208186840932735,1,,,89.552,67.0,10^-23.6214,,,,,,,,,,,,,,,,,[2806759],0
2806759,1,2806758,Paraspiculatus colombiensis,"",eukaryota,false,,,,0.030208186840932735,1,,,89.552,67.0,10^-23.6214,,,,,,,,,,,,,,,,,,0
2802288,2,2802288,Dongshaea,"",bacteria,false,,,,0.06041637368186547,2,,,87.0385,72.5,10^-22.5943,,,,,,0.030208186840932735,1,,,93.9,33.0,10^-15.7235,,,,,[2047966],0
2047966,1,2802288,Dongshaea marina,"",bacteria,false,,,,0.06041637368186547,2,,,87.0385,72.5,10^-22.5943,,,,,,0.030208186840932735,1,,,93.9,33.0,10^-15.7235,,,,,,0
2800373,2,2800373,Priestia,"",bacteria,false,,,,0.06041637368186547,2,,,100.0,100.0,10^-55.6982,,,,,,,,,,,,,,,,,[1404],0
1404,1,2800373,Priestia megaterium,"",bacteria,false,,,,0.06041637368186547,2,,,100.0,100.0,10^-55.6982,,,,,,,,,,,,,,,,,,0
2796146,2,2796146,Candidatus Nitrosacidococcus,"",bacteria,false,,,,,,,,,,,,,,,,0.1812491210455964,6,,,90.68,32.2,10^-8.78553,,,,,[553981],0
553981,1,2796146,Candidatus Nitrosacidococcus tergens,"",bacteria,false,,,,,,,,,,,,,,,,0.1812491210455964,6,,,90.68,32.2,10^-8.78553,,,,,,0
2795777,2,2795777,Maioricimonas,"",bacteria,false,,,,0.030208186840932735,1,,,90.588,85.0,10^-34.497,,,,,,,,,,,,,,,,,[2528026],0
2528026,1,2795777,Maioricimonas rarisocia,"",bacteria,false,,,,0.030208186840932735,1,,,90.588,85.0,10^-34.497,,,,,,,,,,,,,,,,,,0
2792240,2,2792240,Thiospirochaeta,"",bacteria,false,,,,1084.3228666552804,35895,,,84.1319,1576.73,10^-273.31,,,,,,,,,,,,,,,,,[252967],0
252967,1,2792240,Thiospirochaeta perfilievii,"",bacteria,false,,,,1084.3228666552804,35895,,,84.1319,1576.73,10^-273.31,,,,,,,,,,,,,,,,,,0
2791118,2,2791118,Oecophyllibacter,"",bacteria,false,,,,0.030208186840932735,1,,,89.109,101.0,10^-41.284,,,,,,,,,,,,,,,,,[2558360],0
2558360,1,2791118,Oecophyllibacter saccharovorans,"",bacteria,false,,,,0.030208186840932735,1,,,89.109,101.0,10^-41.284,,,,,,,,,,,,,,,,,,0
2791032,2,2791032,Candolleomyces,"",eukaryota,false,,,,,,,,,,,,,,,,0.0906245605227982,3,,,83.4,32.3333,10^-7.94094,,,,,[2828524],0
2828524,1,2791032,Candolleomyces eurysporus,"",eukaryota,false,,,,,,,,,,,,,,,,0.0906245605227982,3,,,83.4,32.3333,10^-7.94094,,,,,,0
2782229,2,2782229,Epilithonimonas,"",bacteria,false,,,,,,,,,,,,,,,,0.030208186840932735,1,,,78.8,33.0,10^-10.1152,,,,,[1617282],0
1617282,1,2782229,Epilithonimonas arachidiradicis,"",bacteria,false,,,,,,,,,,,,,,,,0.030208186840932735,1,,,78.8,33.0,10^-10.1152,,,,,,0
2767893,2,2767893,Lentilactobacillus,"",bacteria,false,,,,0.15104093420466366,5,,,95.0,40.0,10^-12.1803,,,,,,,,,,,,,,,,,[152331],0
152331,1,2767893,Lentilactobacillus parabuchneri,"",bacteria,false,,,,0.15104093420466366,5,,,95.0,40.0,10^-12.1803,,,,,,,,,,,,,,,,,,0
2767886,2,2767886,Levilactobacillus,"",bacteria,false,,,,,,,,,,,,,,,,0.030208186840932735,1,,,100.0,33.0,10^-13.0395,,,,,[2912243],0
2912243,1,2767886,Levilactobacillus tujiorum,"",bacteria,false,,,,,,,,,,,,,,,,0.030208186840932735,1,,,100.0,33.0,10^-13.0395,,,,,,0
2767885,2,2767885,Latilactobacillus,"",bacteria,false,,,,0.24166549472746188,8,,,99.7525,100.375,10^-55.4393,,,,,,,,,,,,,,,,,"[28038, 1599]",0
28038,1,2767885,Latilactobacillus curvatus,"",bacteria,false,,,,0.06041637368186547,2,,,100.0,101.0,10^-56.3801,,,,,,,,,,,,,,,,,,0
1599,1,2767885,Latilactobacillus sakei,"",bacteria,false,,,,0.1812491210455964,6,,,99.67,100.167,10^-55.1257,,,,,,,,,,,,,,,,,,0
2767881,2,2767881,Fructilactobacillus,"",bacteria,false,,,,,,,,,,,,,,,,0.6645801105005201,22,,,96.746,85.5,10^-55.8074,,,,,[1625],0
1625,1,2767881,Fructilactobacillus sanfranciscensis,"",bacteria,false,,,,,,,,,,,,,,,,0.6645801105005201,22,,,96.746,85.5,10^-55.8074,,,,,,0
2767842,2,2767842,Lactiplantibacillus,"",bacteria,false,,,,,,,,,,,,,,,,0.06041637368186547,2,,,90.9,33.0,10^-10.1088,,,,,[1590],0
1590,1,2767842,Lactiplantibacillus plantarum,"",bacteria,false,,,,,,,,,,,,,,,,0.06041637368186547,2,,,90.9,33.0,10^-10.1088,,,,,,0
2767323,2,2767323,Buchananella,"",bacteria,false,,,,,,,,,,,,,,,,0.030208186840932735,1,,,87.1,31.0,10^-7.02919,,,,,[52770],0
52770,1,2767323,Buchananella hordeovulneris,"",bacteria,false,,,,,,,,,,,,,,,,0.030208186840932735,1,,,87.1,31.0,10^-7.02919,,,,,,0
2766734,2,2766734,Faecalibacter,"",bacteria,false,,,,0.0906245605227982,3,,,98.239,92.6667,10^-48.4123,,,,,,0.030208186840932735,1,,,90.9,33.0,10^-12.6882,,,,,"[2898187, 1859289]",0
2898187,1,2766734,Faecalibacter bovis,"",bacteria,false,,,,0.0906245605227982,3,,,98.239,92.6667,10^-48.4123,,,,,,,,,,,,,,,,,,0
1859289,1,2766734,Faecalibacter macacae,"",bacteria,false,,,,,,,,,,,,,,,,0.030208186840932735,1,,,90.9,33.0,10^-12.6882,,,,,,0
2763561,2,2763561,Fadolivirus,"",viruses,false,,,,0.030208186840932735,1,,,85.366,41.0,10^-7.36626,,,,,,,,,,,,,,,,,[3060017],0
3060017,1,2763561,Fadolivirus algeromassiliense,"",viruses,false,,,,0.030208186840932735,1,,,85.366,41.0,10^-7.36626,,,,,,,,,,,,,,,,,,0
2759736,2,2759736,Lacticaseibacillus,"",bacteria,false,,,,,,,,,,,,,,,,3.0208186840932734,100,,,92.9431,30.1385,10^-11.5596,,,,,[47715],0
47715,1,2759736,Lacticaseibacillus rhamnosus,"",bacteria,false,,,,,,,,,,,,,,,,3.0208186840932734,100,,,92.9431,30.1385,10^-11.5596,,,,,,0
2756312,2,2756312,Flavimobilis,"",bacteria,false,,,,,,,,,,,,,,,,0.06041637368186547,2,,,91.85,30.5,10^-10.1744,,,,,[285351],0
285351,1,2756312,Flavimobilis marinus,"",bacteria,false,,,,,,,,,,,,,,,,0.06041637368186547,2,,,91.85,30.5,10^-10.1744,,,,,,0
2754714,2,2754714,Hakubella,"",bacteria,false,,,,,,,,,,,,,,,,11.59994374691817,384,,,93.1311,28.9392,10^-11.0442,,,,,[2754717],0
2754717,1,2754714,Candidatus Hakubella thermalkaliphila,"",bacteria,false,,,,,,,,,,,,,,,,11.59994374691817,384,,,93.1311,28.9392,10^-11.0442,,,,,,0
2742598,2,2742598,Limosilactobacillus,"",bacteria,false,,,,,,,,,,,,,,,,0.3624982420911928,12,,,78.48,28.8,10^-6.47113,,,,,"[1613, 1598]",0
1613,1,2742598,Limosilactobacillus fermentum,"",bacteria,false,,,,,,,,,,,,,,,,0.33229005525026006,11,,,77.775,28.0,10^-5.55622,,,,,,0
1598,1,2742598,Limosilactobacillus reuteri,"",bacteria,false,,,,,,,,,,,,,,,,0.030208186840932735,1,,,81.3,32.0,10^-10.1308,,,,,,0
2718525,2,2718525,Absicoccus,"",bacteria,false,,,,,,,,,,,,,,,,0.030208186840932735,1,,,96.9,32.0,10^-10.153,,,,,[2486576],0
2486576,1,2718525,Absicoccus porci,"",bacteria,false,,,,,,,,,,,,,,,,0.030208186840932735,1,,,96.9,32.0,10^-10.153,,,,,,0
2714348,2,2714348,Myathropa,"",eukaryota,false,,,,0.2718736815683946,9,,,91.9428,54.0,10^-17.2581,,,,,,,,,,,,,,,,,[2714349],0
2714349,1,2714348,Myathropa florea,"",eukaryota,false,,,,0.2718736815683946,9,,,91.9428,54.0,10^-17.2581,,,,,,,,,,,,,,,,,,0
2705399,2,2705399,Hypericibacter,"",bacteria,false,,,,0.06041637368186547,2,,,96.667,90.0,10^-44.765,,,,,,,,,,,,,,,,,[2602016],0
2602016,1,2705399,Hypericibacter adhaerens,"",bacteria,false,,,,0.06041637368186547,2,,,96.667,90.0,10^-44.765,,,,,,,,,,,,,,,,,,0
2698774,2,2698774,Natonodosa,"",eukaryota,false,,,,0.06041637368186547,2,,,98.02,101.0,10^-53.6353,,,,,,,,,,,,,,,,,[2201234],0
2201234,1,2698774,Natonodosa speciosa,"",eukaryota,false,,,,0.06041637368186547,2,,,98.02,101.0,10^-53.6353,,,,,,,,,,,,,,,,,,0
2664683,2,2664683,Dimorphilus,"",eukaryota,false,,,,,,,,,,,,,,,,0.030208186840932735,1,,,61.3,31.0,10^-5.63639,,,,,[2664684],0
2664684,1,2664683,Dimorphilus gyrociliatus,"",eukaryota,false,,,,,,,,,,,,,,,,0.030208186840932735,1,,,61.3,31.0,10^-5.63639,,,,,,0
2656786,2,2656786,Venustampulla,"",eukaryota,false,,,,,,,,,,,,,,,,0.06041637368186547,2,,,90.15,30.5,10^-8.72151,,,,,[2656787],0
2656787,1,2656786,Venustampulla echinocandica,"",eukaryota,false,,,,,,,,,,,,,,,,0.06041637368186547,2,,,90.15,30.5,10^-8.72151,,,,,,0
2613227,2,2613227,Psapharochrus,"",eukaryota,false,,,,0.0906245605227982,3,,,91.2597,86.3333,10^-35.8643,,,,,,,,,,,,,,,,,[2692450],0
2692450,1,2613227,Psapharochrus jaspideus,"",eukaryota,false,,,,0.0906245605227982,3,,,91.2597,86.3333,10^-35.8643,,,,,,,,,,,,,,,,,,0
2607957,2,2607957,Collybiopsis,"",eukaryota,false,,,,0.06041637368186547,2,,,99.01,101.0,10^-55.0077,,,,,,0.030208186840932735,1,,,100.0,33.0,10^-14.7852,,,,,"[3035958, 2773346, 934317]",0
3035958,1,2607957,Collybiopsis pakistanica,"",eukaryota,false,,,,0.030208186840932735,1,,,100.0,101.0,10^-56.3801,,,,,,,,,,,,,,,,,,0
2773346,1,2607957,Collybiopsis luxurians,"",eukaryota,false,,,,,,,,,,,,,,,,0.030208186840932735,1,,,100.0,33.0,10^-14.7852,,,,,,0
934317,1,2607957,Collybiopsis koreana,"",eukaryota,false,,,,0.030208186840932735,1,,,98.02,101.0,10^-53.6353,,,,,,,,,,,,,,,,,,0
2591471,2,2591471,Samsoniella,"",eukaryota,false,,,,0.06041637368186547,2,,,98.515,101.0,10^-54.3215,,,,,,,,,,,,,,,,,[797268],0
797268,1,2591471,Samsoniella hepiali,"",eukaryota,false,,,,0.06041637368186547,2,,,98.515,101.0,10^-54.3215,,,,,,,,,,,,,,,,,,0
2585208,2,2585208,Trichonephila,"",eukaryota,false,,,,,,,,,,,,,,,,1.4197847815238385,47,,,74.6727,29.6364,10^-5.37802,,,,,"[2747482, 2740835, 2585209]",0
2747482,1,2585208,Trichonephila inaurata,golden orb-web spider,eukaryota,false,,,,,,,,,,,,,,,,0.0906245605227982,3,,,68.4667,30.6667,10^-5.13716,,,,,,0
2740835,1,2585208,Trichonephila clavata,"",eukaryota,false,,,,,,,,,,,,,,,,0.6947882973414529,23,,,77.2,28.0,10^-5.01132,,,,,,0
2585209,1,2585208,Trichonephila clavipes,"",eukaryota,false,,,,,,,,,,,,,,,,0.6343719236595874,21,,,73.1524,31.0476,10^-5.76167,,,,,,0
2583929,2,2583929,Yunnanomyces,"",eukaryota,false,,,,0.12083274736373094,4,,,99.505,95.75,10^-52.1164,,,,,,,,,,,,,,,,,[2486323],0
2486323,1,2583929,Yunnanomyces pandanicola,"",eukaryota,false,,,,0.12083274736373094,4,,,99.505,95.75,10^-52.1164,,,,,,,,,,,,,,,,,,0
2576755,2,2576755,Caproicibacter,"",bacteria,false,,,,0.06041637368186547,2,,,97.802,91.0,10^-46.8187,,,,,,,,,,,,,,,,,[2576756],0
2576756,1,2576755,Caproicibacter fermentans,"",bacteria,false,,,,0.06041637368186547,2,,,97.802,91.0,10^-46.8187,,,,,,,,,,,,,,,,,,0
2569076,2,2569076,Xanthyris,"",eukaryota,false,,,,,,,,,,,,,,,,0.030208186840932735,1,,,100.0,21.0,10^-4.24565,,,,,[2569077],0
2569077,1,2569076,Xanthyris flaveolata,"",eukaryota,false,,,,,,,,,,,,,,,,0.030208186840932735,1,,,100.0,21.0,10^-4.24565,,,,,,0
2568894,2,2568894,Anthalma,"",eukaryota,false,,,,,,,,,,,,,,,,0.06041637368186547,2,,,100.0,30.0,10^-9.68403,,,,,[2568895],0
2568895,1,2568894,Anthalma latifasciata,"",eukaryota,false,,,,,,,,,,,,,,,,0.06041637368186547,2,,,100.0,30.0,10^-9.68403,,,,,,0
2545269,2,2545269,Verrucomonas,"",eukaryota,false,,,,0.030208186840932735,1,,,91.753,97.0,10^-42.6739,,,,,,,,,,,,,,,,,[629764],0
629764,1,2545269,Verrucomonas longifila,"",eukaryota,false,,,,0.030208186840932735,1,,,91.753,97.0,10^-42.6739,,,,,,,,,,,,,,,,,,0
2529408,2,2529408,Schaalia,"",bacteria,false,,,,,,,,,,,,,,,,0.030208186840932735,1,,,92.0,25.0,10^-6.80688,,,,,[1660],0
1660,1,2529408,Schaalia odontolytica,"",bacteria,false,,,,,,,,,,,,,,,,0.030208186840932735,1,,,92.0,25.0,10^-6.80688,,,,,,0
2518660,2,2518660,Hydnoporia,"",eukaryota,false,,,,0.030208186840932735,1,,,100.0,101.0,10^-56.3801,,,,,,,,,,,,,,,,,[2589810],0
2589810,1,2518660,Hydnoporia gigasetosa,"",eukaryota,false,,,,0.030208186840932735,1,,,100.0,101.0,10^-56.3801,,,,,,,,,,,,,,,,,,0
2518499,2,2518499,Coniophoropsis,"",eukaryota,false,,,,0.030208186840932735,1,,,100.0,101.0,10^-56.3801,,,,,,,,,,,,,,,,,[2518500],0
2518500,1,2518499,Coniophoropsis bambusicola,"",eukaryota,false,,,,0.030208186840932735,1,,,100.0,101.0,10^-56.3801,,,,,,,,,,,,,,,,,,0
2492674,2,2492674,Phanerodontia,"",eukaryota,false,,,,0.1812491210455964,6,,,94.9728,94.8333,10^-45.7739,,,,,,,,,,,,,,,,,[2822231],0
2822231,1,2492674,Phanerodontia chrysosporium,"",eukaryota,false,,,,0.1812491210455964,6,,,94.9728,94.8333,10^-45.7739,,,,,,,,,,,,,,,,,,0
2492374,2,2492374,Omphaloscelis,"",eukaryota,false,,,,0.12083274736373094,4,,,93.5977,51.75,10^-17.742,,,,,,,,,,,,,,,,,[2492375],0
2492375,1,2492374,Omphaloscelis lunosa,"",eukaryota,false,,,,0.12083274736373094,4,,,93.5977,51.75,10^-17.742,,,,,,,,,,,,,,,,,,0
2490452,2,2490452,Serpentinimonas,"",bacteria,false,,,,,,,,,,,,,,,,0.06041637368186547,2,,,93.35,30.5,10^-10.3797,,,,,[1458425],0
1458425,1,2490452,Serpentinimonas raichei,"",bacteria,false,,,,,,,,,,,,,,,,0.06041637368186547,2,,,93.35,30.5,10^-10.3797,,,,,,0
2485767,2,2485767,Saccosoma,"",eukaryota,false,,,,0.06041637368186547,2,,,98.02,101.0,10^-53.6353,,,,,,,,,,,,,,,,,[2817878],0
2817878,1,2485767,Saccosoma album,"",eukaryota,false,,,,0.06041637368186547,2,,,98.02,101.0,10^-53.6353,,,,,,,,,,,,,,,,,,0
2339270,2,2339270,Phlegmacium,"",eukaryota,false,,,,,,,,,,,,,,,,0.0906245605227982,3,,,96.1667,26.6667,10^-7.60128,,,,,[171480],0
171480,1,2339270,Phlegmacium glaucopus,"",eukaryota,false,,,,,,,,,,,,,,,,0.0906245605227982,3,,,96.1667,26.6667,10^-7.60128,,,,,,0
2321111,2,2321111,Aliarcobacter,"",bacteria,false,,,,0.06041637368186547,2,,,98.969,97.0,10^-52.2805,,,,,,,,,,,,,,,,,"[1564138, 1355374]",0
1564138,1,2321111,Aliarcobacter faecis,"",bacteria,false,,,,0.030208186840932735,1,,,98.969,97.0,10^-52.2805,,,,,,,,,,,,,,,,,,0
1355374,1,2321111,Aliarcobacter lanthieri,"",bacteria,false,,,,0.030208186840932735,1,,,98.969,97.0,10^-52.2805,,,,,,,,,,,,,,,,,,0
2316020,2,2316020,Mediterraneibacter,"",bacteria,false,,,,0.030208186840932735,1,,,94.872,39.0,10^-11.5051,,,,,,0.06041637368186547,2,,,84.4,32.0,10^-9.96257,,,,,"[46228, 33039]",0
46228,1,2316020,[Ruminococcus] lactaris,"",bacteria,false,,,,0.030208186840932735,1,,,94.872,39.0,10^-11.5051,,,,,,,,,,,,,,,,,,0
33039,1,2316020,[Ruminococcus] torques,"",bacteria,false,,,,,,,,,,,,,,,,0.06041637368186547,2,,,84.4,32.0,10^-9.96257,,,,,,0
2305790,2,2305790,Xylolentia,"",eukaryota,false,,,,0.030208186840932735,1,,,99.01,101.0,10^-55.0077,,,,,,,,,,,,,,,,,[2976521],0
2976521,1,2305790,Xylolentia sp. JY-2022a,"",eukaryota,false,,,,0.030208186840932735,1,,,99.01,101.0,10^-55.0077,,,,,,,,,,,,,,,,,,0
2282523,2,2282523,Methylorubrum,"",bacteria,false,,,,0.030208186840932735,1,,,99.0,100.0,10^-54.3258,,,,,,0.030208186840932735,1,,,100.0,32.0,10^-12.9172,,,,,[223967],0
223967,1,2282523,Methylorubrum populi,"",bacteria,false,,,,0.030208186840932735,1,,,99.0,100.0,10^-54.3258,,,,,,0.030208186840932735,1,,,100.0,32.0,10^-12.9172,,,,,,0
2270124,2,2270124,Apolephthisa,"",eukaryota,false,,,,,,,,,,,,,,,,0.030208186840932735,1,,,100.0,30.0,10^-10.7545,,,,,[2339101],0
2339101,1,2270124,Apolephthisa subincana,"",eukaryota,false,,,,,,,,,,,,,,,,0.030208186840932735,1,,,100.0,30.0,10^-10.7545,,,,,,0
2267273,2,2267273,Dibothriocephalus,"",eukaryota,false,,,,,,,,,,,,,,,,0.030208186840932735,1,,,100.0,33.0,10^-12.475,,,,,[60516],1
60516,1,2267273,Dibothriocephalus latus,"",eukaryota,false,,,,,,,,,,,,,,,,0.030208186840932735,1,,,100.0,33.0,10^-12.475,,,,,,1
2172100,2,2172100,Limnobaculum,"",bacteria,false,,,,,,,,,,,,,,,,0.030208186840932735,1,,,100.0,30.0,10^-8.00218,,,,,[2498113],0
2498113,1,2172100,Limnobaculum zhutongyuii,"",bacteria,false,,,,,,,,,,,,,,,,0.030208186840932735,1,,,100.0,30.0,10^-8.00218,,,,,,0
2162630,2,2162630,Salinirubellus,"",archaea,false,,,,0.15104093420466366,5,,,96.2446,37.2,10^-11.1139,,,,,,,,,,,,,,,,,[1364945],0
1364945,1,2162630,Salinirubellus salinus,"",archaea,false,,,,0.15104093420466366,5,,,96.2446,37.2,10^-11.1139,,,,,,,,,,,,,,,,,,0
2138365,2,2138365,Temnaspis,"",eukaryota,false,,,,,,,,,,,,,,,,0.030208186840932735,1,,,100.0,27.0,10^-7.37882,,,,,[2055550],0
2055550,1,2138365,Temnaspis sp. INB031,"",eukaryota,false,,,,,,,,,,,,,,,,0.030208186840932735,1,,,100.0,27.0,10^-7.37882,,,,,,0
2126174,2,2126174,Raphidocystis,"",eukaryota,false,,,,0.030208186840932735,1,,,91.228,57.0,10^-19.5745,,,,,,,,,,,,,,,,,[2792838],0
2792838,1,2126174,Raphidocystis contractilis,"",eukaryota,false,,,,0.030208186840932735,1,,,91.228,57.0,10^-19.5745,,,,,,,,,,,,,,,,,,0
2100764,2,2100764,Mixta,"",bacteria,false,,,,0.030208186840932735,1,,,98.947,95.0,10^-50.9172,,,,,,1.480201155205704,49,,,97.1177,49.6122,10^-25.5193,,,,,"[2872648, 2758443, 2736607, 1615494, 1458355, 665914, 665913]",0
2872648,1,2100764,Mixta hanseatica,"",bacteria,false,,,,,,,,,,,,,,,,0.030208186840932735,1,,,100.0,33.0,10^-11.9547,,,,,,0
2758443,1,2100764,Mixta mediterraneensis,"",bacteria,false,,,,,,,,,,,,,,,,0.9666619789098475,32,,,98.1629,41.5,10^-19.3214,,,,,,0
2736607,1,2100764,Mixta sp. Marseille-Q2659,"",bacteria,false,,,,,,,,,,,,,,,,0.06041637368186547,2,,,87.5,30.5,10^-8.13144,,,,,,0
1615494,1,2100764,Mixta intestinalis,"",bacteria,false,,,,,,,,,,,,,,,,0.030208186840932735,1,,,100.0,32.0,10^-11.224,,,,,,0
1458355,1,2100764,Mixta theicola,"",bacteria,false,,,,,,,,,,,,,,,,0.33229005525026006,11,,,94.7775,82.9091,10^-51.7565,,,,,,0
665914,1,2100764,Mixta gaviniae,"",bacteria,false,,,,,,,,,,,,,,,,0.06041637368186547,2,,,100.0,32.5,10^-11.6974,,,,,,0
665913,1,2100764,Mixta calida,"",bacteria,false,,,,0.030208186840932735,1,,,98.947,95.0,10^-50.9172,,,,,,,,,,,,,,,,,,0
2094023,2,2094023,Glaesserella,"",bacteria,false,,,,,,,,,,,,,,,,0.453122802613991,15,,,98.6333,22.4667,10^-4.63989,,,,,[738],0
738,1,2094023,Glaesserella parasuis,"",bacteria,false,,,,,,,,,,,,,,,,0.453122802613991,15,,,98.6333,22.4667,10^-4.63989,,,,,,0
2093324,2,2093324,Brunneoporus,"",eukaryota,false,,,,0.030208186840932735,1,,,100.0,93.0,10^-50.9264,,,,,,,,,,,,,,,,,[157705],0
157705,1,2093324,Brunneoporus malicola,"",eukaryota,false,,,,0.030208186840932735,1,,,100.0,93.0,10^-50.9264,,,,,,,,,,,,,,,,,,0
2082018,2,2082018,Microxiphium,"",eukaryota,false,,,,0.06041637368186547,2,,,99.505,100.5,10^-54.6668,,,,,,,,,,,,,,,,,[134354],0
134354,1,2082018,Microxiphium citri,"",eukaryota,false,,,,0.06041637368186547,2,,,99.505,100.5,10^-54.6668,,,,,,,,,,,,,,,,,,0
2081223,2,2081223,Glutinoagger,"",eukaryota,false,,,,0.06041637368186547,2,,,97.98,99.0,10^-52.2716,,,,,,,,,,,,,,,,,[2081289],0
2081289,1,2081223,Glutinoagger fibulatus,"",eukaryota,false,,,,0.06041637368186547,2,,,97.98,99.0,10^-52.2716,,,,,,,,,,,,,,,,,,0
2072689,2,2072689,Steromphala,"",eukaryota,false,,,,0.21145730788652914,7,,,90.5531,42.0,10^-10.7899,,,,,,,,,,,,,,,,,[216125],0
216125,1,2072689,Steromphala cineraria,"",eukaryota,false,,,,0.21145730788652914,7,,,90.5531,42.0,10^-10.7899,,,,,,,,,,,,,,,,,,0
2072583,2,2072583,Neohortaea,"",eukaryota,false,,,,,,,,,,,,,,,,0.030208186840932735,1,,,100.0,33.0,10^-14.0482,,,,,[245834],0
245834,1,2072583,Neohortaea acidophila,"",eukaryota,false,,,,,,,,,,,,,,,,0.030208186840932735,1,,,100.0,33.0,10^-14.0482,,,,,,0
2071601,2,2071601,Thermostaphylospora,"",bacteria,false,,,,0.030208186840932735,1,,,88.158,76.0,10^-26.9976,,,,,,,,,,,,,,,,,[35622],0
35622,1,2071601,Thermostaphylospora chromogena,"",bacteria,false,,,,0.030208186840932735,1,,,88.158,76.0,10^-26.9976,,,,,,,,,,,,,,,,,,0
2069291,2,2069291,Abscondita,"",eukaryota,false,,,,,,,,,,,,,,,,0.21145730788652914,7,,,77.9286,31.8571,10^-7.17875,,,,,[2069292],0
2069292,1,2069291,Abscondita terminalis,"",eukaryota,false,,,,,,,,,,,,,,,,0.21145730788652914,7,,,77.9286,31.8571,10^-7.17875,,,,,,0
2068616,2,2068616,Strobilotoma,"",eukaryota,false,,,,,,,,,,,,,,,,0.030208186840932735,1,,,100.0,27.0,10^-7.81816,,,,,[2822054],0
2822054,1,2068616,Strobilotoma typhaecornis,"",eukaryota,false,,,,,,,,,,,,,,,,0.030208186840932735,1,,,100.0,27.0,10^-7.81816,,,,,,0
2066992,2,2066992,Rhodofomes,"",eukaryota,false,,,,,,,,,,,,,,,,0.24166549472746188,8,,,55.9095,47.25,10^-12.922,,,,,[34475],0
34475,1,2066992,Rhodofomes roseus,"",eukaryota,false,,,,,,,,,,,,,,,,0.24166549472746188,8,,,55.9095,47.25,10^-12.922,,,,,,0
2065139,2,2065139,Callia,"",eukaryota,false,,,,0.0906245605227982,3,,,88.3897,92.0,10^-35.6072,,,,,,,,,,,,,,,,,[2692433],0
2692433,1,2065139,Callia xanthomera,"",eukaryota,false,,,,0.0906245605227982,3,,,88.3897,92.0,10^-35.6072,,,,,,,,,,,,,,,,,,0
2060094,2,2060094,Aminipila,"",bacteria,false,,,,0.030208186840932735,1,,,96.471,85.0,10^-41.3589,,,,,,,,,,,,,,,,,[2507160],0
2507160,1,2060094,Aminipila luticellarii,"",bacteria,false,,,,0.030208186840932735,1,,,96.471,85.0,10^-41.3589,,,,,,,,,,,,,,,,,,0
2058138,2,2058138,Orphanotrophium,"",eukaryota,false,,,,,,,,,,,,,,,,0.030208186840932735,1,,,100.0,26.0,10^-6.14206,,,,,[2058139],0
2058139,1,2058138,Orphanotrophium pallidipennis,"",eukaryota,false,,,,,,,,,,,,,,,,0.030208186840932735,1,,,100.0,26.0,10^-6.14206,,,,,,0
2056611,2,2056611,Althaesia,"",eukaryota,false,,,,,,,,,,,,,,,,0.030208186840932735,1,,,97.0,33.0,10^-14.0414,,,,,[2056612],0
2056612,1,2056611,Althaesia sp. CSR005,"",eukaryota,false,,,,,,,,,,,,,,,,0.030208186840932735,1,,,97.0,33.0,10^-14.0414,,,,,,0
2055880,2,2055880,Pseudescherichia,"",bacteria,false,,,,0.030208186840932735,1,,,99.01,101.0,10^-55.0077,,,,,,34.07483475657212,1128,,,94.7059,37.6142,10^-15.0569,,,,,[566],0
566,1,2055880,Pseudescherichia vulneris,"",bacteria,false,,,,0.030208186840932735,1,,,99.01,101.0,10^-55.0077,,,,,,34.07483475657212,1128,,,94.7059,37.6142,10^-15.0569,,,,,,0
2055673,2,2055673,Stetholus,"",eukaryota,false,,,,,,,,,,,,,,,,0.030208186840932735,1,,,100.0,28.0,10^-9.67778,,,,,[2055674],0
2055674,1,2055673,Stetholus sp. CSR094,"",eukaryota,false,,,,,,,,,,,,,,,,0.030208186840932735,1,,,100.0,28.0,10^-9.67778,,,,,,0
2055669,2,2055669,Sinocymbachus,"",eukaryota,false,,,,,,,,,,,,,,,,0.06041637368186547,2,,,100.0,30.0,10^-11.6073,,,,,[2055670],0
2055670,1,2055669,Sinocymbachus sp. INB005,"",eukaryota,false,,,,,,,,,,,,,,,,0.06041637368186547,2,,,100.0,30.0,10^-11.6073,,,,,,0
2055640,2,2055640,Monotomopsis,"",eukaryota,false,,,,0.030208186840932735,1,,,87.037,54.0,10^-14.7947,,,,,,0.030208186840932735,1,,,100.0,33.0,10^-8.81816,,,,,[2055641],0
2055641,1,2055640,Monotomopsis sp. CSR118,"",eukaryota,false,,,,0.030208186840932735,1,,,87.037,54.0,10^-14.7947,,,,,,0.030208186840932735,1,,,100.0,33.0,10^-8.81816,,,,,,0
2055135,2,2055135,Anaeramoeba,"",eukaryota,false,,,,,,,,,,,,,,,,0.030208186840932735,1,,,67.7,31.0,10^-7.8041,,,,,[1746090],0
1746090,1,2055135,Anaeramoeba ignava,"",eukaryota,false,,,,,,,,,,,,,,,,0.030208186840932735,1,,,67.7,31.0,10^-7.8041,,,,,,0
2042066,2,2042066,Paraphotobacterium,"",bacteria,false,,,,0.0906245605227982,3,,,92.0057,45.6667,10^-13.725,,,,,,,,,,,,,,,,,[1755811],0
1755811,1,2042066,Paraphotobacterium marinum,"",bacteria,false,,,,0.0906245605227982,3,,,92.0057,45.6667,10^-13.725,,,,,,,,,,,,,,,,,,0
2038740,2,2038740,Coniferiporia,"",eukaryota,false,,,,0.030208186840932735,1,,,100.0,101.0,10^-56.3801,,,,,,,,,,,,,,,,,[135589],0
135589,1,2038740,Coniferiporia weirii,"",eukaryota,false,,,,0.030208186840932735,1,,,100.0,101.0,10^-56.3801,,,,,,,,,,,,,,,,,,0
2035712,2,2035712,Guyparkeria,"",bacteria,false,,,,0.030208186840932735,1,,,94.737,57.0,10^-22.3192,,,,,,,,,,,,,,,,,[47960],0
47960,1,2035712,Guyparkeria halophila,"",bacteria,false,,,,0.030208186840932735,1,,,94.737,57.0,10^-22.3192,,,,,,,,,,,,,,,,,,0
2016719,2,2016719,Zygosporium,"",eukaryota,false,,,,0.12083274736373094,4,,,99.75,100.5,10^-55.696,,,,,,,,,,,,,,,,,"[2075509, 2075507]",0
2075509,1,2016719,Zygosporium oscheoides,"",eukaryota,false,,,,0.0906245605227982,3,,,99.6667,100.667,10^-55.6953,,,,,,,,,,,,,,,,,,0
2075507,1,2016719,Zygosporium masonii,"",eukaryota,false,,,,0.030208186840932735,1,,,100.0,100.0,10^-55.6982,,,,,,,,,,,,,,,,,,0
2015172,2,2015172,Ooceraea,"",eukaryota,false,,,,0.33229005525026006,11,,,89.4828,62.2727,10^-20.3068,,,,,,0.6645801105005201,22,,,80.0955,29.2727,10^-6.56037,,,,,[2015173],0
2015173,1,2015172,Ooceraea biroi,clonal raider ant,eukaryota,false,,,,0.33229005525026006,11,,,89.4828,62.2727,10^-20.3068,,,,,,0.6645801105005201,22,,,80.0955,29.2727,10^-6.56037,,,,,,0
1985927,2,1985927,Ignelater,"",eukaryota,false,,,,,,,,,,,,,,,,1.2083274736373093,40,,,66.8235,47.875,10^-12.0602,,,,,[2038154],0
2038154,1,1985927,Ignelater luminosus,"",eukaryota,false,,,,,,,,,,,,,,,,1.2083274736373093,40,,,66.8235,47.875,10^-12.0602,,,,,,0
1981958,2,1981958,Pseudomicrostroma,"",eukaryota,false,,,,,,,,,,,,,,,,0.030208186840932735,1,,,72.7,33.0,10^-7.13136,,,,,[1684307],0
1684307,1,1981958,Pseudomicrostroma glucosiphilum,"",eukaryota,false,,,,,,,,,,,,,,,,0.030208186840932735,1,,,72.7,33.0,10^-7.13136,,,,,,0
1980697,2,1980697,Duodenibacillus,"",bacteria,false,,,,0.06041637368186547,2,,,97.368,38.0,10^-12.2026,,,,,,0.030208186840932735,1,,,50.0,32.0,10^-3.49349,,,,,"[1980700, 1852381]",0
1980700,1,1980697,Duodenibacillus sp.,"",bacteria,false,,,,,,,,,,,,,,,,0.030208186840932735,1,,,50.0,32.0,10^-3.49349,,,,,,0
1852381,1,1980697,Duodenibacillus massiliensis,"",bacteria,false,,,,0.06041637368186547,2,,,97.368,38.0,10^-12.2026,,,,,,,,,,,,,,,,,,0
1980514,2,1980514,Halodesulfurarchaeum,"",archaea,false,,,,0.030208186840932735,1,,,76.923,65.0,10^-11.2832,,,,,,,,,,,,,,,,,[1873524],0
1873524,1,1980514,Halodesulfurarchaeum formicicum,"",archaea,false,,,,0.030208186840932735,1,,,76.923,65.0,10^-11.2832,,,,,,,,,,,,,,,,,,0
1980513,2,1980513,Candidatus Nitrosoglobus,"",bacteria,false,,,,,,,,,,,,,,,,0.0906245605227982,3,,,84.8,32.6667,10^-8.79415,,,,,[1630141],0
1630141,1,1980513,Candidatus Nitrosoglobus terrae,"",bacteria,false,,,,,,,,,,,,,,,,0.0906245605227982,3,,,84.8,32.6667,10^-8.79415,,,,,,0
1979940,2,1979940,Medioppia,"",eukaryota,false,,,,0.06041637368186547,2,,,83.911,64.0,10^-16.7953,,,,,,0.0906245605227982,3,,,78.2,31.3333,10^-8.39761,,,,,[1979941],0
1979941,1,1979940,Medioppia subpectinata,"",eukaryota,false,,,,0.06041637368186547,2,,,83.911,64.0,10^-16.7953,,,,,,0.0906245605227982,3,,,78.2,31.3333,10^-8.39761,,,,,,0
1970207,2,1970207,Bugulina,"",eukaryota,false,,,,0.030208186840932735,1,,,90.244,41.0,10^-10.111,,,,,,,,,,,,,,,,,[192920],0
192920,1,1970207,Bugulina stolonifera,"",eukaryota,false,,,,0.030208186840932735,1,,,90.244,41.0,10^-10.111,,,,,,,,,,,,,,,,,,0
1966666,2,1966666,Zelenkaia,"",eukaryota,false,,,,0.030208186840932735,1,,,92.537,67.0,10^-26.3662,,,,,,,,,,,,,,,,,[462340],0
462340,1,1966666,Zelenkaia trichopterae,"",eukaryota,false,,,,0.030208186840932735,1,,,92.537,67.0,10^-26.3662,,,,,,,,,,,,,,,,,,0
1964366,2,1964366,Nissabacter,"",bacteria,false,,,,,,,,,,,,,,,,0.030208186840932735,1,,,100.0,33.0,10^-13.4377,,,,,[2126321],0
2126321,1,1964366,Nissabacter sp. SGAir0207,"",bacteria,false,,,,,,,,,,,,,,,,0.030208186840932735,1,,,100.0,33.0,10^-13.4377,,,,,,0
1956917,2,1956917,Sphecotypus,"",eukaryota,false,,,,0.030208186840932735,1,,,100.0,75.0,10^-38.6685,,,,,,,,,,,,,,,,,[1956918],0
1956918,1,1956917,Sphecotypus sp. MR376,"",eukaryota,false,,,,0.030208186840932735,1,,,100.0,75.0,10^-38.6685,,,,,,,,,,,,,,,,,,0
1956434,2,1956434,Falconina,"",eukaryota,false,,,,0.030208186840932735,1,,,100.0,101.0,10^-56.3801,,,,,,,,,,,,,,,,,[1956435],0
1956435,1,1956434,Falconina gracilis,"",eukaryota,false,,,,0.030208186840932735,1,,,100.0,101.0,10^-56.3801,,,,,,,,,,,,,,,,,,0
1939651,2,1939651,Pancytospora,"",eukaryota,false,,,,,,,,,,,,,,,,0.24166549472746188,8,,,68.4714,32.5714,10^-3.44149,,,,,[1938578],0
1938578,1,1939651,Pancytospora epiphaga,"",eukaryota,false,,,,,,,,,,,,,,,,0.24166549472746188,8,,,68.4714,32.5714,10^-3.44149,,,,,,0
1935184,2,1935184,Vaginella,"",bacteria,false,,,,0.030208186840932735,1,,,95.0,100.0,10^-48.8363,,,,,,0.12083274736373094,4,,,90.075,32.5,10^-9.23478,,,,,[1816680],0
1816680,1,1935184,Vaginella massiliensis,"",bacteria,false,,,,0.030208186840932735,1,,,95.0,100.0,10^-48.8363,,,,,,0.12083274736373094,4,,,90.075,32.5,10^-9.23478,,,,,,0
1933192,2,1933192,Galendromus,"",eukaryota,false,,,,0.0906245605227982,3,,,82.8037,79.3333,10^-23.3269,,,,,,0.030208186840932735,1,,,84.8,33.0,10^-8.6216,,,,,[34638],0
34638,1,1933192,Galendromus occidentalis,western predatory mite,eukaryota,false,,,,0.0906245605227982,3,,,82.8037,79.3333,10^-23.3269,,,,,,0.030208186840932735,1,,,84.8,33.0,10^-8.6216,,,,,,0
1931351,2,1931351,Donkia,"",eukaryota,false,,,,0.030208186840932735,1,,,99.01,101.0,10^-55.0077,,,,,,,,,,,,,,,,,[1931352],0
1931352,1,1931351,Donkia pulcherrima,"",eukaryota,false,,,,0.030208186840932735,1,,,99.01,101.0,10^-55.0077,,,,,,,,,,,,,,,,,,0
1931200,2,1931200,Marinibacterium,"",bacteria,false,,,,0.06041637368186547,2,,,94.737,95.0,10^-45.4277,,,,,,,,,,,,,,,,,[2301217],0
2301217,1,1931200,Marinibacterium anthonyi,"",bacteria,false,,,,0.06041637368186547,2,,,94.737,95.0,10^-45.4277,,,,,,,,,,,,,,,,,,0
1930291,2,1930291,Dichloromethanomonas,"",bacteria,false,,,,0.06041637368186547,2,,,92.7225,51.5,10^-17.2261,,,,,,,,,,,,,,,,,[1755312],0
1755312,1,1930291,Candidatus Dichloromethanomonas elyunquensis,"",bacteria,false,,,,0.06041637368186547,2,,,92.7225,51.5,10^-17.2261,,,,,,,,,,,,,,,,,,0
1930240,2,1930240,Zelonia,"",eukaryota,false,,,,,,,,,,,,,,,,0.030208186840932735,1,,,96.4,28.0,10^-6.54821,,,,,[372075],0
372075,1,1930240,Zelonia costaricensis,"",eukaryota,false,,,,,,,,,,,,,,,,0.030208186840932735,1,,,96.4,28.0,10^-6.54821,,,,,,0
1929940,2,1929940,Viridothelium,"",eukaryota,false,,,,,,,,,,,,,,,,0.030208186840932735,1,,,69.0,29.0,10^-3.31785,,,,,[1048519],0
1048519,1,1929940,Viridothelium virens,"",eukaryota,false,,,,,,,,,,,,,,,,0.030208186840932735,1,,,69.0,29.0,10^-3.31785,,,,,,0
1929757,2,1929757,Desarmillaria,"",eukaryota,false,,,,0.030208186840932735,1,,,91.0,100.0,10^-43.3469,,,,,,,,,,,,,,,,,[1929756],0
1929756,1,1929757,Desarmillaria tabescens,"",eukaryota,false,,,,0.030208186840932735,1,,,91.0,100.0,10^-43.3469,,,,,,,,,,,,,,,,,,0
1924110,2,1924110,Massilimicrobiota,"",bacteria,false,,,,,,,,,,,,,,,,0.06041637368186547,2,,,79.7,32.0,10^-11.7304,,,,,[1965564],0
1965564,1,1924110,Massilimicrobiota sp. An142,"",bacteria,false,,,,,,,,,,,,,,,,0.06041637368186547,2,,,79.7,32.0,10^-11.7304,,,,,,0
1923958,2,1923958,Trinorchestia,"",eukaryota,false,,,,,,,,,,,,,,,,0.6645801105005201,22,,,56.81,88.45,10^-19.858,,,,,[1923959],0
1923959,1,1923958,Trinorchestia longiramus,"",eukaryota,false,,,,,,,,,,,,,,,,0.6645801105005201,22,,,56.81,88.45,10^-19.858,,,,,,0
1915401,2,1915401,Roseitalea,"",bacteria,false,,,,0.06041637368186547,2,,,95.7625,59.0,10^-24.3628,,,,,,,,,,,,,,,,,[1852022],0
1852022,1,1915401,Roseitalea porphyridii,"",bacteria,false,,,,0.06041637368186547,2,,,95.7625,59.0,10^-24.3628,,,,,,,,,,,,,,,,,,0
1913444,2,1913444,Thiodiazotropha,"",bacteria,false,,,,,,,,,,,,,,,,0.12083274736373094,4,,,67.425,31.5,10^-5.01566,,,,,[2792791],0
2792791,1,1913444,Candidatus Thiodiazotropha taylori,"",bacteria,false,,,,,,,,,,,,,,,,0.12083274736373094,4,,,67.425,31.5,10^-5.01566,,,,,,0
1912216,2,1912216,Cutibacterium,"",bacteria,false,,,,1.3291602210010403,44,,,99.6004,122.773,10^-65.8982,,,,,,1.0270783525917129,34,,,97.9029,42.0,10^-19.5145,,,,,"[2559073, 33010, 1747]",0
2559073,1,1912216,Cutibacterium modestum,"",bacteria,false,,,,0.030208186840932735,1,,,100.0,101.0,10^-56.3801,,,,,,,,,,,,,,,,,,0
33010,1,1912216,Cutibacterium avidum,"",bacteria,false,,,,,,,,,,,,,,,,0.030208186840932735,1,,,100.0,33.0,10^-12.0044,,,,,,0
1747,1,1912216,Cutibacterium acnes,"",bacteria,false,,,,1.2989520341601075,43,,,99.5911,123.279,10^-66.1195,,,,,,0.9968701657507802,33,,,97.8394,42.2727,10^-19.7421,,,,,,0
1906945,2,1906945,Parageobacillus,"",bacteria,false,,,,,,,,,,,,,,,,0.030208186840932735,1,,,68.8,32.0,10^-3.65561,,,,,[1426],0
1426,1,1906945,Parageobacillus thermoglucosidasius,"",bacteria,false,,,,,,,,,,,,,,,,0.030208186840932735,1,,,68.8,32.0,10^-3.65561,,,,,,0
1906661,2,1906661,Gullanella,"",bacteria,false,,,,0.06041637368186547,2,,,89.843,87.5,10^-34.8301,,,,,,,,,,,,,,,,,[1070130],0
1070130,1,1906661,Candidatus Gullanella endobia,"",bacteria,false,,,,0.06041637368186547,2,,,89.843,87.5,10^-34.8301,,,,,,,,,,,,,,,,,,0
1903479,2,1903479,Coetzeea,"",bacteria,false,,,,0.030208186840932735,1,,,96.04,101.0,10^-50.8906,,,,,,,,,,,,,,,,,[1812101],0
1812101,1,1903479,Coetzeea brasiliensis,"",bacteria,false,,,,0.030208186840932735,1,,,96.04,101.0,10^-50.8906,,,,,,,,,,,,,,,,,,0
1903434,2,1903434,Atlantibacter,"",bacteria,false,,,,1.1479110999554438,38,,,96.1744,97.7273,10^-49.0776,,,,,,0.21145730788652914,7,,,98.7,31.1429,10^-10.6514,,,,,"[1903473, 255519, 565]",0
1903473,1,1903434,Atlantibacter sp.,"",bacteria,false,,,,,,,,,,,,,,,,0.030208186840932735,1,,,97.0,33.0,10^-9.66154,,,,,,0
255519,1,1903434,Atlantibacter subterranea,"",bacteria,false,,,,0.906245605227982,30,,,95.8092,99.08,10^-49.4183,,,,,,,,,,,,,,,,,,0
565,1,1903434,Atlantibacter hermannii,"",bacteria,false,,,,0.24166549472746188,8,,,97.3158,93.5,10^-48.0127,,,,,,0.1812491210455964,6,,,98.9833,30.8333,10^-10.8164,,,,,,0
1897883,2,1897883,Leucophora,"",eukaryota,false,,,,0.06041637368186547,2,,,97.222,36.0,10^-10.8537,,,,,,,,,,,,,,,,,[2588525],0
2588525,1,1897883,Leucophora obtusa,"",eukaryota,false,,,,0.06041637368186547,2,,,97.222,36.0,10^-10.8537,,,,,,,,,,,,,,,,,,0
1884455,2,1884455,Anphevirus,"",viruses,false,,,,0.06041637368186547,2,,,99.1525,53.5,10^-23.3783,,,,,,148.35240557582065,4911,,,99.1738,2030.16,10^-307.076,,,,,"[2783999, 2059675]",0
2783999,1,1884455,Aedes albopictus anphevirus,"",viruses,false,,,,,,,,,,,,,,,,0.12083274736373094,4,,,84.65,32.75,10^-9.29366,,,,,,0
2059675,1,1884455,Aedes aegypti anphevirus,"",viruses,false,,,,0.06041637368186547,2,,,99.1525,53.5,10^-23.3783,,,,,,148.23157282845693,4907,,,99.1862,2031.86,10^-307.33,,,,,,0
1883071,2,1883071,Cytidiella,"",eukaryota,false,,,,,,,,,,,,,,,,0.06041637368186547,2,,,77.05,32.5,10^-6.30249,,,,,[1883072],0
1883072,1,1883071,Cytidiella melzeri,"",eukaryota,false,,,,,,,,,,,,,,,,0.06041637368186547,2,,,77.05,32.5,10^-6.30249,,,,,,0
1874526,2,1874526,Kovacikia,"",bacteria,false,,,,0.030208186840932735,1,,,93.182,44.0,10^-13.5113,,,,,,,,,,,,,,,,,[2931930],0
2931930,1,1874526,Kovacikia minuta,"",bacteria,false,,,,0.030208186840932735,1,,,93.182,44.0,10^-13.5113,,,,,,,,,,,,,,,,,,0
1870884,2,1870884,Clostridioides,"",bacteria,false,,,,,,,,,,,,,,,,0.06041637368186547,2,,,87.1,31.0,10^-6.27572,,,,,[1496],1
1496,1,1870884,Clostridioides difficile,"",bacteria,false,,,,,,,,,,,,,,,,0.06041637368186547,2,,,87.1,31.0,10^-6.27572,,,,,,1
1870766,2,1870766,Dryobota,"",eukaryota,false,,,,0.15104093420466366,5,,,86.0518,56.4,10^-14.2428,,,,,,,,,,,,,,,,,[2964684],0
2964684,1,1870766,Dryobota labecula,"",eukaryota,false,,,,0.15104093420466366,5,,,86.0518,56.4,10^-14.2428,,,,,,,,,,,,,,,,,,0
1870727,2,1870727,Subacronicta,"",eukaryota,false,,,,0.21145730788652914,7,,,93.8104,50.8571,10^-17.3982,,,,,,,,,,,,,,,,,[1870728],0
1870728,1,1870727,Subacronicta megacephala,"",eukaryota,false,,,,0.21145730788652914,7,,,93.8104,50.8571,10^-17.3982,,,,,,,,,,,,,,,,,,0
1870627,2,1870627,Eremobia,"",eukaryota,false,,,,0.12083274736373094,4,,,91.5567,48.25,10^-14.0032,,,,,,,,,,,,,,,,,[1870628],0
1870628,1,1870627,Eremobia ochroleuca,"",eukaryota,false,,,,0.12083274736373094,4,,,91.5567,48.25,10^-14.0032,,,,,,,,,,,,,,,,,,0
1867854,2,1867854,Camporesia,"",eukaryota,false,,,,0.030208186840932735,1,,,100.0,101.0,10^-56.3801,,,,,,,,,,,,,,,,,[1867855],0
1867855,1,1867854,Camporesia sambuci,"",eukaryota,false,,,,0.030208186840932735,1,,,100.0,101.0,10^-56.3801,,,,,,,,,,,,,,,,,,0
1866885,2,1866885,Mycolicibacterium,"",bacteria,false,,,,0.3624982420911928,12,,,94.9096,86.5,10^-41.7175,,,,,,0.12083274736373094,4,,,79.8,28.0,10^-5.43502,,,,,"[1552759, 152142, 146017, 56689, 53462, 1797, 1795]",0
1552759,1,1866885,Mycolicibacterium grossiae,"",bacteria,false,,,,0.12083274736373094,4,,,100.0,100.0,10^-55.6982,,,,,,,,,,,,,,,,,,0
152142,1,1866885,Mycolicibacterium holsaticum,"",bacteria,false,,,,0.030208186840932735,1,,,81.013,79.0,10^-20.8051,,,,,,,,,,,,,,,,,,0
146017,1,1866885,Mycolicibacterium boenickei,"",bacteria,false,,,,0.030208186840932735,1,,,89.109,101.0,10^-41.284,,,,,,,,,,,,,,,,,,0
56689,1,1866885,Mycolicibacterium mucogenicum,"",bacteria,false,,,,0.030208186840932735,1,,,84.615,39.0,10^-6.01561,,,,,,,,,,,,,,,,,,0
53462,1,1866885,Mycolicibacterium mageritense,"",bacteria,false,,,,0.030208186840932735,1,,,100.0,100.0,10^-55.6982,,,,,,0.030208186840932735,1,,,75.0,32.0,10^-5.86328,,,,,,0
1797,1,1866885,Mycolicibacterium thermoresistibile,"",bacteria,false,,,,,,,,,,,,,,,,0.0906245605227982,3,,,81.4,26.6667,10^-5.29227,,,,,,0
1795,1,1866885,Mycolicibacterium neoaurum,"",bacteria,false,,,,0.12083274736373094,4,,,98.5898,86.5,10^-45.4938,,,,,,,,,,,,,,,,,,0
1861863,2,1861863,Sinimarinibacterium,"",bacteria,false,,,,0.06041637368186547,2,,,98.851,87.0,10^-45.4659,,,,,,,,,,,,,,,,,[2698684],0
2698684,1,1861863,Sinimarinibacterium sp. NLF-5-8,"",bacteria,false,,,,0.06041637368186547,2,,,98.851,87.0,10^-45.4659,,,,,,,,,,,,,,,,,,0
1859566,2,1859566,Cardiotarsus,"",eukaryota,false,,,,,,,,,,,,,,,,0.030208186840932735,1,,,69.0,29.0,10^-3.71897,,,,,[2055346],0
2055346,1,1859566,Cardiotarsus sp. INB210,"",eukaryota,false,,,,,,,,,,,,,,,,0.030208186840932735,1,,,69.0,29.0,10^-3.71897,,,,,,0
1858093,2,1858093,Dicycla,"",eukaryota,false,,,,0.030208186840932735,1,,,94.737,38.0,10^-10.8302,,,,,,,,,,,,,,,,,[1858094],0
1858094,1,1858093,Dicycla oo,"",eukaryota,false,,,,0.030208186840932735,1,,,94.737,38.0,10^-10.8302,,,,,,,,,,,,,,,,,,0
1849822,2,1849822,Paraclostridium,"",bacteria,false,,,,,,,,,,,,,,,,0.06041637368186547,2,,,83.1,32.5,10^-13.4995,,,,,[1490],1
1490,1,1849822,Paraclostridium bifermentans,"",bacteria,false,,,,,,,,,,,,,,,,0.06041637368186547,2,,,83.1,32.5,10^-13.4995,,,,,,1
1847725,2,1847725,Lawsonella,"",bacteria,false,,,,0.12083274736373094,4,,,97.863,89.5,10^-45.4569,,,,,,0.030208186840932735,1,,,100.0,33.0,10^-11.7496,,,,,[1528099],0
1528099,1,1847725,Lawsonella clevelandensis,"",bacteria,false,,,,0.12083274736373094,4,,,97.863,89.5,10^-45.4569,,,,,,0.030208186840932735,1,,,100.0,33.0,10^-11.7496,,,,,,0
1838142,2,1838142,Cutaneotrichosporon,"",eukaryota,false,,,,0.06041637368186547,2,,,89.643,101.5,10^-42.3111,,,,,,,,,,,,,,,,,"[1672016, 129132]",0
1672016,1,1838142,Cutaneotrichosporon spelunceum,"",eukaryota,false,,,,0.030208186840932735,1,,,87.129,101.0,10^-38.5392,,,,,,,,,,,,,,,,,,0
129132,1,1838142,Cutaneotrichosporon dermatis,"",eukaryota,false,,,,0.030208186840932735,1,,,92.157,102.0,10^-46.083,,,,,,,,,,,,,,,,,,0
1826864,2,1826864,Nitrosocosmicus,"",archaea,false,,,,0.06041637368186547,2,,,99.505,101.0,10^-55.6939,,,,,,,,,,,,,,,,,"[1826872, 1798806]",0
1826872,1,1826864,Candidatus Nitrosocosmicus hydrocola,"",archaea,false,,,,0.030208186840932735,1,,,99.01,101.0,10^-55.0077,,,,,,,,,,,,,,,,,,0
1798806,1,1826864,Candidatus Nitrosocosmicus franklandus,"",archaea,false,,,,0.030208186840932735,1,,,100.0,101.0,10^-56.3801,,,,,,,,,,,,,,,,,,0
1824992,2,1824992,Calliopum,"",eukaryota,false,,,,0.030208186840932735,1,,,88.679,53.0,10^-15.489,,,,,,,,,,,,,,,,,[1824995],0
1824995,1,1824992,Calliopum simillimum,"",eukaryota,false,,,,0.030208186840932735,1,,,88.679,53.0,10^-15.489,,,,,,,,,,,,,,,,,,0
1822464,2,1822464,Paraburkholderia,"",bacteria,false,,,,0.06041637368186547,2,,,90.7015,73.5,10^-28.0742,,,,,,,,,,,,,,,,,"[2571747, 134537]",0
2571747,1,1822464,Paraburkholderia acidiphila,"",bacteria,false,,,,0.030208186840932735,1,,,91.304,46.0,10^-13.492,,,,,,,,,,,,,,,,,,0
134537,1,1822464,Paraburkholderia fungorum,"",bacteria,false,,,,0.030208186840932735,1,,,90.099,101.0,10^-42.6564,,,,,,,,,,,,,,,,,,0
1822002,2,1822002,Enterobacillus,"",bacteria,false,,,,,,,,,,,,,,,,0.030208186840932735,1,,,100.0,33.0,10^-15.0752,,,,,[1487935],0
1487935,1,1822002,Enterobacillus tribolii,"",bacteria,false,,,,,,,,,,,,,,,,0.030208186840932735,1,,,100.0,33.0,10^-15.0752,,,,,,0
1821620,2,1821620,Cyaniris,"",eukaryota,false,,,,0.0906245605227982,3,,,92.109,56.6667,10^-19.375,,,,,,,,,,,,,,,,,[988025],0
988025,1,1821620,Cyaniris semiargus,"",eukaryota,false,,,,0.0906245605227982,3,,,92.109,56.6667,10^-19.375,,,,,,,,,,,,,,,,,,0
1819744,2,1819744,Intoshia,"",eukaryota,false,,,,,,,,,,,,,,,,0.21145730788652914,7,,,73.4286,28.1429,10^-5.66303,,,,,[1819745],0
1819745,1,1819744,Intoshia linei,"",eukaryota,false,,,,,,,,,,,,,,,,0.21145730788652914,7,,,73.4286,28.1429,10^-5.66303,,,,,,0
1812772,2,1812772,Pseudomassariella,"",eukaryota,false,,,,,,,,,,,,,,,,0.030208186840932735,1,,,78.1,32.0,10^-4.88273,,,,,[1141098],0
1141098,1,1812772,Pseudomassariella vexata,"",eukaryota,false,,,,,,,,,,,,,,,,0.030208186840932735,1,,,78.1,32.0,10^-4.88273,,,,,,0
1812526,2,1812526,Didymocyrtis,"",eukaryota,false,,,,0.030208186840932735,1,,,96.04,101.0,10^-50.8906,,,,,,,,,,,,,,,,,[1812509],0
1812509,1,1812526,Didymocyrtis cladoniicola,"",eukaryota,false,,,,0.030208186840932735,1,,,96.04,101.0,10^-50.8906,,,,,,,,,,,,,,,,,,0
1811811,2,1811811,Apiospora,"",eukaryota,false,,,,0.030208186840932735,1,,,96.97,66.0,10^-29.8036,,,,,,,,,,,,,,,,,[335852],0
335852,1,1811811,Apiospora arundinis,"",eukaryota,false,,,,0.030208186840932735,1,,,96.97,66.0,10^-29.8036,,,,,,,,,,,,,,,,,,0
1808977,2,1808977,Methylospira,"",bacteria,false,,,,0.06041637368186547,2,,,89.13,86.0,10^-33.1263,,,,,,,,,,,,,,,,,[1808979],0
1808979,1,1808977,Candidatus Methylospira mobilis,"",bacteria,false,,,,0.06041637368186547,2,,,89.13,86.0,10^-33.1263,,,,,,,,,,,,,,,,,,0
1803640,2,1803640,Dorcoceras,"",eukaryota,false,,,,,,,,,,,,,,,,0.06041637368186547,2,,,81.05,31.0,10^-7.50413,,,,,[472368],0
472368,1,1803640,Dorcoceras hygrometricum,"",eukaryota,false,,,,,,,,,,,,,,,,0.06041637368186547,2,,,81.05,31.0,10^-7.50413,,,,,,0
1799703,2,1799703,Rhodosporidiobolus,"",eukaryota,false,,,,0.06041637368186547,2,,,100.0,100.0,10^-55.6982,,,,,,,,,,,,,,,,,"[168509, 33190]",0
168509,1,1799703,Rhodosporidiobolus odoratus,"",eukaryota,false,,,,0.030208186840932735,1,,,100.0,101.0,10^-56.3801,,,,,,,,,,,,,,,,,,0
33190,1,1799703,Rhodosporidiobolus fluvialis,"",eukaryota,false,,,,0.030208186840932735,1,,,100.0,99.0,10^-55.0164,,,,,,,,,,,,,,,,,,0
1798808,2,1798808,Symmetrospora,"",eukaryota,false,,,,0.030208186840932735,1,,,100.0,100.0,10^-55.6982,,,,,,,,,,,,,,,,,[69976],0
69976,1,1798808,Symmetrospora coprosmae,"",eukaryota,false,,,,0.030208186840932735,1,,,100.0,100.0,10^-55.6982,,,,,,,,,,,,,,,,,,0
1780190,2,1780190,Izhakiella,"",bacteria,false,,,,,,,,,,,,,,,,0.0906245605227982,3,,,99.0,33.0,10^-12.1351,,,,,"[1926881, 1367852]",0
1926881,1,1780190,Izhakiella australiensis,"",bacteria,false,,,,,,,,,,,,,,,,0.030208186840932735,1,,,100.0,33.0,10^-10.4365,,,,,,0
1367852,1,1780190,Izhakiella capsodis,"",bacteria,false,,,,,,,,,,,,,,,,0.06041637368186547,2,,,98.5,33.0,10^-12.9844,,,,,,0
1778601,2,1778601,Apibacter,"",bacteria,false,,,,0.030208186840932735,1,,,99.0,100.0,10^-54.3258,,,,,,,,,,,,,,,,,[2500547],0
2500547,1,1778601,Apibacter raozihei,"",bacteria,false,,,,0.030208186840932735,1,,,99.0,100.0,10^-54.3258,,,,,,,,,,,,,,,,,,0
1777920,2,1777920,Oligonyx,"",eukaryota,false,,,,,,,,,,,,,,,,0.030208186840932735,1,,,100.0,27.0,10^-7.54821,,,,,[1777921],0
1777921,1,1777920,Oligonyx insularis,"",eukaryota,false,,,,,,,,,,,,,,,,0.030208186840932735,1,,,100.0,27.0,10^-7.54821,,,,,,0
1775121,2,1775121,Larsenimonas,"",bacteria,false,,,,0.39270642893212554,13,,,98.0814,99.9231,10^-53.0066,,,,,,0.06041637368186547,2,,,89.1,27.5,10^-6.95806,,,,,[2944682],0
2944682,1,1775121,Larsenimonas rhizosphaerae,"",bacteria,false,,,,0.39270642893212554,13,,,98.0814,99.9231,10^-53.0066,,,,,,0.06041637368186547,2,,,89.1,27.5,10^-6.95806,,,,,,0
1765197,2,1765197,Luffia,"",eukaryota,false,,,,0.12083274736373094,4,,,89.1618,46.5,10^-11.7875,,,,,,,,,,,,,,,,,[1870047],0
1870047,1,1765197,Luffia ferchaultella,"",eukaryota,false,,,,0.12083274736373094,4,,,89.1618,46.5,10^-11.7875,,,,,,,,,,,,,,,,,,0
1763521,2,1763521,Paludisphaera,"",bacteria,false,,,,0.06041637368186547,2,,,93.617,94.0,10^-43.3737,,,,,,,,,,,,,,,,,[1387353],0
1387353,1,1763521,Paludisphaera borealis,"",bacteria,false,,,,0.06041637368186547,2,,,93.617,94.0,10^-43.3737,,,,,,,,,,,,,,,,,,0
1763018,2,1763018,Cryptocoryneum,"",eukaryota,false,,,,0.3020818684093273,10,,,91.2328,268.3,10^-95.2628,,,,,,,,,,,,,,,,,[1763021],0
1763021,1,1763018,Cryptocoryneum condensatum,"",eukaryota,false,,,,0.3020818684093273,10,,,91.2328,268.3,10^-95.2628,,,,,,,,,,,,,,,,,,0
1762932,2,1762932,Algoriella,"",bacteria,false,,,,,,,,,,,,,,,,0.7249964841823856,24,,,83.3171,68.4583,10^-36.0998,,,,,[684065],0
684065,1,1762932,Algoriella xinjiangensis,"",bacteria,false,,,,,,,,,,,,,,,,0.7249964841823856,24,,,83.3171,68.4583,10^-36.0998,,,,,,0
1751872,2,1751872,Lacimicrobium,"",bacteria,false,,,,0.030208186840932735,1,,,96.0,100.0,10^-50.2087,,,,,,3.5645660472300627,118,,,93.2966,24.875,10^-5.8037,,,,,[1526571],0
1526571,1,1751872,Lacimicrobium alkaliphilum,"",bacteria,false,,,,0.030208186840932735,1,,,96.0,100.0,10^-50.2087,,,,,,3.5645660472300627,118,,,93.2966,24.875,10^-5.8037,,,,,,0
1745211,2,1745211,Chania,"",bacteria,false,,,,,,,,,,,,,,,,0.030208186840932735,1,,,96.8,31.0,10^-8.42946,,,,,[1639108],0
1639108,1,1745211,Chania multitudinisentens,"",bacteria,false,,,,,,,,,,,,,,,,0.030208186840932735,1,,,96.8,31.0,10^-8.42946,,,,,,0
1742992,2,1742992,Paenarthrobacter,"",bacteria,false,,,,0.030208186840932735,1,,,100.0,95.0,10^-52.2895,,,,,,,,,,,,,,,,,[37931],0
37931,1,1742992,Paenarthrobacter ureafaciens,"",bacteria,false,,,,0.030208186840932735,1,,,100.0,95.0,10^-52.2895,,,,,,,,,,,,,,,,,,0
1742977,2,1742977,Tepidicaulis,"",bacteria,false,,,,,,,,,,,,,,,,0.12083274736373094,4,,,84.4,26.0,10^-6.46832,,,,,[1333998],0
1333998,1,1742977,Tepidicaulis marinus,"",bacteria,false,,,,,,,,,,,,,,,,0.12083274736373094,4,,,84.4,26.0,10^-6.46832,,,,,,0
1738254,2,1738254,Ipsichora,"",eukaryota,false,,,,,,,,,,,,,,,,0.030208186840932735,1,,,100.0,33.0,10^-12.2441,,,,,[1738255],0
1738255,1,1738254,Ipsichora longipes,"",eukaryota,false,,,,,,,,,,,,,,,,0.030208186840932735,1,,,100.0,33.0,10^-12.2441,,,,,,0
1735931,2,1735931,Noteucinetus,"",eukaryota,false,,,,,,,,,,,,,,,,0.030208186840932735,1,,,100.0,32.0,10^-13.6003,,,,,[2055468],0
2055468,1,1735931,Noteucinetus sp. CSR103,"",eukaryota,false,,,,,,,,,,,,,,,,0.030208186840932735,1,,,100.0,32.0,10^-13.6003,,,,,,0
1735270,2,1735270,Gigantopelta,"",eukaryota,false,,,,0.0906245605227982,3,,,87.7227,46.3333,10^-11.4303,,,,,,,,,,,,,,,,,[1735272],0
1735272,1,1735270,Gigantopelta aegis,"",eukaryota,false,,,,0.0906245605227982,3,,,87.7227,46.3333,10^-11.4303,,,,,,,,,,,,,,,,,,0
1720308,2,1720308,Exaiptasia,"",eukaryota,false,,,,0.12083274736373094,4,,,89.7363,48.75,10^-13.9815,,,,,,0.3020818684093273,10,,,59.19,47.5,10^-9.92811,,,,,[2652724],0
2652724,1,1720308,Exaiptasia diaphana,"",eukaryota,false,,,,0.12083274736373094,4,,,89.7363,48.75,10^-13.9815,,,,,,0.3020818684093273,10,,,59.19,47.5,10^-9.92811,,,,,,0
1706036,2,1706036,Gemmatirosa,"",bacteria,false,,,,0.12083274736373094,4,,,92.632,87.0,10^-37.5795,,,,,,,,,,,,,,,,,[861299],0
861299,1,1706036,Gemmatirosa kalamazoonensis,"",bacteria,false,,,,0.12083274736373094,4,,,92.632,87.0,10^-37.5795,,,,,,,,,,,,,,,,,,0
1699008,2,1699008,Zora,"",eukaryota,false,,,,0.030208186840932735,1,,,100.0,75.0,10^-38.6685,,,,,,,,,,,,,,,,,[1872024],0
1872024,1,1699008,Zora spinimana,"",eukaryota,false,,,,0.030208186840932735,1,,,100.0,75.0,10^-38.6685,,,,,,,,,,,,,,,,,,0
1679449,2,1679449,Pseudooceanicola,"",bacteria,false,,,,,,,,,,,,,,,,0.030208186840932735,1,,,52.4,42.0,10^-4.43063,,,,,[375761],0
375761,1,1679449,Pseudooceanicola nanhaiensis,"",bacteria,false,,,,,,,,,,,,,,,,0.030208186840932735,1,,,52.4,42.0,10^-4.43063,,,,,,0
1666817,2,1666817,Acentria,"",eukaryota,false,,,,0.030208186840932735,1,,,94.444,36.0,10^-9.48129,,,,,,,,,,,,,,,,,[1666818],0
1666818,1,1666817,Acentria ephemerella,"",eukaryota,false,,,,0.030208186840932735,1,,,94.444,36.0,10^-9.48129,,,,,,,,,,,,,,,,,,0
1662592,2,1662592,Asbolus,"",eukaryota,false,,,,,,,,,,,,,,,,0.9968701657507802,33,,,91.4636,29.3939,10^-12.0833,,,,,[1661398],0
1661398,1,1662592,Asbolus verrucosus,"",eukaryota,false,,,,,,,,,,,,,,,,0.9968701657507802,33,,,91.4636,29.3939,10^-12.0833,,,,,,0
1659840,2,1659840,Sanghuangporus,"",eukaryota,false,,,,,,,,,,,,,,,,0.0906245605227982,3,,,86.8667,33.0,10^-9.114,,,,,[108892],0
108892,1,1659840,Sanghuangporus baumii,"",eukaryota,false,,,,,,,,,,,,,,,,0.0906245605227982,3,,,86.8667,33.0,10^-9.114,,,,,,0
1654741,2,1654741,Bombella,"",bacteria,false,,,,0.7552046710233183,25,,,94.7309,91.8182,10^-43.4494,,,,,,,,,,,,,,,,,"[2676441, 2020877]",0
2676441,1,1654741,Bombella sp. ESL0368,"",bacteria,false,,,,0.7249964841823856,24,,,94.5329,91.9048,10^-43.256,,,,,,,,,,,,,,,,,,0
2020877,1,1654741,Bombella sp.,"",bacteria,false,,,,0.030208186840932735,1,,,98.889,90.0,10^-47.5097,,,,,,,,,,,,,,,,,,0
1653176,2,1653176,Cereibacter,"",bacteria,false,,,,0.06041637368186547,2,,,100.0,99.0,10^-55.0164,,,,,,,,,,,,,,,,,[1063],0
1063,1,1653176,Cereibacter sphaeroides,"",bacteria,false,,,,0.06041637368186547,2,,,100.0,99.0,10^-55.0164,,,,,,,,,,,,,,,,,,0
1649499,2,1649499,Swingsia,"",bacteria,false,,,,0.030208186840932735,1,,,98.611,72.0,10^-35.2553,,,,,,,,,,,,,,,,,[1293412],0
1293412,1,1649499,Swingsia samuiensis,"",bacteria,false,,,,0.030208186840932735,1,,,98.611,72.0,10^-35.2553,,,,,,,,,,,,,,,,,,0
1649480,2,1649480,Planctopirus,"",bacteria,false,,,,0.030208186840932735,1,,,86.301,73.0,10^-23.5842,,,,,,,,,,,,,,,,,[120],0
120,1,1649480,Planctopirus limnophila,"",bacteria,false,,,,0.030208186840932735,1,,,86.301,73.0,10^-23.5842,,,,,,,,,,,,,,,,,,0
1649462,2,1649462,Lacihabitans,"",bacteria,false,,,,,,,,,,,,,,,,0.030208186840932735,1,,,83.3,30.0,10^-3.73755,,,,,[2487335],0
2487335,1,1649462,Lacihabitans sp. LS3-19,"",bacteria,false,,,,,,,,,,,,,,,,0.030208186840932735,1,,,83.3,30.0,10^-3.73755,,,,,,0
1649453,2,1649453,Gimesia,"",bacteria,false,,,,,,,,,,,,,,,,0.030208186840932735,1,,,65.5,29.0,10^-4.16877,,,,,[2527973],0
2527973,1,1649453,Gimesia alba,"",bacteria,false,,,,,,,,,,,,,,,,0.030208186840932735,1,,,65.5,29.0,10^-4.16877,,,,,,0
1649295,2,1649295,Franconibacter,"",bacteria,false,,,,,,,,,,,,,,,,0.1812491210455964,6,,,86.8833,33.0,10^-9.44531,,,,,[435910],0
435910,1,1649295,Franconibacter pulveris,"",bacteria,false,,,,,,,,,,,,,,,,0.1812491210455964,6,,,86.8833,33.0,10^-9.44531,,,,,,0
1640959,2,1640959,Thelaira,"",eukaryota,false,,,,0.9364537920689148,31,,,85.6053,214.258,10^-45.9351,,,,,,,,,,,,,,,,,[1918187],0
1918187,1,1640959,Thelaira solivaga,"",eukaryota,false,,,,0.9364537920689148,31,,,85.6053,214.258,10^-45.9351,,,,,,,,,,,,,,,,,,0
1637464,2,1637464,Brachyopa,"",eukaryota,false,,,,0.030208186840932735,1,,,88.172,93.0,10^-35.8303,,,,,,,,,,,,,,,,,[2849643],0
2849643,1,1637464,Brachyopa scutellaris,"",eukaryota,false,,,,0.030208186840932735,1,,,88.172,93.0,10^-35.8303,,,,,,,,,,,,,,,,,,0
1619732,2,1619732,Curelius,"",eukaryota,false,,,,0.030208186840932735,1,,,85.185,54.0,10^-13.4223,,,,,,,,,,,,,,,,,[2055375],0
2055375,1,1619732,Curelius sp. INB192,"",eukaryota,false,,,,0.030208186840932735,1,,,85.185,54.0,10^-13.4223,,,,,,,,,,,,,,,,,,0
1612157,2,1612157,Pararhodospirillum,"",bacteria,false,,,,,,,,,,,,,,,,66.97155022634787,2217,,,61.225,58.6813,10^-17.1271,,,,,[1084],0
1084,1,1612157,Pararhodospirillum photometricum,"",bacteria,false,,,,,,,,,,,,,,,,66.97155022634787,2217,,,61.225,58.6813,10^-17.1271,,,,,,0
1608558,2,1608558,Tanakaius,"",eukaryota,false,,,,0.15104093420466366,5,,,91.2678,50.8,10^-15.3779,,,,,,0.3624982420911928,12,,,100.0,104.0,10^-57.7077,,,,,[1608559],0
1608559,1,1608558,Tanakaius savoryi,"",eukaryota,false,,,,0.15104093420466366,5,,,91.2678,50.8,10^-15.3779,,,,,,0.3624982420911928,12,,,100.0,104.0,10^-57.7077,,,,,,0
1608298,2,1608298,Thiolapillus,"",bacteria,false,,,,,,,,,,,,,,,,0.030208186840932735,1,,,61.3,31.0,10^-4.89279,,,,,[2017437],0
2017437,1,1608298,Thiolapillus sp.,"",bacteria,false,,,,,,,,,,,,,,,,0.030208186840932735,1,,,61.3,31.0,10^-4.89279,,,,,,0
1605712,2,1605712,Satonius,"",eukaryota,false,,,,,,,,,,,,,,,,0.06041637368186547,2,,,100.0,31.0,10^-8.18046,,,,,[2055717],0
2055717,1,1605712,Satonius schoenmanni,"",eukaryota,false,,,,,,,,,,,,,,,,0.06041637368186547,2,,,100.0,31.0,10^-8.18046,,,,,,0
1605698,2,1605698,Myrabolia,"",eukaryota,false,,,,,,,,,,,,,,,,0.06041637368186547,2,,,100.0,30.0,10^-8.47366,,,,,[2055462],0
2055462,1,1605698,Myrabolia sp. CSR037,"",eukaryota,false,,,,,,,,,,,,,,,,0.06041637368186547,2,,,100.0,30.0,10^-8.47366,,,,,,0
1602345,2,1602345,Parasaccharibacter,"",bacteria,false,,,,0.6041637368186547,20,,,93.4296,94.4,10^-43.3045,,,,,,,,,,,,,,,,,[2268025],0
2268025,1,1602345,Parasaccharibacter sp. TMW 2.1888,"",bacteria,false,,,,0.6041637368186547,20,,,93.4296,94.4,10^-43.3045,,,,,,,,,,,,,,,,,,0
1594452,2,1594452,Marasmarcha,"",eukaryota,false,,,,0.33229005525026006,11,,,92.0858,49.0,10^-14.6743,,,,,,,,,,,,,,,,,[1594453],0
1594453,1,1594452,Marasmarcha lunaedactyla,"",eukaryota,false,,,,0.33229005525026006,11,,,92.0858,49.0,10^-14.6743,,,,,,,,,,,,,,,,,,0
1594448,2,1594448,Euspilapteryx,"",eukaryota,false,,,,0.1812491210455964,6,,,90.294,61.3333,10^-20.488,,,,,,,,,,,,,,,,,[1594449],0
1594449,1,1594448,Euspilapteryx auroguttella,"",eukaryota,false,,,,0.1812491210455964,6,,,90.294,61.3333,10^-20.488,,,,,,,,,,,,,,,,,,0
1586633,2,1586633,Rhamnusium,"",eukaryota,false,,,,,,,,,,,,,,,,0.5135391762958564,17,,,81.2529,28.9412,10^-7.21331,,,,,[1586634],0
1586634,1,1586633,Rhamnusium bicolor,"",eukaryota,false,,,,,,,,,,,,,,,,0.5135391762958564,17,,,81.2529,28.9412,10^-7.21331,,,,,,0
1572663,2,1572663,Chishuiella,"",bacteria,false,,,,,,,,,,,,,,,,0.15104093420466366,5,,,90.98,28.4,10^-7.37151,,,,,[1434701],0
1434701,1,1572663,Chishuiella changwenlii,"",bacteria,false,,,,,,,,,,,,,,,,0.15104093420466366,5,,,90.98,28.4,10^-7.37151,,,,,,0
1569766,2,1569766,Neoneuromus,"",eukaryota,false,,,,0.24166549472746188,8,,,92.2002,50.5,10^-16.2057,,,,,,,,,,,,,,,,,[1569773],0
1569773,1,1569766,Neoneuromus ignobilis,"",eukaryota,false,,,,0.24166549472746188,8,,,92.2002,50.5,10^-16.2057,,,,,,,,,,,,,,,,,,0
1565532,2,1565532,Rouxiella,"",bacteria,false,,,,0.0906245605227982,3,,,98.311,81.3333,10^-41.1591,,,,,,0.030208186840932735,1,,,69.7,33.0,10^-7.80967,,,,,"[2653856, 1646377]",0
2653856,1,1565532,Rouxiella sp. S1S-2,"",bacteria,false,,,,,,,,,,,,,,,,0.030208186840932735,1,,,69.7,33.0,10^-7.80967,,,,,,0
1646377,1,1565532,Rouxiella badensis,"",bacteria,false,,,,0.0906245605227982,3,,,98.311,81.3333,10^-41.1591,,,,,,,,,,,,,,,,,,0
1562794,2,1562794,Phasia,"",eukaryota,false,,,,0.06041637368186547,2,,,76.9685,78.0,10^-16.0074,,,,,,,,,,,,,,,,,[1918144],0
1918144,1,1562794,Phasia obesa,"",eukaryota,false,,,,0.06041637368186547,2,,,76.9685,78.0,10^-16.0074,,,,,,,,,,,,,,,,,,0
1562158,2,1562158,Neopestalotiopsis,"",eukaryota,false,,,,0.030208186840932735,1,,,85.366,82.0,10^-26.9646,,,,,,,,,,,,,,,,,[1562163],0
1562163,1,1562158,Neopestalotiopsis cubana,"",eukaryota,false,,,,0.030208186840932735,1,,,85.366,82.0,10^-26.9646,,,,,,,,,,,,,,,,,,0
1553873,2,1553873,Silvanoprus,"",eukaryota,false,,,,0.030208186840932735,1,,,88.66,97.0,10^-38.5568,,,,,,,,,,,,,,,,,[2055718],0
2055718,1,1553873,Silvanoprus scuticollis,"",eukaryota,false,,,,0.030208186840932735,1,,,88.66,97.0,10^-38.5568,,,,,,,,,,,,,,,,,,0
1552076,2,1552076,Pseudomicrocara,"",eukaryota,false,,,,0.030208186840932735,1,,,89.583,48.0,10^-13.4735,,,,,,,,,,,,,,,,,[2055514],0
2055514,1,1552076,Pseudomicrocara sp. CSR143,"",eukaryota,false,,,,0.030208186840932735,1,,,89.583,48.0,10^-13.4735,,,,,,,,,,,,,,,,,,0
1525371,2,1525371,Neorhizobium,"",bacteria,false,,,,0.030208186840932735,1,,,99.01,101.0,10^-55.0077,,,,,,,,,,,,,,,,,[515361],0
515361,1,1525371,Neorhizobium petrolearium,"",bacteria,false,,,,0.030208186840932735,1,,,99.01,101.0,10^-55.0077,,,,,,,,,,,,,,,,,,0
1522432,2,1522432,Pseudoduganella,"",bacteria,false,,,,0.030208186840932735,1,,,76.471,68.0,10^-11.9498,,,,,,,,,,,,,,,,,[864828],0
864828,1,1522432,Pseudoduganella umbonata,"",bacteria,false,,,,0.030208186840932735,1,,,76.471,68.0,10^-11.9498,,,,,,,,,,,,,,,,,,0
1519144,2,1519144,Xibalbanus,"",eukaryota,false,,,,,,,,,,,,,,,,0.030208186840932735,1,,,100.0,19.0,10^-3.41005,,,,,[1519145],0
1519145,1,1519144,Xibalbanus tulumensis,"",eukaryota,false,,,,,,,,,,,,,,,,0.030208186840932735,1,,,100.0,19.0,10^-3.41005,,,,,,0
1508657,2,1508657,Ruminiclostridium,"",bacteria,false,,,,,,,,,,,,,,,,0.030208186840932735,1,,,78.8,33.0,10^-7.0,,,,,[29362],0
29362,1,1508657,Ruminiclostridium papyrosolvens,"",bacteria,false,,,,,,,,,,,,,,,,0.030208186840932735,1,,,78.8,33.0,10^-7.0,,,,,,0
1506553,2,1506553,Lachnoclostridium,"",bacteria,false,,,,,,,,,,,,,,,,0.06041637368186547,2,,,82.65,25.0,10^-7.09685,,,,,"[81424, 29347]",0
81424,1,1506553,[Clostridium] methoxybenzovorans,"",bacteria,false,,,,,,,,,,,,,,,,0.030208186840932735,1,,,87.5,32.0,10^-11.0039,,,,,,0
29347,1,1506553,[Clostridium] scindens,"",bacteria,false,,,,,,,,,,,,,,,,0.030208186840932735,1,,,77.8,18.0,10^-3.18977,,,,,,0
1502711,2,1502711,Erythranthe,"",eukaryota,false,,,,0.06041637368186547,2,,,93.4495,99.5,10^-46.4369,,,,,,0.06041637368186547,2,,,96.95,32.5,10^-10.1288,,,,,[4155],0
4155,1,1502711,Erythranthe guttata,spotted monkey flower,eukaryota,false,,,,0.06041637368186547,2,,,93.4495,99.5,10^-46.4369,,,,,,0.06041637368186547,2,,,96.95,32.5,10^-10.1288,,,,,,0
1498195,2,1498195,Orocladosoma,"",eukaryota,false,,,,,,,,,,,,,,,,0.06041637368186547,2,,,100.0,20.0,10^-5.5391,,,,,[1498196],0
1498196,1,1498195,Orocladosoma kosciuskovagum,"",eukaryota,false,,,,,,,,,,,,,,,,0.06041637368186547,2,,,100.0,20.0,10^-5.5391,,,,,,0
1489015,2,1489015,Globia,"",eukaryota,false,,,,0.06041637368186547,2,,,91.961,38.0,10^-9.45796,,,,,,,,,,,,,,,,,[1660644],0
1660644,1,1489015,Globia sparganii,"",eukaryota,false,,,,0.06041637368186547,2,,,91.961,38.0,10^-9.45796,,,,,,,,,,,,,,,,,,0
1457096,2,1457096,Leptodirus,"",eukaryota,false,,,,0.12083274736373094,4,,,91.2637,48.75,10^-14.6772,,,,,,,,,,,,,,,,,[2996356],0
2996356,1,1457096,Leptodirus hochenwartii,"",eukaryota,false,,,,0.12083274736373094,4,,,91.2637,48.75,10^-14.6772,,,,,,,,,,,,,,,,,,0
1449912,2,1449912,Hartigia,"",bacteria,false,,,,,,,,,,,,,,,,0.06041637368186547,2,,,98.5,33.0,10^-11.8167,,,,,[1345115],0
1345115,1,1449912,Candidatus Hartigia pinicola,"",bacteria,false,,,,,,,,,,,,,,,,0.06041637368186547,2,,,98.5,33.0,10^-11.8167,,,,,,0
1448052,2,1448052,Globisporangium,"",eukaryota,false,,,,,,,,,,,,,,,,0.030208186840932735,1,,,73.5,34.0,10^-6.31158,,,,,[82926],0
82926,1,1448052,Globisporangium splendens,"",eukaryota,false,,,,,,,,,,,,,,,,0.030208186840932735,1,,,73.5,34.0,10^-6.31158,,,,,,0
1434011,2,1434011,Komagataeibacter,"",bacteria,false,,,,,,,,,,,,,,,,59.479919889796555,1969,,,78.9201,139.347,10^-68.1859,,,,,"[1177712, 265960, 65958, 28448]",0
1177712,1,1434011,Komagataeibacter medellinensis,"",bacteria,false,,,,,,,,,,,,,,,,0.3020818684093273,10,,,77.03,30.5,10^-7.32968,,,,,,0
265960,1,1434011,Komagataeibacter nataicola,"",bacteria,false,,,,,,,,,,,,,,,,0.5135391762958564,17,,,82.2529,30.7059,10^-8.40834,,,,,,0
65958,1,1434011,Komagataeibacter oboediens,"",bacteria,false,,,,,,,,,,,,,,,,0.0906245605227982,3,,,97.0,33.0,10^-15.2725,,,,,,0
28448,1,1434011,Komagataeibacter xylinus,"",bacteria,false,,,,,,,,,,,,,,,,58.57367428456857,1939,,,78.8642,141.327,10^-69.2708,,,,,,0
1431902,2,1431902,Brassicogethes,"",eukaryota,false,,,,0.4229146157730583,14,,,89.444,58.4286,10^-17.7348,,,,,,6.464551983959605,214,,,51.252,71.1361,10^-11.4334,,,,,[1431903],0
1431903,1,1431902,Brassicogethes aeneus,"",eukaryota,false,,,,0.4229146157730583,14,,,89.444,58.4286,10^-17.7348,,,,,,6.464551983959605,214,,,51.252,71.1361,10^-11.4334,,,,,,0
1431240,2,1431240,Paramycosphaerella,"",eukaryota,false,,,,0.030208186840932735,1,,,100.0,101.0,10^-56.3801,,,,,,,,,,,,,,,,,[112494],0
112494,1,1431240,Paramycosphaerella parkii,"",eukaryota,false,,,,0.030208186840932735,1,,,100.0,101.0,10^-56.3801,,,,,,,,,,,,,,,,,,0
1430964,2,1430964,Xylocampa,"",eukaryota,false,,,,0.21145730788652914,7,,,88.1184,56.4286,10^-16.2611,,,,,,,,,,,,,,,,,[1870430],0
1870430,1,1430964,Xylocampa areola,"",eukaryota,false,,,,0.21145730788652914,7,,,88.1184,56.4286,10^-16.2611,,,,,,,,,,,,,,,,,,0
1425627,2,1425627,Stylosomus,"",eukaryota,false,,,,,,,,,,,,,,,,0.030208186840932735,1,,,100.0,20.0,10^-3.0575,,,,,[2833743],0
2833743,1,1425627,Stylosomus tamarisci,"",eukaryota,false,,,,,,,,,,,,,,,,0.030208186840932735,1,,,100.0,20.0,10^-3.0575,,,,,,0
1396492,2,1396492,Fimicolochytrium,"",eukaryota,false,,,,0.030208186840932735,1,,,93.939,66.0,10^-27.0589,,,,,,,,,,,,,,,,,[1396493],0
1396493,1,1396492,Fimicolochytrium jonesii,"",eukaryota,false,,,,0.030208186840932735,1,,,93.939,66.0,10^-27.0589,,,,,,,,,,,,,,,,,,0
1392992,2,1392992,Anthracocystis,"",eukaryota,false,,,,0.21145730788652914,7,,,96.6006,61.5714,10^-19.7356,,,,,,,,,,,,,,,,,[249478],0
249478,1,1392992,Anthracocystis panici-leucophaei,"",eukaryota,false,,,,0.21145730788652914,7,,,96.6006,61.5714,10^-19.7356,,,,,,,,,,,,,,,,,,0
1383114,2,1383114,Oocyclus,"",eukaryota,false,,,,0.030208186840932735,1,,,84.946,93.0,10^-31.7132,,,,,,0.030208186840932735,1,,,95.5,22.0,10^-3.13371,,,,,[2055475],0
2055475,1,1383114,Oocyclus sp. INB014,"",eukaryota,false,,,,0.030208186840932735,1,,,84.946,93.0,10^-31.7132,,,,,,0.030208186840932735,1,,,95.5,22.0,10^-3.13371,,,,,,0
1368975,2,1368975,Calamotropha,"",eukaryota,false,,,,0.2718736815683946,9,,,90.7867,53.3333,10^-16.6506,,,,,,,,,,,,,,,,,[1371681],0
1371681,1,1368975,Calamotropha paludella,"",eukaryota,false,,,,0.2718736815683946,9,,,90.7867,53.3333,10^-16.6506,,,,,,,,,,,,,,,,,,0
1366102,2,1366102,Hyleoglomeris,"",eukaryota,false,,,,0.06041637368186547,2,,,89.13,92.0,10^-36.5212,,,,,,,,,,,,,,,,,[1366103],0
1366103,1,1366102,Hyleoglomeris sp. R077,"",eukaryota,false,,,,0.06041637368186547,2,,,89.13,92.0,10^-36.5212,,,,,,,,,,,,,,,,,,0
1356488,2,1356488,Rosenbergiella,"",bacteria,false,,,,0.24166549472746188,8,,,99.6019,93.875,10^-51.0135,,,,,,1.0572865394326456,35,,,99.0686,31.0571,10^-10.2626,,,,,"[2921185, 1898977, 1544695, 1544694, 988801]",0
2921185,1,1356488,Rosenbergiella metrosideri,"",bacteria,false,,,,,,,,,,,,,,,,0.030208186840932735,1,,,96.7,30.0,10^-9.76195,,,,,,0
1898977,1,1356488,Rosenbergiella sp.,"",bacteria,false,,,,0.15104093420466366,5,,,99.363,89.6,10^-47.7936,,,,,,,,,,,,,,,,,,0
1544695,1,1356488,Rosenbergiella collisarenosi,"",bacteria,false,,,,,,,,,,,,,,,,0.06041637368186547,2,,,93.75,26.5,10^-7.66931,,,,,,0
1544694,1,1356488,Rosenbergiella epipactidis,"",bacteria,false,,,,0.0906245605227982,3,,,100.0,101.0,10^-56.3801,,,,,,0.7854128578642511,26,,,99.3538,31.7308,10^-10.5048,,,,,,0
988801,1,1356488,Rosenbergiella nectarea,"",bacteria,false,,,,,,,,,,,,,,,,0.1812491210455964,6,,,100.0,29.8333,10^-10.1611,,,,,,0
1351751,2,1351751,Parastagonospora,"",eukaryota,false,,,,0.2718736815683946,9,,,98.1152,100.0,10^-53.106,,,,,,,,,,,,,,,,,"[1351752, 13684]",0
1351752,1,1351751,Parastagonospora avenae,"",eukaryota,false,,,,0.030208186840932735,1,,,98.958,96.0,10^-51.5988,,,,,,,,,,,,,,,,,,0
13684,1,1351751,Parastagonospora nodorum,"",eukaryota,false,,,,0.24166549472746188,8,,,98.0099,100.5,10^-53.2944,,,,,,,,,,,,,,,,,,0
1348508,2,1348508,Roseimicrobium,"",bacteria,false,,,,0.030208186840932735,1,,,80.851,47.0,10^-7.30694,,,,,,,,,,,,,,,,,[2711231],0
2711231,1,1348508,Roseimicrobium sp. ORNL1,"",bacteria,false,,,,0.030208186840932735,1,,,80.851,47.0,10^-7.30694,,,,,,,,,,,,,,,,,,0
1335483,2,1335483,Shimwellia,"",bacteria,false,,,,0.15104093420466366,5,,,98.0488,74.4,10^-37.1982,,,,,,1.2989520341601075,43,,,91.7342,113.139,10^-63.8947,,,,,[563],0
563,1,1335483,Shimwellia blattae,"",bacteria,false,,,,0.15104093420466366,5,,,98.0488,74.4,10^-37.1982,,,,,,1.2989520341601075,43,,,91.7342,113.139,10^-63.8947,,,,,,0
1330547,2,1330547,Kosakonia,"",bacteria,false,,,,0.21145730788652914,7,,,96.748,98.8571,10^-50.4104,,,,,,0.5739555499777219,19,,,98.9867,28.3333,10^-11.1393,,,,,"[2725560, 2202822, 2067958, 283686, 208223]",0
2725560,1,1330547,Kosakonia sp. SMBL-WEM22,"",bacteria,false,,,,0.06041637368186547,2,,,89.608,101.0,10^-41.9702,,,,,,,,,,,,,,,,,,0
2202822,1,1330547,Kosakonia sp. MH5,"",bacteria,false,,,,,,,,,,,,,,,,0.030208186840932735,1,,,90.9,33.0,10^-14.3391,,,,,,0
2067958,1,1330547,Kosakonia sp. MUSA4,"",bacteria,false,,,,0.030208186840932735,1,,,100.0,86.0,10^-46.1571,,,,,,0.5135391762958564,17,,,100.0,27.6154,10^-10.8993,,,,,,0
283686,1,1330547,Kosakonia radicincitans,"",bacteria,false,,,,0.030208186840932735,1,,,100.0,101.0,10^-56.3801,,,,,,,,,,,,,,,,,,0
208223,1,1330547,Kosakonia cowanii,"",bacteria,false,,,,0.0906245605227982,3,,,99.34,101.0,10^-55.4651,,,,,,0.030208186840932735,1,,,93.9,33.0,10^-11.06,,,,,,0
1330546,2,1330546,Pluralibacter,"",bacteria,false,,,,0.030208186840932735,1,,,95.0,100.0,10^-48.8363,,,,,,0.030208186840932735,1,,,100.0,33.0,10^-15.4647,,,,,"[1490864, 1334193]",0
1490864,1,1330546,uncultured Pluralibacter sp.,"",bacteria,false,,,,,,,,,,,,,,,,0.030208186840932735,1,,,100.0,33.0,10^-15.4647,,,,,,0
1334193,1,1330546,[Enterobacter] lignolyticus,"",bacteria,false,,,,0.030208186840932735,1,,,95.0,100.0,10^-48.8363,,,,,,,,,,,,,,,,,,0
1330545,2,1330545,Lelliottia,"",bacteria,false,,,,0.48333098945492375,16,,,99.1393,100.667,10^-54.9634,,,,,,,,,,,,,,,,,"[2153385, 1907578, 61646]",0
2153385,1,1330545,Lelliottia sp. WB101,"",bacteria,false,,,,0.3020818684093273,10,,,99.501,100.7,10^-55.4893,,,,,,,,,,,,,,,,,,0
1907578,1,1330545,Lelliottia jeotgali,"",bacteria,false,,,,0.0906245605227982,3,,,98.02,101.0,10^-53.6353,,,,,,,,,,,,,,,,,,0
61646,1,1330545,Lelliottia amnigena,"",bacteria,false,,,,0.0906245605227982,3,,,99.01,100.0,10^-54.3258,,,,,,,,,,,,,,,,,,0
1323399,2,1323399,Molorchus,"",eukaryota,false,,,,,,,,,,,,,,,,0.5437473631367892,18,,,73.8556,29.8333,10^-6.16287,,,,,[1323400],0
1323400,1,1323399,Molorchus minor,"",eukaryota,false,,,,,,,,,,,,,,,,0.5437473631367892,18,,,73.8556,29.8333,10^-6.16287,,,,,,0
1322061,2,1322061,Rhizoctonia,"",eukaryota,false,,,,0.2718736815683946,9,,,98.8536,86.1111,10^-44.7182,,,,,,0.33229005525026006,11,,,80.1091,31.4545,10^-6.67899,,,,,"[2047347, 1384213, 456999]",0
2047347,1,1322061,Rhizoctonia sp.,"",eukaryota,false,,,,0.06041637368186547,2,,,99.01,101.0,10^-55.0077,,,,,,,,,,,,,,,,,,0
1384213,1,1322061,Rhizoctonia sp. CAG-1,"",eukaryota,false,,,,0.06041637368186547,2,,,100.0,56.5,10^-26.0985,,,,,,,,,,,,,,,,,,0
456999,1,1322061,Rhizoctonia solani,"",eukaryota,false,,,,0.15104093420466366,5,,,98.3324,92.0,10^-48.0504,,,,,,0.33229005525026006,11,,,80.1091,31.4545,10^-6.67899,,,,,,0
1319578,2,1319578,Acrocalymma,"",eukaryota,false,,,,0.06041637368186547,2,,,100.0,100.5,10^-56.0391,,,,,,,,,,,,,,,,,[2499415],0
2499415,1,1319578,Acrocalymma pterocarpi,"",eukaryota,false,,,,0.06041637368186547,2,,,100.0,100.5,10^-56.0391,,,,,,,,,,,,,,,,,,0
1312873,2,1312873,Alphamesonivirus,"",viruses,false,,,,0.1812491210455964,6,,,99.505,100.167,10^-55.1257,,,,,,0.1812491210455964,6,,,99.5,32.6667,10^-13.3093,,,,,"[2606253, 1312874]",0
2606253,1,1312873,Odorna virus,"",viruses,false,,,,,,,,,,,,,,,,0.030208186840932735,1,,,100.0,33.0,10^-13.5045,,,,,,0
1312874,1,1312873,Alphamesonivirus 1,"",viruses,false,,,,0.1812491210455964,6,,,99.505,100.167,10^-55.1257,,,,,,0.15104093420466366,5,,,99.4,32.6,10^-13.2702,,,,,,0
1308858,2,1308858,Sigmavirus,"",viruses,false,,,,,,,,,,,,,,,,0.030208186840932735,1,,,63.6,33.0,10^-6.03339,,,,,[2844833],0
2844833,1,1308858,Sigmavirus hippoboscid,"",viruses,false,,,,,,,,,,,,,,,,0.030208186840932735,1,,,63.6,33.0,10^-6.03339,,,,,,0
1301281,2,1301281,Dufourea,"",eukaryota,false,,,,0.06041637368186547,2,,,89.011,91.0,10^-35.8398,,,,,,,,,,,,,,,,,[115814],0
115814,1,1301281,Dufourea flammea,"",eukaryota,false,,,,0.06041637368186547,2,,,89.011,91.0,10^-35.8398,,,,,,,,,,,,,,,,,,0
1299308,2,1299308,Quaranjavirus,"",viruses,false,,,,,,,,,,,,,,,,16.856168257240466,558,,,46.3278,399.146,10^-98.4427,,,,,"[2607739, 2607738, 2607737, 1608131]",0
2607739,1,1299308,Guadeloupe mosquito quaranja-like virus 3,"",viruses,false,,,,,,,,,,,,,,,,11.328070065349776,375,,,39.7754,467.49,10^-96.5073,,,,,,0
2607738,1,1299308,Guadeloupe mosquito quaranja-like virus 2,"",viruses,false,,,,,,,,,,,,,,,,0.06041637368186547,2,,,83.3,33.0,10^-11.1919,,,,,,0
2607737,1,1299308,Guadeloupe mosquito quaranja-like virus 1,"",viruses,false,,,,,,,,,,,,,,,,0.030208186840932735,1,,,88.9,27.0,10^-5.37675,,,,,,0
1608131,1,1299308,Wuhan Mosquito Virus 6,"",viruses,false,,,,,,,,,,,,,,,,5.437473631367892,180,,,59.6314,259.738,10^-104.128,,,,,,0
1297562,2,1297562,Phaseolibacter,"",bacteria,false,,,,0.2718736815683946,9,,,98.7771,91.8889,10^-48.6477,,,,,,,,,,,,,,,,,[86187],0
86187,1,1297562,Phaseolibacter flectens,"",bacteria,false,,,,0.2718736815683946,9,,,98.7771,91.8889,10^-48.6477,,,,,,,,,,,,,,,,,,0
1288022,2,1288022,Handroanthus,"",eukaryota,false,,,,,,,,,,,,,,,,0.030208186840932735,1,,,100.0,33.0,10^-11.5017,,,,,[429701],0
429701,1,1288022,Handroanthus impetiginosus,"",eukaryota,false,,,,,,,,,,,,,,,,0.030208186840932735,1,,,100.0,33.0,10^-11.5017,,,,,,0
1280450,2,1280450,Aproaerema,"",eukaryota,false,,,,0.0906245605227982,3,,,93.4903,41.3333,10^-12.1662,,,,,,,,,,,,,,,,,[2566309],0
2566309,1,1280450,Aproaerema taeniolella,"",eukaryota,false,,,,0.0906245605227982,3,,,93.4903,41.3333,10^-12.1662,,,,,,,,,,,,,,,,,,0
1279139,2,1279139,Cophinforma,"",eukaryota,false,,,,0.06041637368186547,2,,,99.505,101.0,10^-55.6939,,,,,,,,,,,,,,,,,[701433],0
701433,1,1279139,Cophinforma atrovirens,"",eukaryota,false,,,,0.06041637368186547,2,,,99.505,101.0,10^-55.6939,,,,,,,,,,,,,,,,,,0
1276926,2,1276926,Gonocerus,"",eukaryota,false,,,,0.06041637368186547,2,,,97.222,36.0,10^-10.8537,,,,,,,,,,,,,,,,,[1545138],0
1545138,1,1276926,Gonocerus acuteangulatus,"",eukaryota,false,,,,0.06041637368186547,2,,,97.222,36.0,10^-10.8537,,,,,,,,,,,,,,,,,,0
1274351,2,1274351,Kroppenstedtia,"",bacteria,false,,,,,,,,,,,,,,,,0.030208186840932735,1,,,72.7,33.0,10^-5.68194,,,,,[714067],0
714067,1,1274351,Kroppenstedtia eburnea,"",bacteria,false,,,,,,,,,,,,,,,,0.030208186840932735,1,,,72.7,33.0,10^-5.68194,,,,,,0
1272930,2,1272930,Cillibus,"",eukaryota,false,,,,,,,,,,,,,,,,0.030208186840932735,1,,,100.0,25.0,10^-6.71897,,,,,[2055358],0
2055358,1,1272930,Cillibus sp. CSR150,"",eukaryota,false,,,,,,,,,,,,,,,,0.030208186840932735,1,,,100.0,25.0,10^-6.71897,,,,,,0
1272746,2,1272746,Cryphaeus,"",eukaryota,false,,,,0.030208186840932735,1,,,86.139,101.0,10^-37.1669,,,,,,,,,,,,,,,,,[2055367],0
2055367,1,1272746,Cryphaeus sp. INB181,"",eukaryota,false,,,,0.030208186840932735,1,,,86.139,101.0,10^-37.1669,,,,,,,,,,,,,,,,,,0
1271741,2,1271741,Glyphotaelius,"",eukaryota,false,,,,0.2718736815683946,9,,,90.0897,55.6667,10^-17.9113,,,,,,,,,,,,,,,,,[1271742],0
1271742,1,1271741,Glyphotaelius pellucidus,"",eukaryota,false,,,,0.2718736815683946,9,,,90.0897,55.6667,10^-17.9113,,,,,,,,,,,,,,,,,,0
1263494,2,1263494,Lichenothelia,"",eukaryota,false,,,,0.06041637368186547,2,,,98.734,79.0,10^-40.0183,,,,,,,,,,,,,,,,,"[1709461, 1263496]",0
1709461,1,1263494,Lichenothelia arida,"",eukaryota,false,,,,0.030208186840932735,1,,,98.734,79.0,10^-40.0183,,,,,,,,,,,,,,,,,,0
1263496,1,1263494,Lichenothelia calcarea,"",eukaryota,false,,,,0.030208186840932735,1,,,98.734,79.0,10^-40.0183,,,,,,,,,,,,,,,,,,0
1262302,2,1262302,Heteromyza,"",eukaryota,false,,,,2.1145730788652912,70,,,86.8865,73.0571,10^-19.3547,,,,,,,,,,,,,,,,,[2867252],0
2867252,1,1262302,Heteromyza rotundicornis,"",eukaryota,false,,,,2.1145730788652912,70,,,86.8865,73.0571,10^-19.3547,,,,,,,,,,,,,,,,,,0
1261042,2,1261042,Exocentrus,"",eukaryota,false,,,,,,,,,,,,,,,,0.2718736815683946,9,,,78.6111,30.1111,10^-6.27254,,,,,[1586481],0
1586481,1,1261042,Exocentrus adspersus,"",eukaryota,false,,,,,,,,,,,,,,,,0.2718736815683946,9,,,78.6111,30.1111,10^-6.27254,,,,,,0
1260852,2,1260852,Pseudolycoriella,"",eukaryota,false,,,,,,,,,,,,,,,,1.5406175288875694,51,,,86.2784,30.6078,10^-8.57107,,,,,[35572],0
35572,1,1260852,Pseudolycoriella hygida,"",eukaryota,false,,,,,,,,,,,,,,,,1.5406175288875694,51,,,86.2784,30.6078,10^-8.57107,,,,,,0
1250642,2,1250642,Rhogogaster,"",eukaryota,false,,,,0.15104093420466366,5,,,87.7374,51.8,10^-14.4199,,,,,,,,,,,,,,,,,[1385029],0
1385029,1,1250642,Rhogogaster chlorosoma,"",eukaryota,false,,,,0.15104093420466366,5,,,87.7374,51.8,10^-14.4199,,,,,,,,,,,,,,,,,,0
1245386,2,1245386,Phagomyia,"",eukaryota,false,,,,6.102053741868413,202,,,92.5531,75.4487,10^-31.3077,,,,,,,,,,,,,,,,,[1245348],0
1245348,1,1245386,Phagomyia prominens,"",eukaryota,false,,,,6.102053741868413,202,,,92.5531,75.4487,10^-31.3077,,,,,,,,,,,,,,,,,,0
1243176,2,1243176,Amoeboaphelidium,"",eukaryota,false,,,,,,,,,,,,,,,,0.030208186840932735,1,,,81.3,32.0,10^-7.39794,,,,,[1243177],0
1243177,1,1243176,Amoeboaphelidium protococcarum,"",eukaryota,false,,,,,,,,,,,,,,,,0.030208186840932735,1,,,81.3,32.0,10^-7.39794,,,,,,0
1240886,2,1240886,Oculatella,"",bacteria,false,,,,,,,,,,,,,,,,0.030208186840932735,1,,,87.9,33.0,10^-11.1624,,,,,[2692845],0
2692845,1,1240886,Oculatella sp. FACHB-28,"",bacteria,false,,,,,,,,,,,,,,,,0.030208186840932735,1,,,87.9,33.0,10^-11.1624,,,,,,0
1232588,2,1232588,Saprochaete,"",eukaryota,false,,,,0.06041637368186547,2,,,95.0,40.0,10^-12.1803,,,,,,0.030208186840932735,1,,,72.7,33.0,10^-7.72584,,,,,"[2606893, 300272]",0
2606893,1,1232588,Saprochaete ingens,"",eukaryota,false,,,,,,,,,,,,,,,,0.030208186840932735,1,,,72.7,33.0,10^-7.72584,,,,,,0
300272,1,1232588,Saprochaete saccharophila,"",eukaryota,false,,,,0.06041637368186547,2,,,95.0,40.0,10^-12.1803,,,,,,,,,,,,,,,,,,0
1232029,2,1232029,Melanographia,"",eukaryota,false,,,,0.030208186840932735,1,,,93.333,45.0,10^-14.1877,,,,,,,,,,,,,,,,,[1232030],0
1232030,1,1232029,Melanographia flexilineata,"",eukaryota,false,,,,0.030208186840932735,1,,,93.333,45.0,10^-14.1877,,,,,,,,,,,,,,,,,,0
1227948,2,1227948,Sphingomicrobium,"",bacteria,false,,,,0.06041637368186547,2,,,97.03,101.0,10^-52.2629,,,,,,,,,,,,,,,,,[1582356],0
1582356,1,1227948,Sphingomicrobium aestuariivivum,"",bacteria,false,,,,0.06041637368186547,2,,,97.03,101.0,10^-52.2629,,,,,,,,,,,,,,,,,,0
1223423,2,1223423,Neokomagataea,"",bacteria,false,,,,3.8968561024803225,129,,,98.8655,97.4876,10^-52.5124,,,,,,0.33229005525026006,11,,,99.0727,30.8182,10^-11.3346,,,,,"[2826925, 1339179, 661191, 661190]",0
2826925,1,1223423,Neokomagataea anthophila,"",bacteria,false,,,,,,,,,,,,,,,,0.030208186840932735,1,,,100.0,28.0,10^-8.79588,,,,,,0
1339179,1,1223423,uncultured Neokomagataea sp.,"",bacteria,false,,,,,,,,,,,,,,,,0.0906245605227982,3,,,97.9333,32.0,10^-10.079,,,,,,0
661191,1,1223423,Neokomagataea tanensis,"",bacteria,false,,,,3.8968561024803225,129,,,98.8655,97.4876,10^-52.5124,,,,,,0.1812491210455964,6,,,99.3333,30.3333,10^-12.4539,,,,,,0
661190,1,1223423,Neokomagataea thailandica,"",bacteria,false,,,,,,,,,,,,,,,,0.030208186840932735,1,,,100.0,33.0,10^-10.9245,,,,,,0
1219203,2,1219203,Sicus,"",eukaryota,false,,,,2.6885286288430135,89,,,91.8678,67.0706,10^-17.584,,,,,,,,,,,,,,,,,[1219204],0
1219204,1,1219203,Sicus ferrugineus,"",eukaryota,false,,,,2.6885286288430135,89,,,91.8678,67.0706,10^-17.584,,,,,,,,,,,,,,,,,,0
1211036,2,1211036,Mangrovimonas,"",bacteria,false,,,,,,,,,,,,,,,,0.06041637368186547,2,,,69.2,26.0,10^-3.07058,,,,,[1197477],0
1197477,1,1211036,Mangrovimonas yunxiaonensis,"",bacteria,false,,,,,,,,,,,,,,,,0.06041637368186547,2,,,69.2,26.0,10^-3.07058,,,,,,0
1206353,2,1206353,Lizonia,"",eukaryota,false,,,,,,,,,,,,,,,,0.12083274736373094,4,,,92.275,30.5,10^-10.5994,,,,,[1496277],0
1496277,1,1206353,Lizonia empirigonia,"",eukaryota,false,,,,,,,,,,,,,,,,0.12083274736373094,4,,,92.275,30.5,10^-10.5994,,,,,,0
1193503,2,1193503,Gilliamella,"",bacteria,false,,,,,,,,,,,,,,,,0.15104093420466366,5,,,93.75,28.0,10^-8.4889,,,,,"[1970738, 1196095]",0
1970738,1,1193503,Gilliamella apis,"",bacteria,false,,,,,,,,,,,,,,,,0.12083274736373094,4,,,92.6667,26.3333,10^-6.69423,,,,,,0
1196095,1,1193503,Gilliamella apicola,"",bacteria,false,,,,,,,,,,,,,,,,0.030208186840932735,1,,,97.0,33.0,10^-13.8729,,,,,,0
1188227,2,1188227,Gloeomargarita,"",bacteria,false,,,,,,,,,,,,,,,,0.030208186840932735,1,,,87.9,33.0,10^-10.8761,,,,,[1188228],0
1188228,1,1188227,Gloeomargarita lithophora,"",bacteria,false,,,,,,,,,,,,,,,,0.030208186840932735,1,,,87.9,33.0,10^-10.8761,,,,,,0
1176129,2,1176129,Aulographum,"",eukaryota,false,,,,,,,,,,,,,,,,0.06041637368186547,2,,,90.9,33.0,10^-10.5157,,,,,[1176130],0
1176130,1,1176129,Aulographum hederae,"",eukaryota,false,,,,,,,,,,,,,,,,0.06041637368186547,2,,,90.9,33.0,10^-10.5157,,,,,,0
1168313,2,1168313,Tarenaya,"",eukaryota,false,,,,,,,,,,,,,,,,0.030208186840932735,1,,,53.1,32.0,10^-4.42481,,,,,[28532],0
28532,1,1168313,Tarenaya hassleriana,"",eukaryota,false,,,,,,,,,,,,,,,,0.030208186840932735,1,,,53.1,32.0,10^-4.42481,,,,,,0
1165076,2,1165076,Imtechella,"",bacteria,false,,,,0.030208186840932735,1,,,91.667,36.0,10^-8.10892,,,,,,,,,,,,,,,,,[1165090],0
1165090,1,1165076,Imtechella halotolerans,"",bacteria,false,,,,0.030208186840932735,1,,,91.667,36.0,10^-8.10892,,,,,,,,,,,,,,,,,,0
1159320,2,1159320,Belonocnema,"",eukaryota,false,,,,0.6645801105005201,22,,,87.203,90.3636,10^-19.845,,,,,,0.453122802613991,15,,,90.6933,30.7333,10^-9.08115,,,,,[2817044],0
2817044,1,1159320,Belonocnema kinseyi,"",eukaryota,false,,,,0.6645801105005201,22,,,87.203,90.3636,10^-19.845,,,,,,0.453122802613991,15,,,90.6933,30.7333,10^-9.08115,,,,,,0
1137960,2,1137960,Allokutzneria,"",bacteria,false,,,,,,,,,,,,,,,,0.030208186840932735,1,,,84.8,33.0,10^-10.1891,,,,,[211114],0
211114,1,1137960,Allokutzneria albata,"",bacteria,false,,,,,,,,,,,,,,,,0.030208186840932735,1,,,84.8,33.0,10^-10.1891,,,,,,0
1132856,2,1132856,Rasamsonia,"",eukaryota,false,,,,0.030208186840932735,1,,,92.105,38.0,10^-9.45781,,,,,,,,,,,,,,,,,[68825],0
68825,1,1132856,Rasamsonia emersonii,"",eukaryota,false,,,,0.030208186840932735,1,,,92.105,38.0,10^-9.45781,,,,,,,,,,,,,,,,,,0
1130052,2,1130052,Cirrosporium,"",eukaryota,false,,,,,,,,,,,,,,,,0.030208186840932735,1,,,82.1,28.0,10^-5.67162,,,,,[1130053],0
1130053,1,1130052,Cirrosporium novae-zelandiae,"",eukaryota,false,,,,,,,,,,,,,,,,0.030208186840932735,1,,,82.1,28.0,10^-5.67162,,,,,,0
1129544,2,1129544,Rhizophagus,"",eukaryota,false,,,,0.1812491210455964,6,,,91.8802,41.5,10^-11.3662,,,,,,13.805141386306259,457,,,63.6027,49.5038,10^-12.4756,,,,,"[588596, 94130]",0
588596,1,1129544,Rhizophagus irregularis,"",eukaryota,false,,,,0.1812491210455964,6,,,91.8802,41.5,10^-11.3662,,,,,,13.291602210010403,440,,,62.2622,49.5239,10^-11.86,,,,,,0
94130,1,1129544,Rhizophagus clarus,"",eukaryota,false,,,,,,,,,,,,,,,,0.5135391762958564,17,,,93.2508,49.0588,10^-26.0918,,,,,,0
1126249,2,1126249,Geranomyces,"",eukaryota,false,,,,,,,,,,,,,,,,0.030208186840932735,1,,,60.7,28.0,10^-3.42366,,,,,[109894],0
109894,1,1126249,Geranomyces variabilis,"",eukaryota,false,,,,,,,,,,,,,,,,0.030208186840932735,1,,,60.7,28.0,10^-3.42366,,,,,,0
1124675,2,1124675,Xylodon,"",eukaryota,false,,,,0.06041637368186547,2,,,96.52,100.5,10^-50.5496,,,,,,,,,,,,,,,,,"[1834402, 1765014]",0
1834402,1,1124675,Xylodon brevisetus,"",eukaryota,false,,,,0.030208186840932735,1,,,96.04,101.0,10^-50.8906,,,,,,,,,,,,,,,,,,0
1765014,1,1124675,Xylodon quercinus,"",eukaryota,false,,,,0.030208186840932735,1,,,97.0,100.0,10^-50.2087,,,,,,,,,,,,,,,,,,0
1118638,2,1118638,Chalcis,"",eukaryota,false,,,,0.15104093420466366,5,,,94.5992,41.0,10^-12.043,,,,,,,,,,,,,,,,,[1118640],0
1118640,1,1118638,Chalcis sispes,"",eukaryota,false,,,,0.15104093420466366,5,,,94.5992,41.0,10^-12.043,,,,,,,,,,,,,,,,,,0
1117308,2,1117308,Funneliformis,"",eukaryota,false,,,,,,,,,,,,,,,,0.030208186840932735,1,,,57.6,33.0,10^-5.19179,,,,,[1117311],0
1117311,1,1117308,Funneliformis geosporum,"",eukaryota,false,,,,,,,,,,,,,,,,0.030208186840932735,1,,,57.6,33.0,10^-5.19179,,,,,,0
1114981,2,1114981,Piscinibacter,"",bacteria,false,,,,,,,,,,,,,,,,0.030208186840932735,1,,,97.0,33.0,10^-12.6038,,,,,[946333],0
946333,1,1114981,Piscinibacter gummiphilus,"",bacteria,false,,,,,,,,,,,,,,,,0.030208186840932735,1,,,97.0,33.0,10^-12.6038,,,,,,0
1111949,2,1111949,Trametopsis,"",eukaryota,false,,,,,,,,,,,,,,,,0.06041637368186547,2,,,93.1,29.0,10^-9.37675,,,,,[1111950],0
1111950,1,1111949,Trametopsis cervina,"",eukaryota,false,,,,,,,,,,,,,,,,0.06041637368186547,2,,,93.1,29.0,10^-9.37675,,,,,,0
1111014,2,1111014,Mimosema,"",eukaryota,false,,,,,,,,,,,,,,,,0.030208186840932735,1,,,100.0,29.0,10^-9.55284,,,,,[2569259],0
2569259,1,1111014,Mimosema nr. sobrina gb_ID_19413,"",eukaryota,false,,,,,,,,,,,,,,,,0.030208186840932735,1,,,100.0,29.0,10^-9.55284,,,,,,0
1101165,2,1101165,Elegia,"",eukaryota,false,,,,0.21145730788652914,7,,,85.0941,54.5714,10^-14.2262,,,,,,,,,,,,,,,,,[1101167],0
1101167,1,1101165,Elegia similella,"",eukaryota,false,,,,0.21145730788652914,7,,,85.0941,54.5714,10^-14.2262,,,,,,,,,,,,,,,,,,0
1101109,2,1101109,Hypsopygia,"",eukaryota,false,,,,0.2718736815683946,9,,,90.4014,59.0,10^-18.22,,,,,,,,,,,,,,,,,[1101110],0
1101110,1,1101109,Hypsopygia costalis,"",eukaryota,false,,,,0.2718736815683946,9,,,90.4014,59.0,10^-18.22,,,,,,,,,,,,,,,,,,0
1101105,2,1101105,Griposia,"",eukaryota,false,,,,0.12083274736373094,4,,,86.1407,68.75,10^-22.0841,,,,,,,,,,,,,,,,,[1101106],0
1101106,1,1101105,Griposia aprilina,"",eukaryota,false,,,,0.12083274736373094,4,,,86.1407,68.75,10^-22.0841,,,,,,,,,,,,,,,,,,0
1101103,2,1101103,Euzophera,"",eukaryota,false,,,,0.21145730788652914,7,,,89.7814,51.2857,10^-15.3079,,,,,,,,,,,,,,,,,[1366396],0
1366396,1,1101103,Euzophera pinguis,"",eukaryota,false,,,,0.21145730788652914,7,,,89.7814,51.2857,10^-15.3079,,,,,,,,,,,,,,,,,,0
1101094,2,1101094,Endotricha,"",eukaryota,false,,,,0.030208186840932735,1,,,97.674,43.0,10^-15.5798,,,,,,,,,,,,,,,,,[1101095],0
1101095,1,1101094,Endotricha flammealis,"",eukaryota,false,,,,0.030208186840932735,1,,,97.674,43.0,10^-15.5798,,,,,,,,,,,,,,,,,,0
1101085,2,1101085,Athrips,"",eukaryota,false,,,,0.24166549472746188,8,,,88.7431,61.625,10^-19.8178,,,,,,,,,,,,,,,,,[1101086],0
1101086,1,1101085,Athrips mouffetella,"",eukaryota,false,,,,0.24166549472746188,8,,,88.7431,61.625,10^-19.8178,,,,,,,,,,,,,,,,,,0
1101079,2,1101079,Anarsia,"",eukaryota,false,,,,1.117702913114511,37,,,88.5197,119.27,10^-23.7781,,,,,,,,,,,,,,,,,[2566270],0
2566270,1,1101079,Anarsia innoxiella,"",eukaryota,false,,,,1.117702913114511,37,,,88.5197,119.27,10^-23.7781,,,,,,,,,,,,,,,,,,0
1101077,2,1101077,Teleiodes,"",eukaryota,false,,,,0.0906245605227982,3,,,91.1593,50.3333,10^-15.5152,,,,,,,,,,,,,,,,,[1101163],0
1101163,1,1101077,Teleiodes luculella,"",eukaryota,false,,,,0.0906245605227982,3,,,91.1593,50.3333,10^-15.5152,,,,,,,,,,,,,,,,,,0
1100891,2,1100891,Paenalcaligenes,"",bacteria,false,,,,,,,,,,,,,,,,1.6312420894103676,54,,,75.6045,31.5,10^-5.82139,,,,,[643674],0
643674,1,1100891,Paenalcaligenes hominis,"",bacteria,false,,,,,,,,,,,,,,,,1.6312420894103676,54,,,75.6045,31.5,10^-5.82139,,,,,,0
1093071,2,1093071,Phorcus,"",eukaryota,false,,,,0.3624982420911928,12,,,86.2576,44.75,10^-9.2225,,,,,,,,,,,,,,,,,[1620919],0
1620919,1,1093071,Phorcus lineatus,"",eukaryota,false,,,,0.3624982420911928,12,,,86.2576,44.75,10^-9.2225,,,,,,,,,,,,,,,,,,0
1082702,2,1082702,Lonsdalea,"",bacteria,false,,,,,,,,,,,,,,,,0.1812491210455964,6,,,93.3333,30.0,10^-9.71709,,,,,"[1172565, 71657]",0
1172565,1,1082702,Lonsdalea populi,"",bacteria,false,,,,,,,,,,,,,,,,0.0906245605227982,3,,,100.0,32.6667,10^-12.711,,,,,,0
71657,1,1082702,Lonsdalea quercina,"",bacteria,false,,,,,,,,,,,,,,,,0.0906245605227982,3,,,86.6667,27.3333,10^-6.72314,,,,,,0
1079922,2,1079922,Commensalibacter,"",bacteria,false,,,,,,,,,,,,,,,,0.39270642893212554,13,,,86.8,31.0,10^-9.80195,,,,,[2972786],0
2972786,1,1079922,Commensalibacter communis,"",bacteria,false,,,,,,,,,,,,,,,,0.39270642893212554,13,,,86.8,31.0,10^-9.80195,,,,,,0
1073645,2,1073645,Lecithocera,"",eukaryota,false,,,,0.06041637368186547,2,,,91.304,46.0,10^-13.492,,,,,,,,,,,,,,,,,[1178037],0
1178037,1,1073645,Lecithocera chersitis,"",eukaryota,false,,,,0.06041637368186547,2,,,91.304,46.0,10^-13.492,,,,,,,,,,,,,,,,,,0
1069494,2,1069494,Trueperella,"",bacteria,false,,,,0.030208186840932735,1,,,91.892,37.0,10^-8.78321,,,,,,,,,,,,,,,,,[2733571],0
2733571,1,1069494,Trueperella pecoris,"",bacteria,false,,,,0.030208186840932735,1,,,91.892,37.0,10^-8.78321,,,,,,,,,,,,,,,,,,0
1068926,2,1068926,Camptomyia,"",eukaryota,false,,,,0.06041637368186547,2,,,72.772,79.0,10^-11.886,,,,,,,,,,,,,,,,,[2338570],0
2338570,1,1068926,Camptomyia flavocinerea,"",eukaryota,false,,,,0.06041637368186547,2,,,72.772,79.0,10^-11.886,,,,,,,,,,,,,,,,,,0
1052105,2,1052105,Purpureocillium,"",eukaryota,false,,,,0.12083274736373094,4,,,88.3988,57.5,10^-17.1862,,,,,,,,,,,,,,,,,"[2060973, 33203]",0
2060973,1,1052105,Purpureocillium takamizusanense,"",eukaryota,false,,,,0.06041637368186547,2,,,90.476,42.0,10^-10.7867,,,,,,,,,,,,,,,,,,0
33203,1,1052105,Purpureocillium lilacinum,"",eukaryota,false,,,,0.06041637368186547,2,,,86.3215,73.0,10^-23.5856,,,,,,,,,,,,,,,,,,0
1047167,2,1047167,Zymoseptoria,"",eukaryota,false,,,,0.12083274736373094,4,,,100.0,100.5,10^-56.0391,,,,,,0.12083274736373094,4,,,100.0,32.0,10^-12.6434,,,,,[1047171],0
1047171,1,1047167,Zymoseptoria tritici,"",eukaryota,false,,,,0.12083274736373094,4,,,100.0,100.5,10^-56.0391,,,,,,0.12083274736373094,4,,,100.0,32.0,10^-12.6434,,,,,,0
1046901,2,1046901,Cyriopagopus,"",eukaryota,false,,,,,,,,,,,,,,,,0.030208186840932735,1,,,77.8,27.0,10^-5.23657,,,,,[29017],0
29017,1,1046901,Cyriopagopus schmidti,Chinese earth tiger,eukaryota,false,,,,,,,,,,,,,,,,0.030208186840932735,1,,,77.8,27.0,10^-5.23657,,,,,,0
1046314,2,1046314,Bimastos,"",eukaryota,false,,,,0.39270642893212554,13,,,92.3987,42.0769,10^-11.8994,,,,,,,,,,,,,,,,,[320977],0
320977,1,1046314,Bimastos eiseni,"",eukaryota,false,,,,0.39270642893212554,13,,,92.3987,42.0769,10^-11.8994,,,,,,,,,,,,,,,,,,0
1037661,2,1037661,Microthyrium,"",eukaryota,false,,,,,,,,,,,,,,,,0.030208186840932735,1,,,86.7,30.0,10^-10.699,,,,,[703497],0
703497,1,1037661,Microthyrium microscopicum,"",eukaryota,false,,,,,,,,,,,,,,,,0.030208186840932735,1,,,86.7,30.0,10^-10.699,,,,,,0
1036719,2,1036719,Verticillium,"",eukaryota,false,,,,0.06041637368186547,2,,,86.153,61.0,10^-18.206,,,,,,,,,,,,,,,,,[27337],0
27337,1,1036719,Verticillium dahliae,"",eukaryota,false,,,,0.06041637368186547,2,,,86.153,61.0,10^-18.206,,,,,,,,,,,,,,,,,,0
1017280,2,1017280,Pseudoflavonifractor,"",bacteria,false,,,,,,,,,,,,,,,,0.7552046710233183,25,,,91.9292,32.375,10^-14.3149,,,,,[106588],0
106588,1,1017280,Pseudoflavonifractor capillosus,"",bacteria,false,,,,,,,,,,,,,,,,0.7552046710233183,25,,,91.9292,32.375,10^-14.3149,,,,,,0
1007082,2,1007082,Nitrosarchaeum,"",archaea,false,,,,,,,,,,,,,,,,0.030208186840932735,1,,,54.8,31.0,10^-4.33161,,,,,[2026886],0
2026886,1,1007082,Nitrosarchaeum sp.,"",archaea,false,,,,,,,,,,,,,,,,0.030208186840932735,1,,,54.8,31.0,10^-4.33161,,,,,,0
1005038,2,1005038,Fimbriimonas,"",bacteria,false,,,,0.12083274736373094,4,,,91.667,60.0,10^-21.6108,,,,,,,,,,,,,,,,,[1005039],0
1005039,1,1005038,Fimbriimonas ginsengisoli,"",bacteria,false,,,,0.12083274736373094,4,,,91.667,60.0,10^-21.6108,,,,,,,,,,,,,,,,,,0
1003337,2,1003337,Angomonas,"",eukaryota,false,,,,0.06041637368186547,2,,,94.231,56.5,10^-21.9814,,,,,,0.06041637368186547,2,,,71.2,26.0,10^-4.66296,,,,,[59799],0
59799,1,1003337,Angomonas deanei,"",eukaryota,false,,,,0.06041637368186547,2,,,94.231,56.5,10^-21.9814,,,,,,0.06041637368186547,2,,,71.2,26.0,10^-4.66296,,,,,,0
1000446,2,1000446,Amyloporia,"",eukaryota,false,,,,0.06041637368186547,2,,,95.9645,61.5,10^-26.0655,,,,,,,,,,,,,,,,,[1333629],0
1333629,1,1000446,Amyloporia xantha,"",eukaryota,false,,,,0.06041637368186547,2,,,95.9645,61.5,10^-26.0655,,,,,,,,,,,,,,,,,,0
997550,2,997550,Mesoligia,"",eukaryota,false,,,,0.12083274736373094,4,,,92.0665,53.0,10^-16.8795,,,,,,,,,,,,,,,,,[997551],0
997551,1,997550,Mesoligia furuncula,"",eukaryota,false,,,,0.12083274736373094,4,,,92.0665,53.0,10^-16.8795,,,,,,,,,,,,,,,,,,0
989881,2,989881,Apomyelois,"",eukaryota,false,,,,0.030208186840932735,1,,,84.746,59.0,10^-15.4424,,,,,,,,,,,,,,,,,[1666458],0
1666458,1,989881,Apomyelois bistriatella,"",eukaryota,false,,,,0.030208186840932735,1,,,84.746,59.0,10^-15.4424,,,,,,,,,,,,,,,,,,0
988175,2,988175,Drymonia,"",eukaryota,false,,,,0.1812491210455964,6,,,93.5438,41.2,10^-11.8972,,,,,,,,,,,,,,,,,[988178],0
988178,1,988175,Drymonia ruficornis,"",eukaryota,false,,,,0.1812491210455964,6,,,93.5438,41.2,10^-11.8972,,,,,,,,,,,,,,,,,,0
988161,2,988161,Tiliacea,"",eukaryota,false,,,,0.06041637368186547,2,,,92.857,56.0,10^-20.2684,,,,,,,,,,,,,,,,,[988162],0
988162,1,988161,Tiliacea aurago,"",eukaryota,false,,,,0.06041637368186547,2,,,92.857,56.0,10^-20.2684,,,,,,,,,,,,,,,,,,0
988153,2,988153,Polyploca,"",eukaryota,false,,,,0.12083274736373094,4,,,87.5537,64.5,10^-19.21,,,,,,,,,,,,,,,,,[988154],0
988154,1,988153,Polyploca ridens,"",eukaryota,false,,,,0.12083274736373094,4,,,87.5537,64.5,10^-19.21,,,,,,,,,,,,,,,,,,0
988151,2,988151,Polymixis,"",eukaryota,false,,,,0.33229005525026006,11,,,91.6222,52.6364,10^-16.5126,,,,,,,,,,,,,,,,,"[1870252, 1870251]",0
1870252,1,988151,Polymixis lichenea,"",eukaryota,false,,,,0.21145730788652914,7,,,94.4394,43.4286,10^-13.9101,,,,,,,,,,,,,,,,,,0
1870251,1,988151,Polymixis flavicincta,"",eukaryota,false,,,,0.12083274736373094,4,,,86.692,68.75,10^-21.0669,,,,,,,,,,,,,,,,,,0
988123,2,988123,Hecatera,"",eukaryota,false,,,,0.12083274736373094,4,,,90.4932,46.75,10^-12.9779,,,,,,,,,,,,,,,,,[988125],0
988125,1,988123,Hecatera dysodea,"",eukaryota,false,,,,0.12083274736373094,4,,,90.4932,46.75,10^-12.9779,,,,,,,,,,,,,,,,,,0
988112,2,988112,Eugnorisma,"",eukaryota,false,,,,0.030208186840932735,1,,,88.136,59.0,10^-18.1872,,,,,,,,,,,,,,,,,[988114],0
988114,1,988112,Eugnorisma glareosa,"",eukaryota,false,,,,0.030208186840932735,1,,,88.136,59.0,10^-18.1872,,,,,,,,,,,,,,,,,,0
988105,2,988105,Dryobotodes,"",eukaryota,false,,,,0.5437473631367892,18,,,84.0522,135.444,10^-25.7613,,,,,,,,,,,,,,,,,[988106],0
988106,1,988105,Dryobotodes eremita,"",eukaryota,false,,,,0.5437473631367892,18,,,84.0522,135.444,10^-25.7613,,,,,,,,,,,,,,,,,,0
988088,2,988088,Cerastis,"",eukaryota,false,,,,0.030208186840932735,1,,,91.892,37.0,10^-8.78321,,,,,,,,,,,,,,,,,[988089],0
988089,1,988088,Cerastis rubricosa,"",eukaryota,false,,,,0.030208186840932735,1,,,91.892,37.0,10^-8.78321,,,,,,,,,,,,,,,,,,0
988080,2,988080,Brachylomia,"",eukaryota,false,,,,0.030208186840932735,1,,,88.462,52.0,10^-14.8111,,,,,,,,,,,,,,,,,[988081],0
988081,1,988080,Brachylomia viminalis,"",eukaryota,false,,,,0.030208186840932735,1,,,88.462,52.0,10^-14.8111,,,,,,,,,,,,,,,,,,0
988070,2,988070,Atethmia,"",eukaryota,false,,,,0.24166549472746188,8,,,89.3825,76.375,10^-15.8912,,,,,,,,,,,,,,,,,[988071],0
988071,1,988070,Atethmia centrago,"",eukaryota,false,,,,0.24166549472746188,8,,,89.3825,76.375,10^-15.8912,,,,,,,,,,,,,,,,,,0
988068,2,988068,Asteroscopus,"",eukaryota,false,,,,0.06041637368186547,2,,,96.2945,51.0,10^-19.6282,,,,,,,,,,,,,,,,,[988069],0
988069,1,988068,Asteroscopus sphinx,"",eukaryota,false,,,,0.06041637368186547,2,,,96.2945,51.0,10^-19.6282,,,,,,,,,,,,,,,,,,0
988063,2,988063,Aporophyla,"",eukaryota,false,,,,0.1812491210455964,6,,,92.2297,48.1667,10^-14.744,,,,,,,,,,,,,,,,,"[1337163, 988065]",0
1337163,1,988063,Aporophyla lueneburgensis,"",eukaryota,false,,,,0.030208186840932735,1,,,91.892,37.0,10^-8.78321,,,,,,,,,,,,,,,,,,0
988065,1,988063,Aporophyla nigra,"",eukaryota,false,,,,0.15104093420466366,5,,,92.2972,50.4,10^-15.9361,,,,,,,,,,,,,,,,,,0
988061,2,988061,Antitype,"",eukaryota,false,,,,0.030208186840932735,1,,,94.444,36.0,10^-9.48129,,,,,,,,,,,,,,,,,[988062],0
988062,1,988061,Antitype chi,"",eukaryota,false,,,,0.030208186840932735,1,,,94.444,36.0,10^-9.48129,,,,,,,,,,,,,,,,,,0
988059,2,988059,Anorthoa,"",eukaryota,false,,,,0.06041637368186547,2,,,89.2775,55.5,10^-15.1545,,,,,,,,,,,,,,,,,[988060],0
988060,1,988059,Anorthoa munda,"",eukaryota,false,,,,0.06041637368186547,2,,,89.2775,55.5,10^-15.1545,,,,,,,,,,,,,,,,,,0
988055,2,988055,Allophyes,"",eukaryota,false,,,,4.1385215972077845,137,,,85.7197,88.9549,10^-14.6099,,,,,,,,,,,,,,,,,[988056],0
988056,1,988055,Allophyes oxyacanthae,"",eukaryota,false,,,,4.1385215972077845,137,,,85.7197,88.9549,10^-14.6099,,,,,,,,,,,,,,,,,,0
987474,2,987474,Charanyca,"",eukaryota,false,,,,0.2718736815683946,9,,,96.8593,44.4444,10^-15.6522,,,,,,,,,,,,,,,,,[987475],0
987475,1,987474,Charanyca ferruginea,"",eukaryota,false,,,,0.2718736815683946,9,,,96.8593,44.4444,10^-15.6522,,,,,,,,,,,,,,,,,,0
987465,2,987465,Shargacucullia,"",eukaryota,false,,,,0.1812491210455964,6,,,93.0763,52.0,10^-16.8992,,,,,,,,,,,,,,,,,[987469],0
987469,1,987465,Shargacucullia verbasci,"",eukaryota,false,,,,0.1812491210455964,6,,,93.0763,52.0,10^-16.8992,,,,,,,,,,,,,,,,,,0
987457,2,987457,Fissipunctia,"",eukaryota,false,,,,0.24166549472746188,8,,,92.0596,62.375,10^-22.3863,,,,,,,,,,,,,,,,,[987458],0
987458,1,987457,Fissipunctia ypsillon,"",eukaryota,false,,,,0.24166549472746188,8,,,92.0596,62.375,10^-22.3863,,,,,,,,,,,,,,,,,,0
987450,2,987450,Thalpophila,"",eukaryota,false,,,,0.2718736815683946,9,,,91.5739,56.25,10^-18.9224,,,,,,,,,,,,,,,,,[987451],0
987451,1,987450,Thalpophila matura,"",eukaryota,false,,,,0.2718736815683946,9,,,91.5739,56.25,10^-18.9224,,,,,,,,,,,,,,,,,,0
987448,2,987448,Ptilodon,"",eukaryota,false,,,,0.1812491210455964,6,,,95.7603,42.6667,10^-13.9876,,,,,,,,,,,,,,,,,[987449],0
987449,1,987448,Ptilodon capucinus,"",eukaryota,false,,,,0.1812491210455964,6,,,95.7603,42.6667,10^-13.9876,,,,,,,,,,,,,,,,,,0
946290,2,946290,Tholera,"",eukaryota,false,,,,0.48333098945492375,16,,,89.2714,76.75,10^-15.3683,,,,,,,,,,,,,,,,,[988041],0
988041,1,946290,Tholera decimalis,"",eukaryota,false,,,,0.48333098945492375,16,,,89.2714,76.75,10^-15.3683,,,,,,,,,,,,,,,,,,0
941096,2,941096,Trilocha,"",eukaryota,false,,,,0.21145730788652914,7,,,88.7013,54.5714,10^-15.5922,,,,,,,,,,,,,,,,,[941097],0
941097,1,941096,Trilocha varians,"",eukaryota,false,,,,0.21145730788652914,7,,,88.7013,54.5714,10^-15.5922,,,,,,,,,,,,,,,,,,0
938237,2,938237,Laspeyria,"",eukaryota,false,,,,0.3624982420911928,12,,,97.872,47.0,10^-11.3947,,,,,,,,,,,,,,,,,[938238],0
938238,1,938237,Laspeyria flexula,"",eukaryota,false,,,,0.3624982420911928,12,,,97.872,47.0,10^-11.3947,,,,,,,,,,,,,,,,,,0
938225,2,938225,Craniophora,"",eukaryota,false,,,,0.030208186840932735,1,,,92.105,38.0,10^-9.45781,,,,,,,,,,,,,,,,,[938226],0
938226,1,938225,Craniophora ligustri,"",eukaryota,false,,,,0.030208186840932735,1,,,92.105,38.0,10^-9.45781,,,,,,,,,,,,,,,,,,0
934944,2,934944,Lampropteryx,"",eukaryota,false,,,,0.030208186840932735,1,,,87.129,101.0,10^-38.5392,,,,,,,,,,,,,,,,,[934945],0
934945,1,934944,Lampropteryx suffumata,"",eukaryota,false,,,,0.030208186840932735,1,,,87.129,101.0,10^-38.5392,,,,,,,,,,,,,,,,,,0
934941,2,934941,Hemistola,"",eukaryota,false,,,,0.39270642893212554,13,,,94.8561,46.9231,10^-15.9336,,,,,,,,,,,,,,,,,[934942],0
934942,1,934941,Hemistola chrysoprasaria,"",eukaryota,false,,,,0.39270642893212554,13,,,94.8561,46.9231,10^-15.9336,,,,,,,,,,,,,,,,,,0
934935,2,934935,Electrophaes,"",eukaryota,false,,,,0.0906245605227982,3,,,89.6053,56.6667,10^-18.44,,,,,,,,,,,,,,,,,[934936],0
934936,1,934935,Electrophaes corylata,"",eukaryota,false,,,,0.0906245605227982,3,,,89.6053,56.6667,10^-18.44,,,,,,,,,,,,,,,,,,0
934928,2,934928,Colostygia,"",eukaryota,false,,,,0.0906245605227982,3,,,90.1717,44.3333,10^-11.9076,,,,,,,,,,,,,,,,,[934931],0
934931,1,934928,Colostygia pectinataria,"",eukaryota,false,,,,0.0906245605227982,3,,,90.1717,44.3333,10^-11.9076,,,,,,,,,,,,,,,,,,0
934924,2,934924,Chesias,"",eukaryota,false,,,,0.030208186840932735,1,,,91.667,36.0,10^-8.10892,,,,,,,,,,,,,,,,,[934925],0
934925,1,934924,Chesias legatella,"",eukaryota,false,,,,0.030208186840932735,1,,,91.667,36.0,10^-8.10892,,,,,,,,,,,,,,,,,,0
934916,2,934916,Aplocera,"",eukaryota,false,,,,0.12083274736373094,4,,,83.0348,63.25,10^-16.2874,,,,,,,,,,,,,,,,,[934917],0
934917,1,934916,Aplocera efformata,"",eukaryota,false,,,,0.12083274736373094,4,,,83.0348,63.25,10^-16.2874,,,,,,,,,,,,,,,,,,0
934914,2,934914,Apeira,"",eukaryota,false,,,,0.6041637368186547,20,,,82.0627,155.722,10^-26.3404,,,,,,,,,,,,,,,,,[934915],0
934915,1,934914,Apeira syringaria,"",eukaryota,false,,,,0.6041637368186547,20,,,82.0627,155.722,10^-26.3404,,,,,,,,,,,,,,,,,,0
934907,2,934907,Camptogramma,"",eukaryota,false,,,,0.0906245605227982,3,,,90.548,64.3333,10^-21.3815,,,,,,,,,,,,,,,,,[934908],0
934908,1,934907,Camptogramma bilineatum,"",eukaryota,false,,,,0.0906245605227982,3,,,90.548,64.3333,10^-21.3815,,,,,,,,,,,,,,,,,,0
931517,2,931517,Microchrysa,"",eukaryota,false,,,,0.8760374183870493,29,,,90.2648,68.9655,10^-25.0781,,,,,,,,,,,,,,,,,[931518],0
931518,1,931517,Microchrysa polita,"",eukaryota,false,,,,0.8760374183870493,29,,,90.2648,68.9655,10^-25.0781,,,,,,,,,,,,,,,,,,0
929812,2,929812,Gibbsiella,"",bacteria,false,,,,0.030208186840932735,1,,,97.03,101.0,10^-52.2629,,,,,,0.030208186840932735,1,,,100.0,32.0,10^-14.4776,,,,,[929813],0
929813,1,929812,Gibbsiella quercinecans,"",bacteria,false,,,,0.030208186840932735,1,,,97.03,101.0,10^-52.2629,,,,,,0.030208186840932735,1,,,100.0,32.0,10^-14.4776,,,,,,0
929260,2,929260,Saigusaia,"",eukaryota,false,,,,,,,,,,,,,,,,0.030208186840932735,1,,,97.0,33.0,10^-13.1656,,,,,[929261],0
929261,1,929260,Saigusaia flaviventris,"",eukaryota,false,,,,,,,,,,,,,,,,0.030208186840932735,1,,,97.0,33.0,10^-13.1656,,,,,,0
909656,2,909656,Phocaeicola,"",bacteria,false,,,,,,,,,,,,,,,,0.0906245605227982,3,,,72.7333,33.0,10^-6.83017,,,,,[310297],0
310297,1,909656,Phocaeicola plebeius,"",bacteria,false,,,,,,,,,,,,,,,,0.0906245605227982,3,,,72.7333,33.0,10^-6.83017,,,,,,0
908825,2,908825,Punctulariopsis,"",eukaryota,false,,,,0.06041637368186547,2,,,98.876,89.0,10^-46.8284,,,,,,,,,,,,,,,,,[2804870],0
2804870,1,908825,Punctulariopsis sp. YX-2020a,"",eukaryota,false,,,,0.06041637368186547,2,,,98.876,89.0,10^-46.8284,,,,,,,,,,,,,,,,,,0
907364,2,907364,Phytohabitans,"",bacteria,false,,,,0.030208186840932735,1,,,97.98,99.0,10^-52.2716,,,,,,,,,,,,,,,,,[1076124],0
1076124,1,907364,Phytohabitans flavus,"",bacteria,false,,,,0.030208186840932735,1,,,97.98,99.0,10^-52.2716,,,,,,,,,,,,,,,,,,0
907197,2,907197,Psychrosphaera,"",bacteria,false,,,,0.030208186840932735,1,,,77.108,83.0,10^-18.0389,,,,,,0.15104093420466366,5,,,87.46,30.8,10^-7.91051,,,,,"[1266052, 716813]",0
1266052,1,907197,Psychrosphaera aestuarii,"",bacteria,false,,,,0.030208186840932735,1,,,77.108,83.0,10^-18.0389,,,,,,,,,,,,,,,,,,0
716813,1,907197,Psychrosphaera saromensis,"",bacteria,false,,,,,,,,,,,,,,,,0.15104093420466366,5,,,87.46,30.8,10^-7.91051,,,,,,0
904113,2,904113,Lypha,"",eukaryota,false,,,,0.24166549472746188,8,,,83.74,123.0,10^-20.6904,,,,,,,,,,,,,,,,,[1776473],0
1776473,1,904113,Lypha dubia,"",eukaryota,false,,,,0.24166549472746188,8,,,83.74,123.0,10^-20.6904,,,,,,,,,,,,,,,,,,0
903465,2,903465,Propsilocerus,"",eukaryota,false,,,,0.030208186840932735,1,,,89.691,97.0,10^-39.9292,,,,,,,,,,,,,,,,,[903466],0
903466,1,903465,Propsilocerus akamusi,"",eukaryota,false,,,,0.030208186840932735,1,,,89.691,97.0,10^-39.9292,,,,,,,,,,,,,,,,,,0
882791,2,882791,Luperina,"",eukaryota,false,,,,0.3020818684093273,10,,,93.9916,43.8,10^-13.6603,,,,,,,,,,,,,,,,,[988174],0
988174,1,882791,Luperina testacea,"",eukaryota,false,,,,0.3020818684093273,10,,,93.9916,43.8,10^-13.6603,,,,,,,,,,,,,,,,,,0
880756,2,880756,Fistulifera,"",eukaryota,false,,,,0.39270642893212554,13,,,89.5608,52.9231,10^-15.9728,,,,,,,,,,,,,,,,,[1519565],0
1519565,1,880756,Fistulifera solaris,"",eukaryota,false,,,,0.39270642893212554,13,,,89.5608,52.9231,10^-15.9728,,,,,,,,,,,,,,,,,,0
877559,2,877559,Thecamonas,"",eukaryota,false,,,,0.030208186840932735,1,,,89.474,38.0,10^-8.08544,,,,,,,,,,,,,,,,,[529818],0
529818,1,877559,Thecamonas trahens,"",eukaryota,false,,,,0.030208186840932735,1,,,89.474,38.0,10^-8.08544,,,,,,,,,,,,,,,,,,0
875923,2,875923,Hoplodrina,"",eukaryota,false,,,,0.06041637368186547,2,,,92.2065,38.5,10^-9.79527,,,,,,,,,,,,,,,,,[875924],0
875924,1,875923,Hoplodrina ambigua,"",eukaryota,false,,,,0.06041637368186547,2,,,92.2065,38.5,10^-9.79527,,,,,,,,,,,,,,,,,,0
873511,2,873511,Philereme,"",eukaryota,false,,,,0.06041637368186547,2,,,92.105,38.0,10^-9.45781,,,,,,,,,,,,,,,,,[934888],0
934888,1,873511,Philereme vetulata,"",eukaryota,false,,,,0.06041637368186547,2,,,92.105,38.0,10^-9.45781,,,,,,,,,,,,,,,,,,0
869562,2,869562,Thitarodes,"",eukaryota,false,,,,,,,,,,,,,,,,0.030208186840932735,1,,,96.0,25.0,10^-6.7167,,,,,[507567],0
507567,1,869562,Thitarodes pui,"",eukaryota,false,,,,,,,,,,,,,,,,0.030208186840932735,1,,,96.0,25.0,10^-6.7167,,,,,,0
868094,2,868094,Alitta,"",eukaryota,false,,,,0.5135391762958564,17,,,90.9241,43.0,10^-11.5504,,,,,,,,,,,,,,,,,[880429],0
880429,1,868094,Alitta virens,"",eukaryota,false,,,,0.5135391762958564,17,,,90.9241,43.0,10^-11.5504,,,,,,,,,,,,,,,,,,0
861914,2,861914,Fibrella,"",bacteria,false,,,,0.06041637368186547,2,,,98.515,101.0,10^-54.3215,,,,,,,,,,,,,,,,,"[1834519, 651143]",0
1834519,1,861914,Fibrella sp. ES10-3-2-2,"",bacteria,false,,,,0.030208186840932735,1,,,98.02,101.0,10^-53.6353,,,,,,,,,,,,,,,,,,0
651143,1,861914,Fibrella aestuarina,"",bacteria,false,,,,0.030208186840932735,1,,,99.01,101.0,10^-55.0077,,,,,,,,,,,,,,,,,,0
797146,2,797146,Laxotela,"",eukaryota,false,,,,,,,,,,,,,,,,0.3020818684093273,10,,,92.683,82.0,10^-48.1681,,,,,[797147],0
797147,1,797146,Laxotela hauseri,"",eukaryota,false,,,,,,,,,,,,,,,,0.3020818684093273,10,,,92.683,82.0,10^-48.1681,,,,,,0
796315,2,796315,Protocreopsis,"",eukaryota,false,,,,0.030208186840932735,1,,,98.02,101.0,10^-53.6353,,,,,,,,,,,,,,,,,[3003060],0
3003060,1,796315,Protocreopsis finnmarkica,"",eukaryota,false,,,,0.030208186840932735,1,,,98.02,101.0,10^-53.6353,,,,,,,,,,,,,,,,,,0
768650,2,768650,Thermosporothrix,"",bacteria,false,,,,0.06041637368186547,2,,,91.4295,90.5,10^-38.2468,,,,,,,,,,,,,,,,,[2490863],0
2490863,1,768650,Thermosporothrix sp. COM3,"",bacteria,false,,,,0.06041637368186547,2,,,91.4295,90.5,10^-38.2468,,,,,,,,,,,,,,,,,,0
766053,2,766053,Microcyclospora,"",eukaryota,false,,,,0.030208186840932735,1,,,100.0,101.0,10^-56.3801,,,,,,,,,,,,,,,,,[907523],0
907523,1,766053,Microcyclospora quercina,"",eukaryota,false,,,,0.030208186840932735,1,,,100.0,101.0,10^-56.3801,,,,,,,,,,,,,,,,,,0
756023,2,756023,Xylogone,"",eukaryota,false,,,,,,,,,,,,,,,,0.030208186840932735,1,,,100.0,33.0,10^-13.9872,,,,,[2614602],0
2614602,1,756023,Xylogone sp. PMI_703,"",eukaryota,false,,,,,,,,,,,,,,,,0.030208186840932735,1,,,100.0,33.0,10^-13.9872,,,,,,0
753482,2,753482,Achlya,"",eukaryota,false,,,,0.0906245605227982,3,,,90.123,81.0,10^-31.7732,,,,,,,,,,,,,,,,,[753485],0
753485,1,753482,Achlya flavicornis,"",eukaryota,false,,,,0.0906245605227982,3,,,90.123,81.0,10^-31.7732,,,,,,,,,,,,,,,,,,0
753440,2,753440,Trisateles,"",eukaryota,false,,,,2.477071320956484,82,,,92.6954,56.1375,10^-11.1205,,,,,,,,,,,,,,,,,[753441],0
753441,1,753440,Trisateles emortualis,"",eukaryota,false,,,,2.477071320956484,82,,,92.6954,56.1375,10^-11.1205,,,,,,,,,,,,,,,,,,0
753424,2,753424,Stenoptilia,"",eukaryota,false,,,,0.12083274736373094,4,,,86.7578,84.25,10^-29.5316,,,,,,,,,,,,,,,,,[1660692],0
1660692,1,753424,Stenoptilia bipunctidactyla,"",eukaryota,false,,,,0.12083274736373094,4,,,86.7578,84.25,10^-29.5316,,,,,,,,,,,,,,,,,,0
753416,2,753416,Pseudoips,"",eukaryota,false,,,,0.12083274736373094,4,,,90.3175,66.0,10^-22.964,,,,,,,,,,,,,,,,,[2758353],0
2758353,1,753416,Pseudoips prasinana,"",eukaryota,false,,,,0.12083274736373094,4,,,90.3175,66.0,10^-22.964,,,,,,,,,,,,,,,,,,0
753374,2,753374,Nematopogon,"",eukaryota,false,,,,0.453122802613991,15,,,91.3283,53.2667,10^-16.7869,,,,,,,,,,,,,,,,,[753375],0
753375,1,753374,Nematopogon swammerdamellus,"",eukaryota,false,,,,0.453122802613991,15,,,91.3283,53.2667,10^-16.7869,,,,,,,,,,,,,,,,,,0
753370,2,753370,Musotima,"",eukaryota,false,,,,0.33229005525026006,11,,,92.9359,52.8182,10^-17.8787,,,,,,,,,,,,,,,,,[753371],0
753371,1,753370,Musotima nitidalis,"",eukaryota,false,,,,0.33229005525026006,11,,,92.9359,52.8182,10^-17.8787,,,,,,,,,,,,,,,,,,0
749880,2,749880,Stagonosporopsis,"",eukaryota,false,,,,0.0906245605227982,3,,,96.0123,98.3333,10^-49.0724,,,,,,,,,,,,,,,,,"[2802321, 2606854]",0
2802321,1,749880,Stagonosporopsis rhizophila,"",eukaryota,false,,,,0.06041637368186547,2,,,98.969,97.0,10^-52.2805,,,,,,,,,,,,,,,,,,0
2606854,1,749880,Stagonosporopsis vannaccii,"",eukaryota,false,,,,0.030208186840932735,1,,,90.099,101.0,10^-42.6564,,,,,,,,,,,,,,,,,,0
722672,2,722672,Hylaea,"",eukaryota,false,,,,0.030208186840932735,1,,,87.059,85.0,10^-30.3799,,,,,,,,,,,,,,,,,[722673],0
722673,1,722672,Hylaea fasciaria,"",eukaryota,false,,,,0.030208186840932735,1,,,87.059,85.0,10^-30.3799,,,,,,,,,,,,,,,,,,0
721912,2,721912,Xanthia,"",eukaryota,false,,,,0.1812491210455964,6,,,94.037,44.2,10^-13.9306,,,,,,,,,,,,,,,,,[987434],0
987434,1,721912,Xanthia icteritia,"",eukaryota,false,,,,0.1812491210455964,6,,,94.037,44.2,10^-13.9306,,,,,,,,,,,,,,,,,,0
721905,2,721905,Lycophotia,"",eukaryota,false,,,,0.0906245605227982,3,,,93.5187,36.0,10^-9.02384,,,,,,,,,,,,,,,,,[987975],0
987975,1,721905,Lycophotia porphyrea,"",eukaryota,false,,,,0.0906245605227982,3,,,93.5187,36.0,10^-9.02384,,,,,,,,,,,,,,,,,,0
721172,2,721172,Tetheella,"",eukaryota,false,,,,0.5135391762958564,17,,,87.5818,50.5882,10^-13.4525,,,,,,,,,,,,,,,,,[721173],0
721173,1,721172,Tetheella fluctuosa,"",eukaryota,false,,,,0.5135391762958564,17,,,87.5818,50.5882,10^-13.4525,,,,,,,,,,,,,,,,,,0
721164,2,721164,Watsonalla,"",eukaryota,false,,,,0.030208186840932735,1,,,91.892,37.0,10^-8.78321,,,,,,,,,,,,,,,,,[721165],0
721165,1,721164,Watsonalla binaria,"",eukaryota,false,,,,0.030208186840932735,1,,,91.892,37.0,10^-8.78321,,,,,,,,,,,,,,,,,,0
721162,2,721162,Thyatira,"",eukaryota,false,,,,0.21145730788652914,7,,,94.7167,37.8571,10^-10.7338,,,,,,,,,,,,,,,,,[721163],0
721163,1,721162,Thyatira batis,"",eukaryota,false,,,,0.21145730788652914,7,,,94.7167,37.8571,10^-10.7338,,,,,,,,,,,,,,,,,,0
721155,2,721155,Ochropacha,"",eukaryota,false,,,,0.15104093420466366,5,,,90.622,66.8,10^-24.0618,,,,,,,,,,,,,,,,,[721156],0
721156,1,721155,Ochropacha duplaris,"",eukaryota,false,,,,0.15104093420466366,5,,,90.622,66.8,10^-24.0618,,,,,,,,,,,,,,,,,,0
721131,2,721131,Neoflabelliforma,"",eukaryota,false,,,,0.06041637368186547,2,,,91.045,67.0,10^-24.9938,,,,,,,,,,,,,,,,,[2995657],0
2995657,1,721131,Neoflabelliforma dubium,"",eukaryota,false,,,,0.06041637368186547,2,,,91.045,67.0,10^-24.9938,,,,,,,,,,,,,,,,,,0
710235,2,710235,Nylanderia,"",eukaryota,false,,,,0.24166549472746188,8,,,88.7111,67.25,10^-21.583,,,,,,0.12083274736373094,4,,,89.525,27.5,10^-5.42972,,,,,[613905],0
613905,1,710235,Nylanderia fulva,"",eukaryota,false,,,,0.24166549472746188,8,,,88.7111,67.25,10^-21.583,,,,,,0.12083274736373094,4,,,89.525,27.5,10^-5.42972,,,,,,0
708062,2,708062,Protodeltote,"",eukaryota,false,,,,0.030208186840932735,1,,,92.857,42.0,10^-12.1591,,,,,,,,,,,,,,,,,[708063],0
708063,1,708062,Protodeltote pygarga,"",eukaryota,false,,,,0.030208186840932735,1,,,92.857,42.0,10^-12.1591,,,,,,,,,,,,,,,,,,0
705937,2,705937,Herminia,"",eukaryota,false,,,,0.15104093420466366,5,,,87.35,52.4,10^-12.3595,,,,,,,,,,,,,,,,,[987440],0
987440,1,705937,Herminia tarsipennalis,"",eukaryota,false,,,,0.15104093420466366,5,,,87.35,52.4,10^-12.3595,,,,,,,,,,,,,,,,,,0
705904,2,705904,Symbiopsis,"",eukaryota,false,,,,,,,,,,,,,,,,0.030208186840932735,1,,,100.0,25.0,10^-3.50031,,,,,[2820621],0
2820621,1,705904,Symbiopsis strenua,"",eukaryota,false,,,,,,,,,,,,,,,,0.030208186840932735,1,,,100.0,25.0,10^-3.50031,,,,,,0
705903,2,705903,Strephonota,"",eukaryota,false,,,,0.030208186840932735,1,,,82.927,82.0,10^-24.2199,,,,,,,,,,,,,,,,,[2820618],0
2820618,1,705903,Strephonota elika,"",eukaryota,false,,,,0.030208186840932735,1,,,82.927,82.0,10^-24.2199,,,,,,,,,,,,,,,,,,0
705900,2,705900,Salazaria,"",eukaryota,false,,,,0.030208186840932735,1,,,90.0,40.0,10^-9.43554,,,,,,,,,,,,,,,,,[2820615],0
2820615,1,705900,Salazaria sala,"",eukaryota,false,,,,0.030208186840932735,1,,,90.0,40.0,10^-9.43554,,,,,,,,,,,,,,,,,,0
705887,2,705887,Nicolaea,"",eukaryota,false,,,,,,,,,,,,,,,,0.030208186840932735,1,,,100.0,32.0,10^-13.5735,,,,,[2820598],0
2820598,1,705887,Nicolaea cupa,"",eukaryota,false,,,,,,,,,,,,,,,,0.030208186840932735,1,,,100.0,32.0,10^-13.5735,,,,,,0
705872,2,705872,Iaspis,"",eukaryota,false,,,,,,,,,,,,,,,,0.030208186840932735,1,,,97.0,33.0,10^-10.4248,,,,,[2820579],0
2820579,1,705872,Iaspis temesa,"",eukaryota,false,,,,,,,,,,,,,,,,0.030208186840932735,1,,,97.0,33.0,10^-10.4248,,,,,,0
705869,2,705869,Exorbaetta,"",eukaryota,false,,,,,,,,,,,,,,,,0.030208186840932735,1,,,100.0,24.0,10^-7.97881,,,,,[2820575],0
2820575,1,705869,Exorbaetta metanira,"",eukaryota,false,,,,,,,,,,,,,,,,0.030208186840932735,1,,,100.0,24.0,10^-7.97881,,,,,,0
705864,2,705864,Dicya,"",eukaryota,false,,,,0.030208186840932735,1,,,87.5,48.0,10^-12.1011,,,,,,,,,,,,,,,,,[2820567],0
2820567,1,705864,Dicya iambe,"",eukaryota,false,,,,0.030208186840932735,1,,,87.5,48.0,10^-12.1011,,,,,,,,,,,,,,,,,,0
705859,2,705859,Celmia,"",eukaryota,false,,,,,,,,,,,,,,,,0.030208186840932735,1,,,97.0,33.0,10^-11.9586,,,,,[1107578],0
1107578,1,705859,Celmia celmus,"",eukaryota,false,,,,,,,,,,,,,,,,0.030208186840932735,1,,,97.0,33.0,10^-11.9586,,,,,,0
705851,2,705851,Atlides,"",eukaryota,false,,,,,,,,,,,,,,,,0.030208186840932735,1,,,97.0,33.0,10^-9.25104,,,,,[2752843],0
2752843,1,705851,Atlides halesus,"",eukaryota,false,,,,,,,,,,,,,,,,0.030208186840932735,1,,,97.0,33.0,10^-9.25104,,,,,,0
705835,2,705835,Theritas,"",eukaryota,false,,,,,,,,,,,,,,,,0.06041637368186547,2,,,97.85,23.5,10^-7.97304,,,,,[2820631],0
2820631,1,705835,Theritas triquetra,"",eukaryota,false,,,,,,,,,,,,,,,,0.06041637368186547,2,,,97.85,23.5,10^-7.97304,,,,,,0
705787,2,705787,Michaelus,"",eukaryota,false,,,,0.06041637368186547,2,,,92.3025,39.0,10^-10.1329,,,,,,,,,,,,,,,,,[2820596],0
2820596,1,705787,Michaelus ira,"",eukaryota,false,,,,0.06041637368186547,2,,,92.3025,39.0,10^-10.1329,,,,,,,,,,,,,,,,,,0
705561,2,705561,Polychaeton,"",eukaryota,false,,,,,,,,,,,,,,,,0.030208186840932735,1,,,87.9,33.0,10^-7.8041,,,,,[705562],0
705562,1,705561,Polychaeton citri,"",eukaryota,false,,,,,,,,,,,,,,,,0.030208186840932735,1,,,87.9,33.0,10^-7.8041,,,,,,0
704767,2,704767,Krananda,"",eukaryota,false,,,,,,,,,,,,,,,,0.030208186840932735,1,,,100.0,27.0,10^-7.39577,,,,,[1430585],0
1430585,1,704767,Krananda semihyalina,"",eukaryota,false,,,,,,,,,,,,,,,,0.030208186840932735,1,,,100.0,27.0,10^-7.39577,,,,,,0
704699,2,704699,Crocallis,"",eukaryota,false,,,,0.12083274736373094,4,,,92.4033,44.5,10^-12.8246,,,,,,,,,,,,,,,,,[934829],0
934829,1,704699,Crocallis elinguaria,"",eukaryota,false,,,,0.12083274736373094,4,,,92.4033,44.5,10^-12.8246,,,,,,,,,,,,,,,,,,0
704279,2,704279,Acrotomia,"",eukaryota,false,,,,,,,,,,,,,,,,0.030208186840932735,1,,,100.0,29.0,10^-9.54363,,,,,[2568658],0
2568658,1,704279,Acrotomia mucia,"",eukaryota,false,,,,,,,,,,,,,,,,0.030208186840932735,1,,,100.0,29.0,10^-9.54363,,,,,,0
704093,2,704093,Anaerobacillus,"",bacteria,false,,,,,,,,,,,,,,,,0.06041637368186547,2,,,81.8,33.0,10^-10.9031,,,,,[472963],0
472963,1,704093,Anaerobacillus alkalidiazotrophicus,"",bacteria,false,,,,,,,,,,,,,,,,0.06041637368186547,2,,,81.8,33.0,10^-10.9031,,,,,,0
703505,2,703505,Patellaria,"",eukaryota,false,,,,,,,,,,,,,,,,0.030208186840932735,1,,,96.9,32.0,10^-13.4134,,,,,[703506],0
703506,1,703505,Patellaria atrata,"",eukaryota,false,,,,,,,,,,,,,,,,0.030208186840932735,1,,,96.9,32.0,10^-13.4134,,,,,,0
702716,2,702716,Tuta,"",eukaryota,false,,,,0.06041637368186547,2,,,83.784,74.0,10^-21.5197,,,,,,0.21145730788652914,7,,,87.9143,31.1429,10^-9.65114,,,,,[702717],0
702717,1,702716,Tuta absoluta,"",eukaryota,false,,,,0.06041637368186547,2,,,83.784,74.0,10^-21.5197,,,,,,0.21145730788652914,7,,,87.9143,31.1429,10^-9.65114,,,,,,0
700450,2,700450,Siphonobacter,"",bacteria,false,,,,0.06041637368186547,2,,,99.505,101.0,10^-55.6939,,,,,,,,,,,,,,,,,[1869184],0
1869184,1,700450,Siphonobacter sp.,"",bacteria,false,,,,0.06041637368186547,2,,,99.505,101.0,10^-55.6939,,,,,,,,,,,,,,,,,,0
699166,2,699166,Citrivirus,"",viruses,false,,,,0.6041637368186547,20,,,96.9675,39.45,10^-12.9072,,,,,,,,,,,,,,,,,[129141],0
129141,1,699166,Citrus leaf blotch virus,"",viruses,false,,,,0.6041637368186547,20,,,96.9675,39.45,10^-12.9072,,,,,,,,,,,,,,,,,,0
697331,2,697331,Basfia,"",bacteria,false,,,,,,,,,,,,,,,,0.5739555499777219,19,,,91.1576,115.421,10^-71.0409,,,,,[157673],0
157673,1,697331,[Mannheimia] succiniciproducens,"",bacteria,false,,,,,,,,,,,,,,,,0.5739555499777219,19,,,91.1576,115.421,10^-71.0409,,,,,,0
697304,2,697304,Paramacrobiotus,"",eukaryota,false,,,,0.030208186840932735,1,,,86.207,58.0,10^-16.136,,,,,,0.06041637368186547,2,,,74.2,31.0,10^-8.11407,,,,,[2943436],0
2943436,1,697304,Paramacrobiotus metropolitanus,"",eukaryota,false,,,,0.030208186840932735,1,,,86.207,58.0,10^-16.136,,,,,,0.06041637368186547,2,,,74.2,31.0,10^-8.11407,,,,,,0
695183,2,695183,Spilarctia,"",eukaryota,false,,,,0.0906245605227982,3,,,89.5927,47.0,10^-12.7998,,,,,,,,,,,,,,,,,[875881],0
875881,1,695183,Spilarctia lutea,"",eukaryota,false,,,,0.0906245605227982,3,,,89.5927,47.0,10^-12.7998,,,,,,,,,,,,,,,,,,0
695181,2,695181,Diaphora,"",eukaryota,false,,,,0.12083274736373094,4,,,87.9423,76.0,10^-25.9753,,,,,,,,,,,,,,,,,[987922],0
987922,1,695181,Diaphora mendica,"",eukaryota,false,,,,0.12083274736373094,4,,,87.9423,76.0,10^-25.9753,,,,,,,,,,,,,,,,,,0
695099,2,695099,Callimorpha,"",eukaryota,false,,,,0.1812491210455964,6,,,90.3417,54.3333,10^-17.5514,,,,,,,,,,,,,,,,,[938182],0
938182,1,695099,Callimorpha dominula,"",eukaryota,false,,,,0.1812491210455964,6,,,90.3417,54.3333,10^-17.5514,,,,,,,,,,,,,,,,,,0
694848,2,694848,Cybosia,"",eukaryota,false,,,,0.24166549472746188,8,,,89.2832,64.75,10^-22.0933,,,,,,,,,,,,,,,,,[987918],0
987918,1,694848,Cybosia mesomella,"",eukaryota,false,,,,0.24166549472746188,8,,,89.2832,64.75,10^-22.0933,,,,,,,,,,,,,,,,,,0
694657,2,694657,Miltochrista,"",eukaryota,false,,,,0.1812491210455964,6,,,88.5348,67.8333,10^-21.247,,,,,,,,,,,,,,,,,[987980],0
987980,1,694657,Miltochrista miniata,"",eukaryota,false,,,,0.1812491210455964,6,,,88.5348,67.8333,10^-21.247,,,,,,,,,,,,,,,,,,0
694646,2,694646,Thumatha,"",eukaryota,false,,,,0.21145730788652914,7,,,91.3559,57.8571,10^-18.627,,,,,,,,,,,,,,,,,[997290],0
997290,1,694646,Thumatha senex,"",eukaryota,false,,,,0.21145730788652914,7,,,91.3559,57.8571,10^-18.627,,,,,,,,,,,,,,,,,,0
694002,2,694002,Betacoronavirus,"",viruses,false,,,,0.06041637368186547,2,,,97.295,37.0,10^-11.5281,,,,,,,,,,,,,,,,,[694009],1
694009,1,694002,Severe acute respiratory syndrome-related coronavirus,"",viruses,false,,,,0.06041637368186547,2,,,97.295,37.0,10^-11.5281,,,,,,,,,,,,,,,,,,1
692034,2,692034,Ligdia,"",eukaryota,false,,,,0.5437473631367892,18,,,92.5781,58.8333,10^-13.3685,,,,,,,,,,,,,,,,,[934875],0
934875,1,692034,Ligdia adustata,"",eukaryota,false,,,,0.5437473631367892,18,,,92.5781,58.8333,10^-13.3685,,,,,,,,,,,,,,,,,,0
691882,2,691882,Fonticula,"",eukaryota,false,,,,0.030208186840932735,1,,,86.139,101.0,10^-37.1669,,,,,,,,,,,,,,,,,[691883],0
691883,1,691882,Fonticula alba,"",eukaryota,false,,,,0.030208186840932735,1,,,86.139,101.0,10^-37.1669,,,,,,,,,,,,,,,,,,0
691684,2,691684,Zelleria,"",eukaryota,false,,,,0.21145730788652914,7,,,88.8154,60.5714,10^-18.4875,,,,,,,,,,,,,,,,,[1594360],0
1594360,1,691684,Zelleria hepariella,"",eukaryota,false,,,,0.21145730788652914,7,,,88.8154,60.5714,10^-18.4875,,,,,,,,,,,,,,,,,,0
689302,2,689302,Agrochola,"",eukaryota,false,,,,1.2083274736373093,40,,,88.5677,65.9744,10^-15.3299,,,,,,,,,,,,,,,,,"[987872, 987870, 987869, 987866]",0
987872,1,689302,Agrochola macilenta,"",eukaryota,false,,,,0.15104093420466366,5,,,83.7175,56.25,10^-13.6001,,,,,,,,,,,,,,,,,,0
987870,1,689302,Agrochola lota,"",eukaryota,false,,,,0.48333098945492375,16,,,85.6486,83.4375,10^-14.6799,,,,,,,,,,,,,,,,,,0
987869,1,689302,Agrochola litura,"",eukaryota,false,,,,0.48333098945492375,16,,,93.5949,50.0625,10^-15.8421,,,,,,,,,,,,,,,,,,0
987866,1,689302,Agrochola circellaris,"",eukaryota,false,,,,0.0906245605227982,3,,,83.7917,70.6667,10^-18.3709,,,,,,,,,,,,,,,,,,0
689300,2,689300,Petrophora,"",eukaryota,false,,,,0.15104093420466366,5,,,88.0294,45.6,10^-10.4867,,,,,,,,,,,,,,,,,[875879],0
875879,1,689300,Petrophora chlorosata,"",eukaryota,false,,,,0.15104093420466366,5,,,88.0294,45.6,10^-10.4867,,,,,,,,,,,,,,,,,,0
689152,2,689152,Anticlea,"",eukaryota,false,,,,0.030208186840932735,1,,,93.182,44.0,10^-13.5113,,,,,,,,,,,,,,,,,[934824],0
934824,1,689152,Anticlea derivata,"",eukaryota,false,,,,0.030208186840932735,1,,,93.182,44.0,10^-13.5113,,,,,,,,,,,,,,,,,,0
688988,2,688988,Esperia,"",eukaryota,false,,,,0.12083274736373094,4,,,90.664,43.75,10^-11.633,,,,,,,,,,,,,,,,,[2870497],0
2870497,1,688988,Esperia sulphurella,"",eukaryota,false,,,,0.12083274736373094,4,,,90.664,43.75,10^-11.633,,,,,,,,,,,,,,,,,,0
688980,2,688980,Metalampra,"",eukaryota,false,,,,0.15104093420466366,5,,,85.9702,72.4,10^-23.1896,,,,,,,,,,,,,,,,,[1101017],0
1101017,1,688980,Metalampra italica,"",eukaryota,false,,,,0.15104093420466366,5,,,85.9702,72.4,10^-23.1896,,,,,,,,,,,,,,,,,,0
688414,2,688414,Leucoma,"",eukaryota,false,,,,0.06041637368186547,2,,,88.611,50.5,10^-12.4408,,,,,,,,,,,,,,,,,[688415],0
688415,1,688414,Leucoma salicis,"",eukaryota,false,,,,0.06041637368186547,2,,,88.611,50.5,10^-12.4408,,,,,,,,,,,,,,,,,,0
688395,2,688395,Amphipoea,"",eukaryota,false,,,,0.030208186840932735,1,,,92.857,42.0,10^-12.1591,,,,,,,,,,,,,,,,,[987876],0
987876,1,688395,Amphipoea oculea,"",eukaryota,false,,,,0.030208186840932735,1,,,92.857,42.0,10^-12.1591,,,,,,,,,,,,,,,,,,0
688353,2,688353,Lichtheimia,"",eukaryota,false,,,,,,,,,,,,,,,,0.030208186840932735,1,,,77.4,31.0,10^-7.95468,,,,,[42458],1
42458,1,688353,Lichtheimia corymbifera,"",eukaryota,false,,,,,,,,,,,,,,,,0.030208186840932735,1,,,77.4,31.0,10^-7.95468,,,,,,1
687520,2,687520,Nymphula,"",eukaryota,false,,,,0.453122802613991,15,,,84.498,88.0667,10^-12.626,,,,,,,,,,,,,,,,,[1594316],0
1594316,1,687520,Nymphula nitidulata,"",eukaryota,false,,,,0.453122802613991,15,,,84.498,88.0667,10^-12.626,,,,,,,,,,,,,,,,,,0
687492,2,687492,Elophila,"",eukaryota,false,,,,0.9364537920689148,31,,,91.0701,60.6452,10^-13.4669,,,,,,,,,,,,,,,,,[753177],0
753177,1,687492,Elophila nymphaeata,"",eukaryota,false,,,,0.9364537920689148,31,,,91.0701,60.6452,10^-13.4669,,,,,,,,,,,,,,,,,,0
687315,2,687315,Carpatolechia,"",eukaryota,false,,,,0.3020818684093273,10,,,91.771,45.8,10^-13.0905,,,,,,,,,,,,,,,,,[687316],0
687316,1,687315,Carpatolechia fugitivella,"",eukaryota,false,,,,0.3020818684093273,10,,,91.771,45.8,10^-13.0905,,,,,,,,,,,,,,,,,,0
687147,2,687147,Ypsolopha,"",eukaryota,false,,,,1.3291602210010403,44,,,82.2553,98.1136,10^-11.9211,,,,,,,,,,,,,,,,,"[1870436, 1870435]",0
1870436,1,687147,Ypsolopha sequella,"",eukaryota,false,,,,1.2083274736373093,40,,,81.6643,101.875,10^-11.2602,,,,,,,,,,,,,,,,,,0
1870435,1,687147,Ypsolopha scabrella,"",eukaryota,false,,,,0.12083274736373094,4,,,88.1655,60.5,10^-18.5307,,,,,,,,,,,,,,,,,,0
687130,2,687130,Scrobipalpa,"",eukaryota,false,,,,0.15104093420466366,5,,,89.964,57.4,10^-18.498,,,,,,,,,,,,,,,,,[1858070],0
1858070,1,687130,Scrobipalpa costella,"",eukaryota,false,,,,0.15104093420466366,5,,,89.964,57.4,10^-18.498,,,,,,,,,,,,,,,,,,0
687121,2,687121,Pyralis,"",eukaryota,false,,,,0.21145730788652914,7,,,90.638,57.5714,10^-18.4061,,,,,,,,,,,,,,,,,[687122],0
687122,1,687121,Pyralis farinalis,"",eukaryota,false,,,,0.21145730788652914,7,,,90.638,57.5714,10^-18.4061,,,,,,,,,,,,,,,,,,0
687116,2,687116,Parapoynx,"",eukaryota,false,,,,0.2718736815683946,9,,,87.4449,48.0,10^-11.5216,,,,,,,,,,,,,,,,,[1594321],0
1594321,1,687116,Parapoynx stratiotata,"",eukaryota,false,,,,0.2718736815683946,9,,,87.4449,48.0,10^-11.5216,,,,,,,,,,,,,,,,,,0
687097,2,687097,Horisme,"",eukaryota,false,,,,0.1812491210455964,6,,,90.2984,58.8,10^-19.7014,,,,,,,,,,,,,,,,,[934869],0
934869,1,687097,Horisme vitalbata,"",eukaryota,false,,,,0.1812491210455964,6,,,90.2984,58.8,10^-19.7014,,,,,,,,,,,,,,,,,,0
687068,2,687068,Acrobasis,"",eukaryota,false,,,,0.24166549472746188,8,,,86.6039,74.125,10^-24.1862,,,,,,,,,,,,,,,,,[1857951],0
1857951,1,687068,Acrobasis suavella,"",eukaryota,false,,,,0.24166549472746188,8,,,86.6039,74.125,10^-24.1862,,,,,,,,,,,,,,,,,,0
687066,2,687066,Crambus,"",eukaryota,false,,,,0.33229005525026006,11,,,93.1251,48.7273,10^-16.2191,,,,,,,,,,,,,,,,,[1100958],0
1100958,1,687066,Crambus lathoniellus,"",eukaryota,false,,,,0.33229005525026006,11,,,93.1251,48.7273,10^-16.2191,,,,,,,,,,,,,,,,,,0
685950,2,685950,Fervidicoccus,"",archaea,false,,,,,,,,,,,,,,,,0.06041637368186547,2,,,67.9,28.0,10^-3.95861,,,,,[683846],0
683846,1,685950,Fervidicoccus fontis,"",archaea,false,,,,,,,,,,,,,,,,0.06041637368186547,2,,,67.9,28.0,10^-3.95861,,,,,,0
685409,2,685409,Monopis,"",eukaryota,false,,,,0.1812491210455964,6,,,92.4615,43.8333,10^-12.7203,,,,,,,,,,,,,,,,,[691988],0
691988,1,685409,Monopis laevigella,"",eukaryota,false,,,,0.1812491210455964,6,,,92.4615,43.8333,10^-12.7203,,,,,,,,,,,,,,,,,,0
685405,2,685405,Eurois,"",eukaryota,false,,,,0.21145730788652914,7,,,91.5046,49.8571,10^-15.5436,,,,,,,,,,,,,,,,,[987425],0
987425,1,685405,Eurois occulta,"",eukaryota,false,,,,0.21145730788652914,7,,,91.5046,49.8571,10^-15.5436,,,,,,,,,,,,,,,,,,0
680682,2,680682,Amyelois,"",eukaryota,false,,,,0.21145730788652914,7,,,90.4006,74.4286,10^-17.2922,,,,,,0.030208186840932735,1,,,72.7,33.0,10^-7.53313,,,,,[680683],0
680683,1,680682,Amyelois transitella,"",eukaryota,false,,,,0.21145730788652914,7,,,90.4006,74.4286,10^-17.2922,,,,,,0.030208186840932735,1,,,72.7,33.0,10^-7.53313,,,,,,0
679598,2,679598,Hansfordia,"",eukaryota,false,,,,0.06041637368186547,2,,,100.0,101.0,10^-56.3801,,,,,,,,,,,,,,,,,[767359],0
767359,1,679598,Hansfordia pulvinata,"",eukaryota,false,,,,0.06041637368186547,2,,,100.0,101.0,10^-56.3801,,,,,,,,,,,,,,,,,,0
673534,2,673534,Plantactinospora,"",bacteria,false,,,,0.24166549472746188,8,,,83.4573,48.75,10^-9.52921,,,,,,,,,,,,,,,,,[2108470],0
2108470,1,673534,Plantactinospora sp. BC1,"",bacteria,false,,,,0.24166549472746188,8,,,83.4573,48.75,10^-9.52921,,,,,,,,,,,,,,,,,,0
670600,2,670600,Bellardia,"",eukaryota,false,,,,0.6343719236595874,21,,,89.4769,80.3333,10^-18.1031,,,,,,,,,,,,,,,,,"[2881606, 2795671]",0
2881606,1,670600,Bellardia bayeri,"",eukaryota,false,,,,0.5739555499777219,19,,,89.2651,83.8421,10^-18.5172,,,,,,,,,,,,,,,,,,0
2795671,1,670600,Bellardia pandia,"",eukaryota,false,,,,0.06041637368186547,2,,,91.489,47.0,10^-14.1688,,,,,,,,,,,,,,,,,,0
670516,2,670516,Mycobacteroides,"",bacteria,false,,,,0.24166549472746188,8,,,86.3923,36.75,10^-5.8699,,,,,,0.453122802613991,15,,,93.2769,31.4615,10^-10.9334,,,,,[36809],1
36809,1,670516,Mycobacteroides abscessus,"",bacteria,false,,,,0.24166549472746188,8,,,86.3923,36.75,10^-5.8699,,,,,,0.453122802613991,15,,,93.2769,31.4615,10^-10.9334,,,,,,1
663591,2,663591,Hannaella,"",eukaryota,false,,,,0.48333098945492375,16,,,98.0591,96.9375,10^-51.2954,,,,,,,,,,,,,,,,,"[1902912, 1499259, 4983, 4979]",0
1902912,1,663591,Hannaella sp.,"",eukaryota,false,,,,0.06041637368186547,2,,,100.0,101.0,10^-56.3801,,,,,,,,,,,,,,,,,,0
1499259,1,663591,Hannaella phyllophila,"",eukaryota,false,,,,0.06041637368186547,2,,,99.5,100.5,10^-55.3529,,,,,,,,,,,,,,,,,,0
4983,1,663591,Hannaella sinensis,"",eukaryota,false,,,,0.1812491210455964,6,,,99.6667,100.333,10^-55.468,,,,,,,,,,,,,,,,,,0
4979,1,663591,Hannaella oryzae,"",eukaryota,false,,,,0.1812491210455964,6,,,95.3243,91.0,10^-44.0755,,,,,,,,,,,,,,,,,,0
655692,2,655692,Blastobasis,"",eukaryota,false,,,,1.6312420894103676,54,,,94.7051,44.0385,10^-12.3094,,,,,,,,,,,,,,,,,"[2561016, 1869501]",0
2561016,1,655692,Blastobasis lacticolella,"",eukaryota,false,,,,1.3291602210010403,44,,,96.775,37.2381,10^-11.3641,,,,,,,,,,,,,,,,,,0
1869501,1,655692,Blastobasis adustella,"",eukaryota,false,,,,0.3020818684093273,10,,,86.0118,72.6,10^-16.2797,,,,,,,,,,,,,,,,,,0
655184,2,655184,Candidatus Thioglobus,"",bacteria,false,,,,,,,,,,,,,,,,0.6947882973414529,23,,,47.7013,84.6522,10^-16.0585,,,,,[655186],0
655186,1,655184,uncultured Candidatus Thioglobus sp.,"",bacteria,false,,,,,,,,,,,,,,,,0.6947882973414529,23,,,47.7013,84.6522,10^-16.0585,,,,,,0
655084,2,655084,Zeuzera,"",eukaryota,false,,,,0.12083274736373094,4,,,87.4743,65.0,10^-19.8881,,,,,,,,,,,,,,,,,[1101072],0
1101072,1,655084,Zeuzera pyrina,"",eukaryota,false,,,,0.12083274736373094,4,,,87.4743,65.0,10^-19.8881,,,,,,,,,,,,,,,,,,0
653104,2,653104,Derxomyces,"",eukaryota,false,,,,0.06041637368186547,2,,,100.0,100.5,10^-56.0391,,,,,,,,,,,,,,,,,[511229],0
511229,1,653104,Derxomyces qinlingensis,"",eukaryota,false,,,,0.06041637368186547,2,,,100.0,100.5,10^-56.0391,,,,,,,,,,,,,,,,,,0
649822,2,649822,Arumecla,"",eukaryota,false,,,,,,,,,,,,,,,,0.030208186840932735,1,,,100.0,33.0,10^-10.7011,,,,,[1674383],0
1674383,1,649822,Arumecla galliena,red-based groundstreak,eukaryota,false,,,,,,,,,,,,,,,,0.030208186840932735,1,,,100.0,33.0,10^-10.7011,,,,,,0
637852,2,637852,Gongylonema,"",eukaryota,false,,,,,,,,,,,,,,,,0.0906245605227982,3,,,98.9667,32.3333,10^-12.677,,,,,[637853],0
637853,1,637852,Gongylonema pulchrum,"",eukaryota,false,,,,,,,,,,,,,,,,0.0906245605227982,3,,,98.9667,32.3333,10^-12.677,,,,,,0
637416,2,637416,Amphibalanus,"",eukaryota,false,,,,0.39270642893212554,13,,,87.8027,70.6154,10^-23.7684,,,,,,0.33229005525026006,11,,,72.2455,29.1818,10^-5.35531,,,,,[1232801],0
1232801,1,637416,Amphibalanus amphitrite,"",eukaryota,false,,,,0.39270642893212554,13,,,87.8027,70.6154,10^-23.7684,,,,,,0.33229005525026006,11,,,72.2455,29.1818,10^-5.35531,,,,,,0
631321,2,631321,Linnaemya,"",eukaryota,false,,,,0.0906245605227982,3,,,95.169,47.0,10^-15.1053,,,,,,,,,,,,,,,,,[1776468],0
1776468,1,631321,Linnaemya tessellans,"",eukaryota,false,,,,0.0906245605227982,3,,,95.169,47.0,10^-15.1053,,,,,,,,,,,,,,,,,,0
631316,2,631316,Gymnocheta,"",eukaryota,false,,,,0.3624982420911928,12,,,90.387,55.2727,10^-17.5413,,,,,,,,,,,,,,,,,[631317],0
631317,1,631316,Gymnocheta viridis,"",eukaryota,false,,,,0.3624982420911928,12,,,90.387,55.2727,10^-17.5413,,,,,,,,,,,,,,,,,,0
604375,2,604375,Harpegnathos,"",eukaryota,false,,,,0.12083274736373094,4,,,91.0445,53.5,10^-17.2111,,,,,,0.15104093420466366,5,,,72.48,32.8,10^-6.57878,,,,,[610380],0
610380,1,604375,Harpegnathos saltator,Jerdon's jumping ant,eukaryota,false,,,,0.12083274736373094,4,,,91.0445,53.5,10^-17.2111,,,,,,0.15104093420466366,5,,,72.48,32.8,10^-6.57878,,,,,,0
604195,2,604195,Cyberlindnera,"",eukaryota,false,,,,0.030208186840932735,1,,,88.0,50.0,10^-13.4557,,,,,,,,,,,,,,,,,[4903],0
4903,1,604195,Cyberlindnera jadinii,"",eukaryota,false,,,,0.030208186840932735,1,,,88.0,50.0,10^-13.4557,,,,,,,,,,,,,,,,,,0
596672,2,596672,Mellicta,"",eukaryota,false,,,,0.1812491210455964,6,,,91.0492,41.8333,10^-10.9059,,,,,,,,,,,,,,,,,[113330],0
113330,1,596672,Mellicta athalia,"",eukaryota,false,,,,0.1812491210455964,6,,,91.0492,41.8333,10^-10.9059,,,,,,,,,,,,,,,,,,0
585890,2,585890,Chitiniphilus,"",bacteria,false,,,,0.030208186840932735,1,,,95.0,60.0,10^-24.3555,,,,,,,,,,,,,,,,,[2981137],0
2981137,1,585890,Chitiniphilus sp. CD1,"",bacteria,false,,,,0.030208186840932735,1,,,95.0,60.0,10^-24.3555,,,,,,,,,,,,,,,,,,0
582472,2,582472,Wohlfahrtiimonas,"",bacteria,false,,,,,,,,,,,,,,,,0.030208186840932735,1,,,100.0,33.0,10^-9.70115,,,,,[400946],0
400946,1,582472,Wohlfahrtiimonas chitiniclastica,"",bacteria,false,,,,,,,,,,,,,,,,0.030208186840932735,1,,,100.0,33.0,10^-9.70115,,,,,,0
582171,2,582171,Choreutis,"",eukaryota,false,,,,0.6947882973414529,23,,,86.1421,84.8261,10^-15.5002,,,,,,,,,,,,,,,,,[1209621],0
1209621,1,582171,Choreutis nemorana,"",eukaryota,false,,,,0.6947882973414529,23,,,86.1421,84.8261,10^-15.5002,,,,,,,,,,,,,,,,,,0
582143,2,582143,Pyrausta,"",eukaryota,false,,,,0.2718736815683946,9,,,91.1873,57.8889,10^-19.8871,,,,,,,,,,,,,,,,,[1660681],0
1660681,1,582143,Pyrausta nigrata,"",eukaryota,false,,,,0.2718736815683946,9,,,91.1873,57.8889,10^-19.8871,,,,,,,,,,,,,,,,,,0
582056,2,582056,Anania,"",eukaryota,false,,,,0.9666619789098475,32,,,90.1139,58.8125,10^-11.4694,,,,,,,,,,,,,,,,,"[1100909, 1100908]",0
1100909,1,582056,Anania fuscalis,"",eukaryota,false,,,,0.2718736815683946,9,,,84.9911,79.2222,10^-12.5777,,,,,,,,,,,,,,,,,,0
1100908,1,582056,Anania crocealis,"",eukaryota,false,,,,0.6947882973414529,23,,,92.1185,50.8261,10^-11.0357,,,,,,,,,,,,,,,,,,0
581910,2,581910,Mecyna,"",eukaryota,false,,,,0.12083274736373094,4,,,88.459,61.75,10^-17.6864,,,,,,,,,,,,,,,,,[1502335],0
1502335,1,581910,Mecyna flavalis,"",eukaryota,false,,,,0.12083274736373094,4,,,88.459,61.75,10^-17.6864,,,,,,,,,,,,,,,,,,0
581819,2,581819,Cydalima,"",eukaryota,false,,,,0.1812491210455964,6,,,89.9557,44.5,10^-12.0213,,,,,,,,,,,,,,,,,[1309588],0
1309588,1,581819,Cydalima perspectalis,"",eukaryota,false,,,,0.1812491210455964,6,,,89.9557,44.5,10^-12.0213,,,,,,,,,,,,,,,,,,0
581658,2,581658,Eudemis,"",eukaryota,false,,,,0.0906245605227982,3,,,86.3837,48.0,10^-11.1873,,,,,,,,,,,,,,,,,[1100989],0
1100989,1,581658,Eudemis profundana,"",eukaryota,false,,,,0.0906245605227982,3,,,86.3837,48.0,10^-11.1873,,,,,,,,,,,,,,,,,,0
581588,2,581588,Pammene,"",eukaryota,false,,,,0.2718736815683946,9,,,89.8217,54.4444,10^-15.5845,,,,,,,,,,,,,,,,,"[1870148, 1101027]",0
1870148,1,581588,Pammene aurita,"",eukaryota,false,,,,0.12083274736373094,4,,,84.9062,74.5,10^-21.8736,,,,,,,,,,,,,,,,,,0
1101027,1,581588,Pammene fasciana,"",eukaryota,false,,,,0.15104093420466366,5,,,93.754,38.4,10^-10.5532,,,,,,,,,,,,,,,,,,0
581577,2,581577,Leguminivora,"",eukaryota,false,,,,0.15104093420466366,5,,,84.974,76.4,10^-23.9812,,,,,,0.6947882973414529,23,,,58.4574,50.5652,10^-7.71934,,,,,[1035111],0
1035111,1,581577,Leguminivora glycinivorella,"",eukaryota,false,,,,0.15104093420466366,5,,,84.974,76.4,10^-23.9812,,,,,,0.6947882973414529,23,,,58.4574,50.5652,10^-7.71934,,,,,,0
581576,2,581576,Lathronympha,"",eukaryota,false,,,,0.030208186840932735,1,,,89.552,67.0,10^-23.6214,,,,,,,,,,,,,,,,,[1594361],0
1594361,1,581576,Lathronympha strigana,"",eukaryota,false,,,,0.030208186840932735,1,,,89.552,67.0,10^-23.6214,,,,,,,,,,,,,,,,,,0
581513,2,581513,Notocelia,"",eukaryota,false,,,,0.06041637368186547,2,,,90.0,48.0,10^-13.4875,,,,,,,,,,,,,,,,,[1594315],0
1594315,1,581513,Notocelia uddmanniana,"",eukaryota,false,,,,0.06041637368186547,2,,,90.0,48.0,10^-13.4875,,,,,,,,,,,,,,,,,,0
577268,2,577268,Pallodes,"",eukaryota,false,,,,,,,,,,,,,,,,0.06041637368186547,2,,,66.65,33.0,10^-6.7205,,,,,[2055484],0
2055484,1,577268,Pallodes sp. CSR122,"",eukaryota,false,,,,,,,,,,,,,,,,0.06041637368186547,2,,,66.65,33.0,10^-6.7205,,,,,,0
577264,2,577264,Stelidota,"",eukaryota,false,,,,0.030208186840932735,1,,,81.429,70.0,10^-17.4267,,,,,,,,,,,,,,,,,[1588472],0
1588472,1,577264,Stelidota geminata,"",eukaryota,false,,,,0.030208186840932735,1,,,81.429,70.0,10^-17.4267,,,,,,,,,,,,,,,,,,0
574786,2,574786,Mytilinidion,"",eukaryota,false,,,,0.06041637368186547,2,,,95.652,46.0,10^-16.2367,,,,,,,,,,,,,,,,,[574789],0
574789,1,574786,Mytilinidion resinicola,"",eukaryota,false,,,,0.06041637368186547,2,,,95.652,46.0,10^-16.2367,,,,,,,,,,,,,,,,,,0
572919,2,572919,Selenia,"",eukaryota,false,,,,0.3020818684093273,10,,,88.6899,55.4,10^-16.4423,,,,,,,,,,,,,,,,,[934894],0
934894,1,572919,Selenia dentaria,"",eukaryota,false,,,,0.3020818684093273,10,,,88.6899,55.4,10^-16.4423,,,,,,,,,,,,,,,,,,0
572910,2,572910,Venusia,"",eukaryota,false,,,,0.06041637368186547,2,,,93.3795,45.0,10^-14.1878,,,,,,,,,,,,,,,,,[572911],0
572911,1,572910,Venusia cambrica,"",eukaryota,false,,,,0.06041637368186547,2,,,93.3795,45.0,10^-14.1878,,,,,,,,,,,,,,,,,,0
572908,2,572908,Udea,"",eukaryota,false,,,,0.33229005525026006,11,,,89.1706,46.6364,10^-12.1895,,,,,,,,,,,,,,,,,"[1002971, 1002954]",0
1002971,1,572908,Udea olivalis,"",eukaryota,false,,,,0.15104093420466366,5,,,87.9034,53.8,10^-14.9535,,,,,,,,,,,,,,,,,,0
1002954,1,572908,Udea ferrugalis,"",eukaryota,false,,,,0.1812491210455964,6,,,90.2267,40.6667,10^-9.88619,,,,,,,,,,,,,,,,,,0
572860,2,572860,Hofmannophila,"",eukaryota,false,,,,0.24166549472746188,8,,,89.7461,52.875,10^-15.5938,,,,,,,,,,,,,,,,,[572861],0
572861,1,572860,Hofmannophila pseudospretella,"",eukaryota,false,,,,0.24166549472746188,8,,,89.7461,52.875,10^-15.5938,,,,,,,,,,,,,,,,,,0
572856,2,572856,Hemithea,"",eukaryota,false,,,,0.21145730788652914,7,,,88.7716,66.7143,10^-22.6553,,,,,,,,,,,,,,,,,[572857],0
572857,1,572856,Hemithea aestivaria,"",eukaryota,false,,,,0.21145730788652914,7,,,88.7716,66.7143,10^-22.6553,,,,,,,,,,,,,,,,,,0
572852,2,572852,Hedya,"",eukaryota,false,,,,0.12083274736373094,4,,,89.6843,80.0,10^-28.8122,,,,,,,,,,,,,,,,,[1869985],0
1869985,1,572852,Hedya salicella,"",eukaryota,false,,,,0.12083274736373094,4,,,89.6843,80.0,10^-28.8122,,,,,,,,,,,,,,,,,,0
572825,2,572825,Chrysoteuchia,"",eukaryota,false,,,,0.030208186840932735,1,,,94.737,38.0,10^-10.8302,,,,,,,,,,,,,,,,,[1594250],0
1594250,1,572825,Chrysoteuchia culmella,"",eukaryota,false,,,,0.030208186840932735,1,,,94.737,38.0,10^-10.8302,,,,,,,,,,,,,,,,,,0
572808,2,572808,Agriphila,"",eukaryota,false,,,,0.33229005525026006,11,,,93.1509,45.0909,10^-13.5146,,,,,,,,,,,,,,,,,"[1594226, 572809]",0
1594226,1,572808,Agriphila tristella,"",eukaryota,false,,,,0.24166549472746188,8,,,95.0116,38.375,10^-11.2563,,,,,,,,,,,,,,,,,,0
572809,1,572808,Agriphila straminella,"",eukaryota,false,,,,0.0906245605227982,3,,,88.189,63.0,10^-19.5368,,,,,,,,,,,,,,,,,,0
572799,2,572799,Acleris,"",eukaryota,false,,,,1.117702913114511,37,,,91.6066,51.6111,10^-16.2819,,,,,,,,,,,,,,,,,"[1100899, 758717, 758706, 758705, 572802]",0
1100899,1,572799,Acleris literana,"",eukaryota,false,,,,0.15104093420466366,5,,,92.3874,52.8,10^-17.2917,,,,,,,,,,,,,,,,,,0
758717,1,572799,Acleris sparsana,"",eukaryota,false,,,,0.4229146157730583,14,,,91.0519,55.3571,10^-17.7964,,,,,,,,,,,,,,,,,,0
758706,1,572799,Acleris emargana,"",eukaryota,false,,,,0.33229005525026006,11,,,92.6108,48.5,10^-15.4702,,,,,,,,,,,,,,,,,,0
758705,1,572799,Acleris cristana,"",eukaryota,false,,,,0.15104093420466366,5,,,91.757,51.8,10^-16.3428,,,,,,,,,,,,,,,,,,0
572802,1,572799,Acleris holmiana,"",eukaryota,false,,,,0.06041637368186547,2,,,88.141,37.5,10^-7.06226,,,,,,,,,,,,,,,,,,0
572722,2,572722,Nycteola,"",eukaryota,false,,,,0.06041637368186547,2,,,91.9055,60.5,10^-21.2831,,,,,,,,,,,,,,,,,[988004],0
988004,1,572722,Nycteola revayana,"",eukaryota,false,,,,0.06041637368186547,2,,,91.9055,60.5,10^-21.2831,,,,,,,,,,,,,,,,,,0
572712,2,572712,Eudonia,"",eukaryota,false,,,,0.2718736815683946,9,,,87.3846,60.0,10^-17.2154,,,,,,,,,,,,,,,,,"[1100991, 753179]",0
1100991,1,572712,Eudonia lacustrata,"",eukaryota,false,,,,0.24166549472746188,8,,,88.1381,60.125,10^-17.7802,,,,,,,,,,,,,,,,,,0
753179,1,572712,Eudonia truncicolella,"",eukaryota,false,,,,0.030208186840932735,1,,,81.356,59.0,10^-12.6977,,,,,,,,,,,,,,,,,,0
572706,2,572706,Argyresthia,"",eukaryota,false,,,,0.1812491210455964,6,,,89.3115,47.0,10^-12.5782,,,,,,,,,,,,,,,,,[572725],0
572725,1,572706,Argyresthia goedartella,"",eukaryota,false,,,,0.1812491210455964,6,,,89.3115,47.0,10^-12.5782,,,,,,,,,,,,,,,,,,0
572704,2,572704,Apotomis,"",eukaryota,false,,,,5.437473631367892,180,,,94.0231,52.5,10^-10.784,,,,,,,,,,,,,,,,,"[1100916, 1100915, 989741]",0
1100916,1,572704,Apotomis turbidana,"",eukaryota,false,,,,5.105183576117632,169,,,94.3352,52.8466,10^-10.6556,,,,,,,,,,,,,,,,,,0
1100915,1,572704,Apotomis betuletana,"",eukaryota,false,,,,0.12083274736373094,4,,,93.9477,37.0,10^-9.81272,,,,,,,,,,,,,,,,,,0
989741,1,572704,Apotomis capreana,"",eukaryota,false,,,,0.21145730788652914,7,,,86.799,53.2857,10^-14.327,,,,,,,,,,,,,,,,,,0
572511,2,572511,Blautia,"",bacteria,false,,,,,,,,,,,,,,,,0.0906245605227982,3,,,96.7667,30.6667,10^-14.3628,,,,,[40520],0
40520,1,572511,Blautia obeum,"",bacteria,false,,,,,,,,,,,,,,,,0.0906245605227982,3,,,96.7667,30.6667,10^-14.3628,,,,,,0
569039,2,569039,Epicampocera,"",eukaryota,false,,,,0.5437473631367892,18,,,89.9985,60.0,10^-19.1341,,,,,,,,,,,,,,,,,[569040],0
569040,1,569039,Epicampocera succincta,"",eukaryota,false,,,,0.5437473631367892,18,,,89.9985,60.0,10^-19.1341,,,,,,,,,,,,,,,,,,0
568988,2,568988,Regiella,"",bacteria,false,,,,,,,,,,,,,,,,0.12083274736373094,4,,,93.95,32.75,10^-10.0345,,,,,[138073],0
138073,1,568988,Candidatus Regiella insecticola,"",bacteria,false,,,,,,,,,,,,,,,,0.12083274736373094,4,,,93.95,32.75,10^-10.0345,,,,,,0
568987,2,568987,Hamiltonella,"",bacteria,false,,,,,,,,,,,,,,,,0.030208186840932735,1,,,84.8,33.0,10^-9.83863,,,,,[138072],0
138072,1,568987,Candidatus Hamiltonella defensa,"",bacteria,false,,,,,,,,,,,,,,,,0.030208186840932735,1,,,84.8,33.0,10^-9.83863,,,,,,0
565003,2,565003,Paracyclopina,"",eukaryota,false,,,,,,,,,,,,,,,,0.030208186840932735,1,,,87.9,33.0,10^-4.4045,,,,,[565004],0
565004,1,565003,Paracyclopina nana,"",eukaryota,false,,,,,,,,,,,,,,,,0.030208186840932735,1,,,87.9,33.0,10^-4.4045,,,,,,0
561967,2,561967,Lepidopterella,"",eukaryota,false,,,,,,,,,,,,,,,,0.030208186840932735,1,,,58.1,31.0,10^-3.86012,,,,,[741139],0
741139,1,561967,Lepidopterella palustris,"",eukaryota,false,,,,,,,,,,,,,,,,0.030208186840932735,1,,,58.1,31.0,10^-3.86012,,,,,,0
561108,2,561108,Jaminaea,"",eukaryota,false,,,,0.030208186840932735,1,,,96.296,54.0,10^-21.6565,,,,,,0.06041637368186547,2,,,74.1,27.0,10^-3.15243,,,,,[1569628],0
1569628,1,561108,Jaminaea rosea,"",eukaryota,false,,,,0.030208186840932735,1,,,96.296,54.0,10^-21.6565,,,,,,0.06041637368186547,2,,,74.1,27.0,10^-3.15243,,,,,,0
558754,2,558754,Cryptosula,"",eukaryota,false,,,,0.21145730788652914,7,,,85.1736,58.5714,10^-14.9782,,,,,,,,,,,,,,,,,[558755],0
558755,1,558754,Cryptosula pallasiana,"",eukaryota,false,,,,0.21145730788652914,7,,,85.1736,58.5714,10^-14.9782,,,,,,,,,,,,,,,,,,0
558205,2,558205,Dicranosterna,"",eukaryota,false,,,,,,,,,,,,,,,,0.030208186840932735,1,,,97.0,33.0,10^-15.6716,,,,,[558206],0
558206,1,558205,Dicranosterna globulosa,"",eukaryota,false,,,,,,,,,,,,,,,,0.030208186840932735,1,,,97.0,33.0,10^-15.6716,,,,,,0
551177,2,551177,Anostostoma,"",eukaryota,false,,,,,,,,,,,,,,,,0.030208186840932735,1,,,93.9,33.0,10^-9.71444,,,,,[1661809],0
1661809,1,551177,Anostostoma australasiae,"",eukaryota,false,,,,,,,,,,,,,,,,0.030208186840932735,1,,,93.9,33.0,10^-9.71444,,,,,,0
548651,2,548651,Dothidotthia,"",eukaryota,false,,,,0.030208186840932735,1,,,85.484,62.0,10^-17.4794,,,,,,0.030208186840932735,1,,,90.9,33.0,10^-11.224,,,,,[548649],0
548649,1,548651,Dothidotthia symphoricarpi,"",eukaryota,false,,,,0.030208186840932735,1,,,85.484,62.0,10^-17.4794,,,,,,0.030208186840932735,1,,,90.9,33.0,10^-11.224,,,,,,0
547879,2,547879,Oterere,"",eukaryota,false,,,,,,,,,,,,,,,,0.0906245605227982,3,,,84.9333,31.0,10^-9.76323,,,,,[2662509],0
2662509,1,547879,Oterere setipennis,"",eukaryota,false,,,,,,,,,,,,,,,,0.0906245605227982,3,,,84.9333,31.0,10^-9.76323,,,,,,0
547808,2,547808,Blepharicera,"",eukaryota,false,,,,0.1812491210455964,6,,,92.0317,50.8333,10^-16.317,,,,,,,,,,,,,,,,,[1017301],0
1017301,1,547808,Blepharicera zionensis,"",eukaryota,false,,,,0.1812491210455964,6,,,92.0317,50.8333,10^-16.317,,,,,,,,,,,,,,,,,,0
547540,2,547540,Terebella,"",eukaryota,false,,,,0.9364537920689148,31,,,90.5768,45.4828,10^-11.7327,,,,,,,,,,,,,,,,,[1131437],0
1131437,1,547540,Terebella lapidaria,"",eukaryota,false,,,,0.9364537920689148,31,,,90.5768,45.4828,10^-11.7327,,,,,,,,,,,,,,,,,,0
545366,2,545366,Hyposmocoma,"",eukaryota,false,,,,0.15104093420466366,5,,,97.4604,42.2,10^-14.2265,,,,,,0.06041637368186547,2,,,78.15,32.5,10^-8.34043,,,,,[1477025],0
1477025,1,545366,Hyposmocoma kahamanoa,"",eukaryota,false,,,,0.15104093420466366,5,,,97.4604,42.2,10^-14.2265,,,,,,0.06041637368186547,2,,,78.15,32.5,10^-8.34043,,,,,,0
543311,2,543311,Parvimonas,"",bacteria,false,,,,,,,,,,,,,,,,0.030208186840932735,1,,,75.8,33.0,10^-6.91009,,,,,[33033],1
33033,1,543311,Parvimonas micra,"",bacteria,false,,,,,,,,,,,,,,,,0.030208186840932735,1,,,75.8,33.0,10^-6.91009,,,,,,1
542837,2,542837,Zindervirus,"",viruses,true,,,,,,,,,,,,,,,,0.906245605227982,30,,,100.0,60.0,10^-37.9508,,,,,[194966],0
194966,1,542837,Zindervirus SP6,"",viruses,true,,,,,,,,,,,,,,,,0.906245605227982,30,,,100.0,60.0,10^-37.9508,,,,,,0
531859,2,531859,Glonium,"",eukaryota,false,,,,,,,,,,,,,,,,0.15104093420466366,5,,,68.64,32.0,10^-6.51471,,,,,[574774],0
574774,1,531859,Glonium stellatum,"",eukaryota,false,,,,,,,,,,,,,,,,0.15104093420466366,5,,,68.64,32.0,10^-6.51471,,,,,,0
529883,2,529883,Rhodoluna,"",bacteria,false,,,,0.06041637368186547,2,,,87.037,54.0,10^-14.7947,,,,,,,,,,,,,,,,,[529884],0
529884,1,529883,Rhodoluna lacicola,"",bacteria,false,,,,0.06041637368186547,2,,,87.037,54.0,10^-14.7947,,,,,,,,,,,,,,,,,,0
525812,2,525812,Fabriciana,"",eukaryota,false,,,,0.06041637368186547,2,,,80.285,66.0,10^-14.7077,,,,,,,,,,,,,,,,,[405009],0
405009,1,525812,Fabriciana adippe,high brown fritillary,eukaryota,false,,,,0.06041637368186547,2,,,80.285,66.0,10^-14.7077,,,,,,,,,,,,,,,,,,0
524508,2,524508,Myrrha,"",eukaryota,false,,,,1.4499929683647712,48,,,86.4334,132.292,10^-29.8225,,,,,,,,,,,,,,,,,[703265],0
703265,1,524508,Myrrha octodecimguttata,"",eukaryota,false,,,,1.4499929683647712,48,,,86.4334,132.292,10^-29.8225,,,,,,,,,,,,,,,,,,0
523929,2,523929,Dryococelus,"",eukaryota,false,,,,,,,,,,,,,,,,0.12083274736373094,4,,,67.625,29.75,10^-4.50358,,,,,[614101],0
614101,1,523929,Dryococelus australis,"",eukaryota,false,,,,,,,,,,,,,,,,0.12083274736373094,4,,,67.625,29.75,10^-4.50358,,,,,,0
522886,2,522886,Amorpha,"",eukaryota,false,,,,0.06041637368186547,2,,,95.349,43.0,10^-14.2074,,,,,,,,,,,,,,,,,[522887],0
522887,1,522886,Amorpha juglandis,"",eukaryota,false,,,,0.06041637368186547,2,,,95.349,43.0,10^-14.2074,,,,,,,,,,,,,,,,,,0
522835,2,522835,Laothoe,"",eukaryota,false,,,,0.12083274736373094,4,,,86.842,76.0,10^-11.9586,,,,,,,,,,,,,,,,,[522836],0
522836,1,522835,Laothoe populi,"",eukaryota,false,,,,0.12083274736373094,4,,,86.842,76.0,10^-11.9586,,,,,,,,,,,,,,,,,,0
520955,2,520955,Macrophya,"",eukaryota,false,,,,0.12083274736373094,4,,,88.3835,61.5,10^-18.1994,,,,,,,,,,,,,,,,,[1384894],0
1384894,1,520955,Macrophya alboannulata,"",eukaryota,false,,,,0.12083274736373094,4,,,88.3835,61.5,10^-18.1994,,,,,,,,,,,,,,,,,,0
515417,2,515417,Amphritea,"",bacteria,false,,,,,,,,,,,,,,,,0.06041637368186547,2,,,89.4,33.0,10^-12.1382,,,,,[452629],0
452629,1,515417,Amphritea balenae,"",bacteria,false,,,,,,,,,,,,,,,,0.06041637368186547,2,,,89.4,33.0,10^-12.1382,,,,,,0
513583,2,513583,Coleophora,"",eukaryota,false,,,,0.3624982420911928,12,,,90.5916,49.25,10^-13.9998,,,,,,,,,,,,,,,,,"[1100951, 687026]",0
1100951,1,513583,Coleophora flavipennella,"",eukaryota,false,,,,0.21145730788652914,7,,,88.0119,57.2857,10^-16.4598,,,,,,,,,,,,,,,,,,0
687026,1,513583,Coleophora deauratella,"",eukaryota,false,,,,0.15104093420466366,5,,,94.2032,38.0,10^-10.556,,,,,,,,,,,,,,,,,,0
510690,2,510690,Sneathiella,"",bacteria,false,,,,0.06041637368186547,2,,,90.0,70.0,10^-25.6609,,,,,,,,,,,,,,,,,[2950108],0
2950108,1,510690,Sneathiella marina,"",bacteria,false,,,,0.06041637368186547,2,,,90.0,70.0,10^-25.6609,,,,,,,,,,,,,,,,,,0
507510,2,507510,Hyphopichia,"",eukaryota,false,,,,0.0906245605227982,3,,,95.238,42.0,10^-13.5315,,,,,,,,,,,,,,,,,[717740],0
717740,1,507510,Hyphopichia burtonii,"",eukaryota,false,,,,0.0906245605227982,3,,,95.238,42.0,10^-13.5315,,,,,,,,,,,,,,,,,,0
505956,2,505956,Hypercompe,"",eukaryota,false,,,,0.24166549472746188,8,,,90.049,59.5,10^-19.0647,,,,,,,,,,,,,,,,,[505957],0
505957,1,505956,Hypercompe scribonia,"",eukaryota,false,,,,0.24166549472746188,8,,,90.049,59.5,10^-19.0647,,,,,,,,,,,,,,,,,,0
505410,2,505410,Falcaria,"",eukaryota,false,,,,0.06041637368186547,2,,,85.9135,74.5,10^-23.9185,,,,,,,,,,,,,,,,,[505411],0
505411,1,505410,Falcaria lacertinaria,"",eukaryota,false,,,,0.06041637368186547,2,,,85.9135,74.5,10^-23.9185,,,,,,,,,,,,,,,,,,0
504465,2,504465,Rhodovastum,"",bacteria,false,,,,0.06041637368186547,2,,,93.103,87.0,10^-38.604,,,,,,,,,,,,,,,,,[504468],0
504468,1,504465,Rhodovastum atsumiense,"",bacteria,false,,,,0.06041637368186547,2,,,93.103,87.0,10^-38.604,,,,,,,,,,,,,,,,,,0
504090,2,504090,Kushneria,"",bacteria,false,,,,0.21145730788652914,7,,,98.3027,75.2857,10^-36.5139,,,,,,,,,,,,,,,,,[698828],0
698828,1,504090,Kushneria konosiri,"",bacteria,false,,,,0.21145730788652914,7,,,98.3027,75.2857,10^-36.5139,,,,,,,,,,,,,,,,,,0
502117,2,502117,Kalaharituber,"",eukaryota,false,,,,,,,,,,,,,,,,0.030208186840932735,1,,,81.3,32.0,10^-6.78516,,,,,[139406],0
139406,1,502117,Kalaharituber pfeilii,"",eukaryota,false,,,,,,,,,,,,,,,,0.030208186840932735,1,,,81.3,32.0,10^-6.78516,,,,,,0
497726,2,497726,Nitrososphaera,"",archaea,false,,,,,,,,,,,,,,,,0.030208186840932735,1,,,61.1,36.0,10^-3.17914,,,,,[1971748],0
1971748,1,497726,Nitrososphaera sp.,"",archaea,false,,,,,,,,,,,,,,,,0.030208186840932735,1,,,61.1,36.0,10^-3.17914,,,,,,0
494770,2,494770,Heteropelma,"",eukaryota,false,,,,0.8156210447051838,27,,,88.2172,70.3704,10^-23.6941,,,,,,,,,,,,,,,,,[494771],0
494771,1,494770,Heteropelma amictum,"",eukaryota,false,,,,0.8156210447051838,27,,,88.2172,70.3704,10^-23.6941,,,,,,,,,,,,,,,,,,0
494756,2,494756,Helictes,"",eukaryota,false,,,,,,,,,,,,,,,,0.030208186840932735,1,,,87.9,33.0,10^-13.5086,,,,,[2776102],0
2776102,1,494756,Helictes sp. NMBS Ichn-2581,"",eukaryota,false,,,,,,,,,,,,,,,,0.030208186840932735,1,,,87.9,33.0,10^-13.5086,,,,,,0
493657,2,493657,Alloplasta,"",eukaryota,false,,,,0.5135391762958564,17,,,88.4476,60.4118,10^-17.6398,,,,,,,,,,,,,,,,,[2870495],0
2870495,1,493657,Alloplasta piceator,"",eukaryota,false,,,,0.5135391762958564,17,,,88.4476,60.4118,10^-17.6398,,,,,,,,,,,,,,,,,,0
490731,2,490731,Kwoniella,"",eukaryota,false,,,,,,,,,,,,,,,,0.030208186840932735,1,,,100.0,31.0,10^-9.34008,,,,,[463800],0
463800,1,490731,Kwoniella mangrovensis,"",eukaryota,false,,,,,,,,,,,,,,,,0.030208186840932735,1,,,100.0,31.0,10^-9.34008,,,,,,0
489909,2,489909,Nosocomiicoccus,"",bacteria,false,,,,0.030208186840932735,1,,,100.0,100.0,10^-55.6982,,,,,,,,,,,,,,,,,[489910],0
489910,1,489909,Nosocomiicoccus ampullae,"",bacteria,false,,,,0.030208186840932735,1,,,100.0,100.0,10^-55.6982,,,,,,,,,,,,,,,,,,0
483074,2,483074,Baudoinia,"",eukaryota,false,,,,0.030208186840932735,1,,,92.0,50.0,10^-16.2005,,,,,,,,,,,,,,,,,[1709381],0
1709381,1,483074,Baudoinia panamericana,"",eukaryota,false,,,,0.030208186840932735,1,,,92.0,50.0,10^-16.2005,,,,,,,,,,,,,,,,,,0
483019,2,483019,Lignosus,"",eukaryota,false,,,,0.0906245605227982,3,,,95.34,76.3333,10^-35.4703,,,,,,,,,,,,,,,,,[483020],0
483020,1,483019,Lignosus rhinocerotis,"",eukaryota,false,,,,0.0906245605227982,3,,,95.34,76.3333,10^-35.4703,,,,,,,,,,,,,,,,,,0
479315,2,479315,Glostatus,"",eukaryota,false,,,,,,,,,,,,,,,,0.030208186840932735,1,,,100.0,24.0,10^-7.85699,,,,,[2174873],0
2174873,1,479315,Glostatus sp. 1 DP-2018,"",eukaryota,false,,,,,,,,,,,,,,,,0.030208186840932735,1,,,100.0,24.0,10^-7.85699,,,,,,0
478394,2,478394,Diadumene,"",eukaryota,false,,,,0.453122802613991,15,,,84.2131,56.0667,10^-13.0982,,,,,,,,,,,,,,,,,[1789172],0
1789172,1,478394,Diadumene lineata,"",eukaryota,false,,,,0.453122802613991,15,,,84.2131,56.0667,10^-13.0982,,,,,,,,,,,,,,,,,,0
476287,2,476287,Aposthonia,"",eukaryota,false,,,,,,,,,,,,,,,,0.030208186840932735,1,,,100.0,28.0,10^-7.50446,,,,,[911381],0
911381,1,476287,Aposthonia japonica,"",eukaryota,false,,,,,,,,,,,,,,,,0.030208186840932735,1,,,100.0,28.0,10^-7.50446,,,,,,0
475230,2,475230,Pullulanibacillus,"",bacteria,false,,,,,,,,,,,,,,,,0.06041637368186547,2,,,80.0,25.0,10^-5.7122,,,,,[3028315],0
3028315,1,475230,Pullulanibacillus sp. KACC 23026,"",bacteria,false,,,,,,,,,,,,,,,,0.06041637368186547,2,,,80.0,25.0,10^-5.7122,,,,,,0
474995,2,474995,Ophiocordyceps,"",eukaryota,false,,,,0.12083274736373094,4,,,99.1935,81.25,10^-41.8982,,,,,,0.15104093420466366,5,,,96.86,26.2,10^-8.57191,,,,,"[268505, 72228]",0
268505,1,474995,Ophiocordyceps unilateralis,"",eukaryota,false,,,,0.12083274736373094,4,,,99.1935,81.25,10^-41.8982,,,,,,0.12083274736373094,4,,,96.075,27.75,10^-9.80994,,,,,,0
72228,1,474995,Ophiocordyceps sinensis,"",eukaryota,false,,,,,,,,,,,,,,,,0.030208186840932735,1,,,100.0,20.0,10^-3.61979,,,,,,0
474822,2,474822,Sphenella,"",eukaryota,false,,,,0.0906245605227982,3,,,91.213,47.6667,10^-14.1825,,,,,,,,,,,,,,,,,[594017],0
594017,1,474822,Sphenella marginata,"",eukaryota,false,,,,0.0906245605227982,3,,,91.213,47.6667,10^-14.1825,,,,,,,,,,,,,,,,,,0
469322,2,469322,Steroidobacter,"",bacteria,false,,,,,,,,,,,,,,,,0.030208186840932735,1,,,100.0,28.0,10^-11.4634,,,,,[2695856],0
2695856,1,469322,Steroidobacter agaridevorans,"",bacteria,false,,,,,,,,,,,,,,,,0.030208186840932735,1,,,100.0,28.0,10^-11.4634,,,,,,0
468813,2,468813,Tolmerus,"",eukaryota,false,,,,1.6312420894103676,54,,,87.6459,72.8462,10^-15.4391,,,,,,,,,,,,,,,,,[2884231],0
2884231,1,468813,Tolmerus cingulatus,"",eukaryota,false,,,,1.6312420894103676,54,,,87.6459,72.8462,10^-15.4391,,,,,,,,,,,,,,,,,,0
468766,2,468766,Neoitamus,"",eukaryota,false,,,,1.359368407841973,45,,,89.724,69.7111,10^-16.9756,,,,,,,,,,,,,,,,,[468767],0
468767,1,468766,Neoitamus cyanurus,"",eukaryota,false,,,,1.359368407841973,45,,,89.724,69.7111,10^-16.9756,,,,,,,,,,,,,,,,,,0
468724,2,468724,Dysmachus,"",eukaryota,false,,,,1.6312420894103676,54,,,87.1941,83.963,10^-20.5743,,,,,,,,,,,,,,,,,[468725],0
468725,1,468724,Dysmachus trigonus,"",eukaryota,false,,,,1.6312420894103676,54,,,87.1941,83.963,10^-20.5743,,,,,,,,,,,,,,,,,,0
467950,2,467950,Hyphodermella,"",eukaryota,false,,,,0.030208186840932735,1,,,100.0,101.0,10^-56.3801,,,,,,,,,,,,,,,,,[2785068],0
2785068,1,467950,Hyphodermella aurantiaca,"",eukaryota,false,,,,0.030208186840932735,1,,,100.0,101.0,10^-56.3801,,,,,,,,,,,,,,,,,,0
467773,2,467773,Emmelina,"",eukaryota,false,,,,0.030208186840932735,1,,,90.476,42.0,10^-10.7867,,,,,,,,,,,,,,,,,[467774],0
467774,1,467773,Emmelina monodactyla,morning-glory plume moth,eukaryota,false,,,,0.030208186840932735,1,,,90.476,42.0,10^-10.7867,,,,,,,,,,,,,,,,,,0
464722,2,464722,Eilema,"",eukaryota,false,,,,0.15104093420466366,5,,,89.615,58.6,10^-18.4726,,,,,,,,,,,,,,,,,"[987929, 987424, 987419]",0
987929,1,464722,Eilema caniola,"",eukaryota,false,,,,0.0906245605227982,3,,,90.8903,60.3333,10^-20.9243,,,,,,,,,,,,,,,,,,0
987424,1,464722,Eilema sororculum,"",eukaryota,false,,,,0.030208186840932735,1,,,95.122,41.0,10^-12.8557,,,,,,,,,,,,,,,,,,0
987419,1,464722,Eilema depressum,"",eukaryota,false,,,,0.030208186840932735,1,,,80.282,71.0,10^-16.7344,,,,,,,,,,,,,,,,,,0
461281,2,461281,Ogataea,"",eukaryota,false,,,,,,,,,,,,,,,,0.9968701657507802,33,,,70.7265,99.6364,10^-28.1095,,,,,"[1005962, 460523, 5477]",0
1005962,1,461281,Ogataea parapolymorpha,"",eukaryota,false,,,,,,,,,,,,,,,,0.9364537920689148,31,,,71.154,104.0,10^-29.6556,,,,,,0
460523,1,461281,Ogataea polymorpha,"",eukaryota,false,,,,,,,,,,,,,,,,0.030208186840932735,1,,,71.9,32.0,10^-5.22403,,,,,,0
5477,1,461281,[Candida] boidinii,"",eukaryota,false,,,,,,,,,,,,,,,,0.030208186840932735,1,,,56.3,32.0,10^-3.0655,,,,,,0
457750,2,457750,Gari,"",eukaryota,false,,,,0.06041637368186547,2,,,97.222,36.0,10^-10.8537,,,,,,,,,,,,,,,,,[2589376],0
2589376,1,457750,Gari tellinella,"",eukaryota,false,,,,0.06041637368186547,2,,,97.222,36.0,10^-10.8537,,,,,,,,,,,,,,,,,,0
456820,2,456820,Wardomycopsis,"",eukaryota,false,,,,0.030208186840932735,1,,,97.03,101.0,10^-52.2629,,,,,,,,,,,,,,,,,[1527191],0
1527191,1,456820,Wardomycopsis inopinata,"",eukaryota,false,,,,0.030208186840932735,1,,,97.03,101.0,10^-52.2629,,,,,,,,,,,,,,,,,,0
456492,2,456492,Saccharibacillus,"",bacteria,false,,,,,,,,,,,,,,,,0.06041637368186547,2,,,91.7,24.0,10^-6.60672,,,,,[2060666],0
2060666,1,456492,Saccharibacillus endophyticus,"",bacteria,false,,,,,,,,,,,,,,,,0.06041637368186547,2,,,91.7,24.0,10^-6.60672,,,,,,0
454922,2,454922,Diachasma,"",eukaryota,false,,,,0.06041637368186547,2,,,85.5725,53.0,10^-12.0695,,,,,,22.354058262290224,740,,,34.2225,439.777,10^-60.5754,,,,,[454923],0
454923,1,454922,Diachasma alloeum,"",eukaryota,false,,,,0.06041637368186547,2,,,85.5725,53.0,10^-12.0695,,,,,,22.354058262290224,740,,,34.2225,439.777,10^-60.5754,,,,,,0
452743,2,452743,Crataerina,"",eukaryota,false,,,,0.4229146157730583,14,,,90.4178,58.2143,10^-19.0405,,,,,,,,,,,,,,,,,[452744],0
452744,1,452743,Crataerina pallida,"",eukaryota,false,,,,0.4229146157730583,14,,,90.4178,58.2143,10^-19.0405,,,,,,,,,,,,,,,,,,0
449632,2,449632,Parasteatoda,"",eukaryota,false,,,,0.030208186840932735,1,,,89.691,97.0,10^-39.9292,,,,,,0.15104093420466366,5,,,82.12,32.4,10^-7.82239,,,,,[114398],0
114398,1,449632,Parasteatoda tepidariorum,common house spider,eukaryota,false,,,,0.030208186840932735,1,,,89.691,97.0,10^-39.9292,,,,,,0.15104093420466366,5,,,82.12,32.4,10^-7.82239,,,,,,0
447792,2,447792,Phytobacter,"",bacteria,false,,,,0.030208186840932735,1,,,98.113,53.0,10^-22.3508,,,,,,0.030208186840932735,1,,,100.0,32.0,10^-11.8697,,,,,"[1485952, 395631]",0
1485952,1,447792,Phytobacter massiliensis,"",bacteria,false,,,,,,,,,,,,,,,,0.030208186840932735,1,,,100.0,32.0,10^-11.8697,,,,,,0
395631,1,447792,Phytobacter diazotrophicus,"",bacteria,false,,,,0.030208186840932735,1,,,98.113,53.0,10^-22.3508,,,,,,,,,,,,,,,,,,0
447591,2,447591,Oedothorax,"",eukaryota,false,,,,,,,,,,,,,,,,0.39270642893212554,13,,,75.5462,31.2308,10^-5.67403,,,,,[931172],0
931172,1,447591,Oedothorax gibbosus,"",eukaryota,false,,,,,,,,,,,,,,,,0.39270642893212554,13,,,75.5462,31.2308,10^-5.67403,,,,,,0
445458,2,445458,Anischia,"",eukaryota,false,,,,0.06041637368186547,2,,,87.037,54.0,10^-14.7947,,,,,,,,,,,,,,,,,[2056607],0
2056607,1,445458,Anischia sp. CSR022,"",eukaryota,false,,,,0.06041637368186547,2,,,87.037,54.0,10^-14.7947,,,,,,,,,,,,,,,,,,0
444704,2,444704,Andalucia,"",eukaryota,false,,,,0.030208186840932735,1,,,93.846,65.0,10^-26.3793,,,,,,,,,,,,,,,,,[505711],0
505711,1,444704,Andalucia godoyi,"",eukaryota,false,,,,0.030208186840932735,1,,,93.846,65.0,10^-26.3793,,,,,,,,,,,,,,,,,,0
442144,2,442144,Olibrus,"",eukaryota,false,,,,,,,,,,,,,,,,0.030208186840932735,1,,,100.0,33.0,10^-10.0273,,,,,[2055472],0
2055472,1,442144,Olibrus sp. INB122,"",eukaryota,false,,,,,,,,,,,,,,,,0.030208186840932735,1,,,100.0,33.0,10^-10.0273,,,,,,0
439566,2,439566,Hypomecis,"",eukaryota,false,,,,0.6947882973414529,23,,,88.618,123.0,10^-31.7011,,,,,,,,,,,,,,,,,[439567],0
439567,1,439566,Hypomecis punctinalis,pale oak beauty,eukaryota,false,,,,0.6947882973414529,23,,,88.618,123.0,10^-31.7011,,,,,,,,,,,,,,,,,,0
439357,2,439357,Megalurothrips,"",eukaryota,false,,,,,,,,,,,,,,,,0.453122802613991,15,,,71.0769,32.3846,10^-6.51934,,,,,[439358],0
439358,1,439357,Megalurothrips usitatus,bean blossom thrips,eukaryota,false,,,,,,,,,,,,,,,,0.453122802613991,15,,,71.0769,32.3846,10^-6.51934,,,,,,0
438491,2,438491,Dicyrtomina,"",eukaryota,false,,,,0.06041637368186547,2,,,84.187,63.5,10^-16.459,,,,,,,,,,,,,,,,,[1387116],0
1387116,1,438491,Dicyrtomina minuta,"",eukaryota,false,,,,0.06041637368186547,2,,,84.187,63.5,10^-16.459,,,,,,,,,,,,,,,,,,0
437492,2,437492,Euschistus,"",eukaryota,false,,,,0.030208186840932735,1,,,88.095,84.0,10^-31.0712,,,,,,,,,,,,,,,,,[437493],0
437493,1,437492,Euschistus heros,neotropical brown stinkbug,eukaryota,false,,,,0.030208186840932735,1,,,88.095,84.0,10^-31.0712,,,,,,,,,,,,,,,,,,0
433085,2,433085,Brachypterus,"",eukaryota,false,,,,3.957272476162188,131,,,85.5044,128.11,10^-26.8966,,,,,,,,,,,,,,,,,[442081],0
442081,1,433085,Brachypterus glaber,"",eukaryota,false,,,,3.957272476162188,131,,,85.5044,128.11,10^-26.8966,,,,,,,,,,,,,,,,,,0
432894,2,432894,Ischalia,"",eukaryota,false,,,,,,,,,,,,,,,,0.06041637368186547,2,,,100.0,25.0,10^-8.50864,,,,,[2055432],0
2055432,1,432894,Ischalia sp. INB049,"",eukaryota,false,,,,,,,,,,,,,,,,0.06041637368186547,2,,,100.0,25.0,10^-8.50864,,,,,,0
432859,2,432859,Anadastus,"",eukaryota,false,,,,,,,,,,,,,,,,0.06041637368186547,2,,,98.5,32.5,10^-13.0228,,,,,[2055329],0
2055329,1,432859,Anadastus sp. CSR100,"",eukaryota,false,,,,,,,,,,,,,,,,0.06041637368186547,2,,,98.5,32.5,10^-13.0228,,,,,,0
423349,2,423349,Mucilaginibacter,"",bacteria,false,,,,0.06041637368186547,2,,,100.0,101.0,10^-56.3801,,,,,,,,,,,,,,,,,[2728022],0
2728022,1,423349,Mucilaginibacter robiniae,"",bacteria,false,,,,0.06041637368186547,2,,,100.0,101.0,10^-56.3801,,,,,,,,,,,,,,,,,,0
421423,2,421423,Mimumesa,"",eukaryota,false,,,,0.0906245605227982,3,,,93.6323,45.6667,10^-14.1991,,,,,,,,,,,,,,,,,[2495085],0
2495085,1,421423,Mimumesa dahlbomi,"",eukaryota,false,,,,0.0906245605227982,3,,,93.6323,45.6667,10^-14.1991,,,,,,,,,,,,,,,,,,0
421402,2,421402,Pemphredon,"",eukaryota,false,,,,0.33229005525026006,11,,,88.5249,133.091,10^-32.7062,,,,,,,,,,,,,,,,,[2495172],0
2495172,1,421402,Pemphredon lugubris,"",eukaryota,false,,,,0.33229005525026006,11,,,88.5249,133.091,10^-32.7062,,,,,,,,,,,,,,,,,,0
421297,2,421297,Ectemnius,"",eukaryota,false,,,,0.12083274736373094,4,,,94.4942,42.0,10^-13.1915,,,,,,,,,,,,,,,,,"[2495015, 1126389]",0
2495015,1,421297,Ectemnius lituratus,"",eukaryota,false,,,,0.030208186840932735,1,,,91.892,37.0,10^-8.78321,,,,,,,,,,,,,,,,,,0
1126389,1,421297,Ectemnius continuus,"",eukaryota,false,,,,0.0906245605227982,3,,,95.3617,43.6667,10^-14.6609,,,,,,,,,,,,,,,,,,0
421220,2,421220,Nysson,"",eukaryota,false,,,,0.12083274736373094,4,,,95.9492,41.0,10^-13.2003,,,,,,,,,,,,,,,,,[2495127],0
2495127,1,421220,Nysson spinosus,"",eukaryota,false,,,,0.12083274736373094,4,,,95.9492,41.0,10^-13.2003,,,,,,,,,,,,,,,,,,0
420855,2,420855,Ducetia,"",eukaryota,false,,,,,,,,,,,,,,,,0.030208186840932735,1,,,100.0,33.0,10^-10.7905,,,,,[420856],0
420856,1,420855,Ducetia japonica,"",eukaryota,false,,,,,,,,,,,,,,,,0.030208186840932735,1,,,100.0,33.0,10^-10.7905,,,,,,0
420098,2,420098,Stethorus,"",eukaryota,false,,,,,,,,,,,,,,,,0.06041637368186547,2,,,98.4,31.0,10^-9.93825,,,,,[2055544],0
2055544,1,420098,Stethorus sp. C54,"",eukaryota,false,,,,,,,,,,,,,,,,0.06041637368186547,2,,,98.4,31.0,10^-9.93825,,,,,,0
415875,2,415875,Heliosperma,"",eukaryota,false,,,,,,,,,,,,,,,,0.030208186840932735,1,,,69.7,33.0,10^-4.22113,,,,,[39905],0
39905,1,415875,Heliosperma pusillum,"",eukaryota,false,,,,,,,,,,,,,,,,0.030208186840932735,1,,,69.7,33.0,10^-4.22113,,,,,,0
415099,2,415099,Hydrophilus,"",eukaryota,false,,,,,,,,,,,,,,,,0.030208186840932735,1,,,93.9,33.0,10^-6.33913,,,,,[1383100],0
1383100,1,415099,Hydrophilus acuminatus,"",eukaryota,false,,,,,,,,,,,,,,,,0.030208186840932735,1,,,93.9,33.0,10^-6.33913,,,,,,0
414933,2,414933,Phosphuga,"",eukaryota,false,,,,0.4229146157730583,14,,,88.6173,64.1429,10^-20.43,,,,,,,,,,,,,,,,,[414934],0
414934,1,414933,Phosphuga atrata,"",eukaryota,false,,,,0.4229146157730583,14,,,88.6173,64.1429,10^-20.43,,,,,,,,,,,,,,,,,,0
414926,2,414926,Necrodes,"",eukaryota,false,,,,0.030208186840932735,1,,,94.34,53.0,10^-19.6061,,,,,,,,,,,,,,,,,[414927],0
414927,1,414926,Necrodes littoralis,"",eukaryota,false,,,,0.030208186840932735,1,,,94.34,53.0,10^-19.6061,,,,,,,,,,,,,,,,,,0
414878,2,414878,Catenulispora,"",bacteria,false,,,,0.030208186840932735,1,,,96.078,102.0,10^-51.5725,,,,,,,,,,,,,,,,,[304895],0
304895,1,414878,Catenulispora acidiphila,"",bacteria,false,,,,0.030208186840932735,1,,,96.078,102.0,10^-51.5725,,,,,,,,,,,,,,,,,,0
414873,2,414873,Xanthogramma,"",eukaryota,false,,,,0.06041637368186547,2,,,90.909,44.0,10^-12.1389,,,,,,,,,,,,,,,,,[414876],0
414876,1,414873,Xanthogramma pedissequum,"",eukaryota,false,,,,0.06041637368186547,2,,,90.909,44.0,10^-12.1389,,,,,,,,,,,,,,,,,,0
414833,2,414833,Meliscaeva,"",eukaryota,false,,,,0.5739555499777219,19,,,88.7543,62.3684,10^-19.2067,,,,,,,,,,,,,,,,,[431829],0
431829,1,414833,Meliscaeva auricollis,"",eukaryota,false,,,,0.5739555499777219,19,,,88.7543,62.3684,10^-19.2067,,,,,,,,,,,,,,,,,,0
414825,2,414825,Melangyna,"",eukaryota,false,,,,0.06041637368186547,2,,,91.826,48.0,10^-14.8462,,,,,,,,,,,,,,,,,[2884232],0
2884232,1,414825,Melangyna quadrimaculata,"",eukaryota,false,,,,0.06041637368186547,2,,,91.826,48.0,10^-14.8462,,,,,,,,,,,,,,,,,,0
414813,2,414813,Epistrophella,"",eukaryota,false,,,,0.06041637368186547,2,,,90.9815,48.5,10^-14.5067,,,,,,,,,,,,,,,,,[414814],0
414814,1,414813,Epistrophella euchroma,"",eukaryota,false,,,,0.06041637368186547,2,,,90.9815,48.5,10^-14.5067,,,,,,,,,,,,,,,,,,0
414810,2,414810,Epistrophe,"",eukaryota,false,,,,0.5739555499777219,19,,,86.0833,87.0526,10^-17.5987,,,,,,,,,,,,,,,,,"[1352479, 1124511]",0
1352479,1,414810,Epistrophe grossulariae,"",eukaryota,false,,,,0.4229146157730583,14,,,83.5876,101.214,10^-18.9137,,,,,,,,,,,,,,,,,,0
1124511,1,414810,Epistrophe eligans,"",eukaryota,false,,,,0.15104093420466366,5,,,93.0712,47.4,10^-13.9169,,,,,,,,,,,,,,,,,,0
414800,2,414800,Dasysyrphus,"",eukaryota,false,,,,0.12083274736373094,4,,,88.5675,50.5,10^-14.1378,,,,,,,,,,,,,,,,,[414801],0
414801,1,414800,Dasysyrphus albostriatus,"",eukaryota,false,,,,0.12083274736373094,4,,,88.5675,50.5,10^-14.1378,,,,,,,,,,,,,,,,,,0
414371,2,414371,Aureimonas,"",bacteria,false,,,,0.4229146157730583,14,,,98.9897,97.3571,10^-52.6238,,,,,,0.3020818684093273,10,,,100.0,31.9,10^-12.4532,,,,,"[2758041, 1638164, 1638163, 1638162, 1638161, 1637747, 401562]",0
2758041,1,414371,Aureimonas mangrovi,"",bacteria,false,,,,0.030208186840932735,1,,,100.0,101.0,10^-56.3801,,,,,,,,,,,,,,,,,,0
1638164,1,414371,Aureimonas sp. D3,"",bacteria,false,,,,0.06041637368186547,2,,,98.7015,89.0,10^-46.8324,,,,,,,,,,,,,,,,,,0
1638163,1,414371,Aureimonas sp. AU4,"",bacteria,false,,,,0.0906245605227982,3,,,99.34,101.0,10^-55.4651,,,,,,,,,,,,,,,,,,0
1638162,1,414371,Aureimonas sp. AU22,"",bacteria,false,,,,0.12083274736373094,4,,,98.2575,100.5,10^-53.6375,,,,,,,,,,,,,,,,,,0
1638161,1,414371,Aureimonas sp. AU12,"",bacteria,false,,,,0.030208186840932735,1,,,100.0,101.0,10^-56.3801,,,,,,,,,,,,,,,,,,0
1637747,1,414371,Aureimonas sp. AU40,"",bacteria,false,,,,0.030208186840932735,1,,,100.0,100.0,10^-55.6982,,,,,,,,,,,,,,,,,,0
401562,1,414371,Aureimonas ureilytica,"",bacteria,false,,,,0.06041637368186547,2,,,98.7015,89.0,10^-46.8324,,,,,,0.3020818684093273,10,,,100.0,31.9,10^-12.4532,,,,,,0
413496,2,413496,Cronobacter,"",bacteria,false,,,,1.5708257157285022,52,,,98.6977,93.5238,10^-49.6195,,,,,,5.951012807663749,197,,,96.771,32.6968,10^-14.4206,,,,,"[1163710, 535744, 413503, 413501, 413497, 28141]",1
1163710,1,413496,Cronobacter condimenti,"",bacteria,false,,,,0.030208186840932735,1,,,94.444,90.0,10^-42.0202,,,,,,,,,,,,,,,,,,0
535744,1,413496,Cronobacter universalis,"",bacteria,false,,,,0.0906245605227982,3,,,94.118,85.0,10^-38.6141,,,,,,0.030208186840932735,1,,,100.0,25.0,10^-6.78516,,,,,,0
413503,1,413496,Cronobacter malonaticus,"",bacteria,false,,,,0.030208186840932735,1,,,93.137,102.0,10^-47.4554,,,,,,0.0906245605227982,3,,,97.9333,31.0,10^-13.4146,,,,,,0
413501,1,413496,Cronobacter muytjensii,"",bacteria,false,,,,0.030208186840932735,1,,,93.827,81.0,10^-35.8903,,,,,,,,,,,,,,,,,,0
413497,1,413496,Cronobacter dublinensis,"",bacteria,false,,,,0.06041637368186547,2,,,97.895,95.0,10^-49.5448,,,,,,0.030208186840932735,1,,,96.8,31.0,10^-10.3054,,,,,,0
28141,1,413496,Cronobacter sakazakii,"",bacteria,false,,,,1.3291602210010403,44,,,99.2775,93.8889,10^-50.5819,,,,,,5.799971873459085,192,,,96.726,32.7933,10^-14.5191,,,,,,1
411962,2,411962,Schrankia,"",eukaryota,false,,,,0.33229005525026006,11,,,88.7954,69.7778,10^-24.4509,,,,,,,,,,,,,,,,,[411963],0
411963,1,411962,Schrankia costaestrigalis,pinion-streaked snout moth,eukaryota,false,,,,0.33229005525026006,11,,,88.7954,69.7778,10^-24.4509,,,,,,,,,,,,,,,,,,0
411404,2,411404,Meotipa,"",eukaryota,false,,,,0.030208186840932735,1,,,100.0,101.0,10^-56.3801,,,,,,,,,,,,,,,,,[2776011],0
2776011,1,411404,Meotipa sp. The_758,"",eukaryota,false,,,,0.030208186840932735,1,,,100.0,101.0,10^-56.3801,,,,,,,,,,,,,,,,,,0
407954,2,407954,Staninwardia,"",eukaryota,false,,,,0.030208186840932735,1,,,100.0,101.0,10^-56.3801,,,,,,,,,,,,,,,,,[407955],0
407955,1,407954,Staninwardia suttonii,"",eukaryota,false,,,,0.030208186840932735,1,,,100.0,101.0,10^-56.3801,,,,,,,,,,,,,,,,,,0
405031,2,405031,Brenthis,"",eukaryota,false,,,,0.2718736815683946,9,,,89.7518,48.6667,10^-13.4756,,,,,,0.15104093420466366,5,,,72.7,30.0,10^-6.26072,,,,,"[405034, 405033, 405032]",0
405034,1,405031,Brenthis ino,lesser marbled fritillary,eukaryota,false,,,,0.0906245605227982,3,,,88.9797,51.6667,10^-14.5913,,,,,,0.15104093420466366,5,,,72.7,30.0,10^-6.26072,,,,,,0
405033,1,405031,Brenthis hecate,twin-spot fritillary,eukaryota,false,,,,0.06041637368186547,2,,,96.0525,37.5,10^-11.1791,,,,,,,,,,,,,,,,,,0
405032,1,405031,Brenthis daphne,marbled fritillary,eukaryota,false,,,,0.12083274736373094,4,,,87.1805,52.0,10^-13.7871,,,,,,,,,,,,,,,,,,0
404432,2,404432,Salinicola,"",bacteria,false,,,,2.839569563047677,94,,,98.0639,99.3443,10^-52.552,,,,,,0.06041637368186547,2,,,89.25,32.5,10^-11.1211,,,,,"[3050071, 1949083, 1928762, 1771309, 1443141]",0
3050071,1,404432,Salinicola sp. JS01,"",bacteria,false,,,,1.5406175288875694,51,,,98.1612,100.394,10^-53.3469,,,,,,,,,,,,,,,,,,0
1949083,1,404432,Salinicola endophyticus,"",bacteria,false,,,,0.030208186840932735,1,,,100.0,66.0,10^-32.5484,,,,,,,,,,,,,,,,,,0
1928762,1,404432,Salinicola sp. MH3R3-1,"",bacteria,false,,,,,,,,,,,,,,,,0.030208186840932735,1,,,87.9,33.0,10^-9.90309,,,,,,0
1771309,1,404432,Salinicola tamaricis,"",bacteria,false,,,,1.2687438473191748,42,,,97.8733,99.2963,10^-52.3214,,,,,,,,,,,,,,,,,,0
1443141,1,404432,Salinicola rhizosphaerae,"",bacteria,false,,,,,,,,,,,,,,,,0.030208186840932735,1,,,90.6,32.0,10^-12.3391,,,,,,0
402649,2,402649,Actinomycetospora,"",bacteria,false,,,,0.030208186840932735,1,,,99.01,101.0,10^-55.0077,,,,,,0.030208186840932735,1,,,100.0,21.0,10^-4.22185,,,,,"[3032208, 1730226]",0
3032208,1,402649,Actinomycetospora sp. NBRC 106378,"",bacteria,false,,,,,,,,,,,,,,,,0.030208186840932735,1,,,100.0,21.0,10^-4.22185,,,,,,0
1730226,1,402649,Actinomycetospora sp. I12A-02645,"",bacteria,false,,,,0.030208186840932735,1,,,99.01,101.0,10^-55.0077,,,,,,,,,,,,,,,,,,0
401624,2,401624,Ceraceosorus,"",eukaryota,false,,,,,,,,,,,,,,,,0.06041637368186547,2,,,84.6,26.0,10^-6.5157,,,,,[401625],0
401625,1,401624,Ceraceosorus bombacis,"",eukaryota,false,,,,,,,,,,,,,,,,0.06041637368186547,2,,,84.6,26.0,10^-6.5157,,,,,,0
401469,2,401469,Undibacterium,"",bacteria,false,,,,,,,,,,,,,,,,0.030208186840932735,1,,,81.8,33.0,10^-11.2343,,,,,[1119058],0
1119058,1,401469,Undibacterium macrobrachii,"",bacteria,false,,,,,,,,,,,,,,,,0.030208186840932735,1,,,81.8,33.0,10^-11.2343,,,,,,0
399044,2,399044,Notodromas,"",eukaryota,false,,,,0.06041637368186547,2,,,94.595,37.0,10^-10.1556,,,,,,0.24166549472746188,8,,,83.65,29.125,10^-7.72961,,,,,[399045],0
399045,1,399044,Notodromas monacha,"",eukaryota,false,,,,0.06041637368186547,2,,,94.595,37.0,10^-10.1556,,,,,,0.24166549472746188,8,,,83.65,29.125,10^-7.72961,,,,,,0
396724,2,396724,Sephisa,"",eukaryota,false,,,,,,,,,,,,,,,,0.030208186840932735,1,,,100.0,24.0,10^-8.97062,,,,,[681815],0
681815,1,396724,Sephisa dichroa,"",eukaryota,false,,,,,,,,,,,,,,,,0.030208186840932735,1,,,100.0,24.0,10^-8.97062,,,,,,0
395590,2,395590,Zasmidium,"",eukaryota,false,,,,0.15104093420466366,5,,,98.485,83.5,10^-43.0918,,,,,,,,,,,,,,,,,"[2059775, 1629917, 395010]",0
2059775,1,395590,Zasmidium proteacearum,"",eukaryota,false,,,,0.030208186840932735,1,,,100.0,101.0,10^-56.3801,,,,,,,,,,,,,,,,,,0
1629917,1,395590,Zasmidium citrigriseum,"",eukaryota,false,,,,0.06041637368186547,2,,,100.0,101.0,10^-56.3801,,,,,,,,,,,,,,,,,,0
395010,1,395590,Zasmidium cellare,"",eukaryota,false,,,,0.06041637368186547,2,,,96.97,66.0,10^-29.8036,,,,,,,,,,,,,,,,,,0
395100,2,395100,Comarum,"",eukaryota,false,,,,0.15104093420466366,5,,,86.3226,48.2,10^-10.8743,,,,,,,,,,,,,,,,,[57932],0
57932,1,395100,Comarum palustre,"",eukaryota,false,,,,0.15104093420466366,5,,,86.3226,48.2,10^-10.8743,,,,,,,,,,,,,,,,,,0
393423,2,393423,Ozola,"",eukaryota,false,,,,,,,,,,,,,,,,0.030208186840932735,1,,,100.0,21.0,10^-4.01773,,,,,[2568799],0
2568799,1,393423,Ozola minor,"",eukaryota,false,,,,,,,,,,,,,,,,0.030208186840932735,1,,,100.0,21.0,10^-4.01773,,,,,,0
393392,2,393392,Macaria,"",eukaryota,false,,,,0.21145730788652914,7,,,88.8673,62.0,10^-19.8498,,,,,,,,,,,,,,,,,[688445],0
688445,1,393392,Macaria notata,"",eukaryota,false,,,,0.21145730788652914,7,,,88.8673,62.0,10^-19.8498,,,,,,,,,,,,,,,,,,0
393350,2,393350,Cabera,"",eukaryota,false,,,,0.24166549472746188,8,,,87.5397,52.5,10^-14.1307,,,,,,,,,,,,,,,,,[722659],0
722659,1,393350,Cabera pusaria,"",eukaryota,false,,,,0.24166549472746188,8,,,87.5397,52.5,10^-14.1307,,,,,,,,,,,,,,,,,,0
383515,2,383515,Mimela,"",eukaryota,false,,,,,,,,,,,,,,,,0.030208186840932735,1,,,100.0,33.0,10^-14.1267,,,,,[2055458],0
2055458,1,383515,Mimela sp. INB145,"",eukaryota,false,,,,,,,,,,,,,,,,0.030208186840932735,1,,,100.0,33.0,10^-14.1267,,,,,,0
378298,2,378298,Amphiduros,"",eukaryota,false,,,,0.15104093420466366,5,,,89.2986,44.6,10^-11.45,,,,,,,,,,,,,,,,,[1209993],0
1209993,1,378298,Amphiduros pacificus,"",eukaryota,false,,,,0.15104093420466366,5,,,89.2986,44.6,10^-11.45,,,,,,,,,,,,,,,,,,0
378268,2,378268,Infundibulicybe,"",eukaryota,false,,,,,,,,,,,,,,,,0.06041637368186547,2,,,62.5,24.0,10^-3.37469,,,,,[378275],0
378275,1,378268,Infundibulicybe gibba,"",eukaryota,false,,,,,,,,,,,,,,,,0.06041637368186547,2,,,62.5,24.0,10^-3.37469,,,,,,0
376488,2,376488,Halotalea,"",bacteria,false,,,,8.186418633892771,271,,,98.5405,256.906,10^-123.854,,,,,,0.06041637368186547,2,,,64.5,31.0,10^-3.62893,,,,,[376489],0
376489,1,376488,Halotalea alkalilenta,"",bacteria,false,,,,8.186418633892771,271,,,98.5405,256.906,10^-123.854,,,,,,0.06041637368186547,2,,,64.5,31.0,10^-3.62893,,,,,,0
375288,2,375288,Parabacteroides,"",bacteria,false,,,,,,,,,,,,,,,,0.15104093420466366,5,,,92.9,28.2,10^-8.69378,,,,,"[46503, 823]",0
46503,1,375288,Parabacteroides merdae,"",bacteria,false,,,,,,,,,,,,,,,,0.0906245605227982,3,,,89.2333,25.6667,10^-6.20838,,,,,,0
823,1,375288,Parabacteroides distasonis,"",bacteria,false,,,,,,,,,,,,,,,,0.06041637368186547,2,,,98.4,32.0,10^-12.4219,,,,,,0
374183,2,374183,Brachypalpus,"",eukaryota,false,,,,0.030208186840932735,1,,,94.444,36.0,10^-9.48129,,,,,,,,,,,,,,,,,[2234001],0
2234001,1,374183,Brachypalpus laphriformis,"",eukaryota,false,,,,0.030208186840932735,1,,,94.444,36.0,10^-9.48129,,,,,,,,,,,,,,,,,,0
370604,2,370604,Lamprigera,"",eukaryota,false,,,,,,,,,,,,,,,,0.3624982420911928,12,,,85.775,30.0833,10^-8.1571,,,,,[370605],0
370605,1,370604,Lamprigera yunnana,"",eukaryota,false,,,,,,,,,,,,,,,,0.3624982420911928,12,,,85.775,30.0833,10^-8.1571,,,,,,0
369248,2,369248,Vollenhovia,"",eukaryota,false,,,,0.4229146157730583,14,,,91.7749,54.8571,10^-18.2317,,,,,,0.3624982420911928,12,,,73.7917,29.3333,10^-6.04252,,,,,[411798],0
411798,1,369248,Vollenhovia emeryi,"",eukaryota,false,,,,0.4229146157730583,14,,,91.7749,54.8571,10^-18.2317,,,,,,0.3624982420911928,12,,,73.7917,29.3333,10^-6.04252,,,,,,0
369122,2,369122,Dinoponera,"",eukaryota,false,,,,0.1812491210455964,6,,,90.467,53.0,10^-16.8637,,,,,,0.0906245605227982,3,,,83.3667,32.6667,10^-9.21946,,,,,[609295],0
609295,1,369122,Dinoponera quadriceps,"",eukaryota,false,,,,0.1812491210455964,6,,,90.467,53.0,10^-16.8637,,,,,,0.0906245605227982,3,,,83.3667,32.6667,10^-9.21946,,,,,,0
364710,2,364710,Endocarpon,"",eukaryota,false,,,,0.030208186840932735,1,,,100.0,43.0,10^-16.9522,,,,,,,,,,,,,,,,,[364733],0
364733,1,364710,Endocarpon pusillum,"",eukaryota,false,,,,0.030208186840932735,1,,,100.0,43.0,10^-16.9522,,,,,,,,,,,,,,,,,,0
361607,2,361607,Patulibacter,"",bacteria,false,,,,0.0906245605227982,3,,,96.7723,80.3333,10^-39.1262,,,,,,,,,,,,,,,,,"[1097667, 585459]",0
1097667,1,361607,Patulibacter medicamentivorans,"",bacteria,false,,,,0.06041637368186547,2,,,97.484,99.0,10^-51.5855,,,,,,,,,,,,,,,,,,0
585459,1,361607,uncultured Patulibacter sp.,"",bacteria,false,,,,0.030208186840932735,1,,,95.349,43.0,10^-14.2074,,,,,,,,,,,,,,,,,,0
358905,2,358905,Serendipita,"",eukaryota,false,,,,0.030208186840932735,1,,,96.04,101.0,10^-50.8906,,,,,,0.15104093420466366,5,,,71.24,31.2,10^-5.51695,,,,,"[1505950, 109899, 65672]",0
1505950,1,358905,Serendipita herbamans,"",eukaryota,false,,,,0.030208186840932735,1,,,96.04,101.0,10^-50.8906,,,,,,,,,,,,,,,,,,0
109899,1,358905,Serendipita vermifera,"",eukaryota,false,,,,,,,,,,,,,,,,0.0906245605227982,3,,,73.2667,30.0,10^-4.32616,,,,,,0
65672,1,358905,Serendipita indica,"",eukaryota,false,,,,,,,,,,,,,,,,0.06041637368186547,2,,,68.2,33.0,10^-7.30313,,,,,,0
356392,2,356392,Limnoperna,"",eukaryota,false,,,,0.06041637368186547,2,,,92.857,42.0,10^-12.1591,,,,,,,,,,,,,,,,,[356393],0
356393,1,356392,Limnoperna fortunei,"",eukaryota,false,,,,0.06041637368186547,2,,,92.857,42.0,10^-12.1591,,,,,,,,,,,,,,,,,,0
355586,2,355586,Nesidiocoris,"",eukaryota,false,,,,,,,,,,,,,,,,4.712477147185506,156,,,52.4473,91.0649,10^-21.3588,,,,,[355587],0
355587,1,355586,Nesidiocoris tenuis,"",eukaryota,false,,,,,,,,,,,,,,,,4.712477147185506,156,,,52.4473,91.0649,10^-21.3588,,,,,,0
351532,2,351532,Schizotus,"",eukaryota,false,,,,0.5437473631367892,18,,,85.7882,105.667,10^-19.7186,,,,,,,,,,,,,,,,,[351686],0
351686,1,351532,Schizotus pectinicornis,"",eukaryota,false,,,,0.5437473631367892,18,,,85.7882,105.667,10^-19.7186,,,,,,,,,,,,,,,,,,0
348687,2,348687,Protaetia,"",eukaryota,false,,,,0.030208186840932735,1,,,82.09,67.0,10^-16.7596,,,,,,,,,,,,,,,,,[1163329],0
1163329,1,348687,Protaetia orientalis,"",eukaryota,false,,,,0.030208186840932735,1,,,82.09,67.0,10^-16.7596,,,,,,,,,,,,,,,,,,0
347753,2,347753,Oegoconia,"",eukaryota,false,,,,0.06041637368186547,2,,,86.957,69.0,10^-22.2363,,,,,,,,,,,,,,,,,[347754],0
347754,1,347753,Oegoconia quadripuncta,"",eukaryota,false,,,,0.06041637368186547,2,,,86.957,69.0,10^-22.2363,,,,,,,,,,,,,,,,,,0
347458,2,347458,Salpingus,"",eukaryota,false,,,,0.7249964841823856,24,,,92.0318,58.7083,10^-18.0008,,,,,,,,,,,,,,,,,[577144],0
577144,1,347458,Salpingus planirostris,"",eukaryota,false,,,,0.7249964841823856,24,,,92.0318,58.7083,10^-18.0008,,,,,,,,,,,,,,,,,,0
347423,2,347423,Othius,"",eukaryota,false,,,,0.3020818684093273,10,,,91.1978,55.0,10^-17.148,,,,,,,,,,,,,,,,,[347424],0
347424,1,347423,Othius punctulatus,"",eukaryota,false,,,,0.3020818684093273,10,,,91.1978,55.0,10^-17.148,,,,,,,,,,,,,,,,,,0
347361,2,347361,Hermaeophaga,"",eukaryota,false,,,,0.2718736815683946,9,,,87.4047,52.6667,10^-13.7492,,,,,,,,,,,,,,,,,[347362],0
347362,1,347361,Hermaeophaga mercurialis,"",eukaryota,false,,,,0.2718736815683946,9,,,87.4047,52.6667,10^-13.7492,,,,,,,,,,,,,,,,,,0
347358,2,347358,Halyzia,"",eukaryota,false,,,,0.12083274736373094,4,,,90.98,61.5,10^-19.9158,,,,,,,,,,,,,,,,,[347359],0
347359,1,347358,Halyzia sedecimguttata,orange ladybird,eukaryota,false,,,,0.12083274736373094,4,,,90.98,61.5,10^-19.9158,,,,,,,,,,,,,,,,,,0
345571,2,345571,Melanaphis,"",eukaryota,false,,,,0.06041637368186547,2,,,94.0525,44.0,10^-14.2015,,,,,,0.0906245605227982,3,,,74.65,32.0,10^-7.96358,,,,,[742174],0
742174,1,345571,Melanaphis sacchari,"",eukaryota,false,,,,0.06041637368186547,2,,,94.0525,44.0,10^-14.2015,,,,,,0.0906245605227982,3,,,74.65,32.0,10^-7.96358,,,,,,0
343582,2,343582,Nemotelus,"",eukaryota,false,,,,0.06041637368186547,2,,,89.744,39.0,10^-8.76035,,,,,,,,,,,,,,,,,[343700],0
343700,1,343582,Nemotelus nigrinus,"",eukaryota,false,,,,0.06041637368186547,2,,,89.744,39.0,10^-8.76035,,,,,,,,,,,,,,,,,,0
343581,2,343581,Hermetia,"",eukaryota,false,,,,1.601033902569435,53,,,86.6901,106.34,10^-28.5487,,,,,,3.5645660472300627,118,,,82.7996,54.7881,10^-13.8354,,,,,[343691],0
343691,1,343581,Hermetia illucens,black soldier fly,eukaryota,false,,,,1.601033902569435,53,,,86.6901,106.34,10^-28.5487,,,,,,3.5645660472300627,118,,,82.7996,54.7881,10^-13.8354,,,,,,0
336809,2,336809,Candidatus Karelsulcia,"",bacteria,false,,,,0.030208186840932735,1,,,92.079,101.0,10^-45.4011,,,,,,0.030208186840932735,1,,,100.0,33.0,10^-13.6198,,,,,[336810],0
336810,1,336809,Candidatus Karelsulcia muelleri,"",bacteria,false,,,,0.030208186840932735,1,,,92.079,101.0,10^-45.4011,,,,,,0.030208186840932735,1,,,100.0,33.0,10^-13.6198,,,,,,0
336803,2,336803,Thorsellia,"",bacteria,false,,,,0.2718736815683946,9,,,97.3663,97.2222,10^-50.2975,,,,,,,,,,,,,,,,,"[434305, 336804]",0
434305,1,336803,uncultured Thorsellia sp.,"",bacteria,false,,,,0.1812491210455964,6,,,97.0632,96.5,10^-49.424,,,,,,,,,,,,,,,,,,0
336804,1,336803,Thorsellia anophelis,"",bacteria,false,,,,0.0906245605227982,3,,,97.9727,98.6667,10^-52.0444,,,,,,,,,,,,,,,,,,0
335405,2,335405,Sphingosinicella,"",bacteria,false,,,,0.06041637368186547,2,,,99.505,101.0,10^-55.6939,,,,,,,,,,,,,,,,,[2771430],0
2771430,1,335405,Sphingosinicella flava,"",bacteria,false,,,,0.06041637368186547,2,,,99.505,101.0,10^-55.6939,,,,,,,,,,,,,,,,,,0
334624,2,334624,Oppiella,"",eukaryota,false,,,,0.5437473631367892,18,,,86.8768,58.7778,10^-16.9017,,,,,,0.0906245605227982,3,,,82.7667,30.0,10^-7.88763,,,,,[334625],0
334625,1,334624,Oppiella nova,"",eukaryota,false,,,,0.5437473631367892,18,,,86.8768,58.7778,10^-16.9017,,,,,,0.0906245605227982,3,,,82.7667,30.0,10^-7.88763,,,,,,0
333859,2,333859,Eulichas,"",eukaryota,false,,,,,,,,,,,,,,,,0.030208186840932735,1,,,100.0,28.0,10^-9.09044,,,,,[2055410],0
2055410,1,333859,Eulichas sp. INB025,"",eukaryota,false,,,,,,,,,,,,,,,,0.030208186840932735,1,,,100.0,28.0,10^-9.09044,,,,,,0
330927,2,330927,Leucocortinarius,"",eukaryota,false,,,,0.030208186840932735,1,,,91.0,100.0,10^-43.3469,,,,,,,,,,,,,,,,,[330940],0
330940,1,330927,Leucocortinarius bulbiger,"",eukaryota,false,,,,0.030208186840932735,1,,,91.0,100.0,10^-43.3469,,,,,,,,,,,,,,,,,,0
330926,2,330926,Mycenella,"",eukaryota,false,,,,0.030208186840932735,1,,,97.03,101.0,10^-52.2629,,,,,,,,,,,,,,,,,[330928],0
330928,1,330926,Mycenella salicina,"",eukaryota,false,,,,0.030208186840932735,1,,,97.03,101.0,10^-52.2629,,,,,,,,,,,,,,,,,,0
330843,2,330843,Ampulex,"",eukaryota,false,,,,,,,,,,,,,,,,0.12083274736373094,4,,,97.7,29.25,10^-10.2556,,,,,[860918],0
860918,1,330843,Ampulex compressa,"",eukaryota,false,,,,,,,,,,,,,,,,0.12083274736373094,4,,,97.7,29.25,10^-10.2556,,,,,,0
328890,2,328890,Hamearis,"",eukaryota,false,,,,,,,,,,,,,,,,0.030208186840932735,1,,,100.0,33.0,10^-17.0339,,,,,[328891],0
328891,1,328890,Hamearis lucina,Duke of Burgundy fritillary,eukaryota,false,,,,,,,,,,,,,,,,0.030208186840932735,1,,,100.0,33.0,10^-17.0339,,,,,,0
328864,2,328864,Urbanus,"",eukaryota,false,,,,0.24166549472746188,8,,,92.4005,55.25,10^-19.0855,,,,,,,,,,,,,,,,,[355208],0
355208,1,328864,Urbanus simplicius,"",eukaryota,false,,,,0.24166549472746188,8,,,92.4005,55.25,10^-19.0855,,,,,,,,,,,,,,,,,,0
326961,2,326961,Scotopteryx,"",eukaryota,false,,,,0.1812491210455964,6,,,87.0662,56.1667,10^-15.8176,,,,,,,,,,,,,,,,,[987009],0
987009,1,326961,Scotopteryx bipunctaria,"",eukaryota,false,,,,0.1812491210455964,6,,,87.0662,56.1667,10^-15.8176,,,,,,,,,,,,,,,,,,0
326956,2,326956,Thera,"",eukaryota,false,,,,1.0572865394326456,35,,,89.8097,78.0,10^-17.7341,,,,,,,,,,,,,,,,,[934896],0
934896,1,326956,Thera obeliscata,"",eukaryota,false,,,,1.0572865394326456,35,,,89.8097,78.0,10^-17.7341,,,,,,,,,,,,,,,,,,0
326944,2,326944,Perizoma,"",eukaryota,false,,,,0.06041637368186547,2,,,97.297,37.0,10^-11.528,,,,,,,,,,,,,,,,,[934819],0
934819,1,326944,Perizoma flavofasciatum,"",eukaryota,false,,,,0.06041637368186547,2,,,97.297,37.0,10^-11.528,,,,,,,,,,,,,,,,,,0
326606,2,326606,Annulohypoxylon,"",eukaryota,false,,,,0.24166549472746188,8,,,95.3786,77.7143,10^-35.8439,,,,,,0.33229005525026006,11,,,99.2889,30.5556,10^-11.8964,,,,,"[327061, 326628, 326616]",0
327061,1,326606,Annulohypoxylon truncatum,"",eukaryota,false,,,,0.06041637368186547,2,,,92.928,50.5,10^-17.237,,,,,,0.21145730788652914,7,,,100.0,30.4,10^-11.9314,,,,,,0
326628,1,326606,Annulohypoxylon stygium,"",eukaryota,false,,,,0.1812491210455964,6,,,96.3588,88.6,10^-43.2866,,,,,,,,,,,,,,,,,,0
326616,1,326606,Annulohypoxylon bovei,"",eukaryota,false,,,,,,,,,,,,,,,,0.12083274736373094,4,,,98.4,30.75,10^-11.8526,,,,,,0
322148,2,322148,Episeptum,"",eukaryota,false,,,,0.06041637368186547,2,,,92.347,45.5,10^-13.8411,,,,,,,,,,,,,,,,,[1966656],0
1966656,1,322148,Episeptum anaboliae,"",eukaryota,false,,,,0.06041637368186547,2,,,92.347,45.5,10^-13.8411,,,,,,,,,,,,,,,,,,0
321315,2,321315,Sphaerisporangium,"",bacteria,false,,,,,,,,,,,,,,,,0.030208186840932735,1,,,93.5,31.0,10^-8.83863,,,,,[795645],0
795645,1,321315,Sphaerisporangium siamense,"",bacteria,false,,,,,,,,,,,,,,,,0.030208186840932735,1,,,93.5,31.0,10^-8.83863,,,,,,0
320465,2,320465,Aromia,"",eukaryota,false,,,,,,,,,,,,,,,,0.3020818684093273,10,,,80.21,30.0,10^-7.55848,,,,,[1265417],0
1265417,1,320465,Aromia moschata,"",eukaryota,false,,,,,,,,,,,,,,,,0.3020818684093273,10,,,80.21,30.0,10^-7.55848,,,,,,0
320283,2,320283,Pseudopontia,"",eukaryota,false,,,,,,,,,,,,,,,,0.06041637368186547,2,,,100.0,25.0,10^-6.98297,,,,,[320284],0
320284,1,320283,Pseudopontia paradoxa,"",eukaryota,false,,,,,,,,,,,,,,,,0.06041637368186547,2,,,100.0,25.0,10^-6.98297,,,,,,0
320234,2,320234,Leptophobia,"",eukaryota,false,,,,0.12083274736373094,4,,,92.6247,42.75,10^-12.3244,,,,,,,,,,,,,,,,,[320235],0
320235,1,320234,Leptophobia aripa,"",eukaryota,false,,,,0.12083274736373094,4,,,92.6247,42.75,10^-12.3244,,,,,,,,,,,,,,,,,,0
320101,2,320101,Conistra,"",eukaryota,false,,,,0.06041637368186547,2,,,93.3335,38.0,10^-10.1446,,,,,,,,,,,,,,,,,[706635],0
706635,1,320101,Conistra vaccinii,"",eukaryota,false,,,,0.06041637368186547,2,,,93.3335,38.0,10^-10.1446,,,,,,,,,,,,,,,,,,0
320087,2,320087,Euplexia,"",eukaryota,false,,,,0.030208186840932735,1,,,91.892,37.0,10^-8.78321,,,,,,,,,,,,,,,,,[987933],0
987933,1,320087,Euplexia lucipara,"",eukaryota,false,,,,0.030208186840932735,1,,,91.892,37.0,10^-8.78321,,,,,,,,,,,,,,,,,,0
320076,2,320076,Caradrina,"",eukaryota,false,,,,0.0906245605227982,3,,,87.2693,45.3333,10^-9.85377,,,,,,,,,,,,,,,,,[987895],0
987895,1,320076,Caradrina clavipalpis,"",eukaryota,false,,,,0.0906245605227982,3,,,87.2693,45.3333,10^-9.85377,,,,,,,,,,,,,,,,,,0
320033,2,320033,Diarsia,"",eukaryota,false,,,,0.33229005525026006,11,,,89.897,60.4545,10^-20.1855,,,,,,,,,,,,,,,,,"[1804828, 987925, 987924]",0
1804828,1,320033,Diarsia dahlii,"",eukaryota,false,,,,0.1812491210455964,6,,,90.3508,69.3333,10^-25.2162,,,,,,,,,,,,,,,,,,0
987925,1,320033,Diarsia rubi,"",eukaryota,false,,,,0.030208186840932735,1,,,90.0,40.0,10^-9.43554,,,,,,,,,,,,,,,,,,0
987924,1,320033,Diarsia mendica,"",eukaryota,false,,,,0.12083274736373094,4,,,89.1905,52.25,10^-15.327,,,,,,,,,,,,,,,,,,0
320016,2,320016,Xestia,"",eukaryota,false,,,,0.5135391762958564,17,,,89.3162,51.1765,10^-14.7604,,,,,,,,,,,,,,,,,"[997545, 988049, 988043, 987431]",0
997545,1,320016,Xestia sexstrigata,"",eukaryota,false,,,,0.15104093420466366,5,,,88.754,68.4,10^-23.5064,,,,,,,,,,,,,,,,,,0
988049,1,320016,Xestia xanthographa,"",eukaryota,false,,,,0.21145730788652914,7,,,88.4306,46.5714,10^-11.7316,,,,,,,,,,,,,,,,,,0
988043,1,320016,Xestia ashworthii,"",eukaryota,false,,,,0.030208186840932735,1,,,94.872,39.0,10^-11.5051,,,,,,,,,,,,,,,,,,0
987431,1,320016,Xestia c-nigrum,spotted cutworm,eukaryota,false,,,,0.12083274736373094,4,,,90.18,40.75,10^-9.9422,,,,,,,,,,,,,,,,,,0
319982,2,319982,Diloba,"",eukaryota,false,,,,0.21145730788652914,7,,,86.3914,53.2857,10^-13.5351,,,,,,,,,,,,,,,,,[987926],0
987926,1,319982,Diloba caeruleocephala,"",eukaryota,false,,,,0.21145730788652914,7,,,86.3914,53.2857,10^-13.5351,,,,,,,,,,,,,,,,,,0
319798,2,319798,Euproctis,"",eukaryota,false,,,,0.0906245605227982,3,,,89.5917,67.3333,10^-23.8488,,,,,,,,,,,,,,,,,[987935],0
987935,1,319798,Euproctis similis,"",eukaryota,false,,,,0.0906245605227982,3,,,89.5917,67.3333,10^-23.8488,,,,,,,,,,,,,,,,,,0
318808,2,318808,Acholoe,"",eukaryota,false,,,,0.2718736815683946,9,,,92.0951,39.75,10^-10.4683,,,,,,,,,,,,,,,,,[2922911],0
2922911,1,318808,Acholoe squamosa,"",eukaryota,false,,,,0.2718736815683946,9,,,92.0951,39.75,10^-10.4683,,,,,,,,,,,,,,,,,,0
318727,2,318727,Sagiolechia,"",eukaryota,false,,,,0.030208186840932735,1,,,100.0,88.0,10^-47.5195,,,,,,,,,,,,,,,,,[909481],0
909481,1,318727,Sagiolechia protuberans,"",eukaryota,false,,,,0.030208186840932735,1,,,100.0,88.0,10^-47.5195,,,,,,,,,,,,,,,,,,0
317801,2,317801,Eretmapodites,"",eukaryota,false,,,,0.0906245605227982,3,,,95.0733,77.3333,10^-35.2251,,,,,,,,,,,,,,,,,[667560],0
667560,1,317801,Eretmapodites intermedius,"",eukaryota,false,,,,0.0906245605227982,3,,,95.0733,77.3333,10^-35.2251,,,,,,,,,,,,,,,,,,0
317800,2,317800,Opifex,"",eukaryota,false,,,,,,,,,,,,,,,,0.0906245605227982,3,,,97.9667,32.3333,10^-11.1157,,,,,[704161],0
704161,1,317800,Opifex fuscus,"",eukaryota,false,,,,,,,,,,,,,,,,0.0906245605227982,3,,,97.9667,32.3333,10^-11.1157,,,,,,0
316612,2,316612,Methylibium,"",bacteria,false,,,,0.030208186840932735,1,,,100.0,101.0,10^-56.3801,,,,,,,,,,,,,,,,,[105560],0
105560,1,316612,Methylibium petroleiphilum,"",bacteria,false,,,,0.030208186840932735,1,,,100.0,101.0,10^-56.3801,,,,,,,,,,,,,,,,,,0
315556,2,315556,Clunio,"",eukaryota,false,,,,,,,,,,,,,,,,3.7760233551165916,125,,,86.9991,52.992,10^-19.1075,,,,,[568069],0
568069,1,315556,Clunio marinus,"",eukaryota,false,,,,,,,,,,,,,,,,3.7760233551165916,125,,,86.9991,52.992,10^-19.1075,,,,,,0
315555,2,315555,Belgica,"",eukaryota,false,,,,0.06041637368186547,2,,,90.7405,81.0,10^-32.4594,,,,,,,,,,,,,,,,,[315563],0
315563,1,315555,Belgica antarctica,"",eukaryota,false,,,,0.06041637368186547,2,,,90.7405,81.0,10^-32.4594,,,,,,,,,,,,,,,,,,0
314126,2,314126,Drechslerella,"",eukaryota,false,,,,,,,,,,,,,,,,0.453122802613991,15,,,66.0779,34.3333,10^-9.84484,,,,,[47238],0
47238,1,314126,Drechslerella brochopaga,"",eukaryota,false,,,,,,,,,,,,,,,,0.453122802613991,15,,,66.0779,34.3333,10^-9.84484,,,,,,0
309576,2,309576,Ecdyonurus,"",eukaryota,false,,,,0.7552046710233183,25,,,85.6482,94.72,10^-22.9635,,,,,,,,,,,,,,,,,[2014018],0
2014018,1,309576,Ecdyonurus torrentis,"",eukaryota,false,,,,0.7552046710233183,25,,,85.6482,94.72,10^-22.9635,,,,,,,,,,,,,,,,,,0
308926,2,308926,Diversispora,"",eukaryota,false,,,,,,,,,,,,,,,,0.6041637368186547,20,,,80.4585,33.95,10^-9.60269,,,,,[1348612],0
1348612,1,308926,Diversispora epigaea,"",eukaryota,false,,,,,,,,,,,,,,,,0.6041637368186547,20,,,80.4585,33.95,10^-9.60269,,,,,,0
308865,2,308865,Elizabethkingia,"",bacteria,false,,,,0.0906245605227982,3,,,92.6163,60.6667,10^-24.8474,,,,,,,,,,,,,,,,,"[1756149, 1117645]",1
1756149,1,308865,Elizabethkingia bruuniana,"",bacteria,false,,,,0.030208186840932735,1,,,82.5,40.0,10^-5.31842,,,,,,,,,,,,,,,,,,0
1117645,1,308865,Elizabethkingia anophelis,"",bacteria,false,,,,0.06041637368186547,2,,,97.6745,71.0,10^-34.6119,,,,,,,,,,,,,,,,,,1
305899,2,305899,Endozoicomonas,"",bacteria,false,,,,,,,,,,,,,,,,0.0906245605227982,3,,,93.3,30.0,10^-7.86276,,,,,[1137799],0
1137799,1,305899,Endozoicomonas numazuensis,"",bacteria,false,,,,,,,,,,,,,,,,0.0906245605227982,3,,,93.3,30.0,10^-7.86276,,,,,,0
305546,2,305546,Thecophora,"",eukaryota,false,,,,2.4468631341155516,81,,,84.4967,109.667,10^-20.8635,,,,,,,,,,,,,,,,,[1219171],0
1219171,1,305546,Thecophora atra,"",eukaryota,false,,,,2.4468631341155516,81,,,84.4967,109.667,10^-20.8635,,,,,,,,,,,,,,,,,,0
301203,2,301203,Karstenula,"",eukaryota,false,,,,,,,,,,,,,,,,0.030208186840932735,1,,,97.0,33.0,10^-7.66555,,,,,[301204],0
301204,1,301203,Karstenula rhodostoma,"",eukaryota,false,,,,,,,,,,,,,,,,0.030208186840932735,1,,,97.0,33.0,10^-7.66555,,,,,,0
301170,2,301170,Phengaris,"",eukaryota,false,,,,,,,,,,,,,,,,0.030208186840932735,1,,,71.9,32.0,10^-5.49621,,,,,[203778],0
203778,1,301170,Phengaris teleius,"",eukaryota,false,,,,,,,,,,,,,,,,0.030208186840932735,1,,,71.9,32.0,10^-5.49621,,,,,,0
300855,2,300855,Bembecia,"",eukaryota,false,,,,0.1812491210455964,6,,,91.086,52.3333,10^-15.7402,,,,,,,,,,,,,,,,,[301037],0
301037,1,300855,Bembecia ichneumoniformis,six-belted clearwing,eukaryota,false,,,,0.1812491210455964,6,,,91.086,52.3333,10^-15.7402,,,,,,,,,,,,,,,,,,0
300264,2,300264,Silvimonas,"",bacteria,false,,,,0.030208186840932735,1,,,95.455,44.0,10^-14.8836,,,,,,,,,,,,,,,,,[2980100],0
2980100,1,300264,Silvimonas soli,"",bacteria,false,,,,0.030208186840932735,1,,,95.455,44.0,10^-14.8836,,,,,,,,,,,,,,,,,,0
300110,2,300110,Temnothorax,"",eukaryota,false,,,,0.8156210447051838,27,,,84.9026,120.593,10^-25.0649,,,,,,1.6312420894103676,54,,,62.1887,56.6538,10^-14.825,,,,,"[300112, 300111]",0
300112,1,300110,Temnothorax longispinosus,"",eukaryota,false,,,,,,,,,,,,,,,,0.6343719236595874,21,,,83.9701,46.619,10^-20.1323,,,,,,0
300111,1,300110,Temnothorax curvispinosus,"",eukaryota,false,,,,0.8156210447051838,27,,,84.9026,120.593,10^-25.0649,,,,,,0.9968701657507802,33,,,47.4336,63.4516,10^-11.2297,,,,,,0
299330,2,299330,Lobosporangium,"",eukaryota,false,,,,0.030208186840932735,1,,,91.667,48.0,10^-14.8458,,,,,,,,,,,,,,,,,[64571],0
64571,1,299330,Lobosporangium transversale,"",eukaryota,false,,,,0.030208186840932735,1,,,91.667,48.0,10^-14.8458,,,,,,,,,,,,,,,,,,0
298272,2,298272,Orchestes,"",eukaryota,false,,,,0.48333098945492375,16,,,90.8564,49.0,10^-14.4219,,,,,,,,,,,,,,,,,[878341],0
878341,1,298272,Orchestes rusci,"",eukaryota,false,,,,0.48333098945492375,16,,,90.8564,49.0,10^-14.4219,,,,,,,,,,,,,,,,,,0
297978,2,297978,Mesopsocus,"",eukaryota,false,,,,0.8760374183870493,29,,,85.988,89.6552,10^-17.1,,,,,,,,,,,,,,,,,[2866285],0
2866285,1,297978,Mesopsocus fuscifrons,"",eukaryota,false,,,,0.8760374183870493,29,,,85.988,89.6552,10^-17.1,,,,,,,,,,,,,,,,,,0
297881,2,297881,Phaeographis,"",eukaryota,false,,,,0.06041637368186547,2,,,99.3825,81.0,10^-42.066,,,,,,,,,,,,,,,,,"[1232528, 377386]",0
1232528,1,297881,Phaeographis alcicornis,"",eukaryota,false,,,,0.030208186840932735,1,,,98.765,81.0,10^-41.3798,,,,,,,,,,,,,,,,,,0
377386,1,297881,Phaeographis intricans,"",eukaryota,false,,,,0.030208186840932735,1,,,100.0,81.0,10^-42.7522,,,,,,,,,,,,,,,,,,0
295994,2,295994,Anaspis,"",eukaryota,false,,,,1.6614502762513004,55,,,85.9906,75.0926,10^-12.1798,,,,,,,,,,,,,,,,,[295995],0
295995,1,295994,Anaspis maculata,"",eukaryota,false,,,,1.6614502762513004,55,,,85.9906,75.0926,10^-12.1798,,,,,,,,,,,,,,,,,,0
295984,2,295984,Pyrochroa,"",eukaryota,false,,,,0.7854128578642511,26,,,86.4068,77.5769,10^-13.5242,,,,,,,,,,,,,,,,,[346838],0
346838,1,295984,Pyrochroa serraticornis,"",eukaryota,false,,,,0.7854128578642511,26,,,86.4068,77.5769,10^-13.5242,,,,,,,,,,,,,,,,,,0
295941,2,295941,Aspidiphorus,"",eukaryota,false,,,,0.06041637368186547,2,,,87.6905,89.5,10^-33.4457,,,,,,0.06041637368186547,2,,,100.0,27.0,10^-7.62083,,,,,[2055335],0
2055335,1,295941,Aspidiphorus sp. CSR053,"",eukaryota,false,,,,0.06041637368186547,2,,,87.6905,89.5,10^-33.4457,,,,,,0.06041637368186547,2,,,100.0,27.0,10^-7.62083,,,,,,0
295832,2,295832,Endomychus,"",eukaryota,false,,,,0.21145730788652914,7,,,91.0237,46.5714,10^-13.4925,,,,,,,,,,,,,,,,,[295833],0
295833,1,295832,Endomychus coccineus,"",eukaryota,false,,,,0.21145730788652914,7,,,91.0237,46.5714,10^-13.4925,,,,,,,,,,,,,,,,,,0
295699,2,295699,Malachius,"",eukaryota,false,,,,0.5135391762958564,17,,,88.8785,133.588,10^-30.0508,,,,,,,,,,,,,,,,,[295700],0
295700,1,295699,Malachius bipustulatus,"",eukaryota,false,,,,0.5135391762958564,17,,,88.8785,133.588,10^-30.0508,,,,,,,,,,,,,,,,,,0
295657,2,295657,Dorcatoma,"",eukaryota,false,,,,0.1812491210455964,6,,,90.1543,74.6667,10^-28.3791,,,,,,,,,,,,,,,,,[2055397],0
2055397,1,295657,Dorcatoma sp. CSR046,"",eukaryota,false,,,,0.1812491210455964,6,,,90.1543,74.6667,10^-28.3791,,,,,,,,,,,,,,,,,,0
295643,2,295643,Scaphidium,"",eukaryota,false,,,,,,,,,,,,,,,,0.06041637368186547,2,,,93.9,33.0,10^-11.054,,,,,[1803383],0
1803383,1,295643,Scaphidium morimotoi,"",eukaryota,false,,,,,,,,,,,,,,,,0.06041637368186547,2,,,93.9,33.0,10^-11.054,,,,,,0
295625,2,295625,Osorius,"",eukaryota,false,,,,,,,,,,,,,,,,0.1812491210455964,6,,,93.9,33.0,10^-12.1175,,,,,[2055481],0
2055481,1,295625,Osorius sp. INB087,"",eukaryota,false,,,,,,,,,,,,,,,,0.1812491210455964,6,,,93.9,33.0,10^-12.1175,,,,,,0
294691,2,294691,Psylliodes,"",eukaryota,false,,,,0.48333098945492375,16,,,88.2747,56.125,10^-15.9108,,,,,,0.24166549472746188,8,,,78.75,30.0,10^-6.15226,,,,,[2598218],0
2598218,1,294691,Psylliodes chrysocephala,"",eukaryota,false,,,,0.48333098945492375,16,,,88.2747,56.125,10^-15.9108,,,,,,0.24166549472746188,8,,,78.75,30.0,10^-6.15226,,,,,,0
293340,2,293340,Grapholita,"",eukaryota,false,,,,0.06041637368186547,2,,,91.4855,52.5,10^-17.2312,,,,,,,,,,,,,,,,,[192188],0
192188,1,293340,Grapholita molesta,oriental fruit moth,eukaryota,false,,,,0.06041637368186547,2,,,91.4855,52.5,10^-17.2312,,,,,,,,,,,,,,,,,,0
292570,2,292570,Euclidia,"",eukaryota,false,,,,0.06041637368186547,2,,,90.238,41.0,10^-10.1111,,,,,,,,,,,,,,,,,[938167],0
938167,1,292570,Euclidia mi,"",eukaryota,false,,,,0.06041637368186547,2,,,90.238,41.0,10^-10.1111,,,,,,,,,,,,,,,,,,0
292457,2,292457,Agriotes,"",eukaryota,false,,,,0.06041637368186547,2,,,90.769,65.0,10^-23.6346,,,,,,,,,,,,,,,,,[292458],0
292458,1,292457,Agriotes lineatus,"",eukaryota,false,,,,0.06041637368186547,2,,,90.769,65.0,10^-23.6346,,,,,,,,,,,,,,,,,,0
291363,2,291363,Lecanicillium,"",eukaryota,false,,,,0.3020818684093273,10,,,99.1827,98.0,10^-53.2369,,,,,,,,,,,,,,,,,"[468837, 132583, 93591, 73499]",0
468837,1,291363,Lecanicillium saksenae,"",eukaryota,false,,,,0.0906245605227982,3,,,97.6193,97.0,10^-50.4509,,,,,,,,,,,,,,,,,,0
132583,1,291363,Lecanicillium dimorphum,"",eukaryota,false,,,,0.12083274736373094,4,,,100.0,99.25,10^-55.187,,,,,,,,,,,,,,,,,,0
93591,1,291363,Lecanicillium fungicola,"",eukaryota,false,,,,0.030208186840932735,1,,,98.969,97.0,10^-52.2805,,,,,,,,,,,,,,,,,,0
73499,1,291363,Lecanicillium psalliotae,"",eukaryota,false,,,,0.06041637368186547,2,,,100.0,97.5,10^-53.9939,,,,,,,,,,,,,,,,,,0
290678,2,290678,Cetonia,"",eukaryota,false,,,,0.6343719236595874,21,,,90.4073,81.5238,10^-21.3231,,,,,,,,,,,,,,,,,[290679],0
290679,1,290678,Cetonia aurata,"",eukaryota,false,,,,0.6343719236595874,21,,,90.4073,81.5238,10^-21.3231,,,,,,,,,,,,,,,,,,0
290671,2,290671,Ocypus,"",eukaryota,false,,,,0.6343719236595874,21,,,92.087,51.5714,10^-17.2112,,,,,,,,,,,,,,,,,"[1553593, 662956]",0
1553593,1,290671,Ocypus brunnipes,"",eukaryota,false,,,,0.030208186840932735,1,,,90.541,74.0,10^-28.3816,,,,,,,,,,,,,,,,,,0
662956,1,290671,Ocypus olens,"",eukaryota,false,,,,0.6041637368186547,20,,,92.1643,50.45,10^-16.6526,,,,,,,,,,,,,,,,,,0
290635,2,290635,Georissus,"",eukaryota,false,,,,,,,,,,,,,,,,0.030208186840932735,1,,,100.0,33.0,10^-14.0424,,,,,[2055413],0
2055413,1,290635,Georissus sp. INB106,"",eukaryota,false,,,,,,,,,,,,,,,,0.030208186840932735,1,,,100.0,33.0,10^-14.0424,,,,,,0
290425,2,290425,Advenella,"",bacteria,false,,,,,,,,,,,,,,,,0.21145730788652914,7,,,63.8389,59.2857,10^-13.095,,,,,[302406],0
302406,1,290425,Advenella mimigardefordensis,"",bacteria,false,,,,,,,,,,,,,,,,0.21145730788652914,7,,,63.8389,59.2857,10^-13.095,,,,,,0
290403,2,290403,Eupeodes,"",eukaryota,false,,,,0.8458292315461166,28,,,85.0977,110.036,10^-23.2038,,,,,,1.4197847815238385,47,,,82.7478,31.413,10^-8.25973,,,,,"[1124558, 290404]",0
1124558,1,290403,Eupeodes latifasciatus,"",eukaryota,false,,,,0.12083274736373094,4,,,87.302,48.25,10^-11.9286,,,,,,,,,,,,,,,,,,0
290404,1,290403,Eupeodes corollae,"",eukaryota,false,,,,0.7249964841823856,24,,,84.7303,120.333,10^-25.083,,,,,,1.4197847815238385,47,,,82.7478,31.413,10^-8.25973,,,,,,0
289933,2,289933,Diachea,"",eukaryota,false,,,,0.06041637368186547,2,,,97.727,88.0,10^-44.7747,,,,,,,,,,,,,,,,,[385471],0
385471,1,289933,Diachea leucopodia,"",eukaryota,false,,,,0.06041637368186547,2,,,97.727,88.0,10^-44.7747,,,,,,,,,,,,,,,,,,0
289280,2,289280,Arctia,"",eukaryota,false,,,,,,,,,,,,,,,,0.453122802613991,15,,,83.1471,38.7857,10^-13.4783,,,,,[874455],0
874455,1,289280,Arctia plantaginis,"",eukaryota,false,,,,,,,,,,,,,,,,0.453122802613991,15,,,83.1471,38.7857,10^-13.4783,,,,,,0
288843,2,288843,Eukiefferiella,"",eukaryota,false,,,,0.12083274736373094,4,,,90.6543,56.5,10^-18.8996,,,,,,,,,,,,,,,,,[903429],0
903429,1,288843,Eukiefferiella insolida,"",eukaryota,false,,,,0.12083274736373094,4,,,90.6543,56.5,10^-18.8996,,,,,,,,,,,,,,,,,,0
288425,2,288425,Turbinellus,"",eukaryota,false,,,,0.030208186840932735,1,,,95.402,87.0,10^-41.3488,,,,,,,,,,,,,,,,,[288723],0
288723,1,288425,Turbinellus floccosus,"",eukaryota,false,,,,0.030208186840932735,1,,,95.402,87.0,10^-41.3488,,,,,,,,,,,,,,,,,,0
288388,2,288388,Cerceris,"",eukaryota,false,,,,0.2718736815683946,9,,,92.471,50.3333,10^-16.2811,,,,,,,,,,,,,,,,,[1167272],0
1167272,1,288388,Cerceris rybyensis,"",eukaryota,false,,,,0.2718736815683946,9,,,92.471,50.3333,10^-16.2811,,,,,,,,,,,,,,,,,,0
287191,2,287191,Sesia,"",eukaryota,false,,,,0.3020818684093273,10,,,88.5786,65.9,10^-22.0676,,,,,,,,,,,,,,,,,"[748215, 287197]",0
748215,1,287191,Sesia apiformis,"",eukaryota,false,,,,0.06041637368186547,2,,,87.719,63.0,10^-19.5455,,,,,,,,,,,,,,,,,,0
287197,1,287191,Sesia bembeciformis,"",eukaryota,false,,,,0.24166549472746188,8,,,88.7935,66.625,10^-22.6981,,,,,,,,,,,,,,,,,,0
287110,2,287110,Zygaena,"",eukaryota,false,,,,0.39270642893212554,13,,,95.672,40.3846,10^-12.7573,,,,,,,,,,,,,,,,,[287375],0
287375,1,287110,Zygaena filipendulae,"",eukaryota,false,,,,0.39270642893212554,13,,,95.672,40.3846,10^-12.7573,,,,,,,,,,,,,,,,,,0
287107,2,287107,Apoda,"",eukaryota,false,,,,0.1812491210455964,6,,,91.6113,55.1667,10^-18.5734,,,,,,,,,,,,,,,,,[287200],0
287200,1,287107,Apoda limacodes,"",eukaryota,false,,,,0.1812491210455964,6,,,91.6113,55.1667,10^-18.5734,,,,,,,,,,,,,,,,,,0
286705,2,286705,Halyomorpha,"",eukaryota,false,,,,0.12083274736373094,4,,,90.6478,65.75,10^-23.8366,,,,,,0.6645801105005201,22,,,51.2401,108.05,10^-27.2397,,,,,[286706],0
286706,1,286705,Halyomorpha halys,brown marmorated stink bug,eukaryota,false,,,,0.12083274736373094,4,,,90.6478,65.75,10^-23.8366,,,,,,0.6645801105005201,22,,,51.2401,108.05,10^-27.2397,,,,,,0
286681,2,286681,Ramazzottius,"",eukaryota,false,,,,,,,,,,,,,,,,0.030208186840932735,1,,,90.3,31.0,10^-8.61439,,,,,[947166],0
947166,1,286681,Ramazzottius varieornatus,"",eukaryota,false,,,,,,,,,,,,,,,,0.030208186840932735,1,,,90.3,31.0,10^-8.61439,,,,,,0
286498,2,286498,Palloptera,"",eukaryota,false,,,,1.3291602210010403,44,,,83.7513,222.0,10^-44.4899,,,,,,,,,,,,,,,,,[2849646],0
2849646,1,286498,Palloptera scutellata,"",eukaryota,false,,,,1.3291602210010403,44,,,83.7513,222.0,10^-44.4899,,,,,,,,,,,,,,,,,,0
286486,2,286486,Myopa,"",eukaryota,false,,,,1.2083274736373093,40,,,89.7123,61.1,10^-19.879,,,,,,,,,,,,,,,,,"[2867102, 2829445]",0
2867102,1,286486,Myopa testacea,"",eukaryota,false,,,,0.8458292315461166,28,,,90.0533,61.9643,10^-20.7653,,,,,,,,,,,,,,,,,,0
2829445,1,286486,Myopa tessellatipennis,"",eukaryota,false,,,,0.3624982420911928,12,,,88.9166,59.0833,10^-17.811,,,,,,,,,,,,,,,,,,0
286458,2,286458,Episyrphus,"",eukaryota,false,,,,1.0270783525917129,34,,,86.4881,91.2941,10^-19.4946,,,,,,2.3260303867518206,77,,,84.9364,30.5195,10^-7.34319,,,,,[286459],0
286459,1,286458,Episyrphus balteatus,marmalade hoverfly,eukaryota,false,,,,1.0270783525917129,34,,,86.4881,91.2941,10^-19.4946,,,,,,2.3260303867518206,77,,,84.9364,30.5195,10^-7.34319,,,,,,0
286455,2,286455,Conops,"",eukaryota,false,,,,0.453122802613991,15,,,92.034,60.5333,10^-21.8167,,,,,,,,,,,,,,,,,[2823188],0
2823188,1,286455,Conops quadrifasciatus,"",eukaryota,false,,,,0.453122802613991,15,,,92.034,60.5333,10^-21.8167,,,,,,,,,,,,,,,,,,0
286114,2,286114,Synchytrium,"",eukaryota,false,,,,0.06041637368186547,2,,,91.476,51.5,10^-16.5332,,,,,,0.030208186840932735,1,,,59.4,32.0,10^-3.04431,,,,,"[1806994, 286115]",0
1806994,1,286114,Synchytrium microbalum,"",eukaryota,false,,,,0.06041637368186547,2,,,91.476,51.5,10^-16.5332,,,,,,,,,,,,,,,,,,0
286115,1,286114,Synchytrium endobioticum,"",eukaryota,false,,,,,,,,,,,,,,,,0.030208186840932735,1,,,59.4,32.0,10^-3.04431,,,,,,0
285810,2,285810,Pyrenochaeta,"",eukaryota,false,,,,,,,,,,,,,,,,0.21145730788652914,7,,,88.1714,28.7143,10^-9.2818,,,,,"[2829485, 765867]",0
2829485,1,285810,Pyrenochaeta sp. MPI-SDFR-AT-0127,"",eukaryota,false,,,,,,,,,,,,,,,,0.06041637368186547,2,,,84.85,33.0,10^-9.57459,,,,,,0
765867,1,285810,Pyrenochaeta sp. DS3sAY3a,"",eukaryota,false,,,,,,,,,,,,,,,,0.15104093420466366,5,,,89.5,27.0,10^-9.16468,,,,,,0
285222,2,285222,Dascillus,"",eukaryota,false,,,,0.1812491210455964,6,,,89.4078,64.1667,10^-21.7149,,,,,,,,,,,,,,,,,[285223],0
285223,1,285222,Dascillus cervinus,orchid beetle,eukaryota,false,,,,0.1812491210455964,6,,,89.4078,64.1667,10^-21.7149,,,,,,,,,,,,,,,,,,0
283833,2,283833,Deilephila,"",eukaryota,false,,,,0.4229146157730583,14,,,89.6421,59.0,10^-18.805,,,,,,,,,,,,,,,,,"[644661, 283834]",0
644661,1,283833,Deilephila porcellus,"",eukaryota,false,,,,0.21145730788652914,7,,,89.4899,50.0,10^-13.8575,,,,,,,,,,,,,,,,,,0
283834,1,283833,Deilephila elpenor,elephant hawk-moth,eukaryota,false,,,,0.21145730788652914,7,,,89.7944,68.0,10^-23.7525,,,,,,,,,,,,,,,,,,0
282132,2,282132,Protochlamydia,"",bacteria,false,,,,,,,,,,,,,,,,0.030208186840932735,1,,,65.5,29.0,10^-3.44129,,,,,[362787],0
362787,1,282132,Candidatus Protochlamydia amoebophila,"",bacteria,false,,,,,,,,,,,,,,,,0.030208186840932735,1,,,65.5,29.0,10^-3.44129,,,,,,0
281915,2,281915,Curvibacter,"",bacteria,false,,,,,,,,,,,,,,,,0.21145730788652914,7,,,90.2143,32.1429,10^-11.6319,,,,,[667019],0
667019,1,281915,Curvibacter putative symbiont of Hydra magnipapillata,"",bacteria,false,,,,,,,,,,,,,,,,0.21145730788652914,7,,,90.2143,32.1429,10^-11.6319,,,,,,0
281718,2,281718,Polyozellus,"",eukaryota,false,,,,0.030208186840932735,1,,,96.429,84.0,10^-40.6778,,,,,,,,,,,,,,,,,[281719],0
281719,1,281718,Polyozellus multiplex,"",eukaryota,false,,,,0.030208186840932735,1,,,96.429,84.0,10^-40.6778,,,,,,,,,,,,,,,,,,0
281119,2,281119,Candidatus Amoebophilus,"",bacteria,false,,,,,,,,,,,,,,,,0.1812491210455964,6,,,53.7627,63.0,10^-10.5124,,,,,[281120],0
281120,1,281119,Candidatus Amoebophilus asiaticus,"",bacteria,false,,,,,,,,,,,,,,,,0.1812491210455964,6,,,53.7627,63.0,10^-10.5124,,,,,,0
279439,2,279439,Sisyra,"",eukaryota,false,,,,3.624982420911928,120,,,88.594,84.4,10^-15.8945,,,,,,,,,,,,,,,,,"[1560625, 279440]",0
1560625,1,279439,Sisyra terminalis,"",eukaryota,false,,,,2.5676958814792825,85,,,90.1496,62.5882,10^-12.0944,,,,,,,,,,,,,,,,,,0
279440,1,279439,Sisyra nigra,"",eukaryota,false,,,,1.0572865394326456,35,,,84.816,137.371,10^-25.1235,,,,,,,,,,,,,,,,,,0
279427,2,279427,Osmylus,"",eukaryota,false,,,,,,,,,,,,,,,,0.06041637368186547,2,,,87.55,32.0,10^-5.693,,,,,[446453],0
446453,1,279427,Osmylus fulvicephalus,"",eukaryota,false,,,,,,,,,,,,,,,,0.06041637368186547,2,,,87.55,32.0,10^-5.693,,,,,,0
278038,2,278038,Cercopithifilaria,"",eukaryota,false,,,,,,,,,,,,,,,,0.15104093420466366,5,,,88.5,30.6,10^-7.94398,,,,,[2874296],0
2874296,1,278038,Cercopithifilaria johnstoni,"",eukaryota,false,,,,,,,,,,,,,,,,0.15104093420466366,5,,,88.5,30.6,10^-7.94398,,,,,,0
271823,2,271823,Trypethelium,"",eukaryota,false,,,,0.06041637368186547,2,,,99.01,101.0,10^-55.0077,,,,,,,,,,,,,,,,,"[1930732, 364715]",0
1930732,1,271823,Trypethelium sprengelii,"",eukaryota,false,,,,0.030208186840932735,1,,,100.0,101.0,10^-56.3801,,,,,,,,,,,,,,,,,,0
364715,1,271823,Trypethelium eluteriae,"",eukaryota,false,,,,0.030208186840932735,1,,,98.02,101.0,10^-53.6353,,,,,,,,,,,,,,,,,,0
271773,2,271773,Alentia,"",eukaryota,false,,,,0.15104093420466366,5,,,93.3524,55.2,10^-18.6663,,,,,,,,,,,,,,,,,[271774],0
271774,1,271773,Alentia gelatinosa,"",eukaryota,false,,,,0.15104093420466366,5,,,93.3524,55.2,10^-18.6663,,,,,,,,,,,,,,,,,,0
271028,2,271028,Anisus,"",eukaryota,false,,,,0.33229005525026006,11,,,90.2763,50.2727,10^-15.393,,,,,,,,,,,,,,,,,[271030],0
271030,1,271028,Anisus vortex,"",eukaryota,false,,,,0.33229005525026006,11,,,90.2763,50.2727,10^-15.393,,,,,,,,,,,,,,,,,,0
270857,2,270857,Neodiprion,"",eukaryota,false,,,,0.39270642893212554,13,,,90.653,67.9167,10^-24.7168,,,,,,0.5135391762958564,17,,,85.7529,30.5294,10^-7.79367,,,,,"[2961670, 2872261, 441929, 441921]",0
2961670,1,270857,Neodiprion virginianus,"",eukaryota,false,,,,0.0906245605227982,3,,,93.412,50.3333,10^-16.9114,,,,,,0.0906245605227982,3,,,70.7,33.0,10^-6.80435,,,,,,0
2872261,1,270857,Neodiprion fabricii,"",eukaryota,false,,,,0.12083274736373094,4,,,89.7473,80.25,10^-30.9216,,,,,,0.030208186840932735,1,,,100.0,33.0,10^-11.0655,,,,,,0
441929,1,270857,Neodiprion pinetum,white pine sawfly,eukaryota,false,,,,0.0906245605227982,3,,,90.525,74.0,10^-28.3819,,,,,,0.12083274736373094,4,,,79.35,32.75,10^-7.7074,,,,,,0
441921,1,270857,Neodiprion lecontei,redheaded pine sawfly,eukaryota,false,,,,0.0906245605227982,3,,,89.187,65.0,10^-21.8056,,,,,,0.2718736815683946,9,,,92.0333,28.4444,10^-7.79826,,,,,,0
270467,2,270467,Neptis,"",eukaryota,false,,,,0.06041637368186547,2,,,93.6055,54.5,10^-19.9393,,,,,,0.2718736815683946,9,,,98.4127,66.2222,10^-39.3273,,,,,"[1526564, 1417369, 1324368, 1248157, 679335, 398438]",0
1526564,1,270467,Neptis aurivillii,"",eukaryota,false,,,,,,,,,,,,,,,,0.030208186840932735,1,,,100.0,28.0,10^-8.85078,,,,,,0
1417369,1,270467,Neptis soma,sullied sailer,eukaryota,false,,,,,,,,,,,,,,,,0.030208186840932735,1,,,100.0,31.0,10^-12.0535,,,,,,0
1324368,1,270467,Neptis miah,"",eukaryota,false,,,,0.030208186840932735,1,,,93.878,49.0,10^-16.8954,,,,,,,,,,,,,,,,,,0
1248157,1,270467,Neptis themis,"",eukaryota,false,,,,0.030208186840932735,1,,,93.333,60.0,10^-22.9832,,,,,,,,,,,,,,,,,,0
679335,1,270467,Neptis nata,"",eukaryota,false,,,,,,,,,,,,,,,,0.030208186840932735,1,,,100.0,33.0,10^-12.4437,,,,,,0
398438,1,270467,Neptis hylas,"",eukaryota,false,,,,,,,,,,,,,,,,0.1812491210455964,6,,,97.619,84.0,10^-53.433,,,,,,0
269154,2,269154,Flagelloscypha,"",eukaryota,false,,,,0.030208186840932735,1,,,96.703,91.0,10^-45.4464,,,,,,,,,,,,,,,,,[269155],0
269155,1,269154,Flagelloscypha minutissima,"",eukaryota,false,,,,0.030208186840932735,1,,,96.703,91.0,10^-45.4464,,,,,,,,,,,,,,,,,,0
265976,2,265976,Serinicoccus,"",bacteria,false,,,,0.12083274736373094,4,,,100.0,100.0,10^-55.6982,,,,,,,,,,,,,,,,,"[1078471, 767452]",0
1078471,1,265976,Serinicoccus profundi,"",bacteria,false,,,,0.06041637368186547,2,,,100.0,99.5,10^-55.3573,,,,,,,,,,,,,,,,,,0
767452,1,265976,Serinicoccus chungangensis,"",bacteria,false,,,,0.06041637368186547,2,,,100.0,100.5,10^-56.0391,,,,,,,,,,,,,,,,,,0
265382,2,265382,Polyommatus,"",eukaryota,false,,,,0.0906245605227982,3,,,92.0437,54.0,10^-18.4676,,,,,,,,,,,,,,,,,[265386],0
265386,1,265382,Polyommatus icarus,common blue,eukaryota,false,,,,0.0906245605227982,3,,,92.0437,54.0,10^-18.4676,,,,,,,,,,,,,,,,,,0
265359,2,265359,Lycaena,"",eukaryota,false,,,,0.4229146157730583,14,,,91.5427,53.4615,10^-12.2781,,,,,,,,,,,,,,,,,[282391],0
282391,1,265359,Lycaena phlaeas,common copper,eukaryota,false,,,,0.4229146157730583,14,,,91.5427,53.4615,10^-12.2781,,,,,,,,,,,,,,,,,,0
265082,2,265082,Thyridium,"",eukaryota,false,,,,0.030208186840932735,1,,,99.01,101.0,10^-55.0077,,,,,,,,,,,,,,,,,[1093900],0
1093900,1,265082,Thyridium curvatum,"",eukaryota,false,,,,0.030208186840932735,1,,,99.01,101.0,10^-55.0077,,,,,,,,,,,,,,,,,,0
263139,2,263139,Sitodiplosis,"",eukaryota,false,,,,2.1749894525471567,72,,,88.7555,127.972,10^-34.6618,,,,,,1.6916584630922331,56,,,93.2518,30.25,10^-9.12511,,,,,[263140],0
263140,1,263139,Sitodiplosis mosellana,orange wheat blossom midge,eukaryota,false,,,,2.1749894525471567,72,,,88.7555,127.972,10^-34.6618,,,,,,1.6916584630922331,56,,,93.2518,30.25,10^-9.12511,,,,,,0
262437,2,262437,Agonopterix,"",eukaryota,false,,,,0.8760374183870493,29,,,89.4521,81.04,10^-18.1143,,,,,,,,,,,,,,,,,"[1857958, 1594222]",0
1857958,1,262437,Agonopterix subpropinquella,"",eukaryota,false,,,,0.8156210447051838,27,,,89.1985,83.6522,10^-18.2804,,,,,,,,,,,,,,,,,,0
1594222,1,262437,Agonopterix arenella,"",eukaryota,false,,,,0.06041637368186547,2,,,92.369,51.0,10^-16.2042,,,,,,,,,,,,,,,,,,0
259541,2,259541,Plakobranchus,"",eukaryota,false,,,,,,,,,,,,,,,,0.2718736815683946,9,,,68.7,31.25,10^-5.66608,,,,,[259542],0
259542,1,259541,Plakobranchus ocellatus,"",eukaryota,false,,,,,,,,,,,,,,,,0.2718736815683946,9,,,68.7,31.25,10^-5.66608,,,,,,0
255893,2,255893,Eremophila,"",eukaryota,false,,,,0.030208186840932735,1,,,100.0,99.0,10^-55.0164,,,,,,,,,,,,,,,,,[1214565],0
1214565,1,255893,Eremophila maculata,"",eukaryota,false,,,,0.030208186840932735,1,,,100.0,99.0,10^-55.0164,,,,,,,,,,,,,,,,,,0
255207,2,255207,Favolus,"",eukaryota,false,,,,1.812491210455964,60,,,93.5032,446.217,10^-269.642,,,,,,,,,,,,,,,,,[1843279],0
1843279,1,255207,Favolus grammocephalus,"",eukaryota,false,,,,1.812491210455964,60,,,93.5032,446.217,10^-269.642,,,,,,,,,,,,,,,,,,0
254717,2,254717,Chrysodeixis,"",eukaryota,false,,,,0.33229005525026006,11,,,91.5241,58.9091,10^-21.2691,,,,,,0.030208186840932735,1,,,59.4,32.0,10^-3.04144,,,,,[689277],0
689277,1,254717,Chrysodeixis includens,soybean looper,eukaryota,false,,,,0.33229005525026006,11,,,91.5241,58.9091,10^-21.2691,,,,,,0.030208186840932735,1,,,59.4,32.0,10^-3.04144,,,,,,0
254381,2,254381,Plusia,"",eukaryota,false,,,,0.06041637368186547,2,,,79.5045,67.0,10^-14.0172,,,,,,,,,,,,,,,,,[254382],0
254382,1,254381,Plusia festucae,rice looper,eukaryota,false,,,,0.06041637368186547,2,,,79.5045,67.0,10^-14.0172,,,,,,,,,,,,,,,,,,0
254364,2,254364,Abrostola,"",eukaryota,false,,,,0.48333098945492375,16,,,85.8581,102.375,10^-19.1384,,,,,,,,,,,,,,,,,"[938171, 254365]",0
938171,1,254364,Abrostola tripartita,"",eukaryota,false,,,,0.15104093420466366,5,,,90.8424,50.2,10^-15.242,,,,,,,,,,,,,,,,,,0
254365,1,254364,Abrostola triplasia,dark spectacle,eukaryota,false,,,,0.33229005525026006,11,,,83.5925,126.091,10^-20.9096,,,,,,,,,,,,,,,,,,0
254361,2,254361,Autographa,"",eukaryota,false,,,,0.21145730788652914,7,,,89.4224,56.8571,10^-16.9547,,,,,,,,,,,,,,,,,"[987893, 254363]",0
987893,1,254361,Autographa pulchrina,"",eukaryota,false,,,,0.06041637368186547,2,,,95.0,40.5,10^-12.5207,,,,,,,,,,,,,,,,,,0
254363,1,254361,Autographa gamma,silver Y moth,eukaryota,false,,,,0.15104093420466366,5,,,87.1914,63.4,10^-18.7284,,,,,,,,,,,,,,,,,,0
254250,2,254250,Isoptericola,"",bacteria,false,,,,,,,,,,,,,,,,0.3624982420911928,12,,,78.8017,65.3333,10^-28.3844,,,,,"[1776856, 300560]",0
1776856,1,254250,Isoptericola cucumis,"",bacteria,false,,,,,,,,,,,,,,,,0.33229005525026006,11,,,80.4564,68.2727,10^-30.6019,,,,,,0
300560,1,254250,Isoptericola halotolerans,"",bacteria,false,,,,,,,,,,,,,,,,0.030208186840932735,1,,,60.6,33.0,10^-3.9914,,,,,,0
254245,2,254245,Aquicella,"",bacteria,false,,,,0.030208186840932735,1,,,100.0,61.0,10^-29.1516,,,,,,0.030208186840932735,1,,,62.5,32.0,10^-3.85078,,,,,"[254247, 254246]",0
254247,1,254245,Aquicella siphonis,"",bacteria,false,,,,,,,,,,,,,,,,0.030208186840932735,1,,,62.5,32.0,10^-3.85078,,,,,,0
254246,1,254245,Aquicella lusitana,"",bacteria,false,,,,0.030208186840932735,1,,,100.0,61.0,10^-29.1516,,,,,,,,,,,,,,,,,,0
253714,2,253714,Macropis,"",eukaryota,false,,,,0.030208186840932735,1,,,91.525,59.0,10^-20.9319,,,,,,,,,,,,,,,,,[253715],0
253715,1,253714,Macropis europaea,"",eukaryota,false,,,,0.030208186840932735,1,,,91.525,59.0,10^-20.9319,,,,,,,,,,,,,,,,,,0
253131,2,253131,Karoophasma,"",eukaryota,false,,,,,,,,,,,,,,,,0.030208186840932735,1,,,100.0,32.0,10^-13.5045,,,,,[253133],0
253133,1,253131,Karoophasma biedouwense,"",eukaryota,false,,,,,,,,,,,,,,,,0.030208186840932735,1,,,100.0,32.0,10^-13.5045,,,,,,0
252294,2,252294,Carposina,"",eukaryota,false,,,,0.3624982420911928,12,,,91.3523,56.0,10^-18.571,,,,,,,,,,,,,,,,,[252295],0
252295,1,252294,Carposina sasakii,"",eukaryota,false,,,,0.3624982420911928,12,,,91.3523,56.0,10^-18.571,,,,,,,,,,,,,,,,,,0
252219,2,252219,Helminthosphaeria,"",eukaryota,false,,,,0.030208186840932735,1,,,97.959,98.0,10^-51.5899,,,,,,,,,,,,,,,,,[1518461],0
1518461,1,252219,Helminthosphaeria mammillata,"",eukaryota,false,,,,0.030208186840932735,1,,,97.959,98.0,10^-51.5899,,,,,,,,,,,,,,,,,,0
249497,2,249497,Balanococcus,"",eukaryota,false,,,,0.24166549472746188,8,,,89.4185,55.375,10^-16.7657,,,,,,,,,,,,,,,,,[249498],0
249498,1,249497,Balanococcus diminutus,"",eukaryota,false,,,,0.24166549472746188,8,,,89.4185,55.375,10^-16.7657,,,,,,,,,,,,,,,,,,0
248453,2,248453,Apolygus,"",eukaryota,false,,,,,,,,,,,,,,,,2001.624668267044,66261,,,66.0111,59.9133,10^-16.876,,,,,[248454],0
248454,1,248453,Apolygus lucorum,"",eukaryota,false,,,,,,,,,,,,,,,,2001.624668267044,66261,,,66.0111,59.9133,10^-16.876,,,,,,0
248038,2,248038,Mucispirillum,"",bacteria,false,,,,,,,,,,,,,,,,0.06041637368186547,2,,,74.2,31.0,10^-3.84771,,,,,[248039],0
248039,1,248038,Mucispirillum schaedleri,"",bacteria,false,,,,,,,,,,,,,,,,0.06041637368186547,2,,,74.2,31.0,10^-3.84771,,,,,,0
247604,2,247604,Machimus,"",eukaryota,false,,,,2.2958221999108877,76,,,87.5551,72.3108,10^-16.9793,,,,,,,,,,,,,,,,,"[2794001, 1717430]",0
2794001,1,247604,Machimus atricapillus,"",eukaryota,false,,,,1.6614502762513004,55,,,87.1106,73.9811,10^-14.6941,,,,,,,,,,,,,,,,,,0
1717430,1,247604,Machimus rusticus,"",eukaryota,false,,,,0.6343719236595874,21,,,88.6769,68.0952,10^-22.7467,,,,,,,,,,,,,,,,,,0
247414,2,247414,Ophonus,"",eukaryota,false,,,,0.5135391762958564,17,,,89.3054,59.0,10^-17.6516,,,,,,,,,,,,,,,,,[247415],0
247415,1,247414,Ophonus ardosiacus,"",eukaryota,false,,,,0.5135391762958564,17,,,89.3054,59.0,10^-17.6516,,,,,,,,,,,,,,,,,,0
246861,2,246861,Grimontia,"",bacteria,false,,,,,,,,,,,,,,,,0.030208186840932735,1,,,100.0,28.0,10^-10.2628,,,,,[646534],0
646534,1,246861,Grimontia marina,"",bacteria,false,,,,,,,,,,,,,,,,0.030208186840932735,1,,,100.0,28.0,10^-10.2628,,,,,,0
245896,2,245896,Cis,"",eukaryota,false,,,,0.06041637368186547,2,,,93.5475,46.5,10^-15.2027,,,,,,,,,,,,,,,,,[2055360],0
2055360,1,245896,Cis sp. CSR080,"",eukaryota,false,,,,0.06041637368186547,2,,,93.5475,46.5,10^-15.2027,,,,,,,,,,,,,,,,,,0
245714,2,245714,Docodesmus,"",eukaryota,false,,,,,,,,,,,,,,,,0.030208186840932735,1,,,92.6,27.0,10^-8.25964,,,,,[245715],0
245715,1,245714,Docodesmus trinidadensis,"",eukaryota,false,,,,,,,,,,,,,,,,0.030208186840932735,1,,,92.6,27.0,10^-8.25964,,,,,,0
245561,2,245561,Acidomyces,"",eukaryota,false,,,,,,,,,,,,,,,,0.030208186840932735,1,,,97.0,33.0,10^-12.0186,,,,,[245562],0
245562,1,245561,Acidomyces sp. 'richmondensis',"",eukaryota,false,,,,,,,,,,,,,,,,0.030208186840932735,1,,,97.0,33.0,10^-12.0186,,,,,,0
243963,2,243963,Anisodus,"",eukaryota,false,,,,,,,,,,,,,,,,0.06041637368186547,2,,,100.0,31.0,10^-10.8327,,,,,[402998],0
402998,1,243963,Anisodus acutangulus,"",eukaryota,false,,,,,,,,,,,,,,,,0.06041637368186547,2,,,100.0,31.0,10^-10.8327,,,,,,0
242508,2,242508,Dothistroma,"",eukaryota,false,,,,0.030208186840932735,1,,,100.0,101.0,10^-56.3801,,,,,,0.0906245605227982,3,,,100.0,30.3333,10^-9.84639,,,,,[64363],0
64363,1,242508,Dothistroma septosporum,"",eukaryota,false,,,,0.030208186840932735,1,,,100.0,101.0,10^-56.3801,,,,,,0.0906245605227982,3,,,100.0,30.3333,10^-9.84639,,,,,,0
241843,2,241843,Dolichandrone,"",eukaryota,false,,,,0.030208186840932735,1,,,100.0,100.0,10^-55.6982,,,,,,,,,,,,,,,,,[241844],0
241844,1,241843,Dolichandrone spathacea,"",eukaryota,false,,,,0.030208186840932735,1,,,100.0,100.0,10^-55.6982,,,,,,,,,,,,,,,,,,0
241477,2,241477,Soboliphyme,"",eukaryota,false,,,,,,,,,,,,,,,,0.06041637368186547,2,,,96.95,33.0,10^-12.7032,,,,,[241478],0
241478,1,241477,Soboliphyme baturini,"",eukaryota,false,,,,,,,,,,,,,,,,0.06041637368186547,2,,,96.95,33.0,10^-12.7032,,,,,,0
241409,2,241409,Geosmithia,"",eukaryota,false,,,,0.12083274736373094,4,,,92.7185,62.5,10^-25.7324,,,,,,,,,,,,,,,,,"[1094350, 39312]",0
1094350,1,241409,Geosmithia morbida,"",eukaryota,false,,,,0.06041637368186547,2,,,86.047,43.0,10^-8.71794,,,,,,,,,,,,,,,,,,0
39312,1,241409,Geosmithia lavendula,"",eukaryota,false,,,,0.06041637368186547,2,,,99.39,82.0,10^-42.7469,,,,,,,,,,,,,,,,,,0
239934,2,239934,Akkermansia,"",bacteria,false,,,,,,,,,,,,,,,,0.030208186840932735,1,,,56.3,32.0,10^-4.83863,,,,,[1872421],0
1872421,1,239934,Akkermansia sp.,"",bacteria,false,,,,,,,,,,,,,,,,0.030208186840932735,1,,,56.3,32.0,10^-4.83863,,,,,,0
239297,2,239297,Embidopsocus,"",eukaryota,false,,,,,,,,,,,,,,,,0.030208186840932735,1,,,97.0,33.0,10^-11.4067,,,,,[2530272],0
2530272,1,239297,Embidopsocus sp. OG4377,"",eukaryota,false,,,,,,,,,,,,,,,,0.030208186840932735,1,,,97.0,33.0,10^-11.4067,,,,,,0
238244,2,238244,Stenocarpella,"",eukaryota,false,,,,0.030208186840932735,1,,,100.0,59.0,10^-27.7937,,,,,,,,,,,,,,,,,[238245],0
238245,1,238244,Stenocarpella maydis,"",eukaryota,false,,,,0.030208186840932735,1,,,100.0,59.0,10^-27.7937,,,,,,,,,,,,,,,,,,0
237584,2,237584,Teratosphaeria,"",eukaryota,false,,,,,,,,,,,,,,,,0.15104093420466366,5,,,91.22,31.4,10^-8.91975,,,,,"[418781, 161662]",0
418781,1,237584,Teratosphaeria destructans,"",eukaryota,false,,,,,,,,,,,,,,,,0.12083274736373094,4,,,89.025,31.0,10^-8.39063,,,,,,0
161662,1,237584,Teratosphaeria nubilosa,"",eukaryota,false,,,,,,,,,,,,,,,,0.030208186840932735,1,,,100.0,33.0,10^-11.0362,,,,,,0
237361,2,237361,Thaumastocoris,"",eukaryota,false,,,,1996.3080273830396,66085,,,88.166,169.0,10^-46.52,,,,,,,,,,,,,,,,,[1589682],0
1589682,1,237361,Thaumastocoris safordi,"",eukaryota,false,,,,1996.3080273830396,66085,,,88.166,169.0,10^-46.52,,,,,,,,,,,,,,,,,,0
237179,2,237179,Sphaerulina,"",eukaryota,false,,,,0.030208186840932735,1,,,100.0,100.0,10^-54.3258,,,,,,0.030208186840932735,1,,,93.8,32.0,10^-11.7878,,,,,"[1351935, 85929]",0
1351935,1,237179,Sphaerulina menispermi,"",eukaryota,false,,,,0.030208186840932735,1,,,100.0,100.0,10^-54.3258,,,,,,,,,,,,,,,,,,0
85929,1,237179,Sphaerulina musiva,"",eukaryota,false,,,,,,,,,,,,,,,,0.030208186840932735,1,,,93.8,32.0,10^-11.7878,,,,,,0
237168,2,237168,Corythucha,"",eukaryota,false,,,,,,,,,,,,,,,,0.06041637368186547,2,,,93.9,33.0,10^-10.2452,,,,,[369451],0
369451,1,237168,Corythucha ciliata,sycamore lace bug,eukaryota,false,,,,,,,,,,,,,,,,0.06041637368186547,2,,,93.9,33.0,10^-10.2452,,,,,,0
237084,2,237084,Pilophorus,"",eukaryota,false,,,,0.33229005525026006,11,,,91.7855,65.8182,10^-24.3363,,,,,,,,,,,,,,,,,[881727],0
881727,1,237084,Pilophorus perplexus,"",eukaryota,false,,,,0.33229005525026006,11,,,91.7855,65.8182,10^-24.3363,,,,,,,,,,,,,,,,,,0
236948,2,236948,Leptopterna,"",eukaryota,false,,,,0.5739555499777219,19,,,84.2554,89.2105,10^-13.4227,,,,,,,,,,,,,,,,,[881489],0
881489,1,236948,Leptopterna dolabrata,"",eukaryota,false,,,,0.5739555499777219,19,,,84.2554,89.2105,10^-13.4227,,,,,,,,,,,,,,,,,,0
236434,2,236434,Geocoris,"",eukaryota,false,,,,0.3020818684093273,10,,,81.308,107.0,10^-11.8827,,,,,,,,,,,,,,,,,[300797],0
300797,1,236434,Geocoris pallidipennis,"",eukaryota,false,,,,0.3020818684093273,10,,,81.308,107.0,10^-11.8827,,,,,,,,,,,,,,,,,,0
235572,2,235572,Portiera,"",bacteria,false,,,,,,,,,,,,,,,,0.030208186840932735,1,,,100.0,27.0,10^-5.49757,,,,,[91844],0
91844,1,235572,Candidatus Portiera aleyrodidarum,"",bacteria,false,,,,,,,,,,,,,,,,0.030208186840932735,1,,,100.0,27.0,10^-5.49757,,,,,,0
234811,2,234811,Dacryobolus,"",eukaryota,false,,,,1.3895765946829057,46,,,94.693,358.0,10^-152.896,,,,,,,,,,,,,,,,,[234812],0
234812,1,234811,Dacryobolus sudans,"",eukaryota,false,,,,1.3895765946829057,46,,,94.693,358.0,10^-152.896,,,,,,,,,,,,,,,,,,0
233964,2,233964,Semanga,"",eukaryota,false,,,,0.030208186840932735,1,,,87.0,100.0,10^-37.8574,,,,,,,,,,,,,,,,,[233965],0
233965,1,233964,Semanga superba,"",eukaryota,false,,,,0.030208186840932735,1,,,87.0,100.0,10^-37.8574,,,,,,,,,,,,,,,,,,0
232804,2,232804,Hylaeus,yellow-faced bees,eukaryota,false,,,,0.2718736815683946,9,,,85.0651,80.75,10^-25.2734,,,,,,0.15104093420466366,5,,,82.44,31.6,10^-7.46546,,,,,"[313075, 313031]",0
313075,1,232804,Hylaeus volcanicus,"",eukaryota,false,,,,0.24166549472746188,8,,,83.7253,87.1429,10^-27.5294,,,,,,0.12083274736373094,4,,,78.05,31.25,10^-6.42178,,,,,,0
313031,1,232804,Hylaeus anthracinus,"",eukaryota,false,,,,0.030208186840932735,1,,,94.444,36.0,10^-9.48129,,,,,,0.030208186840932735,1,,,100.0,33.0,10^-11.6402,,,,,,0
231886,2,231886,Amblyteles,"",eukaryota,false,,,,0.2718736815683946,9,,,91.0417,48.5556,10^-14.022,,,,,,,,,,,,,,,,,[231887],0
231887,1,231886,Amblyteles armatorius,"",eukaryota,false,,,,0.2718736815683946,9,,,91.0417,48.5556,10^-14.022,,,,,,,,,,,,,,,,,,0
231878,2,231878,Buathra,"",eukaryota,false,,,,0.12083274736373094,4,,,90.7927,79.75,10^-29.925,,,,,,,,,,,,,,,,,[1419289],0
1419289,1,231878,Buathra laborator,"",eukaryota,false,,,,0.12083274736373094,4,,,90.7927,79.75,10^-29.925,,,,,,,,,,,,,,,,,,0
231623,2,231623,Rotaria,"",eukaryota,false,,,,,,,,,,,,,,,,0.6947882973414529,23,,,84.6952,28.2381,10^-7.67829,,,,,"[2762512, 2762511, 392032, 392030]",0
2762512,1,231623,Rotaria sp. Silwood2,"",eukaryota,false,,,,,,,,,,,,,,,,0.030208186840932735,1,,,100.0,25.0,10^-7.41794,,,,,,0
2762511,1,231623,Rotaria sp. Silwood1,"",eukaryota,false,,,,,,,,,,,,,,,,0.21145730788652914,7,,,94.2,27.7143,10^-7.19903,,,,,,0
392032,1,231623,Rotaria socialis,"",eukaryota,false,,,,,,,,,,,,,,,,0.12083274736373094,4,,,61.625,29.5,10^-6.14295,,,,,,0
392030,1,231623,Rotaria magnacalcarata,"",eukaryota,false,,,,,,,,,,,,,,,,0.33229005525026006,11,,,85.8556,28.4444,10^-8.76234,,,,,,0
231454,2,231454,Dyella,"",bacteria,false,,,,0.030208186840932735,1,,,92.105,38.0,10^-9.45781,,,,,,,,,,,,,,,,,[1849581],0
1849581,1,231454,Dyella caseinilytica,"",bacteria,false,,,,0.030208186840932735,1,,,92.105,38.0,10^-9.45781,,,,,,,,,,,,,,,,,,0
231052,2,231052,Saccharibacter,"",bacteria,false,,,,0.0906245605227982,3,,,98.116,91.6667,10^-47.7339,,,,,,0.6645801105005201,22,,,97.06,30.75,10^-10.6115,,,,,[231053],0
231053,1,231052,Saccharibacter floricola,"",bacteria,false,,,,0.0906245605227982,3,,,98.116,91.6667,10^-47.7339,,,,,,0.6645801105005201,22,,,97.06,30.75,10^-10.6115,,,,,,0
230698,2,230698,Barbaceniopsis,"",eukaryota,false,,,,0.06041637368186547,2,,,89.744,39.0,10^-8.76035,,,,,,,,,,,,,,,,,[1051461],0
1051461,1,230698,Barbaceniopsis castillonii,"",eukaryota,false,,,,0.06041637368186547,2,,,89.744,39.0,10^-8.76035,,,,,,,,,,,,,,,,,,0
229639,2,229639,Pollenia,"",eukaryota,false,,,,0.21145730788652914,7,,,89.3753,57.3333,10^-17.7532,,,,,,,,,,,,,,,,,"[1266491, 1266490, 670595]",0
1266491,1,229639,Pollenia labialis,"",eukaryota,false,,,,0.06041637368186547,2,,,89.552,67.0,10^-23.6214,,,,,,,,,,,,,,,,,,0
1266490,1,229639,Pollenia angustigena,"",eukaryota,false,,,,0.06041637368186547,2,,,88.5345,52.0,10^-14.8118,,,,,,,,,,,,,,,,,,0
670595,1,229639,Pollenia amentaria,"",eukaryota,false,,,,0.0906245605227982,3,,,90.0395,53.0,10^-14.8264,,,,,,,,,,,,,,,,,,0
228945,2,228945,Laetisaria,"",eukaryota,false,,,,0.030208186840932735,1,,,95.05,101.0,10^-49.5182,,,,,,,,,,,,,,,,,[1843733],0
1843733,1,228945,Laetisaria endoxylon,"",eukaryota,false,,,,0.030208186840932735,1,,,95.05,101.0,10^-49.5182,,,,,,,,,,,,,,,,,,0
228942,2,228942,Limonomyces,"",eukaryota,false,,,,0.0906245605227982,3,,,96.7847,80.0,10^-38.8728,,,,,,,,,,,,,,,,,[228943],0
228943,1,228942,Limonomyces roseipellis,"",eukaryota,false,,,,0.0906245605227982,3,,,96.7847,80.0,10^-38.8728,,,,,,,,,,,,,,,,,,0
228398,2,228398,Streptacidiphilus,"",bacteria,false,,,,0.06041637368186547,2,,,92.727,55.0,10^-19.59,,,,,,,,,,,,,,,,,[105420],0
105420,1,228398,Streptacidiphilus neutrinimicus,"",bacteria,false,,,,0.06041637368186547,2,,,92.727,55.0,10^-19.59,,,,,,,,,,,,,,,,,,0
227479,2,227479,Lochmaea,"",eukaryota,false,,,,0.33229005525026006,11,,,92.3428,50.7273,10^-16.0953,,,,,,,,,,,,,,,,,"[1143063, 227480]",0
1143063,1,227479,Lochmaea crataegi,"",eukaryota,false,,,,0.2718736815683946,9,,,92.8674,52.7778,10^-17.3495,,,,,,,,,,,,,,,,,,0
227480,1,227479,Lochmaea capreae,willow leaf beetle,eukaryota,false,,,,0.06041637368186547,2,,,89.982,41.5,10^-10.4514,,,,,,,,,,,,,,,,,,0
226179,2,226179,Sphaerophoria,"",eukaryota,false,,,,0.030208186840932735,1,,,82.895,76.0,10^-21.5081,,,,,,,,,,,,,,,,,[2735243],0
2735243,1,226179,Sphaerophoria taeniata,"",eukaryota,false,,,,0.030208186840932735,1,,,82.895,76.0,10^-21.5081,,,,,,,,,,,,,,,,,,0
226177,2,226177,Baccha,"",eukaryota,false,,,,0.5739555499777219,19,,,88.6884,85.9474,10^-23.3415,,,,,,,,,,,,,,,,,[226178],0
226178,1,226177,Baccha elongata,"",eukaryota,false,,,,0.5739555499777219,19,,,88.6884,85.9474,10^-23.3415,,,,,,,,,,,,,,,,,,0
226164,2,226164,Temnostoma,"",eukaryota,false,,,,,,,,,,,,,,,,0.030208186840932735,1,,,100.0,33.0,10^-13.6799,,,,,[226165],0
226165,1,226164,Temnostoma vespiforme,"",eukaryota,false,,,,,,,,,,,,,,,,0.030208186840932735,1,,,100.0,33.0,10^-13.6799,,,,,,0
226159,2,226159,Portevinia,"",eukaryota,false,,,,0.0906245605227982,3,,,86.7103,59.0,10^-17.2743,,,,,,,,,,,,,,,,,[226160],0
226160,1,226159,Portevinia maculata,"",eukaryota,false,,,,0.0906245605227982,3,,,86.7103,59.0,10^-17.2743,,,,,,,,,,,,,,,,,,0
226146,2,226146,Blera,"",eukaryota,false,,,,0.8458292315461166,28,,,89.5296,67.2857,10^-22.9061,,,,,,,,,,,,,,,,,[226147],0
226147,1,226146,Blera fallax,"",eukaryota,false,,,,0.8458292315461166,28,,,89.5296,67.2857,10^-22.9061,,,,,,,,,,,,,,,,,,0
224419,2,224419,Shiraia,"",eukaryota,false,,,,0.06041637368186547,2,,,97.9595,95.5,10^-49.8863,,,,,,,,,,,,,,,,,[224420],0
224420,1,224419,Shiraia bambusicola,"",eukaryota,false,,,,0.06041637368186547,2,,,97.9595,95.5,10^-49.8863,,,,,,,,,,,,,,,,,,0
224255,2,224255,Syrphus,"",eukaryota,false,,,,0.030208186840932735,1,,,84.483,58.0,10^-14.7637,,,,,,,,,,,,,,,,,[224256],0
224256,1,224255,Syrphus vitripennis,"",eukaryota,false,,,,0.030208186840932735,1,,,84.483,58.0,10^-14.7637,,,,,,,,,,,,,,,,,,0
224240,2,224240,Xylota,"",eukaryota,false,,,,1.601033902569435,53,,,87.33,70.6038,10^-13.812,,,,,,,,,,,,,,,,,[374264],0
374264,1,224240,Xylota sylvarum,"",eukaryota,false,,,,1.601033902569435,53,,,87.33,70.6038,10^-13.812,,,,,,,,,,,,,,,,,,0
224238,2,224238,Criorhina,"",eukaryota,false,,,,0.8458292315461166,28,,,91.0611,59.1786,10^-19.8547,,,,,,,,,,,,,,,,,"[2663927, 1637456]",0
2663927,1,224238,Criorhina berberina,"",eukaryota,false,,,,0.06041637368186547,2,,,97.368,38.0,10^-12.2026,,,,,,,,,,,,,,,,,,0
1637456,1,224238,Criorhina ranunculi,"",eukaryota,false,,,,0.7854128578642511,26,,,90.576,60.8077,10^-20.4433,,,,,,,,,,,,,,,,,,0
224226,2,224226,Merodon,"",eukaryota,false,,,,0.030208186840932735,1,,,88.889,36.0,10^-6.73655,,,,,,,,,,,,,,,,,[511117],0
511117,1,224226,Merodon equestris,"",eukaryota,false,,,,0.030208186840932735,1,,,88.889,36.0,10^-6.73655,,,,,,,,,,,,,,,,,,0
224222,2,224222,Neoascia,"",eukaryota,false,,,,0.06041637368186547,2,,,88.645,46.0,10^-11.4401,,,,,,,,,,,,,,,,,[2867103],0
2867103,1,224222,Neoascia interrupta,"",eukaryota,false,,,,0.06041637368186547,2,,,88.645,46.0,10^-11.4401,,,,,,,,,,,,,,,,,,0
224132,2,224132,Phyllotreta,"",eukaryota,false,,,,3.2322759919798023,107,,,87.3559,115.255,10^-24.1923,,,,,,0.12083274736373094,4,,,94.675,33.0,10^-10.4829,,,,,"[444603, 224133]",0
444603,1,224132,Phyllotreta striolata,"",eukaryota,false,,,,2.7791531893658115,92,,,86.7471,124.466,10^-25.1637,,,,,,0.12083274736373094,4,,,94.675,33.0,10^-10.4829,,,,,,0
224133,1,224132,Phyllotreta cruciferae,"",eukaryota,false,,,,0.453122802613991,15,,,91.1831,57.3571,10^-18.0864,,,,,,,,,,,,,,,,,,0
222002,2,222002,Lepidonotus,"",eukaryota,false,,,,0.15104093420466366,5,,,88.4682,55.0,10^-16.5737,,,,,,,,,,,,,,,,,[1210411],0
1210411,1,222002,Lepidonotus clava,"",eukaryota,false,,,,0.15104093420466366,5,,,88.4682,55.0,10^-16.5737,,,,,,,,,,,,,,,,,,0
221904,2,221904,Hydrotaea,"",eukaryota,false,,,,0.6041637368186547,20,,,90.1301,62.5,10^-21.0635,,,,,,,,,,,,,,,,,[559647],0
559647,1,221904,Hydrotaea cyrtoneurina,"",eukaryota,false,,,,0.6041637368186547,20,,,90.1301,62.5,10^-21.0635,,,,,,,,,,,,,,,,,,0
221102,2,221102,Moniliophthora,"",eukaryota,false,,,,,,,,,,,,,,,,0.06041637368186547,2,,,63.35,31.5,10^-4.61107,,,,,"[221103, 153609]",0
221103,1,221102,Moniliophthora roreri,"",eukaryota,false,,,,,,,,,,,,,,,,0.030208186840932735,1,,,60.0,30.0,10^-3.59688,,,,,,0
153609,1,221102,Moniliophthora perniciosa,"",eukaryota,false,,,,,,,,,,,,,,,,0.030208186840932735,1,,,66.7,33.0,10^-5.62525,,,,,,0
221094,2,221094,Ctenicera,"",eukaryota,false,,,,0.6343719236595874,21,,,86.2481,198.571,10^-46.1999,,,,,,,,,,,,,,,,,[1132042],0
1132042,1,221094,Ctenicera cuprea,"",eukaryota,false,,,,0.6343719236595874,21,,,86.2481,198.571,10^-46.1999,,,,,,,,,,,,,,,,,,0
221065,2,221065,Kordia,"",bacteria,false,,,,0.030208186840932735,1,,,80.357,56.0,10^-10.6618,,,,,,,,,,,,,,,,,[1218801],0
1218801,1,221065,Kordia antarctica,"",bacteria,false,,,,0.030208186840932735,1,,,80.357,56.0,10^-10.6618,,,,,,,,,,,,,,,,,,0
220872,2,220872,Tegillarca,"",eukaryota,false,,,,,,,,,,,,,,,,0.030208186840932735,1,,,94.4,18.0,10^-3.5867,,,,,[220873],0
220873,1,220872,Tegillarca granosa,"",eukaryota,false,,,,,,,,,,,,,,,,0.030208186840932735,1,,,94.4,18.0,10^-3.5867,,,,,,0
219549,2,219549,Suillia,"",eukaryota,false,,,,4.501019839298977,149,,,90.749,73.0414,10^-16.5838,,,,,,,,,,,,,,,,,[1230148],0
1230148,1,219549,Suillia variegata,"",eukaryota,false,,,,4.501019839298977,149,,,90.749,73.0414,10^-16.5838,,,,,,,,,,,,,,,,,,0
219538,2,219538,Scaeva,"",eukaryota,false,,,,1.0270783525917129,34,,,87.6723,70.2059,10^-17.4587,,,,,,,,,,,,,,,,,[219539],0
219539,1,219538,Scaeva pyrastri,"",eukaryota,false,,,,1.0270783525917129,34,,,87.6723,70.2059,10^-17.4587,,,,,,,,,,,,,,,,,,0
219520,2,219520,Stratiomys,"",eukaryota,false,,,,0.7249964841823856,24,,,86.315,78.625,10^-19.6363,,,,,,,,,,,,,,,,,[511597],0
511597,1,219520,Stratiomys singularior,"",eukaryota,false,,,,0.7249964841823856,24,,,86.315,78.625,10^-19.6363,,,,,,,,,,,,,,,,,,0
219491,2,219491,Habrosyne,"",eukaryota,false,,,,0.12083274736373094,4,,,85.3173,61.5,10^-15.7993,,,,,,,,,,,,,,,,,[721137],0
721137,1,219491,Habrosyne pyritoides,"",eukaryota,false,,,,0.12083274736373094,4,,,85.3173,61.5,10^-15.7993,,,,,,,,,,,,,,,,,,0
219450,2,219450,Philonthus,"",eukaryota,false,,,,0.21145730788652914,7,,,90.4723,56.4286,10^-18.2179,,,,,,,,,,,,,,,,,[346820],0
346820,1,219450,Philonthus cognatus,"",eukaryota,false,,,,0.21145730788652914,7,,,90.4723,56.4286,10^-18.2179,,,,,,,,,,,,,,,,,,0
219389,2,219389,Tiphia,"",eukaryota,false,,,,0.15104093420466366,5,,,87.409,50.6,10^-13.0421,,,,,,,,,,,,,,,,,[330862],0
330862,1,219389,Tiphia femorata,"",eukaryota,false,,,,0.15104093420466366,5,,,87.409,50.6,10^-13.0421,,,,,,,,,,,,,,,,,,0
219362,2,219362,Bombylius,"",eukaryota,false,,,,1.7520748367740986,58,,,87.0276,97.931,10^-25.3347,,,,,,,,,,,,,,,,,"[2741128, 240869]",0
2741128,1,219362,Bombylius discolor,"",eukaryota,false,,,,1.2083274736373093,40,,,86.1298,112.575,10^-27.1373,,,,,,,,,,,,,,,,,,0
240869,1,219362,Bombylius major,"",eukaryota,false,,,,0.5437473631367892,18,,,89.0226,65.3889,10^-21.329,,,,,,,,,,,,,,,,,,0
219336,2,219336,Siphlonurus,"",eukaryota,false,,,,5.226016323481363,173,,,94.2571,52.9306,10^-10.5388,,,,,,,,,,,,,,,,,[248243],0
248243,1,219336,Siphlonurus alternatus,"",eukaryota,false,,,,5.226016323481363,173,,,94.2571,52.9306,10^-10.5388,,,,,,,,,,,,,,,,,,0
218770,2,218770,Thymelicus,"",eukaryota,false,,,,0.15104093420466366,5,,,92.6606,52.0,10^-17.5625,,,,,,,,,,,,,,,,,"[876078, 272628]",0
876078,1,218770,Thymelicus acteon,"",eukaryota,false,,,,0.030208186840932735,1,,,94.545,55.0,10^-20.9624,,,,,,,,,,,,,,,,,,0
272628,1,218770,Thymelicus sylvestris,small skipper,eukaryota,false,,,,0.12083274736373094,4,,,92.1895,51.25,10^-16.7125,,,,,,,,,,,,,,,,,,0
218734,2,218734,Hesperia,"",eukaryota,false,,,,0.12083274736373094,4,,,87.3453,68.25,10^-21.4016,,,,,,,,,,,,,,,,,[291688],0
291688,1,218734,Hesperia comma,common branded skipper,eukaryota,false,,,,0.12083274736373094,4,,,87.3453,68.25,10^-21.4016,,,,,,,,,,,,,,,,,,0
218719,2,218719,Carterocephalus,"",eukaryota,false,,,,0.15104093420466366,5,,,93.8182,45.8,10^-15.0053,,,,,,,,,,,,,,,,,[218720],0
218720,1,218719,Carterocephalus palaemon,Arctic skipper,eukaryota,false,,,,0.15104093420466366,5,,,93.8182,45.8,10^-15.0053,,,,,,,,,,,,,,,,,,0
218113,2,218113,Phellopilus,"",eukaryota,false,,,,0.030208186840932735,1,,,95.0,100.0,10^-48.8363,,,,,,,,,,,,,,,,,[127956],0
127956,1,218113,Phellopilus nigrolimitatus,"",eukaryota,false,,,,0.030208186840932735,1,,,95.0,100.0,10^-48.8363,,,,,,,,,,,,,,,,,,0
218112,2,218112,Phellinidium,"",eukaryota,false,,,,0.06041637368186547,2,,,95.1165,101.5,10^-49.8592,,,,,,0.06041637368186547,2,,,87.85,33.0,10^-11.6025,,,,,[167371],0
167371,1,218112,Phellinidium pouzarii,"",eukaryota,false,,,,0.06041637368186547,2,,,95.1165,101.5,10^-49.8592,,,,,,0.06041637368186547,2,,,87.85,33.0,10^-11.6025,,,,,,0
217246,2,217246,Diorhabda,"",eukaryota,false,,,,0.24166549472746188,8,,,90.2278,66.375,10^-23.3838,,,,,,0.2718736815683946,9,,,81.9778,31.2222,10^-9.00363,,,,,"[1163346, 1163345]",0
1163346,1,217246,Diorhabda sublineata,"",eukaryota,false,,,,0.1812491210455964,6,,,89.4378,71.6667,10^-25.6614,,,,,,0.06041637368186547,2,,,98.5,33.0,10^-14.1977,,,,,,0
1163345,1,217246,Diorhabda carinulata,"",eukaryota,false,,,,0.06041637368186547,2,,,92.5975,50.5,10^-16.5508,,,,,,0.21145730788652914,7,,,77.2571,30.7143,10^-7.51962,,,,,,0
217233,2,217233,Galeruca,"",eukaryota,false,,,,,,,,,,,,,,,,0.030208186840932735,1,,,84.8,33.0,10^-8.34582,,,,,[1651263],0
1651263,1,217233,Galeruca daurica,"",eukaryota,false,,,,,,,,,,,,,,,,0.030208186840932735,1,,,84.8,33.0,10^-8.34582,,,,,,0
217164,2,217164,Caligus,"",eukaryota,false,,,,0.030208186840932735,1,,,86.111,72.0,10^-22.904,,,,,,0.15104093420466366,5,,,89.08,30.0,10^-8.75764,,,,,[217165],0
217165,1,217164,Caligus rogercresseyi,"",eukaryota,false,,,,0.030208186840932735,1,,,86.111,72.0,10^-22.904,,,,,,0.15104093420466366,5,,,89.08,30.0,10^-8.75764,,,,,,0
216413,2,216413,Stelis,"",eukaryota,false,,,,0.1812491210455964,6,,,93.2403,47.8333,10^-15.651,,,,,,,,,,,,,,,,,[2249760],0
2249760,1,216413,Stelis phaeoptera,"",eukaryota,false,,,,0.1812491210455964,6,,,93.2403,47.8333,10^-15.651,,,,,,,,,,,,,,,,,,0
215251,2,215251,Meira,"",eukaryota,false,,,,0.12083274736373094,4,,,94.757,97.75,10^-47.3031,,,,,,,,,,,,,,,,,"[1280837, 286112, 215253]",0
1280837,1,215251,Meira miltonrushii,"",eukaryota,false,,,,0.06041637368186547,2,,,89.514,94.5,10^-38.2261,,,,,,,,,,,,,,,,,,0
286112,1,215251,Meira nashicola,"",eukaryota,false,,,,0.030208186840932735,1,,,100.0,101.0,10^-56.3801,,,,,,,,,,,,,,,,,,0
215253,1,215251,Meira geulakonigae,"",eukaryota,false,,,,0.030208186840932735,1,,,100.0,101.0,10^-56.3801,,,,,,,,,,,,,,,,,,0
215249,2,215249,Acaromyces,"",eukaryota,false,,,,,,,,,,,,,,,,0.06041637368186547,2,,,94.65,29.5,10^-8.86893,,,,,[215250],0
215250,1,215249,Acaromyces ingoldii,"",eukaryota,false,,,,,,,,,,,,,,,,0.06041637368186547,2,,,94.65,29.5,10^-8.86893,,,,,,0
214966,2,214966,Desmophyllum,"",eukaryota,false,,,,,,,,,,,,,,,,0.0906245605227982,3,,,68.1667,33.6667,10^-5.12835,,,,,[174260],0
174260,1,214966,Desmophyllum pertusum,"",eukaryota,false,,,,,,,,,,,,,,,,0.0906245605227982,3,,,68.1667,33.6667,10^-5.12835,,,,,,0
214960,2,214960,Blastomussa,"",eukaryota,false,,,,0.3020818684093273,10,,,90.9623,52.1,10^-15.7192,,,,,,,,,,,,,,,,,[419443],0
419443,1,214960,Blastomussa wellsi,"",eukaryota,false,,,,0.3020818684093273,10,,,90.9623,52.1,10^-15.7192,,,,,,,,,,,,,,,,,,0
214904,2,214904,Tepidibacter,"",bacteria,false,,,,,,,,,,,,,,,,0.030208186840932735,1,,,71.9,32.0,10^-7.90309,,,,,[2925782],0
2925782,1,214904,Tepidibacter aestuarii,"",bacteria,false,,,,,,,,,,,,,,,,0.030208186840932735,1,,,71.9,32.0,10^-7.90309,,,,,,0
214392,2,214392,Chloroclysta,"",eukaryota,false,,,,0.3624982420911928,12,,,91.1919,47.5833,10^-14.122,,,,,,,,,,,,,,,,,[934828],0
934828,1,214392,Chloroclysta siterata,"",eukaryota,false,,,,0.3624982420911928,12,,,91.1919,47.5833,10^-14.122,,,,,,,,,,,,,,,,,,0
214365,2,214365,Spilosoma,"",eukaryota,false,,,,0.06041637368186547,2,,,84.038,56.5,10^-13.7458,,,,,,,,,,,,,,,,,[875880],0
875880,1,214365,Spilosoma lubricipeda,"",eukaryota,false,,,,0.06041637368186547,2,,,84.038,56.5,10^-13.7458,,,,,,,,,,,,,,,,,,0
214313,2,214313,Polia,"",eukaryota,false,,,,0.030208186840932735,1,,,92.308,39.0,10^-10.1327,,,,,,,,,,,,,,,,,[988024],0
988024,1,214313,Polia nebulosa,"",eukaryota,false,,,,0.030208186840932735,1,,,92.308,39.0,10^-10.1327,,,,,,,,,,,,,,,,,,0
214310,2,214310,Phragmatobia,"",eukaryota,false,,,,0.06041637368186547,2,,,88.162,62.5,10^-16.4768,,,,,,,,,,,,,,,,,[214311],0
214311,1,214310,Phragmatobia fuliginosa,ruby tiger moth,eukaryota,false,,,,0.06041637368186547,2,,,88.162,62.5,10^-16.4768,,,,,,,,,,,,,,,,,,0
214308,2,214308,Pheosia,"",eukaryota,false,,,,0.12083274736373094,4,,,89.9473,55.25,10^-15.6757,,,,,,,,,,,,,,,,,"[988019, 988018]",0
988019,1,214308,Pheosia tremula,"",eukaryota,false,,,,0.06041637368186547,2,,,86.842,66.5,10^-17.8362,,,,,,,,,,,,,,,,,,0
988018,1,214308,Pheosia gnoma,"",eukaryota,false,,,,0.06041637368186547,2,,,93.0525,44.0,10^-13.5153,,,,,,,,,,,,,,,,,,0
214282,2,214282,Ochropleura,"",eukaryota,false,,,,0.1812491210455964,6,,,86.3325,50.3333,10^-11.638,,,,,,,,,,,,,,,,,"[1870131, 320037]",0
1870131,1,214282,Ochropleura leucogaster,"",eukaryota,false,,,,0.0906245605227982,3,,,90.278,40.0,10^-9.43965,,,,,,,,,,,,,,,,,,0
320037,1,214282,Ochropleura plecta,"",eukaryota,false,,,,0.0906245605227982,3,,,82.387,60.6667,10^-13.8364,,,,,,,,,,,,,,,,,,0
214280,2,214280,Notodonta,"",eukaryota,false,,,,0.15104093420466366,5,,,95.4256,46.2,10^-15.5628,,,,,,,,,,,,,,,,,"[988002, 753204]",0
988002,1,214280,Notodonta ziczac,"",eukaryota,false,,,,0.0906245605227982,3,,,95.302,48.3333,10^-16.4624,,,,,,,,,,,,,,,,,,0
753204,1,214280,Notodonta dromedarius,"",eukaryota,false,,,,0.06041637368186547,2,,,95.611,43.0,10^-14.2133,,,,,,,,,,,,,,,,,,0
214276,2,214276,Noctua,"",eukaryota,false,,,,0.0906245605227982,3,,,90.5223,66.0,10^-22.954,,,,,,,,,,,,,,,,,"[987995, 753202]",0
987995,1,214276,Noctua janthe,"",eukaryota,false,,,,0.06041637368186547,2,,,90.248,71.0,10^-24.983,,,,,,,,,,,,,,,,,,0
753202,1,214276,Noctua fimbriata,"",eukaryota,false,,,,0.030208186840932735,1,,,91.071,56.0,10^-18.896,,,,,,,,,,,,,,,,,,0
214239,2,214239,Melanchra,"",eukaryota,false,,,,0.06041637368186547,2,,,85.4215,64.0,10^-17.4815,,,,,,,,,,,,,,,,,[987979],0
987979,1,214239,Melanchra persicariae,"",eukaryota,false,,,,0.06041637368186547,2,,,85.4215,64.0,10^-17.4815,,,,,,,,,,,,,,,,,,0
214193,2,214193,Lomographa,"",eukaryota,false,,,,0.12083274736373094,4,,,90.1923,61.25,10^-21.0875,,,,,,,,,,,,,,,,,[393326],0
393326,1,214193,Lomographa bimaculata,white-pinioned spotted,eukaryota,false,,,,0.12083274736373094,4,,,90.1923,61.25,10^-21.0875,,,,,,,,,,,,,,,,,,0
214189,2,214189,Lobophora,"",eukaryota,false,,,,0.06041637368186547,2,,,86.253,65.0,10^-19.525,,,,,,,,,,,,,,,,,[934876],0
934876,1,214189,Lobophora halterata,"",eukaryota,false,,,,0.06041637368186547,2,,,86.253,65.0,10^-19.525,,,,,,,,,,,,,,,,,,0
214175,2,214175,Hyppa,"",eukaryota,false,,,,0.06041637368186547,2,,,97.727,44.0,10^-16.256,,,,,,,,,,,,,,,,,[987961],0
987961,1,214175,Hyppa rectilinea,"",eukaryota,false,,,,0.06041637368186547,2,,,97.727,44.0,10^-16.256,,,,,,,,,,,,,,,,,,0
214170,2,214170,Hydraecia,"",eukaryota,false,,,,0.15104093420466366,5,,,85.2608,63.4,10^-13.2521,,,,,,,,,,,,,,,,,[214171],0
214171,1,214170,Hydraecia micacea,rosy rustic,eukaryota,false,,,,0.15104093420466366,5,,,85.2608,63.4,10^-13.2521,,,,,,,,,,,,,,,,,,0
214137,2,214137,Eupithecia,"",eukaryota,false,,,,0.9666619789098475,32,,,91.2603,49.8438,10^-15.3374,,,,,,,,,,,,,,,,,"[986984, 934866, 934861, 934860, 934847, 934845, 934844, 934840]",0
986984,1,214137,Eupithecia subumbrata,"",eukaryota,false,,,,0.0906245605227982,3,,,94.0813,47.0,10^-16.0005,,,,,,,,,,,,,,,,,,0
934866,1,214137,Eupithecia vulgata,"",eukaryota,false,,,,0.2718736815683946,9,,,90.3388,48.5556,10^-13.8618,,,,,,,,,,,,,,,,,,0
934861,1,214137,Eupithecia trisignaria,"",eukaryota,false,,,,0.030208186840932735,1,,,95.238,42.0,10^-13.5315,,,,,,,,,,,,,,,,,,0
934860,1,214137,Eupithecia tripunctaria,"",eukaryota,false,,,,0.0906245605227982,3,,,88.7953,52.6667,10^-13.9056,,,,,,,,,,,,,,,,,,0
934847,1,214137,Eupithecia exiguata,"",eukaryota,false,,,,0.0906245605227982,3,,,89.7747,42.3333,10^-10.5546,,,,,,,,,,,,,,,,,,0
934845,1,214137,Eupithecia dodoneata,"",eukaryota,false,,,,0.0906245605227982,3,,,93.7977,59.6667,10^-23.2216,,,,,,,,,,,,,,,,,,0
934844,1,214137,Eupithecia centaureata,"",eukaryota,false,,,,0.12083274736373094,4,,,90.4467,36.75,10^-7.92845,,,,,,,,,,,,,,,,,,0
934840,1,214137,Eupithecia abbreviata,"",eukaryota,false,,,,0.1812491210455964,6,,,91.8183,60.6667,10^-21.6247,,,,,,,,,,,,,,,,,,0
214132,2,214132,Eulithis,"",eukaryota,false,,,,0.5739555499777219,19,,,88.08,66.8947,10^-13.1039,,,,,,,,,,,,,,,,,"[934839, 326959]",0
934839,1,214132,Eulithis prunata,"",eukaryota,false,,,,0.39270642893212554,13,,,87.3129,73.6154,10^-11.8895,,,,,,,,,,,,,,,,,,0
326959,1,214132,Eulithis testata,"",eukaryota,false,,,,0.1812491210455964,6,,,89.742,52.3333,10^-15.7351,,,,,,,,,,,,,,,,,,0
214128,2,214128,Ennomos,"",eukaryota,false,,,,0.33229005525026006,11,,,88.4558,56.3636,10^-16.6655,,,,,,,,,,,,,,,,,"[875883, 722662]",0
875883,1,214128,Ennomos quercinarius,"",eukaryota,false,,,,0.15104093420466366,5,,,91.7494,47.2,10^-14.3174,,,,,,,,,,,,,,,,,,0
722662,1,214128,Ennomos fuscantarius,dusky thorn,eukaryota,false,,,,0.1812491210455964,6,,,85.7112,64.0,10^-18.6223,,,,,,,,,,,,,,,,,,0
214089,2,214089,Clostera,"",eukaryota,false,,,,0.21145730788652914,7,,,92.4211,54.1429,10^-18.433,,,,,,,,,,,,,,,,,[987902],0
987902,1,214089,Clostera curtula,"",eukaryota,false,,,,0.21145730788652914,7,,,92.4211,54.1429,10^-18.433,,,,,,,,,,,,,,,,,,0
212791,2,212791,Enhydrobacter,"",bacteria,false,,,,,,,,,,,,,,,,0.06041637368186547,2,,,98.45,32.5,10^-13.6832,,,,,[2653137],0
2653137,1,212791,Enhydrobacter sp. 8BJ,"",bacteria,false,,,,,,,,,,,,,,,,0.06041637368186547,2,,,98.45,32.5,10^-13.6832,,,,,,0
212588,2,212588,Hedychridium,"",eukaryota,false,,,,0.030208186840932735,1,,,97.727,44.0,10^-16.256,,,,,,,,,,,,,,,,,[2083364],0
2083364,1,212588,Hedychridium sexdentatum,"",eukaryota,false,,,,0.030208186840932735,1,,,97.727,44.0,10^-16.256,,,,,,,,,,,,,,,,,,0
210245,2,210245,Acrocera,"",eukaryota,false,,,,0.7552046710233183,25,,,91.7546,55.56,10^-18.4004,,,,,,,,,,,,,,,,,[210248],0
210248,1,210245,Acrocera orbiculus,"",eukaryota,false,,,,0.7552046710233183,25,,,91.7546,55.56,10^-18.4004,,,,,,,,,,,,,,,,,,0
209260,2,209260,Swaminathania,"",bacteria,false,,,,0.12083274736373094,4,,,91.204,91.0,10^-38.5846,,,,,,0.4229146157730583,14,,,99.5571,32.0714,10^-14.2545,,,,,[182838],0
182838,1,209260,Swaminathania salitolerans,"",bacteria,false,,,,0.12083274736373094,4,,,91.204,91.0,10^-38.5846,,,,,,0.4229146157730583,14,,,99.5571,32.0714,10^-14.2545,,,,,,0
208294,2,208294,Seadornavirus,"",viruses,false,,,,0.06041637368186547,2,,,89.362,94.0,10^-37.8843,,,,,,0.12083274736373094,4,,,76.975,31.5,10^-6.28194,,,,,[246280],0
246280,1,208294,Liao ning virus,"",viruses,false,,,,0.06041637368186547,2,,,89.362,94.0,10^-37.8843,,,,,,0.12083274736373094,4,,,76.975,31.5,10^-6.28194,,,,,,0
205760,2,205760,Gloeopeniophorella,"",eukaryota,false,,,,,,,,,,,,,,,,0.06041637368186547,2,,,93.5,31.0,10^-5.50169,,,,,[205761],0
205761,1,205760,Gloeopeniophorella convolvens,"",eukaryota,false,,,,,,,,,,,,,,,,0.06041637368186547,2,,,93.5,31.0,10^-5.50169,,,,,,0
204943,2,204943,Cryptocephalus,"",eukaryota,false,,,,0.48333098945492375,16,,,90.4306,50.125,10^-14.4976,,,,,,,,,,,,,,,,,[204949],0
204949,1,204943,Cryptocephalus moraei,"",eukaryota,false,,,,0.48333098945492375,16,,,90.4306,50.125,10^-14.4976,,,,,,,,,,,,,,,,,,0
204630,2,204630,Sphaerosoma,"",eukaryota,false,,,,,,,,,,,,,,,,0.030208186840932735,1,,,81.8,33.0,10^-9.88273,,,,,[2055536],0
2055536,1,204630,Sphaerosoma sp. CSR002,"",eukaryota,false,,,,,,,,,,,,,,,,0.030208186840932735,1,,,81.8,33.0,10^-9.88273,,,,,,0
204475,2,204475,Gemmiger,"",bacteria,false,,,,,,,,,,,,,,,,0.06041637368186547,2,,,78.6,28.0,10^-8.48017,,,,,[1965662],0
1965662,1,204475,Gemmiger sp. An87,"",bacteria,false,,,,,,,,,,,,,,,,0.06041637368186547,2,,,78.6,28.0,10^-8.48017,,,,,,0
204447,2,204447,Skermanella,"",bacteria,false,,,,0.0906245605227982,3,,,98.3467,100.667,10^-53.8655,,,,,,,,,,,,,,,,,"[2775420, 1817965, 1648232]",0
2775420,1,204447,Skermanella sp. TT6,"",bacteria,false,,,,0.030208186840932735,1,,,99.0,100.0,10^-54.3258,,,,,,,,,,,,,,,,,,0
1817965,1,204447,Skermanella rosea,"",bacteria,false,,,,0.030208186840932735,1,,,97.03,101.0,10^-52.2629,,,,,,,,,,,,,,,,,,0
1648232,1,204447,Skermanella rubra,"",bacteria,false,,,,0.030208186840932735,1,,,99.01,101.0,10^-55.0077,,,,,,,,,,,,,,,,,,0
204286,2,204286,Cobetia,"",bacteria,false,,,,0.06041637368186547,2,,,99.505,101.0,10^-55.6939,,,,,,0.030208186840932735,1,,,77.4,31.0,10^-10.7878,,,,,"[2661553, 1055104]",0
2661553,1,204286,Cobetia sp. AM6,"",bacteria,false,,,,0.030208186840932735,1,,,99.01,101.0,10^-55.0077,,,,,,0.030208186840932735,1,,,77.4,31.0,10^-10.7878,,,,,,0
1055104,1,204286,Cobetia amphilecti,"",bacteria,false,,,,0.030208186840932735,1,,,100.0,101.0,10^-56.3801,,,,,,,,,,,,,,,,,,0
204037,2,204037,Dickeya,"",bacteria,false,,,,0.7249964841823856,24,,,94.6733,92.3043,10^-43.3551,,,,,,0.21145730788652914,7,,,93.4,31.7143,10^-10.0351,,,,,"[1577887, 1089444, 568768, 568750, 204042, 204038, 556]",0
1577887,1,204037,Dickeya undicola,"",bacteria,false,,,,,,,,,,,,,,,,0.030208186840932735,1,,,93.8,32.0,10^-11.8097,,,,,,0
1089444,1,204037,Dickeya solani,"",bacteria,false,,,,0.030208186840932735,1,,,100.0,101.0,10^-56.3801,,,,,,0.06041637368186547,2,,,80.0,30.0,10^-4.4045,,,,,,0
568768,1,204037,Dickeya poaceiphila,"",bacteria,false,,,,0.030208186840932735,1,,,98.0,100.0,10^-52.9535,,,,,,,,,,,,,,,,,,0
568750,1,204037,Dickeya sp. 20711883,"",bacteria,false,,,,,,,,,,,,,,,,0.030208186840932735,1,,,100.0,33.0,10^-14.2487,,,,,,0
204042,1,204037,Dickeya zeae,"",bacteria,false,,,,,,,,,,,,,,,,0.030208186840932735,1,,,100.0,33.0,10^-11.0969,,,,,,0
204038,1,204037,Dickeya dadantii,"",bacteria,false,,,,0.6343719236595874,21,,,93.9743,92.85,10^-42.7982,,,,,,0.06041637368186547,2,,,100.0,32.0,10^-12.1406,,,,,,0
556,1,204037,Dickeya chrysanthemi,"",bacteria,false,,,,0.030208186840932735,1,,,100.0,65.0,10^-31.8688,,,,,,,,,,,,,,,,,,0
203804,2,203804,Blochmannia,"",bacteria,false,,,,0.0906245605227982,3,,,90.3063,67.3333,10^-24.7634,,,,,,,,,,,,,,,,,"[700206, 251542]",0
700206,1,203804,Blochmannia endosymbiont of Camponotus (Colobopsis) etiolatus,"",bacteria,false,,,,0.030208186840932735,1,,,98.611,72.0,10^-35.2553,,,,,,,,,,,,,,,,,,0
251542,1,203804,Candidatus Blochmannia chromaiodes,"",bacteria,false,,,,0.06041637368186547,2,,,86.154,65.0,10^-19.5175,,,,,,,,,,,,,,,,,,0
203780,2,203780,Glaucopsyche,"",eukaryota,false,,,,0.24166549472746188,8,,,91.139,51.625,10^-15.9477,,,,,,,,,,,,,,,,,[203781],0
203781,1,203780,Glaucopsyche alexis,green-underside blue,eukaryota,false,,,,0.24166549472746188,8,,,91.139,51.625,10^-15.9477,,,,,,,,,,,,,,,,,,0
203525,2,203525,Cystobasidium,"",eukaryota,false,,,,0.030208186840932735,1,,,100.0,101.0,10^-56.3801,,,,,,,,,,,,,,,,,[1925428],0
1925428,1,203525,Cystobasidium sp.,"",eukaryota,false,,,,0.030208186840932735,1,,,100.0,101.0,10^-56.3801,,,,,,,,,,,,,,,,,,0
202907,2,202907,Collimonas,"",bacteria,false,,,,0.030208186840932735,1,,,92.683,41.0,10^-11.4834,,,,,,,,,,,,,,,,,[158899],0
158899,1,202907,Collimonas fungivorans,"",bacteria,false,,,,0.030208186840932735,1,,,92.683,41.0,10^-11.4834,,,,,,,,,,,,,,,,,,0
202696,2,202696,Jaapia,"",eukaryota,false,,,,,,,,,,,,,,,,0.1812491210455964,6,,,84.2333,32.1667,10^-9.73367,,,,,[202697],0
202697,1,202696,Jaapia argillacea,"",eukaryota,false,,,,,,,,,,,,,,,,0.1812491210455964,6,,,84.2333,32.1667,10^-9.73367,,,,,,0
202694,2,202694,Phellodon,"",eukaryota,false,,,,0.6343719236595874,21,,,93.3746,266.19,10^-109.383,,,,,,,,,,,,,,,,,"[2950477, 137748]",0
2950477,1,202694,Phellodon cinereofuscus,"",eukaryota,false,,,,0.030208186840932735,1,,,100.0,93.0,10^-50.9264,,,,,,,,,,,,,,,,,,0
137748,1,202694,Phellodon fuligineoalbus,"",eukaryota,false,,,,0.6041637368186547,20,,,93.0433,274.85,10^-112.306,,,,,,,,,,,,,,,,,,0
201998,2,201998,Hylobius,"",eukaryota,false,,,,,,,,,,,,,,,,0.030208186840932735,1,,,87.9,33.0,10^-10.1169,,,,,[201999],0
201999,1,201998,Hylobius abietis,large pine weevil,eukaryota,false,,,,,,,,,,,,,,,,0.030208186840932735,1,,,87.9,33.0,10^-10.1169,,,,,,0
201855,2,201855,Ceutorhynchus,"",eukaryota,false,,,,0.39270642893212554,13,,,91.1759,50.6154,10^-15.4725,,,,,,0.12083274736373094,4,,,78.775,33.0,10^-8.74451,,,,,[467358],0
467358,1,201855,Ceutorhynchus assimilis,cabbage seed weevil,eukaryota,false,,,,0.39270642893212554,13,,,91.1759,50.6154,10^-15.4725,,,,,,0.12083274736373094,4,,,78.775,33.0,10^-8.74451,,,,,,0
200916,2,200916,Acanthoscelides,"",eukaryota,false,,,,,,,,,,,,,,,,0.7552046710233183,25,,,87.5375,30.0,10^-8.63886,,,,,[200917],0
200917,1,200916,Acanthoscelides obtectus,"",eukaryota,false,,,,,,,,,,,,,,,,0.7552046710233183,25,,,87.5375,30.0,10^-8.63886,,,,,,0
200858,2,200858,Eubosmina,"",eukaryota,false,,,,,,,,,,,,,,,,0.030208186840932735,1,,,100.0,32.0,10^-11.7399,,,,,[186181],0
186181,1,200858,Eubosmina coregoni,"",eukaryota,false,,,,,,,,,,,,,,,,0.030208186840932735,1,,,100.0,32.0,10^-11.7399,,,,,,0
200670,2,200670,Crenothrix,"",bacteria,false,,,,,,,,,,,,,,,,0.06041637368186547,2,,,86.95,28.0,10^-7.57474,,,,,[360316],0
360316,1,200670,Crenothrix polyspora,"",bacteria,false,,,,,,,,,,,,,,,,0.06041637368186547,2,,,86.95,28.0,10^-7.57474,,,,,,0
200613,2,200613,Anoplius,"",eukaryota,false,,,,0.33229005525026006,11,,,91.9853,50.6667,10^-16.3572,,,,,,,,,,,,,,,,,[1667466],0
1667466,1,200613,Anoplius nigerrimus,"",eukaryota,false,,,,0.33229005525026006,11,,,91.9853,50.6667,10^-16.3572,,,,,,,,,,,,,,,,,,0
199487,2,199487,Hyalella,"",eukaryota,false,,,,0.06041637368186547,2,,,90.1175,50.5,10^-15.1669,,,,,,0.0906245605227982,3,,,86.2,31.6667,10^-10.7525,,,,,[294128],0
294128,1,199487,Hyalella azteca,"",eukaryota,false,,,,0.06041637368186547,2,,,90.1175,50.5,10^-15.1669,,,,,,0.0906245605227982,3,,,86.2,31.6667,10^-10.7525,,,,,,0
198633,2,198633,Eristalis,"",eukaryota,false,,,,3.624982420911928,120,,,89.6913,63.8966,10^-16.1042,,,,,,,,,,,,,,,,,"[1572519, 1124515, 198635]",0
1572519,1,198633,Eristalis pertinax,"",eukaryota,false,,,,1.0572865394326456,35,,,90.2272,56.7353,10^-17.2396,,,,,,,,,,,,,,,,,,0
1124515,1,198633,Eristalis arbustorum,"",eukaryota,false,,,,0.8760374183870493,29,,,89.7274,74.1429,10^-21.7086,,,,,,,,,,,,,,,,,,0
198635,1,198633,Eristalis tenax,drone fly,eukaryota,false,,,,1.6916584630922331,56,,,89.3352,63.0926,10^-12.4833,,,,,,,,,,,,,,,,,,0
198251,2,198251,Pelagibacter,"",bacteria,false,,,,,,,,,,,,,,,,0.030208186840932735,1,,,100.0,20.0,10^-4.02503,,,,,[198252],0
198252,1,198251,Candidatus Pelagibacter ubique,"",bacteria,false,,,,,,,,,,,,,,,,0.030208186840932735,1,,,100.0,20.0,10^-4.02503,,,,,,0
197159,2,197159,Hexagenia,"",eukaryota,false,,,,,,,,,,,,,,,,0.030208186840932735,1,,,100.0,21.0,10^-5.75945,,,,,[244977],0
244977,1,197159,Hexagenia limbata,"",eukaryota,false,,,,,,,,,,,,,,,,0.030208186840932735,1,,,100.0,21.0,10^-5.75945,,,,,,0
197151,2,197151,Cloeon,"",eukaryota,false,,,,3.5645660472300627,118,,,86.0356,131.825,10^-28.8284,,,,,,0.6041637368186547,20,,,92.9263,31.3158,10^-10.0086,,,,,[197152],0
197152,1,197151,Cloeon dipterum,"",eukaryota,false,,,,3.5645660472300627,118,,,86.0356,131.825,10^-28.8284,,,,,,0.6041637368186547,20,,,92.9263,31.3158,10^-10.0086,,,,,,0
197002,2,197002,Biphyllus,"",eukaryota,false,,,,,,,,,,,,,,,,0.030208186840932735,1,,,100.0,33.0,10^-12.5817,,,,,[2055338],0
2055338,1,197002,Biphyllus sp. CSR068,"",eukaryota,false,,,,,,,,,,,,,,,,0.030208186840932735,1,,,100.0,33.0,10^-12.5817,,,,,,0
196013,2,196013,Caldimonas,"",bacteria,false,,,,0.06041637368186547,2,,,91.781,73.0,10^-29.0736,,,,,,,,,,,,,,,,,[376175],0
376175,1,196013,Schlegelella aquatica,"",bacteria,false,,,,0.06041637368186547,2,,,91.781,73.0,10^-29.0736,,,,,,,,,,,,,,,,,,0
195882,2,195882,Laodelphax,"",eukaryota,false,,,,0.06041637368186547,2,,,86.765,68.0,10^-21.5564,,,,,,0.6947882973414529,23,,,94.7174,31.5652,10^-12.8386,,,,,[195883],0
195883,1,195882,Laodelphax striatellus,small brown planthopper,eukaryota,false,,,,0.06041637368186547,2,,,86.765,68.0,10^-21.5564,,,,,,0.6947882973414529,23,,,94.7174,31.5652,10^-12.8386,,,,,,0
195223,2,195223,Malthinus,"",eukaryota,false,,,,0.3624982420911928,12,,,93.6357,47.3333,10^-15.0902,,,,,,,,,,,,,,,,,[195224],0
195224,1,195223,Malthinus flaveolus,"",eukaryota,false,,,,0.3624982420911928,12,,,93.6357,47.3333,10^-15.0902,,,,,,,,,,,,,,,,,,0
195202,2,195202,Heterocerus,"",eukaryota,false,,,,,,,,,,,,,,,,0.06041637368186547,2,,,98.45,32.5,10^-11.9864,,,,,[2055422],0
2055422,1,195202,Heterocerus sp. INB092,"",eukaryota,false,,,,,,,,,,,,,,,,0.06041637368186547,2,,,98.45,32.5,10^-11.9864,,,,,,0
195164,2,195164,Agrilus,"",eukaryota,false,,,,0.5739555499777219,19,,,92.4972,53.5263,10^-18.7463,,,,,,0.24166549472746188,8,,,93.75,32.5,10^-10.6524,,,,,"[1586972, 224129]",0
1586972,1,195164,Agrilus cyanescens,"",eukaryota,false,,,,0.39270642893212554,13,,,91.9258,50.0,10^-16.1017,,,,,,,,,,,,,,,,,,0
224129,1,195164,Agrilus planipennis,emerald ash borer,eukaryota,false,,,,0.1812491210455964,6,,,93.7352,61.1667,10^-24.4764,,,,,,0.24166549472746188,8,,,93.75,32.5,10^-10.6524,,,,,,0
192874,2,192874,Capsaspora,"",eukaryota,false,,,,0.030208186840932735,1,,,94.34,53.0,10^-19.6061,,,,,,,,,,,,,,,,,[192875],0
192875,1,192874,Capsaspora owczarzaki,"",eukaryota,false,,,,0.030208186840932735,1,,,94.34,53.0,10^-19.6061,,,,,,,,,,,,,,,,,,0
192486,2,192486,Condylostylus,"",eukaryota,false,,,,0.2718736815683946,9,,,88.8784,67.4444,10^-22.1173,,,,,,4.742685334026439,157,,,74.9717,40.8654,10^-10.5253,,,,,[2530218],0
2530218,1,192486,Condylostylus longicornis,"",eukaryota,false,,,,0.2718736815683946,9,,,88.8784,67.4444,10^-22.1173,,,,,,4.742685334026439,157,,,74.9717,40.8654,10^-10.5253,,,,,,0
192475,2,192475,Brachystoma,"",eukaryota,false,,,,,,,,,,,,,,,,0.030208186840932735,1,,,100.0,33.0,10^-9.16368,,,,,[369839],0
369839,1,192475,Brachystoma sp. JKM-2006,"",eukaryota,false,,,,,,,,,,,,,,,,0.030208186840932735,1,,,100.0,33.0,10^-9.16368,,,,,,0
192463,2,192463,Phthorimaea,"",eukaryota,false,,,,,,,,,,,,,,,,0.1812491210455964,6,,,79.3333,32.3333,10^-8.39909,,,,,[192464],0
192464,1,192463,Phthorimaea operculella,potato tuberworm,eukaryota,false,,,,,,,,,,,,,,,,0.1812491210455964,6,,,79.3333,32.3333,10^-8.39909,,,,,,0
192449,2,192449,Rhingia,"",eukaryota,false,,,,0.6343719236595874,21,,,87.387,151.905,10^-37.7952,,,,,,,,,,,,,,,,,"[2721518, 226161]",0
2721518,1,192449,Rhingia rostrata,"",eukaryota,false,,,,0.5135391762958564,17,,,87.1143,170.0,10^-40.4882,,,,,,,,,,,,,,,,,,0
226161,1,192449,Rhingia campestris,"",eukaryota,false,,,,0.12083274736373094,4,,,88.5462,75.0,10^-26.35,,,,,,,,,,,,,,,,,,0
192258,2,192258,Genlisea,"",eukaryota,false,,,,,,,,,,,,,,,,0.5135391762958564,17,,,89.3647,32.0,10^-11.4906,,,,,[192259],0
192259,1,192258,Genlisea aurea,"",eukaryota,false,,,,,,,,,,,,,,,,0.5135391762958564,17,,,89.3647,32.0,10^-11.4906,,,,,,0
192190,2,192190,Pandemis,"",eukaryota,false,,,,0.21145730788652914,7,,,86.9091,54.2857,10^-14.2269,,,,,,,,,,,,,,,,,"[1101029, 753214]",0
1101029,1,192190,Pandemis corylana,"",eukaryota,false,,,,0.06041637368186547,2,,,88.6755,53.0,10^-15.4891,,,,,,,,,,,,,,,,,,0
753214,1,192190,Pandemis cinnamomeana,"",eukaryota,false,,,,0.15104093420466366,5,,,86.2026,54.8,10^-13.7221,,,,,,,,,,,,,,,,,,0
191769,2,191769,Marinilactibacillus,"",bacteria,false,,,,,,,,,,,,,,,,0.030208186840932735,1,,,93.8,32.0,10^-10.9136,,,,,[191770],0
191770,1,191769,Marinilactibacillus psychrotolerans,"",bacteria,false,,,,,,,,,,,,,,,,0.030208186840932735,1,,,93.8,32.0,10^-10.9136,,,,,,0
191376,2,191376,Talorchestia,"",eukaryota,false,,,,0.06041637368186547,2,,,97.619,42.0,10^-14.9038,,,,,,,,,,,,,,,,,[2448737],0
2448737,1,191376,Talorchestia sp. 4 HL-2018,"",eukaryota,false,,,,0.06041637368186547,2,,,97.619,42.0,10^-14.9038,,,,,,,,,,,,,,,,,,0
191303,2,191303,Turicibacter,"",bacteria,false,,,,0.12083274736373094,4,,,99.01,100.5,10^-54.6668,,,,,,,,,,,,,,,,,"[2806443, 2735723]",0
2806443,1,191303,Turicibacter sp. TJ11,"",bacteria,false,,,,0.06041637368186547,2,,,100.0,100.0,10^-55.6982,,,,,,,,,,,,,,,,,,0
2735723,1,191303,Turicibacter bilis,"",bacteria,false,,,,0.06041637368186547,2,,,98.02,101.0,10^-53.6353,,,,,,,,,,,,,,,,,,0
191028,2,191028,Leisingera,"",bacteria,false,,,,0.06041637368186547,2,,,71.233,73.0,10^-8.48809,,,,,,,,,,,,,,,,,[2930199],0
2930199,1,191028,Leisingera thetidis,"",bacteria,false,,,,0.06041637368186547,2,,,71.233,73.0,10^-8.48809,,,,,,,,,,,,,,,,,,0
190765,2,190765,Ochlerotatus,"",eukaryota,false,,,,3812.9377594362113,126222,,,93.7791,223.469,10^-81.6402,,,,,,246.3779718746474,8156,,,96.4554,163.941,10^-108.119,,,,,"[2067447, 1874498, 1529939, 1315706, 1245356, 1206303, 1205945, 1197337, 1197336, 873164, 767023, 767022, 663928, 658031, 571210, 569589, 329105, 329103, 329101, 310513, 228918, 173086, 120878, 120877, 120873, 120870, 119226, 104516, 46209, 7162]",0
2067447,1,190765,Ochlerotatus dupreei,"",eukaryota,false,,,,0.030208186840932735,1,,,100.0,38.0,10^-13.5749,,,,,,,,,,,,,,,,,,0
1874498,1,190765,Ochlerotatus sp. 4DS,"",eukaryota,false,,,,0.0906245605227982,3,,,90.3493,100.0,10^-42.432,,,,,,0.12083274736373094,4,,,96.2,32.75,10^-10.2982,,,,,,0
1529939,1,190765,Ochlerotatus pulcritarsis,"",eukaryota,false,,,,16.765543696717668,555,,,86.5507,82.2647,10^-28.3037,,,,,,,,,,,,,,,,,,0
1315706,1,190765,Ochlerotatus churchillensis,"",eukaryota,false,,,,0.030208186840932735,1,,,91.919,99.0,10^-44.0374,,,,,,,,,,,,,,,,,,0
1245356,1,190765,Ochlerotatus kasachstanicus,"",eukaryota,false,,,,0.030208186840932735,1,,,100.0,38.0,10^-13.5749,,,,,,,,,,,,,,,,,,0
1206303,1,190765,Ochlerotatus mitchellae,"",eukaryota,false,,,,0.8458292315461166,28,,,96.1568,63.5833,10^-27.3748,,,,,,0.030208186840932735,1,,,100.0,30.0,10^-11.4486,,,,,,0
1205945,1,190765,Ochlerotatus thibaulti,"",eukaryota,false,,,,0.030208186840932735,1,,,94.059,101.0,10^-48.1458,,,,,,,,,,,,,,,,,,0
1197337,1,190765,Ochlerotatus theobaldi,"",eukaryota,false,,,,0.030208186840932735,1,,,91.667,96.0,10^-41.9922,,,,,,0.0906245605227982,3,,,91.9,33.0,10^-10.6305,,,,,,0
1197336,1,190765,Ochlerotatus procax,"",eukaryota,false,,,,0.0906245605227982,3,,,86.7373,88.3333,10^-31.7427,,,,,,,,,,,,,,,,,,0
873164,1,190765,Ochlerotatus serratus,"",eukaryota,false,,,,0.3020818684093273,10,,,98.2198,49.9,10^-20.5348,,,,,,,,,,,,,,,,,,0
767023,1,190765,Ochlerotatus nigromaculis,"",eukaryota,false,,,,0.39270642893212554,13,,,98.8593,66.8333,10^-31.8651,,,,,,,,,,,,,,,,,,0
767022,1,190765,Ochlerotatus melanimon,"",eukaryota,false,,,,0.030208186840932735,1,,,89.041,73.0,10^-24.9565,,,,,,,,,,,,,,,,,,0
663928,1,190765,Ochlerotatus dorsalis,"",eukaryota,false,,,,2.960402310411408,98,,,92.7476,88.0145,10^-38.8122,,,,,,,,,,,,,,,,,,0
658031,1,190765,Ochlerotatus fluviatilis,"",eukaryota,false,,,,9.273913360166349,307,,,83.2584,648.286,10^-142.138,,,,,,1.2083274736373093,40,,,93.3421,31.2895,10^-9.52167,,,,,,0
571210,1,190765,Ochlerotatus scapularis,"",eukaryota,false,,,,0.39270642893212554,13,,,97.3364,63.6154,10^-28.7275,,,,,,2.4468631341155516,81,,,89.333,75.0,10^-27.3645,,,,,,0
569589,1,190765,Ochlerotatus vigilax,"",eukaryota,false,,,,24.86133777008764,823,,,81.797,879.0,10^-307.653,,,,,,0.8156210447051838,27,,,94.2343,46.3043,10^-19.9817,,,,,,0
329105,1,190765,Ochlerotatus taeniorhynchus,"",eukaryota,false,,,,2417.410151945642,80025,,,94.3255,217.735,10^-80.0795,,,,,,201.639647163226,6675,,,97.6129,171.232,10^-117.398,,,,,,0
329103,1,190765,Ochlerotatus excrucians,"",eukaryota,false,,,,0.030208186840932735,1,,,90.722,97.0,10^-41.3015,,,,,,,,,,,,,,,,,,0
329101,1,190765,Ochlerotatus aurifer,"",eukaryota,false,,,,0.030208186840932735,1,,,96.25,80.0,10^-37.9543,,,,,,,,,,,,,,,,,,0
310513,1,190765,Ochlerotatus sollicitans,eastern saltmarsh mosquito,eukaryota,false,,,,48.39351531917424,1602,,,94.0591,150.395,10^-72.6814,,,,,,5.316640884004161,176,,,95.6563,136.624,10^-86.8513,,,,,,0
228918,1,190765,Ochlerotatus trivittatus,"",eukaryota,false,,,,0.12083274736373094,4,,,95.7968,74.5,10^-33.2024,,,,,,,,,,,,,,,,,,0
173086,1,190765,Ochlerotatus epactius,"",eukaryota,false,,,,4.078105223525919,135,,,97.2854,219.932,10^-100.034,,,,,,1.2687438473191748,42,,,88.8917,82.0952,10^-33.002,,,,,,0
120878,1,190765,Ochlerotatus sticticus,"",eukaryota,false,,,,23.743634856973127,786,,,93.6912,70.2805,10^-29.3469,,,,,,,,,,,,,,,,,,0
120877,1,190765,Ochlerotatus rusticus,"",eukaryota,false,,,,3.171859618297937,105,,,94.2856,44.8395,10^-14.4944,,,,,,,,,,,,,,,,,,0
120873,1,190765,Ochlerotatus detritus,"",eukaryota,false,,,,1227.2075904128924,40625,,,90.1435,97.7545,10^-40.8165,,,,,,,,,,,,,,,,,,0
120870,1,190765,Ochlerotatus caspius,"",eukaryota,false,,,,6.283302862914009,208,,,89.2308,81.9455,10^-31.1675,,,,,,0.030208186840932735,1,,,100.0,33.0,10^-12.9281,,,,,,0
119226,1,190765,Ochlerotatus brelandi,"",eukaryota,false,,,,0.24166549472746188,8,,,93.6026,89.1429,10^-40.0706,,,,,,,,,,,,,,,,,,0
104516,1,190765,Ochlerotatus hendersoni,"",eukaryota,false,,,,0.4229146157730583,14,,,92.5341,98.6154,10^-44.6202,,,,,,,,,,,,,,,,,,0
46209,1,190765,Ochlerotatus punctor,"",eukaryota,false,,,,0.030208186840932735,1,,,100.0,40.0,10^-14.925,,,,,,,,,,,,,,,,,,0
7162,1,190765,Ochlerotatus triseriatus,"",eukaryota,false,,,,25.61654244111096,848,,,90.3079,305.505,10^-90.9719,,,,,,33.41025464607161,1106,,,91.4641,148.132,10^-77.802,,,,,,0
190561,2,190561,Gordionus,"",eukaryota,false,,,,0.030208186840932735,1,,,90.0,40.0,10^-9.43554,,,,,,,,,,,,,,,,,[3053472],0
3053472,1,190561,Gordionus sp. m RMFG-2023,"",eukaryota,false,,,,0.030208186840932735,1,,,90.0,40.0,10^-9.43554,,,,,,,,,,,,,,,,,,0
190368,2,190368,Xanthorhoe,"",eukaryota,false,,,,0.030208186840932735,1,,,94.34,53.0,10^-19.6061,,,,,,,,,,,,,,,,,[934904],0
934904,1,190368,Xanthorhoe spadicearia,"",eukaryota,false,,,,0.030208186840932735,1,,,94.34,53.0,10^-19.6061,,,,,,,,,,,,,,,,,,0
190365,2,190365,Timandra,"",eukaryota,false,,,,0.24166549472746188,8,,,89.9005,49.5,10^-14.3197,,,,,,,,,,,,,,,,,[190366],0
190366,1,190365,Timandra comae,"",eukaryota,false,,,,0.24166549472746188,8,,,89.9005,49.5,10^-14.3197,,,,,,,,,,,,,,,,,,0
190355,2,190355,Peribatodes,"",eukaryota,false,,,,0.2718736815683946,9,,,91.6409,55.2222,10^-18.2259,,,,,,,,,,,,,,,,,[190356],0
190356,1,190355,Peribatodes rhomboidaria,willow beauty,eukaryota,false,,,,0.2718736815683946,9,,,91.6409,55.2222,10^-18.2259,,,,,,,,,,,,,,,,,,0
190346,2,190346,Epirrhoe,"",eukaryota,false,,,,0.21145730788652914,7,,,85.5613,141.286,10^-33.5232,,,,,,,,,,,,,,,,,[934838],0
934838,1,190346,Epirrhoe tristata,"",eukaryota,false,,,,0.21145730788652914,7,,,85.5613,141.286,10^-33.5232,,,,,,,,,,,,,,,,,,0
190338,2,190338,Cyclophora,"",eukaryota,false,,,,0.0906245605227982,3,,,93.5143,51.3333,10^-18.0193,,,,,,,,,,,,,,,,,[310442],0
310442,1,190338,Cyclophora punctaria,maiden's blush,eukaryota,false,,,,0.0906245605227982,3,,,93.5143,51.3333,10^-18.0193,,,,,,,,,,,,,,,,,,0
189978,2,189978,Bibio,"",eukaryota,false,,,,0.8156210447051838,27,,,88.5945,97.4815,10^-26.2103,,,,,,,,,,,,,,,,,[189979],0
189979,1,189978,Bibio marci,St. Mark's fly,eukaryota,false,,,,0.8156210447051838,27,,,88.5945,97.4815,10^-26.2103,,,,,,,,,,,,,,,,,,0
189907,2,189907,Leptidea,"",eukaryota,false,,,,0.24166549472746188,8,,,92.1741,50.75,10^-16.716,,,,,,0.3020818684093273,10,,,91.67,30.6,10^-9.64831,,,,,[189913],0
189913,1,189907,Leptidea sinapis,"",eukaryota,false,,,,0.24166549472746188,8,,,92.1741,50.75,10^-16.716,,,,,,0.3020818684093273,10,,,91.67,30.6,10^-9.64831,,,,,,0
189450,2,189450,Papiliotrema,"",eukaryota,false,,,,0.15104093420466366,5,,,97.3444,76.0,10^-37.1839,,,,,,,,,,,,,,,,,"[425109, 214993, 5418]",0
425109,1,189450,Papiliotrema terrestris,"",eukaryota,false,,,,0.030208186840932735,1,,,97.802,91.0,10^-46.8187,,,,,,,,,,,,,,,,,,0
214993,1,189450,Papiliotrema flavescens,"",eukaryota,false,,,,0.06041637368186547,2,,,95.455,44.0,10^-14.8836,,,,,,,,,,,,,,,,,,0
5418,1,189450,Papiliotrema laurentii,"",eukaryota,false,,,,0.06041637368186547,2,,,99.005,100.5,10^-54.6668,,,,,,,,,,,,,,,,,,0
189330,2,189330,Dorea,"",bacteria,false,,,,,,,,,,,,,,,,0.2718736815683946,9,,,74.3778,30.1111,10^-5.41014,,,,,[88431],0
88431,1,189330,Dorea longicatena,"",bacteria,false,,,,,,,,,,,,,,,,0.2718736815683946,9,,,74.3778,30.1111,10^-5.41014,,,,,,0
189290,2,189290,Meloidogyne,"",eukaryota,false,,,,,,,,,,,,,,,,0.24166549472746188,8,,,80.125,30.0,10^-7.28294,,,,,"[390850, 189291]",0
390850,1,189290,Meloidogyne enterolobii,"",eukaryota,false,,,,,,,,,,,,,,,,0.21145730788652914,7,,,81.1286,30.5714,10^-7.73241,,,,,,0
189291,1,189290,Meloidogyne graminicola,"",eukaryota,false,,,,,,,,,,,,,,,,0.030208186840932735,1,,,73.1,26.0,10^-4.13668,,,,,,0
188292,2,188292,Stegana,"",eukaryota,false,,,,,,,,,,,,,,,,0.0906245605227982,3,,,97.9667,32.3333,10^-10.0956,,,,,"[2597611, 2597572]",0
2597611,1,188292,Stegana sp. OSyan998,"",eukaryota,false,,,,,,,,,,,,,,,,0.06041637368186547,2,,,98.45,32.0,10^-9.87392,,,,,,0
2597572,1,188292,Stegana sp. SN1874,"",eukaryota,false,,,,,,,,,,,,,,,,0.030208186840932735,1,,,97.0,33.0,10^-10.5391,,,,,,0
186981,2,186981,Elmis,"",eukaryota,false,,,,0.4229146157730583,14,,,90.4786,53.4286,10^-16.8708,,,,,,,,,,,,,,,,,[186982],0
186982,1,186981,Elmis aenea,"",eukaryota,false,,,,0.4229146157730583,14,,,90.4786,53.4286,10^-16.8708,,,,,,,,,,,,,,,,,,0
186846,2,186846,Salasvirus,"",viruses,true,,,,0.030208186840932735,1,,,97.5,40.0,10^-13.5526,,,,,,,,,,,,,,,,,[2843779],0
2843779,1,186846,Salasvirus PZA,"",viruses,true,,,,0.030208186840932735,1,,,97.5,40.0,10^-13.5526,,,,,,,,,,,,,,,,,,0
186768,2,186768,Mitovirus,"",viruses,false,,,,0.06041637368186547,2,,,88.9255,99.0,10^-39.9204,,,,,,0.06041637368186547,2,,,95.45,33.0,10^-10.3825,,,,,"[2741888, 2691991]",0
2741888,1,186768,Erysiphe necator associated mitovirus 21,"",viruses,false,,,,0.06041637368186547,2,,,88.9255,99.0,10^-39.9204,,,,,,0.030208186840932735,1,,,93.9,33.0,10^-10.2464,,,,,,0
2691991,1,186768,Erysiphe necator associated mitovirus 3,"",viruses,false,,,,,,,,,,,,,,,,0.030208186840932735,1,,,97.0,33.0,10^-10.5186,,,,,,0
186767,2,186767,Narnavirus,"",viruses,false,,,,41.355007785236914,1369,,,97.2637,715.264,10^-307.386,,,,,,0.06041637368186547,2,,,70.25,39.0,10^-6.18164,,,,,"[2719528, 2507127]",0
2719528,1,186767,Plasmopara viticola lesion associated narnavirus 42,"",viruses,false,,,,,,,,,,,,,,,,0.030208186840932735,1,,,68.8,32.0,10^-5.10679,,,,,,0
2507127,1,186767,Aedes taeniorhynchus narnavirus,"",viruses,false,,,,41.355007785236914,1369,,,97.2637,715.264,10^-307.386,,,,,,0.030208186840932735,1,,,71.7,46.0,10^-7.25649,,,,,,0
186667,2,186667,Metavirus,"",viruses,false,,,,,,,,,,,,,,,,0.030208186840932735,1,,,75.0,32.0,10^-5.92445,,,,,[2812454],0
2812454,1,186667,Ceratitis capitata metavirus 2,"",viruses,false,,,,,,,,,,,,,,,,0.030208186840932735,1,,,75.0,32.0,10^-5.92445,,,,,,0
186666,2,186666,Errantivirus,"",viruses,false,,,,,,,,,,,,,,,,0.39270642893212554,13,,,60.4689,72.8462,10^-21.958,,,,,[2552986],0
2552986,1,186666,Lampyris noctiluca errantivirus 1,"",viruses,false,,,,,,,,,,,,,,,,0.39270642893212554,13,,,60.4689,72.8462,10^-21.958,,,,,,0
186650,2,186650,Microvirga,"",bacteria,false,,,,,,,,,,,,,,,,0.030208186840932735,1,,,81.5,27.0,10^-4.05998,,,,,[2580413],0
2580413,1,186650,Microvirga brassicacearum,"",bacteria,false,,,,,,,,,,,,,,,,0.030208186840932735,1,,,81.5,27.0,10^-4.05998,,,,,,0
186466,2,186466,Mizuhopecten,"",eukaryota,false,,,,0.1812491210455964,6,,,90.0527,60.6667,10^-20.2654,,,,,,,,,,,,,,,,,[6573],0
6573,1,186466,Mizuhopecten yessoensis,Yesso scallop,eukaryota,false,,,,0.1812491210455964,6,,,90.0527,60.6667,10^-20.2654,,,,,,,,,,,,,,,,,,0
186310,2,186310,Calycina,"",eukaryota,false,,,,,,,,,,,,,,,,0.0906245605227982,3,,,60.0333,31.6667,10^-4.26577,,,,,[1763456],0
1763456,1,186310,Calycina marina,"",eukaryota,false,,,,,,,,,,,,,,,,0.0906245605227982,3,,,60.0333,31.6667,10^-4.26577,,,,,,0
186072,2,186072,Podabrus,"",eukaryota,false,,,,0.6947882973414529,23,,,84.8179,74.2381,10^-12.6172,,,,,,,,,,,,,,,,,[1553677],0
1553677,1,186072,Podabrus alpinus,"",eukaryota,false,,,,0.6947882973414529,23,,,84.8179,74.2381,10^-12.6172,,,,,,,,,,,,,,,,,,0
186035,2,186035,Fragilariopsis,"",eukaryota,false,,,,,,,,,,,,,,,,0.06041637368186547,2,,,58.35,30.0,10^-3.12877,,,,,[186039],0
186039,1,186035,Fragilariopsis cylindrus,"",eukaryota,false,,,,,,,,,,,,,,,,0.06041637368186547,2,,,58.35,30.0,10^-3.12877,,,,,,0
184431,2,184431,Coprinopsis,"",eukaryota,false,,,,0.1812491210455964,6,,,98.738,92.0,10^-48.6448,,,,,,0.33229005525026006,11,,,84.5545,30.6364,10^-8.55412,,,,,"[1859955, 71712, 5346]",0
1859955,1,184431,Coprinopsis sp.,"",eukaryota,false,,,,0.030208186840932735,1,,,98.0,100.0,10^-52.9535,,,,,,,,,,,,,,,,,,0
71712,1,184431,Coprinopsis lagopus,"",eukaryota,false,,,,0.030208186840932735,1,,,100.0,100.0,10^-55.6982,,,,,,,,,,,,,,,,,,0
5346,1,184431,Coprinopsis cinerea,"",eukaryota,false,,,,0.12083274736373094,4,,,98.607,88.0,10^-45.8043,,,,,,0.33229005525026006,11,,,84.5545,30.6364,10^-8.55412,,,,,,0
184430,2,184430,Coprinellus,"",eukaryota,false,,,,0.33229005525026006,11,,,96.0919,87.1111,10^-42.3435,,,,,,0.0906245605227982,3,,,64.2,31.6667,10^-8.10514,,,,,[71717],0
71717,1,184430,Coprinellus micaceus,"",eukaryota,false,,,,0.33229005525026006,11,,,96.0919,87.1111,10^-42.3435,,,,,,0.0906245605227982,3,,,64.2,31.6667,10^-8.10514,,,,,,0
182269,2,182269,Aurantimonas,"",bacteria,false,,,,,,,,,,,,,,,,0.1812491210455964,6,,,91.3167,32.6667,10^-9.17927,,,,,[651183],0
651183,1,182269,Aurantimonas manganoxydans,"",bacteria,false,,,,,,,,,,,,,,,,0.1812491210455964,6,,,91.3167,32.6667,10^-9.17927,,,,,,0
182061,2,182061,Tetrapyrgos,"",eukaryota,false,,,,,,,,,,,,,,,,0.030208186840932735,1,,,100.0,33.0,10^-12.684,,,,,[182062],0
182062,1,182061,Tetrapyrgos nigripes,"",eukaryota,false,,,,,,,,,,,,,,,,0.030208186840932735,1,,,100.0,33.0,10^-12.684,,,,,,0
181999,2,181999,Megacollybia,"",eukaryota,false,,,,0.030208186840932735,1,,,93.75,96.0,10^-44.737,,,,,,,,,,,,,,,,,[182000],0
182000,1,181999,Megacollybia platyphylla,"",eukaryota,false,,,,0.030208186840932735,1,,,93.75,96.0,10^-44.737,,,,,,,,,,,,,,,,,,0
181994,2,181994,Hemimycena,"",eukaryota,false,,,,0.06041637368186547,2,,,97.333,75.0,10^-35.9238,,,,,,,,,,,,,,,,,"[527411, 230794]",0
527411,1,181994,Hemimycena sp. 2 TM02_318,"",eukaryota,false,,,,0.030208186840932735,1,,,97.333,75.0,10^-35.9238,,,,,,,,,,,,,,,,,,0
230794,1,181994,Hemimycena lactea,"",eukaryota,false,,,,0.030208186840932735,1,,,97.333,75.0,10^-35.9238,,,,,,,,,,,,,,,,,,0
181871,2,181871,Pholiotina,"",eukaryota,false,,,,0.030208186840932735,1,,,99.0,100.0,10^-54.3258,,,,,,,,,,,,,,,,,[1964411],0
1964411,1,181871,Pholiotina longistipitata,"",eukaryota,false,,,,0.030208186840932735,1,,,99.0,100.0,10^-54.3258,,,,,,,,,,,,,,,,,,0
179673,2,179673,Diachrysia,"",eukaryota,false,,,,0.0906245605227982,3,,,91.243,53.3333,10^-17.1025,,,,,,,,,,,,,,,,,[179674],0
179674,1,179673,Diachrysia chrysitis,burnished brass moth,eukaryota,false,,,,0.0906245605227982,3,,,91.243,53.3333,10^-17.1025,,,,,,,,,,,,,,,,,,0
179665,2,179665,Tyria,"",eukaryota,false,,,,0.06041637368186547,2,,,84.211,38.0,10^-5.3407,,,,,,,,,,,,,,,,,[179666],0
179666,1,179665,Tyria jacobaeae,cinnabar moth,eukaryota,false,,,,0.06041637368186547,2,,,84.211,38.0,10^-5.3407,,,,,,,,,,,,,,,,,,0
178771,2,178771,Empis,"",eukaryota,false,,,,0.6645801105005201,22,,,88.5516,55.7143,10^-16.1024,,,,,,,,,,,,,,,,,[2484550],0
2484550,1,178771,Empis stercorea,"",eukaryota,false,,,,0.6645801105005201,22,,,88.5516,55.7143,10^-16.1024,,,,,,,,,,,,,,,,,,0
178513,2,178513,Amphimedon,"",eukaryota,false,,,,0.030208186840932735,1,,,85.075,67.0,10^-19.5043,,,,,,0.030208186840932735,1,,,71.4,28.0,10^-3.09098,,,,,[400682],0
400682,1,178513,Amphimedon queenslandica,"",eukaryota,false,,,,0.030208186840932735,1,,,85.075,67.0,10^-19.5043,,,,,,0.030208186840932735,1,,,71.4,28.0,10^-3.09098,,,,,,0
178442,2,178442,Stephanospora,"",eukaryota,false,,,,0.06041637368186547,2,,,100.0,85.0,10^-45.476,,,,,,,,,,,,,,,,,[1609928],0
1609928,1,178442,Stephanospora novae-caledoniae,"",eukaryota,false,,,,0.06041637368186547,2,,,100.0,85.0,10^-45.476,,,,,,,,,,,,,,,,,,0
178049,2,178049,Nomia,"",eukaryota,false,,,,0.0906245605227982,3,,,80.588,65.3333,10^-14.7127,,,,,,0.2718736815683946,9,,,94.0,30.4444,10^-9.88202,,,,,[2448451],0
2448451,1,178049,Nomia melanderi,Alkali bee,eukaryota,false,,,,0.0906245605227982,3,,,80.588,65.3333,10^-14.7127,,,,,,0.2718736815683946,9,,,94.0,30.4444,10^-9.88202,,,,,,0
178032,2,178032,Dufourea,"",eukaryota,false,,,,0.33229005525026006,11,,,83.0771,179.727,10^-38.8807,,,,,,0.6645801105005201,22,,,71.5986,39.9545,10^-9.01856,,,,,[178035],0
178035,1,178032,Dufourea novaeangliae,"",eukaryota,false,,,,0.33229005525026006,11,,,83.0771,179.727,10^-38.8807,,,,,,0.6645801105005201,22,,,71.5986,39.9545,10^-9.01856,,,,,,0
177787,2,177787,Odontocerum,"",eukaryota,false,,,,0.12083274736373094,4,,,85.8265,71.0,10^-22.5767,,,,,,,,,,,,,,,,,[446452],0
446452,1,177787,Odontocerum albicorne,"",eukaryota,false,,,,0.12083274736373094,4,,,85.8265,71.0,10^-22.5767,,,,,,,,,,,,,,,,,,0
177674,2,177674,Limnephilus,"",eukaryota,false,,,,3.4135251130253987,113,,,88.8421,79.9369,10^-17.6013,,,,,,0.030208186840932735,1,,,93.9,33.0,10^-10.5607,,,,,"[1271730, 1271728, 1218281, 692089]",0
1271730,1,177674,Limnephilus marmoratus,"",eukaryota,false,,,,1.933323957819695,64,,,90.9918,73.6936,10^-18.3177,,,,,,,,,,,,,,,,,,0
1271728,1,177674,Limnephilus auricula,"",eukaryota,false,,,,0.33229005525026006,11,,,90.6833,48.0909,10^-14.0463,,,,,,,,,,,,,,,,,,0
1218281,1,177674,Limnephilus lunatus,"",eukaryota,false,,,,0.8760374183870493,29,,,83.1414,116.414,10^-19.2307,,,,,,0.030208186840932735,1,,,93.9,33.0,10^-10.5607,,,,,,0
692089,1,177674,Limnephilus rhombicus,"",eukaryota,false,,,,0.2718736815683946,9,,,90.151,44.3333,10^-11.7605,,,,,,,,,,,,,,,,,,0
177627,2,177627,Agapetus,"",eukaryota,false,,,,0.3020818684093273,10,,,89.1396,66.5,10^-23.0191,,,,,,,,,,,,,,,,,[1271715],0
1271715,1,177627,Agapetus fuscipes,"",eukaryota,false,,,,0.3020818684093273,10,,,89.1396,66.5,10^-23.0191,,,,,,,,,,,,,,,,,,0
177088,2,177088,Maconellicoccus,"",eukaryota,false,,,,,,,,,,,,,,,,2.1145730788652912,70,,,98.0,50.0,10^-29.0731,,,,,[177089],0
177089,1,177088,Maconellicoccus hirsutus,hibiscus mealybug,eukaryota,false,,,,,,,,,,,,,,,,2.1145730788652912,70,,,98.0,50.0,10^-29.0731,,,,,,0
176612,2,176612,Smallanthus,"",eukaryota,false,,,,,,,,,,,,,,,,0.0906245605227982,3,,,89.6,32.3333,10^-9.15097,,,,,[185202],0
185202,1,176612,Smallanthus sonchifolius,"",eukaryota,false,,,,,,,,,,,,,,,,0.0906245605227982,3,,,89.6,32.3333,10^-9.15097,,,,,,0
175857,2,175857,Porodaedalea,"",eukaryota,false,,,,0.030208186840932735,1,,,94.444,90.0,10^-42.0202,,,,,,,,,,,,,,,,,[175858],0
175858,1,175857,Porodaedalea niemelaei,"",eukaryota,false,,,,0.030208186840932735,1,,,94.444,90.0,10^-42.0202,,,,,,,,,,,,,,,,,,0
175855,2,175855,Fuscoporia,"",eukaryota,false,,,,0.06041637368186547,2,,,87.5385,72.5,10^-24.6173,,,,,,,,,,,,,,,,,[167366],0
167366,1,175855,Fuscoporia ferrea,"",eukaryota,false,,,,0.06041637368186547,2,,,87.5385,72.5,10^-24.6173,,,,,,,,,,,,,,,,,,0
175660,2,175660,Pyrrhoderma,"",eukaryota,false,,,,0.030208186840932735,1,,,100.0,101.0,10^-56.3801,,,,,,0.030208186840932735,1,,,71.4,28.0,10^-3.86328,,,,,[2282107],0
2282107,1,175660,Pyrrhoderma noxium,"",eukaryota,false,,,,0.030208186840932735,1,,,100.0,101.0,10^-56.3801,,,,,,0.030208186840932735,1,,,71.4,28.0,10^-3.86328,,,,,,0
175340,2,175340,Stegodyphus,"",eukaryota,false,,,,0.030208186840932735,1,,,97.727,44.0,10^-16.256,,,,,,0.906245605227982,30,,,55.5685,105.25,10^-22.2115,,,,,"[407821, 202533]",0
407821,1,175340,Stegodyphus mimosarum,"",eukaryota,false,,,,,,,,,,,,,,,,0.0906245605227982,3,,,86.6,27.0,10^-6.24075,,,,,,0
202533,1,175340,Stegodyphus dumicola,"",eukaryota,false,,,,0.030208186840932735,1,,,97.727,44.0,10^-16.256,,,,,,0.8156210447051838,27,,,51.1354,116.429,10^-24.4931,,,,,,0
174825,2,174825,Culiseta,"",eukaryota,false,,,,6.283302862914009,208,,,87.3148,156.147,10^-38.8636,,,,,,0.12083274736373094,4,,,86.35,33.0,10^-9.60299,,,,,"[332058, 329107]",0
332058,1,174825,Culiseta annulata,"",eukaryota,false,,,,6.283302862914009,208,,,87.3148,156.147,10^-38.8636,,,,,,0.0906245605227982,3,,,81.8,33.0,10^-8.23475,,,,,,0
329107,1,174825,Culiseta morsitans,"",eukaryota,false,,,,,,,,,,,,,,,,0.030208186840932735,1,,,100.0,33.0,10^-13.7077,,,,,,0
174687,2,174687,Gurleya,"",eukaryota,false,,,,0.0906245605227982,3,,,95.556,45.0,10^-15.5601,,,,,,,,,,,,,,,,,[180450],0
180450,1,174687,Gurleya daphniae,"",eukaryota,false,,,,0.0906245605227982,3,,,95.556,45.0,10^-15.5601,,,,,,,,,,,,,,,,,,0
174620,2,174620,Wyeomyia,"",eukaryota,false,,,,413.7917433470966,13698,,,86.1762,290.644,10^-73.6095,,,,,,460.25193470845113,15236,,,77.7031,91.4623,10^-40.817,,,,,[174621],0
174621,1,174620,Wyeomyia smithii,pitcher-plant mosquito,eukaryota,false,,,,413.7917433470966,13698,,,86.1762,290.644,10^-73.6095,,,,,,460.25193470845113,15236,,,77.7031,91.4623,10^-40.817,,,,,,0
174268,2,174268,Alcis,"",eukaryota,false,,,,0.39270642893212554,13,,,89.9418,61.6667,10^-20.9153,,,,,,,,,,,,,,,,,[174269],0
174269,1,174268,Alcis repandata,mottled beauty moth,eukaryota,false,,,,0.39270642893212554,13,,,89.9418,61.6667,10^-20.9153,,,,,,,,,,,,,,,,,,0
173981,2,173981,Cheilosia,"",eukaryota,false,,,,6.283302862914009,208,,,87.7387,95.6634,10^-23.9253,,,,,,,,,,,,,,,,,"[423616, 368781, 273447, 273439, 273429, 273409, 273407, 173985]",0
423616,1,173981,Cheilosia vernalis,"",eukaryota,false,,,,1.6614502762513004,55,,,89.3918,70.3636,10^-20.6427,,,,,,,,,,,,,,,,,,0
368781,1,173981,Cheilosia soror,"",eukaryota,false,,,,0.3020818684093273,10,,,89.1024,85.1,10^-33.0614,,,,,,,,,,,,,,,,,,0
273447,1,173981,Cheilosia variabilis,"",eukaryota,false,,,,1.1781192867963766,39,,,84.681,126.316,10^-26.8681,,,,,,,,,,,,,,,,,,0
273439,1,173981,Cheilosia impressa,"",eukaryota,false,,,,0.4229146157730583,14,,,87.6713,73.7857,10^-25.1148,,,,,,,,,,,,,,,,,,0
273429,1,173981,Cheilosia scutellata,"",eukaryota,false,,,,0.12083274736373094,4,,,87.2828,68.75,10^-23.106,,,,,,,,,,,,,,,,,,0
273409,1,173981,Cheilosia vulpina,"",eukaryota,false,,,,0.5437473631367892,18,,,83.0771,190.0,10^-36.3871,,,,,,,,,,,,,,,,,,0
273407,1,173981,Cheilosia pagana,"",eukaryota,false,,,,0.9364537920689148,31,,,87.858,92.8387,10^-25.1286,,,,,,,,,,,,,,,,,,0
173985,1,173981,Cheilosia urbana,"",eukaryota,false,,,,1.117702913114511,37,,,90.442,70.9714,10^-15.4214,,,,,,,,,,,,,,,,,,0
173784,2,173784,Cephus,"",eukaryota,false,,,,1.5104093420466367,50,,,82.0064,125.12,10^-19.148,,,,,,0.2718736815683946,9,,,87.9111,32.2222,10^-9.34506,,,,,[211228],0
211228,1,173784,Cephus cinctus,wheat stem sawfly,eukaryota,false,,,,1.5104093420466367,50,,,82.0064,125.12,10^-19.148,,,,,,0.2718736815683946,9,,,87.9111,32.2222,10^-9.34506,,,,,,0
173479,2,173479,Gemmatimonas,"",bacteria,false,,,,0.030208186840932735,1,,,97.03,101.0,10^-52.2629,,,,,,,,,,,,,,,,,[221169],0
221169,1,173479,uncultured Gemmatimonas sp.,"",bacteria,false,,,,0.030208186840932735,1,,,97.03,101.0,10^-52.2629,,,,,,,,,,,,,,,,,,0
172845,2,172845,Caerostris,"",eukaryota,false,,,,,,,,,,,,,,,,0.39270642893212554,13,,,86.9077,32.0,10^-9.99839,,,,,"[1538125, 172846]",0
1538125,1,172845,Caerostris darwini,"",eukaryota,false,,,,,,,,,,,,,,,,0.15104093420466366,5,,,85.14,32.6,10^-10.9311,,,,,,0
172846,1,172845,Caerostris extrusa,"",eukaryota,false,,,,,,,,,,,,,,,,0.24166549472746188,8,,,88.0125,31.625,10^-9.41546,,,,,,0
171003,2,171003,Caloranaerobacter,"",bacteria,false,,,,,,,,,,,,,,,,13.654100452101595,452,,,76.9843,29.039,10^-9.46309,,,,,[116090],0
116090,1,171003,Caloranaerobacter azorensis,"",bacteria,false,,,,,,,,,,,,,,,,13.654100452101595,452,,,76.9843,29.039,10^-9.46309,,,,,,0
170314,2,170314,Pentagonica,"",eukaryota,false,,,,,,,,,,,,,,,,0.030208186840932735,1,,,100.0,33.0,10^-14.8508,,,,,[2055715],0
2055715,1,170314,Pentagonica ruficollis,"",eukaryota,false,,,,,,,,,,,,,,,,0.030208186840932735,1,,,100.0,33.0,10^-14.8508,,,,,,0
169466,2,169466,Coelopa,"",eukaryota,false,,,,2.356238573592753,78,,,85.1866,135.579,10^-26.8289,,,,,,,,,,,,,,,,,[169500],0
169500,1,169466,Coelopa pilipes,"",eukaryota,false,,,,2.356238573592753,78,,,85.1866,135.579,10^-26.8289,,,,,,,,,,,,,,,,,,0
169444,2,169444,Dryomyza,"",eukaryota,false,,,,0.6041637368186547,20,,,91.6392,46.0,10^-13.2932,,,,,,,,,,,,,,,,,[169445],0
169445,1,169444,Dryomyza anilis,"",eukaryota,false,,,,0.6041637368186547,20,,,91.6392,46.0,10^-13.2932,,,,,,,,,,,,,,,,,,0
168934,2,168934,Thalassospira,"",bacteria,false,,,,,,,,,,,,,,,,1.2989520341601075,43,,,82.667,75.0,10^-37.6676,,,,,[220697],0
220697,1,168934,Thalassospira xiamenensis,"",bacteria,false,,,,,,,,,,,,,,,,1.2989520341601075,43,,,82.667,75.0,10^-37.6676,,,,,,0
168630,2,168630,Chilo,"",eukaryota,false,,,,0.5437473631367892,18,,,89.3148,57.6667,10^-17.7668,,,,,,0.21145730788652914,7,,,86.9857,31.1429,10^-8.91091,,,,,[168631],0
168631,1,168630,Chilo suppressalis,striped riceborer,eukaryota,false,,,,0.5437473631367892,18,,,89.3148,57.6667,10^-17.7668,,,,,,0.21145730788652914,7,,,86.9857,31.1429,10^-8.91091,,,,,,0
168470,2,168470,Laribacter,"",bacteria,false,,,,0.030208186840932735,1,,,100.0,41.0,10^-15.6005,,,,,,,,,,,,,,,,,[168471],0
168471,1,168470,Laribacter hongkongensis,"",bacteria,false,,,,0.030208186840932735,1,,,100.0,41.0,10^-15.6005,,,,,,,,,,,,,,,,,,0
167375,2,167375,Cyanobium,"",bacteria,false,,,,0.030208186840932735,1,,,95.238,42.0,10^-13.5315,,,,,,,,,,,,,,,,,[2831057],0
2831057,1,167375,Cyanobium sp. M30B3,"",bacteria,false,,,,0.030208186840932735,1,,,95.238,42.0,10^-13.5315,,,,,,,,,,,,,,,,,,0
167346,2,167346,Fomitiporia,"",eukaryota,false,,,,0.030208186840932735,1,,,95.0,40.0,10^-12.1803,,,,,,,,,,,,,,,,,[208960],0
208960,1,167346,Fomitiporia mediterranea,"",eukaryota,false,,,,0.030208186840932735,1,,,95.0,40.0,10^-12.1803,,,,,,,,,,,,,,,,,,0
166415,2,166415,Heterotrigona,"",eukaryota,false,,,,,,,,,,,,,,,,0.030208186840932735,1,,,86.2,29.0,10^-4.80967,,,,,[395501],0
395501,1,166415,Heterotrigona itama,"",eukaryota,false,,,,,,,,,,,,,,,,0.030208186840932735,1,,,86.2,29.0,10^-4.80967,,,,,,0
166413,2,166413,Frieseomelitta,"",eukaryota,false,,,,0.12083274736373094,4,,,90.2325,58.0,10^-19.5751,,,,,,0.06041637368186547,2,,,98.45,27.5,10^-9.82989,,,,,[561572],0
561572,1,166413,Frieseomelitta varia,"",eukaryota,false,,,,0.12083274736373094,4,,,90.2325,58.0,10^-19.5751,,,,,,0.06041637368186547,2,,,98.45,27.5,10^-9.82989,,,,,,0
166331,2,166331,Onthophagus,"",eukaryota,false,,,,0.0906245605227982,3,,,87.73,78.0,10^-27.4444,,,,,,0.33229005525026006,11,,,86.9364,30.7273,10^-8.71877,,,,,[166361],0
166361,1,166331,Onthophagus taurus,"",eukaryota,false,,,,0.0906245605227982,3,,,87.73,78.0,10^-27.4444,,,,,,0.33229005525026006,11,,,86.9364,30.7273,10^-8.71877,,,,,,0
166220,2,166220,Conomelus,"",eukaryota,false,,,,0.6645801105005201,22,,,89.734,52.3,10^-15.3082,,,,,,,,,,,,,,,,,[491269],0
491269,1,166220,Conomelus anceps,"",eukaryota,false,,,,0.6645801105005201,22,,,89.734,52.3,10^-15.3082,,,,,,,,,,,,,,,,,,0
166009,2,166009,Ditylenchus,"",eukaryota,false,,,,,,,,,,,,,,,,0.21145730788652914,7,,,80.0,31.2857,10^-8.71673,,,,,[166010],0
166010,1,166009,Ditylenchus destructor,"",eukaryota,false,,,,,,,,,,,,,,,,0.21145730788652914,7,,,80.0,31.2857,10^-8.71673,,,,,,0
165779,2,165779,Anaerococcus,"",bacteria,false,,,,0.24166549472746188,8,,,97.2206,82.375,10^-40.6216,,,,,,,,,,,,,,,,,"[3036300, 1870984, 33034]",1
3036300,1,165779,Anaerococcus sp. Marseille-Q7828,"",bacteria,false,,,,0.06041637368186547,2,,,95.4545,79.0,10^-35.2294,,,,,,,,,,,,,,,,,,0
1870984,1,165779,Anaerococcus mediterraneensis,"",bacteria,false,,,,0.06041637368186547,2,,,95.903,49.0,10^-18.2686,,,,,,,,,,,,,,,,,,0
33034,1,165779,Anaerococcus prevotii,"",bacteria,false,,,,0.12083274736373094,4,,,98.7625,100.75,10^-54.4941,,,,,,,,,,,,,,,,,,1
165696,2,165696,Novosphingobium,"",bacteria,false,,,,0.1812491210455964,6,,,92.53,81.8333,10^-36.2385,,,,,,0.12083274736373094,4,,,83.8333,29.3333,10^-8.7978,,,,,"[2829794, 2698673, 2571749, 2025349, 1016987, 702113]",0
2829794,1,165696,Novosphingobium sp. CECT 9465,"",bacteria,false,,,,,,,,,,,,,,,,0.030208186840932735,1,,,73.1,26.0,10^-3.96257,,,,,,0
2698673,1,165696,Novosphingobium decolorationis,"",bacteria,false,,,,0.030208186840932735,1,,,100.0,100.0,10^-55.6982,,,,,,,,,,,,,,,,,,0
2571749,1,165696,Novosphingobium sp. EMRT-2,"",bacteria,false,,,,0.0906245605227982,3,,,85.7617,67.0,10^-19.9662,,,,,,,,,,,,,,,,,,0
2025349,1,165696,Novosphingobium sp. 9,"",bacteria,false,,,,0.030208186840932735,1,,,100.0,95.0,10^-52.2895,,,,,,,,,,,,,,,,,,0
1016987,1,165696,Novosphingobium sp. THN1,"",bacteria,false,,,,0.030208186840932735,1,,,97.895,95.0,10^-49.5448,,,,,,,,,,,,,,,,,,0
702113,1,165696,Novosphingobium sp. PP1Y,"",bacteria,false,,,,,,,,,,,,,,,,0.0906245605227982,3,,,89.2,31.0,10^-11.2154,,,,,,0
165695,2,165695,Sphingobium,"",bacteria,false,,,,0.33229005525026006,11,,,98.401,74.1,10^-37.1281,,,,,,0.06041637368186547,2,,,90.45,31.5,10^-13.1943,,,,,"[2072936, 2017595, 1592790, 520734, 407020, 135719, 13690]",0
2072936,1,165695,Sphingobium sp. SCG-1,"",bacteria,false,,,,0.030208186840932735,1,,,99.01,101.0,10^-55.0077,,,,,,,,,,,,,,,,,,0
2017595,1,165695,Sphingobium sp. D43FB,"",bacteria,false,,,,,,,,,,,,,,,,0.06041637368186547,2,,,90.45,31.5,10^-13.1943,,,,,,0
1592790,1,165695,Sphingobium phenoxybenzoativorans,"",bacteria,false,,,,0.0906245605227982,3,,,95.0,40.0,10^-12.1803,,,,,,,,,,,,,,,,,,0
520734,1,165695,Sphingobium sp. RSMS,"",bacteria,false,,,,0.030208186840932735,1,,,100.0,61.0,10^-29.1516,,,,,,,,,,,,,,,,,,0
407020,1,165695,Sphingobium sp. MI1205,"",bacteria,false,,,,0.06041637368186547,2,,,100.0,100.0,10^-55.6982,,,,,,,,,,,,,,,,,,0
135719,1,165695,Sphingobium amiense,"",bacteria,false,,,,0.030208186840932735,1,,,100.0,61.0,10^-29.1516,,,,,,,,,,,,,,,,,,0
13690,1,165695,Sphingobium yanoikuyae,"",bacteria,false,,,,0.0906245605227982,3,,,100.0,99.3333,10^-55.2436,,,,,,,,,,,,,,,,,,0
165440,2,165440,Dioszegia,"",eukaryota,false,,,,0.06041637368186547,2,,,92.2105,82.5,10^-34.1781,,,,,,,,,,,,,,,,,[4972],0
4972,1,165440,Dioszegia hungarica,"",eukaryota,false,,,,0.06041637368186547,2,,,92.2105,82.5,10^-34.1781,,,,,,,,,,,,,,,,,,0
165407,2,165407,Thaxterogaster,"",eukaryota,false,,,,0.030208186840932735,1,,,97.917,96.0,10^-50.2264,,,,,,,,,,,,,,,,,[1199172],0
1199172,1,165407,Thaxterogaster myxenosma,"",eukaryota,false,,,,0.030208186840932735,1,,,97.917,96.0,10^-50.2264,,,,,,,,,,,,,,,,,,0
165301,2,165301,Lentzea,"",bacteria,false,,,,,,,,,,,,,,,,0.030208186840932735,1,,,100.0,30.0,10^-13.5317,,,,,[2020703],0
2020703,1,165301,Lentzea cavernae,"",bacteria,false,,,,,,,,,,,,,,,,0.030208186840932735,1,,,100.0,30.0,10^-13.5317,,,,,,0
164570,2,164570,Chaenotheca,"",eukaryota,false,,,,,,,,,,,,,,,,0.030208186840932735,1,,,95.5,22.0,10^-4.35952,,,,,[164576],0
164576,1,164570,Chaenotheca gracillima,"",eukaryota,false,,,,,,,,,,,,,,,,0.030208186840932735,1,,,95.5,22.0,10^-4.35952,,,,,,0
163898,2,163898,Scirtothrips,"",eukaryota,false,,,,,,,,,,,,,,,,0.030208186840932735,1,,,100.0,33.0,10^-15.1331,,,,,[163899],0
163899,1,163898,Scirtothrips dorsalis,"",eukaryota,false,,,,,,,,,,,,,,,,0.030208186840932735,1,,,100.0,33.0,10^-15.1331,,,,,,0
163713,2,163713,Cyprideis,"",eukaryota,false,,,,0.030208186840932735,1,,,86.17,94.0,10^-33.7671,,,,,,0.12083274736373094,4,,,72.7,32.25,10^-7.9662,,,,,[163714],0
163714,1,163713,Cyprideis torosa,"",eukaryota,false,,,,0.030208186840932735,1,,,86.17,94.0,10^-33.7671,,,,,,0.12083274736373094,4,,,72.7,32.25,10^-7.9662,,,,,,0
162289,2,162289,Peptoniphilus,"",bacteria,false,,,,0.06041637368186547,2,,,98.5,100.0,10^-53.6396,,,,,,0.06041637368186547,2,,,100.0,33.0,10^-10.28,,,,,[54005],0
54005,1,162289,Peptoniphilus harei,"",bacteria,false,,,,0.06041637368186547,2,,,98.5,100.0,10^-53.6396,,,,,,0.06041637368186547,2,,,100.0,33.0,10^-10.28,,,,,,0
161769,2,161769,Plectrocnemia,"",eukaryota,false,,,,,,,,,,,,,,,,0.030208186840932735,1,,,64.5,31.0,10^-4.67778,,,,,[161770],0
161770,1,161769,Plectrocnemia conspersa,"",eukaryota,false,,,,,,,,,,,,,,,,0.030208186840932735,1,,,64.5,31.0,10^-4.67778,,,,,,0
161492,2,161492,Anaeromyxobacter,"",bacteria,false,,,,0.12083274736373094,4,,,90.7375,54.0,10^-17.5395,,,,,,,,,,,,,,,,,[404589],0
404589,1,161492,Anaeromyxobacter sp. Fw109-5,"",bacteria,false,,,,0.12083274736373094,4,,,90.7375,54.0,10^-17.5395,,,,,,,,,,,,,,,,,,0
161109,2,161109,Wolffia,"",eukaryota,false,,,,0.030208186840932735,1,,,92.5,40.0,10^-10.8079,,,,,,,,,,,,,,,,,[161112],0
161112,1,161109,Wolffia australiana,"",eukaryota,false,,,,0.030208186840932735,1,,,92.5,40.0,10^-10.8079,,,,,,,,,,,,,,,,,,0
160930,2,160930,Tremellodendropsis,"",eukaryota,false,,,,0.030208186840932735,1,,,94.059,101.0,10^-48.1458,,,,,,,,,,,,,,,,,[676152],0
676152,1,160930,Tremellodendropsis tuberosa,"",eukaryota,false,,,,0.030208186840932735,1,,,94.059,101.0,10^-48.1458,,,,,,,,,,,,,,,,,,0
160897,2,160897,Eichleriella,"",eukaryota,false,,,,0.06041637368186547,2,,,100.0,101.0,10^-56.3801,,,,,,,,,,,,,,,,,[1896101],0
1896101,1,160897,Eichleriella leucophaea,"",eukaryota,false,,,,0.06041637368186547,2,,,100.0,101.0,10^-56.3801,,,,,,,,,,,,,,,,,,0
160674,2,160674,Raoultella,"",bacteria,false,,,,0.48333098945492375,16,,,99.4225,98.9167,10^-54.1595,,,,,,0.3020818684093273,10,,,99.39,30.6,10^-10.8309,,,,,"[54291, 577, 575]",0
54291,1,160674,Raoultella ornithinolytica,"",bacteria,false,,,,0.0906245605227982,3,,,99.67,101.0,10^-55.9226,,,,,,0.0906245605227982,3,,,98.9667,28.3333,10^-9.31799,,,,,,0
577,1,160674,Raoultella terrigena,"",bacteria,false,,,,0.39270642893212554,13,,,99.34,98.2222,10^-53.5718,,,,,,0.1812491210455964,6,,,99.5,31.3333,10^-11.5923,,,,,,0
575,1,160674,Raoultella planticola,"",bacteria,false,,,,,,,,,,,,,,,,0.030208186840932735,1,,,100.0,33.0,10^-10.8013,,,,,,0
160433,2,160433,Samsonia,"",bacteria,false,,,,,,,,,,,,,,,,0.030208186840932735,1,,,100.0,33.0,10^-14.0009,,,,,[160434],0
160434,1,160433,Samsonia erythrinae,"",bacteria,false,,,,,,,,,,,,,,,,0.030208186840932735,1,,,100.0,33.0,10^-14.0009,,,,,,0
160150,2,160150,Liposcelis,"",eukaryota,false,,,,,,,,,,,,,,,,0.030208186840932735,1,,,96.3,27.0,10^-10.5143,,,,,[185214],0
185214,1,160150,Liposcelis bostrychophila,"",eukaryota,false,,,,,,,,,,,,,,,,0.030208186840932735,1,,,96.3,27.0,10^-10.5143,,,,,,0
159719,2,159719,Fuligo,"",eukaryota,false,,,,0.06041637368186547,2,,,98.718,78.0,10^-39.3377,,,,,,,,,,,,,,,,,[159720],0
159720,1,159719,Fuligo septica,"",eukaryota,false,,,,0.06041637368186547,2,,,98.718,78.0,10^-39.3377,,,,,,,,,,,,,,,,,,0
158876,2,158876,Yokenella,"",bacteria,false,,,,,,,,,,,,,,,,0.06041637368186547,2,,,80.05,32.5,10^-9.38141,,,,,[158877],0
158877,1,158876,Yokenella regensburgei,"",bacteria,false,,,,,,,,,,,,,,,,0.06041637368186547,2,,,80.05,32.5,10^-9.38141,,,,,,0
158848,2,158848,Moellerella,"",bacteria,false,,,,0.39270642893212554,13,,,95.8786,94.2308,10^-46.3852,,,,,,0.48333098945492375,16,,,94.2428,41.2,10^-13.7072,,,,,[158849],0
158849,1,158848,Moellerella wisconsensis,"",bacteria,false,,,,0.39270642893212554,13,,,95.8786,94.2308,10^-46.3852,,,,,,0.48333098945492375,16,,,94.2428,41.2,10^-13.7072,,,,,,0
158483,2,158483,Cedecea,"",bacteria,false,,,,0.9364537920689148,31,,,99.505,98.0,10^-53.6486,,,,,,0.06041637368186547,2,,,100.0,33.0,10^-12.9484,,,,,"[988762, 158822]",0
988762,1,158483,uncultured Cedecea sp.,"",bacteria,false,,,,,,,,,,,,,,,,0.06041637368186547,2,,,100.0,33.0,10^-12.9484,,,,,,0
158822,1,158483,Cedecea neteri,"",bacteria,false,,,,0.9364537920689148,31,,,99.505,98.0,10^-53.6486,,,,,,,,,,,,,,,,,,0
158440,2,158440,Folsomia,"",eukaryota,false,,,,0.0906245605227982,3,,,90.103,47.3333,10^-13.4798,,,,,,0.6645801105005201,22,,,77.027,44.8182,10^-17.0747,,,,,[158441],0
158441,1,158440,Folsomia candida,"",eukaryota,false,,,,0.0906245605227982,3,,,90.103,47.3333,10^-13.4798,,,,,,0.6645801105005201,22,,,77.027,44.8182,10^-17.0747,,,,,,0
158378,2,158378,Ascogregarina,"",eukaryota,false,,,,0.5437473631367892,18,,,98.8527,318.111,10^-220.715,,,,,,,,,,,,,,,,,"[247478, 158379]",0
247478,1,158378,Ascogregarina culicis,"",eukaryota,false,,,,0.06041637368186547,2,,,100.0,66.0,10^-32.5484,,,,,,,,,,,,,,,,,,0
158379,1,158378,Ascogregarina taiwanensis,"",eukaryota,false,,,,0.48333098945492375,16,,,98.7093,349.625,10^-244.236,,,,,,,,,,,,,,,,,,0
157932,2,157932,Paucimonas,"",bacteria,false,,,,0.12083274736373094,4,,,98.7625,93.5,10^-49.5522,,,,,,,,,,,,,,,,,[29443],0
29443,1,157932,Paucimonas lemoignei,"",bacteria,false,,,,0.12083274736373094,4,,,98.7625,93.5,10^-49.5522,,,,,,,,,,,,,,,,,,0
157920,2,157920,Cellulosimicrobium,"",bacteria,false,,,,0.06041637368186547,2,,,99.505,100.5,10^-55.3529,,,,,,,,,,,,,,,,,[1710],0
1710,1,157920,Cellulosimicrobium cellulans,"",bacteria,false,,,,0.06041637368186547,2,,,99.505,100.5,10^-55.3529,,,,,,,,,,,,,,,,,,0
157492,2,157492,Thyrea,"",eukaryota,false,,,,0.06041637368186547,2,,,100.0,47.0,10^-19.6584,,,,,,,,,,,,,,,,,[3047005],0
3047005,1,157492,Thyrea sp. MCS-2023a,"",eukaryota,false,,,,0.06041637368186547,2,,,100.0,47.0,10^-19.6584,,,,,,,,,,,,,,,,,,0
157396,2,157396,Iphiclides,"",eukaryota,false,,,,0.06041637368186547,2,,,85.0,60.0,10^-16.1213,,,,,,0.030208186840932735,1,,,100.0,33.0,10^-13.0921,,,,,[110791],0
110791,1,157396,Iphiclides podalirius,scarce swallowtail,eukaryota,false,,,,0.06041637368186547,2,,,85.0,60.0,10^-16.1213,,,,,,0.030208186840932735,1,,,100.0,33.0,10^-13.0921,,,,,,0
157304,2,157304,Anoplophora,"",eukaryota,false,,,,0.24166549472746188,8,,,89.5231,64.875,10^-21.0111,,,,,,0.6343719236595874,21,,,71.9143,55.8095,10^-14.8921,,,,,[217634],0
217634,1,157304,Anoplophora glabripennis,Asian longhorned beetle,eukaryota,false,,,,0.24166549472746188,8,,,89.5231,64.875,10^-21.0111,,,,,,0.6343719236595874,21,,,71.9143,55.8095,10^-14.8921,,,,,,0
156596,2,156596,Trechispora,"",eukaryota,false,,,,0.15104093420466366,5,,,99.0324,84.4,10^-43.9754,,,,,,,,,,,,,,,,,"[2805584, 156605, 156599]",0
2805584,1,156596,Trechispora fimbriata,"",eukaryota,false,,,,0.030208186840932735,1,,,100.0,80.0,10^-42.0714,,,,,,,,,,,,,,,,,,0
156605,1,156596,Trechispora sp. KHL 10715,"",eukaryota,false,,,,0.06041637368186547,2,,,98.571,70.0,10^-33.8952,,,,,,,,,,,,,,,,,,0
156599,1,156596,Trechispora farinacea,"",eukaryota,false,,,,0.06041637368186547,2,,,99.01,101.0,10^-55.0077,,,,,,,,,,,,,,,,,,0
156310,2,156310,Colletes,"",eukaryota,false,,,,0.15104093420466366,5,,,89.6494,71.8,10^-25.529,,,,,,0.0906245605227982,3,,,92.3,30.3333,10^-9.0756,,,,,[935657],0
935657,1,156310,Colletes gigas,"",eukaryota,false,,,,0.15104093420466366,5,,,89.6494,71.8,10^-25.529,,,,,,0.0906245605227982,3,,,92.3,30.3333,10^-9.0756,,,,,,0
156307,2,156307,Coelioxys,"",eukaryota,false,,,,0.15104093420466366,5,,,90.0044,49.6,10^-14.298,,,,,,,,,,,,,,,,,[2922063],0
2922063,1,156307,Coelioxys conoideus,"",eukaryota,false,,,,0.15104093420466366,5,,,90.0044,49.6,10^-14.298,,,,,,,,,,,,,,,,,,0
155493,2,155493,Gallibacterium,"",bacteria,false,,,,,,,,,,,,,,,,512.5423061301057,16967,,,84.3784,63.9932,10^-31.4561,,,,,[750],0
750,1,155493,Gallibacterium anatis,"",bacteria,false,,,,,,,,,,,,,,,,512.5423061301057,16967,,,84.3784,63.9932,10^-31.4561,,,,,,0
155228,2,155228,Ballota,"",eukaryota,false,,,,0.030208186840932735,1,,,77.586,58.0,10^-9.27417,,,,,,,,,,,,,,,,,[194200],0
194200,1,155228,Ballota nigra,"",eukaryota,false,,,,0.030208186840932735,1,,,77.586,58.0,10^-9.27417,,,,,,,,,,,,,,,,,,0
154750,2,154750,Vararia,"",eukaryota,false,,,,0.21145730788652914,7,,,98.7366,91.1429,10^-48.0938,,,,,,0.12083274736373094,4,,,83.15,29.5,10^-4.2749,,,,,"[2075485, 2075466, 1314805, 169329]",0
2075485,1,154750,Vararia tropica,"",eukaryota,false,,,,0.06041637368186547,2,,,99.3825,81.0,10^-42.066,,,,,,,,,,,,,,,,,,0
2075466,1,154750,Vararia breviphysa,"",eukaryota,false,,,,0.06041637368186547,2,,,100.0,100.0,10^-55.6982,,,,,,,,,,,,,,,,,,0
1314805,1,154750,Vararia minispora,"",eukaryota,false,,,,0.030208186840932735,1,,,98.913,92.0,10^-48.8726,,,,,,0.12083274736373094,4,,,83.15,29.5,10^-4.2749,,,,,,0
169329,1,154750,Vararia gallica,"",eukaryota,false,,,,0.06041637368186547,2,,,96.739,92.0,10^-46.1278,,,,,,,,,,,,,,,,,,0
154746,2,154746,Dentipellis,"",eukaryota,false,,,,,,,,,,,,,,,,0.12083274736373094,4,,,92.1,31.5,10^-8.07417,,,,,[205917],0
205917,1,154746,Dentipellis fragilis,"",eukaryota,false,,,,,,,,,,,,,,,,0.12083274736373094,4,,,92.1,31.5,10^-8.07417,,,,,,0
154566,2,154566,Marchandiomyces,"",eukaryota,false,,,,0.0906245605227982,3,,,99.34,100.667,10^-55.2379,,,,,,,,,,,,,,,,,"[1628366, 154568]",0
1628366,1,154566,Marchandiomyces quercinus,"",eukaryota,false,,,,0.06041637368186547,2,,,100.0,100.5,10^-56.0391,,,,,,,,,,,,,,,,,,0
154568,1,154566,Marchandiomyces corallinus,"",eukaryota,false,,,,0.030208186840932735,1,,,98.02,101.0,10^-53.6353,,,,,,,,,,,,,,,,,,0
153497,2,153497,Kozakia,"",bacteria,false,,,,0.24166549472746188,8,,,100.0,96.0,10^-52.9726,,,,,,0.15104093420466366,5,,,96.74,30.4,10^-11.5364,,,,,[153496],0
153496,1,153497,Kozakia baliensis,"",bacteria,false,,,,0.24166549472746188,8,,,100.0,96.0,10^-52.9726,,,,,,0.15104093420466366,5,,,96.74,30.4,10^-11.5364,,,,,,0
153220,2,153220,Contarinia,"",eukaryota,false,,,,1.3895765946829057,46,,,90.8767,104.826,10^-29.4705,,,,,,2.0239485183424932,67,,,88.8153,33.7015,10^-10.3736,,,,,[265458],0
265458,1,153220,Contarinia nasturtii,swede midge,eukaryota,false,,,,1.3895765946829057,46,,,90.8767,104.826,10^-29.4705,,,,,,2.0239485183424932,67,,,88.8153,33.7015,10^-10.3736,,,,,,0
152638,2,152638,Acrospermum,"",eukaryota,false,,,,0.06041637368186547,2,,,100.0,99.0,10^-55.0164,,,,,,,,,,,,,,,,,[2498824],0
2498824,1,152638,Acrospermum sp.,"",eukaryota,false,,,,0.06041637368186547,2,,,100.0,99.0,10^-55.0164,,,,,,,,,,,,,,,,,,0
152317,2,152317,Truncatella,"",eukaryota,false,,,,0.030208186840932735,1,,,95.775,71.0,10^-31.8305,,,,,,,,,,,,,,,,,[152316],0
152316,1,152317,Truncatella angustata,"",eukaryota,false,,,,0.030208186840932735,1,,,95.775,71.0,10^-31.8305,,,,,,,,,,,,,,,,,,0
151548,2,151548,Eumeta,"",eukaryota,false,,,,,,,,,,,,,,,,3.594774234070995,119,,,65.6549,52.0684,10^-15.1823,,,,,[151549],0
151549,1,151548,Eumeta japonica,"",eukaryota,false,,,,,,,,,,,,,,,,3.594774234070995,119,,,65.6549,52.0684,10^-15.1823,,,,,,0
151546,2,151546,Cephonodes,bee hawks,eukaryota,false,,,,0.3624982420911928,12,,,91.1277,50.75,10^-15.6902,,,,,,,,,,,,,,,,,[151547],0
151547,1,151546,Cephonodes hylas,"",eukaryota,false,,,,0.3624982420911928,12,,,91.1277,50.75,10^-15.6902,,,,,,,,,,,,,,,,,,0
151303,2,151303,Dendrolimus,"",eukaryota,false,,,,0.12083274736373094,4,,,89.9382,64.5,10^-22.6126,,,,,,0.3624982420911928,12,,,78.275,29.75,10^-5.3552,,,,,"[765133, 151304]",0
765133,1,151303,Dendrolimus kikuchii,"",eukaryota,false,,,,,,,,,,,,,,,,0.3624982420911928,12,,,78.275,29.75,10^-5.3552,,,,,,0
151304,1,151303,Dendrolimus pini,pine lappet,eukaryota,false,,,,0.12083274736373094,4,,,89.9382,64.5,10^-22.6126,,,,,,,,,,,,,,,,,,0
150781,2,150781,Astraeus,"",eukaryota,false,,,,,,,,,,,,,,,,0.030208186840932735,1,,,84.8,33.0,10^-9.02365,,,,,[265491],0
265491,1,150781,Astraeus odoratus,"",eukaryota,false,,,,,,,,,,,,,,,,0.030208186840932735,1,,,84.8,33.0,10^-9.02365,,,,,,0
150366,2,150366,Akanthomyces,"",eukaryota,false,,,,,,,,,,,,,,,,0.06041637368186547,2,,,55.55,31.5,10^-4.78416,,,,,[2714763],0
2714763,1,150366,Akanthomyces lecanii,"",eukaryota,false,,,,,,,,,,,,,,,,0.06041637368186547,2,,,55.55,31.5,10^-4.78416,,,,,,0
149698,2,149698,Massilia,"",bacteria,false,,,,0.06041637368186547,2,,,99.505,101.0,10^-55.6939,,,,,,,,,,,,,,,,,"[2769491, 1337838]",0
2769491,1,149698,Massilia litorea,"",bacteria,false,,,,0.030208186840932735,1,,,100.0,101.0,10^-56.3801,,,,,,,,,,,,,,,,,,0
1337838,1,149698,Massilia sp. UMI-21,"",bacteria,false,,,,0.030208186840932735,1,,,99.01,101.0,10^-55.0077,,,,,,,,,,,,,,,,,,0
149438,2,149438,Lasthenia,"",eukaryota,false,,,,0.24166549472746188,8,,,94.3541,40.5714,10^-12.1742,,,,,,,,,,,,,,,,,[149440],0
149440,1,149438,Lasthenia californica,"",eukaryota,false,,,,0.24166549472746188,8,,,94.3541,40.5714,10^-12.1742,,,,,,,,,,,,,,,,,,0
148959,2,148959,Wallemia,"",eukaryota,false,,,,0.06041637368186547,2,,,87.179,39.0,10^-7.38798,,,,,,0.030208186840932735,1,,,97.0,33.0,10^-15.1096,,,,,"[1708541, 245174]",0
1708541,1,148959,Wallemia mellicola,"",eukaryota,false,,,,,,,,,,,,,,,,0.030208186840932735,1,,,97.0,33.0,10^-15.1096,,,,,,0
245174,1,148959,Wallemia ichthyophaga,"",eukaryota,false,,,,0.06041637368186547,2,,,87.179,39.0,10^-7.38798,,,,,,,,,,,,,,,,,,0
148341,2,148341,Gibbula,"",eukaryota,false,,,,2.4166549472746186,80,,,84.1226,88.4103,10^-11.8195,,,,,,,,,,,,,,,,,[703304],0
703304,1,148341,Gibbula magus,"",eukaryota,false,,,,2.4166549472746186,80,,,84.1226,88.4103,10^-11.8195,,,,,,,,,,,,,,,,,,0
147557,2,147557,Byssothecium,"",eukaryota,false,,,,,,,,,,,,,,,,0.0906245605227982,3,,,93.5,29.0,10^-11.1151,,,,,[147558],0
147558,1,147557,Byssothecium circinans,"",eukaryota,false,,,,,,,,,,,,,,,,0.0906245605227982,3,,,93.5,29.0,10^-11.1151,,,,,,0
147496,2,147496,Bimuria,"",eukaryota,false,,,,,,,,,,,,,,,,0.06041637368186547,2,,,92.2,32.0,10^-11.0007,,,,,[147497],0
147497,1,147496,Bimuria novae-zelandiae,"",eukaryota,false,,,,,,,,,,,,,,,,0.06041637368186547,2,,,92.2,32.0,10^-11.0007,,,,,,0
146775,2,146775,Dictyophora,"",eukaryota,false,,,,0.06041637368186547,2,,,89.831,59.0,10^-19.5595,,,,,,,,,,,,,,,,,[1464785],0
1464785,1,146775,Dictyophora rubrovolvata,"",eukaryota,false,,,,0.06041637368186547,2,,,89.831,59.0,10^-19.5595,,,,,,,,,,,,,,,,,,0
144516,2,144516,Microsporidium,"",eukaryota,false,,,,14.59055424417051,483,,,98.1647,730.242,10^-305.545,,,,,,,,,,,,,,,,,"[2932630, 1333714, 478969, 478967]",0
2932630,1,144516,Microsporidium sp. CP-2022B,"",eukaryota,false,,,,0.030208186840932735,1,,,97.436,39.0,10^-12.8775,,,,,,,,,,,,,,,,,,0
1333714,1,144516,Microsporidium sp. 3 NR-2013,"",eukaryota,false,,,,14.499929683647713,480,,,98.1791,735.222,10^-307.653,,,,,,,,,,,,,,,,,,0
478969,1,144516,Microsporidium sp. Angskars-klubben 126,"",eukaryota,false,,,,0.030208186840932735,1,,,95.556,45.0,10^-15.5601,,,,,,,,,,,,,,,,,,0
478967,1,144516,Microsporidium sp. Angskar 21,"",eukaryota,false,,,,0.030208186840932735,1,,,95.556,45.0,10^-15.5601,,,,,,,,,,,,,,,,,,0
144423,2,144423,Oxytorus,"",eukaryota,false,,,,0.24166549472746188,8,,,90.659,52.3333,10^-15.0639,,,,,,,,,,,,,,,,,[495374],0
495374,1,144423,Oxytorus armatus,"",eukaryota,false,,,,0.24166549472746188,8,,,90.659,52.3333,10^-15.0639,,,,,,,,,,,,,,,,,,0
144405,2,144405,Microctonus,"",eukaryota,false,,,,0.21145730788652914,7,,,87.5783,66.7143,10^-20.5035,,,,,,0.6343719236595874,21,,,91.9714,30.5238,10^-9.65605,,,,,"[2738948, 165561, 144406]",0
2738948,1,144405,Microctonus brassicae,"",eukaryota,false,,,,0.21145730788652914,7,,,87.5783,66.7143,10^-20.5035,,,,,,,,,,,,,,,,,,0
165561,1,144405,Microctonus hyperodae,"",eukaryota,false,,,,,,,,,,,,,,,,0.1812491210455964,6,,,86.2167,30.8333,10^-7.94564,,,,,,0
144406,1,144405,Microctonus aethiopoides,"",eukaryota,false,,,,,,,,,,,,,,,,0.453122802613991,15,,,94.2733,30.4,10^-10.3402,,,,,,0
144030,2,144030,Pogonomyrmex,"",eukaryota,false,,,,2.1749894525471567,72,,,82.2748,190.457,10^-34.9058,,,,,,0.0906245605227982,3,,,96.5667,30.3333,10^-10.569,,,,,[144034],0
144034,1,144030,Pogonomyrmex barbatus,red harvester ant,eukaryota,false,,,,2.1749894525471567,72,,,82.2748,190.457,10^-34.9058,,,,,,0.0906245605227982,3,,,96.5667,30.3333,10^-10.569,,,,,,0
143949,2,143949,Sipha,"",eukaryota,false,,,,0.030208186840932735,1,,,94.737,38.0,10^-10.8302,,,,,,9.968701657507802,330,,,41.9167,111.693,10^-20.0827,,,,,[143950],0
143950,1,143949,Sipha flava,yellow sugarcane aphid,eukaryota,false,,,,0.030208186840932735,1,,,94.737,38.0,10^-10.8302,,,,,,9.968701657507802,330,,,41.9167,111.693,10^-20.0827,,,,,,0
143947,2,143947,Diuraphis,"",eukaryota,false,,,,0.12083274736373094,4,,,93.617,47.0,10^-15.5412,,,,,,0.1812491210455964,6,,,79.5167,30.1667,10^-6.55572,,,,,[143948],0
143948,1,143947,Diuraphis noxia,Russian wheat aphid,eukaryota,false,,,,0.12083274736373094,4,,,93.617,47.0,10^-15.5412,,,,,,0.1812491210455964,6,,,79.5167,30.1667,10^-6.55572,,,,,,0
143767,2,143767,Isoperla,"",eukaryota,false,,,,0.33229005525026006,11,,,90.7493,75.9,10^-28.7382,,,,,,,,,,,,,,,,,[552050],0
552050,1,143767,Isoperla grammatica,"",eukaryota,false,,,,0.33229005525026006,11,,,90.7493,75.9,10^-28.7382,,,,,,,,,,,,,,,,,,0
143734,2,143734,Leuctra,"",eukaryota,false,,,,2.7791531893658115,92,,,90.2028,94.4382,10^-23.3107,,,,,,,,,,,,,,,,,[143735],0
143735,1,143734,Leuctra nigra,"",eukaryota,false,,,,2.7791531893658115,92,,,90.2028,94.4382,10^-23.3107,,,,,,,,,,,,,,,,,,0
143731,2,143731,Brachyptera,"",eukaryota,false,,,,1.4197847815238385,47,,,89.3588,38.6889,10^-8.33724,,,,,,,,,,,,,,,,,[2065413],0
2065413,1,143731,Brachyptera putata,"",eukaryota,false,,,,1.4197847815238385,47,,,89.3588,38.6889,10^-8.33724,,,,,,,,,,,,,,,,,,0
143721,2,143721,Nemurella,"",eukaryota,false,,,,1.1479110999554438,38,,,87.7618,98.2368,10^-25.2964,,,,,,,,,,,,,,,,,[143722],0
143722,1,143721,Nemurella pictetii,"",eukaryota,false,,,,1.1479110999554438,38,,,87.7618,98.2368,10^-25.2964,,,,,,,,,,,,,,,,,,0
143716,2,143716,Protonemura,"",eukaryota,false,,,,4.833309894549237,160,,,83.2602,89.125,10^-11.355,,,,,,,,,,,,,,,,,[2884235],0
2884235,1,143716,Protonemura montana,"",eukaryota,false,,,,4.833309894549237,160,,,83.2602,89.125,10^-11.355,,,,,,,,,,,,,,,,,,0
141402,2,141402,Evadne,"",eukaryota,false,,,,0.0906245605227982,3,,,91.885,57.3333,10^-18.0226,,,,,,,,,,,,,,,,,[141404],0
141404,1,141402,Evadne anonyx,"",eukaryota,false,,,,0.0906245605227982,3,,,91.885,57.3333,10^-18.0226,,,,,,,,,,,,,,,,,,0
141257,2,141257,Tachina,"",eukaryota,false,,,,0.06041637368186547,2,,,87.5415,39.0,10^-7.38855,,,,,,,,,,,,,,,,,"[631329, 631328]",0
631329,1,141257,Tachina lurida,"",eukaryota,false,,,,0.030208186840932735,1,,,94.595,37.0,10^-10.1556,,,,,,,,,,,,,,,,,,0
631328,1,141257,Tachina fera,"",eukaryota,false,,,,0.030208186840932735,1,,,80.488,41.0,10^-4.62152,,,,,,,,,,,,,,,,,,0
141179,2,141179,Pseudochramesus,"",eukaryota,false,,,,0.06041637368186547,2,,,85.504,100.0,10^-35.7988,,,,,,,,,,,,,,,,,[245358],0
245358,1,141179,Pseudochramesus acuteclavatus,"",eukaryota,false,,,,0.06041637368186547,2,,,85.504,100.0,10^-35.7988,,,,,,,,,,,,,,,,,,0
140641,2,140641,Isothecium,"",eukaryota,false,,,,0.030208186840932735,1,,,84.211,38.0,10^-5.3407,,,,,,,,,,,,,,,,,[245335],0
245335,1,140641,Isothecium myosuroides,"",eukaryota,false,,,,0.030208186840932735,1,,,84.211,38.0,10^-5.3407,,,,,,,,,,,,,,,,,,0
139973,2,139973,Archips,"",eukaryota,false,,,,0.453122802613991,15,,,91.6871,51.5333,10^-16.0732,,,,,,,,,,,,,,,,,"[1857967, 1100919]",0
1857967,1,139973,Archips crataeganus,"",eukaryota,false,,,,0.24166549472746188,8,,,90.382,47.875,10^-12.7165,,,,,,,,,,,,,,,,,,0
1100919,1,139973,Archips xylosteana,"",eukaryota,false,,,,0.21145730788652914,7,,,93.1787,55.7143,10^-19.9094,,,,,,,,,,,,,,,,,,0
139679,2,139679,Teleopsis,"",eukaryota,false,,,,0.21145730788652914,7,,,91.2603,69.1429,10^-26.2661,,,,,,56.942432195158204,1885,,,51.2073,520.746,10^-169.657,,,,,[139649],0
139649,1,139679,Teleopsis dalmanni,"",eukaryota,false,,,,0.21145730788652914,7,,,91.2603,69.1429,10^-26.2661,,,,,,56.942432195158204,1885,,,51.2073,520.746,10^-169.657,,,,,,0
139475,2,139475,Homalodisca,"",eukaryota,false,,,,0.4229146157730583,14,,,89.8319,74.3571,10^-27.3555,,,,,,1.3291602210010403,44,,,90.725,30.25,10^-8.69577,,,,,[197043],0
197043,1,139475,Homalodisca vitripennis,glassy-winged sharpshooter,eukaryota,false,,,,0.4229146157730583,14,,,89.8319,74.3571,10^-27.3555,,,,,,1.3291602210010403,44,,,90.725,30.25,10^-8.69577,,,,,,0
139389,2,139389,Plicaturopsis,"",eukaryota,false,,,,,,,,,,,,,,,,0.21145730788652914,7,,,83.0429,31.1429,10^-6.82735,,,,,[139390],0
139390,1,139389,Plicaturopsis crispa,"",eukaryota,false,,,,,,,,,,,,,,,,0.21145730788652914,7,,,83.0429,31.1429,10^-6.82735,,,,,,0
139379,2,139379,Hymenochaete,"",eukaryota,false,,,,0.21145730788652914,7,,,99.6789,97.4286,10^-53.5536,,,,,,,,,,,,,,,,,"[1142990, 1142984, 1142519]",0
1142990,1,139379,Hymenochaete luteobadia,"",eukaryota,false,,,,0.030208186840932735,1,,,100.0,101.0,10^-56.3801,,,,,,,,,,,,,,,,,,0
1142984,1,139379,Hymenochaete fulva,"",eukaryota,false,,,,0.06041637368186547,2,,,100.0,100.5,10^-56.0391,,,,,,,,,,,,,,,,,,0
1142519,1,139379,Hymenochaete anomala,"",eukaryota,false,,,,0.12083274736373094,4,,,99.438,95.0,10^-51.6042,,,,,,,,,,,,,,,,,,0
139355,2,139355,Guepinia,"",eukaryota,false,,,,0.030208186840932735,1,,,90.099,101.0,10^-42.6564,,,,,,,,,,,,,,,,,[160928],0
160928,1,139355,Guepinia helvelloides,"",eukaryota,false,,,,0.030208186840932735,1,,,90.099,101.0,10^-42.6564,,,,,,,,,,,,,,,,,,0
139329,2,139329,Heterochaete,"",eukaryota,false,,,,0.030208186840932735,1,,,99.01,101.0,10^-55.0077,,,,,,,,,,,,,,,,,[160908],0
160908,1,139329,Heterochaete shearii,"",eukaryota,false,,,,0.030208186840932735,1,,,99.01,101.0,10^-55.0077,,,,,,,,,,,,,,,,,,0
139276,2,139276,Dacryopinax,"",eukaryota,false,,,,,,,,,,,,,,,,0.030208186840932735,1,,,100.0,33.0,10^-14.2464,,,,,[1858805],0
1858805,1,139276,Dacryopinax primogenitus,"",eukaryota,false,,,,,,,,,,,,,,,,0.030208186840932735,1,,,100.0,33.0,10^-14.2464,,,,,,0
139137,2,139137,Subulicystidium,"",eukaryota,false,,,,0.12083274736373094,4,,,99.5025,98.25,10^-53.819,,,,,,,,,,,,,,,,,"[2115831, 2115829]",0
2115831,1,139137,Subulicystidium harpagum,"",eukaryota,false,,,,0.06041637368186547,2,,,100.0,96.0,10^-52.9712,,,,,,,,,,,,,,,,,,0
2115829,1,139137,Subulicystidium fusisporum,"",eukaryota,false,,,,0.06041637368186547,2,,,99.005,100.5,10^-54.6668,,,,,,,,,,,,,,,,,,0
139111,2,139111,Dendrothele,"",eukaryota,false,,,,0.06041637368186547,2,,,95.9365,98.5,10^-49.1861,,,,,,0.2718736815683946,9,,,68.7333,30.7778,10^-4.8473,,,,,"[1314803, 1124680]",0
1314803,1,139111,Dendrothele bispora,"",eukaryota,false,,,,,,,,,,,,,,,,0.2718736815683946,9,,,68.7333,30.7778,10^-4.8473,,,,,,0
1124680,1,139111,Dendrothele sp. CFMR FP110206,"",eukaryota,false,,,,0.06041637368186547,2,,,95.9365,98.5,10^-49.1861,,,,,,,,,,,,,,,,,,0
139057,2,139057,Aedeomyia,"",eukaryota,false,,,,,,,,,,,,,,,,0.06041637368186547,2,,,90.3,31.0,10^-11.3036,,,,,[139058],0
139058,1,139057,Aedeomyia squamipennis,"",eukaryota,false,,,,,,,,,,,,,,,,0.06041637368186547,2,,,90.3,31.0,10^-11.3036,,,,,,0
139055,2,139055,Uranotaenia,"",eukaryota,false,,,,201.42818985533947,6668,,,87.9113,477.271,10^-81.5347,,,,,,272.6893026130998,9027,,,83.4951,51.3313,10^-20.63,,,,,"[2597066, 190385]",0
2597066,1,139055,Uranotaenia geometrica,"",eukaryota,false,,,,0.0906245605227982,3,,,100.0,83.0,10^-44.1142,,,,,,,,,,,,,,,,,,0
190385,1,139055,Uranotaenia lowii,"",eukaryota,false,,,,201.33756529481667,6665,,,87.9057,477.454,10^-81.5521,,,,,,272.6893026130998,9027,,,83.4951,51.3313,10^-20.63,,,,,,0
138069,2,138069,Lysandra,"",eukaryota,false,,,,0.39270642893212554,13,,,92.3065,125.615,10^-45.7658,,,,,,,,,,,,,,,,,"[268709, 138070]",0
268709,1,138069,Lysandra coridon,"",eukaryota,false,,,,0.21145730788652914,7,,,92.0017,187.143,10^-68.2695,,,,,,,,,,,,,,,,,,0
138070,1,138069,Lysandra bellargus,Adonis blue,eukaryota,false,,,,0.1812491210455964,6,,,92.6622,53.8333,10^-19.5115,,,,,,,,,,,,,,,,,,0
136352,2,136352,Drepanosiphum,"",eukaryota,false,,,,0.030208186840932735,1,,,92.5,40.0,10^-10.8079,,,,,,,,,,,,,,,,,[527648],0
527648,1,136352,Drepanosiphum platanoidis,"",eukaryota,false,,,,0.030208186840932735,1,,,92.5,40.0,10^-10.8079,,,,,,,,,,,,,,,,,,0
134396,2,134396,Sesamia,"",eukaryota,false,,,,0.030208186840932735,1,,,87.097,93.0,10^-34.458,,,,,,,,,,,,,,,,,[492764],0
492764,1,134396,Sesamia inferens,purple stem borer,eukaryota,false,,,,0.030208186840932735,1,,,87.097,93.0,10^-34.458,,,,,,,,,,,,,,,,,,0
134393,2,134393,Leucania,"",eukaryota,false,,,,0.15104093420466366,5,,,92.5874,44.4,10^-13.5141,,,,,,,,,,,,,,,,,[987968],0
987968,1,134393,Leucania comma,"",eukaryota,false,,,,0.15104093420466366,5,,,92.5874,44.4,10^-13.5141,,,,,,,,,,,,,,,,,,0
133894,2,133894,Penaeus,"",eukaryota,false,,,,0.3020818684093273,10,,,88.8596,68.0,10^-22.4079,,,,,,0.39270642893212554,13,,,79.2308,30.0,10^-7.34674,,,,,"[139456, 27405, 6689, 6687]",0
139456,1,133894,Penaeus chinensis,"",eukaryota,false,,,,0.030208186840932735,1,,,86.957,69.0,10^-22.2363,,,,,,0.030208186840932735,1,,,81.8,33.0,10^-10.2798,,,,,,0
27405,1,133894,Penaeus japonicus,"",eukaryota,false,,,,0.15104093420466366,5,,,88.2476,74.8,10^-25.6663,,,,,,,,,,,,,,,,,,0
6689,1,133894,Penaeus vannamei,Pacific white shrimp,eukaryota,false,,,,0.030208186840932735,1,,,82.895,76.0,10^-21.5081,,,,,,0.3624982420911928,12,,,79.0167,29.75,10^-7.10231,,,,,,0
6687,1,133894,Penaeus monodon,black tiger shrimp,eukaryota,false,,,,0.0906245605227982,3,,,92.502,53.6667,10^-17.3342,,,,,,,,,,,,,,,,,,0
133746,2,133746,Punctularia,"",eukaryota,false,,,,,,,,,,,,,,,,0.06041637368186547,2,,,93.3,30.5,10^-8.97247,,,,,[202698],0
202698,1,133746,Punctularia strigosozonata,"",eukaryota,false,,,,,,,,,,,,,,,,0.06041637368186547,2,,,93.3,30.5,10^-8.97247,,,,,,0
133407,2,133407,Acytostelium,"",eukaryota,false,,,,0.030208186840932735,1,,,94.737,38.0,10^-10.8302,,,,,,,,,,,,,,,,,[361139],0
361139,1,133407,Acytostelium subglobosum,"",eukaryota,false,,,,0.030208186840932735,1,,,94.737,38.0,10^-10.8302,,,,,,,,,,,,,,,,,,0
133193,2,133193,Alkalilimnicola,"",bacteria,false,,,,0.030208186840932735,1,,,100.0,101.0,10^-56.3801,,,,,,,,,,,,,,,,,[543110],0
543110,1,133193,uncultured Alkalilimnicola sp.,"",bacteria,false,,,,0.030208186840932735,1,,,100.0,101.0,10^-56.3801,,,,,,,,,,,,,,,,,,0
133097,2,133097,Periphyllus,"",eukaryota,false,,,,0.06041637368186547,2,,,92.242,44.0,10^-12.8261,,,,,,,,,,,,,,,,,[1425412],0
1425412,1,133097,Periphyllus acericola,"",eukaryota,false,,,,0.06041637368186547,2,,,92.242,44.0,10^-12.8261,,,,,,,,,,,,,,,,,,0
132116,2,132116,Megachile,"",eukaryota,false,,,,0.24166549472746188,8,,,88.2866,60.875,10^-18.448,,,,,,0.24166549472746188,8,,,95.7,74.875,10^-45.9278,,,,,"[1542540, 481575, 143995]",0
1542540,1,132116,Megachile ligniseca,"",eukaryota,false,,,,0.0906245605227982,3,,,89.123,55.6667,10^-15.9426,,,,,,,,,,,,,,,,,,0
481575,1,132116,Megachile willughbiella,Willughby's leaf-cutter bee,eukaryota,false,,,,0.06041637368186547,2,,,87.047,73.5,10^-24.6169,,,,,,,,,,,,,,,,,,0
143995,1,132116,Megachile rotundata,alfalfa leafcutting bee,eukaryota,false,,,,0.0906245605227982,3,,,88.2767,57.6667,10^-16.8409,,,,,,0.24166549472746188,8,,,95.7,74.875,10^-45.9278,,,,,,0
131625,2,131625,Crepidodera,"",eukaryota,false,,,,0.24166549472746188,8,,,90.6405,66.875,10^-23.0381,,,,,,,,,,,,,,,,,[346762],0
346762,1,131625,Crepidodera aurea,"",eukaryota,false,,,,0.24166549472746188,8,,,90.6405,66.875,10^-23.0381,,,,,,,,,,,,,,,,,,0
131576,2,131576,Agelastica,"",eukaryota,false,,,,0.39270642893212554,13,,,88.8289,49.8462,10^-13.2548,,,,,,,,,,,,,,,,,[131577],0
131577,1,131576,Agelastica alni,"",eukaryota,false,,,,0.39270642893212554,13,,,88.8289,49.8462,10^-13.2548,,,,,,,,,,,,,,,,,,0
131324,2,131324,Pseudocercospora,"",eukaryota,false,,,,,,,,,,,,,,,,0.12083274736373094,4,,,86.9,32.5,10^-8.64458,,,,,"[1873960, 113226]",0
1873960,1,131324,Pseudocercospora fijiensis,"",eukaryota,false,,,,,,,,,,,,,,,,0.0906245605227982,3,,,85.5667,32.3333,10^-8.29166,,,,,,0
113226,1,131324,Pseudocercospora musae,"",eukaryota,false,,,,,,,,,,,,,,,,0.030208186840932735,1,,,90.9,33.0,10^-9.70333,,,,,,0
129396,2,129396,Aporia,blackveins,eukaryota,false,,,,0.06041637368186547,2,,,97.222,36.0,10^-10.8537,,,,,,,,,,,,,,,,,[129397],0
129397,1,129396,Aporia crataegi,"",eukaryota,false,,,,0.06041637368186547,2,,,97.222,36.0,10^-10.8537,,,,,,,,,,,,,,,,,,0
129337,2,129337,Geobacillus,"",bacteria,false,,,,,,,,,,,,,,,,0.06041637368186547,2,,,77.3,31.0,10^-4.98033,,,,,"[1547578, 33941]",0
1547578,1,129337,Geobacillus sp. BCO2,"",bacteria,false,,,,,,,,,,,,,,,,0.030208186840932735,1,,,73.3,30.0,10^-3.22548,,,,,,0
33941,1,129337,Geobacillus thermoleovorans,"",bacteria,false,,,,,,,,,,,,,,,,0.030208186840932735,1,,,81.3,32.0,10^-6.73518,,,,,,0
127403,2,127403,Liriomyza,"",eukaryota,false,,,,,,,,,,,,,,,,0.030208186840932735,1,,,100.0,29.0,10^-10.1884,,,,,[198433],0
198433,1,127403,Liriomyza trifolii,celery leafminer,eukaryota,false,,,,,,,,,,,,,,,,0.030208186840932735,1,,,100.0,29.0,10^-10.1884,,,,,,0
127368,2,127368,Tanaecia,"",eukaryota,false,,,,,,,,,,,,,,,,0.030208186840932735,1,,,100.0,23.0,10^-8.41454,,,,,[127369],0
127369,1,127368,Tanaecia julii,"",eukaryota,false,,,,,,,,,,,,,,,,0.030208186840932735,1,,,100.0,23.0,10^-8.41454,,,,,,0
127313,2,127313,Boloria,"",eukaryota,false,,,,0.21145730788652914,7,,,90.4119,65.0,10^-22.8705,,,,,,,,,,,,,,,,,"[405023, 191398]",0
405023,1,127313,Boloria euphrosyne,pearl-bordered fritillary,eukaryota,false,,,,0.06041637368186547,2,,,95.202,40.0,10^-12.1825,,,,,,,,,,,,,,,,,,0
191398,1,127313,Boloria selene,silver meadow fritillary,eukaryota,false,,,,0.15104093420466366,5,,,88.4958,75.0,10^-27.1457,,,,,,,,,,,,,,,,,,0
127244,2,127244,Mechanitis,"",eukaryota,false,,,,0.12083274736373094,4,,,84.3633,49.5,10^-10.3951,,,,,,,,,,,,,,,,,"[2578229, 471061]",0
2578229,1,127244,Mechanitis messenoides,"",eukaryota,false,,,,0.06041637368186547,2,,,84.532,41.5,10^-7.01945,,,,,,,,,,,,,,,,,,0
471061,1,127244,Mechanitis mazaeus,"",eukaryota,false,,,,0.06041637368186547,2,,,84.1945,57.5,10^-13.7708,,,,,,,,,,,,,,,,,,0
127224,2,127224,Napeogenes,"",eukaryota,false,,,,0.1812491210455964,6,,,92.273,52.5,10^-17.2329,,,,,,,,,,,,,,,,,"[331344, 331285]",0
331344,1,127224,Napeogenes sylphis,"",eukaryota,false,,,,0.15104093420466366,5,,,93.5733,41.3333,10^-12.1661,,,,,,,,,,,,,,,,,,0
331285,1,127224,Napeogenes inachia,"",eukaryota,false,,,,0.030208186840932735,1,,,88.372,86.0,10^-32.4334,,,,,,,,,,,,,,,,,,0
126956,2,126956,Strigamia,"",eukaryota,false,,,,0.15104093420466366,5,,,90.4406,55.4,10^-17.949,,,,,,,,,,,,,,,,,[1255758],0
1255758,1,126956,Strigamia acuminata,"",eukaryota,false,,,,0.15104093420466366,5,,,90.4406,55.4,10^-17.949,,,,,,,,,,,,,,,,,,0
126565,2,126565,Schrebera,"",eukaryota,false,,,,0.030208186840932735,1,,,100.0,85.0,10^-45.476,,,,,,,,,,,,,,,,,[126566],0
126566,1,126565,Schrebera alata,"",eukaryota,false,,,,0.030208186840932735,1,,,100.0,85.0,10^-45.476,,,,,,,,,,,,,,,,,,0
126539,2,126539,Nestegis,"",eukaryota,false,,,,0.030208186840932735,1,,,100.0,101.0,10^-56.3801,,,,,,,,,,,,,,,,,[126543],0
126543,1,126539,Nestegis sandwicensis,"",eukaryota,false,,,,0.030208186840932735,1,,,100.0,101.0,10^-56.3801,,,,,,,,,,,,,,,,,,0
126412,2,126412,Forestiera,"",eukaryota,false,,,,0.030208186840932735,1,,,100.0,99.0,10^-55.0164,,,,,,,,,,,,,,,,,[1539464],0
1539464,1,126412,Forestiera ligustrina,"",eukaryota,false,,,,0.030208186840932735,1,,,100.0,99.0,10^-55.0164,,,,,,,,,,,,,,,,,,0
126359,2,126359,Chionanthus,"",eukaryota,false,,,,0.06041637368186547,2,,,100.0,95.0,10^-52.2901,,,,,,,,,,,,,,,,,"[2491095, 1679340]",0
2491095,1,126359,Chionanthus pubescens,"",eukaryota,false,,,,0.030208186840932735,1,,,100.0,100.0,10^-55.6982,,,,,,,,,,,,,,,,,,0
1679340,1,126359,Chionanthus henryanus,"",eukaryota,false,,,,0.030208186840932735,1,,,100.0,90.0,10^-48.8821,,,,,,,,,,,,,,,,,,0
126168,2,126168,Dromogomphus,"",eukaryota,false,,,,53.559115268973734,1773,,,90.1734,346.0,10^-44.4572,,,,,,,,,,,,,,,,,[126169],0
126169,1,126168,Dromogomphus spinosus,"",eukaryota,false,,,,53.559115268973734,1773,,,90.1734,346.0,10^-44.4572,,,,,,,,,,,,,,,,,,0
125369,2,125369,Paraphaeosphaeria,"",eukaryota,false,,,,0.030208186840932735,1,,,94.937,79.0,10^-35.9012,,,,,,,,,,,,,,,,,[1460663],0
1460663,1,125369,Paraphaeosphaeria sporulosa,"",eukaryota,false,,,,0.030208186840932735,1,,,94.937,79.0,10^-35.9012,,,,,,,,,,,,,,,,,,0
125287,2,125287,Ornithinimicrobium,"",bacteria,false,,,,,,,,,,,,,,,,0.030208186840932735,1,,,93.8,32.0,10^-10.0348,,,,,[384677],0
384677,1,125287,Ornithinimicrobium pekingense,"",bacteria,false,,,,,,,,,,,,,,,,0.030208186840932735,1,,,93.8,32.0,10^-10.0348,,,,,,0
124916,2,124916,Armigeres,"",eukaryota,false,,,,39.90501481687214,1321,,,88.5735,188.246,10^-46.2803,,,,,,1.0270783525917129,34,,,89.8214,38.4706,10^-13.9194,,,,,"[2968253, 124917]",0
2968253,1,124916,Armigeres aureolineatus,"",eukaryota,false,,,,,,,,,,,,,,,,0.030208186840932735,1,,,97.0,33.0,10^-6.56225,,,,,,0
124917,1,124916,Armigeres subalbatus,"",eukaryota,false,,,,39.90501481687214,1321,,,88.5735,188.246,10^-46.2803,,,,,,0.9968701657507802,33,,,89.6038,38.6364,10^-14.1424,,,,,,0
124426,2,124426,Ustilaginoidea,"",eukaryota,false,,,,0.12083274736373094,4,,,93.2927,41.0,10^-11.8265,,,,,,,,,,,,,,,,,[1159556],0
1159556,1,124426,Ustilaginoidea virens,"",eukaryota,false,,,,0.12083274736373094,4,,,93.2927,41.0,10^-11.8265,,,,,,,,,,,,,,,,,,0
124410,2,124410,Limenitis,admirals,eukaryota,false,,,,0.24166549472746188,8,,,89.3199,49.5714,10^-13.1856,,,,,,,,,,,,,,,,,[270466],0
270466,1,124410,Limenitis camilla,"",eukaryota,false,,,,0.24166549472746188,8,,,89.3199,49.5714,10^-13.1856,,,,,,,,,,,,,,,,,,0
124299,2,124299,Atherix,"",eukaryota,false,,,,3.86664791563939,128,,,83.8617,150.032,10^-27.6664,,,,,,,,,,,,,,,,,[2025112],0
2025112,1,124299,Atherix ibis,"",eukaryota,false,,,,3.86664791563939,128,,,83.8617,150.032,10^-27.6664,,,,,,,,,,,,,,,,,,0
124287,2,124287,Osmia,"",eukaryota,false,,,,0.21145730788652914,7,,,85.3407,69.0,10^-20.2824,,,,,,1.2687438473191748,42,,,64.4037,148.875,10^-47.8304,,,,,"[1437190, 473952]",0
1437190,1,124287,Osmia bicornis,red mason bee,eukaryota,false,,,,0.12083274736373094,4,,,84.2385,75.25,10^-22.0345,,,,,,0.12083274736373094,4,,,74.9,32.25,10^-8.25204,,,,,,0
473952,1,124287,Osmia lignaria,orchard mason bee,eukaryota,false,,,,0.0906245605227982,3,,,86.8103,60.6667,10^-17.9464,,,,,,1.1479110999554438,38,,,63.2374,161.833,10^-52.228,,,,,,0
124011,2,124011,Euwallacea,"",eukaryota,false,,,,,,,,,,,,,,,,0.030208186840932735,1,,,93.9,33.0,10^-12.5317,,,,,[1736056],0
1736056,1,124011,Euwallacea similis,"",eukaryota,false,,,,,,,,,,,,,,,,0.030208186840932735,1,,,93.9,33.0,10^-12.5317,,,,,,0
123484,2,123484,Tripterygium,"",eukaryota,false,,,,0.030208186840932735,1,,,76.471,102.0,10^-24.1251,,,,,,,,,,,,,,,,,[458696],0
458696,1,123484,Tripterygium wilfordii,"",eukaryota,false,,,,0.030208186840932735,1,,,76.471,102.0,10^-24.1251,,,,,,,,,,,,,,,,,,0
122852,2,122852,Polydrusus,"",eukaryota,false,,,,0.15104093420466366,5,,,90.4038,61.2,10^-20.0044,,,,,,,,,,,,,,,,,[202137],0
202137,1,122852,Polydrusus cervinus,"",eukaryota,false,,,,0.15104093420466366,5,,,90.4038,61.2,10^-20.0044,,,,,,,,,,,,,,,,,,0
122836,2,122836,Platypus,"",eukaryota,false,,,,0.12083274736373094,4,,,95.0125,45.5,10^-15.2263,,,,,,,,,,,,,,,,,[298138],0
298138,1,122836,Platypus cylindrus,"",eukaryota,false,,,,0.12083274736373094,4,,,95.0125,45.5,10^-15.2263,,,,,,,,,,,,,,,,,,0
122772,2,122772,Apoderus,"",eukaryota,false,,,,0.1812491210455964,6,,,96.2765,38.5,10^-11.8551,,,,,,,,,,,,,,,,,[201766],0
201766,1,122772,Apoderus coryli,hazel leaf roller,eukaryota,false,,,,0.1812491210455964,6,,,96.2765,38.5,10^-11.8551,,,,,,,,,,,,,,,,,,0
122733,2,122733,Apion,"",eukaryota,false,,,,,,,,,,,,,,,,0.0906245605227982,3,,,96.9,32.0,10^-9.69351,,,,,[2072880],0
2072880,1,122733,Apion sp. CSR075,"",eukaryota,false,,,,,,,,,,,,,,,,0.0906245605227982,3,,,96.9,32.0,10^-9.69351,,,,,,0
122277,2,122277,Pectobacterium,"",bacteria,false,,,,0.3624982420911928,12,,,97.9753,94.8333,10^-49.4344,,,,,,0.453122802613991,15,,,99.7933,29.4667,10^-10.3195,,,,,"[2949614, 2488639, 1201031, 180957, 55208, 29471, 554]",0
2949614,1,122277,Pectobacterium sp. F1-1,"",bacteria,false,,,,0.030208186840932735,1,,,100.0,101.0,10^-56.3801,,,,,,,,,,,,,,,,,,0
2488639,1,122277,Pectobacterium versatile,"",bacteria,false,,,,0.030208186840932735,1,,,99.01,101.0,10^-55.0077,,,,,,0.06041637368186547,2,,,100.0,26.0,10^-8.28567,,,,,,0
1201031,1,122277,Pectobacterium aroidearum,"",bacteria,false,,,,0.0906245605227982,3,,,93.9617,96.6667,10^-45.1923,,,,,,,,,,,,,,,,,,0
180957,1,122277,Pectobacterium brasiliense,"",bacteria,false,,,,0.06041637368186547,2,,,100.0,82.0,10^-43.445,,,,,,0.030208186840932735,1,,,100.0,33.0,10^-11.8861,,,,,,0
55208,1,122277,Pectobacterium wasabiae,"",bacteria,false,,,,,,,,,,,,,,,,0.12083274736373094,4,,,100.0,26.75,10^-9.32843,,,,,,0
29471,1,122277,Pectobacterium atrosepticum,"",bacteria,false,,,,0.030208186840932735,1,,,98.969,97.0,10^-52.2805,,,,,,,,,,,,,,,,,,0
554,1,122277,Pectobacterium carotovorum,"",bacteria,false,,,,0.12083274736373094,4,,,98.96,96.25,10^-51.7695,,,,,,0.24166549472746188,8,,,99.6125,31.25,10^-11.1276,,,,,,0
121844,2,121844,Diaphorina,"",eukaryota,false,,,,0.21145730788652914,7,,,89.2853,64.2857,10^-20.6287,,,,,,3.0208186840932734,100,,,75.9802,45.5714,10^-12.423,,,,,[121845],0
121845,1,121844,Diaphorina citri,Asian citrus psyllid,eukaryota,false,,,,0.21145730788652914,7,,,89.2853,64.2857,10^-20.6287,,,,,,3.0208186840932734,100,,,75.9802,45.5714,10^-12.423,,,,,,0
121493,2,121493,Oscarella,"",eukaryota,false,,,,0.030208186840932735,1,,,82.353,51.0,10^-10.0162,,,,,,,,,,,,,,,,,[121494],0
121494,1,121493,Oscarella lobularis,"",eukaryota,false,,,,0.030208186840932735,1,,,82.353,51.0,10^-10.0162,,,,,,,,,,,,,,,,,,0
121476,2,121476,Aplysina,"",eukaryota,false,,,,0.030208186840932735,1,,,82.5,40.0,10^-5.31842,,,,,,,,,,,,,,,,,[289389],0
289389,1,121476,Aplysina aerophoba,"",eukaryota,false,,,,0.030208186840932735,1,,,82.5,40.0,10^-5.31842,,,,,,,,,,,,,,,,,,0
121222,2,121222,Pediculus,"",eukaryota,false,,,,0.030208186840932735,1,,,83.146,89.0,10^-27.6152,,,,,,1.933323957819695,64,,,55.6533,177.317,10^-54.7266,,,,,[121225],1
121225,1,121222,Pediculus humanus,human louse,eukaryota,false,,,,0.030208186840932735,1,,,83.146,89.0,10^-27.6152,,,,,,1.933323957819695,64,,,55.6533,177.317,10^-54.7266,,,,,,1
120865,2,120865,Zele,"",eukaryota,false,,,,0.030208186840932735,1,,,87.0,100.0,10^-37.8574,,,,,,,,,,,,,,,,,[1080930],0
1080930,1,120865,Zele albiditarsus,"",eukaryota,false,,,,0.030208186840932735,1,,,87.0,100.0,10^-37.8574,,,,,,,,,,,,,,,,,,0
120569,2,120569,Mactra,"",eukaryota,false,,,,0.030208186840932735,1,,,94.595,37.0,10^-10.1556,,,,,,,,,,,,,,,,,[339787],0
339787,1,120569,Mactra chinensis,"",eukaryota,false,,,,0.030208186840932735,1,,,94.595,37.0,10^-10.1556,,,,,,,,,,,,,,,,,,0
119287,2,119287,Sphinx,"",eukaryota,false,,,,0.06041637368186547,2,,,100.0,37.0,10^-12.9003,,,,,,,,,,,,,,,,,[987436],0
987436,1,119287,Sphinx pinastri,"",eukaryota,false,,,,0.06041637368186547,2,,,100.0,37.0,10^-12.9003,,,,,,,,,,,,,,,,,,0
118523,2,118523,Cryptocellus,"",eukaryota,false,,,,,,,,,,,,,,,,0.030208186840932735,1,,,93.9,33.0,10^-10.6402,,,,,[118524],0
118524,1,118523,Cryptocellus centralis,"",eukaryota,false,,,,,,,,,,,,,,,,0.030208186840932735,1,,,93.9,33.0,10^-10.6402,,,,,,0
118513,2,118513,Branchia,"",eukaryota,false,,,,,,,,,,,,,,,,0.030208186840932735,1,,,100.0,30.0,10^-13.0048,,,,,[118514],0
118514,1,118513,Branchia sp. 'Ere',"",eukaryota,false,,,,,,,,,,,,,,,,0.030208186840932735,1,,,100.0,30.0,10^-13.0048,,,,,,0
118475,2,118475,Oxidus,"",eukaryota,false,,,,,,,,,,,,,,,,0.06041637368186547,2,,,98.1,26.0,10^-5.02946,,,,,[291247],0
291247,1,118475,Oxidus gracilis,"",eukaryota,false,,,,,,,,,,,,,,,,0.06041637368186547,2,,,98.1,26.0,10^-5.02946,,,,,,0
118459,2,118459,Cleidogona,"",eukaryota,false,,,,,,,,,,,,,,,,0.030208186840932735,1,,,100.0,27.0,10^-8.11014,,,,,[118460],0
118460,1,118459,Cleidogona major,"",eukaryota,false,,,,,,,,,,,,,,,,0.030208186840932735,1,,,100.0,27.0,10^-8.11014,,,,,,0
118259,2,118259,Plenodomus,"",eukaryota,false,,,,0.12083274736373094,4,,,95.2367,96.25,10^-47.6538,,,,,,,,,,,,,,,,,"[220672, 5022]",0
220672,1,118259,Plenodomus biglobosus,"",eukaryota,false,,,,0.0906245605227982,3,,,94.309,94.6667,10^-45.66,,,,,,,,,,,,,,,,,,0
5022,1,118259,Plenodomus lingam,blackleg of rapeseed fungus,eukaryota,false,,,,0.030208186840932735,1,,,98.02,101.0,10^-53.6353,,,,,,,,,,,,,,,,,,0
117902,2,117902,Protopolystoma,"",eukaryota,false,,,,,,,,,,,,,,,,0.2718736815683946,9,,,91.1333,30.4444,10^-10.4578,,,,,[117903],0
117903,1,117902,Protopolystoma xenopodis,"",eukaryota,false,,,,,,,,,,,,,,,,0.2718736815683946,9,,,91.1333,30.4444,10^-10.4578,,,,,,0
117563,2,117563,Granulicatella,"",bacteria,false,,,,0.030208186840932735,1,,,100.0,100.0,10^-55.6982,,,,,,,,,,,,,,,,,[46124],0
46124,1,117563,Granulicatella adiacens,"",bacteria,false,,,,0.030208186840932735,1,,,100.0,100.0,10^-55.6982,,,,,,,,,,,,,,,,,,0
117533,2,117533,Eulimnadia,"",eukaryota,false,,,,0.030208186840932735,1,,,93.151,73.0,10^-30.446,,,,,,,,,,,,,,,,,[117534],0
117534,1,117533,Eulimnadia texana,"",eukaryota,false,,,,0.030208186840932735,1,,,93.151,73.0,10^-30.446,,,,,,,,,,,,,,,,,,0
117248,2,117248,Habropoda,"",eukaryota,false,,,,,,,,,,,,,,,,0.1812491210455964,6,,,73.5333,32.0,10^-5.60192,,,,,[597456],0
597456,1,117248,Habropoda laboriosa,"",eukaryota,false,,,,,,,,,,,,,,,,0.1812491210455964,6,,,73.5333,32.0,10^-5.60192,,,,,,0
117093,2,117093,Villa,"",eukaryota,false,,,,0.453122802613991,15,,,88.9979,65.8,10^-21.8191,,,,,,,,,,,,,,,,,[2753613],0
2753613,1,117093,Villa cingulata,"",eukaryota,false,,,,0.453122802613991,15,,,88.9979,65.8,10^-21.8191,,,,,,,,,,,,,,,,,,0
117062,2,117062,Tephrocybe,"",eukaryota,false,,,,,,,,,,,,,,,,0.030208186840932735,1,,,83.9,31.0,10^-9.83863,,,,,[117070],0
117070,1,117062,Tephrocybe rancida,"",eukaryota,false,,,,,,,,,,,,,,,,0.030208186840932735,1,,,83.9,31.0,10^-9.83863,,,,,,0
116152,2,116152,Aethina,"",eukaryota,false,,,,0.39270642893212554,13,,,91.0762,63.1538,10^-22.6079,,,,,,0.1812491210455964,6,,,87.05,31.0,10^-9.84143,,,,,[116153],0
116153,1,116152,Aethina tumida,small hive beetle,eukaryota,false,,,,0.39270642893212554,13,,,91.0762,63.1538,10^-22.6079,,,,,,0.1812491210455964,6,,,87.05,31.0,10^-9.84143,,,,,,0
116137,2,116137,Tortricodes,"",eukaryota,false,,,,0.6343719236595874,21,,,92.78,43.1905,10^-12.9678,,,,,,,,,,,,,,,,,[116138],0
116138,1,116137,Tortricodes alternella,"",eukaryota,false,,,,0.6343719236595874,21,,,92.78,43.1905,10^-12.9678,,,,,,,,,,,,,,,,,,0
116127,2,116127,Epirrita,"",eukaryota,false,,,,0.21145730788652914,7,,,87.2034,82.8571,10^-29.3247,,,,,,,,,,,,,,,,,[247947],0
247947,1,116127,Epirrita christyi,pale November moth,eukaryota,false,,,,0.21145730788652914,7,,,87.2034,82.8571,10^-29.3247,,,,,,,,,,,,,,,,,,0
116125,2,116125,Cosmia,"",eukaryota,false,,,,0.15104093420466366,5,,,92.9376,47.6,10^-14.8764,,,,,,,,,,,,,,,,,"[987909, 116126]",0
987909,1,116125,Cosmia pyralina,"",eukaryota,false,,,,0.06041637368186547,2,,,93.421,38.0,10^-10.144,,,,,,,,,,,,,,,,,,0
116126,1,116125,Cosmia trapezina,dun-bar pinion,eukaryota,false,,,,0.0906245605227982,3,,,92.6153,54.0,10^-18.0313,,,,,,,,,,,,,,,,,,0
116120,2,116120,Carcina,"",eukaryota,false,,,,0.33229005525026006,11,,,92.3387,47.2222,10^-14.7792,,,,,,,,,,,,,,,,,[116121],0
116121,1,116120,Carcina quercana,"",eukaryota,false,,,,0.33229005525026006,11,,,92.3387,47.2222,10^-14.7792,,,,,,,,,,,,,,,,,,0
115356,2,115356,Harmonia,"",eukaryota,false,,,,0.24166549472746188,8,,,92.3211,54.25,10^-18.5942,,,,,,0.453122802613991,15,,,73.88,31.0667,10^-6.83951,,,,,[115357],0
115357,1,115356,Harmonia axyridis,"",eukaryota,false,,,,0.24166549472746188,8,,,92.3211,54.25,10^-18.5942,,,,,,0.453122802613991,15,,,73.88,31.0667,10^-6.83951,,,,,,0
115303,2,115303,Nephrocerus,"",eukaryota,false,,,,0.906245605227982,30,,,92.3096,57.9,10^-20.1957,,,,,,,,,,,,,,,,,[566305],0
566305,1,115303,Nephrocerus scutellatus,"",eukaryota,false,,,,0.906245605227982,30,,,92.3096,57.9,10^-20.1957,,,,,,,,,,,,,,,,,,0
115278,2,115278,Eristalinus,"",eukaryota,false,,,,2.507279507797417,83,,,87.3212,138.562,10^-35.5203,,,,,,,,,,,,,,,,,"[2725509, 2017640]",0
2725509,1,115278,Eristalinus sepulchralis,"",eukaryota,false,,,,2.1145730788652912,70,,,86.8445,154.015,10^-38.9495,,,,,,,,,,,,,,,,,,0
2017640,1,115278,Eristalinus aeneus,"",eukaryota,false,,,,0.39270642893212554,13,,,89.7779,58.9231,10^-17.8465,,,,,,,,,,,,,,,,,,0
115253,2,115253,Chalcosyrphus,"",eukaryota,false,,,,1.238535660478242,41,,,89.6798,65.4359,10^-18.0237,,,,,,,,,,,,,,,,,[226170],0
226170,1,115253,Chalcosyrphus nemorum,"",eukaryota,false,,,,1.238535660478242,41,,,89.6798,65.4359,10^-18.0237,,,,,,,,,,,,,,,,,,0
115080,2,115080,Megalopta,"",eukaryota,false,,,,0.33229005525026006,11,,,85.3625,134.818,10^-26.5689,,,,,,0.030208186840932735,1,,,100.0,30.0,10^-6.51286,,,,,[115081],0
115081,1,115080,Megalopta genalis,"",eukaryota,false,,,,0.33229005525026006,11,,,85.3625,134.818,10^-26.5689,,,,,,0.030208186840932735,1,,,100.0,30.0,10^-6.51286,,,,,,0
114230,2,114230,Nigrospora,"",eukaryota,false,,,,0.6041637368186547,20,,,94.0609,90.1053,10^-42.8316,,,,,,,,,,,,,,,,,"[2022764, 2022760, 335854]",0
2022764,1,114230,Nigrospora zimmermanii,"",eukaryota,false,,,,0.030208186840932735,1,,,100.0,101.0,10^-56.3801,,,,,,,,,,,,,,,,,,0
2022760,1,114230,Nigrospora osmanthi,"",eukaryota,false,,,,0.2718736815683946,9,,,95.3466,96.6667,10^-47.1771,,,,,,,,,,,,,,,,,,0
335854,1,114230,Nigrospora oryzae,"",eukaryota,false,,,,0.3020818684093273,10,,,92.1154,82.3333,10^-36.9807,,,,,,,,,,,,,,,,,,0
114154,2,114154,Dichomitus,"",eukaryota,false,,,,,,,,,,,,,,,,0.15104093420466366,5,,,92.7,28.6,10^-9.68705,,,,,[114155],0
114155,1,114154,Dichomitus squalens,"",eukaryota,false,,,,,,,,,,,,,,,,0.15104093420466366,5,,,92.7,28.6,10^-9.68705,,,,,,0
113604,2,113604,Tetrapisispora,"",eukaryota,false,,,,0.06041637368186547,2,,,89.189,37.0,10^-7.41084,,,,,,,,,,,,,,,,,[113608],0
113608,1,113604,Tetrapisispora phaffii,"",eukaryota,false,,,,0.06041637368186547,2,,,89.189,37.0,10^-7.41084,,,,,,,,,,,,,,,,,,0
112486,2,112486,Uwebraunia,"",eukaryota,false,,,,0.06041637368186547,2,,,100.0,100.0,10^-55.6982,,,,,,,,,,,,,,,,,[306880],0
306880,1,112486,Uwebraunia communis,"",eukaryota,false,,,,0.06041637368186547,2,,,100.0,100.0,10^-55.6982,,,,,,,,,,,,,,,,,,0
112291,2,112291,Tenthredo,"",eukaryota,false,,,,0.3020818684093273,10,,,92.7179,53.5,10^-18.0397,,,,,,,,,,,,,,,,,"[1385102, 362091, 222778]",0
1385102,1,112291,Tenthredo distinguenda,"",eukaryota,false,,,,0.030208186840932735,1,,,97.436,39.0,10^-12.8775,,,,,,,,,,,,,,,,,,0
362091,1,112291,Tenthredo notha,"",eukaryota,false,,,,0.24166549472746188,8,,,92.9224,51.0,10^-17.0586,,,,,,,,,,,,,,,,,,0
222778,1,112291,Tenthredo mesomela,"",eukaryota,false,,,,0.030208186840932735,1,,,86.364,88.0,10^-31.051,,,,,,,,,,,,,,,,,,0
112008,2,112008,Ignatzschineria,"",bacteria,false,,,,0.06041637368186547,2,,,100.0,94.0,10^-51.608,,,,,,,,,,,,,,,,,[2923279],0
2923279,1,112008,Ignatzschineria rhizosphaerae,"",bacteria,false,,,,0.06041637368186547,2,,,100.0,94.0,10^-51.608,,,,,,,,,,,,,,,,,,0
111932,2,111932,Pararge,"",eukaryota,false,,,,0.12083274736373094,4,,,92.5912,46.0,10^-14.1794,,,,,,0.4229146157730583,14,,,77.75,30.9286,10^-7.55425,,,,,[116150],0
116150,1,111932,Pararge aegeria,speckled wood butterfly,eukaryota,false,,,,0.12083274736373094,4,,,92.5912,46.0,10^-14.1794,,,,,,0.4229146157730583,14,,,77.75,30.9286,10^-7.55425,,,,,,0
111922,2,111922,Melanargia,marbled whites,eukaryota,false,,,,1.9031157709787623,63,,,89.2244,81.3968,10^-17.3722,,,,,,,,,,,,,,,,,[111923],0
111923,1,111922,Melanargia galathea,marbled white,eukaryota,false,,,,1.9031157709787623,63,,,89.2244,81.3968,10^-17.3722,,,,,,,,,,,,,,,,,,0
111919,2,111919,Maniola,meadowbrowns,eukaryota,false,,,,0.06041637368186547,2,,,90.2335,91.0,10^-37.2148,,,,,,0.1812491210455964,6,,,93.0667,29.8333,10^-8.82087,,,,,"[2795564, 191418]",0
2795564,1,111919,Maniola hyperantus,ringlet,eukaryota,false,,,,0.06041637368186547,2,,,90.2335,91.0,10^-37.2148,,,,,,0.030208186840932735,1,,,100.0,33.0,10^-12.5544,,,,,,0
191418,1,111919,Maniola jurtina,meadow brown,eukaryota,false,,,,,,,,,,,,,,,,0.15104093420466366,5,,,91.68,29.2,10^-8.07417,,,,,,0
111915,2,111915,Lasiommata,"",eukaryota,false,,,,0.0906245605227982,3,,,92.4457,48.3333,10^-15.5304,,,,,,,,,,,,,,,,,[111917],0
111917,1,111915,Lasiommata megera,wall brown,eukaryota,false,,,,0.0906245605227982,3,,,92.4457,48.3333,10^-15.5304,,,,,,,,,,,,,,,,,,0
111908,2,111908,Hipparchia,"",eukaryota,false,,,,0.15104093420466366,5,,,91.2465,44.75,10^-12.652,,,,,,,,,,,,,,,,,[111912],0
111912,1,111908,Hipparchia semele,rock grayling,eukaryota,false,,,,0.15104093420466366,5,,,91.2465,44.75,10^-12.652,,,,,,,,,,,,,,,,,,0
111897,2,111897,Erebia,arguses,eukaryota,false,,,,0.33229005525026006,11,,,93.5809,49.8182,10^-15.7348,,,,,,,,,,,,,,,,,"[447833, 111903]",0
447833,1,111897,Erebia aethiops,Scotch argus,eukaryota,false,,,,0.24166549472746188,8,,,94.3464,46.25,10^-14.3732,,,,,,,,,,,,,,,,,,0
111903,1,111897,Erebia ligea,Arran brown butterfly,eukaryota,false,,,,0.0906245605227982,3,,,91.5397,59.3333,10^-19.3657,,,,,,,,,,,,,,,,,,0
111500,2,111500,Allomuricauda,"",bacteria,false,,,,,,,,,,,,,,,,0.030208186840932735,1,,,76.7,30.0,10^-4.40121,,,,,[192149],0
192149,1,111500,Allomuricauda sp.,"",bacteria,false,,,,,,,,,,,,,,,,0.030208186840932735,1,,,76.7,30.0,10^-4.40121,,,,,,0
110932,2,110932,Leifsonia,"",bacteria,false,,,,0.030208186840932735,1,,,100.0,101.0,10^-56.3801,,,,,,,,,,,,,,,,,[2724914],0
2724914,1,110932,Leifsonia sp. PS1209,"",bacteria,false,,,,0.030208186840932735,1,,,100.0,101.0,10^-56.3801,,,,,,,,,,,,,,,,,,0
110367,2,110367,Bicyclus,bush browns,eukaryota,false,,,,0.06041637368186547,2,,,89.5645,48.0,10^-13.4831,,,,,,0.12083274736373094,4,,,70.725,31.0,10^-5.25402,,,,,[110368],0
110368,1,110367,Bicyclus anynana,squinting bush brown,eukaryota,false,,,,0.06041637368186547,2,,,89.5645,48.0,10^-13.4831,,,,,,0.12083274736373094,4,,,70.725,31.0,10^-5.25402,,,,,,0
110246,2,110246,Tubaria,"",eukaryota,false,,,,0.030208186840932735,1,,,100.0,98.0,10^-54.3346,,,,,,,,,,,,,,,,,[406894],0
406894,1,110246,Tubaria punicea,"",eukaryota,false,,,,0.030208186840932735,1,,,100.0,98.0,10^-54.3346,,,,,,,,,,,,,,,,,,0
110092,2,110092,Polychytrium,"",eukaryota,false,,,,0.030208186840932735,1,,,89.583,96.0,10^-39.2475,,,,,,,,,,,,,,,,,[110093],0
110093,1,110092,Polychytrium aggregatum,"",eukaryota,false,,,,0.030208186840932735,1,,,89.583,96.0,10^-39.2475,,,,,,,,,,,,,,,,,,0
109944,2,109944,Gonapodya,"",eukaryota,false,,,,,,,,,,,,,,,,0.030208186840932735,1,,,100.0,33.0,10^-13.2958,,,,,[2725673],0
2725673,1,109944,Gonapodya sp. JEL0774,"",eukaryota,false,,,,,,,,,,,,,,,,0.030208186840932735,1,,,100.0,33.0,10^-13.2958,,,,,,0
109937,2,109937,Endochytrium,"",eukaryota,false,,,,0.030208186840932735,1,,,94.366,71.0,10^-30.4581,,,,,,,,,,,,,,,,,[2107736],0
2107736,1,109937,Endochytrium sp.,"",eukaryota,false,,,,0.030208186840932735,1,,,94.366,71.0,10^-30.4581,,,,,,,,,,,,,,,,,,0
109935,2,109935,Cladochytrium,"",eukaryota,false,,,,,,,,,,,,,,,,0.030208186840932735,1,,,97.0,33.0,10^-12.7011,,,,,[1604274],0
1604274,1,109935,Cladochytrium tenue,"",eukaryota,false,,,,,,,,,,,,,,,,0.030208186840932735,1,,,97.0,33.0,10^-12.7011,,,,,,0
109632,2,109632,Galerina,"",eukaryota,false,,,,0.030208186840932735,1,,,100.0,93.0,10^-50.9264,,,,,,0.3020818684093273,10,,,87.56,31.7,10^-11.0355,,,,,"[2315385, 109633]",0
2315385,1,109632,Galerina aff. sideroides 1 BRL-2018,"",eukaryota,false,,,,0.030208186840932735,1,,,100.0,93.0,10^-50.9264,,,,,,,,,,,,,,,,,,0
109633,1,109632,Galerina marginata,"",eukaryota,false,,,,,,,,,,,,,,,,0.3020818684093273,10,,,87.56,31.7,10^-11.0355,,,,,,0
109374,2,109374,Nemania,"",eukaryota,false,,,,1.3291602210010403,44,,,96.7523,220.227,10^-97.9693,,,,,,0.030208186840932735,1,,,100.0,29.0,10^-9.46725,,,,,"[389665, 109381]",0
389665,1,109374,Nemania diffusa,"",eukaryota,false,,,,0.030208186840932735,1,,,92.079,101.0,10^-45.4011,,,,,,0.030208186840932735,1,,,100.0,29.0,10^-9.46725,,,,,,0
109381,1,109374,Nemania serpens,"",eukaryota,false,,,,1.2989520341601075,43,,,96.861,223.0,10^-99.1918,,,,,,,,,,,,,,,,,,0
108930,2,108930,Nilaparvata,"",eukaryota,false,,,,0.0906245605227982,3,,,81.254,86.3333,10^-23.5144,,,,,,0.6041637368186547,20,,,95.0556,31.2222,10^-10.0475,,,,,[108931],0
108931,1,108930,Nilaparvata lugens,brown planthopper,eukaryota,false,,,,0.0906245605227982,3,,,81.254,86.3333,10^-23.5144,,,,,,0.6041637368186547,20,,,95.0556,31.2222,10^-10.0475,,,,,,0
108633,2,108633,Cirrospilus,"",eukaryota,false,,,,0.030208186840932735,1,,,94.059,101.0,10^-48.1458,,,,,,,,,,,,,,,,,[431180],0
431180,1,108633,Cirrospilus coachellae,"",eukaryota,false,,,,0.030208186840932735,1,,,94.059,101.0,10^-48.1458,,,,,,,,,,,,,,,,,,0
107928,2,107928,Rhantus,"",eukaryota,false,,,,,,,,,,,,,,,,0.06041637368186547,2,,,100.0,33.0,10^-12.6326,,,,,[107930],0
107930,1,107928,Rhantus suturalis,"",eukaryota,false,,,,,,,,,,,,,,,,0.06041637368186547,2,,,100.0,33.0,10^-12.6326,,,,,,0
107449,2,107449,Phaffia,"",eukaryota,false,,,,,,,,,,,,,,,,0.030208186840932735,1,,,71.0,31.0,10^-6.71444,,,,,[264483],0
264483,1,107449,Phaffia rhodozyma,"",eukaryota,false,,,,,,,,,,,,,,,,0.030208186840932735,1,,,71.0,31.0,10^-6.71444,,,,,,0
106633,2,106633,Thioalkalivibrio,"",bacteria,false,,,,,,,,,,,,,,,,0.030208186840932735,1,,,100.0,26.0,10^-7.40782,,,,,[1158165],0
1158165,1,106633,Thioalkalivibrio sp. ALMg11,"",bacteria,false,,,,,,,,,,,,,,,,0.030208186840932735,1,,,100.0,26.0,10^-7.40782,,,,,,0
106591,2,106591,Ensifer,"",bacteria,false,,,,0.030208186840932735,1,,,94.872,39.0,10^-11.5051,,,,,,,,,,,,,,,,,[106592],0
106592,1,106591,Ensifer adhaerens,"",bacteria,false,,,,0.030208186840932735,1,,,94.872,39.0,10^-11.5051,,,,,,,,,,,,,,,,,,0
106589,2,106589,Cupriavidus,"",bacteria,false,,,,0.15104093420466366,5,,,88.0754,79.2,10^-27.5493,,,,,,,,,,,,,,,,,[151783],0
151783,1,106589,Cupriavidus campinensis,"",bacteria,false,,,,0.15104093420466366,5,,,88.0754,79.2,10^-27.5493,,,,,,,,,,,,,,,,,,0
106500,2,106500,Synanthedon,"",eukaryota,false,,,,0.9364537920689148,31,,,90.6937,59.5806,10^-16.1155,,,,,,,,,,,,,,,,,"[1660703, 1108570, 1108569, 301680, 301036]",0
1660703,1,106500,Synanthedon vespiformis,"",eukaryota,false,,,,0.21145730788652914,7,,,91.7911,50.5714,10^-16.0081,,,,,,,,,,,,,,,,,,0
1108570,1,106500,Synanthedon myopaeformis,"",eukaryota,false,,,,0.15104093420466366,5,,,91.5158,49.2,10^-15.3846,,,,,,,,,,,,,,,,,,0
1108569,1,106500,Synanthedon andrenaeformis,"",eukaryota,false,,,,0.3020818684093273,10,,,88.5327,75.9,10^-15.1225,,,,,,,,,,,,,,,,,,0
301680,1,106500,Synanthedon tipuliformis,"",eukaryota,false,,,,0.21145730788652914,7,,,92.4354,51.5714,10^-16.6958,,,,,,,,,,,,,,,,,,0
301036,1,106500,Synanthedon formicaeformis,red-tipped clearwing,eukaryota,false,,,,0.06041637368186547,2,,,89.5065,63.5,10^-21.2531,,,,,,,,,,,,,,,,,,0
105983,2,105983,Apiotrichum,"",eukaryota,false,,,,0.12083274736373094,4,,,86.01,51.5,10^-12.7755,,,,,,,,,,,,,,,,,"[252803, 105984]",0
252803,1,105983,Apiotrichum mycotoxinovorans,"",eukaryota,false,,,,0.06041637368186547,2,,,81.395,43.0,10^-5.9732,,,,,,,,,,,,,,,,,,0
105984,1,105983,Apiotrichum porosum,"",eukaryota,false,,,,0.06041637368186547,2,,,90.625,60.0,10^-19.5778,,,,,,,,,,,,,,,,,,0
105591,2,105591,Symploca,"",bacteria,false,,,,,,,,,,,,,,,,0.06041637368186547,2,,,67.75,32.5,10^-4.54267,,,,,[2607803],0
2607803,1,105591,Symploca sp. SIO3C6,"",bacteria,false,,,,,,,,,,,,,,,,0.06041637368186547,2,,,67.75,32.5,10^-4.54267,,,,,,0
105250,2,105250,Taphrorychus,"",eukaryota,false,,,,0.24166549472746188,8,,,92.7401,40.4286,10^-10.9082,,,,,,,,,,,,,,,,,[105251],0
105251,1,105250,Taphrorychus bicolor,"",eukaryota,false,,,,0.24166549472746188,8,,,92.7401,40.4286,10^-10.9082,,,,,,,,,,,,,,,,,,0
105135,2,105135,Anaeromyces,"",eukaryota,false,,,,,,,,,,,,,,,,0.030208186840932735,1,,,58.1,31.0,10^-3.76447,,,,,[1754192],0
1754192,1,105135,Anaeromyces robustus,"",eukaryota,false,,,,,,,,,,,,,,,,0.030208186840932735,1,,,58.1,31.0,10^-3.76447,,,,,,0
105119,2,105119,Xyleborus,"",eukaryota,false,,,,,,,,,,,,,,,,0.030208186840932735,1,,,100.0,33.0,10^-14.0931,,,,,[889492],0
889492,1,105119,Xyleborus glabratus,"",eukaryota,false,,,,,,,,,,,,,,,,0.030208186840932735,1,,,100.0,33.0,10^-14.0931,,,,,,0
105117,2,105117,Xyleborinus,"",eukaryota,false,,,,,,,,,,,,,,,,0.06041637368186547,2,,,100.0,33.0,10^-13.6853,,,,,[2709640],0
2709640,1,105117,Xyleborinus exiguus,"",eukaryota,false,,,,,,,,,,,,,,,,0.06041637368186547,2,,,100.0,33.0,10^-13.6853,,,,,,0
104781,2,104781,Adineta,"",eukaryota,false,,,,,,,,,,,,,,,,0.06041637368186547,2,,,75.2,24.5,10^-3.56304,,,,,[433720],0
433720,1,104781,Adineta steineri,"",eukaryota,false,,,,,,,,,,,,,,,,0.06041637368186547,2,,,75.2,24.5,10^-3.56304,,,,,,0
104514,2,104514,Melitaea,"",eukaryota,false,,,,0.6041637368186547,20,,,90.0845,45.55,10^-12.3022,,,,,,0.33229005525026006,11,,,80.0818,31.6364,10^-7.31169,,,,,[113334],0
113334,1,104514,Melitaea cinxia,Glanville fritillary,eukaryota,false,,,,0.6041637368186547,20,,,90.0845,45.55,10^-12.3022,,,,,,0.33229005525026006,11,,,80.0818,31.6364,10^-7.31169,,,,,,0
104501,2,104501,Euphydryas,checkerspot butterflies,eukaryota,false,,,,,,,,,,,,,,,,1.4197847815238385,47,,,69.0528,37.9565,10^-6.95407,,,,,[104508],0
104508,1,104501,Euphydryas editha,"",eukaryota,false,,,,,,,,,,,,,,,,1.4197847815238385,47,,,69.0528,37.9565,10^-6.95407,,,,,,0
104487,2,104487,Lycia,"",eukaryota,false,,,,0.1812491210455964,6,,,88.0217,60.8333,10^-18.307,,,,,,,,,,,,,,,,,[326963],0
326963,1,104487,Lycia hirtaria,"",eukaryota,false,,,,0.1812491210455964,6,,,88.0217,60.8333,10^-18.307,,,,,,,,,,,,,,,,,,0
104485,2,104485,Alsophila,"",eukaryota,false,,,,0.21145730788652914,7,,,84.4095,76.1667,10^-23.0086,,,,,,,,,,,,,,,,,[104486],0
104486,1,104485,Alsophila aescularia,"",eukaryota,false,,,,0.21145730788652914,7,,,84.4095,76.1667,10^-23.0086,,,,,,,,,,,,,,,,,,0
104475,2,104475,Agriopis,"",eukaryota,false,,,,0.1812491210455964,6,,,86.4503,72.1667,10^-23.057,,,,,,,,,,,,,,,,,"[934821, 190331, 104476]",0
934821,1,104475,Agriopis leucophaearia,"",eukaryota,false,,,,0.030208186840932735,1,,,82.178,101.0,10^-31.6774,,,,,,,,,,,,,,,,,,0
190331,1,104475,Agriopis marginaria,dotted border,eukaryota,false,,,,0.12083274736373094,4,,,86.512,72.5,10^-23.9695,,,,,,,,,,,,,,,,,,0
104476,1,104475,Agriopis aurantiaria,"",eukaryota,false,,,,0.030208186840932735,1,,,90.476,42.0,10^-10.7867,,,,,,,,,,,,,,,,,,0
104473,2,104473,Erannis,"",eukaryota,false,,,,0.030208186840932735,1,,,92.683,41.0,10^-11.4834,,,,,,,,,,,,,,,,,[104474],0
104474,1,104473,Erannis defoliaria,"",eukaryota,false,,,,0.030208186840932735,1,,,92.683,41.0,10^-11.4834,,,,,,,,,,,,,,,,,,0
104458,2,104458,Hydriomena,"",eukaryota,false,,,,0.7854128578642511,26,,,90.1419,65.9167,10^-15.701,,,,,,,,,,,,,,,,,[104460],0
104460,1,104458,Hydriomena furcata,"",eukaryota,false,,,,0.7854128578642511,26,,,90.1419,65.9167,10^-15.701,,,,,,,,,,,,,,,,,,0
104456,2,104456,Ecliptopera,"",eukaryota,false,,,,0.06041637368186547,2,,,84.9525,76.5,10^-23.911,,,,,,,,,,,,,,,,,[104457],0
104457,1,104456,Ecliptopera silaceata,"",eukaryota,false,,,,0.06041637368186547,2,,,84.9525,76.5,10^-23.911,,,,,,,,,,,,,,,,,,0
104451,2,104451,Operophtera,"",eukaryota,false,,,,0.06041637368186547,2,,,92.17,46.5,10^-14.5208,,,,,,0.453122802613991,15,,,87.7333,28.0667,10^-5.46932,,,,,[104452],0
104452,1,104451,Operophtera brumata,winter moth,eukaryota,false,,,,0.06041637368186547,2,,,92.17,46.5,10^-14.5208,,,,,,0.453122802613991,15,,,87.7333,28.0667,10^-5.46932,,,,,,0
104446,2,104446,Idaea,"",eukaryota,false,,,,1.5406175288875694,51,,,86.9349,99.72,10^-18.788,,,,,,,,,,,,,,,,,"[572776, 104449, 104448, 104447]",0
572776,1,104446,Idaea dimidiata,"",eukaryota,false,,,,0.0906245605227982,3,,,92.5927,36.0,10^-8.56638,,,,,,,,,,,,,,,,,,0
104449,1,104446,Idaea straminata,"",eukaryota,false,,,,0.24166549472746188,8,,,90.5626,46.25,10^-12.8075,,,,,,,,,,,,,,,,,,0
104448,1,104446,Idaea biselata,"",eukaryota,false,,,,0.5135391762958564,17,,,88.9852,58.75,10^-11.4343,,,,,,,,,,,,,,,,,,0
104447,1,104446,Idaea aversata,"",eukaryota,false,,,,0.6947882973414529,23,,,83.5087,155.13,10^-27.317,,,,,,,,,,,,,,,,,,0
104443,2,104443,Scopula,"",eukaryota,false,,,,,,,,,,,,,,,,0.030208186840932735,1,,,53.1,32.0,10^-3.36452,,,,,[104445],0
104445,1,104443,Scopula ornata,"",eukaryota,false,,,,,,,,,,,,,,,,0.030208186840932735,1,,,53.1,32.0,10^-3.36452,,,,,,0
104426,2,104426,Drepana,"",eukaryota,false,,,,0.12083274736373094,4,,,87.6748,80.25,10^-26.8277,,,,,,,,,,,,,,,,,[104428],0
104428,1,104426,Drepana falcataria,"",eukaryota,false,,,,0.12083274736373094,4,,,87.6748,80.25,10^-26.8277,,,,,,,,,,,,,,,,,,0
104394,2,104394,Picobirnavirus,"",viruses,false,,,,,,,,,,,,,,,,45.5841539429675,1509,,,82.8318,27.1309,10^-7.74769,,,,,[1907787],0
1907787,1,104394,Picobirnavirus sp.,"",viruses,false,,,,,,,,,,,,,,,,45.5841539429675,1509,,,82.8318,27.1309,10^-7.74769,,,,,,0
104361,2,104361,Melanoleuca,"",eukaryota,false,,,,0.030208186840932735,1,,,100.0,72.0,10^-36.6277,,,,,,,,,,,,,,,,,[1143152],0
1143152,1,104361,Melanoleuca friesii,"",eukaryota,false,,,,0.030208186840932735,1,,,100.0,72.0,10^-36.6277,,,,,,,,,,,,,,,,,,0
104351,2,104351,Crepidotus,"",eukaryota,false,,,,,,,,,,,,,,,,0.030208186840932735,1,,,77.4,31.0,10^-8.48017,,,,,[179855],0
179855,1,104351,Crepidotus variabilis,"",eukaryota,false,,,,,,,,,,,,,,,,0.030208186840932735,1,,,77.4,31.0,10^-8.48017,,,,,,0
104242,2,104242,Clavaria,"",eukaryota,false,,,,0.1812491210455964,6,,,93.1312,47.2,10^-15.421,,,,,,,,,,,,,,,,,[264083],0
264083,1,104242,Clavaria fumosa,"",eukaryota,false,,,,0.1812491210455964,6,,,93.1312,47.2,10^-15.421,,,,,,,,,,,,,,,,,,0
104239,2,104239,Pterula,"",eukaryota,false,,,,,,,,,,,,,,,,0.0906245605227982,3,,,64.1667,32.6667,10^-6.49,,,,,[1884261],0
1884261,1,104239,Pterula gracilis,"",eukaryota,false,,,,,,,,,,,,,,,,0.0906245605227982,3,,,64.1667,32.6667,10^-6.49,,,,,,0
103830,2,103830,Mythimna,"",eukaryota,false,,,,0.48333098945492375,16,,,87.8408,57.2,10^-15.5207,,,,,,6.5249683576414705,216,,,56.5908,226.795,10^-76.0055,,,,,"[997540, 987991, 987985, 987983, 987427, 667449, 271217]",0
997540,1,103830,Mythimna ferrago,"",eukaryota,false,,,,0.06041637368186547,2,,,84.0,82.5,10^-25.2483,,,,,,,,,,,,,,,,,,0
987991,1,103830,Mythimna vitellina,"",eukaryota,false,,,,0.06041637368186547,2,,,92.5915,40.5,10^-11.1456,,,,,,,,,,,,,,,,,,0
987985,1,103830,Mythimna impura,"",eukaryota,false,,,,0.030208186840932735,1,,,64.0,75.0,10^-1.6145,,,,,,,,,,,,,,,,,,0
987983,1,103830,Mythimna albipuncta,"",eukaryota,false,,,,0.12083274736373094,4,,,91.576,55.75,10^-17.7175,,,,,,,,,,,,,,,,,,0
987427,1,103830,Mythimna lalbum,"",eukaryota,false,,,,0.21145730788652914,7,,,89.0208,52.3333,10^-14.5897,,,,,,,,,,,,,,,,,,0
667449,1,103830,Mythimna loreyi,"",eukaryota,false,,,,,,,,,,,,,,,,0.1812491210455964,6,,,81.9333,29.1667,10^-7.48114,,,,,,0
271217,1,103830,Mythimna separata,northern armyworm,eukaryota,false,,,,,,,,,,,,,,,,6.343719236595874,210,,,55.8633,232.469,10^-77.9728,,,,,,0
103826,2,103826,Thelazia,eyeworms,eukaryota,false,,,,0.030208186840932735,1,,,100.0,101.0,10^-56.3801,,,,,,0.030208186840932735,1,,,97.0,33.0,10^-8.20273,,,,,[103827],1
103827,1,103826,Thelazia callipaeda,thelaziosis nematode,eukaryota,false,,,,0.030208186840932735,1,,,100.0,101.0,10^-56.3801,,,,,,0.030208186840932735,1,,,97.0,33.0,10^-8.20273,,,,,,1
103413,2,103413,Anomoia,"",eukaryota,false,,,,0.21145730788652914,7,,,93.862,43.4286,10^-12.7441,,,,,,,,,,,,,,,,,[103414],0
103414,1,103413,Anomoia purmunda,"",eukaryota,false,,,,0.21145730788652914,7,,,93.862,43.4286,10^-12.7441,,,,,,,,,,,,,,,,,,0
103377,2,103377,Lopharia,"",eukaryota,false,,,,0.030208186840932735,1,,,98.02,101.0,10^-53.6353,,,,,,,,,,,,,,,,,[2584721],0
2584721,1,103377,Lopharia erubescens,"",eukaryota,false,,,,0.030208186840932735,1,,,98.02,101.0,10^-53.6353,,,,,,,,,,,,,,,,,,0
102786,2,102786,Mikania,"",eukaryota,false,,,,,,,,,,,,,,,,0.12083274736373094,4,,,74.65,32.25,10^-6.92159,,,,,[192012],0
192012,1,102786,Mikania micrantha,"",eukaryota,false,,,,,,,,,,,,,,,,0.12083274736373094,4,,,74.65,32.25,10^-6.92159,,,,,,0
102106,2,102106,Collinsella,"",bacteria,false,,,,,,,,,,,,,,,,0.15104093420466366,5,,,79.5,30.0,10^-6.11967,,,,,[74426],0
74426,1,102106,Collinsella aerofaciens,"",bacteria,false,,,,,,,,,,,,,,,,0.15104093420466366,5,,,79.5,30.0,10^-6.11967,,,,,,0
101736,2,101736,Incurvaria,"",eukaryota,false,,,,0.24166549472746188,8,,,91.6436,49.125,10^-14.2602,,,,,,,,,,,,,,,,,[101737],0
101737,1,101736,Incurvaria masculella,"",eukaryota,false,,,,0.24166549472746188,8,,,91.6436,49.125,10^-14.2602,,,,,,,,,,,,,,,,,,0
101474,2,101474,Poronia,"",eukaryota,false,,,,,,,,,,,,,,,,0.06041637368186547,2,,,95.3,32.0,10^-11.3565,,,,,[101475],0
101475,1,101474,Poronia punctata,"",eukaryota,false,,,,,,,,,,,,,,,,0.06041637368186547,2,,,95.3,32.0,10^-11.3565,,,,,,0
101106,2,101106,Halteromyces,"",eukaryota,false,,,,0.06041637368186547,2,,,88.0,75.0,10^-26.3172,,,,,,,,,,,,,,,,,[101107],0
101107,1,101106,Halteromyces radiatus,"",eukaryota,false,,,,0.06041637368186547,2,,,88.0,75.0,10^-26.3172,,,,,,,,,,,,,,,,,,0
101095,2,101095,Gilbertella,"",eukaryota,false,,,,,,,,,,,,,,,,0.030208186840932735,1,,,83.9,31.0,10^-9.77728,,,,,[101096],0
101096,1,101095,Gilbertella persicaria,"",eukaryota,false,,,,,,,,,,,,,,,,0.030208186840932735,1,,,83.9,31.0,10^-9.77728,,,,,,0
100986,2,100986,Aschersonia,"",eukaryota,false,,,,0.030208186840932735,1,,,94.059,101.0,10^-48.1458,,,,,,,,,,,,,,,,,[270386],0
270386,1,100986,Aschersonia incrassata,"",eukaryota,false,,,,0.030208186840932735,1,,,94.059,101.0,10^-48.1458,,,,,,,,,,,,,,,,,,0
100883,2,100883,Coprobacillus,"",bacteria,false,,,,,,,,,,,,,,,,0.0906245605227982,3,,,89.5667,32.3333,10^-10.7947,,,,,[450746],0
450746,1,100883,Coprobacillus sp. 8_1_38FAA,"",bacteria,false,,,,,,,,,,,,,,,,0.0906245605227982,3,,,89.5667,32.3333,10^-10.7947,,,,,,0
100860,2,100860,Aphanomyces,"",eukaryota,false,,,,0.06041637368186547,2,,,88.889,63.0,10^-20.9034,,,,,,0.06041637368186547,2,,,62.15,33.0,10^-4.59543,,,,,"[120398, 100861]",0
120398,1,100860,Aphanomyces stellatus,"",eukaryota,false,,,,,,,,,,,,,,,,0.030208186840932735,1,,,57.6,33.0,10^-3.03905,,,,,,0
100861,1,100860,Aphanomyces euteiches,"",eukaryota,false,,,,0.06041637368186547,2,,,88.889,63.0,10^-20.9034,,,,,,0.030208186840932735,1,,,66.7,33.0,10^-6.15181,,,,,,0
100601,2,100601,Trichobilharzia,"",eukaryota,false,,,,,,,,,,,,,,,,0.06041637368186547,2,,,64.05,32.0,10^-5.42713,,,,,[157069],0
157069,1,100601,Trichobilharzia regenti,"",eukaryota,false,,,,,,,,,,,,,,,,0.06041637368186547,2,,,64.05,32.0,10^-5.42713,,,,,,0
100474,2,100474,Batrachochytrium,"",eukaryota,false,,,,,,,,,,,,,,,,0.06041637368186547,2,,,98.35,30.0,10^-8.27977,,,,,[109871],0
109871,1,100474,Batrachochytrium dendrobatidis,"",eukaryota,false,,,,,,,,,,,,,,,,0.06041637368186547,2,,,98.35,30.0,10^-8.27977,,,,,,0
100048,2,100048,Trematosphaeria,"",eukaryota,false,,,,0.030208186840932735,1,,,78.667,75.0,10^-16.7106,,,,,,0.030208186840932735,1,,,93.1,29.0,10^-8.01233,,,,,[390896],0
390896,1,100048,Trematosphaeria pertusa,"",eukaryota,false,,,,0.030208186840932735,1,,,78.667,75.0,10^-16.7106,,,,,,0.030208186840932735,1,,,93.1,29.0,10^-8.01233,,,,,,0
100010,2,100010,Leptospora,"",eukaryota,false,,,,0.06041637368186547,2,,,100.0,92.0,10^-50.2449,,,,,,,,,,,,,,,,,"[2704222, 991795]",0
2704222,1,100010,Leptospora chromolaenae,"",eukaryota,false,,,,0.030208186840932735,1,,,100.0,92.0,10^-50.2449,,,,,,,,,,,,,,,,,,0
991795,1,100010,Leptospora sp. MF 952,"",eukaryota,false,,,,0.030208186840932735,1,,,100.0,92.0,10^-50.2449,,,,,,,,,,,,,,,,,,0
99479,2,99479,Tetrasphaera,"",bacteria,false,,,,,,,,,,,,,,,,0.030208186840932735,1,,,72.7,33.0,10^-3.51004,,,,,[330834],0
330834,1,99479,Tetrasphaera jenkinsii,"",bacteria,false,,,,,,,,,,,,,,,,0.030208186840932735,1,,,72.7,33.0,10^-3.51004,,,,,,0
99299,2,99299,Rehmannia,"",eukaryota,false,,,,0.030208186840932735,1,,,100.0,101.0,10^-56.3801,,,,,,,,,,,,,,,,,[99300],0
99300,1,99299,Rehmannia glutinosa,"",eukaryota,false,,,,0.030208186840932735,1,,,100.0,101.0,10^-56.3801,,,,,,,,,,,,,,,,,,0
99105,2,99105,Tanacetum,"",eukaryota,false,,,,,,,,,,,,,,,,1.238535660478242,41,,,85.0425,31.45,10^-7.36578,,,,,[118510],0
118510,1,99105,Tanacetum cinerariifolium,"",eukaryota,false,,,,,,,,,,,,,,,,1.238535660478242,41,,,85.0425,31.45,10^-7.36578,,,,,,0
98757,2,98757,Gelatoporia,"",eukaryota,false,,,,,,,,,,,,,,,,0.7854128578642511,26,,,89.3868,40.1154,10^-17.8939,,,,,[42742],0
42742,1,98757,Gelatoporia subvermispora,"",eukaryota,false,,,,,,,,,,,,,,,,0.7854128578642511,26,,,89.3868,40.1154,10^-17.8939,,,,,,0
98402,2,98402,Drechmeria,"",eukaryota,false,,,,0.12083274736373094,4,,,89.091,55.0,10^-16.8453,,,,,,,,,,,,,,,,,[98403],0
98403,1,98402,Drechmeria coniospora,"",eukaryota,false,,,,0.12083274736373094,4,,,89.091,55.0,10^-16.8453,,,,,,,,,,,,,,,,,,0
97971,2,97971,Periconia,"",eukaryota,false,,,,0.12083274736373094,4,,,100.0,92.25,10^-50.417,,,,,,0.39270642893212554,13,,,77.9211,54.3636,10^-15.7823,,,,,"[1382551, 1303443, 191446, 97972]",0
1382551,1,97971,Periconia byssoides,"",eukaryota,false,,,,0.06041637368186547,2,,,100.0,84.0,10^-44.795,,,,,,,,,,,,,,,,,,0
1303443,1,97971,Periconia digitata,"",eukaryota,false,,,,,,,,,,,,,,,,0.06041637368186547,2,,,96.95,33.0,10^-9.30112,,,,,,0
191446,1,97971,Periconia prolifica,"",eukaryota,false,,,,0.06041637368186547,2,,,100.0,100.5,10^-56.0391,,,,,,,,,,,,,,,,,,0
97972,1,97971,Periconia macrospinosa,"",eukaryota,false,,,,,,,,,,,,,,,,0.33229005525026006,11,,,73.6924,59.1111,10^-17.2226,,,,,,0
97126,2,97126,Ascotaiwania,"",eukaryota,false,,,,0.06041637368186547,2,,,99.01,101.0,10^-55.0077,,,,,,,,,,,,,,,,,[3047471],0
3047471,1,97126,Ascotaiwania sp. LL-2023a,"",eukaryota,false,,,,0.06041637368186547,2,,,99.01,101.0,10^-55.0077,,,,,,,,,,,,,,,,,,0
97051,2,97051,Cinara,"",eukaryota,false,,,,,,,,,,,,,,,,8.3978759417793,278,,,45.6605,98.2491,10^-18.0236,,,,,[506608],0
506608,1,97051,Cinara cedri,"",eukaryota,false,,,,,,,,,,,,,,,,8.3978759417793,278,,,45.6605,98.2491,10^-18.0236,,,,,,0
96550,2,96550,Tuberolachnus,"",eukaryota,false,,,,1.2687438473191748,42,,,93.7672,55.0,10^-13.512,,,,,,,,,,,,,,,,,[96551],0
96551,1,96550,Tuberolachnus salignus,"",eukaryota,false,,,,1.2687438473191748,42,,,93.7672,55.0,10^-13.512,,,,,,,,,,,,,,,,,,0
96503,2,96503,Trachelomonas,"",eukaryota,false,,,,0.030208186840932735,1,,,93.023,43.0,10^-12.8351,,,,,,,,,,,,,,,,,[253971],0
253971,1,96503,Trachelomonas lefevrei,"",eukaryota,false,,,,0.030208186840932735,1,,,93.023,43.0,10^-12.8351,,,,,,,,,,,,,,,,,,0
96492,2,96492,Frigoribacterium,"",bacteria,false,,,,,,,,,,,,,,,,0.0906245605227982,3,,,86.2333,29.3333,10^-8.43355,,,,,[2653144],0
2653144,1,96492,Frigoribacterium sp. 9N,"",bacteria,false,,,,,,,,,,,,,,,,0.0906245605227982,3,,,86.2333,29.3333,10^-8.43355,,,,,,0
95729,2,95729,Stemphylium,"",eukaryota,false,,,,0.030208186840932735,1,,,100.0,101.0,10^-56.3801,,,,,,,,,,,,,,,,,[183478],0
183478,1,95729,Stemphylium lycopersici,"",eukaryota,false,,,,0.030208186840932735,1,,,100.0,101.0,10^-56.3801,,,,,,,,,,,,,,,,,,0
95601,2,95601,Eriocheir,"",eukaryota,false,,,,0.15104093420466366,5,,,89.6585,59.5,10^-19.556,,,,,,0.24166549472746188,8,,,78.2875,30.0,10^-6.28331,,,,,[95602],0
95602,1,95601,Eriocheir sinensis,Chinese mitten crab,eukaryota,false,,,,0.15104093420466366,5,,,89.6585,59.5,10^-19.556,,,,,,0.24166549472746188,8,,,78.2875,30.0,10^-6.28331,,,,,,0
95295,2,95295,Nomada,"",eukaryota,false,,,,0.6645801105005201,22,,,89.9719,69.6364,10^-18.0424,,,,,,,,,,,,,,,,,"[601849, 601768, 601583, 601523, 601510, 481570]",0
601849,1,95295,Nomada ruficornis,"",eukaryota,false,,,,0.030208186840932735,1,,,92.0,50.0,10^-16.2005,,,,,,,,,,,,,,,,,,0
601768,1,95295,Nomada panzeri,"",eukaryota,false,,,,0.3020818684093273,10,,,87.6788,91.8,10^-19.9706,,,,,,,,,,,,,,,,,,0
601583,1,95295,Nomada hirtipes,"",eukaryota,false,,,,0.0906245605227982,3,,,92.5727,60.3333,10^-21.8531,,,,,,,,,,,,,,,,,,0
601523,1,95295,Nomada flava,"",eukaryota,false,,,,0.12083274736373094,4,,,93.6673,44.25,10^-13.6955,,,,,,,,,,,,,,,,,,0
601510,1,95295,Nomada fabriciana,"",eukaryota,false,,,,0.0906245605227982,3,,,89.6147,53.0,10^-15.963,,,,,,,,,,,,,,,,,,0
481570,1,95295,Nomada fucata,"",eukaryota,false,,,,0.030208186840932735,1,,,89.362,47.0,10^-12.7964,,,,,,,,,,,,,,,,,,0
95279,2,95279,Clistopyga,"",eukaryota,false,,,,0.3020818684093273,10,,,91.9132,55.9,10^-18.7214,,,,,,,,,,,,,,,,,[494138],0
494138,1,95279,Clistopyga incitator,"",eukaryota,false,,,,0.3020818684093273,10,,,91.9132,55.9,10^-18.7214,,,,,,,,,,,,,,,,,,0
95218,2,95218,Hypena,"",eukaryota,false,,,,0.06041637368186547,2,,,91.346,77.5,10^-30.7841,,,,,,,,,,,,,,,,,[753189],0
753189,1,95218,Hypena proboscidalis,"",eukaryota,false,,,,0.06041637368186547,2,,,91.346,77.5,10^-30.7841,,,,,,,,,,,,,,,,,,0
95189,2,95189,Apamea,"",eukaryota,false,,,,0.33229005525026006,11,,,86.1106,64.4,10^-18.0503,,,,,,,,,,,,,,,,,"[997526, 987880, 875885]",0
997526,1,95189,Apamea anceps,"",eukaryota,false,,,,0.0906245605227982,3,,,84.1473,54.3333,10^-11.8631,,,,,,,,,,,,,,,,,,0
987880,1,95189,Apamea epomidion,"",eukaryota,false,,,,0.12083274736373094,4,,,88.8353,52.75,10^-13.9768,,,,,,,,,,,,,,,,,,0
875885,1,95189,Apamea monoglypha,"",eukaryota,false,,,,0.12083274736373094,4,,,84.441,90.0,10^-29.669,,,,,,,,,,,,,,,,,,0
95169,2,95169,Membranipora,"",eukaryota,false,,,,0.12083274736373094,4,,,89.792,53.5,10^-15.8621,,,,,,,,,,,,,,,,,[95170],0
95170,1,95169,Membranipora membranacea,"",eukaryota,false,,,,0.12083274736373094,4,,,89.792,53.5,10^-15.8621,,,,,,,,,,,,,,,,,,0
95078,2,95078,Thereva,"",eukaryota,false,,,,0.06041637368186547,2,,,89.474,38.0,10^-8.08544,,,,,,,,,,,,,,,,,[2867258],0
2867258,1,95078,Thereva unica,"",eukaryota,false,,,,0.06041637368186547,2,,,89.474,38.0,10^-8.08544,,,,,,,,,,,,,,,,,,0
94964,2,94964,Teladorsagia,"",eukaryota,false,,,,,,,,,,,,,,,,0.06041637368186547,2,,,93.95,32.5,10^-10.5112,,,,,[45464],0
45464,1,94964,Teladorsagia circumcincta,"",eukaryota,false,,,,,,,,,,,,,,,,0.06041637368186547,2,,,93.95,32.5,10^-10.5112,,,,,,0
94032,2,94032,Uloborus,"",eukaryota,false,,,,,,,,,,,,,,,,0.030208186840932735,1,,,69.7,33.0,10^-7.12494,,,,,[327109],0
327109,1,94032,Uloborus diversus,"",eukaryota,false,,,,,,,,,,,,,,,,0.030208186840932735,1,,,69.7,33.0,10^-7.12494,,,,,,0
94028,2,94028,Argiope,"",eukaryota,false,,,,0.12083274736373094,4,,,93.666,43.5,10^-13.5177,,,,,,0.24166549472746188,8,,,71.5,28.125,10^-4.75339,,,,,[94029],0
94029,1,94028,Argiope bruennichi,"",eukaryota,false,,,,0.12083274736373094,4,,,93.666,43.5,10^-13.5177,,,,,,0.24166549472746188,8,,,71.5,28.125,10^-4.75339,,,,,,0
94025,2,94025,Meta,"",eukaryota,false,,,,0.030208186840932735,1,,,81.481,54.0,10^-10.6776,,,,,,,,,,,,,,,,,[1926196],0
1926196,1,94025,Meta bourneti,"",eukaryota,false,,,,0.030208186840932735,1,,,81.481,54.0,10^-10.6776,,,,,,,,,,,,,,,,,,0
93976,2,93976,Osmanthus,"",eukaryota,false,,,,0.12083274736373094,4,,,100.0,93.0,10^-50.9272,,,,,,,,,,,,,,,,,"[126554, 93977]",0
126554,1,93976,Osmanthus americanus,"",eukaryota,false,,,,0.06041637368186547,2,,,100.0,93.0,10^-50.928,,,,,,,,,,,,,,,,,,0
93977,1,93976,Osmanthus fragrans,"",eukaryota,false,,,,0.06041637368186547,2,,,100.0,93.0,10^-50.9264,,,,,,,,,,,,,,,,,,0
93827,2,93827,Gymnopus,"",eukaryota,false,,,,0.15104093420466366,5,,,99.208,97.8,10^-53.1007,,,,,,0.06041637368186547,2,,,78.1,32.0,10^-7.03292,,,,,"[2706011, 1689720, 1447940, 658481, 206312]",0
2706011,1,93827,Gymnopus alliifoetidissimus,"",eukaryota,false,,,,0.030208186840932735,1,,,97.03,101.0,10^-52.2629,,,,,,,,,,,,,,,,,,0
1689720,1,93827,Gymnopus similis,"",eukaryota,false,,,,0.030208186840932735,1,,,100.0,101.0,10^-56.3801,,,,,,,,,,,,,,,,,,0
1447940,1,93827,Gymnopus androsaceus,"",eukaryota,false,,,,,,,,,,,,,,,,0.06041637368186547,2,,,78.1,32.0,10^-7.03292,,,,,,0
658481,1,93827,Gymnopus sp. 7090112,"",eukaryota,false,,,,0.030208186840932735,1,,,99.01,101.0,10^-55.0077,,,,,,,,,,,,,,,,,,0
206312,1,93827,Gymnopus alnicola,"",eukaryota,false,,,,0.06041637368186547,2,,,100.0,93.0,10^-50.9264,,,,,,,,,,,,,,,,,,0
93758,2,93758,Corchorus,"",eukaryota,false,,,,,,,,,,,,,,,,0.06041637368186547,2,,,100.0,33.0,10^-12.6909,,,,,[93759],0
93759,1,93758,Corchorus olitorius,"",eukaryota,false,,,,,,,,,,,,,,,,0.06041637368186547,2,,,100.0,33.0,10^-12.6909,,,,,,0
93681,2,93681,Roseateles,"",bacteria,false,,,,0.15104093420466366,5,,,99.802,100.4,10^-55.6965,,,,,,,,,,,,,,,,,"[2714952, 1768242]",0
2714952,1,93681,Roseateles sp. DAIF2,"",bacteria,false,,,,0.0906245605227982,3,,,99.67,100.333,10^-55.468,,,,,,,,,,,,,,,,,,0
1768242,1,93681,Paucibacter sp. KCTC 42545,"",bacteria,false,,,,0.06041637368186547,2,,,100.0,100.5,10^-56.0391,,,,,,,,,,,,,,,,,,0
93217,2,93217,Pandoraea,"",bacteria,false,,,,0.06041637368186547,2,,,99.505,101.0,10^-55.6939,,,,,,,,,,,,,,,,,[93220],0
93220,1,93217,Pandoraea pnomenusa,"",bacteria,false,,,,0.06041637368186547,2,,,99.505,101.0,10^-55.6939,,,,,,,,,,,,,,,,,,0
93127,2,93127,Rhynchophorus,"",eukaryota,false,,,,,,,,,,,,,,,,53.951821697905864,1786,,,86.6555,120.413,10^-54.9218,,,,,[354439],0
354439,1,93127,Rhynchophorus ferrugineus,red palm weevil,eukaryota,false,,,,,,,,,,,,,,,,53.951821697905864,1786,,,86.6555,120.413,10^-54.9218,,,,,,0
92691,2,92691,Rhyzopertha,"",eukaryota,false,,,,0.030208186840932735,1,,,90.217,92.0,10^-37.8936,,,,,,,,,,,,,,,,,[92692],0
92692,1,92691,Rhyzopertha dominica,lesser grain borer,eukaryota,false,,,,0.030208186840932735,1,,,90.217,92.0,10^-37.8936,,,,,,,,,,,,,,,,,,0
92597,2,92597,Melanostoma,"",eukaryota,false,,,,0.0906245605227982,3,,,84.849,77.0,10^-24.0185,,,,,,,,,,,,,,,,,"[653684, 92598]",0
653684,1,92597,Melanostoma mellinum,"",eukaryota,false,,,,0.06041637368186547,2,,,84.5105,77.5,10^-23.9014,,,,,,,,,,,,,,,,,,0
92598,1,92597,Melanostoma scalare,"",eukaryota,false,,,,0.030208186840932735,1,,,85.526,76.0,10^-24.2529,,,,,,,,,,,,,,,,,,0
92443,2,92443,Venturia,"",eukaryota,false,,,,0.12083274736373094,4,,,93.7312,54.5,10^-19.9381,,,,,,2.4166549472746186,80,,,50.1584,150.762,10^-39.5452,,,,,[32260],0
32260,1,92443,Venturia canescens,"",eukaryota,false,,,,0.12083274736373094,4,,,93.7312,54.5,10^-19.9381,,,,,,2.4166549472746186,80,,,50.1584,150.762,10^-39.5452,,,,,,0
92417,2,92417,Chrysis,"",eukaryota,false,,,,,,,,,,,,,,,,0.030208186840932735,1,,,100.0,33.0,10^-11.5884,,,,,[913296],0
913296,1,92417,Chrysis leptomandibularis,"",eukaryota,false,,,,,,,,,,,,,,,,0.030208186840932735,1,,,100.0,33.0,10^-11.5884,,,,,,0
91942,2,91942,Hortaea,"",eukaryota,false,,,,,,,,,,,,,,,,0.1812491210455964,6,,,85.425,26.0,10^-6.71983,,,,,[91943],0
91943,1,91942,Hortaea werneckii,"",eukaryota,false,,,,,,,,,,,,,,,,0.1812491210455964,6,,,85.425,26.0,10^-6.71983,,,,,,0
91914,2,91914,Asaia,"",bacteria,false,,,,251.24148995603755,8317,,,97.7086,865.028,10^-291.067,,,,,,7.582254897074116,251,,,96.8218,87.7637,10^-52.081,,,,,"[3035475, 2067395, 657016, 415421, 406101, 220990, 110479, 91915]",0
3035475,1,91914,Asaia sp. HumB,"",bacteria,false,,,,,,,,,,,,,,,,0.06041637368186547,2,,,100.0,33.0,10^-10.9921,,,,,,0
2067395,1,91914,Asaia sp. W19,"",bacteria,false,,,,,,,,,,,,,,,,0.06041637368186547,2,,,100.0,28.0,10^-7.22991,,,,,,0
657016,1,91914,Asaia spathodeae,"",bacteria,false,,,,,,,,,,,,,,,,0.030208186840932735,1,,,100.0,29.0,10^-6.41454,,,,,,0
415421,1,91914,Asaia lannensis,"",bacteria,false,,,,,,,,,,,,,,,,0.12083274736373094,4,,,94.675,31.75,10^-13.5391,,,,,,0
406101,1,91914,Asaia sp. SF2.1,"",bacteria,false,,,,,,,,,,,,,,,,0.12083274736373094,4,,,93.8,32.25,10^-8.52795,,,,,,0
220990,1,91914,Asaia krungthepensis,"",bacteria,false,,,,0.06041637368186547,2,,,91.199,91.0,10^-38.5848,,,,,,0.0906245605227982,3,,,100.0,33.0,10^-10.9635,,,,,,0
110479,1,91914,Asaia siamensis,"",bacteria,false,,,,0.06041637368186547,2,,,90.323,93.0,10^-38.5751,,,,,,,,,,,,,,,,,,0
91915,1,91914,Asaia bogorensis,"",bacteria,false,,,,251.1206572086738,8313,,,97.7139,865.616,10^-291.259,,,,,,7.098923907619192,235,,,96.8003,91.8281,10^-55.1094,,,,,,0
91737,2,91737,Aricia,"",eukaryota,false,,,,0.33229005525026006,11,,,90.7339,45.2,10^-12.6911,,,,,,0.15104093420466366,5,,,84.82,32.8,10^-8.79861,,,,,"[91739, 91738]",0
91739,1,91737,Aricia agestis,brown argus,eukaryota,false,,,,0.21145730788652914,7,,,87.8035,48.6667,10^-13.0312,,,,,,0.15104093420466366,5,,,84.82,32.8,10^-8.79861,,,,,,0
91738,1,91737,Aricia artaxerxes,northern brown argus,eukaryota,false,,,,0.12083274736373094,4,,,95.1295,40.0,10^-12.181,,,,,,,,,,,,,,,,,,0
91493,2,91493,Exserohilum,"",eukaryota,false,,,,0.15104093420466366,5,,,99.802,89.0,10^-47.9313,,,,,,,,,,,,,,,,,"[1659837, 93612]",0
1659837,1,91493,Exserohilum rostratum,"",eukaryota,false,,,,0.06041637368186547,2,,,100.0,99.0,10^-55.0165,,,,,,,,,,,,,,,,,,0
93612,1,91493,Exserohilum turcicum,"",eukaryota,false,,,,0.0906245605227982,3,,,99.67,82.3333,10^-43.2078,,,,,,,,,,,,,,,,,,0
91476,2,91476,Chiodecton,"",eukaryota,false,,,,0.030208186840932735,1,,,93.75,48.0,10^-16.2182,,,,,,,,,,,,,,,,,[1546049],0
1546049,1,91476,Chiodecton colensoi,"",eukaryota,false,,,,0.030208186840932735,1,,,93.75,48.0,10^-16.2182,,,,,,,,,,,,,,,,,,0
91390,2,91390,Mischocyttarus,"",eukaryota,false,,,,,,,,,,,,,,,,0.15104093420466366,5,,,90.76,29.4,10^-8.72959,,,,,[91405],0
91405,1,91390,Mischocyttarus mexicanus,"",eukaryota,false,,,,,,,,,,,,,,,,0.15104093420466366,5,,,90.76,29.4,10^-8.72959,,,,,,0
91192,2,91192,Tetradesmus,"",eukaryota,false,,,,0.030208186840932735,1,,,85.0,40.0,10^-6.6908,,,,,,,,,,,,,,,,,[3088],0
3088,1,91192,Tetradesmus obliquus,"",eukaryota,false,,,,0.030208186840932735,1,,,85.0,40.0,10^-6.6908,,,,,,,,,,,,,,,,,,0
90723,2,90723,Aphelenchoides,"",eukaryota,false,,,,,,,,,,,,,,,,0.06041637368186547,2,,,100.0,20.0,10^-3.04818,,,,,[269767],0
269767,1,90723,Aphelenchoides besseyi,"",eukaryota,false,,,,,,,,,,,,,,,,0.06041637368186547,2,,,100.0,20.0,10^-3.04818,,,,,,0
90707,2,90707,Xerophyta,"",eukaryota,false,,,,0.030208186840932735,1,,,89.744,39.0,10^-8.76035,,,,,,,,,,,,,,,,,[1289401],0
1289401,1,90707,Xerophyta elegans,"",eukaryota,false,,,,0.030208186840932735,1,,,89.744,39.0,10^-8.76035,,,,,,,,,,,,,,,,,,0
90402,2,90402,Geoglossum,"",eukaryota,false,,,,,,,,,,,,,,,,0.3624982420911928,12,,,36.667,90.0,10^-11.7852,,,,,[1086352],0
1086352,1,90402,Geoglossum simile,"",eukaryota,false,,,,,,,,,,,,,,,,0.3624982420911928,12,,,36.667,90.0,10^-11.7852,,,,,,0
90311,2,90311,Cerrena,"",eukaryota,false,,,,0.06041637368186547,2,,,98.02,101.0,10^-53.6353,,,,,,,,,,,,,,,,,[90312],0
90312,1,90311,Cerrena unicolor,"",eukaryota,false,,,,0.06041637368186547,2,,,98.02,101.0,10^-53.6353,,,,,,,,,,,,,,,,,,0
90254,2,90254,Cokeromyces,"",eukaryota,false,,,,0.06041637368186547,2,,,90.0,50.0,10^-14.8281,,,,,,,,,,,,,,,,,[90255],0
90255,1,90254,Cokeromyces recurvatus,"",eukaryota,false,,,,0.06041637368186547,2,,,90.0,50.0,10^-14.8281,,,,,,,,,,,,,,,,,,0
89966,2,89966,Hymenobacter,"",bacteria,false,,,,0.1812491210455964,6,,,100.0,89.8333,10^-48.7757,,,,,,,,,,,,,,,,,"[2933777, 2932252, 2675878, 2675877, 1484116]",0
2933777,1,89966,Hymenobacter sublimis,"",bacteria,false,,,,0.030208186840932735,1,,,100.0,101.0,10^-56.3801,,,,,,,,,,,,,,,,,,0
2932252,1,89966,Hymenobacter sp. 5414T-23,"",bacteria,false,,,,0.030208186840932735,1,,,100.0,100.0,10^-55.6982,,,,,,,,,,,,,,,,,,0
2675878,1,89966,Hymenobacter sp. BRD128,"",bacteria,false,,,,0.06041637368186547,2,,,100.0,101.0,10^-56.3801,,,,,,,,,,,,,,,,,,0
2675877,1,89966,Hymenobacter sp. BRD67,"",bacteria,false,,,,0.030208186840932735,1,,,100.0,68.0,10^-33.9078,,,,,,,,,,,,,,,,,,0
1484116,1,89966,Hymenobacter psoromatis,"",bacteria,false,,,,0.030208186840932735,1,,,100.0,68.0,10^-33.9078,,,,,,,,,,,,,,,,,,0
89867,2,89867,Entomocorticium,"",eukaryota,false,,,,0.06041637368186547,2,,,99.4565,96.5,10^-52.6263,,,,,,,,,,,,,,,,,"[3075093, 89872]",0
3075093,1,89867,Entomocorticium macrovesiculatum,"",eukaryota,false,,,,0.030208186840932735,1,,,98.913,92.0,10^-48.8726,,,,,,,,,,,,,,,,,,0
89872,1,89867,Entomocorticium sp. E,"",eukaryota,false,,,,0.030208186840932735,1,,,100.0,101.0,10^-56.3801,,,,,,,,,,,,,,,,,,0
89802,2,89802,Hyphoderma,"",eukaryota,false,,,,0.0906245605227982,3,,,95.3967,82.6667,10^-38.8595,,,,,,,,,,,,,,,,,"[2801171, 1386891]",0
2801171,1,89802,Hyphoderma tenuissimum,"",eukaryota,false,,,,0.06041637368186547,2,,,94.595,74.0,10^-32.4987,,,,,,,,,,,,,,,,,,0
1386891,1,89802,Hyphoderma aff. macaronesicum LZ-2013b,"",eukaryota,false,,,,0.030208186840932735,1,,,97.0,100.0,10^-51.5811,,,,,,,,,,,,,,,,,,0
89583,2,89583,Gluconacetobacter,"",bacteria,false,,,,0.030208186840932735,1,,,88.0,100.0,10^-39.2297,,,,,,,,,,,,,,,,,[33996],0
33996,1,89583,Gluconacetobacter diazotrophicus,"",bacteria,false,,,,0.030208186840932735,1,,,88.0,100.0,10^-39.2297,,,,,,,,,,,,,,,,,,0
88741,2,88741,Xanthoria,"",eukaryota,false,,,,,,,,,,,,,,,,0.030208186840932735,1,,,92.6,27.0,10^-8.10292,,,,,[2903220],0
2903220,1,88741,Xanthoria sp. 1 TBL-2021,"",eukaryota,false,,,,,,,,,,,,,,,,0.030208186840932735,1,,,92.6,27.0,10^-8.10292,,,,,,0
88591,2,88591,Sphecodes,"",eukaryota,false,,,,0.24166549472746188,8,,,91.5303,54.75,10^-18.2477,,,,,,,,,,,,,,,,,[1190790],0
1190790,1,88591,Sphecodes monilicornis,"",eukaryota,false,,,,0.24166549472746188,8,,,91.5303,54.75,10^-18.2477,,,,,,,,,,,,,,,,,,0
88555,2,88555,Trialeurodes,"",eukaryota,false,,,,,,,,,,,,,,,,0.030208186840932735,1,,,100.0,32.0,10^-10.2449,,,,,[88556],0
88556,1,88555,Trialeurodes vaporariorum,greenhouse whitefly,eukaryota,false,,,,,,,,,,,,,,,,0.030208186840932735,1,,,100.0,32.0,10^-10.2449,,,,,,0
88467,2,88467,Lasioglossum,"",eukaryota,false,,,,1.9937403315015605,66,,,89.298,90.9394,10^-23.2404,,,,,,,,,,,,,,,,,"[88531, 88516, 88514]",0
88531,1,88467,Lasioglossum lativentre,"",eukaryota,false,,,,0.12083274736373094,4,,,93.3473,82.75,10^-36.0566,,,,,,,,,,,,,,,,,,0
88516,1,88467,Lasioglossum pauxillum,"",eukaryota,false,,,,1.601033902569435,53,,,88.6654,95.4151,10^-22.0363,,,,,,,,,,,,,,,,,,0
88514,1,88467,Lasioglossum morio,"",eukaryota,false,,,,0.2718736815683946,9,,,91.2239,68.2222,10^-24.6347,,,,,,,,,,,,,,,,,,0
88466,2,88466,Seladonia,"",eukaryota,false,,,,0.21145730788652914,7,,,86.8011,57.2857,10^-15.661,,,,,,,,,,,,,,,,,[115100],0
115100,1,88466,Seladonia tumulorum,"",eukaryota,false,,,,0.21145730788652914,7,,,86.8011,57.2857,10^-15.661,,,,,,,,,,,,,,,,,,0
88014,2,88014,Eurytemora,"",eukaryota,false,,,,0.3624982420911928,12,,,92.9496,50.3333,10^-16.7804,,,,,,0.2718736815683946,9,,,77.0556,29.1111,10^-6.18601,,,,,[1294199],0
1294199,1,88014,Eurytemora carolleeae,"",eukaryota,false,,,,0.3624982420911928,12,,,92.9496,50.3333,10^-16.7804,,,,,,0.2718736815683946,9,,,77.0556,29.1111,10^-6.18601,,,,,,0
86539,2,86539,Xenia,"",eukaryota,false,,,,,,,,,,,,,,,,0.0906245605227982,3,,,73.9667,32.0,10^-7.35608,,,,,[2897299],0
2897299,1,86539,Xenia sp. Carnegie-2017,"",eukaryota,false,,,,,,,,,,,,,,,,0.0906245605227982,3,,,73.9667,32.0,10^-7.35608,,,,,,0
86085,2,86085,Gymnopilus,"",eukaryota,false,,,,0.06041637368186547,2,,,96.923,65.0,10^-29.1241,,,,,,,,,,,,,,,,,[109634],0
109634,1,86085,Gymnopilus junonius,"",eukaryota,false,,,,0.06041637368186547,2,,,96.923,65.0,10^-29.1241,,,,,,,,,,,,,,,,,,0
86026,2,86026,Mollisia,"",eukaryota,false,,,,,,,,,,,,,,,,0.06041637368186547,2,,,85.35,29.5,10^-9.2813,,,,,[149040],0
149040,1,86026,Mollisia scopiformis,"",eukaryota,false,,,,,,,,,,,,,,,,0.06041637368186547,2,,,85.35,29.5,10^-9.2813,,,,,,0
86017,2,86017,Salpingoeca,"",eukaryota,false,,,,0.030208186840932735,1,,,94.595,37.0,10^-10.1556,,,,,,,,,,,,,,,,,[946362],0
946362,1,86017,Salpingoeca rosetta,"",eukaryota,false,,,,0.030208186840932735,1,,,94.595,37.0,10^-10.1556,,,,,,,,,,,,,,,,,,0
85947,2,85947,Didymosphaeria,"",eukaryota,false,,,,0.3020818684093273,10,,,92.593,54.0,10^-10.1278,,,,,,0.15104093420466366,5,,,93.14,31.4,10^-10.4335,,,,,"[1932322, 85948]",0
1932322,1,85947,Didymosphaeria variabile,"",eukaryota,false,,,,0.3020818684093273,10,,,92.593,54.0,10^-10.1278,,,,,,,,,,,,,,,,,,0
85948,1,85947,Didymosphaeria enalia,"",eukaryota,false,,,,,,,,,,,,,,,,0.15104093420466366,5,,,93.14,31.4,10^-10.4335,,,,,,0
85309,2,85309,Nezara,"",eukaryota,false,,,,,,,,,,,,,,,,0.15104093420466366,5,,,92.98,28.8,10^-8.07221,,,,,[85310],0
85310,1,85309,Nezara viridula,southern green stink bug,eukaryota,false,,,,,,,,,,,,,,,,0.15104093420466366,5,,,92.98,28.8,10^-8.07221,,,,,,0
84567,2,84567,Pedobacter,"",bacteria,false,,,,0.1812491210455964,6,,,95.4462,92.8333,10^-45.7855,,,,,,0.15104093420466366,5,,,82.36,30.2,10^-7.77444,,,,,"[2856523, 2766984, 2714940, 2605747, 475253, 332999]",0
2856523,1,84567,Pedobacter sp. D749,"",bacteria,false,,,,0.06041637368186547,2,,,98.51,100.5,10^-53.9806,,,,,,0.030208186840932735,1,,,100.0,33.0,10^-12.9508,,,,,,0
2766984,1,84567,Pedobacter riviphilus,"",bacteria,false,,,,0.06041637368186547,2,,,87.8285,78.0,10^-27.6777,,,,,,,,,,,,,,,,,,0
2714940,1,84567,Pedobacter sp. HDW13,"",bacteria,false,,,,0.030208186840932735,1,,,100.0,99.0,10^-55.0164,,,,,,,,,,,,,,,,,,0
2605747,1,84567,Pedobacter aquae,"",bacteria,false,,,,,,,,,,,,,,,,0.0906245605227982,3,,,70.6,28.3333,10^-4.41795,,,,,,0
475253,1,84567,Pedobacter alluvionis,"",bacteria,false,,,,,,,,,,,,,,,,0.030208186840932735,1,,,100.0,33.0,10^-12.6676,,,,,,0
332999,1,84567,Pedobacter suwonensis,"",bacteria,false,,,,0.030208186840932735,1,,,100.0,101.0,10^-56.3801,,,,,,,,,,,,,,,,,,0
84565,2,84565,Sodalis,tsetse S-endosymbionts,bacteria,false,,,,0.33229005525026006,11,,,95.9057,80.75,10^-37.4402,,,,,,0.06041637368186547,2,,,98.5,33.0,10^-12.2237,,,,,"[2420513, 1486991, 687868, 63612]",0
2420513,1,84565,Sodalis-like symbiont of Bactericera trigonica,"",bacteria,false,,,,,,,,,,,,,,,,0.030208186840932735,1,,,100.0,33.0,10^-12.6904,,,,,,0
1486991,1,84565,Candidatus Sodalis pierantonius,"",bacteria,false,,,,,,,,,,,,,,,,0.030208186840932735,1,,,97.0,33.0,10^-11.757,,,,,,0
687868,1,84565,uncultured Sodalis sp.,"",bacteria,false,,,,0.030208186840932735,1,,,89.796,98.0,10^-40.6109,,,,,,,,,,,,,,,,,,0
63612,1,84565,Sodalis glossinidius,"",bacteria,false,,,,0.3020818684093273,10,,,97.9423,75.0,10^-36.3833,,,,,,,,,,,,,,,,,,0
84544,2,84544,Polyrhachis,"",eukaryota,false,,,,,,,,,,,,,,,,0.24166549472746188,8,,,98.475,29.5,10^-11.9772,,,,,"[616159, 371748]",0
616159,1,84544,Polyrhachis dohrni,"",eukaryota,false,,,,,,,,,,,,,,,,0.030208186840932735,1,,,93.9,33.0,10^-15.2612,,,,,,0
371748,1,84544,Polyrhachis senilis,savanna spiny ant,eukaryota,false,,,,,,,,,,,,,,,,0.21145730788652914,7,,,99.1286,29.0,10^-11.508,,,,,,0
84507,2,84507,Ceratosolen,"",eukaryota,false,,,,0.15104093420466366,5,,,94.2212,52.0,10^-18.9285,,,,,,0.06041637368186547,2,,,89.1,32.0,10^-9.36402,,,,,[142686],0
142686,1,84507,Ceratosolen solmsi,"",eukaryota,false,,,,0.15104093420466366,5,,,94.2212,52.0,10^-18.9285,,,,,,0.06041637368186547,2,,,89.1,32.0,10^-9.36402,,,,,,0
83677,2,83677,Thermobifida,"",bacteria,false,,,,0.030208186840932735,1,,,70.909,55.0,10^-3.12157,,,,,,,,,,,,,,,,,[483545],0
483545,1,83677,Thermobifida halotolerans,"",bacteria,false,,,,0.030208186840932735,1,,,70.909,55.0,10^-3.12157,,,,,,,,,,,,,,,,,,0
83654,2,83654,Leclercia,"",bacteria,false,,,,36.521697890687676,1209,,,99.4928,97.25,10^-53.0978,,,,,,0.1812491210455964,6,,,97.4167,31.5,10^-11.2882,,,,,"[2898725, 2815358, 2681308, 2282309, 83655]",0
2898725,1,83654,Leclercia sp. G3L,"",bacteria,false,,,,0.12083274736373094,4,,,99.67,101.0,10^-55.9226,,,,,,,,,,,,,,,,,,0
2815358,1,83654,Leclercia pneumoniae,"",bacteria,false,,,,0.030208186840932735,1,,,100.0,101.0,10^-56.3801,,,,,,,,,,,,,,,,,,0
2681308,1,83654,Leclercia sp. 119287,"",bacteria,false,,,,0.030208186840932735,1,,,100.0,101.0,10^-56.3801,,,,,,,,,,,,,,,,,,0
2282309,1,83654,Leclercia sp. W17,"",bacteria,false,,,,0.7249964841823856,24,,,99.34,101.0,10^-55.4651,,,,,,,,,,,,,,,,,,0
83655,1,83654,Leclercia adecarboxylata,"",bacteria,false,,,,35.615452285459696,1179,,,99.4886,97.1346,10^-53.0127,,,,,,0.1812491210455964,6,,,97.4167,31.5,10^-11.2882,,,,,,0
83618,2,83618,Pseudoxanthomonas,"",bacteria,false,,,,0.030208186840932735,1,,,93.103,58.0,10^-21.6255,,,,,,0.030208186840932735,1,,,75.8,33.0,10^-4.88273,,,,,"[2969308, 1603341]",0
2969308,1,83618,Pseudoxanthomonas sp. JBR18,"",bacteria,false,,,,,,,,,,,,,,,,0.030208186840932735,1,,,75.8,33.0,10^-4.88273,,,,,,0
1603341,1,83618,Pseudoxanthomonas sp. N1a,"",bacteria,false,,,,0.030208186840932735,1,,,93.103,58.0,10^-21.6255,,,,,,,,,,,,,,,,,,0
83614,2,83614,Luteimonas,"",bacteria,false,,,,0.12083274736373094,4,,,95.3285,98.0,10^-48.159,,,,,,,,,,,,,,,,,"[2761107, 2006110, 453837]",0
2761107,1,83614,Luteimonas sp. MC1825,"",bacteria,false,,,,0.030208186840932735,1,,,97.98,99.0,10^-52.2716,,,,,,,,,,,,,,,,,,0
2006110,1,83614,Luteimonas chenhongjianii,"",bacteria,false,,,,0.06041637368186547,2,,,91.667,96.0,10^-41.9922,,,,,,,,,,,,,,,,,,0
453837,1,83614,Luteimonas aestuarii,"",bacteria,false,,,,0.030208186840932735,1,,,100.0,101.0,10^-56.3801,,,,,,,,,,,,,,,,,,0
83484,2,83484,Linepithema,"",eukaryota,false,,,,0.21145730788652914,7,,,85.8077,79.1429,10^-26.0258,,,,,,0.12083274736373094,4,,,92.225,32.75,10^-10.2834,,,,,[83485],0
83485,1,83484,Linepithema humile,Argentine ant,eukaryota,false,,,,0.21145730788652914,7,,,85.8077,79.1429,10^-26.0258,,,,,,0.12083274736373094,4,,,92.225,32.75,10^-10.2834,,,,,,0
83461,2,83461,Corallococcus,"",bacteria,false,,,,,,,,,,,,,,,,0.030208186840932735,1,,,61.8,34.0,10^-4.40782,,,,,[2874599],0
2874599,1,83461,Corallococcus sp. AS-1-6,"",bacteria,false,,,,,,,,,,,,,,,,0.030208186840932735,1,,,61.8,34.0,10^-4.40782,,,,,,0
83235,2,83235,Postia,"",eukaryota,false,,,,0.06041637368186547,2,,,95.8725,73.5,10^-33.5611,,,,,,0.453122802613991,15,,,86.9,29.0,10^-7.6031,,,,,[104341],0
104341,1,83235,Postia placenta,"",eukaryota,false,,,,0.06041637368186547,2,,,95.8725,73.5,10^-33.5611,,,,,,0.453122802613991,15,,,86.9,29.0,10^-7.6031,,,,,,0
83174,2,83174,Valsa,"",eukaryota,false,,,,,,,,,,,,,,,,0.06041637368186547,2,,,100.0,33.0,10^-13.6616,,,,,[105487],0
105487,1,83174,Valsa mali,"",eukaryota,false,,,,,,,,,,,,,,,,0.06041637368186547,2,,,100.0,33.0,10^-13.6616,,,,,,0
82986,2,82986,Tatumella,"",bacteria,false,,,,5479.583843824153,181394,,,96.9551,1156.72,10^-303.165,,,,,,0.39270642893212554,13,,,87.1385,29.8462,10^-7.76101,,,,,"[2487345, 642227, 480813, 82987, 53336]",0
2487345,1,82986,Tatumella sp. TA1,"",bacteria,false,,,,41.385215972077845,1370,,,97.6277,200.995,10^-91.9235,,,,,,0.030208186840932735,1,,,97.0,33.0,10^-8.48149,,,,,,0
642227,1,82986,Tatumella morbirosei,"",bacteria,false,,,,,,,,,,,,,,,,0.12083274736373094,4,,,85.2,27.0,10^-6.30854,,,,,,0
480813,1,82986,Tatumella saanichensis,"",bacteria,false,,,,,,,,,,,,,,,,0.0906245605227982,3,,,89.9,33.0,10^-8.99152,,,,,,0
82987,1,82986,Tatumella ptyseos,"",bacteria,false,,,,0.15104093420466366,5,,,96.1145,86.0,10^-41.722,,,,,,0.12083274736373094,4,,,88.9,28.75,10^-8.84831,,,,,,0
53336,1,82986,Tatumella citrea,"",bacteria,false,,,,5438.04758691787,180019,,,96.941,1176.88,10^-307.623,,,,,,0.030208186840932735,1,,,69.7,33.0,10^-4.80967,,,,,,0
82984,2,82984,Pragia,"",bacteria,false,,,,,,,,,,,,,,,,0.7249964841823856,24,,,87.8762,30.3333,10^-7.76819,,,,,[82985],0
82985,1,82984,Pragia fontium,"",bacteria,false,,,,,,,,,,,,,,,,0.7249964841823856,24,,,87.8762,30.3333,10^-7.76819,,,,,,0
82982,2,82982,Obesumbacterium,"",bacteria,false,,,,0.030208186840932735,1,,,100.0,66.0,10^-32.5484,,,,,,,,,,,,,,,,,[82983],0
82983,1,82982,Obesumbacterium proteus,"",bacteria,false,,,,0.030208186840932735,1,,,100.0,66.0,10^-32.5484,,,,,,,,,,,,,,,,,,0
82980,2,82980,Leminorella,"",bacteria,false,,,,,,,,,,,,,,,,0.0906245605227982,3,,,100.0,32.3333,10^-11.8176,,,,,"[158841, 82981]",0
158841,1,82980,Leminorella richardii,"",bacteria,false,,,,,,,,,,,,,,,,0.030208186840932735,1,,,100.0,32.0,10^-11.0491,,,,,,0
82981,1,82980,Leminorella grimontii,"",bacteria,false,,,,,,,,,,,,,,,,0.06041637368186547,2,,,100.0,32.5,10^-12.2018,,,,,,0
82976,2,82976,Buttiauxella,"",bacteria,false,,,,0.06041637368186547,2,,,98.02,101.0,10^-53.6353,,,,,,0.21145730788652914,7,,,94.6429,59.2857,10^-34.8452,,,,,"[2587812, 2479367, 82977]",0
2587812,1,82976,Buttiauxella sp. B2,"",bacteria,false,,,,,,,,,,,,,,,,0.030208186840932735,1,,,100.0,31.0,10^-10.1169,,,,,,0
2479367,1,82976,Buttiauxella sp. 3AFRM03,"",bacteria,false,,,,0.030208186840932735,1,,,96.04,101.0,10^-50.8906,,,,,,,,,,,,,,,,,,0
82977,1,82976,Buttiauxella agrestis,"",bacteria,false,,,,0.030208186840932735,1,,,100.0,101.0,10^-56.3801,,,,,,0.1812491210455964,6,,,93.75,64.0,10^-38.9666,,,,,,0
82802,2,82802,Trichococcus,"",bacteria,false,,,,,,,,,,,,,,,,0.030208186840932735,1,,,100.0,31.0,10^-14.2725,,,,,[140314],0
140314,1,82802,Trichococcus palustris,"",bacteria,false,,,,,,,,,,,,,,,,0.030208186840932735,1,,,100.0,31.0,10^-14.2725,,,,,,0
82622,2,82622,Hemaris,hummingbird moths,eukaryota,false,,,,3.3833169261844662,112,,,83.6765,88.7054,10^-12.1593,,,,,,,,,,,,,,,,,[987953],0
987953,1,82622,Hemaris fuciformis,"",eukaryota,false,,,,3.3833169261844662,112,,,83.6765,88.7054,10^-12.1593,,,,,,,,,,,,,,,,,,0
82618,2,82618,Lapara,"",eukaryota,false,,,,1.2687438473191748,42,,,97.872,47.0,10^-10.9706,,,,,,,,,,,,,,,,,[82619],0
82619,1,82618,Lapara coniferarum,southern pine sphinx,eukaryota,false,,,,1.2687438473191748,42,,,97.872,47.0,10^-10.9706,,,,,,,,,,,,,,,,,,0
82599,2,82599,Cydia,"",eukaryota,false,,,,0.453122802613991,15,,,90.6375,44.6923,10^-11.875,,,,,,,,,,,,,,,,,"[1869771, 1100964, 1100963]",0
1869771,1,82599,Cydia amplana,"",eukaryota,false,,,,0.21145730788652914,7,,,88.0,45.0,10^-10.894,,,,,,,,,,,,,,,,,,0
1100964,1,82599,Cydia strobilella,"",eukaryota,false,,,,0.21145730788652914,7,,,91.9164,45.2857,10^-12.6286,,,,,,,,,,,,,,,,,,0
1100963,1,82599,Cydia splendana,"",eukaryota,false,,,,0.030208186840932735,1,,,94.872,39.0,10^-11.5051,,,,,,,,,,,,,,,,,,0
82597,2,82597,Campaea,"",eukaryota,false,,,,0.24166549472746188,8,,,86.7421,56.0,10^-14.9683,,,,,,,,,,,,,,,,,[934813],0
934813,1,82597,Campaea margaritaria,"",eukaryota,false,,,,0.24166549472746188,8,,,86.7421,56.0,10^-14.9683,,,,,,,,,,,,,,,,,,0
82594,2,82594,Biston,"",eukaryota,false,,,,0.24166549472746188,8,,,91.3699,59.375,10^-19.513,,,,,,,,,,,,,,,,,"[722658, 82595]",0
722658,1,82594,Biston stratarius,"",eukaryota,false,,,,0.0906245605227982,3,,,90.7937,75.3333,10^-28.8497,,,,,,,,,,,,,,,,,,0
82595,1,82594,Biston betularia,pepper-and-salt moth,eukaryota,false,,,,0.15104093420466366,5,,,91.7156,49.8,10^-13.911,,,,,,,,,,,,,,,,,,0
82309,2,82309,Phlebiopsis,"",eukaryota,false,,,,0.2718736815683946,9,,,95.6738,99.7778,10^-49.5998,,,,,,0.06041637368186547,2,,,96.6,29.0,10^-11.0119,,,,,"[1647769, 82310]",0
1647769,1,82309,Phlebiopsis crassa,"",eukaryota,false,,,,0.12083274736373094,4,,,93.7722,100.25,10^-47.2913,,,,,,,,,,,,,,,,,,0
82310,1,82309,Phlebiopsis gigantea,"",eukaryota,false,,,,0.15104093420466366,5,,,97.195,99.4,10^-51.4465,,,,,,0.06041637368186547,2,,,96.6,29.0,10^-11.0119,,,,,,0
82105,2,82105,Cladophialophora,"",eukaryota,false,,,,0.06041637368186547,2,,,96.535,101.0,10^-51.5768,,,,,,,,,,,,,,,,,"[219601, 89940]",1
219601,1,82105,Cladophialophora emmonsii,"",eukaryota,false,,,,0.030208186840932735,1,,,96.04,101.0,10^-50.8906,,,,,,,,,,,,,,,,,,0
89940,1,82105,Cladophialophora bantiana,"",eukaryota,false,,,,0.030208186840932735,1,,,97.03,101.0,10^-52.2629,,,,,,,,,,,,,,,,,,1
81525,2,81525,Monosiga,"",eukaryota,false,,,,,,,,,,,,,,,,0.030208186840932735,1,,,59.4,32.0,10^-7.25964,,,,,[81824],0
81824,1,81525,Monosiga brevicollis,"",eukaryota,false,,,,,,,,,,,,,,,,0.030208186840932735,1,,,59.4,32.0,10^-7.25964,,,,,,0
81055,2,81055,Wolfiporia,"",eukaryota,false,,,,0.030208186840932735,1,,,85.714,112.0,10^-41.9253,,,,,,,,,,,,,,,,,[81056],0
81056,1,81055,Wolfiporia cocos,"",eukaryota,false,,,,0.030208186840932735,1,,,85.714,112.0,10^-41.9253,,,,,,,,,,,,,,,,,,0
81053,2,81053,Rigidoporus,"",eukaryota,false,,,,0.030208186840932735,1,,,100.0,80.0,10^-42.0714,,,,,,,,,,,,,,,,,[219653],0
219653,1,81053,Rigidoporus microporus,"",eukaryota,false,,,,0.030208186840932735,1,,,100.0,80.0,10^-42.0714,,,,,,,,,,,,,,,,,,0
81049,2,81049,Perenniporia,"",eukaryota,false,,,,0.030208186840932735,1,,,86.139,101.0,10^-37.1669,,,,,,,,,,,,,,,,,[1350006],0
1350006,1,81049,Perenniporia fraxinea,"",eukaryota,false,,,,0.030208186840932735,1,,,86.139,101.0,10^-37.1669,,,,,,,,,,,,,,,,,,0
80865,2,80865,Delftia,"",bacteria,false,,,,0.48333098945492375,16,,,95.6812,326.643,10^-143.956,,,,,,,,,,,,,,,,,[558537],0
558537,1,80865,Delftia lacustris,"",bacteria,false,,,,0.48333098945492375,16,,,95.6812,326.643,10^-143.956,,,,,,,,,,,,,,,,,,0
80835,2,80835,Portunus,"",eukaryota,false,,,,0.1812491210455964,6,,,85.739,69.1667,10^-20.988,,,,,,0.1812491210455964,6,,,90.1,30.3333,10^-8.69405,,,,,[210409],0
210409,1,80835,Portunus trituberculatus,swimming crab,eukaryota,false,,,,0.1812491210455964,6,,,85.739,69.1667,10^-20.988,,,,,,0.1812491210455964,6,,,90.1,30.3333,10^-8.69405,,,,,,0
80820,2,80820,Fragum,"",eukaryota,false,,,,0.0906245605227982,3,,,88.8927,55.0,10^-14.5955,,,,,,,,,,,,,,,,,"[1699438, 80821]",0
1699438,1,80820,Fragum whitleyi,"",eukaryota,false,,,,0.030208186840932735,1,,,94.595,37.0,10^-10.1556,,,,,,,,,,,,,,,,,,0
80821,1,80820,Fragum fragum,"",eukaryota,false,,,,0.06041637368186547,2,,,86.0415,64.0,10^-16.8154,,,,,,,,,,,,,,,,,,0
80817,2,80817,Hippopus,"",eukaryota,false,,,,0.3020818684093273,10,,,89.4089,37.7,10^-7.88354,,,,,,,,,,,,,,,,,[80818],0
80818,1,80817,Hippopus hippopus,"",eukaryota,false,,,,0.3020818684093273,10,,,89.4089,37.7,10^-7.88354,,,,,,,,,,,,,,,,,,0
80764,2,80764,Aphis,"",eukaryota,false,,,,0.3020818684093273,10,,,85.027,71.5,10^-20.1786,,,,,,1.601033902569435,53,,,61.7327,44.7308,10^-8.24269,,,,,"[307492, 307491, 80765]",0
307492,1,80764,Aphis craccivora,cowpea aphid,eukaryota,false,,,,,,,,,,,,,,,,0.906245605227982,30,,,58.2099,39.9667,10^-6.87845,,,,,,0
307491,1,80764,Aphis glycines,soybean aphid,eukaryota,false,,,,,,,,,,,,,,,,0.4229146157730583,14,,,59.8143,63.0714,10^-12.2212,,,,,,0
80765,1,80764,Aphis gossypii,cotton aphid,eukaryota,false,,,,0.3020818684093273,10,,,85.027,71.5,10^-20.1786,,,,,,0.2718736815683946,9,,,78.3,30.5,10^-6.39619,,,,,,0
80744,2,80744,Serpula,"",eukaryota,false,,,,0.030208186840932735,1,,,93.75,48.0,10^-16.2182,,,,,,0.0906245605227982,3,,,90.6333,30.3333,10^-9.6013,,,,,[85982],0
85982,1,80744,Serpula lacrymans,"",eukaryota,false,,,,0.030208186840932735,1,,,93.75,48.0,10^-16.2182,,,,,,0.0906245605227982,3,,,90.6333,30.3333,10^-9.6013,,,,,,0
80645,2,80645,Gyrodon,"",eukaryota,false,,,,,,,,,,,,,,,,0.030208186840932735,1,,,72.7,33.0,10^-7.15181,,,,,[85971],0
85971,1,80645,Gyrodon lividus,"",eukaryota,false,,,,,,,,,,,,,,,,0.030208186840932735,1,,,72.7,33.0,10^-7.15181,,,,,,0
80635,2,80635,Coniophora,"",eukaryota,false,,,,0.06041637368186547,2,,,86.504,100.0,10^-37.1712,,,,,,,,,,,,,,,,,[80637],0
80637,1,80635,Coniophora puteana,"",eukaryota,false,,,,0.06041637368186547,2,,,86.504,100.0,10^-37.1712,,,,,,,,,,,,,,,,,,0
80618,2,80618,Asterophora,"",eukaryota,false,,,,0.030208186840932735,1,,,97.849,93.0,10^-48.1817,,,,,,,,,,,,,,,,,[117018],0
117018,1,80618,Asterophora parasitica,"",eukaryota,false,,,,0.030208186840932735,1,,,97.849,93.0,10^-48.1817,,,,,,,,,,,,,,,,,,0
80248,2,80248,Phaedon,"",eukaryota,false,,,,0.48333098945492375,16,,,87.9152,59.3125,10^-17.3885,,,,,,0.1812491210455964,6,,,96.95,31.0,10^-9.26661,,,,,[80249],0
80249,1,80248,Phaedon cochleariae,mustard beetle,eukaryota,false,,,,0.48333098945492375,16,,,87.9152,59.3125,10^-17.3885,,,,,,0.1812491210455964,6,,,96.95,31.0,10^-9.26661,,,,,,0
79922,2,79922,Clonorchis,"",eukaryota,false,,,,,,,,,,,,,,,,0.06041637368186547,2,,,77.25,25.0,10^-3.65956,,,,,[79923],1
79923,1,79922,Clonorchis sinensis,"",eukaryota,false,,,,,,,,,,,,,,,,0.06041637368186547,2,,,77.25,25.0,10^-3.65956,,,,,,1
79808,2,79808,Coniochaeta,"",eukaryota,false,,,,0.030208186840932735,1,,,92.157,102.0,10^-46.083,,,,,,0.030208186840932735,1,,,81.8,33.0,10^-8.42946,,,,,"[1450552, 91930]",0
1450552,1,79808,Coniochaeta sp. PMI_546,"",eukaryota,false,,,,,,,,,,,,,,,,0.030208186840932735,1,,,81.8,33.0,10^-8.42946,,,,,,0
91930,1,79808,Coniochaeta hoffmannii,"",eukaryota,false,,,,0.030208186840932735,1,,,92.157,102.0,10^-46.083,,,,,,,,,,,,,,,,,,0
79504,2,79504,Crioceris,"",eukaryota,false,,,,0.0906245605227982,3,,,84.6,70.6667,10^-20.1859,,,,,,,,,,,,,,,,,[131627],0
131627,1,79504,Crioceris asparagi,common asparagus beetle,eukaryota,false,,,,0.0906245605227982,3,,,84.6,70.6667,10^-20.1859,,,,,,,,,,,,,,,,,,0
79498,2,79498,Lacanobia,"",eukaryota,false,,,,1.4499929683647712,48,,,83.1763,187.479,10^-36.8421,,,,,,,,,,,,,,,,,"[987426, 79499]",0
987426,1,79498,Lacanobia wlatinum,"",eukaryota,false,,,,1.3291602210010403,44,,,82.5,200.0,10^-38.8268,,,,,,,,,,,,,,,,,,0
79499,1,79498,Lacanobia oleracea,"",eukaryota,false,,,,0.12083274736373094,4,,,90.6158,49.75,10^-15.0103,,,,,,,,,,,,,,,,,,0
79456,2,79456,Ischnura,"",eukaryota,false,,,,0.39270642893212554,13,,,85.8266,60.3077,10^-16.8636,,,,,,0.9364537920689148,31,,,93.229,30.0323,10^-8.84778,,,,,[197161],0
197161,1,79456,Ischnura elegans,"",eukaryota,false,,,,0.39270642893212554,13,,,85.8266,60.3077,10^-16.8636,,,,,,0.9364537920689148,31,,,93.229,30.0323,10^-8.84778,,,,,,0
78924,2,78924,Dimargaris,"",eukaryota,false,,,,,,,,,,,,,,,,0.030208186840932735,1,,,69.0,29.0,10^-6.75696,,,,,[215637],0
215637,1,78924,Dimargaris cristalligena,"",eukaryota,false,,,,,,,,,,,,,,,,0.030208186840932735,1,,,69.0,29.0,10^-6.75696,,,,,,0
78842,2,78842,Pterostylis,"",eukaryota,false,,,,0.030208186840932735,1,,,94.059,101.0,10^-48.1458,,,,,,,,,,,,,,,,,[905849],0
905849,1,78842,Pterostylis sp. MAC10990,"",eukaryota,false,,,,0.030208186840932735,1,,,94.059,101.0,10^-48.1458,,,,,,,,,,,,,,,,,,0
78388,2,78388,Coniothyrium,"",eukaryota,false,,,,0.0906245605227982,3,,,93.396,97.0,10^-44.9614,,,,,,0.030208186840932735,1,,,100.0,33.0,10^-14.2233,,,,,"[1077358, 300248]",0
1077358,1,78388,Coniothyrium glycines,"",eukaryota,false,,,,0.0906245605227982,3,,,93.396,97.0,10^-44.9614,,,,,,,,,,,,,,,,,,0
300248,1,78388,Coniothyrium palmarum,"",eukaryota,false,,,,,,,,,,,,,,,,0.030208186840932735,1,,,100.0,33.0,10^-14.2233,,,,,,0
78173,2,78173,Ceratina,"",eukaryota,false,,,,0.15104093420466366,5,,,87.3386,69.2,10^-22.3754,,,,,,0.1812491210455964,6,,,80.5333,31.0,10^-7.10064,,,,,[156304],0
156304,1,78173,Ceratina calcarata,"",eukaryota,false,,,,0.15104093420466366,5,,,87.3386,69.2,10^-22.3754,,,,,,0.1812491210455964,6,,,80.5333,31.0,10^-7.10064,,,,,,0
78156,2,78156,Pseudogymnoascus,"",eukaryota,false,,,,,,,,,,,,,,,,0.030208186840932735,1,,,57.6,33.0,10^-4.0,,,,,[1420914],0
1420914,1,78156,Pseudogymnoascus sp. VKM F-4519 (FW-2642),"",eukaryota,false,,,,,,,,,,,,,,,,0.030208186840932735,1,,,57.6,33.0,10^-4.0,,,,,,0
78141,2,78141,Oidiodendron,"",eukaryota,false,,,,,,,,,,,,,,,,0.030208186840932735,1,,,84.4,32.0,10^-9.98297,,,,,[78148],0
78148,1,78141,Oidiodendron maius,"",eukaryota,false,,,,,,,,,,,,,,,,0.030208186840932735,1,,,84.4,32.0,10^-9.98297,,,,,,0
77924,2,77924,Hemiselmis,"",eukaryota,false,,,,,,,,,,,,,,,,0.030208186840932735,1,,,69.0,29.0,10^-3.92082,,,,,[464988],0
464988,1,77924,Hemiselmis andersenii,"",eukaryota,false,,,,,,,,,,,,,,,,0.030208186840932735,1,,,69.0,29.0,10^-3.92082,,,,,,0
77758,2,77758,Ilyocryptus,"",eukaryota,false,,,,0.06041637368186547,2,,,91.765,85.0,10^-35.8694,,,,,,,,,,,,,,,,,[435267],0
435267,1,77758,Ilyocryptus agilis,"",eukaryota,false,,,,0.06041637368186547,2,,,91.765,85.0,10^-35.8694,,,,,,,,,,,,,,,,,,0
77744,2,77744,Chydorus,"",eukaryota,false,,,,,,,,,,,,,,,,0.030208186840932735,1,,,100.0,25.0,10^-5.7122,,,,,[77745],0
77745,1,77744,Chydorus sphaericus,"",eukaryota,false,,,,,,,,,,,,,,,,0.030208186840932735,1,,,100.0,25.0,10^-5.7122,,,,,,0
77714,2,77714,Eurycercus,"",eukaryota,false,,,,0.0906245605227982,3,,,92.713,67.0,10^-25.0191,,,,,,,,,,,,,,,,,[202080],0
202080,1,77714,Eurycercus lamellatus,"",eukaryota,false,,,,0.0906245605227982,3,,,92.713,67.0,10^-25.0191,,,,,,,,,,,,,,,,,,0
77703,2,77703,Limnadia,"",eukaryota,false,,,,0.030208186840932735,1,,,97.368,38.0,10^-12.2026,,,,,,,,,,,,,,,,,[84336],0
84336,1,77703,Limnadia lenticularis,"",eukaryota,false,,,,0.030208186840932735,1,,,97.368,38.0,10^-12.2026,,,,,,,,,,,,,,,,,,0
77301,2,77301,Eretmocerus,"",eukaryota,false,,,,,,,,,,,,,,,,0.39270642893212554,13,,,78.3917,32.0,10^-7.45718,,,,,[131215],0
131215,1,77301,Eretmocerus hayati,"",eukaryota,false,,,,,,,,,,,,,,,,0.39270642893212554,13,,,78.3917,32.0,10^-7.45718,,,,,,0
77156,2,77156,Dendroctonus,"",eukaryota,false,,,,0.24166549472746188,8,,,86.4413,65.375,10^-19.9567,,,,,,1.7218666499331658,57,,,96.1193,40.8772,10^-16.54,,,,,[77166],0
77166,1,77156,Dendroctonus ponderosae,mountain pine beetle,eukaryota,false,,,,0.24166549472746188,8,,,86.4413,65.375,10^-19.9567,,,,,,1.7218666499331658,57,,,96.1193,40.8772,10^-16.54,,,,,,0
77071,2,77071,Cecropia,"",eukaryota,false,,,,0.06041637368186547,2,,,97.458,39.5,10^-13.2159,,,,,,,,,,,,,,,,,[1472306],0
1472306,1,77071,Cecropia pachystachya,"",eukaryota,false,,,,0.06041637368186547,2,,,97.458,39.5,10^-13.2159,,,,,,,,,,,,,,,,,,0
76989,2,76989,Ancistrocerus,"",eukaryota,false,,,,0.06041637368186547,2,,,87.9655,54.0,10^-15.4821,,,,,,,,,,,,,,,,,[76990],0
76990,1,76989,Ancistrocerus nigricornis,"",eukaryota,false,,,,0.06041637368186547,2,,,87.9655,54.0,10^-15.4821,,,,,,,,,,,,,,,,,,0
76872,2,76872,Boechera,"",eukaryota,false,,,,,,,,,,,,,,,,0.030208186840932735,1,,,71.9,32.0,10^-3.18111,,,,,[115915],0
115915,1,76872,Boechera divaricarpa,"",eukaryota,false,,,,,,,,,,,,,,,,0.030208186840932735,1,,,71.9,32.0,10^-3.18111,,,,,,0
76831,2,76831,Myroides,"",bacteria,false,,,,,,,,,,,,,,,,0.0906245605227982,3,,,61.55,32.5,10^-4.08319,,,,,"[2746738, 1183151]",0
2746738,1,76831,Myroides sp. R163-1,"",bacteria,false,,,,,,,,,,,,,,,,0.030208186840932735,1,,,62.5,32.0,10^-3.99568,,,,,,0
1183151,1,76831,Myroides injenensis,"",bacteria,false,,,,,,,,,,,,,,,,0.06041637368186547,2,,,60.6,33.0,10^-4.1707,,,,,,0
76634,2,76634,Mycetocola,"",bacteria,false,,,,0.030208186840932735,1,,,100.0,101.0,10^-56.3801,,,,,,,,,,,,,,,,,[2079792],0
2079792,1,76634,Mycetocola zhujimingii,"",bacteria,false,,,,0.030208186840932735,1,,,100.0,101.0,10^-56.3801,,,,,,,,,,,,,,,,,,0
76218,2,76218,Nymphalis,"",eukaryota,false,,,,0.3020818684093273,10,,,90.1803,59.6,10^-14.2403,,,,,,,,,,,,,,,,,"[171594, 171585, 111881]",0
171594,1,76218,Nymphalis polychloros,blackleg tortoiseshell,eukaryota,false,,,,0.06041637368186547,2,,,86.6035,79.0,10^-26.9967,,,,,,,,,,,,,,,,,,0
171585,1,76218,Nymphalis io,European peacock,eukaryota,false,,,,0.06041637368186547,2,,,88.889,36.0,10^-6.73655,,,,,,,,,,,,,,,,,,0
111881,1,76218,Nymphalis urticae,small tortoiseshell,eukaryota,false,,,,0.1812491210455964,6,,,91.803,61.0,10^-12.4895,,,,,,,,,,,,,,,,,,0
76212,2,76212,Erynnis,duskywings,eukaryota,false,,,,0.15104093420466366,5,,,86.2618,82.2,10^-27.9274,,,,,,,,,,,,,,,,,[520884],0
520884,1,76212,Erynnis tages,"",eukaryota,false,,,,0.15104093420466366,5,,,86.2618,82.2,10^-27.9274,,,,,,,,,,,,,,,,,,0
76210,2,76210,Sericinus,"",eukaryota,false,,,,0.030208186840932735,1,,,91.304,69.0,10^-26.3534,,,,,,,,,,,,,,,,,[1678306],0
1678306,1,76210,Sericinus montela,"",eukaryota,false,,,,0.030208186840932735,1,,,91.304,69.0,10^-26.3534,,,,,,,,,,,,,,,,,,0
76204,2,76204,Graphium,"",eukaryota,false,,,,0.030208186840932735,1,,,92.857,56.0,10^-20.2684,,,,,,,,,,,,,,,,,[202805],0
202805,1,76204,Graphium macleayanum,Macleay's swallowtail,eukaryota,false,,,,0.030208186840932735,1,,,92.857,56.0,10^-20.2684,,,,,,,,,,,,,,,,,,0
76125,2,76125,Coriolopsis,"",eukaryota,false,,,,0.0906245605227982,3,,,98.68,100.333,10^-54.0957,,,,,,,,,,,,,,,,,"[2731657, 1384138, 1383574]",0
2731657,1,76125,Coriolopsis hainanensis,"",eukaryota,false,,,,0.030208186840932735,1,,,96.04,101.0,10^-50.8906,,,,,,,,,,,,,,,,,,0
1384138,1,76125,Coriolopsis cf. caperata Ryvarden35367,"",eukaryota,false,,,,0.030208186840932735,1,,,100.0,101.0,10^-56.3801,,,,,,,,,,,,,,,,,,0
1383574,1,76125,Coriolopsis brunneoleuca,"",eukaryota,false,,,,0.030208186840932735,1,,,100.0,99.0,10^-55.0164,,,,,,,,,,,,,,,,,,0
76016,2,76016,Pandora,"",eukaryota,false,,,,0.0906245605227982,3,,,98.3333,100.667,10^-53.8655,,,,,,,,,,,,,,,,,"[176681, 150348]",0
176681,1,76016,Pandora kondoiensis,"",eukaryota,false,,,,0.030208186840932735,1,,,95.0,100.0,10^-48.8363,,,,,,,,,,,,,,,,,,0
150348,1,76016,Pandora delphacis,"",eukaryota,false,,,,0.06041637368186547,2,,,100.0,101.0,10^-56.3801,,,,,,,,,,,,,,,,,,0
75984,2,75984,Mannheimia,"",bacteria,false,,,,,,,,,,,,,,,,1.2083274736373093,40,,,78.8421,28.5263,10^-5.84151,,,,,[75985],0
75985,1,75984,Mannheimia haemolytica,"",bacteria,false,,,,,,,,,,,,,,,,1.2083274736373093,40,,,78.8421,28.5263,10^-5.84151,,,,,,0
75309,2,75309,Rhodanobacter,"",bacteria,false,,,,0.030208186840932735,1,,,90.0,40.0,10^-9.43554,,,,,,,,,,,,,,,,,[582702],0
582702,1,75309,Rhodanobacter glycinis,"",bacteria,false,,,,0.030208186840932735,1,,,90.0,40.0,10^-9.43554,,,,,,,,,,,,,,,,,,0
75120,2,75120,Batillaria,"",eukaryota,false,,,,,,,,,,,,,,,,0.030208186840932735,1,,,100.0,27.0,10^-7.93181,,,,,[370345],0
370345,1,75120,Batillaria attramentaria,"",eukaryota,false,,,,,,,,,,,,,,,,0.030208186840932735,1,,,100.0,27.0,10^-7.93181,,,,,,0
74721,2,74721,Stachybotrys,"",eukaryota,false,,,,0.12083274736373094,4,,,94.7253,93.0,10^-44.7568,,,,,,,,,,,,,,,,,"[388913, 80388, 80383]",0
388913,1,74721,Stachybotrys chlorohalonata,"",eukaryota,false,,,,0.030208186840932735,1,,,89.706,68.0,10^-24.3012,,,,,,,,,,,,,,,,,,0
80388,1,74721,Stachybotrys elegans,"",eukaryota,false,,,,0.06041637368186547,2,,,97.51,100.5,10^-52.6082,,,,,,,,,,,,,,,,,,0
80383,1,74721,Stachybotrys echinatus,"",eukaryota,false,,,,0.030208186840932735,1,,,94.175,103.0,10^-49.5097,,,,,,,,,,,,,,,,,,0
74385,2,74385,Gracilibacillus,"",bacteria,false,,,,0.030208186840932735,1,,,90.476,42.0,10^-10.7867,,,,,,,,,,,,,,,,,[2932256],0
2932256,1,74385,Gracilibacillus caseinilyticus,"",bacteria,false,,,,0.030208186840932735,1,,,90.476,42.0,10^-10.7867,,,,,,,,,,,,,,,,,,0
74030,2,74030,Roseovarius,"",bacteria,false,,,,,,,,,,,,,,,,0.030208186840932735,1,,,75.9,29.0,10^-4.82974,,,,,[337701],0
337701,1,74030,Roseovarius pacificus,"",bacteria,false,,,,,,,,,,,,,,,,0.030208186840932735,1,,,75.9,29.0,10^-4.82974,,,,,,0
73029,2,73029,Dechloromonas,"",bacteria,false,,,,0.15104093420466366,5,,,87.1428,48.2,10^-11.9621,,,,,,,,,,,,,,,,,[2231055],0
2231055,1,73029,Dechloromonas sp. HYN0024,"",bacteria,false,,,,0.15104093420466366,5,,,87.1428,48.2,10^-11.9621,,,,,,,,,,,,,,,,,,0
72924,2,72924,Diplostephium,"",eukaryota,false,,,,0.030208186840932735,1,,,100.0,87.0,10^-46.8383,,,,,,,,,,,,,,,,,[1716017],0
1716017,1,72924,Diplostephium hartwegii,"",eukaryota,false,,,,0.030208186840932735,1,,,100.0,87.0,10^-46.8383,,,,,,,,,,,,,,,,,,0
72766,2,72766,Formica,"",eukaryota,false,,,,0.12083274736373094,4,,,91.1568,52.75,10^-16.0241,,,,,,0.06041637368186547,2,,,73.4,32.0,10^-4.33638,,,,,[72781],0
72781,1,72766,Formica exsecta,"",eukaryota,false,,,,0.12083274736373094,4,,,91.1568,52.75,10^-16.0241,,,,,,0.06041637368186547,2,,,73.4,32.0,10^-4.33638,,,,,,0
72714,2,72714,Agelas,"",eukaryota,false,,,,0.030208186840932735,1,,,100.0,42.0,10^-16.2762,,,,,,,,,,,,,,,,,[72715],0
72715,1,72714,Agelas oroides,"",eukaryota,false,,,,0.030208186840932735,1,,,100.0,42.0,10^-16.2762,,,,,,,,,,,,,,,,,,0
72702,2,72702,Pomacea,"",eukaryota,false,,,,0.2718736815683946,9,,,93.4589,49.0,10^-15.6984,,,,,,4.470811652458044,148,,,85.3667,55.6029,10^-29.7181,,,,,[400727],0
400727,1,72702,Pomacea canaliculata,"",eukaryota,false,,,,0.2718736815683946,9,,,93.4589,49.0,10^-15.6984,,,,,,4.470811652458044,148,,,85.3667,55.6029,10^-29.7181,,,,,,0
72549,2,72549,Oryctes,"",eukaryota,false,,,,,,,,,,,,,,,,0.3624982420911928,12,,,90.1833,44.6667,10^-20.7636,,,,,[1629725],0
1629725,1,72549,Oryctes borbonicus,"",eukaryota,false,,,,,,,,,,,,,,,,0.3624982420911928,12,,,90.1833,44.6667,10^-20.7636,,,,,,0
72244,2,72244,Anthocharis,"",eukaryota,false,,,,0.12083274736373094,4,,,92.1765,57.75,10^-21.1296,,,,,,,,,,,,,,,,,[227532],0
227532,1,72244,Anthocharis cardamines,orange tip,eukaryota,false,,,,0.12083274736373094,4,,,92.1765,57.75,10^-21.1296,,,,,,,,,,,,,,,,,,0
72035,2,72035,Lepeophtheirus,"",eukaryota,false,,,,0.0906245605227982,3,,,92.5557,41.0,10^-11.4851,,,,,,0.2718736815683946,9,,,93.4667,31.8889,10^-10.2352,,,,,[72036],0
72036,1,72035,Lepeophtheirus salmonis,salmon louse,eukaryota,false,,,,0.0906245605227982,3,,,92.5557,41.0,10^-11.4851,,,,,,0.2718736815683946,9,,,93.4667,31.8889,10^-10.2352,,,,,,0
72018,2,72018,Sphaeroforma,"",eukaryota,false,,,,0.030208186840932735,1,,,79.545,44.0,10^-5.27703,,,,,,,,,,,,,,,,,[72019],0
72019,1,72018,Sphaeroforma arctica,"",eukaryota,false,,,,0.030208186840932735,1,,,79.545,44.0,10^-5.27703,,,,,,,,,,,,,,,,,,0
71962,2,71962,Omphalotus,"",eukaryota,false,,,,0.06041637368186547,2,,,92.982,57.0,10^-20.9469,,,,,,,,,,,,,,,,,[72119],0
72119,1,71962,Omphalotus japonicus,"",eukaryota,false,,,,0.06041637368186547,2,,,92.982,57.0,10^-20.9469,,,,,,,,,,,,,,,,,,0
71953,2,71953,Inocybe,"",eukaryota,false,,,,0.030208186840932735,1,,,100.0,72.0,10^-36.6277,,,,,,,,,,,,,,,,,[2015046],0
2015046,1,71953,Inocybe tumidula,"",eukaryota,false,,,,0.030208186840932735,1,,,100.0,72.0,10^-36.6277,,,,,,,,,,,,,,,,,,0
71950,2,71950,Psilocybe,"",eukaryota,false,,,,,,,,,,,,,,,,0.030208186840932735,1,,,71.0,31.0,10^-7.26122,,,,,[93625],0
93625,1,71950,Psilocybe cyanescens,"",eukaryota,false,,,,,,,,,,,,,,,,0.030208186840932735,1,,,71.0,31.0,10^-7.26122,,,,,,0
71935,2,71935,Clitopilus,"",eukaryota,false,,,,0.33229005525026006,11,,,96.2635,144.818,10^-70.6651,,,,,,,,,,,,,,,,,"[1476947, 648681]",0
1476947,1,71935,Clitopilus aff. hobsonii DLL9586,"",eukaryota,false,,,,0.12083274736373094,4,,,100.0,224.0,10^-111.435,,,,,,,,,,,,,,,,,,0
648681,1,71935,Clitopilus hobsonii,"",eukaryota,false,,,,0.21145730788652914,7,,,94.1283,99.5714,10^-47.3679,,,,,,,,,,,,,,,,,,0
71917,2,71917,Rhodocollybia,"",eukaryota,false,,,,,,,,,,,,,,,,0.030208186840932735,1,,,90.3,31.0,10^-9.47108,,,,,[206335],0
206335,1,71917,Rhodocollybia butyracea,"",eukaryota,false,,,,,,,,,,,,,,,,0.030208186840932735,1,,,90.3,31.0,10^-9.47108,,,,,,0
71896,2,71896,Marasmiellus,"",eukaryota,false,,,,0.0906245605227982,3,,,98.3433,100.333,10^-53.6382,,,,,,,,,,,,,,,,,"[2682957, 1972127]",0
2682957,1,71896,Marasmiellus scandens,"",eukaryota,false,,,,0.030208186840932735,1,,,97.03,101.0,10^-52.2629,,,,,,,,,,,,,,,,,,0
1972127,1,71896,Marasmiellus bicoloripes,"",eukaryota,false,,,,0.06041637368186547,2,,,99.0,100.0,10^-54.3258,,,,,,,,,,,,,,,,,,0
71817,2,71817,Anomala,"",eukaryota,false,,,,,,,,,,,,,,,,0.030208186840932735,1,,,96.9,32.0,10^-11.7447,,,,,[2055703],0
2055703,1,71817,Anomala antiqua,"",eukaryota,false,,,,,,,,,,,,,,,,0.030208186840932735,1,,,96.9,32.0,10^-11.7447,,,,,,0
71684,2,71684,Panaeolus,"",eukaryota,false,,,,0.030208186840932735,1,,,100.0,45.0,10^-18.3048,,,,,,0.030208186840932735,1,,,59.4,32.0,10^-4.16431,,,,,"[330933, 181874]",0
330933,1,71684,Panaeolus semiovatus,"",eukaryota,false,,,,0.030208186840932735,1,,,100.0,45.0,10^-18.3048,,,,,,,,,,,,,,,,,,0
181874,1,71684,Panaeolus cyanescens,"",eukaryota,false,,,,,,,,,,,,,,,,0.030208186840932735,1,,,59.4,32.0,10^-4.16431,,,,,,0
71655,2,71655,Brenneria,"",bacteria,false,,,,,,,,,,,,,,,,0.0906245605227982,3,,,98.6667,30.3333,10^-9.30888,,,,,"[2800386, 55214]",0
2800386,1,71655,Brenneria bubanii,"",bacteria,false,,,,,,,,,,,,,,,,0.030208186840932735,1,,,96.0,25.0,10^-3.9914,,,,,,0
55214,1,71655,Brenneria salicis,"",bacteria,false,,,,,,,,,,,,,,,,0.06041637368186547,2,,,100.0,33.0,10^-11.9676,,,,,,0
71599,2,71599,Graphis,"",eukaryota,false,,,,0.06041637368186547,2,,,93.0695,101.0,10^-46.7735,,,,,,,,,,,,,,,,,[71600],0
71600,1,71599,Graphis scripta,"",eukaryota,false,,,,0.06041637368186547,2,,,93.0695,101.0,10^-46.7735,,,,,,,,,,,,,,,,,,0
71493,2,71493,Elysia,"",eukaryota,false,,,,,,,,,,,,,,,,131.9493601211942,4368,,,79.4592,39.3644,10^-14.9991,,,,,"[1093978, 188477]",0
1093978,1,71493,Elysia marginata,"",eukaryota,false,,,,,,,,,,,,,,,,125.81709819248483,4165,,,78.3706,36.9538,10^-13.4378,,,,,,0
188477,1,71493,Elysia chlorotica,eastern emerald elysia,eukaryota,false,,,,,,,,,,,,,,,,6.132261928709345,203,,,87.5558,57.2938,10^-26.6115,,,,,,0
71323,2,71323,Camelina,"",eukaryota,false,,,,0.06041637368186547,2,,,90.7375,54.0,10^-17.5395,,,,,,,,,,,,,,,,,"[883000, 90675]",0
883000,1,71323,Camelina hispida,"",eukaryota,false,,,,0.030208186840932735,1,,,90.909,55.0,10^-18.2176,,,,,,,,,,,,,,,,,,0
90675,1,71323,Camelina sativa,false flax,eukaryota,false,,,,0.030208186840932735,1,,,90.566,53.0,10^-16.8614,,,,,,,,,,,,,,,,,,0
70869,2,70869,Strombosia,"",eukaryota,false,,,,0.030208186840932735,1,,,94.0,50.0,10^-17.5728,,,,,,,,,,,,,,,,,[350586],0
350586,1,70869,Strombosia pustulata,"",eukaryota,false,,,,0.030208186840932735,1,,,94.0,50.0,10^-17.5728,,,,,,,,,,,,,,,,,,0
70742,2,70742,Peronospora,"",eukaryota,false,,,,0.06041637368186547,2,,,90.428,36.5,10^-7.75988,,,,,,0.030208186840932735,1,,,71.0,31.0,10^-3.72354,,,,,"[622444, 542832]",0
622444,1,70742,Peronospora belbahrii,"",eukaryota,false,,,,,,,,,,,,,,,,0.030208186840932735,1,,,71.0,31.0,10^-3.72354,,,,,,0
542832,1,70742,Peronospora effusa,"",eukaryota,false,,,,0.06041637368186547,2,,,90.428,36.5,10^-7.75988,,,,,,,,,,,,,,,,,,0
70535,2,70535,Edhazardia,"",eukaryota,false,,,,176.11372928263785,5830,,,98.7794,782.7,10^-306.466,,,,,,8.035377699688107,266,,,99.4477,30.1174,10^-9.64441,,,,,[70536],0
70536,1,70535,Edhazardia aedis,"",eukaryota,false,,,,176.11372928263785,5830,,,98.7794,782.7,10^-306.466,,,,,,8.035377699688107,266,,,99.4477,30.1174,10^-9.64441,,,,,,0
70447,2,70447,Ostreococcus,"",eukaryota,false,,,,1.6614502762513004,55,,,88.0,75.0,10^-12.9626,,,,,,,,,,,,,,,,,[242159],0
242159,1,70447,Ostreococcus sp. 'lucimarinus',"",eukaryota,false,,,,1.6614502762513004,55,,,88.0,75.0,10^-12.9626,,,,,,,,,,,,,,,,,,0
70376,2,70376,Ladona,"",eukaryota,false,,,,,,,,,,,,,,,,0.6645801105005201,22,,,76.1682,30.0909,10^-6.49238,,,,,[123851],0
123851,1,70376,Ladona fulva,scarce chaser,eukaryota,false,,,,,,,,,,,,,,,,0.6645801105005201,22,,,76.1682,30.0909,10^-6.49238,,,,,,0
70225,2,70225,Aphelenchus,"",eukaryota,false,,,,,,,,,,,,,,,,0.030208186840932735,1,,,90.9,33.0,10^-11.1938,,,,,[70226],0
70226,1,70225,Aphelenchus avenae,"",eukaryota,false,,,,,,,,,,,,,,,,0.030208186840932735,1,,,90.9,33.0,10^-11.1938,,,,,,0
69965,2,69965,Macrococcus,"",bacteria,false,,,,0.1812491210455964,6,,,100.0,92.5,10^-50.5889,,,,,,,,,,,,,,,,,[1855823],0
1855823,1,69965,Macrococcus canis,"",bacteria,false,,,,0.1812491210455964,6,,,100.0,92.5,10^-50.5889,,,,,,,,,,,,,,,,,,0
69354,2,69354,Darwinula,"",eukaryota,false,,,,0.030208186840932735,1,,,97.561,41.0,10^-14.2281,,,,,,0.06041637368186547,2,,,81.65,31.5,10^-8.35811,,,,,[69355],0
69355,1,69354,Darwinula stevensoni,"",eukaryota,false,,,,0.030208186840932735,1,,,97.561,41.0,10^-14.2281,,,,,,0.06041637368186547,2,,,81.65,31.5,10^-8.35811,,,,,,0
68793,2,68793,Botryobasidium,"",eukaryota,false,,,,,,,,,,,,,,,,0.1812491210455964,6,,,81.7167,32.8333,10^-8.99649,,,,,[264124],0
264124,1,68793,Botryobasidium botryosum,"",eukaryota,false,,,,,,,,,,,,,,,,0.1812491210455964,6,,,81.7167,32.8333,10^-8.99649,,,,,,0
68782,2,68782,Scytinostroma,"",eukaryota,false,,,,0.06041637368186547,2,,,98.98,98.0,10^-52.9622,,,,,,,,,,,,,,,,,[234805],0
234805,1,68782,Scytinostroma caudisporum,"",eukaryota,false,,,,0.06041637368186547,2,,,98.98,98.0,10^-52.9622,,,,,,,,,,,,,,,,,,0
68743,2,68743,Pluteus,"",eukaryota,false,,,,0.1812491210455964,6,,,97.6847,99.3333,10^-52.0415,,,,,,,,,,,,,,,,,"[2905889, 2905886, 908314, 181527]",0
2905889,1,68743,Pluteus brunneovenosus,"",eukaryota,false,,,,0.030208186840932735,1,,,98.98,98.0,10^-52.9622,,,,,,,,,,,,,,,,,,0
2905886,1,68743,Pluteus cf. haywardii,"",eukaryota,false,,,,0.030208186840932735,1,,,100.0,101.0,10^-56.3801,,,,,,,,,,,,,,,,,,0
908314,1,68743,Pluteus multiformis,"",eukaryota,false,,,,0.06041637368186547,2,,,93.564,101.0,10^-47.4597,,,,,,,,,,,,,,,,,,0
181527,1,68743,Pluteus cervinus,"",eukaryota,false,,,,0.06041637368186547,2,,,100.0,97.5,10^-53.9937,,,,,,,,,,,,,,,,,,0
68573,2,68573,Chondrosia,"",eukaryota,false,,,,0.06041637368186547,2,,,93.0555,36.0,10^-8.79511,,,,,,,,,,,,,,,,,[68574],0
68574,1,68573,Chondrosia reniformis,"",eukaryota,false,,,,0.06041637368186547,2,,,93.0555,36.0,10^-8.79511,,,,,,,,,,,,,,,,,,0
68563,2,68563,Petrosia,"",eukaryota,false,,,,0.06041637368186547,2,,,94.118,51.0,10^-18.2504,,,,,,,,,,,,,,,,,[68564],0
68564,1,68563,Petrosia ficiformis,"",eukaryota,false,,,,0.06041637368186547,2,,,94.118,51.0,10^-18.2504,,,,,,,,,,,,,,,,,,0
68287,2,68287,Mesorhizobium,"",bacteria,false,,,,,,,,,,,,,,,,0.030208186840932735,1,,,100.0,32.0,10^-9.77728,,,,,[1871066],0
1871066,1,68287,Mesorhizobium sp.,"",bacteria,false,,,,,,,,,,,,,,,,0.030208186840932735,1,,,100.0,32.0,10^-9.77728,,,,,,0
67917,2,67917,Toona,"",eukaryota,false,,,,0.030208186840932735,1,,,99.01,101.0,10^-55.0077,,,,,,,,,,,,,,,,,[67918],0
67918,1,67917,Toona ciliata,"",eukaryota,false,,,,0.030208186840932735,1,,,99.01,101.0,10^-55.0077,,,,,,,,,,,,,,,,,,0
67608,2,67608,Microdochium,"",eukaryota,false,,,,0.030208186840932735,1,,,100.0,79.0,10^-41.3907,,,,,,,,,,,,,,,,,[5520],0
5520,1,67608,Microdochium nivale,"",eukaryota,false,,,,0.030208186840932735,1,,,100.0,79.0,10^-41.3907,,,,,,,,,,,,,,,,,,0
67575,2,67575,Rheinheimera,"",bacteria,false,,,,0.06041637368186547,2,,,96.7035,96.0,10^-48.8547,,,,,,0.06041637368186547,2,,,100.0,33.0,10^-13.0218,,,,,"[2498451, 1547515]",0
2498451,1,67575,Rheinheimera mangrovi,"",bacteria,false,,,,0.06041637368186547,2,,,96.7035,96.0,10^-48.8547,,,,,,,,,,,,,,,,,,0
1547515,1,67575,Rheinheimera mesophila,"",bacteria,false,,,,,,,,,,,,,,,,0.06041637368186547,2,,,100.0,33.0,10^-13.0218,,,,,,0
67572,2,67572,Psychromonas,"",bacteria,false,,,,,,,,,,,,,,,,0.030208186840932735,1,,,67.7,31.0,10^-4.75449,,,,,[2058089],0
2058089,1,67572,Psychromonas sp. psych-6C06,"",bacteria,false,,,,,,,,,,,,,,,,0.030208186840932735,1,,,67.7,31.0,10^-4.75449,,,,,,0
67427,2,67427,Thuidium,"",eukaryota,false,,,,0.06041637368186547,2,,,94.595,37.0,10^-10.1556,,,,,,,,,,,,,,,,,[67428],0
67428,1,67427,Thuidium tamariscinum,"",eukaryota,false,,,,0.06041637368186547,2,,,94.595,37.0,10^-10.1556,,,,,,,,,,,,,,,,,,0
66017,2,66017,Digitaria,"",eukaryota,false,,,,0.12083274736373094,4,,,97.8725,74.0,10^-36.6468,,,,,,0.030208186840932735,1,,,100.0,33.0,10^-8.88606,,,,,[1010633],0
1010633,1,66017,Digitaria exilis,"",eukaryota,false,,,,0.12083274736373094,4,,,97.8725,74.0,10^-36.6468,,,,,,0.030208186840932735,1,,,100.0,33.0,10^-8.88606,,,,,,0
65692,2,65692,Charybdis,"",eukaryota,false,,,,,,,,,,,,,,,,0.030208186840932735,1,,,93.9,33.0,10^-14.2197,,,,,[80839],0
80839,1,65692,Charybdis japonica,shore swimming crab,eukaryota,false,,,,,,,,,,,,,,,,0.030208186840932735,1,,,93.9,33.0,10^-14.2197,,,,,,0
65356,2,65356,Albugo,"",eukaryota,false,,,,0.3624982420911928,12,,,95.482,332.0,10^-145.703,,,,,,0.030208186840932735,1,,,63.6,33.0,10^-4.2644,,,,,[653948],0
653948,1,65356,Albugo laibachii,"",eukaryota,false,,,,0.3624982420911928,12,,,95.482,332.0,10^-145.703,,,,,,0.030208186840932735,1,,,63.6,33.0,10^-4.2644,,,,,,0
65338,2,65338,Tromatobia,"",eukaryota,false,,,,0.3020818684093273,10,,,84.9992,59.4,10^-15.3138,,,,,,,,,,,,,,,,,[2776060],0
2776060,1,65338,Tromatobia lineatoria,"",eukaryota,false,,,,0.3020818684093273,10,,,84.9992,59.4,10^-15.3138,,,,,,,,,,,,,,,,,,0
65288,2,65288,Netelia,"",eukaryota,false,,,,1.4197847815238385,47,,,88.0912,82.6889,10^-19.2222,,,,,,,,,,,,,,,,,"[2866289, 494743]",0
2866289,1,65288,Netelia dilatata,"",eukaryota,false,,,,1.0572865394326456,35,,,87.3788,89.1515,10^-18.0476,,,,,,,,,,,,,,,,,,0
494743,1,65288,Netelia virgata,"",eukaryota,false,,,,0.3624982420911928,12,,,90.0502,64.9167,10^-22.4523,,,,,,,,,,,,,,,,,,0
64792,2,64792,Wasmannia,"",eukaryota,false,,,,0.21145730788652914,7,,,92.9684,47.8,10^-14.7316,,,,,,1.0874947262735783,36,,,65.2138,51.3889,10^-11.8448,,,,,[64793],0
64793,1,64792,Wasmannia auropunctata,little fire ant,eukaryota,false,,,,0.21145730788652914,7,,,92.9684,47.8,10^-14.7316,,,,,,1.0874947262735783,36,,,65.2138,51.3889,10^-11.8448,,,,,,0
64782,2,64782,Acromyrmex,"",eukaryota,false,,,,0.1812491210455964,6,,,92.5598,47.6667,10^-15.084,,,,,,0.12083274736373094,4,,,98.475,27.0,10^-8.07167,,,,,"[2715315, 230686, 103372]",0
2715315,1,64782,Acromyrmex charruanus,"",eukaryota,false,,,,,,,,,,,,,,,,0.030208186840932735,1,,,100.0,20.0,10^-4.55909,,,,,,0
230686,1,64782,Acromyrmex insinuator,"",eukaryota,false,,,,,,,,,,,,,,,,0.06041637368186547,2,,,98.5,28.0,10^-8.13017,,,,,,0
103372,1,64782,Acromyrmex echinatior,Panamanian leafcutter ant,eukaryota,false,,,,0.1812491210455964,6,,,92.5598,47.6667,10^-15.084,,,,,,0.030208186840932735,1,,,96.9,32.0,10^-11.4672,,,,,,0
64651,2,64651,Zychaea,"",eukaryota,false,,,,0.06041637368186547,2,,,95.652,46.0,10^-16.2367,,,,,,,,,,,,,,,,,[64656],0
64656,1,64651,Zychaea mexicana,"",eukaryota,false,,,,0.06041637368186547,2,,,95.652,46.0,10^-16.2367,,,,,,,,,,,,,,,,,,0
64629,2,64629,Mycotypha,"",eukaryota,false,,,,0.030208186840932735,1,,,79.592,98.0,10^-26.8872,,,,,,,,,,,,,,,,,[64632],0
64632,1,64629,Mycotypha africana,"",eukaryota,false,,,,0.030208186840932735,1,,,79.592,98.0,10^-26.8872,,,,,,,,,,,,,,,,,,0
64560,2,64560,Radiomyces,"",eukaryota,false,,,,0.06041637368186547,2,,,87.2545,60.5,10^-18.5383,,,,,,,,,,,,,,,,,[64574],0
64574,1,64560,Radiomyces spectabilis,"",eukaryota,false,,,,0.06041637368186547,2,,,87.2545,60.5,10^-18.5383,,,,,,,,,,,,,,,,,,0
64498,2,64498,Choanephora,"",eukaryota,false,,,,,,,,,,,,,,,,0.06041637368186547,2,,,100.0,33.0,10^-12.6171,,,,,[101091],0
101091,1,64498,Choanephora cucurbitarum,"",eukaryota,false,,,,,,,,,,,,,,,,0.06041637368186547,2,,,100.0,33.0,10^-12.6171,,,,,,0
64444,2,64444,Melinaea,"",eukaryota,false,,,,0.33229005525026006,11,,,91.0418,47.1,10^-13.4194,,,,,,,,,,,,,,,,,"[331299, 304554]",0
331299,1,64444,Melinaea marsaeus,"",eukaryota,false,,,,0.24166549472746188,8,,,91.2119,48.4286,10^-14.1618,,,,,,,,,,,,,,,,,,0
304554,1,64444,Melinaea menophilus,"",eukaryota,false,,,,0.0906245605227982,3,,,90.645,44.0,10^-11.6871,,,,,,,,,,,,,,,,,,0
64390,2,64390,Callosobruchus,"",eukaryota,false,,,,,,,,,,,,,,,,3.504149673548197,116,,,76.3749,39.0435,10^-9.19652,,,,,"[380381, 146774, 64391]",0
380381,1,64390,Callosobruchus analis,"",eukaryota,false,,,,,,,,,,,,,,,,0.8156210447051838,27,,,81.7222,31.5185,10^-8.1458,,,,,,0
146774,1,64390,Callosobruchus chinensis,azuki bean weevil,eukaryota,false,,,,,,,,,,,,,,,,2.2051976393880897,73,,,71.7168,43.4444,10^-9.48633,,,,,,0
64391,1,64390,Callosobruchus maculatus,cowpea weevil,eukaryota,false,,,,,,,,,,,,,,,,0.48333098945492375,16,,,88.3125,31.9375,10^-9.66545,,,,,,0
64388,2,64388,Bruchidius,"",eukaryota,false,,,,1.9937403315015605,66,,,80.8716,149.182,10^-20.4348,,,,,,,,,,,,,,,,,[1649775],0
1649775,1,64388,Bruchidius siliquastri,"",eukaryota,false,,,,1.9937403315015605,66,,,80.8716,149.182,10^-20.4348,,,,,,,,,,,,,,,,,,0
63898,2,63898,Omoglymmius,"",eukaryota,false,,,,0.0906245605227982,3,,,91.6723,85.3333,10^-36.0997,,,,,,,,,,,,,,,,,[2055473],0
2055473,1,63898,Omoglymmius sp. INB120,"",eukaryota,false,,,,0.0906245605227982,3,,,91.6723,85.3333,10^-36.0997,,,,,,,,,,,,,,,,,,0
63840,2,63840,Pheropsophus,"",eukaryota,false,,,,0.030208186840932735,1,,,94.0,50.0,10^-17.5728,,,,,,,,,,,,,,,,,[2055497],0
2055497,1,63840,Pheropsophus sp. INB168,"",eukaryota,false,,,,0.030208186840932735,1,,,94.0,50.0,10^-17.5728,,,,,,,,,,,,,,,,,,0
63688,2,63688,Gonioctena,"",eukaryota,false,,,,,,,,,,,,,,,,1.0874947262735783,36,,,75.275,32.0278,10^-7.60203,,,,,[63699],0
63699,1,63688,Gonioctena quinquepunctata,"",eukaryota,false,,,,,,,,,,,,,,,,1.0874947262735783,36,,,75.275,32.0278,10^-7.60203,,,,,,0
63429,2,63429,Leptopilina,"",eukaryota,false,,,,0.1812491210455964,6,,,90.0234,66.2,10^-22.5661,,,,,,0.6343719236595874,21,,,78.91,30.35,10^-5.9491,,,,,"[63436, 63433]",0
63436,1,63429,Leptopilina heterotoma,"",eukaryota,false,,,,0.06041637368186547,2,,,91.438,72.5,10^-26.0252,,,,,,0.1812491210455964,6,,,74.0833,31.3333,10^-5.09367,,,,,,0
63433,1,63429,Leptopilina boulardi,"",eukaryota,false,,,,0.12083274736373094,4,,,89.0803,62.0,10^-20.26,,,,,,0.453122802613991,15,,,80.9786,29.9286,10^-6.31571,,,,,,0
63399,2,63399,Arthroderma,"",eukaryota,false,,,,0.06041637368186547,2,,,98.837,86.0,10^-44.7847,,,,,,0.030208186840932735,1,,,60.6,33.0,10^-3.31695,,,,,[74035],0
74035,1,63399,Arthroderma uncinatum,"",eukaryota,false,,,,0.06041637368186547,2,,,98.837,86.0,10^-44.7847,,,,,,0.030208186840932735,1,,,60.6,33.0,10^-3.31695,,,,,,0
63259,2,63259,Melanopsichium,"",eukaryota,false,,,,,,,,,,,,,,,,0.06041637368186547,2,,,81.8,33.0,10^-6.65116,,,,,[63383],0
63383,1,63259,Melanopsichium pennsylvanicum,"",eukaryota,false,,,,,,,,,,,,,,,,0.06041637368186547,2,,,81.8,33.0,10^-6.65116,,,,,,0
63236,2,63236,Waitea,"",eukaryota,false,,,,0.030208186840932735,1,,,100.0,100.0,10^-55.6982,,,,,,,,,,,,,,,,,[63190],0
63190,1,63236,Waitea circinata,"",eukaryota,false,,,,0.030208186840932735,1,,,100.0,100.0,10^-55.6982,,,,,,,,,,,,,,,,,,0
63132,2,63132,Geitlerinema,"",bacteria,false,,,,,,,,,,,,,,,,2.477071320956484,82,,,65.0436,59.5616,10^-17.2802,,,,,[2028210],0
2028210,1,63132,Geitlerinema sp. FC II,"",bacteria,false,,,,,,,,,,,,,,,,2.477071320956484,82,,,65.0436,59.5616,10^-17.2802,,,,,,0
63067,2,63067,Hemiptelea,"",eukaryota,false,,,,0.030208186840932735,1,,,100.0,96.0,10^-52.9712,,,,,,,,,,,,,,,,,[63068],0
63068,1,63067,Hemiptelea davidii,"",eukaryota,false,,,,0.030208186840932735,1,,,100.0,96.0,10^-52.9712,,,,,,,,,,,,,,,,,,0
62803,2,62803,Nemoura,"",eukaryota,false,,,,0.453122802613991,15,,,87.8295,84.0,10^-18.8348,,,,,,,,,,,,,,,,,[2014036],0
2014036,1,62803,Nemoura dubitans,"",eukaryota,false,,,,0.453122802613991,15,,,87.8295,84.0,10^-18.8348,,,,,,,,,,,,,,,,,,0
62624,2,62624,Varroa,"",eukaryota,false,,,,0.12083274736373094,4,,,85.2195,71.5,10^-20.181,,,,,,,,,,,,,,,,,"[109461, 62625]",0
109461,1,62624,Varroa destructor,honeybee mite,eukaryota,false,,,,0.030208186840932735,1,,,79.121,91.0,10^-23.4884,,,,,,,,,,,,,,,,,,0
62625,1,62624,Varroa jacobsoni,"",eukaryota,false,,,,0.0906245605227982,3,,,87.2523,65.0,10^-19.0786,,,,,,,,,,,,,,,,,,0
61471,2,61471,Timema,"",eukaryota,false,,,,2.235405826229022,74,,,88.3557,81.8333,10^-19.5932,,,,,,2.4468631341155516,81,,,87.0951,30.358,10^-8.77943,,,,,"[629360, 629358, 170557, 170555, 61484, 61482, 61478, 61476, 61474, 61472]",0
629360,1,61471,Timema shepardi,"",eukaryota,false,,,,0.030208186840932735,1,,,89.583,48.0,10^-13.4735,,,,,,0.453122802613991,15,,,88.4333,30.2,10^-8.53432,,,,,,0
629358,1,61471,Timema genevievae,"",eukaryota,false,,,,0.2718736815683946,9,,,91.5236,46.2222,10^-13.4999,,,,,,0.453122802613991,15,,,74.5733,31.6667,10^-8.10574,,,,,,0
170557,1,61471,Timema poppensis,"",eukaryota,false,,,,0.12083274736373094,4,,,94.8232,38.0,10^-10.8319,,,,,,0.39270642893212554,13,,,90.7615,31.4615,10^-10.2752,,,,,,0
170555,1,61471,Timema monikensis,"",eukaryota,false,,,,0.24166549472746188,8,,,88.1219,50.625,10^-13.7161,,,,,,0.0906245605227982,3,,,98.9667,28.6667,10^-9.51048,,,,,,0
61484,1,61471,Timema tahoe,"",eukaryota,false,,,,0.3624982420911928,12,,,89.8965,48.1667,10^-13.0252,,,,,,0.06041637368186547,2,,,93.95,33.0,10^-11.3605,,,,,,0
61482,1,61471,Timema podura,"",eukaryota,false,,,,,,,,,,,,,,,,0.2718736815683946,9,,,89.1333,31.4444,10^-11.0737,,,,,,0
61478,1,61471,Timema douglasi,"",eukaryota,false,,,,0.0906245605227982,3,,,91.7193,58.3333,10^-21.8912,,,,,,0.24166549472746188,8,,,92.425,29.375,10^-9.33211,,,,,,0
61476,1,61471,Timema cristinae,"",eukaryota,false,,,,0.6041637368186547,20,,,85.5159,167.45,10^-35.8019,,,,,,0.1812491210455964,6,,,84.3333,30.0,10^-6.5948,,,,,,0
61474,1,61471,Timema californicum,California timema,eukaryota,false,,,,0.06041637368186547,2,,,83.045,58.5,10^-13.7353,,,,,,0.24166549472746188,8,,,90.1625,28.375,10^-6.57698,,,,,,0
61472,1,61471,Timema bartmani,"",eukaryota,false,,,,0.453122802613991,15,,,87.2095,50.1538,10^-12.0923,,,,,,0.06041637368186547,2,,,88.0,22.5,10^-5.09868,,,,,,0
60957,2,60957,Piscicola,"",eukaryota,false,,,,0.24166549472746188,8,,,90.1409,44.625,10^-11.7102,,,,,,,,,,,,,,,,,[60958],0
60958,1,60957,Piscicola geometra,"",eukaryota,false,,,,0.24166549472746188,8,,,90.1409,44.625,10^-11.7102,,,,,,,,,,,,,,,,,,0
60940,2,60940,Branchellion,"",eukaryota,false,,,,0.4229146157730583,14,,,91.4306,37.7857,10^-8.92204,,,,,,,,,,,,,,,,,[375517],0
375517,1,60940,Branchellion lobata,"",eukaryota,false,,,,0.4229146157730583,14,,,91.4306,37.7857,10^-8.92204,,,,,,,,,,,,,,,,,,0
60896,2,60896,Anthophora,"",eukaryota,false,,,,0.15104093420466366,5,,,89.534,46.2,10^-12.0069,,,,,,,,,,,,,,,,,[478167],0
478167,1,60896,Anthophora plumipes,"",eukaryota,false,,,,0.15104093420466366,5,,,89.534,46.2,10^-12.0069,,,,,,,,,,,,,,,,,,0
60836,2,60836,Leistus,"",eukaryota,false,,,,0.453122802613991,15,,,92.6381,53.0,10^-17.7049,,,,,,,,,,,,,,,,,[878056],0
878056,1,60836,Leistus spinibarbis,"",eukaryota,false,,,,0.453122802613991,15,,,92.6381,53.0,10^-17.7049,,,,,,,,,,,,,,,,,,0
60834,2,60834,Nebria,"",eukaryota,false,,,,0.15104093420466366,5,,,89.8414,66.8,10^-23.2311,,,,,,,,,,,,,,,,,"[878211, 110024]",0
878211,1,60834,Nebria salina,"",eukaryota,false,,,,0.0906245605227982,3,,,91.975,54.3333,10^-18.6908,,,,,,,,,,,,,,,,,,0
110024,1,60834,Nebria brevicollis,"",eukaryota,false,,,,0.06041637368186547,2,,,86.641,85.5,10^-30.0415,,,,,,,,,,,,,,,,,,0
60568,2,60568,Cryptotermes,"",eukaryota,false,,,,0.3020818684093273,10,,,88.9078,65.3,10^-21.3818,,,,,,4.349978905094313,144,,,86.7258,78.1884,10^-37.493,,,,,[105785],0
105785,1,60568,Cryptotermes secundus,"",eukaryota,false,,,,0.3020818684093273,10,,,88.9078,65.3,10^-21.3818,,,,,,4.349978905094313,144,,,86.7258,78.1884,10^-37.493,,,,,,0
60161,2,60161,Craterostigmus,"",eukaryota,false,,,,,,,,,,,,,,,,0.12083274736373094,4,,,100.0,32.6667,10^-13.2483,,,,,[60162],0
60162,1,60161,Craterostigmus tasmanianus,"",eukaryota,false,,,,,,,,,,,,,,,,0.12083274736373094,4,,,100.0,32.6667,10^-13.2483,,,,,,0
59739,2,59739,Flammeovirga,"",bacteria,false,,,,,,,,,,,,,,,,0.030208186840932735,1,,,69.7,33.0,10^-4.53462,,,,,[367791],0
367791,1,59739,Flammeovirga yaeyamensis,"",bacteria,false,,,,,,,,,,,,,,,,0.030208186840932735,1,,,69.7,33.0,10^-4.53462,,,,,,0
59734,2,59734,Empedobacter,"",bacteria,false,,,,4.2291461577305824,140,,,92.3117,472.313,10^-194.422,,,,,,0.21145730788652914,7,,,83.0429,30.8571,10^-7.06391,,,,,"[3042610, 2491114, 1628248, 343874, 247]",0
3042610,1,59734,Empedobacter sedimenti,"",bacteria,false,,,,,,,,,,,,,,,,0.030208186840932735,1,,,81.8,33.0,10^-9.97881,,,,,,0
2491114,1,59734,Empedobacter tilapiae,"",bacteria,false,,,,,,,,,,,,,,,,0.12083274736373094,4,,,85.1,30.0,10^-7.28864,,,,,,0
1628248,1,59734,Empedobacter stercoris,"",bacteria,false,,,,0.7854128578642511,26,,,93.1838,278.538,10^-110.743,,,,,,,,,,,,,,,,,,0
343874,1,59734,Empedobacter falsenii,"",bacteria,false,,,,1.6916584630922331,56,,,93.2243,647.115,10^-292.498,,,,,,,,,,,,,,,,,,0
247,1,59734,Empedobacter brevis,"",bacteria,false,,,,1.7520748367740986,58,,,91.0594,399.964,10^-142.201,,,,,,0.06041637368186547,2,,,79.55,31.5,10^-5.15699,,,,,,0
59732,2,59732,Chryseobacterium,"",bacteria,false,,,,0.15104093420466366,5,,,99.1896,99.2,10^-54.0549,,,,,,0.15104093420466366,5,,,84.36,27.4,10^-5.24145,,,,,"[2879939, 2675057, 2487065, 1871047, 1241982, 536441, 395935]",0
2879939,1,59732,Chryseobacterium sp. MEBOG07,"",bacteria,false,,,,0.030208186840932735,1,,,98.958,96.0,10^-51.5988,,,,,,,,,,,,,,,,,,0
2675057,1,59732,Chryseobacterium potabilaquae,"",bacteria,false,,,,,,,,,,,,,,,,0.030208186840932735,1,,,69.7,33.0,10^-3.99568,,,,,,0
2487065,1,59732,Chryseobacterium sp. G0201,"",bacteria,false,,,,,,,,,,,,,,,,0.030208186840932735,1,,,82.1,28.0,10^-6.05306,,,,,,0
1871047,1,59732,Chryseobacterium sp.,"",bacteria,false,,,,0.030208186840932735,1,,,100.0,100.0,10^-55.6982,,,,,,0.06041637368186547,2,,,100.0,23.0,10^-6.08355,,,,,,0
1241982,1,59732,Chryseobacterium nakagawai,"",bacteria,false,,,,0.06041637368186547,2,,,98.495,99.5,10^-53.2987,,,,,,,,,,,,,,,,,,0
536441,1,59732,Chryseobacterium taklimakanense,"",bacteria,false,,,,0.030208186840932735,1,,,100.0,101.0,10^-56.3801,,,,,,,,,,,,,,,,,,0
395935,1,59732,Chryseobacterium hagamense,"",bacteria,false,,,,,,,,,,,,,,,,0.030208186840932735,1,,,70.0,30.0,10^-3.9914,,,,,,0
59585,2,59585,Corynespora,"",eukaryota,false,,,,0.030208186840932735,1,,,100.0,101.0,10^-56.3801,,,,,,,,,,,,,,,,,[59586],0
59586,1,59585,Corynespora cassiicola,"",eukaryota,false,,,,0.030208186840932735,1,,,100.0,101.0,10^-56.3801,,,,,,,,,,,,,,,,,,0
58823,2,58823,Plodia,"",eukaryota,false,,,,0.0906245605227982,3,,,92.0763,56.6667,10^-19.3587,,,,,,0.24166549472746188,8,,,85.8875,29.75,10^-7.35379,,,,,[58824],0
58824,1,58823,Plodia interpunctella,Indianmeal moth,eukaryota,false,,,,0.0906245605227982,3,,,92.0763,56.6667,10^-19.3587,,,,,,0.24166549472746188,8,,,85.8875,29.75,10^-7.35379,,,,,,0
58781,2,58781,Dinothrombium,"",eukaryota,false,,,,,,,,,,,,,,,,0.21145730788652914,7,,,71.6857,32.2857,10^-6.91259,,,,,"[1965070, 58782]",0
1965070,1,58781,Dinothrombium tinctorium,"",eukaryota,false,,,,,,,,,,,,,,,,0.1812491210455964,6,,,67.4667,32.1667,10^-5.95894,,,,,,0
58782,1,58781,Dinothrombium pandorae,"",eukaryota,false,,,,,,,,,,,,,,,,0.030208186840932735,1,,,97.0,33.0,10^-12.6345,,,,,,0
58738,2,58738,Fopius,"",eukaryota,false,,,,0.3624982420911928,12,,,83.5399,146.25,10^-26.5127,,,,,,0.21145730788652914,7,,,87.2333,29.5,10^-9.23441,,,,,[64838],0
64838,1,58738,Fopius arisanus,"",eukaryota,false,,,,0.3624982420911928,12,,,83.5399,146.25,10^-26.5127,,,,,,0.21145730788652914,7,,,87.2333,29.5,10^-9.23441,,,,,,0
58670,2,58670,Hypsibius,"",eukaryota,false,,,,,,,,,,,,,,,,0.030208186840932735,1,,,95.5,22.0,10^-4.15552,,,,,[2072580],0
2072580,1,58670,Hypsibius exemplaris,"",eukaryota,false,,,,,,,,,,,,,,,,0.030208186840932735,1,,,95.5,22.0,10^-4.15552,,,,,,0
58612,2,58612,Grylloblatta,"",eukaryota,false,,,,0.06041637368186547,2,,,91.295,40.0,10^-10.1229,,,,,,,,,,,,,,,,,"[202358, 58613]",0
202358,1,58612,Grylloblatta campodeiformis,"",eukaryota,false,,,,0.030208186840932735,1,,,90.698,43.0,10^-11.4627,,,,,,,,,,,,,,,,,,0
58613,1,58612,Grylloblatta rothi,"",eukaryota,false,,,,0.030208186840932735,1,,,91.892,37.0,10^-8.78321,,,,,,,,,,,,,,,,,,0
58368,2,58368,Chondrostereum,"",eukaryota,false,,,,0.030208186840932735,1,,,96.04,101.0,10^-50.8906,,,,,,,,,,,,,,,,,[58369],0
58369,1,58368,Chondrostereum purpureum,"",eukaryota,false,,,,0.030208186840932735,1,,,96.04,101.0,10^-50.8906,,,,,,,,,,,,,,,,,,0
58001,2,58001,Daktulosphaira,"",eukaryota,false,,,,,,,,,,,,,,,,0.2718736815683946,9,,,78.9556,31.1111,10^-8.09709,,,,,[58002],0
58002,1,58001,Daktulosphaira vitifoliae,grape phylloxera,eukaryota,false,,,,,,,,,,,,,,,,0.2718736815683946,9,,,78.9556,31.1111,10^-8.09709,,,,,,0
57739,2,57739,Vogesella,"",bacteria,false,,,,,,,,,,,,,,,,0.0906245605227982,3,,,85.5667,32.3333,10^-10.9132,,,,,[1069161],0
1069161,1,57739,Vogesella fluminis,"",bacteria,false,,,,,,,,,,,,,,,,0.0906245605227982,3,,,85.5667,32.3333,10^-10.9132,,,,,,0
57515,2,57515,Nicrophorus,sexton beetles,eukaryota,false,,,,0.6343719236595874,21,,,89.9898,63.4706,10^-21.0065,,,,,,2.0239485183424932,67,,,95.137,94.5902,10^-60.694,,,,,"[307049, 110193]",0
307049,1,57515,Nicrophorus nepalensis,"",eukaryota,false,,,,0.06041637368186547,2,,,91.071,56.0,10^-18.896,,,,,,,,,,,,,,,,,,0
110193,1,57515,Nicrophorus vespilloides,"",eukaryota,false,,,,0.5739555499777219,19,,,89.8456,64.4667,10^-21.2879,,,,,,2.0239485183424932,67,,,95.137,94.5902,10^-60.694,,,,,,0
57499,2,57499,Kytococcus,"",bacteria,false,,,,0.030208186840932735,1,,,100.0,101.0,10^-56.3801,,,,,,,,,,,,,,,,,[1276],0
1276,1,57499,Kytococcus sedentarius,"",bacteria,false,,,,0.030208186840932735,1,,,100.0,101.0,10^-56.3801,,,,,,,,,,,,,,,,,,0
57495,2,57495,Dermacoccus,"",bacteria,false,,,,0.12083274736373094,4,,,100.0,99.5,10^-55.3573,,,,,,,,,,,,,,,,,[1274],0
1274,1,57495,Dermacoccus nishinomiyaensis,"",bacteria,false,,,,0.12083274736373094,4,,,100.0,99.5,10^-55.3573,,,,,,,,,,,,,,,,,,0
57493,2,57493,Kocuria,"",bacteria,false,,,,0.1812491210455964,6,,,97.6817,100.5,10^-52.8369,,,,,,0.030208186840932735,1,,,100.0,32.0,10^-11.9469,,,,,"[72000, 1275]",0
72000,1,57493,Kocuria rhizophila,"",bacteria,false,,,,0.1812491210455964,6,,,97.6817,100.5,10^-52.8369,,,,,,,,,,,,,,,,,,0
1275,1,57493,Kocuria rosea,"",bacteria,false,,,,,,,,,,,,,,,,0.030208186840932735,1,,,100.0,32.0,10^-11.9469,,,,,,0
57295,2,57295,Nymphon,"",eukaryota,false,,,,,,,,,,,,,,,,0.1812491210455964,6,,,89.5,32.0,10^-8.81861,,,,,"[2773414, 424472]",0
2773414,1,57295,Nymphon conirostrum,"",eukaryota,false,,,,,,,,,,,,,,,,0.030208186840932735,1,,,93.9,33.0,10^-12.0841,,,,,,0
424472,1,57295,Nymphon striatum,"",eukaryota,false,,,,,,,,,,,,,,,,0.15104093420466366,5,,,88.62,31.8,10^-8.16552,,,,,,0
57133,2,57133,Hydnum,"",eukaryota,false,,,,,,,,,,,,,,,,0.06041637368186547,2,,,95.0,30.0,10^-10.0894,,,,,[139363],0
139363,1,57133,Hydnum rufescens,"",eukaryota,false,,,,,,,,,,,,,,,,0.06041637368186547,2,,,95.0,30.0,10^-10.0894,,,,,,0
57077,2,57077,Dicrocoelium,"",eukaryota,false,,,,0.1812491210455964,6,,,92.5427,46.1667,10^-13.164,,,,,,0.0906245605227982,3,,,69.4,32.6667,10^-7.12691,,,,,[57078],1
57078,1,57077,Dicrocoelium dendriticum,"",eukaryota,false,,,,0.1812491210455964,6,,,92.5427,46.1667,10^-13.164,,,,,,0.0906245605227982,3,,,69.4,32.6667,10^-7.12691,,,,,,1
56930,2,56930,Lunularia,"",eukaryota,false,,,,0.06041637368186547,2,,,84.615,39.0,10^-6.01561,,,,,,,,,,,,,,,,,[56931],0
56931,1,56930,Lunularia cruciata,"",eukaryota,false,,,,0.06041637368186547,2,,,84.615,39.0,10^-6.01561,,,,,,,,,,,,,,,,,,0
56747,2,56747,Fibularhizoctonia,"",eukaryota,false,,,,,,,,,,,,,,,,0.15104093420466366,5,,,83.36,31.0,10^-9.5719,,,,,[436010],0
436010,1,56747,Fibularhizoctonia sp. CBS 109695,"",eukaryota,false,,,,,,,,,,,,,,,,0.15104093420466366,5,,,83.36,31.0,10^-9.5719,,,,,,0
56621,2,56621,Pseudomyrmex,"",eukaryota,false,,,,0.12083274736373094,4,,,95.4105,39.5,10^-12.1867,,,,,,0.15104093420466366,5,,,80.46,31.6,10^-7.87619,,,,,[219809],0
219809,1,56621,Pseudomyrmex gracilis,"",eukaryota,false,,,,0.12083274736373094,4,,,95.4105,39.5,10^-12.1867,,,,,,0.15104093420466366,5,,,80.46,31.6,10^-7.87619,,,,,,0
56587,2,56587,Furcula,"",eukaryota,false,,,,0.0906245605227982,3,,,90.66,49.6667,10^-15.0626,,,,,,,,,,,,,,,,,[987943],0
987943,1,56587,Furcula furcula,"",eukaryota,false,,,,0.0906245605227982,3,,,90.66,49.6667,10^-15.0626,,,,,,,,,,,,,,,,,,0
56534,2,56534,Pulicaria,"",eukaryota,false,,,,0.15104093420466366,5,,,88.6722,39.0,10^-8.2118,,,,,,,,,,,,,,,,,[56535],0
56535,1,56534,Pulicaria dysenterica,"",eukaryota,false,,,,0.15104093420466366,5,,,88.6722,39.0,10^-8.2118,,,,,,,,,,,,,,,,,,0
56393,2,56393,Meganola,"",eukaryota,false,,,,0.1812491210455964,6,,,83.1207,68.5,10^-17.3296,,,,,,,,,,,,,,,,,[987977],0
987977,1,56393,Meganola albula,"",eukaryota,false,,,,0.1812491210455964,6,,,83.1207,68.5,10^-17.3296,,,,,,,,,,,,,,,,,,0
56391,2,56391,Lithophane,"",eukaryota,false,,,,0.33229005525026006,11,,,92.2197,50.3636,10^-15.9655,,,,,,,,,,,,,,,,,"[1870035, 997538, 987973]",0
1870035,1,56391,Lithophane leautieri,"",eukaryota,false,,,,0.06041637368186547,2,,,91.271,66.5,10^-22.6361,,,,,,,,,,,,,,,,,,0
997538,1,56391,Lithophane socia,"",eukaryota,false,,,,0.0906245605227982,3,,,95.985,41.0,10^-13.3138,,,,,,,,,,,,,,,,,,0
987973,1,56391,Lithophane ornitopus,"",eukaryota,false,,,,0.1812491210455964,6,,,90.6533,49.6667,10^-15.0678,,,,,,,,,,,,,,,,,,0
56375,2,56375,Catocala,"",eukaryota,false,,,,0.15104093420466366,5,,,86.4094,50.0,10^-10.454,,,,,,,,,,,,,,,,,[423510],0
423510,1,56375,Catocala fraxini,"",eukaryota,false,,,,0.15104093420466366,5,,,86.4094,50.0,10^-10.454,,,,,,,,,,,,,,,,,,0
56365,2,56365,Amphipyra,"",eukaryota,false,,,,0.15104093420466366,5,,,88.424,65.75,10^-22.1135,,,,,,,,,,,,,,,,,"[987877, 689058]",0
987877,1,56365,Amphipyra berbera,"",eukaryota,false,,,,0.12083274736373094,4,,,86.6487,61.0,10^-17.7482,,,,,,,,,,,,,,,,,,0
689058,1,56365,Amphipyra tragopoginis,"",eukaryota,false,,,,0.030208186840932735,1,,,93.75,80.0,10^-35.2095,,,,,,,,,,,,,,,,,,0
56362,2,56362,Acronicta,"",eukaryota,false,,,,0.6645801105005201,22,,,91.1621,48.1818,10^-14.0428,,,,,,,,,,,,,,,,,"[987865, 987862, 987859]",0
987865,1,56362,Acronicta psi,"",eukaryota,false,,,,0.3020818684093273,10,,,89.9783,49.6,10^-13.4689,,,,,,,,,,,,,,,,,,0
987862,1,56362,Acronicta leporina,"",eukaryota,false,,,,0.24166549472746188,8,,,92.9331,48.0,10^-15.7141,,,,,,,,,,,,,,,,,,0
987859,1,56362,Acronicta aceris,"",eukaryota,false,,,,0.12083274736373094,4,,,90.5798,45.0,10^-12.1347,,,,,,,,,,,,,,,,,,0
56096,2,56096,Gerris,"",eukaryota,false,,,,0.9364537920689148,31,,,84.9831,120.097,10^-20.3248,,,,,,,,,,,,,,,,,[108914],0
108914,1,56096,Gerris lacustris,"",eukaryota,false,,,,0.9364537920689148,31,,,84.9831,120.097,10^-20.3248,,,,,,,,,,,,,,,,,,0
55977,2,55977,Tomicus,"",eukaryota,false,,,,0.030208186840932735,1,,,89.0,100.0,10^-40.6021,,,,,,,,,,,,,,,,,[143020],0
143020,1,55977,Tomicus piniperda,common pine shoot beetle,eukaryota,false,,,,0.030208186840932735,1,,,89.0,100.0,10^-40.6021,,,,,,,,,,,,,,,,,,0
55799,2,55799,Diploscapter,"",eukaryota,false,,,,,,,,,,,,,,,,0.06041637368186547,2,,,63.05,32.5,10^-4.69698,,,,,[2018661],0
2018661,1,55799,Diploscapter pachys,"",eukaryota,false,,,,,,,,,,,,,,,,0.06041637368186547,2,,,63.05,32.5,10^-4.69698,,,,,,0
55709,2,55709,Cerastoderma,"",eukaryota,false,,,,0.15104093420466366,5,,,84.5,43.6,10^-8.026,,,,,,,,,,,,,,,,,[55710],0
55710,1,55709,Cerastoderma edule,"",eukaryota,false,,,,0.15104093420466366,5,,,84.5,43.6,10^-8.026,,,,,,,,,,,,,,,,,,0
55528,2,55528,Guillardia,"",eukaryota,false,,,,0.06041637368186547,2,,,93.2435,37.0,10^-9.46939,,,,,,0.030208186840932735,1,,,60.6,33.0,10^-4.7986,,,,,[55529],0
55529,1,55528,Guillardia theta,"",eukaryota,false,,,,0.06041637368186547,2,,,93.2435,37.0,10^-9.46939,,,,,,0.030208186840932735,1,,,60.6,33.0,10^-4.7986,,,,,,0
55512,2,55512,Pistacia,"",eukaryota,false,,,,,,,,,,,,,,,,0.030208186840932735,1,,,66.7,33.0,10^-5.69037,,,,,[434235],0
434235,1,55512,Pistacia integerrima,"",eukaryota,false,,,,,,,,,,,,,,,,0.030208186840932735,1,,,66.7,33.0,10^-5.69037,,,,,,0
55193,2,55193,Malassezia,"",eukaryota,false,,,,0.24166549472746188,8,,,99.1227,79.0,10^-40.9724,,,,,,,,,,,,,,,,,"[77020, 76773]",0
77020,1,55193,Malassezia pachydermatis,"",eukaryota,false,,,,0.12083274736373094,4,,,97.368,38.0,10^-12.2026,,,,,,,,,,,,,,,,,,0
76773,1,55193,Malassezia globosa,"",eukaryota,false,,,,0.12083274736373094,4,,,100.0,99.5,10^-55.3573,,,,,,,,,,,,,,,,,,0
55182,2,55182,Forsythia,"",eukaryota,false,,,,0.030208186840932735,1,,,100.0,83.0,10^-44.114,,,,,,,,,,,,,,,,,[126418],0
126418,1,55182,Forsythia suspensa,"",eukaryota,false,,,,0.030208186840932735,1,,,100.0,83.0,10^-44.114,,,,,,,,,,,,,,,,,,0
55170,2,55170,Didymella,"",eukaryota,false,,,,0.030208186840932735,1,,,100.0,100.0,10^-55.6982,,,,,,,,,,,,,,,,,[749589],0
749589,1,55170,Didymella pinodes,pea foot rot fungus,eukaryota,false,,,,0.030208186840932735,1,,,100.0,100.0,10^-55.6982,,,,,,,,,,,,,,,,,,0
55080,2,55080,Brevibacillus,"",bacteria,false,,,,0.030208186840932735,1,,,96.939,98.0,10^-50.2175,,,,,,0.030208186840932735,1,,,81.8,33.0,10^-6.22768,,,,,"[1882945, 45462]",0
1882945,1,55080,Brevibacillus sp.,"",bacteria,false,,,,0.030208186840932735,1,,,96.939,98.0,10^-50.2175,,,,,,,,,,,,,,,,,,0
45462,1,55080,Brevibacillus borstelensis,"",bacteria,false,,,,,,,,,,,,,,,,0.030208186840932735,1,,,81.8,33.0,10^-6.22768,,,,,,0
55077,2,55077,Monomorium,"",eukaryota,false,,,,0.030208186840932735,1,,,83.0,100.0,10^-32.3679,,,,,,8.881206931234225,294,,,41.0056,195.39,10^-42.9866,,,,,[307658],0
307658,1,55077,Monomorium pharaonis,pharaoh ant,eukaryota,false,,,,0.030208186840932735,1,,,83.0,100.0,10^-32.3679,,,,,,8.881206931234225,294,,,41.0056,195.39,10^-42.9866,,,,,,0
54968,2,54968,Polypedilum,"",eukaryota,false,,,,,,,,,,,,,,,,2.235405826229022,74,,,93.1246,30.2754,10^-8.81722,,,,,[319348],0
319348,1,54968,Polypedilum vanderplanki,sleeping chironomid,eukaryota,false,,,,,,,,,,,,,,,,2.235405826229022,74,,,93.1246,30.2754,10^-8.81722,,,,,,0
54298,2,54298,Chroococcidiopsis,"",bacteria,false,,,,0.06041637368186547,2,,,100.0,91.0,10^-49.5635,,,,,,,,,,,,,,,,,[54299],0
54299,1,54298,Chroococcidiopsis thermalis,"",bacteria,false,,,,0.06041637368186547,2,,,100.0,91.0,10^-49.5635,,,,,,,,,,,,,,,,,,0
53945,2,53945,Octadecabacter,"",bacteria,false,,,,0.06041637368186547,2,,,94.34,53.0,10^-19.6061,,,,,,,,,,,,,,,,,[1217908],0
1217908,1,53945,Octadecabacter antarcticus,"",bacteria,false,,,,0.06041637368186547,2,,,94.34,53.0,10^-19.6061,,,,,,,,,,,,,,,,,,0
53922,2,53922,Senna,"",eukaryota,false,,,,,,,,,,,,,,,,0.06041637368186547,2,,,93.85,32.5,10^-10.2535,,,,,[362788],0
362788,1,53922,Senna tora,"",eukaryota,false,,,,,,,,,,,,,,,,0.06041637368186547,2,,,93.85,32.5,10^-10.2535,,,,,,0
53849,2,53849,Campylotropis,"",eukaryota,false,,,,0.030208186840932735,1,,,100.0,91.0,10^-49.5635,,,,,,,,,,,,,,,,,[2518016],0
2518016,1,53849,Campylotropis pinetorum,"",eukaryota,false,,,,0.030208186840932735,1,,,100.0,91.0,10^-49.5635,,,,,,,,,,,,,,,,,,0
53567,2,53567,Tripteroides,"",eukaryota,false,,,,0.030208186840932735,1,,,84.848,99.0,10^-34.4308,,,,,,,,,,,,,,,,,[53568],0
53568,1,53567,Tripteroides bambusa,"",eukaryota,false,,,,0.030208186840932735,1,,,84.848,99.0,10^-34.4308,,,,,,,,,,,,,,,,,,0
53551,2,53551,Sabethes,"",eukaryota,false,,,,134.24518232110506,4444,,,87.6491,144.414,10^-37.2523,,,,,,296.7048111516413,9822,,,82.2034,61.3535,10^-24.6687,,,,,"[464956, 218602, 53552]",0
464956,1,53551,Sabethes belisarioi,"",eukaryota,false,,,,0.030208186840932735,1,,,98.0,50.0,10^-20.3176,,,,,,,,,,,,,,,,,,0
218602,1,53551,Sabethes sp. PP-2003,"",eukaryota,false,,,,13.442643144215067,445,,,88.0,100.0,10^-21.475,,,,,,,,,,,,,,,,,,0
53552,1,53551,Sabethes cyaneus,"",eukaryota,false,,,,120.77233099004907,3998,,,87.608,149.305,10^-38.9855,,,,,,296.7048111516413,9822,,,82.2034,61.3535,10^-24.6687,,,,,,0
53524,2,53524,Deinocerites,"",eukaryota,false,,,,0.06041637368186547,2,,,94.737,38.0,10^-10.8302,,,,,,,,,,,,,,,,,[53525],0
53525,1,53524,Deinocerites cancer,"",eukaryota,false,,,,0.06041637368186547,2,,,94.737,38.0,10^-10.8302,,,,,,,,,,,,,,,,,,0
53475,2,53475,Mesorhabditis,"",eukaryota,false,,,,,,,,,,,,,,,,0.030208186840932735,1,,,78.8,33.0,10^-10.8996,,,,,[2138241],0
2138241,1,53475,Mesorhabditis belari,"",eukaryota,false,,,,,,,,,,,,,,,,0.030208186840932735,1,,,78.8,33.0,10^-10.8996,,,,,,0
53460,2,53460,Nakamurella,"",bacteria,false,,,,0.030208186840932735,1,,,100.0,100.0,10^-55.6982,,,,,,,,,,,,,,,,,[1902245],0
1902245,1,53460,Nakamurella antarctica,"",bacteria,false,,,,0.030208186840932735,1,,,100.0,100.0,10^-55.6982,,,,,,,,,,,,,,,,,,0
53335,2,53335,Pantoea,"",bacteria,false,,,,9402.20752967979,311247,,,99.6779,298.598,10^-164.978,,,,,,4053.545967624241,134187,,,97.7643,66.717,10^-42.2389,,,,,"[3098669, 3074822, 3044234, 3043311, 3028622, 3024247, 3016792, 3014336, 2975364, 2974561, 2970818, 2968031, 2929506, 2929505, 2907307, 2886821, 2836826, 2831036, 2799791, 2787629, 2769261, 2769258, 2768165, 2767442, 2750734, 2726955, 2681407, 2676834, 2608358, 2608354, 2608353, 2608041, 2608038, 2608032, 2608006, 2601250, 2601249, 2576761, 2576760, 2576759, 2576758, 2575375, 2518128, 2507583, 2490851, 2479547, 2364647, 2259618, 2202162, 2184004, 2183907, 2161819, 2135461, 2135460, 2052056, 2027923, 2027922, 2008894, 1964541, 1947036, 1947033, 1925589, 1891675, 1869313, 1835724, 1683695, 1522060, 1500896, 1484158, 1484157, 1459975, 1411610, 1378084, 1343867, 1267600, 1235990, 1225184, 1144320, 1076551, 1076550, 1076549, 592316, 574096, 472705, 472695, 472694, 472693, 470934, 470933, 470932, 470931, 399758, 218084, 92488, 69393, 66269, 59814, 55209, 553, 549]",0
3098669,1,53335,Pantoea soli,"",bacteria,false,,,,,,,,,,,,,,,,0.21145730788652914,7,,,99.5714,32.1429,10^-12.5116,,,,,,0
3074822,1,53335,Pantoea alfalfae,"",bacteria,false,,,,0.06041637368186547,2,,,100.0,100.0,10^-55.6982,,,,,,,,,,,,,,,,,,0
3044234,1,53335,Pantoea sp. V106_11,"",bacteria,false,,,,,,,,,,,,,,,,0.0906245605227982,3,,,100.0,31.3333,10^-9.47736,,,,,,0
3043311,1,53335,Pantoea sp. Pa-EAmG,"",bacteria,false,,,,,,,,,,,,,,,,0.24166549472746188,8,,,100.0,32.75,10^-11.2231,,,,,,0
3028622,1,53335,Pantoea sp. Lij88,"",bacteria,false,,,,,,,,,,,,,,,,0.030208186840932735,1,,,100.0,33.0,10^-13.4283,,,,,,0
3024247,1,53335,Pantoea sp. SS70,"",bacteria,false,,,,0.0906245605227982,3,,,91.7427,100.667,10^-44.7164,,,,,,,,,,,,,,,,,,0
3016792,1,53335,Pantoea sp. QMID3,"",bacteria,false,,,,,,,,,,,,,,,,0.030208186840932735,1,,,92.3,26.0,10^-7.20551,,,,,,0
3014336,1,53335,Pantoea sp. LMR881,"",bacteria,false,,,,,,,,,,,,,,,,0.12083274736373094,4,,,99.225,30.25,10^-10.0839,,,,,,0
2975364,1,53335,Pantoea sp. GD03673,"",bacteria,false,,,,,,,,,,,,,,,,0.12083274736373094,4,,,100.0,30.0,10^-10.4019,,,,,,0
2974561,1,53335,Pantoea sp. B623,"",bacteria,false,,,,,,,,,,,,,,,,0.030208186840932735,1,,,100.0,33.0,10^-13.3134,,,,,,0
2970818,1,53335,Pantoea sp. SOD02,"",bacteria,false,,,,0.030208186840932735,1,,,97.0,100.0,10^-51.5811,,,,,,,,,,,,,,,,,,0
2968031,1,53335,Pantoea sp. MMK3,"",bacteria,false,,,,,,,,,,,,,,,,0.030208186840932735,1,,,100.0,33.0,10^-9.83268,,,,,,0
2929506,1,53335,Pantoea sp. Fr+CA_20,"",bacteria,false,,,,,,,,,,,,,,,,0.06041637368186547,2,,,100.0,32.5,10^-12.2888,,,,,,0
2929505,1,53335,Pantoea sp. Fr-CA_6,"",bacteria,false,,,,,,,,,,,,,,,,0.030208186840932735,1,,,100.0,32.0,10^-9.70553,,,,,,0
2907307,1,53335,Pantoea sp. MQR6,"",bacteria,false,,,,,,,,,,,,,,,,0.06041637368186547,2,,,100.0,33.0,10^-12.9106,,,,,,0
2886821,1,53335,Pantoea sp. Z09,"",bacteria,false,,,,0.0906245605227982,3,,,99.2913,96.6667,10^-52.5116,,,,,,0.030208186840932735,1,,,92.6,27.0,10^-5.17457,,,,,,0
2836826,1,53335,Pantoea sp. B270,"",bacteria,false,,,,,,,,,,,,,,,,0.06041637368186547,2,,,100.0,32.0,10^-12.8359,,,,,,0
2831036,1,53335,Pantoea bituminis,"",bacteria,false,,,,,,,,,,,,,,,,0.030208186840932735,1,,,100.0,21.0,10^-3.31336,,,,,,0
2799791,1,53335,Pantoea sp. JGM49,"",bacteria,false,,,,,,,,,,,,,,,,0.030208186840932735,1,,,100.0,33.0,10^-13.0947,,,,,,0
2787629,1,53335,Pantoea sp. SM3640,"",bacteria,false,,,,,,,,,,,,,,,,0.030208186840932735,1,,,100.0,33.0,10^-10.5214,,,,,,0
2769261,1,53335,Pantoea sp. PNT02,"",bacteria,false,,,,,,,,,,,,,,,,0.030208186840932735,1,,,100.0,33.0,10^-13.8041,,,,,,0
2769258,1,53335,Pantoea sp. PNT03,"",bacteria,false,,,,,,,,,,,,,,,,0.030208186840932735,1,,,100.0,33.0,10^-13.3645,,,,,,0
2768165,1,53335,Pantoea sp. MT58,"",bacteria,false,,,,0.030208186840932735,1,,,100.0,99.0,10^-55.0164,,,,,,,,,,,,,,,,,,0
2767442,1,53335,Pantoea sp. S61,"",bacteria,false,,,,,,,,,,,,,,,,0.030208186840932735,1,,,100.0,32.0,10^-13.7905,,,,,,0
2750734,1,53335,Pantoea sp. WMus005,"",bacteria,false,,,,,,,,,,,,,,,,0.06041637368186547,2,,,92.3,26.0,10^-5.33957,,,,,,0
2726955,1,53335,Pantoea nemavictus,"",bacteria,false,,,,,,,,,,,,,,,,0.030208186840932735,1,,,100.0,33.0,10^-15.6655,,,,,,0
2681407,1,53335,Pantoea sp. 18059,"",bacteria,false,,,,,,,,,,,,,,,,0.06041637368186547,2,,,98.5,33.0,10^-12.6176,,,,,,0
2676834,1,53335,Pantoea jilinensis,"",bacteria,false,,,,0.030208186840932735,1,,,84.058,69.0,10^-19.4915,,,,,,,,,,,,,,,,,,0
2608358,1,53335,Pantoea sp. Ap-870,"",bacteria,false,,,,,,,,,,,,,,,,0.06041637368186547,2,,,100.0,33.0,10^-10.2013,,,,,,0
2608354,1,53335,Pantoea communis,"",bacteria,false,,,,,,,,,,,,,,,,0.0906245605227982,3,,,100.0,31.0,10^-10.3978,,,,,,0
2608353,1,53335,Pantoea sp. Cy-640,"",bacteria,false,,,,,,,,,,,,,,,,0.06041637368186547,2,,,100.0,33.0,10^-12.6152,,,,,,0
2608041,1,53335,Pantoea sp. M_9,"",bacteria,false,,,,,,,,,,,,,,,,0.0906245605227982,3,,,100.0,33.0,10^-13.2372,,,,,,0
2608038,1,53335,Pantoea sp. M_5,"",bacteria,false,,,,,,,,,,,,,,,,0.12083274736373094,4,,,97.725,32.75,10^-11.7913,,,,,,0
2608032,1,53335,Pantoea sp. F_5,"",bacteria,false,,,,,,,,,,,,,,,,1.5104093420466367,50,,,95.582,19.92,10^-3.83699,,,,,,0
2608006,1,53335,Pantoea sp. B_10,"",bacteria,false,,,,,,,,,,,,,,,,0.5739555499777219,19,,,94.3613,160.737,10^-100.284,,,,,,0
2601250,1,53335,Pantoea sp. Morm,"",bacteria,false,,,,,,,,,,,,,,,,0.12083274736373094,4,,,99.15,31.75,10^-9.82892,,,,,,0
2601249,1,53335,Pantoea sp. Pent,"",bacteria,false,,,,,,,,,,,,,,,,0.24166549472746188,8,,,99.2,31.5,10^-10.8456,,,,,,0
2576761,1,53335,Pantoea sp. Seng,"",bacteria,false,,,,,,,,,,,,,,,,0.06041637368186547,2,,,100.0,31.5,10^-11.8581,,,,,,0
2576760,1,53335,Pantoea sp. Nvir,"",bacteria,false,,,,,,,,,,,,,,,,0.030208186840932735,1,,,100.0,31.0,10^-11.5086,,,,,,0
2576759,1,53335,Pantoea sp. Mhis,"",bacteria,false,,,,,,,,,,,,,,,,0.06041637368186547,2,,,71.45,31.5,10^-7.10805,,,,,,0
2576758,1,53335,Pantoea sp. Eser,"",bacteria,false,,,,,,,,,,,,,,,,0.12083274736373094,4,,,99.25,32.75,10^-11.2781,,,,,,0
2575375,1,53335,Pantoea sp. SO10,"",bacteria,false,,,,0.06041637368186547,2,,,96.1115,90.0,10^-44.0788,,,,,,,,,,,,,,,,,,0
2518128,1,53335,Candidatus Pantoea persica,"",bacteria,false,,,,,,,,,,,,,,,,0.3624982420911928,12,,,98.7083,29.0833,10^-8.86174,,,,,,0
2507583,1,53335,Pantoea sp. R102,"",bacteria,false,,,,,,,,,,,,,,,,0.15104093420466366,5,,,100.0,32.8,10^-11.999,,,,,,0
2490851,1,53335,Pantoea sp. CCBC3-3-1,"",bacteria,false,,,,0.2718736815683946,9,,,99.6288,101.0,10^-44.5968,,,,,,0.06041637368186547,2,,,96.95,33.0,10^-11.101,,,,,,0
2479547,1,53335,Pantoea sp. 201603H,"",bacteria,false,,,,0.06041637368186547,2,,,96.0345,100.5,10^-50.5496,,,,,,,,,,,,,,,,,,0
2364647,1,53335,Pantoea piersonii,"",bacteria,false,,,,0.030208186840932735,1,,,96.97,99.0,10^-50.8993,,,,,,0.12083274736373094,4,,,100.0,32.5,10^-12.2207,,,,,,0
2259618,1,53335,Pantoea sp. 3_1284,"",bacteria,false,,,,,,,,,,,,,,,,0.030208186840932735,1,,,100.0,32.0,10^-9.04191,,,,,,0
2202162,1,53335,Pantoea sp. RIT 413,"",bacteria,false,,,,,,,,,,,,,,,,0.0906245605227982,3,,,99.0,32.3333,10^-12.2017,,,,,,0
2184004,1,53335,Pantoea sp. AG1095,"",bacteria,false,,,,,,,,,,,,,,,,0.030208186840932735,1,,,100.0,33.0,10^-10.7878,,,,,,0
2183907,1,53335,Pantoea sp. AG702,"",bacteria,false,,,,,,,,,,,,,,,,0.12083274736373094,4,,,100.0,68.25,10^-43.0453,,,,,,0
2161819,1,53335,[Erwinia] mediterraneensis,"",bacteria,false,,,,,,,,,,,,,,,,0.06041637368186547,2,,,98.4,31.5,10^-11.2611,,,,,,0
2135461,1,53335,Pantoea sp. PNA 14-12,"",bacteria,false,,,,,,,,,,,,,,,,0.6343719236595874,21,,,98.9667,39.619,10^-20.244,,,,,,0
2135460,1,53335,Pantoea sp. PNA 03-3,"",bacteria,false,,,,,,,,,,,,,,,,13.895765946829057,460,,,99.6476,96.2004,10^-48.67,,,,,,0
2052056,1,53335,Pantoea phytobeneficialis,"",bacteria,false,,,,,,,,,,,,,,,,513.9318827247886,17013,,,95.454,43.9935,10^-23.0635,,,,,,0
2027923,1,53335,Pantoea sp. ARC270,"",bacteria,false,,,,,,,,,,,,,,,,0.06041637368186547,2,,,100.0,33.0,10^-12.9163,,,,,,0
2027922,1,53335,Pantoea sp. ARC607,"",bacteria,false,,,,,,,,,,,,,,,,9.817660723303138,325,,,91.4871,278.322,10^-305.644,,,,,,0
2008894,1,53335,Pantoea sp. AMG 501,"",bacteria,false,,,,,,,,,,,,,,,,0.030208186840932735,1,,,100.0,32.0,10^-9.86012,,,,,,0
1964541,1,53335,Pantoea latae,"",bacteria,false,,,,,,,,,,,,,,,,0.030208186840932735,1,,,97.0,33.0,10^-13.1694,,,,,,0
1947036,1,53335,Pantoea sp. UBA5037,"",bacteria,false,,,,,,,,,,,,,,,,0.030208186840932735,1,,,100.0,31.0,10^-9.22475,,,,,,0
1947033,1,53335,Pantoea sp. UBA4549,"",bacteria,false,,,,,,,,,,,,,,,,0.06041637368186547,2,,,98.45,32.5,10^-12.3459,,,,,,0
1925589,1,53335,Pantoea sp. 1.19,"",bacteria,false,,,,,,,,,,,,,,,,0.030208186840932735,1,,,100.0,29.0,10^-8.67985,,,,,,0
1891675,1,53335,Pantoea alhagi,"",bacteria,false,,,,0.06041637368186547,2,,,98.02,101.0,10^-53.6353,,,,,,0.0906245605227982,3,,,100.0,31.0,10^-9.10031,,,,,,0
1869313,1,53335,Pantoea deserta,"",bacteria,false,,,,,,,,,,,,,,,,0.0906245605227982,3,,,100.0,32.0,10^-10.4139,,,,,,0
1835724,1,53335,Pantoea sp. OXWO6B1,"",bacteria,false,,,,,,,,,,,,,,,,1.0874947262735783,36,,,97.4979,86.4706,10^-54.607,,,,,,0
1683695,1,53335,Pantoea sp. EKM101V,"",bacteria,false,,,,,,,,,,,,,,,,0.030208186840932735,1,,,100.0,33.0,10^-11.4449,,,,,,0
1522060,1,53335,Pantoea sp. 3.5.1,"",bacteria,false,,,,,,,,,,,,,,,,1.1781192867963766,39,,,99.9091,76.6364,10^-46.1582,,,,,,0
1500896,1,53335,Pantoea sp. 9140,"",bacteria,false,,,,,,,,,,,,,,,,0.2718736815683946,9,,,100.0,81.0,10^-50.4989,,,,,,0
1484158,1,53335,Pantoea sp. PSNIH1,"",bacteria,false,,,,6.917674786573596,229,,,99.8581,116.16,10^-54.0439,,,,,,6.373927423436807,211,,,92.0,50.0,10^-26.9706,,,,,,0
1484157,1,53335,Pantoea sp. PSNIH2,"",bacteria,false,,,,,,,,,,,,,,,,0.030208186840932735,1,,,100.0,33.0,10^-10.2782,,,,,,0
1459975,1,53335,Pantoea sp. LS-013,"",bacteria,false,,,,49.29976092440222,1632,,,100.0,129.0,10^-58.9172,,,,,,,,,,,,,,,,,,0
1411610,1,53335,Pantoea sp. A205,"",bacteria,false,,,,0.030208186840932735,1,,,100.0,100.0,10^-55.6982,,,,,,,,,,,,,,,,,,0
1378084,1,53335,Pantoea sp. GL120224-02,"",bacteria,false,,,,,,,,,,,,,,,,0.12083274736373094,4,,,96.375,28.25,10^-9.73101,,,,,,0
1343867,1,53335,Pantoea sp. BRM17,"",bacteria,false,,,,,,,,,,,,,,,,0.0906245605227982,3,,,100.0,24.6667,10^-4.53912,,,,,,0
1267600,1,53335,Pantoea sp. IMH,"",bacteria,false,,,,,,,,,,,,,,,,0.21145730788652914,7,,,93.766,50.5714,10^-29.0302,,,,,,0
1235990,1,53335,Candidatus Pantoea carbekii,"",bacteria,false,,,,,,,,,,,,,,,,0.1812491210455964,6,,,91.3047,57.0,10^-29.1568,,,,,,0
1225184,1,53335,Pantoea sp. A4,"",bacteria,false,,,,,,,,,,,,,,,,0.030208186840932735,1,,,100.0,33.0,10^-10.2495,,,,,,0
1144320,1,53335,Pantoea sp. GM01,"",bacteria,false,,,,,,,,,,,,,,,,0.1812491210455964,6,,,90.8753,60.3333,10^-28.8709,,,,,,0
1076551,1,53335,Pantoea wallisii,"",bacteria,false,,,,,,,,,,,,,,,,0.21145730788652914,7,,,98.1714,30.1429,10^-10.3115,,,,,,0
1076550,1,53335,Pantoea rwandensis,"",bacteria,false,,,,1.1479110999554438,38,,,95.861,99.6774,10^-49.8121,,,,,,0.1812491210455964,6,,,95.45,32.6667,10^-10.5103,,,,,,0
1076549,1,53335,Pantoea rodasii,"",bacteria,false,,,,,,,,,,,,,,,,0.15104093420466366,5,,,95.72,31.6,10^-9.78437,,,,,,0
592316,1,53335,Pantoea sp. At-9b,"",bacteria,false,,,,0.030208186840932735,1,,,100.0,69.0,10^-34.5876,,,,,,0.0906245605227982,3,,,100.0,32.6667,10^-10.302,,,,,,0
574096,1,53335,Pantoea allii,"",bacteria,false,,,,,,,,,,,,,,,,3.081235057775139,102,,,98.4745,54.4158,10^-25.1787,,,,,,0
472705,1,53335,Pantoea conspicua,"",bacteria,false,,,,,,,,,,,,,,,,0.030208186840932735,1,,,100.0,33.0,10^-11.2457,,,,,,0
472695,1,53335,Pantoea septica,"",bacteria,false,,,,,,,,,,,,,,,,0.6041637368186547,20,,,98.44,31.55,10^-11.8263,,,,,,0
472694,1,53335,Pantoea brenneri,"",bacteria,false,,,,,,,,,,,,,,,,0.21145730788652914,7,,,95.0667,29.6667,10^-10.0565,,,,,,0
472693,1,53335,Pantoea eucrina,"",bacteria,false,,,,0.6947882973414529,23,,,99.0948,99.6087,10^-54.1787,,,,,,0.21145730788652914,7,,,99.5714,31.7143,10^-9.93958,,,,,,0
470934,1,53335,Pantoea vagans,"",bacteria,false,,,,0.6645801105005201,22,,,98.4581,93.25,10^-49.1816,,,,,,2.0843648920243587,69,,,89.4884,113.687,10^-54.8618,,,,,,0
470933,1,53335,Pantoea eucalypti,"",bacteria,false,,,,,,,,,,,,,,,,0.030208186840932735,1,,,90.9,33.0,10^-7.53018,,,,,,0
470932,1,53335,Pantoea deleyi,"",bacteria,false,,,,,,,,,,,,,,,,0.6041637368186547,20,,,98.5714,71.8,10^-32.2567,,,,,,0
470931,1,53335,Pantoea anthophila,"",bacteria,false,,,,0.12083274736373094,4,,,99.505,101.0,10^-55.6939,,,,,,0.030208186840932735,1,,,100.0,33.0,10^-10.5229,,,,,,0
399758,1,53335,Pantoea sp. BAC-C2,"",bacteria,false,,,,0.030208186840932735,1,,,100.0,101.0,10^-56.3801,,,,,,,,,,,,,,,,,,0
218084,1,53335,uncultured Pantoea sp.,"",bacteria,false,,,,0.06041637368186547,2,,,100.0,53.0,10^-23.7252,,,,,,0.453122802613991,15,,,96.36,30.1333,10^-9.50402,,,,,,0
92488,1,53335,Pantoea endophytica,"",bacteria,false,,,,,,,,,,,,,,,,0.030208186840932735,1,,,97.0,33.0,10^-11.3325,,,,,,0
69393,1,53335,Pantoea sp.,"",bacteria,false,,,,0.1812491210455964,6,,,99.3898,100.0,10^-54.3259,,,,,,1.238535660478242,41,,,98.8707,31.122,10^-11.1508,,,,,,0
66269,1,53335,Pantoea stewartii,"",bacteria,false,,,,8528.314892558448,282318,,,99.7636,293.44,10^-160.755,,,,,,186.08243094014563,6160,,,99.0987,109.601,10^-81.1711,,,,,,0
59814,1,53335,Pantoea dispersa,"",bacteria,false,,,,592.2315030164863,19605,,,98.8241,431.573,10^-255.529,,,,,,2.7791531893658115,92,,,99.5974,37.1196,10^-15.4367,,,,,,0
55209,1,53335,Pantoea cypripedii,"",bacteria,false,,,,0.030208186840932735,1,,,96.0,100.0,10^-50.2087,,,,,,1.5104093420466367,50,,,90.1295,31.8864,10^-8.04966,,,,,,0
553,1,53335,Pantoea ananatis,"",bacteria,false,,,,210.73231140234674,6976,,,99.5119,102.66,10^-51.9049,,,,,,3274.9601599860403,108413,,,97.7902,60.013,10^-35.8226,,,,,,0
549,1,53335,Pantoea agglomerans,"",bacteria,false,,,,10.905155449576718,361,,,99.2656,97.4819,10^-52.9963,,,,,,24.831129583246707,822,,,95.9614,43.635,10^-21.7419,,,,,,0
53246,2,53246,Pseudoalteromonas,"",bacteria,false,,,,,,,,,,,,,,,,136.81287820258436,4529,,,83.9609,36.2779,10^-14.1972,,,,,"[2992761, 2942288, 2066515, 579558, 151081, 116092, 43657]",0
2992761,1,53246,Pseudoalteromonas sp. G4,"",bacteria,false,,,,,,,,,,,,,,,,0.030208186840932735,1,,,100.0,23.0,10^-6.20761,,,,,,0
2942288,1,53246,Pseudoalteromonas sp. NCCP-2140,"",bacteria,false,,,,,,,,,,,,,,,,0.030208186840932735,1,,,81.8,33.0,10^-7.83565,,,,,,0
2066515,1,53246,Pseudoalteromonas sp. S558,"",bacteria,false,,,,,,,,,,,,,,,,136.6014208946978,4522,,,83.9084,36.3119,10^-14.2271,,,,,,0
579558,1,53246,Pseudoalteromonas sp. S4488,"",bacteria,false,,,,,,,,,,,,,,,,0.030208186840932735,1,,,90.9,33.0,10^-9.25806,,,,,,0
151081,1,53246,Pseudoalteromonas ruthenica,"",bacteria,false,,,,,,,,,,,,,,,,0.030208186840932735,1,,,100.0,32.0,10^-13.6676,,,,,,0
116092,1,53246,Pseudoalteromonas sp. A25,"",bacteria,false,,,,,,,,,,,,,,,,0.06041637368186547,2,,,89.4,33.0,10^-11.1676,,,,,,0
43657,1,53246,Pseudoalteromonas luteoviolacea,"",bacteria,false,,,,,,,,,,,,,,,,0.030208186840932735,1,,,93.3,30.0,10^-7.59517,,,,,,0
52972,2,52972,Polaromonas,"",bacteria,false,,,,0.06041637368186547,2,,,92.748,87.5,10^-39.6361,,,,,,,,,,,,,,,,,"[2895561, 37448]",0
2895561,1,52972,Polaromonas sp. P1(28)-13,"",bacteria,false,,,,0.030208186840932735,1,,,86.486,74.0,10^-24.2644,,,,,,,,,,,,,,,,,,0
37448,1,52972,Polaromonas vacuolata,"",bacteria,false,,,,0.030208186840932735,1,,,99.01,101.0,10^-55.0077,,,,,,,,,,,,,,,,,,0
52939,2,52939,Tridacna,"",eukaryota,false,,,,0.1812491210455964,6,,,87.4762,48.0,10^-11.6526,,,,,,,,,,,,,,,,,"[80833, 80829]",0
80833,1,52939,Tridacna crocea,"",eukaryota,false,,,,0.15104093420466366,5,,,86.8762,49.2,10^-11.8258,,,,,,,,,,,,,,,,,,0
80829,1,52939,Tridacna gigas,"",eukaryota,false,,,,0.030208186840932735,1,,,90.476,42.0,10^-10.7867,,,,,,,,,,,,,,,,,,0
52831,2,52831,Hoya,"",eukaryota,false,,,,0.030208186840932735,1,,,100.0,91.0,10^-49.5635,,,,,,,,,,,,,,,,,[2817244],0
2817244,1,52831,Hoya lithophytica,"",eukaryota,false,,,,0.030208186840932735,1,,,100.0,91.0,10^-49.5635,,,,,,,,,,,,,,,,,,0
52733,2,52733,Dilophus,"",eukaryota,false,,,,0.5739555499777219,19,,,90.0436,60.8333,10^-20.5151,,,,,,,,,,,,,,,,,[52734],0
52734,1,52733,Dilophus febrilis,"",eukaryota,false,,,,0.5739555499777219,19,,,90.0436,60.8333,10^-20.5151,,,,,,,,,,,,,,,,,,0
52718,2,52718,Bolitophila,"",eukaryota,false,,,,0.030208186840932735,1,,,85.897,78.0,10^-25.6139,,,,,,,,,,,,,,,,,[1262260],0
1262260,1,52718,Bolitophila sp. BMW-2012,"",eukaryota,false,,,,0.030208186840932735,1,,,85.897,78.0,10^-25.6139,,,,,,,,,,,,,,,,,,0
52633,2,52633,Diprion,"",eukaryota,false,,,,0.0906245605227982,3,,,89.215,69.3333,10^-24.297,,,,,,0.3020818684093273,10,,,83.29,29.7,10^-7.03076,,,,,[362088],0
362088,1,52633,Diprion similis,"",eukaryota,false,,,,0.0906245605227982,3,,,89.215,69.3333,10^-24.297,,,,,,0.3020818684093273,10,,,83.29,29.7,10^-7.03076,,,,,,0
52282,2,52282,Sarcoptes,"",eukaryota,false,,,,0.12083274736373094,4,,,90.282,75.25,10^-27.5444,,,,,,0.06041637368186547,2,,,86.35,33.0,10^-10.2045,,,,,[52283],1
52283,1,52282,Sarcoptes scabiei,"",eukaryota,false,,,,0.12083274736373094,4,,,90.282,75.25,10^-27.5444,,,,,,0.06041637368186547,2,,,86.35,33.0,10^-10.2045,,,,,,1
51668,2,51668,Tetragenococcus,"",bacteria,false,,,,,,,,,,,,,,,,0.030208186840932735,1,,,72.7,33.0,10^-8.67572,,,,,[51669],0
51669,1,51668,Tetragenococcus halophilus,"",bacteria,false,,,,,,,,,,,,,,,,0.030208186840932735,1,,,72.7,33.0,10^-8.67572,,,,,,0
51654,2,51654,Plutella,"",eukaryota,false,,,,0.39270642893212554,13,,,87.3611,72.3846,10^-16.5981,,,,,,5.769763686618152,191,,,66.5269,52.1292,10^-14.6955,,,,,[51655],0
51655,1,51654,Plutella xylostella,diamondback moth,eukaryota,false,,,,0.39270642893212554,13,,,87.3611,72.3846,10^-16.5981,,,,,,5.769763686618152,191,,,66.5269,52.1292,10^-14.6955,,,,,,0
51649,2,51649,Sacculina,"",eukaryota,false,,,,0.06041637368186547,2,,,93.718,39.5,10^-11.1565,,,,,,,,,,,,,,,,,[51650],0
51650,1,51649,Sacculina carcini,"",eukaryota,false,,,,0.06041637368186547,2,,,93.718,39.5,10^-11.1565,,,,,,,,,,,,,,,,,,0
51538,2,51538,Microplitis,"",eukaryota,false,,,,0.453122802613991,15,,,91.1127,52.0667,10^-16.5111,,,,,,0.453122802613991,15,,,90.3533,32.2667,10^-9.6275,,,,,"[1427173, 375433, 69319]",0
1427173,1,51538,Microplitis manilae,"",eukaryota,false,,,,0.12083274736373094,4,,,92.0727,53.0,10^-17.5605,,,,,,,,,,,,,,,,,,0
375433,1,51538,Microplitis mediator,"",eukaryota,false,,,,0.1812491210455964,6,,,89.9977,53.8333,10^-16.7485,,,,,,0.33229005525026006,11,,,87.1182,32.0,10^-8.84668,,,,,,0
69319,1,51538,Microplitis demolitor,"",eukaryota,false,,,,0.15104093420466366,5,,,91.6828,49.2,10^-15.3868,,,,,,0.12083274736373094,4,,,99.25,33.0,10^-11.7747,,,,,,0
51366,2,51366,Salinivibrio,"",bacteria,false,,,,,,,,,,,,,,,,1.4499929683647712,48,,,78.8286,130.562,10^-65.3339,,,,,"[1908198, 1886796]",0
1908198,1,51366,Salinivibrio kushneri,"",bacteria,false,,,,,,,,,,,,,,,,0.06041637368186547,2,,,85.95,28.5,10^-5.91684,,,,,,0
1886796,1,51366,Salinivibrio sp.,"",bacteria,false,,,,,,,,,,,,,,,,1.3895765946829057,46,,,78.519,135.0,10^-67.9172,,,,,,0
51293,2,51293,Capitella,"",eukaryota,false,,,,,,,,,,,,,,,,0.030208186840932735,1,,,90.9,33.0,10^-8.34969,,,,,[283909],0
283909,1,51293,Capitella teleta,"",eukaryota,false,,,,,,,,,,,,,,,,0.030208186840932735,1,,,90.9,33.0,10^-8.34969,,,,,,0
51109,2,51109,Dendronephthya,"",eukaryota,false,,,,,,,,,,,,,,,,0.0906245605227982,3,,,56.5667,33.0,10^-4.49387,,,,,[151771],0
151771,1,51109,Dendronephthya gigantea,"",eukaryota,false,,,,,,,,,,,,,,,,0.0906245605227982,3,,,56.5667,33.0,10^-4.49387,,,,,,0
51027,2,51027,Enterobius,"",eukaryota,false,,,,,,,,,,,,,,,,0.39270642893212554,13,,,95.3769,29.5385,10^-11.1361,,,,,[51028],1
51028,1,51027,Enterobius vermicularis,human pinworm,eukaryota,false,,,,,,,,,,,,,,,,0.39270642893212554,13,,,95.3769,29.5385,10^-11.1361,,,,,,1
50714,2,50714,Acidisphaera,"",bacteria,false,,,,,,,,,,,,,,,,0.06041637368186547,2,,,88.9,18.0,10^-4.36754,,,,,[50715],0
50715,1,50714,Acidisphaera rubrifaciens,"",bacteria,false,,,,,,,,,,,,,,,,0.06041637368186547,2,,,88.9,18.0,10^-4.36754,,,,,,0
50607,2,50607,Sialis,"",eukaryota,false,,,,0.12083274736373094,4,,,88.905,65.0,10^-21.9309,,,,,,,,,,,,,,,,,[279420],0
279420,1,50607,Sialis lutaria,"",eukaryota,false,,,,0.12083274736373094,4,,,88.905,65.0,10^-21.9309,,,,,,,,,,,,,,,,,,0
50582,2,50582,Ephemera,"",eukaryota,false,,,,,,,,,,,,,,,,74.37255600237638,2462,,,58.4198,206.481,10^-51.0483,,,,,[1049336],0
1049336,1,50582,Ephemera danica,"",eukaryota,false,,,,,,,,,,,,,,,,74.37255600237638,2462,,,58.4198,206.481,10^-51.0483,,,,,,0
50451,2,50451,Arabis,rockcress,eukaryota,false,,,,0.06041637368186547,2,,,97.436,39.0,10^-12.8775,,,,,,,,,,,,,,,,,[50452],0
50452,1,50451,Arabis alpina,gray rockcress,eukaryota,false,,,,0.06041637368186547,2,,,97.436,39.0,10^-12.8775,,,,,,,,,,,,,,,,,,0
50428,2,50428,Stylophora,"",eukaryota,false,,,,0.06041637368186547,2,,,85.366,41.0,10^-7.36626,,,,,,0.030208186840932735,1,,,54.5,33.0,10^-4.94692,,,,,[50429],0
50429,1,50428,Stylophora pistillata,"",eukaryota,false,,,,0.06041637368186547,2,,,85.366,41.0,10^-7.36626,,,,,,0.030208186840932735,1,,,54.5,33.0,10^-4.94692,,,,,,0
50425,2,50425,Pinctada,"",eukaryota,false,,,,0.24166549472746188,8,,,91.3811,40.375,10^-10.3781,,,,,,,,,,,,,,,,,[50426],0
50426,1,50425,Pinctada fucata,"",eukaryota,false,,,,0.24166549472746188,8,,,91.3811,40.375,10^-10.3781,,,,,,,,,,,,,,,,,,0
50416,2,50416,Mimachlamys,"",eukaryota,false,,,,0.21145730788652914,7,,,89.5986,39.1429,10^-8.66167,,,,,,,,,,,,,,,,,[50417],0
50417,1,50416,Mimachlamys varia,"",eukaryota,false,,,,0.21145730788652914,7,,,89.5986,39.1429,10^-8.66167,,,,,,,,,,,,,,,,,,0
50385,2,50385,Diabrotica,"",eukaryota,false,,,,0.39270642893212554,13,,,92.0681,60.5385,10^-21.2594,,,,,,0.5437473631367892,18,,,76.9222,31.4444,10^-7.33599,,,,,"[107213, 50389]",0
107213,1,50385,Diabrotica balteata,"",eukaryota,false,,,,,,,,,,,,,,,,0.12083274736373094,4,,,79.275,31.0,10^-7.87764,,,,,,0
50389,1,50385,Diabrotica virgifera,"",eukaryota,false,,,,0.39270642893212554,13,,,92.0681,60.5385,10^-21.2594,,,,,,0.4229146157730583,14,,,76.25,31.5714,10^-7.18123,,,,,,0
50375,2,50375,Fusicladium,"",eukaryota,false,,,,0.030208186840932735,1,,,100.0,81.0,10^-42.7522,,,,,,,,,,,,,,,,,[1896108],0
1896108,1,50375,Fusicladium sp.,"",eukaryota,false,,,,0.030208186840932735,1,,,100.0,81.0,10^-42.7522,,,,,,,,,,,,,,,,,,0
50022,2,50022,Panonychus,"",eukaryota,false,,,,0.030208186840932735,1,,,82.558,86.0,10^-25.5715,,,,,,,,,,,,,,,,,[50023],0
50023,1,50022,Panonychus citri,citrus red mite,eukaryota,false,,,,0.030208186840932735,1,,,82.558,86.0,10^-25.5715,,,,,,,,,,,,,,,,,,0
49606,2,49606,Lonicera,honeysuckles,eukaryota,false,,,,0.030208186840932735,1,,,100.0,96.0,10^-52.9712,,,,,,,,,,,,,,,,,[105884],0
105884,1,49606,Lonicera japonica,"",eukaryota,false,,,,0.030208186840932735,1,,,100.0,96.0,10^-52.9712,,,,,,,,,,,,,,,,,,0
48796,2,48796,Setaria,"",eukaryota,false,,,,0.12083274736373094,4,,,100.0,94.5,10^-51.9487,,,,,,,,,,,,,,,,,[221943],0
221943,1,48796,Setaria tundra,"",eukaryota,false,,,,0.12083274736373094,4,,,100.0,94.5,10^-51.9487,,,,,,,,,,,,,,,,,,0
48736,2,48736,Ralstonia,"",bacteria,false,,,,0.1812491210455964,6,,,90.8472,43.3333,10^-11.6884,,,,,,0.06041637368186547,2,,,96.85,31.5,10^-9.55753,,,,,"[329, 305]",1
329,1,48736,Ralstonia pickettii,"",bacteria,false,,,,,,,,,,,,,,,,0.030208186840932735,1,,,96.7,30.0,10^-8.94692,,,,,,1
305,1,48736,Ralstonia solanacearum,"",bacteria,false,,,,0.1812491210455964,6,,,90.8472,43.3333,10^-11.6884,,,,,,0.030208186840932735,1,,,97.0,33.0,10^-10.1681,,,,,,0
48720,2,48720,Andrena,sand bees,eukaryota,false,,,,1.359368407841973,45,,,88.849,74.0698,10^-19.2082,,,,,,,,,,,,,,,,,"[1542580, 1431430, 1411667, 1411666, 1190802, 1126402, 444401]",0
1542580,1,48720,Andrena bucephala,"",eukaryota,false,,,,0.030208186840932735,1,,,75.325,77.0,10^-13.9544,,,,,,,,,,,,,,,,,,0
1431430,1,48720,Andrena trimmerana,"",eukaryota,false,,,,0.24166549472746188,8,,,92.1417,41.7143,10^-11.574,,,,,,,,,,,,,,,,,,0
1411667,1,48720,Andrena fulva,"",eukaryota,false,,,,0.33229005525026006,11,,,84.2765,124.636,10^-22.0653,,,,,,,,,,,,,,,,,,0
1411666,1,48720,Andrena dorsata,"",eukaryota,false,,,,0.030208186840932735,1,,,70.886,79.0,10^-9.82615,,,,,,,,,,,,,,,,,,0
1190802,1,48720,Andrena minutula,"",eukaryota,false,,,,0.21145730788652914,7,,,91.9374,62.8571,10^-23.3729,,,,,,,,,,,,,,,,,,0
1126402,1,48720,Andrena hattorfiana,"",eukaryota,false,,,,0.24166549472746188,8,,,90.7961,51.7143,10^-15.8164,,,,,,,,,,,,,,,,,,0
444401,1,48720,Andrena haemorrhoa,"",eukaryota,false,,,,0.2718736815683946,9,,,91.4584,62.6667,10^-22.6791,,,,,,,,,,,,,,,,,,0
48705,2,48705,Orchesella,"",eukaryota,false,,,,,,,,,,,,,,,,0.24166549472746188,8,,,87.05,26.375,10^-4.71026,,,,,[48709],0
48709,1,48705,Orchesella cincta,"",eukaryota,false,,,,,,,,,,,,,,,,0.24166549472746188,8,,,87.05,26.375,10^-4.71026,,,,,,0
48558,2,48558,Pyricularia,"",eukaryota,false,,,,0.0906245605227982,3,,,99.2907,93.6667,10^-50.4659,,,,,,,,,,,,,,,,,[318829],0
318829,1,48558,Pyricularia oryzae,"",eukaryota,false,,,,0.0906245605227982,3,,,99.2907,93.6667,10^-50.4659,,,,,,,,,,,,,,,,,,0
48073,2,48073,Microbulbifer,"",bacteria,false,,,,,,,,,,,,,,,,0.030208186840932735,1,,,63.6,33.0,10^-5.383,,,,,[3036711],0
3036711,1,48073,Microbulbifer sp. NKW57,"",bacteria,false,,,,,,,,,,,,,,,,0.030208186840932735,1,,,63.6,33.0,10^-5.383,,,,,,0
47833,2,47833,Zeugodacus,"",eukaryota,false,,,,0.24166549472746188,8,,,85.5389,77.375,10^-24.3394,,,,,,0.3020818684093273,10,,,84.75,31.2,10^-7.36025,,,,,[28588],0
28588,1,47833,Zeugodacus cucurbitae,melon fly,eukaryota,false,,,,0.24166549472746188,8,,,85.5389,77.375,10^-24.3394,,,,,,0.3020818684093273,10,,,84.75,31.2,10^-7.36025,,,,,,0
47830,2,47830,Lachnellula,"",eukaryota,false,,,,,,,,,,,,,,,,3.292692365661668,109,,,63.9474,230.943,10^-75.8977,,,,,"[602035, 602034]",0
602035,1,47830,Lachnellula suecica,"",eukaryota,false,,,,,,,,,,,,,,,,2.86977774988861,95,,,62.3973,252.055,10^-82.6231,,,,,,0
602034,1,47830,Lachnellula subtilissima,"",eukaryota,false,,,,,,,,,,,,,,,,0.4229146157730583,14,,,74.0231,93.7143,10^-32.1828,,,,,,0
47766,2,47766,Agrotis,"",eukaryota,false,,,,0.48333098945492375,16,,,88.3101,51.3125,10^-14.1888,,,,,,0.030208186840932735,1,,,66.7,30.0,10^-3.79588,,,,,"[1857961, 997525, 215162]",0
1857961,1,47766,Agrotis puta,"",eukaryota,false,,,,0.24166549472746188,8,,,85.4898,47.25,10^-10.064,,,,,,,,,,,,,,,,,,0
997525,1,47766,Agrotis clavis,"",eukaryota,false,,,,0.1812491210455964,6,,,89.5253,55.3333,10^-16.8516,,,,,,,,,,,,,,,,,,0
215162,1,47766,Agrotis exclamationis,heart and dart moth,eukaryota,false,,,,0.06041637368186547,2,,,95.946,55.5,10^-22.6995,,,,,,0.030208186840932735,1,,,66.7,30.0,10^-3.79588,,,,,,0
47747,2,47747,Hyaloscypha,"",eukaryota,false,,,,,,,,,,,,,,,,0.1812491210455964,6,,,75.6667,32.5,10^-7.00696,,,,,[2482753],0
2482753,1,47747,Hyaloscypha finlandica,"",eukaryota,false,,,,,,,,,,,,,,,,0.1812491210455964,6,,,75.6667,32.5,10^-7.00696,,,,,,0
47732,2,47732,Cataglyphis,"",eukaryota,false,,,,0.12083274736373094,4,,,87.573,56.75,10^-15.6479,,,,,,0.0906245605227982,3,,,100.0,31.6667,10^-12.357,,,,,[1086592],0
1086592,1,47732,Cataglyphis hispanica,"",eukaryota,false,,,,0.12083274736373094,4,,,87.573,56.75,10^-15.6479,,,,,,0.0906245605227982,3,,,100.0,31.6667,10^-12.357,,,,,,0
47720,2,47720,Lyophyllum,"",eukaryota,false,,,,0.1812491210455964,6,,,97.4475,90.6667,10^-46.1359,,,,,,0.06041637368186547,2,,,86.7,30.0,10^-7.86967,,,,,"[117065, 64660]",0
117065,1,47720,Lyophyllum atratum,"",eukaryota,false,,,,,,,,,,,,,,,,0.06041637368186547,2,,,86.7,30.0,10^-7.86967,,,,,,0
64660,1,47720,Lyophyllum decastes,"",eukaryota,false,,,,0.1812491210455964,6,,,97.4475,90.6667,10^-46.1359,,,,,,,,,,,,,,,,,,0
47614,2,47614,Gossypioides,"",eukaryota,false,,,,0.06041637368186547,2,,,83.771,40.0,10^-6.00475,,,,,,,,,,,,,,,,,[47615],0
47615,1,47614,Gossypioides kirkii,"",eukaryota,false,,,,0.06041637368186547,2,,,83.771,40.0,10^-6.00475,,,,,,,,,,,,,,,,,,0
47605,2,47605,Hibiscus,"",eukaryota,false,,,,0.0906245605227982,3,,,86.7923,38.6667,10^-6.70686,,,,,,0.0906245605227982,3,,,73.4333,31.3333,10^-6.98694,,,,,"[2862204, 183268, 106335]",0
2862204,1,47605,Hibiscus tridactylites,"",eukaryota,false,,,,0.0906245605227982,3,,,86.7923,38.6667,10^-6.70686,,,,,,,,,,,,,,,,,,0
183268,1,47605,Hibiscus trionum,"",eukaryota,false,,,,,,,,,,,,,,,,0.030208186840932735,1,,,71.0,31.0,10^-5.46218,,,,,,0
106335,1,47605,Hibiscus syriacus,"",eukaryota,false,,,,,,,,,,,,,,,,0.06041637368186547,2,,,74.65,31.5,10^-7.74932,,,,,,0
47424,2,47424,Armillaria,"",eukaryota,false,,,,0.0906245605227982,3,,,100.0,99.3333,10^-55.2437,,,,,,0.06041637368186547,2,,,91.3,28.5,10^-6.7686,,,,,"[47428, 47426, 47425]",0
47428,1,47424,Armillaria ostoyae,"",eukaryota,false,,,,,,,,,,,,,,,,0.06041637368186547,2,,,91.3,28.5,10^-6.7686,,,,,,0
47426,1,47424,Armillaria cepistipes,"",eukaryota,false,,,,0.06041637368186547,2,,,100.0,99.0,10^-55.0165,,,,,,,,,,,,,,,,,,0
47425,1,47424,Armillaria borealis,"",eukaryota,false,,,,0.030208186840932735,1,,,100.0,100.0,10^-55.6982,,,,,,,,,,,,,,,,,,0
47420,2,47420,Hydrogenophaga,"",bacteria,false,,,,0.06041637368186547,2,,,98.515,101.0,10^-54.3215,,,,,,,,,,,,,,,,,"[2651974, 47421]",0
2651974,1,47420,Hydrogenophaga sp. BPS33,"",bacteria,false,,,,0.030208186840932735,1,,,98.02,101.0,10^-53.6353,,,,,,,,,,,,,,,,,,0
47421,1,47420,Hydrogenophaga pseudoflava,"",bacteria,false,,,,0.030208186840932735,1,,,99.01,101.0,10^-55.0077,,,,,,,,,,,,,,,,,,0
47251,2,47251,Leptolyngbya,"",bacteria,false,,,,0.06041637368186547,2,,,96.5345,100.0,10^-50.8949,,,,,,,,,,,,,,,,,"[2819933, 459389]",0
2819933,1,47251,Leptolyngbya sp. 15MV,"",bacteria,false,,,,0.030208186840932735,1,,,93.069,101.0,10^-46.7735,,,,,,,,,,,,,,,,,,0
459389,1,47251,Leptolyngbya sp. CR_17M,"",bacteria,false,,,,0.030208186840932735,1,,,100.0,99.0,10^-55.0164,,,,,,,,,,,,,,,,,,0
47212,2,47212,Trichophaea,"",eukaryota,false,,,,,,,,,,,,,,,,0.030208186840932735,1,,,100.0,32.0,10^-12.214,,,,,[47213],0
47213,1,47212,Trichophaea hybrida,"",eukaryota,false,,,,,,,,,,,,,,,,0.030208186840932735,1,,,100.0,32.0,10^-12.214,,,,,,0
47022,2,47022,Orbilia,"",eukaryota,false,,,,,,,,,,,,,,,,0.030208186840932735,1,,,68.8,32.0,10^-4.27165,,,,,[2813651],0
2813651,1,47022,Orbilia oligospora,"",eukaryota,false,,,,,,,,,,,,,,,,0.030208186840932735,1,,,68.8,32.0,10^-4.27165,,,,,,0
46786,2,46786,Polygonum,"",eukaryota,false,,,,0.06041637368186547,2,,,92.105,38.0,10^-9.45781,,,,,,,,,,,,,,,,,[137693],0
137693,1,46786,Polygonum aviculare,"",eukaryota,false,,,,0.06041637368186547,2,,,92.105,38.0,10^-9.45781,,,,,,,,,,,,,,,,,,0
46719,2,46719,Porites,"",eukaryota,false,,,,0.1812491210455964,6,,,89.1803,57.3333,10^-17.7546,,,,,,0.15104093420466366,5,,,89.32,27.4,10^-7.91387,,,,,"[104759, 104758, 104178, 51062]",0
104759,1,46719,Porites lobata,"",eukaryota,false,,,,,,,,,,,,,,,,0.0906245605227982,3,,,97.0,25.6667,10^-7.76831,,,,,,0
104758,1,46719,Porites astreoides,"",eukaryota,false,,,,,,,,,,,,,,,,0.030208186840932735,1,,,100.0,33.0,10^-12.9281,,,,,,0
104178,1,46719,Porites evermanni,"",eukaryota,false,,,,,,,,,,,,,,,,0.030208186840932735,1,,,55.6,27.0,10^-3.3363,,,,,,0
51062,1,46719,Porites lutea,"",eukaryota,false,,,,0.1812491210455964,6,,,89.1803,57.3333,10^-17.7546,,,,,,,,,,,,,,,,,,0
46703,2,46703,Montipora,"",eukaryota,false,,,,0.12083274736373094,4,,,88.684,46.0,10^-11.7772,,,,,,,,,,,,,,,,,[46704],0
46704,1,46703,Montipora capitata,"",eukaryota,false,,,,0.12083274736373094,4,,,88.684,46.0,10^-11.7772,,,,,,,,,,,,,,,,,,0
46594,2,46594,Harmothoe,"",eukaryota,false,,,,0.21145730788652914,7,,,86.7507,42.7143,10^-9.12228,,,,,,,,,,,,,,,,,[46595],0
46595,1,46594,Harmothoe impar,"",eukaryota,false,,,,0.21145730788652914,7,,,86.7507,42.7143,10^-9.12228,,,,,,,,,,,,,,,,,,0
46580,2,46580,Spirometra,"",eukaryota,false,,,,0.453122802613991,15,,,88.0154,38.6429,10^-7.63714,,,,,,0.06041637368186547,2,,,89.4,32.5,10^-11.2317,,,,,[99802],1
99802,1,46580,Spirometra erinaceieuropaei,"",eukaryota,false,,,,0.453122802613991,15,,,88.0154,38.6429,10^-7.63714,,,,,,0.06041637368186547,2,,,89.4,32.5,10^-11.2317,,,,,,1
46352,2,46352,Agrococcus,"",bacteria,false,,,,0.06041637368186547,2,,,98.9525,95.5,10^-50.5718,,,,,,,,,,,,,,,,,[399736],0
399736,1,46352,Agrococcus jejuensis,"",bacteria,false,,,,0.06041637368186547,2,,,98.9525,95.5,10^-50.5718,,,,,,,,,,,,,,,,,,0
46332,2,46332,Rhynchospora,"",eukaryota,false,,,,,,,,,,,,,,,,0.15104093420466366,5,,,77.38,29.4,10^-4.51255,,,,,"[2022672, 906938]",0
2022672,1,46332,Rhynchospora breviuscula,"",eukaryota,false,,,,,,,,,,,,,,,,0.0906245605227982,3,,,82.8,27.3333,10^-4.44013,,,,,,0
906938,1,46332,Rhynchospora pubera,"",eukaryota,false,,,,,,,,,,,,,,,,0.06041637368186547,2,,,69.25,32.5,10^-4.62118,,,,,,0
46322,2,46322,Luzula,woodrushes,eukaryota,false,,,,0.06041637368186547,2,,,90.647,37.5,10^-8.43433,,,,,,,,,,,,,,,,,[59018],0
59018,1,46322,Luzula sylvatica,"",eukaryota,false,,,,0.06041637368186547,2,,,90.647,37.5,10^-8.43433,,,,,,,,,,,,,,,,,,0
46210,2,46210,Nephrotoma,"",eukaryota,false,,,,0.3020818684093273,10,,,85.8455,63.2,10^-12.7244,,,,,,,,,,,,,,,,,"[2741127, 2719080]",0
2741127,1,46210,Nephrotoma appendiculata,"",eukaryota,false,,,,0.24166549472746188,8,,,85.5039,65.125,10^-11.9517,,,,,,,,,,,,,,,,,,0
2719080,1,46210,Nephrotoma flavescens,"",eukaryota,false,,,,0.06041637368186547,2,,,87.212,55.5,10^-15.8151,,,,,,,,,,,,,,,,,,0
46207,2,46207,Toxorhynchites,"",eukaryota,false,,,,515.1704183852669,17054,,,88.5083,404.79,10^-98.3874,,,,,,670.7727888029114,22205,,,76.4197,130.65,10^-50.9353,,,,,"[332059, 53553, 46208]",0
332059,1,46207,Toxorhynchites brevipalpis,"",eukaryota,false,,,,,,,,,,,,,,,,0.0906245605227982,3,,,65.1,31.0,10^-4.807,,,,,,0
53553,1,46207,Toxorhynchites rutilus,"",eukaryota,false,,,,514.6870873958119,17038,,,88.5108,405.083,10^-98.4639,,,,,,670.6519560555477,22201,,,76.4221,130.668,10^-50.9438,,,,,,0
46208,1,46207,Toxorhynchites amboinensis,"",eukaryota,false,,,,0.48333098945492375,16,,,85.859,99.0,10^-18.3279,,,,,,0.030208186840932735,1,,,57.1,35.0,10^-3.0381,,,,,,0
46104,2,46104,Salicornia,"",eukaryota,false,,,,0.0906245605227982,3,,,95.6803,38.3333,10^-11.5127,,,,,,,,,,,,,,,,,[267548],0
267548,1,46104,Salicornia ramosissima,"",eukaryota,false,,,,0.0906245605227982,3,,,95.6803,38.3333,10^-11.5127,,,,,,,,,,,,,,,,,,0
46053,2,46053,Euphrasia,"",eukaryota,false,,,,0.0906245605227982,3,,,94.5443,36.3333,10^-9.70606,,,,,,,,,,,,,,,,,[475003],0
475003,1,46053,Euphrasia confusa,"",eukaryota,false,,,,0.0906245605227982,3,,,94.5443,36.3333,10^-9.70606,,,,,,,,,,,,,,,,,,0
45951,2,45951,Dreissena,"",eukaryota,false,,,,0.0906245605227982,3,,,85.4373,41.3333,10^-7.13591,,,,,,0.0906245605227982,3,,,61.3,31.0,10^-4.1823,,,,,[45954],0
45954,1,45951,Dreissena polymorpha,"",eukaryota,false,,,,0.0906245605227982,3,,,85.4373,41.3333,10^-7.13591,,,,,,0.0906245605227982,3,,,61.3,31.0,10^-4.1823,,,,,,0
45669,2,45669,Salinicoccus,"",bacteria,false,,,,0.06041637368186547,2,,,100.0,99.0,10^-55.0164,,,,,,,,,,,,,,,,,"[1437774, 407035]",0
1437774,1,45669,Salinicoccus sp. BAB 3246,"",bacteria,false,,,,0.030208186840932735,1,,,100.0,99.0,10^-55.0164,,,,,,,,,,,,,,,,,,0
407035,1,45669,Salinicoccus halodurans,"",bacteria,false,,,,0.030208186840932735,1,,,100.0,99.0,10^-55.0164,,,,,,,,,,,,,,,,,,0
45350,2,45350,Nematostella,"",eukaryota,false,,,,0.030208186840932735,1,,,93.023,43.0,10^-12.8351,,,,,,0.06041637368186547,2,,,70.65,32.5,10^-5.57156,,,,,[45351],0
45351,1,45350,Nematostella vectensis,starlet sea anemone,eukaryota,false,,,,0.030208186840932735,1,,,93.023,43.0,10^-12.8351,,,,,,0.06041637368186547,2,,,70.65,32.5,10^-5.57156,,,,,,0
45308,2,45308,Melanomma,"",eukaryota,false,,,,,,,,,,,,,,,,0.06041637368186547,2,,,93.7,32.0,10^-10.821,,,,,[100047],0
100047,1,45308,Melanomma pulvis-pyrius,"",eukaryota,false,,,,,,,,,,,,,,,,0.06041637368186547,2,,,93.7,32.0,10^-10.821,,,,,,0
45292,2,45292,Massarina,"",eukaryota,false,,,,0.030208186840932735,1,,,96.04,101.0,10^-50.8906,,,,,,0.06041637368186547,2,,,93.9,33.0,10^-12.9855,,,,,"[1671131, 45293]",0
1671131,1,45292,Massarina sp. MUT 4863,"",eukaryota,false,,,,0.030208186840932735,1,,,96.04,101.0,10^-50.8906,,,,,,,,,,,,,,,,,,0
45293,1,45292,Massarina eburnea,"",eukaryota,false,,,,,,,,,,,,,,,,0.06041637368186547,2,,,93.9,33.0,10^-12.9855,,,,,,0
45244,2,45244,Emericellopsis,"",eukaryota,false,,,,0.030208186840932735,1,,,92.5,40.0,10^-10.8079,,,,,,,,,,,,,,,,,[2686198],0
2686198,1,45244,Emericellopsis cladophorae,"",eukaryota,false,,,,0.030208186840932735,1,,,92.5,40.0,10^-10.8079,,,,,,,,,,,,,,,,,,0
45234,2,45234,Cordyceps,"",eukaryota,false,,,,0.3020818684093273,10,,,83.7722,59.1,10^-15.2495,,,,,,,,,,,,,,,,,"[129524, 114497, 73501]",0
129524,1,45234,Cordyceps pruinosa,"",eukaryota,false,,,,0.06041637368186547,2,,,84.935,85.0,10^-26.9541,,,,,,,,,,,,,,,,,,0
114497,1,45234,Cordyceps fumosorosea,"",eukaryota,false,,,,0.030208186840932735,1,,,87.5,40.0,10^-8.06317,,,,,,,,,,,,,,,,,,0
73501,1,45234,Cordyceps militaris,"",eukaryota,false,,,,0.21145730788652914,7,,,82.9074,54.4286,10^-12.932,,,,,,,,,,,,,,,,,,0
45153,2,45153,Westerdykella,"",eukaryota,false,,,,,,,,,,,,,,,,0.06041637368186547,2,,,75.0,28.0,10^-3.94692,,,,,[318751],0
318751,1,45153,Westerdykella ornata,"",eukaryota,false,,,,,,,,,,,,,,,,0.06041637368186547,2,,,75.0,28.0,10^-3.94692,,,,,,0
45059,2,45059,Frankliniella,"",eukaryota,false,,,,0.39270642893212554,13,,,88.9532,65.0,10^-21.3349,,,,,,1.3895765946829057,46,,,80.6367,32.5,10^-8.32224,,,,,[133901],0
133901,1,45059,Frankliniella occidentalis,western flower thrips,eukaryota,false,,,,0.39270642893212554,13,,,88.9532,65.0,10^-21.3349,,,,,,1.3895765946829057,46,,,80.6367,32.5,10^-8.32224,,,,,,0
45057,2,45057,Thrips,"",eukaryota,false,,,,0.12083274736373094,4,,,86.5605,64.5,10^-19.5229,,,,,,1.117702913114511,37,,,67.8041,42.0811,10^-8.95071,,,,,[161013],0
161013,1,45057,Thrips palmi,"",eukaryota,false,,,,0.12083274736373094,4,,,86.5605,64.5,10^-19.5229,,,,,,1.117702913114511,37,,,67.8041,42.0811,10^-8.95071,,,,,,0
44744,2,44744,Haematococcus,"",eukaryota,false,,,,,,,,,,,,,,,,0.06041637368186547,2,,,67.75,31.0,10^-3.63224,,,,,[44745],0
44745,1,44744,Haematococcus lacustris,"",eukaryota,false,,,,,,,,,,,,,,,,0.06041637368186547,2,,,67.75,31.0,10^-3.63224,,,,,,0
44568,2,44568,Parasimulium,"",eukaryota,false,,,,,,,,,,,,,,,,0.030208186840932735,1,,,90.9,33.0,10^-11.7375,,,,,[61060],0
61060,1,44568,Parasimulium crosskeyi,"",eukaryota,false,,,,,,,,,,,,,,,,0.030208186840932735,1,,,90.9,33.0,10^-11.7375,,,,,,0
44474,2,44474,Pleurocapsa,"",bacteria,false,,,,0.030208186840932735,1,,,100.0,98.0,10^-54.3346,,,,,,,,,,,,,,,,,[511792],0
511792,1,44474,uncultured Pleurocapsa sp.,"",bacteria,false,,,,0.030208186840932735,1,,,100.0,98.0,10^-54.3346,,,,,,,,,,,,,,,,,,0
44417,2,44417,Cyclospora,"",eukaryota,false,,,,0.06041637368186547,2,,,91.5095,53.0,10^-17.5475,,,,,,,,,,,,,,,,,[88456],1
88456,1,44417,Cyclospora cayetanensis,"",eukaryota,false,,,,0.06041637368186547,2,,,91.5095,53.0,10^-17.5475,,,,,,,,,,,,,,,,,,1
44259,2,44259,Filifactor,"",bacteria,false,,,,0.030208186840932735,1,,,88.372,86.0,10^-32.4334,,,,,,,,,,,,,,,,,[143361],0
143361,1,44259,Filifactor alocis,"",bacteria,false,,,,0.030208186840932735,1,,,88.372,86.0,10^-32.4334,,,,,,,,,,,,,,,,,,0
44249,2,44249,Paenibacillus,"",bacteria,false,,,,0.12083274736373094,4,,,94.9435,71.5,10^-32.211,,,,,,1.4197847815238385,47,,,79.6,32.6176,10^-5.45887,,,,,"[3024576, 2704462, 2184007, 652715, 483908, 44252, 1406]",0
3024576,1,44249,Paenibacillus sp. PK4536,"",bacteria,false,,,,0.06041637368186547,2,,,97.03,101.0,10^-52.2629,,,,,,,,,,,,,,,,,,0
2704462,1,44249,Paenibacillus lycopersici,"",bacteria,false,,,,0.06041637368186547,2,,,92.857,42.0,10^-12.1591,,,,,,,,,,,,,,,,,,0
2184007,1,44249,Paenibacillus sp. CFBP13512,"",bacteria,false,,,,,,,,,,,,,,,,0.06041637368186547,2,,,100.0,33.0,10^-9.83734,,,,,,0
652715,1,44249,Paenibacillus sp. oral taxon 786,"",bacteria,false,,,,,,,,,,,,,,,,0.030208186840932735,1,,,90.9,33.0,10^-14.4101,,,,,,0
483908,1,44249,Paenibacillus sp. P22,"",bacteria,false,,,,,,,,,,,,,,,,0.030208186840932735,1,,,78.6,28.0,10^-5.38616,,,,,,0
44252,1,44249,Paenibacillus macerans,"",bacteria,false,,,,,,,,,,,,,,,,1.2687438473191748,42,,,78.4276,32.7586,10^-4.8881,,,,,,0
1406,1,44249,Paenibacillus polymyxa,"",bacteria,false,,,,,,,,,,,,,,,,0.030208186840932735,1,,,62.5,32.0,10^-4.37572,,,,,,0
44196,2,44196,Paramuricea,"",eukaryota,false,,,,,,,,,,,,,,,,1.0874947262735783,36,,,68.6093,34.0833,10^-6.26377,,,,,[317549],0
317549,1,44196,Paramuricea clavata,"",eukaryota,false,,,,,,,,,,,,,,,,1.0874947262735783,36,,,68.6093,34.0833,10^-6.26377,,,,,,0
44055,2,44055,Aureococcus,"",eukaryota,false,,,,,,,,,,,,,,,,0.030208186840932735,1,,,75.9,29.0,10^-5.32148,,,,,[44056],0
44056,1,44055,Aureococcus anophagefferens,"",eukaryota,false,,,,,,,,,,,,,,,,0.030208186840932735,1,,,75.9,29.0,10^-5.32148,,,,,,0
44011,2,44011,Ferrimonas,"",bacteria,false,,,,,,,,,,,,,,,,0.030208186840932735,1,,,100.0,33.0,10^-9.4437,,,,,[44012],0
44012,1,44011,Ferrimonas balearica,"",bacteria,false,,,,,,,,,,,,,,,,0.030208186840932735,1,,,100.0,33.0,10^-9.4437,,,,,,0
43971,2,43971,Blastobotrys,"",eukaryota,false,,,,0.030208186840932735,1,,,90.476,42.0,10^-10.7867,,,,,,,,,,,,,,,,,[44072],0
44072,1,43971,Blastobotrys aristatus,"",eukaryota,false,,,,0.030208186840932735,1,,,90.476,42.0,10^-10.7867,,,,,,,,,,,,,,,,,,0
43708,2,43708,Melia,"",eukaryota,false,,,,,,,,,,,,,,,,0.06041637368186547,2,,,78.7,30.0,10^-4.92586,,,,,[155640],0
155640,1,43708,Melia azedarach,"",eukaryota,false,,,,,,,,,,,,,,,,0.06041637368186547,2,,,78.7,30.0,10^-4.92586,,,,,,0
43668,2,43668,Brachybacterium,"",bacteria,false,,,,0.06041637368186547,2,,,98.2955,88.0,10^-45.4609,,,,,,,,,,,,,,,,,"[2942909, 2571029]",0
2942909,1,43668,Brachybacterium kimchii,"",bacteria,false,,,,0.030208186840932735,1,,,98.864,88.0,10^-46.1471,,,,,,,,,,,,,,,,,,0
2571029,1,43668,Brachybacterium sp. SGAir0954,"",bacteria,false,,,,0.030208186840932735,1,,,97.727,88.0,10^-44.7747,,,,,,,,,,,,,,,,,,0
43535,2,43535,Oldenlandia,"",eukaryota,false,,,,0.06041637368186547,2,,,93.478,46.0,10^-14.8643,,,,,,,,,,,,,,,,,[43536],0
43536,1,43535,Oldenlandia corymbosa,"",eukaryota,false,,,,0.06041637368186547,2,,,93.478,46.0,10^-14.8643,,,,,,,,,,,,,,,,,,0
43431,2,43431,Sphaerosporella,"",eukaryota,false,,,,,,,,,,,,,,,,0.06041637368186547,2,,,90.9,33.0,10^-11.4089,,,,,[1250544],0
1250544,1,43431,Sphaerosporella brunnea,"",eukaryota,false,,,,,,,,,,,,,,,,0.06041637368186547,2,,,90.9,33.0,10^-11.4089,,,,,,0
43429,2,43429,Wilcoxina,"",eukaryota,false,,,,,,,,,,,,,,,,0.6947882973414529,23,,,43.4276,66.4783,10^-11.5007,,,,,[43439],0
43439,1,43429,Wilcoxina mikolae,"",eukaryota,false,,,,,,,,,,,,,,,,0.6947882973414529,23,,,43.4276,66.4783,10^-11.5007,,,,,,0
43336,2,43336,Orthosia,"",eukaryota,false,,,,0.906245605227982,30,,,88.5762,90.4828,10^-21.7382,,,,,,,,,,,,,,,,,"[997542, 988011, 43337]",0
997542,1,43336,Orthosia gracilis,"",eukaryota,false,,,,0.7249964841823856,24,,,88.8223,98.0,10^-23.0688,,,,,,,,,,,,,,,,,,0
988011,1,43336,Orthosia incerta,"",eukaryota,false,,,,0.0906245605227982,3,,,89.1763,62.6667,10^-21.1367,,,,,,,,,,,,,,,,,,0
43337,1,43336,Orthosia gothica,"",eukaryota,false,,,,0.0906245605227982,3,,,84.722,42.0,10^-6.67408,,,,,,,,,,,,,,,,,,0
43220,2,43220,Capronia,"",eukaryota,false,,,,0.06041637368186547,2,,,95.455,44.0,10^-14.8836,,,,,,,,,,,,,,,,,[43228],0
43228,1,43220,Capronia epimyces,"",eukaryota,false,,,,0.06041637368186547,2,,,95.455,44.0,10^-14.8836,,,,,,,,,,,,,,,,,,0
43170,2,43170,Linaria,toadflaxes,eukaryota,false,,,,0.030208186840932735,1,,,100.0,101.0,10^-56.3801,,,,,,,,,,,,,,,,,[43171],0
43171,1,43170,Linaria vulgaris,common toadflax,eukaryota,false,,,,0.030208186840932735,1,,,100.0,101.0,10^-56.3801,,,,,,,,,,,,,,,,,,0
43086,2,43086,Odontomachus,"",eukaryota,false,,,,0.15104093420466366,5,,,94.6468,44.4,10^-14.6076,,,,,,0.4229146157730583,14,,,93.6971,47.5,10^-25.5627,,,,,[486640],0
486640,1,43086,Odontomachus brunneus,"",eukaryota,false,,,,0.15104093420466366,5,,,94.6468,44.4,10^-14.6076,,,,,,0.4229146157730583,14,,,93.6971,47.5,10^-25.5627,,,,,,0
42476,2,42476,Oscheius,"",eukaryota,false,,,,0.6041637368186547,20,,,92.2669,46.0,10^-13.7109,,,,,,,,,,,,,,,,,"[2879420, 2879419, 1559960, 473156, 141969]",0
2879420,1,42476,Oscheius sp. DF5120,"",eukaryota,false,,,,0.030208186840932735,1,,,92.105,38.0,10^-9.45781,,,,,,,,,,,,,,,,,,0
2879419,1,42476,Oscheius sp. JU1382,"",eukaryota,false,,,,0.06041637368186547,2,,,92.6925,46.0,10^-14.1819,,,,,,,,,,,,,,,,,,0
1559960,1,42476,Oscheius onirici,"",eukaryota,false,,,,0.1812491210455964,6,,,91.7365,45.1667,10^-13.1608,,,,,,,,,,,,,,,,,,0
473156,1,42476,Oscheius dolichura,"",eukaryota,false,,,,0.2718736815683946,9,,,93.7001,40.1111,10^-11.4944,,,,,,,,,,,,,,,,,,0
141969,1,42476,Oscheius tipulae,"",eukaryota,false,,,,0.06041637368186547,2,,,87.0635,79.0,10^-26.9911,,,,,,,,,,,,,,,,,,0
42398,2,42398,Vittaforma,"",eukaryota,false,,,,72.46944023139763,2399,,,85.0666,1508.82,10^-295.079,,,,,,,,,,,,,,,,,[42399],1
42399,1,42398,Vittaforma corneae,"",eukaryota,false,,,,72.46944023139763,2399,,,85.0666,1508.82,10^-295.079,,,,,,,,,,,,,,,,,,1
42360,2,42360,Daldinia,"",eukaryota,false,,,,0.030208186840932735,1,,,100.0,101.0,10^-56.3801,,,,,,,,,,,,,,,,,[326645],0
326645,1,42360,Daldinia childiae,"",eukaryota,false,,,,0.030208186840932735,1,,,100.0,101.0,10^-56.3801,,,,,,,,,,,,,,,,,,0
42308,2,42308,Hypoxylon,"",eukaryota,false,,,,0.12083274736373094,4,,,98.515,101.0,10^-54.3215,,,,,,0.33229005525026006,11,,,96.0182,31.2727,10^-11.9958,,,,,"[2614582, 1896109, 1799007, 1381684, 1001937, 1001833, 326656, 63214]",0
2614582,1,42308,Hypoxylon sp. FL1857,"",eukaryota,false,,,,,,,,,,,,,,,,0.06041637368186547,2,,,96.9,32.0,10^-16.1566,,,,,,0
1896109,1,42308,Hypoxylon sp.,"",eukaryota,false,,,,0.06041637368186547,2,,,98.02,101.0,10^-53.6353,,,,,,,,,,,,,,,,,,0
1799007,1,42308,Hypoxylon argillaceum,"",eukaryota,false,,,,,,,,,,,,,,,,0.030208186840932735,1,,,97.0,33.0,10^-16.0931,,,,,,0
1381684,1,42308,Hypoxylon griseobrunneum,"",eukaryota,false,,,,0.030208186840932735,1,,,100.0,101.0,10^-56.3801,,,,,,,,,,,,,,,,,,0
1001937,1,42308,Hypoxylon sp. EC38,"",eukaryota,false,,,,,,,,,,,,,,,,0.12083274736373094,4,,,99.175,30.5,10^-11.9458,,,,,,0
1001833,1,42308,Hypoxylon sp. CI-4A,"",eukaryota,false,,,,,,,,,,,,,,,,0.0906245605227982,3,,,94.6333,30.6667,10^-9.84484,,,,,,0
326656,1,42308,Hypoxylon cercidicola,"",eukaryota,false,,,,,,,,,,,,,,,,0.030208186840932735,1,,,84.8,33.0,10^-6.22988,,,,,,0
63214,1,42308,Hypoxylon fragiforme,"",eukaryota,false,,,,0.030208186840932735,1,,,98.02,101.0,10^-53.6353,,,,,,,,,,,,,,,,,,0
42305,2,42305,Hypocrella,"",eukaryota,false,,,,0.030208186840932735,1,,,95.0,100.0,10^-48.8363,,,,,,,,,,,,,,,,,[335949],0
335949,1,42305,Hypocrella raciborskii,"",eukaryota,false,,,,0.030208186840932735,1,,,95.0,100.0,10^-48.8363,,,,,,,,,,,,,,,,,,0
42298,2,42298,Celastrina,"",eukaryota,false,,,,0.0906245605227982,3,,,90.9967,60.6667,10^-19.3519,,,,,,,,,,,,,,,,,[203782],0
203782,1,42298,Celastrina argiolus,holly blue,eukaryota,false,,,,0.0906245605227982,3,,,90.9967,60.6667,10^-19.3519,,,,,,,,,,,,,,,,,,0
42295,2,42295,Colias,clouded yellows,eukaryota,false,,,,0.12083274736373094,4,,,90.7125,63.0,10^-21.9544,,,,,,1.2083274736373093,40,,,67.6403,44.5385,10^-10.6702,,,,,"[72248, 42296]",0
72248,1,42295,Colias croceus,clouded yellow,eukaryota,false,,,,0.12083274736373094,4,,,90.7125,63.0,10^-21.9544,,,,,,0.12083274736373094,4,,,87.65,32.5,10^-7.97235,,,,,,0
42296,1,42295,Colias eurytheme,orange sulphur,eukaryota,false,,,,,,,,,,,,,,,,1.0874947262735783,36,,,65.3534,45.9143,10^-10.9785,,,,,,0
42291,2,42291,Parnassius,"",eukaryota,false,,,,,,,,,,,,,,,,0.4229146157730583,14,,,81.8214,31.0,10^-8.42344,,,,,"[213976, 213905, 110799]",0
213976,1,42291,Parnassius szechenyii,"",eukaryota,false,,,,,,,,,,,,,,,,0.030208186840932735,1,,,100.0,33.0,10^-12.8697,,,,,,0
213905,1,42291,Parnassius acco,"",eukaryota,false,,,,,,,,,,,,,,,,0.06041637368186547,2,,,95.3,32.5,10^-10.2767,,,,,,0
110799,1,42291,Parnassius apollo,apollo,eukaryota,false,,,,,,,,,,,,,,,,0.33229005525026006,11,,,77.7182,30.5455,10^-7.68227,,,,,,0
42274,2,42274,Vanessa,"",eukaryota,false,,,,0.5739555499777219,19,,,85.5327,117.158,10^-27.1593,,,,,,1.238535660478242,41,,,67.7401,86.5854,10^-25.7672,,,,,"[334116, 171605, 42275]",0
334116,1,42274,Vanessa tameamea,"",eukaryota,false,,,,0.453122802613991,15,,,85.2557,132.6,10^-30.0492,,,,,,0.1812491210455964,6,,,97.7667,29.8333,10^-11.2065,,,,,,0
171605,1,42274,Vanessa cardui,"",eukaryota,false,,,,0.06041637368186547,2,,,87.9245,59.5,10^-17.1695,,,,,,0.15104093420466366,5,,,90.9,32.8,10^-13.0723,,,,,,0
42275,1,42274,Vanessa atalanta,red admiral,eukaryota,false,,,,0.06041637368186547,2,,,85.2185,59.0,10^-15.4749,,,,,,0.906245605227982,30,,,57.8748,106.9,10^-30.7952,,,,,,0
42230,2,42230,Mansonella,"",eukaryota,false,,,,1.5104093420466367,50,,,89.189,259.0,10^-84.1226,,,,,,,,,,,,,,,,,[122354],1
122354,1,42230,Mansonella ozzardi,"",eukaryota,false,,,,1.5104093420466367,50,,,89.189,259.0,10^-84.1226,,,,,,,,,,,,,,,,,,1
42054,2,42054,Chromohalobacter,"",bacteria,false,,,,0.030208186840932735,1,,,97.03,101.0,10^-52.2629,,,,,,,,,,,,,,,,,[158080],0
158080,1,42054,Chromohalobacter salexigens,"",bacteria,false,,,,0.030208186840932735,1,,,97.03,101.0,10^-52.2629,,,,,,,,,,,,,,,,,,0
41955,2,41955,Amanita,"",eukaryota,false,,,,0.1812491210455964,6,,,97.4902,79.8333,10^-38.7665,,,,,,,,,,,,,,,,,"[2733427, 87326, 67725, 41956]",0
2733427,1,41955,Amanita bingensis,"",eukaryota,false,,,,0.030208186840932735,1,,,97.98,99.0,10^-52.2716,,,,,,,,,,,,,,,,,,0
87326,1,41955,Amanita brunnescens,"",eukaryota,false,,,,0.06041637368186547,2,,,97.647,85.0,10^-42.7313,,,,,,,,,,,,,,,,,,0
67725,1,41955,Amanita pseudoporphyria,"",eukaryota,false,,,,0.030208186840932735,1,,,91.667,96.0,10^-41.9922,,,,,,,,,,,,,,,,,,0
41956,1,41955,Amanita muscaria,"",eukaryota,false,,,,0.06041637368186547,2,,,100.0,57.0,10^-26.4364,,,,,,,,,,,,,,,,,,0
41891,2,41891,Coccomyxa,"",eukaryota,false,,,,0.030208186840932735,1,,,91.667,36.0,10^-8.10892,,,,,,0.030208186840932735,1,,,81.8,33.0,10^-8.50585,,,,,"[2315456, 248742]",0
2315456,1,41891,Coccomyxa sp. Obi,"",eukaryota,false,,,,0.030208186840932735,1,,,91.667,36.0,10^-8.10892,,,,,,,,,,,,,,,,,,0
248742,1,41891,Coccomyxa subellipsoidea,"",eukaryota,false,,,,,,,,,,,,,,,,0.030208186840932735,1,,,81.8,33.0,10^-8.50585,,,,,,0
41879,2,41879,Pycnococcus,"",eukaryota,false,,,,0.0906245605227982,3,,,90.606,42.6667,10^-11.2378,,,,,,,,,,,,,,,,,[41880],0
41880,1,41879,Pycnococcus provasolii,"",eukaryota,false,,,,0.0906245605227982,3,,,90.606,42.6667,10^-11.2378,,,,,,,,,,,,,,,,,,0
41874,2,41874,Bathycoccus,"",eukaryota,false,,,,0.030208186840932735,1,,,85.366,41.0,10^-7.36626,,,,,,0.030208186840932735,1,,,59.4,32.0,10^-3.55752,,,,,[41875],0
41875,1,41874,Bathycoccus prasinos,"",eukaryota,false,,,,0.030208186840932735,1,,,85.366,41.0,10^-7.36626,,,,,,0.030208186840932735,1,,,59.4,32.0,10^-3.55752,,,,,,0
41820,2,41820,Culicoides,punkies,eukaryota,false,,,,1.5104093420466367,50,,,86.2505,111.46,10^-26.1736,,,,,,0.15104093420466366,5,,,99.4,32.0,10^-13.592,,,,,[179676],0
179676,1,41820,Culicoides sonorensis,"",eukaryota,false,,,,1.5104093420466367,50,,,86.2505,111.46,10^-26.1736,,,,,,0.15104093420466366,5,,,99.4,32.0,10^-13.592,,,,,,0
41815,2,41815,Androprosopa,"",eukaryota,false,,,,,,,,,,,,,,,,0.06041637368186547,2,,,95.0,20.0,10^-3.73518,,,,,[2662501],0
2662501,1,41815,Androprosopa schmidiana,"",eukaryota,false,,,,,,,,,,,,,,,,0.06041637368186547,2,,,95.0,20.0,10^-3.73518,,,,,,0
41687,2,41687,Scedosporium,"",eukaryota,false,,,,0.0906245605227982,3,,,92.9493,56.6667,10^-19.8321,,,,,,,,,,,,,,,,,[563466],1
563466,1,41687,Scedosporium apiospermum,"",eukaryota,false,,,,0.0906245605227982,3,,,92.9493,56.6667,10^-19.8321,,,,,,,,,,,,,,,,,,1
41574,2,41574,Erigeron,"",eukaryota,false,,,,,,,,,,,,,,,,0.06041637368186547,2,,,100.0,23.0,10^-5.82102,,,,,[72917],0
72917,1,41574,Erigeron canadensis,"",eukaryota,false,,,,,,,,,,,,,,,,0.06041637368186547,2,,,100.0,23.0,10^-5.82102,,,,,,0
41503,2,41503,Centaurea,"",eukaryota,false,,,,,,,,,,,,,,,,0.030208186840932735,1,,,71.0,31.0,10^-6.04048,,,,,[347529],0
347529,1,41503,Centaurea solstitialis,"",eukaryota,false,,,,,,,,,,,,,,,,0.030208186840932735,1,,,71.0,31.0,10^-6.04048,,,,,,0
41364,2,41364,Scolopendra,"",eukaryota,false,,,,,,,,,,,,,,,,0.030208186840932735,1,,,97.0,33.0,10^-13.699,,,,,[109757],0
109757,1,41364,Scolopendra polymorpha,"",eukaryota,false,,,,,,,,,,,,,,,,0.030208186840932735,1,,,97.0,33.0,10^-13.699,,,,,,0
41299,2,41299,Choricystis,"",eukaryota,false,,,,0.12083274736373094,4,,,97.222,36.0,10^-10.8537,,,,,,,,,,,,,,,,,[3025909],0
3025909,1,41299,Choricystis sp. odSpoLacu1,"",eukaryota,false,,,,0.12083274736373094,4,,,97.222,36.0,10^-10.8537,,,,,,,,,,,,,,,,,,0
41247,2,41247,Mycena,"",eukaryota,false,,,,0.0906245605227982,3,,,98.6927,84.3333,10^-44.1276,,,,,,0.3020818684093273,10,,,84.33,29.1,10^-7.2516,,,,,"[2202927, 1033242, 658473, 596335, 230810, 230804, 220801, 153505]",0
2202927,1,41247,Mycena oboensis,"",eukaryota,false,,,,0.030208186840932735,1,,,100.0,101.0,10^-56.3801,,,,,,,,,,,,,,,,,,0
1033242,1,41247,Mycena floridula,"",eukaryota,false,,,,,,,,,,,,,,,,0.030208186840932735,1,,,63.3,30.0,10^-6.19314,,,,,,0
658473,1,41247,Mycena chlorophos,"",eukaryota,false,,,,,,,,,,,,,,,,0.030208186840932735,1,,,75.8,33.0,10^-6.85699,,,,,,0
596335,1,41247,Mycena semivestipes,"",eukaryota,false,,,,0.030208186840932735,1,,,100.0,101.0,10^-56.3801,,,,,,,,,,,,,,,,,,0
230810,1,41247,Mycena olivaceomarginata,"",eukaryota,false,,,,,,,,,,,,,,,,0.030208186840932735,1,,,97.0,33.0,10^-12.6635,,,,,,0
230804,1,41247,Mycena capillaripes,"",eukaryota,false,,,,,,,,,,,,,,,,0.1812491210455964,6,,,89.3667,27.3333,10^-6.74291,,,,,,0
220801,1,41247,Mycena crocata,"",eukaryota,false,,,,,,,,,,,,,,,,0.030208186840932735,1,,,71.0,31.0,10^-6.34486,,,,,,0
153505,1,41247,Mycena pura,"",eukaryota,false,,,,0.030208186840932735,1,,,96.078,51.0,10^-19.6228,,,,,,,,,,,,,,,,,,0
41209,2,41209,Chionoecetes,"",eukaryota,false,,,,,,,,,,,,,,,,0.0906245605227982,3,,,83.3667,32.3333,10^-10.4717,,,,,[41210],0
41210,1,41209,Chionoecetes opilio,snow crab,eukaryota,false,,,,,,,,,,,,,,,,0.0906245605227982,3,,,83.3667,32.3333,10^-10.4717,,,,,,0
41201,2,41201,Ewingella,"",bacteria,false,,,,,,,,,,,,,,,,0.06041637368186547,2,,,86.7,30.0,10^-5.27901,,,,,[41202],0
41202,1,41201,Ewingella americana,"",bacteria,false,,,,,,,,,,,,,,,,0.06041637368186547,2,,,86.7,30.0,10^-5.27901,,,,,,0
41138,2,41138,Coccinella,"",eukaryota,false,,,,0.21145730788652914,7,,,90.0941,43.4286,10^-11.1721,,,,,,0.1812491210455964,6,,,66.2667,32.6667,10^-5.51809,,,,,[41139],0
41139,1,41138,Coccinella septempunctata,seven-spotted ladybird,eukaryota,false,,,,0.21145730788652914,7,,,90.0941,43.4286,10^-11.1721,,,,,,0.1812491210455964,6,,,66.2667,32.6667,10^-5.51809,,,,,,0
41127,2,41127,Chrysomela,"",eukaryota,false,,,,,,,,,,,,,,,,0.030208186840932735,1,,,94.4,18.0,10^-3.27572,,,,,[63687],0
63687,1,41127,Chrysomela tremula,"",eukaryota,false,,,,,,,,,,,,,,,,0.030208186840932735,1,,,94.4,18.0,10^-3.27572,,,,,,0
41125,2,41125,Chrysolina,"",eukaryota,false,,,,0.8760374183870493,29,,,90.037,50.2759,10^-14.6991,,,,,,,,,,,,,,,,,"[1587174, 75519, 75506]",0
1587174,1,41125,Chrysolina oricalcia,"",eukaryota,false,,,,0.24166549472746188,8,,,90.4118,58.625,10^-19.3306,,,,,,,,,,,,,,,,,,0
75519,1,41125,Chrysolina haemoptera,"",eukaryota,false,,,,0.453122802613991,15,,,90.127,44.6,10^-11.9099,,,,,,,,,,,,,,,,,,0
75506,1,41125,Chrysolina americana,"",eukaryota,false,,,,0.1812491210455964,6,,,89.3125,53.3333,10^-15.4967,,,,,,,,,,,,,,,,,,0
41111,2,41111,Oryzaephilus,grain beetles,eukaryota,false,,,,,,,,,,,,,,,,0.030208186840932735,1,,,97.0,33.0,10^-10.5986,,,,,[41112],0
41112,1,41111,Oryzaephilus surinamensis,saw-toothed grain beetle,eukaryota,false,,,,,,,,,,,,,,,,0.030208186840932735,1,,,97.0,33.0,10^-10.5986,,,,,,0
41106,2,41106,Dorcus,"",eukaryota,false,,,,0.39270642893212554,13,,,86.9801,67.6923,10^-20.4266,,,,,,,,,,,,,,,,,[41107],0
41107,1,41106,Dorcus parallelipipedus,lesser stag beetle,eukaryota,false,,,,0.39270642893212554,13,,,86.9801,67.6923,10^-20.4266,,,,,,,,,,,,,,,,,,0
41100,2,41100,Rhagonycha,"",eukaryota,false,,,,0.33229005525026006,11,,,91.7484,51.0,10^-16.1406,,,,,,,,,,,,,,,,,"[1553715, 41101]",0
1553715,1,41100,Rhagonycha lutea,"",eukaryota,false,,,,0.21145730788652914,7,,,92.7327,44.5714,10^-13.3161,,,,,,,,,,,,,,,,,,0
41101,1,41100,Rhagonycha fulva,"",eukaryota,false,,,,0.12083274736373094,4,,,90.0257,62.25,10^-21.0833,,,,,,,,,,,,,,,,,,0
41098,2,41098,Cantharis,"",eukaryota,false,,,,1.117702913114511,37,,,86.3337,89.8649,10^-17.5098,,,,,,,,,,,,,,,,,"[1553174, 350087]",0
1553174,1,41098,Cantharis nigra,"",eukaryota,false,,,,0.9364537920689148,31,,,85.762,95.129,10^-16.9824,,,,,,,,,,,,,,,,,,0
350087,1,41098,Cantharis rufa,"",eukaryota,false,,,,0.1812491210455964,6,,,89.2873,62.6667,10^-20.2346,,,,,,,,,,,,,,,,,,0
41091,2,41091,Lagria,"",eukaryota,false,,,,0.12083274736373094,4,,,89.697,68.0,10^-24.3014,,,,,,,,,,,,,,,,,[296003],0
296003,1,41091,Lagria hirta,"",eukaryota,false,,,,0.12083274736373094,4,,,89.697,68.0,10^-24.3014,,,,,,,,,,,,,,,,,,0
41080,2,41080,Agonum,"",eukaryota,false,,,,0.453122802613991,15,,,88.5122,62.8,10^-19.5072,,,,,,,,,,,,,,,,,[1553040],0
1553040,1,41080,Agonum fuliginosum,"",eukaryota,false,,,,0.453122802613991,15,,,88.5122,62.8,10^-19.5072,,,,,,,,,,,,,,,,,,0
41078,2,41078,Pterostichus,"",eukaryota,false,,,,0.6947882973414529,23,,,90.611,52.4783,10^-15.9836,,,,,,,,,,,,,,,,,"[767470, 106386]",0
767470,1,41078,Pterostichus madidus,"",eukaryota,false,,,,0.33229005525026006,11,,,90.8358,55.3636,10^-18.2241,,,,,,,,,,,,,,,,,,0
106386,1,41078,Pterostichus niger,"",eukaryota,false,,,,0.3624982420911928,12,,,90.405,49.8333,10^-13.9299,,,,,,,,,,,,,,,,,,0
41076,2,41076,Harpalus,"",eukaryota,false,,,,0.3020818684093273,10,,,88.5872,50.8,10^-14.1386,,,,,,,,,,,,,,,,,[247442],0
247442,1,41076,Harpalus rufipes,"",eukaryota,false,,,,0.3020818684093273,10,,,88.5872,50.8,10^-14.1386,,,,,,,,,,,,,,,,,,0
41069,2,41069,Capitulum,"",eukaryota,false,,,,0.030208186840932735,1,,,89.189,74.0,10^-27.0092,,,,,,,,,,,,,,,,,[41070],0
41070,1,41069,Capitulum mitella,"",eukaryota,false,,,,0.030208186840932735,1,,,89.189,74.0,10^-27.0092,,,,,,,,,,,,,,,,,,0
41043,2,41043,Tipula,"",eukaryota,false,,,,0.2718736815683946,9,,,88.8544,67.5556,10^-15.1473,,,,,,,,,,,,,,,,,"[2867263, 2741129]",0
2867263,1,41043,Tipula unca,"",eukaryota,false,,,,0.06041637368186547,2,,,93.7735,56.0,10^-20.9548,,,,,,,,,,,,,,,,,,0
2741129,1,41043,Tipula vernalis,"",eukaryota,false,,,,0.21145730788652914,7,,,87.449,70.8571,10^-13.488,,,,,,,,,,,,,,,,,,0
41026,2,41026,Micropterix,"",eukaryota,false,,,,1.9635321446606278,65,,,91.4459,58.4194,10^-19.6954,,,,,,,,,,,,,,,,,[1042620],0
1042620,1,41026,Micropterix aruncella,"",eukaryota,false,,,,1.9635321446606278,65,,,91.4459,58.4194,10^-19.6954,,,,,,,,,,,,,,,,,,0
41013,2,41013,Tinea,"",eukaryota,false,,,,0.3624982420911928,12,,,85.9135,64.5833,10^-18.2291,,,,,,,,,,,,,,,,,"[1101063, 41014]",0
1101063,1,41013,Tinea semifulvella,"",eukaryota,false,,,,0.21145730788652914,7,,,85.1267,64.8571,10^-17.295,,,,,,,,,,,,,,,,,,0
41014,1,41013,Tinea pellionella,casemaking clothes moth,eukaryota,false,,,,0.15104093420466366,5,,,87.015,64.2,10^-19.5369,,,,,,,,,,,,,,,,,,0
40931,2,40931,Rhopalosiphum,"",eukaryota,false,,,,0.030208186840932735,1,,,90.0,70.0,10^-24.2886,,,,,,0.24166549472746188,8,,,72.0795,41.625,10^-11.087,,,,,[43146],0
43146,1,40931,Rhopalosiphum maidis,corn leaf aphid,eukaryota,false,,,,0.030208186840932735,1,,,90.0,70.0,10^-24.2886,,,,,,0.24166549472746188,8,,,72.0795,41.625,10^-11.087,,,,,,0
40929,2,40929,Planococcus,"",eukaryota,false,,,,0.15104093420466366,5,,,89.0496,57.4,10^-17.9598,,,,,,,,,,,,,,,,,[170843],0
170843,1,40929,Planococcus citri,citrus mealybug,eukaryota,false,,,,0.15104093420466366,5,,,89.0496,57.4,10^-17.9598,,,,,,,,,,,,,,,,,,0
40696,2,40696,Blomia,"",eukaryota,false,,,,,,,,,,,,,,,,0.0906245605227982,3,,,100.0,28.6667,10^-9.47828,,,,,[40697],0
40697,1,40696,Blomia tropicalis,"",eukaryota,false,,,,,,,,,,,,,,,,0.0906245605227982,3,,,100.0,28.6667,10^-9.47828,,,,,,0
40685,2,40685,Salix,willows,eukaryota,false,,,,,,,,,,,,,,,,0.06041637368186547,2,,,84.85,33.0,10^-9.36177,,,,,"[1413687, 1278906]",0
1413687,1,40685,Salix dunnii,"",eukaryota,false,,,,,,,,,,,,,,,,0.030208186840932735,1,,,100.0,33.0,10^-12.8239,,,,,,0
1278906,1,40685,Salix suchowensis,"",eukaryota,false,,,,,,,,,,,,,,,,0.030208186840932735,1,,,69.7,33.0,10^-5.89963,,,,,,0
40657,2,40657,Plectosphaerella,"",eukaryota,false,,,,,,,,,,,,,,,,0.030208186840932735,1,,,93.9,33.0,10^-10.5784,,,,,[936078],0
936078,1,40657,Plectosphaerella plurivora,"",eukaryota,false,,,,,,,,,,,,,,,,0.030208186840932735,1,,,93.9,33.0,10^-10.5784,,,,,,0
40573,2,40573,Dipsacus,teasels,eukaryota,false,,,,0.030208186840932735,1,,,100.0,100.0,10^-55.6982,,,,,,,,,,,,,,,,,[44760],0
44760,1,40573,Dipsacus sp. Jansen 931,"",eukaryota,false,,,,0.030208186840932735,1,,,100.0,100.0,10^-55.6982,,,,,,,,,,,,,,,,,,0
40566,2,40566,Actinosynnema,"",bacteria,false,,,,0.030208186840932735,1,,,84.615,39.0,10^-6.01561,,,,,,,,,,,,,,,,,[42197],0
42197,1,40566,Actinosynnema pretiosum,"",bacteria,false,,,,0.030208186840932735,1,,,84.615,39.0,10^-6.01561,,,,,,,,,,,,,,,,,,0
40470,2,40470,Phellinus,"",eukaryota,false,,,,0.15104093420466366,5,,,93.5822,243.4,10^-43.4893,,,,,,,,,,,,,,,,,"[74536, 40472]",0
74536,1,40470,Phellinus laevigatus,"",eukaryota,false,,,,0.12083274736373094,4,,,92.4727,279.0,10^-40.9528,,,,,,,,,,,,,,,,,,0
40472,1,40470,Phellinus igniarius,"",eukaryota,false,,,,0.030208186840932735,1,,,98.02,101.0,10^-53.6353,,,,,,,,,,,,,,,,,,0
40468,2,40468,Inonotus,"",eukaryota,false,,,,0.1812491210455964,6,,,95.1248,87.1667,10^-41.2369,,,,,,,,,,,,,,,,,"[2603550, 167356, 40469]",0
2603550,1,40468,Inonotus adnatus,"",eukaryota,false,,,,0.06041637368186547,2,,,96.104,77.0,10^-35.9123,,,,,,,,,,,,,,,,,,0
167356,1,40468,Inonotus obliquus,"",eukaryota,false,,,,0.0906245605227982,3,,,93.187,90.3333,10^-40.8781,,,,,,,,,,,,,,,,,,0
40469,1,40468,Inonotus hispidus,"",eukaryota,false,,,,0.030208186840932735,1,,,98.98,98.0,10^-52.9622,,,,,,,,,,,,,,,,,,0
40466,2,40466,Sparassis,"",eukaryota,false,,,,0.030208186840932735,1,,,92.391,92.0,10^-40.6383,,,,,,0.030208186840932735,1,,,81.8,33.0,10^-8.04963,,,,,[139825],0
139825,1,40466,Sparassis crispa,"",eukaryota,false,,,,0.030208186840932735,1,,,92.391,92.0,10^-40.6383,,,,,,0.030208186840932735,1,,,81.8,33.0,10^-8.04963,,,,,,0
40463,2,40463,Peniophora,"",eukaryota,false,,,,0.5437473631367892,18,,,93.9737,171.667,10^-68.8917,,,,,,0.06041637368186547,2,,,75.75,33.0,10^-8.70198,,,,,"[1697560, 1321910, 1314672, 718367, 154539]",0
1697560,1,40463,Peniophora albobadia,"",eukaryota,false,,,,0.030208186840932735,1,,,100.0,100.0,10^-55.6982,,,,,,,,,,,,,,,,,,0
1321910,1,40463,Peniophora sp. 213 OA-2013,"",eukaryota,false,,,,0.39270642893212554,13,,,92.527,203.538,10^-77.9566,,,,,,,,,,,,,,,,,,0
1314672,1,40463,Peniophora sp. CONT,"",eukaryota,false,,,,,,,,,,,,,,,,0.030208186840932735,1,,,87.9,33.0,10^-10.4168,,,,,,0
718367,1,40463,Peniophora sp. CBMAI 1063,"",eukaryota,false,,,,,,,,,,,,,,,,0.030208186840932735,1,,,63.6,33.0,10^-6.98716,,,,,,0
154539,1,40463,Peniophora lycii,"",eukaryota,false,,,,0.12083274736373094,4,,,97.1687,86.0,10^-42.7292,,,,,,,,,,,,,,,,,,0
40459,2,40459,Hericium,"",eukaryota,false,,,,,,,,,,,,,,,,0.030208186840932735,1,,,66.7,33.0,10^-4.13018,,,,,[135208],0
135208,1,40459,Hericium alpestre,"",eukaryota,false,,,,,,,,,,,,,,,,0.030208186840932735,1,,,66.7,33.0,10^-4.13018,,,,,,0
40451,2,40451,Trichaptum,"",eukaryota,false,,,,0.030208186840932735,1,,,100.0,37.0,10^-12.9003,,,,,,,,,,,,,,,,,[40452],0
40452,1,40451,Trichaptum abietinum,"",eukaryota,false,,,,0.030208186840932735,1,,,100.0,37.0,10^-12.9003,,,,,,,,,,,,,,,,,,0
40441,2,40441,Fomes,"",eukaryota,false,,,,,,,,,,,,,,,,0.030208186840932735,1,,,84.8,33.0,10^-7.12378,,,,,[40442],0
40442,1,40441,Fomes fomentarius,"",eukaryota,false,,,,,,,,,,,,,,,,0.030208186840932735,1,,,84.8,33.0,10^-7.12378,,,,,,0
40430,2,40430,Cryptoporus,"",eukaryota,false,,,,0.030208186840932735,1,,,100.0,76.0,10^-39.3489,,,,,,,,,,,,,,,,,[40431],0
40431,1,40430,Cryptoporus volvatus,"",eukaryota,false,,,,0.030208186840932735,1,,,100.0,76.0,10^-39.3489,,,,,,,,,,,,,,,,,,0
40418,2,40418,Auriscalpium,"",eukaryota,false,,,,,,,,,,,,,,,,0.030208186840932735,1,,,84.4,32.0,10^-7.86646,,,,,[40419],0
40419,1,40418,Auriscalpium vulgare,"",eukaryota,false,,,,,,,,,,,,,,,,0.030208186840932735,1,,,84.4,32.0,10^-7.86646,,,,,,0
40415,2,40415,Antrodia,"",eukaryota,false,,,,,,,,,,,,,,,,0.030208186840932735,1,,,90.9,33.0,10^-11.4776,,,,,[279009],0
279009,1,40415,Antrodia cinnamomea,"",eukaryota,false,,,,,,,,,,,,,,,,0.030208186840932735,1,,,90.9,33.0,10^-11.4776,,,,,,0
40336,2,40336,Mucuna,"",eukaryota,false,,,,,,,,,,,,,,,,0.030208186840932735,1,,,75.0,32.0,10^-7.4045,,,,,[157652],0
157652,1,40336,Mucuna pruriens,"",eukaryota,false,,,,,,,,,,,,,,,,0.030208186840932735,1,,,75.0,32.0,10^-7.4045,,,,,,0
40323,2,40323,Stenotrophomonas,"",bacteria,false,,,,0.0906245605227982,3,,,83.5517,94.6667,10^-30.5631,,,,,,,,,,,,,,,,,"[2770322, 2072406, 40324]",1
2770322,1,40323,Stenotrophomonas sp. 169,"",bacteria,false,,,,0.030208186840932735,1,,,83.654,104.0,10^-35.0956,,,,,,,,,,,,,,,,,,0
2072406,1,40323,Stenotrophomonas sp. ZAC14D2_NAIMI4_6,"",bacteria,false,,,,0.030208186840932735,1,,,78.495,93.0,10^-23.479,,,,,,,,,,,,,,,,,,0
40324,1,40323,Stenotrophomonas maltophilia,"",bacteria,false,,,,0.030208186840932735,1,,,88.506,87.0,10^-33.1146,,,,,,,,,,,,,,,,,,1
40144,2,40144,Tricholoma,"",eukaryota,false,,,,0.4229146157730583,14,,,94.2191,211.929,10^-86.5491,,,,,,0.06041637368186547,2,,,96.2,26.0,10^-8.92445,,,,,"[80606, 76328, 54549, 51221, 40145]",0
80606,1,40144,Tricholoma flavovirens,"",eukaryota,false,,,,0.33229005525026006,11,,,93.802,242.0,10^-96.2749,,,,,,,,,,,,,,,,,,0
76328,1,40144,Tricholoma terreum,"",eukaryota,false,,,,0.030208186840932735,1,,,94.118,102.0,10^-48.8277,,,,,,,,,,,,,,,,,,0
54549,1,40144,Tricholoma myomyces,"",eukaryota,false,,,,0.030208186840932735,1,,,94.118,102.0,10^-48.8277,,,,,,,,,,,,,,,,,,0
51221,1,40144,Tricholoma bakamatsutake,"",eukaryota,false,,,,0.030208186840932735,1,,,99.01,101.0,10^-55.0077,,,,,,,,,,,,,,,,,,0
40145,1,40144,Tricholoma matsutake,"",eukaryota,false,,,,,,,,,,,,,,,,0.06041637368186547,2,,,96.2,26.0,10^-8.92445,,,,,,0
40102,2,40102,Pyrgus,"",eukaryota,false,,,,0.15104093420466366,5,,,91.8747,47.25,10^-13.6627,,,,,,0.030208186840932735,1,,,100.0,33.0,10^-8.77211,,,,,[218760],0
218760,1,40102,Pyrgus malvae,grizzled skipper,eukaryota,false,,,,0.15104093420466366,5,,,91.8747,47.25,10^-13.6627,,,,,,0.030208186840932735,1,,,100.0,33.0,10^-8.77211,,,,,,0
40084,2,40084,Diatraea,"",eukaryota,false,,,,0.4229146157730583,14,,,95.8113,51.7143,10^-14.4099,,,,,,0.12083274736373094,4,,,92.2,32.75,10^-11.966,,,,,[40085],0
40085,1,40084,Diatraea saccharalis,sugarcane borer,eukaryota,false,,,,0.4229146157730583,14,,,95.8113,51.7143,10^-14.4099,,,,,,0.12083274736373094,4,,,92.2,32.75,10^-11.966,,,,,,0
39983,2,39983,Bruguiera,"",eukaryota,false,,,,,,,,,,,,,,,,0.030208186840932735,1,,,96.9,32.0,10^-9.99568,,,,,[39984],0
39984,1,39983,Bruguiera gymnorhiza,"",eukaryota,false,,,,,,,,,,,,,,,,0.030208186840932735,1,,,96.9,32.0,10^-9.99568,,,,,,0
39965,2,39965,Hypsizygus,"",eukaryota,false,,,,,,,,,,,,,,,,0.06041637368186547,2,,,89.25,32.5,10^-8.79692,,,,,[39966],0
39966,1,39965,Hypsizygus marmoreus,"",eukaryota,false,,,,,,,,,,,,,,,,0.06041637368186547,2,,,89.25,32.5,10^-8.79692,,,,,,0
39934,2,39934,Lecanora,"",eukaryota,false,,,,0.030208186840932735,1,,,82.178,101.0,10^-31.6774,,,,,,,,,,,,,,,,,[272977],0
272977,1,39934,Lecanora caesiorubella,"",eukaryota,false,,,,0.030208186840932735,1,,,82.178,101.0,10^-31.6774,,,,,,,,,,,,,,,,,,0
39847,2,39847,Agrostemma,"",eukaryota,false,,,,0.12083274736373094,4,,,94.5293,49.25,10^-18.4671,,,,,,,,,,,,,,,,,[39848],0
39848,1,39847,Agrostemma githago,corn cockle,eukaryota,false,,,,0.12083274736373094,4,,,94.5293,49.25,10^-18.4671,,,,,,,,,,,,,,,,,,0
39757,2,39757,Mayetiola,"",eukaryota,false,,,,,,,,,,,,,,,,0.030208186840932735,1,,,96.2,26.0,10^-4.68403,,,,,[39758],0
39758,1,39757,Mayetiola destructor,Hessian fly,eukaryota,false,,,,,,,,,,,,,,,,0.030208186840932735,1,,,96.2,26.0,10^-4.68403,,,,,,0
39702,2,39702,Septoria,"",eukaryota,false,,,,0.06041637368186547,2,,,99.505,94.5,10^-51.2636,,,,,,0.12083274736373094,4,,,100.0,31.5,10^-10.3319,,,,,"[266411, 215465]",0
266411,1,39702,Septoria obesa,"",eukaryota,false,,,,0.030208186840932735,1,,,99.01,101.0,10^-55.0077,,,,,,,,,,,,,,,,,,0
215465,1,39702,Septoria linicola,"",eukaryota,false,,,,0.030208186840932735,1,,,100.0,88.0,10^-47.5195,,,,,,0.12083274736373094,4,,,100.0,31.5,10^-10.3319,,,,,,0
39643,2,39643,Sorangium,"",bacteria,false,,,,0.030208186840932735,1,,,94.737,38.0,10^-10.8302,,,,,,,,,,,,,,,,,[56],0
56,1,39643,Sorangium cellulosum,"",bacteria,false,,,,0.030208186840932735,1,,,94.737,38.0,10^-10.8302,,,,,,,,,,,,,,,,,,0
39217,2,39217,Macrostomum,"",eukaryota,false,,,,,,,,,,,,,,,,0.030208186840932735,1,,,54.8,31.0,10^-3.04528,,,,,[282301],0
282301,1,39217,Macrostomum lignano,"",eukaryota,false,,,,,,,,,,,,,,,,0.030208186840932735,1,,,54.8,31.0,10^-3.04528,,,,,,0
39132,2,39132,Allacma,"",eukaryota,false,,,,0.15104093420466366,5,,,89.5056,46.6,10^-12.5356,,,,,,0.8156210447051838,27,,,87.3556,30.4074,10^-8.98988,,,,,[39272],0
39272,1,39132,Allacma fusca,"",eukaryota,false,,,,0.15104093420466366,5,,,89.5056,46.6,10^-12.5356,,,,,,0.8156210447051838,27,,,87.3556,30.4074,10^-8.98988,,,,,,0
38880,2,38880,Botryococcus,"",eukaryota,false,,,,,,,,,,,,,,,,0.06041637368186547,2,,,57.8,35.5,10^-5.13737,,,,,[38881],0
38881,1,38880,Botryococcus braunii,"",eukaryota,false,,,,,,,,,,,,,,,,0.06041637368186547,2,,,57.8,35.5,10^-5.13737,,,,,,0
38871,2,38871,Fraxinus,ash trees,eukaryota,false,,,,4.440603465617112,147,,,98.1054,100.367,10^-51.3537,,,,,,1.8729075841378295,62,,,96.9172,35.5645,10^-13.9707,,,,,"[490838, 166594, 56040, 56036, 38873, 38872]",0
490838,1,38871,Fraxinus chiisanensis,"",eukaryota,false,,,,0.06041637368186547,2,,,100.0,99.0,10^-55.0165,,,,,,,,,,,,,,,,,,0
166594,1,38871,Fraxinus angustifolia,"",eukaryota,false,,,,0.0906245605227982,3,,,100.0,94.3333,10^-51.8356,,,,,,,,,,,,,,,,,,0
56040,1,38871,Fraxinus latifolia,"",eukaryota,false,,,,0.030208186840932735,1,,,100.0,101.0,10^-56.3801,,,,,,,,,,,,,,,,,,0
56036,1,38871,Fraxinus pennsylvanica,"",eukaryota,false,,,,4.168729784048717,138,,,97.9818,100.565,10^-51.1889,,,,,,1.8729075841378295,62,,,96.9172,35.5645,10^-13.9707,,,,,,0
38873,1,38871,Fraxinus excelsior,European ash,eukaryota,false,,,,0.06041637368186547,2,,,100.0,96.5,10^-53.3123,,,,,,,,,,,,,,,,,,0
38872,1,38871,Fraxinus americana,white ash,eukaryota,false,,,,0.030208186840932735,1,,,100.0,101.0,10^-56.3801,,,,,,,,,,,,,,,,,,0
38832,2,38832,Micromonas,"",eukaryota,false,,,,,,,,,,,,,,,,0.06041637368186547,2,,,82.6,23.0,10^-3.53018,,,,,[38833],0
38833,1,38832,Micromonas pusilla,"",eukaryota,false,,,,,,,,,,,,,,,,0.06041637368186547,2,,,82.6,23.0,10^-3.53018,,,,,,0
38595,2,38595,Ajuga,"",eukaryota,false,,,,0.030208186840932735,1,,,90.476,42.0,10^-10.7867,,,,,,,,,,,,,,,,,[49984],0
49984,1,38595,Ajuga chamaepitys,"",eukaryota,false,,,,0.030208186840932735,1,,,90.476,42.0,10^-10.7867,,,,,,,,,,,,,,,,,,0
38501,2,38501,Blastococcus,"",bacteria,false,,,,0.030208186840932735,1,,,100.0,78.0,10^-40.71,,,,,,,,,,,,,,,,,[138336],0
138336,1,38501,Blastococcus saxobsidens,"",bacteria,false,,,,0.030208186840932735,1,,,100.0,78.0,10^-40.71,,,,,,,,,,,,,,,,,,0
38460,2,38460,Ciboria,"",eukaryota,false,,,,,,,,,,,,,,,,0.030208186840932735,1,,,100.0,33.0,10^-13.4179,,,,,[1436307],0
1436307,1,38460,Ciboria amentacea,"",eukaryota,false,,,,,,,,,,,,,,,,0.030208186840932735,1,,,100.0,33.0,10^-13.4179,,,,,,0
38118,2,38118,Adelges,"",eukaryota,false,,,,0.0906245605227982,3,,,93.3057,45.0,10^-14.1886,,,,,,0.15104093420466366,5,,,73.1,32.6,10^-8.65083,,,,,[133065],0
133065,1,38118,Adelges cooleyi,spruce gall adelgid,eukaryota,false,,,,0.0906245605227982,3,,,93.3057,45.0,10^-14.1886,,,,,,0.15104093420466366,5,,,73.1,32.6,10^-8.65083,,,,,,0
37991,2,37991,Xylaria,"",eukaryota,false,,,,0.21145730788652914,7,,,93.9846,95.7143,10^-44.3501,,,,,,0.12083274736373094,4,,,83.35,30.5,10^-9.12215,,,,,"[2614573, 2512241, 665665, 498163, 114818, 37992]",0
2614573,1,37991,Xylaria sp. FL1777,"",eukaryota,false,,,,,,,,,,,,,,,,0.030208186840932735,1,,,89.3,28.0,10^-8.28988,,,,,,0
2512241,1,37991,Xylaria flabelliformis,"",eukaryota,false,,,,,,,,,,,,,,,,0.030208186840932735,1,,,87.9,33.0,10^-12.2565,,,,,,0
665665,1,37991,Xylaria palmicola,"",eukaryota,false,,,,,,,,,,,,,,,,0.030208186840932735,1,,,84.8,33.0,10^-12.5817,,,,,,0
498163,1,37991,Xylaria feejeensis,"",eukaryota,false,,,,0.030208186840932735,1,,,100.0,100.0,10^-55.6982,,,,,,,,,,,,,,,,,,0
114818,1,37991,Xylaria longipes,"",eukaryota,false,,,,,,,,,,,,,,,,0.030208186840932735,1,,,71.4,28.0,10^-3.36051,,,,,,0
37992,1,37991,Xylaria hypoxylon,"",eukaryota,false,,,,0.1812491210455964,6,,,92.982,95.0,10^-42.4587,,,,,,,,,,,,,,,,,,0
37914,2,37914,Dietzia,"",bacteria,false,,,,0.06041637368186547,2,,,100.0,100.5,10^-56.0391,,,,,,,,,,,,,,,,,"[2915130, 546160]",0
2915130,1,37914,Dietzia sp. B32,"",bacteria,false,,,,0.030208186840932735,1,,,100.0,100.0,10^-55.6982,,,,,,,,,,,,,,,,,,0
546160,1,37914,Dietzia lutea,"",bacteria,false,,,,0.030208186840932735,1,,,100.0,101.0,10^-56.3801,,,,,,,,,,,,,,,,,,0
37911,2,37911,Loxothylacus,"",eukaryota,false,,,,,,,,,,,,,,,,0.030208186840932735,1,,,96.9,32.0,10^-11.762,,,,,[37711],0
37711,1,37911,Loxothylacus texanus,"",eukaryota,false,,,,,,,,,,,,,,,,0.030208186840932735,1,,,96.9,32.0,10^-11.762,,,,,,0
37858,2,37858,Ostrea,"",eukaryota,false,,,,0.12083274736373094,4,,,87.4727,52.0,10^-10.3923,,,,,,0.06041637368186547,2,,,63.65,33.0,10^-4.88169,,,,,[37623],0
37623,1,37858,Ostrea edulis,"",eukaryota,false,,,,0.12083274736373094,4,,,87.4727,52.0,10^-10.3923,,,,,,0.06041637368186547,2,,,63.65,33.0,10^-4.88169,,,,,,0
37854,2,37854,Saturnia,"",eukaryota,false,,,,0.15104093420466366,5,,,86.1658,48.8,10^-11.0109,,,,,,,,,,,,,,,,,[332931],0
332931,1,37854,Saturnia pavonia,emperor moth,eukaryota,false,,,,0.15104093420466366,5,,,86.1658,48.8,10^-11.0109,,,,,,,,,,,,,,,,,,0
37852,2,37852,Aphidius,"",eukaryota,false,,,,0.24166549472746188,8,,,90.2757,65.625,10^-22.5388,,,,,,0.453122802613991,15,,,91.8667,30.0667,10^-8.48795,,,,,[684658],0
684658,1,37852,Aphidius gifuensis,"",eukaryota,false,,,,0.24166549472746188,8,,,90.2757,65.625,10^-22.5388,,,,,,0.453122802613991,15,,,91.8667,30.0667,10^-8.48795,,,,,,0
37847,2,37847,Priapulus,"",eukaryota,false,,,,0.0906245605227982,3,,,93.296,47.0,10^-15.093,,,,,,0.8156210447051838,27,,,94.5733,73.5185,10^-47.9932,,,,,[37621],0
37621,1,37847,Priapulus caudatus,"",eukaryota,false,,,,0.0906245605227982,3,,,93.296,47.0,10^-15.093,,,,,,0.8156210447051838,27,,,94.5733,73.5185,10^-47.9932,,,,,,0
37818,2,37818,Dendrobium,"",eukaryota,false,,,,,,,,,,,,,,,,0.12083274736373094,4,,,72.2,32.3333,10^-5.22926,,,,,[94219],0
94219,1,37818,Dendrobium nobile,"",eukaryota,false,,,,,,,,,,,,,,,,0.12083274736373094,4,,,72.2,32.3333,10^-5.22926,,,,,,0
37463,2,37463,Phoma,"",eukaryota,false,,,,0.030208186840932735,1,,,100.0,100.0,10^-55.6982,,,,,,,,,,,,,,,,,[1573585],0
1573585,1,37463,Phoma sp. 1 OB-2014,"",eukaryota,false,,,,0.030208186840932735,1,,,100.0,100.0,10^-55.6982,,,,,,,,,,,,,,,,,,0
37343,2,37343,Athalia,"",eukaryota,false,,,,0.030208186840932735,1,,,83.117,77.0,10^-22.1886,,,,,,0.2718736815683946,9,,,88.1222,29.0,10^-7.86558,,,,,[37344],0
37344,1,37343,Athalia rosae,coleseed sawfly,eukaryota,false,,,,0.030208186840932735,1,,,83.117,77.0,10^-22.1886,,,,,,0.2718736815683946,9,,,88.1222,29.0,10^-7.86558,,,,,,0
36986,2,36986,Coptotermes,"",eukaryota,false,,,,,,,,,,,,,,,,15.073885233625434,499,,,48.9563,121.837,10^-19.91,,,,,[36987],0
36987,1,36986,Coptotermes formosanus,Formosan subterranean termite,eukaryota,false,,,,,,,,,,,,,,,,15.073885233625434,499,,,48.9563,121.837,10^-19.91,,,,,,0
36922,2,36922,Diaporthe,"",eukaryota,false,,,,0.39270642893212554,13,,,95.981,92.0769,10^-45.4507,,,,,,0.2718736815683946,9,,,91.4111,31.2222,10^-7.22043,,,,,"[1882466, 1756133, 1082260, 748121, 165439, 158607, 83186, 83184]",0
1882466,1,36922,Diaporthe maritima,"",eukaryota,false,,,,0.0906245605227982,3,,,100.0,86.6667,10^-46.624,,,,,,,,,,,,,,,,,,0
1756133,1,36922,Diaporthe sp.,"",eukaryota,false,,,,0.06041637368186547,2,,,100.0,101.0,10^-56.3801,,,,,,,,,,,,,,,,,,0
1082260,1,36922,Diaporthe sp. 11Cl22,"",eukaryota,false,,,,0.030208186840932735,1,,,100.0,101.0,10^-56.3801,,,,,,,,,,,,,,,,,,0
748121,1,36922,Diaporthe batatas,"",eukaryota,false,,,,0.1812491210455964,6,,,94.6255,94.8333,10^-44.6364,,,,,,0.0906245605227982,3,,,87.4,35.0,10^-9.35437,,,,,,0
165439,1,36922,Diaporthe sojae,"",eukaryota,false,,,,,,,,,,,,,,,,0.06041637368186547,2,,,94.15,25.0,10^-5.21925,,,,,,0
158607,1,36922,Diaporthe helianthi,"",eukaryota,false,,,,,,,,,,,,,,,,0.0906245605227982,3,,,96.8,31.0,10^-6.49837,,,,,,0
83186,1,36922,Diaporthe citri,"",eukaryota,false,,,,0.030208186840932735,1,,,80.0,65.0,10^-14.028,,,,,,,,,,,,,,,,,,0
83184,1,36922,Diaporthe eres,"",eukaryota,false,,,,,,,,,,,,,,,,0.030208186840932735,1,,,81.8,33.0,10^-6.98716,,,,,,0
36862,2,36862,Ideonella,"",bacteria,false,,,,,,,,,,,,,,,,7.582254897074116,251,,,88.268,32.6967,10^-10.6027,,,,,[2083017],0
2083017,1,36862,Ideonella sp. MAG2,"",bacteria,false,,,,,,,,,,,,,,,,7.582254897074116,251,,,88.268,32.6967,10^-10.6027,,,,,,0
36747,2,36747,Orobanche,"",eukaryota,false,,,,0.030208186840932735,1,,,96.0,100.0,10^-50.2087,,,,,,0.030208186840932735,1,,,65.6,32.0,10^-4.98716,,,,,"[223102, 53590]",0
223102,1,36747,Orobanche crenata,"",eukaryota,false,,,,0.030208186840932735,1,,,96.0,100.0,10^-50.2087,,,,,,,,,,,,,,,,,,0
53590,1,36747,Orobanche cernua,"",eukaryota,false,,,,,,,,,,,,,,,,0.030208186840932735,1,,,65.6,32.0,10^-4.98716,,,,,,0
36658,2,36658,Volvariella,"",eukaryota,false,,,,0.030208186840932735,1,,,100.0,101.0,10^-56.3801,,,,,,,,,,,,,,,,,[908347],0
908347,1,36658,Volvariella surrecta,"",eukaryota,false,,,,0.030208186840932735,1,,,100.0,101.0,10^-56.3801,,,,,,,,,,,,,,,,,,0
36136,2,36136,Pollicipes,"",eukaryota,false,,,,0.12083274736373094,4,,,88.2505,95.0,10^-36.8529,,,,,,0.21145730788652914,7,,,92.5714,31.8571,10^-10.5558,,,,,[41117],0
41117,1,36136,Pollicipes pollicipes,"",eukaryota,false,,,,0.12083274736373094,4,,,88.2505,95.0,10^-36.8529,,,,,,0.21145730788652914,7,,,92.5714,31.8571,10^-10.5558,,,,,,0
36086,2,36086,Trichuris,"",eukaryota,false,,,,,,,,,,,,,,,,0.15104093420466366,5,,,64.54,32.2,10^-4.44868,,,,,[68888],0
68888,1,36086,Trichuris suis,pig whipworm,eukaryota,false,,,,,,,,,,,,,,,,0.15104093420466366,5,,,64.54,32.2,10^-4.44868,,,,,,0
36048,2,36048,Tuber,truffles,eukaryota,false,,,,,,,,,,,,,,,,0.030208186840932735,1,,,95.5,22.0,10^-4.08831,,,,,[39416],0
39416,1,36048,Tuber melanosporum,Perigord truffle,eukaryota,false,,,,,,,,,,,,,,,,0.030208186840932735,1,,,95.5,22.0,10^-4.08831,,,,,,0
35939,2,35939,Impatiens,"",eukaryota,false,,,,0.030208186840932735,1,,,100.0,101.0,10^-56.3801,,,,,,0.030208186840932735,1,,,97.0,33.0,10^-9.56384,,,,,"[253017, 63779]",0
253017,1,35939,Impatiens glandulifera,"",eukaryota,false,,,,,,,,,,,,,,,,0.030208186840932735,1,,,97.0,33.0,10^-9.56384,,,,,,0
63779,1,35939,Impatiens balsamina,garden balsam,eukaryota,false,,,,0.030208186840932735,1,,,100.0,101.0,10^-56.3801,,,,,,,,,,,,,,,,,,0
35832,2,35832,Bilophila,"",bacteria,false,,,,,,,,,,,,,,,,0.030208186840932735,1,,,90.9,33.0,10^-9.70774,,,,,[35833],0
35833,1,35832,Bilophila wadsworthia,"",bacteria,false,,,,,,,,,,,,,,,,0.030208186840932735,1,,,90.9,33.0,10^-9.70774,,,,,,0
35753,2,35753,Dactylosporangium,"",bacteria,false,,,,0.12083274736373094,4,,,92.747,68.75,10^-27.5602,,,,,,,,,,,,,,,,,"[53360, 35754]",0
53360,1,35753,Dactylosporangium matsuzakiense,"",bacteria,false,,,,0.06041637368186547,2,,,91.803,61.0,10^-22.2898,,,,,,,,,,,,,,,,,,0
35754,1,35753,Dactylosporangium aurantiacum,"",bacteria,false,,,,0.06041637368186547,2,,,93.691,76.5,10^-32.8307,,,,,,,,,,,,,,,,,,0
35724,2,35724,Macrophomina,"",eukaryota,false,,,,0.06041637368186547,2,,,92.308,78.0,10^-32.4758,,,,,,,,,,,,,,,,,[35725],0
35725,1,35724,Macrophomina phaseolina,"",eukaryota,false,,,,0.06041637368186547,2,,,92.308,78.0,10^-32.4758,,,,,,,,,,,,,,,,,,0
35721,2,35721,Parasitella,"",eukaryota,false,,,,,,,,,,,,,,,,0.030208186840932735,1,,,51.5,33.0,10^-4.59346,,,,,[35722],0
35722,1,35721,Parasitella parasitica,"",eukaryota,false,,,,,,,,,,,,,,,,0.030208186840932735,1,,,51.5,33.0,10^-4.59346,,,,,,0
35715,2,35715,Prosopis,"",eukaryota,false,,,,0.06041637368186547,2,,,96.02,100.5,10^-50.5496,,,,,,,,,,,,,,,,,"[364024, 207710]",0
364024,1,35715,Prosopis cineraria,"",eukaryota,false,,,,0.030208186840932735,1,,,96.0,100.0,10^-50.2087,,,,,,,,,,,,,,,,,,0
207710,1,35715,Prosopis alba,"",eukaryota,false,,,,0.030208186840932735,1,,,96.04,101.0,10^-50.8906,,,,,,,,,,,,,,,,,,0
35571,2,35571,Bradysia,"",eukaryota,false,,,,1.8729075841378295,62,,,88.5579,94.4167,10^-23.6084,,,,,,9.002039678597955,298,,,55.3172,243.643,10^-47.8147,,,,,"[1564500, 38358]",0
1564500,1,35571,Bradysia odoriphaga,"",eukaryota,false,,,,,,,,,,,,,,,,1.3291602210010403,44,,,85.2545,31.0455,10^-7.7194,,,,,,0
38358,1,35571,Bradysia coprophila,"",eukaryota,false,,,,1.8729075841378295,62,,,88.5579,94.4167,10^-23.6084,,,,,,7.672879457596914,254,,,50.0482,281.06,10^-54.8714,,,,,,0
35569,2,35569,Stomoxys,"",eukaryota,false,,,,0.7552046710233183,25,,,90.3682,60.16,10^-20.0883,,,,,,0.3020818684093273,10,,,91.64,28.1,10^-6.94808,,,,,[35570],0
35570,1,35569,Stomoxys calcitrans,stable fly,eukaryota,false,,,,0.7552046710233183,25,,,90.3682,60.16,10^-20.0883,,,,,,0.3020818684093273,10,,,91.64,28.1,10^-6.94808,,,,,,0
35235,2,35235,Vavraia,"",eukaryota,false,,,,0.06041637368186547,2,,,94.4425,54.0,10^-20.2842,,,,,,,,,,,,,,,,,[103449],0
103449,1,35235,Vavraia culicis,"",eukaryota,false,,,,0.06041637368186547,2,,,94.4425,54.0,10^-20.2842,,,,,,,,,,,,,,,,,,0
35121,2,35121,Macrocystis,"",eukaryota,false,,,,0.030208186840932735,1,,,96.939,98.0,10^-50.2175,,,,,,,,,,,,,,,,,[169774],0
169774,1,35121,Macrocystis integrifolia,"",eukaryota,false,,,,0.030208186840932735,1,,,96.939,98.0,10^-50.2175,,,,,,,,,,,,,,,,,,0
35103,2,35103,Pseudocohnilembus,"",eukaryota,false,,,,,,,,,,,,,,,,0.030208186840932735,1,,,64.5,31.0,10^-3.33442,,,,,[266149],0
266149,1,35103,Pseudocohnilembus persalinus,"",eukaryota,false,,,,,,,,,,,,,,,,0.030208186840932735,1,,,64.5,31.0,10^-3.33442,,,,,,0
34717,2,34717,Trachymyrmex,"",eukaryota,false,,,,0.21145730788652914,7,,,95.4914,42.8571,10^-13.9224,,,,,,1.0572865394326456,35,,,77.8871,29.4286,10^-7.56909,,,,,"[471704, 64791, 34720]",0
471704,1,34717,Trachymyrmex cornetzi,"",eukaryota,false,,,,0.030208186840932735,1,,,91.892,37.0,10^-8.78321,,,,,,0.453122802613991,15,,,71.9133,29.3333,10^-5.49898,,,,,,0
64791,1,34717,Trachymyrmex zeteki,"",eukaryota,false,,,,0.12083274736373094,4,,,94.137,47.75,10^-16.0555,,,,,,0.5135391762958564,17,,,79.791,29.5294,10^-9.15737,,,,,,0
34720,1,34717,Trachymyrmex septentrionalis,"",eukaryota,false,,,,0.06041637368186547,2,,,100.0,36.0,10^-12.226,,,,,,0.0906245605227982,3,,,96.9667,29.3333,10^-8.91932,,,,,,0
34699,2,34699,Cyphomyrmex,"",eukaryota,false,,,,0.030208186840932735,1,,,88.235,51.0,10^-14.1333,,,,,,25.586334254270025,847,,,52.0149,123.642,10^-50.8963,,,,,[456900],0
456900,1,34699,Cyphomyrmex costatus,"",eukaryota,false,,,,0.030208186840932735,1,,,88.235,51.0,10^-14.1333,,,,,,25.586334254270025,847,,,52.0149,123.642,10^-50.8963,,,,,,0
34688,2,34688,Beris,"",eukaryota,false,,,,0.030208186840932735,1,,,86.765,68.0,10^-21.5564,,,,,,,,,,,,,,,,,[2719050],0
2719050,1,34688,Beris chalybata,"",eukaryota,false,,,,0.030208186840932735,1,,,86.765,68.0,10^-21.5564,,,,,,,,,,,,,,,,,,0
34681,2,34681,Syritta,"",eukaryota,false,,,,0.8458292315461166,28,,,89.6277,62.8929,10^-20.7524,,,,,,,,,,,,,,,,,[34682],0
34682,1,34681,Syritta pipiens,"",eukaryota,false,,,,0.8458292315461166,28,,,89.6277,62.8929,10^-20.7524,,,,,,,,,,,,,,,,,,0
34675,2,34675,Protophormia,"",eukaryota,false,,,,0.030208186840932735,1,,,85.0,60.0,10^-16.1213,,,,,,,,,,,,,,,,,[34676],0
34676,1,34675,Protophormia terraenovae,northern blowfly,eukaryota,false,,,,0.030208186840932735,1,,,85.0,60.0,10^-16.1213,,,,,,,,,,,,,,,,,,0
34630,2,34630,Rhipicephalus,"",eukaryota,false,,,,0.3624982420911928,12,,,90.2988,56.3333,10^-18.1013,,,,,,0.1812491210455964,6,,,78.2167,31.8333,10^-6.41798,,,,,"[34632, 6941]",0
34632,1,34630,Rhipicephalus sanguineus,brown dog tick,eukaryota,false,,,,0.21145730788652914,7,,,91.077,50.0,10^-15.2248,,,,,,0.15104093420466366,5,,,81.36,31.8,10^-6.95641,,,,,,0
6941,1,34630,Rhipicephalus microplus,southern cattle tick,eukaryota,false,,,,0.15104093420466366,5,,,89.2094,65.2,10^-22.1285,,,,,,0.030208186840932735,1,,,62.5,32.0,10^-3.72584,,,,,,0
34622,2,34622,Haemaphysalis,"",eukaryota,false,,,,0.030208186840932735,1,,,80.952,84.0,10^-22.837,,,,,,0.6343719236595874,21,,,46.1665,63.8235,10^-9.33684,,,,,"[181088, 44386]",0
181088,1,34622,Haemaphysalis flava,"",eukaryota,false,,,,0.030208186840932735,1,,,80.952,84.0,10^-22.837,,,,,,,,,,,,,,,,,,0
44386,1,34622,Haemaphysalis longicornis,longhorned tick,eukaryota,false,,,,,,,,,,,,,,,,0.6343719236595874,21,,,46.1665,63.8235,10^-9.33684,,,,,,0
34619,2,34619,Dermacentor,"",eukaryota,false,,,,0.1812491210455964,6,,,88.1928,70.6667,10^-24.07,,,,,,0.1812491210455964,6,,,87.9833,30.5,10^-7.683,,,,,"[543639, 34620]",0
543639,1,34619,Dermacentor silvarum,"",eukaryota,false,,,,0.12083274736373094,4,,,88.13,61.0,10^-18.8684,,,,,,0.1812491210455964,6,,,87.9833,30.5,10^-7.683,,,,,,0
34620,1,34619,Dermacentor andersoni,"",eukaryota,false,,,,0.06041637368186547,2,,,88.3185,90.0,10^-34.4732,,,,,,,,,,,,,,,,,,0
34509,2,34509,Heterodera,"",eukaryota,false,,,,0.030208186840932735,1,,,94.737,38.0,10^-10.8302,,,,,,,,,,,,,,,,,[51029],0
51029,1,34509,Heterodera glycines,soybean cyst nematode,eukaryota,false,,,,0.030208186840932735,1,,,94.737,38.0,10^-10.8302,,,,,,,,,,,,,,,,,,0
34503,2,34503,Paragonimus,"",eukaryota,false,,,,,,,,,,,,,,,,0.06041637368186547,2,,,72.25,28.0,10^-5.28144,,,,,[34504],1
34504,1,34503,Paragonimus westermani,"",eukaryota,false,,,,,,,,,,,,,,,,0.06041637368186547,2,,,72.25,28.0,10^-5.28144,,,,,,1
34487,2,34487,Conidiobolus,"",eukaryota,false,,,,0.33229005525026006,11,,,99.6373,91.3636,10^-49.4505,,,,,,,,,,,,,,,,,"[2074866, 1368622, 1167813, 34488]",1
2074866,1,34487,Conidiobolus polyspermus,"",eukaryota,false,,,,0.030208186840932735,1,,,100.0,101.0,10^-56.3801,,,,,,,,,,,,,,,,,,0
1368622,1,34487,Conidiobolus mycophagus,"",eukaryota,false,,,,0.06041637368186547,2,,,100.0,75.5,10^-39.035,,,,,,,,,,,,,,,,,,0
1167813,1,34487,Conidiobolus chlamydosporus,"",eukaryota,false,,,,0.030208186840932735,1,,,98.0,50.0,10^-20.3176,,,,,,,,,,,,,,,,,,0
34488,1,34487,Conidiobolus coronatus,"",eukaryota,false,,,,0.21145730788652914,7,,,99.7157,100.429,10^-55.5983,,,,,,,,,,,,,,,,,,1
34482,2,34482,Zoophthora,"",eukaryota,false,,,,0.030208186840932735,1,,,96.97,99.0,10^-50.8993,,,,,,,,,,,,,,,,,[181062],0
181062,1,34482,Zoophthora occidentalis,"",eukaryota,false,,,,0.030208186840932735,1,,,96.97,99.0,10^-50.8993,,,,,,,,,,,,,,,,,,0
34474,2,34474,Fomitopsis,"",eukaryota,false,,,,0.0906245605227982,3,,,97.4847,92.0,10^-47.0435,,,,,,,,,,,,,,,,,"[2870670, 40483]",0
2870670,1,34474,Fomitopsis palustris,"",eukaryota,false,,,,0.06041637368186547,2,,,97.727,88.0,10^-44.7747,,,,,,,,,,,,,,,,,,0
40483,1,34474,Fomitopsis pinicola,"",eukaryota,false,,,,0.030208186840932735,1,,,97.0,100.0,10^-51.5811,,,,,,,,,,,,,,,,,,0
34453,2,34453,Hebeloma,"",eukaryota,false,,,,,,,,,,,,,,,,0.1812491210455964,6,,,86.2167,29.0,10^-8.02466,,,,,[76867],0
76867,1,34453,Hebeloma cylindrosporum,"",eukaryota,false,,,,,,,,,,,,,,,,0.1812491210455964,6,,,86.2167,29.0,10^-8.02466,,,,,,0
34448,2,34448,Marasmius,"",eukaryota,false,,,,0.3624982420911928,12,,,92.6903,99.0833,10^-45.1236,,,,,,0.06041637368186547,2,,,100.0,32.0,10^-11.0667,,,,,"[1328755, 585030, 182057, 181124]",0
1328755,1,34448,Marasmius fiardii,"",eukaryota,false,,,,,,,,,,,,,,,,0.06041637368186547,2,,,100.0,32.0,10^-11.0667,,,,,,0
585030,1,34448,Marasmius tenuissimus,"",eukaryota,false,,,,0.15104093420466366,5,,,90.9848,100.2,10^-43.4833,,,,,,,,,,,,,,,,,,0
182057,1,34448,Marasmius rotula,"",eukaryota,false,,,,0.06041637368186547,2,,,98.02,101.0,10^-53.6353,,,,,,,,,,,,,,,,,,0
181124,1,34448,Marasmius oreades,"",eukaryota,false,,,,0.15104093420466366,5,,,92.264,97.2,10^-43.3593,,,,,,,,,,,,,,,,,,0
34446,2,34446,Crinipellis,"",eukaryota,false,,,,0.030208186840932735,1,,,98.02,101.0,10^-53.6353,,,,,,,,,,,,,,,,,[658478],0
658478,1,34446,Crinipellis sp. 7071514,"",eukaryota,false,,,,0.030208186840932735,1,,,98.02,101.0,10^-53.6353,,,,,,,,,,,,,,,,,,0
34444,2,34444,Lactarius,"",eukaryota,false,,,,0.06041637368186547,2,,,94.916,95.0,10^-45.4286,,,,,,0.21145730788652914,7,,,89.2857,31.1429,10^-9.91835,,,,,"[1932122, 326039, 222702]",0
1932122,1,34444,Lactarius hengduanensis,"",eukaryota,false,,,,,,,,,,,,,,,,0.030208186840932735,1,,,60.6,33.0,10^-3.06399,,,,,,0
326039,1,34444,Lactarius evosmus,"",eukaryota,false,,,,0.06041637368186547,2,,,94.916,95.0,10^-45.4286,,,,,,,,,,,,,,,,,,0
222702,1,34444,Lactarius indigo,"",eukaryota,false,,,,,,,,,,,,,,,,0.1812491210455964,6,,,94.0667,30.8333,10^-11.0607,,,,,,0
34435,2,34435,Macrolepiota,"",eukaryota,false,,,,0.030208186840932735,1,,,92.0,75.0,10^-30.4343,,,,,,,,,,,,,,,,,[201230],0
201230,1,34435,Macrolepiota fuliginosa,"",eukaryota,false,,,,0.030208186840932735,1,,,92.0,75.0,10^-30.4343,,,,,,,,,,,,,,,,,,0
34416,2,34416,Microbotryum,"",eukaryota,false,,,,,,,,,,,,,,,,0.06041637368186547,2,,,100.0,31.5,10^-12.4998,,,,,"[289078, 269621]",0
289078,1,34416,Microbotryum saponariae,"",eukaryota,false,,,,,,,,,,,,,,,,0.030208186840932735,1,,,100.0,31.0,10^-12.1549,,,,,,0
269621,1,34416,Microbotryum intermedium,"",eukaryota,false,,,,,,,,,,,,,,,,0.030208186840932735,1,,,100.0,32.0,10^-12.8447,,,,,,0
34392,2,34392,Microsporum,"",eukaryota,false,,,,0.030208186840932735,1,,,87.805,41.0,10^-8.73863,,,,,,,,,,,,,,,,,[63405],0
63405,1,34392,Microsporum canis,"",eukaryota,false,,,,0.030208186840932735,1,,,87.805,41.0,10^-8.73863,,,,,,,,,,,,,,,,,,0
34372,2,34372,Blumeria,"",eukaryota,false,,,,0.21145730788652914,7,,,94.431,63.6,10^-27.9455,,,,,,,,,,,,,,,,,[34373],0
34373,1,34372,Blumeria graminis,"",eukaryota,false,,,,0.21145730788652914,7,,,94.431,63.6,10^-27.9455,,,,,,,,,,,,,,,,,,0
34145,2,34145,Closterium,"",eukaryota,false,,,,,,,,,,,,,,,,0.0906245605227982,3,,,66.7,32.0,10^-5.2288,,,,,"[2996821, 2019903]",0
2996821,1,34145,Closterium sp. Yama58-4,"",eukaryota,false,,,,,,,,,,,,,,,,0.030208186840932735,1,,,62.5,32.0,10^-3.72354,,,,,,0
2019903,1,34145,Closterium sp. NIES-68,"",eukaryota,false,,,,,,,,,,,,,,,,0.06041637368186547,2,,,68.8,32.0,10^-5.98143,,,,,,0
34098,2,34098,Blattabacterium,"",bacteria,false,,,,0.030208186840932735,1,,,100.0,101.0,10^-56.3801,,,,,,,,,,,,,,,,,[1653831],0
1653831,1,34098,Blattabacterium cuenoti,"",bacteria,false,,,,0.030208186840932735,1,,,100.0,101.0,10^-56.3801,,,,,,,,,,,,,,,,,,0
34084,2,34084,Riemerella,"",bacteria,false,,,,,,,,,,,,,,,,0.453122802613991,15,,,66.1,30.2667,10^-4.076,,,,,[34085],0
34085,1,34084,Riemerella anatipestifer,"",bacteria,false,,,,,,,,,,,,,,,,0.453122802613991,15,,,66.1,30.2667,10^-4.076,,,,,,0
34072,2,34072,Variovorax,"",bacteria,false,,,,0.5739555499777219,19,,,88.1845,67.8235,10^-14.4838,,,,,,0.0906245605227982,3,,,100.0,24.3333,10^-6.40804,,,,,"[1105204, 662548, 436515, 34073]",0
1105204,1,34072,Variovorax sp. WS11,"",bacteria,false,,,,,,,,,,,,,,,,0.030208186840932735,1,,,100.0,33.0,10^-11.4976,,,,,,0
662548,1,34072,Variovorax sp. RA8,"",bacteria,false,,,,0.3624982420911928,12,,,85.333,75.0,10^-10.0969,,,,,,,,,,,,,,,,,,0
436515,1,34072,Variovorax boronicumulans,"",bacteria,false,,,,,,,,,,,,,,,,0.06041637368186547,2,,,100.0,20.0,10^-3.86328,,,,,,0
34073,1,34072,Variovorax paradoxus,"",bacteria,false,,,,0.21145730788652914,7,,,92.258,57.5714,10^-20.7508,,,,,,,,,,,,,,,,,,0
34037,2,34037,Rahnella,"",bacteria,false,,,,0.06041637368186547,2,,,95.0495,101.0,10^-49.5182,,,,,,1.5104093420466367,50,,,92.032,27.16,10^-6.97437,,,,,"[2816244, 2703885, 2057180, 1805933, 34038]",0
2816244,1,34037,Rahnella perminowiae,"",bacteria,false,,,,,,,,,,,,,,,,0.030208186840932735,1,,,100.0,31.0,10^-11.3726,,,,,,0
2703885,1,34037,Rahnella aceris,"",bacteria,false,,,,0.030208186840932735,1,,,100.0,101.0,10^-56.3801,,,,,,,,,,,,,,,,,,0
2057180,1,34037,Rahnella sp. AA,"",bacteria,false,,,,,,,,,,,,,,,,0.030208186840932735,1,,,97.0,33.0,10^-13.4001,,,,,,0
1805933,1,34037,Rahnella sikkimica,"",bacteria,false,,,,,,,,,,,,,,,,1.4499929683647712,48,,,91.4696,26.7391,10^-6.50376,,,,,,0
34038,1,34037,Rahnella aquatilis,"",bacteria,false,,,,0.030208186840932735,1,,,90.099,101.0,10^-42.6564,,,,,,,,,,,,,,,,,,0
34019,2,34019,Liberibacter,"",bacteria,false,,,,0.030208186840932735,1,,,100.0,91.0,10^-49.5635,,,,,,0.24166549472746188,8,,,76.675,31.375,10^-8.85753,,,,,"[574027, 309868, 34021]",0
574027,1,34019,uncultured Candidatus Liberibacter sp.,"",bacteria,false,,,,0.030208186840932735,1,,,100.0,91.0,10^-49.5635,,,,,,,,,,,,,,,,,,0
309868,1,34019,Candidatus Liberibacter americanus,"",bacteria,false,,,,,,,,,,,,,,,,0.12083274736373094,4,,,64.5,31.0,10^-7.4106,,,,,,0
34021,1,34019,Candidatus Liberibacter asiaticus,"",bacteria,false,,,,,,,,,,,,,,,,0.12083274736373094,4,,,88.85,31.75,10^-10.3045,,,,,,0
33986,2,33986,Exiguobacterium,"",bacteria,false,,,,0.3020818684093273,10,,,100.0,100.2,10^-55.6974,,,,,,0.33229005525026006,11,,,99.1636,31.9091,10^-11.2793,,,,,"[2751269, 2751251, 1428684, 360911, 340146, 273528, 41170, 33987]",0
2751269,1,33986,Exiguobacterium sp. s59,"",bacteria,false,,,,,,,,,,,,,,,,0.030208186840932735,1,,,96.9,32.0,10^-11.2798,,,,,,0
2751251,1,33986,Exiguobacterium qingdaonense,"",bacteria,false,,,,,,,,,,,,,,,,0.030208186840932735,1,,,96.9,32.0,10^-11.1018,,,,,,0
1428684,1,33986,Exiguobacterium alkaliphilum,"",bacteria,false,,,,0.030208186840932735,1,,,100.0,101.0,10^-56.3801,,,,,,,,,,,,,,,,,,0
360911,1,33986,Exiguobacterium sp. AT1b,"",bacteria,false,,,,0.030208186840932735,1,,,100.0,101.0,10^-56.3801,,,,,,,,,,,,,,,,,,0
340146,1,33986,Exiguobacterium mexicanum,"",bacteria,false,,,,,,,,,,,,,,,,0.2718736815683946,9,,,99.6667,31.8889,10^-11.299,,,,,,0
273528,1,33986,Exiguobacterium marinum,"",bacteria,false,,,,0.030208186840932735,1,,,100.0,101.0,10^-56.3801,,,,,,,,,,,,,,,,,,0
41170,1,33986,Exiguobacterium acetylicum,"",bacteria,false,,,,0.030208186840932735,1,,,100.0,101.0,10^-56.3801,,,,,,,,,,,,,,,,,,0
33987,1,33986,Exiguobacterium aurantiacum,"",bacteria,false,,,,0.1812491210455964,6,,,100.0,99.6667,10^-55.2422,,,,,,,,,,,,,,,,,,0
33926,2,33926,Phytoplasma,plant yellows agents,bacteria,false,,,,,,,,,,,,,,,,0.5135391762958564,17,,,62.5877,70.3333,10^-21.0044,,,,,[35779],0
35779,1,33926,Aster yellows phytoplasma,"",bacteria,false,,,,,,,,,,,,,,,,0.5135391762958564,17,,,62.5877,70.3333,10^-21.0044,,,,,,0
33882,2,33882,Microbacterium,"",bacteria,false,,,,0.39270642893212554,13,,,90.8025,67.3846,10^-27.3924,,,,,,,,,,,,,,,,,"[3049072, 2995140, 2782166, 1516098, 683047, 82380, 2033]",0
3049072,1,33882,Microbacterium sp. zg-Y818,"",bacteria,false,,,,0.030208186840932735,1,,,100.0,93.0,10^-50.9264,,,,,,,,,,,,,,,,,,0
2995140,1,33882,Microbacterium sp. SL75,"",bacteria,false,,,,0.030208186840932735,1,,,100.0,100.0,10^-55.6982,,,,,,,,,,,,,,,,,,0
2782166,1,33882,Microbacterium sp. A18JL241,"",bacteria,false,,,,0.030208186840932735,1,,,80.435,46.0,10^-6.6301,,,,,,,,,,,,,,,,,,0
1516098,1,33882,Microbacterium sp. 54,"",bacteria,false,,,,0.030208186840932735,1,,,100.0,101.0,10^-56.3801,,,,,,,,,,,,,,,,,,0
683047,1,33882,Microbacterium suwonense,"",bacteria,false,,,,0.21145730788652914,7,,,85.714,49.0,10^-11.406,,,,,,,,,,,,,,,,,,0
82380,1,33882,Microbacterium oxydans,"",bacteria,false,,,,0.030208186840932735,1,,,100.0,93.0,10^-50.9264,,,,,,,,,,,,,,,,,,0
2033,1,33882,Microbacterium testaceum,"",bacteria,false,,,,0.030208186840932735,1,,,100.0,100.0,10^-55.6982,,,,,,,,,,,,,,,,,,0
33465,2,33465,Yponomeuta,European small ermine moth,eukaryota,false,,,,0.7249964841823856,24,,,87.4738,73.5417,10^-17.8351,,,,,,,,,,,,,,,,,"[2567736, 1594356, 263933, 33466]",0
2567736,1,33465,Yponomeuta cagnagella,spindle ermine moth,eukaryota,false,,,,0.15104093420466366,5,,,90.3236,53.8,10^-16.8782,,,,,,,,,,,,,,,,,,0
1594356,1,33465,Yponomeuta plumbellus,"",eukaryota,false,,,,0.15104093420466366,5,,,87.4624,62.6,10^-18.4594,,,,,,,,,,,,,,,,,,0
263933,1,33465,Yponomeuta sedellus,"",eukaryota,false,,,,0.12083274736373094,4,,,86.789,64.0,10^-19.2038,,,,,,,,,,,,,,,,,,0
33466,1,33465,Yponomeuta malinellus,apple ermine moth,eukaryota,false,,,,0.3020818684093273,10,,,86.3285,92.7,10^-17.4539,,,,,,,,,,,,,,,,,,0
33416,2,33416,Heliconius,"",eukaryota,false,,,,0.030208186840932735,1,,,71.765,85.0,10^-12.5391,,,,,,0.030208186840932735,1,,,100.0,32.0,10^-15.9101,,,,,"[34740, 33443]",0
34740,1,33416,Heliconius melpomene,postman butterfly,eukaryota,false,,,,,,,,,,,,,,,,0.030208186840932735,1,,,100.0,32.0,10^-15.9101,,,,,,0
33443,1,33416,Heliconius sara,"",eukaryota,false,,,,0.030208186840932735,1,,,71.765,85.0,10^-12.5391,,,,,,,,,,,,,,,,,,0
33413,2,33413,Orgyia,"",eukaryota,false,,,,0.0906245605227982,3,,,93.109,41.3333,10^-11.7132,,,,,,,,,,,,,,,,,[335469],0
335469,1,33413,Orgyia antiqua,rusty tussock moth,eukaryota,false,,,,0.0906245605227982,3,,,93.109,41.3333,10^-11.7132,,,,,,,,,,,,,,,,,,0
33411,2,33411,Zerene,"",eukaryota,false,,,,0.2718736815683946,9,,,88.5022,61.8889,10^-19.106,,,,,,0.12083274736373094,4,,,97.35,29.5,10^-10.8361,,,,,[33412],0
33412,1,33411,Zerene cesonia,dogface butterfly,eukaryota,false,,,,0.2718736815683946,9,,,88.5022,61.8889,10^-19.106,,,,,,0.12083274736373094,4,,,97.35,29.5,10^-10.8361,,,,,,0
33393,2,33393,Holotrichia,"",eukaryota,false,,,,,,,,,,,,,,,,0.6343719236595874,21,,,93.595,30.1,10^-8.85046,,,,,[644536],0
644536,1,33393,Holotrichia oblita,"",eukaryota,false,,,,,,,,,,,,,,,,0.6343719236595874,21,,,93.595,30.1,10^-8.85046,,,,,,0
33202,2,33202,Paecilomyces,"",eukaryota,false,,,,0.06041637368186547,2,,,93.561,52.0,10^-18.2472,,,,,,,,,,,,,,,,,[264951],0
264951,1,33202,Paecilomyces variotii,"",eukaryota,false,,,,0.06041637368186547,2,,,93.561,52.0,10^-18.2472,,,,,,,,,,,,,,,,,,0
33196,2,33196,Botrytis,"",eukaryota,false,,,,0.5135391762958564,17,,,94.7993,112.294,10^-32.5276,,,,,,0.12083274736373094,4,,,100.0,27.0,10^-8.32114,,,,,"[1463999, 278948, 87229, 40559]",0
1463999,1,33196,Botrytis sinoallii,"",eukaryota,false,,,,0.06041637368186547,2,,,97.03,101.0,10^-52.2629,,,,,,,,,,,,,,,,,,0
278948,1,33196,Botrytis paeoniae,"",eukaryota,false,,,,,,,,,,,,,,,,0.030208186840932735,1,,,100.0,33.0,10^-10.6498,,,,,,0
87229,1,33196,Botrytis porri,"",eukaryota,false,,,,0.06041637368186547,2,,,91.304,46.0,10^-13.492,,,,,,,,,,,,,,,,,,0
40559,1,33196,Botrytis cinerea,"",eukaryota,false,,,,0.39270642893212554,13,,,94.9939,124.231,10^-32.42,,,,,,0.0906245605227982,3,,,100.0,25.0,10^-7.54493,,,,,,0
33194,2,33194,Bipolaris,"",eukaryota,false,,,,0.12083274736373094,4,,,92.9993,41.0,10^-11.4846,,,,,,,,,,,,,,,,,[45130],0
45130,1,33194,Bipolaris sorokiniana,"",eukaryota,false,,,,0.12083274736373094,4,,,92.9993,41.0,10^-11.4846,,,,,,,,,,,,,,,,,,0
33073,2,33073,Zymobacter,"",bacteria,false,,,,316.2192998508839,10468,,,97.4365,477.456,10^-224.955,,,,,,0.15104093420466366,5,,,84.26,33.0,10^-8.45721,,,,,"[3048686, 33074]",0
3048686,1,33073,Zymobacter sp.,"",bacteria,false,,,,0.21145730788652914,7,,,99.2446,95.5714,10^-51.6996,,,,,,,,,,,,,,,,,,0
33074,1,33073,Zymobacter palmae,"",bacteria,false,,,,316.0078425429973,10461,,,97.4341,477.977,10^-225.191,,,,,,0.15104093420466366,5,,,84.26,33.0,10^-8.45721,,,,,,0
32404,2,32404,Gasteruption,"",eukaryota,false,,,,0.3020818684093273,10,,,90.1108,62.1,10^-20.3265,,,,,,,,,,,,,,,,,[2718756],0
2718756,1,32404,Gasteruption jaculator,"",eukaryota,false,,,,0.3020818684093273,10,,,90.1108,62.1,10^-20.3265,,,,,,,,,,,,,,,,,,0
32390,2,32390,Cotesia,"",eukaryota,false,,,,0.3624982420911928,12,,,86.9914,83.0,10^-26.855,,,,,,25.918624309520286,858,,,32.9996,361.47,10^-49.3877,,,,,"[2053667, 51543, 32392, 32391]",0
2053667,1,32390,Cotesia typhae,"",eukaryota,false,,,,,,,,,,,,,,,,0.0906245605227982,3,,,80.1,32.3333,10^-8.3493,,,,,,0
51543,1,32390,Cotesia congregata,"",eukaryota,false,,,,,,,,,,,,,,,,25.556126067429094,846,,,32.3399,366.178,10^-49.984,,,,,,0
32392,1,32390,Cotesia rubecula,"",eukaryota,false,,,,0.15104093420466366,5,,,81.139,101.8,10^-30.5761,,,,,,,,,,,,,,,,,,0
32391,1,32390,Cotesia glomerata,"",eukaryota,false,,,,0.21145730788652914,7,,,92.8438,64.2,10^-23.134,,,,,,0.2718736815683946,9,,,78.9444,31.2222,10^-7.34141,,,,,,0
32263,2,32263,Tetranychus,"",eukaryota,false,,,,0.06041637368186547,2,,,85.8375,65.5,10^-17.1546,,,,,,0.06041637368186547,2,,,80.0,30.5,10^-8.18677,,,,,"[93129, 32264]",0
93129,1,32263,Tetranychus cinnabarinus,carmine spider mite,eukaryota,false,,,,,,,,,,,,,,,,0.030208186840932735,1,,,100.0,31.0,10^-10.5884,,,,,,0
32264,1,32263,Tetranychus urticae,two-spotted spider mite,eukaryota,false,,,,0.06041637368186547,2,,,85.8375,65.5,10^-17.1546,,,,,,0.030208186840932735,1,,,60.0,30.0,10^-5.78516,,,,,,0
32207,2,32207,Rothia,"",bacteria,false,,,,0.33229005525026006,11,,,99.8163,94.2727,10^-51.5467,,,,,,0.06041637368186547,2,,,100.0,33.0,10^-14.4908,,,,,"[43675, 2047]",1
43675,1,32207,Rothia mucilaginosa,"",bacteria,false,,,,0.33229005525026006,11,,,99.8163,94.2727,10^-51.5467,,,,,,,,,,,,,,,,,,0
2047,1,32207,Rothia dentocariosa,"",bacteria,false,,,,,,,,,,,,,,,,0.06041637368186547,2,,,100.0,33.0,10^-14.4908,,,,,,1
32199,2,32199,Buchnera,aphid P-endosymbionts,bacteria,false,,,,0.06041637368186547,2,,,100.0,98.5,10^-53.9893,,,,,,0.030208186840932735,1,,,100.0,33.0,10^-12.1649,,,,,[9],0
9,1,32199,Buchnera aphidicola,"",bacteria,false,,,,0.06041637368186547,2,,,100.0,98.5,10^-53.9893,,,,,,0.030208186840932735,1,,,100.0,33.0,10^-12.1649,,,,,,0
32067,2,32067,Leptotrichia,"",bacteria,false,,,,,,,,,,,,,,,,0.030208186840932735,1,,,67.7,31.0,10^-4.01863,,,,,[157688],0
157688,1,32067,Leptotrichia hofstadii,"",bacteria,false,,,,,,,,,,,,,,,,0.030208186840932735,1,,,67.7,31.0,10^-4.01863,,,,,,0
32012,2,32012,Thiomonas,"",bacteria,false,,,,,,,,,,,,,,,,0.8458292315461166,28,,,75.6462,29.2308,10^-8.26524,,,,,[554131],0
554131,1,32012,Thiomonas sp. CB2,"",bacteria,false,,,,,,,,,,,,,,,,0.8458292315461166,28,,,75.6462,29.2308,10^-8.26524,,,,,,0
32008,2,32008,Burkholderia,"",bacteria,false,,,,0.15104093420466366,5,,,92.5006,60.0,10^-21.6309,,,,,,0.0906245605227982,3,,,83.4667,32.6667,10^-6.89891,,,,,"[1385591, 95486, 87883, 36773, 28450]",2
1385591,1,32008,Burkholderia mayonis,"",bacteria,false,,,,0.030208186840932735,1,,,91.892,37.0,10^-8.78321,,,,,,,,,,,,,,,,,,0
95486,1,32008,Burkholderia cenocepacia,"",bacteria,false,,,,0.06041637368186547,2,,,98.182,55.0,10^-23.7071,,,,,,,,,,,,,,,,,,1
87883,1,32008,Burkholderia multivorans,"",bacteria,false,,,,,,,,,,,,,,,,0.030208186840932735,1,,,84.8,33.0,10^-7.30892,,,,,,0
36773,1,32008,Burkholderia sp.,"",bacteria,false,,,,,,,,,,,,,,,,0.030208186840932735,1,,,100.0,33.0,10^-10.2941,,,,,,0
28450,1,32008,Burkholderia pseudomallei,"",bacteria,false,,,,0.06041637368186547,2,,,87.1235,76.5,10^-25.9786,,,,,,0.030208186840932735,1,,,65.6,32.0,10^-3.09366,,,,,,1
30204,2,30204,Tetramorium,"",eukaryota,false,,,,0.0906245605227982,3,,,85.304,66.0,10^-18.3718,,,,,,,,,,,,,,,,,[219812],0
219812,1,30204,Tetramorium bicarinatum,"",eukaryota,false,,,,0.0906245605227982,3,,,85.304,66.0,10^-18.3718,,,,,,,,,,,,,,,,,,0
30137,2,30137,Macrosteles,"",eukaryota,false,,,,0.15104093420466366,5,,,88.0466,81.8,10^-29.5795,,,,,,0.39270642893212554,13,,,76.3846,29.9231,10^-5.83431,,,,,[74068],0
74068,1,30137,Macrosteles quadrilineatus,aster leafhopper,eukaryota,false,,,,0.15104093420466366,5,,,88.0466,81.8,10^-29.5795,,,,,,0.39270642893212554,13,,,76.3846,29.9231,10^-5.83431,,,,,,0
30079,2,30079,Cimex,"",eukaryota,false,,,,0.21145730788652914,7,,,91.1801,49.1429,10^-15.0495,,,,,,0.4229146157730583,14,,,88.8929,31.2143,10^-9.02069,,,,,[79782],0
79782,1,30079,Cimex lectularius,bed bug,eukaryota,false,,,,0.21145730788652914,7,,,91.1801,49.1429,10^-15.0495,,,,,,0.4229146157730583,14,,,88.8929,31.2143,10^-9.02069,,,,,,0
29907,2,29907,Sporothrix,"",eukaryota,false,,,,0.030208186840932735,1,,,91.304,46.0,10^-13.492,,,,,,,,,,,,,,,,,[29908],1
29908,1,29907,Sporothrix schenckii,"",eukaryota,false,,,,0.030208186840932735,1,,,91.304,46.0,10^-13.492,,,,,,,,,,,,,,,,,,1
29888,2,29888,Calocera,"",eukaryota,false,,,,0.030208186840932735,1,,,100.0,99.0,10^-55.0164,,,,,,0.3624982420911928,12,,,65.5762,58.5833,10^-18.4482,,,,,"[2806640, 63146]",0
2806640,1,29888,Calocera tibetica,"",eukaryota,false,,,,0.030208186840932735,1,,,100.0,99.0,10^-55.0164,,,,,,,,,,,,,,,,,,0
63146,1,29888,Calocera viscosa,"",eukaryota,false,,,,,,,,,,,,,,,,0.3624982420911928,12,,,65.5762,58.5833,10^-18.4482,,,,,,0
29828,2,29828,Lipomyces,"",eukaryota,false,,,,0.06041637368186547,2,,,94.737,38.0,10^-10.8302,,,,,,0.06041637368186547,2,,,68.2,31.5,10^-4.46272,,,,,"[54092, 29829]",0
54092,1,29828,Lipomyces tetrasporus,"",eukaryota,false,,,,0.06041637368186547,2,,,94.737,38.0,10^-10.8302,,,,,,,,,,,,,,,,,,0
29829,1,29828,Lipomyces starkeyi,"",eukaryota,false,,,,,,,,,,,,,,,,0.06041637368186547,2,,,68.2,31.5,10^-4.46272,,,,,,0
29825,2,29825,Neolecta,"",eukaryota,false,,,,,,,,,,,,,,,,0.06041637368186547,2,,,95.2,21.0,10^-4.0575,,,,,[48691],0
48691,1,29825,Neolecta irregularis,"",eukaryota,false,,,,,,,,,,,,,,,,0.06041637368186547,2,,,95.2,21.0,10^-4.0575,,,,,,0
29574,2,29574,Taylorella,"",bacteria,false,,,,,,,,,,,,,,,,84.91521320986192,2811,,,75.3778,68.9448,10^-28.2216,,,,,[84590],0
84590,1,29574,Taylorella asinigenitalis,"",bacteria,false,,,,,,,,,,,,,,,,84.91521320986192,2811,,,75.3778,68.9448,10^-28.2216,,,,,,0
29487,2,29487,Photorhabdus,"",bacteria,false,,,,0.030208186840932735,1,,,94.175,103.0,10^-49.5097,,,,,,0.453122802613991,15,,,97.9467,31.3333,10^-11.5668,,,,,"[2218628, 1004159, 1004150, 574560, 471575, 29488]",0
2218628,1,29487,Photorhabdus laumondii,"",bacteria,false,,,,,,,,,,,,,,,,0.030208186840932735,1,,,100.0,33.0,10^-15.3116,,,,,,0
1004159,1,29487,Photorhabdus tasmaniensis,"",bacteria,false,,,,,,,,,,,,,,,,0.030208186840932735,1,,,100.0,31.0,10^-8.77211,,,,,,0
1004150,1,29487,Photorhabdus khanii,"",bacteria,false,,,,,,,,,,,,,,,,0.0906245605227982,3,,,100.0,32.6667,10^-13.2209,,,,,,0
574560,1,29487,Photorhabdus temperata,"",bacteria,false,,,,,,,,,,,,,,,,0.21145730788652914,7,,,97.5429,31.4286,10^-11.4021,,,,,,0
471575,1,29487,Photorhabdus cinerea,"",bacteria,false,,,,,,,,,,,,,,,,0.030208186840932735,1,,,93.9,33.0,10^-14.0,,,,,,0
29488,1,29487,Photorhabdus luminescens,"",bacteria,false,,,,0.030208186840932735,1,,,94.175,103.0,10^-49.5097,,,,,,0.06041637368186547,2,,,96.25,27.5,10^-7.97069,,,,,,0
29407,2,29407,Rhodoplanes,"",bacteria,false,,,,0.030208186840932735,1,,,97.03,101.0,10^-52.2629,,,,,,,,,,,,,,,,,[674703],0
674703,1,29407,Rhodoplanes sp. Z2-YC6860,"",bacteria,false,,,,0.030208186840932735,1,,,97.03,101.0,10^-52.2629,,,,,,,,,,,,,,,,,,0
29404,2,29404,Microlunatus,"",bacteria,false,,,,0.06041637368186547,2,,,92.5295,100.5,10^-45.7463,,,,,,,,,,,,,,,,,[546874],0
546874,1,29404,Microlunatus sagamiharensis,"",bacteria,false,,,,0.06041637368186547,2,,,92.5295,100.5,10^-45.7463,,,,,,,,,,,,,,,,,,0
29393,2,29393,Dolosigranulum,"",bacteria,false,,,,,,,,,,,,,,,,0.8458292315461166,28,,,97.0,33.0,10^-12.9209,,,,,[29394],0
29394,1,29393,Dolosigranulum pigrum,"",bacteria,false,,,,,,,,,,,,,,,,0.8458292315461166,28,,,97.0,33.0,10^-12.9209,,,,,,0
29330,2,29330,Alicyclobacillus,"",bacteria,false,,,,0.030208186840932735,1,,,97.368,38.0,10^-12.2026,,,,,,,,,,,,,,,,,[2665646],0
2665646,1,29330,Alicyclobacillus sp. SO9,"",bacteria,false,,,,0.030208186840932735,1,,,97.368,38.0,10^-12.2026,,,,,,,,,,,,,,,,,,0
29287,2,29287,Natronococcus,"",archaea,false,,,,0.030208186840932735,1,,,85.0,40.0,10^-6.6908,,,,,,,,,,,,,,,,,[29288],0
29288,1,29287,Natronococcus occultus,"",archaea,false,,,,0.030208186840932735,1,,,85.0,40.0,10^-6.6908,,,,,,,,,,,,,,,,,,0
29169,2,29169,Ancylostoma,"",eukaryota,false,,,,,,,,,,,,,,,,0.21145730788652914,7,,,70.7284,43.4286,10^-11.0131,,,,,"[53326, 29170]",2
53326,1,29169,Ancylostoma ceylanicum,"",eukaryota,false,,,,,,,,,,,,,,,,0.12083274736373094,4,,,53.4497,53.0,10^-11.704,,,,,,1
29170,1,29169,Ancylostoma caninum,dog hookworm,eukaryota,false,,,,,,,,,,,,,,,,0.0906245605227982,3,,,93.7667,30.6667,10^-10.0918,,,,,,1
29056,2,29056,Ostrinia,"",eukaryota,false,,,,0.15104093420466366,5,,,88.5816,70.0,10^-23.7525,,,,,,1.9937403315015605,66,,,57.2859,62.3125,10^-15.0484,,,,,[93504],0
93504,1,29056,Ostrinia furnacalis,Asian corn borer,eukaryota,false,,,,0.15104093420466366,5,,,88.5816,70.0,10^-23.7525,,,,,,1.9937403315015605,66,,,57.2859,62.3125,10^-15.0484,,,,,,0
29054,2,29054,Epinotia,"",eukaryota,false,,,,0.9666619789098475,32,,,89.3037,48.8125,10^-13.2592,,,,,,,,,,,,,,,,,"[1594296, 1594294, 1594293, 989769]",0
1594296,1,29054,Epinotia ramella,"",eukaryota,false,,,,0.21145730788652914,7,,,89.2134,53.0,10^-14.5245,,,,,,,,,,,,,,,,,,0
1594294,1,29054,Epinotia demarniana,"",eukaryota,false,,,,0.15104093420466366,5,,,94.3736,39.2,10^-11.3661,,,,,,,,,,,,,,,,,,0
1594293,1,29054,Epinotia bilunana,"",eukaryota,false,,,,0.15104093420466366,5,,,88.629,46.2,10^-11.71,,,,,,,,,,,,,,,,,,0
989769,1,29054,Epinotia nisella,"",eukaryota,false,,,,0.453122802613991,15,,,87.8807,50.9333,10^-13.8162,,,,,,,,,,,,,,,,,,0
29052,2,29052,Copidosoma,"",eukaryota,false,,,,0.3020818684093273,10,,,89.2899,65.8,10^-21.4664,,,,,,0.2718736815683946,9,,,84.5444,32.1111,10^-10.0017,,,,,[29053],0
29053,1,29052,Copidosoma floridanum,"",eukaryota,false,,,,0.3020818684093273,10,,,89.2899,65.8,10^-21.4664,,,,,,0.2718736815683946,9,,,84.5444,32.1111,10^-10.0017,,,,,,0
29048,2,29048,Ophion,"",eukaryota,false,,,,1.1781192867963766,39,,,86.472,145.424,10^-31.0291,,,,,,,,,,,,,,,,,"[2979155, 495356]",0
2979155,1,29048,Ophion slaviceki,"",eukaryota,false,,,,0.9364537920689148,31,,,85.381,166.444,10^-34.3503,,,,,,,,,,,,,,,,,,0
495356,1,29048,Ophion costatus,"",eukaryota,false,,,,0.24166549472746188,8,,,91.3815,50.8333,10^-16.0836,,,,,,,,,,,,,,,,,,0
29044,2,29044,Trichomalopsis,"",eukaryota,false,,,,,,,,,,,,,,,,0.06041637368186547,2,,,84.7,32.5,10^-11.5494,,,,,[543379],0
543379,1,29044,Trichomalopsis sarcophagae,"",eukaryota,false,,,,,,,,,,,,,,,,0.06041637368186547,2,,,84.7,32.5,10^-11.5494,,,,,,0
29021,2,29021,Scutigera,"",eukaryota,false,,,,,,,,,,,,,,,,0.030208186840932735,1,,,100.0,33.0,10^-14.7545,,,,,[29022],0
29022,1,29021,Scutigera coleoptrata,house centipede,eukaryota,false,,,,,,,,,,,,,,,,0.030208186840932735,1,,,100.0,33.0,10^-14.7545,,,,,,0
29012,2,29012,Araneus,"",eukaryota,false,,,,,,,,,,,,,,,,67.7267548973712,2242,,,41.9079,415.881,10^-108.888,,,,,[182803],0
182803,1,29012,Araneus ventricosus,"",eukaryota,false,,,,,,,,,,,,,,,,67.7267548973712,2242,,,41.9079,415.881,10^-108.888,,,,,,0
29002,2,29002,Cercospora,"",eukaryota,false,,,,0.6343719236595874,21,,,97.7485,92.5294,10^-47.7057,,,,,,0.24166549472746188,8,,,93.8625,32.5,10^-11.7224,,,,,"[2929575, 438356, 357750, 135779, 84275]",0
2929575,1,29002,Cercospora sp. J1 LZ-2022,"",eukaryota,false,,,,0.4229146157730583,14,,,98.5923,92.25,10^-48.7072,,,,,,,,,,,,,,,,,,0
438356,1,29002,Cercospora sojina,"",eukaryota,false,,,,0.12083274736373094,4,,,93.814,97.0,10^-45.4186,,,,,,,,,,,,,,,,,,0
357750,1,29002,Cercospora berteroae,"",eukaryota,false,,,,,,,,,,,,,,,,0.06041637368186547,2,,,95.4,32.5,10^-13.5063,,,,,,0
135779,1,29002,Cercospora zeae-maydis,"",eukaryota,false,,,,,,,,,,,,,,,,0.06041637368186547,2,,,98.5,33.0,10^-12.8124,,,,,,0
84275,1,29002,Cercospora kikuchii,"",eukaryota,false,,,,0.0906245605227982,3,,,96.9963,90.6667,10^-45.2243,,,,,,0.12083274736373094,4,,,90.775,32.25,10^-10.2854,,,,,,0
28884,2,28884,Hydrogenovibrio,"",bacteria,false,,,,,,,,,,,,,,,,0.06041637368186547,2,,,97.0,33.0,10^-14.9625,,,,,[3038774],0
3038774,1,28884,Hydrogenovibrio sp. 3SP14C1,"",bacteria,false,,,,,,,,,,,,,,,,0.06041637368186547,2,,,97.0,33.0,10^-14.9625,,,,,,0
28676,2,28676,Prodoxus,bogus yucca moths,eukaryota,false,,,,0.030208186840932735,1,,,87.755,98.0,10^-37.8662,,,,,,,,,,,,,,,,,[28677],0
28677,1,28676,Prodoxus quinquepunctellus,"",eukaryota,false,,,,0.030208186840932735,1,,,87.755,98.0,10^-37.8662,,,,,,,,,,,,,,,,,,0
28651,2,28651,Melipona,"",eukaryota,false,,,,,,,,,,,,,,,,0.06041637368186547,2,,,100.0,25.0,10^-5.45381,,,,,[166423],0
166423,1,28651,Melipona quadrifasciata,"",eukaryota,false,,,,,,,,,,,,,,,,0.06041637368186547,2,,,100.0,25.0,10^-5.45381,,,,,,0
28644,2,28644,Eufriesea,"",eukaryota,false,,,,0.06041637368186547,2,,,85.1645,84.0,10^-27.6418,,,,,,0.12083274736373094,4,,,100.0,32.5,10^-13.659,,,,,[516756],0
516756,1,28644,Eufriesea mexicana,"",eukaryota,false,,,,0.06041637368186547,2,,,85.1645,84.0,10^-27.6418,,,,,,0.12083274736373094,4,,,100.0,32.5,10^-13.659,,,,,,0
28641,2,28641,Bombus,bumble bees,eukaryota,false,,,,0.3624982420911928,12,,,90.9019,51.9167,10^-15.8012,,,,,,0.39270642893212554,13,,,88.2385,30.9231,10^-7.21716,,,,,"[2705177, 396416, 309941, 207650, 207624, 132113, 103933, 85661, 65598, 30195]",0
2705177,1,28641,Bombus vancouverensis,"",eukaryota,false,,,,,,,,,,,,,,,,0.12083274736373094,4,,,85.675,32.25,10^-7.26596,,,,,,0
396416,1,28641,Bombus pyrosoma,"",eukaryota,false,,,,0.030208186840932735,1,,,91.667,48.0,10^-14.8458,,,,,,0.0906245605227982,3,,,95.4667,27.3333,10^-7.49812,,,,,,0
309941,1,28641,Bombus affinis,"",eukaryota,false,,,,0.06041637368186547,2,,,94.722,38.0,10^-10.8308,,,,,,0.030208186840932735,1,,,64.3,28.0,10^-3.72354,,,,,,0
207650,1,28641,Bombus vosnesenskii,"",eukaryota,false,,,,,,,,,,,,,,,,0.12083274736373094,4,,,89.175,32.5,10^-7.64955,,,,,,0
207624,1,28641,Bombus campestris,"",eukaryota,false,,,,0.12083274736373094,4,,,92.788,58.0,10^-20.9508,,,,,,,,,,,,,,,,,,0
132113,1,28641,Bombus impatiens,common eastern bumble bee,eukaryota,false,,,,0.030208186840932735,1,,,85.366,82.0,10^-26.9646,,,,,,,,,,,,,,,,,,0
103933,1,28641,Bombus bifarius,"",eukaryota,false,,,,0.030208186840932735,1,,,75.758,66.0,10^-10.5904,,,,,,,,,,,,,,,,,,0
85661,1,28641,Bombus huntii,"",eukaryota,false,,,,0.030208186840932735,1,,,97.436,39.0,10^-12.8775,,,,,,0.030208186840932735,1,,,97.0,33.0,10^-7.9431,,,,,,0
65598,1,28641,Bombus pascuorum,"",eukaryota,false,,,,0.030208186840932735,1,,,82.5,40.0,10^-5.31842,,,,,,,,,,,,,,,,,,0
30195,1,28641,Bombus terrestris,buff-tailed bumblebee,eukaryota,false,,,,0.030208186840932735,1,,,97.5,40.0,10^-13.5526,,,,,,,,,,,,,,,,,,0
28636,2,28636,Pyrgota,"",eukaryota,false,,,,,,,,,,,,,,,,0.06041637368186547,2,,,100.0,32.5,10^-8.63941,,,,,[28637],0
28637,1,28636,Pyrgota undata,"",eukaryota,false,,,,,,,,,,,,,,,,0.06041637368186547,2,,,100.0,32.5,10^-8.63941,,,,,,0
28633,2,28633,Rivellia,"",eukaryota,false,,,,0.030208186840932735,1,,,81.159,69.0,10^-16.7468,,,,,,,,,,,,,,,,,[286529],0
286529,1,28633,Rivellia apicalis,"",eukaryota,false,,,,0.030208186840932735,1,,,81.159,69.0,10^-16.7468,,,,,,,,,,,,,,,,,,0
28609,2,28609,Rhagoletis,"",eukaryota,false,,,,1.5708257157285022,52,,,86.5461,77.0577,10^-19.3473,,,,,,24.982170517451372,827,,,52.7313,278.809,10^-123.724,,,,,"[28612, 28610]",0
28612,1,28609,Rhagoletis zephyria,snowberry fruit fly,eukaryota,false,,,,0.9968701657507802,33,,,86.5018,82.8788,10^-18.7704,,,,,,2.0239485183424932,67,,,76.0135,42.9538,10^-13.0568,,,,,,0
28610,1,28609,Rhagoletis pomonella,apple maggot,eukaryota,false,,,,0.5739555499777219,19,,,86.6229,66.9474,10^-20.3492,,,,,,22.95822199910888,760,,,50.7135,299.249,10^-133.316,,,,,,0
28585,2,28585,Anastrepha,"",eukaryota,false,,,,0.8760374183870493,29,,,88.4362,70.5862,10^-23.7164,,,,,,0.9666619789098475,32,,,91.5444,37.8438,10^-12.5895,,,,,"[95512, 28586]",0
95512,1,28585,Anastrepha obliqua,"",eukaryota,false,,,,0.5135391762958564,17,,,88.1021,70.9412,10^-23.6594,,,,,,0.6947882973414529,23,,,91.5835,40.1304,10^-13.9552,,,,,,0
28586,1,28585,Anastrepha ludens,Mexican fruit fly,eukaryota,false,,,,0.3624982420911928,12,,,88.9096,70.0833,10^-23.7972,,,,,,0.2718736815683946,9,,,91.4444,32.0,10^-9.09916,,,,,,0
28453,2,28453,Sphingobacterium,"",bacteria,false,,,,0.1812491210455964,6,,,92.1092,97.8333,10^-43.7003,,,,,,0.030208186840932735,1,,,100.0,33.0,10^-14.3726,,,,,"[3025669, 1538644, 1338009, 561061, 34087, 28454]",0
3025669,1,28453,Sphingobacterium sp. KACC 22765,"",bacteria,false,,,,0.06041637368186547,2,,,89.1625,101.5,10^-41.6249,,,,,,,,,,,,,,,,,,0
1538644,1,28453,Sphingobacterium sp. ML3W,"",bacteria,false,,,,0.030208186840932735,1,,,95.0,100.0,10^-48.8363,,,,,,,,,,,,,,,,,,0
1338009,1,28453,Sphingobacterium sp. IITKGP-BTPF85,"",bacteria,false,,,,,,,,,,,,,,,,0.030208186840932735,1,,,100.0,33.0,10^-14.3726,,,,,,0
561061,1,28453,Sphingobacterium psychroaquaticum,"",bacteria,false,,,,0.030208186840932735,1,,,89.412,85.0,10^-33.1247,,,,,,,,,,,,,,,,,,0
34087,1,28453,Sphingobacterium faecium,"",bacteria,false,,,,0.030208186840932735,1,,,93.878,98.0,10^-46.1004,,,,,,,,,,,,,,,,,,0
28454,1,28453,Sphingobacterium multivorum,"",bacteria,false,,,,0.030208186840932735,1,,,96.04,101.0,10^-50.8906,,,,,,,,,,,,,,,,,,0
28253,2,28253,Marinomonas,"",bacteria,false,,,,,,,,,,,,,,,,0.06041637368186547,2,,,86.35,33.0,10^-11.4032,,,,,[1806667],0
1806667,1,28253,Marinomonas gallaica,"",bacteria,false,,,,,,,,,,,,,,,,0.06041637368186547,2,,,86.35,33.0,10^-11.4032,,,,,,0
28228,2,28228,Colwellia,"",bacteria,false,,,,,,,,,,,,,,,,0.030208186840932735,1,,,65.6,32.0,10^-4.33724,,,,,[56799],0
56799,1,28228,Colwellia sp.,"",bacteria,false,,,,,,,,,,,,,,,,0.030208186840932735,1,,,65.6,32.0,10^-4.33724,,,,,,0
28209,2,28209,Chelatococcus,"",bacteria,false,,,,0.030208186840932735,1,,,92.105,76.0,10^-31.1147,,,,,,,,,,,,,,,,,[1702325],0
1702325,1,28209,Chelatococcus sp. CO-6,"",bacteria,false,,,,0.030208186840932735,1,,,92.105,76.0,10^-31.1147,,,,,,,,,,,,,,,,,,0
28105,2,28105,Sinorhizobium,"",bacteria,false,,,,0.030208186840932735,1,,,89.286,56.0,10^-17.5236,,,,,,0.06041637368186547,2,,,96.75,28.5,10^-8.94213,,,,,"[716925, 110321, 382]",0
716925,1,28105,Sinorhizobium sojae,"",bacteria,false,,,,0.030208186840932735,1,,,89.286,56.0,10^-17.5236,,,,,,,,,,,,,,,,,,0
110321,1,28105,Sinorhizobium medicae,"",bacteria,false,,,,,,,,,,,,,,,,0.030208186840932735,1,,,100.0,26.0,10^-8.23062,,,,,,0
382,1,28105,Sinorhizobium meliloti,"",bacteria,false,,,,,,,,,,,,,,,,0.030208186840932735,1,,,93.5,31.0,10^-9.65365,,,,,,0
28100,2,28100,Phyllobacterium,"",bacteria,false,,,,,,,,,,,,,,,,0.2718736815683946,9,,,70.3111,31.7778,10^-5.72756,,,,,"[2670329, 1882772]",0
2670329,1,28100,Phyllobacterium phragmitis,"",bacteria,false,,,,,,,,,,,,,,,,0.030208186840932735,1,,,77.4,31.0,10^-4.76447,,,,,,0
1882772,1,28100,Phyllobacterium sp. OV277,"",bacteria,false,,,,,,,,,,,,,,,,0.24166549472746188,8,,,69.425,31.875,10^-5.84795,,,,,,0
27977,2,27977,Nosema,"",eukaryota,false,,,,,,,,,,,,,,,,0.06041637368186547,2,,,77.8,27.0,10^-4.12726,,,,,[83296],0
83296,1,27977,Nosema granulosis,"",eukaryota,false,,,,,,,,,,,,,,,,0.06041637368186547,2,,,77.8,27.0,10^-4.12726,,,,,,0
27847,2,27847,Echinostoma,"",eukaryota,false,,,,,,,,,,,,,,,,0.06041637368186547,2,,,67.65,32.5,10^-5.6582,,,,,[27848],0
27848,1,27847,Echinostoma caproni,"",eukaryota,false,,,,,,,,,,,,,,,,0.06041637368186547,2,,,67.65,32.5,10^-5.6582,,,,,,0
27570,2,27570,Euperipatoides,"",eukaryota,false,,,,,,,,,,,,,,,,0.06041637368186547,2,,,76.9,26.0,10^-6.55596,,,,,[488523],0
488523,1,27570,Euperipatoides kanangrensis,"",eukaryota,false,,,,,,,,,,,,,,,,0.06041637368186547,2,,,76.9,26.0,10^-6.55596,,,,,,0
27552,2,27552,Ctenolepisma,"",eukaryota,false,,,,,,,,,,,,,,,,0.030208186840932735,1,,,81.3,32.0,10^-7.01728,,,,,[27553],0
27553,1,27552,Ctenolepisma lineatum,four-lined silverfish,eukaryota,false,,,,,,,,,,,,,,,,0.030208186840932735,1,,,81.3,32.0,10^-7.01728,,,,,,0
27529,2,27529,Orussus,"",eukaryota,false,,,,0.12083274736373094,4,,,88.764,62.25,10^-19.7179,,,,,,0.1812491210455964,6,,,88.9333,31.0,10^-8.6896,,,,,[222816],0
222816,1,27529,Orussus abietinus,"",eukaryota,false,,,,0.12083274736373094,4,,,88.764,62.25,10^-19.7179,,,,,,0.1812491210455964,6,,,88.9333,31.0,10^-8.6896,,,,,,0
27520,2,27520,Ichneumon,"",eukaryota,false,,,,0.15104093420466366,5,,,90.588,44.2,10^-11.7316,,,,,,,,,,,,,,,,,[2795680],0
2795680,1,27520,Ichneumon xanthorius,"",eukaryota,false,,,,0.15104093420466366,5,,,90.588,44.2,10^-11.7316,,,,,,,,,,,,,,,,,,0
27460,2,27460,Scaptia,"",eukaryota,false,,,,,,,,,,,,,,,,0.030208186840932735,1,,,100.0,32.0,10^-12.9281,,,,,[1334893],0
1334893,1,27460,Scaptia auriflua,"",eukaryota,false,,,,,,,,,,,,,,,,0.030208186840932735,1,,,100.0,32.0,10^-12.9281,,,,,,0
27456,2,27456,Bactrocera,"",eukaryota,false,,,,2.0541567051834257,68,,,88.9428,77.4627,10^-23.105,,,,,,2.1145730788652912,70,,,93.8886,31.2,10^-10.2099,,,,,"[174628, 152327, 104688, 98809, 59916, 27457]",0
174628,1,27456,Bactrocera latifrons,"",eukaryota,false,,,,0.06041637368186547,2,,,89.3685,63.0,10^-18.8731,,,,,,0.15104093420466366,5,,,95.76,31.6,10^-11.4983,,,,,,0
152327,1,27456,Bactrocera pyrifoliae,"",eukaryota,false,,,,0.06041637368186547,2,,,98.113,53.0,10^-22.3508,,,,,,,,,,,,,,,,,,0
104688,1,27456,Bactrocera oleae,olive fruit fly,eukaryota,false,,,,0.5437473631367892,18,,,86.6826,70.6111,10^-22.1329,,,,,,0.8156210447051838,27,,,97.3,30.963,10^-11.101,,,,,,0
98809,1,27456,Bactrocera neohumeralis,"",eukaryota,false,,,,0.5135391762958564,17,,,91.5272,60.5294,10^-20.8605,,,,,,0.0906245605227982,3,,,87.8667,33.0,10^-9.34131,,,,,,0
59916,1,27456,Bactrocera tryoni,"",eukaryota,false,,,,0.4229146157730583,14,,,86.3207,114.214,10^-22.7496,,,,,,0.5739555499777219,19,,,88.2368,30.5263,10^-7.95809,,,,,,0
27457,1,27456,Bactrocera dorsalis,oriental fruit fly,eukaryota,false,,,,0.453122802613991,15,,,90.5051,74.1333,10^-27.7617,,,,,,0.48333098945492375,16,,,95.3875,31.9375,10^-11.1404,,,,,,0
27382,2,27382,Scutellospora,"",eukaryota,false,,,,,,,,,,,,,,,,0.030208186840932735,1,,,87.9,33.0,10^-8.46092,,,,,[85575],0
85575,1,27382,Scutellospora calospora,"",eukaryota,false,,,,,,,,,,,,,,,,0.030208186840932735,1,,,87.9,33.0,10^-8.46092,,,,,,0
27375,2,27375,Entrophospora,"",eukaryota,false,,,,,,,,,,,,,,,,0.06041637368186547,2,,,100.0,25.0,10^-7.16494,,,,,"[2562287, 984092]",0
2562287,1,27375,Entrophospora sp. SA101,"",eukaryota,false,,,,,,,,,,,,,,,,0.030208186840932735,1,,,100.0,25.0,10^-7.16494,,,,,,0
984092,1,27375,Entrophospora candida,"",eukaryota,false,,,,,,,,,,,,,,,,0.030208186840932735,1,,,100.0,25.0,10^-7.16494,,,,,,0
27372,2,27372,Acaulospora,"",eukaryota,false,,,,,,,,,,,,,,,,0.06041637368186547,2,,,87.35,31.5,10^-5.86775,,,,,[27376],0
27376,1,27372,Acaulospora colombiana,"",eukaryota,false,,,,,,,,,,,,,,,,0.06041637368186547,2,,,87.35,31.5,10^-5.86775,,,,,,0
27353,2,27353,Cronartium,"",eukaryota,false,,,,,,,,,,,,,,,,0.030208186840932735,1,,,90.9,33.0,10^-12.4547,,,,,[60197],0
60197,1,27353,Cronartium quercuum,"",eukaryota,false,,,,,,,,,,,,,,,,0.030208186840932735,1,,,90.9,33.0,10^-12.4547,,,,,,0
27320,2,27320,Metschnikowia,"",eukaryota,false,,,,,,,,,,,,,,,,0.06041637368186547,2,,,84.85,33.0,10^-10.172,,,,,[27322],0
27322,1,27320,Metschnikowia bicuspidata,"",eukaryota,false,,,,,,,,,,,,,,,,0.06041637368186547,2,,,84.85,33.0,10^-10.172,,,,,,0
26473,2,26473,Buddleja,"",eukaryota,false,,,,0.030208186840932735,1,,,100.0,96.0,10^-52.9712,,,,,,0.030208186840932735,1,,,100.0,32.0,10^-12.1688,,,,,"[1902457, 168488]",0
1902457,1,26473,Buddleja aromatica,"",eukaryota,false,,,,0.030208186840932735,1,,,100.0,96.0,10^-52.9712,,,,,,,,,,,,,,,,,,0
168488,1,26473,Buddleja alternifolia,"",eukaryota,false,,,,,,,,,,,,,,,,0.030208186840932735,1,,,100.0,32.0,10^-12.1688,,,,,,0
25628,2,25628,Taxus,"",eukaryota,false,,,,,,,,,,,,,,,,0.15104093420466366,5,,,83.8,31.4,10^-9.63036,,,,,[29808],0
29808,1,25628,Taxus chinensis,"",eukaryota,false,,,,,,,,,,,,,,,,0.15104093420466366,5,,,83.8,31.4,10^-9.63036,,,,,,0
25503,2,25503,Sherardia,"",eukaryota,false,,,,0.030208186840932735,1,,,82.5,40.0,10^-5.31842,,,,,,,,,,,,,,,,,[29803],0
29803,1,25503,Sherardia arvensis,"",eukaryota,false,,,,0.030208186840932735,1,,,82.5,40.0,10^-5.31842,,,,,,,,,,,,,,,,,,0
24646,2,24646,Lycium,"",eukaryota,false,,,,0.030208186840932735,1,,,100.0,99.0,10^-55.0164,,,,,,,,,,,,,,,,,[112883],0
112883,1,24646,Lycium chinense,"",eukaryota,false,,,,0.030208186840932735,1,,,100.0,99.0,10^-55.0164,,,,,,,,,,,,,,,,,,0
24208,2,24208,Syringa,lilacs,eukaryota,false,,,,0.030208186840932735,1,,,99.01,101.0,10^-55.0077,,,,,,,,,,,,,,,,,[34270],0
34270,1,24208,Syringa vulgaris,common lilac,eukaryota,false,,,,0.030208186840932735,1,,,99.01,101.0,10^-55.0077,,,,,,,,,,,,,,,,,,0
23809,2,23809,Ailanthus,"",eukaryota,false,,,,0.06041637368186547,2,,,97.2975,66.5,10^-31.5634,,,,,,,,,,,,,,,,,[2768810],0
2768810,1,23809,Ailanthus altissimus,"",eukaryota,false,,,,0.06041637368186547,2,,,97.2975,66.5,10^-31.5634,,,,,,,,,,,,,,,,,,0
23461,2,23461,Mangifera,"",eukaryota,false,,,,0.06041637368186547,2,,,89.039,36.5,10^-7.0737,,,,,,,,,,,,,,,,,[29780],0
29780,1,23461,Mangifera indica,mango,eukaryota,false,,,,0.06041637368186547,2,,,89.039,36.5,10^-7.0737,,,,,,,,,,,,,,,,,,0
23212,2,23212,Quillaja,"",eukaryota,false,,,,,,,,,,,,,,,,0.15104093420466366,5,,,99.4,30.0,10^-11.098,,,,,[32244],0
32244,1,23212,Quillaja saponaria,"",eukaryota,false,,,,,,,,,,,,,,,,0.15104093420466366,5,,,99.4,30.0,10^-11.098,,,,,,0
23204,2,23204,Potentilla,"",eukaryota,false,,,,0.06041637368186547,2,,,94.444,36.0,10^-9.48129,,,,,,,,,,,,,,,,,[57926],0
57926,1,23204,Potentilla anserina,silverweed cinquefoil,eukaryota,false,,,,0.06041637368186547,2,,,94.444,36.0,10^-9.48129,,,,,,,,,,,,,,,,,,0
22662,2,22662,Punica,"",eukaryota,false,,,,,,,,,,,,,,,,0.0906245605227982,3,,,74.7667,33.0,10^-6.58687,,,,,[22663],0
22663,1,22662,Punica granatum,pomegranate,eukaryota,false,,,,,,,,,,,,,,,,0.0906245605227982,3,,,74.7667,33.0,10^-6.58687,,,,,,0
22002,2,22002,Verbena,vervains,eukaryota,false,,,,0.06041637368186547,2,,,100.0,94.5,10^-51.9495,,,,,,,,,,,,,,,,,"[443381, 79772]",0
443381,1,22002,Verbena hastata,"",eukaryota,false,,,,0.030208186840932735,1,,,100.0,89.0,10^-48.2008,,,,,,,,,,,,,,,,,,0
79772,1,22002,Verbena officinalis,"",eukaryota,false,,,,0.030208186840932735,1,,,100.0,100.0,10^-55.6982,,,,,,,,,,,,,,,,,,0
21880,2,21880,Salvia,sages,eukaryota,false,,,,,,,,,,,,,,,,0.06041637368186547,2,,,83.35,29.5,10^-5.89742,,,,,[180675],0
180675,1,21880,Salvia splendens,"",eukaryota,false,,,,,,,,,,,,,,,,0.06041637368186547,2,,,83.35,29.5,10^-5.89742,,,,,,0
21199,2,21199,Asclepias,"",eukaryota,false,,,,0.06041637368186547,2,,,97.515,100.5,10^-52.6082,,,,,,,,,,,,,,,,,"[659967, 659935]",0
659967,1,21199,Asclepias leptopus,"",eukaryota,false,,,,0.030208186840932735,1,,,98.0,100.0,10^-52.9535,,,,,,,,,,,,,,,,,,0
659935,1,21199,Asclepias albicans,"",eukaryota,false,,,,0.030208186840932735,1,,,97.03,101.0,10^-52.2629,,,,,,,,,,,,,,,,,,0
21024,2,21024,Fagus,beech trees,eukaryota,false,,,,0.030208186840932735,1,,,90.244,41.0,10^-10.111,,,,,,,,,,,,,,,,,[28930],0
28930,1,21024,Fagus sylvatica,European beech,eukaryota,false,,,,0.030208186840932735,1,,,90.244,41.0,10^-10.111,,,,,,,,,,,,,,,,,,0
21019,2,21019,Castanea,"",eukaryota,false,,,,,,,,,,,,,,,,0.2718736815683946,9,,,85.8889,31.0,10^-7.69138,,,,,[60419],0
60419,1,21019,Castanea mollissima,Chinese chestnut,eukaryota,false,,,,,,,,,,,,,,,,0.2718736815683946,9,,,85.8889,31.0,10^-7.69138,,,,,,0
16718,2,16718,Juglans,walnuts,eukaryota,false,,,,0.030208186840932735,1,,,90.769,65.0,10^-23.6346,,,,,,0.06041637368186547,2,,,71.45,29.5,10^-4.03172,,,,,"[2249226, 51240]",0
2249226,1,16718,Juglans microcarpa x Juglans regia,"",eukaryota,false,,,,0.030208186840932735,1,,,90.769,65.0,10^-23.6346,,,,,,,,,,,,,,,,,,0
51240,1,16718,Juglans regia,English walnut,eukaryota,false,,,,,,,,,,,,,,,,0.06041637368186547,2,,,71.45,29.5,10^-4.03172,,,,,,0
15745,2,15745,Phragmites,"",eukaryota,false,,,,0.06041637368186547,2,,,98.505,100.0,10^-53.6397,,,,,,,,,,,,,,,,,[29695],0
29695,1,15745,Phragmites australis,common reed,eukaryota,false,,,,0.06041637368186547,2,,,98.505,100.0,10^-53.6397,,,,,,,,,,,,,,,,,,0
13893,2,13893,Cocos,"",eukaryota,false,,,,,,,,,,,,,,,,0.030208186840932735,1,,,100.0,33.0,10^-15.0353,,,,,[13894],0
13894,1,13893,Cocos nucifera,coconut palm,eukaryota,false,,,,,,,,,,,,,,,,0.030208186840932735,1,,,100.0,33.0,10^-15.0353,,,,,,0
13817,2,13817,Adiantum,"",eukaryota,false,,,,,,,,,,,,,,,,0.3624982420911928,12,,,74.225,30.3333,10^-5.40064,,,,,[2759587],0
2759587,1,13817,Adiantum nelumboides,"",eukaryota,false,,,,,,,,,,,,,,,,0.3624982420911928,12,,,74.225,30.3333,10^-5.40064,,,,,,0
13701,2,13701,Symphoricarpos,"",eukaryota,false,,,,0.453122802613991,15,,,100.0,246.0,10^-123.618,,,,,,,,,,,,,,,,,[13702],0
13702,1,13701,Symphoricarpos albus,"",eukaryota,false,,,,0.453122802613991,15,,,100.0,246.0,10^-123.618,,,,,,,,,,,,,,,,,,0
13687,2,13687,Sphingomonas,"",bacteria,false,,,,0.906245605227982,30,,,96.6281,89.0667,10^-44.9661,,,,,,0.06041637368186547,2,,,96.3,27.0,10^-6.15864,,,,,"[3018446, 3018036, 3014784, 2555898, 2492837, 1523415, 1390395, 1045317, 869719, 563996, 399176, 397260, 386874, 296544, 185951, 152682, 33051]",0
3018446,1,13687,Sphingomonas sp. 7/4-4,"",bacteria,false,,,,0.030208186840932735,1,,,99.01,101.0,10^-55.0077,,,,,,,,,,,,,,,,,,0
3018036,1,13687,Sphingomonas sp. CV7422,"",bacteria,false,,,,0.030208186840932735,1,,,100.0,99.0,10^-55.0164,,,,,,,,,,,,,,,,,,0
3014784,1,13687,Sphingomonas sp. NIBR02145,"",bacteria,false,,,,0.06041637368186547,2,,,94.0285,100.5,10^-47.8049,,,,,,,,,,,,,,,,,,0
2555898,1,13687,Sphingomonas parva,"",bacteria,false,,,,,,,,,,,,,,,,0.06041637368186547,2,,,96.3,27.0,10^-6.15864,,,,,,0
2492837,1,13687,Sphingomonas sp. C8-2,"",bacteria,false,,,,0.030208186840932735,1,,,98.02,101.0,10^-53.6353,,,,,,,,,,,,,,,,,,0
1523415,1,13687,Sphingomonas sp. AAP5,"",bacteria,false,,,,0.06041637368186547,2,,,100.0,93.0,10^-50.9264,,,,,,,,,,,,,,,,,,0
1390395,1,13687,Sphingomonas sp. LK11,"",bacteria,false,,,,0.030208186840932735,1,,,100.0,100.0,10^-55.6982,,,,,,,,,,,,,,,,,,0
1045317,1,13687,Sphingomonas lutea,"",bacteria,false,,,,0.030208186840932735,1,,,98.02,101.0,10^-53.6353,,,,,,,,,,,,,,,,,,0
869719,1,13687,Sphingomonas endophytica,"",bacteria,false,,,,0.030208186840932735,1,,,100.0,99.0,10^-55.0164,,,,,,,,,,,,,,,,,,0
563996,1,13687,Sphingomonas hankookensis,"",bacteria,false,,,,0.15104093420466366,5,,,99.01,100.8,10^-54.8713,,,,,,,,,,,,,,,,,,0
399176,1,13687,Sphingomonas sp. R1,"",bacteria,false,,,,0.06041637368186547,2,,,99.01,100.0,10^-54.3258,,,,,,,,,,,,,,,,,,0
397260,1,13687,Sphingomonas sanxanigenens,"",bacteria,false,,,,0.030208186840932735,1,,,98.02,101.0,10^-53.6353,,,,,,,,,,,,,,,,,,0
386874,1,13687,Sphingomonas sediminicola,"",bacteria,false,,,,0.12083274736373094,4,,,84.2818,62.0,10^-16.4503,,,,,,,,,,,,,,,,,,0
296544,1,13687,Sphingomonas bisphenolicum,"",bacteria,false,,,,0.030208186840932735,1,,,100.0,72.0,10^-35.2553,,,,,,,,,,,,,,,,,,0
185951,1,13687,Sphingomonas aerolata,"",bacteria,false,,,,0.030208186840932735,1,,,98.765,81.0,10^-41.3798,,,,,,,,,,,,,,,,,,0
152682,1,13687,Sphingomonas melonis,"",bacteria,false,,,,0.0906245605227982,3,,,96.5813,59.0,10^-26.0089,,,,,,,,,,,,,,,,,,0
33051,1,13687,Sphingomonas sanguinis,"",bacteria,false,,,,0.0906245605227982,3,,,99.67,100.333,10^-55.468,,,,,,,,,,,,,,,,,,0
13685,2,13685,Solenopsis,"",eukaryota,false,,,,0.3020818684093273,10,,,91.7424,59.4,10^-20.1307,,,,,,0.5437473631367892,18,,,66.5871,71.0,10^-17.2064,,,,,[13686],0
13686,1,13685,Solenopsis invicta,red fire ant,eukaryota,false,,,,0.3020818684093273,10,,,91.7424,59.4,10^-20.1307,,,,,,0.5437473631367892,18,,,66.5871,71.0,10^-17.2064,,,,,,0
13641,2,13641,Polysphondylium,"",eukaryota,false,,,,,,,,,,,,,,,,0.030208186840932735,1,,,80.6,31.0,10^-5.48946,,,,,[133409],0
133409,1,13641,Polysphondylium violaceum,"",eukaryota,false,,,,,,,,,,,,,,,,0.030208186840932735,1,,,80.6,31.0,10^-5.48946,,,,,,0
13633,2,13633,Phalera,"",eukaryota,false,,,,0.3020818684093273,10,,,88.177,49.0,10^-12.6372,,,,,,,,,,,,,,,,,[753216],0
753216,1,13633,Phalera bucephala,"",eukaryota,false,,,,0.3020818684093273,10,,,88.177,49.0,10^-12.6372,,,,,,,,,,,,,,,,,,0
13596,2,13596,Ligustrum,privets,eukaryota,false,,,,0.06041637368186547,2,,,100.0,101.0,10^-56.3801,,,,,,,,,,,,,,,,,"[528268, 458695]",0
528268,1,13596,Ligustrum quihoui,"",eukaryota,false,,,,0.030208186840932735,1,,,100.0,101.0,10^-56.3801,,,,,,,,,,,,,,,,,,0
458695,1,13596,Ligustrum lucidum,"",eukaryota,false,,,,0.030208186840932735,1,,,100.0,101.0,10^-56.3801,,,,,,,,,,,,,,,,,,0
13578,2,13578,Juncus,rushes,eukaryota,false,,,,,,,,,,,,,,,,0.030208186840932735,1,,,93.9,33.0,10^-13.2118,,,,,[13579],0
13579,1,13578,Juncus effusus,"",eukaryota,false,,,,,,,,,,,,,,,,0.030208186840932735,1,,,93.9,33.0,10^-13.2118,,,,,,0
13562,2,13562,Heterobasidion,"",eukaryota,false,,,,,,,,,,,,,,,,0.06041637368186547,2,,,88.5,31.5,10^-9.93247,,,,,[984962],0
984962,1,13562,Heterobasidion irregulare,"",eukaryota,false,,,,,,,,,,,,,,,,0.06041637368186547,2,,,88.5,31.5,10^-9.93247,,,,,,0
13468,2,13468,Cupressus,"",eukaryota,false,,,,0.030208186840932735,1,,,100.0,87.0,10^-46.8383,,,,,,,,,,,,,,,,,[13469],0
13469,1,13468,Cupressus sempervirens,"",eukaryota,false,,,,0.030208186840932735,1,,,100.0,87.0,10^-46.8383,,,,,,,,,,,,,,,,,,0
13442,2,13442,Coffea,"",eukaryota,false,,,,0.030208186840932735,1,,,85.915,71.0,10^-22.2239,,,,,,,,,,,,,,,,,[49369],0
49369,1,13442,Coffea eugenioides,"",eukaryota,false,,,,0.030208186840932735,1,,,85.915,71.0,10^-22.2239,,,,,,,,,,,,,,,,,,0
13426,2,13426,Cichorium,"",eukaryota,false,,,,,,,,,,,,,,,,0.48333098945492375,16,,,85.95,29.9375,10^-8.34042,,,,,"[114280, 13427]",0
114280,1,13426,Cichorium endivia,"",eukaryota,false,,,,,,,,,,,,,,,,0.3624982420911928,12,,,87.425,30.0833,10^-8.66174,,,,,,0
13427,1,13426,Cichorium intybus,chicory,eukaryota,false,,,,,,,,,,,,,,,,0.12083274736373094,4,,,81.525,29.5,10^-7.37648,,,,,,0
13402,2,13402,Carya,"",eukaryota,false,,,,,,,,,,,,,,,,0.030208186840932735,1,,,71.0,31.0,10^-3.3536,,,,,[32201],0
32201,1,13402,Carya illinoinensis,"",eukaryota,false,,,,,,,,,,,,,,,,0.030208186840932735,1,,,71.0,31.0,10^-3.3536,,,,,,0
13398,2,13398,Carex,"",eukaryota,false,,,,,,,,,,,,,,,,0.030208186840932735,1,,,96.2,26.0,10^-5.3851,,,,,[544730],0
544730,1,13398,Carex littledalei,"",eukaryota,false,,,,,,,,,,,,,,,,0.030208186840932735,1,,,96.2,26.0,10^-5.3851,,,,,,0
13392,2,13392,Cananga,"",eukaryota,false,,,,0.030208186840932735,1,,,100.0,101.0,10^-56.3801,,,,,,,,,,,,,,,,,[13393],0
13393,1,13392,Cananga odorata,"",eukaryota,false,,,,0.030208186840932735,1,,,100.0,101.0,10^-56.3801,,,,,,,,,,,,,,,,,,0
13390,2,13390,Camponotus,carpenter ants,eukaryota,false,,,,0.2718736815683946,9,,,87.1192,64.7778,10^-19.9879,,,,,,0.6343719236595874,21,,,69.8269,41.1905,10^-10.1729,,,,,[104421],0
104421,1,13390,Camponotus floridanus,Florida carpenter ant,eukaryota,false,,,,0.2718736815683946,9,,,87.1192,64.7778,10^-19.9879,,,,,,0.6343719236595874,21,,,69.8269,41.1905,10^-10.1729,,,,,,0
13346,2,13346,Armadillidium,"",eukaryota,false,,,,,,,,,,,,,,,,0.21145730788652914,7,,,76.1,31.2857,10^-8.3001,,,,,"[96803, 13347]",0
96803,1,13346,Armadillidium nasatum,"",eukaryota,false,,,,,,,,,,,,,,,,0.12083274736373094,4,,,81.5,30.0,10^-9.55646,,,,,,0
13347,1,13346,Armadillidium vulgare,common pillbug,eukaryota,false,,,,,,,,,,,,,,,,0.0906245605227982,3,,,68.9,33.0,10^-6.62495,,,,,,0
13332,2,13332,Amborella,"",eukaryota,false,,,,,,,,,,,,,,,,0.06041637368186547,2,,,100.0,31.0,10^-10.5607,,,,,[13333],0
13333,1,13332,Amborella trichopoda,"",eukaryota,false,,,,,,,,,,,,,,,,0.06041637368186547,2,,,100.0,31.0,10^-10.5607,,,,,,0
13289,2,13289,Tilletia,"",eukaryota,false,,,,,,,,,,,,,,,,0.030208186840932735,1,,,93.9,33.0,10^-13.2291,,,,,[157183],0
157183,1,13289,Tilletia laevis,"",eukaryota,false,,,,,,,,,,,,,,,,0.030208186840932735,1,,,93.9,33.0,10^-13.2291,,,,,,0
13248,2,13248,Rhodnius,"",eukaryota,false,,,,,,,,,,,,,,,,0.030208186840932735,1,,,93.9,33.0,10^-14.058,,,,,[13249],0
13249,1,13248,Rhodnius prolixus,"",eukaryota,false,,,,,,,,,,,,,,,,0.030208186840932735,1,,,93.9,33.0,10^-14.058,,,,,,0
13205,2,13205,Pholiota,"",eukaryota,false,,,,,,,,,,,,,,,,0.030208186840932735,1,,,83.9,31.0,10^-7.82681,,,,,[109636],0
109636,1,13205,Pholiota conissans,"",eukaryota,false,,,,,,,,,,,,,,,,0.030208186840932735,1,,,83.9,31.0,10^-7.82681,,,,,,0
13203,2,13203,Phlebotomus,"",eukaryota,false,,,,2.0843648920243587,69,,,86.6255,87.7826,10^-23.1843,,,,,,3.836439728798457,127,,,89.423,31.2951,10^-8.98991,,,,,[29031],0
29031,1,13203,Phlebotomus papatasi,"",eukaryota,false,,,,2.0843648920243587,69,,,86.6255,87.7826,10^-23.1843,,,,,,3.836439728798457,127,,,89.423,31.2951,10^-8.98991,,,,,,0
13190,2,13190,Pectinophora,"",eukaryota,false,,,,0.6343719236595874,21,,,83.0963,282.4,10^-61.0474,,,,,,0.1812491210455964,6,,,70.4833,32.6667,10^-5.87749,,,,,[13191],0
13191,1,13190,Pectinophora gossypiella,pink bollworm,eukaryota,false,,,,0.6343719236595874,21,,,83.0963,282.4,10^-61.0474,,,,,,0.1812491210455964,6,,,70.4833,32.6667,10^-5.87749,,,,,,0
13186,2,13186,Parietaria,"",eukaryota,false,,,,0.1812491210455964,6,,,95.419,72.8333,10^-33.1122,,,,,,,,,,,,,,,,,[33127],0
33127,1,13186,Parietaria judaica,"",eukaryota,false,,,,0.1812491210455964,6,,,95.419,72.8333,10^-33.1122,,,,,,,,,,,,,,,,,,0
13163,2,13163,Myzus,"",eukaryota,false,,,,0.030208186840932735,1,,,86.076,79.0,10^-26.2946,,,,,,0.3624982420911928,12,,,76.2636,30.8182,10^-8.20415,,,,,[13164],0
13164,1,13163,Myzus persicae,green peach aphid,eukaryota,false,,,,0.030208186840932735,1,,,86.076,79.0,10^-26.2946,,,,,,0.3624982420911928,12,,,76.2636,30.8182,10^-8.20415,,,,,,0
13134,2,13134,Magnetospirillum,"",bacteria,false,,,,,,,,,,,,,,,,173.0324942248627,5728,,,64.7733,121.363,10^-44.6024,,,,,"[1663591, 55518]",0
1663591,1,13134,Magnetospirillum sp. XM-1,"",bacteria,false,,,,,,,,,,,,,,,,0.030208186840932735,1,,,67.7,31.0,10^-5.52578,,,,,,0
55518,1,13134,Magnetospirillum gryphiswaldense,"",bacteria,false,,,,,,,,,,,,,,,,173.00228603802177,5727,,,64.7721,121.401,10^-44.6189,,,,,,0
13130,2,13130,Macrosiphum,"",eukaryota,false,,,,,,,,,,,,,,,,1.5104093420466367,50,,,53.3004,43.1042,10^-7.43256,,,,,[13131],0
13131,1,13130,Macrosiphum euphorbiae,potato aphid,eukaryota,false,,,,,,,,,,,,,,,,1.5104093420466367,50,,,53.3004,43.1042,10^-7.43256,,,,,,0
13122,2,13122,Lymantria,gypsy moths,eukaryota,false,,,,0.453122802613991,15,,,84.9472,79.5385,10^-10.2784,,,,,,,,,,,,,,,,,[78897],0
78897,1,13122,Lymantria monacha,black-arched tussock moth,eukaryota,false,,,,0.453122802613991,15,,,84.9472,79.5385,10^-10.2784,,,,,,,,,,,,,,,,,,0
13067,2,13067,Forficula,"",eukaryota,false,,,,,,,,,,,,,,,,0.030208186840932735,1,,,100.0,24.0,10^-6.86012,,,,,[13068],0
13068,1,13067,Forficula auricularia,European earwig,eukaryota,false,,,,,,,,,,,,,,,,0.030208186840932735,1,,,100.0,24.0,10^-6.86012,,,,,,0
13036,2,13036,Danaus,"",eukaryota,false,,,,0.15104093420466366,5,,,93.233,51.8,10^-16.6216,,,,,,0.7249964841823856,24,,,89.525,28.9583,10^-8.13366,,,,,"[151541, 13037]",0
151541,1,13036,Danaus chrysippus,African queen,eukaryota,false,,,,,,,,,,,,,,,,0.21145730788652914,7,,,78.2429,27.8571,10^-5.37089,,,,,,0
13037,1,13036,Danaus plexippus,monarch butterfly,eukaryota,false,,,,0.15104093420466366,5,,,93.233,51.8,10^-16.6216,,,,,,0.5135391762958564,17,,,94.1706,29.4118,10^-9.27127,,,,,,0
13024,2,13024,Curculio,"",eukaryota,false,,,,,,,,,,,,,,,,0.030208186840932735,1,,,100.0,33.0,10^-11.5969,,,,,[2055373],0
2055373,1,13024,Curculio sp. INB184,"",eukaryota,false,,,,,,,,,,,,,,,,0.030208186840932735,1,,,100.0,33.0,10^-11.5969,,,,,,0
12989,2,12989,Carpinus,"",eukaryota,false,,,,,,,,,,,,,,,,0.0906245605227982,3,,,85.7,32.6667,10^-9.14979,,,,,[176857],0
176857,1,12989,Carpinus fangiana,"",eukaryota,false,,,,,,,,,,,,,,,,0.0906245605227982,3,,,85.7,32.6667,10^-9.14979,,,,,,0
12967,2,12967,Blastocystis,"",eukaryota,false,,,,0.06041637368186547,2,,,89.583,48.0,10^-13.4735,,,,,,,,,,,,,,,,,[12968],1
12968,1,12967,Blastocystis hominis,"",eukaryota,false,,,,0.06041637368186547,2,,,89.583,48.0,10^-13.4735,,,,,,,,,,,,,,,,,,1
12956,2,12956,Atta,leaf cutting ants,eukaryota,false,,,,0.06041637368186547,2,,,84.694,98.0,10^-33.749,,,,,,0.06041637368186547,2,,,90.9,33.0,10^-9.22921,,,,,"[520822, 12957]",0
520822,1,12956,Atta colombica,"",eukaryota,false,,,,0.030208186840932735,1,,,84.694,98.0,10^-33.749,,,,,,0.06041637368186547,2,,,90.9,33.0,10^-9.22921,,,,,,0
12957,1,12956,Atta cephalotes,"",eukaryota,false,,,,0.030208186840932735,1,,,84.694,98.0,10^-33.749,,,,,,,,,,,,,,,,,,0
12947,2,12947,Aristolochia,"",eukaryota,false,,,,,,,,,,,,,,,,0.12083274736373094,4,,,84.2,30.25,10^-7.35129,,,,,[158543],0
158543,1,12947,Aristolochia fimbriata,"",eukaryota,false,,,,,,,,,,,,,,,,0.12083274736373094,4,,,84.2,30.25,10^-7.35129,,,,,,0
12270,2,12270,Nepovirus,"",viruses,false,,,,0.030208186840932735,1,,,97.368,38.0,10^-12.2026,,,,,,,,,,,,,,,,,[3047374],0
3047374,1,12270,Nepovirus arabis,"",viruses,false,,,,0.030208186840932735,1,,,97.368,38.0,10^-12.2026,,,,,,,,,,,,,,,,,,0
11584,2,11584,Phlebovirus,"",viruses,false,,,,,,,,,,,,,,,,0.24166549472746188,8,,,70.825,29.625,10^-5.35503,,,,,[2661635],0
2661635,1,11584,Furrundu phlebovirus,"",viruses,false,,,,,,,,,,,,,,,,0.24166549472746188,8,,,70.825,29.625,10^-5.35503,,,,,,0
11271,2,11271,Vesiculovirus,"",viruses,false,,,,0.0906245605227982,3,,,96.9683,76.3333,10^-36.3737,,,,,,,,,,,,,,,,,[1972575],0
1972575,1,11271,Vesiculovirus piry,"",viruses,false,,,,0.0906245605227982,3,,,96.9683,76.3333,10^-36.3737,,,,,,,,,,,,,,,,,,0
11051,2,11051,Flavivirus,arboviruses group B,viruses,false,,,,0.0906245605227982,3,,,95.8333,77.3333,10^-37.0634,,,,,,0.48333098945492375,16,,,80.2,30.625,10^-7.43566,,,,,"[2045187, 1708574, 1046551, 643132, 390845, 31658]",0
2045187,1,11051,La Tina virus,"",viruses,false,,,,,,,,,,,,,,,,0.030208186840932735,1,,,93.1,29.0,10^-12.2336,,,,,,0
1708574,1,11051,Mercadeo virus,"",viruses,false,,,,,,,,,,,,,,,,0.0906245605227982,3,,,67.5,28.6667,10^-3.53293,,,,,,0
1046551,1,11051,Aedes galloisi flavivirus,"",viruses,false,,,,,,,,,,,,,,,,0.030208186840932735,1,,,84.0,25.0,10^-3.33913,,,,,,0
643132,1,11051,Quang Binh virus,"",viruses,false,,,,0.030208186840932735,1,,,87.5,56.0,10^-16.1513,,,,,,,,,,,,,,,,,,0
390845,1,11051,Aedes flavivirus,"",viruses,false,,,,0.06041637368186547,2,,,100.0,88.0,10^-47.5195,,,,,,0.3020818684093273,10,,,84.42,31.8,10^-8.97519,,,,,,0
31658,1,11051,Cell fusing agent virus,"",viruses,false,,,,,,,,,,,,,,,,0.030208186840932735,1,,,59.4,32.0,10^-3.04721,,,,,,0
11019,2,11019,Alphavirus,arboviruses group A,viruses,false,,,,1.5708257157285022,52,,,99.8841,276.154,10^-139.887,,,,,,,,,,,,,,,,,[11033],1
11033,1,11019,Semliki Forest virus,"",viruses,false,,,,1.5708257157285022,52,,,99.8841,276.154,10^-139.887,,,,,,,,,,,,,,,,,,1
11007,2,11007,Totivirus,"",viruses,false,,,,0.030208186840932735,1,,,98.305,59.0,10^-26.4214,,,,,,0.6645801105005201,22,,,72.7682,29.9091,10^-5.98499,,,,,"[2996479, 2970642, 2970634, 2970629, 2970625, 2970611]",0
2996479,1,11007,Aedes japonicus totivirus 1,"",viruses,false,,,,,,,,,,,,,,,,0.030208186840932735,1,,,59.4,32.0,10^-7.9393,,,,,,0
2970642,1,11007,Joutseno totivirus,"",viruses,false,,,,,,,,,,,,,,,,0.06041637368186547,2,,,72.5,31.0,10^-5.91341,,,,,,0
2970634,1,11007,Hattula totivirus 3,"",viruses,false,,,,,,,,,,,,,,,,0.06041637368186547,2,,,78.15,32.0,10^-8.56114,,,,,,0
2970629,1,11007,Hanko totivirus 8,"",viruses,false,,,,,,,,,,,,,,,,0.0906245605227982,3,,,75.1667,32.0,10^-6.81459,,,,,,0
2970625,1,11007,Hanko totivirus 4,"",viruses,false,,,,0.030208186840932735,1,,,98.305,59.0,10^-26.4214,,,,,,0.1812491210455964,6,,,75.8667,26.8333,10^-4.38869,,,,,,0
2970611,1,11007,Enontekio totivirus 2,"",viruses,false,,,,,,,,,,,,,,,,0.24166549472746188,8,,,69.9375,30.375,10^-6.00068,,,,,,0
10260,2,10260,Avipoxvirus,"",viruses,false,,,,,,,,,,,,,,,,0.030208186840932735,1,,,53.1,32.0,10^-3.31247,,,,,[336486],0
336486,1,10260,Turkeypox virus,"",viruses,false,,,,,,,,,,,,,,,,0.030208186840932735,1,,,53.1,32.0,10^-3.31247,,,,,,0
10242,2,10242,Orthopoxvirus,"",viruses,false,,,,0.06041637368186547,2,,,95.122,41.0,10^-12.8557,,,,,,,,,,,,,,,,,[28874],0
28874,1,10242,Volepox virus,"",viruses,false,,,,0.06041637368186547,2,,,95.122,41.0,10^-12.8557,,,,,,,,,,,,,,,,,,0
10227,2,10227,Trichoplax,"",eukaryota,false,,,,,,,,,,,,,,,,0.06041637368186547,2,,,71.75,22.5,10^-3.54657,,,,,"[287889, 10228]",0
287889,1,10227,Trichoplax sp. H2,"",eukaryota,false,,,,,,,,,,,,,,,,0.030208186840932735,1,,,62.5,24.0,10^-3.59007,,,,,,0
10228,1,10227,Trichoplax adhaerens,"",eukaryota,false,,,,,,,,,,,,,,,,0.030208186840932735,1,,,81.0,21.0,10^-3.50307,,,,,,0
10211,2,10211,Bugula,"",eukaryota,false,,,,,,,,,,,,,,,,0.030208186840932735,1,,,97.0,33.0,10^-10.9706,,,,,[10212],0
10212,1,10211,Bugula neritina,"",eukaryota,false,,,,,,,,,,,,,,,,0.030208186840932735,1,,,97.0,33.0,10^-10.9706,,,,,,0
10194,2,10194,Brachionus,"",eukaryota,false,,,,0.06041637368186547,2,,,95.556,45.0,10^-15.5601,,,,,,0.12083274736373094,4,,,69.25,34.0,10^-6.77974,,,,,"[104777, 10195]",0
104777,1,10194,Brachionus calyciflorus,"",eukaryota,false,,,,,,,,,,,,,,,,0.0906245605227982,3,,,65.0667,34.3333,10^-4.26823,,,,,,0
10195,1,10194,Brachionus plicatilis,"",eukaryota,false,,,,0.06041637368186547,2,,,95.556,45.0,10^-15.5601,,,,,,0.030208186840932735,1,,,81.8,33.0,10^-14.3143,,,,,,0
7571,2,7571,Lingula,"",eukaryota,false,,,,0.030208186840932735,1,,,80.0,85.0,10^-22.1457,,,,,,0.1812491210455964,6,,,94.1667,30.5,10^-10.7724,,,,,[7574],0
7574,1,7571,Lingula anatina,"",eukaryota,false,,,,0.030208186840932735,1,,,80.0,85.0,10^-22.1457,,,,,,0.1812491210455964,6,,,94.1667,30.5,10^-10.7724,,,,,,0
7544,2,7544,Cryptops,"",eukaryota,false,,,,,,,,,,,,,,,,0.06041637368186547,2,,,96.9,32.0,10^-12.7311,,,,,[118456],0
118456,1,7544,Cryptops hyalinus,"",eukaryota,false,,,,,,,,,,,,,,,,0.06041637368186547,2,,,96.9,32.0,10^-12.7311,,,,,,0
7538,2,7538,Leptinotarsa,"",eukaryota,false,,,,0.030208186840932735,1,,,94.737,38.0,10^-10.8302,,,,,,0.1812491210455964,6,,,88.3833,31.3333,10^-8.18946,,,,,[7539],0
7539,1,7538,Leptinotarsa decemlineata,Colorado potato beetle,eukaryota,false,,,,0.030208186840932735,1,,,94.737,38.0,10^-10.8302,,,,,,0.1812491210455964,6,,,88.3833,31.3333,10^-8.18946,,,,,,0
7521,2,7521,Chrysoperla,"",eukaryota,false,,,,0.1812491210455964,6,,,84.7328,65.6667,10^-17.6974,,,,,,0.5135391762958564,17,,,89.9529,29.8824,10^-8.19557,,,,,[189513],0
189513,1,7521,Chrysoperla carnea,"",eukaryota,false,,,,0.1812491210455964,6,,,84.7328,65.6667,10^-17.6974,,,,,,0.5135391762958564,17,,,89.9529,29.8824,10^-8.19557,,,,,,0
7514,2,7514,Ctenocephalides,"",eukaryota,false,,,,0.39270642893212554,13,,,90.3295,67.2308,10^-23.7033,,,,,,1.1479110999554438,38,,,94.1027,30.5135,10^-10.0097,,,,,[7515],0
7515,1,7514,Ctenocephalides felis,cat flea,eukaryota,false,,,,0.39270642893212554,13,,,90.3295,67.2308,10^-23.7033,,,,,,1.1479110999554438,38,,,94.1027,30.5135,10^-10.0097,,,,,,0
7502,2,7502,Zootermopsis,"",eukaryota,false,,,,0.2718736815683946,9,,,90.8113,56.4444,10^-17.8457,,,,,,1.3895765946829057,46,,,82.6352,51.7391,10^-23.5572,,,,,[136037],0
136037,1,7502,Zootermopsis nevadensis,"",eukaryota,false,,,,0.2718736815683946,9,,,90.8113,56.4444,10^-17.8457,,,,,,1.3895765946829057,46,,,82.6352,51.7391,10^-23.5572,,,,,,0
7490,2,7490,Trichogramma,"",eukaryota,false,,,,0.3020818684093273,10,,,92.0192,56.5,10^-19.4445,,,,,,0.39270642893212554,13,,,77.0077,31.3846,10^-7.05704,,,,,"[86971, 7493]",0
86971,1,7490,Trichogramma brassicae,"",eukaryota,false,,,,,,,,,,,,,,,,0.3020818684093273,10,,,75.35,32.0,10^-7.18945,,,,,,0
7493,1,7490,Trichogramma pretiosum,"",eukaryota,false,,,,0.3020818684093273,10,,,92.0192,56.5,10^-19.4445,,,,,,0.0906245605227982,3,,,82.5333,29.3333,10^-6.61567,,,,,,0
7482,2,7482,Lasius,"",eukaryota,false,,,,0.3624982420911928,12,,,89.6117,56.25,10^-17.7043,,,,,,8.307251381256501,275,,,53.407,98.5535,10^-26.5101,,,,,"[231986, 67767]",0
231986,1,7482,Lasius fuliginosus,"",eukaryota,false,,,,0.3624982420911928,12,,,89.6117,56.25,10^-17.7043,,,,,,,,,,,,,,,,,,0
67767,1,7482,Lasius niger,"",eukaryota,false,,,,,,,,,,,,,,,,8.307251381256501,275,,,53.407,98.5535,10^-26.5101,,,,,,0
7459,2,7459,Apis,"",eukaryota,false,,,,0.7552046710233183,25,,,88.3219,68.6,10^-23.1305,,,,,,0.33229005525026006,11,,,97.7364,29.3636,10^-9.09128,,,,,"[183418, 7463, 7462, 7461, 7460]",0
183418,1,7459,Apis laboriosa,Himalayan honeybee,eukaryota,false,,,,0.24166549472746188,8,,,88.0914,81.25,10^-29.5444,,,,,,,,,,,,,,,,,,0
7463,1,7459,Apis florea,little honeybee,eukaryota,false,,,,0.030208186840932735,1,,,90.141,71.0,10^-26.341,,,,,,0.12083274736373094,4,,,99.075,27.0,10^-7.62473,,,,,,0
7462,1,7459,Apis dorsata,giant honeybee,eukaryota,false,,,,0.0906245605227982,3,,,86.7787,96.0,10^-35.5888,,,,,,0.06041637368186547,2,,,100.0,29.5,10^-9.30463,,,,,,0
7461,1,7459,Apis cerana,Asiatic honeybee,eukaryota,false,,,,0.33229005525026006,11,,,89.1785,52.5455,10^-15.5566,,,,,,0.12083274736373094,4,,,94.7,31.75,10^-10.7192,,,,,,0
7460,1,7459,Apis mellifera,honey bee,eukaryota,false,,,,0.06041637368186547,2,,,85.938,64.0,10^-18.838,,,,,,0.030208186840932735,1,,,100.0,29.0,10^-8.01909,,,,,,0
7456,2,7456,Polistes,"",eukaryota,false,,,,0.7249964841823856,24,,,86.6348,92.913,10^-21.6122,,,,,,0.4229146157730583,14,,,90.1,43.1429,10^-19.1853,,,,,"[743375, 91411, 30207, 27506]",0
743375,1,7456,Polistes dominula,European paper wasp,eukaryota,false,,,,0.3624982420911928,12,,,84.8683,124.25,10^-25.7045,,,,,,0.2718736815683946,9,,,92.4556,50.3333,10^-25.6954,,,,,,0
91411,1,7456,Polistes canadensis,"",eukaryota,false,,,,0.15104093420466366,5,,,91.8544,47.8,10^-14.4443,,,,,,0.030208186840932735,1,,,71.0,31.0,10^-4.77211,,,,,,0
30207,1,7456,Polistes fuscatus,common paper wasp,eukaryota,false,,,,0.21145730788652914,7,,,85.818,67.8333,10^-19.4008,,,,,,0.0906245605227982,3,,,86.1,29.0,10^-5.97117,,,,,,0
27506,1,7456,Polistes exclamans,"",eukaryota,false,,,,,,,,,,,,,,,,0.030208186840932735,1,,,100.0,33.0,10^-14.6498,,,,,,0
7451,2,7451,Vespula,"",eukaryota,false,,,,2.507279507797417,83,,,85.3754,99.1392,10^-17.3945,,,,,,0.21145730788652914,7,,,100.0,32.3333,10^-11.188,,,,,"[30213, 30212, 7454]",0
30213,1,7451,Vespula pensylvanica,western yellowjacket,eukaryota,false,,,,0.1812491210455964,6,,,92.963,51.1667,10^-16.3343,,,,,,0.15104093420466366,5,,,100.0,32.0,10^-10.6012,,,,,,0
30212,1,7451,Vespula germanica,"",eukaryota,false,,,,0.030208186840932735,1,,,94.595,37.0,10^-10.1556,,,,,,,,,,,,,,,,,,0
7454,1,7451,Vespula vulgaris,"",eukaryota,false,,,,2.2958221999108877,76,,,84.615,104.0,10^-17.5834,,,,,,0.06041637368186547,2,,,100.0,33.0,10^-12.3618,,,,,,0
7443,2,7443,Vespa,"",eukaryota,false,,,,0.5437473631367892,18,,,81.0139,45.2778,10^-6.14451,,,,,,0.33229005525026006,11,,,96.3909,29.0,10^-8.99386,,,,,"[202808, 7446, 7445]",0
202808,1,7443,Vespa velutina,"",eukaryota,false,,,,0.4229146157730583,14,,,79.1709,46.4286,10^-5.55037,,,,,,0.030208186840932735,1,,,72.7,33.0,10^-7.25806,,,,,,0
7446,1,7443,Vespa mandarinia,Asian giant hornet,eukaryota,false,,,,,,,,,,,,,,,,0.3020818684093273,10,,,98.76,28.6,10^-9.16744,,,,,,0
7445,1,7443,Vespa crabro,European hornet,eukaryota,false,,,,0.12083274736373094,4,,,87.4645,41.25,10^-8.22399,,,,,,,,,,,,,,,,,,0
7440,2,7440,Dolichovespula,"",eukaryota,false,,,,0.48333098945492375,16,,,88.4603,54.6667,10^-15.4573,,,,,,,,,,,,,,,,,"[881891, 85444, 85443]",0
881891,1,7440,Dolichovespula media,median wasp,eukaryota,false,,,,0.2718736815683946,9,,,87.8464,50.625,10^-12.6986,,,,,,,,,,,,,,,,,,0
85444,1,7440,Dolichovespula sylvestris,"",eukaryota,false,,,,0.12083274736373094,4,,,88.2,60.75,10^-18.7058,,,,,,,,,,,,,,,,,,0
85443,1,7440,Dolichovespula saxonica,"",eukaryota,false,,,,0.0906245605227982,3,,,90.4447,57.3333,10^-18.4825,,,,,,,,,,,,,,,,,,0
7424,2,7424,Nasonia,"",eukaryota,false,,,,0.1812491210455964,6,,,84.5586,84.2,10^-26.8201,,,,,,0.1812491210455964,6,,,97.3167,28.3333,10^-10.1885,,,,,[7425],0
7425,1,7424,Nasonia vitripennis,jewel wasp,eukaryota,false,,,,0.1812491210455964,6,,,84.5586,84.2,10^-26.8201,,,,,,0.1812491210455964,6,,,97.3167,28.3333,10^-10.1885,,,,,,0
7415,2,7415,Campoletis,"",eukaryota,false,,,,0.030208186840932735,1,,,94.118,51.0,10^-18.2504,,,,,,,,,,,,,,,,,[2922060],0
2922060,1,7415,Campoletis raptor,"",eukaryota,false,,,,0.030208186840932735,1,,,94.118,51.0,10^-18.2504,,,,,,,,,,,,,,,,,,0
7405,2,7405,Chelonus,"",eukaryota,false,,,,0.15104093420466366,5,,,91.4888,75.0,10^-28.8043,,,,,,0.3020818684093273,10,,,93.478,57.375,10^-30.349,,,,,[460826],0
460826,1,7405,Chelonus insularis,"",eukaryota,false,,,,0.15104093420466366,5,,,91.4888,75.0,10^-28.8043,,,,,,0.3020818684093273,10,,,93.478,57.375,10^-30.349,,,,,,0
7393,2,7393,Glossina,tsetse flies,eukaryota,false,,,,0.33229005525026006,11,,,90.8017,63.0,10^-21.6697,,,,,,0.9968701657507802,33,,,92.2364,31.7273,10^-10.5304,,,,,[7396],0
7396,1,7393,Glossina fuscipes,"",eukaryota,false,,,,0.33229005525026006,11,,,90.8017,63.0,10^-21.6697,,,,,,0.9968701657507802,33,,,92.2364,31.7273,10^-10.5304,,,,,,0
7384,2,7384,Sarcophaga,"",eukaryota,false,,,,0.1812491210455964,6,,,89.4252,56.8333,10^-17.2048,,,,,,0.7854128578642511,26,,,92.572,30.56,10^-9.50577,,,,,"[596942, 236850, 226135, 7385]",0
596942,1,7384,Sarcophaga caerulescens,"",eukaryota,false,,,,0.0906245605227982,3,,,86.45,71.0,10^-22.2567,,,,,,,,,,,,,,,,,,0
236850,1,7384,Sarcophaga subvicina,"",eukaryota,false,,,,0.06041637368186547,2,,,95.122,41.0,10^-12.8557,,,,,,,,,,,,,,,,,,0
226135,1,7384,Sarcophaga carnaria,camouflaged flesh fly,eukaryota,false,,,,0.030208186840932735,1,,,86.957,46.0,10^-10.7472,,,,,,,,,,,,,,,,,,0
7385,1,7384,Sarcophaga bullata,grey fleshfly,eukaryota,false,,,,,,,,,,,,,,,,0.7854128578642511,26,,,92.572,30.56,10^-9.50577,,,,,,0
7374,2,7374,Lucilia,"",eukaryota,false,,,,1.9635321446606278,65,,,86.4122,152.062,10^-38.5662,,,,,,4.440603465617112,147,,,90.9148,30.162,10^-8.71393,,,,,"[13632, 7375]",0
13632,1,7374,Lucilia sericata,common green bottle fly,eukaryota,false,,,,0.6947882973414529,23,,,88.4447,56.3478,10^-16.0502,,,,,,0.8156210447051838,27,,,89.5444,31.6296,10^-9.70795,,,,,,0
7375,1,7374,Lucilia cuprina,Australian sheep blowfly,eukaryota,false,,,,1.2687438473191748,42,,,85.2991,204.476,10^-50.8964,,,,,,3.624982420911928,120,,,91.2365,29.8174,10^-8.48055,,,,,,0
7369,2,7369,Musca,"",eukaryota,false,,,,0.7552046710233183,25,,,89.96,65.2,10^-22.6982,,,,,,0.3020818684093273,10,,,95.26,32.3,10^-11.0168,,,,,[7370],0
7370,1,7369,Musca domestica,house fly,eukaryota,false,,,,0.7552046710233183,25,,,89.96,65.2,10^-22.6982,,,,,,0.3020818684093273,10,,,95.26,32.3,10^-11.0168,,,,,,0
7354,2,7354,Scaptodrosophila,"",eukaryota,false,,,,1.0270783525917129,34,,,87.4542,80.6471,10^-21.0178,,,,,,0.3624982420911928,12,,,90.625,32.75,10^-10.8265,,,,,[7225],0
7225,1,7354,Scaptodrosophila lebanonensis,"",eukaryota,false,,,,1.0270783525917129,34,,,87.4542,80.6471,10^-21.0178,,,,,,0.3624982420911928,12,,,90.625,32.75,10^-10.8265,,,,,,0
7324,2,7324,Hirtodrosophila,"",eukaryota,false,,,,1.6614502762513004,55,,,87.3442,91.4231,10^-22.8472,,,,,,,,,,,,,,,,,[1262473],0
1262473,1,7324,Hirtodrosophila cameraria,"",eukaryota,false,,,,1.6614502762513004,55,,,87.3442,91.4231,10^-22.8472,,,,,,,,,,,,,,,,,,0
7296,2,7296,Zaprionus,"",eukaryota,false,,,,,,,,,,,,,,,,0.3020818684093273,10,,,82.46,29.9,10^-7.2688,,,,,[309927],0
309927,1,7296,Zaprionus bogoriensis,"",eukaryota,false,,,,,,,,,,,,,,,,0.3020818684093273,10,,,82.46,29.9,10^-7.2688,,,,,,0
7292,2,7292,Chymomyza,"",eukaryota,false,,,,0.21145730788652914,7,,,89.7857,58.4286,10^-18.4181,,,,,,,,,,,,,,,,,[1692350],0
1692350,1,7292,Chymomyza fuscimana,"",eukaryota,false,,,,0.21145730788652914,7,,,89.7857,58.4286,10^-18.4181,,,,,,,,,,,,,,,,,,0
7215,2,7215,Drosophila,fruit flies,eukaryota,false,,,,65.40072451061937,2165,,,88.5992,100.017,10^-24.471,,,,,,43.19770718253381,1430,,,83.8048,46.6489,10^-15.5891,,,,,"[2848635, 2848634, 1870890, 1870887, 1867034, 1486046, 1041015, 251459, 244254, 198719, 198718, 193234, 129105, 125945, 111875, 103775, 88886, 65964, 47314, 47010, 46829, 46791, 42026, 30044, 30033, 30025, 30023, 30019, 29030, 29029, 28584, 7291, 7283, 7282, 7274, 7266, 7263, 7260, 7250, 7247, 7246, 7245, 7244, 7243, 7241, 7240, 7238, 7237, 7234, 7232, 7230, 7229, 7227, 7226, 7224, 7222, 7221, 7220, 7217, 7216]",0
2848635,1,7215,Drosophila setifemur,"",eukaryota,false,,,,,,,,,,,,,,,,0.2718736815683946,9,,,90.2,32.625,10^-9.41951,,,,,,0
2848634,1,7215,Drosophila ironensis,"",eukaryota,false,,,,,,,,,,,,,,,,0.21145730788652914,7,,,91.1,31.4286,10^-10.2693,,,,,,0
1870890,1,7215,Drosophila sp. 1 TKK-2016,"",eukaryota,false,,,,,,,,,,,,,,,,0.030208186840932735,1,,,87.5,32.0,10^-6.23807,,,,,,0
1870887,1,7215,Drosophila nyinyii,"",eukaryota,false,,,,,,,,,,,,,,,,0.030208186840932735,1,,,100.0,23.0,10^-6.97469,,,,,,0
1867034,1,7215,Drosophila pandora,"",eukaryota,false,,,,,,,,,,,,,,,,0.2718736815683946,9,,,86.2125,28.875,10^-6.68832,,,,,,0
1486046,1,7215,Drosophila subpulchrella,"",eukaryota,false,,,,0.5437473631367892,18,,,89.1406,60.8889,10^-19.4228,,,,,,0.2718736815683946,9,,,99.6667,30.7778,10^-10.2316,,,,,,0
1041015,1,7215,Drosophila rhopaloa,"",eukaryota,false,,,,0.7552046710233183,25,,,90.6606,63.72,10^-21.8528,,,,,,0.12083274736373094,4,,,94.25,30.0,10^-10.5729,,,,,,0
251459,1,7215,Drosophila canipolita,"",eukaryota,false,,,,,,,,,,,,,,,,0.06041637368186547,2,,,97.35,19.0,10^-3.22349,,,,,,0
244254,1,7215,Drosophila bunnanda,"",eukaryota,false,,,,,,,,,,,,,,,,0.15104093420466366,5,,,100.0,30.6,10^-10.8641,,,,,,0
198719,1,7215,Drosophila innubila,"",eukaryota,false,,,,0.33229005525026006,11,,,88.8196,67.6364,10^-23.0774,,,,,,0.0906245605227982,3,,,100.0,32.6667,10^-11.9726,,,,,,0
198718,1,7215,Drosophila histrio,"",eukaryota,false,,,,0.906245605227982,30,,,88.5338,71.4,10^-17.6599,,,,,,,,,,,,,,,,,,0
193234,1,7215,Drosophila pseudotakahashii,"",eukaryota,false,,,,,,,,,,,,,,,,0.24166549472746188,8,,,92.3625,31.875,10^-10.3496,,,,,,0
129105,1,7215,Drosophila santomea,"",eukaryota,false,,,,0.7854128578642511,26,,,90.2245,66.5,10^-19.3895,,,,,,0.1812491210455964,6,,,98.5,29.3333,10^-10.1411,,,,,,0
125945,1,7215,Drosophila biarmipes,"",eukaryota,false,,,,2.2051976393880897,73,,,88.3164,57.1618,10^-17.2971,,,,,,0.21145730788652914,7,,,88.5714,29.8571,10^-7.93548,,,,,,0
111875,1,7215,Drosophila jambulina,"",eukaryota,false,,,,,,,,,,,,,,,,0.3020818684093273,10,,,87.6,31.7778,10^-8.20345,,,,,,0
103775,1,7215,Drosophila gunungcola,fruit fly,eukaryota,false,,,,1.1781192867963766,39,,,90.3338,69.4615,10^-16.7599,,,,,,0.4229146157730583,14,,,88.7692,30.3846,10^-7.92554,,,,,,0
88886,1,7215,Drosophila sulfurigaster,"",eukaryota,false,,,,,,,,,,,,,,,,0.15104093420466366,5,,,77.38,29.4,10^-5.85136,,,,,,0
65964,1,7215,Drosophila pseudoananassae,"",eukaryota,false,,,,,,,,,,,,,,,,0.15104093420466366,5,,,85.9,30.2,10^-6.28799,,,,,,0
47314,1,7215,Drosophila novamexicana,"",eukaryota,false,,,,0.9666619789098475,32,,,88.9769,67.4062,10^-22.2462,,,,,,0.453122802613991,15,,,90.1267,31.6667,10^-10.2143,,,,,,0
47010,1,7215,Drosophila silvestris,"",eukaryota,false,,,,,,,,,,,,,,,,0.06041637368186547,2,,,100.0,32.5,10^-10.8162,,,,,,0
46829,1,7215,Drosophila birchii,"",eukaryota,false,,,,,,,,,,,,,,,,0.21145730788652914,7,,,91.5571,29.7143,10^-9.59995,,,,,,0
46791,1,7215,Drosophila sucinea,"",eukaryota,false,,,,0.030208186840932735,1,,,91.089,101.0,10^-44.0287,,,,,,,,,,,,,,,,,,0
42026,1,7215,Drosophila bipectinata,"",eukaryota,false,,,,5.467681818208825,181,,,88.3601,106.85,10^-26.5359,,,,,,0.4229146157730583,14,,,91.6857,31.0,10^-9.32579,,,,,,0
30044,1,7215,Drosophila rubida,"",eukaryota,false,,,,,,,,,,,,,,,,0.12083274736373094,4,,,82.8333,29.6667,10^-7.35207,,,,,,0
30033,1,7215,Drosophila kikkawai,"",eukaryota,false,,,,2.748945002524879,91,,,88.1952,66.1889,10^-21.3053,,,,,,0.453122802613991,15,,,87.82,30.8,10^-9.02895,,,,,,0
30025,1,7215,Drosophila ficusphila,"",eukaryota,false,,,,2.86977774988861,95,,,83.779,291.253,10^-60.3716,,,,,,0.21145730788652914,7,,,89.6857,32.7143,10^-8.5695,,,,,,0
30023,1,7215,Drosophila elegans,"",eukaryota,false,,,,1.0270783525917129,34,,,90.5998,60.5,10^-20.3214,,,,,,0.0906245605227982,3,,,98.0,33.0,10^-10.7901,,,,,,0
30019,1,7215,Drosophila busckii,"",eukaryota,false,,,,2.3260303867518206,77,,,84.9896,125.592,10^-24.1269,,,,,,0.48333098945492375,16,,,92.4969,63.375,10^-32.6492,,,,,,0
29030,1,7215,Drosophila takahashii,"",eukaryota,false,,,,1.4499929683647712,48,,,85.6857,115.022,10^-25.0904,,,,,,0.0906245605227982,3,,,78.9667,32.3333,10^-7.30825,,,,,,0
29029,1,7215,Drosophila eugracilis,"",eukaryota,false,,,,0.9968701657507802,33,,,90.1968,73.0303,10^-26.9473,,,,,,0.1812491210455964,6,,,96.675,28.0,10^-8.03652,,,,,,0
28584,1,7215,Drosophila suzukii,"",eukaryota,false,,,,0.6343719236595874,21,,,90.2994,74.381,10^-28.1315,,,,,,0.3624982420911928,12,,,88.5083,30.75,10^-8.45586,,,,,,0
7291,1,7215,Drosophila albomicans,"",eukaryota,false,,,,2.265614013069955,75,,,89.9653,54.4533,10^-16.7873,,,,,,0.3624982420911928,12,,,96.9333,31.4167,10^-9.79118,,,,,,0
7283,1,7215,Drosophila phalerata,"",eukaryota,false,,,,0.6343719236595874,21,,,86.0698,84.8095,10^-17.8918,,,,,,,,,,,,,,,,,,0
7282,1,7215,Drosophila obscura,"",eukaryota,false,,,,11.086404570622314,367,,,90.789,68.1727,10^-12.9343,,,,,,0.4229146157730583,14,,,81.8429,30.3571,10^-7.96127,,,,,,0
7274,1,7215,Drosophila serrata,"",eukaryota,false,,,,1.9635321446606278,65,,,89.7682,85.1905,10^-27.0156,,,,,,0.24166549472746188,8,,,95.475,30.625,10^-9.54516,,,,,,0
7266,1,7215,Drosophila guanche,"",eukaryota,false,,,,0.6645801105005201,22,,,90.4492,62.3182,10^-21.1469,,,,,,0.48333098945492375,16,,,91.5,29.3125,10^-8.2661,,,,,,0
7263,1,7215,Drosophila arizonae,"",eukaryota,false,,,,0.8760374183870493,29,,,84.4388,159.276,10^-30.036,,,,,,0.15104093420466366,5,,,100.0,29.0,10^-10.3263,,,,,,0
7260,1,7215,Drosophila willistoni,"",eukaryota,false,,,,0.9364537920689148,31,,,89.4418,63.8387,10^-21.0506,,,,,,4.561436212980843,151,,,70.6874,48.1126,10^-13.6917,,,,,,0
7250,1,7215,Drosophila immigrans,"",eukaryota,false,,,,,,,,,,,,,,,,0.3624982420911928,12,,,90.3,30.8182,10^-9.23887,,,,,,0
7247,1,7215,Drosophila algonquin,"",eukaryota,false,,,,,,,,,,,,,,,,0.030208186840932735,1,,,97.0,33.0,10^-14.1952,,,,,,0
7246,1,7215,Drosophila affinis,"",eukaryota,false,,,,0.030208186840932735,1,,,83.168,101.0,10^-33.0498,,,,,,,,,,,,,,,,,,0
7245,1,7215,Drosophila yakuba,"",eukaryota,false,,,,1.2989520341601075,43,,,84.0592,173.256,10^-35.7429,,,,,,1.0270783525917129,34,,,95.7941,35.1471,10^-16.0596,,,,,,0
7244,1,7215,Drosophila virilis,"",eukaryota,false,,,,2.8999859367295424,96,,,87.3996,123.713,10^-26.1865,,,,,,0.8156210447051838,27,,,97.1778,30.2593,10^-9.65682,,,,,,0
7243,1,7215,Drosophila teissieri,"",eukaryota,false,,,,0.33229005525026006,11,,,88.8535,84.8182,10^-31.6425,,,,,,0.06041637368186547,2,,,84.6,32.5,10^-8.13873,,,,,,0
7241,1,7215,Drosophila subobscura,"",eukaryota,false,,,,1.0270783525917129,34,,,86.1052,192.688,10^-43.9473,,,,,,0.33229005525026006,11,,,94.0364,31.7273,10^-9.99825,,,,,,0
7240,1,7215,Drosophila simulans,"",eukaryota,false,,,,1.480201155205704,49,,,90.2226,59.2449,10^-19.2932,,,,,,0.453122802613991,15,,,95.3867,30.3333,10^-9.2956,,,,,,0
7238,1,7215,Drosophila sechellia,"",eukaryota,false,,,,0.453122802613991,15,,,89.6247,75.1333,10^-27.6085,,,,,,0.2718736815683946,9,,,83.8889,31.3333,10^-7.52599,,,,,,0
7237,1,7215,Drosophila pseudoobscura,"",eukaryota,false,,,,0.453122802613991,15,,,88.3007,74.4,10^-25.6525,,,,,,0.2718736815683946,9,,,95.6111,31.7778,10^-10.4562,,,,,,0
7234,1,7215,Drosophila persimilis,"",eukaryota,false,,,,0.3020818684093273,10,,,93.5535,58.9,10^-22.2526,,,,,,12.59681391266895,417,,,99.4863,30.0328,10^-14.3056,,,,,,0
7232,1,7215,Drosophila navojoa,"",eukaryota,false,,,,1.3291602210010403,44,,,92.3661,48.1364,10^-14.6487,,,,,,0.4229146157730583,14,,,96.2029,43.9286,10^-21.4442,,,,,,0
7230,1,7215,Drosophila mojavensis,"",eukaryota,false,,,,0.4229146157730583,14,,,89.0688,74.2857,10^-22.2071,,,,,,0.906245605227982,30,,,83.3483,29.4828,10^-6.32924,,,,,,0
7229,1,7215,Drosophila miranda,"",eukaryota,false,,,,0.8156210447051838,27,,,92.4681,53.037,10^-17.5716,,,,,,0.39270642893212554,13,,,93.3308,29.6154,10^-8.85916,,,,,,0
7227,1,7215,Drosophila melanogaster,fruit fly,eukaryota,false,,,,3.9270642893212555,130,,,86.9893,121.584,10^-28.47,,,,,,10.93536363641765,362,,,63.3652,79.6882,10^-23.3264,,,,,,0
7226,1,7215,Drosophila mauritiana,"",eukaryota,false,,,,0.1812491210455964,6,,,91.0643,74.8333,10^-28.9562,,,,,,0.030208186840932735,1,,,81.8,33.0,10^-7.80688,,,,,,0
7224,1,7215,Drosophila hydei,"",eukaryota,false,,,,0.6645801105005201,22,,,89.521,72.1364,10^-25.3881,,,,,,0.21145730788652914,7,,,93.8286,31.0,10^-11.1721,,,,,,0
7222,1,7215,Drosophila grimshawi,"",eukaryota,false,,,,1.0270783525917129,34,,,89.3913,62.2059,10^-20.3831,,,,,,0.7854128578642511,26,,,95.4115,30.1923,10^-10.2336,,,,,,0
7221,1,7215,Drosophila funebris,"",eukaryota,false,,,,0.9666619789098475,32,,,85.3078,110.581,10^-23.4814,,,,,,,,,,,,,,,,,,0
7220,1,7215,Drosophila erecta,"",eukaryota,false,,,,1.480201155205704,49,,,91.5491,71.2245,10^-20.2409,,,,,,0.2718736815683946,9,,,99.6667,31.3333,10^-10.3234,,,,,,0
7217,1,7215,Drosophila ananassae,"",eukaryota,false,,,,2.6583204420020805,88,,,86.3621,203.807,10^-47.3231,,,,,,0.4229146157730583,14,,,90.7503,75.4286,10^-38.525,,,,,,0
7216,1,7215,Drosophila ambigua,"",eukaryota,false,,,,,,,,,,,,,,,,0.06041637368186547,2,,,93.35,26.5,10^-5.7482,,,,,,0
7212,2,7212,Ceratitis,"",eukaryota,false,,,,0.39270642893212554,13,,,90.0945,55.2308,10^-17.3292,,,,,,1.812491210455964,60,,,93.6346,31.0877,10^-10.4578,,,,,"[314371, 314366, 314357, 7213]",0
314371,1,7212,Ceratitis bremii,"",eukaryota,false,,,,,,,,,,,,,,,,0.030208186840932735,1,,,100.0,33.0,10^-11.767,,,,,,0
314366,1,7212,Ceratitis venusta,"",eukaryota,false,,,,,,,,,,,,,,,,0.030208186840932735,1,,,100.0,33.0,10^-15.7122,,,,,,0
314357,1,7212,Ceratitis anonae,"",eukaryota,false,,,,,,,,,,,,,,,,0.030208186840932735,1,,,100.0,33.0,10^-12.556,,,,,,0
7213,1,7212,Ceratitis capitata,Mediterranean fruit fly,eukaryota,false,,,,0.39270642893212554,13,,,90.0945,55.2308,10^-17.3292,,,,,,1.7218666499331658,57,,,93.2809,30.9815,10^-10.2974,,,,,,0
7208,2,7208,Loa,"",eukaryota,false,,,,2.6885286288430135,89,,,95.1342,141.471,10^-64.7883,,,,,,0.15104093420466366,5,,,88.44,32.8,10^-9.91615,,,,,[7209],1
7209,1,7208,Loa loa,African eye worm,eukaryota,false,,,,2.6885286288430135,89,,,95.1342,141.471,10^-64.7883,,,,,,0.15104093420466366,5,,,88.44,32.8,10^-9.91615,,,,,,1
7199,2,7199,Lutzomyia,"",eukaryota,false,,,,2.4468631341155516,81,,,87.5339,88.2857,10^-22.0351,,,,,,2.5676958814792825,85,,,93.7607,31.2143,10^-9.81249,,,,,[7200],0
7200,1,7199,Lutzomyia longipalpis,"",eukaryota,false,,,,2.4468631341155516,81,,,87.5339,88.2857,10^-22.0351,,,,,,2.5676958814792825,85,,,93.7607,31.2143,10^-9.81249,,,,,,0
7191,2,7191,Simulium,"",eukaryota,false,,,,,,,,,,,,,,,,0.0906245605227982,3,,,99.0,29.0,10^-10.2224,,,,,"[390679, 390676]",0
390679,1,7191,Simulium saxosum,"",eukaryota,false,,,,,,,,,,,,,,,,0.030208186840932735,1,,,100.0,21.0,10^-5.35458,,,,,,0
390676,1,7191,Simulium arcticum,"",eukaryota,false,,,,,,,,,,,,,,,,0.06041637368186547,2,,,98.5,33.0,10^-12.6564,,,,,,0
7182,2,7182,Psorophora,"",eukaryota,false,,,,0.030208186840932735,1,,,90.805,87.0,10^-35.8593,,,,,,0.06041637368186547,2,,,100.0,32.5,10^-12.2777,,,,,[7183],0
7183,1,7182,Psorophora ferox,"",eukaryota,false,,,,0.030208186840932735,1,,,90.805,87.0,10^-35.8593,,,,,,0.06041637368186547,2,,,100.0,32.5,10^-12.2777,,,,,,0
7180,2,7180,Haemagogus,"",eukaryota,false,,,,0.7249964841823856,24,,,95.4849,60.9,10^-24.8419,,,,,,,,,,,,,,,,,"[1677689, 1170321]",0
1677689,1,7180,Haemagogus janthinomys,"",eukaryota,false,,,,0.030208186840932735,1,,,93.269,104.0,10^-48.8193,,,,,,,,,,,,,,,,,,0
1170321,1,7180,Haemagogus leucocelaenus,"",eukaryota,false,,,,0.6947882973414529,23,,,95.7311,56.1111,10^-22.1777,,,,,,,,,,,,,,,,,,0
7174,2,7174,Culex,"",eukaryota,false,,,,353.97953340204975,11718,,,86.8047,240.89,10^-53.6467,,,,,,864.951013816427,28633,,,80.0693,95.1628,10^-39.6556,,,,,"[2912049, 1245363, 571207, 561267, 162998, 7178, 7177, 7176, 7175]",0
2912049,1,7174,Culex sp.,"",eukaryota,false,,,,0.06041637368186547,2,,,100.0,58.5,10^-27.4724,,,,,,,,,,,,,,,,,,0
1245363,1,7174,Culex richei,"",eukaryota,false,,,,0.0906245605227982,3,,,90.0767,64.3333,10^-21.8296,,,,,,,,,,,,,,,,,,0
571207,1,7174,Culex apicinus,"",eukaryota,false,,,,,,,,,,,,,,,,0.030208186840932735,1,,,100.0,33.0,10^-11.0788,,,,,,0
561267,1,7174,Culex theileri,"",eukaryota,false,,,,,,,,,,,,,,,,0.06041637368186547,2,,,100.0,28.0,10^-9.04479,,,,,,0
162998,1,7174,Culex sitiens,"",eukaryota,false,,,,0.030208186840932735,1,,,90.816,98.0,10^-41.9833,,,,,,,,,,,,,,,,,,0
7178,1,7174,Culex tritaeniorhynchus,"",eukaryota,false,,,,0.06041637368186547,2,,,95.7425,47.0,10^-16.9136,,,,,,0.030208186840932735,1,,,87.5,32.0,10^-10.3716,,,,,,0
7177,1,7174,Culex tarsalis,"",eukaryota,false,,,,0.0906245605227982,3,,,86.8237,90.3333,10^-32.6423,,,,,,0.48333098945492375,16,,,92.0048,55.75,10^-30.7237,,,,,,0
7176,1,7174,Culex quinquefasciatus,southern house mosquito,eukaryota,false,,,,202.72714188949956,6711,,,86.0262,291.011,10^-60.6874,,,,,,699.5007744886384,23156,,,80.6782,100.338,10^-43.4014,,,,,,0
7175,1,7174,Culex pipiens,northern house mosquito,eukaryota,false,,,,150.92010145729995,4996,,,87.9223,168.524,10^-43.4885,,,,,,164.84607559096992,5457,,,77.5135,74.0168,10^-24.2781,,,,,,0
7164,2,7164,Anopheles,"",eukaryota,false,,,,315.31305424565585,10438,,,87.0943,164.572,10^-41.9601,,,,,,435.99476067518214,14433,,,80.0448,258.211,10^-89.0172,,,,,"[1521116, 1518534, 1496333, 596826, 345580, 186751, 185578, 139047, 139045, 138535, 109668, 74873, 74871, 74869, 68878, 62324, 48725, 43151, 42839, 34690, 30069, 30066, 7173, 7168, 7167, 7165]",0
1521116,1,7164,Anopheles marshallii,"",eukaryota,false,,,,17.520748367740985,580,,,88.2619,99.141,10^-25.0447,,,,,,30.38943596197833,1006,,,89.6528,163.236,10^-104.461,,,,,,0
1518534,1,7164,Anopheles coluzzii,"",eukaryota,false,,,,11.750984681122834,389,,,87.8458,145.864,10^-37.9016,,,,,,9.304121547007282,308,,,89.6334,31.0629,10^-8.7853,,,,,,0
1496333,1,7164,Anopheles maculipalpis,"",eukaryota,false,,,,14.469721496806779,479,,,86.9991,116.501,10^-28.7479,,,,,,8.126002260210905,269,,,91.7463,32.3446,10^-9.909,,,,,,0
596826,1,7164,Anopheles minor,"",eukaryota,false,,,,0.06041637368186547,2,,,98.214,56.0,10^-24.3855,,,,,,,,,,,,,,,,,,0
345580,1,7164,Anopheles ziemanni,"",eukaryota,false,,,,20.964481667607316,694,,,84.6672,295.333,10^-62.6576,,,,,,1.812491210455964,60,,,93.8317,30.3167,10^-8.89182,,,,,,0
186751,1,7164,Anopheles moucheti,mosquito,eukaryota,false,,,,12.80827122055548,424,,,86.2753,147.215,10^-33.8962,,,,,,8.669749623347695,287,,,91.736,34.1272,10^-10.7391,,,,,,0
185578,1,7164,Anopheles nili,"",eukaryota,false,,,,19.75615419397001,654,,,86.5937,139.775,10^-33.5475,,,,,,9.032247865438887,299,,,92.4718,32.1229,10^-10.2903,,,,,,0
139047,1,7164,Anopheles bellator,"",eukaryota,false,,,,23.018638372790743,762,,,88.9966,104.159,10^-27.7292,,,,,,8.971831491757023,297,,,90.4586,30.7414,10^-8.54476,,,,,,0
139045,1,7164,Anopheles coustani,"",eukaryota,false,,,,5.981220994504682,198,,,89.4218,71.5431,10^-25.2418,,,,,,10.572865394326456,350,,,91.9743,32.3526,10^-9.29859,,,,,,0
138535,1,7164,Anopheles kweiyangensis,"",eukaryota,false,,,,0.06041637368186547,2,,,92.5,40.0,10^-10.8079,,,,,,,,,,,,,,,,,,0
109668,1,7164,Anopheles lesteri,"",eukaryota,false,,,,0.030208186840932735,1,,,100.0,64.0,10^-31.1893,,,,,,,,,,,,,,,,,,0
74873,1,7164,Anopheles sinensis,"",eukaryota,false,,,,,,,,,,,,,,,,40.99250954314572,1357,,,90.8188,83.0992,10^-44.9237,,,,,,0
74871,1,7164,Anopheles nivipes,"",eukaryota,false,,,,,,,,,,,,,,,,0.06041637368186547,2,,,67.75,32.5,10^-8.20149,,,,,,0
74869,1,7164,Anopheles maculatus,"",eukaryota,false,,,,0.0906245605227982,3,,,91.8143,54.0,10^-18.0154,,,,,,0.12083274736373094,4,,,69.075,31.5,10^-8.60772,,,,,,0
68878,1,7164,Anopheles cruzii,mosquito,eukaryota,false,,,,16.523878201990204,547,,,87.6138,94.5094,10^-24.1892,,,,,,14.409305123124915,477,,,91.9193,30.5121,10^-9.72582,,,,,,0
62324,1,7164,Anopheles funestus,African malaria mosquito,eukaryota,false,,,,10.754114515372054,356,,,87.7047,118.833,10^-33.4462,,,,,,12.989520341601075,430,,,90.3073,36.5379,10^-12.9462,,,,,,0
48725,1,7164,Anopheles baimaii,"",eukaryota,false,,,,,,,,,,,,,,,,0.06041637368186547,2,,,89.3,28.0,10^-6.10679,,,,,,0
43151,1,7164,Anopheles darlingi,"",eukaryota,false,,,,7.793712204960645,258,,,89.0369,83.3961,10^-25.5823,,,,,,35.64566047230063,1180,,,94.3598,41.9662,10^-17.4471,,,,,,0
42839,1,7164,Anopheles aquasalis,"",eukaryota,false,,,,22.65614013069955,750,,,86.8298,131.104,10^-31.4915,,,,,,8.307251381256501,275,,,91.9699,32.3571,10^-10.1507,,,,,,0
34690,1,7164,Anopheles melas,"",eukaryota,false,,,,,,,,,,,,,,,,0.06041637368186547,2,,,97.0,33.0,10^-9.65041,,,,,,0
30069,1,7164,Anopheles stephensi,Asian malaria mosquito,eukaryota,false,,,,85.42875238615777,2828,,,86.3598,239.22,10^-63.472,,,,,,25.797791562156554,854,,,87.7717,58.3924,10^-24.5027,,,,,,0
30066,1,7164,Anopheles merus,"",eukaryota,false,,,,6.947882973414528,230,,,87.3343,126.427,10^-35.5605,,,,,,12.324940231100555,408,,,83.6406,45.1737,10^-14.016,,,,,,0
7173,1,7164,Anopheles arabiensis,"",eukaryota,false,,,,4.923934455072035,163,,,87.1025,127.613,10^-35.0008,,,,,,10.421824460121794,345,,,92.1454,32.0206,10^-9.72241,,,,,,0
7168,1,7164,Anopheles dirus,"",eukaryota,false,,,,,,,,,,,,,,,,0.030208186840932735,1,,,90.9,33.0,10^-11.8013,,,,,,0
7167,1,7164,Anopheles albimanus,"",eukaryota,false,,,,23.048846559631677,763,,,87.7671,144.882,10^-38.6603,,,,,,30.117562280409935,997,,,89.6891,57.0847,10^-27.5151,,,,,,0
7165,1,7164,Anopheles gambiae,African malaria mosquito,eukaryota,false,,,,10.72390632853112,355,,,87.809,151.207,10^-38.9261,,,,,,157.77735987019167,5223,,,60.1819,630.519,10^-201.882,,,,,,0
7158,2,7158,Aedes,"",eukaryota,false,,,,14668.733031714844,485588,,,89.0809,486.68,10^-114.669,,,,,,9568.201516370716,316742,,,83.4743,157.081,10^-74.2117,,,,,"[2880926, 2575619, 2067446, 2067445, 1397682, 1245354, 1245338, 686388, 586676, 498397, 373850, 373846, 373844, 317808, 240003, 188700, 188699, 166586, 159648, 140438, 120874, 55967, 37951, 28624, 7161, 7160, 7159]",0
2880926,1,7158,Aedes suzannae,"",eukaryota,false,,,,,,,,,,,,,,,,0.030208186840932735,1,,,97.0,33.0,10^-10.7721,,,,,,0
2575619,1,7158,Aedes echinus,"",eukaryota,false,,,,4436.313903085699,146858,,,83.2233,176.982,10^-31.8053,,,,,,,,,,,,,,,,,,0
2067446,1,7158,Aedes cozi,"",eukaryota,false,,,,0.030208186840932735,1,,,97.297,37.0,10^-11.528,,,,,,,,,,,,,,,,,,0
2067445,1,7158,Aedes centropunctatus,"",eukaryota,false,,,,0.030208186840932735,1,,,100.0,73.0,10^-37.3079,,,,,,,,,,,,,,,,,,0
1397682,1,7158,Aedes bromeliae,"",eukaryota,false,,,,0.030208186840932735,1,,,100.0,75.0,10^-38.6685,,,,,,,,,,,,,,,,,,0
1245354,1,7158,Aedes pseudalbopictus,"",eukaryota,false,,,,0.06041637368186547,2,,,100.0,50.0,10^-21.69,,,,,,,,,,,,,,,,,,0
1245338,1,7158,Aedes albolateralis,"",eukaryota,false,,,,0.030208186840932735,1,,,92.079,101.0,10^-45.4011,,,,,,,,,,,,,,,,,,0
686388,1,7158,Aedes metallicus,"",eukaryota,false,,,,0.030208186840932735,1,,,100.0,76.0,10^-39.3489,,,,,,,,,,,,,,,,,,0
586676,1,7158,Aedes koreicus,"",eukaryota,false,,,,0.12083274736373094,4,,,99.3055,65.5,10^-31.5246,,,,,,0.030208186840932735,1,,,100.0,32.0,10^-12.3726,,,,,,0
498397,1,7158,Aedes subalbopictus,"",eukaryota,false,,,,0.06041637368186547,2,,,100.0,50.0,10^-21.69,,,,,,,,,,,,,,,,,,0
373850,1,7158,Aedes scutellaris,"",eukaryota,false,,,,0.030208186840932735,1,,,94.937,79.0,10^-35.9012,,,,,,,,,,,,,,,,,,0
373846,1,7158,Aedes maehleri,"",eukaryota,false,,,,0.030208186840932735,1,,,94.681,94.0,10^-43.3737,,,,,,,,,,,,,,,,,,0
373844,1,7158,Aedes nipponicus,"",eukaryota,false,,,,0.15104093420466366,5,,,97.931,67.4,10^-31.58,,,,,,,,,,,,,,,,,,0
317808,1,7158,Aedes vittatus,"",eukaryota,false,,,,,,,,,,,,,,,,0.030208186840932735,1,,,93.9,33.0,10^-9.24872,,,,,,0
240003,1,7158,Aedes cretinus,"",eukaryota,false,,,,1.0270783525917129,34,,,81.169,154.0,10^-23.9393,,,,,,,,,,,,,,,,,,0
188700,1,7158,Aedes polynesiensis,"",eukaryota,false,,,,0.1812491210455964,6,,,92.1898,71.5,10^-28.0635,,,,,,,,,,,,,,,,,,0
188699,1,7158,Aedes bahamensis,"",eukaryota,false,,,,0.06041637368186547,2,,,92.3935,98.5,10^-44.3828,,,,,,,,,,,,,,,,,,0
166586,1,7158,Aedes flavopictus,"",eukaryota,false,,,,0.030208186840932735,1,,,96.667,90.0,10^-44.765,,,,,,,,,,,,,,,,,,0
159648,1,7158,Aedes elsiae,"",eukaryota,false,,,,0.6947882973414529,23,,,96.6235,57.2143,10^-22.3164,,,,,,,,,,,,,,,,,,0
140438,1,7158,Aedes japonicus,"",eukaryota,false,,,,0.12083274736373094,4,,,92.371,79.3333,10^-33.4229,,,,,,0.0906245605227982,3,,,100.0,33.0,10^-11.3207,,,,,,0
120874,1,7158,Aedes geniculatus,"",eukaryota,false,,,,0.3624982420911928,12,,,97.0635,58.6364,10^-25.3179,,,,,,,,,,,,,,,,,,0
55967,1,7158,Aedes togoi,"",eukaryota,false,,,,3855.893801124018,127644,,,93.6006,874.878,10^-307.611,,,,,,,,,,,,,,,,,,0
37951,1,7158,Aedes sp.,"",eukaryota,false,,,,388.8095728296452,12871,,,96.0018,277.347,10^-120.925,,,,,,,,,,,,,,,,,,0
28624,1,7158,Aedes atropalpus,rock-pool mosquito,eukaryota,false,,,,2.356238573592753,78,,,90.6756,116.141,10^-38.2123,,,,,,7.612463083915049,252,,,86.1673,66.5868,10^-30.9875,,,,,,0
7161,1,7158,Aedes simpsoni,"",eukaryota,false,,,,0.06041637368186547,2,,,93.3595,62.0,10^-23.6587,,,,,,,,,,,,,,,,,,0
7160,1,7158,Aedes albopictus,Asian tiger mosquito,eukaryota,false,,,,3964.4620246303302,131238,,,89.3611,506.171,10^-109.767,,,,,,4888.016920918167,161811,,,82.5893,149.067,10^-66.7766,,,,,,0
7159,1,7158,Aedes aegypti,yellow fever mosquito,eukaryota,false,,,,2017.755840040102,66795,,,87.9461,381.3,10^-72.0176,,,,,,4672.390883247589,154673,,,84.3972,165.634,10^-82.079,,,,,,0
7150,2,7150,Chironomus,"",eukaryota,false,,,,0.6645801105005201,22,,,86.5565,66.6,10^-19.8026,,,,,,1.7520748367740986,58,,,89.9853,37.7018,10^-14.3055,,,,,"[315576, 7153]",0
315576,1,7150,Chironomus riparius,"",eukaryota,false,,,,0.6645801105005201,22,,,86.5565,66.6,10^-19.8026,,,,,,1.6916584630922331,56,,,90.8521,37.8909,10^-14.675,,,,,,0
7153,1,7150,Chironomus tentans,"",eukaryota,false,,,,,,,,,,,,,,,,0.06041637368186547,2,,,66.15,32.5,10^-4.14316,,,,,,0
7145,2,7145,Papilio,"",eukaryota,false,,,,0.3020818684093273,10,,,91.0999,66.0,10^-23.5083,,,,,,1.0270783525917129,34,,,83.4382,31.8824,10^-9.08244,,,,,"[76196, 76194, 76193, 66420]",0
76196,1,7145,Papilio protenor,"",eukaryota,false,,,,0.030208186840932735,1,,,85.417,96.0,10^-33.758,,,,,,,,,,,,,,,,,,0
76194,1,7145,Papilio polytes,common Mormon,eukaryota,false,,,,0.12083274736373094,4,,,93.4173,52.0,10^-17.2314,,,,,,0.030208186840932735,1,,,100.0,33.0,10^-14.2013,,,,,,0
76193,1,7145,Papilio machaon,common yellow swallowtail,eukaryota,false,,,,0.030208186840932735,1,,,87.342,79.0,10^-27.667,,,,,,0.6343719236595874,21,,,76.5381,31.6667,10^-7.56025,,,,,,0
66420,1,7145,Papilio xuthus,Asian swallowtail,eukaryota,false,,,,0.12083274736373094,4,,,91.1428,69.25,10^-26.1833,,,,,,0.3624982420911928,12,,,94.1333,32.1667,10^-11.3197,,,,,,0
7140,2,7140,Choristoneura,"",eukaryota,false,,,,,,,,,,,,,,,,0.6645801105005201,22,,,89.1591,31.6364,10^-8.86058,,,,,[7141],0
7141,1,7140,Choristoneura fumiferana,eastern spruce budworm,eukaryota,false,,,,,,,,,,,,,,,,0.6645801105005201,22,,,89.1591,31.6364,10^-8.86058,,,,,,0
7136,2,7136,Galleria,"",eukaryota,false,,,,0.3020818684093273,10,,,93.4112,46.1,10^-14.7983,,,,,,0.21145730788652914,7,,,82.6857,31.0,10^-7.67177,,,,,[7137],0
7137,1,7136,Galleria mellonella,greater wax moth,eukaryota,false,,,,0.3020818684093273,10,,,93.4112,46.1,10^-14.7983,,,,,,0.21145730788652914,7,,,82.6857,31.0,10^-7.67177,,,,,,0
7129,2,7129,Manduca,"",eukaryota,false,,,,0.0906245605227982,3,,,86.9367,79.0,10^-27.6753,,,,,,1.2687438473191748,42,,,79.2683,30.9024,10^-7.34477,,,,,[7130],0
7130,1,7129,Manduca sexta,tobacco hornworm,eukaryota,false,,,,0.0906245605227982,3,,,86.9367,79.0,10^-27.6753,,,,,,1.2687438473191748,42,,,79.2683,30.9024,10^-7.34477,,,,,,0
7126,2,7126,Samia,"",eukaryota,false,,,,0.030208186840932735,1,,,91.892,37.0,10^-8.78321,,,,,,,,,,,,,,,,,[63990],0
63990,1,7126,Samia ricini,Indian eri silkmoth,eukaryota,false,,,,0.030208186840932735,1,,,91.892,37.0,10^-8.78321,,,,,,,,,,,,,,,,,,0
7115,2,7115,Pieris,"",eukaryota,false,,,,2.5374876946383496,84,,,82.3427,140.159,10^-22.2908,,,,,,0.906245605227982,30,,,83.8552,29.7931,10^-7.42514,,,,,"[345717, 78633, 64459, 7116]",0
345717,1,7115,Pieris macdunnoughi,"",eukaryota,false,,,,,,,,,,,,,,,,0.4229146157730583,14,,,77.0923,29.6154,10^-6.39461,,,,,,0
78633,1,7115,Pieris napi,"",eukaryota,false,,,,0.15104093420466366,5,,,92.7202,60.2,10^-22.3134,,,,,,0.1812491210455964,6,,,91.6833,31.5,10^-9.34276,,,,,,0
64459,1,7115,Pieris rapae,cabbage white,eukaryota,false,,,,0.030208186840932735,1,,,95.238,42.0,10^-13.5315,,,,,,0.0906245605227982,3,,,86.8667,27.3333,10^-5.86252,,,,,,0
7116,1,7115,Pieris brassicae,large cabbage white,eukaryota,false,,,,2.356238573592753,78,,,81.4903,146.711,10^-22.4046,,,,,,0.21145730788652914,7,,,88.4143,29.7143,10^-8.36502,,,,,,0
7112,2,7112,Helicoverpa,"",eukaryota,false,,,,0.3020818684093273,10,,,89.1524,70.1,10^-24.3681,,,,,,27.791531893658114,920,,,46.5464,373.05,10^-103.94,,,,,"[29058, 7113]",0
29058,1,7112,Helicoverpa armigera,cotton bollworm,eukaryota,false,,,,0.030208186840932735,1,,,90.476,63.0,10^-22.2758,,,,,,27.48945002524879,910,,,46.1443,376.875,10^-105.023,,,,,,0
7113,1,7112,Helicoverpa zea,corn earworm,eukaryota,false,,,,0.2718736815683946,9,,,89.0053,70.8889,10^-24.6005,,,,,,0.3020818684093273,10,,,82.57,30.3,10^-6.97138,,,,,,0
7110,2,7110,Trichoplusia,"",eukaryota,false,,,,0.030208186840932735,1,,,85.484,62.0,10^-17.4794,,,,,,0.39270642893212554,13,,,70.2272,53.9231,10^-16.8309,,,,,[7111],0
7111,1,7110,Trichoplusia ni,cabbage looper,eukaryota,false,,,,0.030208186840932735,1,,,85.484,62.0,10^-17.4794,,,,,,0.39270642893212554,13,,,70.2272,53.9231,10^-16.8309,,,,,,0
7106,2,7106,Spodoptera,"",eukaryota,false,,,,0.39270642893212554,13,,,89.6929,56.3846,10^-17.7979,,,,,,1.6312420894103676,54,,,82.117,37.6154,10^-9.99594,,,,,"[69820, 7109, 7108, 7107]",0
69820,1,7106,Spodoptera litura,"",eukaryota,false,,,,0.0906245605227982,3,,,90.4107,49.0,10^-14.1587,,,,,,0.33229005525026006,11,,,64.4895,64.8182,10^-14.4094,,,,,,0
7109,1,7106,Spodoptera littoralis,African cotton leafworm,eukaryota,false,,,,0.12083274736373094,4,,,88.849,60.25,10^-18.7103,,,,,,0.030208186840932735,1,,,93.5,31.0,10^-10.4056,,,,,,0
7108,1,7106,Spodoptera frugiperda,fall armyworm,eukaryota,false,,,,0.0906245605227982,3,,,90.9957,55.6667,10^-18.6699,,,,,,0.48333098945492375,16,,,92.0062,31.0,10^-9.78051,,,,,,0
7107,1,7106,Spodoptera exigua,beet armyworm,eukaryota,false,,,,0.0906245605227982,3,,,88.7977,59.3333,10^-19.3487,,,,,,0.7854128578642511,26,,,83.1292,29.8333,10^-8.09967,,,,,,0
7101,2,7101,Heliothis,"",eukaryota,false,,,,3.8968561024803225,129,,,80.0924,132.921,10^-16.0523,,,,,,,,,,,,,,,,,[542982],0
542982,1,7101,Heliothis peltigera,"",eukaryota,false,,,,3.8968561024803225,129,,,80.0924,132.921,10^-16.0523,,,,,,,,,,,,,,,,,,0
7090,2,7090,Bombyx,"",eukaryota,false,,,,0.6343719236595874,21,,,91.9409,59.5238,10^-15.5916,,,,,,0.8156210447051838,27,,,65.115,57.2963,10^-15.3909,,,,,"[7092, 7091]",0
7092,1,7090,Bombyx mandarina,wild silkworm,eukaryota,false,,,,0.030208186840932735,1,,,85.455,55.0,10^-14.1005,,,,,,0.2718736815683946,9,,,81.6996,63.2222,10^-27.7668,,,,,,0
7091,1,7090,Bombyx mori,domestic silkworm,eukaryota,false,,,,0.6041637368186547,20,,,92.2652,59.75,10^-15.6662,,,,,,0.5437473631367892,18,,,56.8227,54.3333,10^-9.20289,,,,,,0
7086,2,7086,Geotrupes,"",eukaryota,false,,,,0.7552046710233183,25,,,84.8685,94.087,10^-15.5971,,,,,,,,,,,,,,,,,[295525],0
295525,1,7086,Geotrupes spiniger,"",eukaryota,false,,,,0.7552046710233183,25,,,84.8685,94.087,10^-15.5971,,,,,,,,,,,,,,,,,,0
7083,2,7083,Adalia,"",eukaryota,false,,,,0.453122802613991,15,,,89.4617,67.8667,10^-22.7809,,,,,,,,,,,,,,,,,"[115343, 7084]",0
115343,1,7083,Adalia decempunctata,"",eukaryota,false,,,,0.12083274736373094,4,,,86.7073,86.5,10^-30.7154,,,,,,,,,,,,,,,,,,0
7084,1,7083,Adalia bipunctata,two-spotted ladybird beetle,eukaryota,false,,,,0.33229005525026006,11,,,90.4634,61.0909,10^-19.8957,,,,,,,,,,,,,,,,,,0
7073,2,7073,Zophobas,"",eukaryota,false,,,,,,,,,,,,,,,,0.39270642893212554,13,,,81.7692,28.3846,10^-5.70529,,,,,[2755281],0
2755281,1,7073,Zophobas morio,"",eukaryota,false,,,,,,,,,,,,,,,,0.39270642893212554,13,,,81.7692,28.3846,10^-5.70529,,,,,,0
7069,2,7069,Tribolium,"",eukaryota,false,,,,0.8156210447051838,27,,,90.453,60.4444,10^-20.4037,,,,,,1.6312420894103676,54,,,69.0176,51.4444,10^-17.4087,,,,,"[41895, 7072, 7070]",0
41895,1,7069,Tribolium madens,black flour beetle,eukaryota,false,,,,0.3020818684093273,10,,,92.0056,56.2,10^-19.5927,,,,,,0.030208186840932735,1,,,72.7,33.0,10^-5.49485,,,,,,0
7072,1,7069,Tribolium freemani,"",eukaryota,false,,,,0.21145730788652914,7,,,90.6073,55.2857,10^-17.6376,,,,,,,,,,,,,,,,,,0
7070,1,7069,Tribolium castaneum,red flour beetle,eukaryota,false,,,,0.3020818684093273,10,,,88.7925,68.3,10^-23.1508,,,,,,1.601033902569435,53,,,68.9481,51.7925,10^-17.6335,,,,,,0
7066,2,7066,Tenebrio,"",eukaryota,false,,,,0.030208186840932735,1,,,82.222,90.0,10^-26.9242,,,,,,1.6312420894103676,54,,,83.1885,29.8654,10^-7.42832,,,,,[7067],0
7067,1,7066,Tenebrio molitor,yellow mealworm,eukaryota,false,,,,0.030208186840932735,1,,,82.222,90.0,10^-26.9242,,,,,,1.6312420894103676,54,,,83.1885,29.8654,10^-7.42832,,,,,,0
7053,2,7053,Photinus,"",eukaryota,false,,,,0.3020818684093273,10,,,92.2204,54.5,10^-18.039,,,,,,1.9635321446606278,65,,,72.4646,51.6308,10^-15.1586,,,,,"[1609065, 7054]",0
1609065,1,7053,Photinus cookii,"",eukaryota,false,,,,0.06041637368186547,2,,,95.9085,36.5,10^-10.5046,,,,,,,,,,,,,,,,,,0
7054,1,7053,Photinus pyralis,common eastern firefly,eukaryota,false,,,,0.24166549472746188,8,,,91.2984,59.0,10^-19.9226,,,,,,1.9635321446606278,65,,,72.4646,51.6308,10^-15.1586,,,,,,0
7045,2,7045,Sitophilus,"",eukaryota,false,,,,,,,,,,,,,,,,0.7552046710233183,25,,,69.5166,45.72,10^-10.5733,,,,,[7048],0
7048,1,7045,Sitophilus oryzae,rice weevil,eukaryota,false,,,,,,,,,,,,,,,,0.7552046710233183,25,,,69.5166,45.72,10^-10.5733,,,,,,0
7043,2,7043,Anthonomus,"",eukaryota,false,,,,0.06041637368186547,2,,,97.825,46.0,10^-17.6092,,,,,,0.8156210447051838,27,,,82.0741,30.7778,10^-7.59403,,,,,[7044],0
7044,1,7043,Anthonomus grandis,boll weevil,eukaryota,false,,,,0.06041637368186547,2,,,97.825,46.0,10^-17.6092,,,,,,0.8156210447051838,27,,,82.0741,30.7778,10^-7.59403,,,,,,0
7037,2,7037,Bemisia,"",eukaryota,false,,,,0.4229146157730583,14,,,92.4042,43.7143,10^-12.3566,,,,,,5.135391762958565,170,,,45.7942,219.071,10^-42.2012,,,,,[7038],0
7038,1,7037,Bemisia tabaci,"",eukaryota,false,,,,0.4229146157730583,14,,,92.4042,43.7143,10^-12.3566,,,,,,5.135391762958565,170,,,45.7942,219.071,10^-42.2012,,,,,,0
7028,2,7028,Acyrthosiphon,"",eukaryota,false,,,,0.030208186840932735,1,,,85.149,101.0,10^-35.7945,,,,,,3.2624841788207353,108,,,55.3963,79.8426,10^-18.6319,,,,,[7029],0
7029,1,7028,Acyrthosiphon pisum,pea aphid,eukaryota,false,,,,0.030208186840932735,1,,,85.149,101.0,10^-35.7945,,,,,,3.2624841788207353,108,,,55.3963,79.8426,10^-18.6319,,,,,,0
7008,2,7008,Schistocerca,"",eukaryota,false,,,,0.5135391762958564,17,,,88.227,57.0,10^-16.6773,,,,,,1.2687438473191748,42,,,78.2308,53.625,10^-23.1737,,,,,"[2023354, 274614, 274613, 7011, 7010, 7009]",0
2023354,1,7008,Schistocerca serialis,"",eukaryota,false,,,,,,,,,,,,,,,,0.030208186840932735,1,,,100.0,33.0,10^-10.3872,,,,,,0
274614,1,7008,Schistocerca cancellata,South American locust,eukaryota,false,,,,0.15104093420466366,5,,,90.6304,53.4,10^-16.3332,,,,,,,,,,,,,,,,,,0
274613,1,7008,Schistocerca piceifrons,Central American locust,eukaryota,false,,,,0.030208186840932735,1,,,88.0,50.0,10^-13.4557,,,,,,,,,,,,,,,,,,0
7011,1,7008,Schistocerca nitens,vagrant locust,eukaryota,false,,,,0.12083274736373094,4,,,85.185,54.0,10^-13.4223,,,,,,0.12083274736373094,4,,,88.725,31.25,10^-9.44627,,,,,,0
7010,1,7008,Schistocerca gregaria,"",eukaryota,false,,,,0.1812491210455964,6,,,88.2553,57.3333,10^-16.8479,,,,,,1.0874947262735783,36,,,75.7156,57.4706,10^-25.505,,,,,,0
7009,1,7008,Schistocerca americana,American grasshopper,eukaryota,false,,,,0.030208186840932735,1,,,85.393,89.0,10^-30.36,,,,,,0.030208186840932735,1,,,100.0,33.0,10^-11.6055,,,,,,0
7003,2,7003,Locusta,"",eukaryota,false,,,,0.06041637368186547,2,,,87.5,56.0,10^-16.1513,,,,,,,,,,,,,,,,,[7004],0
7004,1,7003,Locusta migratoria,migratory locust,eukaryota,false,,,,0.06041637368186547,2,,,87.5,56.0,10^-16.1513,,,,,,,,,,,,,,,,,,0
6998,2,6998,Gryllus,"",eukaryota,false,,,,,,,,,,,,,,,,0.5135391762958564,17,,,85.7353,28.8824,10^-7.23861,,,,,[6999],0
6999,1,6998,Gryllus bimaculatus,two-spotted cricket,eukaryota,false,,,,,,,,,,,,,,,,0.5135391762958564,17,,,85.7353,28.8824,10^-7.23861,,,,,,0
6996,2,6996,Acheta,"",eukaryota,false,,,,,,,,,,,,,,,,0.030208186840932735,1,,,100.0,33.0,10^-12.8356,,,,,[6997],0
6997,1,6996,Acheta domesticus,house cricket,eukaryota,false,,,,,,,,,,,,,,,,0.030208186840932735,1,,,100.0,33.0,10^-12.8356,,,,,,0
6983,2,6983,Diploptera,"",eukaryota,false,,,,,,,,,,,,,,,,0.3624982420911928,12,,,87.325,31.3333,10^-9.80168,,,,,[6984],0
6984,1,6983,Diploptera punctata,Pacific beetle cockroach,eukaryota,false,,,,,,,,,,,,,,,,0.3624982420911928,12,,,87.325,31.3333,10^-9.80168,,,,,,0
6977,2,6977,Periplaneta,"",eukaryota,false,,,,,,,,,,,,,,,,0.6343719236595874,21,,,66.4762,30.1429,10^-4.65005,,,,,[6978],0
6978,1,6977,Periplaneta americana,American cockroach,eukaryota,false,,,,,,,,,,,,,,,,0.6343719236595874,21,,,66.4762,30.1429,10^-4.65005,,,,,,0
6972,2,6972,Blattella,"",eukaryota,false,,,,,,,,,,,,,,,,0.4229146157730583,14,,,73.75,31.4286,10^-6.13262,,,,,[6973],0
6973,1,6972,Blattella germanica,German cockroach,eukaryota,false,,,,,,,,,,,,,,,,0.4229146157730583,14,,,73.75,31.4286,10^-6.13262,,,,,,0
6968,2,6968,Sympetrum,"",eukaryota,false,,,,46.127901306104285,1527,,,82.6716,97.877,10^-11.989,,,,,,,,,,,,,,,,,[6969],0
6969,1,6968,Sympetrum striolatum,"",eukaryota,false,,,,46.127901306104285,1527,,,82.6716,97.877,10^-11.989,,,,,,,,,,,,,,,,,,0
6957,2,6957,Euroglyphus,"",eukaryota,false,,,,,,,,,,,,,,,,0.15104093420466366,5,,,93.95,32.25,10^-11.54,,,,,[6958],0
6958,1,6957,Euroglyphus maynei,"",eukaryota,false,,,,,,,,,,,,,,,,0.15104093420466366,5,,,93.95,32.25,10^-11.54,,,,,,0
6953,2,6953,Dermatophagoides,"",eukaryota,false,,,,0.12083274736373094,4,,,82.5225,80.0,10^-22.8585,,,,,,0.21145730788652914,7,,,88.2571,26.2857,10^-5.01915,,,,,"[6956, 6954]",0
6956,1,6953,Dermatophagoides pteronyssinus,European house dust mite,eukaryota,false,,,,,,,,,,,,,,,,0.1812491210455964,6,,,89.5,26.3333,10^-5.03791,,,,,,0
6954,1,6953,Dermatophagoides farinae,American house dust mite,eukaryota,false,,,,0.12083274736373094,4,,,82.5225,80.0,10^-22.8585,,,,,,0.030208186840932735,1,,,80.8,26.0,10^-4.90658,,,,,,0
6944,2,6944,Ixodes,"",eukaryota,false,,,,0.12083274736373094,4,,,85.803,63.5,10^-18.5026,,,,,,6.494760170800538,215,,,97.3606,50.1351,10^-27.3634,,,,,"[34615, 6945]",0
34615,1,6944,Ixodes persulcatus,taiga tick,eukaryota,false,,,,,,,,,,,,,,,,0.0906245605227982,3,,,78.7667,30.6667,10^-8.37614,,,,,,0
6945,1,6944,Ixodes scapularis,black-legged tick,eukaryota,false,,,,0.12083274736373094,4,,,85.803,63.5,10^-18.5026,,,,,,6.40413561027774,212,,,97.6671,50.456,10^-27.6763,,,,,,0
6914,2,6914,Nephila,"",eukaryota,false,,,,,,,,,,,,,,,,0.21145730788652914,7,,,73.6143,28.4286,10^-5.51935,,,,,[299642],0
299642,1,6914,Nephila pilipes,giant wood spider,eukaryota,false,,,,,,,,,,,,,,,,0.21145730788652914,7,,,73.6143,28.4286,10^-5.51935,,,,,,0
6875,2,6875,Centruroides,"",eukaryota,false,,,,0.0906245605227982,3,,,90.4893,49.0,10^-14.6099,,,,,,0.24166549472746188,8,,,76.025,30.875,10^-6.24288,,,,,[218467],0
218467,1,6875,Centruroides sculpturatus,bark scorpion,eukaryota,false,,,,0.0906245605227982,3,,,90.4893,49.0,10^-14.6099,,,,,,0.24166549472746188,8,,,76.025,30.875,10^-6.24288,,,,,,0
6857,2,6857,Androctonus,"",eukaryota,false,,,,0.030208186840932735,1,,,97.436,39.0,10^-12.8775,,,,,,,,,,,,,,,,,[6858],0
6858,1,6857,Androctonus australis,Sahara scorpion,eukaryota,false,,,,0.030208186840932735,1,,,97.436,39.0,10^-12.8775,,,,,,,,,,,,,,,,,,0
6849,2,6849,Limulus,"",eukaryota,false,,,,,,,,,,,,,,,,0.030208186840932735,1,,,81.3,32.0,10^-9.10347,,,,,[6850],0
6850,1,6849,Limulus polyphemus,Atlantic horseshoe crab,eukaryota,false,,,,,,,,,,,,,,,,0.030208186840932735,1,,,81.3,32.0,10^-9.10347,,,,,,0
6831,2,6831,Tigriopus,"",eukaryota,false,,,,,,,,,,,,,,,,0.12083274736373094,4,,,88.45,24.5,10^-4.89879,,,,,[6832],0
6832,1,6831,Tigriopus californicus,"",eukaryota,false,,,,,,,,,,,,,,,,0.12083274736373094,4,,,88.45,24.5,10^-4.89879,,,,,,0
6760,2,6760,Scylla,mangrove crabs,eukaryota,false,,,,,,,,,,,,,,,,0.030208186840932735,1,,,75.8,33.0,10^-4.86967,,,,,[85552],0
85552,1,6760,Scylla paramamosain,green mud crab,eukaryota,false,,,,,,,,,,,,,,,,0.030208186840932735,1,,,75.8,33.0,10^-4.86967,,,,,,0
6726,2,6726,Procambarus,"",eukaryota,false,,,,0.12083274736373094,4,,,94.872,39.0,10^-11.5051,,,,,,0.06041637368186547,2,,,84.85,29.0,10^-6.72138,,,,,[6728],0
6728,1,6726,Procambarus clarkii,red swamp crayfish,eukaryota,false,,,,0.12083274736373094,4,,,94.872,39.0,10^-11.5051,,,,,,0.06041637368186547,2,,,84.85,29.0,10^-6.72138,,,,,,0
6722,2,6722,Cherax,"",eukaryota,false,,,,0.030208186840932735,1,,,92.308,39.0,10^-10.1327,,,,,,0.0906245605227982,3,,,95.0667,29.0,10^-9.44662,,,,,[27406],0
27406,1,6722,Cherax quadricarinatus,"",eukaryota,false,,,,0.030208186840932735,1,,,92.308,39.0,10^-10.1327,,,,,,0.0906245605227982,3,,,95.0667,29.0,10^-9.44662,,,,,,0
6705,2,6705,Homarus,"",eukaryota,false,,,,0.030208186840932735,1,,,91.892,37.0,10^-8.78321,,,,,,0.0906245605227982,3,,,86.4667,31.3333,10^-7.12869,,,,,[6706],0
6706,1,6705,Homarus americanus,American lobster,eukaryota,false,,,,0.030208186840932735,1,,,91.892,37.0,10^-8.78321,,,,,,0.0906245605227982,3,,,86.4667,31.3333,10^-7.12869,,,,,,0
6696,2,6696,Macrobrachium,"",eukaryota,false,,,,0.33229005525026006,11,,,91.3488,45.7273,10^-12.949,,,,,,,,,,,,,,,,,[159736],0
159736,1,6696,Macrobrachium nipponense,"",eukaryota,false,,,,0.33229005525026006,11,,,91.3488,45.7273,10^-12.949,,,,,,,,,,,,,,,,,,0
6668,2,6668,Daphnia,common water fleas,eukaryota,false,,,,0.7249964841823856,24,,,90.721,63.9167,10^-23.1992,,,,,,3.5645660472300627,118,,,76.5534,30.6849,10^-7.6283,,,,,"[2282166, 1820382, 575233, 120202, 42846, 35525, 35523, 27404, 6669]",0
2282166,1,6668,Daphnia dolichocephala,"",eukaryota,false,,,,0.06041637368186547,2,,,91.5655,81.5,10^-33.4879,,,,,,,,,,,,,,,,,,0
1820382,1,6668,Daphnia sinensis,"",eukaryota,false,,,,,,,,,,,,,,,,0.0906245605227982,3,,,79.8,32.3333,10^-8.08813,,,,,,0
575233,1,6668,Daphnia hispanica,"",eukaryota,false,,,,0.030208186840932735,1,,,88.119,101.0,10^-39.9116,,,,,,,,,,,,,,,,,,0
120202,1,6668,Daphnia carinata,"",eukaryota,false,,,,,,,,,,,,,,,,0.06041637368186547,2,,,90.9,33.0,10^-8.10627,,,,,,0
42846,1,6668,Daphnia longispina,"",eukaryota,false,,,,0.12083274736373094,4,,,91.401,61.0,10^-21.6084,,,,,,,,,,,,,,,,,,0
35525,1,6668,Daphnia magna,"",eukaryota,false,,,,0.030208186840932735,1,,,91.228,57.0,10^-19.5745,,,,,,3.0510268709342063,101,,,74.6607,30.4107,10^-7.46979,,,,,,0
35523,1,6668,Daphnia pulicaria,"",eukaryota,false,,,,0.1812491210455964,6,,,90.2595,56.0,10^-18.4419,,,,,,0.030208186840932735,1,,,68.8,32.0,10^-4.67985,,,,,,0
27404,1,6668,Daphnia galeata,"",eukaryota,false,,,,,,,,,,,,,,,,0.0906245605227982,3,,,71.6333,29.0,10^-6.39747,,,,,,0
6669,1,6668,Daphnia pulex,common water flea,eukaryota,false,,,,0.3020818684093273,10,,,90.7664,63.3,10^-23.3233,,,,,,0.24166549472746188,8,,,87.8125,31.875,10^-9.27602,,,,,,0
6660,2,6660,Artemia,brine shrimps,eukaryota,false,,,,0.12083274736373094,4,,,85.8205,86.5,10^-29.6863,,,,,,,,,,,,,,,,,[6661],0
6661,1,6660,Artemia franciscana,"",eukaryota,false,,,,0.12083274736373094,4,,,85.8205,86.5,10^-29.6863,,,,,,,,,,,,,,,,,,0
6643,2,6643,Octopus,"",eukaryota,false,,,,0.906245605227982,30,,,91.3163,38.8,10^-9.4039,,,,,,0.2718736815683946,9,,,83.3667,27.6667,10^-6.86209,,,,,"[2607531, 37653, 6645]",0
2607531,1,6643,Octopus sinensis,East Asian common octopus,eukaryota,false,,,,,,,,,,,,,,,,0.12083274736373094,4,,,75.375,30.0,10^-8.43762,,,,,,0
37653,1,6643,Octopus bimaculoides,California two-spot octopus,eukaryota,false,,,,,,,,,,,,,,,,0.12083274736373094,4,,,96.3,24.0,10^-6.00317,,,,,,0
6645,1,6643,Octopus vulgaris,common octopus,eukaryota,false,,,,0.906245605227982,30,,,91.3163,38.8,10^-9.4039,,,,,,0.030208186840932735,1,,,63.6,33.0,10^-3.99568,,,,,,0
6609,2,6609,Sepia,"",eukaryota,false,,,,,,,,,,,,,,,,0.15104093420466366,5,,,94.32,24.4,10^-6.03543,,,,,[158019],0
158019,1,6609,Sepia pharaonis,"",eukaryota,false,,,,,,,,,,,,,,,,0.15104093420466366,5,,,94.32,24.4,10^-6.03543,,,,,,0
6603,2,6603,Mya,"",eukaryota,false,,,,0.33229005525026006,11,,,90.5245,43.1818,10^-11.4628,,,,,,0.030208186840932735,1,,,100.0,25.0,10^-4.44249,,,,,[6604],0
6604,1,6603,Mya arenaria,"",eukaryota,false,,,,0.33229005525026006,11,,,90.5245,43.1818,10^-11.4628,,,,,,0.030208186840932735,1,,,100.0,25.0,10^-4.44249,,,,,,0
6595,2,6595,Mercenaria,"",eukaryota,false,,,,,,,,,,,,,,,,0.0906245605227982,3,,,82.6,26.3333,10^-5.77074,,,,,[6596],0
6596,1,6595,Mercenaria mercenaria,"",eukaryota,false,,,,,,,,,,,,,,,,0.0906245605227982,3,,,82.6,26.3333,10^-5.77074,,,,,,0
6582,2,6582,Spisula,"",eukaryota,false,,,,0.48333098945492375,16,,,84.9219,62.4,10^-16.1318,,,,,,,,,,,,,,,,,[31201],0
31201,1,6582,Spisula solida,"",eukaryota,false,,,,0.48333098945492375,16,,,84.9219,62.4,10^-16.1318,,,,,,,,,,,,,,,,,,0
6578,2,6578,Pecten,"",eukaryota,false,,,,0.12083274736373094,4,,,87.2213,42.0,10^-8.73154,,,,,,0.030208186840932735,1,,,59.4,32.0,10^-3.74715,,,,,[6579],0
6579,1,6578,Pecten maximus,"",eukaryota,false,,,,0.12083274736373094,4,,,87.2213,42.0,10^-8.73154,,,,,,0.030208186840932735,1,,,59.4,32.0,10^-3.74715,,,,,,0
6564,2,6564,Crassostrea,"",eukaryota,false,,,,0.24166549472746188,8,,,90.3258,53.5,10^-16.1875,,,,,,0.453122802613991,15,,,71.2445,62.2667,10^-18.0958,,,,,"[558553, 29159, 6565]",0
558553,1,6564,Crassostrea angulata,"",eukaryota,false,,,,0.030208186840932735,1,,,97.368,38.0,10^-12.2026,,,,,,0.030208186840932735,1,,,51.5,33.0,10^-4.95078,,,,,,0
29159,1,6564,Crassostrea gigas,Pacific oyster,eukaryota,false,,,,0.06041637368186547,2,,,93.684,39.0,10^-10.819,,,,,,0.06041637368186547,2,,,56.8,32.5,10^-4.26942,,,,,,0
6565,1,6564,Crassostrea virginica,eastern oyster,eukaryota,false,,,,0.15104093420466366,5,,,87.574,62.4,10^-19.1318,,,,,,0.3624982420911928,12,,,75.2973,69.6667,10^-21.4956,,,,,,0
6548,2,6548,Mytilus,"",eukaryota,false,,,,,,,,,,,,,,,,0.6343719236595874,21,,,74.4476,30.9524,10^-5.68612,,,,,"[42192, 29158, 6550, 6549]",0
42192,1,6548,Mytilus coruscus,"",eukaryota,false,,,,,,,,,,,,,,,,0.3020818684093273,10,,,86.08,31.9,10^-6.97697,,,,,,0
29158,1,6548,Mytilus galloprovincialis,Mediterranean mussel,eukaryota,false,,,,,,,,,,,,,,,,0.15104093420466366,5,,,63.04,30.6,10^-4.44221,,,,,,0
6550,1,6548,Mytilus edulis,"",eukaryota,false,,,,,,,,,,,,,,,,0.12083274736373094,4,,,59.9,33.0,10^-4.88537,,,,,,0
6549,1,6548,Mytilus californianus,California mussel,eukaryota,false,,,,,,,,,,,,,,,,0.06041637368186547,2,,,73.9,23.0,10^-3.9431,,,,,,0
6525,2,6525,Biomphalaria,"",eukaryota,false,,,,0.15104093420466366,5,,,90.3966,37.4,10^-8.22969,,,,,,0.15104093420466366,5,,,58.7096,56.0,10^-13.6701,,,,,"[112525, 6526]",0
112525,1,6525,Biomphalaria pfeifferi,"",eukaryota,false,,,,,,,,,,,,,,,,0.12083274736373094,4,,,48.387,62.0,10^-14.2069,,,,,,0
6526,1,6525,Biomphalaria glabrata,"",eukaryota,false,,,,0.15104093420466366,5,,,90.3966,37.4,10^-8.22969,,,,,,0.030208186840932735,1,,,100.0,32.0,10^-11.5229,,,,,,0
6499,2,6499,Aplysia,"",eukaryota,false,,,,0.15104093420466366,5,,,89.1324,58.0,10^-18.3442,,,,,,0.030208186840932735,1,,,100.0,27.0,10^-6.29671,,,,,[6500],0
6500,1,6499,Aplysia californica,California sea hare,eukaryota,false,,,,0.15104093420466366,5,,,89.1324,58.0,10^-18.3442,,,,,,0.030208186840932735,1,,,100.0,27.0,10^-6.29671,,,,,,0
6463,2,6463,Patella,"",eukaryota,false,,,,0.0906245605227982,3,,,83.8617,41.3333,10^-6.22371,,,,,,0.030208186840932735,1,,,68.8,32.0,10^-7.67162,,,,,"[88005, 87960, 6465]",0
88005,1,6463,Patella pellucida,"",eukaryota,false,,,,0.06041637368186547,2,,,82.737,44.0,10^-6.65348,,,,,,,,,,,,,,,,,,0
87960,1,6463,Patella depressa,"",eukaryota,false,,,,0.030208186840932735,1,,,86.111,36.0,10^-5.36418,,,,,,,,,,,,,,,,,,0
6465,1,6463,Patella vulgata,common limpet,eukaryota,false,,,,,,,,,,,,,,,,0.030208186840932735,1,,,68.8,32.0,10^-7.67162,,,,,,0
6452,2,6452,Haliotis,"",eukaryota,false,,,,0.2718736815683946,9,,,87.8882,66.5556,10^-19.6866,,,,,,0.030208186840932735,1,,,61.3,31.0,10^-5.35853,,,,,"[36100, 6454]",0
36100,1,6452,Haliotis rubra,blacklip abalone,eukaryota,false,,,,0.12083274736373094,4,,,89.789,57.0,10^-17.186,,,,,,0.030208186840932735,1,,,61.3,31.0,10^-5.35853,,,,,,0
6454,1,6452,Haliotis rufescens,red abalone,eukaryota,false,,,,0.15104093420466366,5,,,86.3676,74.2,10^-21.6871,,,,,,,,,,,,,,,,,,0
6423,2,6423,Lamellibrachia,"",eukaryota,false,,,,,,,,,,,,,,,,0.15104093420466366,5,,,66.26,31.0,10^-5.26401,,,,,[104711],0
104711,1,6423,Lamellibrachia satsuma,"",eukaryota,false,,,,,,,,,,,,,,,,0.15104093420466366,5,,,66.26,31.0,10^-5.26401,,,,,,0
6411,2,6411,Helobdella,"",eukaryota,false,,,,0.24166549472746188,8,,,94.4319,45.625,10^-14.9581,,,,,,3.1416514314570043,104,,,73.171,41.0,10^-12.1549,,,,,[6412],0
6412,1,6411,Helobdella robusta,"",eukaryota,false,,,,0.24166549472746188,8,,,94.4319,45.625,10^-14.9581,,,,,,3.1416514314570043,104,,,73.171,41.0,10^-12.1549,,,,,,0
6397,2,6397,Lumbricus,"",eukaryota,false,,,,2.5374876946383496,84,,,90.8605,45.7317,10^-11.1542,,,,,,,,,,,,,,,,,"[35632, 6398]",0
35632,1,6397,Lumbricus rubellus,humus earthworm,eukaryota,false,,,,1.480201155205704,49,,,91.1911,48.4375,10^-11.6239,,,,,,,,,,,,,,,,,,0
6398,1,6397,Lumbricus terrestris,common earthworm,eukaryota,false,,,,1.0572865394326456,35,,,90.3938,41.9118,10^-10.4912,,,,,,,,,,,,,,,,,,0
6358,2,6358,Platynereis,"",eukaryota,false,,,,,,,,,,,,,,,,0.030208186840932735,1,,,64.5,31.0,10^-4.42946,,,,,[6359],0
6359,1,6358,Platynereis dumerilii,Dumeril's clam worm,eukaryota,false,,,,,,,,,,,,,,,,0.030208186840932735,1,,,64.5,31.0,10^-4.42946,,,,,,0
6346,2,6346,Owenia,"",eukaryota,false,,,,,,,,,,,,,,,,0.030208186840932735,1,,,65.6,32.0,10^-7.46852,,,,,[6347],0
6347,1,6346,Owenia fusiformis,"",eukaryota,false,,,,,,,,,,,,,,,,0.030208186840932735,1,,,65.6,32.0,10^-7.46852,,,,,,0
6333,2,6333,Trichinella,"",eukaryota,false,,,,,,,,,,,,,,,,0.39270642893212554,13,,,83.9231,29.8462,10^-8.20807,,,,,"[990121, 45882, 6337, 6335, 6334]",4
990121,1,6333,Trichinella patagoniensis,"",eukaryota,false,,,,,,,,,,,,,,,,0.030208186840932735,1,,,72.4,29.0,10^-5.05404,,,,,,0
45882,1,6333,Trichinella britovi,"",eukaryota,false,,,,,,,,,,,,,,,,0.0906245605227982,3,,,98.8,27.0,10^-8.9487,,,,,,1
6337,1,6333,Trichinella pseudospiralis,"",eukaryota,false,,,,,,,,,,,,,,,,0.06041637368186547,2,,,80.3,29.5,10^-6.8675,,,,,,1
6335,1,6333,Trichinella nativa,"",eukaryota,false,,,,,,,,,,,,,,,,0.030208186840932735,1,,,61.3,31.0,10^-6.14327,,,,,,1
6334,1,6333,Trichinella spiralis,"",eukaryota,false,,,,,,,,,,,,,,,,0.1812491210455964,6,,,83.3833,31.3333,10^-9.15442,,,,,,1
6312,2,6312,Angiostrongylus,"",eukaryota,false,,,,,,,,,,,,,,,,12.113482923214026,401,,,100.0,29.0,10^-10.3904,,,,,[6313],1
6313,1,6312,Angiostrongylus cantonensis,rat lungworm,eukaryota,false,,,,,,,,,,,,,,,,12.113482923214026,401,,,100.0,29.0,10^-10.3904,,,,,,1
6298,2,6298,Litomosoides,"",eukaryota,false,,,,,,,,,,,,,,,,0.1812491210455964,6,,,77.65,32.0,10^-5.735,,,,,[42156],0
42156,1,6298,Litomosoides sigmodontis,"",eukaryota,false,,,,,,,,,,,,,,,,0.1812491210455964,6,,,77.65,32.0,10^-5.735,,,,,,0
6292,2,6292,Wuchereria,"",eukaryota,false,,,,,,,,,,,,,,,,542.6598684105156,17964,,,46.9361,96.8891,10^-18.5859,,,,,[6293],1
6293,1,6292,Wuchereria bancrofti,"",eukaryota,false,,,,,,,,,,,,,,,,542.6598684105156,17964,,,46.9361,96.8891,10^-18.5859,,,,,,1
6286,2,6286,Dirofilaria,"",eukaryota,false,,,,10.482240833803658,347,,,98.7975,370.2,10^-199.876,,,,,,3.987480663003121,132,,,98.1994,37.373,10^-16.4896,,,,,[6287],1
6287,1,6286,Dirofilaria immitis,dog heartworm nematode,eukaryota,false,,,,10.482240833803658,347,,,98.7975,370.2,10^-199.876,,,,,,3.987480663003121,132,,,98.1994,37.373,10^-16.4896,,,,,,1
6281,2,6281,Onchocerca,"",eukaryota,false,,,,0.39270642893212554,13,,,95.7885,236.154,10^-105.093,,,,,,32.775882722412014,1085,,,96.4946,36.5024,10^-14.6661,,,,,"[387005, 42157, 6282]",1
387005,1,6281,Onchocerca flexuosa,"",eukaryota,false,,,,,,,,,,,,,,,,0.8458292315461166,28,,,94.2939,53.4643,10^-18.312,,,,,,0
42157,1,6281,Onchocerca ochengi,"",eukaryota,false,,,,,,,,,,,,,,,,31.930053490865898,1057,,,96.6502,35.303,10^-14.4084,,,,,,0
6282,1,6281,Onchocerca volvulus,"",eukaryota,false,,,,0.39270642893212554,13,,,95.7885,236.154,10^-105.093,,,,,,,,,,,,,,,,,,1
6278,2,6278,Brugia,"",eukaryota,false,,,,1.1479110999554438,38,,,93.4137,88.1579,10^-39.5124,,,,,,4821.800575362842,159619,,,68.2109,161.401,10^-55.2313,,,,,"[42155, 6280, 6279]",3
42155,1,6278,Brugia timori,"",eukaryota,false,,,,,,,,,,,,,,,,4812.858952057926,159323,,,67.9995,162.31,10^-55.4501,,,,,,1
6280,1,6278,Brugia pahangi,"",eukaryota,false,,,,,,,,,,,,,,,,5.377057257686027,178,,,96.6553,60.0241,10^-34.2758,,,,,,1
6279,1,6278,Brugia malayi,"",eukaryota,false,,,,1.1479110999554438,38,,,93.4137,88.1579,10^-39.5124,,,,,,3.5645660472300627,118,,,83.4322,64.5182,10^-26.6634,,,,,,1
6276,2,6276,Acanthocheilonema,"",eukaryota,false,,,,,,,,,,,,,,,,0.3624982420911928,12,,,95.2083,31.75,10^-10.6545,,,,,[6277],0
6277,1,6276,Acanthocheilonema viteae,"",eukaryota,false,,,,,,,,,,,,,,,,0.3624982420911928,12,,,95.2083,31.75,10^-10.6545,,,,,,0
6268,2,6268,Anisakis,"",eukaryota,false,,,,0.06041637368186547,2,,,98.214,56.0,10^-24.3855,,,,,,0.7854128578642511,26,,,95.5292,28.0,10^-9.98658,,,,,[6269],1
6269,1,6268,Anisakis simplex,herring worm,eukaryota,false,,,,0.06041637368186547,2,,,98.214,56.0,10^-24.3855,,,,,,0.7854128578642511,26,,,95.5292,28.0,10^-9.98658,,,,,,1
6264,2,6264,Toxocara,"",eukaryota,false,,,,,,,,,,,,,,,,0.030208186840932735,1,,,97.0,33.0,10^-8.42481,,,,,[6265],1
6265,1,6264,Toxocara canis,dog roundworm,eukaryota,false,,,,,,,,,,,,,,,,0.030208186840932735,1,,,97.0,33.0,10^-8.42481,,,,,,1
6247,2,6247,Strongyloides,"",eukaryota,false,,,,0.030208186840932735,1,,,83.333,48.0,10^-9.35636,,,,,,,,,,,,,,,,,[34506],0
34506,1,6247,Strongyloides ratti,"",eukaryota,false,,,,0.030208186840932735,1,,,83.333,48.0,10^-9.35636,,,,,,,,,,,,,,,,,,0
6237,2,6237,Caenorhabditis,"",eukaryota,false,,,,0.2718736815683946,9,,,90.8809,45.1429,10^-12.7291,,,,,,0.2718736815683946,9,,,86.6222,28.8889,10^-6.83951,,,,,"[2777116, 2654633, 1978547, 1611254, 135651, 31234, 6239, 6238]",0
2777116,1,6237,Caenorhabditis auriculariae,"",eukaryota,false,,,,,,,,,,,,,,,,0.030208186840932735,1,,,78.8,33.0,10^-7.39903,,,,,,0
2654633,1,6237,Caenorhabditis bovis,"",eukaryota,false,,,,,,,,,,,,,,,,0.06041637368186547,2,,,100.0,20.0,10^-3.5986,,,,,,0
1978547,1,6237,Caenorhabditis inopinata,"",eukaryota,false,,,,0.030208186840932735,1,,,88.889,36.0,10^-6.73655,,,,,,,,,,,,,,,,,,0
1611254,1,6237,Caenorhabditis nigoni,"",eukaryota,false,,,,0.12083274736373094,4,,,89.0015,36.5,10^-7.0737,,,,,,0.06041637368186547,2,,,96.95,31.0,10^-10.491,,,,,,0
135651,1,6237,Caenorhabditis brenneri,"",eukaryota,false,,,,,,,,,,,,,,,,0.030208186840932735,1,,,93.8,32.0,10^-10.9508,,,,,,0
31234,1,6237,Caenorhabditis remanei,"",eukaryota,false,,,,,,,,,,,,,,,,0.06041637368186547,2,,,71.7,30.0,10^-4.61129,,,,,,0
6239,1,6237,Caenorhabditis elegans,"",eukaryota,false,,,,,,,,,,,,,,,,0.030208186840932735,1,,,69.7,33.0,10^-5.8041,,,,,,0
6238,1,6237,Caenorhabditis briggsae,"",eukaryota,false,,,,0.12083274736373094,4,,,92.3185,51.75,10^-17.0549,,,,,,,,,,,,,,,,,,0
6223,2,6223,Lineus,"",eukaryota,false,,,,0.3020818684093273,10,,,91.6451,53.3,10^-17.3518,,,,,,,,,,,,,,,,,[88925],0
88925,1,6223,Lineus longissimus,"",eukaryota,false,,,,0.3020818684093273,10,,,91.6451,53.3,10^-17.3518,,,,,,,,,,,,,,,,,,0
6215,2,6215,Hymenolepis,"",eukaryota,false,,,,0.030208186840932735,1,,,92.308,39.0,10^-10.1327,,,,,,0.030208186840932735,1,,,87.9,33.0,10^-11.0904,,,,,"[85433, 6216]",1
85433,1,6215,Hymenolepis microstoma,"",eukaryota,false,,,,0.030208186840932735,1,,,92.308,39.0,10^-10.1327,,,,,,,,,,,,,,,,,,0
6216,1,6215,Hymenolepis diminuta,"",eukaryota,false,,,,,,,,,,,,,,,,0.030208186840932735,1,,,87.9,33.0,10^-11.0904,,,,,,1
6209,2,6209,Echinococcus,"",eukaryota,false,,,,,,,,,,,,,,,,0.0906245605227982,3,,,100.0,29.6667,10^-10.6028,,,,,[6210],1
6210,1,6209,Echinococcus granulosus,"",eukaryota,false,,,,,,,,,,,,,,,,0.0906245605227982,3,,,100.0,29.6667,10^-10.6028,,,,,,1
6202,2,6202,Taenia,"",eukaryota,false,,,,,,,,,,,,,,,,0.06041637368186547,2,,,98.35,28.5,10^-10.5186,,,,,[60517],0
60517,1,6202,Taenia asiatica,"",eukaryota,false,,,,,,,,,,,,,,,,0.06041637368186547,2,,,98.35,28.5,10^-10.5186,,,,,,0
6197,2,6197,Opisthorchis,"",eukaryota,false,,,,0.24166549472746188,8,,,92.219,56.25,10^-19.4452,,,,,,,,,,,,,,,,,[6198],1
6198,1,6197,Opisthorchis viverrini,"",eukaryota,false,,,,0.24166549472746188,8,,,92.219,56.25,10^-19.4452,,,,,,,,,,,,,,,,,,1
6191,2,6191,Fasciola,"",eukaryota,false,,,,,,,,,,,,,,,,0.030208186840932735,1,,,59.4,32.0,10^-3.04144,,,,,[46835],1
46835,1,6191,Fasciola gigantica,"",eukaryota,false,,,,,,,,,,,,,,,,0.030208186840932735,1,,,59.4,32.0,10^-3.04144,,,,,,1
6181,2,6181,Schistosoma,"",eukaryota,false,,,,0.24166549472746188,8,,,90.5511,49.375,10^-14.258,,,,,,0.453122802613991,15,,,87.2611,55.4667,10^-28.9784,,,,,"[393876, 6189, 6186, 6185, 6184, 6183, 6182]",4
393876,1,6181,Schistosoma guineensis,"",eukaryota,false,,,,,,,,,,,,,,,,0.030208186840932735,1,,,69.2,26.0,10^-3.45223,,,,,,1
6189,1,6181,Schistosoma spindale,"",eukaryota,false,,,,,,,,,,,,,,,,0.06041637368186547,2,,,69.65,26.0,10^-5.0248,,,,,,0
6186,1,6181,Schistosoma curassoni,"",eukaryota,false,,,,0.030208186840932735,1,,,89.189,37.0,10^-7.41084,,,,,,,,,,,,,,,,,,0
6185,1,6181,Schistosoma haematobium,"",eukaryota,false,,,,0.0906245605227982,3,,,92.5137,39.3333,10^-10.3582,,,,,,0.030208186840932735,1,,,78.8,33.0,10^-10.2565,,,,,,1
6184,1,6181,Schistosoma bovis,"",eukaryota,false,,,,0.030208186840932735,1,,,94.595,37.0,10^-10.1556,,,,,,0.0906245605227982,3,,,90.3333,24.3333,10^-5.03933,,,,,,0
6183,1,6181,Schistosoma mansoni,"",eukaryota,false,,,,0.06041637368186547,2,,,86.42,81.0,10^-27.6561,,,,,,,,,,,,,,,,,,1
6182,1,6181,Schistosoma japonicum,"",eukaryota,false,,,,0.030208186840932735,1,,,90.244,41.0,10^-10.111,,,,,,0.24166549472746188,8,,,93.827,81.0,10^-49.475,,,,,,1
6127,2,6127,Acropora,staghorn corals,eukaryota,false,,,,0.030208186840932735,1,,,86.792,53.0,10^-14.1166,,,,,,0.4229146157730583,14,,,86.2714,32.5714,10^-9.96515,,,,,"[70779, 45264]",0
70779,1,6127,Acropora digitifera,"",eukaryota,false,,,,0.030208186840932735,1,,,86.792,53.0,10^-14.1166,,,,,,0.33229005525026006,11,,,94.0545,32.8182,10^-11.6301,,,,,,0
45264,1,6127,Acropora millepora,"",eukaryota,false,,,,,,,,,,,,,,,,0.0906245605227982,3,,,57.7333,31.6667,10^-3.86032,,,,,,0
6115,2,6115,Metridium,"",eukaryota,false,,,,0.12083274736373094,4,,,94.1622,38.25,10^-10.657,,,,,,,,,,,,,,,,,[6116],0
6116,1,6115,Metridium senile,brown sea anemone,eukaryota,false,,,,0.12083274736373094,4,,,94.1622,38.25,10^-10.657,,,,,,,,,,,,,,,,,,0
6104,2,6104,Actinia,"",eukaryota,false,,,,0.06041637368186547,2,,,92.683,41.0,10^-11.4834,,,,,,,,,,,,,,,,,[6105],0
6105,1,6104,Actinia tenebrosa,Australian red waratah sea anemone,eukaryota,false,,,,0.06041637368186547,2,,,92.683,41.0,10^-11.4834,,,,,,,,,,,,,,,,,,0
6083,2,6083,Hydra,"",eukaryota,false,,,,,,,,,,,,,,,,0.24166549472746188,8,,,78.6875,29.0,10^-5.6077,,,,,[6087],0
6087,1,6083,Hydra vulgaris,swiftwater hydra,eukaryota,false,,,,,,,,,,,,,,,,0.24166549472746188,8,,,78.6875,29.0,10^-5.6077,,,,,,0
6054,2,6054,Spongilla,"",eukaryota,false,,,,0.06041637368186547,2,,,87.5,47.5,10^-11.0818,,,,,,,,,,,,,,,,,[6055],0
6055,1,6054,Spongilla lacustris,"",eukaryota,false,,,,0.06041637368186547,2,,,87.5,47.5,10^-11.0818,,,,,,,,,,,,,,,,,,0
6046,2,6046,Geodia,"",eukaryota,false,,,,,,,,,,,,,,,,0.030208186840932735,1,,,90.6,32.0,10^-10.7959,,,,,[519541],0
519541,1,6046,Geodia barretti,"",eukaryota,false,,,,,,,,,,,,,,,,0.030208186840932735,1,,,90.6,32.0,10^-10.7959,,,,,,0
6033,2,6033,Encephalitozoon,"",eukaryota,false,,,,,,,,,,,,,,,,0.06041637368186547,2,,,100.0,32.5,10^-13.6456,,,,,[27973],1
27973,1,6033,Encephalitozoon hellem,"",eukaryota,false,,,,,,,,,,,,,,,,0.06041637368186547,2,,,100.0,32.5,10^-13.6456,,,,,,1
5979,2,5979,Colpoda,"",eukaryota,false,,,,0.0906245605227982,3,,,93.1523,87.6667,10^-39.0583,,,,,,,,,,,,,,,,,[5980],0
5980,1,5979,Colpoda inflata,"",eukaryota,false,,,,0.0906245605227982,3,,,93.1523,87.6667,10^-39.0583,,,,,,,,,,,,,,,,,,0
5973,2,5973,Halteria,"",eukaryota,false,,,,,,,,,,,,,,,,0.030208186840932735,1,,,63.6,33.0,10^-5.0,,,,,[5974],0
5974,1,5973,Halteria grandinella,"",eukaryota,false,,,,,,,,,,,,,,,,0.030208186840932735,1,,,63.6,33.0,10^-5.0,,,,,,0
5959,2,5959,Blepharisma,"",eukaryota,false,,,,,,,,,,,,,,,,0.030208186840932735,1,,,70.0,30.0,10^-5.03527,,,,,[1481888],0
1481888,1,5959,Blepharisma stoltei,"",eukaryota,false,,,,,,,,,,,,,,,,0.030208186840932735,1,,,70.0,30.0,10^-5.03527,,,,,,0
5948,2,5948,Stylonychia,"",eukaryota,false,,,,,,,,,,,,,,,,54.46536087420172,1803,,,65.2786,98.3492,10^-37.434,,,,,[5949],0
5949,1,5948,Stylonychia lemnae,"",eukaryota,false,,,,,,,,,,,,,,,,54.46536087420172,1803,,,65.2786,98.3492,10^-37.434,,,,,,0
5935,2,5935,Euplotes,"",eukaryota,false,,,,,,,,,,,,,,,,0.030208186840932735,1,,,100.0,33.0,10^-12.1618,,,,,[5939],0
5939,1,5935,Euplotes vannus,"",eukaryota,false,,,,,,,,,,,,,,,,0.030208186840932735,1,,,100.0,33.0,10^-12.1618,,,,,,0
5820,2,5820,Plasmodium,"",eukaryota,false,,,,0.6645801105005201,22,,,92.5865,44.5238,10^-13.282,,,,,,0.15104093420466366,5,,,80.7576,30.8,10^-7.99622,,,,,"[880536, 36330, 5861, 5860, 5854, 5849, 5827, 5821]",1
880536,1,5820,Plasmodium sp. gorilla clade G3,"",eukaryota,false,,,,0.1812491210455964,6,,,95.6667,50.0,10^-18.7165,,,,,,,,,,,,,,,,,,0
36330,1,5820,Plasmodium ovale,malaria parasite P. ovale,eukaryota,false,,,,0.030208186840932735,1,,,78.462,65.0,10^-12.6556,,,,,,,,,,,,,,,,,,1
5861,1,5820,Plasmodium yoelii,"",eukaryota,false,,,,0.06041637368186547,2,,,91.026,39.0,10^-9.44653,,,,,,0.15104093420466366,5,,,80.7576,30.8,10^-7.99622,,,,,,0
5860,1,5820,Plasmodium vinckei,"",eukaryota,false,,,,0.0906245605227982,3,,,93.7355,41.5,10^-12.5082,,,,,,,,,,,,,,,,,,0
5854,1,5820,Plasmodium reichenowi,"",eukaryota,false,,,,0.06041637368186547,2,,,94.872,39.0,10^-11.5051,,,,,,,,,,,,,,,,,,0
5849,1,5820,Plasmodium gallinaceum,"",eukaryota,false,,,,0.06041637368186547,2,,,83.333,45.0,10^-8.01298,,,,,,,,,,,,,,,,,,0
5827,1,5820,Plasmodium cynomolgi,"",eukaryota,false,,,,0.15104093420466366,5,,,95.5654,39.8,10^-12.3213,,,,,,,,,,,,,,,,,,0
5821,1,5820,Plasmodium berghei,"",eukaryota,false,,,,0.030208186840932735,1,,,88.095,42.0,10^-9.41435,,,,,,,,,,,,,,,,,,0
5812,2,5812,Sarcocystis,"",eukaryota,false,,,,,,,,,,,,,,,,0.06041637368186547,2,,,100.0,25.0,10^-5.8041,,,,,[42890],0
42890,1,5812,Sarcocystis neurona,"",eukaryota,false,,,,,,,,,,,,,,,,0.06041637368186547,2,,,100.0,25.0,10^-5.8041,,,,,,0
5810,2,5810,Toxoplasma,"",eukaryota,false,,,,0.06041637368186547,2,,,92.3785,72.0,10^-29.8043,,,,,,,,,,,,,,,,,[5811],1
5811,1,5810,Toxoplasma gondii,"",eukaryota,false,,,,0.06041637368186547,2,,,92.3785,72.0,10^-29.8043,,,,,,,,,,,,,,,,,,1
5806,2,5806,Cryptosporidium,"",eukaryota,false,,,,0.06041637368186547,2,,,94.4695,53.0,10^-19.6196,,,,,,,,,,,,,,,,,"[237895, 27987]",1
237895,1,5806,Cryptosporidium hominis,"",eukaryota,false,,,,0.030208186840932735,1,,,95.0,40.0,10^-12.1803,,,,,,,,,,,,,,,,,,1
27987,1,5806,Cryptosporidium baileyi,"",eukaryota,false,,,,0.030208186840932735,1,,,93.939,66.0,10^-27.0589,,,,,,,,,,,,,,,,,,0
5800,2,5800,Eimeria,"",eukaryota,false,,,,0.39270642893212554,13,,,91.2013,38.3077,10^-9.13859,,,,,,,,,,,,,,,,,"[51315, 44415, 5801]",0
51315,1,5800,Eimeria necatrix,"",eukaryota,false,,,,0.030208186840932735,1,,,94.444,36.0,10^-9.48129,,,,,,,,,,,,,,,,,,0
44415,1,5800,Eimeria mitis,"",eukaryota,false,,,,0.1812491210455964,6,,,92.7412,37.5,10^-9.57888,,,,,,,,,,,,,,,,,,0
5801,1,5800,Eimeria acervulina,"",eukaryota,false,,,,0.1812491210455964,6,,,89.121,39.5,10^-8.64119,,,,,,,,,,,,,,,,,,0
5782,2,5782,Dictyostelium,"",eukaryota,false,,,,0.030208186840932735,1,,,81.081,37.0,10^-3.29373,,,,,,,,,,,,,,,,,[44689],0
44689,1,5782,Dictyostelium discoideum,"",eukaryota,false,,,,0.030208186840932735,1,,,81.081,37.0,10^-3.29373,,,,,,,,,,,,,,,,,,0
5706,2,5706,Phytomonas,"",eukaryota,false,,,,,,,,,,,,,,,,0.21145730788652914,7,,,97.3857,32.7143,10^-13.3117,,,,,"[479712, 223615]",0
479712,1,5706,Phytomonas sp. EM1,"",eukaryota,false,,,,,,,,,,,,,,,,0.12083274736373094,4,,,96.975,33.0,10^-12.9777,,,,,,0
223615,1,5706,Phytomonas sp. Hart1,"",eukaryota,false,,,,,,,,,,,,,,,,0.0906245605227982,3,,,97.9333,32.3333,10^-13.757,,,,,,0
5690,2,5690,Trypanosoma,"",eukaryota,false,,,,0.33229005525026006,11,,,99.9091,100.182,10^-55.6975,,,,,,0.7249964841823856,24,,,85.4887,69.2917,10^-31.4393,,,,,"[1306404, 67003, 5696, 5693]",1
1306404,1,5690,Trypanosoma cf. cervi PJH-2013,"",eukaryota,false,,,,0.030208186840932735,1,,,100.0,101.0,10^-56.3801,,,,,,,,,,,,,,,,,,0
67003,1,5690,Trypanosoma theileri,"",eukaryota,false,,,,0.15104093420466366,5,,,100.0,99.6,10^-55.4256,,,,,,0.6645801105005201,22,,,87.615,72.9545,10^-33.9294,,,,,,0
5696,1,5690,Trypanosoma sp.,"",eukaryota,false,,,,0.15104093420466366,5,,,99.8,100.6,10^-55.8328,,,,,,,,,,,,,,,,,,0
5693,1,5690,Trypanosoma cruzi,"",eukaryota,false,,,,,,,,,,,,,,,,0.06041637368186547,2,,,62.1,29.0,10^-4.04769,,,,,,1
5683,2,5683,Leptomonas,"",eukaryota,false,,,,1.8426993972968968,61,,,97.4786,218.984,10^-142.689,,,,,,0.7552046710233183,25,,,93.308,31.04,10^-9.57443,,,,,"[332677, 157538, 5685, 5684]",0
332677,1,5683,Leptomonas podlipaevi,"",eukaryota,false,,,,,,,,,,,,,,,,0.030208186840932735,1,,,100.0,27.0,10^-6.27654,,,,,,0
157538,1,5683,Leptomonas pyrrhocoris,"",eukaryota,false,,,,0.9968701657507802,33,,,95.9323,184.848,10^-82.1287,,,,,,0.39270642893212554,13,,,92.3308,31.2308,10^-10.0367,,,,,,0
5685,1,5683,Leptomonas sp.,"",eukaryota,false,,,,0.06041637368186547,2,,,100.0,79.0,10^-41.3907,,,,,,,,,,,,,,,,,,0
5684,1,5683,Leptomonas seymouri,"",eukaryota,false,,,,0.7854128578642511,26,,,99.2472,273.077,10^-227.347,,,,,,0.33229005525026006,11,,,93.8545,31.1818,10^-9.32795,,,,,,0
5658,2,5658,Leishmania,"",eukaryota,false,,,,1.0270783525917129,34,,,97.9216,133.406,10^-59.4186,,,,,,4.742685334026439,157,,,71.385,53.1119,10^-20.3439,,,,,"[2249476, 5689, 5671, 5666, 5664, 5661]",4
2249476,1,5658,Leishmania orientalis,"",eukaryota,false,,,,,,,,,,,,,,,,0.030208186840932735,1,,,100.0,27.0,10^-7.90658,,,,,,0
5689,1,5658,Leishmania tarentolae,"",eukaryota,false,,,,,,,,,,,,,,,,0.030208186840932735,1,,,100.0,33.0,10^-9.098,,,,,,0
5671,1,5658,Leishmania infantum,"",eukaryota,false,,,,0.030208186840932735,1,,,100.0,37.0,10^-12.9003,,,,,,4.652060773503641,154,,,70.7933,53.5857,10^-20.5697,,,,,,1
5666,1,5658,Leishmania tropica,"",eukaryota,false,,,,0.06041637368186547,2,,,100.0,96.0,10^-52.9712,,,,,,,,,,,,,,,,,,1
5664,1,5658,Leishmania major,"",eukaryota,false,,,,0.3020818684093273,10,,,99.89,90.2222,10^-48.8907,,,,,,,,,,,,,,,,,,1
5661,1,5658,Leishmania donovani,"",eukaryota,false,,,,0.6343719236595874,21,,,96.724,161.4,10^-67.1268,,,,,,0.030208186840932735,1,,,97.0,33.0,10^-12.4179,,,,,,1
5655,2,5655,Crithidia,"",eukaryota,false,,,,3.594774234070995,119,,,99.2879,609.221,10^-245.458,,,,,,,,,,,,,,,,,"[3034688, 1539007, 796356, 288676]",0
3034688,1,5655,Crithidia sp. LVH-60A,"",eukaryota,false,,,,0.48333098945492375,16,,,96.1135,94.6875,10^-47.1065,,,,,,,,,,,,,,,,,,0
1539007,1,5655,Crithidia brevicula,"",eukaryota,false,,,,0.06041637368186547,2,,,96.2745,93.5,10^-46.4657,,,,,,,,,,,,,,,,,,0
796356,1,5655,Crithidia mellificae,"",eukaryota,false,,,,2.990610497252341,99,,,99.8835,721.161,10^-288.878,,,,,,,,,,,,,,,,,,0
288676,1,5655,Crithidia bombi,"",eukaryota,false,,,,0.06041637368186547,2,,,100.0,36.0,10^-12.226,,,,,,,,,,,,,,,,,,0
5644,2,5644,Stereum,"",eukaryota,false,,,,,,,,,,,,,,,,0.0906245605227982,3,,,89.8,32.6667,10^-10.1499,,,,,[40492],0
40492,1,5644,Stereum hirsutum,"",eukaryota,false,,,,,,,,,,,,,,,,0.0906245605227982,3,,,89.8,32.6667,10^-10.1499,,,,,,0
5637,2,5637,Polyporus,"",eukaryota,false,,,,0.030208186840932735,1,,,79.121,91.0,10^-23.4884,,,,,,0.06041637368186547,2,,,88.05,30.0,10^-8.47315,,,,,"[1321921, 196234, 139420]",0
1321921,1,5637,Polyporus sp. 183 OA-2013,"",eukaryota,false,,,,0.030208186840932735,1,,,79.121,91.0,10^-23.4884,,,,,,,,,,,,,,,,,,0
196234,1,5637,Polyporus grammocephalus,"",eukaryota,false,,,,,,,,,,,,,,,,0.030208186840932735,1,,,85.2,27.0,10^-4.86328,,,,,,0
139420,1,5637,Polyporus brumalis,"",eukaryota,false,,,,,,,,,,,,,,,,0.030208186840932735,1,,,90.9,33.0,10^-12.083,,,,,,0
5629,2,5629,Laetiporus,"",eukaryota,false,,,,0.1812491210455964,6,,,95.4842,93.4,10^-45.4375,,,,,,,,,,,,,,,,,[5630],0
5630,1,5629,Laetiporus sulphureus,"",eukaryota,false,,,,0.1812491210455964,6,,,95.4842,93.4,10^-45.4375,,,,,,,,,,,,,,,,,,0
5626,2,5626,Grifola,"",eukaryota,false,,,,0.030208186840932735,1,,,97.959,49.0,10^-19.6402,,,,,,1.8729075841378295,62,,,80.568,101.526,10^-45.797,,,,,[5627],0
5627,1,5626,Grifola frondosa,"",eukaryota,false,,,,0.030208186840932735,1,,,97.959,49.0,10^-19.6402,,,,,,1.8729075841378295,62,,,80.568,101.526,10^-45.797,,,,,,0
5624,2,5624,Collybia,"",eukaryota,false,,,,2.8999859367295424,96,,,95.8158,675.674,10^-12.6413,,,,,,0.030208186840932735,1,,,87.5,32.0,10^-12.7258,,,,,"[130897, 88288, 64659]",0
130897,1,5624,Collybia cirrhata,"",eukaryota,false,,,,2.839569563047677,94,,,95.7753,688.411,10^-11.7228,,,,,,,,,,,,,,,,,,0
88288,1,5624,Collybia tuberosa,"",eukaryota,false,,,,0.06041637368186547,2,,,97.6415,102.5,10^-53.9723,,,,,,,,,,,,,,,,,,0
64659,1,5624,Collybia nuda,"",eukaryota,false,,,,,,,,,,,,,,,,0.030208186840932735,1,,,87.5,32.0,10^-12.7258,,,,,,0
5605,2,5605,Saitoella,"",eukaryota,false,,,,,,,,,,,,,,,,1.7822830236150313,59,,,65.4662,89.0339,10^-33.8676,,,,,[5606],0
5606,1,5605,Saitoella complicata,"",eukaryota,false,,,,,,,,,,,,,,,,1.7822830236150313,59,,,65.4662,89.0339,10^-33.8676,,,,,,0
5598,2,5598,Alternaria,"",eukaryota,false,,,,0.24166549472746188,8,,,94.4844,77.625,10^-35.3507,,,,,,0.1812491210455964,6,,,95.4,29.6667,10^-10.0247,,,,,"[283354, 232088, 156630, 119927, 5599]",1
283354,1,5598,Alternaria metachromatica,"",eukaryota,false,,,,0.06041637368186547,2,,,92.5,40.0,10^-10.8079,,,,,,,,,,,,,,,,,,0
232088,1,5598,Alternaria arbusti,"",eukaryota,false,,,,0.030208186840932735,1,,,91.089,101.0,10^-44.0287,,,,,,,,,,,,,,,,,,0
156630,1,5598,Alternaria arborescens,"",eukaryota,false,,,,0.030208186840932735,1,,,91.667,36.0,10^-8.10892,,,,,,0.06041637368186547,2,,,93.05,29.0,10^-9.93503,,,,,,0
119927,1,5598,Alternaria tenuissima,"",eukaryota,false,,,,,,,,,,,,,,,,0.06041637368186547,2,,,96.2,27.0,10^-9.01117,,,,,,0
5599,1,5598,Alternaria alternata,"",eukaryota,false,,,,0.12083274736373094,4,,,97.0297,101.0,10^-52.2629,,,,,,0.06041637368186547,2,,,96.95,33.0,10^-11.1279,,,,,,1
5583,2,5583,Exophiala,"",eukaryota,false,,,,0.06041637368186547,2,,,93.1015,50.5,10^-17.226,,,,,,0.2718736815683946,9,,,78.378,74.0,10^-20.129,,,,,"[212818, 5970]",1
212818,1,5583,Exophiala mesophila,"",eukaryota,false,,,,0.06041637368186547,2,,,93.1015,50.5,10^-17.226,,,,,,,,,,,,,,,,,,0
5970,1,5583,Exophiala dermatitidis,"",eukaryota,false,,,,,,,,,,,,,,,,0.2718736815683946,9,,,78.378,74.0,10^-20.129,,,,,,1
5581,2,5581,Beauveria,"",eukaryota,false,,,,0.030208186840932735,1,,,80.198,101.0,10^-28.9326,,,,,,0.1812491210455964,6,,,86.1167,28.0,10^-6.68409,,,,,[176275],0
176275,1,5581,Beauveria bassiana,"",eukaryota,false,,,,0.030208186840932735,1,,,80.198,101.0,10^-28.9326,,,,,,0.1812491210455964,6,,,86.1167,28.0,10^-6.68409,,,,,,0
5579,2,5579,Aureobasidium,"",eukaryota,false,,,,0.06041637368186547,2,,,100.0,101.0,10^-56.3801,,,,,,0.06041637368186547,2,,,100.0,32.5,10^-14.5154,,,,,"[46634, 5580]",0
46634,1,5579,Aureobasidium melanogenum,"",eukaryota,false,,,,,,,,,,,,,,,,0.06041637368186547,2,,,100.0,32.5,10^-14.5154,,,,,,0
5580,1,5579,Aureobasidium pullulans,"",eukaryota,false,,,,0.06041637368186547,2,,,100.0,101.0,10^-56.3801,,,,,,,,,,,,,,,,,,0
5552,2,5552,Trichosporon,"",eukaryota,false,,,,0.06041637368186547,2,,,95.1545,61.5,10^-24.7222,,,,,,,,,,,,,,,,,[82517],0
82517,1,5552,Trichosporon inkin,"",eukaryota,false,,,,0.06041637368186547,2,,,95.1545,61.5,10^-24.7222,,,,,,,,,,,,,,,,,,0
5550,2,5550,Trichophyton,"",eukaryota,false,,,,0.24166549472746188,8,,,90.2715,41.125,10^-10.1955,,,,,,,,,,,,,,,,,[63417],0
63417,1,5550,Trichophyton verrucosum,"",eukaryota,false,,,,0.24166549472746188,8,,,90.2715,41.125,10^-10.1955,,,,,,,,,,,,,,,,,,0
5543,2,5543,Trichoderma,"",eukaryota,false,,,,0.2718736815683946,9,,,95.5669,77.5556,10^-35.9976,,,,,,0.0906245605227982,3,,,86.2667,30.6667,10^-6.51797,,,,,"[654480, 490622, 63577, 51453, 29875, 5544]",0
654480,1,5543,Trichoderma cornu-damae,"",eukaryota,false,,,,,,,,,,,,,,,,0.030208186840932735,1,,,74.1,27.0,10^-3.46471,,,,,,0
490622,1,5543,Trichoderma arundinaceum,"",eukaryota,false,,,,,,,,,,,,,,,,0.06041637368186547,2,,,92.35,32.5,10^-8.0446,,,,,,0
63577,1,5543,Trichoderma atroviride,"",eukaryota,false,,,,0.030208186840932735,1,,,93.0,100.0,10^-46.0916,,,,,,,,,,,,,,,,,,0
51453,1,5543,Trichoderma reesei,"",eukaryota,false,,,,0.1812491210455964,6,,,97.9977,73.8333,10^-36.2818,,,,,,,,,,,,,,,,,,0
29875,1,5543,Trichoderma virens,"",eukaryota,false,,,,0.030208186840932735,1,,,87.037,54.0,10^-14.7947,,,,,,,,,,,,,,,,,,0
5544,1,5543,Trichoderma harzianum,"",eukaryota,false,,,,0.030208186840932735,1,,,92.079,101.0,10^-45.4011,,,,,,,,,,,,,,,,,,0
5533,2,5533,Rhodotorula,"",eukaryota,false,,,,0.12083274736373094,4,,,95.4827,84.5,10^-40.709,,,,,,0.7249964841823856,24,,,96.48,29.1,10^-9.34815,,,,,"[1853554, 29898, 5535]",0
1853554,1,5533,Rhodotorula sp.,"",eukaryota,false,,,,0.030208186840932735,1,,,96.97,99.0,10^-50.8993,,,,,,,,,,,,,,,,,,0
29898,1,5533,Rhodotorula graminis,"",eukaryota,false,,,,0.06041637368186547,2,,,96.5345,101.0,10^-51.5768,,,,,,0.7249964841823856,24,,,96.48,29.1,10^-9.34815,,,,,,0
5535,1,5533,Rhodotorula glutinis,"",eukaryota,false,,,,0.030208186840932735,1,,,91.892,37.0,10^-8.78321,,,,,,,,,,,,,,,,,,0
5529,2,5529,Metarhizium,"",eukaryota,false,,,,0.0906245605227982,3,,,94.418,98.3333,10^-46.7853,,,,,,52.683077850586685,1744,,,73.628,93.9026,10^-37.4143,,,,,"[1650735, 1278899, 500148]",0
1650735,1,5529,Metarhizium majus,"",eukaryota,false,,,,,,,,,,,,,,,,52.683077850586685,1744,,,73.628,93.9026,10^-37.4143,,,,,,0
1278899,1,5529,Metarhizium pinghaense,"",eukaryota,false,,,,0.06041637368186547,2,,,98.01,100.5,10^-52.6082,,,,,,,,,,,,,,,,,,0
500148,1,5529,Metarhizium brunneum,"",eukaryota,false,,,,0.030208186840932735,1,,,87.234,94.0,10^-35.1395,,,,,,,,,,,,,,,,,,0
5506,2,5506,Fusarium,"",eukaryota,false,,,,0.6645801105005201,22,,,96.3068,86.3636,10^-42.867,,,,,,0.1812491210455964,6,,,88.65,31.3333,10^-8.04797,,,,,"[2747967, 2675880, 2600298, 2494466, 231269, 192010, 169388, 56646, 48495, 48493, 48490, 42677, 36050, 5518, 5507, 5127]",3
2747967,1,5506,Fusarium solani-melongenae,"",eukaryota,false,,,,0.06041637368186547,2,,,95.699,93.0,10^-45.4369,,,,,,,,,,,,,,,,,,0
2675880,1,5506,Fusarium flagelliforme,"",eukaryota,false,,,,0.030208186840932735,1,,,99.0,100.0,10^-54.3258,,,,,,,,,,,,,,,,,,0
2600298,1,5506,Fusarium bambusae,"",eukaryota,false,,,,0.030208186840932735,1,,,100.0,79.0,10^-41.3907,,,,,,,,,,,,,,,,,,0
2494466,1,5506,Fusarium irregulare,"",eukaryota,false,,,,,,,,,,,,,,,,0.06041637368186547,2,,,78.65,30.5,10^-6.41686,,,,,,0
231269,1,5506,Fusarium coffeatum,"",eukaryota,false,,,,0.06041637368186547,2,,,84.939,93.0,10^-31.7133,,,,,,0.030208186840932735,1,,,100.0,32.0,10^-8.61798,,,,,,0
192010,1,5506,Fusarium mangiferae,"",eukaryota,false,,,,0.030208186840932735,1,,,84.211,38.0,10^-5.3407,,,,,,,,,,,,,,,,,,0
169388,1,5506,Fusarium solani,"",eukaryota,false,,,,0.030208186840932735,1,,,92.188,64.0,10^-24.3275,,,,,,,,,,,,,,,,,,1
56646,1,5506,Fusarium venenatum,"",eukaryota,false,,,,0.06041637368186547,2,,,100.0,91.5,10^-49.9066,,,,,,,,,,,,,,,,,,0
48495,1,5506,Fusarium pseudoanthophilum,"",eukaryota,false,,,,0.030208186840932735,1,,,100.0,100.0,10^-55.6982,,,,,,,,,,,,,,,,,,0
48493,1,5506,Fusarium lactis,"",eukaryota,false,,,,0.030208186840932735,1,,,100.0,100.0,10^-55.6982,,,,,,,,,,,,,,,,,,0
48490,1,5506,Fusarium circinatum,"",eukaryota,false,,,,0.030208186840932735,1,,,99.0,100.0,10^-54.3258,,,,,,,,,,,,,,,,,,0
42677,1,5506,Fusarium subglutinans,"",eukaryota,false,,,,0.030208186840932735,1,,,93.182,44.0,10^-13.5113,,,,,,,,,,,,,,,,,,0
36050,1,5506,Fusarium poae,"",eukaryota,false,,,,,,,,,,,,,,,,0.06041637368186547,2,,,87.3,31.5,10^-7.74611,,,,,,0
5518,1,5506,Fusarium graminearum,"",eukaryota,false,,,,0.12083274736373094,4,,,97.723,79.75,10^-40.5601,,,,,,,,,,,,,,,,,,0
5507,1,5506,Fusarium oxysporum,"",eukaryota,false,,,,0.0906245605227982,3,,,100.0,100.333,10^-55.9255,,,,,,0.030208186840932735,1,,,100.0,32.0,10^-11.3439,,,,,,1
5127,1,5506,Fusarium fujikuroi,"",eukaryota,false,,,,0.030208186840932735,1,,,99.0,100.0,10^-54.3258,,,,,,,,,,,,,,,,,,1
5502,2,5502,Curvularia,"",eukaryota,false,,,,0.21145730788652914,7,,,97.7856,83.8,10^-41.6524,,,,,,0.030208186840932735,1,,,83.3,30.0,10^-8.89279,,,,,[95742],0
95742,1,5502,Curvularia clavata,"",eukaryota,false,,,,0.21145730788652914,7,,,97.7856,83.8,10^-41.6524,,,,,,0.030208186840932735,1,,,83.3,30.0,10^-8.89279,,,,,,0
5498,2,5498,Cladosporium,"",eukaryota,false,,,,2.507279507797417,83,,,97.1726,246.215,10^-130.416,,,,,,0.030208186840932735,1,,,97.0,33.0,10^-11.057,,,,,"[1970646, 1707700, 92950, 70808, 29917]",0
1970646,1,5498,Cladosporium anthropophilum,"",eukaryota,false,,,,0.12083274736373094,4,,,91.934,87.3333,10^-37.4589,,,,,,,,,,,,,,,,,,0
1707700,1,5498,Cladosporium sp.,"",eukaryota,false,,,,1.359368407841973,45,,,96.8842,259.0,10^-109.384,,,,,,,,,,,,,,,,,,0
92950,1,5498,Cladosporium sphaerospermum,"",eukaryota,false,,,,0.030208186840932735,1,,,100.0,92.0,10^-50.2449,,,,,,,,,,,,,,,,,,0
70808,1,5498,Cladosporium tenuissimum,"",eukaryota,false,,,,0.030208186840932735,1,,,100.0,101.0,10^-56.3801,,,,,,,,,,,,,,,,,,0
29917,1,5498,Cladosporium cladosporioides,"",eukaryota,false,,,,0.9666619789098475,32,,,97.8656,253.688,10^-171.553,,,,,,0.030208186840932735,1,,,97.0,33.0,10^-11.057,,,,,,0
5475,2,5475,Candida,"",eukaryota,false,,,,,,,,,,,,,,,,0.030208186840932735,1,,,57.6,33.0,10^-3.89963,,,,,[497108],0
497108,1,5475,Candida jiufengensis,"",eukaryota,false,,,,,,,,,,,,,,,,0.030208186840932735,1,,,57.6,33.0,10^-3.89963,,,,,,0
5473,2,5473,Leptoxyphium,"",eukaryota,false,,,,0.030208186840932735,1,,,99.0,100.0,10^-54.3258,,,,,,,,,,,,,,,,,[1540258],0
1540258,1,5473,Leptoxyphium glochidion,"",eukaryota,false,,,,0.030208186840932735,1,,,99.0,100.0,10^-54.3258,,,,,,,,,,,,,,,,,,0
5455,2,5455,Colletotrichum,"",eukaryota,false,,,,0.3624982420911928,12,,,96.1138,81.5833,10^-39.1786,,,,,,,,,,,,,,,,,"[1543685, 710243, 708191, 690259, 474922, 145971, 34409, 31870]",1
1543685,1,5455,Colletotrichum gigasporum,"",eukaryota,false,,,,0.030208186840932735,1,,,95.455,44.0,10^-14.8836,,,,,,,,,,,,,,,,,,0
710243,1,5455,Colletotrichum fioriniae,"",eukaryota,false,,,,0.030208186840932735,1,,,100.0,101.0,10^-56.3801,,,,,,,,,,,,,,,,,,0
708191,1,5455,Colletotrichum lineola,"",eukaryota,false,,,,0.030208186840932735,1,,,100.0,101.0,10^-56.3801,,,,,,,,,,,,,,,,,,0
690259,1,5455,Colletotrichum siamense,"",eukaryota,false,,,,0.06041637368186547,2,,,93.991,99.5,10^-47.1232,,,,,,,,,,,,,,,,,,0
474922,1,5455,Colletotrichum gloeosporioides,"",eukaryota,false,,,,0.06041637368186547,2,,,98.515,101.0,10^-54.3215,,,,,,,,,,,,,,,,,,1
145971,1,5455,Colletotrichum lupini,"",eukaryota,false,,,,0.0906245605227982,3,,,94.2027,42.6667,10^-13.07,,,,,,,,,,,,,,,,,,0
34409,1,5455,Colletotrichum sp.,"",eukaryota,false,,,,0.030208186840932735,1,,,100.0,101.0,10^-56.3801,,,,,,,,,,,,,,,,,,0
31870,1,5455,Colletotrichum graminicola,"",eukaryota,false,,,,0.030208186840932735,1,,,90.291,103.0,10^-44.0202,,,,,,,,,,,,,,,,,,0
5453,2,5453,Ascochyta,"",eukaryota,false,,,,0.030208186840932735,1,,,97.436,39.0,10^-12.8775,,,,,,,,,,,,,,,,,[5454],0
5454,1,5453,Ascochyta rabiei,"",eukaryota,false,,,,0.030208186840932735,1,,,97.436,39.0,10^-12.8775,,,,,,,,,,,,,,,,,,0
5429,2,5429,Sporobolomyces,"",eukaryota,false,,,,0.12083274736373094,4,,,97.7725,91.5,10^-46.8247,,,,,,,,,,,,,,,,,[1928706],0
1928706,1,5429,Sporobolomyces sp.,"",eukaryota,false,,,,0.12083274736373094,4,,,97.7725,91.5,10^-46.8247,,,,,,,,,,,,,,,,,,0
5406,2,5406,Exobasidium,"",eukaryota,false,,,,0.06041637368186547,2,,,85.636,87.0,10^-31.0602,,,,,,0.0906245605227982,3,,,84.4333,31.6667,10^-8.65842,,,,,[63378],0
63378,1,5406,Exobasidium rhododendri,"",eukaryota,false,,,,0.06041637368186547,2,,,85.636,87.0,10^-31.0602,,,,,,0.0906245605227982,3,,,84.4333,31.6667,10^-8.65842,,,,,,0
5402,2,5402,Russula,"",eukaryota,false,,,,0.06041637368186547,2,,,91.185,102.0,10^-44.7107,,,,,,0.06041637368186547,2,,,73.6,31.5,10^-7.09295,,,,,"[1897646, 466936, 131541, 40490]",0
1897646,1,5402,Russula aff. rugulosa BPL654,"",eukaryota,false,,,,,,,,,,,,,,,,0.030208186840932735,1,,,53.3,30.0,10^-3.1209,,,,,,0
466936,1,5402,Russula griseocarnosa,"",eukaryota,false,,,,0.030208186840932735,1,,,90.291,103.0,10^-44.0202,,,,,,,,,,,,,,,,,,0
131541,1,5402,Russula foetens,"",eukaryota,false,,,,0.030208186840932735,1,,,92.079,101.0,10^-45.4011,,,,,,,,,,,,,,,,,,0
40490,1,5402,Russula compacta,"",eukaryota,false,,,,,,,,,,,,,,,,0.030208186840932735,1,,,93.9,33.0,10^-11.065,,,,,,0
5395,2,5395,Paxillus,"",eukaryota,false,,,,,,,,,,,,,,,,0.06041637368186547,2,,,90.3,32.0,10^-11.001,,,,,[71150],0
71150,1,5395,Paxillus involutus,"",eukaryota,false,,,,,,,,,,,,,,,,0.06041637368186547,2,,,90.3,32.0,10^-11.001,,,,,,0
5392,2,5392,Gomphidius,"",eukaryota,false,,,,0.030208186840932735,1,,,95.098,102.0,10^-50.2001,,,,,,,,,,,,,,,,,[5393],0
5393,1,5392,Gomphidius glutinosus,"",eukaryota,false,,,,0.030208186840932735,1,,,95.098,102.0,10^-50.2001,,,,,,,,,,,,,,,,,,0
5379,2,5379,Suillus,"",eukaryota,false,,,,0.0906245605227982,3,,,96.5617,64.0,10^-27.5679,,,,,,0.2718736815683946,9,,,76.9444,27.8889,10^-4.76194,,,,,"[756607, 279518, 116603, 48592, 48587, 48578, 5381]",0
756607,1,5379,Suillus occidentalis,"",eukaryota,false,,,,,,,,,,,,,,,,0.030208186840932735,1,,,90.3,31.0,10^-9.4698,,,,,,0
279518,1,5379,Suillus hirtellus,"",eukaryota,false,,,,,,,,,,,,,,,,0.030208186840932735,1,,,66.7,24.0,10^-3.61083,,,,,,0
116603,1,5379,Suillus plorans,"",eukaryota,false,,,,,,,,,,,,,,,,0.12083274736373094,4,,,64.9,32.0,10^-4.77191,,,,,,0
48592,1,5379,Suillus variegatus,"",eukaryota,false,,,,,,,,,,,,,,,,0.06041637368186547,2,,,100.0,19.5,10^-3.67021,,,,,,0
48587,1,5379,Suillus subaureus,"",eukaryota,false,,,,0.06041637368186547,2,,,97.727,44.0,10^-16.256,,,,,,,,,,,,,,,,,,0
48578,1,5379,Suillus paluster,"",eukaryota,false,,,,,,,,,,,,,,,,0.030208186840932735,1,,,75.9,29.0,10^-3.34872,,,,,,0
5381,1,5379,Suillus sinuspaulianus,"",eukaryota,false,,,,0.030208186840932735,1,,,94.231,104.0,10^-50.1917,,,,,,,,,,,,,,,,,,0
5357,2,5357,Lentinus,"",eukaryota,false,,,,,,,,,,,,,,,,0.030208186840932735,1,,,100.0,30.0,10^-10.4763,,,,,[5365],0
5365,1,5357,Lentinus tigrinus,"",eukaryota,false,,,,,,,,,,,,,,,,0.030208186840932735,1,,,100.0,30.0,10^-10.4763,,,,,,0
5352,2,5352,Lentinula,"",eukaryota,false,,,,0.06041637368186547,2,,,95.8765,57.0,10^-23.7032,,,,,,0.7552046710233183,25,,,88.1381,30.5714,10^-9.55315,,,,,"[2804960, 2804958, 2804957, 5353]",0
2804960,1,5352,Lentinula aff. lateritia,"",eukaryota,false,,,,,,,,,,,,,,,,0.0906245605227982,3,,,91.9,33.0,10^-12.606,,,,,,0
2804958,1,5352,Lentinula aff. detonsa,"",eukaryota,false,,,,,,,,,,,,,,,,0.12083274736373094,4,,,75.3,31.25,10^-6.60796,,,,,,0
2804957,1,5352,Lentinula guzmanii,"",eukaryota,false,,,,,,,,,,,,,,,,0.12083274736373094,4,,,94.9333,28.6667,10^-11.6838,,,,,,0
5353,1,5352,Lentinula edodes,shiitake mushroom,eukaryota,false,,,,0.06041637368186547,2,,,95.8765,57.0,10^-23.7032,,,,,,0.4229146157730583,14,,,89.9273,30.1818,10^-9.21044,,,,,,0
5340,2,5340,Agaricus,"",eukaryota,false,,,,,,,,,,,,,,,,1.6916584630922331,56,,,92.475,49.8125,10^-24.2519,,,,,[5341],0
5341,1,5340,Agaricus bisporus,"",eukaryota,false,,,,,,,,,,,,,,,,1.6916584630922331,56,,,92.475,49.8125,10^-24.2519,,,,,,0
5333,2,5333,Schizophyllum,"",eukaryota,false,,,,0.15104093420466366,5,,,99.0,63.0,10^-30.0077,,,,,,0.030208186840932735,1,,,81.3,32.0,10^-10.2464,,,,,[5334],0
5334,1,5333,Schizophyllum commune,"",eukaryota,false,,,,0.15104093420466366,5,,,99.0,63.0,10^-30.0077,,,,,,0.030208186840932735,1,,,81.3,32.0,10^-10.2464,,,,,,0
5330,2,5330,Bjerkandera,"",eukaryota,false,,,,0.06041637368186547,2,,,94.6855,82.5,10^-37.609,,,,,,,,,,,,,,,,,[5331],0
5331,1,5330,Bjerkandera adusta,"",eukaryota,false,,,,0.06041637368186547,2,,,94.6855,82.5,10^-37.609,,,,,,,,,,,,,,,,,,0
5324,2,5324,Trametes,"",eukaryota,false,,,,0.4229146157730583,14,,,94.922,80.8571,10^-37.761,,,,,,0.39270642893212554,13,,,73.1538,30.2308,10^-6.13493,,,,,"[1140397, 575983, 158606, 47662, 5327, 5325]",0
1140397,1,5324,Trametes menziesii,"",eukaryota,false,,,,0.030208186840932735,1,,,100.0,93.0,10^-50.9264,,,,,,,,,,,,,,,,,,0
575983,1,5324,Trametes cingulata,"",eukaryota,false,,,,0.06041637368186547,2,,,98.649,74.0,10^-36.6158,,,,,,,,,,,,,,,,,,0
158606,1,5324,Trametes sanguinea,"",eukaryota,false,,,,,,,,,,,,,,,,0.12083274736373094,4,,,76.9,29.0,10^-5.36455,,,,,,0
47662,1,5324,Trametes villosa,"",eukaryota,false,,,,0.030208186840932735,1,,,94.318,88.0,10^-40.6576,,,,,,,,,,,,,,,,,,0
5327,1,5324,Trametes hirsuta,"",eukaryota,false,,,,0.24166549472746188,8,,,94.6161,81.0,10^-37.4406,,,,,,,,,,,,,,,,,,0
5325,1,5324,Trametes versicolor,"",eukaryota,false,,,,0.06041637368186547,2,,,90.1815,77.5,10^-32.1564,,,,,,0.2718736815683946,9,,,71.4889,30.7778,10^-6.47732,,,,,,0
5320,2,5320,Pleurotus,"",eukaryota,false,,,,0.15104093420466366,5,,,94.9157,96.75,10^-46.6224,,,,,,0.24166549472746188,8,,,88.35,32.25,10^-9.21045,,,,,"[2048520, 2015914, 28995, 28994, 5322]",0
2048520,1,5320,Pleurotus ostreatoroseus,"",eukaryota,false,,,,,,,,,,,,,,,,0.030208186840932735,1,,,90.9,33.0,10^-9.30715,,,,,,0
2015914,1,5320,Pleurotus platypus,"",eukaryota,false,,,,0.030208186840932735,1,,,94.118,102.0,10^-48.8277,,,,,,,,,,,,,,,,,,0
28995,1,5320,Pleurotus pulmonarius,"",eukaryota,false,,,,,,,,,,,,,,,,0.030208186840932735,1,,,96.8,31.0,10^-12.3242,,,,,,0
28994,1,5320,Pleurotus populinus,"",eukaryota,false,,,,,,,,,,,,,,,,0.06041637368186547,2,,,97.0,33.0,10^-13.6488,,,,,,0
5322,1,5320,Pleurotus ostreatus,oyster mushroom,eukaryota,false,,,,0.12083274736373094,4,,,95.1817,95.0,10^-45.8873,,,,,,0.12083274736373094,4,,,81.275,32.0,10^-6.18867,,,,,,0
5318,2,5318,Irpex,"",eukaryota,false,,,,0.030208186840932735,1,,,100.0,101.0,10^-56.3801,,,,,,0.0906245605227982,3,,,90.3,31.0,10^-13.3904,,,,,"[194684, 5319]",0
194684,1,5318,Irpex laceratus,"",eukaryota,false,,,,0.030208186840932735,1,,,100.0,101.0,10^-56.3801,,,,,,,,,,,,,,,,,,0
5319,1,5318,Irpex lacteus,"",eukaryota,false,,,,,,,,,,,,,,,,0.0906245605227982,3,,,90.3,31.0,10^-13.3904,,,,,,0
5314,2,5314,Ganoderma,"",eukaryota,false,,,,0.1812491210455964,6,,,97.5203,87.8333,10^-44.2088,,,,,,0.06041637368186547,2,,,95.3,32.5,10^-9.84781,,,,,"[2816325, 1233435, 36075, 34466, 5315]",0
2816325,1,5314,Ganoderma sp. TQC-2021a,"",eukaryota,false,,,,0.030208186840932735,1,,,96.0,100.0,10^-50.2087,,,,,,,,,,,,,,,,,,0
1233435,1,5314,Ganoderma lingzhi,"",eukaryota,false,,,,0.030208186840932735,1,,,95.062,81.0,10^-37.2627,,,,,,,,,,,,,,,,,,0
36075,1,5314,Ganoderma sinense,"",eukaryota,false,,,,0.030208186840932735,1,,,95.05,101.0,10^-49.5182,,,,,,0.06041637368186547,2,,,95.3,32.5,10^-9.84781,,,,,,0
34466,1,5314,Ganoderma subamboinense,"",eukaryota,false,,,,0.030208186840932735,1,,,99.01,101.0,10^-55.0077,,,,,,,,,,,,,,,,,,0
5315,1,5314,Ganoderma lucidum,"",eukaryota,false,,,,0.06041637368186547,2,,,100.0,72.0,10^-36.6277,,,,,,,,,,,,,,,,,,0
5309,2,5309,Athelia,"",eukaryota,false,,,,,,,,,,,,,,,,0.0906245605227982,3,,,81.6,26.3333,10^-6.27007,,,,,[2748771],0
2748771,1,5309,Athelia sp. TMB,"",eukaryota,false,,,,,,,,,,,,,,,,0.0906245605227982,3,,,81.6,26.3333,10^-6.27007,,,,,,0
5307,2,5307,Phlebia,"",eukaryota,false,,,,0.0906245605227982,3,,,97.6103,80.3333,10^-40.0313,,,,,,0.0906245605227982,3,,,79.9333,28.3333,10^-6.85625,,,,,[5308],0
5308,1,5307,Phlebia radiata,"",eukaryota,false,,,,0.0906245605227982,3,,,97.6103,80.3333,10^-40.0313,,,,,,0.0906245605227982,3,,,79.9333,28.3333,10^-6.85625,,,,,,0
5305,2,5305,Phanerochaete,"",eukaryota,false,,,,0.33229005525026006,11,,,98.0503,92.0909,10^-47.8177,,,,,,0.2718736815683946,9,,,84.5,32.1111,10^-9.97425,,,,,"[2720170, 231932, 196195, 48140]",0
2720170,1,5305,Phanerochaete guangdongensis,"",eukaryota,false,,,,0.0906245605227982,3,,,100.0,91.3333,10^-49.7939,,,,,,,,,,,,,,,,,,0
231932,1,5305,Phanerochaete carnosa,"",eukaryota,false,,,,0.12083274736373094,4,,,96.3613,83.5,10^-40.0044,,,,,,0.24166549472746188,8,,,86.075,32.125,10^-10.5338,,,,,,0
196195,1,5305,Phanerochaete flavidoalba,"",eukaryota,false,,,,0.06041637368186547,2,,,100.0,101.0,10^-56.3801,,,,,,,,,,,,,,,,,,0
48140,1,5305,Phanerochaete sordida,"",eukaryota,false,,,,0.06041637368186547,2,,,96.554,101.5,10^-51.9177,,,,,,0.030208186840932735,1,,,71.9,32.0,10^-5.49757,,,,,,0
5296,2,5296,Puccinia,"",eukaryota,false,,,,0.15104093420466366,5,,,92.8884,53.4,10^-18.5394,,,,,,0.39270642893212554,13,,,79.3347,49.3077,10^-16.8486,,,,,"[208348, 27350, 27344, 5297]",0
208348,1,5296,Puccinia triticina,"",eukaryota,false,,,,0.06041637368186547,2,,,92.308,39.0,10^-10.1327,,,,,,,,,,,,,,,,,,0
27350,1,5296,Puccinia striiformis,"",eukaryota,false,,,,0.030208186840932735,1,,,91.089,101.0,10^-44.0287,,,,,,0.33229005525026006,11,,,78.7955,52.6364,10^-18.8813,,,,,,0
27344,1,5296,Puccinia coronata,"",eukaryota,false,,,,,,,,,,,,,,,,0.06041637368186547,2,,,82.3,31.0,10^-5.66867,,,,,,0
5297,1,5296,Puccinia graminis,"",eukaryota,false,,,,0.06041637368186547,2,,,94.3685,44.0,10^-14.2015,,,,,,,,,,,,,,,,,,0
5269,2,5269,Ustilago,"",eukaryota,false,,,,0.12083274736373094,4,,,97.7777,86.75,10^-44.9753,,,,,,,,,,,,,,,,,"[120017, 117174]",0
120017,1,5269,Ustilago hordei,"",eukaryota,false,,,,0.06041637368186547,2,,,95.5555,73.0,10^-34.5977,,,,,,,,,,,,,,,,,,0
117174,1,5269,Ustilago tritici,"",eukaryota,false,,,,0.06041637368186547,2,,,100.0,100.5,10^-55.3529,,,,,,,,,,,,,,,,,,0
5260,2,5260,Melampsora,"",eukaryota,false,,,,0.06041637368186547,2,,,93.878,49.0,10^-16.8954,,,,,,0.0906245605227982,3,,,89.7333,25.6667,10^-7.29132,,,,,"[2182807, 203908]",0
2182807,1,5260,Melampsora americana,"",eukaryota,false,,,,,,,,,,,,,,,,0.030208186840932735,1,,,85.2,27.0,10^-5.62525,,,,,,0
203908,1,5260,Melampsora laricis-populina,"",eukaryota,false,,,,0.06041637368186547,2,,,93.878,49.0,10^-16.8954,,,,,,0.06041637368186547,2,,,92.0,25.0,10^-8.12436,,,,,,0
5251,2,5251,Ceratobasidium,"",eukaryota,false,,,,0.5739555499777219,19,,,97.7206,92.4211,10^-47.7934,,,,,,0.030208186840932735,1,,,91.7,24.0,10^-3.6073,,,,,"[875175, 170446]",0
875175,1,5251,Ceratobasidium sp. AG-V,"",eukaryota,false,,,,0.06041637368186547,2,,,100.0,101.0,10^-56.3801,,,,,,,,,,,,,,,,,,0
170446,1,5251,Ceratobasidium sp. AG-Ba,"",eukaryota,false,,,,0.5135391762958564,17,,,97.4524,91.4118,10^-46.7832,,,,,,0.030208186840932735,1,,,91.7,24.0,10^-3.6073,,,,,,0
5240,2,5240,Tulasnella,"",eukaryota,false,,,,,,,,,,,,,,,,0.06041637368186547,2,,,84.85,32.5,10^-7.66702,,,,,[2600231],0
2600231,1,5240,Tulasnella sp. 427,"",eukaryota,false,,,,,,,,,,,,,,,,0.06041637368186547,2,,,84.85,32.5,10^-7.66702,,,,,,0
5230,2,5230,Auricularia,"",eukaryota,false,,,,0.4229146157730583,14,,,96.6978,85.9286,10^-42.1995,,,,,,,,,,,,,,,,,"[2863009, 1579977, 1579976, 1238391, 160860, 29893, 29892]",0
2863009,1,5230,Auricularia australiana,"",eukaryota,false,,,,0.030208186840932735,1,,,98.02,101.0,10^-53.6353,,,,,,,,,,,,,,,,,,0
1579977,1,5230,Auricularia heimuer,"",eukaryota,false,,,,0.06041637368186547,2,,,95.162,85.5,10^-41.0215,,,,,,,,,,,,,,,,,,0
1579976,1,5230,Auricularia villosula,"",eukaryota,false,,,,0.0906245605227982,3,,,96.8247,71.3333,10^-32.5314,,,,,,,,,,,,,,,,,,0
1238391,1,5230,Auricularia cornea,"",eukaryota,false,,,,0.030208186840932735,1,,,100.0,101.0,10^-56.3801,,,,,,,,,,,,,,,,,,0
160860,1,5230,Auricularia delicata,"",eukaryota,false,,,,0.12083274736373094,4,,,93.9853,78.5,10^-33.5137,,,,,,,,,,,,,,,,,,0
29893,1,5230,Auricularia polytricha,"",eukaryota,false,,,,0.06041637368186547,2,,,99.505,101.0,10^-55.6939,,,,,,,,,,,,,,,,,,0
29892,1,5230,Auricularia auricula-judae,ear fungus,eukaryota,false,,,,0.030208186840932735,1,,,100.0,100.0,10^-55.6982,,,,,,,,,,,,,,,,,,0
5228,2,5228,Atractiella,"",eukaryota,false,,,,,,,,,,,,,,,,0.12083274736373094,4,,,84.7,23.25,10^-4.15169,,,,,[1938712],0
1938712,1,5228,Atractiella rhizophila,"",eukaryota,false,,,,,,,,,,,,,,,,0.12083274736373094,4,,,84.7,23.25,10^-4.15169,,,,,,0
5218,2,5218,Exidia,"",eukaryota,false,,,,0.1812491210455964,6,,,97.4613,91.1667,10^-46.4768,,,,,,0.0906245605227982,3,,,83.8667,33.0,10^-11.1775,,,,,"[228672, 156611, 5219]",0
228672,1,5218,Exidia crenata,"",eukaryota,false,,,,0.030208186840932735,1,,,100.0,100.0,10^-55.6982,,,,,,,,,,,,,,,,,,0
156611,1,5218,Exidia recisa,"",eukaryota,false,,,,0.15104093420466366,5,,,96.9536,89.4,10^-44.6325,,,,,,,,,,,,,,,,,,0
5219,1,5218,Exidia glandulosa,"",eukaryota,false,,,,,,,,,,,,,,,,0.0906245605227982,3,,,83.8667,33.0,10^-11.1775,,,,,,0
5209,2,5209,Filobasidium,"",eukaryota,false,,,,0.12083274736373094,4,,,100.0,100.5,10^-56.0391,,,,,,0.7854128578642511,26,,,99.05,29.875,10^-11.3093,,,,,"[104409, 5210]",0
104409,1,5209,Filobasidium magnum,"",eukaryota,false,,,,0.12083274736373094,4,,,100.0,100.5,10^-56.0391,,,,,,,,,,,,,,,,,,0
5210,1,5209,Filobasidium floriforme,"",eukaryota,false,,,,,,,,,,,,,,,,0.7854128578642511,26,,,99.05,29.875,10^-11.3093,,,,,,0
5206,2,5206,Cryptococcus,"",eukaryota,false,,,,0.030208186840932735,1,,,86.486,37.0,10^-6.03847,,,,,,0.06041637368186547,2,,,80.75,32.0,10^-6.71417,,,,,"[1859096, 5207]",1
1859096,1,5206,Cryptococcus deuterogattii,"",eukaryota,false,,,,0.030208186840932735,1,,,86.486,37.0,10^-6.03847,,,,,,,,,,,,,,,,,,0
5207,1,5206,Cryptococcus neoformans,"",eukaryota,false,,,,,,,,,,,,,,,,0.06041637368186547,2,,,80.75,32.0,10^-6.71417,,,,,,1
5199,2,5199,Cladonia,"",eukaryota,false,,,,0.06041637368186547,2,,,89.3305,79.5,10^-32.8256,,,,,,,,,,,,,,,,,"[174074, 111670]",0
174074,1,5199,Cladonia squamosa,"",eukaryota,false,,,,0.030208186840932735,1,,,79.661,59.0,10^-11.3253,,,,,,,,,,,,,,,,,,0
111670,1,5199,Cladonia rangiferina,"",eukaryota,false,,,,0.030208186840932735,1,,,99.0,100.0,10^-54.3258,,,,,,,,,,,,,,,,,,0
5179,2,5179,Sclerotinia,"",eukaryota,false,,,,,,,,,,,,,,,,0.030208186840932735,1,,,60.6,33.0,10^-4.383,,,,,[5180],0
5180,1,5179,Sclerotinia sclerotiorum,"",eukaryota,false,,,,,,,,,,,,,,,,0.030208186840932735,1,,,60.6,33.0,10^-4.383,,,,,,0
5159,2,5159,Ophiostoma,"",eukaryota,false,,,,0.030208186840932735,1,,,98.113,53.0,10^-22.3508,,,,,,,,,,,,,,,,,[38032],0
38032,1,5159,Ophiostoma piliferum,"",eukaryota,false,,,,0.030208186840932735,1,,,98.113,53.0,10^-22.3508,,,,,,,,,,,,,,,,,,0
5149,2,5149,Chaetomium,"",eukaryota,false,,,,,,,,,,,,,,,,0.0906245605227982,3,,,97.9667,32.6667,10^-14.0117,,,,,[38033],0
38033,1,5149,Chaetomium globosum,"",eukaryota,false,,,,,,,,,,,,,,,,0.0906245605227982,3,,,97.9667,32.6667,10^-14.0117,,,,,,0
5144,2,5144,Podospora,"",eukaryota,false,,,,0.030208186840932735,1,,,90.909,44.0,10^-12.1389,,,,,,,,,,,,,,,,,[2587412],0
2587412,1,5144,Podospora anserina,"",eukaryota,false,,,,0.030208186840932735,1,,,90.909,44.0,10^-12.1389,,,,,,,,,,,,,,,,,,0
5140,2,5140,Neurospora,"",eukaryota,false,,,,0.5135391762958564,17,,,82.4721,168.2,10^-30.0222,,,,,,0.12083274736373094,4,,,100.0,28.0,10^-9.10599,,,,,"[40127, 5141]",0
40127,1,5140,Neurospora tetrasperma,"",eukaryota,false,,,,0.48333098945492375,16,,,81.503,173.0,10^-28.5317,,,,,,0.12083274736373094,4,,,100.0,28.0,10^-9.10599,,,,,,0
5141,1,5140,Neurospora crassa,"",eukaryota,false,,,,0.030208186840932735,1,,,96.04,101.0,10^-50.8906,,,,,,,,,,,,,,,,,,0
5130,2,5130,Hypomyces,"",eukaryota,false,,,,0.06041637368186547,2,,,98.598,71.5,10^-34.9158,,,,,,,,,,,,,,,,,[29852],0
29852,1,5130,Hypomyces aurantius,"",eukaryota,false,,,,0.06041637368186547,2,,,98.598,71.5,10^-34.9158,,,,,,,,,,,,,,,,,,0
5121,2,5121,Erysiphe,"",eukaryota,false,,,,0.06041637368186547,2,,,97.9795,99.0,10^-50.8993,,,,,,0.06041637368186547,2,,,53.9,32.5,10^-3.79389,,,,,"[225359, 157594]",0
225359,1,5121,Erysiphe pulchra,"",eukaryota,false,,,,,,,,,,,,,,,,0.06041637368186547,2,,,53.9,32.5,10^-3.79389,,,,,,0
157594,1,5121,Erysiphe alphitoides,"",eukaryota,false,,,,0.06041637368186547,2,,,97.9795,99.0,10^-50.8993,,,,,,,,,,,,,,,,,,0
5115,2,5115,Cryphonectria,"",eukaryota,false,,,,,,,,,,,,,,,,0.12083274736373094,4,,,94.0,26.0,10^-6.41947,,,,,[5116],0
5116,1,5115,Cryphonectria parasitica,chestnut blight fungus,eukaryota,false,,,,,,,,,,,,,,,,0.12083274736373094,4,,,94.0,26.0,10^-6.41947,,,,,,0
5112,2,5112,Epichloe,"",eukaryota,false,,,,0.06041637368186547,2,,,100.0,93.0,10^-50.9264,,,,,,,,,,,,,,,,,[5113],0
5113,1,5112,Epichloe typhina,"",eukaryota,false,,,,0.06041637368186547,2,,,100.0,93.0,10^-50.9264,,,,,,,,,,,,,,,,,,0
5110,2,5110,Claviceps,"",eukaryota,false,,,,,,,,,,,,,,,,0.06041637368186547,2,,,94.3,26.5,10^-6.62076,,,,,"[2559222, 5111]",0
2559222,1,5110,Claviceps sp. LM220 group G6,"",eukaryota,false,,,,,,,,,,,,,,,,0.030208186840932735,1,,,92.3,26.0,10^-6.09583,,,,,,0
5111,1,5110,Claviceps purpurea,ergot fungus,eukaryota,false,,,,,,,,,,,,,,,,0.030208186840932735,1,,,96.3,27.0,10^-7.14569,,,,,,0
5097,2,5097,Monascus,"",eukaryota,false,,,,0.15104093420466366,5,,,97.6414,100.6,10^-52.8137,,,,,,,,,,,,,,,,,[5098],0
5098,1,5097,Monascus purpureus,"",eukaryota,false,,,,0.15104093420466366,5,,,97.6414,100.6,10^-52.8137,,,,,,,,,,,,,,,,,,0
5094,2,5094,Talaromyces,"",eukaryota,false,,,,,,,,,,,,,,,,0.030208186840932735,1,,,62.5,32.0,10^-7.53462,,,,,[128442],0
128442,1,5094,Talaromyces pinophilus,"",eukaryota,false,,,,,,,,,,,,,,,,0.030208186840932735,1,,,62.5,32.0,10^-7.53462,,,,,,0
5073,2,5073,Penicillium,"",eukaryota,false,,,,0.9666619789098475,32,,,96.0701,89.2414,10^-43.9776,,,,,,0.5739555499777219,19,,,84.4316,30.7895,10^-8.11988,,,,,"[1907734, 1612424, 1354953, 1303715, 1108849, 203109, 189055, 126998, 116970, 94218, 70095, 69789, 69781, 69771, 40296, 36651, 5077, 5076, 5074]",0
1907734,1,5073,Penicillium sp. 2-2,"",eukaryota,false,,,,0.030208186840932735,1,,,100.0,97.0,10^-53.6529,,,,,,,,,,,,,,,,,,0
1612424,1,5073,Penicillium salamii,"",eukaryota,false,,,,,,,,,,,,,,,,0.0906245605227982,3,,,97.9667,30.0,10^-10.6751,,,,,,0
1354953,1,5073,Penicillium sp. 26 BRO-2013,"",eukaryota,false,,,,0.030208186840932735,1,,,100.0,101.0,10^-56.3801,,,,,,,,,,,,,,,,,,0
1303715,1,5073,Penicillium desertorum,"",eukaryota,false,,,,,,,,,,,,,,,,0.06041637368186547,2,,,100.0,33.0,10^-13.4192,,,,,,0
1108849,1,5073,Penicillium rubens,"",eukaryota,false,,,,,,,,,,,,,,,,0.0906245605227982,3,,,86.4667,29.3333,10^-7.50204,,,,,,0
203109,1,5073,Penicillium manginii,"",eukaryota,false,,,,0.030208186840932735,1,,,95.122,41.0,10^-12.8557,,,,,,,,,,,,,,,,,,0
189055,1,5073,Penicillium canariense,"",eukaryota,false,,,,0.030208186840932735,1,,,71.875,96.0,10^-15.9172,,,,,,,,,,,,,,,,,,0
126998,1,5073,Penicillium bovifimosum,"",eukaryota,false,,,,0.15104093420466366,5,,,86.7025,90.25,10^-32.584,,,,,,,,,,,,,,,,,,0
116970,1,5073,Penicillium angulare,"",eukaryota,false,,,,,,,,,,,,,,,,0.030208186840932735,1,,,78.8,33.0,10^-8.23284,,,,,,0
94218,1,5073,Penicillium lagena,"",eukaryota,false,,,,,,,,,,,,,,,,0.12083274736373094,4,,,71.025,31.75,10^-4.82246,,,,,,0
70095,1,5073,Penicillium fellutanum,"",eukaryota,false,,,,0.12083274736373094,4,,,100.0,90.0,10^-48.8821,,,,,,,,,,,,,,,,,,0
69789,1,5073,Penicillium soppii,"",eukaryota,false,,,,0.030208186840932735,1,,,91.892,37.0,10^-8.78321,,,,,,,,,,,,,,,,,,0
69781,1,5073,Penicillium oxalicum,"",eukaryota,false,,,,0.3624982420911928,12,,,99.1214,94.0833,10^-50.8723,,,,,,,,,,,,,,,,,,0
69771,1,5073,Penicillium decumbens,"",eukaryota,false,,,,0.06041637368186547,2,,,100.0,99.0,10^-55.0165,,,,,,,,,,,,,,,,,,0
40296,1,5073,Penicillium italicum,"",eukaryota,false,,,,,,,,,,,,,,,,0.12083274736373094,4,,,82.9,29.0,10^-7.42591,,,,,,0
36651,1,5073,Penicillium digitatum,"",eukaryota,false,,,,0.030208186840932735,1,,,100.0,101.0,10^-56.3801,,,,,,,,,,,,,,,,,,0
5077,1,5073,Penicillium citrinum,"",eukaryota,false,,,,,,,,,,,,,,,,0.030208186840932735,1,,,97.0,33.0,10^-11.1379,,,,,,0
5076,1,5073,Penicillium chrysogenum,"",eukaryota,false,,,,0.06041637368186547,2,,,98.947,95.0,10^-50.9172,,,,,,,,,,,,,,,,,,0
5074,1,5073,Penicillium brevicompactum,"",eukaryota,false,,,,0.030208186840932735,1,,,92.982,57.0,10^-20.9469,,,,,,0.030208186840932735,1,,,59.4,32.0,10^-4.54363,,,,,,0
5052,2,5052,Aspergillus,"",eukaryota,false,,,,1.0572865394326456,35,,,96.2691,84.2,10^-41.139,,,,,,1.9635321446606278,65,,,90.65,31.0323,10^-10.1163,,,,,"[2059691, 1729668, 1517512, 1506151, 1405805, 1340029, 1226010, 1220188, 1194566, 979771, 746128, 656916, 573508, 396024, 340412, 319627, 306088, 293939, 182096, 138278, 91492, 51019, 41959, 41743, 41413, 41068, 40993, 5062, 5061, 5059, 5057, 5053]",3
2059691,1,5052,Aspergillus salinicola,"",eukaryota,false,,,,0.030208186840932735,1,,,100.0,100.0,10^-55.6982,,,,,,,,,,,,,,,,,,0
1729668,1,5052,Aspergillus medius,"",eukaryota,false,,,,0.030208186840932735,1,,,95.556,90.0,10^-43.3926,,,,,,,,,,,,,,,,,,0
1517512,1,5052,Aspergillus pseudoviridinutans,"",eukaryota,false,,,,0.030208186840932735,1,,,93.137,102.0,10^-47.4554,,,,,,,,,,,,,,,,,,0
1506151,1,5052,Aspergillus pseudonomiae,"",eukaryota,false,,,,,,,,,,,,,,,,0.030208186840932735,1,,,75.8,33.0,10^-8.55752,,,,,,0
1405805,1,5052,Aspergillus pseudoglaucus,"",eukaryota,false,,,,0.06041637368186547,2,,,95.8665,85.5,10^-40.3364,,,,,,,,,,,,,,,,,,0
1340029,1,5052,Aspergillus eucalypticola,"",eukaryota,false,,,,,,,,,,,,,,,,0.12083274736373094,4,,,91.225,30.0,10^-9.74659,,,,,,0
1226010,1,5052,Aspergillus bertholletiae,"",eukaryota,false,,,,0.030208186840932735,1,,,96.97,66.0,10^-29.8036,,,,,,,,,,,,,,,,,,0
1220188,1,5052,Aspergillus tanneri,"",eukaryota,false,,,,0.12083274736373094,4,,,88.9425,63.5,10^-21.2437,,,,,,,,,,,,,,,,,,0
1194566,1,5052,Aspergillus hiratsukae,"",eukaryota,false,,,,,,,,,,,,,,,,0.030208186840932735,1,,,78.8,33.0,10^-5.49349,,,,,,0
979771,1,5052,Aspergillus saccharolyticus,"",eukaryota,false,,,,0.030208186840932735,1,,,90.0,40.0,10^-9.43554,,,,,,,,,,,,,,,,,,0
746128,1,5052,Aspergillus fumigatus,"",eukaryota,false,,,,,,,,,,,,,,,,0.3624982420911928,12,,,92.2545,30.8182,10^-10.8022,,,,,,1
656916,1,5052,Aspergillus arachidicola,"",eukaryota,false,,,,0.030208186840932735,1,,,96.97,66.0,10^-29.8036,,,,,,,,,,,,,,,,,,0
573508,1,5052,Aspergillus cristatus,"",eukaryota,false,,,,,,,,,,,,,,,,0.030208186840932735,1,,,96.6,29.0,10^-7.75449,,,,,,0
396024,1,5052,Aspergillus ruber,"",eukaryota,false,,,,0.030208186840932735,1,,,98.529,68.0,10^-32.5354,,,,,,,,,,,,,,,,,,0
340412,1,5052,Aspergillus novofumigatus,"",eukaryota,false,,,,,,,,,,,,,,,,0.453122802613991,15,,,94.8692,31.2308,10^-11.0953,,,,,,0
319627,1,5052,Aspergillus sclerotioniger,"",eukaryota,false,,,,0.030208186840932735,1,,,94.0,100.0,10^-47.464,,,,,,0.030208186840932735,1,,,97.0,33.0,10^-15.8356,,,,,,0
306088,1,5052,Aspergillus steynii,"",eukaryota,false,,,,,,,,,,,,,,,,0.0906245605227982,3,,,87.9,33.0,10^-10.6686,,,,,,0
293939,1,5052,Aspergillus lentulus,"",eukaryota,false,,,,0.06041637368186547,2,,,99.01,101.0,10^-55.0077,,,,,,0.0906245605227982,3,,,94.9667,33.0,10^-12.2872,,,,,,0
182096,1,5052,Aspergillus chevalieri,"",eukaryota,false,,,,0.1812491210455964,6,,,95.6373,94.3333,10^-46.5755,,,,,,0.06041637368186547,2,,,95.05,30.0,10^-8.07245,,,,,,0
138278,1,5052,Aspergillus ochraceoroseus,"",eukaryota,false,,,,,,,,,,,,,,,,0.12083274736373094,4,,,87.725,29.75,10^-8.11358,,,,,,0
91492,1,5052,Aspergillus udagawae,"",eukaryota,false,,,,,,,,,,,,,,,,0.030208186840932735,1,,,78.8,33.0,10^-6.08566,,,,,,0
51019,1,5052,Aspergillus heteromorphus,"",eukaryota,false,,,,0.030208186840932735,1,,,98.81,84.0,10^-43.4226,,,,,,0.2718736815683946,9,,,95.5,31.1111,10^-11.7513,,,,,,0
41959,1,5052,Aspergillus penicillioides,"",eukaryota,false,,,,0.0906245605227982,3,,,100.0,95.6667,10^-52.7443,,,,,,,,,,,,,,,,,,0
41743,1,5052,Aspergillus egyptiacus,"",eukaryota,false,,,,0.030208186840932735,1,,,99.01,101.0,10^-55.0077,,,,,,,,,,,,,,,,,,0
41413,1,5052,Aspergillus glaucus,"",eukaryota,false,,,,0.06041637368186547,2,,,94.0405,59.0,10^-22.9968,,,,,,0.06041637368186547,2,,,60.7,28.0,10^-3.01412,,,,,,0
41068,1,5052,Aspergillus campestris,"",eukaryota,false,,,,,,,,,,,,,,,,0.06041637368186547,2,,,93.2,27.0,10^-9.22557,,,,,,0
40993,1,5052,Aspergillus carbonarius,"",eukaryota,false,,,,,,,,,,,,,,,,0.030208186840932735,1,,,87.9,33.0,10^-11.5834,,,,,,0
5062,1,5052,Aspergillus oryzae,"",eukaryota,false,,,,0.06041637368186547,2,,,100.0,85.0,10^-45.4829,,,,,,0.030208186840932735,1,,,69.7,33.0,10^-4.81248,,,,,,0
5061,1,5052,Aspergillus niger,"",eukaryota,false,,,,0.030208186840932735,1,,,100.0,101.0,10^-56.3801,,,,,,,,,,,,,,,,,,1
5059,1,5052,Aspergillus flavus,"",eukaryota,false,,,,0.0906245605227982,3,,,99.67,87.0,10^-46.3858,,,,,,,,,,,,,,,,,,1
5057,1,5052,Aspergillus clavatus,"",eukaryota,false,,,,,,,,,,,,,,,,0.030208186840932735,1,,,68.8,32.0,10^-5.90309,,,,,,0
5053,1,5052,Aspergillus aculeatus,"",eukaryota,false,,,,,,,,,,,,,,,,0.030208186840932735,1,,,97.0,33.0,10^-11.4306,,,,,,0
5036,2,5036,Histoplasma,"",eukaryota,false,,,,0.030208186840932735,1,,,100.0,90.0,10^-48.8821,,,,,,,,,,,,,,,,,[5037],1
5037,1,5036,Histoplasma capsulatum,"",eukaryota,false,,,,0.030208186840932735,1,,,100.0,90.0,10^-48.8821,,,,,,,,,,,,,,,,,,1
5027,2,5027,Pyrenophora,"",eukaryota,false,,,,0.1812491210455964,6,,,97.4562,90.1667,10^-46.7338,,,,,,0.15104093420466366,5,,,97.1,31.2,10^-11.4607,,,,,"[53485, 45151]",0
53485,1,5027,Pyrenophora teres,"",eukaryota,false,,,,0.1812491210455964,6,,,97.4562,90.1667,10^-46.7338,,,,,,0.030208186840932735,1,,,97.0,33.0,10^-12.7282,,,,,,0
45151,1,5027,Pyrenophora tritici-repentis,"",eukaryota,false,,,,,,,,,,,,,,,,0.12083274736373094,4,,,97.125,30.75,10^-11.1438,,,,,,0
5024,2,5024,Venturia,"",eukaryota,false,,,,,,,,,,,,,,,,0.0906245605227982,3,,,84.6,32.6667,10^-6.62681,,,,,"[86259, 5025]",0
86259,1,5024,Venturia nashicola,"",eukaryota,false,,,,,,,,,,,,,,,,0.06041637368186547,2,,,81.45,32.5,10^-7.8056,,,,,,0
5025,1,5024,Venturia inaequalis,"",eukaryota,false,,,,,,,,,,,,,,,,0.030208186840932735,1,,,90.9,33.0,10^-4.26922,,,,,,0
4970,2,4970,Bullera,"",eukaryota,false,,,,0.030208186840932735,1,,,100.0,65.0,10^-31.8688,,,,,,,,,,,,,,,,,[57471],0
57471,1,4970,Bullera hannae,"",eukaryota,false,,,,0.030208186840932735,1,,,100.0,65.0,10^-31.8688,,,,,,,,,,,,,,,,,,0
4958,2,4958,Debaryomyces,"",eukaryota,false,,,,,,,,,,,,,,,,0.030208186840932735,1,,,63.6,33.0,10^-5.36051,,,,,[4959],0
4959,1,4958,Debaryomyces hansenii,"",eukaryota,false,,,,,,,,,,,,,,,,0.030208186840932735,1,,,63.6,33.0,10^-5.36051,,,,,,0
4951,2,4951,Yarrowia,"",eukaryota,false,,,,0.15104093420466366,5,,,84.8728,40.0,10^-6.417,,,,,,,,,,,,,,,,,[4952],0
4952,1,4951,Yarrowia lipolytica,"",eukaryota,false,,,,0.15104093420466366,5,,,84.8728,40.0,10^-6.417,,,,,,,,,,,,,,,,,,0
4930,2,4930,Saccharomyces,"",eukaryota,false,,,,0.24166549472746188,8,,,92.5425,54.125,10^-19.1811,,,,,,0.030208186840932735,1,,,100.0,33.0,10^-9.29671,,,,,"[1080349, 27291, 4932]",1
1080349,1,4930,Saccharomyces eubayanus,"",eukaryota,false,,,,0.06041637368186547,2,,,90.349,41.5,10^-10.4491,,,,,,,,,,,,,,,,,,0
27291,1,4930,Saccharomyces paradoxus,"",eukaryota,false,,,,0.12083274736373094,4,,,90.605,58.5,10^-19.9063,,,,,,,,,,,,,,,,,,0
4932,1,4930,Saccharomyces cerevisiae,brewer's yeast,eukaryota,false,,,,0.06041637368186547,2,,,98.611,58.0,10^-26.4625,,,,,,0.030208186840932735,1,,,100.0,33.0,10^-9.29671,,,,,,1
4895,2,4895,Schizosaccharomyces,"",eukaryota,false,,,,0.1812491210455964,6,,,94.3353,53.0,10^-19.6063,,,,,,0.06041637368186547,2,,,66.7,33.0,10^-5.22403,,,,,"[2545709, 4896]",0
2545709,1,4895,Schizosaccharomyces osmophilus,"",eukaryota,false,,,,0.1812491210455964,6,,,94.3353,53.0,10^-19.6063,,,,,,,,,,,,,,,,,,0
4896,1,4895,Schizosaccharomyces pombe,fission yeast,eukaryota,false,,,,,,,,,,,,,,,,0.06041637368186547,2,,,66.7,33.0,10^-5.22403,,,,,,0
4888,2,4888,Smittium,"",eukaryota,false,,,,,,,,,,,,,,,,0.0906245605227982,3,,,68.1333,32.3333,10^-4.18416,,,,,[133412],0
133412,1,4888,Smittium culicis,"",eukaryota,false,,,,,,,,,,,,,,,,0.0906245605227982,3,,,68.1333,32.3333,10^-4.18416,,,,,,0
4875,2,4875,Glomus,"",eukaryota,false,,,,,,,,,,,,,,,,0.030208186840932735,1,,,87.5,32.0,10^-10.6596,,,,,[658196],0
658196,1,4875,Glomus cerebriforme,"",eukaryota,false,,,,,,,,,,,,,,,,0.030208186840932735,1,,,87.5,32.0,10^-10.6596,,,,,,0
4873,2,4873,Gigaspora,"",eukaryota,false,,,,,,,,,,,,,,,,0.3624982420911928,12,,,75.1273,24.0909,10^-3.92931,,,,,"[44941, 4874]",0
44941,1,4873,Gigaspora rosea,"",eukaryota,false,,,,,,,,,,,,,,,,0.3020818684093273,10,,,69.6,23.0,10^-3.10426,,,,,,0
4874,1,4873,Gigaspora margarita,"",eukaryota,false,,,,,,,,,,,,,,,,0.06041637368186547,2,,,100.0,29.0,10^-7.64207,,,,,,0
4863,2,4863,Coemansia,"",eukaryota,false,,,,,,,,,,,,,,,,0.06041637368186547,2,,,71.4,28.0,10^-6.68403,,,,,"[2849861, 2789348]",0
2849861,1,4863,Coemansia sp. RSA 638,"",eukaryota,false,,,,,,,,,,,,,,,,0.030208186840932735,1,,,71.4,28.0,10^-6.68403,,,,,,0
2789348,1,4863,Coemansia sp. RSA 2131,"",eukaryota,false,,,,,,,,,,,,,,,,0.030208186840932735,1,,,71.4,28.0,10^-6.68403,,,,,,0
4842,2,4842,Rhizopus,"",eukaryota,false,,,,,,,,,,,,,,,,0.1812491210455964,6,,,95.4667,27.5,10^-9.20665,,,,,"[936053, 86630, 64495]",1
936053,1,4842,Rhizopus delemar,"",eukaryota,false,,,,,,,,,,,,,,,,0.030208186840932735,1,,,100.0,33.0,10^-13.767,,,,,,0
86630,1,4842,Rhizopus azygosporus,"",eukaryota,false,,,,,,,,,,,,,,,,0.030208186840932735,1,,,89.7,29.0,10^-8.33068,,,,,,0
64495,1,4842,Rhizopus arrhizus,"",eukaryota,false,,,,,,,,,,,,,,,,0.12083274736373094,4,,,95.775,25.75,10^-8.28556,,,,,,1
4836,2,4836,Phycomyces,"",eukaryota,false,,,,,,,,,,,,,,,,0.0906245605227982,3,,,71.3667,26.6667,10^-3.12418,,,,,[4837],0
4837,1,4836,Phycomyces blakesleeanus,"",eukaryota,false,,,,,,,,,,,,,,,,0.0906245605227982,3,,,71.3667,26.6667,10^-3.12418,,,,,,0
4830,2,4830,Mucor,"",eukaryota,false,,,,0.06041637368186547,2,,,100.0,99.5,10^-55.3573,,,,,,0.0906245605227982,3,,,86.4333,32.0,10^-10.8995,,,,,"[91626, 64648, 4841]",0
91626,1,4830,Mucor ambiguus,"",eukaryota,false,,,,,,,,,,,,,,,,0.06041637368186547,2,,,90.6,32.0,10^-10.7523,,,,,,0
64648,1,4830,Mucor saturninus,"",eukaryota,false,,,,,,,,,,,,,,,,0.030208186840932735,1,,,78.1,32.0,10^-11.1938,,,,,,0
4841,1,4830,Mucor racemosus,"",eukaryota,false,,,,0.06041637368186547,2,,,100.0,99.5,10^-55.3573,,,,,,,,,,,,,,,,,,0
4821,2,4821,Piromyces,"",eukaryota,false,,,,,,,,,,,,,,,,0.030208186840932735,1,,,65.6,32.0,10^-3.59007,,,,,[1754191],0
1754191,1,4821,Piromyces finnis,"",eukaryota,false,,,,,,,,,,,,,,,,0.030208186840932735,1,,,65.6,32.0,10^-3.59007,,,,,,0
4807,2,4807,Blastocladiella,"",eukaryota,false,,,,,,,,,,,,,,,,0.030208186840932735,1,,,97.0,33.0,10^-11.057,,,,,[4808],0
4808,1,4807,Blastocladiella emersonii,"",eukaryota,false,,,,,,,,,,,,,,,,0.030208186840932735,1,,,97.0,33.0,10^-11.057,,,,,,0
4802,2,4802,Lagenidium,"",eukaryota,false,,,,,,,,,,,,,,,,0.030208186840932735,1,,,63.6,33.0,10^-6.98716,,,,,[4803],0
4803,1,4802,Lagenidium giganteum,"",eukaryota,false,,,,,,,,,,,,,,,,0.030208186840932735,1,,,63.6,33.0,10^-6.98716,,,,,,0
4797,2,4797,Pythium,"",eukaryota,false,,,,,,,,,,,,,,,,0.030208186840932735,1,,,75.9,29.0,10^-5.2426,,,,,[41045],0
41045,1,4797,Pythium oligandrum,"",eukaryota,false,,,,,,,,,,,,,,,,0.030208186840932735,1,,,75.9,29.0,10^-5.2426,,,,,,0
4783,2,4783,Phytophthora,"",eukaryota,false,,,,,,,,,,,,,,,,0.3020818684093273,10,,,63.71,32.2,10^-4.63167,,,,,"[2077276, 1490495, 129364, 53986, 53985, 4787]",0
2077276,1,4783,Phytophthora lilii,"",eukaryota,false,,,,,,,,,,,,,,,,0.030208186840932735,1,,,59.4,32.0,10^-3.2233,,,,,,0
1490495,1,4783,Phytophthora fragariaefolia,"",eukaryota,false,,,,,,,,,,,,,,,,0.0906245605227982,3,,,64.2667,32.6667,10^-5.21003,,,,,,0
129364,1,4783,Phytophthora rubi,"",eukaryota,false,,,,,,,,,,,,,,,,0.06041637368186547,2,,,72.05,32.0,10^-6.42194,,,,,,0
53986,1,4783,Phytophthora idaei,"",eukaryota,false,,,,,,,,,,,,,,,,0.030208186840932735,1,,,62.1,29.0,10^-3.20066,,,,,,0
53985,1,4783,Phytophthora fragariae,"",eukaryota,false,,,,,,,,,,,,,,,,0.06041637368186547,2,,,57.55,33.0,10^-3.64253,,,,,,0
4787,1,4783,Phytophthora infestans,potato late blight agent,eukaryota,false,,,,,,,,,,,,,,,,0.030208186840932735,1,,,63.6,33.0,10^-4.13371,,,,,,0
4769,2,4769,Saprolegnia,"",eukaryota,false,,,,0.030208186840932735,1,,,90.0,40.0,10^-9.43554,,,,,,,,,,,,,,,,,[112098],0
112098,1,4769,Saprolegnia diclina,"",eukaryota,false,,,,0.030208186840932735,1,,,90.0,40.0,10^-9.43554,,,,,,,,,,,,,,,,,,0
4753,2,4753,Pneumocystis,"",eukaryota,false,,,,,,,,,,,,,,,,0.030208186840932735,1,,,100.0,33.0,10^-14.8794,,,,,[42068],1
42068,1,4753,Pneumocystis jirovecii,"",eukaryota,false,,,,,,,,,,,,,,,,0.030208186840932735,1,,,100.0,33.0,10^-14.8794,,,,,,1
4685,2,4685,Asparagus,"",eukaryota,false,,,,,,,,,,,,,,,,0.06041637368186547,2,,,71.2,33.0,10^-6.28408,,,,,[4686],0
4686,1,4685,Asparagus officinalis,garden asparagus,eukaryota,false,,,,,,,,,,,,,,,,0.06041637368186547,2,,,71.2,33.0,10^-6.28408,,,,,,0
4678,2,4678,Allium,"",eukaryota,false,,,,,,,,,,,,,,,,0.06041637368186547,2,,,81.5,27.0,10^-5.31785,,,,,[4679],0
4679,1,4678,Allium cepa,onion,eukaryota,false,,,,,,,,,,,,,,,,0.06041637368186547,2,,,81.5,27.0,10^-5.31785,,,,,,0
4650,2,4650,Zingiber,"",eukaryota,false,,,,,,,,,,,,,,,,0.030208186840932735,1,,,78.6,28.0,10^-3.39577,,,,,[94328],0
94328,1,4650,Zingiber officinale,"",eukaryota,false,,,,,,,,,,,,,,,,0.030208186840932735,1,,,78.6,28.0,10^-3.39577,,,,,,0
4640,2,4640,Musa,"",eukaryota,false,,,,0.06041637368186547,2,,,100.0,101.0,10^-56.3801,,,,,,0.12083274736373094,4,,,91.9,32.0,10^-12.1748,,,,,"[349353, 52838, 4641]",0
349353,1,4640,Musa rosea,"",eukaryota,false,,,,0.030208186840932735,1,,,100.0,101.0,10^-56.3801,,,,,,,,,,,,,,,,,,0
52838,1,4640,Musa balbisiana,Balbis banana,eukaryota,false,,,,,,,,,,,,,,,,0.06041637368186547,2,,,83.8,31.0,10^-10.7777,,,,,,0
4641,1,4640,Musa acuminata,dwarf banana,eukaryota,false,,,,0.030208186840932735,1,,,100.0,101.0,10^-56.3801,,,,,,0.06041637368186547,2,,,100.0,33.0,10^-13.5718,,,,,,0
4638,2,4638,Ensete,"",eukaryota,false,,,,,,,,,,,,,,,,0.030208186840932735,1,,,97.0,33.0,10^-13.6596,,,,,[4639],0
4639,1,4638,Ensete ventricosum,"",eukaryota,false,,,,,,,,,,,,,,,,0.030208186840932735,1,,,97.0,33.0,10^-13.6596,,,,,,0
4614,2,4614,Ananas,"",eukaryota,false,,,,0.12083274736373094,4,,,85.6813,45.25,10^-9.21561,,,,,,0.030208186840932735,1,,,69.7,33.0,10^-6.03386,,,,,[4615],0
4615,1,4614,Ananas comosus,pineapple,eukaryota,false,,,,0.12083274736373094,4,,,85.6813,45.25,10^-9.21561,,,,,,0.030208186840932735,1,,,69.7,33.0,10^-6.03386,,,,,,0
4575,2,4575,Zea,"",eukaryota,false,,,,0.06041637368186547,2,,,100.0,101.0,10^-56.3801,,,,,,0.030208186840932735,1,,,100.0,33.0,10^-15.719,,,,,[4577],0
4577,1,4575,Zea mays,"",eukaryota,false,,,,0.06041637368186547,2,,,100.0,101.0,10^-56.3801,,,,,,0.030208186840932735,1,,,100.0,33.0,10^-15.719,,,,,,0
4564,2,4564,Triticum,"",eukaryota,false,,,,0.1812491210455964,6,,,90.0852,72.3333,10^-28.4295,,,,,,0.4229146157730583,14,,,88.3571,31.2857,10^-10.8605,,,,,"[85692, 4571, 4568, 4565]",0
85692,1,4564,Triticum dicoccoides,"",eukaryota,false,,,,0.030208186840932735,1,,,91.667,36.0,10^-8.10892,,,,,,0.06041637368186547,2,,,66.1,32.5,10^-6.30816,,,,,,0
4571,1,4564,Triticum turgidum,"",eukaryota,false,,,,,,,,,,,,,,,,0.3020818684093273,10,,,92.9,30.7,10^-11.7953,,,,,,0
4568,1,4564,Triticum monococcum,"",eukaryota,false,,,,0.030208186840932735,1,,,92.079,101.0,10^-45.4011,,,,,,,,,,,,,,,,,,0
4565,1,4564,Triticum aestivum,bread wheat,eukaryota,false,,,,0.12083274736373094,4,,,89.1913,74.25,10^-29.2668,,,,,,0.06041637368186547,2,,,87.9,33.0,10^-10.739,,,,,,0
4557,2,4557,Sorghum,"",eukaryota,false,,,,0.06041637368186547,2,,,95.745,47.0,10^-16.9135,,,,,,,,,,,,,,,,,[4558],0
4558,1,4557,Sorghum bicolor,sorghum,eukaryota,false,,,,0.06041637368186547,2,,,95.745,47.0,10^-16.9135,,,,,,,,,,,,,,,,,,0
4539,2,4539,Panicum,"",eukaryota,false,,,,,,,,,,,,,,,,0.06041637368186547,2,,,90.9,33.0,10^-10.3982,,,,,"[206008, 38727]",0
206008,1,4539,Panicum hallii,"",eukaryota,false,,,,,,,,,,,,,,,,0.030208186840932735,1,,,97.0,33.0,10^-12.9547,,,,,,0
38727,1,4539,Panicum virgatum,switchgrass,eukaryota,false,,,,,,,,,,,,,,,,0.030208186840932735,1,,,84.8,33.0,10^-7.84164,,,,,,0
4527,2,4527,Oryza,"",eukaryota,false,,,,17.33949924669539,574,,,99.9868,232.81,10^-116.404,,,,,,0.12083274736373094,4,,,75.825,29.75,10^-5.61191,,,,,[4530],0
4530,1,4527,Oryza sativa,Asian cultivated rice,eukaryota,false,,,,17.33949924669539,574,,,99.9868,232.81,10^-116.404,,,,,,0.12083274736373094,4,,,75.825,29.75,10^-5.61191,,,,,,0
4520,2,4520,Lolium,"",eukaryota,false,,,,,,,,,,,,,,,,0.06041637368186547,2,,,91.3,23.0,10^-3.56384,,,,,[4522],0
4522,1,4520,Lolium perenne,"",eukaryota,false,,,,,,,,,,,,,,,,0.06041637368186547,2,,,91.3,23.0,10^-3.56384,,,,,,0
4512,2,4512,Hordeum,"",eukaryota,false,,,,0.030208186840932735,1,,,94.444,36.0,10^-9.48129,,,,,,0.0906245605227982,3,,,88.0333,33.0,10^-10.6028,,,,,[4513],0
4513,1,4512,Hordeum vulgare,"",eukaryota,false,,,,0.030208186840932735,1,,,94.444,36.0,10^-9.48129,,,,,,0.0906245605227982,3,,,88.0333,33.0,10^-10.6028,,,,,,0
4496,2,4496,Avena,"",eukaryota,false,,,,0.030208186840932735,1,,,99.01,101.0,10^-55.0077,,,,,,,,,,,,,,,,,[4498],0
4498,1,4496,Avena sativa,oats,eukaryota,false,,,,0.030208186840932735,1,,,99.01,101.0,10^-55.0077,,,,,,,,,,,,,,,,,,0
4473,2,4473,Spirodela,"",eukaryota,false,,,,0.15104093420466366,5,,,85.5534,43.8,10^-8.44191,,,,,,0.030208186840932735,1,,,72.7,33.0,10^-6.44129,,,,,[51605],0
51605,1,4473,Spirodela intermedia,"",eukaryota,false,,,,0.15104093420466366,5,,,85.5534,43.8,10^-8.44191,,,,,,0.030208186840932735,1,,,72.7,33.0,10^-6.44129,,,,,,0
4441,2,4441,Camellia,"",eukaryota,false,,,,0.030208186840932735,1,,,99.01,101.0,10^-55.0077,,,,,,0.030208186840932735,1,,,69.7,33.0,10^-6.56703,,,,,[4442],0
4442,1,4441,Camellia sinensis,"",eukaryota,false,,,,0.030208186840932735,1,,,99.01,101.0,10^-55.0077,,,,,,0.030208186840932735,1,,,69.7,33.0,10^-6.56703,,,,,,0
4430,2,4430,Nelumbo,"",eukaryota,false,,,,,,,,,,,,,,,,0.030208186840932735,1,,,100.0,33.0,10^-15.2807,,,,,[4432],0
4432,1,4430,Nelumbo nucifera,sacred lotus,eukaryota,false,,,,,,,,,,,,,,,,0.030208186840932735,1,,,100.0,33.0,10^-15.2807,,,,,,0
4346,2,4346,Rhododendron,"",eukaryota,false,,,,0.030208186840932735,1,,,92.857,42.0,10^-12.1591,,,,,,0.21145730788652914,7,,,58.8143,31.5714,10^-4.04475,,,,,"[182163, 118357]",0
182163,1,4346,Rhododendron vialii,"",eukaryota,false,,,,0.030208186840932735,1,,,92.857,42.0,10^-12.1591,,,,,,0.030208186840932735,1,,,71.9,32.0,10^-3.9914,,,,,,0
118357,1,4346,Rhododendron simsii,"",eukaryota,false,,,,,,,,,,,,,,,,0.1812491210455964,6,,,56.6333,31.5,10^-4.05364,,,,,,0
4290,2,4290,Nyssa,"",eukaryota,false,,,,,,,,,,,,,,,,0.030208186840932735,1,,,100.0,31.0,10^-11.3737,,,,,[561372],0
561372,1,4290,Nyssa sinensis,"",eukaryota,false,,,,,,,,,,,,,,,,0.030208186840932735,1,,,100.0,31.0,10^-11.3737,,,,,,0
4264,2,4264,Cynara,"",eukaryota,false,,,,,,,,,,,,,,,,0.06041637368186547,2,,,90.3,31.0,10^-10.0161,,,,,[4265],0
4265,1,4264,Cynara cardunculus,"",eukaryota,false,,,,,,,,,,,,,,,,0.06041637368186547,2,,,90.3,31.0,10^-10.0161,,,,,,0
4235,2,4235,Lactuca,"",eukaryota,false,,,,0.030208186840932735,1,,,100.0,101.0,10^-56.3801,,,,,,,,,,,,,,,,,[75947],0
75947,1,4235,Lactuca virosa,"",eukaryota,false,,,,0.030208186840932735,1,,,100.0,101.0,10^-56.3801,,,,,,,,,,,,,,,,,,0
4231,2,4231,Helianthus,"",eukaryota,false,,,,,,,,,,,,,,,,0.1812491210455964,6,,,65.2833,30.5,10^-4.60242,,,,,[4232],0
4232,1,4231,Helianthus annuus,common sunflower,eukaryota,false,,,,,,,,,,,,,,,,0.1812491210455964,6,,,65.2833,30.5,10^-4.60242,,,,,,0
4219,2,4219,Artemisia,"",eukaryota,false,,,,,,,,,,,,,,,,0.0906245605227982,3,,,98.0,32.0,10^-11.6438,,,,,[35608],0
35608,1,4219,Artemisia annua,sweet wormwood,eukaryota,false,,,,,,,,,,,,,,,,0.0906245605227982,3,,,98.0,32.0,10^-11.6438,,,,,,0
4216,2,4216,Arctium,burdocks,eukaryota,false,,,,0.12083274736373094,4,,,86.3735,46.75,10^-10.2318,,,,,,,,,,,,,,,,,[143172],0
143172,1,4216,Arctium minus,"",eukaryota,false,,,,0.12083274736373094,4,,,86.3735,46.75,10^-10.2318,,,,,,,,,,,,,,,,,,0
4204,2,4204,Viburnum,"",eukaryota,false,,,,0.030208186840932735,1,,,100.0,100.0,10^-55.6982,,,,,,,,,,,,,,,,,[2291176],0
2291176,1,4204,Viburnum chinshanense,"",eukaryota,false,,,,0.030208186840932735,1,,,100.0,100.0,10^-55.6982,,,,,,,,,,,,,,,,,,0
4197,2,4197,Pinguicula,"",eukaryota,false,,,,0.030208186840932735,1,,,100.0,101.0,10^-56.3801,,,,,,,,,,,,,,,,,[192264],0
192264,1,4197,Pinguicula ehlersiae,"",eukaryota,false,,,,0.030208186840932735,1,,,100.0,101.0,10^-56.3801,,,,,,,,,,,,,,,,,,0
4181,2,4181,Sesamum,"",eukaryota,false,,,,,,,,,,,,,,,,0.12083274736373094,4,,,92.85,29.5,10^-9.22481,,,,,[4182],0
4182,1,4181,Sesamum indicum,sesame,eukaryota,false,,,,,,,,,,,,,,,,0.12083274736373094,4,,,92.85,29.5,10^-9.22481,,,,,,0
4169,2,4169,Striga,"",eukaryota,false,,,,,,,,,,,,,,,,0.12083274736373094,4,,,80.7,32.5,10^-8.53478,,,,,"[68872, 4170]",0
68872,1,4169,Striga hermonthica,"",eukaryota,false,,,,,,,,,,,,,,,,0.0906245605227982,3,,,75.2667,32.3333,10^-7.08765,,,,,,0
4170,1,4169,Striga asiatica,"",eukaryota,false,,,,,,,,,,,,,,,,0.030208186840932735,1,,,97.0,33.0,10^-12.8761,,,,,,0
4147,2,4147,Jasminum,jasmines,eukaryota,false,,,,0.12083274736373094,4,,,95.214,54.75,10^-22.5339,,,,,,,,,,,,,,,,,[660624],0
660624,1,4147,Jasminum sambac,"",eukaryota,false,,,,0.12083274736373094,4,,,95.214,54.75,10^-22.5339,,,,,,,,,,,,,,,,,,0
4145,2,4145,Olea,"",eukaryota,false,,,,1.3291602210010403,44,,,96.6289,143.614,10^-69.0901,,,,,,1.0874947262735783,36,,,94.825,31.1111,10^-9.91303,,,,,"[2813885, 4146]",0
2813885,1,4145,Olea sp. POC544315,"",eukaryota,false,,,,0.030208186840932735,1,,,100.0,101.0,10^-56.3801,,,,,,,,,,,,,,,,,,0
4146,1,4145,Olea europaea,common olive,eukaryota,false,,,,1.2989520341601075,43,,,96.5505,144.605,10^-69.3857,,,,,,1.0874947262735783,36,,,94.825,31.1111,10^-9.91303,,,,,,0
4139,2,4139,Scutellaria,"",eukaryota,false,,,,0.06041637368186547,2,,,100.0,93.5,10^-51.2677,,,,,,,,,,,,,,,,,[1053395],0
1053395,1,4139,Scutellaria minor,"",eukaryota,false,,,,0.06041637368186547,2,,,100.0,93.5,10^-51.2677,,,,,,,,,,,,,,,,,,0
4128,2,4128,Cuscuta,"",eukaryota,false,,,,,,,,,,,,,,,,0.2718736815683946,9,,,73.9667,31.8889,10^-5.60966,,,,,"[186058, 132261, 41803]",0
186058,1,4128,Cuscuta epithymum,"",eukaryota,false,,,,,,,,,,,,,,,,0.21145730788652914,7,,,73.6571,31.8571,10^-5.68203,,,,,,0
132261,1,4128,Cuscuta campestris,"",eukaryota,false,,,,,,,,,,,,,,,,0.030208186840932735,1,,,72.7,33.0,10^-4.80967,,,,,,0
41803,1,4128,Cuscuta europaea,"",eukaryota,false,,,,,,,,,,,,,,,,0.030208186840932735,1,,,77.4,31.0,10^-5.90309,,,,,,0
4119,2,4119,Ipomoea,"",eukaryota,false,,,,0.2718736815683946,9,,,89.4234,50.5556,10^-15.6857,,,,,,0.030208186840932735,1,,,71.4,28.0,10^-3.72584,,,,,"[35885, 35884, 35883, 4120]",0
35885,1,4119,Ipomoea triloba,trilobed morning glory,eukaryota,false,,,,0.1812491210455964,6,,,88.2185,52.5,10^-16.3271,,,,,,,,,,,,,,,,,,0
35884,1,4119,Ipomoea trifida,"",eukaryota,false,,,,0.030208186840932735,1,,,87.5,40.0,10^-8.06317,,,,,,,,,,,,,,,,,,0
35883,1,4119,Ipomoea nil,Japanese morning glory,eukaryota,false,,,,0.06041637368186547,2,,,94.0,50.0,10^-17.5728,,,,,,,,,,,,,,,,,,0
4120,1,4119,Ipomoea batatas,sweet potato,eukaryota,false,,,,,,,,,,,,,,,,0.030208186840932735,1,,,71.4,28.0,10^-3.72584,,,,,,0
4107,2,4107,Solanum,"",eukaryota,false,,,,0.3020818684093273,10,,,87.9266,45.3,10^-9.73489,,,,,,0.2718736815683946,9,,,89.6,31.1111,10^-11.39,,,,,"[45834, 28526, 4113, 4109, 4081]",0
45834,1,4107,Solanum dulcamara,"",eukaryota,false,,,,0.030208186840932735,1,,,64.103,78.0,10^-2.28365,,,,,,0.030208186840932735,1,,,63.3,30.0,10^-6.63451,,,,,,0
28526,1,4107,Solanum pennellii,"",eukaryota,false,,,,0.06041637368186547,2,,,92.1,38.0,10^-9.45796,,,,,,,,,,,,,,,,,,0
4113,1,4107,Solanum tuberosum,potato,eukaryota,false,,,,0.15104093420466366,5,,,88.2716,44.2,10^-10.6278,,,,,,0.1812491210455964,6,,,96.4333,32.1667,10^-14.0389,,,,,,0
4109,1,4107,Solanum commersonii,Commerson's wild potato,eukaryota,false,,,,,,,,,,,,,,,,0.06041637368186547,2,,,82.25,28.5,10^-5.8211,,,,,,0
4081,1,4107,Solanum lycopersicum,tomato,eukaryota,false,,,,0.06041637368186547,2,,,94.8025,39.0,10^-11.5052,,,,,,,,,,,,,,,,,,0
4085,2,4085,Nicotiana,"",eukaryota,false,,,,0.06041637368186547,2,,,87.5,72.0,10^-24.2763,,,,,,0.1812491210455964,6,,,75.35,30.6667,10^-7.51565,,,,,"[49451, 4098, 4097, 4096]",0
49451,1,4085,Nicotiana attenuata,"",eukaryota,false,,,,,,,,,,,,,,,,0.030208186840932735,1,,,90.9,33.0,10^-10.4112,,,,,,0
4098,1,4085,Nicotiana tomentosiformis,"",eukaryota,false,,,,0.030208186840932735,1,,,87.5,72.0,10^-24.2763,,,,,,0.06041637368186547,2,,,74.1,27.0,10^-5.96257,,,,,,0
4097,1,4085,Nicotiana tabacum,common tobacco,eukaryota,false,,,,0.030208186840932735,1,,,87.5,72.0,10^-24.2763,,,,,,,,,,,,,,,,,,0
4096,1,4085,Nicotiana sylvestris,wood tobacco,eukaryota,false,,,,,,,,,,,,,,,,0.0906245605227982,3,,,71.0,32.3333,10^-7.58585,,,,,,0
4074,2,4074,Datura,"",eukaryota,false,,,,,,,,,,,,,,,,0.06041637368186547,2,,,83.55,28.0,10^-4.68042,,,,,[4076],0
4076,1,4074,Datura stramonium,jimsonweed,eukaryota,false,,,,,,,,,,,,,,,,0.06041637368186547,2,,,83.55,28.0,10^-4.68042,,,,,,0
4071,2,4071,Capsicum,peppers,eukaryota,false,,,,,,,,,,,,,,,,0.6645801105005201,22,,,91.6195,65.0455,10^-25.7248,,,,,"[33114, 4072]",0
33114,1,4071,Capsicum baccatum,"",eukaryota,false,,,,,,,,,,,,,,,,0.6343719236595874,21,,,91.9443,66.5714,10^-26.3669,,,,,,0
4072,1,4071,Capsicum annuum,"",eukaryota,false,,,,,,,,,,,,,,,,0.030208186840932735,1,,,84.8,33.0,10^-12.2411,,,,,,0
4053,2,4053,Panax,"",eukaryota,false,,,,0.15104093420466366,5,,,97.252,36.4,10^-11.1234,,,,,,,,,,,,,,,,,[4054],0
4054,1,4053,Panax ginseng,"",eukaryota,false,,,,0.15104093420466366,5,,,97.252,36.4,10^-11.1234,,,,,,,,,,,,,,,,,,0
4051,2,4051,Hedera,"",eukaryota,false,,,,0.1812491210455964,6,,,99.5495,75.5,10^-38.8034,,,,,,,,,,,,,,,,,[4052],0
4052,1,4051,Hedera helix,"",eukaryota,false,,,,0.1812491210455964,6,,,99.5495,75.5,10^-38.8034,,,,,,,,,,,,,,,,,,0
4022,2,4022,Acer,maple trees,eukaryota,false,,,,0.15104093420466366,5,,,90.4506,40.0,10^-9.71033,,,,,,0.0906245605227982,3,,,98.7667,29.3333,10^-11.4937,,,,,"[1000413, 66205, 4024]",0
1000413,1,4022,Acer yangbiense,"",eukaryota,false,,,,,,,,,,,,,,,,0.030208186840932735,1,,,100.0,33.0,10^-14.0405,,,,,,0
66205,1,4022,Acer campestre,hedge maple,eukaryota,false,,,,0.15104093420466366,5,,,90.4506,40.0,10^-9.71033,,,,,,,,,,,,,,,,,,0
4024,1,4022,Acer saccharum,sugar maple,eukaryota,false,,,,,,,,,,,,,,,,0.06041637368186547,2,,,98.15,27.5,10^-10.2203,,,,,,0
4005,2,4005,Linum,"",eukaryota,false,,,,0.030208186840932735,1,,,89.091,55.0,10^-16.8453,,,,,,0.030208186840932735,1,,,93.8,32.0,10^-13.71,,,,,"[586396, 4006]",0
586396,1,4005,Linum tenue,"",eukaryota,false,,,,,,,,,,,,,,,,0.030208186840932735,1,,,93.8,32.0,10^-13.71,,,,,,0
4006,1,4005,Linum usitatissimum,flax,eukaryota,false,,,,0.030208186840932735,1,,,89.091,55.0,10^-16.8453,,,,,,,,,,,,,,,,,,0
3995,2,3995,Jatropha,"",eukaryota,false,,,,,,,,,,,,,,,,0.12083274736373094,4,,,83.7,29.5,10^-6.32151,,,,,[180498],0
180498,1,3995,Jatropha curcas,"",eukaryota,false,,,,,,,,,,,,,,,,0.12083274736373094,4,,,83.7,29.5,10^-6.32151,,,,,,0
3987,2,3987,Ricinus,"",eukaryota,false,,,,0.0906245605227982,3,,,90.909,44.0,10^-12.1389,,,,,,,,,,,,,,,,,[3988],0
3988,1,3987,Ricinus communis,castor bean,eukaryota,false,,,,0.0906245605227982,3,,,90.909,44.0,10^-12.1389,,,,,,,,,,,,,,,,,,0
3984,2,3984,Mercurialis,"",eukaryota,false,,,,0.030208186840932735,1,,,91.667,36.0,10^-8.10892,,,,,,,,,,,,,,,,,[3986],0
3986,1,3984,Mercurialis annua,annual mercury,eukaryota,false,,,,0.030208186840932735,1,,,91.667,36.0,10^-8.10892,,,,,,,,,,,,,,,,,,0
3980,2,3980,Hevea,"",eukaryota,false,,,,,,,,,,,,,,,,0.3020818684093273,10,,,69.1222,31.3333,10^-5.05083,,,,,[3981],0
3981,1,3980,Hevea brasiliensis,rubber tree,eukaryota,false,,,,,,,,,,,,,,,,0.3020818684093273,10,,,69.1222,31.3333,10^-5.05083,,,,,,0
3939,2,3939,Oenothera,evening primroses,eukaryota,false,,,,0.030208186840932735,1,,,97.03,101.0,10^-52.2629,,,,,,,,,,,,,,,,,[44456],0
44456,1,3939,Oenothera elata,"",eukaryota,false,,,,0.030208186840932735,1,,,97.03,101.0,10^-52.2629,,,,,,,,,,,,,,,,,,0
3932,2,3932,Eucalyptus,"",eukaryota,false,,,,,,,,,,,,,,,,0.06041637368186547,2,,,65.05,31.5,10^-4.20447,,,,,[71139],0
71139,1,3932,Eucalyptus grandis,"",eukaryota,false,,,,,,,,,,,,,,,,0.06041637368186547,2,,,65.05,31.5,10^-4.20447,,,,,,0
3913,2,3913,Vigna,"",eukaryota,false,,,,1.1479110999554438,38,,,97.159,216.605,10^-100.217,,,,,,0.030208186840932735,1,,,96.3,27.0,10^-8.62342,,,,,"[3917, 3914]",0
3917,1,3913,Vigna unguiculata,cowpea,eukaryota,false,,,,1.0270783525917129,34,,,97.3149,235.088,10^-108.936,,,,,,0.030208186840932735,1,,,96.3,27.0,10^-8.62342,,,,,,0
3914,1,3913,Vigna angularis,adzuki bean,eukaryota,false,,,,0.12083274736373094,4,,,95.8333,59.5,10^-26.1114,,,,,,,,,,,,,,,,,,0
3904,2,3904,Vicia,"",eukaryota,false,,,,,,,,,,,,,,,,0.0906245605227982,3,,,95.5,29.0,10^-9.13376,,,,,[3906],0
3906,1,3904,Vicia faba,fava bean,eukaryota,false,,,,,,,,,,,,,,,,0.0906245605227982,3,,,95.5,29.0,10^-9.13376,,,,,,0
3898,2,3898,Trifolium,"",eukaryota,false,,,,0.453122802613991,15,,,94.9655,73.5333,10^-34.3166,,,,,,0.2718736815683946,9,,,72.9444,30.5556,10^-6.10999,,,,,"[97028, 97023, 97021, 57577, 3900, 3899]",0
97028,1,3898,Trifolium medium,"",eukaryota,false,,,,,,,,,,,,,,,,0.15104093420466366,5,,,64.22,29.0,10^-4.20833,,,,,,0
97023,1,3898,Trifolium fragiferum,"",eukaryota,false,,,,0.06041637368186547,2,,,83.4475,53.0,10^-11.3747,,,,,,,,,,,,,,,,,,0
97021,1,3898,Trifolium dubium,"",eukaryota,false,,,,0.1812491210455964,6,,,97.4245,71.0,10^-34.3769,,,,,,,,,,,,,,,,,,0
57577,1,3898,Trifolium pratense,"",eukaryota,false,,,,,,,,,,,,,,,,0.06041637368186547,2,,,92.4,33.0,10^-11.5465,,,,,,0
3900,1,3898,Trifolium subterraneum,"",eukaryota,false,,,,0.15104093420466366,5,,,99.608,98.2,10^-53.9224,,,,,,0.030208186840932735,1,,,83.9,31.0,10^-6.04001,,,,,,0
3899,1,3898,Trifolium repens,white clover,eukaryota,false,,,,0.06041637368186547,2,,,87.5,40.0,10^-8.06317,,,,,,0.030208186840932735,1,,,66.7,33.0,10^-4.81531,,,,,,0
3894,2,3894,Sesbania,"",eukaryota,false,,,,,,,,,,,,,,,,0.030208186840932735,1,,,63.6,33.0,10^-3.72584,,,,,[485725],0
485725,1,3894,Sesbania bispinosa,"",eukaryota,false,,,,,,,,,,,,,,,,0.030208186840932735,1,,,63.6,33.0,10^-3.72584,,,,,,0
3887,2,3887,Pisum,"",eukaryota,false,,,,,,,,,,,,,,,,0.15104093420466366,5,,,100.0,27.0,10^-8.78173,,,,,[3888],0
3888,1,3887,Pisum sativum,garden pea,eukaryota,false,,,,,,,,,,,,,,,,0.15104093420466366,5,,,100.0,27.0,10^-8.78173,,,,,,0
3877,2,3877,Medicago,medics,eukaryota,false,,,,0.06041637368186547,2,,,87.8375,37.0,10^-6.72465,,,,,,0.12083274736373094,4,,,71.85,30.75,10^-8.3238,,,,,"[70936, 47085, 3880]",0
70936,1,3877,Medicago arabica,"",eukaryota,false,,,,0.030208186840932735,1,,,89.189,37.0,10^-7.41084,,,,,,,,,,,,,,,,,,0
47085,1,3877,Medicago lupulina,"",eukaryota,false,,,,0.030208186840932735,1,,,86.486,37.0,10^-6.03847,,,,,,,,,,,,,,,,,,0
3880,1,3877,Medicago truncatula,barrel medic,eukaryota,false,,,,,,,,,,,,,,,,0.12083274736373094,4,,,71.85,30.75,10^-8.3238,,,,,,0
3869,2,3869,Lupinus,"",eukaryota,false,,,,0.1812491210455964,6,,,97.9848,85.8333,10^-44.924,,,,,,6131.990055027776,202991,,,76.5992,105.611,10^-43.25,,,,,"[3871, 3870]",0
3871,1,3869,Lupinus angustifolius,narrow-leaved blue lupine,eukaryota,false,,,,0.1812491210455964,6,,,97.9848,85.8333,10^-44.924,,,,,,0.0906245605227982,3,,,97.8,29.3333,10^-12.2491,,,,,,0
3870,1,3869,Lupinus albus,white lupine,eukaryota,false,,,,,,,,,,,,,,,,6131.899430467254,202988,,,76.5981,105.615,10^-43.2516,,,,,,0
3867,2,3867,Lotus,"",eukaryota,false,,,,0.030208186840932735,1,,,91.667,36.0,10^-8.10892,,,,,,0.030208186840932735,1,,,84.6,26.0,10^-3.81816,,,,,[34305],0
34305,1,3867,Lotus japonicus,"",eukaryota,false,,,,0.030208186840932735,1,,,91.667,36.0,10^-8.10892,,,,,,0.030208186840932735,1,,,84.6,26.0,10^-3.81816,,,,,,0
3846,2,3846,Glycine,"",eukaryota,false,,,,0.5739555499777219,19,,,99.7156,92.0,10^-49.887,,,,,,2.386446760433686,79,,,85.277,46.5753,10^-16.6186,,,,,"[3848, 3847]",0
3848,1,3846,Glycine soja,"",eukaryota,false,,,,0.06041637368186547,2,,,100.0,78.0,10^-40.71,,,,,,0.0906245605227982,3,,,100.0,30.6667,10^-12.8463,,,,,,0
3847,1,3846,Glycine max,soybean,eukaryota,false,,,,0.5135391762958564,17,,,99.6822,93.6471,10^-50.9666,,,,,,2.2958221999108877,76,,,84.6461,47.2571,10^-16.7803,,,,,,0
3841,2,3841,Erythrina,"",eukaryota,false,,,,0.030208186840932735,1,,,100.0,91.0,10^-49.5635,,,,,,,,,,,,,,,,,[49817],0
49817,1,3841,Erythrina crista-galli,"",eukaryota,false,,,,0.030208186840932735,1,,,100.0,91.0,10^-49.5635,,,,,,,,,,,,,,,,,,0
3826,2,3826,Cicer,"",eukaryota,false,,,,0.0906245605227982,3,,,88.372,43.0,10^-10.0903,,,,,,,,,,,,,,,,,[3827],0
3827,1,3826,Cicer arietinum,chickpea,eukaryota,false,,,,0.0906245605227982,3,,,88.372,43.0,10^-10.0903,,,,,,,,,,,,,,,,,,0
3820,2,3820,Cajanus,"",eukaryota,false,,,,0.030208186840932735,1,,,94.595,37.0,10^-10.1556,,,,,,0.0906245605227982,3,,,66.3,31.6667,10^-6.26866,,,,,[3821],0
3821,1,3820,Cajanus cajan,pigeon pea,eukaryota,false,,,,0.030208186840932735,1,,,94.595,37.0,10^-10.1556,,,,,,0.0906245605227982,3,,,66.3,31.6667,10^-6.26866,,,,,,0
3817,2,3817,Arachis,"",eukaryota,false,,,,0.15104093420466366,5,,,90.7938,39.6,10^-9.71545,,,,,,0.15104093420466366,5,,,90.12,30.8,10^-9.1383,,,,,"[217475, 130454, 130453, 3818]",0
217475,1,3817,Arachis stenosperma,"",eukaryota,false,,,,0.030208186840932735,1,,,93.023,43.0,10^-12.8351,,,,,,0.030208186840932735,1,,,63.6,33.0,10^-3.17653,,,,,,0
130454,1,3817,Arachis ipaensis,"",eukaryota,false,,,,,,,,,,,,,,,,0.06041637368186547,2,,,100.0,29.0,10^-10.2984,,,,,,0
130453,1,3817,Arachis duranensis,"",eukaryota,false,,,,0.06041637368186547,2,,,88.0155,37.5,10^-7.06196,,,,,,,,,,,,,,,,,,0
3818,1,3817,Arachis hypogaea,peanut,eukaryota,false,,,,0.06041637368186547,2,,,92.4575,40.0,10^-10.8091,,,,,,0.06041637368186547,2,,,93.5,31.5,10^-10.9591,,,,,,0
3815,2,3815,Abrus,"",eukaryota,false,,,,,,,,,,,,,,,,0.030208186840932735,1,,,53.1,32.0,10^-3.06298,,,,,[3816],0
3816,1,3815,Abrus precatorius,Indian licorice,eukaryota,false,,,,,,,,,,,,,,,,0.030208186840932735,1,,,53.1,32.0,10^-3.06298,,,,,,0
3808,2,3808,Acacia,"",eukaryota,false,,,,,,,,,,,,,,,,0.030208186840932735,1,,,96.9,32.0,10^-12.5918,,,,,[880440],0
880440,1,3808,Acacia pycnantha,"",eukaryota,false,,,,,,,,,,,,,,,,0.030208186840932735,1,,,96.9,32.0,10^-12.5918,,,,,,0
3766,2,3766,Pyrus,pears,eukaryota,false,,,,,,,,,,,,,,,,0.030208186840932735,1,,,78.6,28.0,10^-4.92082,,,,,[2448454],0
2448454,1,3766,Pyrus ussuriensis x Pyrus communis,"",eukaryota,false,,,,,,,,,,,,,,,,0.030208186840932735,1,,,78.6,28.0,10^-4.92082,,,,,,0
3764,2,3764,Rosa,"",eukaryota,false,,,,0.06041637368186547,2,,,91.886,37.0,10^-8.78337,,,,,,,,,,,,,,,,,[74645],0
74645,1,3764,Rosa rugosa,"",eukaryota,false,,,,0.06041637368186547,2,,,91.886,37.0,10^-8.78337,,,,,,,,,,,,,,,,,,0
3754,2,3754,Prunus,"",eukaryota,false,,,,,,,,,,,,,,,,0.12083274736373094,4,,,84.075,32.75,10^-9.17736,,,,,"[36596, 3760, 3755]",0
36596,1,3754,Prunus armeniaca,apricot,eukaryota,false,,,,,,,,,,,,,,,,0.030208186840932735,1,,,100.0,33.0,10^-15.0969,,,,,,0
3760,1,3754,Prunus persica,peach,eukaryota,false,,,,,,,,,,,,,,,,0.030208186840932735,1,,,100.0,32.0,10^-10.0429,,,,,,0
3755,1,3754,Prunus dulcis,almond,eukaryota,false,,,,,,,,,,,,,,,,0.06041637368186547,2,,,68.15,33.0,10^-5.78482,,,,,,0
3749,2,3749,Malus,"",eukaryota,false,,,,0.12083274736373094,4,,,88.4197,36.5,10^-6.7306,,,,,,0.030208186840932735,1,,,84.8,33.0,10^-8.09745,,,,,"[106549, 3752, 3750]",0
106549,1,3749,Malus baccata,"",eukaryota,false,,,,,,,,,,,,,,,,0.030208186840932735,1,,,84.8,33.0,10^-8.09745,,,,,,0
3752,1,3749,Malus sylvestris,European crab apple,eukaryota,false,,,,0.030208186840932735,1,,,91.667,36.0,10^-8.10892,,,,,,,,,,,,,,,,,,0
3750,1,3749,Malus domestica,apple,eukaryota,false,,,,0.0906245605227982,3,,,87.3373,36.6667,10^-6.27116,,,,,,,,,,,,,,,,,,0
3727,2,3727,Sinapis,"",eukaryota,false,,,,,,,,,,,,,,,,0.030208186840932735,1,,,97.0,33.0,10^-14.7932,,,,,[3728],0
3728,1,3727,Sinapis alba,white mustard,eukaryota,false,,,,,,,,,,,,,,,,0.030208186840932735,1,,,97.0,33.0,10^-14.7932,,,,,,0
3705,2,3705,Brassica,"",eukaryota,false,,,,0.1812491210455964,6,,,90.2112,46.3333,10^-12.8259,,,,,,0.15104093420466366,5,,,96.84,31.4,10^-13.4002,,,,,"[3712, 3711, 3708]",0
3712,1,3705,Brassica oleracea,wild cabbage,eukaryota,false,,,,0.0906245605227982,3,,,90.9487,54.6667,10^-17.5664,,,,,,,,,,,,,,,,,,0
3711,1,3705,Brassica rapa,field mustard,eukaryota,false,,,,0.030208186840932735,1,,,92.105,38.0,10^-9.45781,,,,,,,,,,,,,,,,,,0
3708,1,3705,Brassica napus,rape,eukaryota,false,,,,0.06041637368186547,2,,,88.158,38.0,10^-7.39926,,,,,,0.15104093420466366,5,,,96.84,31.4,10^-13.4002,,,,,,0
3701,2,3701,Arabidopsis,"",eukaryota,false,,,,0.0906245605227982,3,,,95.3703,78.6667,10^-38.9202,,,,,,0.030208186840932735,1,,,68.6,35.0,10^-4.81531,,,,,"[45249, 3702]",0
45249,1,3701,Arabidopsis suecica,"",eukaryota,false,,,,,,,,,,,,,,,,0.030208186840932735,1,,,68.6,35.0,10^-4.81531,,,,,,0
3702,1,3701,Arabidopsis thaliana,thale cress,eukaryota,false,,,,0.0906245605227982,3,,,95.3703,78.6667,10^-38.9202,,,,,,,,,,,,,,,,,,0
3689,2,3689,Populus,poplars,eukaryota,false,,,,0.3624982420911928,12,,,93.9282,49.5,10^-17.9435,,,,,,0.21145730788652914,7,,,91.1526,44.1429,10^-18.0693,,,,,"[43335, 3694, 3691]",0
43335,1,3689,Populus alba,white poplar,eukaryota,false,,,,,,,,,,,,,,,,0.12083274736373094,4,,,85.267,52.5,10^-21.4793,,,,,,0
3694,1,3689,Populus trichocarpa,black cottonwood,eukaryota,false,,,,0.030208186840932735,1,,,97.368,38.0,10^-12.2026,,,,,,0.0906245605227982,3,,,99.0,33.0,10^-13.5226,,,,,,0
3691,1,3689,Populus nigra,"",eukaryota,false,,,,0.33229005525026006,11,,,93.546,50.7778,10^-18.5814,,,,,,,,,,,,,,,,,,0
3660,2,3660,Cucurbita,marrows,eukaryota,false,,,,0.06041637368186547,2,,,92.453,53.0,10^-18.2337,,,,,,,,,,,,,,,,,"[3663, 3662]",0
3663,1,3660,Cucurbita pepo,"",eukaryota,false,,,,0.030208186840932735,1,,,92.453,53.0,10^-18.2337,,,,,,,,,,,,,,,,,,0
3662,1,3660,Cucurbita moschata,crookneck pumpkin,eukaryota,false,,,,0.030208186840932735,1,,,92.453,53.0,10^-18.2337,,,,,,,,,,,,,,,,,,0
3655,2,3655,Cucumis,"",eukaryota,false,,,,0.030208186840932735,1,,,88.636,44.0,10^-10.7665,,,,,,0.1812491210455964,6,,,75.2167,32.0,10^-6.47307,,,,,"[3659, 3656]",0
3659,1,3655,Cucumis sativus,cucumber,eukaryota,false,,,,0.030208186840932735,1,,,88.636,44.0,10^-10.7665,,,,,,,,,,,,,,,,,,0
3656,1,3655,Cucumis melo,muskmelon,eukaryota,false,,,,,,,,,,,,,,,,0.1812491210455964,6,,,75.2167,32.0,10^-6.47307,,,,,,0
3648,2,3648,Carica,"",eukaryota,false,,,,,,,,,,,,,,,,0.030208186840932735,1,,,64.5,31.0,10^-3.58336,,,,,[3649],0
3649,1,3648,Carica papaya,papaya,eukaryota,false,,,,,,,,,,,,,,,,0.030208186840932735,1,,,64.5,31.0,10^-3.58336,,,,,,0
3640,2,3640,Theobroma,"",eukaryota,false,,,,0.06041637368186547,2,,,82.3395,52.5,10^-9.6663,,,,,,0.030208186840932735,1,,,57.7,26.0,10^-3.44977,,,,,[3641],0
3641,1,3640,Theobroma cacao,cacao,eukaryota,false,,,,0.06041637368186547,2,,,82.3395,52.5,10^-9.6663,,,,,,0.030208186840932735,1,,,57.7,26.0,10^-3.44977,,,,,,0
3633,2,3633,Gossypium,"",eukaryota,false,,,,0.12083274736373094,4,,,91.6497,57.0,10^-21.6689,,,,,,137.17537644467555,4541,,,42.6216,72.8067,10^-10.0197,,,,,"[47621, 47602, 47600, 34290, 34287, 29730, 3634]",0
47621,1,3633,Gossypium australe,"",eukaryota,false,,,,,,,,,,,,,,,,0.06041637368186547,2,,,58.0,32.0,10^-4.15938,,,,,,0
47602,1,3633,Gossypium stocksii,"",eukaryota,false,,,,,,,,,,,,,,,,0.030208186840932735,1,,,54.5,33.0,10^-4.4023,,,,,,0
47600,1,3633,Gossypium anomalum,"",eukaryota,false,,,,,,,,,,,,,,,,0.0906245605227982,3,,,80.8333,31.6667,10^-7.51592,,,,,,0
34290,1,3633,Gossypium aridum,"",eukaryota,false,,,,,,,,,,,,,,,,0.030208186840932735,1,,,100.0,33.0,10^-12.251,,,,,,0
34287,1,3633,Gossypium davidsonii,"",eukaryota,false,,,,0.030208186840932735,1,,,100.0,101.0,10^-56.3801,,,,,,,,,,,,,,,,,,0
29730,1,3633,Gossypium raimondii,Peruvian cotton,eukaryota,false,,,,0.0906245605227982,3,,,88.8663,42.3333,10^-10.0985,,,,,,0.030208186840932735,1,,,100.0,29.0,10^-6.66154,,,,,,0
3634,1,3633,Gossypium barbadense,sea-island cotton,eukaryota,false,,,,,,,,,,,,,,,,136.93371094994808,4533,,,42.5171,72.9328,10^-10.0297,,,,,,0
3624,2,3624,Actinidia,"",eukaryota,false,,,,0.030208186840932735,1,,,92.308,65.0,10^-25.0069,,,,,,0.030208186840932735,1,,,100.0,30.0,10^-10.5575,,,,,"[165716, 165200]",0
165716,1,3624,Actinidia rufa,"",eukaryota,false,,,,,,,,,,,,,,,,0.030208186840932735,1,,,100.0,30.0,10^-10.5575,,,,,,0
165200,1,3624,Actinidia eriantha,"",eukaryota,false,,,,0.030208186840932735,1,,,92.308,65.0,10^-25.0069,,,,,,,,,,,,,,,,,,0
3603,2,3603,Vitis,"",eukaryota,false,,,,0.06041637368186547,2,,,86.051,41.0,10^-7.36951,,,,,,0.12083274736373094,4,,,82.575,33.0,10^-10.6077,,,,,"[103349, 29760]",0
103349,1,3603,Vitis rotundifolia,"",eukaryota,false,,,,,,,,,,,,,,,,0.030208186840932735,1,,,63.6,33.0,10^-3.95078,,,,,,0
29760,1,3603,Vitis vinifera,wine grape,eukaryota,false,,,,0.06041637368186547,2,,,86.051,41.0,10^-7.36951,,,,,,0.0906245605227982,3,,,88.9,33.0,10^-12.8266,,,,,,0
3573,2,3573,Silene,campions,eukaryota,false,,,,,,,,,,,,,,,,0.030208186840932735,1,,,62.5,32.0,10^-4.48946,,,,,[39879],0
39879,1,3573,Silene dioica,red campion,eukaryota,false,,,,,,,,,,,,,,,,0.030208186840932735,1,,,62.5,32.0,10^-4.48946,,,,,,0
3561,2,3561,Spinacia,"",eukaryota,false,,,,,,,,,,,,,,,,0.030208186840932735,1,,,90.9,33.0,10^-9.00436,,,,,[3562],0
3562,1,3561,Spinacia oleracea,spinach,eukaryota,false,,,,,,,,,,,,,,,,0.030208186840932735,1,,,90.9,33.0,10^-9.00436,,,,,,0
3558,2,3558,Chenopodium,"",eukaryota,false,,,,0.12083274736373094,4,,,89.5342,38.25,10^-8.25432,,,,,,,,,,,,,,,,,[3559],0
3559,1,3558,Chenopodium album,"",eukaryota,false,,,,0.12083274736373094,4,,,89.5342,38.25,10^-8.25432,,,,,,,,,,,,,,,,,,0
3554,2,3554,Beta,"",eukaryota,false,,,,,,,,,,,,,,,,15.436383475716626,511,,,58.02,112.531,10^-33.0718,,,,,[161934],0
161934,1,3554,Beta vulgaris,"",eukaryota,false,,,,,,,,,,,,,,,,15.436383475716626,511,,,58.02,112.531,10^-33.0718,,,,,,0
3511,2,3511,Quercus,"",eukaryota,false,,,,0.21145730788652914,7,,,89.108,45.8571,10^-11.8303,,,,,,0.030208186840932735,1,,,97.0,33.0,10^-13.5735,,,,,"[103484, 103481, 58331]",0
103484,1,3511,Quercus dentata,"",eukaryota,false,,,,0.030208186840932735,1,,,90.476,42.0,10^-10.7867,,,,,,,,,,,,,,,,,,0
103481,1,3511,Quercus variabilis,"",eukaryota,false,,,,0.15104093420466366,5,,,89.5726,46.2,10^-12.2594,,,,,,,,,,,,,,,,,,0
58331,1,3511,Quercus suber,"",eukaryota,false,,,,0.030208186840932735,1,,,85.417,48.0,10^-10.7287,,,,,,0.030208186840932735,1,,,97.0,33.0,10^-13.5735,,,,,,0
3493,2,3493,Ficus,figs,eukaryota,false,,,,0.030208186840932735,1,,,100.0,87.0,10^-46.8383,,,,,,,,,,,,,,,,,[2930498],0
2930498,1,3493,Ficus howii,"",eukaryota,false,,,,0.030208186840932735,1,,,100.0,87.0,10^-46.8383,,,,,,,,,,,,,,,,,,0
3468,2,3468,Papaver,"",eukaryota,false,,,,,,,,,,,,,,,,0.030208186840932735,1,,,60.6,33.0,10^-3.85699,,,,,[3469],0
3469,1,3468,Papaver somniferum,opium poppy,eukaryota,false,,,,,,,,,,,,,,,,0.030208186840932735,1,,,60.6,33.0,10^-3.85699,,,,,,0
3459,2,3459,Coriaria,"",eukaryota,false,,,,0.06041637368186547,2,,,94.0595,101.0,10^-48.1458,,,,,,,,,,,,,,,,,[79760],0
79760,1,3459,Coriaria nepalensis,"",eukaryota,false,,,,0.06041637368186547,2,,,94.0595,101.0,10^-48.1458,,,,,,,,,,,,,,,,,,0
3445,2,3445,Ranunculus,buttercups,eukaryota,false,,,,0.030208186840932735,1,,,100.0,101.0,10^-56.3801,,,,,,,,,,,,,,,,,[633653],0
633653,1,3445,Ranunculus bungei,"",eukaryota,false,,,,0.030208186840932735,1,,,100.0,101.0,10^-56.3801,,,,,,,,,,,,,,,,,,0
3337,2,3337,Pinus,"",eukaryota,false,,,,0.3624982420911928,12,,,95.7435,77.5833,10^-36.0904,,,,,,,,,,,,,,,,,"[29805, 3352]",0
29805,1,3337,Pinus luchuensis,"",eukaryota,false,,,,0.030208186840932735,1,,,100.0,87.0,10^-46.8383,,,,,,,,,,,,,,,,,,0
3352,1,3337,Pinus taeda,loblolly pine,eukaryota,false,,,,0.33229005525026006,11,,,95.3565,76.7273,10^-35.1133,,,,,,,,,,,,,,,,,,0
3328,2,3328,Picea,"",eukaryota,false,,,,0.030208186840932735,1,,,88.889,36.0,10^-6.73655,,,,,,,,,,,,,,,,,[3329],0
3329,1,3328,Picea abies,Norway spruce,eukaryota,false,,,,0.030208186840932735,1,,,88.889,36.0,10^-6.73655,,,,,,,,,,,,,,,,,,0
3323,2,3323,Keteleeria,"",eukaryota,false,,,,,,,,,,,,,,,,0.06041637368186547,2,,,100.0,33.0,10^-12.9031,,,,,[3324],0
3324,1,3323,Keteleeria davidiana,"",eukaryota,false,,,,,,,,,,,,,,,,0.06041637368186547,2,,,100.0,33.0,10^-12.9031,,,,,,0
3196,2,3196,Marchantia,"",eukaryota,false,,,,,,,,,,,,,,,,0.5437473631367892,18,,,89.1674,61.3333,10^-32.2051,,,,,"[56867, 3197]",0
56867,1,3196,Marchantia paleacea,"",eukaryota,false,,,,,,,,,,,,,,,,0.030208186840932735,1,,,93.9,33.0,10^-13.7496,,,,,,0
3197,1,3196,Marchantia polymorpha,liverwort,eukaryota,false,,,,,,,,,,,,,,,,0.5135391762958564,17,,,88.889,63.0,10^-33.2907,,,,,,0
3174,2,3174,Klebsormidium,"",eukaryota,false,,,,,,,,,,,,,,,,0.030208186840932735,1,,,65.6,32.0,10^-4.40782,,,,,[105231],0
105231,1,3174,Klebsormidium nitens,"",eukaryota,false,,,,,,,,,,,,,,,,0.030208186840932735,1,,,65.6,32.0,10^-4.40782,,,,,,0
3087,2,3087,Scenedesmus,"",eukaryota,false,,,,,,,,,,,,,,,,0.06041637368186547,2,,,69.0,29.0,10^-5.17522,,,,,[2742167],0
2742167,1,3087,Scenedesmus sp. PABB004,"",eukaryota,false,,,,,,,,,,,,,,,,0.06041637368186547,2,,,69.0,29.0,10^-5.17522,,,,,,0
3071,2,3071,Chlorella,"",eukaryota,false,,,,,,,,,,,,,,,,0.06041637368186547,2,,,98.45,28.5,10^-7.15289,,,,,"[2649997, 3076]",0
2649997,1,3071,Chlorella ohadii,"",eukaryota,false,,,,,,,,,,,,,,,,0.030208186840932735,1,,,100.0,25.0,10^-4.44249,,,,,,0
3076,1,3071,Chlorella sorokiniana,"",eukaryota,false,,,,,,,,,,,,,,,,0.030208186840932735,1,,,96.9,32.0,10^-9.86328,,,,,,0
3066,2,3066,Volvox,"",eukaryota,false,,,,0.0906245605227982,3,,,90.5687,38.3333,10^-8.76939,,,,,,0.030208186840932735,1,,,63.6,33.0,10^-4.1343,,,,,"[51714, 3067]",0
51714,1,3066,Volvox africanus,"",eukaryota,false,,,,,,,,,,,,,,,,0.030208186840932735,1,,,63.6,33.0,10^-4.1343,,,,,,0
3067,1,3066,Volvox carteri,"",eukaryota,false,,,,0.0906245605227982,3,,,90.5687,38.3333,10^-8.76939,,,,,,,,,,,,,,,,,,0
3052,2,3052,Chlamydomonas,"",eukaryota,false,,,,,,,,,,,,,,,,0.030208186840932735,1,,,66.7,33.0,10^-6.17783,,,,,[1653778],0
1653778,1,3052,Chlamydomonas sp. UWO 241,"",eukaryota,false,,,,,,,,,,,,,,,,0.030208186840932735,1,,,66.7,33.0,10^-6.17783,,,,,,0
3044,2,3044,Dunaliella,"",eukaryota,false,,,,0.030208186840932735,1,,,91.892,37.0,10^-8.78321,,,,,,,,,,,,,,,,,[257627],0
257627,1,3044,Dunaliella primolecta,"",eukaryota,false,,,,0.030208186840932735,1,,,91.892,37.0,10^-8.78321,,,,,,,,,,,,,,,,,,0
2949,2,2949,Symbiodinium,"",eukaryota,false,,,,,,,,,,,,,,,,0.06041637368186547,2,,,69.8,29.0,10^-4.1355,,,,,"[1628268, 2951]",0
1628268,1,2949,Symbiodinium necroappetens,"",eukaryota,false,,,,,,,,,,,,,,,,0.030208186840932735,1,,,58.1,31.0,10^-3.72125,,,,,,0
2951,1,2949,Symbiodinium microadriaticum,"",eukaryota,false,,,,,,,,,,,,,,,,0.030208186840932735,1,,,81.5,27.0,10^-4.54975,,,,,,0
2902,2,2902,Emiliania,"",eukaryota,false,,,,0.06041637368186547,2,,,91.892,37.0,10^-8.78321,,,,,,,,,,,,,,,,,[2903],0
2903,1,2902,Emiliania huxleyi,"",eukaryota,false,,,,0.06041637368186547,2,,,91.892,37.0,10^-8.78321,,,,,,,,,,,,,,,,,,0
2857,2,2857,Nitzschia,"",eukaryota,false,,,,0.030208186840932735,1,,,94.521,73.0,10^-31.8184,,,,,,,,,,,,,,,,,[303400],0
303400,1,2857,Nitzschia palea,"",eukaryota,false,,,,0.030208186840932735,1,,,94.521,73.0,10^-31.8184,,,,,,,,,,,,,,,,,,0
2849,2,2849,Phaeodactylum,"",eukaryota,false,,,,,,,,,,,,,,,,0.030208186840932735,1,,,75.0,32.0,10^-7.18177,,,,,[2850],0
2850,1,2849,Phaeodactylum tricornutum,"",eukaryota,false,,,,,,,,,,,,,,,,0.030208186840932735,1,,,75.0,32.0,10^-7.18177,,,,,,0
2747,2,2747,Carnobacterium,"",bacteria,false,,,,0.12083274736373094,4,,,98.7805,90.75,10^-48.0228,,,,,,0.15104093420466366,5,,,84.44,31.4,10^-9.95662,,,,,"[208596, 174587, 147709, 2751]",0
208596,1,2747,Carnobacterium sp. 17-4,"",bacteria,false,,,,0.06041637368186547,2,,,97.561,82.0,10^-40.6883,,,,,,,,,,,,,,,,,,0
174587,1,2747,Carnobacterium viridans,"",bacteria,false,,,,0.030208186840932735,1,,,100.0,99.0,10^-55.0164,,,,,,,,,,,,,,,,,,0
147709,1,2747,Carnobacterium inhibens,"",bacteria,false,,,,0.030208186840932735,1,,,100.0,100.0,10^-55.6982,,,,,,,,,,,,,,,,,,0
2751,1,2747,Carnobacterium maltaromaticum,"",bacteria,false,,,,,,,,,,,,,,,,0.15104093420466366,5,,,84.44,31.4,10^-9.95662,,,,,,0
2745,2,2745,Halomonas,"",bacteria,false,,,,4.803101707708304,159,,,98.1719,117.119,10^-54.8513,,,,,,703.3976305911187,23285,,,75.9139,130.702,10^-62.8599,,,,,"[3036127, 3035470, 2992143, 2768852, 2768851, 2733488, 2733487, 2587844, 2576841, 2518972, 2484813, 2109329, 2100158, 1855935, 1841443, 1610576, 1504981, 1231493, 1166948, 1118153, 664683, 507626, 341750, 258591, 232346, 229007, 173971, 28252, 2746]",0
3036127,1,2745,Halomonas sp. CKK8,"",bacteria,false,,,,0.0906245605227982,3,,,95.303,82.0,10^-39.8014,,,,,,,,,,,,,,,,,,0
3035470,1,2745,Halomonas sp. M1,"",bacteria,false,,,,0.030208186840932735,1,,,98.02,101.0,10^-53.6353,,,,,,,,,,,,,,,,,,0
2992143,1,2745,Halomonas sp. BDJS001,"",bacteria,false,,,,0.0906245605227982,3,,,97.36,101.0,10^-52.7204,,,,,,,,,,,,,,,,,,0
2768852,1,2745,Halomonas sp. 156,"",bacteria,false,,,,,,,,,,,,,,,,0.06041637368186547,2,,,85.95,32.0,10^-9.14498,,,,,,0
2768851,1,2745,Halomonas sp. 113,"",bacteria,false,,,,,,,,,,,,,,,,0.06041637368186547,2,,,91.85,24.5,10^-6.96507,,,,,,0
2733488,1,2745,Halomonas sulfidivorans,"",bacteria,false,,,,0.030208186840932735,1,,,100.0,60.0,10^-28.4726,,,,,,,,,,,,,,,,,,0
2733487,1,2745,Halomonas sp. MCCC 1A13316,"",bacteria,false,,,,0.06041637368186547,2,,,100.0,79.0,10^-41.3907,,,,,,,,,,,,,,,,,,0
2587844,1,2745,Halomonas sp. THAF5a,"",bacteria,false,,,,0.06041637368186547,2,,,98.02,101.0,10^-53.6353,,,,,,,,,,,,,,,,,,0
2576841,1,2745,Halomonas sp. PA16-9,"",bacteria,false,,,,0.0906245605227982,3,,,98.9555,96.0,10^-51.5994,,,,,,,,,,,,,,,,,,0
2518972,1,2745,Halomonas sp. EAR18,"",bacteria,false,,,,,,,,,,,,,,,,0.030208186840932735,1,,,78.8,33.0,10^-10.224,,,,,,0
2484813,1,2745,Halomonas sp. NO4,"",bacteria,false,,,,0.030208186840932735,1,,,90.909,99.0,10^-42.665,,,,,,,,,,,,,,,,,,0
2109329,1,2745,Halomonas sp. SYSU XM8,"",bacteria,false,,,,,,,,,,,,,,,,0.0906245605227982,3,,,90.4667,25.6667,10^-7.05297,,,,,,0
2100158,1,2745,Halomonas sp. 7P,"",bacteria,false,,,,0.030208186840932735,1,,,91.346,104.0,10^-46.0746,,,,,,,,,,,,,,,,,,0
1855935,1,2745,Halomonas sp. FTI21,"",bacteria,false,,,,0.030208186840932735,1,,,92.308,78.0,10^-32.4758,,,,,,,,,,,,,,,,,,0
1841443,1,2745,Halomonas sp. RS-22,"",bacteria,false,,,,0.06041637368186547,2,,,92.842,85.0,10^-37.2448,,,,,,,,,,,,,,,,,,0
1610576,1,2745,Halomonas sp. R57-5,"",bacteria,false,,,,0.0906245605227982,3,,,97.6833,100.667,10^-52.9506,,,,,,,,,,,,,,,,,,0
1504981,1,2745,Halomonas sp. KO116,"",bacteria,false,,,,0.0906245605227982,3,,,97.525,101.0,10^-52.9491,,,,,,,,,,,,,,,,,,0
1231493,1,2745,Halomonas sp. 10R1,"",bacteria,false,,,,0.15104093420466366,5,,,91.906,96.6,10^-42.6773,,,,,,,,,,,,,,,,,,0
1166948,1,2745,Halomonas xinjiangensis,"",bacteria,false,,,,0.06041637368186547,2,,,95.0,86.5,10^-39.6412,,,,,,,,,,,,,,,,,,0
1118153,1,2745,Halomonas sp. GFAJ-1,"",bacteria,false,,,,0.06041637368186547,2,,,97.674,86.0,10^-43.4124,,,,,,,,,,,,,,,,,,0
664683,1,2745,Halomonas titanicae,"",bacteria,false,,,,3.081235057775139,102,,,99.1072,130.865,10^-59.5625,,,,,,703.1559650963912,23277,,,75.9028,130.795,10^-62.9092,,,,,,0
507626,1,2745,Halomonas chromatireducens,"",bacteria,false,,,,0.06041637368186547,2,,,96.9445,97.0,10^-49.5361,,,,,,,,,,,,,,,,,,0
341750,1,2745,Halomonas sp. 146,"",bacteria,false,,,,0.030208186840932735,1,,,94.059,101.0,10^-48.1458,,,,,,,,,,,,,,,,,,0
258591,1,2745,Halomonas anticariensis,"",bacteria,false,,,,0.0906245605227982,3,,,97.6833,100.667,10^-52.9506,,,,,,,,,,,,,,,,,,0
232346,1,2745,Halomonas alkaliantarctica,"",bacteria,false,,,,0.0906245605227982,3,,,98.0133,100.667,10^-53.408,,,,,,,,,,,,,,,,,,0
229007,1,2745,Halomonas ventosae,"",bacteria,false,,,,0.2718736815683946,9,,,97.6193,97.8889,10^-51.0573,,,,,,,,,,,,,,,,,,0
173971,1,2745,uncultured Halomonas sp.,"",bacteria,false,,,,0.030208186840932735,1,,,100.0,81.0,10^-42.7522,,,,,,,,,,,,,,,,,,0
28252,1,2745,Halomonas halodenitrificans,"",bacteria,false,,,,0.06041637368186547,2,,,97.753,89.0,10^-45.456,,,,,,,,,,,,,,,,,,0
2746,1,2745,Halomonas elongata,"",bacteria,false,,,,0.030208186840932735,1,,,97.368,38.0,10^-12.2026,,,,,,,,,,,,,,,,,,0
2742,2,2742,Marinobacter,"",bacteria,false,,,,,,,,,,,,,,,,0.0906245605227982,3,,,92.3333,25.6667,10^-6.95346,,,,,"[2919747, 2743]",0
2919747,1,2742,Marinobacter salinexigens,"",bacteria,false,,,,,,,,,,,,,,,,0.030208186840932735,1,,,100.0,25.0,10^-6.88606,,,,,,0
2743,1,2742,Marinobacter nauticus,"",bacteria,false,,,,,,,,,,,,,,,,0.06041637368186547,2,,,88.5,26.0,10^-6.98716,,,,,,0
2737,2,2737,Vagococcus,"",bacteria,false,,,,0.030208186840932735,1,,,100.0,101.0,10^-56.3801,,,,,,,,,,,,,,,,,[81947],0
81947,1,2737,Vagococcus lutrae,"",bacteria,false,,,,0.030208186840932735,1,,,100.0,101.0,10^-56.3801,,,,,,,,,,,,,,,,,,0
2706,2,2706,Citrus,"",eukaryota,false,,,,0.030208186840932735,1,,,78.049,41.0,10^-3.24915,,,,,,0.12083274736373094,4,,,69.675,33.0,10^-6.00376,,,,,[2711],0
2711,1,2706,Citrus sinensis,sweet orange,eukaryota,false,,,,0.030208186840932735,1,,,78.049,41.0,10^-3.24915,,,,,,0.12083274736373094,4,,,69.675,33.0,10^-6.00376,,,,,,0
2701,2,2701,Gardnerella,"",bacteria,false,,,,,,,,,,,,,,,,0.24166549472746188,8,,,76.8915,46.0,10^-16.3772,,,,,[2702],1
2702,1,2701,Gardnerella vaginalis,"",bacteria,false,,,,,,,,,,,,,,,,0.24166549472746188,8,,,76.8915,46.0,10^-16.3772,,,,,,1
2433,2,2433,Roseobacter,"",bacteria,false,,,,0.030208186840932735,1,,,100.0,50.0,10^-21.69,,,,,,0.15104093420466366,5,,,73.7,31.8,10^-6.94962,,,,,"[351016, 114847]",0
351016,1,2433,Roseobacter sp. AzwK-3b,"",bacteria,false,,,,,,,,,,,,,,,,0.15104093420466366,5,,,73.7,31.8,10^-6.94962,,,,,,0
114847,1,2433,uncultured Roseobacter sp.,"",bacteria,false,,,,0.030208186840932735,1,,,100.0,50.0,10^-21.69,,,,,,,,,,,,,,,,,,0
2370,2,2370,Xylella,"",bacteria,false,,,,0.06041637368186547,2,,,96.875,64.0,10^-28.4446,,,,,,,,,,,,,,,,,[2371],0
2371,1,2370,Xylella fastidiosa,"",bacteria,false,,,,0.06041637368186547,2,,,96.875,64.0,10^-28.4446,,,,,,,,,,,,,,,,,,0
2335,2,2335,Thermotoga,"",bacteria,false,,,,,,,,,,,,,,,,0.06041637368186547,2,,,100.0,24.0,10^-5.63639,,,,,[1587550],0
1587550,1,2335,Thermotoga sp. TBYP3.1.4.1,"",bacteria,false,,,,,,,,,,,,,,,,0.06041637368186547,2,,,100.0,24.0,10^-5.63639,,,,,,0
2268,2,2268,Thermofilum,"",archaea,false,,,,,,,,,,,,,,,,0.030208186840932735,1,,,50.0,32.0,10^-3.18776,,,,,[1961369],0
1961369,1,2268,Thermofilum sp.,"",archaea,false,,,,,,,,,,,,,,,,0.030208186840932735,1,,,50.0,32.0,10^-3.18776,,,,,,0
2184,2,2184,Methanococcus,"",archaea,false,,,,0.030208186840932735,1,,,74.468,47.0,10^-3.18983,,,,,,,,,,,,,,,,,[2187],0
2187,1,2184,Methanococcus vannielii,"",archaea,false,,,,0.030208186840932735,1,,,74.468,47.0,10^-3.18983,,,,,,,,,,,,,,,,,,0
2132,2,2132,Spiroplasma,"",bacteria,false,,,,70.47569989989607,2333,,,93.3527,2827.79,10^-306.33,,,,,,0.12083274736373094,4,,,96.925,32.5,10^-12.6311,,,,,"[2935082, 1986474, 1176365, 614643, 2141]",0
2935082,1,2132,Spiroplasma endosymbiont of Lariophagus distinguendus,"",bacteria,false,,,,,,,,,,,,,,,,0.030208186840932735,1,,,96.9,32.0,10^-12.4067,,,,,,0
1986474,1,2132,Spiroplasma endosymbiont of Larinioides cornutus,"",bacteria,false,,,,2.748945002524879,91,,,98.9717,463.506,10^-300.576,,,,,,,,,,,,,,,,,,0
1176365,1,2132,Spiroplasma sp. crk,"",bacteria,false,,,,67.48508940264372,2234,,,93.12,2936.0,10^-307.653,,,,,,,,,,,,,,,,,,0
614643,1,2132,Spiroplasma endosymbiont of Drosophila atripex,"",bacteria,false,,,,0.030208186840932735,1,,,75.573,131.0,10^-32.9368,,,,,,,,,,,,,,,,,,0
2141,1,2132,Spiroplasma ixodetis,"",bacteria,false,,,,0.21145730788652914,7,,,96.5641,92.2857,10^-45.9346,,,,,,0.0906245605227982,3,,,96.9333,32.6667,10^-12.7059,,,,,,0
2053,2,2053,Gordonia,"",bacteria,false,,,,0.06041637368186547,2,,,94.118,85.0,10^-38.6141,,,,,,0.0906245605227982,3,,,67.5667,29.3333,10^-6.04936,,,,,"[249058, 36823, 36822]",0
249058,1,2053,Gordonia otitidis,"",bacteria,false,,,,0.06041637368186547,2,,,94.118,85.0,10^-38.6141,,,,,,,,,,,,,,,,,,0
36823,1,2053,Gordonia sputi,"",bacteria,false,,,,,,,,,,,,,,,,0.06041637368186547,2,,,60.7,28.0,10^-3.06198,,,,,,0
36822,1,2053,Gordonia rubripertincta,"",bacteria,false,,,,,,,,,,,,,,,,0.030208186840932735,1,,,81.3,32.0,10^-12.0241,,,,,,0
2050,2,2050,Mobiluncus,"",bacteria,false,,,,,,,,,,,,,,,,0.030208186840932735,1,,,93.9,33.0,10^-10.9355,,,,,[2052],0
2052,1,2050,Mobiluncus mulieris,"",bacteria,false,,,,,,,,,,,,,,,,0.030208186840932735,1,,,93.9,33.0,10^-10.9355,,,,,,0
2034,2,2034,Curtobacterium,"",bacteria,false,,,,0.12083274736373094,4,,,99.7525,101.0,10^-56.037,,,,,,0.1812491210455964,6,,,78.0,50.0,10^-18.8268,,,,,"[2653136, 2070337, 2035]",0
2653136,1,2034,Curtobacterium sp. 8I-2,"",bacteria,false,,,,,,,,,,,,,,,,0.1812491210455964,6,,,78.0,50.0,10^-18.8268,,,,,,0
2070337,1,2034,Curtobacterium sp. SGAir0471,"",bacteria,false,,,,0.06041637368186547,2,,,100.0,101.0,10^-56.3801,,,,,,,,,,,,,,,,,,0
2035,1,2034,Curtobacterium flaccumfaciens,"",bacteria,false,,,,0.06041637368186547,2,,,99.505,101.0,10^-55.6939,,,,,,,,,,,,,,,,,,0
2013,2,2013,Nocardiopsis,"",bacteria,false,,,,0.06041637368186547,2,,,95.0,89.5,10^-41.6826,,,,,,,,,,,,,,,,,"[2831968, 53437]",0
2831968,1,2013,Nocardiopsis akebiae,"",bacteria,false,,,,0.030208186840932735,1,,,90.0,100.0,10^-41.9745,,,,,,,,,,,,,,,,,,0
53437,1,2013,Nocardiopsis alba,"",bacteria,false,,,,0.030208186840932735,1,,,100.0,79.0,10^-41.3907,,,,,,,,,,,,,,,,,,0
2000,2,2000,Streptosporangium,"",bacteria,false,,,,,,,,,,,,,,,,0.3020818684093273,10,,,62.5455,78.9,10^-33.1427,,,,,[35764],0
35764,1,2000,Streptosporangium nondiastaticum,"",bacteria,false,,,,,,,,,,,,,,,,0.3020818684093273,10,,,62.5455,78.9,10^-33.1427,,,,,,0
1988,2,1988,Actinomadura,"",bacteria,false,,,,0.06041637368186547,2,,,91.753,97.0,10^-42.6739,,,,,,,,,,,,,,,,,[1991],0
1991,1,1988,Actinomadura cremea,"",bacteria,false,,,,0.06041637368186547,2,,,91.753,97.0,10^-42.6739,,,,,,,,,,,,,,,,,,0
1883,2,1883,Streptomyces,"",bacteria,false,,,,0.453122802613991,15,,,92.9265,53.2667,10^-19.4525,,,,,,679.8352448551911,22505,,,78.5224,106.68,10^-49.3742,,,,,"[3043615, 2782013, 2772433, 2748379, 2496836, 1725411, 1169025, 998084, 645465, 285530, 114687, 67581, 66371, 55404, 51201, 42237, 35619, 33899, 1969, 1919, 1915, 1886]",0
3043615,1,1883,Streptomyces sp. B-S-A12,"",bacteria,false,,,,,,,,,,,,,,,,0.030208186840932735,1,,,71.9,32.0,10^-6.19314,,,,,,0
2782013,1,1883,Streptomyces sp. A10(2020),"",bacteria,false,,,,0.030208186840932735,1,,,100.0,95.0,10^-52.2895,,,,,,,,,,,,,,,,,,0
2772433,1,1883,Streptomyces sp. KY75,"",bacteria,false,,,,0.030208186840932735,1,,,91.892,37.0,10^-8.78321,,,,,,,,,,,,,,,,,,0
2748379,1,1883,Streptomyces sp. UH6,"",bacteria,false,,,,,,,,,,,,,,,,0.030208186840932735,1,,,66.7,30.0,10^-5.21681,,,,,,0
2496836,1,1883,Streptomyces cyaneochromogenes,"",bacteria,false,,,,0.15104093420466366,5,,,90.776,43.4,10^-11.7333,,,,,,,,,,,,,,,,,,0
1725411,1,1883,Streptomyces sp. CdTB01,"",bacteria,false,,,,0.0906245605227982,3,,,96.536,38.3333,10^-11.9701,,,,,,,,,,,,,,,,,,0
1169025,1,1883,Streptomyces pratensis,"",bacteria,false,,,,,,,,,,,,,,,,0.030208186840932735,1,,,90.9,33.0,10^-12.1612,,,,,,0
998084,1,1883,Streptomyces himastatinicus,"",bacteria,false,,,,,,,,,,,,,,,,0.1812491210455964,6,,,89.5667,30.3333,10^-10.6238,,,,,,0
645465,1,1883,Streptomyces sp. e14,"",bacteria,false,,,,,,,,,,,,,,,,0.0906245605227982,3,,,88.8333,32.6667,10^-10.9864,,,,,,0
285530,1,1883,Streptomyces sviceus,"",bacteria,false,,,,,,,,,,,,,,,,0.06041637368186547,2,,,73.75,30.5,10^-5.27591,,,,,,0
114687,1,1883,Streptomyces auratus,"",bacteria,false,,,,0.030208186840932735,1,,,82.54,63.0,10^-15.4139,,,,,,,,,,,,,,,,,,0
67581,1,1883,Streptomyces viridosporus,"",bacteria,false,,,,,,,,,,,,,,,,0.030208186840932735,1,,,91.3,23.0,10^-5.57025,,,,,,0
66371,1,1883,Streptomyces fumigatiscleroticus,"",bacteria,false,,,,,,,,,,,,,,,,0.0906245605227982,3,,,83.7333,30.6667,10^-8.259,,,,,,0
55404,1,1883,Streptomyces netropsis,"",bacteria,false,,,,,,,,,,,,,,,,0.030208186840932735,1,,,72.7,33.0,10^-5.91009,,,,,,0
51201,1,1883,Streptomyces griseocarneus,"",bacteria,false,,,,,,,,,,,,,,,,679.019623810486,22478,,,78.5032,106.949,10^-49.5184,,,,,,0
42237,1,1883,Streptomyces eurythermus,"",bacteria,false,,,,,,,,,,,,,,,,0.06041637368186547,2,,,80.95,31.5,10^-7.58884,,,,,,0
35619,1,1883,Streptomyces griseoflavus,"",bacteria,false,,,,,,,,,,,,,,,,0.030208186840932735,1,,,88.0,25.0,10^-6.73518,,,,,,0
33899,1,1883,Streptomyces galilaeus,"",bacteria,false,,,,0.06041637368186547,2,,,89.474,38.0,10^-8.08544,,,,,,,,,,,,,,,,,,0
1969,1,1883,Streptomyces chartreusis,"",bacteria,false,,,,0.030208186840932735,1,,,97.03,101.0,10^-52.2629,,,,,,,,,,,,,,,,,,0
1919,1,1883,Streptomyces microflavus,"",bacteria,false,,,,0.030208186840932735,1,,,100.0,95.0,10^-52.2895,,,,,,,,,,,,,,,,,,0
1915,1,1883,Streptomyces lincolnensis,"",bacteria,false,,,,,,,,,,,,,,,,0.030208186840932735,1,,,62.5,40.0,10^-4.2652,,,,,,0
1886,1,1883,Streptomyces albidoflavus,"",bacteria,false,,,,,,,,,,,,,,,,0.12083274736373094,4,,,89.65,28.5,10^-9.43139,,,,,,0
1873,2,1873,Micromonospora,"",bacteria,false,,,,,,,,,,,,,,,,0.030208186840932735,1,,,90.9,33.0,10^-11.8297,,,,,[1839617],0
1839617,1,1873,Micromonospora parathelypteridis,"",bacteria,false,,,,,,,,,,,,,,,,0.030208186840932735,1,,,90.9,33.0,10^-11.8297,,,,,,0
1865,2,1865,Actinoplanes,"",bacteria,false,,,,0.030208186840932735,1,,,89.61,77.0,10^-29.0505,,,,,,,,,,,,,,,,,[3040509],0
3040509,1,1865,Actinoplanes oblitus,"",bacteria,false,,,,0.030208186840932735,1,,,89.61,77.0,10^-29.0505,,,,,,,,,,,,,,,,,,0
1860,2,1860,Geodermatophilus,"",bacteria,false,,,,0.030208186840932735,1,,,100.0,78.0,10^-40.71,,,,,,,,,,,,,,,,,[1861],0
1861,1,1860,Geodermatophilus obscurus,"",bacteria,false,,,,0.030208186840932735,1,,,100.0,78.0,10^-40.71,,,,,,,,,,,,,,,,,,0
1847,2,1847,Pseudonocardia,"",bacteria,false,,,,0.3020818684093273,10,,,99.0408,96.4,10^-52.0091,,,,,,,,,,,,,,,,,"[1688404, 1096868, 445576, 240495, 37331, 33907, 2074]",0
1688404,1,1847,Pseudonocardia sp. EC080610-09,"",bacteria,false,,,,0.030208186840932735,1,,,100.0,91.0,10^-49.5635,,,,,,,,,,,,,,,,,,0
1096868,1,1847,Pseudonocardia sp. EC080625-04,"",bacteria,false,,,,0.030208186840932735,1,,,100.0,91.0,10^-49.5635,,,,,,,,,,,,,,,,,,0
445576,1,1847,Pseudonocardia sp. AL041005-10,"",bacteria,false,,,,0.06041637368186547,2,,,99.505,99.0,10^-54.3303,,,,,,,,,,,,,,,,,,0
240495,1,1847,Pseudonocardia dioxanivorans,"",bacteria,false,,,,0.06041637368186547,2,,,100.0,100.0,10^-55.6982,,,,,,,,,,,,,,,,,,0
37331,1,1847,Pseudonocardia petroleophila,"",bacteria,false,,,,0.06041637368186547,2,,,95.699,93.0,10^-45.4369,,,,,,,,,,,,,,,,,,0
33907,1,1847,Pseudonocardia alni,"",bacteria,false,,,,0.030208186840932735,1,,,100.0,101.0,10^-56.3801,,,,,,,,,,,,,,,,,,0
2074,1,1847,Pseudonocardia autotrophica,"",bacteria,false,,,,0.030208186840932735,1,,,100.0,97.0,10^-53.6529,,,,,,,,,,,,,,,,,,0
1839,2,1839,Nocardioides,"",bacteria,false,,,,0.24166549472746188,8,,,96.5833,72.25,10^-33.9,,,,,,,,,,,,,,,,,"[3036374, 2996826, 2931390, 2518370, 433659]",0
3036374,1,1839,Nocardioides sp. BP30,"",bacteria,false,,,,0.06041637368186547,2,,,97.959,74.0,10^-36.6421,,,,,,,,,,,,,,,,,,0
2996826,1,1839,Nocardioides sp. Arc9.136,"",bacteria,false,,,,0.030208186840932735,1,,,100.0,99.0,10^-55.0164,,,,,,,,,,,,,,,,,,0
2931390,1,1839,Nocardioides sp. W7,"",bacteria,false,,,,0.06041637368186547,2,,,92.651,81.5,10^-36.2422,,,,,,,,,,,,,,,,,,0
2518370,1,1839,Nocardioides euryhalodurans,"",bacteria,false,,,,0.030208186840932735,1,,,100.0,52.0,10^-23.0453,,,,,,,,,,,,,,,,,,0
433659,1,1839,Nocardioides mesophilus,"",bacteria,false,,,,0.06041637368186547,2,,,95.723,58.0,10^-23.6846,,,,,,,,,,,,,,,,,,0
1835,2,1835,Saccharopolyspora,"",bacteria,false,,,,0.06041637368186547,2,,,100.0,74.0,10^-37.9881,,,,,,,,,,,,,,,,,[1836],0
1836,1,1835,Saccharopolyspora erythraea,"",bacteria,false,,,,0.06041637368186547,2,,,100.0,74.0,10^-37.9881,,,,,,,,,,,,,,,,,,0
1827,2,1827,Rhodococcus,"",bacteria,false,,,,0.4229146157730583,14,,,94.9601,153.643,10^-59.6232,,,,,,0.24166549472746188,8,,,87.7125,27.5,10^-6.99545,,,,,"[1653478, 334542, 260936, 103816, 37919, 1828]",0
1653478,1,1827,Rhodococcus sp. PBTS 1,"",bacteria,false,,,,0.1812491210455964,6,,,99.6377,90.0,10^-48.4274,,,,,,,,,,,,,,,,,,0
334542,1,1827,Rhodococcus qingshengii,"",bacteria,false,,,,0.030208186840932735,1,,,98.0,100.0,10^-52.9535,,,,,,,,,,,,,,,,,,0
260936,1,1827,Rhodococcus sp. RD6.2,"",bacteria,false,,,,,,,,,,,,,,,,0.0906245605227982,3,,,91.8,24.3333,10^-7.72891,,,,,,0
103816,1,1827,Rhodococcus pyridinivorans,"",bacteria,false,,,,0.1812491210455964,6,,,88.936,235.0,10^-72.4711,,,,,,,,,,,,,,,,,,0
37919,1,1827,Rhodococcus opacus,"",bacteria,false,,,,0.030208186840932735,1,,,100.0,101.0,10^-56.3801,,,,,,,,,,,,,,,,,,0
1828,1,1827,Rhodococcus fascians,"",bacteria,false,,,,,,,,,,,,,,,,0.15104093420466366,5,,,85.26,29.4,10^-6.55537,,,,,,0
1813,2,1813,Amycolatopsis,"",bacteria,false,,,,0.030208186840932735,1,,,96.0,100.0,10^-50.2087,,,,,,,,,,,,,,,,,[1896961],0
1896961,1,1813,Amycolatopsis sp. AA4,"",bacteria,false,,,,0.030208186840932735,1,,,96.0,100.0,10^-50.2087,,,,,,,,,,,,,,,,,,0
1763,2,1763,Mycobacterium,"",bacteria,false,,,,0.21145730788652914,7,,,95.9814,90.4286,10^-44.2755,,,,,,320.9317769980694,10624,,,56.2541,195.416,10^-47.1361,,,,,"[2675523, 1964395, 577492, 560555, 171292, 110505, 1773]",1
2675523,1,1763,Mycobacterium sp. DL440,"",bacteria,false,,,,0.030208186840932735,1,,,95.05,101.0,10^-49.5182,,,,,,,,,,,,,,,,,,0
1964395,1,1763,Mycobacterium ahvazicum,"",bacteria,false,,,,,,,,,,,,,,,,320.26719688756884,10602,,,56.1323,195.949,10^-47.2551,,,,,,0
577492,1,1763,Mycobacterium paraterrae,"",bacteria,false,,,,0.06041637368186547,2,,,96.97,99.0,10^-50.8993,,,,,,,,,,,,,,,,,,0
560555,1,1763,Mycobacterium mantenii,"",bacteria,false,,,,0.06041637368186547,2,,,96.703,91.0,10^-45.4464,,,,,,0.06041637368186547,2,,,100.0,30.0,10^-9.09151,,,,,,0
171292,1,1763,uncultured Mycobacterium sp.,"",bacteria,false,,,,,,,,,,,,,,,,0.030208186840932735,1,,,87.5,32.0,10^-11.3054,,,,,,0
110505,1,1763,Mycobacterium heckeshornense,"",bacteria,false,,,,0.06041637368186547,2,,,94.737,76.0,10^-33.8595,,,,,,,,,,,,,,,,,,0
1773,1,1763,Mycobacterium tuberculosis,"",bacteria,false,,,,,,,,,,,,,,,,0.5739555499777219,19,,,93.4474,31.3684,10^-10.5778,,,,,,1
1743,2,1743,Propionibacterium,"",bacteria,false,,,,,,,,,,,,,,,,0.12083274736373094,4,,,93.1,32.75,10^-12.7977,,,,,"[1203574, 1744]",0
1203574,1,1743,Propionibacterium sp. KPL1847,"",bacteria,false,,,,,,,,,,,,,,,,0.06041637368186547,2,,,95.45,33.0,10^-14.092,,,,,,0
1744,1,1743,Propionibacterium freudenreichii,"",bacteria,false,,,,,,,,,,,,,,,,0.06041637368186547,2,,,90.75,32.5,10^-11.5033,,,,,,0
1740,2,1740,Thermodesulfobacterium,"",bacteria,false,,,,,,,,,,,,,,,,0.030208186840932735,1,,,70.4,27.0,10^-3.72816,,,,,[1741],0
1741,1,1740,Thermodesulfobacterium commune,"",bacteria,false,,,,,,,,,,,,,,,,0.030208186840932735,1,,,70.4,27.0,10^-3.72816,,,,,,0
1716,2,1716,Corynebacterium,"",bacteria,false,,,,0.906245605227982,30,,,96.9789,69.8929,10^-32.4969,,,,,,14.832219738897972,491,,,75.132,32.8427,10^-7.62287,,,,,"[2823896, 2719119, 2487892, 702967, 556548, 156978, 61592, 43771, 43770, 43768, 38304, 38303, 1725, 1719, 1718, 1717]",2
2823896,1,1716,Corynebacterium sp. CCUG 61414,"",bacteria,false,,,,,,,,,,,,,,,,0.030208186840932735,1,,,100.0,32.0,10^-12.4377,,,,,,0
2719119,1,1716,Corynebacterium rouxii,"",bacteria,false,,,,,,,,,,,,,,,,0.12083274736373094,4,,,75.325,30.0,10^-4.89558,,,,,,0
2487892,1,1716,Corynebacterium urogenitale,"",bacteria,false,,,,0.06041637368186547,2,,,84.1505,85.0,10^-26.9491,,,,,,,,,,,,,,,,,,0
702967,1,1716,Corynebacterium sp. NML98-0116,"",bacteria,false,,,,0.030208186840932735,1,,,95.745,94.0,10^-46.1185,,,,,,0.030208186840932735,1,,,100.0,33.0,10^-11.6038,,,,,,0
556548,1,1716,Corynebacterium freiburgense,"",bacteria,false,,,,0.33229005525026006,11,,,97.222,36.0,10^-10.8537,,,,,,,,,,,,,,,,,,0
156978,1,1716,Corynebacterium imitans,"",bacteria,false,,,,0.06041637368186547,2,,,95.789,95.0,10^-46.8001,,,,,,0.06041637368186547,2,,,100.0,31.0,10^-9.4908,,,,,,0
61592,1,1716,Corynebacterium durum,"",bacteria,false,,,,0.06041637368186547,2,,,100.0,91.0,10^-49.5635,,,,,,,,,,,,,,,,,,0
43771,1,1716,Corynebacterium urealyticum,"",bacteria,false,,,,0.06041637368186547,2,,,98.4445,95.0,10^-50.2316,,,,,,,,,,,,,,,,,,0
43770,1,1716,Corynebacterium striatum,"",bacteria,false,,,,0.030208186840932735,1,,,94.444,36.0,10^-9.48129,,,,,,,,,,,,,,,,,,1
43768,1,1716,Corynebacterium matruchotii,"",bacteria,false,,,,,,,,,,,,,,,,0.030208186840932735,1,,,78.8,33.0,10^-7.89279,,,,,,0
38304,1,1716,Corynebacterium tuberculostearicum,"",bacteria,false,,,,0.12083274736373094,4,,,99.505,101.0,10^-55.6939,,,,,,,,,,,,,,,,,,0
38303,1,1716,Corynebacterium pseudogenitalium,"",bacteria,false,,,,0.030208186840932735,1,,,100.0,101.0,10^-56.3801,,,,,,9.696827975939408,321,,,75.6171,33.453,10^-9.2519,,,,,,0
1725,1,1716,Corynebacterium xerosis,"",bacteria,false,,,,0.06041637368186547,2,,,100.0,98.0,10^-54.3346,,,,,,,,,,,,,,,,,,0
1719,1,1716,Corynebacterium pseudotuberculosis,"",bacteria,false,,,,0.030208186840932735,1,,,100.0,101.0,10^-56.3801,,,,,,,,,,,,,,,,,,0
1718,1,1716,Corynebacterium glutamicum,"",bacteria,false,,,,0.030208186840932735,1,,,100.0,99.0,10^-55.0164,,,,,,,,,,,,,,,,,,0
1717,1,1716,Corynebacterium diphtheriae,"",bacteria,false,,,,,,,,,,,,,,,,4.86351808139017,161,,,73.4848,31.8788,10^-4.7207,,,,,,1
1678,2,1678,Bifidobacterium,"",bacteria,false,,,,,,,,,,,,,,,,0.0906245605227982,3,,,80.2667,30.3333,10^-7.19437,,,,,"[216816, 1685, 1680]",0
216816,1,1678,Bifidobacterium longum,"",bacteria,false,,,,,,,,,,,,,,,,0.030208186840932735,1,,,82.8,29.0,10^-4.55909,,,,,,0
1685,1,1678,Bifidobacterium breve,"",bacteria,false,,,,,,,,,,,,,,,,0.030208186840932735,1,,,80.6,31.0,10^-9.10679,,,,,,0
1680,1,1678,Bifidobacterium adolescentis,"",bacteria,false,,,,,,,,,,,,,,,,0.030208186840932735,1,,,77.4,31.0,10^-7.91721,,,,,,0
1663,2,1663,Arthrobacter,"",bacteria,false,,,,0.5135391762958564,17,,,95.1345,196.235,10^-81.8856,,,,,,0.21145730788652914,7,,,90.4429,31.1429,10^-9.87733,,,,,"[3043847, 2894192, 2886935, 2653130, 2292263, 2079227, 1357915, 1258920, 656366, 114050, 1667]",0
3043847,1,1663,Arthrobacter sp. EM1,"",bacteria,false,,,,0.030208186840932735,1,,,84.483,58.0,10^-14.7637,,,,,,,,,,,,,,,,,,0
2894192,1,1663,Arthrobacter sp. zg-Y820,"",bacteria,false,,,,0.030208186840932735,1,,,100.0,93.0,10^-50.9264,,,,,,,,,,,,,,,,,,0
2886935,1,1663,Arthrobacter caoxuetaonis,"",bacteria,false,,,,0.030208186840932735,1,,,100.0,93.0,10^-50.9264,,,,,,,,,,,,,,,,,,0
2653130,1,1663,Arthrobacter sp. 8AJ,"",bacteria,false,,,,,,,,,,,,,,,,0.030208186840932735,1,,,75.8,33.0,10^-7.30715,,,,,,0
2292263,1,1663,Arthrobacter sp. RT-1,"",bacteria,false,,,,,,,,,,,,,,,,0.12083274736373094,4,,,100.0,30.5,10^-11.8717,,,,,,0
2079227,1,1663,Arthrobacter sp. PGP41,"",bacteria,false,,,,0.030208186840932735,1,,,100.0,92.0,10^-50.2449,,,,,,,,,,,,,,,,,,0
1357915,1,1663,Arthrobacter sp. QXT-31,"",bacteria,false,,,,0.33229005525026006,11,,,94.0064,256.545,10^-102.742,,,,,,,,,,,,,,,,,,0
1258920,1,1663,Arthrobacter frigidicola,"",bacteria,false,,,,,,,,,,,,,,,,0.030208186840932735,1,,,60.6,33.0,10^-3.57512,,,,,,0
656366,1,1663,Arthrobacter alpinus,"",bacteria,false,,,,0.030208186840932735,1,,,100.0,99.0,10^-55.0164,,,,,,,,,,,,,,,,,,0
114050,1,1663,uncultured Arthrobacter sp.,"",bacteria,false,,,,0.030208186840932735,1,,,98.734,79.0,10^-40.0183,,,,,,,,,,,,,,,,,,0
1667,1,1663,Arthrobacter sp.,"",bacteria,false,,,,,,,,,,,,,,,,0.030208186840932735,1,,,96.7,30.0,10^-10.7721,,,,,,0
1654,2,1654,Actinomyces,"",bacteria,false,,,,1.1781192867963766,39,,,86.3016,89.6923,10^-17.8295,,,,,,0.2718736815683946,9,,,90.1778,26.5556,10^-6.74937,,,,,"[2708340, 653385, 649739, 544580, 249061, 103621]",0
2708340,1,1654,Actinomyces sp. zg-332,"",bacteria,false,,,,0.9666619789098475,32,,,83.9354,91.6562,10^-12.974,,,,,,,,,,,,,,,,,,0
653385,1,1654,Actinomyces sp. oral taxon 849,"",bacteria,false,,,,,,,,,,,,,,,,0.06041637368186547,2,,,79.65,27.0,10^-4.29068,,,,,,0
649739,1,1654,Actinomyces sp. oral taxon 848,"",bacteria,false,,,,0.030208186840932735,1,,,95.0,40.0,10^-12.1803,,,,,,,,,,,,,,,,,,0
544580,1,1654,Actinomyces oris,"",bacteria,false,,,,0.1812491210455964,6,,,97.4715,87.5,10^-44.6672,,,,,,0.06041637368186547,2,,,87.0,23.0,10^-4.22113,,,,,,0
249061,1,1654,uncultured Actinomyces sp.,"",bacteria,false,,,,,,,,,,,,,,,,0.030208186840932735,1,,,87.5,24.0,10^-5.04144,,,,,,0
103621,1,1654,Actinomyces urogenitalis,"",bacteria,false,,,,,,,,,,,,,,,,0.12083274736373094,4,,,97.7,28.75,10^-9.66983,,,,,,0
1649,2,1649,Kurthia,"",bacteria,false,,,,,,,,,,,,,,,,0.06041637368186547,2,,,81.5,30.0,10^-8.34604,,,,,[1650],0
1650,1,1649,Kurthia zopfii,"",bacteria,false,,,,,,,,,,,,,,,,0.06041637368186547,2,,,81.5,30.0,10^-8.34604,,,,,,0
1637,2,1637,Listeria,"",bacteria,false,,,,,,,,,,,,,,,,0.15104093420466366,5,,,91.4,26.6,10^-7.56468,,,,,[1639],1
1639,1,1637,Listeria monocytogenes,"",bacteria,false,,,,,,,,,,,,,,,,0.15104093420466366,5,,,91.4,26.6,10^-7.56468,,,,,,1
1578,2,1578,Lactobacillus,"",bacteria,false,,,,0.0906245605227982,3,,,100.0,153.0,10^-71.983,,,,,,0.12083274736373094,4,,,73.675,33.0,10^-5.88819,,,,,"[147802, 33959, 1591, 1584]",0
147802,1,1578,Lactobacillus iners,"",bacteria,false,,,,,,,,,,,,,,,,0.06041637368186547,2,,,75.2,32.5,10^-7.43883,,,,,,0
33959,1,1578,Lactobacillus johnsonii,"",bacteria,false,,,,0.0906245605227982,3,,,100.0,153.0,10^-71.983,,,,,,,,,,,,,,,,,,0
1591,1,1578,Lactobacillus sp.,"",bacteria,false,,,,,,,,,,,,,,,,0.030208186840932735,1,,,67.6,37.0,10^-4.39362,,,,,,0
1584,1,1578,Lactobacillus delbrueckii,"",bacteria,false,,,,,,,,,,,,,,,,0.030208186840932735,1,,,76.7,30.0,10^-4.2815,,,,,,0
1573,2,1573,Clavibacter,"",bacteria,false,,,,0.06041637368186547,2,,,100.0,101.0,10^-56.3801,,,,,,,,,,,,,,,,,[28447],0
28447,1,1573,Clavibacter michiganensis,"",bacteria,false,,,,0.06041637368186547,2,,,100.0,101.0,10^-56.3801,,,,,,,,,,,,,,,,,,0
1485,2,1485,Clostridium,"",bacteria,false,,,,0.12083274736373094,4,,,96.2363,89.0,10^-45.1245,,,,,,0.21145730788652914,7,,,78.9714,29.1429,10^-7.02492,,,,,"[46867, 1520, 1509, 1502, 1492, 1491]",2
46867,1,1485,Clostridium chauvoei,"",bacteria,false,,,,0.06041637368186547,2,,,99.49,99.5,10^-54.6711,,,,,,,,,,,,,,,,,,0
1520,1,1485,Clostridium beijerinckii,"",bacteria,false,,,,0.030208186840932735,1,,,85.965,57.0,10^-15.4574,,,,,,,,,,,,,,,,,,0
1509,1,1485,Clostridium sporogenes,"",bacteria,false,,,,,,,,,,,,,,,,0.030208186840932735,1,,,76.7,30.0,10^-8.26922,,,,,,0
1502,1,1485,Clostridium perfringens,"",bacteria,false,,,,,,,,,,,,,,,,0.12083274736373094,4,,,84.375,28.0,10^-7.45415,,,,,,1
1492,1,1485,Clostridium butyricum,"",bacteria,false,,,,0.030208186840932735,1,,,100.0,100.0,10^-55.6982,,,,,,,,,,,,,,,,,,0
1491,1,1485,Clostridium botulinum,"",bacteria,false,,,,,,,,,,,,,,,,0.06041637368186547,2,,,69.3,31.0,10^-5.5443,,,,,,1
1386,2,1386,Bacillus,"",bacteria,false,,,,0.453122802613991,15,,,95.0199,65.0,10^-28.8937,,,,,,0.453122802613991,15,,,92.6692,31.2308,10^-10.8638,,,,,"[2233998, 2054913, 2026191, 1648923, 492670, 260554, 1428, 1405, 1396]",1
2233998,1,1386,Bacillus sp. COPE52,"",bacteria,false,,,,,,,,,,,,,,,,0.06041637368186547,2,,,98.45,32.0,10^-14.5975,,,,,,0
2054913,1,1386,Bacillus sp. mrc49,"",bacteria,false,,,,,,,,,,,,,,,,0.030208186840932735,1,,,100.0,33.0,10^-10.6216,,,,,,0
2026191,1,1386,Bacillus luti,"",bacteria,false,,,,0.06041637368186547,2,,,100.0,101.0,10^-56.3801,,,,,,,,,,,,,,,,,,0
1648923,1,1386,Bacillus paralicheniformis,"",bacteria,false,,,,,,,,,,,,,,,,0.030208186840932735,1,,,97.0,33.0,10^-17.8827,,,,,,0
492670,1,1386,Bacillus velezensis,"",bacteria,false,,,,,,,,,,,,,,,,0.030208186840932735,1,,,90.6,32.0,10^-11.9957,,,,,,0
260554,1,1386,Bacillus halotolerans,"",bacteria,false,,,,0.1812491210455964,6,,,93.1833,38.8333,10^-10.478,,,,,,,,,,,,,,,,,,0
1428,1,1386,Bacillus thuringiensis,"",bacteria,false,,,,0.12083274736373094,4,,,97.6325,85.5,10^-44.1304,,,,,,,,,,,,,,,,,,0
1405,1,1386,Bacillus mycoides,"",bacteria,false,,,,0.06041637368186547,2,,,87.834,49.0,10^-12.7791,,,,,,,,,,,,,,,,,,0
1396,1,1386,Bacillus cereus,"",bacteria,false,,,,0.030208186840932735,1,,,100.0,100.0,10^-55.6982,,,,,,0.3020818684093273,10,,,90.025,30.5,10^-8.94182,,,,,,1
1378,2,1378,Gemella,"",bacteria,false,,,,12.59681391266895,417,,,89.971,101.198,10^-26.4874,,,,,,0.15104093420466366,5,,,96.74,30.8,10^-10.1002,,,,,"[29391, 1379]",0
29391,1,1378,Gemella morbillorum,"",bacteria,false,,,,5.437473631367892,180,,,89.0984,99.0414,10^-24.0783,,,,,,0.15104093420466366,5,,,96.74,30.8,10^-10.1002,,,,,,0
1379,1,1378,Gemella haemolysans,"",bacteria,false,,,,7.159340281301058,237,,,90.6624,102.907,10^-28.3964,,,,,,,,,,,,,,,,,,0
1375,2,1375,Aerococcus,"",bacteria,false,,,,0.06041637368186547,2,,,100.0,94.0,10^-51.608,,,,,,,,,,,,,,,,,[51665],0
51665,1,1375,Aerococcus urinaeequi,"",bacteria,false,,,,0.06041637368186547,2,,,100.0,94.0,10^-51.608,,,,,,,,,,,,,,,,,,0
1357,2,1357,Lactococcus,lactic streptococci,bacteria,false,,,,0.2718736815683946,9,,,100.0,96.7778,10^-53.5039,,,,,,0.06041637368186547,2,,,100.0,33.0,10^-11.9318,,,,,[1358],0
1358,1,1357,Lactococcus lactis,"",bacteria,false,,,,0.2718736815683946,9,,,100.0,96.7778,10^-53.5039,,,,,,0.06041637368186547,2,,,100.0,33.0,10^-11.9318,,,,,,0
1350,2,1350,Enterococcus,"",bacteria,false,,,,0.030208186840932735,1,,,96.341,82.0,10^-39.3159,,,,,,0.2718736815683946,9,,,94.65,32.25,10^-12.9206,,,,,"[1352, 1351]",2
1352,1,1350,Enterococcus faecium,"",bacteria,false,,,,,,,,,,,,,,,,0.06041637368186547,2,,,93.95,33.0,10^-13.3351,,,,,,1
1351,1,1350,Enterococcus faecalis,"",bacteria,false,,,,0.030208186840932735,1,,,96.341,82.0,10^-39.3159,,,,,,0.21145730788652914,7,,,94.8833,32.0,10^-12.7824,,,,,,1
1301,2,1301,Streptococcus,"",bacteria,false,,,,0.7854128578642511,26,,,99.6067,95.5833,10^-52.0614,,,,,,153.51800552562014,5082,,,57.4756,174.262,10^-54.9167,,,,,"[28037, 1346, 1338, 1336, 1328, 1314, 1313, 1311, 1309, 1308, 1307, 1305, 1304, 1303]",11
28037,1,1301,Streptococcus mitis,"",bacteria,false,,,,0.12083274736373094,4,,,98.5075,99.5,10^-53.2988,,,,,,0.06041637368186547,2,,,100.0,32.5,10^-9.12483,,,,,,1
1346,1,1301,Streptococcus iniae,"",bacteria,false,,,,,,,,,,,,,,,,0.0906245605227982,3,,,95.9667,26.3333,10^-6.24246,,,,,,1
1338,1,1301,Streptococcus intermedius,"",bacteria,false,,,,,,,,,,,,,,,,101.25784229080652,3352,,,56.3504,102.921,10^-26.7807,,,,,,0
1336,1,1301,Streptococcus equi,"",bacteria,false,,,,,,,,,,,,,,,,0.15104093420466366,5,,,89.62,30.0,10^-7.72566,,,,,,1
1328,1,1301,Streptococcus anginosus,"",bacteria,false,,,,,,,,,,,,,,,,0.0906245605227982,3,,,84.7667,32.6667,10^-9.49056,,,,,,1
1314,1,1301,Streptococcus pyogenes,"",bacteria,false,,,,0.030208186840932735,1,,,100.0,65.0,10^-31.8688,,,,,,35.19253766968664,1165,,,54.823,300.965,10^-106.292,,,,,,1
1313,1,1301,Streptococcus pneumoniae,"",bacteria,false,,,,0.2718736815683946,9,,,99.8889,96.2222,10^-52.9738,,,,,,0.5437473631367892,18,,,88.9889,30.1111,10^-9.46518,,,,,,1
1311,1,1301,Streptococcus agalactiae,"",bacteria,false,,,,,,,,,,,,,,,,0.12083274736373094,4,,,90.075,29.25,10^-8.65554,,,,,,1
1309,1,1301,Streptococcus mutans,"",bacteria,false,,,,,,,,,,,,,,,,0.06041637368186547,2,,,97.0,33.0,10^-16.1254,,,,,,1
1308,1,1301,Streptococcus thermophilus,"",bacteria,false,,,,0.06041637368186547,2,,,100.0,100.5,10^-56.0391,,,,,,0.06041637368186547,2,,,100.0,32.5,10^-9.85809,,,,,,0
1307,1,1301,Streptococcus suis,"",bacteria,false,,,,0.12083274736373094,4,,,100.0,100.5,10^-56.0391,,,,,,15.859298091489686,525,,,65.031,163.0,10^-46.3028,,,,,,1
1305,1,1301,Streptococcus sanguinis,"",bacteria,false,,,,0.06041637368186547,2,,,100.0,101.0,10^-56.3801,,,,,,,,,,,,,,,,,,1
1304,1,1301,Streptococcus salivarius,"",bacteria,false,,,,,,,,,,,,,,,,0.030208186840932735,1,,,100.0,33.0,10^-14.4763,,,,,,0
1303,1,1301,Streptococcus oralis,"",bacteria,false,,,,0.12083274736373094,4,,,99.3825,90.25,10^-47.6824,,,,,,,,,,,,,,,,,,1
1298,2,1298,Deinococcus,"",bacteria,false,,,,0.0906245605227982,3,,,97.3683,80.0,10^-40.7393,,,,,,0.030208186840932735,1,,,66.7,33.0,10^-4.13608,,,,,"[1182568, 502394, 401558]",0
1182568,1,1298,Deinococcus puniceus,"",bacteria,false,,,,0.030208186840932735,1,,,92.105,38.0,10^-9.45781,,,,,,,,,,,,,,,,,,0
502394,1,1298,Deinococcus gobiensis,"",bacteria,false,,,,0.06041637368186547,2,,,100.0,101.0,10^-56.3801,,,,,,,,,,,,,,,,,,0
401558,1,1298,Deinococcus cellulosilyticus,"",bacteria,false,,,,,,,,,,,,,,,,0.030208186840932735,1,,,66.7,33.0,10^-4.13608,,,,,,0
1279,2,1279,Staphylococcus,"",bacteria,false,,,,0.4229146157730583,14,,,97.8555,80.8571,10^-41.3134,,,,,,936.4537920689147,31000,,,87.1874,38.9154,10^-18.6007,,,,,"[2664181, 155085, 46126, 29385, 1290, 1283, 1282, 1280]",4
2664181,1,1279,Staphylococcus sp. KY49P,"",bacteria,false,,,,,,,,,,,,,,,,0.030208186840932735,1,,,100.0,32.0,10^-11.2899,,,,,,0
155085,1,1279,Staphylococcus lutrae,"",bacteria,false,,,,0.06041637368186547,2,,,92.857,42.0,10^-12.1591,,,,,,,,,,,,,,,,,,0
46126,1,1279,Staphylococcus chromogenes,"",bacteria,false,,,,0.030208186840932735,1,,,100.0,99.0,10^-55.0164,,,,,,,,,,,,,,,,,,0
29385,1,1279,Staphylococcus saprophyticus,"",bacteria,false,,,,,,,,,,,,,,,,0.0906245605227982,3,,,86.8667,33.0,10^-9.33021,,,,,,1
1290,1,1279,Staphylococcus hominis,"",bacteria,false,,,,,,,,,,,,,,,,934.3392189900494,30930,,,87.179,39.0,10^-18.6737,,,,,,0
1283,1,1279,Staphylococcus haemolyticus,"",bacteria,false,,,,0.0906245605227982,3,,,98.0393,67.3333,10^-32.1054,,,,,,,,,,,,,,,,,,1
1282,1,1279,Staphylococcus epidermidis,"",bacteria,false,,,,0.21145730788652914,7,,,98.5921,92.2857,10^-49.4796,,,,,,1.0572865394326456,35,,,87.6867,26.8,10^-10.4193,,,,,,1
1280,1,1279,Staphylococcus aureus,"",bacteria,false,,,,0.030208186840932735,1,,,100.0,101.0,10^-56.3801,,,,,,0.9364537920689148,31,,,88.5241,29.4138,10^-8.5401,,,,,,1
1269,2,1269,Micrococcus,"",bacteria,false,,,,0.06041637368186547,2,,,100.0,101.0,10^-56.3801,,,,,,,,,,,,,,,,,[455343],0
455343,1,1269,Micrococcus endophyticus,"",bacteria,false,,,,0.06041637368186547,2,,,100.0,101.0,10^-56.3801,,,,,,,,,,,,,,,,,,0
1263,2,1263,Ruminococcus,"",bacteria,false,,,,,,,,,,,,,,,,0.0906245605227982,3,,,72.6667,31.6667,10^-6.30658,,,,,[165186],0
165186,1,1263,uncultured Ruminococcus sp.,"",bacteria,false,,,,,,,,,,,,,,,,0.0906245605227982,3,,,72.6667,31.6667,10^-6.30658,,,,,,0
1243,2,1243,Leuconostoc,"",bacteria,false,,,,0.15104093420466366,5,,,100.0,98.0,10^-54.3347,,,,,,0.06041637368186547,2,,,100.0,31.0,10^-8.79588,,,,,"[115778, 1245, 1244]",0
115778,1,1243,Leuconostoc gasicomitatum,"",bacteria,false,,,,,,,,,,,,,,,,0.06041637368186547,2,,,100.0,31.0,10^-8.79588,,,,,,0
1245,1,1243,Leuconostoc mesenteroides,"",bacteria,false,,,,0.0906245605227982,3,,,100.0,100.0,10^-55.6982,,,,,,,,,,,,,,,,,,0
1244,1,1243,Leuconostoc gelidum,"",bacteria,false,,,,0.06041637368186547,2,,,100.0,95.0,10^-52.2895,,,,,,,,,,,,,,,,,,0
1218,2,1218,Prochlorococcus,"",bacteria,false,,,,0.06041637368186547,2,,,94.737,38.0,10^-10.8302,,,,,,,,,,,,,,,,,[1219],0
1219,1,1218,Prochlorococcus marinus,"",bacteria,false,,,,0.06041637368186547,2,,,94.737,38.0,10^-10.8302,,,,,,,,,,,,,,,,,,0
1186,2,1186,Calothrix,"",bacteria,false,,,,0.030208186840932735,1,,,99.01,101.0,10^-55.0077,,,,,,,,,,,,,,,,,[1954171],0
1954171,1,1186,Calothrix sp. NIES-2098,"",bacteria,false,,,,0.030208186840932735,1,,,99.01,101.0,10^-55.0077,,,,,,,,,,,,,,,,,,0
1177,2,1177,Nostoc,"",bacteria,false,,,,0.030208186840932735,1,,,99.01,101.0,10^-55.0077,,,,,,,,,,,,,,,,,[2005458],0
2005458,1,1177,Nostoc sp. NIES-4103,"",bacteria,false,,,,0.030208186840932735,1,,,99.01,101.0,10^-55.0077,,,,,,,,,,,,,,,,,,0
1129,2,1129,Synechococcus,"",bacteria,false,,,,,,,,,,,,,,,,0.0906245605227982,3,,,81.3667,25.0,10^-6.1301,,,,,[166314],0
166314,1,1129,Synechococcus sp. WH 8109,"",bacteria,false,,,,,,,,,,,,,,,,0.0906245605227982,3,,,81.3667,25.0,10^-6.1301,,,,,,0
1041,2,1041,Erythrobacter,"",bacteria,false,,,,0.030208186840932735,1,,,77.273,66.0,10^-11.9628,,,,,,,,,,,,,,,,,[2653850],0
2653850,1,1041,Erythrobacter sp. 3-20A1M,"",bacteria,false,,,,0.030208186840932735,1,,,77.273,66.0,10^-11.9628,,,,,,,,,,,,,,,,,,0
1013,2,1013,Weeksella,"",bacteria,false,,,,1.9031157709787623,63,,,96.0472,442.268,10^-263.93,,,,,,,,,,,,,,,,,"[1781240, 1014]",0
1781240,1,1013,Weeksella sp. W1,"",bacteria,false,,,,0.030208186840932735,1,,,95.05,101.0,10^-49.5182,,,,,,,,,,,,,,,,,,0
1014,1,1013,Weeksella virosa,"",bacteria,false,,,,1.8729075841378295,62,,,96.0653,448.473,10^-267.828,,,,,,,,,,,,,,,,,,0
963,2,963,Herbaspirillum,"",bacteria,false,,,,0.030208186840932735,1,,,97.03,101.0,10^-52.2629,,,,,,,,,,,,,,,,,[341045],0
341045,1,963,Herbaspirillum hiltneri,"",bacteria,false,,,,0.030208186840932735,1,,,97.03,101.0,10^-52.2629,,,,,,,,,,,,,,,,,,0
953,2,953,Wolbachia,"",bacteria,false,,,,79.81002963374428,2642,,,99.3788,1714.67,10^-290.483,,,,,,9.39474610753008,311,,,85.0556,76.6608,10^-38.825,,,,,"[3002579, 2954061, 2954046, 2954042, 2954025, 2954013, 2954006, 2953996, 2953984, 2953981, 2841588, 2493656, 1812115, 1301914, 1150948, 573241, 546165, 329647, 244204, 167957, 77039, 77038, 956, 955]",0
3002579,1,953,Wolbachia endosymbiont of Drosophila tsacasi,"",bacteria,false,,,,,,,,,,,,,,,,0.030208186840932735,1,,,100.0,33.0,10^-11.3224,,,,,,0
2954061,1,953,Wolbachia endosymbiont (group A) of Sympetrum striolatum,"",bacteria,false,,,,,,,,,,,,,,,,0.030208186840932735,1,,,100.0,33.0,10^-11.1524,,,,,,0
2954046,1,953,Wolbachia endosymbiont (group A) of Philonthus cognatus,"",bacteria,false,,,,0.24166549472746188,8,,,91.6227,167.5,10^-59.4277,,,,,,0.06041637368186547,2,,,81.8,27.5,10^-4.03885,,,,,,0
2954042,1,953,Wolbachia endosymbiont (group A) of Phalera bucephala,"",bacteria,false,,,,0.030208186840932735,1,,,100.0,100.0,10^-55.6982,,,,,,,,,,,,,,,,,,0
2954025,1,953,Wolbachia endosymbiont (group A) of Lasioglossum morio,"",bacteria,false,,,,0.0906245605227982,3,,,100.0,96.0,10^-52.9715,,,,,,,,,,,,,,,,,,0
2954013,1,953,Wolbachia endosymbiont (group B) of Eupeodes latifasciatus,"",bacteria,false,,,,0.06041637368186547,2,,,99.505,91.5,10^-49.2204,,,,,,,,,,,,,,,,,,0
2954006,1,953,Wolbachia endosymbiont (group A) of Epagoge grotiana,"",bacteria,false,,,,0.0906245605227982,3,,,99.67,101.0,10^-55.9226,,,,,,,,,,,,,,,,,,0
2953996,1,953,Wolbachia endosymbiont (group B) of Chorthippus brunneus,"",bacteria,false,,,,,,,,,,,,,,,,0.06041637368186547,2,,,62.5,32.0,10^-4.90666,,,,,,0
2953984,1,953,Wolbachia endosymbiont (group B) of Archips podanus,"",bacteria,false,,,,0.12083274736373094,4,,,92.9723,95.5,10^-43.3692,,,,,,0.2718736815683946,9,,,78.3238,55.0,10^-17.1122,,,,,,0
2953981,1,953,Wolbachia endosymbiont (group B) of Aporia crataegi,"",bacteria,false,,,,0.06041637368186547,2,,,90.169,92.0,10^-37.2118,,,,,,,,,,,,,,,,,,0
2841588,1,953,Wolbachia endosymbiont of Fragariocoptes setiger,"",bacteria,false,,,,,,,,,,,,,,,,0.06041637368186547,2,,,66.7,27.0,10^-3.76195,,,,,,0
2493656,1,953,Wolbachia endosymbiont of Trioza erytreae,"",bacteria,false,,,,0.12083274736373094,4,,,100.0,100.5,10^-56.0391,,,,,,,,,,,,,,,,,,0
1812115,1,953,Wolbachia endosymbiont of Dirofilaria (Dirofilaria) immitis,"",bacteria,false,,,,0.06041637368186547,2,,,98.5295,102.0,10^-55.0034,,,,,,,,,,,,,,,,,,0
1301914,1,953,Wolbachia endosymbiont of Pentalonia nigronervosa,"",bacteria,false,,,,,,,,,,,,,,,,2.2051976393880897,73,,,48.7946,94.1111,10^-20.4609,,,,,,0
1150948,1,953,Wolbachia endosymbiont of Glossina morsitans morsitans,"",bacteria,false,,,,,,,,,,,,,,,,0.06041637368186547,2,,,100.0,32.0,10^-12.3696,,,,,,0
573241,1,953,Wolbachia endosymbiont of Oryzaephilus surinamensis,"",bacteria,false,,,,,,,,,,,,,,,,0.12083274736373094,4,,,79.0,28.5,10^-6.03488,,,,,,0
546165,1,953,Wolbachia endosymbiont of Aedes aegypti,"",bacteria,false,,,,8.699957810188627,288,,,100.0,304.472,10^-245.906,,,,,,,,,,,,,,,,,,0
329647,1,953,Wolbachia endosymbiont of Culex molestus,"",bacteria,false,,,,,,,,,,,,,,,,6.222886489232144,206,,,100.0,76.7542,10^-51.332,,,,,,0
244204,1,953,uncultured Wolbachia sp.,"",bacteria,false,,,,0.1812491210455964,6,,,100.0,100.2,10^-55.8346,,,,,,,,,,,,,,,,,,0
167957,1,953,Wolbachia endosymbiont of Aedes albopictus,"",bacteria,false,,,,0.1812491210455964,6,,,100.0,92.0,10^-50.248,,,,,,,,,,,,,,,,,,0
77039,1,953,Wolbachia endosymbiont of Armadillidium vulgare,"",bacteria,false,,,,,,,,,,,,,,,,0.06041637368186547,2,,,96.3,27.0,10^-10.232,,,,,,0
77038,1,953,Wolbachia endosymbiont of Drosophila simulans,"",bacteria,false,,,,0.030208186840932735,1,,,100.0,76.0,10^-39.3489,,,,,,,,,,,,,,,,,,0
956,1,953,Wolbachia sp.,"",bacteria,false,,,,0.1812491210455964,6,,,100.0,88.4,10^-47.8024,,,,,,,,,,,,,,,,,,0
955,1,953,Wolbachia pipientis,"",bacteria,false,,,,69.66007885519089,2306,,,99.3471,1922.56,10^-301.232,,,,,,0.21145730788652914,7,,,88.8571,30.5714,10^-7.80166,,,,,,0
816,2,816,Bacteroides,"",bacteria,false,,,,0.030208186840932735,1,,,90.196,102.0,10^-43.3383,,,,,,0.030208186840932735,1,,,93.9,33.0,10^-12.1278,,,,,"[46506, 817]",0
46506,1,816,Bacteroides stercoris,"",bacteria,false,,,,0.030208186840932735,1,,,90.196,102.0,10^-43.3383,,,,,,,,,,,,,,,,,,0
817,1,816,Bacteroides fragilis,"",bacteria,false,,,,,,,,,,,,,,,,0.030208186840932735,1,,,93.9,33.0,10^-12.1278,,,,,,0
810,2,810,Chlamydia,"",bacteria,false,,,,,,,,,,,,,,,,0.6041637368186547,20,,,96.6489,46.25,10^-24.7526,,,,,"[83555, 813]",1
83555,1,810,Chlamydia abortus,"",bacteria,false,,,,,,,,,,,,,,,,0.5437473631367892,18,,,98.171,47.7778,10^-26.7621,,,,,,0
813,1,810,Chlamydia trachomatis,"",bacteria,false,,,,,,,,,,,,,,,,0.06041637368186547,2,,,82.95,32.5,10^-6.66706,,,,,,1
801,2,801,Symbiopectobacterium,"",bacteria,false,,,,0.030208186840932735,1,,,92.079,101.0,10^-45.4011,,,,,,,,,,,,,,,,,[2871826],0
2871826,1,801,Symbiopectobacterium purcellii,"",bacteria,false,,,,0.030208186840932735,1,,,92.079,101.0,10^-45.4011,,,,,,,,,,,,,,,,,,0
780,2,780,Rickettsia,"",bacteria,false,,,,,,,,,,,,,,,,1.0874947262735783,36,,,84.5333,30.7273,10^-9.49805,,,,,"[2884482, 1068590, 42862, 33989, 782]",2
2884482,1,780,Rickettsia endosymbiont of Ceutorhynchus assimilis,"",bacteria,false,,,,,,,,,,,,,,,,0.030208186840932735,1,,,83.3,30.0,10^-8.21467,,,,,,0
1068590,1,780,Rickettsia asembonensis,"",bacteria,false,,,,,,,,,,,,,,,,0.12083274736373094,4,,,79.4,24.0,10^-5.39315,,,,,,0
42862,1,780,Rickettsia felis,"",bacteria,false,,,,,,,,,,,,,,,,0.7552046710233183,25,,,88.3875,31.25,10^-10.7339,,,,,,1
33989,1,780,Rickettsia amblyommatis,"",bacteria,false,,,,,,,,,,,,,,,,0.030208186840932735,1,,,51.9,27.0,10^-3.60206,,,,,,0
782,1,780,Rickettsia prowazekii,"",bacteria,false,,,,,,,,,,,,,,,,0.15104093420466366,5,,,74.86,31.8,10^-6.64385,,,,,,1
776,2,776,Coxiella,"",bacteria,false,,,,,,,,,,,,,,,,0.0906245605227982,3,,,85.6667,32.3333,10^-9.00673,,,,,[2749996],0
2749996,1,776,Coxiella endosymbiont of Amblyomma nuttalli,"",bacteria,false,,,,,,,,,,,,,,,,0.0906245605227982,3,,,85.6667,32.3333,10^-9.00673,,,,,,0
773,2,773,Bartonella,"",bacteria,false,,,,1.933323957819695,64,,,98.8124,96.25,10^-51.7274,,,,,,0.06041637368186547,2,,,98.4,31.0,10^-8.62934,,,,,"[3057550, 2979331, 2979330, 2979321, 2979320, 2759660, 2267275, 1318743, 85701, 38323, 803]",2
3057550,1,773,Bartonella sp. TP,"",bacteria,false,,,,0.06041637368186547,2,,,98.0,100.0,10^-52.9535,,,,,,,,,,,,,,,,,,0
2979331,1,773,Bartonella sp. HY406,"",bacteria,false,,,,0.453122802613991,15,,,98.993,98.0667,10^-53.0996,,,,,,0.030208186840932735,1,,,100.0,31.0,10^-8.97469,,,,,,0
2979330,1,773,Bartonella sp. HY761,"",bacteria,false,,,,0.5739555499777219,19,,,99.08,99.0588,10^-53.7654,,,,,,0.030208186840932735,1,,,96.8,31.0,10^-8.284,,,,,,0
2979321,1,773,Bartonella sp. HY329,"",bacteria,false,,,,0.030208186840932735,1,,,89.796,49.0,10^-14.1507,,,,,,,,,,,,,,,,,,0
2979320,1,773,Bartonella sp. HY328,"",bacteria,false,,,,0.06041637368186547,2,,,92.7875,90.5,10^-40.9905,,,,,,,,,,,,,,,,,,0
2759660,1,773,Bartonella sp. HY038,"",bacteria,false,,,,0.6041637368186547,20,,,99.3399,98.8333,10^-54.0647,,,,,,,,,,,,,,,,,,0
2267275,1,773,Bartonella krasnovii,"",bacteria,false,,,,0.030208186840932735,1,,,100.0,55.0,10^-25.0795,,,,,,,,,,,,,,,,,,0
1318743,1,773,Bartonella ancashensis,"",bacteria,false,,,,0.030208186840932735,1,,,100.0,99.0,10^-55.0164,,,,,,,,,,,,,,,,,,0
85701,1,773,Bartonella tribocorum,"",bacteria,false,,,,0.030208186840932735,1,,,100.0,55.0,10^-25.0795,,,,,,,,,,,,,,,,,,0
38323,1,773,Bartonella henselae,"",bacteria,false,,,,0.030208186840932735,1,,,100.0,101.0,10^-56.3801,,,,,,,,,,,,,,,,,,1
803,1,773,Bartonella quintana,"",bacteria,false,,,,0.030208186840932735,1,,,100.0,101.0,10^-56.3801,,,,,,,,,,,,,,,,,,1
768,2,768,Anaplasma,"",bacteria,false,,,,,,,,,,,,,,,,0.030208186840932735,1,,,63.3,30.0,10^-3.451,,,,,[1872535],0
1872535,1,768,Anaplasma sp.,"",bacteria,false,,,,,,,,,,,,,,,,0.030208186840932735,1,,,63.3,30.0,10^-3.451,,,,,,0
745,2,745,Pasteurella,"",bacteria,false,,,,0.030208186840932735,1,,,85.714,42.0,10^-8.04198,,,,,,12.415564791623353,411,,,69.9953,37.0396,10^-9.27361,,,,,"[2827233, 752, 747]",1
2827233,1,745,Pasteurella atlantica,"",bacteria,false,,,,0.030208186840932735,1,,,85.714,42.0,10^-8.04198,,,,,,,,,,,,,,,,,,0
752,1,745,Pasteurella bettyae,"",bacteria,false,,,,,,,,,,,,,,,,0.030208186840932735,1,,,90.6,32.0,10^-8.27165,,,,,,0
747,1,745,Pasteurella multocida,"",bacteria,false,,,,,,,,,,,,,,,,12.385356604782421,410,,,69.9041,37.0619,10^-9.27804,,,,,,1
724,2,724,Haemophilus,"",bacteria,false,,,,0.15104093420466366,5,,,97.6762,68.0,10^-32.0081,,,,,,950.9537217525625,31480,,,93.9751,56.8136,10^-33.2707,,,,,"[249188, 729, 727]",2
249188,1,724,Haemophilus pittmaniae,"",bacteria,false,,,,,,,,,,,,,,,,0.15104093420466366,5,,,95.9333,30.0,10^-9.1578,,,,,,0
729,1,724,Haemophilus parainfluenzae,"",bacteria,false,,,,0.0906245605227982,3,,,99.2133,71.0,10^-35.0643,,,,,,0.030208186840932735,1,,,100.0,24.0,10^-7.53462,,,,,,1
727,1,724,Haemophilus influenzae,"",bacteria,false,,,,0.06041637368186547,2,,,95.3705,63.5,10^-27.4236,,,,,,950.7724726315168,31474,,,93.9738,56.8255,10^-33.281,,,,,,1
713,2,713,Actinobacillus,"",bacteria,false,,,,0.3020818684093273,10,,,100.0,88.6667,10^-47.9823,,,,,,0.906245605227982,30,,,76.9231,31.9615,10^-5.57345,,,,,[715],0
715,1,713,Actinobacillus pleuropneumoniae,"",bacteria,false,,,,0.3020818684093273,10,,,100.0,88.6667,10^-47.9823,,,,,,0.906245605227982,30,,,76.9231,31.9615,10^-5.57345,,,,,,0
702,2,702,Plesiomonas,"",bacteria,false,,,,5.981220994504682,198,,,99.4169,98.2125,10^-53.7263,,,,,,0.06041637368186547,2,,,91.65,31.0,10^-9.90838,,,,,[703],1
703,1,702,Plesiomonas shigelloides,"",bacteria,false,,,,5.981220994504682,198,,,99.4169,98.2125,10^-53.7263,,,,,,0.06041637368186547,2,,,91.65,31.0,10^-9.90838,,,,,,1
662,2,662,Vibrio,"",bacteria,false,,,,0.0906245605227982,3,,,96.33,80.0,10^-37.9572,,,,,,330.084857610872,10927,,,77.4917,73.2034,10^-33.4531,,,,,"[1583767, 766224, 659351, 170673, 114054, 29497, 29494, 680, 672, 670, 669, 666, 663]",4
1583767,1,662,Vibrio sp. PID23_8,"",bacteria,false,,,,,,,,,,,,,,,,0.030208186840932735,1,,,100.0,29.0,10^-10.3655,,,,,,0
766224,1,662,Vibrio jasicida,"",bacteria,false,,,,,,,,,,,,,,,,1.3291602210010403,44,,,80.6026,27.9487,10^-7.0371,,,,,,0
659351,1,662,Vibrio stylophorae,"",bacteria,false,,,,,,,,,,,,,,,,0.030208186840932735,1,,,93.9,33.0,10^-14.8827,,,,,,0
170673,1,662,Vibrio kanaloae,"",bacteria,false,,,,,,,,,,,,,,,,0.15104093420466366,5,,,86.64,29.6,10^-8.50361,,,,,,0
114054,1,662,uncultured Vibrio sp.,"",bacteria,false,,,,0.030208186840932735,1,,,98.529,68.0,10^-32.5354,,,,,,,,,,,,,,,,,,0
29497,1,662,Vibrio splendidus,"",bacteria,false,,,,,,,,,,,,,,,,17.309291059854456,573,,,71.8506,52.8662,10^-19.5245,,,,,,0
29494,1,662,Vibrio furnissii,"",bacteria,false,,,,,,,,,,,,,,,,0.06041637368186547,2,,,100.0,30.0,10^-13.4078,,,,,,0
680,1,662,Vibrio campbellii,"",bacteria,false,,,,,,,,,,,,,,,,2.990610497252341,99,,,91.3768,24.9821,10^-5.0331,,,,,,0
672,1,662,Vibrio vulnificus,"",bacteria,false,,,,,,,,,,,,,,,,0.030208186840932735,1,,,89.3,28.0,10^-5.49349,,,,,,1
670,1,662,Vibrio parahaemolyticus,"",bacteria,false,,,,0.030208186840932735,1,,,97.778,90.0,10^-46.1374,,,,,,6.947882973414528,230,,,87.1834,31.7953,10^-11.8732,,,,,,1
669,1,662,Vibrio harveyi,"",bacteria,false,,,,,,,,,,,,,,,,1.117702913114511,37,,,96.0086,24.6571,10^-6.90872,,,,,,0
666,1,662,Vibrio cholerae,"",bacteria,false,,,,0.030208186840932735,1,,,92.683,82.0,10^-35.1988,,,,,,299.99750351730296,9931,,,77.2521,78.0958,10^-36.3702,,,,,,1
663,1,662,Vibrio alginolyticus,"",bacteria,false,,,,,,,,,,,,,,,,0.0906245605227982,3,,,84.3,27.3333,10^-7.5643,,,,,,1
657,2,657,Photobacterium,"",bacteria,false,,,,0.030208186840932735,1,,,100.0,75.0,10^-38.6685,,,,,,0.12083274736373094,4,,,96.175,27.75,10^-8.64976,,,,,"[2204294, 318456, 265726, 38293]",1
2204294,1,657,Photobacterium malacitanum,"",bacteria,false,,,,,,,,,,,,,,,,0.030208186840932735,1,,,100.0,23.0,10^-3.66555,,,,,,0
318456,1,657,Photobacterium kishitanii,"",bacteria,false,,,,,,,,,,,,,,,,0.030208186840932735,1,,,100.0,23.0,10^-3.66555,,,,,,0
265726,1,657,Photobacterium halotolerans,"",bacteria,false,,,,,,,,,,,,,,,,0.06041637368186547,2,,,92.35,32.5,10^-13.634,,,,,,0
38293,1,657,Photobacterium damselae,"",bacteria,false,,,,0.030208186840932735,1,,,100.0,75.0,10^-38.6685,,,,,,,,,,,,,,,,,,1
642,2,642,Aeromonas,"",bacteria,false,,,,0.0906245605227982,3,,,95.825,95.0,10^-46.8019,,,,,,0.48333098945492375,16,,,97.3333,29.8667,10^-9.96357,,,,,"[2971819, 2056851, 654, 648, 647, 645, 644]",3
2971819,1,642,Aeromonas sp. CPF2-S1,"",bacteria,false,,,,,,,,,,,,,,,,0.030208186840932735,1,,,100.0,33.0,10^-15.7721,,,,,,0
2056851,1,642,Aeromonas sp. HMWF015,"",bacteria,false,,,,,,,,,,,,,,,,0.030208186840932735,1,,,100.0,33.0,10^-12.4413,,,,,,0
654,1,642,Aeromonas veronii,"",bacteria,false,,,,0.030208186840932735,1,,,91.089,101.0,10^-44.0287,,,,,,0.21145730788652914,7,,,97.5,28.0,10^-8.1972,,,,,,1
648,1,642,Aeromonas caviae,"",bacteria,false,,,,,,,,,,,,,,,,0.0906245605227982,3,,,91.6667,27.6667,10^-6.15298,,,,,,1
647,1,642,Aeromonas sp.,"",bacteria,false,,,,0.030208186840932735,1,,,100.0,101.0,10^-56.3801,,,,,,0.030208186840932735,1,,,100.0,33.0,10^-11.3979,,,,,,0
645,1,642,Aeromonas salmonicida,"",bacteria,false,,,,,,,,,,,,,,,,0.0906245605227982,3,,,100.0,32.6667,10^-14.0667,,,,,,0
644,1,642,Aeromonas hydrophila,"",bacteria,false,,,,0.030208186840932735,1,,,96.386,83.0,10^-39.9969,,,,,,,,,,,,,,,,,,1
637,2,637,Arsenophonus,"",bacteria,false,,,,0.15104093420466366,5,,,96.934,101.75,10^-52.4314,,,,,,0.2718736815683946,9,,,92.4111,31.1111,10^-9.4239,,,,,"[2879119, 2152761, 1231049, 536059, 235567, 638]",0
2879119,1,637,Arsenophonus apicola,"",bacteria,false,,,,0.030208186840932735,1,,,87.736,106.0,10^-41.9492,,,,,,0.06041637368186547,2,,,100.0,33.0,10^-13.053,,,,,,0
2152761,1,637,Arsenophonus endosymbiont of Aleurodicus floccissimus,"",bacteria,false,,,,,,,,,,,,,,,,0.030208186840932735,1,,,100.0,33.0,10^-13.0159,,,,,,0
1231049,1,637,Arsenophonus endosymbiont of Aphis craccivora,"",bacteria,false,,,,,,,,,,,,,,,,0.06041637368186547,2,,,83.1,32.5,10^-6.14848,,,,,,0
536059,1,637,Arsenophonus endosymbiont of Bemisia tabaci,"",bacteria,false,,,,0.06041637368186547,2,,,100.0,100.0,10^-55.6982,,,,,,,,,,,,,,,,,,0
235567,1,637,Arsenophonus endosymbiont of Trialeurodes vaporariorum,"",bacteria,false,,,,0.06041637368186547,2,,,100.0,100.5,10^-56.0391,,,,,,,,,,,,,,,,,,0
638,1,637,Arsenophonus nasoniae,son-killer infecting Nasonia vitripennis,bacteria,false,,,,,,,,,,,,,,,,0.12083274736373094,4,,,91.375,29.0,10^-8.34903,,,,,,0
635,2,635,Edwardsiella,"",bacteria,false,,,,0.7249964841823856,24,,,96.0395,101.0,10^-50.8906,,,,,,1.117702913114511,37,,,90.8245,68.2571,10^-30.6366,,,,,"[1263550, 636]",1
1263550,1,635,Edwardsiella piscicida,"",bacteria,false,,,,,,,,,,,,,,,,0.7249964841823856,24,,,90.576,76.6818,10^-31.6678,,,,,,0
636,1,635,Edwardsiella tarda,"",bacteria,false,,,,0.7249964841823856,24,,,96.0395,101.0,10^-50.8906,,,,,,0.39270642893212554,13,,,91.2451,54.0,10^-28.8914,,,,,,1
629,2,629,Yersinia,"",bacteria,false,,,,0.7854128578642511,26,,,97.6046,88.3043,10^-44.4511,,,,,,3.4135251130253987,113,,,92.4757,49.5556,10^-24.0729,,,,,"[1604335, 935293, 685706, 419257, 33060, 29486, 29485, 28152, 634, 633, 632, 631, 630]",3
1604335,1,629,Yersinia rochesterensis,"",bacteria,false,,,,0.06041637368186547,2,,,99.438,86.5,10^-45.8117,,,,,,,,,,,,,,,,,,0
935293,1,629,Yersinia entomophaga,"",bacteria,false,,,,0.06041637368186547,2,,,100.0,85.0,10^-45.476,,,,,,,,,,,,,,,,,,0
685706,1,629,Yersinia nurmii,"",bacteria,false,,,,,,,,,,,,,,,,0.6041637368186547,20,,,90.604,149.0,10^-96.4045,,,,,,0
419257,1,629,Yersinia massiliensis,"",bacteria,false,,,,0.030208186840932735,1,,,98.02,101.0,10^-53.6353,,,,,,,,,,,,,,,,,,0
33060,1,629,Yersinia mollaretii,"",bacteria,false,,,,0.12083274736373094,4,,,93.9518,99.5,10^-47.1231,,,,,,,,,,,,,,,,,,0
29486,1,629,Yersinia ruckeri,"",bacteria,false,,,,,,,,,,,,,,,,0.5135391762958564,17,,,88.3571,31.7857,10^-10.1274,,,,,,0
29485,1,629,Yersinia rohdei,"",bacteria,false,,,,0.33229005525026006,11,,,100.0,86.625,10^-46.583,,,,,,,,,,,,,,,,,,0
28152,1,629,Yersinia kristensenii,"",bacteria,false,,,,0.06041637368186547,2,,,100.0,86.0,10^-46.1571,,,,,,0.030208186840932735,1,,,100.0,18.0,10^-3.24185,,,,,,0
634,1,629,Yersinia bercovieri,"",bacteria,false,,,,,,,,,,,,,,,,0.030208186840932735,1,,,100.0,24.0,10^-5.70553,,,,,,0
633,1,629,Yersinia pseudotuberculosis,"",bacteria,false,,,,,,,,,,,,,,,,0.0906245605227982,3,,,68.3667,31.6667,10^-4.43853,,,,,,1
632,1,629,Yersinia pestis,"",bacteria,false,,,,,,,,,,,,,,,,1.5708257157285022,52,,,94.6308,29.1731,10^-9.78577,,,,,,1
631,1,629,Yersinia intermedia,"",bacteria,false,,,,,,,,,,,,,,,,0.030208186840932735,1,,,100.0,33.0,10^-11.7033,,,,,,0
630,1,629,Yersinia enterocolitica,"",bacteria,false,,,,0.12083274736373094,4,,,93.0505,81.0,10^-33.1733,,,,,,0.5437473631367892,18,,,94.0889,29.8889,10^-9.99913,,,,,,1
626,2,626,Xenorhabdus,"",bacteria,false,,,,0.21145730788652914,7,,,94.9971,90.1429,10^-42.9058,,,,,,74.07047413396707,2452,,,84.3317,54.3108,10^-24.393,,,,,"[3025876, 880157, 351676, 351675, 351614, 40578, 40576, 628]",0
3025876,1,626,Xenorhabdus sp. IM139775,"",bacteria,false,,,,,,,,,,,,,,,,0.030208186840932735,1,,,100.0,33.0,10^-11.068,,,,,,0
880157,1,626,Xenorhabdus khoisanae,"",bacteria,false,,,,,,,,,,,,,,,,0.030208186840932735,1,,,100.0,33.0,10^-11.4157,,,,,,0
351676,1,626,Xenorhabdus kozodoii,"",bacteria,false,,,,,,,,,,,,,,,,0.5739555499777219,19,,,80.4545,30.6364,10^-7.64128,,,,,,0
351675,1,626,Xenorhabdus mauleonii,"",bacteria,false,,,,,,,,,,,,,,,,0.030208186840932735,1,,,100.0,33.0,10^-11.6596,,,,,,0
351614,1,626,Xenorhabdus stockiae,"",bacteria,false,,,,,,,,,,,,,,,,72.8923548471707,2413,,,84.2368,54.7676,10^-24.7028,,,,,,0
40578,1,626,Xenorhabdus beddingii,"",bacteria,false,,,,,,,,,,,,,,,,0.030208186840932735,1,,,100.0,33.0,10^-11.4067,,,,,,0
40576,1,626,Xenorhabdus bovienii,"",bacteria,false,,,,0.030208186840932735,1,,,86.111,72.0,10^-22.904,,,,,,0.39270642893212554,13,,,91.1818,30.7273,10^-8.18824,,,,,,0
628,1,626,Xenorhabdus nematophila,"",bacteria,false,,,,0.1812491210455964,6,,,96.4782,93.1667,10^-46.2394,,,,,,0.0906245605227982,3,,,98.9667,32.6667,10^-11.0954,,,,,,0
620,2,620,Shigella,"",bacteria,false,,,,,,,,,,,,,,,,11.750984681122834,389,,,93.5365,31.0402,10^-13.8423,,,,,"[624, 623]",2
624,1,620,Shigella sonnei,"",bacteria,false,,,,,,,,,,,,,,,,11.509319186395372,381,,,93.5517,31.0185,10^-13.8909,,,,,,1
623,1,620,Shigella flexneri,"",bacteria,false,,,,,,,,,,,,,,,,0.24166549472746188,8,,,93.125,31.625,10^-12.5301,,,,,,1
613,2,613,Serratia,"",bacteria,false,,,,30.872766951433253,1022,,,97.0726,359.903,10^-277.537,,,,,,116.02964565602264,3841,,,96.7927,64.0757,10^-39.5845,,,,,"[3043309, 3043305, 2940614, 2773264, 2744256, 2703794, 2597702, 2233853, 1410619, 458197, 138074, 82996, 61652, 61651, 47917, 42906, 28151, 615, 614]",1
3043309,1,613,Serratia sp. Se-PFBMAAmG,"",bacteria,false,,,,,,,,,,,,,,,,0.06041637368186547,2,,,100.0,32.5,10^-13.9688,,,,,,0
3043305,1,613,Serratia sp. Se-RSBMAAmG,"",bacteria,false,,,,,,,,,,,,,,,,0.06041637368186547,2,,,100.0,32.0,10^-12.413,,,,,,0
2940614,1,613,Serratia sp. BIGb0234,"",bacteria,false,,,,,,,,,,,,,,,,0.030208186840932735,1,,,78.8,33.0,10^-10.2204,,,,,,0
2773264,1,613,Serratia sp. Tan611,"",bacteria,false,,,,,,,,,,,,,,,,0.030208186840932735,1,,,92.3,26.0,10^-6.28735,,,,,,0
2744256,1,613,Serratia sp. ME43,"",bacteria,false,,,,,,,,,,,,,,,,0.030208186840932735,1,,,95.8,24.0,10^-7.42597,,,,,,0
2703794,1,613,Serratia nevei,"",bacteria,false,,,,,,,,,,,,,,,,0.030208186840932735,1,,,100.0,33.0,10^-14.3716,,,,,,0
2597702,1,613,Serratia rhizosphaerae,"",bacteria,false,,,,0.06041637368186547,2,,,87.129,101.0,10^-38.5392,,,,,,,,,,,,,,,,,,0
2233853,1,613,Serratia sp. S1B,"",bacteria,false,,,,,,,,,,,,,,,,0.06041637368186547,2,,,77.25,33.0,10^-8.58949,,,,,,0
1410619,1,613,Serratia sp. DD3,"",bacteria,false,,,,,,,,,,,,,,,,0.030208186840932735,1,,,100.0,32.0,10^-12.5719,,,,,,0
458197,1,613,Serratia nematodiphila,"",bacteria,false,,,,,,,,,,,,,,,,0.06041637368186547,2,,,96.75,32.0,10^-10.1073,,,,,,0
138074,1,613,Serratia symbiotica,"",bacteria,false,,,,0.0906245605227982,3,,,97.7123,94.3333,10^-48.6356,,,,,,0.15104093420466366,5,,,99.4,31.2,10^-11.8024,,,,,,0
82996,1,613,Serratia plymuthica,"",bacteria,false,,,,0.15104093420466366,5,,,96.68,100.667,10^-51.5782,,,,,,0.15104093420466366,5,,,100.0,32.2,10^-12.987,,,,,,0
61652,1,613,Serratia rubidaea,"",bacteria,false,,,,28.5165283778405,944,,,96.923,392.487,10^-305.433,,,,,,0.15104093420466366,5,,,99.4,32.0,10^-13.1118,,,,,,0
61651,1,613,Serratia ficaria,"",bacteria,false,,,,0.030208186840932735,1,,,100.0,101.0,10^-56.3801,,,,,,,,,,,,,,,,,,0
47917,1,613,Serratia fonticola,"",bacteria,false,,,,0.0906245605227982,3,,,92.694,82.0,10^-36.1187,,,,,,0.21145730788652914,7,,,97.7714,32.2857,10^-12.4179,,,,,,0
42906,1,613,Serratia entomophila,"",bacteria,false,,,,0.06041637368186547,2,,,97.436,39.0,10^-12.8775,,,,,,,,,,,,,,,,,,0
28151,1,613,Serratia proteamaculans,"",bacteria,false,,,,,,,,,,,,,,,,0.030208186840932735,1,,,100.0,27.0,10^-10.5143,,,,,,0
615,1,613,Serratia marcescens,"",bacteria,false,,,,1.8426993972968968,61,,,99.2002,93.2759,10^-50.1513,,,,,,3.292692365661668,109,,,92.744,35.9149,10^-14.7455,,,,,,1
614,1,613,Serratia liquefaciens,"",bacteria,false,,,,0.030208186840932735,1,,,92.079,101.0,10^-45.4011,,,,,,111.64945856408738,3696,,,96.9706,65.9019,10^-41.1787,,,,,,0
590,2,590,Salmonella,"",bacteria,false,,,,47.910184329719314,1586,,,99.656,335.101,10^-75.162,,,,,,923.5548962878365,30573,,,92.1844,73.5447,10^-29.4876,,,,,[28901],1
28901,1,590,Salmonella enterica,"",bacteria,false,,,,47.910184329719314,1586,,,99.656,335.101,10^-75.162,,,,,,923.5548962878365,30573,,,92.1844,73.5447,10^-29.4876,,,,,,1
586,2,586,Providencia,"",bacteria,false,,,,3288.3725949434147,108857,,,99.4122,499.687,10^-269.347,,,,,,539.4880087922177,17859,,,94.014,54.6628,10^-29.1241,,,,,"[3084975, 3029276, 3015951, 2949960, 2949957, 2949947, 2949943, 2949942, 2949938, 2949930, 2949922, 2949919, 2949917, 2949914, 2949912, 2949911, 2949897, 2949895, 2949894, 2949892, 2949891, 2949885, 2949881, 2949878, 2949877, 2949871, 2949869, 2949868, 2949867, 2949860, 2949858, 2949856, 2949854, 2949853, 2949851, 2949847, 2949844, 2949842, 2949841, 2949840, 2949835, 2949834, 2949829, 2949828, 2949827, 2949825, 2949824, 2949823, 2949809, 2949800, 2949799, 2949798, 2949795, 2949792, 2949790, 2949769, 2949766, 2949764, 2949763, 2939731, 2923283, 2791982, 2724165, 2713151, 2713150, 2675156, 2675152, 2675150, 2675147, 2603245, 2603244, 2565573, 2027290, 990144, 516075, 516074, 390517, 333965, 333962, 158850, 126385, 589, 588, 587]",2
3084975,1,586,Providencia sp. 2023EL-00965,"",bacteria,false,,,,,,,,,,,,,,,,0.030208186840932735,1,,,100.0,33.0,10^-10.1759,,,,,,0
3029276,1,586,Providencia sp. G1(2023),"",bacteria,false,,,,,,,,,,,,,,,,0.2718736815683946,9,,,99.3333,32.5556,10^-12.8185,,,,,,0
3015951,1,586,Providencia sp. 21OH12SH02B-Prov,"",bacteria,false,,,,0.0906245605227982,3,,,95.8963,90.3333,10^-44.0773,,,,,,,,,,,,,,,,,,0
2949960,1,586,Providencia sp. PROV273,"",bacteria,false,,,,,,,,,,,,,,,,0.15104093420466366,5,,,100.0,32.8,10^-12.5268,,,,,,0
2949957,1,586,Providencia sp. PROV269,"",bacteria,false,,,,,,,,,,,,,,,,0.21145730788652914,7,,,98.6667,31.5,10^-10.4027,,,,,,0
2949947,1,586,Providencia sp. PROV259,"",bacteria,false,,,,,,,,,,,,,,,,0.030208186840932735,1,,,100.0,33.0,10^-8.07624,,,,,,0
2949943,1,586,Providencia sp. PROV255,"",bacteria,false,,,,,,,,,,,,,,,,0.2718736815683946,9,,,96.4111,28.8889,10^-7.60249,,,,,,0
2949942,1,586,Providencia sp. PROV254,"",bacteria,false,,,,,,,,,,,,,,,,0.1812491210455964,6,,,100.0,31.2,10^-10.8628,,,,,,0
2949938,1,586,Providencia sp. PROV247,"",bacteria,false,,,,,,,,,,,,,,,,0.06041637368186547,2,,,100.0,28.5,10^-8.4499,,,,,,0
2949930,1,586,Providencia sp. PROV239,"",bacteria,false,,,,,,,,,,,,,,,,0.030208186840932735,1,,,100.0,26.0,10^-7.54363,,,,,,0
2949922,1,586,Providencia sp. PROV230,"",bacteria,false,,,,,,,,,,,,,,,,0.0906245605227982,3,,,100.0,33.0,10^-12.879,,,,,,0
2949919,1,586,Providencia sp. PROV226,"",bacteria,false,,,,,,,,,,,,,,,,0.15104093420466366,5,,,100.0,31.8,10^-10.9875,,,,,,0
2949917,1,586,Providencia sp. PROV223,"",bacteria,false,,,,,,,,,,,,,,,,0.39270642893212554,13,,,100.0,32.0769,10^-10.5347,,,,,,0
2949914,1,586,Providencia sp. PROV219,"",bacteria,false,,,,,,,,,,,,,,,,0.030208186840932735,1,,,100.0,32.0,10^-11.8827,,,,,,0
2949912,1,586,Providencia sp. PROV216,"",bacteria,false,,,,,,,,,,,,,,,,0.030208186840932735,1,,,100.0,33.0,10^-11.5901,,,,,,0
2949911,1,586,Providencia sp. PROV215,"",bacteria,false,,,,,,,,,,,,,,,,0.453122802613991,15,,,98.0267,49.2667,10^-24.1989,,,,,,0
2949897,1,586,Providencia sp. PROV196,"",bacteria,false,,,,,,,,,,,,,,,,0.0906245605227982,3,,,97.9667,31.3333,10^-10.3447,,,,,,0
2949895,1,586,Providencia sp. PROV194,"",bacteria,false,,,,,,,,,,,,,,,,0.030208186840932735,1,,,100.0,23.0,10^-6.37779,,,,,,0
2949894,1,586,Providencia sp. PROV193,"",bacteria,false,,,,,,,,,,,,,,,,0.06041637368186547,2,,,100.0,30.5,10^-12.2492,,,,,,0
2949892,1,586,Providencia sp. PROV191,"",bacteria,false,,,,,,,,,,,,,,,,0.030208186840932735,1,,,100.0,32.0,10^-12.4461,,,,,,0
2949891,1,586,Providencia sp. PROV190,"",bacteria,false,,,,,,,,,,,,,,,,0.06041637368186547,2,,,98.5,33.0,10^-9.70677,,,,,,0
2949885,1,586,Providencia sp. PROV182,"",bacteria,false,,,,,,,,,,,,,,,,0.3020818684093273,10,,,100.0,55.2,10^-28.5942,,,,,,0
2949881,1,586,Providencia sp. PROV178,"",bacteria,false,,,,,,,,,,,,,,,,0.030208186840932735,1,,,100.0,33.0,10^-10.9245,,,,,,0
2949878,1,586,Providencia sp. PROV175,"",bacteria,false,,,,,,,,,,,,,,,,0.0906245605227982,3,,,100.0,33.0,10^-12.0357,,,,,,0
2949877,1,586,Providencia sp. PROV174,"",bacteria,false,,,,,,,,,,,,,,,,0.24166549472746188,8,,,98.4875,31.875,10^-11.7407,,,,,,0
2949871,1,586,Providencia sp. PROV164,"",bacteria,false,,,,,,,,,,,,,,,,0.030208186840932735,1,,,100.0,33.0,10^-12.2832,,,,,,0
2949869,1,586,Providencia sp. PROV160,"",bacteria,false,,,,,,,,,,,,,,,,0.030208186840932735,1,,,95.5,22.0,10^-4.67985,,,,,,0
2949868,1,586,Providencia sp. PROV158,"",bacteria,false,,,,,,,,,,,,,,,,0.030208186840932735,1,,,100.0,33.0,10^-10.6498,,,,,,0
2949867,1,586,Providencia sp. PROV157,"",bacteria,false,,,,,,,,,,,,,,,,0.030208186840932735,1,,,100.0,30.0,10^-11.3279,,,,,,0
2949860,1,586,Providencia sp. PROV150,"",bacteria,false,,,,,,,,,,,,,,,,0.0906245605227982,3,,,96.8667,32.0,10^-11.721,,,,,,0
2949858,1,586,Providencia sp. PROV148,"",bacteria,false,,,,,,,,,,,,,,,,0.15104093420466366,5,,,100.0,32.6,10^-10.3962,,,,,,0
2949856,1,586,Providencia sp. PROV146,"",bacteria,false,,,,,,,,,,,,,,,,0.0906245605227982,3,,,100.0,30.3333,10^-9.12737,,,,,,0
2949854,1,586,Providencia sp. PROV144,"",bacteria,false,,,,,,,,,,,,,,,,0.33229005525026006,11,,,98.1786,51.0,10^-13.2264,,,,,,0
2949853,1,586,Providencia sp. PROV143,"",bacteria,false,,,,,,,,,,,,,,,,0.030208186840932735,1,,,100.0,32.0,10^-12.3028,,,,,,0
2949851,1,586,Providencia sp. PROV141,"",bacteria,false,,,,,,,,,,,,,,,,0.39270642893212554,13,,,99.25,32.4167,10^-10.5194,,,,,,0
2949847,1,586,Providencia sp. PROV137,"",bacteria,false,,,,,,,,,,,,,,,,0.030208186840932735,1,,,100.0,33.0,10^-10.1073,,,,,,0
2949844,1,586,Providencia sp. PROV134,"",bacteria,false,,,,,,,,,,,,,,,,0.030208186840932735,1,,,100.0,33.0,10^-13.0555,,,,,,0
2949842,1,586,Providencia sp. PROV132,"",bacteria,false,,,,,,,,,,,,,,,,0.06041637368186547,2,,,100.0,33.0,10^-12.8116,,,,,,0
2949841,1,586,Providencia sp. PROV131,"",bacteria,false,,,,,,,,,,,,,,,,0.06041637368186547,2,,,100.0,32.5,10^-11.1262,,,,,,0
2949840,1,586,Providencia sp. PROV130,"",bacteria,false,,,,,,,,,,,,,,,,0.24166549472746188,8,,,100.0,29.875,10^-9.82583,,,,,,0
2949835,1,586,Providencia sp. PROV124,"",bacteria,false,,,,,,,,,,,,,,,,0.030208186840932735,1,,,100.0,24.0,10^-5.1343,,,,,,0
2949834,1,586,Providencia sp. PROV123,"",bacteria,false,,,,,,,,,,,,,,,,0.030208186840932735,1,,,100.0,33.0,10^-9.84164,,,,,,0
2949829,1,586,Providencia sp. PROV118,"",bacteria,false,,,,,,,,,,,,,,,,0.06041637368186547,2,,,100.0,33.0,10^-11.6016,,,,,,0
2949828,1,586,Providencia sp. PROV117,"",bacteria,false,,,,,,,,,,,,,,,,0.15104093420466366,5,,,99.4,33.0,10^-10.1406,,,,,,0
2949827,1,586,Providencia sp. PROV116,"",bacteria,false,,,,,,,,,,,,,,,,0.06041637368186547,2,,,100.0,33.0,10^-11.1373,,,,,,0
2949825,1,586,Providencia sp. PROV114,"",bacteria,false,,,,,,,,,,,,,,,,0.12083274736373094,4,,,99.25,30.75,10^-10.5401,,,,,,0
2949824,1,586,Providencia sp. PROV113,"",bacteria,false,,,,,,,,,,,,,,,,0.030208186840932735,1,,,100.0,33.0,10^-9.83565,,,,,,0
2949823,1,586,Providencia sp. PROV112,"",bacteria,false,,,,,,,,,,,,,,,,0.9364537920689148,31,,,98.7741,67.6129,10^-40.5517,,,,,,0
2949809,1,586,Providencia sp. PROV093,"",bacteria,false,,,,,,,,,,,,,,,,0.030208186840932735,1,,,100.0,33.0,10^-11.3325,,,,,,0
2949800,1,586,Providencia sp. PROV079,"",bacteria,false,,,,,,,,,,,,,,,,0.06041637368186547,2,,,100.0,32.5,10^-12.141,,,,,,0
2949799,1,586,Providencia sp. PROV077,"",bacteria,false,,,,,,,,,,,,,,,,0.06041637368186547,2,,,92.0,25.0,10^-6.06198,,,,,,0
2949798,1,586,Providencia sp. PROV076,"",bacteria,false,,,,,,,,,,,,,,,,0.030208186840932735,1,,,97.0,33.0,10^-10.4191,,,,,,0
2949795,1,586,Providencia sp. PROV069,"",bacteria,false,,,,,,,,,,,,,,,,0.12083274736373094,4,,,99.175,30.5,10^-9.03217,,,,,,0
2949792,1,586,Providencia sp. PROV066,"",bacteria,false,,,,,,,,,,,,,,,,0.06041637368186547,2,,,100.0,27.5,10^-7.21826,,,,,,0
2949790,1,586,Providencia sp. PROV064,"",bacteria,false,,,,,,,,,,,,,,,,0.030208186840932735,1,,,100.0,32.0,10^-13.5017,,,,,,0
2949769,1,586,Providencia sp. PROV038,"",bacteria,false,,,,,,,,,,,,,,,,0.0906245605227982,3,,,98.8,30.0,10^-9.55478,,,,,,0
2949766,1,586,Providencia sp. PROV035,"",bacteria,false,,,,,,,,,,,,,,,,0.0906245605227982,3,,,99.0,33.0,10^-11.645,,,,,,0
2949764,1,586,Providencia sp. PROV032,"",bacteria,false,,,,,,,,,,,,,,,,0.030208186840932735,1,,,100.0,33.0,10^-13.9706,,,,,,0
2949763,1,586,Providencia sp. PROV031,"",bacteria,false,,,,,,,,,,,,,,,,0.030208186840932735,1,,,96.9,32.0,10^-7.14206,,,,,,0
2939731,1,586,Providencia sp. PROV188,"",bacteria,false,,,,0.030208186840932735,1,,,94.059,101.0,10^-48.1458,,,,,,0.030208186840932735,1,,,100.0,26.0,10^-7.54363,,,,,,0
2923283,1,586,Providencia manganoxydans,"",bacteria,false,,,,4.954142641912968,164,,,99.7944,95.9877,10^-52.6803,,,,,,0.6041637368186547,20,,,98.145,31.85,10^-10.7196,,,,,,0
2791982,1,586,Providencia sp. 2.29,"",bacteria,false,,,,0.030208186840932735,1,,,98.361,61.0,10^-27.7793,,,,,,,,,,,,,,,,,,0
2724165,1,586,Providencia sp. JUb39,"",bacteria,false,,,,,,,,,,,,,,,,2.0541567051834257,68,,,94.154,325.0,10^-307.653,,,,,,0
2713151,1,586,Providencia sp. M-8,"",bacteria,false,,,,,,,,,,,,,,,,0.4229146157730583,14,,,99.1257,87.9286,10^-41.6031,,,,,,0
2713150,1,586,Providencia sp. M-27,"",bacteria,false,,,,,,,,,,,,,,,,0.5135391762958564,17,,,97.1306,61.0588,10^-27.617,,,,,,0
2675156,1,586,Providencia sp. wls1914,"",bacteria,false,,,,,,,,,,,,,,,,0.15104093420466366,5,,,95.1808,73.0,10^-44.0621,,,,,,0
2675152,1,586,Providencia sp. wls1922,"",bacteria,false,,,,,,,,,,,,,,,,0.0906245605227982,3,,,100.0,32.5,10^-12.8733,,,,,,0
2675150,1,586,Providencia sp. wls1943,"",bacteria,false,,,,,,,,,,,,,,,,0.030208186840932735,1,,,96.4,28.0,10^-7.41341,,,,,,0
2675147,1,586,Providencia sp. wls1950,"",bacteria,false,,,,,,,,,,,,,,,,0.030208186840932735,1,,,100.0,21.0,10^-3.63451,,,,,,0
2603245,1,586,Providencia sp. 1701091,"",bacteria,false,,,,2261.052576856974,74849,,,99.7037,522.023,10^-282.593,,,,,,0.030208186840932735,1,,,100.0,32.0,10^-10.9788,,,,,,0
2603244,1,586,Providencia sp. 1701011,"",bacteria,false,,,,1.7218666499331658,57,,,99.928,93.9273,10^-51.4628,,,,,,,,,,,,,,,,,,0
2565573,1,586,Providencia sp. MGF014,"",bacteria,false,,,,,,,,,,,,,,,,0.15104093420466366,5,,,98.78,32.8,10^-11.7533,,,,,,0
2027290,1,586,Providencia huaxiensis,"",bacteria,false,,,,0.9364537920689148,31,,,96.5199,283.9,10^-194.217,,,,,,0.48333098945492375,16,,,99.175,31.25,10^-10.2058,,,,,,0
990144,1,586,Providencia thailandensis,"",bacteria,false,,,,,,,,,,,,,,,,6.464551983959605,214,,,99.0694,26.3881,10^-9.76698,,,,,,0
516075,1,586,Providencia sneebia,"",bacteria,false,,,,,,,,,,,,,,,,4.440603465617112,147,,,97.8175,85.7656,10^-55.0892,,,,,,0
516074,1,586,Providencia burhodogranariea,"",bacteria,false,,,,,,,,,,,,,,,,1.9031157709787623,63,,,98.3404,85.4918,10^-44.5702,,,,,,0
390517,1,586,uncultured Providencia sp.,"",bacteria,false,,,,0.453122802613991,15,,,99.6946,100.846,10^-55.8529,,,,,,,,,,,,,,,,,,0
333965,1,586,Providencia vermicola,"",bacteria,false,,,,0.6645801105005201,22,,,96.8206,131.882,10^-59.3385,,,,,,0.3020818684093273,10,,,97.76,32.6,10^-10.9975,,,,,,0
333962,1,586,Providencia heimbachae,"",bacteria,false,,,,0.21145730788652914,7,,,88.554,79.25,10^-29.8989,,,,,,0.9968701657507802,33,,,98.1832,82.1936,10^-49.7876,,,,,,0
158850,1,586,Providencia rustigianii,"",bacteria,false,,,,,,,,,,,,,,,,0.9364537920689148,31,,,98.9828,37.129,10^-13.5915,,,,,,0
126385,1,586,Providencia alcalifaciens,"",bacteria,false,,,,1.2083274736373093,40,,,99.1257,90.0882,10^-47.7795,,,,,,2.0541567051834257,68,,,95.8735,36.0597,10^-11.7004,,,,,,1
589,1,586,Providencia sp.,"",bacteria,false,,,,0.06041637368186547,2,,,100.0,89.0,10^-48.2008,,,,,,0.3624982420911928,12,,,97.125,30.0833,10^-9.31708,,,,,,0
588,1,586,Providencia stuartii,"",bacteria,false,,,,2.597904068320215,86,,,98.1488,95.9683,10^-50.4258,,,,,,465.266493724046,15402,,,91.5606,57.071,10^-30.1538,,,,,,0
587,1,586,Providencia rettgeri,"",bacteria,false,,,,1014.3607059316803,33579,,,98.7491,459.254,10^-244.668,,,,,,45.16123932719444,1495,,,98.7608,37.1744,10^-15.2779,,,,,,1
583,2,583,Proteus,"",bacteria,false,,,,4.621852586662708,153,,,99.2082,94.975,10^-51.2158,,,,,,4.259354344571515,141,,,93.8496,27.1811,10^-7.52545,,,,,"[2883107, 1735572, 1574161, 184072, 102862, 585, 584]",3
2883107,1,583,Proteus sp. NMG38-2,"",bacteria,false,,,,0.06041637368186547,2,,,97.015,100.5,10^-51.922,,,,,,,,,,,,,,,,,,0
1735572,1,583,Proteus sp. AKA10,"",bacteria,false,,,,0.030208186840932735,1,,,100.0,70.0,10^-35.2675,,,,,,,,,,,,,,,,,,0
1574161,1,583,Proteus terrae,"",bacteria,false,,,,0.030208186840932735,1,,,98.947,95.0,10^-50.9172,,,,,,0.030208186840932735,1,,,93.9,33.0,10^-8.75449,,,,,,0
184072,1,583,Proteus myxofaciens,"",bacteria,false,,,,,,,,,,,,,,,,0.06041637368186547,2,,,96.95,32.5,10^-10.2829,,,,,,0
102862,1,583,Proteus penneri,"",bacteria,false,,,,,,,,,,,,,,,,0.5739555499777219,19,,,77.06,30.2667,10^-4.89354,,,,,,1
585,1,583,Proteus vulgaris,"",bacteria,false,,,,0.21145730788652914,7,,,99.57,83.2857,10^-43.751,,,,,,0.0906245605227982,3,,,99.0,29.0,10^-9.16626,,,,,,1
584,1,583,Proteus mirabilis,"",bacteria,false,,,,4.289562531412448,142,,,99.2203,95.8532,10^-51.8313,,,,,,3.504149673548197,116,,,96.0208,26.5377,10^-7.78783,,,,,,1
581,2,581,Morganella,"",bacteria,false,,,,0.4229146157730583,14,,,99.2278,97.8889,10^-53.1925,,,,,,1.9031157709787623,63,,,94.582,42.0317,10^-19.9315,,,,,"[368603, 582]",1
368603,1,581,Morganella psychrotolerans,"",bacteria,false,,,,,,,,,,,,,,,,0.906245605227982,30,,,97.7039,45.3,10^-24.6543,,,,,,0
582,1,581,Morganella morganii,"",bacteria,false,,,,0.4229146157730583,14,,,99.2278,97.8889,10^-53.1925,,,,,,0.9968701657507802,33,,,91.7439,39.0606,10^-15.638,,,,,,1
579,2,579,Kluyvera,"",bacteria,false,,,,,,,,,,,,,,,,0.1812491210455964,6,,,91.837,49.0,10^-27.2967,,,,,[73098],0
73098,1,579,Kluyvera georgiana,"",bacteria,false,,,,,,,,,,,,,,,,0.1812491210455964,6,,,91.837,49.0,10^-27.2967,,,,,,0
570,2,570,Klebsiella,"",bacteria,false,,,,15.889506278330618,526,,,99.2329,97.2453,10^-50.593,,,,,,1178.7838669068772,39022,,,83.7279,77.0737,10^-35.266,,,,,"[2600607, 1463165, 1259973, 1134687, 244366, 573, 571, 548]",3
2600607,1,570,Klebsiella sp. ME-303,"",bacteria,false,,,,,,,,,,,,,,,,0.030208186840932735,1,,,100.0,33.0,10^-13.1864,,,,,,0
1463165,1,570,Klebsiella quasipneumoniae,"",bacteria,false,,,,3.7760233551165916,125,,,99.1936,99.3676,10^-54.0975,,,,,,0.24166549472746188,8,,,96.4625,29.875,10^-11.3692,,,,,,0
1259973,1,570,Klebsiella electrica,"",bacteria,false,,,,0.030208186840932735,1,,,97.674,43.0,10^-15.5798,,,,,,,,,,,,,,,,,,0
1134687,1,570,Klebsiella michiganensis,"",bacteria,false,,,,0.2718736815683946,9,,,98.2867,97.2222,10^-51.3668,,,,,,0.21145730788652914,7,,,95.6286,32.7143,10^-12.6235,,,,,,0
244366,1,570,Klebsiella variicola,"",bacteria,false,,,,0.0906245605227982,3,,,99.67,90.0,10^-48.4312,,,,,,1026.595021602258,33984,,,82.1517,83.9567,10^-38.5272,,,,,,0
573,1,570,Klebsiella pneumoniae,"",bacteria,false,,,,11.720776494281901,388,,,99.2804,96.9627,10^-49.7474,,,,,,150.3461459073222,4977,,,92.8193,35.8247,10^-15.3087,,,,,,1
571,1,570,Klebsiella oxytoca,"",bacteria,false,,,,,,,,,,,,,,,,1.1781192867963766,39,,,96.1294,109.541,10^-74.8584,,,,,,1
548,1,570,Klebsiella aerogenes,"",bacteria,false,,,,,,,,,,,,,,,,0.1812491210455964,6,,,88.95,28.0,10^-9.20454,,,,,,1
568,2,568,Hafnia,"",bacteria,false,,,,0.5135391762958564,17,,,99.67,101.0,10^-55.9226,,,,,,0.5437473631367892,18,,,68.6182,70.5,10^-16.7801,,,,,"[546367, 569]",0
546367,1,568,Hafnia paralvei,"",bacteria,false,,,,,,,,,,,,,,,,0.06041637368186547,2,,,100.0,33.0,10^-13.0086,,,,,,0
569,1,568,Hafnia alvei,"",bacteria,false,,,,0.5135391762958564,17,,,99.67,101.0,10^-55.9226,,,,,,0.48333098945492375,16,,,64.6955,75.1875,10^-17.2515,,,,,,0
561,2,561,Escherichia,"",bacteria,false,,,,16.22179633358088,537,,,99.4681,99.2,10^-51.3871,,,,,,2157.2270386846885,71412,,,88.8702,73.0727,10^-39.203,,,,,"[1884818, 1499973, 237777, 208962, 564, 562]",1
1884818,1,561,Escherichia sp.,"",bacteria,false,,,,,,,,,,,,,,,,0.030208186840932735,1,,,100.0,33.0,10^-11.6021,,,,,,0
1499973,1,561,Escherichia marmotae,"",bacteria,false,,,,0.030208186840932735,1,,,100.0,101.0,10^-56.3801,,,,,,,,,,,,,,,,,,0
237777,1,561,uncultured Escherichia sp.,"",bacteria,false,,,,0.030208186840932735,1,,,100.0,88.0,10^-47.5195,,,,,,0.030208186840932735,1,,,93.8,32.0,10^-11.9281,,,,,,0
208962,1,561,Escherichia albertii,"",bacteria,false,,,,0.030208186840932735,1,,,100.0,101.0,10^-56.3801,,,,,,,,,,,,,,,,,,0
564,1,561,Escherichia fergusonii,"",bacteria,false,,,,0.030208186840932735,1,,,97.03,101.0,10^-52.2629,,,,,,,,,,,,,,,,,,0
562,1,561,Escherichia coli,"",bacteria,false,,,,16.100963586217148,533,,,99.4706,99.217,10^-51.3666,,,,,,2157.1666223110064,71410,,,88.8696,73.0756,10^-39.205,,,,,,1
551,2,551,Erwinia,"",bacteria,false,,,,266.4059997501858,8819,,,99.918,137.107,10^-63.8923,,,,,,3.171859618297937,105,,,93.3204,68.7238,10^-35.0026,,,,,"[2853256, 2769341, 2681984, 2675378, 2665162, 2547962, 2485126, 1922217, 1736225, 1324864, 665097, 338565, 252393, 246798, 215689, 182337, 92932, 79967, 69222, 68334, 65700, 55212, 55211, 558, 552]",0
2853256,1,551,Erwinia phyllosphaerae,"",bacteria,false,,,,,,,,,,,,,,,,0.030208186840932735,1,,,92.9,28.0,10^-6.29757,,,,,,0
2769341,1,551,Erwinia sp. S63,"",bacteria,false,,,,,,,,,,,,,,,,0.06041637368186547,2,,,100.0,32.5,10^-11.7466,,,,,,0
2681984,1,551,Erwinia sorbitola,"",bacteria,false,,,,0.6041637368186547,20,,,99.67,101.0,10^-55.9226,,,,,,0.12083274736373094,4,,,98.475,33.0,10^-11.1253,,,,,,0
2675378,1,551,Erwinia sp. E602,"",bacteria,false,,,,0.06041637368186547,2,,,91.7895,97.5,10^-43.0149,,,,,,,,,,,,,,,,,,0
2665162,1,551,Erwinia sp. CPCC 100877,"",bacteria,false,,,,,,,,,,,,,,,,0.030208186840932735,1,,,100.0,33.0,10^-13.2604,,,,,,0
2547962,1,551,Erwinia sp. QL-Z3,"",bacteria,false,,,,0.030208186840932735,1,,,97.938,97.0,10^-50.9081,,,,,,0.7854128578642511,26,,,84.756,164.0,10^-97.9788,,,,,,0
2485126,1,551,Erwinia sp. JUb26,"",bacteria,false,,,,,,,,,,,,,,,,0.030208186840932735,1,,,82.8,29.0,10^-6.4023,,,,,,0
1922217,1,551,Candidatus Erwinia haradaeae,"",bacteria,false,,,,,,,,,,,,,,,,0.12083274736373094,4,,,100.0,68.0,10^-25.8477,,,,,,0
1736225,1,551,Erwinia sp. Leaf53,"",bacteria,false,,,,,,,,,,,,,,,,0.030208186840932735,1,,,100.0,33.0,10^-13.0585,,,,,,0
1324864,1,551,[Pantoea] beijingensis,"",bacteria,false,,,,,,,,,,,,,,,,0.030208186840932735,1,,,100.0,33.0,10^-10.2457,,,,,,0
665097,1,551,Erwinia piriflorinigrans,"",bacteria,false,,,,,,,,,,,,,,,,0.06041637368186547,2,,,96.95,32.0,10^-7.68468,,,,,,0
338565,1,551,Erwinia tasmaniensis,"",bacteria,false,,,,0.6041637368186547,20,,,97.2849,100.278,10^-51.9992,,,,,,,,,,,,,,,,,,0
252393,1,551,Candidatus Erwinia dacicola,"",bacteria,false,,,,,,,,,,,,,,,,0.030208186840932735,1,,,100.0,33.0,10^-12.5302,,,,,,0
246798,1,551,uncultured Erwinia sp.,"",bacteria,false,,,,0.030208186840932735,1,,,100.0,96.0,10^-52.9712,,,,,,,,,,,,,,,,,,0
215689,1,551,Erwinia sp. Ejp617,"",bacteria,false,,,,0.5135391762958564,17,,,100.0,101.0,10^-56.3801,,,,,,,,,,,,,,,,,,0
182337,1,551,Erwinia billingiae,"",bacteria,false,,,,259.2164512820438,8581,,,100.0,139.0,10^-64.4353,,,,,,0.06041637368186547,2,,,100.0,33.0,10^-15.3556,,,,,,0
92932,1,551,[Pantoea] cedenensis,"",bacteria,false,,,,0.06041637368186547,2,,,99.0,100.5,10^-54.6668,,,,,,,,,,,,,,,,,,0
79967,1,551,Erwinia pyrifoliae,"",bacteria,false,,,,1.9031157709787623,63,,,98.0677,99.3571,10^-52.6788,,,,,,0.0906245605227982,3,,,93.9333,31.3333,10^-8.5127,,,,,,0
69222,1,551,Erwinia mallotivora,"",bacteria,false,,,,,,,,,,,,,,,,0.2718736815683946,9,,,88.5713,34.3333,10^-11.8653,,,,,,0
68334,1,551,Erwinia aphidicola,"",bacteria,false,,,,,,,,,,,,,,,,0.030208186840932735,1,,,100.0,33.0,10^-13.1993,,,,,,0
65700,1,551,Erwinia tracheiphila,"",bacteria,false,,,,0.12083274736373094,4,,,98.436,97.0,10^-51.5945,,,,,,0.2718736815683946,9,,,95.7161,63.8889,10^-35.3052,,,,,,0
55212,1,551,Erwinia rhapontici,"",bacteria,false,,,,0.030208186840932735,1,,,99.01,101.0,10^-55.0077,,,,,,0.0906245605227982,3,,,100.0,33.0,10^-12.4522,,,,,,0
55211,1,551,Erwinia persicina,"",bacteria,false,,,,0.1812491210455964,6,,,97.1933,100.833,10^-52.378,,,,,,0.48333098945492375,16,,,99.025,31.1875,10^-11.0929,,,,,,0
558,1,551,Erwinia sp.,"",bacteria,false,,,,0.030208186840932735,1,,,100.0,101.0,10^-56.3801,,,,,,0.15104093420466366,5,,,99.4,32.8,10^-12.8186,,,,,,0
552,1,551,Erwinia amylovora,"",bacteria,false,,,,3.0208186840932734,100,,,99.177,99.6585,10^-54.3948,,,,,,0.39270642893212554,13,,,93.0538,30.0769,10^-8.1811,,,,,,0
547,2,547,Enterobacter,"",bacteria,false,,,,478.3164304393289,15834,,,98.7321,334.842,10^-166.708,,,,,,597.4877275268085,19779,,,92.281,49.0618,10^-26.4453,,,,,"[3047465, 3029761, 2866201, 2759673, 2596949, 2587033, 2511993, 2511991, 2511982, 2447891, 2027919, 1914861, 1907563, 1812935, 1761782, 1692238, 1686399, 1329841, 1274399, 1202448, 1008426, 881260, 539813, 299767, 238202, 208224, 158836, 69218, 61645, 42895, 550]",1
3047465,1,547,Enterobacter sp. E105B,"",bacteria,false,,,,,,,,,,,,,,,,0.06041637368186547,2,,,98.5,33.0,10^-13.1659,,,,,,0
3029761,1,547,Enterobacter pasteurii,"",bacteria,false,,,,,,,,,,,,,,,,0.030208186840932735,1,,,59.4,32.0,10^-3.03905,,,,,,0
2866201,1,547,Enterobacter sp. Colony194,"",bacteria,false,,,,0.06041637368186547,2,,,100.0,101.0,10^-56.3801,,,,,,,,,,,,,,,,,,0
2759673,1,547,Enterobacter sp. AS-1,"",bacteria,false,,,,,,,,,,,,,,,,0.030208186840932735,1,,,90.9,33.0,10^-12.9508,,,,,,0
2596949,1,547,Enterobacter sp. E76,"",bacteria,false,,,,0.030208186840932735,1,,,99.01,101.0,10^-55.0077,,,,,,,,,,,,,,,,,,0
2587033,1,547,Enterobacter sp. Sphag1F,"",bacteria,false,,,,,,,,,,,,,,,,0.030208186840932735,1,,,100.0,33.0,10^-14.567,,,,,,0
2511993,1,547,Enterobacter cloacae complex sp. 2DZ2F20B,"",bacteria,false,,,,,,,,,,,,,,,,0.3624982420911928,12,,,66.2333,55.3636,10^-18.0438,,,,,,0
2511991,1,547,Enterobacter cloacae complex sp. 4DZ1-17B1,"",bacteria,false,,,,,,,,,,,,,,,,0.24166549472746188,8,,,95.604,91.0,10^-59.8996,,,,,,0
2511982,1,547,Enterobacter cloacae complex sp. GF14B,"",bacteria,false,,,,,,,,,,,,,,,,0.030208186840932735,1,,,67.7,31.0,10^-3.37366,,,,,,0
2447891,1,547,Enterobacter sp. R1(2018),"",bacteria,false,,,,,,,,,,,,,,,,0.030208186840932735,1,,,90.9,22.0,10^-3.91364,,,,,,0
2027919,1,547,Enterobacter cloacae complex sp.,"",bacteria,false,,,,0.906245605227982,30,,,84.444,90.0,10^-12.6498,,,,,,,,,,,,,,,,,,0
1914861,1,547,Enterobacter sp. SA187,"",bacteria,false,,,,472.2143766974605,15632,,,98.844,346.0,10^-172.369,,,,,,,,,,,,,,,,,,0
1907563,1,547,Enterobacter sp. WP_7_1,"",bacteria,false,,,,,,,,,,,,,,,,0.030208186840932735,1,,,83.9,31.0,10^-8.04963,,,,,,0
1812935,1,547,Enterobacter roggenkampii,"",bacteria,false,,,,0.6947882973414529,23,,,98.6146,98.5714,10^-52.7639,,,,,,,,,,,,,,,,,,0
1761782,1,547,Enterobacter sp. kpr-6,"",bacteria,false,,,,,,,,,,,,,,,,0.06041637368186547,2,,,98.5,32.5,10^-9.96953,,,,,,0
1692238,1,547,Enterobacter sp. FY-07,"",bacteria,false,,,,0.06041637368186547,2,,,91.5,84.5,10^-33.4777,,,,,,,,,,,,,,,,,,0
1686399,1,547,Enterobacter sp. BIDMC100,"",bacteria,false,,,,,,,,,,,,,,,,576.4326212986784,19082,,,92.0006,49.9953,10^-27.2998,,,,,,0
1329841,1,547,Enterobacter sp. BIDMC 29,"",bacteria,false,,,,0.030208186840932735,1,,,97.701,87.0,10^-44.0935,,,,,,,,,,,,,,,,,,0
1274399,1,547,Enterobacter sp. Bisph1,"",bacteria,false,,,,,,,,,,,,,,,,0.030208186840932735,1,,,100.0,33.0,10^-12.5986,,,,,,0
1202448,1,547,Enterobacter sp. Ag1,"",bacteria,false,,,,,,,,,,,,,,,,0.030208186840932735,1,,,100.0,33.0,10^-12.6757,,,,,,0
1008426,1,547,Enterobacter sp. A11E,"",bacteria,false,,,,0.06041637368186547,2,,,100.0,59.0,10^-27.7937,,,,,,,,,,,,,,,,,,0
881260,1,547,Enterobacter bugandensis,"",bacteria,false,,,,0.8760374183870493,29,,,99.1034,100.45,10^-54.6327,,,,,,,,,,,,,,,,,,0
539813,1,547,Enterobacter mori,"",bacteria,false,,,,0.06041637368186547,2,,,99.4625,94.5,10^-51.2626,,,,,,,,,,,,,,,,,,0
299767,1,547,Enterobacter ludwigii,"",bacteria,false,,,,0.1812491210455964,6,,,98.0045,88.3333,10^-45.2343,,,,,,0.12083274736373094,4,,,92.075,28.75,10^-8.32968,,,,,,0
238202,1,547,uncultured Enterobacter sp.,"",bacteria,false,,,,,,,,,,,,,,,,0.030208186840932735,1,,,100.0,33.0,10^-13.7747,,,,,,0
208224,1,547,Enterobacter kobei,"",bacteria,false,,,,0.0906245605227982,3,,,97.594,96.6667,10^-49.7664,,,,,,0.030208186840932735,1,,,100.0,32.0,10^-9.17328,,,,,,0
158836,1,547,Enterobacter hormaechei,"",bacteria,false,,,,0.7249964841823856,24,,,99.77,99.3846,10^-54.9625,,,,,,16.554086388831138,548,,,98.3753,33.6511,10^-13.1484,,,,,,0
69218,1,547,Enterobacter cancerogenus,"",bacteria,false,,,,0.030208186840932735,1,,,99.02,102.0,10^-55.6896,,,,,,0.0906245605227982,3,,,90.7667,32.6667,10^-11.163,,,,,,0
61645,1,547,Enterobacter asburiae,"",bacteria,false,,,,0.6343719236595874,21,,,98.7842,98.35,10^-52.8588,,,,,,0.06041637368186547,2,,,91.35,30.5,10^-10.5072,,,,,,0
42895,1,547,Enterobacter sp.,"",bacteria,false,,,,0.1812491210455964,6,,,99.5238,97.2,10^-53.2414,,,,,,,,,,,,,,,,,,0
550,1,547,Enterobacter cloacae,"",bacteria,false,,,,1.480201155205704,49,,,98.5335,98.0,10^-52.4013,,,,,,3.20206780513887,106,,,95.3571,31.746,10^-10.1942,,,,,,1
544,2,544,Citrobacter,"",bacteria,false,,,,1.7218666499331658,57,,,97.1525,84.9149,10^-40.8933,,,,,,4.923934455072035,163,,,82.1948,34.0779,10^-12.4753,,,,,"[2846983, 1981983, 1914243, 1639133, 200446, 133448, 67825, 57706, 546, 545]",1
2846983,1,544,Citrobacter sp. S46_ASV_140,"",bacteria,false,,,,,,,,,,,,,,,,0.030208186840932735,1,,,100.0,32.0,10^-10.2306,,,,,,0
1981983,1,544,Citrobacter sp. L55,"",bacteria,false,,,,,,,,,,,,,,,,3.987480663003121,132,,,80.0,35.0,10^-13.0991,,,,,,0
1914243,1,544,Citrobacter europaeus,"",bacteria,false,,,,,,,,,,,,,,,,0.06041637368186547,2,,,81.8,33.0,10^-10.736,,,,,,0
1639133,1,544,Citrobacter portucalensis,"",bacteria,false,,,,0.06041637368186547,2,,,97.531,76.0,10^-36.6051,,,,,,0.12083274736373094,4,,,93.625,30.5,10^-10.675,,,,,,0
200446,1,544,uncultured Citrobacter sp.,"",bacteria,false,,,,0.030208186840932735,1,,,95.0,100.0,10^-48.8363,,,,,,,,,,,,,,,,,,0
133448,1,544,Citrobacter youngae,"",bacteria,false,,,,,,,,,,,,,,,,0.030208186840932735,1,,,77.4,31.0,10^-7.35262,,,,,,0
67825,1,544,Citrobacter rodentium,"",bacteria,false,,,,0.7854128578642511,26,,,95.8516,96.9444,10^-48.2023,,,,,,,,,,,,,,,,,,0
57706,1,544,Citrobacter braakii,"",bacteria,false,,,,0.0906245605227982,3,,,100.0,99.0,10^-55.0165,,,,,,,,,,,,,,,,,,0
546,1,544,Citrobacter freundii,"",bacteria,false,,,,0.6947882973414529,23,,,98.4726,76.4091,10^-35.5028,,,,,,0.5739555499777219,19,,,91.9722,30.1111,10^-10.4625,,,,,,1
545,1,544,Citrobacter koseri,"",bacteria,false,,,,0.06041637368186547,2,,,92.191,57.5,10^-20.6001,,,,,,0.12083274736373094,4,,,91.75,28.75,10^-6.70846,,,,,,0
535,2,535,Chromobacterium,"",bacteria,false,,,,0.030208186840932735,1,,,92.0,50.0,10^-16.2005,,,,,,0.030208186840932735,1,,,87.1,31.0,10^-9.30803,,,,,"[394935, 536]",0
394935,1,535,Chromobacterium haemolyticum,"",bacteria,false,,,,0.030208186840932735,1,,,92.0,50.0,10^-16.2005,,,,,,,,,,,,,,,,,,0
536,1,535,Chromobacterium violaceum,"",bacteria,false,,,,,,,,,,,,,,,,0.030208186840932735,1,,,87.1,31.0,10^-9.30803,,,,,,0
522,2,522,Acidiphilium,"",bacteria,false,,,,,,,,,,,,,,,,0.2718736815683946,9,,,92.7889,31.6667,10^-9.91449,,,,,[62140],0
62140,1,522,Acidiphilium multivorum,"",bacteria,false,,,,,,,,,,,,,,,,0.2718736815683946,9,,,92.7889,31.6667,10^-9.91449,,,,,,0
517,2,517,Bordetella,"",bacteria,false,,,,0.06041637368186547,2,,,100.0,79.0,10^-41.3907,,,,,,,,,,,,,,,,,"[520, 518]",2
520,1,517,Bordetella pertussis,"",bacteria,false,,,,0.030208186840932735,1,,,100.0,79.0,10^-41.3907,,,,,,,,,,,,,,,,,,1
518,1,517,Bordetella bronchiseptica,"",bacteria,false,,,,0.030208186840932735,1,,,100.0,79.0,10^-41.3907,,,,,,,,,,,,,,,,,,1
497,2,497,Psychrobacter,"",bacteria,false,,,,0.06041637368186547,2,,,99.01,101.0,10^-55.0077,,,,,,0.06041637368186547,2,,,100.0,28.5,10^-9.9341,,,,,"[2488563, 861445, 56811]",0
2488563,1,497,Psychrobacter pygoscelis,"",bacteria,false,,,,,,,,,,,,,,,,0.030208186840932735,1,,,100.0,24.0,10^-7.5867,,,,,,0
861445,1,497,Psychrobacter sanguinis,"",bacteria,false,,,,0.06041637368186547,2,,,99.01,101.0,10^-55.0077,,,,,,,,,,,,,,,,,,0
56811,1,497,Psychrobacter sp.,"",bacteria,false,,,,,,,,,,,,,,,,0.030208186840932735,1,,,100.0,33.0,10^-12.2815,,,,,,0
482,2,482,Neisseria,"",bacteria,false,,,,0.0906245605227982,3,,,97.826,53.3333,10^-22.579,,,,,,0.06041637368186547,2,,,100.0,18.0,10^-3.83268,,,,,"[493, 487, 486]",1
493,1,482,Neisseria canis,"",bacteria,false,,,,0.030208186840932735,1,,,93.478,46.0,10^-14.8643,,,,,,,,,,,,,,,,,,0
487,1,482,Neisseria meningitidis,"",bacteria,false,,,,0.06041637368186547,2,,,100.0,57.0,10^-26.4364,,,,,,,,,,,,,,,,,,1
486,1,482,Neisseria lactamica,"",bacteria,false,,,,,,,,,,,,,,,,0.06041637368186547,2,,,100.0,18.0,10^-3.83268,,,,,,0
475,2,475,Moraxella,"",bacteria,false,,,,0.12083274736373094,4,,,94.5222,88.0,10^-42.0476,,,,,,,,,,,,,,,,,"[34062, 478]",1
34062,1,475,Moraxella osloensis,"",bacteria,false,,,,0.06041637368186547,2,,,99.5,100.5,10^-55.3529,,,,,,,,,,,,,,,,,,0
478,1,475,Moraxella nonliquefaciens,"",bacteria,false,,,,0.06041637368186547,2,,,89.5445,75.5,10^-28.7422,,,,,,,,,,,,,,,,,,1
469,2,469,Acinetobacter,"",bacteria,false,,,,1223.4315670577757,40500,,,97.2023,1941.11,10^-299.244,,,,,,747.8942898078126,24758,,,84.2407,157.828,10^-80.0063,,,,,"[3035288, 3020716, 2983215, 2970918, 2950074, 2930198, 2929515, 2908637, 2871688, 2853158, 2749360, 2715164, 2714110, 2609668, 2605383, 2605272, 2605270, 2576829, 2529843, 2136182, 2069438, 2053287, 2006115, 2004647, 1977881, 1977874, 1879050, 1871111, 1839785, 1827285, 1785128, 1776742, 1776741, 1646498, 1582270, 1530123, 1324350, 1310652, 1229165, 1219383, 1219382, 1148157, 936533, 756892, 632955, 487316, 466088, 396323, 262668, 202956, 202950, 165433, 108981, 108980, 106654, 106649, 106648, 70348, 70346, 48296, 40215, 40214, 29430, 28090, 472, 471, 470]",1
3035288,1,469,Acinetobacter sp. ANC 7201,"",bacteria,false,,,,0.030208186840932735,1,,,92.683,82.0,10^-35.1988,,,,,,,,,,,,,,,,,,0
3020716,1,469,Acinetobacter sp. GSS19,"",bacteria,false,,,,0.0906245605227982,3,,,94.9997,100.0,10^-48.8364,,,,,,,,,,,,,,,,,,0
2983215,1,469,Acinetobacter sp. ESL0695,"",bacteria,false,,,,5.981220994504682,198,,,95.8973,94.4337,10^-46.6559,,,,,,0.3624982420911928,12,,,100.0,32.5833,10^-11.2008,,,,,,0
2970918,1,469,Acinetobacter sp. HY1485,"",bacteria,false,,,,,,,,,,,,,,,,0.06041637368186547,2,,,98.2,30.5,10^-9.63129,,,,,,0
2950074,1,469,Acinetobacter sp. C32I,"",bacteria,false,,,,0.06041637368186547,2,,,89.039,64.0,10^-21.5881,,,,,,,,,,,,,,,,,,0
2930198,1,469,Acinetobacter sp. PK01,"",bacteria,false,,,,0.030208186840932735,1,,,93.939,99.0,10^-46.7822,,,,,,,,,,,,,,,,,,0
2929515,1,469,Acinetobacter sp. YH12068_T,"",bacteria,false,,,,0.030208186840932735,1,,,84.615,91.0,10^-30.3503,,,,,,,,,,,,,,,,,,0
2908637,1,469,Acinetobacter sp. SCLZS86,"",bacteria,false,,,,0.030208186840932735,1,,,88.636,88.0,10^-33.7958,,,,,,,,,,,,,,,,,,0
2871688,1,469,Acinetobacter sp. AS23,"",bacteria,false,,,,0.030208186840932735,1,,,84.615,65.0,10^-18.1451,,,,,,,,,,,,,,,,,,0
2853158,1,469,Acinetobacter sp. F9,"",bacteria,false,,,,0.030208186840932735,1,,,100.0,101.0,10^-56.3801,,,,,,,,,,,,,,,,,,0
2749360,1,469,Acinetobacter sp. SwsAc2,"",bacteria,false,,,,,,,,,,,,,,,,0.030208186840932735,1,,,100.0,30.0,10^-10.3045,,,,,,0
2715164,1,469,Acinetobacter shaoyimingii,"",bacteria,false,,,,0.06041637368186547,2,,,87.6275,64.5,10^-20.5523,,,,,,,,,,,,,,,,,,0
2714110,1,469,Acinetobacter sp. Marseille-Q1620,"",bacteria,false,,,,0.5135391762958564,17,,,89.3262,293.941,10^-98.4242,,,,,,,,,,,,,,,,,,0
2609668,1,469,Acinetobacter sp. C16S1,"",bacteria,false,,,,0.030208186840932735,1,,,94.059,101.0,10^-48.1458,,,,,,,,,,,,,,,,,,0
2605383,1,469,Acinetobacter baretiae,"",bacteria,false,,,,,,,,,,,,,,,,0.12083274736373094,4,,,98.15,30.0,10^-9.05499,,,,,,0
2605272,1,469,Acinetobacter rathckeae,"",bacteria,false,,,,,,,,,,,,,,,,0.030208186840932735,1,,,100.0,33.0,10^-11.9066,,,,,,0
2605270,1,469,Acinetobacter pollinis,"",bacteria,false,,,,,,,,,,,,,,,,0.3020818684093273,10,,,98.42,31.3,10^-10.6329,,,,,,0
2576829,1,469,Acinetobacter pullicarnis,"",bacteria,false,,,,,,,,,,,,,,,,0.1812491210455964,6,,,98.507,67.0,10^-43.3747,,,,,,0
2529843,1,469,Acinetobacter terrestris,"",bacteria,false,,,,,,,,,,,,,,,,0.030208186840932735,1,,,100.0,33.0,10^-9.70553,,,,,,0
2136182,1,469,Acinetobacter cumulans,"",bacteria,false,,,,0.030208186840932735,1,,,95.05,101.0,10^-49.5182,,,,,,,,,,,,,,,,,,0
2069438,1,469,Acinetobacter sp. MB5,"",bacteria,false,,,,,,,,,,,,,,,,0.030208186840932735,1,,,100.0,33.0,10^-13.6326,,,,,,0
2053287,1,469,Acinetobacter pseudolwoffii,"",bacteria,false,,,,0.030208186840932735,1,,,96.04,101.0,10^-50.8906,,,,,,,,,,,,,,,,,,0
2006115,1,469,Acinetobacter piscicola,"",bacteria,false,,,,0.030208186840932735,1,,,88.119,101.0,10^-39.9116,,,,,,,,,,,,,,,,,,0
2004647,1,469,Acinetobacter sp. WCHAc010052,"",bacteria,false,,,,0.030208186840932735,1,,,89.157,83.0,10^-30.3903,,,,,,,,,,,,,,,,,,0
1977881,1,469,Acinetobacter sp. ANC 4470,"",bacteria,false,,,,,,,,,,,,,,,,0.030208186840932735,1,,,100.0,33.0,10^-13.4711,,,,,,0
1977874,1,469,Acinetobacter sp. ANC 3832,"",bacteria,false,,,,,,,,,,,,,,,,0.030208186840932735,1,,,96.4,28.0,10^-5.12552,,,,,,0
1879050,1,469,Acinetobacter wuhouensis,"",bacteria,false,,,,0.06041637368186547,2,,,94.8855,91.5,10^-43.7304,,,,,,,,,,,,,,,,,,0
1871111,1,469,Acinetobacter defluvii,"",bacteria,false,,,,0.030208186840932735,1,,,93.684,95.0,10^-44.0553,,,,,,,,,,,,,,,,,,0
1839785,1,469,Acinetobacter portensis,"",bacteria,false,,,,0.030208186840932735,1,,,89.796,98.0,10^-40.6109,,,,,,,,,,,,,,,,,,0
1827285,1,469,Acinetobacter sp. MYb10,"",bacteria,false,,,,0.15104093420466366,5,,,88.598,81.2,10^-30.2709,,,,,,,,,,,,,,,,,,0
1785128,1,469,Acinetobacter lactucae,"",bacteria,false,,,,,,,,,,,,,,,,0.030208186840932735,1,,,100.0,33.0,10^-11.1938,,,,,,0
1776742,1,469,Acinetobacter vivianii,"",bacteria,false,,,,0.030208186840932735,1,,,88.119,101.0,10^-39.9116,,,,,,,,,,,,,,,,,,0
1776741,1,469,Acinetobacter proteolyticus,"",bacteria,false,,,,0.12083274736373094,4,,,88.9128,92.25,10^-36.3508,,,,,,,,,,,,,,,,,,0
1646498,1,469,Acinetobacter sp. TTH0-4,"",bacteria,false,,,,0.030208186840932735,1,,,91.089,101.0,10^-44.0287,,,,,,,,,,,,,,,,,,0
1582270,1,469,Acinetobacter populi,"",bacteria,false,,,,,,,,,,,,,,,,0.06041637368186547,2,,,100.0,22.0,10^-3.95078,,,,,,0
1530123,1,469,Acinetobacter seifertii,"",bacteria,false,,,,0.21145730788652914,7,,,90.8517,72.4286,10^-27.5247,,,,,,,,,,,,,,,,,,0
1324350,1,469,Acinetobacter equi,"",bacteria,false,,,,0.030208186840932735,1,,,93.478,46.0,10^-14.8643,,,,,,,,,,,,,,,,,,0
1310652,1,469,Acinetobacter sp. 1475718,"",bacteria,false,,,,,,,,,,,,,,,,0.15104093420466366,5,,,82.44,32.0,10^-8.84658,,,,,,0
1229165,1,469,Acinetobacter apis,"",bacteria,false,,,,,,,,,,,,,,,,0.12083274736373094,4,,,100.0,31.0,10^-10.225,,,,,,0
1219383,1,469,Acinetobacter boissieri,"",bacteria,false,,,,,,,,,,,,,,,,0.33229005525026006,11,,,93.4182,31.7273,10^-9.98802,,,,,,0
1219382,1,469,Acinetobacter nectaris,"",bacteria,false,,,,56.096602963612085,1857,,,99.6155,883.989,10^-291.837,,,,,,8.790582370711425,291,,,97.2104,37.0825,10^-14.0818,,,,,,0
1148157,1,469,Acinetobacter oleivorans,"",bacteria,false,,,,0.06041637368186547,2,,,88.889,81.0,10^-30.4009,,,,,,,,,,,,,,,,,,0
936533,1,469,Acinetobacter sp. 06AC-032,"",bacteria,false,,,,0.030208186840932735,1,,,100.0,101.0,10^-56.3801,,,,,,,,,,,,,,,,,,0
756892,1,469,Acinetobacter indicus,"",bacteria,false,,,,0.0906245605227982,3,,,91.3737,82.3333,10^-34.0571,,,,,,0.030208186840932735,1,,,93.9,33.0,10^-8.78252,,,,,,0
632955,1,469,Acinetobacter rudis,"",bacteria,false,,,,,,,,,,,,,,,,0.06041637368186547,2,,,100.0,31.0,10^-10.5163,,,,,,0
487316,1,469,Acinetobacter soli,"",bacteria,false,,,,0.15104093420466366,5,,,95.2726,97.8,10^-48.1603,,,,,,0.030208186840932735,1,,,90.9,33.0,10^-11.4401,,,,,,0
466088,1,469,Acinetobacter sp. Ver3,"",bacteria,false,,,,,,,,,,,,,,,,0.06041637368186547,2,,,100.0,28.0,10^-10.6576,,,,,,0
396323,1,469,Acinetobacter brisouii,"",bacteria,false,,,,,,,,,,,,,,,,0.12083274736373094,4,,,98.5,33.0,10^-11.3971,,,,,,0
262668,1,469,Acinetobacter beijerinckii,"",bacteria,false,,,,,,,,,,,,,,,,0.030208186840932735,1,,,100.0,24.0,10^-6.74958,,,,,,0
202956,1,469,Acinetobacter towneri,"",bacteria,false,,,,0.1812491210455964,6,,,93.6785,61.8333,10^-23.5751,,,,,,731.581868913709,24218,,,83.5371,163.96,10^-83.2149,,,,,,0
202950,1,469,Acinetobacter baylyi,"",bacteria,false,,,,0.06041637368186547,2,,,91.837,98.0,10^-43.3556,,,,,,,,,,,,,,,,,,0
165433,1,469,uncultured Acinetobacter sp.,"",bacteria,false,,,,,,,,,,,,,,,,0.030208186840932735,1,,,100.0,33.0,10^-13.7747,,,,,,0
108981,1,469,Acinetobacter schindleri,"",bacteria,false,,,,424.6968987966733,14059,,,98.634,439.82,10^-306.78,,,,,,0.030208186840932735,1,,,93.8,32.0,10^-9.73049,,,,,,0
108980,1,469,Acinetobacter ursingii,"",bacteria,false,,,,731.6120771005499,24219,,,96.645,2475.05,10^-307.539,,,,,,0.0906245605227982,3,,,99.0,33.0,10^-12.8148,,,,,,0
106654,1,469,Acinetobacter nosocomialis,"",bacteria,false,,,,0.1812491210455964,6,,,89.7975,78.3333,10^-29.286,,,,,,,,,,,,,,,,,,0
106649,1,469,Acinetobacter guillouiae,"",bacteria,false,,,,0.06041637368186547,2,,,95.261,69.0,10^-30.5269,,,,,,,,,,,,,,,,,,0
106648,1,469,Acinetobacter bereziniae,"",bacteria,false,,,,,,,,,,,,,,,,0.06041637368186547,2,,,100.0,25.0,10^-4.92445,,,,,,0
70348,1,469,Acinetobacter dispersus,"",bacteria,false,,,,0.030208186840932735,1,,,90.0,100.0,10^-41.9745,,,,,,,,,,,,,,,,,,0
70346,1,469,Acinetobacter variabilis,"",bacteria,false,,,,0.030208186840932735,1,,,88.119,101.0,10^-39.9116,,,,,,,,,,,,,,,,,,0
48296,1,469,Acinetobacter pittii,"",bacteria,false,,,,0.21145730788652914,7,,,95.174,86.1429,10^-40.3835,,,,,,0.06041637368186547,2,,,96.7,30.0,10^-12.0521,,,,,,0
40215,1,469,Acinetobacter junii,"",bacteria,false,,,,0.12083274736373094,4,,,90.8727,82.25,10^-33.6634,,,,,,0.0906245605227982,3,,,99.0,29.6667,10^-11.4506,,,,,,0
40214,1,469,Acinetobacter johnsonii,"",bacteria,false,,,,0.3624982420911928,12,,,99.3743,94.25,10^-51.0945,,,,,,0.12083274736373094,4,,,94.45,32.0,10^-10.2381,,,,,,0
29430,1,469,Acinetobacter haemolyticus,"",bacteria,false,,,,0.24166549472746188,8,,,93.381,75.125,10^-32.2613,,,,,,,,,,,,,,,,,,0
28090,1,469,Acinetobacter lwoffii,"",bacteria,false,,,,0.0906245605227982,3,,,100.0,100.667,10^-56.1528,,,,,,0.030208186840932735,1,,,93.9,33.0,10^-12.1494,,,,,,0
472,1,469,Acinetobacter sp.,"",bacteria,false,,,,0.030208186840932735,1,,,100.0,100.0,10^-55.6982,,,,,,0.0906245605227982,3,,,100.0,30.0,10^-10.2224,,,,,,0
471,1,469,Acinetobacter calcoaceticus,"",bacteria,false,,,,0.21145730788652914,7,,,88.9191,89.7143,10^-34.9704,,,,,,,,,,,,,,,,,,0
470,1,469,Acinetobacter baumannii,"",bacteria,false,,,,1.1479110999554438,38,,,99.1319,113.333,10^-57.9527,,,,,,4.682268960344574,155,,,98.4494,55.9673,10^-33.47,,,,,,1
445,2,445,Legionella,"",bacteria,false,,,,,,,,,,,,,,,,425.84480989662876,14097,,,92.877,97.9515,10^-59.7894,,,,,"[45070, 28083, 446]",1
45070,1,445,Legionella nautarum,"",bacteria,false,,,,,,,,,,,,,,,,0.12083274736373094,4,,,70.5,30.5,10^-3.50761,,,,,,0
28083,1,445,Legionella birminghamensis,"",bacteria,false,,,,,,,,,,,,,,,,424.48544148878676,14052,,,92.857,98.0,10^-59.7986,,,,,,0
446,1,445,Legionella pneumophila,"",bacteria,false,,,,,,,,,,,,,,,,1.238535660478242,41,,,96.302,102.128,10^-65.0434,,,,,,1
441,2,441,Gluconobacter,"",bacteria,false,,,,0.21145730788652914,7,,,99.0098,97.6667,10^-52.7358,,,,,,1.8426993972968968,61,,,90.1909,30.1273,10^-9.63943,,,,,"[1379734, 563199, 376620, 318683, 38308, 442]",0
1379734,1,441,Gluconobacter cerevisiae,"",bacteria,false,,,,,,,,,,,,,,,,0.3020818684093273,10,,,73.54,31.8,10^-6.12927,,,,,,0
563199,1,441,Gluconobacter kanchanaburiensis,"",bacteria,false,,,,,,,,,,,,,,,,0.030208186840932735,1,,,100.0,20.0,10^-7.35164,,,,,,0
376620,1,441,Gluconobacter japonicus,"",bacteria,false,,,,,,,,,,,,,,,,0.8760374183870493,29,,,94.2174,32.1739,10^-12.0814,,,,,,0
318683,1,441,Gluconobacter albidus,"",bacteria,false,,,,0.030208186840932735,1,,,94.059,101.0,10^-48.1458,,,,,,0.12083274736373094,4,,,94.7,32.75,10^-13.1833,,,,,,0
38308,1,441,Gluconobacter frateurii,"",bacteria,false,,,,0.030208186840932735,1,,,100.0,100.0,10^-55.6982,,,,,,0.5135391762958564,17,,,92.9,26.3529,10^-7.70118,,,,,,0
442,1,441,Gluconobacter oxydans,"",bacteria,false,,,,0.15104093420466366,5,,,100.0,96.25,10^-53.1426,,,,,,,,,,,,,,,,,,0
434,2,434,Acetobacter,"",bacteria,false,,,,0.5135391762958564,17,,,97.719,94.7647,10^-49.2244,,,,,,2.144781265706224,71,,,92.1329,30.8,10^-11.0337,,,,,"[483199, 431306, 304077, 285268, 146476, 146475, 114714, 104102, 104101, 104099, 104098, 65959, 435]",0
483199,1,434,Acetobacter fabarum,"",bacteria,false,,,,,,,,,,,,,,,,0.24166549472746188,8,,,93.725,28.75,10^-10.0194,,,,,,0
431306,1,434,Acetobacter ghanensis,"",bacteria,false,,,,0.1812491210455964,6,,,99.6395,98.1667,10^-53.9915,,,,,,,,,,,,,,,,,,0
304077,1,434,Acetobacter oeni,"",bacteria,false,,,,,,,,,,,,,,,,0.12083274736373094,4,,,81.5,30.0,10^-8.99405,,,,,,0
285268,1,434,Acetobacter nitrogenifigens,"",bacteria,false,,,,,,,,,,,,,,,,0.030208186840932735,1,,,100.0,33.0,10^-16.3809,,,,,,0
146476,1,434,Acetobacter syzygii,"",bacteria,false,,,,,,,,,,,,,,,,0.2718736815683946,9,,,93.3333,27.7778,10^-8.8304,,,,,,0
146475,1,434,Acetobacter cibinongensis,"",bacteria,false,,,,,,,,,,,,,,,,0.06041637368186547,2,,,97.0,33.0,10^-16.2291,,,,,,0
114714,1,434,uncultured Acetobacter sp.,"",bacteria,false,,,,0.0906245605227982,3,,,99.67,101.0,10^-55.9226,,,,,,,,,,,,,,,,,,0
104102,1,434,Acetobacter tropicalis,"",bacteria,false,,,,0.0906245605227982,3,,,98.785,82.3333,10^-42.2877,,,,,,0.030208186840932735,1,,,96.9,32.0,10^-14.8601,,,,,,0
104101,1,434,Acetobacter indonesiensis,"",bacteria,false,,,,,,,,,,,,,,,,0.12083274736373094,4,,,87.6,28.5,10^-7.48078,,,,,,0
104099,1,434,Acetobacter orleanensis,"",bacteria,false,,,,,,,,,,,,,,,,0.0906245605227982,3,,,96.7333,31.3333,10^-12.8948,,,,,,0
104098,1,434,Acetobacter peroxydans,"",bacteria,false,,,,,,,,,,,,,,,,0.030208186840932735,1,,,97.0,33.0,10^-16.2291,,,,,,0
65959,1,434,Acetobacter pomorum,"",bacteria,false,,,,,,,,,,,,,,,,0.453122802613991,15,,,88.68,30.9333,10^-10.4488,,,,,,0
435,1,434,Acetobacter aceti,"",bacteria,false,,,,0.15104093420466366,5,,,93.6042,94.4,10^-43.6471,,,,,,0.6947882973414529,23,,,94.3091,32.7273,10^-12.3401,,,,,,0
416,2,416,Methylomonas,"",bacteria,false,,,,0.06041637368186547,2,,,90.909,44.0,10^-12.1389,,,,,,,,,,,,,,,,,[1538553],0
1538553,1,416,Methylomonas denitrificans,"",bacteria,false,,,,0.06041637368186547,2,,,90.909,44.0,10^-12.1389,,,,,,,,,,,,,,,,,,0
413,2,413,Methylococcus,"",bacteria,false,,,,0.030208186840932735,1,,,97.959,98.0,10^-51.5899,,,,,,,,,,,,,,,,,[2860258],0
2860258,1,413,Methylococcus sp. Mc7,"",bacteria,false,,,,0.030208186840932735,1,,,97.959,98.0,10^-51.5899,,,,,,,,,,,,,,,,,,0
407,2,407,Methylobacterium,"",bacteria,false,,,,0.3020818684093273,10,,,98.5975,99.2,10^-53.0943,,,,,,0.030208186840932735,1,,,87.9,33.0,10^-12.2147,,,,,"[2202826, 1868186, 1775910, 334852, 270351, 31998, 410]",0
2202826,1,407,Methylobacterium sp. 17Sr1-1,"",bacteria,false,,,,0.030208186840932735,1,,,99.01,101.0,10^-55.0077,,,,,,,,,,,,,,,,,,0
1868186,1,407,Methylobacterium sp. B1.15.1,"",bacteria,false,,,,0.030208186840932735,1,,,99.01,101.0,10^-55.0077,,,,,,,,,,,,,,,,,,0
1775910,1,407,Methylobacterium indicum,"",bacteria,false,,,,0.06041637368186547,2,,,99.505,100.0,10^-54.3258,,,,,,,,,,,,,,,,,,0
334852,1,407,Methylobacterium oryzae,"",bacteria,false,,,,0.06041637368186547,2,,,98.969,97.0,10^-52.2805,,,,,,,,,,,,,,,,,,0
270351,1,407,Methylobacterium aquaticum,"",bacteria,false,,,,0.030208186840932735,1,,,100.0,101.0,10^-56.3801,,,,,,0.030208186840932735,1,,,87.9,33.0,10^-12.2147,,,,,,0
31998,1,407,Methylobacterium radiotolerans,"",bacteria,false,,,,0.06041637368186547,2,,,98.969,97.0,10^-52.2805,,,,,,,,,,,,,,,,,,0
410,1,407,Methylobacterium organophilum,"",bacteria,false,,,,0.030208186840932735,1,,,93.069,101.0,10^-46.7735,,,,,,,,,,,,,,,,,,0
379,2,379,Rhizobium,"",bacteria,false,,,,0.21145730788652914,7,,,97.2754,76.8571,10^-37.6154,,,,,,0.6645801105005201,22,,,83.35,30.75,10^-9.72824,,,,,"[2785056, 1435607, 269330, 29449, 396, 384]",0
2785056,1,379,Rhizobium sp. 007,"",bacteria,false,,,,0.06041637368186547,2,,,96.02,100.5,10^-50.5496,,,,,,,,,,,,,,,,,,0
1435607,1,379,Rhizobium sp. Khangiran2,"",bacteria,false,,,,,,,,,,,,,,,,0.030208186840932735,1,,,68.8,32.0,10^-3.27819,,,,,,0
269330,1,379,Rhizobium sp. ORS 1448,"",bacteria,false,,,,0.06041637368186547,2,,,100.0,82.0,10^-43.433,,,,,,,,,,,,,,,,,,0
29449,1,379,Rhizobium etli,"",bacteria,false,,,,0.06041637368186547,2,,,94.444,36.0,10^-9.48129,,,,,,,,,,,,,,,,,,0
396,1,379,Rhizobium phaseoli,"",bacteria,false,,,,,,,,,,,,,,,,0.5739555499777219,19,,,83.3176,30.4118,10^-10.088,,,,,,0
384,1,379,Rhizobium leguminosarum,"",bacteria,false,,,,0.030208186840932735,1,,,100.0,101.0,10^-56.3801,,,,,,0.06041637368186547,2,,,90.9,33.0,10^-9.89565,,,,,,0
374,2,374,Bradyrhizobium,"",bacteria,false,,,,0.3624982420911928,12,,,86.842,38.0,10^-6.71307,,,,,,2.3260303867518206,77,,,89.6,30.8519,10^-11.0876,,,,,"[2590772, 115808, 376]",0
2590772,1,374,Bradyrhizobium sp. I71,"",bacteria,false,,,,0.3624982420911928,12,,,86.842,38.0,10^-6.71307,,,,,,,,,,,,,,,,,,0
115808,1,374,Bradyrhizobium sp. ORS 285,"",bacteria,false,,,,,,,,,,,,,,,,0.12083274736373094,4,,,82.1,28.0,10^-7.88225,,,,,,0
376,1,374,Bradyrhizobium sp.,"",bacteria,false,,,,,,,,,,,,,,,,2.2051976393880897,73,,,90.2,31.08,10^-11.344,,,,,,0
357,2,357,Agrobacterium,"",bacteria,false,,,,0.030208186840932735,1,,,100.0,101.0,10^-56.3801,,,,,,0.15104093420466366,5,,,70.2,28.3333,10^-5.57143,,,,,"[1972867, 1183410, 358]",1
1972867,1,357,Agrobacterium rosae,"",bacteria,false,,,,,,,,,,,,,,,,0.12083274736373094,4,,,63.3,30.0,10^-5.4698,,,,,,0
1183410,1,357,Agrobacterium tomkonis,"",bacteria,false,,,,,,,,,,,,,,,,0.030208186840932735,1,,,84.0,25.0,10^-5.77469,,,,,,0
358,1,357,Agrobacterium tumefaciens,"",bacteria,false,,,,0.030208186840932735,1,,,100.0,101.0,10^-56.3801,,,,,,,,,,,,,,,,,,1
352,2,352,Azotobacter,"",bacteria,false,,,,0.030208186840932735,1,,,100.0,101.0,10^-56.3801,,,,,,,,,,,,,,,,,[354],0
354,1,352,Azotobacter vinelandii,"",bacteria,false,,,,0.030208186840932735,1,,,100.0,101.0,10^-56.3801,,,,,,,,,,,,,,,,,,0
338,2,338,Xanthomonas,"",bacteria,false,,,,0.0906245605227982,3,,,97.3683,56.0,10^-23.0259,,,,,,15.617632596762224,517,,,88.0166,29.1784,10^-6.17778,,,,,"[56458, 56448, 347, 346, 339]",0
56458,1,338,Xanthomonas sacchari,"",bacteria,false,,,,0.030208186840932735,1,,,92.105,76.0,10^-31.1147,,,,,,,,,,,,,,,,,,0
56448,1,338,Xanthomonas arboricola,"",bacteria,false,,,,,,,,,,,,,,,,0.030208186840932735,1,,,96.6,29.0,10^-11.3391,,,,,,0
347,1,338,Xanthomonas oryzae,"",bacteria,false,,,,,,,,,,,,,,,,0.030208186840932735,1,,,72.7,33.0,10^-6.89963,,,,,,0
346,1,338,Xanthomonas citri,"",bacteria,false,,,,,,,,,,,,,,,,15.557216223080358,515,,,88.0448,29.1632,10^-6.15316,,,,,,0
339,1,338,Xanthomonas campestris,"",bacteria,false,,,,0.06041637368186547,2,,,100.0,46.0,10^-18.9814,,,,,,,,,,,,,,,,,,0
286,2,286,Pseudomonas,"",bacteria,false,,,,750.6432348103375,24849,,,99.5522,398.58,10^-272.391,,,,,,9.273913360166349,307,,,91.163,36.0448,10^-14.3967,,,,,"[3019968, 2994495, 2893890, 2883205, 2867264, 2842346, 2813570, 2813567, 2725477, 2697023, 2604832, 2587597, 2584951, 2559075, 2219225, 2078786, 2078785, 2073078, 1940636, 1785145, 1684891, 1495331, 1459976, 1283291, 1280907, 1190415, 1163398, 1001301, 930166, 587753, 563309, 554344, 515393, 380021, 319939, 312306, 251701, 237610, 216142, 200451, 114707, 78327, 76759, 69328, 47885, 47880, 47877, 46680, 36746, 33069, 29438, 317, 306, 303, 301, 300, 294, 287]",3
3019968,1,286,Pseudomonas sp. MM227,"",bacteria,false,,,,0.15104093420466366,5,,,98.1176,87.2,10^-44.7789,,,,,,,,,,,,,,,,,,0
2994495,1,286,Pseudomonas paraeruginosa,"",bacteria,false,,,,0.030208186840932735,1,,,100.0,101.0,10^-56.3801,,,,,,,,,,,,,,,,,,0
2893890,1,286,Pseudomonas sp. KNUC1026,"",bacteria,false,,,,0.12083274736373094,4,,,100.0,91.3333,10^-49.7908,,,,,,,,,,,,,,,,,,0
2883205,1,286,Pseudomonas sp. L5B5,"",bacteria,false,,,,0.030208186840932735,1,,,100.0,86.0,10^-46.1571,,,,,,,,,,,,,,,,,,0
2867264,1,286,Pseudomonas phytophila,"",bacteria,false,,,,0.1812491210455964,6,,,97.665,81.4,10^-41.3955,,,,,,,,,,,,,,,,,,0
2842346,1,286,Pseudomonas siliginis,"",bacteria,false,,,,0.030208186840932735,1,,,100.0,101.0,10^-56.3801,,,,,,,,,,,,,,,,,,0
2813570,1,286,Pseudomonas sp. 95_A,"",bacteria,false,,,,,,,,,,,,,,,,0.030208186840932735,1,,,100.0,33.0,10^-13.9136,,,,,,0
2813567,1,286,Pseudomonas sp. 79_C,"",bacteria,false,,,,,,,,,,,,,,,,0.030208186840932735,1,,,100.0,26.0,10^-7.03058,,,,,,0
2725477,1,286,Pseudomonas tohonis,"",bacteria,false,,,,0.0906245605227982,3,,,100.0,98.3333,10^-54.5622,,,,,,,,,,,,,,,,,,0
2697023,1,286,Pseudomonas sp. AN-B15,"",bacteria,false,,,,0.030208186840932735,1,,,100.0,101.0,10^-56.3801,,,,,,,,,,,,,,,,,,0
2604832,1,286,Pseudomonas lalkuanensis,"",bacteria,false,,,,0.030208186840932735,1,,,98.02,101.0,10^-53.6353,,,,,,,,,,,,,,,,,,0
2587597,1,286,Pseudomonas sp. SWI7,"",bacteria,false,,,,0.030208186840932735,1,,,100.0,100.0,10^-55.6982,,,,,,,,,,,,,,,,,,0
2584951,1,286,Pseudomonas sp. DE0010,"",bacteria,false,,,,,,,,,,,,,,,,0.06041637368186547,2,,,100.0,27.0,10^-6.16622,,,,,,0
2559075,1,286,Pseudomonas sp. RIT623,"",bacteria,false,,,,,,,,,,,,,,,,0.030208186840932735,1,,,100.0,31.0,10^-9.58004,,,,,,0
2219225,1,286,Pseudomonas asiatica,"",bacteria,false,,,,0.030208186840932735,1,,,99.01,101.0,10^-55.0077,,,,,,,,,,,,,,,,,,0
2078786,1,286,Pseudomonas inefficax,"",bacteria,false,,,,,,,,,,,,,,,,0.06041637368186547,2,,,100.0,22.0,10^-3.64397,,,,,,0
2078785,1,286,Pseudomonas sp. JV241A,"",bacteria,false,,,,,,,,,,,,,,,,0.030208186840932735,1,,,100.0,33.0,10^-13.1931,,,,,,0
2073078,1,286,Pseudomonas sp. DTU12.3,"",bacteria,false,,,,0.06041637368186547,2,,,96.8085,90.0,10^-44.7654,,,,,,,,,,,,,,,,,,0
1940636,1,286,Pseudomonas shirazica,"",bacteria,false,,,,0.030208186840932735,1,,,100.0,101.0,10^-56.3801,,,,,,,,,,,,,,,,,,0
1785145,1,286,Pseudomonas glycinae,"",bacteria,false,,,,,,,,,,,,,,,,0.12083274736373094,4,,,90.525,29.0,10^-10.3438,,,,,,0
1684891,1,286,Pseudomonas sp. CC-1XP7,"",bacteria,false,,,,0.030208186840932735,1,,,100.0,101.0,10^-56.3801,,,,,,,,,,,,,,,,,,0
1495331,1,286,Pseudomonas sp. WCS374,"",bacteria,false,,,,0.06041637368186547,2,,,100.0,101.0,10^-56.3801,,,,,,,,,,,,,,,,,,0
1459976,1,286,Pseudomonas sp. LS-011,"",bacteria,false,,,,1.7822830236150313,59,,,100.0,329.0,10^-169.613,,,,,,,,,,,,,,,,,,0
1283291,1,286,Pseudomonas sp. URMO17WK12:I11,"",bacteria,false,,,,,,,,,,,,,,,,0.06041637368186547,2,,,100.0,32.5,10^-12.5607,,,,,,0
1280907,1,286,Pseudomonas sp. FUM1A7,"",bacteria,false,,,,0.030208186840932735,1,,,100.0,93.0,10^-50.9264,,,,,,,,,,,,,,,,,,0
1190415,1,286,Pseudomonas asturiensis,"",bacteria,false,,,,0.12083274736373094,4,,,100.0,91.5,10^-49.9043,,,,,,,,,,,,,,,,,,0
1163398,1,286,Pseudomonas donghuensis,"",bacteria,false,,,,0.030208186840932735,1,,,100.0,101.0,10^-56.3801,,,,,,,,,,,,,,,,,,0
1001301,1,286,Pseudomonas sp. BR 9131,"",bacteria,false,,,,0.030208186840932735,1,,,100.0,101.0,10^-56.3801,,,,,,,,,,,,,,,,,,0
930166,1,286,Pseudomonas brassicacearum,"",bacteria,false,,,,0.030208186840932735,1,,,100.0,101.0,10^-56.3801,,,,,,,,,,,,,,,,,,0
587753,1,286,Pseudomonas chlororaphis,"",bacteria,false,,,,0.2718736815683946,9,,,99.7627,95.1111,10^-52.0619,,,,,,,,,,,,,,,,,,0
563309,1,286,Pseudomonas sp. M017,"",bacteria,false,,,,0.030208186840932735,1,,,100.0,100.0,10^-55.6982,,,,,,,,,,,,,,,,,,0
554344,1,286,Pseudomonas toyotomiensis,"",bacteria,false,,,,0.030208186840932735,1,,,99.01,101.0,10^-55.0077,,,,,,,,,,,,,,,,,,0
515393,1,286,Pseudomonas yamanorum,"",bacteria,false,,,,0.06041637368186547,2,,,99.01,101.0,10^-55.0077,,,,,,0.06041637368186547,2,,,98.5,33.0,10^-10.8883,,,,,,0
380021,1,286,Pseudomonas protegens,"",bacteria,false,,,,0.12083274736373094,4,,,99.75,99.5,10^-55.0142,,,,,,,,,,,,,,,,,,0
319939,1,286,Pseudomonas otitidis,"",bacteria,false,,,,5.497890005049758,182,,,99.87,161.617,10^-83.1295,,,,,,0.030208186840932735,1,,,100.0,25.0,10^-6.3098,,,,,,0
312306,1,286,Pseudomonas entomophila,"",bacteria,false,,,,0.030208186840932735,1,,,100.0,101.0,10^-56.3801,,,,,,,,,,,,,,,,,,0
251701,1,286,Pseudomonas syringae group genomosp. 3,"",bacteria,false,,,,,,,,,,,,,,,,0.030208186840932735,1,,,63.6,33.0,10^-4.42713,,,,,,0
237610,1,286,Pseudomonas psychrotolerans,"",bacteria,false,,,,0.12083274736373094,4,,,99.7525,100.5,10^-55.696,,,,,,,,,,,,,,,,,,0
216142,1,286,Pseudomonas rhizosphaerae,"",bacteria,false,,,,0.12083274736373094,4,,,99.4118,89.75,10^-48.0259,,,,,,,,,,,,,,,,,,0
200451,1,286,Pseudomonas poae,"",bacteria,false,,,,0.030208186840932735,1,,,100.0,100.0,10^-55.6982,,,,,,,,,,,,,,,,,,0
114707,1,286,uncultured Pseudomonas sp.,"",bacteria,false,,,,730.0110431979805,24166,,,99.5437,414.229,10^-284.676,,,,,,,,,,,,,,,,,,0
78327,1,286,Pseudomonas mosselii,"",bacteria,false,,,,,,,,,,,,,,,,0.030208186840932735,1,,,97.0,33.0,10^-13.2541,,,,,,0
76759,1,286,Pseudomonas monteilii,"",bacteria,false,,,,5.799971873459085,192,,,99.4699,150.908,10^-69.6726,,,,,,0.06041637368186547,2,,,100.0,30.0,10^-13.5258,,,,,,0
69328,1,286,Pseudomonas sp. VLB120,"",bacteria,false,,,,,,,,,,,,,,,,0.030208186840932735,1,,,80.0,30.0,10^-9.30452,,,,,,0
47885,1,286,Pseudomonas oryzihabitans,"",bacteria,false,,,,0.06041637368186547,2,,,99.0,100.0,10^-54.3258,,,,,,,,,,,,,,,,,,0
47880,1,286,Pseudomonas fulva,"",bacteria,false,,,,0.7249964841823856,24,,,99.2928,99.3636,10^-54.329,,,,,,0.06041637368186547,2,,,93.9,33.0,10^-10.5997,,,,,,0
47877,1,286,Pseudomonas amygdali,"",bacteria,false,,,,0.030208186840932735,1,,,100.0,101.0,10^-56.3801,,,,,,1.6312420894103676,54,,,95.96,51.4,10^-27.057,,,,,,0
46680,1,286,Pseudomonas nitroreducens,"",bacteria,false,,,,0.030208186840932735,1,,,100.0,94.0,10^-51.608,,,,,,,,,,,,,,,,,,0
36746,1,286,Pseudomonas cichorii,"",bacteria,false,,,,0.030208186840932735,1,,,100.0,101.0,10^-56.3801,,,,,,0.5135391762958564,17,,,85.5412,32.0,10^-9.59141,,,,,,0
33069,1,286,Pseudomonas viridiflava,"",bacteria,false,,,,,,,,,,,,,,,,0.06041637368186547,2,,,96.4,28.0,10^-11.2366,,,,,,0
29438,1,286,Pseudomonas savastanoi,"",bacteria,false,,,,,,,,,,,,,,,,2.0239485183424932,67,,,88.8493,37.9167,10^-15.6333,,,,,,0
317,1,286,Pseudomonas syringae,"",bacteria,false,,,,0.21145730788652914,7,,,99.7171,100.714,10^-55.7931,,,,,,1.8426993972968968,61,,,87.9053,31.6491,10^-10.4773,,,,,,0
306,1,286,Pseudomonas sp.,"",bacteria,false,,,,0.030208186840932735,1,,,100.0,101.0,10^-56.3801,,,,,,0.030208186840932735,1,,,100.0,32.0,10^-12.6556,,,,,,0
303,1,286,Pseudomonas putida,"",bacteria,false,,,,3.2322759919798023,107,,,99.7813,99.81,10^-55.2394,,,,,,0.39270642893212554,13,,,99.5308,30.6154,10^-13.045,,,,,,1
301,1,286,Pseudomonas oleovorans,"",bacteria,false,,,,0.12083274736373094,4,,,100.0,78.5,10^-41.0643,,,,,,,,,,,,,,,,,,0
300,1,286,Pseudomonas mendocina,"",bacteria,false,,,,0.12083274736373094,4,,,100.0,92.0,10^-50.2511,,,,,,,,,,,,,,,,,,0
294,1,286,Pseudomonas fluorescens,"",bacteria,false,,,,0.0906245605227982,3,,,100.0,100.0,10^-55.6982,,,,,,0.5437473631367892,18,,,89.0389,29.9444,10^-8.97071,,,,,,1
287,1,286,Pseudomonas aeruginosa,"",bacteria,false,,,,0.8760374183870493,29,,,99.9258,97.9655,10^-54.2171,,,,,,1.5104093420466367,50,,,90.9708,31.6667,10^-10.9291,,,,,,1
283,2,283,Comamonas,"",bacteria,false,,,,0.3624982420911928,12,,,98.0896,91.6667,10^-47.5111,,,,,,,,,,,,,,,,,"[363952, 225992, 225991, 285]",0
363952,1,283,Comamonas thiooxydans,"",bacteria,false,,,,0.030208186840932735,1,,,100.0,101.0,10^-56.3801,,,,,,,,,,,,,,,,,,0
225992,1,283,Comamonas kerstersii,"",bacteria,false,,,,0.12083274736373094,4,,,98.76,100.25,10^-54.1532,,,,,,,,,,,,,,,,,,0
225991,1,283,Comamonas aquatica,"",bacteria,false,,,,0.15104093420466366,5,,,96.407,97.6,10^-49.3963,,,,,,,,,,,,,,,,,,0
285,1,283,Comamonas testosteroni,"",bacteria,false,,,,0.06041637368186547,2,,,100.0,55.0,10^-25.0795,,,,,,,,,,,,,,,,,,0
265,2,265,Paracoccus,"",bacteria,false,,,,0.2718736815683946,9,,,97.8382,98.8889,10^-52.0435,,,,,,0.06041637368186547,2,,,100.0,32.0,10^-10.6696,,,,,"[2760307, 2596918, 2259340, 2065379, 184748, 82367, 59779]",0
2760307,1,265,Paracoccus sp. MC1862,"",bacteria,false,,,,0.030208186840932735,1,,,99.01,101.0,10^-55.0077,,,,,,,,,,,,,,,,,,0
2596918,1,265,Paracoccus sp. NBH48,"",bacteria,false,,,,,,,,,,,,,,,,0.030208186840932735,1,,,100.0,32.0,10^-10.6696,,,,,,0
2259340,1,265,Paracoccus suum,"",bacteria,false,,,,0.030208186840932735,1,,,100.0,99.0,10^-55.0164,,,,,,,,,,,,,,,,,,0
2065379,1,265,Paracoccus jeotgali,"",bacteria,false,,,,0.030208186840932735,1,,,98.0,100.0,10^-52.9535,,,,,,,,,,,,,,,,,,0
184748,1,265,Paracoccus seriniphilus,"",bacteria,false,,,,0.030208186840932735,1,,,96.04,101.0,10^-50.8906,,,,,,,,,,,,,,,,,,0
82367,1,265,Paracoccus pantotrophus,"",bacteria,false,,,,0.030208186840932735,1,,,98.02,101.0,10^-53.6353,,,,,,,,,,,,,,,,,,0
59779,1,265,Paracoccus marcusii,"",bacteria,false,,,,0.12083274736373094,4,,,97.3685,97.0,10^-50.222,,,,,,0.030208186840932735,1,,,100.0,32.0,10^-10.6696,,,,,,0
262,2,262,Francisella,"",bacteria,false,,,,0.0906245605227982,3,,,91.507,41.0,10^-10.7983,,,,,,,,,,,,,,,,,"[475375, 28110]",0
475375,1,262,Francisella sp. MA067296,"",bacteria,false,,,,0.030208186840932735,1,,,90.909,44.0,10^-12.1389,,,,,,,,,,,,,,,,,,0
28110,1,262,Francisella philomiragia,"",bacteria,false,,,,0.06041637368186547,2,,,92.105,38.0,10^-9.45781,,,,,,,,,,,,,,,,,,0
237,2,237,Flavobacterium,"",bacteria,false,,,,0.15104093420466366,5,,,96.8366,75.4,10^-36.5051,,,,,,2.8093613762067444,93,,,71.511,33.0652,10^-6.87672,,,,,"[2906078, 2897181, 2856519, 2518177, 986, 239]",0
2906078,1,237,Flavobacterium oreochromis,"",bacteria,false,,,,0.030208186840932735,1,,,98.0,50.0,10^-20.3176,,,,,,,,,,,,,,,,,,0
2897181,1,237,Flavobacterium channae,"",bacteria,false,,,,0.030208186840932735,1,,,100.0,101.0,10^-56.3801,,,,,,,,,,,,,,,,,,0
2856519,1,237,Flavobacterium litorale,"",bacteria,false,,,,0.030208186840932735,1,,,95.506,89.0,10^-42.7113,,,,,,,,,,,,,,,,,,0
2518177,1,237,Flavobacterium sangjuense,"",bacteria,false,,,,0.030208186840932735,1,,,91.667,36.0,10^-8.10892,,,,,,,,,,,,,,,,,,0
986,1,237,Flavobacterium johnsoniae,"",bacteria,false,,,,0.030208186840932735,1,,,99.01,101.0,10^-55.0077,,,,,,,,,,,,,,,,,,0
239,1,237,Flavobacterium sp.,"",bacteria,false,,,,,,,,,,,,,,,,2.8093613762067444,93,,,71.511,33.0652,10^-6.87672,,,,,,0
234,2,234,Brucella,"",bacteria,false,,,,0.24166549472746188,8,,,99.3763,99.375,10^-54.4144,,,,,,0.8156210447051838,27,,,91.76,30.88,10^-11.3301,,,,,"[2730447, 520449, 419475, 215590, 120576, 29461, 529, 235]",2
2730447,1,234,Brucella sp. 191011898,"",bacteria,false,,,,,,,,,,,,,,,,0.030208186840932735,1,,,84.6,26.0,10^-4.27654,,,,,,0
520449,1,234,Brucella sp. 83/13,"",bacteria,false,,,,,,,,,,,,,,,,0.06041637368186547,2,,,86.35,33.0,10^-9.88393,,,,,,0
419475,1,234,Brucella pseudogrignonensis,"",bacteria,false,,,,0.030208186840932735,1,,,100.0,101.0,10^-56.3801,,,,,,,,,,,,,,,,,,0
215590,1,234,Brucella gallinifaecis,"",bacteria,false,,,,,,,,,,,,,,,,0.030208186840932735,1,,,97.0,33.0,10^-11.4672,,,,,,0
120576,1,234,Brucella pinnipedialis,"",bacteria,false,,,,,,,,,,,,,,,,0.030208186840932735,1,,,93.8,32.0,10^-13.5901,,,,,,0
29461,1,234,Brucella suis,"",bacteria,false,,,,0.06041637368186547,2,,,98.0,100.0,10^-52.9535,,,,,,0.33229005525026006,11,,,94.51,29.9,10^-11.0276,,,,,,1
529,1,234,Brucella anthropi,"",bacteria,false,,,,0.12083274736373094,4,,,99.7525,98.25,10^-54.1621,,,,,,,,,,,,,,,,,,0
235,1,234,Brucella abortus,"",bacteria,false,,,,0.030208186840932735,1,,,100.0,101.0,10^-56.3801,,,,,,0.33229005525026006,11,,,90.08,31.6,10^-12.3875,,,,,,1
222,2,222,Achromobacter,"",bacteria,false,,,,0.15104093420466366,5,,,95.4114,48.4,10^-18.1473,,,,,,0.030208186840932735,1,,,82.1,28.0,10^-9.73283,,,,,"[1915388, 1389922, 217204, 85698]",1
1915388,1,222,Achromobacter sp. KAs 3-5,"",bacteria,false,,,,,,,,,,,,,,,,0.030208186840932735,1,,,82.1,28.0,10^-9.73283,,,,,,0
1389922,1,222,Achromobacter mucicolens,"",bacteria,false,,,,0.06041637368186547,2,,,92.3745,39.5,10^-10.4711,,,,,,,,,,,,,,,,,,0
217204,1,222,Achromobacter insolitus,"",bacteria,false,,,,0.06041637368186547,2,,,100.0,62.0,10^-29.8308,,,,,,,,,,,,,,,,,,0
85698,1,222,Achromobacter xylosoxidans,"",bacteria,false,,,,0.030208186840932735,1,,,92.308,39.0,10^-10.1327,,,,,,,,,,,,,,,,,,1
209,2,209,Helicobacter,"",bacteria,false,,,,0.0906245605227982,3,,,90.204,47.6667,10^-13.7052,,,,,,,,,,,,,,,,,[210],1
210,1,209,Helicobacter pylori,"",bacteria,false,,,,0.0906245605227982,3,,,90.204,47.6667,10^-13.7052,,,,,,,,,,,,,,,,,,1
194,2,194,Campylobacter,"",bacteria,false,,,,0.030208186840932735,1,,,86.486,37.0,10^-6.03847,,,,,,0.2718736815683946,9,,,76.6222,32.3333,10^-8.16374,,,,,"[206, 199, 197]",1
206,1,194,Campylobacter sputorum,"",bacteria,false,,,,,,,,,,,,,,,,0.12083274736373094,4,,,68.725,32.75,10^-6.72036,,,,,,0
199,1,194,Campylobacter concisus,"",bacteria,false,,,,0.030208186840932735,1,,,86.486,37.0,10^-6.03847,,,,,,,,,,,,,,,,,,0
197,1,194,Campylobacter jejuni,"",bacteria,false,,,,,,,,,,,,,,,,0.15104093420466366,5,,,82.94,32.0,10^-9.31845,,,,,,1
191,2,191,Azospirillum,"",bacteria,false,,,,,,,,,,,,,,,,190.61365896628556,6310,,,69.0585,136.191,10^-55.3884,,,,,"[1262706, 192]",0
1262706,1,191,Azospirillum sp. CAG:260,"",bacteria,false,,,,,,,,,,,,,,,,190.52303440576276,6307,,,69.0378,136.281,10^-55.4273,,,,,,0
192,1,191,Azospirillum brasilense,"",bacteria,false,,,,,,,,,,,,,,,,0.0906245605227982,3,,,93.4333,29.3333,10^-9.44546,,,,,,0
171,2,171,Leptospira,"",bacteria,false,,,,,,,,,,,,,,,,0.030208186840932735,1,,,100.0,33.0,10^-13.0768,,,,,[174],1
174,1,171,Leptospira borgpetersenii,"",bacteria,false,,,,,,,,,,,,,,,,0.030208186840932735,1,,,100.0,33.0,10^-13.0768,,,,,,1
157,2,157,Treponema,"",bacteria,false,,,,0.06041637368186547,2,,,98.718,78.0,10^-39.3377,,,,,,3.594774234070995,119,,,60.0604,69.6396,10^-19.4026,,,,,"[138851, 53419, 166]",0
138851,1,157,Treponema parvum,"",bacteria,false,,,,0.06041637368186547,2,,,98.718,78.0,10^-39.3377,,,,,,,,,,,,,,,,,,0
53419,1,157,Treponema socranskii,"",bacteria,false,,,,,,,,,,,,,,,,3.5645660472300627,118,,,60.0,70.0,10^-19.5513,,,,,,0
166,1,157,Treponema sp.,"",bacteria,false,,,,,,,,,,,,,,,,0.030208186840932735,1,,,66.7,30.0,10^-3.04239,,,,,,0
138,2,138,Borrelia,"",bacteria,false,,,,,,,,,,,,,,,,0.030208186840932735,1,,,100.0,30.0,10^-15.4685,,,,,[144],0
144,1,138,Borrelia coriaceae,"",bacteria,false,,,,,,,,,,,,,,,,0.030208186840932735,1,,,100.0,30.0,10^-15.4685,,,,,,0
113,2,113,Gemmata,"",bacteria,false,,,,,,,,,,,,,,,,0.030208186840932735,1,,,69.7,33.0,10^-6.25337,,,,,[114],0
114,1,113,Gemmata obscuriglobus,"",bacteria,false,,,,,,,,,,,,,,,,0.030208186840932735,1,,,69.7,33.0,10^-6.25337,,,,,,0
107,2,107,Spirosoma,"",bacteria,false,,,,0.12083274736373094,4,,,98.409,93.5,10^-49.2088,,,,,,0.06041637368186547,2,,,96.6,29.0,10^-7.05899,,,,,"[2937440, 2745947, 1379870]",0
2937440,1,107,Spirosoma liriopis,"",bacteria,false,,,,,,,,,,,,,,,,0.06041637368186547,2,,,96.6,29.0,10^-7.05899,,,,,,0
2745947,1,107,Spirosoma sp. KUDC1026,"",bacteria,false,,,,0.06041637368186547,2,,,97.917,96.0,10^-50.2264,,,,,,,,,,,,,,,,,,0
1379870,1,107,Spirosoma radiotolerans,"",bacteria,false,,,,0.06041637368186547,2,,,98.901,91.0,10^-48.1911,,,,,,,,,,,,,,,,,,0
105,2,105,Runella,"",bacteria,false,,,,0.030208186840932735,1,,,92.105,38.0,10^-9.45781,,,,,,,,,,,,,,,,,[2259595],0
2259595,1,105,Runella rosea,"",bacteria,false,,,,0.030208186840932735,1,,,92.105,38.0,10^-9.45781,,,,,,,,,,,,,,,,,,0
99,2,99,Ancylobacter,"",bacteria,false,,,,0.030208186840932735,1,,,94.949,99.0,10^-48.1545,,,,,,,,,,,,,,,,,[3039801],0
3039801,1,99,Ancylobacter sp. WKF20,"",bacteria,false,,,,0.030208186840932735,1,,,94.949,99.0,10^-48.1545,,,,,,,,,,,,,,,,,,0
75,2,75,Caulobacter,"",bacteria,false,,,,0.06041637368186547,2,,,88.889,36.0,10^-6.73655,,,,,,,,,,,,,,,,,[155892],0
155892,1,75,Caulobacter vibrioides,"",bacteria,false,,,,0.06041637368186547,2,,,88.889,36.0,10^-6.73655,,,,,,,,,,,,,,,,,,0
68,2,68,Lysobacter,"",bacteria,false,,,,0.06041637368186547,2,,,93.758,94.0,10^-44.0611,,,,,,,,,,,,,,,,,[69],0
69,1,68,Lysobacter enzymogenes,"",bacteria,false,,,,0.06041637368186547,2,,,93.758,94.0,10^-44.0611,,,,,,,,,,,,,,,,,,0
55,2,55,Polyangium,"",bacteria,false,,,,,,,,,,,,,,,,0.030208186840932735,1,,,60.6,33.0,10^-7.66756,,,,,[3042687],0
3042687,1,55,Polyangium sp. 15x6,"",bacteria,false,,,,,,,,,,,,,,,,0.030208186840932735,1,,,60.6,33.0,10^-7.66756,,,,,,0
22,2,22,Shewanella,"",bacteria,false,,,,0.15104093420466366,5,,,94.5618,89.0,10^-41.0878,,,,,,0.21145730788652914,7,,,81.9143,30.2857,10^-9.32931,,,,,"[2814294, 2775245, 2282699, 332186, 327521, 271098, 24, 23]",0
2814294,1,22,Shewanella avicenniae,"",bacteria,false,,,,0.030208186840932735,1,,,90.099,101.0,10^-42.6564,,,,,,,,,,,,,,,,,,0
2775245,1,22,Shewanella sp. WPAGA9,"",bacteria,false,,,,0.030208186840932735,1,,,97.03,101.0,10^-52.2629,,,,,,,,,,,,,,,,,,0
2282699,1,22,Shewanella ulleungensis,"",bacteria,false,,,,,,,,,,,,,,,,0.030208186840932735,1,,,71.0,31.0,10^-4.65956,,,,,,0
332186,1,22,Shewanella xiamenensis,"",bacteria,false,,,,,,,,,,,,,,,,0.030208186840932735,1,,,90.3,31.0,10^-12.0915,,,,,,0
327521,1,22,Shewanella sp. A317,"",bacteria,false,,,,0.030208186840932735,1,,,97.03,101.0,10^-52.2629,,,,,,,,,,,,,,,,,,0
271098,1,22,Shewanella halifaxensis,"",bacteria,false,,,,0.030208186840932735,1,,,91.089,101.0,10^-44.0287,,,,,,,,,,,,,,,,,,0
24,1,22,Shewanella putrefaciens,"",bacteria,false,,,,0.030208186840932735,1,,,97.561,41.0,10^-14.2281,,,,,,,,,,,,,,,,,,0
23,1,22,Shewanella colwelliana,"",bacteria,false,,,,,,,,,,,,,,,,0.15104093420466366,5,,,82.42,30.0,10^-9.71082,,,,,,0
-200,2,-200,all taxa with neither family nor genus classification,,,false,,,,265.28829683707124,8782,,,89.7612,192.737,10^-60.8746,,,,,,287.52152235199776,9518,,,58.4063,79.327,10^-16.4899,,,,,"[3055750, 2983310, 2983309, 2980386, 2980377, 2952075, 2936537, 2929650, 2910404, 2900548, 2899248, 2899247, 2892542, 2883290, 2832643, 2829486, 2813034, 2800948, 2800930, 2800914, 2800909, 2789886, 2789885, 2783545, 2778222, 2777523, 2771455, 2693935, 2689360, 2681972, 2607735, 2607732, 2585267, 2585031, 2507131, 2448054, 2358460, 2250274, 2249419, 2109864, 2109376, 2080452, 2053517, 2052317, 2052149, 2045217, 2043162, 2030927, 2027351, 2027350, 2026807, 2026803, 2026795, 2026788, 2026786, 2026780, 2026763, 2026754, 2026749, 2026747, 2026724, 2025587, 2021391, 2010267, 1993870, 1986615, 1981605, 1978231, 1977087, 1975017, 1974763, 1974606, 1925501, 1922882, 1915306, 1913989, 1913988, 1909294, 1906665, 1898104, 1891241, 1891238, 1891229, 1874051, 1869227, 1802535, 1795439, 1795437, 1769355, 1768115, 1768112, 1756126, 1715222, 1709941, 1709935, 1709932, 1708798, 1701327, 1701325, 1690483, 1654579, 1645740, 1628856, 1619074, 1618846, 1608122, 1563632, 1548474, 1425163, 1368695, 1331194, 1321856, 1075826, 1052209, 884443, 883811, 710997, 710978, 710977, 710972, 710836, 710833, 710831, 710808, 710741, 710740, 697907, 544289, 526643, 447265, 417305, 410823, 312227, 253830, 239730, 237608, 235205, 224209, 204529, 203449, 202726, 198431, 175245, 175244, 175243, 164851, 155900, 152704, 100272, 91750, 86027, 77133, 32644, 2340, -100]",0
3055750,1,-200,Coquillettidia bunyavirus,"",viruses,false,,,,,,,,,,,,,,,,0.3020818684093273,10,,,50.746,67.0,10^-15.7122,,,,,,0
2983310,1,-200,Dothideomycetes sp. NU30,"",eukaryota,false,,,,0.030208186840932735,1,,,90.0,50.0,10^-14.8281,,,,,,,,,,,,,,,,,,0
2983309,1,-200,Dothideomycetes sp. NU200,"",eukaryota,false,,,,0.030208186840932735,1,,,94.805,77.0,10^-34.54,,,,,,,,,,,,,,,,,,0
2980386,1,-200,Tierp virus,"",viruses,false,,,,,,,,,,,,,,,,0.0906245605227982,3,,,82.7,29.0,10^-4.82127,,,,,,0
2980377,1,-200,Kvarnon virus,"",viruses,false,,,,,,,,,,,,,,,,0.7552046710233183,25,,,83.712,29.52,10^-7.19278,,,,,,0
2952075,1,-200,XiangYun mono-chu-like virus 8,"",viruses,false,,,,,,,,,,,,,,,,0.030208186840932735,1,,,54.8,31.0,10^-3.451,,,,,,0
2936537,1,-200,Byreska virus,"",viruses,false,,,,,,,,,,,,,,,,0.8458292315461166,28,,,34.574,188.0,10^-31.9355,,,,,,0
2929650,1,-200,Tartas insect-associated virus,"",viruses,false,,,,,,,,,,,,,,,,0.21145730788652914,7,,,78.1571,31.8571,10^-7.99143,,,,,,0
2910404,1,-200,Trichobi phenuili virus,"",viruses,false,,,,0.0906245605227982,3,,,92.7807,44.6667,10^-13.5057,,,,,,,,,,,,,,,,,,0
2900548,1,-200,Actinomycetota bacterium,"",bacteria,false,,,,,,,,,,,,,,,,0.030208186840932735,1,,,100.0,33.0,10^-13.2573,,,,,,0
2899248,1,-200,Aedes binegev-like virus 2,"",viruses,false,,,,,,,,,,,,,,,,0.06041637368186547,2,,,81.8,33.0,10^-9.63484,,,,,,0
2899247,1,-200,Aedes binegev-like virus 1,"",viruses,false,,,,,,,,,,,,,,,,0.06041637368186547,2,,,81.8,33.0,10^-9.97405,,,,,,0
2892542,1,-200,San Gabriel mononegavirus,"",viruses,false,,,,,,,,,,,,,,,,0.030208186840932735,1,,,82.6,23.0,10^-3.44977,,,,,,0
2883290,1,-200,bacterium 210702-DFI.5.13,"",bacteria,false,,,,,,,,,,,,,,,,0.12083274736373094,4,,,90.05,30.75,10^-11.2841,,,,,,0
2832643,1,-200,Caudoviricetes sp.,"",viruses,false,,,,0.06041637368186547,2,,,96.184,39.0,10^-12.1914,,,,,,0.12083274736373094,4,,,88.725,27.75,10^-9.24492,,,,,,0
2829486,1,-200,Auriculariales sp. MPI-PUGE-AT-0066,"",eukaryota,false,,,,,,,,,,,,,,,,0.06041637368186547,2,,,78.35,32.5,10^-6.11156,,,,,,0
2813034,1,-200,Sedimentisphaerales bacterium,"",bacteria,false,,,,,,,,,,,,,,,,0.06041637368186547,2,,,73.85,32.5,10^-6.37649,,,,,,0
2800948,1,-200,Usinis virus,"",viruses,false,,,,,,,,,,,,,,,,4.652060773503641,154,,,47.4999,147.071,10^-41.0211,,,,,,0
2800930,1,-200,Nebet virus,"",viruses,false,,,,,,,,,,,,,,,,0.24166549472746188,8,,,40.845,71.0,10^-10.3799,,,,,,0
2800914,1,-200,Elisy virus,"",viruses,false,,,,,,,,,,,,,,,,0.030208186840932735,1,,,57.6,33.0,10^-3.04096,,,,,,0
2800909,1,-200,Canya virus,"",viruses,false,,,,,,,,,,,,,,,,0.15104093420466366,5,,,64.3,31.6667,10^-6.35878,,,,,,0
2789886,1,-200,Aedes aegypti To virus 2,"",viruses,false,,,,,,,,,,,,,,,,7.944753139165309,263,,,61.9503,72.41,10^-21.6269,,,,,,0
2789885,1,-200,Aedes aegypti To virus 1,"",viruses,false,,,,,,,,,,,,,,,,5.316640884004161,176,,,60.5218,90.686,10^-27.1775,,,,,,0
2783545,1,-200,Providencia phage PSTCR3,"",viruses,true,,,,0.06041637368186547,2,,,95.52,100.5,10^-49.8635,,,,,,,,,,,,,,,,,,0
2778222,1,-200,Kwale mosquito virus,"",viruses,false,,,,,,,,,,,,,,,,0.030208186840932735,1,,,100.0,32.0,10^-12.9872,,,,,,0
2777523,1,-200,Gentianales environmental sample,"",eukaryota,false,,,,0.06041637368186547,2,,,100.0,92.0,10^-50.2449,,,,,,,,,,,,,,,,,,0
2771455,1,-200,Serbia mononega-like virus 1,"",viruses,false,,,,,,,,,,,,,,,,0.24166549472746188,8,,,82.1155,53.75,10^-22.2415,,,,,,0
2693935,1,-200,Marine virus AFVG_250M732,"",viruses,false,,,,0.030208186840932735,1,,,94.595,37.0,10^-10.1556,,,,,,,,,,,,,,,,,,0
2689360,1,-200,Atrato Retro-like virus,"",viruses,false,,,,,,,,,,,,,,,,1.6916584630922331,56,,,64.8758,60.1071,10^-17.0951,,,,,,0
2681972,1,-200,bacterium LRH843,"",bacteria,false,,,,,,,,,,,,,,,,0.030208186840932735,1,,,100.0,20.0,10^-6.19111,,,,,,0
2607735,1,-200,Guadeloupe mosquito virus,"",viruses,false,,,,0.06041637368186547,2,,,99.479,98.5,10^-53.9894,,,,,,0.06041637368186547,2,,,98.5,33.0,10^-13.0959,,,,,,0
2607732,1,-200,Guadeloupe mosquito mononega-like virus,"",viruses,false,,,,,,,,,,,,,,,,5.52809819189069,183,,,86.5739,121.028,10^-66.1795,,,,,,0
2585267,1,-200,Reoviridae sp.,"",viruses,false,,,,,,,,,,,,,,,,0.1812491210455964,6,,,75.575,32.5,10^-6.54865,,,,,,0
2585031,1,-200,Riboviria sp.,"",viruses,false,,,,,,,,,,,,,,,,0.030208186840932735,1,,,67.7,31.0,10^-3.13906,,,,,,0
2507131,1,-200,Renna virus,"",viruses,false,,,,0.06041637368186547,2,,,100.0,100.5,10^-56.0391,,,,,,0.030208186840932735,1,,,100.0,33.0,10^-11.3288,,,,,,0
2448054,1,-200,Gemmatimonadales bacterium,"",bacteria,false,,,,0.030208186840932735,1,,,97.727,44.0,10^-16.256,,,,,,,,,,,,,,,,,,0
2358460,1,-200,Nitrospirales bacterium,"",bacteria,false,,,,,,,,,,,,,,,,0.06041637368186547,2,,,81.5,27.0,10^-4.62173,,,,,,0
2250274,1,-200,Candidatus Micrarchaeota archaeon,"",archaea,false,,,,,,,,,,,,,,,,0.030208186840932735,1,,,53.1,32.0,10^-3.01682,,,,,,0
2249419,1,-200,Chaetothyriales sp. CBS 132003,"",eukaryota,false,,,,,,,,,,,,,,,,0.030208186840932735,1,,,87.5,32.0,10^-10.6596,,,,,,0
2109864,1,-200,Russulales sp. SLL-2018a,"",eukaryota,false,,,,0.030208186840932735,1,,,100.0,100.0,10^-55.6982,,,,,,,,,,,,,,,,,,0
2109376,1,-200,High Island virus,"",viruses,false,,,,0.48333098945492375,16,,,92.2968,97.125,10^-43.1032,,,,,,0.48333098945492375,16,,,95.0125,31.875,10^-10.6949,,,,,,0
2080452,1,-200,bacterium MnTg02,"",bacteria,false,,,,,,,,,,,,,,,,0.030208186840932735,1,,,90.9,33.0,10^-7.88941,,,,,,0
2053517,1,-200,Bdellovibrionales bacterium,"",bacteria,false,,,,,,,,,,,,,,,,0.030208186840932735,1,,,82.1,28.0,10^-3.72354,,,,,,0
2052317,1,-200,Candidatus Eremiobacteraeota bacterium,"",bacteria,false,,,,0.06041637368186547,2,,,91.089,101.0,10^-44.0287,,,,,,,,,,,,,,,,,,0
2052149,1,-200,Candidatus Aminicenantes bacterium,"",bacteria,false,,,,,,,,,,,,,,,,0.030208186840932735,1,,,67.9,28.0,10^-3.04096,,,,,,0
2045217,1,-200,Candidatus Moranbacteria bacterium,"",bacteria,false,,,,,,,,,,,,,,,,0.030208186840932735,1,,,78.6,28.0,10^-5.85078,,,,,,0
2043162,1,-200,Acidobacteriia bacterium SbA2,"",bacteria,false,,,,,,,,,,,,,,,,0.030208186840932735,1,,,78.3,23.0,10^-3.39362,,,,,,0
2030927,1,-200,Bacteroidales bacterium,"",bacteria,false,,,,,,,,,,,,,,,,0.1812491210455964,6,,,66.2167,31.5,10^-5.54073,,,,,,0
2027351,1,-200,Cumbaru virus,"",viruses,false,,,,,,,,,,,,,,,,0.12083274736373094,4,,,82.575,30.25,10^-8.64628,,,,,,0
2027350,1,-200,Croada virus,"",viruses,false,,,,,,,,,,,,,,,,0.06041637368186547,2,,,83.8,31.5,10^-9.07102,,,,,,0
2026807,1,-200,Zetaproteobacteria bacterium,"",bacteria,false,,,,,,,,,,,,,,,,0.030208186840932735,1,,,100.0,31.0,10^-8.89963,,,,,,0
2026803,1,-200,Candidatus Woesearchaeota archaeon,"",archaea,false,,,,,,,,,,,,,,,,0.030208186840932735,1,,,66.7,27.0,10^-3.00393,,,,,,0
2026795,1,-200,Nitrososphaerota archaeon,"",archaea,false,,,,,,,,,,,,,,,,0.3624982420911928,12,,,47.458,59.0,10^-10.3947,,,,,,0
2026788,1,-200,Rickettsiales bacterium,"",bacteria,false,,,,,,,,,,,,,,,,0.06041637368186547,2,,,63.05,32.5,10^-5.90343,,,,,,0
2026786,1,-200,Rhodospirillales bacterium,"",bacteria,false,,,,,,,,,,,,,,,,0.0906245605227982,3,,,95.4667,23.6667,10^-6.69212,,,,,,0
2026780,1,-200,Planctomycetota bacterium,"",bacteria,false,,,,,,,,,,,,,,,,0.030208186840932735,1,,,63.6,33.0,10^-4.65365,,,,,,0
2026763,1,-200,Myxococcales bacterium,"",bacteria,false,,,,,,,,,,,,,,,,0.030208186840932735,1,,,56.7,30.0,10^-4.42251,,,,,,0
2026754,1,-200,Legionellales bacterium,"",bacteria,false,,,,,,,,,,,,,,,,0.030208186840932735,1,,,70.4,27.0,10^-3.63451,,,,,,0
2026749,1,-200,Ignavibacteriota bacterium,"",bacteria,false,,,,0.030208186840932735,1,,,87.179,39.0,10^-7.38798,,,,,,,,,,,,,,,,,,0
2026747,1,-200,Candidatus Heimdallarchaeota archaeon,"",archaea,false,,,,,,,,,,,,,,,,0.030208186840932735,1,,,69.0,29.0,10^-6.85078,,,,,,0
2026724,1,-200,Chloroflexota bacterium,"",bacteria,false,,,,,,,,,,,,,,,,0.06041637368186547,2,,,63.1,32.5,10^-5.22391,,,,,,0
2025587,1,-200,Enterobacterales bacterium CwR94,"",bacteria,false,,,,,,,,,,,,,,,,0.06041637368186547,2,,,100.0,33.0,10^-13.1986,,,,,,0
2021391,1,-200,Flavobacteriales bacterium,"",bacteria,false,,,,,,,,,,,,,,,,0.06041637368186547,2,,,85.55,31.5,10^-9.22186,,,,,,0
2010267,1,-200,Aedes alboannulatus orthomyxo-like virus,"",viruses,false,,,,,,,,,,,,,,,,0.0906245605227982,3,,,64.6,32.0,10^-4.23508,,,,,,0
1993870,1,-200,Enterobacterales bacterium,"",bacteria,false,,,,,,,,,,,,,,,,0.0906245605227982,3,,,98.8667,31.3333,10^-10.9709,,,,,,0
1986615,1,-200,Actinomycetales bacterium TMED115,"",bacteria,false,,,,,,,,,,,,,,,,0.030208186840932735,1,,,66.7,30.0,10^-3.4908,,,,,,0
1981605,1,-200,Cystobasidiomycetes sp.,"",eukaryota,false,,,,0.12083274736373094,4,,,100.0,101.0,10^-56.3801,,,,,,,,,,,,,,,,,,0
1978231,1,-200,Acidobacteriota bacterium,"",bacteria,false,,,,,,,,,,,,,,,,0.06041637368186547,2,,,72.75,33.0,10^-7.53061,,,,,,0
1977087,1,-200,Pseudomonadota bacterium,"",bacteria,false,,,,,,,,,,,,,,,,0.3020818684093273,10,,,76.01,28.9,10^-6.87787,,,,,,0
1975017,1,-200,Candidatus Tagabacteria bacterium CG_4_10_14_0_2_um_filter_40_13,"",bacteria,false,,,,,,,,,,,,,,,,0.06041637368186547,2,,,73.1,26.0,10^-6.56067,,,,,,0
1974763,1,-200,Candidatus Pacebacteria bacterium CG_4_9_14_0_2_um_filter_36_8,"",bacteria,false,,,,,,,,,,,,,,,,28.15403013574931,932,,,63.4637,29.6221,10^-3.63665,,,,,,0
1974606,1,-200,Candidatus Kaiserbacteria bacterium CG10_big_fil_rev_8_21_14_0_10_44_10,"",bacteria,false,,,,,,,,,,,,,,,,0.030208186840932735,1,,,75.8,33.0,10^-9.54821,,,,,,0
1925501,1,-200,Salarivirus Mos8CM0,"",viruses,false,,,,,,,,,,,,,,,,0.2718736815683946,9,,,62.0409,68.1111,10^-22.7687,,,,,,0
1922882,1,-200,Hubei diptera virus 21,"",viruses,false,,,,,,,,,,,,,,,,0.030208186840932735,1,,,57.6,33.0,10^-3.86328,,,,,,0
1915306,1,-200,Klebsiella pneumoniae phage,"",viruses,true,,,,0.06041637368186547,2,,,97.368,38.0,10^-12.2026,,,,,,,,,,,,,,,,,,0
1913989,1,-200,Gammaproteobacteria bacterium,"",bacteria,false,,,,,,,,,,,,,,,,0.7854128578642511,26,,,76.0292,30.875,10^-6.51799,,,,,,0
1913988,1,-200,Alphaproteobacteria bacterium,"",bacteria,false,,,,,,,,,,,,,,,,0.48333098945492375,16,,,86.3938,31.875,10^-9.31679,,,,,,0
1909294,1,-200,Hyphomicrobiales bacterium,"",bacteria,false,,,,,,,,,,,,,,,,0.12083274736373094,4,,,90.75,32.5,10^-12.8452,,,,,,0
1906665,1,-200,archaeon,"",archaea,false,,,,,,,,,,,,,,,,0.030208186840932735,1,,,64.0,25.0,10^-3.84466,,,,,,0
1898104,1,-200,Bacteroidota bacterium,"",bacteria,false,,,,,,,,,,,,,,,,0.0906245605227982,3,,,83.8333,29.6667,10^-5.75411,,,,,,0
1891241,1,-200,Betaproteobacteria bacterium,"",bacteria,false,,,,,,,,,,,,,,,,0.1812491210455964,6,,,76.12,29.8,10^-7.16521,,,,,,0
1891238,1,-200,Burkholderiales bacterium,"",bacteria,false,,,,,,,,,,,,,,,,0.030208186840932735,1,,,68.8,32.0,10^-4.67366,,,,,,0
1891229,1,-200,Pseudomonadales bacterium,"",bacteria,false,,,,,,,,,,,,,,,,0.030208186840932735,1,,,100.0,33.0,10^-11.067,,,,,,0
1874051,1,-200,gamma proteobacterium symbiont of Rubiconia intermedia,"",bacteria,false,,,,0.030208186840932735,1,,,100.0,101.0,10^-56.3801,,,,,,,,,,,,,,,,,,0
1869227,1,-200,bacterium,"",bacteria,false,,,,0.06041637368186547,2,,,97.611,68.0,10^-31.9036,,,,,,2.356238573592753,78,,,46.6014,94.7763,10^-19.4715,,,,,,0
1802535,1,-200,Candidatus Woesebacteria bacterium RIFOXYA1_FULL_48_16,"",bacteria,false,,,,,,,,,,,,,,,,0.030208186840932735,1,,,71.0,31.0,10^-4.66756,,,,,,0
1795439,1,-200,Kaiowa virus,"",viruses,false,,,,0.06041637368186547,2,,,100.0,100.5,10^-56.0391,,,,,,0.8760374183870493,29,,,77.3017,46.1379,10^-19.1317,,,,,,0
1795437,1,-200,Guato virus,"",viruses,false,,,,0.453122802613991,15,,,94.906,88.4,10^-41.5809,,,,,,0.5135391762958564,17,,,74.0581,54.2353,10^-21.8271,,,,,,0
1769355,1,-200,Dothideales sp.,"",eukaryota,false,,,,0.06041637368186547,2,,,94.949,99.0,10^-48.1545,,,,,,,,,,,,,,,,,,0
1768115,1,-200,bacterium F082,"",bacteria,false,,,,,,,,,,,,,,,,0.12083274736373094,4,,,83.5,30.0,10^-4.55995,,,,,,0
1768112,1,-200,bacterium P201,"",bacteria,false,,,,,,,,,,,,,,,,0.06041637368186547,2,,,78.7,30.5,10^-5.16872,,,,,,0
1756126,1,-200,Agaricales sp.,"",eukaryota,false,,,,0.030208186840932735,1,,,91.837,98.0,10^-43.3556,,,,,,,,,,,,,,,,,,0
1715222,1,-200,Chaetothyriales sp.,"",eukaryota,false,,,,0.06041637368186547,2,,,100.0,101.0,10^-56.3801,,,,,,,,,,,,,,,,,,0
1709941,1,-200,fungal sp.,"",eukaryota,false,,,,0.24166549472746188,8,,,99.8571,99.0,10^-54.8205,,,,,,,,,,,,,,,,,,0
1709935,1,-200,Dothideomycetes sp.,"",eukaryota,false,,,,0.030208186840932735,1,,,100.0,100.0,10^-55.6982,,,,,,,,,,,,,,,,,,0
1709932,1,-200,Agaricomycetes sp.,"",eukaryota,false,,,,0.12083274736373094,4,,,100.0,100.5,10^-56.0391,,,,,,,,,,,,,,,,,,0
1708798,1,-200,bacterium MOB-11/DRDE-11/BT/ MAGS/PTN/TNVR,"",bacteria,false,,,,0.030208186840932735,1,,,100.0,99.0,10^-55.0164,,,,,,,,,,,,,,,,,,0
1701327,1,-200,uncultured bacterium 5H7,"",bacteria,false,,,,,,,,,,,,,,,,0.1812491210455964,6,,,86.56,32.6,10^-11.9313,,,,,,0
1701325,1,-200,uncultured bacterium 5G12,"",bacteria,false,,,,,,,,,,,,,,,,0.030208186840932735,1,,,78.8,33.0,10^-11.0926,,,,,,0
1690483,1,-200,Bacteroidetes bacterium UKL13-3,"",bacteria,false,,,,0.06041637368186547,2,,,89.1995,81.5,10^-30.7555,,,,,,,,,,,,,,,,,,0
1654579,1,-200,Galbut virus,"",viruses,false,,,,,,,,,,,,,,,,0.7249964841823856,24,,,40.945,127.0,10^-25.9208,,,,,,0
1645740,1,-200,uncultured Thermomicrobiales bacterium,"",bacteria,false,,,,0.030208186840932735,1,,,100.0,101.0,10^-56.3801,,,,,,,,,,,,,,,,,,0
1628856,1,-200,bacteria symbiont BFo2 of Frankliniella occidentalis,"",bacteria,false,,,,,,,,,,,,,,,,0.21145730788652914,7,,,94.1429,30.8571,10^-10.6023,,,,,,0
1619074,1,-200,candidate division TM6 bacterium GW2011_GWE2_36_25,"",bacteria,false,,,,,,,,,,,,,,,,0.06041637368186547,2,,,58.75,31.5,10^-4.42392,,,,,,0
1618846,1,-200,Parcubacteria group bacterium GW2011_GWA2_47_7,"",bacteria,false,,,,,,,,,,,,,,,,0.06041637368186547,2,,,76.9,26.0,10^-3.11748,,,,,,0
1608122,1,-200,Wuhan Louse Fly Virus 8,"",viruses,false,,,,,,,,,,,,,,,,0.030208186840932735,1,,,69.7,33.0,10^-7.67162,,,,,,0
1563632,1,-200,gamma proteobacterium symbiont of Plautia stali,"",bacteria,false,,,,0.030208186840932735,1,,,98.02,101.0,10^-53.6353,,,,,,0.030208186840932735,1,,,100.0,31.0,10^-9.29414,,,,,,0
1548474,1,-200,bacterium enrichment culture clone C_2011_SML_3,"",bacteria,false,,,,0.030208186840932735,1,,,100.0,101.0,10^-56.3801,,,,,,,,,,,,,,,,,,0
1425163,1,-200,uncultured bacterium ctg7180000001448,"",bacteria,false,,,,0.06041637368186547,2,,,94.5785,101.5,10^-49.173,,,,,,,,,,,,,,,,,,0
1368695,1,-200,gamma proteobacterium endosymbiont of Pseudococcus longispinus,"",bacteria,false,,,,0.06041637368186547,2,,,100.0,101.0,10^-56.3801,,,,,,,,,,,,,,,,,,0
1331194,1,-200,bacterium secondary symbiont of Coelostomidia pilosa,"",bacteria,false,,,,0.030208186840932735,1,,,100.0,101.0,10^-56.3801,,,,,,,,,,,,,,,,,,0
1321856,1,-200,Basidiomycota sp. 29 OA-2013,"",eukaryota,false,,,,0.030208186840932735,1,,,97.938,97.0,10^-50.9081,,,,,,,,,,,,,,,,,,0
1075826,1,-200,dsRNA virus environmental sample,"",viruses,false,,,,,,,,,,,,,,,,0.030208186840932735,1,,,72.7,33.0,10^-6.5817,,,,,,0
1052209,1,-200,Bathymodiolus brooksi thiotrophic gill symbiont,"",bacteria,false,,,,,,,,,,,,,,,,0.12083274736373094,4,,,72.1,30.75,10^-4.61438,,,,,,0
884443,1,-200,bacterium B51SSA,"",bacteria,false,,,,0.030208186840932735,1,,,100.0,100.0,10^-55.6982,,,,,,,,,,,,,,,,,,0
883811,1,-200,Isorropodon fossajaponicum symbiont,"",bacteria,false,,,,16.765543696717668,555,,,83.333,156.0,10^-29.7011,,,,,,,,,,,,,,,,,,0
710997,1,-200,uncultured Verrucomicrobiales bacterium HF0200_39L05,"",bacteria,false,,,,,,,,,,,,,,,,0.030208186840932735,1,,,57.6,33.0,10^-3.20901,,,,,,0
710978,1,-200,uncultured gamma proteobacterium HF0010_05D02,"",bacteria,false,,,,,,,,,,,,,,,,0.3624982420911928,12,,,74.1,28.8182,10^-5.08166,,,,,,0
710977,1,-200,uncultured gamma proteobacterium HF0010_01E20,"",bacteria,false,,,,,,,,,,,,,,,,0.030208186840932735,1,,,81.8,33.0,10^-8.7122,,,,,,0
710972,1,-200,uncultured gamma proteobacterium EB000_65A11,"",bacteria,false,,,,0.06041637368186547,2,,,90.909,66.0,10^-24.3141,,,,,,,,,,,,,,,,,,0
710836,1,-200,uncultured delta proteobacterium HF4000_08N17,"",bacteria,false,,,,,,,,,,,,,,,,0.030208186840932735,1,,,69.7,33.0,10^-4.1549,,,,,,0
710833,1,-200,uncultured delta proteobacterium HF0200_39N20,"",bacteria,false,,,,,,,,,,,,,,,,0.030208186840932735,1,,,85.7,28.0,10^-6.60907,,,,,,0
710831,1,-200,uncultured delta proteobacterium HF0200_19J16,"",bacteria,false,,,,,,,,,,,,,,,,0.030208186840932735,1,,,83.3,30.0,10^-6.40782,,,,,,0
710808,1,-200,uncultured alpha proteobacterium HF0130_06E21,"",bacteria,false,,,,,,,,,,,,,,,,0.030208186840932735,1,,,78.8,33.0,10^-9.5817,,,,,,0
710741,1,-200,uncultured Desulfobacterales bacterium HF0200_07G10,"",bacteria,false,,,,,,,,,,,,,,,,16.765543696717668,555,,,67.391,46.0,10^-12.7878,,,,,,0
710740,1,-200,uncultured Chromatiales bacterium HF0200_41F04,"",bacteria,false,,,,,,,,,,,,,,,,0.15104093420466366,5,,,87.225,25.0,10^-7.37545,,,,,,0
697907,1,-200,Cryptophyta sp. CCMP2293,"",eukaryota,false,,,,,,,,,,,,,,,,0.030208186840932735,1,,,56.3,32.0,10^-3.04528,,,,,,0
544289,1,-200,soil bacterium 9V-13,"",bacteria,false,,,,0.030208186840932735,1,,,100.0,101.0,10^-56.3801,,,,,,,,,,,,,,,,,,0
526643,1,-200,uncultured bacterium AD106-G5,"",bacteria,false,,,,0.06041637368186547,2,,,97.26,73.0,10^-34.5631,,,,,,,,,,,,,,,,,,0
447265,1,-200,uncultured yeast,"",eukaryota,false,,,,0.06041637368186547,2,,,98.02,101.0,10^-53.6353,,,,,,,,,,,,,,,,,,0
417305,1,-200,uncultured beta proteobacterium CBNPD1 BAC clone 578,"",bacteria,false,,,,,,,,,,,,,,,,0.5739555499777219,19,,,86.7719,49.7647,10^-23.2161,,,,,,0
410823,1,-200,fungal endophyte,"",eukaryota,false,,,,0.12083274736373094,4,,,99.7282,98.75,10^-54.5032,,,,,,,,,,,,,,,,,,0
312227,1,-200,[Candida] hispaniensis,"",eukaryota,false,,,,0.0906245605227982,3,,,84.7527,49.6667,10^-11.4167,,,,,,,,,,,,,,,,,,0
253830,1,-200,uncultured Myxococcales bacterium,"",bacteria,false,,,,0.030208186840932735,1,,,98.02,101.0,10^-53.6353,,,,,,,,,,,,,,,,,,0
239730,1,-200,uncultured Actinomycetales bacterium,"",bacteria,false,,,,0.030208186840932735,1,,,100.0,57.0,10^-26.4364,,,,,,,,,,,,,,,,,,0
237608,1,-200,Bacteroidetes bacterium T4-KAD-str1,"",bacteria,false,,,,0.06041637368186547,2,,,92.708,96.0,10^-43.3646,,,,,,,,,,,,,,,,,,0
235205,1,-200,Bathymodiolus azoricus thioautotrophic gill symbiont,"",bacteria,false,,,,,,,,,,,,,,,,0.12083274736373094,4,,,82.875,30.25,10^-8.13878,,,,,,0
224209,1,-200,uncultured Bacilli bacterium,"",bacteria,false,,,,4.712477147185506,156,,,96.396,111.0,10^-42.3307,,,,,,,,,,,,,,,,,,0
204529,1,-200,uncultured kinetoplastid,"",eukaryota,false,,,,,,,,,,,,,,,,0.030208186840932735,1,,,97.0,33.0,10^-12.4191,,,,,,0
203449,1,-200,uncultured marine eukaryote,"",eukaryota,false,,,,0.030208186840932735,1,,,100.0,100.0,10^-55.6982,,,,,,,,,,,,,,,,,,0
202726,1,-200,Magnoliophyta environmental sample,"",eukaryota,false,,,,0.030208186840932735,1,,,100.0,97.0,10^-53.6529,,,,,,,,,,,,,,,,,,0
198431,1,-200,uncultured prokaryote,"",,false,,,,0.030208186840932735,1,,,100.0,68.0,10^-33.9078,,,,,,,,,,,,,,,,,,0
175245,1,-200,uncultured fungus,"",eukaryota,false,,,,1.5708257157285022,52,,,99.0419,108.408,10^-55.8214,,,,,,,,,,,,,,,,,,0
175244,1,-200,uncultured Basidiomycota,"",eukaryota,false,,,,0.030208186840932735,1,,,98.837,86.0,10^-44.7847,,,,,,,,,,,,,,,,,,0
175243,1,-200,uncultured Ascomycota,"",eukaryota,false,,,,0.030208186840932735,1,,,100.0,101.0,10^-56.3801,,,,,,,,,,,,,,,,,,0
164851,1,-200,uncultured soil bacterium,"",bacteria,false,,,,0.030208186840932735,1,,,100.0,97.0,10^-53.6529,,,,,,,,,,,,,,,,,,0
155900,1,-200,uncultured organism,"",,false,,,,0.12083274736373094,4,,,97.1803,97.25,10^-50.0496,,,,,,,,,,,,,,,,,,0
152704,1,-200,uncultured stramenopile,"",eukaryota,false,,,,0.06041637368186547,2,,,100.0,100.5,10^-56.0391,,,,,,,,,,,,,,,,,,0
100272,1,-200,uncultured eukaryote,"",eukaryota,false,,,,0.48333098945492375,16,,,99.2249,87.625,10^-46.1557,,,,,,,,,,,,,,,,,,0
91750,1,-200,uncultured Alphaproteobacteria bacterium,"",bacteria,false,,,,0.12083274736373094,4,,,100.0,100.5,10^-56.0391,,,,,,,,,,,,,,,,,,0
86027,1,-200,uncultured beta proteobacterium,"",bacteria,false,,,,0.030208186840932735,1,,,100.0,101.0,10^-56.3801,,,,,,,,,,,,,,,,,,0
77133,1,-200,uncultured bacterium,"",bacteria,false,,,,236.0467719750484,7814,,,89.791,202.697,10^-64.5834,,,,,,191.00636539521767,6323,,,50.909,89.0268,10^-14.3988,,,,,,0
32644,1,-200,unidentified,"",,false,,,,0.0906245605227982,3,,,99.5983,93.3333,10^-50.6976,,,,,,,,,,,,,,,,,,0
2340,1,-200,Solemya velum gill symbiont,"",bacteria,false,,,,,,,,,,,,,,,,0.2718736815683946,9,,,51.8689,46.1111,10^-7.45895,,,,,,0
-100,1,-200,all taxa with neither family nor genus classification,,,false,,,,1.7218666499331658,57,,,89.5041,70.3214,10^-24.8698,,,,,,10.784322702212986,357,,,94.7651,30.75,10^-9.78141,,,,,,0
-200000433,2,-200000433,non-genus-specific reads in family Acetobacteraceae,,bacteria,false,,,,2.4166549472746186,80,,,98.9047,184.579,10^-92.1044,,,,,,,,,,,,,,,,,"[1459205, 1325789, 169975]",0
1459205,1,-200000433,Acetobacteraceae bacterium G7_7_4CO2,"",bacteria,false,,,,0.030208186840932735,1,,,98.947,95.0,10^-50.9172,,,,,,,,,,,,,,,,,,0
1325789,1,-200000433,Acetobacteraceae bacterium CS14,"",bacteria,false,,,,0.030208186840932735,1,,,97.938,97.0,10^-50.9081,,,,,,,,,,,,,,,,,,0
169975,1,-200000433,uncultured Acetobacteraceae bacterium,"",bacteria,false,,,,2.356238573592753,78,,,98.9172,186.973,10^-93.2177,,,,,,,,,,,,,,,,,,0
-200000543,2,-200000543,non-genus-specific reads in family Enterobacteriaceae,,bacteria,false,,,,0.6343719236595874,21,,,99.9005,104.4,10^-48.8092,,,,,,0.48333098945492375,16,,,98.85,32.6875,10^-11.7927,,,,,"[2666198, 2052938, 1695178, 1560357, 891974, 611299]",0
2666198,1,-200000543,Enterobacteriaceae bacterium RIT692,"",bacteria,false,,,,,,,,,,,,,,,,0.030208186840932735,1,,,100.0,33.0,10^-10.52,,,,,,0
2052938,1,-200000543,Enterobacteriaceae bacterium S05,"",bacteria,false,,,,0.030208186840932735,1,,,99.01,101.0,10^-55.0077,,,,,,,,,,,,,,,,,,0
1695178,1,-200000543,Enterobacteriaceae bacterium secondary endosymbiont of Mycopsylla proxima,"",bacteria,false,,,,0.06041637368186547,2,,,100.0,101.0,10^-56.3801,,,,,,,,,,,,,,,,,,0
1560357,1,-200000543,Type-E symbiont of Plautia stali,"",bacteria,false,,,,,,,,,,,,,,,,0.030208186840932735,1,,,100.0,33.0,10^-9.98297,,,,,,0
891974,1,-200000543,Plautia stali symbiont,"",bacteria,false,,,,0.5135391762958564,17,,,99.9375,107.938,10^-48.8313,,,,,,0.4229146157730583,14,,,98.6857,32.6429,10^-12.0129,,,,,,0
611299,1,-200000543,Enterobacteriaceae bacterium EndW37,"",bacteria,false,,,,0.030208186840932735,1,,,100.0,58.0,10^-27.115,,,,,,,,,,,,,,,,,,0
-200000712,2,-200000712,non-genus-specific reads in family Pasteurellaceae,,bacteria,false,,,,,,,,,,,,,,,,0.06041637368186547,2,,,100.0,30.5,10^-10.8267,,,,,"[1659724, 304289]",0
1659724,1,-200000712,Pasteurellaceae bacterium Macca,"",bacteria,false,,,,,,,,,,,,,,,,0.030208186840932735,1,,,100.0,29.0,10^-10.3809,,,,,,0
304289,1,-200000712,Bisgaard Taxon 45,"",bacteria,false,,,,,,,,,,,,,,,,0.030208186840932735,1,,,100.0,32.0,10^-11.2725,,,,,,0
-200000775,2,-200000775,non-genus-specific reads in family Rickettsiaceae,,bacteria,false,,,,,,,,,,,,,,,,0.06041637368186547,2,,,67.0,30.0,10^-4.02882,,,,,[2023360],0
2023360,1,-200000775,Rickettsiaceae bacterium,"",bacteria,false,,,,,,,,,,,,,,,,0.06041637368186547,2,,,67.0,30.0,10^-4.02882,,,,,,0
-200001106,2,-200001106,non-genus-specific reads in family Chloroflexaceae,,bacteria,false,,,,,,,,,,,,,,,,0.030208186840932735,1,,,87.5,32.0,10^-7.70553,,,,,[2562117],0
2562117,1,-200001106,Chloroflexaceae bacterium,"",bacteria,false,,,,,,,,,,,,,,,,0.030208186840932735,1,,,87.5,32.0,10^-7.70553,,,,,,0
-200002272,2,-200002272,non-genus-specific reads in family Desulfurococcaceae,,archaea,false,,,,,,,,,,,,,,,,0.030208186840932735,1,,,61.8,34.0,10^-3.27491,,,,,[2184738],0
2184738,1,-200002272,Desulfurococcaceae archaeon,"",archaea,false,,,,,,,,,,,,,,,,0.030208186840932735,1,,,61.8,34.0,10^-3.27491,,,,,,0
-200004070,2,-200004070,non-genus-specific reads in family Solanaceae,,eukaryota,false,,,,0.06041637368186547,2,,,98.485,81.0,10^-40.7046,,,,,,,,,,,,,,,,,[1520274],0
1520274,1,-200004070,Nicotiana tabacum/Hyoscyamus niger cybrid,"",eukaryota,false,,,,0.06041637368186547,2,,,98.485,81.0,10^-40.7046,,,,,,,,,,,,,,,,,,0
-200005020,2,-200005020,non-genus-specific reads in family Phaeosphaeriaceae,,eukaryota,false,,,,,,,,,,,,,,,,0.030208186840932735,1,,,93.9,33.0,10^-10.3915,,,,,[1770614],0
1770614,1,-200005020,Phaeosphaeriaceae sp. PMI808,"",eukaryota,false,,,,,,,,,,,,,,,,0.030208186840932735,1,,,93.9,33.0,10^-10.3915,,,,,,0
-200005237,2,-200005237,non-genus-specific reads in family Tulasnellaceae,,eukaryota,false,,,,0.030208186840932735,1,,,85.714,63.0,10^-18.1587,,,,,,,,,,,,,,,,,[304887],0
304887,1,-200005237,uncultured Tulasnellaceae,"",eukaryota,false,,,,0.030208186840932735,1,,,85.714,63.0,10^-18.1587,,,,,,,,,,,,,,,,,,0
-200006296,2,-200006296,non-genus-specific reads in family Onchocercidae,,eukaryota,false,,,,0.030208186840932735,1,,,100.0,101.0,10^-56.3801,,,,,,,,,,,,,,,,,[2601219],0
2601219,1,-200006296,Onchocercidae sp. Mm 70-15,"",eukaryota,false,,,,0.030208186840932735,1,,,100.0,101.0,10^-56.3801,,,,,,,,,,,,,,,,,,0
-200007042,2,-200007042,non-genus-specific reads in family Curculionidae,,eukaryota,false,,,,,,,,,,,,,,,,0.030208186840932735,1,,,100.0,25.0,10^-8.90658,,,,,[2174887],0
2174887,1,-200007042,Curculionidae gen. sp. CrCh04,"",eukaryota,false,,,,,,,,,,,,,,,,0.030208186840932735,1,,,100.0,25.0,10^-8.90658,,,,,,0
-200007157,2,-200007157,non-genus-specific reads in family Culicidae,,eukaryota,false,,,,0.030208186840932735,1,,,99.0,100.0,10^-54.3258,,,,,,0.030208186840932735,1,,,97.0,33.0,10^-6.63451,,,,,"[2587930, 2556739]",0
2587930,1,-200007157,Culicinae sp. BAH_28365_A06,"",eukaryota,false,,,,0.030208186840932735,1,,,99.0,100.0,10^-54.3258,,,,,,,,,,,,,,,,,,0
2556739,1,-200007157,Culicidae sp. BIOUG18015-D07,"",eukaryota,false,,,,,,,,,,,,,,,,0.030208186840932735,1,,,97.0,33.0,10^-6.63451,,,,,,0
-200011006,2,-200011006,non-genus-specific reads in family Totiviridae,,viruses,false,,,,,,,,,,,,,,,,0.15104093420466366,5,,,87.14,29.6,10^-10.6211,,,,,"[2849063, 2689339]",0
2849063,1,-200011006,Aedes aegypti totivirus 2,"",viruses,false,,,,,,,,,,,,,,,,0.030208186840932735,1,,,65.5,29.0,10^-5.22257,,,,,,0
2689339,1,-200011006,Pisingos virus,"",viruses,false,,,,,,,,,,,,,,,,0.12083274736373094,4,,,92.55,29.75,10^-11.9708,,,,,,0
-200011012,2,-200011012,non-genus-specific reads in family Partitiviridae,,viruses,false,,,,45.221655700876305,1497,,,99.8016,1512.84,10^-306.451,,,,,,44.97999020614884,1489,,,99.7902,476.686,10^-307.429,,,,,"[2970631, 2759333, 2759331]",0
2970631,1,-200011012,Hattula partiti-like virus,"",viruses,false,,,,0.0906245605227982,3,,,99.1665,52.0,10^-22.3643,,,,,,,,,,,,,,,,,,0
2759333,1,-200011012,Verdadero virus,"",viruses,false,,,,45.01019839298977,1490,,,99.803,1517.1,10^-307.244,,,,,,44.97999020614884,1489,,,99.7902,476.686,10^-307.429,,,,,,0
2759331,1,-200011012,Chaq-like virus,"",viruses,false,,,,0.12083274736373094,4,,,99.505,100.5,10^-55.3529,,,,,,,,,,,,,,,,,,0
-200011050,2,-200011050,non-genus-specific reads in family Flaviviridae,,viruses,false,,,,0.24166549472746188,8,,,91.1704,108.75,10^-35.9065,,,,,,0.06041637368186547,2,,,59.45,32.0,10^-4.28395,,,,,"[2877428, 2602438]",0
2877428,1,-200011050,Aedes notoscriptus flavivirus,"",viruses,false,,,,,,,,,,,,,,,,0.06041637368186547,2,,,59.45,32.0,10^-4.28395,,,,,,0
2602438,1,-200011050,Guapiacu virus,"",viruses,false,,,,0.24166549472746188,8,,,91.1704,108.75,10^-35.9065,,,,,,,,,,,,,,,,,,0
-200011270,2,-200011270,non-genus-specific reads in family Rhabdoviridae,,viruses,false,,,,,,,,,,,,,,,,1.1479110999554438,38,,,61.9592,56.1579,10^-16.7627,,,,,"[2980578, 2892543, 2805769, 2802236, 2789884]",0
2980578,1,-200011270,Hattula rhabdovirus,"",viruses,false,,,,,,,,,,,,,,,,0.15104093420466366,5,,,66.28,32.0,10^-5.38834,,,,,,0
2892543,1,-200011270,Formosus virus,"",viruses,false,,,,,,,,,,,,,,,,0.48333098945492375,16,,,66.8012,66.1875,10^-25.4353,,,,,,0
2805769,1,-200011270,Evros rhabdovirus 1,"",viruses,false,,,,,,,,,,,,,,,,0.1812491210455964,6,,,71.3333,30.6667,10^-6.42175,,,,,,0
2802236,1,-200011270,Soybean thrips rhabdo-like virus 2,"",viruses,false,,,,,,,,,,,,,,,,0.030208186840932735,1,,,54.8,31.0,10^-3.04001,,,,,,0
2789884,1,-200011270,Aedes rhabdo-like virus,"",viruses,false,,,,,,,,,,,,,,,,0.3020818684093273,10,,,47.143,70.0,10^-16.1506,,,,,,0
-200011308,2,-200011308,non-genus-specific reads in family Orthomyxoviridae,,viruses,false,,,,0.06041637368186547,2,,,87.3975,83.0,10^-29.7066,,,,,,0.21145730788652914,7,,,76.9143,30.7143,10^-6.32887,,,,,"[2952026, 2894005, 2805755, 2805753, 1963253]",0
2952026,1,-200011308,XiangYun orthomyxo-like virus 2,"",viruses,false,,,,,,,,,,,,,,,,0.06041637368186547,2,,,71.25,33.0,10^-7.59961,,,,,,0
2894005,1,-200011308,Palmetto orthomyxo-like virus,"",viruses,false,,,,,,,,,,,,,,,,0.030208186840932735,1,,,87.5,24.0,10^-3.451,,,,,,0
2805755,1,-200011308,Culex pipiens orthomyxo-like virus,"",viruses,false,,,,,,,,,,,,,,,,0.06041637368186547,2,,,68.65,31.5,10^-3.92781,,,,,,0
2805753,1,-200011308,Aedes detritus orthomyxo-like virus,"",viruses,false,,,,0.06041637368186547,2,,,87.3975,83.0,10^-29.7066,,,,,,0.030208186840932735,1,,,86.7,30.0,10^-8.77211,,,,,,0
1963253,1,-200011308,Whidbey virus,"",viruses,false,,,,,,,,,,,,,,,,0.030208186840932735,1,,,84.4,32.0,10^-9.02411,,,,,,0
-200012283,2,-200012283,non-genus-specific reads in family Nodaviridae,,viruses,false,,,,,,,,,,,,,,,,167.504396032972,5545,,,45.531,358.0,10^-107.074,,,,,[2304481],0
2304481,1,-200012283,Culex mosquito virus 1,"",viruses,false,,,,,,,,,,,,,,,,167.504396032972,5545,,,45.531,358.0,10^-107.074,,,,,,0
-200028556,2,-200028556,non-genus-specific reads in family Pleosporaceae,,eukaryota,false,,,,0.06041637368186547,2,,,99.5,100.0,10^-55.012,,,,,,,,,,,,,,,,,[1525342],0
1525342,1,-200028556,Pleosporaceae sp. M305,"",eukaryota,false,,,,0.06041637368186547,2,,,99.5,100.0,10^-55.012,,,,,,,,,,,,,,,,,,0
-200029026,2,-200029026,non-genus-specific reads in family Staphylinidae,,eukaryota,false,,,,,,,,,,,,,,,,0.030208186840932735,1,,,100.0,33.0,10^-9.85078,,,,,[2055539],0
2055539,1,-200029026,Staphylinidae sp. INB176,"",eukaryota,false,,,,,,,,,,,,,,,,0.030208186840932735,1,,,100.0,33.0,10^-9.85078,,,,,,0
-200030009,2,-200030009,non-genus-specific reads in family Elateridae,,eukaryota,false,,,,,,,,,,,,,,,,0.030208186840932735,1,,,100.0,28.0,10^-9.67162,,,,,[2055404],0
2055404,1,-200030009,Elateridae sp. INB164,"",eukaryota,false,,,,,,,,,,,,,,,,0.030208186840932735,1,,,100.0,28.0,10^-9.67162,,,,,,0
-200031953,2,-200031953,non-genus-specific reads in family Bifidobacteriaceae,,bacteria,false,,,,,,,,,,,,,,,,0.4229146157730583,14,,,71.9,30.7857,10^-4.62907,,,,,"[2569513, 2569494, 2569488, 2569486]",0
2569513,1,-200031953,Bifidobacteriaceae bacterium MCC02032,"",bacteria,false,,,,,,,,,,,,,,,,0.06041637368186547,2,,,81.05,29.0,10^-5.50761,,,,,,0
2569494,1,-200031953,Bifidobacteriaceae bacterium MCC01951,"",bacteria,false,,,,,,,,,,,,,,,,0.1812491210455964,6,,,66.9333,33.3333,10^-4.65303,,,,,,0
2569488,1,-200031953,Bifidobacteriaceae bacterium MCC01943,"",bacteria,false,,,,,,,,,,,,,,,,0.0906245605227982,3,,,64.3333,33.6667,10^-3.57248,,,,,,0
2569486,1,-200031953,Bifidobacteriaceae bacterium MCC01946,"",bacteria,false,,,,,,,,,,,,,,,,0.0906245605227982,3,,,83.3,24.0,10^-5.05207,,,,,,0
-200031957,2,-200031957,non-genus-specific reads in family Propionibacteriaceae,,bacteria,false,,,,,,,,,,,,,,,,0.06041637368186547,2,,,89.4,33.0,10^-11.4286,,,,,[2021380],0
2021380,1,-200031957,Propionibacteriaceae bacterium,"",bacteria,false,,,,,,,,,,,,,,,,0.06041637368186547,2,,,89.4,33.0,10^-11.4286,,,,,,0
-200031989,2,-200031989,non-genus-specific reads in family Paracoccaceae,,bacteria,false,,,,,,,,,,,,,,,,0.06041637368186547,2,,,98.5,33.0,10^-11.3987,,,,,[1904441],0
1904441,1,-200031989,Paracoccaceae bacterium,"",bacteria,false,,,,,,,,,,,,,,,,0.06041637368186547,2,,,98.5,33.0,10^-11.3987,,,,,,0
-200032033,2,-200032033,non-genus-specific reads in family Xanthomonadaceae,,bacteria,false,,,,,,,,,,,,,,,,0.24166549472746188,8,,,90.86,25.6,10^-9.92307,,,,,[1926873],0
1926873,1,-200032033,Xanthomonadaceae bacterium,"",bacteria,false,,,,,,,,,,,,,,,,0.24166549472746188,8,,,90.86,25.6,10^-9.92307,,,,,,0
-200034450,2,-200034450,non-genus-specific reads in family Cortinariaceae,,eukaryota,false,,,,0.06041637368186547,2,,,99.4255,88.5,10^-47.174,,,,,,,,,,,,,,,,,[228195],0
228195,1,-200034450,uncultured Cortinarius,"",eukaryota,false,,,,0.06041637368186547,2,,,99.4255,88.5,10^-47.174,,,,,,,,,,,,,,,,,,0
-200037990,2,-200037990,non-genus-specific reads in family Xylariaceae,,eukaryota,false,,,,0.030208186840932735,1,,,100.0,71.0,10^-35.9476,,,,,,,,,,,,,,,,,[880199],0
880199,1,-200037990,uncultured Xylaria,"",eukaryota,false,,,,0.030208186840932735,1,,,100.0,71.0,10^-35.9476,,,,,,,,,,,,,,,,,,0
-200039738,2,-200039738,non-genus-specific reads in family Tombusviridae,,viruses,false,,,,,,,,,,,,,,,,437.86766825932,14495,,,57.06,517.0,10^-307.653,,,,,[2304516],0
2304516,1,-200039738,Culex-associated Tombus-like virus,"",viruses,false,,,,,,,,,,,,,,,,437.86766825932,14495,,,57.06,517.0,10^-307.653,,,,,,0
-200040424,2,-200040424,non-genus-specific reads in family Hymenochaetaceae,,eukaryota,false,,,,0.06041637368186547,2,,,84.8415,76.5,10^-23.9138,,,,,,,,,,,,,,,,,[1548032],0
1548032,1,-200040424,uncultured Inonotus,"",eukaryota,false,,,,0.06041637368186547,2,,,84.8415,76.5,10^-23.9138,,,,,,,,,,,,,,,,,,0
-200041039,2,-200041039,non-genus-specific reads in family Xenidae,,eukaryota,false,,,,0.030208186840932735,1,,,86.139,101.0,10^-37.1669,,,,,,0.0906245605227982,3,,,98.0,33.0,10^-10.9906,,,,,"[2784879, 2784874, 2784870, 2784853]",0
2784879,1,-200041039,Xenidae sp. XZa7,"",eukaryota,false,,,,,,,,,,,,,,,,0.030208186840932735,1,,,97.0,33.0,10^-10.9245,,,,,,0
2784874,1,-200041039,Xenidae sp. Xsp5,"",eukaryota,false,,,,,,,,,,,,,,,,0.030208186840932735,1,,,100.0,33.0,10^-11.2541,,,,,,0
2784870,1,-200041039,Xenidae sp. Xsp10,"",eukaryota,false,,,,0.030208186840932735,1,,,86.139,101.0,10^-37.1669,,,,,,,,,,,,,,,,,,0
2784853,1,-200041039,Xenidae sp. XGa1,"",eukaryota,false,,,,,,,,,,,,,,,,0.030208186840932735,1,,,97.0,33.0,10^-10.7932,,,,,,0
-200041295,2,-200041295,non-genus-specific reads in family Rhodospirillaceae,,bacteria,false,,,,0.030208186840932735,1,,,85.437,103.0,10^-37.1584,,,,,,0.5437473631367892,18,,,74.025,31.125,10^-4.41026,,,,,"[2682548, 1898112]",0
2682548,1,-200041295,Rhodospirillaceae bacterium LM-1,"",bacteria,false,,,,,,,,,,,,,,,,0.5437473631367892,18,,,74.025,31.125,10^-4.41026,,,,,,0
1898112,1,-200041295,Rhodospirillaceae bacterium,"",bacteria,false,,,,0.030208186840932735,1,,,85.437,103.0,10^-37.1584,,,,,,,,,,,,,,,,,,0
-200049546,2,-200049546,non-genus-specific reads in family Flavobacteriaceae,,bacteria,false,,,,,,,,,,,,,,,,0.030208186840932735,1,,,72.7,33.0,10^-6.17587,,,,,[1871037],0
1871037,1,-200049546,Flavobacteriaceae bacterium,"",bacteria,false,,,,,,,,,,,,,,,,0.030208186840932735,1,,,72.7,33.0,10^-6.17587,,,,,,0
-200075545,2,-200075545,non-genus-specific reads in family Ptiliidae,,eukaryota,false,,,,,,,,,,,,,,,,0.030208186840932735,1,,,100.0,27.0,10^-7.37882,,,,,[2055515],0
2055515,1,-200075545,Ptiliidae sp. CSR044,"",eukaryota,false,,,,,,,,,,,,,,,,0.030208186840932735,1,,,100.0,27.0,10^-7.37882,,,,,,0
-200075682,2,-200075682,non-genus-specific reads in family Oxalobacteraceae,,bacteria,false,,,,0.06041637368186547,2,,,92.7615,41.5,10^-11.8215,,,,,,,,,,,,,,,,,[2955020],0
2955020,1,-200075682,Oxalobacteraceae bacterium OTU3CINTB1,"",bacteria,false,,,,0.06041637368186547,2,,,92.7615,41.5,10^-11.8215,,,,,,,,,,,,,,,,,,0
-200076892,2,-200076892,non-genus-specific reads in family Caulobacteraceae,,bacteria,false,,,,,,,,,,,,,,,,0.21145730788652914,7,,,90.18,24.8,10^-8.96006,,,,,[1978230],0
1978230,1,-200076892,Caulobacteraceae bacterium,"",bacteria,false,,,,,,,,,,,,,,,,0.21145730788652914,7,,,90.18,24.8,10^-8.96006,,,,,,0
-200080628,2,-200080628,non-genus-specific reads in family Atheliaceae,,eukaryota,false,,,,0.030208186840932735,1,,,100.0,100.0,10^-55.6982,,,,,,,,,,,,,,,,,[358425],0
358425,1,-200080628,uncultured Atheliaceae,"",eukaryota,false,,,,0.030208186840932735,1,,,100.0,100.0,10^-55.6982,,,,,,,,,,,,,,,,,,0
-200080864,2,-200080864,non-genus-specific reads in family Comamonadaceae,,bacteria,false,,,,0.030208186840932735,1,,,69.792,96.0,10^-13.1724,,,,,,,,,,,,,,,,,[2986973],0
2986973,1,-200080864,Comamonadaceae bacterium AAW,"",bacteria,false,,,,0.030208186840932735,1,,,69.792,96.0,10^-13.1724,,,,,,,,,,,,,,,,,,0
-200082115,2,-200082115,non-genus-specific reads in family Rhizobiaceae,,bacteria,false,,,,,,,,,,,,,,,,0.030208186840932735,1,,,70.0,30.0,10^-3.03858,,,,,[2974377],0
2974377,1,-200082115,Rhizobiaceae bacterium MnEN-MB40S,"",bacteria,false,,,,,,,,,,,,,,,,0.030208186840932735,1,,,70.0,30.0,10^-3.03858,,,,,,0
-200084566,2,-200084566,non-genus-specific reads in family Sphingobacteriaceae,,bacteria,false,,,,,,,,,,,,,,,,2.839569563047677,94,,,56.353,79.3261,10^-21.959,,,,,[2021370],0
2021370,1,-200084566,Sphingobacteriaceae bacterium,"",bacteria,false,,,,,,,,,,,,,,,,2.839569563047677,94,,,56.353,79.3261,10^-21.959,,,,,,0
-200084642,2,-200084642,non-genus-specific reads in family Aeromonadaceae,,bacteria,false,,,,,,,,,,,,,,,,0.030208186840932735,1,,,93.9,33.0,10^-15.0453,,,,,[1948889],0
1948889,1,-200084642,Aeromonadaceae bacterium,"",bacteria,false,,,,,,,,,,,,,,,,0.030208186840932735,1,,,93.9,33.0,10^-15.0453,,,,,,0
-200084994,2,-200084994,non-genus-specific reads in family Acidimicrobiaceae,,bacteria,false,,,,,,,,,,,,,,,,0.030208186840932735,1,,,69.7,33.0,10^-3.46852,,,,,[2024894],0
2024894,1,-200084994,Acidimicrobiaceae bacterium,"",bacteria,false,,,,,,,,,,,,,,,,0.030208186840932735,1,,,69.7,33.0,10^-3.46852,,,,,,0
-200085023,2,-200085023,non-genus-specific reads in family Microbacteriaceae,,bacteria,false,,,,,,,,,,,,,,,,0.030208186840932735,1,,,71.0,31.0,10^-5.08672,,,,,[1873462],0
1873462,1,-200085023,Microbacteriaceae bacterium,"",bacteria,false,,,,,,,,,,,,,,,,0.030208186840932735,1,,,71.0,31.0,10^-5.08672,,,,,,0
-200093133,2,-200093133,non-genus-specific reads in family Mycosphaerellaceae,,eukaryota,false,,,,0.030208186840932735,1,,,100.0,101.0,10^-56.3801,,,,,,,,,,,,,,,,,[1231235],0
1231235,1,-200093133,Mycosphaerellaceae sp. 7S-Mo3-2-2,"",eukaryota,false,,,,0.030208186840932735,1,,,100.0,101.0,10^-56.3801,,,,,,,,,,,,,,,,,,0
-200186665,2,-200186665,non-genus-specific reads in family Metaviridae,,viruses,false,,,,,,,,,,,,,,,,6.85725841289173,227,,,67.4307,56.1351,10^-16.4178,,,,,[2689361],0
2689361,1,-200186665,Chibugado virus,"",viruses,false,,,,,,,,,,,,,,,,6.85725841289173,227,,,67.4307,56.1351,10^-16.4178,,,,,,0
-200186766,2,-200186766,non-genus-specific reads in family Narnaviridae,,viruses,false,,,,,,,,,,,,,,,,43.19770718253381,1430,,,66.0025,473.186,10^-263.558,,,,,[2598991],0
2598991,1,-200186766,Ochlerotatus-associated narna-like virus 2,"",viruses,false,,,,,,,,,,,,,,,,43.19770718253381,1430,,,66.0025,473.186,10^-263.558,,,,,,0
-200186803,2,-200186803,non-genus-specific reads in family Lachnospiraceae,,bacteria,false,,,,0.0906245605227982,3,,,96.4387,37.0,10^-11.0708,,,,,,,,,,,,,,,,,[2594789],0
2594789,1,-200186803,Lachnospiraceae bacterium KGMB03038,"",bacteria,false,,,,0.0906245605227982,3,,,96.4387,37.0,10^-11.0708,,,,,,,,,,,,,,,,,,0
-200194924,2,-200194924,non-genus-specific reads in family Desulfovibrionaceae,,bacteria,false,,,,,,,,,,,,,,,,0.030208186840932735,1,,,84.4,32.0,10^-6.18977,,,,,[2049043],0
2049043,1,-200194924,Desulfovibrionaceae bacterium,"",bacteria,false,,,,,,,,,,,,,,,,0.030208186840932735,1,,,84.4,32.0,10^-6.18977,,,,,,0
-200213121,2,-200213121,non-genus-specific reads in family Desulfobulbaceae,,bacteria,false,,,,,,,,,,,,,,,,0.1812491210455964,6,,,73.2667,29.8333,10^-5.82978,,,,,[2053307],0
2053307,1,-200213121,Desulfobulbaceae bacterium,"",bacteria,false,,,,,,,,,,,,,,,,0.1812491210455964,6,,,73.2667,29.8333,10^-5.82978,,,,,,0
-200216572,2,-200216572,non-genus-specific reads in family Oscillospiraceae,,bacteria,false,,,,,,,,,,,,,,,,6.585384731323336,218,,,72.536,81.9803,10^-32.7943,,,,,[1535],0
1535,1,-200216572,[Clostridium] leptum,"",bacteria,false,,,,,,,,,,,,,,,,6.585384731323336,218,,,72.536,81.9803,10^-32.7943,,,,,,0
-200249184,2,-200249184,non-genus-specific reads in family Tymoviridae,,viruses,false,,,,,,,,,,,,,,,,0.06041637368186547,2,,,67.2,32.0,10^-4.27316,,,,,[2809947],0
2809947,1,-200249184,Tymoviridae sp.,"",viruses,false,,,,,,,,,,,,,,,,0.06041637368186547,2,,,67.2,32.0,10^-4.27316,,,,,,0
-200474942,2,-200474942,non-genus-specific reads in family Ophiocordycipitaceae,,eukaryota,false,,,,0.030208186840932735,1,,,77.32,97.0,10^-23.4607,,,,,,,,,,,,,,,,,[1907519],0
1907519,1,-200474942,Ophiocordycipitaceae sp.,"",eukaryota,false,,,,0.030208186840932735,1,,,77.32,97.0,10^-23.4607,,,,,,,,,,,,,,,,,,0
-200675071,2,-200675071,non-genus-specific reads in family Virgaviridae,,viruses,false,,,,,,,,,,,,,,,,0.06041637368186547,2,,,73.7,34.0,10^-9.34685,,,,,[2966560],0
2966560,1,-200675071,Orbis virgavirus,"",viruses,false,,,,,,,,,,,,,,,,0.06041637368186547,2,,,73.7,34.0,10^-9.34685,,,,,,0
-201283210,2,-201283210,non-genus-specific reads in family Permutotetraviridae,,viruses,false,,,,,,,,,,,,,,,,0.06041637368186547,2,,,83.3,33.0,10^-10.927,,,,,[2938340],0
2938340,1,-201283210,Uzakla mosquito-associated permutotetra-like virus,"",viruses,false,,,,,,,,,,,,,,,,0.06041637368186547,2,,,83.3,33.0,10^-10.927,,,,,,0
-201798913,2,-201798913,non-genus-specific reads in family Microthrixaceae,,bacteria,false,,,,,,,,,,,,,,,,0.030208186840932735,1,,,69.7,33.0,10^-7.25649,,,,,[2497627],0
2497627,1,-201798913,Microthrixaceae bacterium,"",bacteria,false,,,,,,,,,,,,,,,,0.030208186840932735,1,,,69.7,33.0,10^-7.25649,,,,,,0
-201890438,2,-201890438,non-genus-specific reads in family Leptolyngbyaceae,,bacteria,false,,,,0.030208186840932735,1,,,100.0,99.0,10^-55.0164,,,,,,,,,,,,,,,,,[3051811],0
3051811,1,-201890438,Leptolyngbyaceae cyanobacterium N14-MA6A,"",bacteria,false,,,,0.030208186840932735,1,,,100.0,99.0,10^-55.0164,,,,,,,,,,,,,,,,,,0
-201903409,2,-201903409,non-genus-specific reads in family Erwiniaceae,,bacteria,false,,,,,,,,,,,,,,,,1.1479110999554438,38,,,96.4769,163.447,10^-117.028,,,,,"[3027566, 2740817, 2053552, 1928656]",0
3027566,1,-201903409,Erwiniaceae bacterium L1_54_6,"",bacteria,false,,,,,,,,,,,,,,,,0.030208186840932735,1,,,100.0,33.0,10^-9.97881,,,,,,0
2740817,1,-201903409,Erwiniaceae bacterium PD-1,"",bacteria,false,,,,,,,,,,,,,,,,0.12083274736373094,4,,,90.625,32.25,10^-8.94858,,,,,,0
2053552,1,-201903409,Erwiniaceae bacterium,"",bacteria,false,,,,,,,,,,,,,,,,0.06041637368186547,2,,,100.0,33.0,10^-12.822,,,,,,0
1928656,1,-201903409,Erwinia sp. OLMDLW33,"",bacteria,false,,,,,,,,,,,,,,,,0.9364537920689148,31,,,96.891,193.0,10^-141.149,,,,,,0
-201903410,2,-201903410,non-genus-specific reads in family Pectobacteriaceae,,bacteria,false,,,,0.030208186840932735,1,,,98.99,99.0,10^-53.644,,,,,,,,,,,,,,,,,[3057062],0
3057062,1,-201903410,Pectobacteriaceae bacterium C80,"",bacteria,false,,,,0.030208186840932735,1,,,98.99,99.0,10^-53.644,,,,,,,,,,,,,,,,,,0
-201980417,2,-201980417,non-genus-specific reads in family Phasmaviridae,,viruses,false,,,,,,,,,,,,,,,,0.06041637368186547,2,,,86.55,26.0,10^-4.37985,,,,,[2778219],0
2778219,1,-201980417,Aedes phasmavirus,"",viruses,false,,,,,,,,,,,,,,,,0.06041637368186547,2,,,86.55,26.0,10^-4.37985,,,,,,0
-202048906,2,-202048906,non-genus-specific reads in family Pyrinomonadaceae,,bacteria,false,,,,,,,,,,,,,,,,0.030208186840932735,1,,,78.8,33.0,10^-7.53462,,,,,[2283092],0
2283092,1,-202048906,Pyrinomonadaceae bacterium,"",bacteria,false,,,,,,,,,,,,,,,,0.030208186840932735,1,,,78.8,33.0,10^-7.53462,,,,,,0
-202169529,2,-202169529,non-genus-specific reads in family Ackermannviridae,,viruses,false,,,,,,,,,,,,,,,,0.24166549472746188,8,,,85.0857,32.5714,10^-10.289,,,,,[1542133],0
1542133,1,-202169529,Dickeya phage phiDP23.1,"",viruses,true,,,,,,,,,,,,,,,,0.24166549472746188,8,,,85.0857,32.5714,10^-10.289,,,,,,0
-202501952,2,-202501952,non-genus-specific reads in family Chuviridae,,viruses,false,,,,,,,,,,,,,,,,0.5437473631367892,18,,,66.4438,66.8333,10^-24.1928,,,,,[2789881],0
2789881,1,-202501952,Gurupi chuvirus-like 1,"",viruses,false,,,,,,,,,,,,,,,,0.5437473631367892,18,,,66.4438,66.8333,10^-24.1928,,,,,,0
-202517203,2,-202517203,non-genus-specific reads in family Methanomethylophilaceae,,archaea,false,,,,,,,,,,,,,,,,0.030208186840932735,1,,,80.0,25.0,10^-3.0655,,,,,[2517205],0
2517205,1,-202517203,Candidatus Methanomethylophilaceae archaeon,"",archaea,false,,,,,,,,,,,,,,,,0.030208186840932735,1,,,80.0,25.0,10^-3.0655,,,,,,0
-202560063,2,-202560063,non-genus-specific reads in family Botourmiaviridae,,viruses,false,,,,0.06041637368186547,2,,,98.765,81.0,10^-41.3798,,,,,,0.06041637368186547,2,,,72.3,32.5,10^-5.42383,,,,,"[2972071, 2789855]",0
2972071,1,-202560063,Tianjin Botou tick virus 3,"",viruses,false,,,,0.06041637368186547,2,,,98.765,81.0,10^-41.3798,,,,,,,,,,,,,,,,,,0
2789855,1,-202560063,Magnaporthe oryzae botourmiavirus 2,"",viruses,false,,,,,,,,,,,,,,,,0.06041637368186547,2,,,72.3,32.5,10^-5.42383,,,,,,0
-202762318,2,-202762318,non-genus-specific reads in family Weeksellaceae,,bacteria,false,,,,0.21145730788652914,7,,,96.9883,86.5714,10^-43.028,,,,,,,,,,,,,,,,,[2823802],0
2823802,1,-202762318,Weeksellaceae bacterium,"",bacteria,false,,,,0.21145730788652914,7,,,96.9883,86.5714,10^-43.028,,,,,,,,,,,,,,,,,,0
