tax_id,tax_level,genus_tax_id,name,common_name,category,is_phage,agg_score,max_z_score,nt_z_score,nt_rpm,nt_count,nt_contigs,nt_contig_r,nt_percent_identity,nt_alignment_length,nt_e_value,nt_bg_mean,nt_bg_stdev,nt_bg_mean_mass_normalized,nt_bg_stdev_mass_normalized,nr_z_score,nr_rpm,nr_count,nr_contigs,nr_contig_r,nr_percent_identity,nr_alignment_length,nr_e_value,nr_bg_mean,nr_bg_stdev,nr_bg_mean_mass_normalized,nr_bg_stdev_mass_normalized,species_tax_ids,known_pathogen
3054434,2,3054434,Paragliomastix,"",eukaryota,false,,,,0.10855752452368758,1,,,100.0,75.0,10^-38.6685,,,,,,,,,,,,,,,,,[61182],0
61182,1,3054434,Paragliomastix luzulae,"",eukaryota,false,,,,0.10855752452368758,1,,,100.0,75.0,10^-38.6685,,,,,,,,,,,,,,,,,,0
3025755,2,3025755,Thomasclavelia,"",bacteria,false,,,,,,,,,,,,,,,,0.10855752452368758,1,,,91.7,24.0,10^-4.68613,,,,,[1522],0
1522,1,3025755,[Clostridium] innocuum,"",bacteria,false,,,,,,,,,,,,,,,,0.10855752452368758,1,,,91.7,24.0,10^-4.68613,,,,,,0
2997349,2,2997349,Winslowiella,"",bacteria,false,,,,,,,,,,,,,,,,0.10855752452368758,1,,,96.0,25.0,10^-4.92445,,,,,[1560201],0
1560201,1,2997349,Winslowiella iniecta,"",bacteria,false,,,,,,,,,,,,,,,,0.10855752452368758,1,,,96.0,25.0,10^-4.92445,,,,,,0
2964429,2,2964429,Candida/Metschnikowiaceae,"",eukaryota,false,,,,0.10855752452368758,1,,,95.455,44.0,10^-14.8836,,,,,,,,,,,,,,,,,[45354],0
45354,1,2964429,[Candida] intermedia,"",eukaryota,false,,,,0.10855752452368758,1,,,95.455,44.0,10^-14.8836,,,,,,,,,,,,,,,,,,0
2944547,2,2944547,Thermochaetoides,"",eukaryota,false,,,,0.10855752452368758,1,,,91.667,36.0,10^-8.10892,,,,,,,,,,,,,,,,,[209285],0
209285,1,2944547,Thermochaetoides thermophila,"",eukaryota,false,,,,0.10855752452368758,1,,,91.667,36.0,10^-8.10892,,,,,,,,,,,,,,,,,,0
2939270,2,2939270,Cubamyces,"",eukaryota,false,,,,,,,,,,,,,,,,0.10855752452368758,1,,,84.0,25.0,10^-4.43297,,,,,[1513325],0
1513325,1,2939270,Cubamyces sp. BRFM 1775,"",eukaryota,false,,,,,,,,,,,,,,,,0.10855752452368758,1,,,84.0,25.0,10^-4.43297,,,,,,0
2919364,2,2919364,Novacetimonas,"",bacteria,false,,,,0.10855752452368758,1,,,94.805,77.0,10^-34.54,,,,,,0.10855752452368758,1,,,95.5,22.0,10^-5.51286,,,,,[436],0
436,1,2919364,Novacetimonas hansenii,"",bacteria,false,,,,0.10855752452368758,1,,,94.805,77.0,10^-34.54,,,,,,0.10855752452368758,1,,,95.5,22.0,10^-5.51286,,,,,,0
2908803,2,2908803,Pleurocordyceps,"",eukaryota,false,,,,,,,,,,,,,,,,0.10855752452368758,1,,,88.0,25.0,10^-4.28651,,,,,[99896],0
99896,1,2908803,Pleurocordyceps sinensis,"",eukaryota,false,,,,,,,,,,,,,,,,0.10855752452368758,1,,,88.0,25.0,10^-4.28651,,,,,,0
2904863,2,2904863,Hermanssonia,"",eukaryota,false,,,,0.10855752452368758,1,,,100.0,76.0,10^-39.3489,,,,,,,,,,,,,,,,,[98765],0
98765,1,2904863,Hermanssonia centrifuga,"",eukaryota,false,,,,0.10855752452368758,1,,,100.0,76.0,10^-39.3489,,,,,,,,,,,,,,,,,,0
2901189,2,2901189,Halopseudomonas,"",bacteria,false,,,,,,,,,,,,,,,,0.10855752452368758,1,,,100.0,21.0,10^-4.02273,,,,,[553151],0
553151,1,2901189,Halopseudomonas pelagia,"",bacteria,false,,,,,,,,,,,,,,,,0.10855752452368758,1,,,100.0,21.0,10^-4.02273,,,,,,0
2901164,2,2901164,Stutzerimonas,"",bacteria,false,,,,0.10855752452368758,1,,,100.0,76.0,10^-39.3489,,,,,,,,,,,,,,,,,[316],0
316,1,2901164,Stutzerimonas stutzeri,"",bacteria,false,,,,0.10855752452368758,1,,,100.0,76.0,10^-39.3489,,,,,,,,,,,,,,,,,,0
2897685,2,2897685,Tulosesus,"",eukaryota,false,,,,0.10855752452368758,1,,,100.0,76.0,10^-39.3489,,,,,,,,,,,,,,,,,[2919759],0
2919759,1,2897685,Tulosesus impatiens,"",eukaryota,false,,,,0.10855752452368758,1,,,100.0,76.0,10^-39.3489,,,,,,,,,,,,,,,,,,0
2894762,2,2894762,Zophobihabitans,"",bacteria,false,,,,0.10855752452368758,1,,,98.684,76.0,10^-37.9766,,,,,,,,,,,,,,,,,[1635327],0
1635327,1,2894762,Zophobihabitans entericus,"",bacteria,false,,,,0.10855752452368758,1,,,98.684,76.0,10^-37.9766,,,,,,,,,,,,,,,,,,0
2884239,2,2884239,Exephanes,"",eukaryota,false,,,,0.10855752452368758,1,,,87.234,47.0,10^-11.4241,,,,,,,,,,,,,,,,,[2884240],0
2884240,1,2884239,Exephanes ischioxanthus,"",eukaryota,false,,,,0.10855752452368758,1,,,87.234,47.0,10^-11.4241,,,,,,,,,,,,,,,,,,0
2874059,2,2874059,Halotydeus,"",eukaryota,false,,,,,,,,,,,,,,,,0.10855752452368758,1,,,91.7,24.0,10^-7.03763,,,,,[2874060],0
2874060,1,2874059,Halotydeus destructor,"",eukaryota,false,,,,,,,,,,,,,,,,0.10855752452368758,1,,,91.7,24.0,10^-7.03763,,,,,,0
2865286,2,2865286,Conescharellina,"",eukaryota,false,,,,0.21711504904737516,2,,,87.879,66.0,10^-21.5694,,,,,,,,,,,,,,,,,[2865288],0
2865288,1,2865286,Conescharellina sp. BLEED1816,"",eukaryota,false,,,,0.21711504904737516,2,,,87.879,66.0,10^-21.5694,,,,,,,,,,,,,,,,,,0
2842652,2,2842652,Doliuvirus,"",viruses,false,,,,,,,,,,,,,,,,0.10855752452368758,1,,,76.0,25.0,10^-4.84466,,,,,[2844094],0
2844094,1,2842652,Doliuvirus culisetae,"",viruses,false,,,,,,,,,,,,,,,,0.10855752452368758,1,,,76.0,25.0,10^-4.84466,,,,,,0
2842620,2,2842620,Culicidavirus,"",viruses,false,,,,,,,,,,,,,,,,0.10855752452368758,1,,,73.9,23.0,10^-4.33913,,,,,[2844037],0
2844037,1,2842620,Culicidavirus culicidae,"",viruses,false,,,,,,,,,,,,,,,,0.10855752452368758,1,,,73.9,23.0,10^-4.33913,,,,,,0
2837510,2,2837510,Siminovitchia,"",bacteria,false,,,,,,,,,,,,,,,,0.3256725735710627,3,,,98.5667,24.3333,10^-9.56017,,,,,[1914933],0
1914933,1,2837510,Siminovitchia terrae,"",bacteria,false,,,,,,,,,,,,,,,,0.3256725735710627,3,,,98.5667,24.3333,10^-9.56017,,,,,,0
2831443,2,2831443,Heliomicrobium,"",bacteria,false,,,,,,,,,,,,,,,,0.3256725735710627,3,,,83.6333,24.3333,10^-6.07881,,,,,[35701],0
35701,1,2831443,Heliomicrobium modesticaldum,"",bacteria,false,,,,,,,,,,,,,,,,0.3256725735710627,3,,,83.6333,24.3333,10^-6.07881,,,,,,0
2782231,2,2782231,Kaistella,"",bacteria,false,,,,0.10855752452368758,1,,,86.111,36.0,10^-5.36418,,,,,,,,,,,,,,,,,[266749],0
266749,1,2782231,Kaistella jeonii,"",bacteria,false,,,,0.10855752452368758,1,,,86.111,36.0,10^-5.36418,,,,,,,,,,,,,,,,,,0
2779868,2,2779868,Gamsiella,"",eukaryota,false,,,,0.10855752452368758,1,,,86.842,76.0,10^-25.6252,,,,,,,,,,,,,,,,,[101098],0
101098,1,2779868,Gamsiella multidivaricata,"",eukaryota,false,,,,0.10855752452368758,1,,,86.842,76.0,10^-25.6252,,,,,,,,,,,,,,,,,,0
2779861,2,2779861,Linnemannia,"",eukaryota,false,,,,,,,,,,,,,,,,0.5427876226184379,5,,,99.16,24.4,10^-7.83311,,,,,[310910],0
310910,1,2779861,Linnemannia elongata,"",eukaryota,false,,,,,,,,,,,,,,,,0.5427876226184379,5,,,99.16,24.4,10^-7.83311,,,,,,0
2767881,2,2767881,Fructilactobacillus,"",bacteria,false,,,,,,,,,,,,,,,,1.519805343331626,14,,,98.23,113.0,10^-77.6402,,,,,[1625],0
1625,1,2767881,Fructilactobacillus sanfranciscensis,"",bacteria,false,,,,,,,,,,,,,,,,1.519805343331626,14,,,98.23,113.0,10^-77.6402,,,,,,0
2767842,2,2767842,Lactiplantibacillus,"",bacteria,false,,,,,,,,,,,,,,,,0.10855752452368758,1,,,96.0,25.0,10^-5.2636,,,,,[2952565],0
2952565,1,2767842,Lactiplantibacillus sp. E932,"",bacteria,false,,,,,,,,,,,,,,,,0.10855752452368758,1,,,96.0,25.0,10^-5.2636,,,,,,0
2759801,2,2759801,Chrysomycena,"",eukaryota,false,,,,0.21711504904737516,2,,,99.3335,75.5,10^-38.3225,,,,,,,,,,,,,,,,,[2841881],0
2841881,1,2759801,Chrysomycena dunicola,"",eukaryota,false,,,,0.21711504904737516,2,,,99.3335,75.5,10^-38.3225,,,,,,,,,,,,,,,,,,0
2758920,2,2758920,Paraconexibacter,"",bacteria,false,,,,0.10855752452368758,1,,,97.368,76.0,10^-36.6042,,,,,,,,,,,,,,,,,[2949664],0
2949664,1,2758920,Paraconexibacter antarcticus,"",bacteria,false,,,,0.10855752452368758,1,,,97.368,76.0,10^-36.6042,,,,,,,,,,,,,,,,,,0
2743949,2,2743949,Eirmocides,"",eukaryota,false,,,,0.759902671665813,7,,,96.4183,75.7143,10^-35.4295,,,,,,,,,,,,,,,,,"[2810227, 2810221, 2810220, 2810217]",0
2810227,1,2743949,Eirmocides silicea,"",eukaryota,false,,,,0.10855752452368758,1,,,97.368,76.0,10^-36.6042,,,,,,,,,,,,,,,,,,0
2810221,1,2743949,Eirmocides helenita,"",eukaryota,false,,,,0.21711504904737516,2,,,96.0525,76.0,10^-35.2318,,,,,,,,,,,,,,,,,,0
2810220,1,2743949,Eirmocides cupreus,"",eukaryota,false,,,,0.21711504904737516,2,,,96.017,75.0,10^-34.5514,,,,,,,,,,,,,,,,,,0
2810217,1,2743949,Eirmocides ardosiacea,"",eukaryota,false,,,,0.21711504904737516,2,,,96.7105,76.0,10^-35.918,,,,,,,,,,,,,,,,,,0
2742598,2,2742598,Limosilactobacillus,"",bacteria,false,,,,,,,,,,,,,,,,0.10855752452368758,1,,,84.0,25.0,10^-5.07676,,,,,[1613],0
1613,1,2742598,Limosilactobacillus fermentum,"",bacteria,false,,,,,,,,,,,,,,,,0.10855752452368758,1,,,84.0,25.0,10^-5.07676,,,,,,0
2664261,2,2664261,Leptodesmis,"",bacteria,false,,,,0.10855752452368758,1,,,98.684,76.0,10^-37.9766,,,,,,,,,,,,,,,,,[2906798],0
2906798,1,2664261,Leptodesmis sichuanensis,"",bacteria,false,,,,0.10855752452368758,1,,,98.684,76.0,10^-37.9766,,,,,,,,,,,,,,,,,,0
2650743,2,2650743,Alutaceodontia,"",eukaryota,false,,,,0.10855752452368758,1,,,98.684,76.0,10^-37.9766,,,,,,,,,,,,,,,,,[2650744],0
2650744,1,2650743,Alutaceodontia alutacea,"",eukaryota,false,,,,0.10855752452368758,1,,,98.684,76.0,10^-37.9766,,,,,,,,,,,,,,,,,,0
2609811,2,2609811,Thermothielavioides,"",eukaryota,false,,,,0.10855752452368758,1,,,95.833,72.0,10^-32.5106,,,,,,,,,,,,,,,,,[2587410],0
2587410,1,2609811,Thermothielavioides terrestris,"",eukaryota,false,,,,0.10855752452368758,1,,,95.833,72.0,10^-32.5106,,,,,,,,,,,,,,,,,,0
2607957,2,2607957,Collybiopsis,"",eukaryota,false,,,,0.9770177207131882,9,,,99.1228,75.7778,10^-38.2828,,,,,,,,,,,,,,,,,"[2968026, 2936609, 2936607, 2007092, 934317, 307166, 227428, 71897]",0
2968026,1,2607957,Collybiopsis villosipes,"",eukaryota,false,,,,0.10855752452368758,1,,,100.0,76.0,10^-39.3489,,,,,,,,,,,,,,,,,,0
2936609,1,2607957,Collybiopsis vellerea,"",eukaryota,false,,,,0.10855752452368758,1,,,100.0,76.0,10^-39.3489,,,,,,,,,,,,,,,,,,0
2936607,1,2607957,Collybiopsis subumbilicata,"",eukaryota,false,,,,0.10855752452368758,1,,,98.684,76.0,10^-37.9766,,,,,,,,,,,,,,,,,,0
2007092,1,2607957,Collybiopsis obscuroides,"",eukaryota,false,,,,0.21711504904737516,2,,,100.0,75.0,10^-38.6685,,,,,,,,,,,,,,,,,,0
934317,1,2607957,Collybiopsis koreana,"",eukaryota,false,,,,0.10855752452368758,1,,,100.0,76.0,10^-39.3489,,,,,,,,,,,,,,,,,,0
307166,1,2607957,Collybiopsis polygramma,"",eukaryota,false,,,,0.10855752452368758,1,,,96.053,76.0,10^-35.2318,,,,,,,,,,,,,,,,,,0
227428,1,2607957,Collybiopsis indocta,"",eukaryota,false,,,,0.10855752452368758,1,,,100.0,76.0,10^-39.3489,,,,,,,,,,,,,,,,,,0
71897,1,2607957,Collybiopsis ramealis,"",eukaryota,false,,,,0.10855752452368758,1,,,97.368,76.0,10^-36.6042,,,,,,,,,,,,,,,,,,0
2597454,2,2597454,Austroacacidiplosis,"",eukaryota,false,,,,,,,,,,,,,,,,0.10855752452368758,1,,,100.0,25.0,10^-8.08619,,,,,[2597455],0
2597455,1,2597454,Austroacacidiplosis botrycephalae,"",eukaryota,false,,,,,,,,,,,,,,,,0.10855752452368758,1,,,100.0,25.0,10^-8.08619,,,,,,0
2585208,2,2585208,Trichonephila,"",eukaryota,false,,,,,,,,,,,,,,,,0.8684601961895007,8,,,78.625,23.625,10^-4.02195,,,,,"[2747482, 2740835, 2585209]",0
2747482,1,2585208,Trichonephila inaurata,golden orb-web spider,eukaryota,false,,,,,,,,,,,,,,,,0.10855752452368758,1,,,95.7,23.0,10^-5.57025,,,,,,0
2740835,1,2585208,Trichonephila clavata,"",eukaryota,false,,,,,,,,,,,,,,,,0.21711504904737516,2,,,80.35,22.5,10^-3.97564,,,,,,0
2585209,1,2585208,Trichonephila clavipes,"",eukaryota,false,,,,,,,,,,,,,,,,0.5427876226184379,5,,,74.52,24.2,10^-3.73081,,,,,,0
2529408,2,2529408,Schaalia,"",bacteria,false,,,,,,,,,,,,,,,,0.10855752452368758,1,,,91.7,24.0,10^-5.30277,,,,,[1660],0
1660,1,2529408,Schaalia odontolytica,"",bacteria,false,,,,,,,,,,,,,,,,0.10855752452368758,1,,,91.7,24.0,10^-5.30277,,,,,,0
2495364,2,2495364,Emydomyces,"",eukaryota,false,,,,0.10855752452368758,1,,,77.778,45.0,10^-4.58109,,,,,,,,,,,,,,,,,[2070801],0
2070801,1,2495364,Emydomyces testavorans,"",eukaryota,false,,,,0.10855752452368758,1,,,77.778,45.0,10^-4.58109,,,,,,,,,,,,,,,,,,0
2339270,2,2339270,Phlegmacium,"",eukaryota,false,,,,,,,,,,,,,,,,0.10855752452368758,1,,,96.0,25.0,10^-8.41567,,,,,[171480],0
171480,1,2339270,Phlegmacium glaucopus,"",eukaryota,false,,,,,,,,,,,,,,,,0.10855752452368758,1,,,96.0,25.0,10^-8.41567,,,,,,0
2268961,2,2268961,Cerioporus,"",eukaryota,false,,,,0.10855752452368758,1,,,89.333,75.0,10^-27.6895,,,,,,,,,,,,,,,,,[2268962],0
2268962,1,2268961,Cerioporus varius,"",eukaryota,false,,,,0.10855752452368758,1,,,89.333,75.0,10^-27.6895,,,,,,,,,,,,,,,,,,0
2183612,2,2183612,Klenkia,"",bacteria,false,,,,,,,,,,,,,,,,0.10855752452368758,1,,,88.0,25.0,10^-7.37263,,,,,[1225127],0
1225127,1,2183612,Klenkia taihuensis,"",bacteria,false,,,,,,,,,,,,,,,,0.10855752452368758,1,,,88.0,25.0,10^-7.37263,,,,,,0
2072689,2,2072689,Steromphala,"",eukaryota,false,,,,0.21711504904737516,2,,,90.8165,44.0,10^-11.4555,,,,,,,,,,,,,,,,,[216125],0
216125,1,2072689,Steromphala cineraria,"",eukaryota,false,,,,0.21711504904737516,2,,,90.8165,44.0,10^-11.4555,,,,,,,,,,,,,,,,,,0
2069291,2,2069291,Abscondita,"",eukaryota,false,,,,,,,,,,,,,,,,0.5427876226184379,5,,,96.0,24.4,10^-6.73024,,,,,[2069292],0
2069292,1,2069291,Abscondita terminalis,"",eukaryota,false,,,,,,,,,,,,,,,,0.5427876226184379,5,,,96.0,24.4,10^-6.73024,,,,,,0
2058187,2,2058187,Cavenderia,"",eukaryota,false,,,,0.10855752452368758,1,,,97.959,49.0,10^-19.6402,,,,,,,,,,,,,,,,,[261658],0
261658,1,2058187,Cavenderia fasciculata,"",eukaryota,false,,,,0.10855752452368758,1,,,97.959,49.0,10^-19.6402,,,,,,,,,,,,,,,,,,0
2056240,2,2056240,Trichotorquatus,"",bacteria,false,,,,0.10855752452368758,1,,,100.0,76.0,10^-39.3489,,,,,,,,,,,,,,,,,[2815552],0
2815552,1,2056240,Trichotorquatus andrei,"",bacteria,false,,,,0.10855752452368758,1,,,100.0,76.0,10^-39.3489,,,,,,,,,,,,,,,,,,0
2055681,2,2055681,Thione,"",eukaryota,false,,,,,,,,,,,,,,,,0.10855752452368758,1,,,95.8,24.0,10^-6.34008,,,,,[2055682],0
2055682,1,2055681,Thione sp. INB207,"",eukaryota,false,,,,,,,,,,,,,,,,0.10855752452368758,1,,,95.8,24.0,10^-6.34008,,,,,,0
2055618,2,2055618,Evorinea,"",eukaryota,false,,,,,,,,,,,,,,,,0.10855752452368758,1,,,100.0,25.0,10^-8.0511,,,,,[2055619],0
2055619,1,2055618,Evorinea sp. CSR090,"",eukaryota,false,,,,,,,,,,,,,,,,0.10855752452368758,1,,,100.0,25.0,10^-8.0511,,,,,,0
2055606,2,2055606,Dasyvalgus,"",eukaryota,false,,,,,,,,,,,,,,,,0.10855752452368758,1,,,100.0,24.0,10^-6.98297,,,,,[2055607],0
2055607,1,2055606,Dasyvalgus sp. INB149,"",eukaryota,false,,,,,,,,,,,,,,,,0.10855752452368758,1,,,100.0,24.0,10^-6.98297,,,,,,0
2055602,2,2055602,Coroebus,"",eukaryota,false,,,,,,,,,,,,,,,,0.21711504904737516,2,,,100.0,24.5,10^-7.40511,,,,,[2055603],0
2055603,1,2055602,Coroebus sp. INB018,"",eukaryota,false,,,,,,,,,,,,,,,,0.21711504904737516,2,,,100.0,24.5,10^-7.40511,,,,,,0
2015172,2,2015172,Ooceraea,"",eukaryota,false,,,,0.3256725735710627,3,,,92.608,64.3333,10^-24.1135,,,,,,0.5427876226184379,5,,,97.5,24.6,10^-6.56201,,,,,[2015173],0
2015173,1,2015172,Ooceraea biroi,clonal raider ant,eukaryota,false,,,,0.3256725735710627,3,,,92.608,64.3333,10^-24.1135,,,,,,0.5427876226184379,5,,,97.5,24.6,10^-6.56201,,,,,,0
2014644,2,2014644,Schistomitra,"",eukaryota,false,,,,0.10855752452368758,1,,,92.593,54.0,10^-18.9118,,,,,,,,,,,,,,,,,[2662218],0
2662218,1,2014644,Schistomitra joelmineti,"",eukaryota,false,,,,0.10855752452368758,1,,,92.593,54.0,10^-18.9118,,,,,,,,,,,,,,,,,,0
2006155,2,2006155,Pamphobeteus,"",eukaryota,false,,,,,,,,,,,,,,,,0.10855752452368758,1,,,83.3,24.0,10^-3.93181,,,,,[2006156],0
2006156,1,2006155,Pamphobeteus verdolaga,"",eukaryota,false,,,,,,,,,,,,,,,,0.10855752452368758,1,,,83.3,24.0,10^-3.93181,,,,,,0
1985927,2,1985927,Ignelater,"",eukaryota,false,,,,,,,,,,,,,,,,0.21711504904737516,2,,,83.35,24.0,10^-4.37837,,,,,[2038154],0
2038154,1,1985927,Ignelater luminosus,"",eukaryota,false,,,,,,,,,,,,,,,,0.21711504904737516,2,,,83.35,24.0,10^-4.37837,,,,,,0
1981958,2,1981958,Pseudomicrostroma,"",eukaryota,false,,,,,,,,,,,,,,,,0.10855752452368758,1,,,86.4,22.0,10^-4.4023,,,,,[1684307],0
1684307,1,1981958,Pseudomicrostroma glucosiphilum,"",eukaryota,false,,,,,,,,,,,,,,,,0.10855752452368758,1,,,86.4,22.0,10^-4.4023,,,,,,0
1979940,2,1979940,Medioppia,"",eukaryota,false,,,,0.21711504904737516,2,,,84.4445,60.0,10^-14.7629,,,,,,0.10855752452368758,1,,,100.0,24.0,10^-5.75696,,,,,[1979941],0
1979941,1,1979940,Medioppia subpectinata,"",eukaryota,false,,,,0.21711504904737516,2,,,84.4445,60.0,10^-14.7629,,,,,,0.10855752452368758,1,,,100.0,24.0,10^-5.75696,,,,,,0
1929940,2,1929940,Viridothelium,"",eukaryota,false,,,,,,,,,,,,,,,,0.10855752452368758,1,,,100.0,24.0,10^-7.96257,,,,,[1048519],0
1048519,1,1929940,Viridothelium virens,"",eukaryota,false,,,,,,,,,,,,,,,,0.10855752452368758,1,,,100.0,24.0,10^-7.96257,,,,,,0
1927371,2,1927371,Hesperolyra,"",eukaryota,false,,,,0.10855752452368758,1,,,84.211,57.0,10^-14.085,,,,,,,,,,,,,,,,,[1927372],0
1927372,1,1927371,Hesperolyra saopaulensis,"",eukaryota,false,,,,0.10855752452368758,1,,,84.211,57.0,10^-14.085,,,,,,,,,,,,,,,,,,0
1923958,2,1923958,Trinorchestia,"",eukaryota,false,,,,,,,,,,,,,,,,0.4342300980947503,4,,,86.45,24.0,10^-4.03387,,,,,[1923959],0
1923959,1,1923958,Trinorchestia longiramus,"",eukaryota,false,,,,,,,,,,,,,,,,0.4342300980947503,4,,,86.45,24.0,10^-4.03387,,,,,,0
1920453,2,1920453,Orbicella,"",eukaryota,false,,,,,,,,,,,,,,,,0.10855752452368758,1,,,100.0,24.0,10^-5.54061,,,,,[48498],0
48498,1,1920453,Orbicella faveolata,"",eukaryota,false,,,,,,,,,,,,,,,,0.10855752452368758,1,,,100.0,24.0,10^-5.54061,,,,,,0
1920207,2,1920207,Thermothelomyces,"",eukaryota,false,,,,,,,,,,,,,,,,0.10855752452368758,1,,,92.0,25.0,10^-6.58838,,,,,[78579],0
78579,1,1920207,Thermothelomyces thermophilus,"",eukaryota,false,,,,,,,,,,,,,,,,0.10855752452368758,1,,,92.0,25.0,10^-6.58838,,,,,,0
1912988,2,1912988,Enteropsectra,"",eukaryota,false,,,,,,,,,,,,,,,,0.10855752452368758,1,,,76.0,25.0,10^-3.16813,,,,,[1912989],0
1912989,1,1912988,Enteropsectra breve,"",eukaryota,false,,,,,,,,,,,,,,,,0.10855752452368758,1,,,76.0,25.0,10^-3.16813,,,,,,0
1912216,2,1912216,Cutibacterium,"",bacteria,false,,,,,,,,,,,,,,,,0.3256725735710627,3,,,88.7667,23.3333,10^-6.27608,,,,,[1747],0
1747,1,1912216,Cutibacterium acnes,"",bacteria,false,,,,,,,,,,,,,,,,0.3256725735710627,3,,,88.7667,23.3333,10^-6.27608,,,,,,0
1897883,2,1897883,Leucophora,"",eukaryota,false,,,,0.10855752452368758,1,,,100.0,36.0,10^-12.226,,,,,,,,,,,,,,,,,[2588525],0
2588525,1,1897883,Leucophora obtusa,"",eukaryota,false,,,,0.10855752452368758,1,,,100.0,36.0,10^-12.226,,,,,,,,,,,,,,,,,,0
1870727,2,1870727,Subacronicta,"",eukaryota,false,,,,0.21711504904737516,2,,,92.3935,57.5,10^-20.6048,,,,,,,,,,,,,,,,,[1870728],0
1870728,1,1870727,Subacronicta megacephala,"",eukaryota,false,,,,0.21711504904737516,2,,,92.3935,57.5,10^-20.6048,,,,,,,,,,,,,,,,,,0
1870627,2,1870627,Eremobia,"",eukaryota,false,,,,0.10855752452368758,1,,,89.583,48.0,10^-13.4735,,,,,,,,,,,,,,,,,[1870628],0
1870628,1,1870627,Eremobia ochroleuca,"",eukaryota,false,,,,0.10855752452368758,1,,,89.583,48.0,10^-13.4735,,,,,,,,,,,,,,,,,,0
1866960,2,1866960,Amphiamblys,"",eukaryota,false,,,,0.10855752452368758,1,,,93.023,43.0,10^-12.8351,,,,,,,,,,,,,,,,,[1866961],0
1866961,1,1866960,Amphiamblys sp. WSBS2006,"",eukaryota,false,,,,0.10855752452368758,1,,,93.023,43.0,10^-12.8351,,,,,,,,,,,,,,,,,,0
1866954,2,1866954,Varunaivibrio,"",bacteria,false,,,,0.10855752452368758,1,,,88.462,52.0,10^-14.8111,,,,,,,,,,,,,,,,,[1773489],0
1773489,1,1866954,Varunaivibrio sulfuroxidans,"",bacteria,false,,,,0.10855752452368758,1,,,88.462,52.0,10^-14.8111,,,,,,,,,,,,,,,,,,0
1866885,2,1866885,Mycolicibacterium,"",bacteria,false,,,,0.21711504904737516,2,,,86.111,36.0,10^-5.36418,,,,,,,,,,,,,,,,,[758802],0
758802,1,1866885,Mycolicibacterium litorale,"",bacteria,false,,,,0.21711504904737516,2,,,86.111,36.0,10^-5.36418,,,,,,,,,,,,,,,,,,0
1851468,2,1851468,Vanrija,"",eukaryota,false,,,,0.10855752452368758,1,,,100.0,76.0,10^-39.3489,,,,,,,,,,,,,,,,,[143232],0
143232,1,1851468,Vanrija pseudolonga,"",eukaryota,false,,,,0.10855752452368758,1,,,100.0,76.0,10^-39.3489,,,,,,,,,,,,,,,,,,0
1844958,2,1844958,Macrochaete,"",bacteria,false,,,,0.21711504904737516,2,,,98.6755,75.5,10^-37.6363,,,,,,,,,,,,,,,,,[1844959],0
1844959,1,1844958,Macrochaete psychrophila,"",bacteria,false,,,,0.21711504904737516,2,,,98.6755,75.5,10^-37.6363,,,,,,,,,,,,,,,,,,0
1827277,2,1827277,Aliterella,"",bacteria,false,,,,0.10855752452368758,1,,,100.0,76.0,10^-39.3489,,,,,,,,,,,,,,,,,[2873644],0
2873644,1,1827277,Aliterella shaanxiensis,"",bacteria,false,,,,0.10855752452368758,1,,,100.0,76.0,10^-39.3489,,,,,,,,,,,,,,,,,,0
1765197,2,1765197,Luffia,"",eukaryota,false,,,,0.21711504904737516,2,,,90.835,43.0,10^-11.4646,,,,,,,,,,,,,,,,,[1870047],0
1870047,1,1765197,Luffia ferchaultella,"",eukaryota,false,,,,0.21711504904737516,2,,,90.835,43.0,10^-11.4646,,,,,,,,,,,,,,,,,,0
1759375,2,1759375,Phyllonema,"",bacteria,false,,,,0.10855752452368758,1,,,98.667,75.0,10^-37.2961,,,,,,,,,,,,,,,,,[1759383],0
1759383,1,1759375,Phyllonema aviceniicola,"",bacteria,false,,,,0.10855752452368758,1,,,98.667,75.0,10^-37.2961,,,,,,,,,,,,,,,,,,0
1738221,2,1738221,Arachnobas,"",eukaryota,false,,,,,,,,,,,,,,,,0.10855752452368758,1,,,100.0,24.0,10^-5.84164,,,,,[1738225],0
1738225,1,1738221,Arachnobas sectator,"",eukaryota,false,,,,,,,,,,,,,,,,0.10855752452368758,1,,,100.0,24.0,10^-5.84164,,,,,,0
1735931,2,1735931,Noteucinetus,"",eukaryota,false,,,,0.10855752452368758,1,,,92.105,76.0,10^-31.1147,,,,,,,,,,,,,,,,,[2055467],0
2055467,1,1735931,Noteucinetus sp. CSR021,"",eukaryota,false,,,,0.10855752452368758,1,,,92.105,76.0,10^-31.1147,,,,,,,,,,,,,,,,,,0
1735270,2,1735270,Gigantopelta,"",eukaryota,false,,,,,,,,,,,,,,,,0.10855752452368758,1,,,91.3,23.0,10^-5.54363,,,,,[1735272],0
1735272,1,1735270,Gigantopelta aegis,"",eukaryota,false,,,,,,,,,,,,,,,,0.10855752452368758,1,,,91.3,23.0,10^-5.54363,,,,,,0
1686742,2,1686742,Oppia,"",eukaryota,false,,,,,,,,,,,,,,,,0.21711504904737516,2,,,100.0,25.0,10^-6.81855,,,,,[1686743],0
1686743,1,1686742,Oppia nitens,"",eukaryota,false,,,,,,,,,,,,,,,,0.21711504904737516,2,,,100.0,25.0,10^-6.81855,,,,,,0
1670957,2,1670957,Myrmecomorba,"",eukaryota,false,,,,0.21711504904737516,2,,,92.958,71.0,10^-29.0857,,,,,,,,,,,,,,,,,[1657049],0
1657049,1,1670957,Myrmecomorba nylanderiae,"",eukaryota,false,,,,0.21711504904737516,2,,,92.958,71.0,10^-29.0857,,,,,,,,,,,,,,,,,,0
1666817,2,1666817,Acentria,"",eukaryota,false,,,,0.3256725735710627,3,,,90.3753,55.0,10^-17.7603,,,,,,,,,,,,,,,,,[1666818],0
1666818,1,1666817,Acentria ephemerella,"",eukaryota,false,,,,0.3256725735710627,3,,,90.3753,55.0,10^-17.7603,,,,,,,,,,,,,,,,,,0
1663174,2,1663174,Lactocollybia,"",eukaryota,false,,,,0.21711504904737516,2,,,98.0085,75.0,10^-36.61,,,,,,,,,,,,,,,,,[1664171],0
1664171,1,1663174,Lactocollybia epia,"",eukaryota,false,,,,0.21711504904737516,2,,,98.0085,75.0,10^-36.61,,,,,,,,,,,,,,,,,,0
1662592,2,1662592,Asbolus,"",eukaryota,false,,,,,,,,,,,,,,,,0.6513451471421254,6,,,97.2167,24.1667,10^-6.49706,,,,,[1661398],0
1661398,1,1662592,Asbolus verrucosus,"",eukaryota,false,,,,,,,,,,,,,,,,0.6513451471421254,6,,,97.2167,24.1667,10^-6.49706,,,,,,0
1661862,2,1661862,Allostethus,"",eukaryota,false,,,,0.10855752452368758,1,,,91.304,69.0,10^-26.3534,,,,,,,,,,,,,,,,,[3039708],0
3039708,1,1661862,Allostethus admiralis,"",eukaryota,false,,,,0.10855752452368758,1,,,91.304,69.0,10^-26.3534,,,,,,,,,,,,,,,,,,0
1659841,2,1659841,Tropicoporus,"",eukaryota,false,,,,0.10855752452368758,1,,,97.333,75.0,10^-35.9238,,,,,,,,,,,,,,,,,[1659895],0
1659895,1,1659841,Tropicoporus linteus,"",eukaryota,false,,,,0.10855752452368758,1,,,97.333,75.0,10^-35.9238,,,,,,,,,,,,,,,,,,0
1649499,2,1649499,Swingsia,"",bacteria,false,,,,0.3256725735710627,3,,,97.807,76.0,10^-37.0616,,,,,,,,,,,,,,,,,[1293412],0
1293412,1,1649499,Swingsia samuiensis,"",bacteria,false,,,,0.3256725735710627,3,,,97.807,76.0,10^-37.0616,,,,,,,,,,,,,,,,,,0
1649462,2,1649462,Lacihabitans,"",bacteria,false,,,,,,,,,,,,,,,,0.10855752452368758,1,,,100.0,20.0,10^-4.67778,,,,,[2487335],0
2487335,1,1649462,Lacihabitans sp. LS3-19,"",bacteria,false,,,,,,,,,,,,,,,,0.10855752452368758,1,,,100.0,20.0,10^-4.67778,,,,,,0
1640959,2,1640959,Thelaira,"",eukaryota,false,,,,0.21711504904737516,2,,,87.814,70.5,10^-23.9437,,,,,,,,,,,,,,,,,[1918187],0
1918187,1,1640959,Thelaira solivaga,"",eukaryota,false,,,,0.21711504904737516,2,,,87.814,70.5,10^-23.9437,,,,,,,,,,,,,,,,,,0
1629825,2,1629825,Lanmaoa,"",eukaryota,false,,,,,,,,,,,,,,,,0.10855752452368758,1,,,100.0,23.0,10^-4.34775,,,,,[1603062],0
1603062,1,1629825,Lanmaoa asiatica,"",eukaryota,false,,,,,,,,,,,,,,,,0.10855752452368758,1,,,100.0,23.0,10^-4.34775,,,,,,0
1619888,2,1619888,Buelliella,"",eukaryota,false,,,,0.10855752452368758,1,,,82.5,80.0,10^-22.8582,,,,,,,,,,,,,,,,,[1619890],0
1619890,1,1619888,Buelliella poetschii,"",eukaryota,false,,,,0.10855752452368758,1,,,82.5,80.0,10^-22.8582,,,,,,,,,,,,,,,,,,0
1619732,2,1619732,Curelius,"",eukaryota,false,,,,0.10855752452368758,1,,,92.105,76.0,10^-31.1147,,,,,,,,,,,,,,,,,[2055375],0
2055375,1,1619732,Curelius sp. INB192,"",eukaryota,false,,,,0.10855752452368758,1,,,92.105,76.0,10^-31.1147,,,,,,,,,,,,,,,,,,0
1612611,2,1612611,Pararhizobium,"",bacteria,false,,,,0.21711504904737516,2,,,88.889,45.0,10^-11.4429,,,,,,,,,,,,,,,,,[1977563],0
1977563,1,1612611,Pararhizobium sp.,"",bacteria,false,,,,0.21711504904737516,2,,,88.889,45.0,10^-11.4429,,,,,,,,,,,,,,,,,,0
1612157,2,1612157,Pararhodospirillum,"",bacteria,false,,,,,,,,,,,,,,,,0.21711504904737516,2,,,87.25,23.5,10^-5.55095,,,,,[1084],0
1084,1,1612157,Pararhodospirillum photometricum,"",bacteria,false,,,,,,,,,,,,,,,,0.21711504904737516,2,,,87.25,23.5,10^-5.55095,,,,,,0
1608558,2,1608558,Tanakaius,"",eukaryota,false,,,,0.10855752452368758,1,,,91.892,74.0,10^-28.3816,,,,,,,,,,,,,,,,,[1608559],0
1608559,1,1608558,Tanakaius savoryi,"",eukaryota,false,,,,0.10855752452368758,1,,,91.892,74.0,10^-28.3816,,,,,,,,,,,,,,,,,,0
1594452,2,1594452,Marasmarcha,"",eukaryota,false,,,,0.21711504904737516,2,,,88.415,61.0,10^-18.8724,,,,,,,,,,,,,,,,,[1594453],0
1594453,1,1594452,Marasmarcha lunaedactyla,"",eukaryota,false,,,,0.21711504904737516,2,,,88.415,61.0,10^-18.8724,,,,,,,,,,,,,,,,,,0
1594448,2,1594448,Euspilapteryx,"",eukaryota,false,,,,0.10855752452368758,1,,,90.909,66.0,10^-24.3141,,,,,,,,,,,,,,,,,[1594449],0
1594449,1,1594448,Euspilapteryx auroguttella,"",eukaryota,false,,,,0.10855752452368758,1,,,90.909,66.0,10^-24.3141,,,,,,,,,,,,,,,,,,0
1588171,2,1588171,Sciarosoma,"",eukaryota,false,,,,0.10855752452368758,1,,,84.211,76.0,10^-22.8805,,,,,,,,,,,,,,,,,[1588172],0
1588172,1,1588171,Sciarosoma nigriclava,"",eukaryota,false,,,,0.10855752452368758,1,,,84.211,76.0,10^-22.8805,,,,,,,,,,,,,,,,,,0
1588159,2,1588159,Hyperoscelis,"",eukaryota,false,,,,,,,,,,,,,,,,0.10855752452368758,1,,,100.0,25.0,10^-6.74232,,,,,[1588160],0
1588160,1,1588159,Hyperoscelis veternosa,"",eukaryota,false,,,,,,,,,,,,,,,,0.10855752452368758,1,,,100.0,25.0,10^-6.74232,,,,,,0
1587496,2,1587496,Irineochytrium,"",eukaryota,false,,,,,,,,,,,,,,,,0.10855752452368758,1,,,100.0,24.0,10^-7.92082,,,,,[109884],0
109884,1,1587496,Irineochytrium annulatum,"",eukaryota,false,,,,,,,,,,,,,,,,0.10855752452368758,1,,,100.0,24.0,10^-7.92082,,,,,,0
1586633,2,1586633,Rhamnusium,"",eukaryota,false,,,,,,,,,,,,,,,,0.3256725735710627,3,,,94.4333,24.0,10^-6.87767,,,,,[1586634],0
1586634,1,1586633,Rhamnusium bicolor,"",eukaryota,false,,,,,,,,,,,,,,,,0.3256725735710627,3,,,94.4333,24.0,10^-6.87767,,,,,,0
1586610,2,1586610,Nycteus,"",eukaryota,false,,,,,,,,,,,,,,,,0.10855752452368758,1,,,100.0,24.0,10^-5.56067,,,,,[1605547],0
1605547,1,1586610,Nycteus infumatus,"",eukaryota,false,,,,,,,,,,,,,,,,0.10855752452368758,1,,,100.0,24.0,10^-5.56067,,,,,,0
1580669,2,1580669,Anorus,"",eukaryota,false,,,,,,,,,,,,,,,,0.10855752452368758,1,,,91.7,24.0,10^-4.18046,,,,,[1661808],0
1661808,1,1580669,Anorus arizonicus,"",eukaryota,false,,,,,,,,,,,,,,,,0.10855752452368758,1,,,91.7,24.0,10^-4.18046,,,,,,0
1577854,2,1577854,Gonatophragmium,"",eukaryota,false,,,,0.10855752452368758,1,,,98.684,76.0,10^-37.9766,,,,,,,,,,,,,,,,,[2966219],0
2966219,1,1577854,Gonatophragmium mori,"",eukaryota,false,,,,0.10855752452368758,1,,,98.684,76.0,10^-37.9766,,,,,,,,,,,,,,,,,,0
1569766,2,1569766,Neoneuromus,"",eukaryota,false,,,,0.4342300980947503,4,,,88.7868,67.5,10^-22.9399,,,,,,,,,,,,,,,,,[1569773],0
1569773,1,1569766,Neoneuromus ignobilis,"",eukaryota,false,,,,0.4342300980947503,4,,,88.7868,67.5,10^-22.9399,,,,,,,,,,,,,,,,,,0
1562158,2,1562158,Neopestalotiopsis,"",eukaryota,false,,,,0.10855752452368758,1,,,96.104,77.0,10^-35.9123,,,,,,,,,,,,,,,,,[1562163],0
1562163,1,1562158,Neopestalotiopsis cubana,"",eukaryota,false,,,,0.10855752452368758,1,,,96.104,77.0,10^-35.9123,,,,,,,,,,,,,,,,,,0
1557812,2,1557812,Heortia,"",eukaryota,false,,,,0.21711504904737516,2,,,94.2275,58.0,10^-22.3312,,,,,,,,,,,,,,,,,[1557813],0
1557813,1,1557812,Heortia vitessoides,"",eukaryota,false,,,,0.21711504904737516,2,,,94.2275,58.0,10^-22.3312,,,,,,,,,,,,,,,,,,0
1547630,2,1547630,Allaporus,"",eukaryota,false,,,,0.10855752452368758,1,,,89.474,76.0,10^-28.37,,,,,,,,,,,,,,,,,[1547633],0
1547633,1,1547630,Allaporus rufiventris,"",eukaryota,false,,,,0.10855752452368758,1,,,89.474,76.0,10^-28.37,,,,,,,,,,,,,,,,,,0
1541352,2,1541352,Maorothius,"",eukaryota,false,,,,0.10855752452368758,1,,,96.364,55.0,10^-22.3348,,,,,,,,,,,,,,,,,[1662528],0
1662528,1,1541352,Maorothius brouni,"",eukaryota,false,,,,0.10855752452368758,1,,,96.364,55.0,10^-22.3348,,,,,,,,,,,,,,,,,,0
1525371,2,1525371,Neorhizobium,"",bacteria,false,,,,,,,,,,,,,,,,0.21711504904737516,2,,,91.7,24.0,10^-5.25971,,,,,[1911909],0
1911909,1,1525371,Neorhizobium sp.,"",bacteria,false,,,,,,,,,,,,,,,,0.21711504904737516,2,,,91.7,24.0,10^-5.25971,,,,,,0
1519144,2,1519144,Xibalbanus,"",eukaryota,false,,,,,,,,,,,,,,,,0.10855752452368758,1,,,100.0,25.0,10^-8.75945,,,,,[1519145],0
1519145,1,1519144,Xibalbanus tulumensis,"",eukaryota,false,,,,,,,,,,,,,,,,0.10855752452368758,1,,,100.0,25.0,10^-8.75945,,,,,,0
1508263,2,1508263,Neoceratosperma,"",eukaryota,false,,,,0.10855752452368758,1,,,100.0,76.0,10^-39.3489,,,,,,,,,,,,,,,,,[2059743],0
2059743,1,1508263,Neoceratosperma haldinae,"",eukaryota,false,,,,0.10855752452368758,1,,,100.0,76.0,10^-39.3489,,,,,,,,,,,,,,,,,,0
1506553,2,1506553,Lachnoclostridium,"",bacteria,false,,,,,,,,,,,,,,,,0.10855752452368758,1,,,91.7,24.0,10^-3.59346,,,,,[81424],0
81424,1,1506553,[Clostridium] methoxybenzovorans,"",bacteria,false,,,,,,,,,,,,,,,,0.10855752452368758,1,,,91.7,24.0,10^-3.59346,,,,,,0
1504576,2,1504576,Pseudocitrobacter,"",bacteria,false,,,,0.10855752452368758,1,,,98.667,75.0,10^-37.2961,,,,,,,,,,,,,,,,,[2891570],0
2891570,1,1504576,Pseudocitrobacter corydidari,"",bacteria,false,,,,0.10855752452368758,1,,,98.667,75.0,10^-37.2961,,,,,,,,,,,,,,,,,,0
1489015,2,1489015,Globia,"",eukaryota,false,,,,0.10855752452368758,1,,,90.541,74.0,10^-28.3816,,,,,,,,,,,,,,,,,[1660644],0
1660644,1,1489015,Globia sparganii,"",eukaryota,false,,,,0.10855752452368758,1,,,90.541,74.0,10^-28.3816,,,,,,,,,,,,,,,,,,0
1457096,2,1457096,Leptodirus,"",eukaryota,false,,,,0.21711504904737516,2,,,88.03,57.0,10^-16.8308,,,,,,,,,,,,,,,,,[2996356],0
2996356,1,1457096,Leptodirus hochenwartii,"",eukaryota,false,,,,0.21711504904737516,2,,,88.03,57.0,10^-16.8308,,,,,,,,,,,,,,,,,,0
1448052,2,1448052,Globisporangium,"",eukaryota,false,,,,,,,,,,,,,,,,0.10855752452368758,1,,,88.0,25.0,10^-4.85387,,,,,[82926],0
82926,1,1448052,Globisporangium splendens,"",eukaryota,false,,,,,,,,,,,,,,,,0.10855752452368758,1,,,88.0,25.0,10^-4.85387,,,,,,0
1434011,2,1434011,Komagataeibacter,"",bacteria,false,,,,0.3256725735710627,3,,,100.0,76.0,10^-39.3489,,,,,,13.678248089984635,126,,,82.7121,123.024,10^-63.2785,,,,,"[265960, 65958, 28448]",0
265960,1,1434011,Komagataeibacter nataicola,"",bacteria,false,,,,,,,,,,,,,,,,0.6513451471421254,6,,,96.3333,23.5,10^-7.91507,,,,,,0
65958,1,1434011,Komagataeibacter oboediens,"",bacteria,false,,,,0.10855752452368758,1,,,100.0,76.0,10^-39.3489,,,,,,,,,,,,,,,,,,0
28448,1,1434011,Komagataeibacter xylinus,"",bacteria,false,,,,0.21711504904737516,2,,,100.0,76.0,10^-39.3489,,,,,,13.02690294284251,120,,,82.031,128.0,10^-66.0467,,,,,,0
1434010,2,1434010,Jatrophihabitans,"",bacteria,false,,,,0.3256725735710627,3,,,97.6747,68.0,10^-32.0837,,,,,,,,,,,,,,,,,"[2944128, 1730377]",0
2944128,1,1434010,Jatrophihabitans sp. SB3-54,"",bacteria,false,,,,0.21711504904737516,2,,,96.512,64.5,10^-28.7913,,,,,,,,,,,,,,,,,,0
1730377,1,1434010,Jatrophihabitans sp. I13A-01602,"",bacteria,false,,,,0.10855752452368758,1,,,100.0,75.0,10^-38.6685,,,,,,,,,,,,,,,,,,0
1431902,2,1431902,Brassicogethes,"",eukaryota,false,,,,0.9770177207131882,9,,,90.5189,55.6667,10^-17.7669,,,,,,5.1022036526133165,47,,,53.9043,73.3191,10^-15.0549,,,,,[1431903],0
1431903,1,1431902,Brassicogethes aeneus,"",eukaryota,false,,,,0.9770177207131882,9,,,90.5189,55.6667,10^-17.7669,,,,,,5.1022036526133165,47,,,53.9043,73.3191,10^-15.0549,,,,,,0
1431289,2,1431289,Macrohyporia,"",eukaryota,false,,,,0.10855752452368758,1,,,100.0,75.0,10^-38.6685,,,,,,,,,,,,,,,,,[2606897],0
2606897,1,1431289,Macrohyporia sp. JV-2019a,"",eukaryota,false,,,,0.10855752452368758,1,,,100.0,75.0,10^-38.6685,,,,,,,,,,,,,,,,,,0
1430964,2,1430964,Xylocampa,"",eukaryota,false,,,,0.21711504904737516,2,,,92.308,39.0,10^-10.1327,,,,,,,,,,,,,,,,,[1870430],0
1870430,1,1430964,Xylocampa areola,"",eukaryota,false,,,,0.21711504904737516,2,,,92.308,39.0,10^-10.1327,,,,,,,,,,,,,,,,,,0
1401161,2,1401161,Sodiomyces,"",eukaryota,false,,,,0.21711504904737516,2,,,93.5115,46.5,10^-15.204,,,,,,,,,,,,,,,,,[1302862],0
1302862,1,1401161,Sodiomyces alkalinus,"",eukaryota,false,,,,0.21711504904737516,2,,,93.5115,46.5,10^-15.204,,,,,,,,,,,,,,,,,,0
1398757,2,1398757,Porpolomopsis,"",eukaryota,false,,,,0.10855752452368758,1,,,100.0,75.0,10^-38.6685,,,,,,,,,,,,,,,,,[1398758],0
1398758,1,1398757,Porpolomopsis calyptriformis,"",eukaryota,false,,,,0.10855752452368758,1,,,100.0,75.0,10^-38.6685,,,,,,,,,,,,,,,,,,0
1396492,2,1396492,Fimicolochytrium,"",eukaryota,false,,,,0.21711504904737516,2,,,89.474,76.0,10^-28.37,,,,,,,,,,,,,,,,,[1396493],0
1396493,1,1396492,Fimicolochytrium jonesii,"",eukaryota,false,,,,0.21711504904737516,2,,,89.474,76.0,10^-28.37,,,,,,,,,,,,,,,,,,0
1368975,2,1368975,Calamotropha,"",eukaryota,false,,,,0.4342300980947503,4,,,87.3575,65.75,10^-20.7187,,,,,,,,,,,,,,,,,[1371681],0
1371681,1,1368975,Calamotropha paludella,"",eukaryota,false,,,,0.4342300980947503,4,,,87.3575,65.75,10^-20.7187,,,,,,,,,,,,,,,,,,0
1368924,2,1368924,Asthenoptycha,"",eukaryota,false,,,,0.10855752452368758,1,,,95.385,65.0,10^-27.7517,,,,,,,,,,,,,,,,,[1408249],0
1408249,1,1368924,Asthenoptycha cf. sphaltica AZ-2013,"",eukaryota,false,,,,0.10855752452368758,1,,,95.385,65.0,10^-27.7517,,,,,,,,,,,,,,,,,,0
1368888,2,1368888,Antictenia,"",eukaryota,false,,,,,,,,,,,,,,,,0.10855752452368758,1,,,91.7,24.0,10^-5.5391,,,,,[1371115],0
1371115,1,1368888,Antictenia torta,"",eukaryota,false,,,,,,,,,,,,,,,,0.10855752452368758,1,,,91.7,24.0,10^-5.5391,,,,,,0
1351751,2,1351751,Parastagonospora,"",eukaryota,false,,,,0.3256725735710627,3,,,94.298,76.0,10^-33.402,,,,,,,,,,,,,,,,,"[1351752, 13684]",0
1351752,1,1351751,Parastagonospora avenae,"",eukaryota,false,,,,0.21711504904737516,2,,,92.105,76.0,10^-31.1147,,,,,,,,,,,,,,,,,,0
13684,1,1351751,Parastagonospora nodorum,"",eukaryota,false,,,,0.10855752452368758,1,,,98.684,76.0,10^-37.9766,,,,,,,,,,,,,,,,,,0
1343515,2,1343515,Chalastonepsia,"",eukaryota,false,,,,,,,,,,,,,,,,0.10855752452368758,1,,,100.0,24.0,10^-5.96658,,,,,[1343516],0
1343516,1,1343515,Chalastonepsia nigricoxa,"",eukaryota,false,,,,,,,,,,,,,,,,0.10855752452368758,1,,,100.0,24.0,10^-5.96658,,,,,,0
1339697,2,1339697,Geminibasidium,"",eukaryota,false,,,,0.10855752452368758,1,,,92.857,70.0,10^-28.4057,,,,,,,,,,,,,,,,,[1339698],0
1339698,1,1339697,Geminibasidium donsium,"",eukaryota,false,,,,0.10855752452368758,1,,,92.857,70.0,10^-28.4057,,,,,,,,,,,,,,,,,,0
1335631,2,1335631,Frischella,"",bacteria,false,,,,0.21711504904737516,2,,,98.0265,75.5,10^-36.9502,,,,,,,,,,,,,,,,,[1267021],0
1267021,1,1335631,Frischella perrara,"",bacteria,false,,,,0.21711504904737516,2,,,98.0265,75.5,10^-36.9502,,,,,,,,,,,,,,,,,,0
1335483,2,1335483,Shimwellia,"",bacteria,false,,,,,,,,,,,,,,,,0.10855752452368758,1,,,84.0,25.0,10^-6.68194,,,,,[563],0
563,1,1335483,Shimwellia blattae,"",bacteria,false,,,,,,,,,,,,,,,,0.10855752452368758,1,,,84.0,25.0,10^-6.68194,,,,,,0
1330546,2,1330546,Pluralibacter,"",bacteria,false,,,,0.10855752452368758,1,,,94.667,75.0,10^-33.179,,,,,,,,,,,,,,,,,[1334193],0
1334193,1,1330546,[Enterobacter] lignolyticus,"",bacteria,false,,,,0.10855752452368758,1,,,94.667,75.0,10^-33.179,,,,,,,,,,,,,,,,,,0
1323399,2,1323399,Molorchus,"",eukaryota,false,,,,,,,,,,,,,,,,1.4112478188079385,13,,,88.5462,23.7692,10^-5.34941,,,,,[1323400],0
1323400,1,1323399,Molorchus minor,"",eukaryota,false,,,,,,,,,,,,,,,,1.4112478188079385,13,,,88.5462,23.7692,10^-5.34941,,,,,,0
1322061,2,1322061,Rhizoctonia,"",eukaryota,false,,,,0.6513451471421254,6,,,99.7807,75.8333,10^-39.0068,,,,,,0.10855752452368758,1,,,100.0,25.0,10^-10.556,,,,,[456999],0
456999,1,1322061,Rhizoctonia solani,"",eukaryota,false,,,,0.6513451471421254,6,,,99.7807,75.8333,10^-39.0068,,,,,,0.10855752452368758,1,,,100.0,25.0,10^-10.556,,,,,,0
1311975,2,1311975,Coronhelmis,"",eukaryota,false,,,,0.21711504904737516,2,,,97.222,36.0,10^-10.8537,,,,,,,,,,,,,,,,,[1311976],0
1311976,1,1311975,Coronhelmis lutheri,"",eukaryota,false,,,,0.21711504904737516,2,,,97.222,36.0,10^-10.8537,,,,,,,,,,,,,,,,,,0
1291242,2,1291242,Aptinothrips,"",eukaryota,false,,,,,,,,,,,,,,,,0.10855752452368758,1,,,90.9,22.0,10^-4.19997,,,,,[1291243],0
1291243,1,1291242,Aptinothrips rufus,"",eukaryota,false,,,,,,,,,,,,,,,,0.10855752452368758,1,,,90.9,22.0,10^-4.19997,,,,,,0
1280450,2,1280450,Aproaerema,"",eukaryota,false,,,,0.10855752452368758,1,,,90.909,44.0,10^-12.1389,,,,,,,,,,,,,,,,,[2566309],0
2566309,1,1280450,Aproaerema taeniolella,"",eukaryota,false,,,,0.10855752452368758,1,,,90.909,44.0,10^-12.1389,,,,,,,,,,,,,,,,,,0
1271741,2,1271741,Glyphotaelius,"",eukaryota,false,,,,0.3256725735710627,3,,,94.1903,51.3333,10^-18.4765,,,,,,,,,,,,,,,,,[1271742],0
1271742,1,1271741,Glyphotaelius pellucidus,"",eukaryota,false,,,,0.3256725735710627,3,,,94.1903,51.3333,10^-18.4765,,,,,,,,,,,,,,,,,,0
1262302,2,1262302,Heteromyza,"",eukaryota,false,,,,1.4112478188079385,13,,,92.3354,61.6154,10^-22.6155,,,,,,,,,,,,,,,,,[2867252],0
2867252,1,1262302,Heteromyza rotundicornis,"",eukaryota,false,,,,1.4112478188079385,13,,,92.3354,61.6154,10^-22.6155,,,,,,,,,,,,,,,,,,0
1261042,2,1261042,Exocentrus,"",eukaryota,false,,,,,,,,,,,,,,,,0.8684601961895007,8,,,93.0,24.75,10^-5.75606,,,,,[1586481],0
1586481,1,1261042,Exocentrus adspersus,"",eukaryota,false,,,,,,,,,,,,,,,,0.8684601961895007,8,,,93.0,24.75,10^-5.75606,,,,,,0
1260852,2,1260852,Pseudolycoriella,"",eukaryota,false,,,,,,,,,,,,,,,,1.845477916902689,17,,,91.1765,24.0588,10^-5.07159,,,,,[35572],0
35572,1,1260852,Pseudolycoriella hygida,"",eukaryota,false,,,,,,,,,,,,,,,,1.845477916902689,17,,,91.1765,24.0588,10^-5.07159,,,,,,0
1250642,2,1250642,Rhogogaster,"",eukaryota,false,,,,0.4342300980947503,4,,,89.43,53.0,10^-15.5009,,,,,,,,,,,,,,,,,[1385029],0
1385029,1,1250642,Rhogogaster chlorosoma,"",eukaryota,false,,,,0.4342300980947503,4,,,89.43,53.0,10^-15.5009,,,,,,,,,,,,,,,,,,0
1234260,2,1234260,Didymodactylos,"",eukaryota,false,,,,,,,,,,,,,,,,0.10855752452368758,1,,,62.5,24.0,10^-3.90309,,,,,[1234261],0
1234261,1,1234260,Didymodactylos carnosus,"",eukaryota,false,,,,,,,,,,,,,,,,0.10855752452368758,1,,,62.5,24.0,10^-3.90309,,,,,,0
1229508,2,1229508,Fibrodontia,"",eukaryota,false,,,,0.10855752452368758,1,,,96.053,76.0,10^-35.2318,,,,,,,,,,,,,,,,,[2758448],0
2758448,1,1229508,Fibrodontia austrosinensis,"",eukaryota,false,,,,0.10855752452368758,1,,,96.053,76.0,10^-35.2318,,,,,,,,,,,,,,,,,,0
1223423,2,1223423,Neokomagataea,"",bacteria,false,,,,0.10855752452368758,1,,,100.0,76.0,10^-39.3489,,,,,,,,,,,,,,,,,[661191],0
661191,1,1223423,Neokomagataea tanensis,"",bacteria,false,,,,0.10855752452368758,1,,,100.0,76.0,10^-39.3489,,,,,,,,,,,,,,,,,,0
1219203,2,1219203,Sicus,"",eukaryota,false,,,,1.519805343331626,14,,,91.5132,57.0,10^-19.0992,,,,,,,,,,,,,,,,,[1219204],0
1219204,1,1219203,Sicus ferrugineus,"",eukaryota,false,,,,1.519805343331626,14,,,91.5132,57.0,10^-19.0992,,,,,,,,,,,,,,,,,,0
1217823,2,1217823,Xylona,"",eukaryota,false,,,,0.10855752452368758,1,,,93.617,47.0,10^-15.5412,,,,,,,,,,,,,,,,,[1217826],0
1217826,1,1217823,Xylona heveae,"",eukaryota,false,,,,0.10855752452368758,1,,,93.617,47.0,10^-15.5412,,,,,,,,,,,,,,,,,,0
1206353,2,1206353,Lizonia,"",eukaryota,false,,,,,,,,,,,,,,,,0.5427876226184379,5,,,95.86,24.4,10^-8.39334,,,,,[1496277],0
1496277,1,1206353,Lizonia empirigonia,"",eukaryota,false,,,,,,,,,,,,,,,,0.5427876226184379,5,,,95.86,24.4,10^-8.39334,,,,,,0
1193503,2,1193503,Gilliamella,"",bacteria,false,,,,0.759902671665813,7,,,96.6173,72.5714,10^-33.6845,,,,,,,,,,,,,,,,,"[2817969, 2704654, 1196095]",0
2817969,1,1193503,Gilliamella sp. B3022,"",bacteria,false,,,,0.10855752452368758,1,,,94.595,74.0,10^-32.4987,,,,,,,,,,,,,,,,,,0
2704654,1,1193503,Gilliamella sp. ESL0441,"",bacteria,false,,,,0.4342300980947503,4,,,97.1645,72.75,10^-34.3945,,,,,,,,,,,,,,,,,,0
1196095,1,1193503,Gilliamella apicola,"",bacteria,false,,,,0.21711504904737516,2,,,96.534,71.5,10^-32.8575,,,,,,,,,,,,,,,,,,0
1176129,2,1176129,Aulographum,"",eukaryota,false,,,,,,,,,,,,,,,,0.21711504904737516,2,,,100.0,24.0,10^-7.64116,,,,,[1176130],0
1176130,1,1176129,Aulographum hederae,"",eukaryota,false,,,,,,,,,,,,,,,,0.21711504904737516,2,,,100.0,24.0,10^-7.64116,,,,,,0
1159320,2,1159320,Belonocnema,"",eukaryota,false,,,,0.10855752452368758,1,,,90.909,55.0,10^-18.2176,,,,,,0.3256725735710627,3,,,90.6667,24.6667,10^-4.76639,,,,,[2817044],0
2817044,1,1159320,Belonocnema kinseyi,"",eukaryota,false,,,,0.10855752452368758,1,,,90.909,55.0,10^-18.2176,,,,,,0.3256725735710627,3,,,90.6667,24.6667,10^-4.76639,,,,,,0
1129544,2,1129544,Rhizophagus,"",eukaryota,false,,,,0.5427876226184379,5,,,91.3768,52.0,10^-16.7397,,,,,,5.9706638488028165,55,,,80.7907,45.6,10^-19.5659,,,,,[588596],0
588596,1,1129544,Rhizophagus irregularis,"",eukaryota,false,,,,0.5427876226184379,5,,,91.3768,52.0,10^-16.7397,,,,,,5.9706638488028165,55,,,80.7907,45.6,10^-19.5659,,,,,,0
1126249,2,1126249,Geranomyces,"",eukaryota,false,,,,,,,,,,,,,,,,0.10855752452368758,1,,,100.0,25.0,10^-10.8268,,,,,[109894],0
109894,1,1126249,Geranomyces variabilis,"",eukaryota,false,,,,,,,,,,,,,,,,0.10855752452368758,1,,,100.0,25.0,10^-10.8268,,,,,,0
1101165,2,1101165,Elegia,"",eukaryota,false,,,,0.4342300980947503,4,,,90.9648,54.0,10^-16.5332,,,,,,,,,,,,,,,,,[1101167],0
1101167,1,1101165,Elegia similella,"",eukaryota,false,,,,0.4342300980947503,4,,,90.9648,54.0,10^-16.5332,,,,,,,,,,,,,,,,,,0
1101109,2,1101109,Hypsopygia,"",eukaryota,false,,,,0.21711504904737516,2,,,94.175,58.5,10^-21.9852,,,,,,,,,,,,,,,,,[1101110],0
1101110,1,1101109,Hypsopygia costalis,"",eukaryota,false,,,,0.21711504904737516,2,,,94.175,58.5,10^-21.9852,,,,,,,,,,,,,,,,,,0
1101085,2,1101085,Athrips,"",eukaryota,false,,,,0.21711504904737516,2,,,94.536,45.5,10^-15.2124,,,,,,,,,,,,,,,,,[1101086],0
1101086,1,1101085,Athrips mouffetella,"",eukaryota,false,,,,0.21711504904737516,2,,,94.536,45.5,10^-15.2124,,,,,,,,,,,,,,,,,,0
1101079,2,1101079,Anarsia,"",eukaryota,false,,,,0.10855752452368758,1,,,92.982,57.0,10^-20.9469,,,,,,,,,,,,,,,,,[2566270],0
2566270,1,1101079,Anarsia innoxiella,"",eukaryota,false,,,,0.10855752452368758,1,,,92.982,57.0,10^-20.9469,,,,,,,,,,,,,,,,,,0
1101077,2,1101077,Teleiodes,"",eukaryota,false,,,,0.10855752452368758,1,,,98.0,50.0,10^-20.3176,,,,,,,,,,,,,,,,,[1101163],0
1101163,1,1101077,Teleiodes luculella,"",eukaryota,false,,,,0.10855752452368758,1,,,98.0,50.0,10^-20.3176,,,,,,,,,,,,,,,,,,0
1097133,2,1097133,Muesonia,"",eukaryota,false,,,,0.4342300980947503,4,,,85.8177,72.25,10^-22.7311,,,,,,,,,,,,,,,,,[1097134],0
1097134,1,1097133,Muesonia straminea,"",eukaryota,false,,,,0.4342300980947503,4,,,85.8177,72.25,10^-22.7311,,,,,,,,,,,,,,,,,,0
1096068,2,1096068,Poecilographa,"",eukaryota,false,,,,0.10855752452368758,1,,,97.368,76.0,10^-36.6042,,,,,,,,,,,,,,,,,[1096069],0
1096069,1,1096068,Poecilographa decora,"",eukaryota,false,,,,0.10855752452368758,1,,,97.368,76.0,10^-36.6042,,,,,,,,,,,,,,,,,,0
1093071,2,1093071,Phorcus,"",eukaryota,false,,,,0.10855752452368758,1,,,97.368,38.0,10^-12.2026,,,,,,,,,,,,,,,,,[1620919],0
1620919,1,1093071,Phorcus lineatus,"",eukaryota,false,,,,0.10855752452368758,1,,,97.368,38.0,10^-12.2026,,,,,,,,,,,,,,,,,,0
1079922,2,1079922,Commensalibacter,"",bacteria,false,,,,,,,,,,,,,,,,0.21711504904737516,2,,,93.9,24.5,10^-5.75552,,,,,[2972786],0
2972786,1,1079922,Commensalibacter communis,"",bacteria,false,,,,,,,,,,,,,,,,0.21711504904737516,2,,,93.9,24.5,10^-5.75552,,,,,,0
1079112,2,1079112,Ilyonectria,"",eukaryota,false,,,,,,,,,,,,,,,,0.10855752452368758,1,,,87.5,24.0,10^-5.78516,,,,,[1755430],0
1755430,1,1079112,Ilyonectria sp.,"",eukaryota,false,,,,,,,,,,,,,,,,0.10855752452368758,1,,,87.5,24.0,10^-5.78516,,,,,,0
1052683,2,1052683,Obba,"",eukaryota,false,,,,,,,,,,,,,,,,0.10855752452368758,1,,,100.0,25.0,10^-9.55752,,,,,[1052685],0
1052685,1,1052683,Obba rivulosa,"",eukaryota,false,,,,,,,,,,,,,,,,0.10855752452368758,1,,,100.0,25.0,10^-9.55752,,,,,,0
1052105,2,1052105,Purpureocillium,"",eukaryota,false,,,,0.3256725735710627,3,,,100.0,76.0,10^-39.3489,,,,,,,,,,,,,,,,,"[2060973, 1247861, 33203]",0
2060973,1,1052105,Purpureocillium takamizusanense,"",eukaryota,false,,,,0.10855752452368758,1,,,100.0,76.0,10^-39.3489,,,,,,,,,,,,,,,,,,0
1247861,1,1052105,Purpureocillium lavendulum,"",eukaryota,false,,,,0.10855752452368758,1,,,100.0,76.0,10^-39.3489,,,,,,,,,,,,,,,,,,0
33203,1,1052105,Purpureocillium lilacinum,"",eukaryota,false,,,,0.10855752452368758,1,,,100.0,76.0,10^-39.3489,,,,,,,,,,,,,,,,,,0
1047167,2,1047167,Zymoseptoria,"",eukaryota,false,,,,0.21711504904737516,2,,,100.0,76.0,10^-39.3489,,,,,,,,,,,,,,,,,[1047171],0
1047171,1,1047167,Zymoseptoria tritici,"",eukaryota,false,,,,0.21711504904737516,2,,,100.0,76.0,10^-39.3489,,,,,,,,,,,,,,,,,,0
1046314,2,1046314,Bimastos,"",eukaryota,false,,,,0.21711504904737516,2,,,89.41,62.0,10^-20.915,,,,,,,,,,,,,,,,,[320977],0
320977,1,1046314,Bimastos eiseni,"",eukaryota,false,,,,0.21711504904737516,2,,,89.41,62.0,10^-20.915,,,,,,,,,,,,,,,,,,0
1017280,2,1017280,Pseudoflavonifractor,"",bacteria,false,,,,,,,,,,,,,,,,0.10855752452368758,1,,,90.5,21.0,10^-6.07263,,,,,[106588],0
106588,1,1017280,Pseudoflavonifractor capillosus,"",bacteria,false,,,,,,,,,,,,,,,,0.10855752452368758,1,,,90.5,21.0,10^-6.07263,,,,,,0
1007428,2,1007428,Lissoblemma,"",eukaryota,false,,,,,,,,,,,,,,,,0.21711504904737516,2,,,97.9,24.5,10^-7.89452,,,,,[1007429],0
1007429,1,1007428,Lissoblemma hamularia,"",eukaryota,false,,,,,,,,,,,,,,,,0.21711504904737516,2,,,97.9,24.5,10^-7.89452,,,,,,0
1004730,2,1004730,Conogethes,"",eukaryota,false,,,,0.21711504904737516,2,,,89.1255,55.0,10^-16.8499,,,,,,,,,,,,,,,,,[1133088],0
1133088,1,1004730,Conogethes punctiferalis,"",eukaryota,false,,,,0.21711504904737516,2,,,89.1255,55.0,10^-16.8499,,,,,,,,,,,,,,,,,,0
1003337,2,1003337,Angomonas,"",eukaryota,false,,,,0.10855752452368758,1,,,96.61,59.0,10^-25.049,,,,,,,,,,,,,,,,,[59799],0
59799,1,1003337,Angomonas deanei,"",eukaryota,false,,,,0.10855752452368758,1,,,96.61,59.0,10^-25.049,,,,,,,,,,,,,,,,,,0
1003010,2,1003010,Strigomonas,"",eukaryota,false,,,,1.845477916902689,17,,,95.0058,198.118,10^-85.5207,,,,,,,,,,,,,,,,,"[1003336, 28005, 5657]",0
1003336,1,1003010,Strigomonas galati,"",eukaryota,false,,,,1.3026902942842509,12,,,96.016,251.0,10^-109.091,,,,,,,,,,,,,,,,,,0
28005,1,1003010,Strigomonas culicis,"",eukaryota,false,,,,0.4342300980947503,4,,,90.7265,70.0,10^-26.3526,,,,,,,,,,,,,,,,,,0
5657,1,1003010,Strigomonas oncopelti,"",eukaryota,false,,,,0.10855752452368758,1,,,100.0,76.0,10^-39.3489,,,,,,,,,,,,,,,,,,0
989881,2,989881,Apomyelois,"",eukaryota,false,,,,0.10855752452368758,1,,,94.828,58.0,10^-22.9979,,,,,,,,,,,,,,,,,[1666458],0
1666458,1,989881,Apomyelois bistriatella,"",eukaryota,false,,,,0.10855752452368758,1,,,94.828,58.0,10^-22.9979,,,,,,,,,,,,,,,,,,0
988175,2,988175,Drymonia,"",eukaryota,false,,,,0.3256725735710627,3,,,95.7573,39.0,10^-11.9632,,,,,,,,,,,,,,,,,[988178],0
988178,1,988175,Drymonia ruficornis,"",eukaryota,false,,,,0.3256725735710627,3,,,95.7573,39.0,10^-11.9632,,,,,,,,,,,,,,,,,,0
988161,2,988161,Tiliacea,"",eukaryota,false,,,,0.3256725735710627,3,,,90.8407,45.0,10^-12.822,,,,,,,,,,,,,,,,,[988162],0
988162,1,988161,Tiliacea aurago,"",eukaryota,false,,,,0.3256725735710627,3,,,90.8407,45.0,10^-12.822,,,,,,,,,,,,,,,,,,0
988123,2,988123,Hecatera,"",eukaryota,false,,,,0.10855752452368758,1,,,84.127,63.0,10^-16.7863,,,,,,,,,,,,,,,,,[988125],0
988125,1,988123,Hecatera dysodea,"",eukaryota,false,,,,0.10855752452368758,1,,,84.127,63.0,10^-16.7863,,,,,,,,,,,,,,,,,,0
988105,2,988105,Dryobotodes,"",eukaryota,false,,,,0.3256725735710627,3,,,93.143,49.0,10^-15.543,,,,,,,,,,,,,,,,,[988106],0
988106,1,988105,Dryobotodes eremita,"",eukaryota,false,,,,0.3256725735710627,3,,,93.143,49.0,10^-15.543,,,,,,,,,,,,,,,,,,0
988088,2,988088,Cerastis,"",eukaryota,false,,,,0.21711504904737516,2,,,91.886,37.0,10^-8.78337,,,,,,,,,,,,,,,,,[988089],0
988089,1,988088,Cerastis rubricosa,"",eukaryota,false,,,,0.21711504904737516,2,,,91.886,37.0,10^-8.78337,,,,,,,,,,,,,,,,,,0
988070,2,988070,Atethmia,"",eukaryota,false,,,,0.10855752452368758,1,,,86.111,36.0,10^-5.36418,,,,,,,,,,,,,,,,,[988071],0
988071,1,988070,Atethmia centrago,"",eukaryota,false,,,,0.10855752452368758,1,,,86.111,36.0,10^-5.36418,,,,,,,,,,,,,,,,,,0
988068,2,988068,Asteroscopus,"",eukaryota,false,,,,0.10855752452368758,1,,,100.0,38.0,10^-13.5749,,,,,,,,,,,,,,,,,[988069],0
988069,1,988068,Asteroscopus sphinx,"",eukaryota,false,,,,0.10855752452368758,1,,,100.0,38.0,10^-13.5749,,,,,,,,,,,,,,,,,,0
988063,2,988063,Aporophyla,"",eukaryota,false,,,,0.10855752452368758,1,,,94.872,39.0,10^-11.5051,,,,,,,,,,,,,,,,,[988065],0
988065,1,988063,Aporophyla nigra,"",eukaryota,false,,,,0.10855752452368758,1,,,94.872,39.0,10^-11.5051,,,,,,,,,,,,,,,,,,0
988055,2,988055,Allophyes,"",eukaryota,false,,,,0.21711504904737516,2,,,84.746,59.0,10^-15.4424,,,,,,,,,,,,,,,,,[988056],0
988056,1,988055,Allophyes oxyacanthae,"",eukaryota,false,,,,0.21711504904737516,2,,,84.746,59.0,10^-15.4424,,,,,,,,,,,,,,,,,,0
987474,2,987474,Charanyca,"",eukaryota,false,,,,0.21711504904737516,2,,,82.9705,59.0,10^-13.389,,,,,,,,,,,,,,,,,[987475],0
987475,1,987474,Charanyca ferruginea,"",eukaryota,false,,,,0.21711504904737516,2,,,82.9705,59.0,10^-13.389,,,,,,,,,,,,,,,,,,0
987465,2,987465,Shargacucullia,"",eukaryota,false,,,,0.10855752452368758,1,,,84.746,59.0,10^-15.4424,,,,,,,,,,,,,,,,,[987469],0
987469,1,987465,Shargacucullia verbasci,"",eukaryota,false,,,,0.10855752452368758,1,,,84.746,59.0,10^-15.4424,,,,,,,,,,,,,,,,,,0
987457,2,987457,Fissipunctia,"",eukaryota,false,,,,0.9770177207131882,9,,,91.5741,64.6667,10^-24.0268,,,,,,,,,,,,,,,,,[987458],0
987458,1,987457,Fissipunctia ypsillon,"",eukaryota,false,,,,0.9770177207131882,9,,,91.5741,64.6667,10^-24.0268,,,,,,,,,,,,,,,,,,0
980548,2,980548,Plectolyngbya,"",bacteria,false,,,,0.10855752452368758,1,,,94.737,76.0,10^-33.8595,,,,,,,,,,,,,,,,,[3016457],0
3016457,1,980548,Plectolyngbya terrestris,"",bacteria,false,,,,0.10855752452368758,1,,,94.737,76.0,10^-33.8595,,,,,,,,,,,,,,,,,,0
946290,2,946290,Tholera,"",eukaryota,false,,,,0.10855752452368758,1,,,86.842,76.0,10^-25.6252,,,,,,,,,,,,,,,,,[988041],0
988041,1,946290,Tholera decimalis,"",eukaryota,false,,,,0.10855752452368758,1,,,86.842,76.0,10^-25.6252,,,,,,,,,,,,,,,,,,0
941766,2,941766,Abrothallus,"",eukaryota,false,,,,0.10855752452368758,1,,,98.667,75.0,10^-37.2961,,,,,,,,,,,,,,,,,[2714027],0
2714027,1,941766,Abrothallus subhalei,"",eukaryota,false,,,,0.10855752452368758,1,,,98.667,75.0,10^-37.2961,,,,,,,,,,,,,,,,,,0
941096,2,941096,Trilocha,"",eukaryota,false,,,,0.10855752452368758,1,,,90.244,41.0,10^-10.111,,,,,,,,,,,,,,,,,[941097],0
941097,1,941096,Trilocha varians,"",eukaryota,false,,,,0.10855752452368758,1,,,90.244,41.0,10^-10.111,,,,,,,,,,,,,,,,,,0
938237,2,938237,Laspeyria,"",eukaryota,false,,,,0.3256725735710627,3,,,78.263,71.6667,10^-13.0845,,,,,,,,,,,,,,,,,[938238],0
938238,1,938237,Laspeyria flexula,"",eukaryota,false,,,,0.3256725735710627,3,,,78.263,71.6667,10^-13.0845,,,,,,,,,,,,,,,,,,0
938225,2,938225,Craniophora,"",eukaryota,false,,,,0.21711504904737516,2,,,91.9555,49.0,10^-15.5289,,,,,,,,,,,,,,,,,[938226],0
938226,1,938225,Craniophora ligustri,"",eukaryota,false,,,,0.21711504904737516,2,,,91.9555,49.0,10^-15.5289,,,,,,,,,,,,,,,,,,0
934944,2,934944,Lampropteryx,"",eukaryota,false,,,,0.4342300980947503,4,,,87.9165,57.25,10^-17.6977,,,,,,,,,,,,,,,,,[934945],0
934945,1,934944,Lampropteryx suffumata,"",eukaryota,false,,,,0.4342300980947503,4,,,87.9165,57.25,10^-17.6977,,,,,,,,,,,,,,,,,,0
934941,2,934941,Hemistola,"",eukaryota,false,,,,0.21711504904737516,2,,,90.025,56.5,10^-17.8904,,,,,,,,,,,,,,,,,[934942],0
934942,1,934941,Hemistola chrysoprasaria,"",eukaryota,false,,,,0.21711504904737516,2,,,90.025,56.5,10^-17.8904,,,,,,,,,,,,,,,,,,0
934939,2,934939,Gymnoscelis,"",eukaryota,false,,,,0.21711504904737516,2,,,90.9505,43.5,10^-11.8043,,,,,,,,,,,,,,,,,[934940],0
934940,1,934939,Gymnoscelis rufifasciata,"",eukaryota,false,,,,0.21711504904737516,2,,,90.9505,43.5,10^-11.8043,,,,,,,,,,,,,,,,,,0
934937,2,934937,Gandaritis,"",eukaryota,false,,,,0.21711504904737516,2,,,91.511,69.0,10^-26.3556,,,,,,,,,,,,,,,,,[934938],0
934938,1,934937,Gandaritis pyraliata,"",eukaryota,false,,,,0.21711504904737516,2,,,91.511,69.0,10^-26.3556,,,,,,,,,,,,,,,,,,0
934935,2,934935,Electrophaes,"",eukaryota,false,,,,0.10855752452368758,1,,,94.444,36.0,10^-9.48129,,,,,,,,,,,,,,,,,[934936],0
934936,1,934935,Electrophaes corylata,"",eukaryota,false,,,,0.10855752452368758,1,,,94.444,36.0,10^-9.48129,,,,,,,,,,,,,,,,,,0
934916,2,934916,Aplocera,"",eukaryota,false,,,,0.3256725735710627,3,,,100.0,38.6667,10^-14.0249,,,,,,,,,,,,,,,,,[934917],0
934917,1,934916,Aplocera efformata,"",eukaryota,false,,,,0.3256725735710627,3,,,100.0,38.6667,10^-14.0249,,,,,,,,,,,,,,,,,,0
934914,2,934914,Apeira,"",eukaryota,false,,,,0.21711504904737516,2,,,86.47,71.0,10^-22.9102,,,,,,,,,,,,,,,,,[934915],0
934915,1,934914,Apeira syringaria,"",eukaryota,false,,,,0.21711504904737516,2,,,86.47,71.0,10^-22.9102,,,,,,,,,,,,,,,,,,0
934907,2,934907,Camptogramma,"",eukaryota,false,,,,0.8684601961895007,8,,,90.476,47.75,10^-13.8309,,,,,,,,,,,,,,,,,[934908],0
934908,1,934907,Camptogramma bilineatum,"",eukaryota,false,,,,0.8684601961895007,8,,,90.476,47.75,10^-13.8309,,,,,,,,,,,,,,,,,,0
931517,2,931517,Microchrysa,"",eukaryota,false,,,,0.9770177207131882,9,,,91.5956,52.0,10^-16.9564,,,,,,,,,,,,,,,,,[931518],0
931518,1,931517,Microchrysa polita,"",eukaryota,false,,,,0.9770177207131882,9,,,91.5956,52.0,10^-16.9564,,,,,,,,,,,,,,,,,,0
903437,2,903437,Afrozavrelia,"",eukaryota,false,,,,,,,,,,,,,,,,0.21711504904737516,2,,,95.9,24.5,10^-5.17446,,,,,[903438],0
903438,1,903437,Afrozavrelia kribiensis,"",eukaryota,false,,,,,,,,,,,,,,,,0.21711504904737516,2,,,95.9,24.5,10^-5.17446,,,,,,0
882791,2,882791,Luperina,"",eukaryota,false,,,,0.10855752452368758,1,,,89.831,59.0,10^-19.5595,,,,,,,,,,,,,,,,,[988174],0
988174,1,882791,Luperina testacea,"",eukaryota,false,,,,0.10855752452368758,1,,,89.831,59.0,10^-19.5595,,,,,,,,,,,,,,,,,,0
875923,2,875923,Hoplodrina,"",eukaryota,false,,,,0.3256725735710627,3,,,86.8973,42.6667,10^-8.9509,,,,,,,,,,,,,,,,,[987956],0
987956,1,875923,Hoplodrina blanda,"",eukaryota,false,,,,0.3256725735710627,3,,,86.8973,42.6667,10^-8.9509,,,,,,,,,,,,,,,,,,0
873511,2,873511,Philereme,"",eukaryota,false,,,,0.21711504904737516,2,,,93.3395,51.5,10^-17.9033,,,,,,,,,,,,,,,,,[934888],0
934888,1,873511,Philereme vetulata,"",eukaryota,false,,,,0.21711504904737516,2,,,93.3395,51.5,10^-17.9033,,,,,,,,,,,,,,,,,,0
868094,2,868094,Alitta,"",eukaryota,false,,,,0.21711504904737516,2,,,84.6685,68.5,10^-19.8383,,,,,,,,,,,,,,,,,[880429],0
880429,1,868094,Alitta virens,"",eukaryota,false,,,,0.21711504904737516,2,,,84.6685,68.5,10^-19.8383,,,,,,,,,,,,,,,,,,0
798408,2,798408,Locris,"",eukaryota,false,,,,0.10855752452368758,1,,,100.0,76.0,10^-39.3489,,,,,,,,,,,,,,,,,[2918224],0
2918224,1,798408,Locris vicina,"",eukaryota,false,,,,0.10855752452368758,1,,,100.0,76.0,10^-39.3489,,,,,,,,,,,,,,,,,,0
796970,2,796970,Diphtheroptila,"",eukaryota,false,,,,0.10855752452368758,1,,,97.368,76.0,10^-36.6042,,,,,,,,,,,,,,,,,[796972],0
796972,1,796970,Diphtheroptila sp. 2 ex Glochidion philippicum/Glochidion rubrum,"",eukaryota,false,,,,0.10855752452368758,1,,,97.368,76.0,10^-36.6042,,,,,,,,,,,,,,,,,,0
766733,2,766733,Scheffersomyces,"",eukaryota,false,,,,0.10855752452368758,1,,,92.958,71.0,10^-29.0857,,,,,,,,,,,,,,,,,[4924],0
4924,1,766733,Scheffersomyces stipitis,"",eukaryota,false,,,,0.10855752452368758,1,,,92.958,71.0,10^-29.0857,,,,,,,,,,,,,,,,,,0
764672,2,764672,Papuella,"",eukaryota,false,,,,0.10855752452368758,1,,,94.737,38.0,10^-10.8302,,,,,,,,,,,,,,,,,[2055486],0
2055486,1,764672,Papuella sp. CSR095,"",eukaryota,false,,,,0.10855752452368758,1,,,94.737,38.0,10^-10.8302,,,,,,,,,,,,,,,,,,0
756392,2,756392,Pterosiphonia,"",eukaryota,false,,,,0.10855752452368758,1,,,88.889,45.0,10^-11.4429,,,,,,,,,,,,,,,,,[884089],0
884089,1,756392,Pterosiphonia complanata,"",eukaryota,false,,,,0.10855752452368758,1,,,88.889,45.0,10^-11.4429,,,,,,,,,,,,,,,,,,0
753482,2,753482,Achlya,"",eukaryota,false,,,,0.3256725735710627,3,,,91.0673,61.6667,10^-21.8386,,,,,,,,,,,,,,,,,[753485],0
753485,1,753482,Achlya flavicornis,"",eukaryota,false,,,,0.3256725735710627,3,,,91.0673,61.6667,10^-21.8386,,,,,,,,,,,,,,,,,,0
753440,2,753440,Trisateles,"",eukaryota,false,,,,0.10855752452368758,1,,,86.111,36.0,10^-5.36418,,,,,,,,,,,,,,,,,[753441],0
753441,1,753440,Trisateles emortualis,"",eukaryota,false,,,,0.10855752452368758,1,,,86.111,36.0,10^-5.36418,,,,,,,,,,,,,,,,,,0
753424,2,753424,Stenoptilia,"",eukaryota,false,,,,0.21711504904737516,2,,,92.4925,55.0,10^-18.9314,,,,,,,,,,,,,,,,,[1660692],0
1660692,1,753424,Stenoptilia bipunctidactyla,"",eukaryota,false,,,,0.21711504904737516,2,,,92.4925,55.0,10^-18.9314,,,,,,,,,,,,,,,,,,0
753412,2,753412,Proditrix,"",eukaryota,false,,,,,,,,,,,,,,,,0.10855752452368758,1,,,100.0,24.0,10^-4.79317,,,,,[753413],0
753413,1,753412,Proditrix gahniae,"",eukaryota,false,,,,,,,,,,,,,,,,0.10855752452368758,1,,,100.0,24.0,10^-4.79317,,,,,,0
753374,2,753374,Nematopogon,"",eukaryota,false,,,,0.21711504904737516,2,,,93.315,56.0,10^-19.6087,,,,,,,,,,,,,,,,,[753375],0
753375,1,753374,Nematopogon swammerdamellus,"",eukaryota,false,,,,0.21711504904737516,2,,,93.315,56.0,10^-19.6087,,,,,,,,,,,,,,,,,,0
753370,2,753370,Musotima,"",eukaryota,false,,,,0.10855752452368758,1,,,94.643,56.0,10^-21.6407,,,,,,,,,,,,,,,,,[753371],0
753371,1,753370,Musotima nitidalis,"",eukaryota,false,,,,0.10855752452368758,1,,,94.643,56.0,10^-21.6407,,,,,,,,,,,,,,,,,,0
753337,2,753337,Hapsifera,"",eukaryota,false,,,,,,,,,,,,,,,,0.10855752452368758,1,,,100.0,24.0,10^-5.07263,,,,,[1181355],0
1181355,1,753337,Hapsifera sp. Haps,"",eukaryota,false,,,,,,,,,,,,,,,,0.10855752452368758,1,,,100.0,24.0,10^-5.07263,,,,,,0
748770,2,748770,Dolichospermum,"",bacteria,false,,,,,,,,,,,,,,,,0.10855752452368758,1,,,91.7,24.0,10^-4.48017,,,,,[136072],0
136072,1,748770,Dolichospermum planctonicum,"",bacteria,false,,,,,,,,,,,,,,,,0.10855752452368758,1,,,91.7,24.0,10^-4.48017,,,,,,0
722672,2,722672,Hylaea,"",eukaryota,false,,,,0.10855752452368758,1,,,93.478,46.0,10^-14.8643,,,,,,,,,,,,,,,,,[722673],0
722673,1,722672,Hylaea fasciaria,"",eukaryota,false,,,,0.10855752452368758,1,,,93.478,46.0,10^-14.8643,,,,,,,,,,,,,,,,,,0
721912,2,721912,Xanthia,"",eukaryota,false,,,,0.10855752452368758,1,,,85.366,41.0,10^-7.36626,,,,,,,,,,,,,,,,,[987434],0
987434,1,721912,Xanthia icteritia,"",eukaryota,false,,,,0.10855752452368758,1,,,85.366,41.0,10^-7.36626,,,,,,,,,,,,,,,,,,0
721164,2,721164,Watsonalla,"",eukaryota,false,,,,0.10855752452368758,1,,,93.478,46.0,10^-14.8643,,,,,,,,,,,,,,,,,[721165],0
721165,1,721164,Watsonalla binaria,"",eukaryota,false,,,,0.10855752452368758,1,,,93.478,46.0,10^-14.8643,,,,,,,,,,,,,,,,,,0
721155,2,721155,Ochropacha,"",eukaryota,false,,,,0.10855752452368758,1,,,91.667,36.0,10^-8.10892,,,,,,,,,,,,,,,,,[721156],0
721156,1,721155,Ochropacha duplaris,"",eukaryota,false,,,,0.10855752452368758,1,,,91.667,36.0,10^-8.10892,,,,,,,,,,,,,,,,,,0
710235,2,710235,Nylanderia,"",eukaryota,false,,,,0.10855752452368758,1,,,94.737,38.0,10^-10.8302,,,,,,0.10855752452368758,1,,,100.0,25.0,10^-6.21112,,,,,[613905],0
613905,1,710235,Nylanderia fulva,"",eukaryota,false,,,,0.10855752452368758,1,,,94.737,38.0,10^-10.8302,,,,,,0.10855752452368758,1,,,100.0,25.0,10^-6.21112,,,,,,0
708062,2,708062,Protodeltote,"",eukaryota,false,,,,0.21711504904737516,2,,,91.649,54.5,10^-17.8903,,,,,,,,,,,,,,,,,[708063],0
708063,1,708062,Protodeltote pygarga,"",eukaryota,false,,,,0.21711504904737516,2,,,91.649,54.5,10^-17.8903,,,,,,,,,,,,,,,,,,0
705913,2,705913,Trichonis,"",eukaryota,false,,,,,,,,,,,,,,,,0.21711504904737516,2,,,100.0,24.0,10^-7.78037,,,,,[2820635],0
2820635,1,705913,Trichonis immaculata,"",eukaryota,false,,,,,,,,,,,,,,,,0.21711504904737516,2,,,100.0,24.0,10^-7.78037,,,,,,0
705904,2,705904,Symbiopsis,"",eukaryota,false,,,,0.10855752452368758,1,,,82.192,73.0,10^-19.4671,,,,,,,,,,,,,,,,,[2820621],0
2820621,1,705904,Symbiopsis strenua,"",eukaryota,false,,,,0.10855752452368758,1,,,82.192,73.0,10^-19.4671,,,,,,,,,,,,,,,,,,0
705886,2,705886,Nesiostrymon,"",eukaryota,false,,,,,,,,,,,,,,,,0.10855752452368758,1,,,100.0,24.0,10^-4.74958,,,,,[2049146],0
2049146,1,705886,Nesiostrymon calchinia,"",eukaryota,false,,,,,,,,,,,,,,,,0.10855752452368758,1,,,100.0,24.0,10^-4.74958,,,,,,0
705872,2,705872,Iaspis,"",eukaryota,false,,,,,,,,,,,,,,,,0.10855752452368758,1,,,100.0,24.0,10^-6.87615,,,,,[2820579],0
2820579,1,705872,Iaspis temesa,"",eukaryota,false,,,,,,,,,,,,,,,,0.10855752452368758,1,,,100.0,24.0,10^-6.87615,,,,,,0
705868,2,705868,Eumaeus,"",eukaryota,false,,,,,,,,,,,,,,,,0.10855752452368758,1,,,100.0,25.0,10^-10.4342,,,,,[2056227],0
2056227,1,705868,Eumaeus atala,"",eukaryota,false,,,,,,,,,,,,,,,,0.10855752452368758,1,,,100.0,25.0,10^-10.4342,,,,,,0
705866,2,705866,Enos,"",eukaryota,false,,,,,,,,,,,,,,,,0.10855752452368758,1,,,100.0,24.0,10^-7.49214,,,,,[2049109],0
2049109,1,705866,Enos thara,"",eukaryota,false,,,,,,,,,,,,,,,,0.10855752452368758,1,,,100.0,24.0,10^-7.49214,,,,,,0
705865,2,705865,Electrostrymon,"",eukaryota,false,,,,,,,,,,,,,,,,0.10855752452368758,1,,,95.8,24.0,10^-5.02045,,,,,[2820569],0
2820569,1,705865,Electrostrymon angerona,"",eukaryota,false,,,,,,,,,,,,,,,,0.10855752452368758,1,,,95.8,24.0,10^-5.02045,,,,,,0
705787,2,705787,Michaelus,"",eukaryota,false,,,,0.10855752452368758,1,,,81.944,72.0,10^-18.7869,,,,,,,,,,,,,,,,,[2820596],0
2820596,1,705787,Michaelus ira,"",eukaryota,false,,,,0.10855752452368758,1,,,81.944,72.0,10^-18.7869,,,,,,,,,,,,,,,,,,0
704816,2,704816,Opisthograptis,"",eukaryota,false,,,,2.4968230640448144,23,,,95.589,47.1739,10^-10.3091,,,,,,,,,,,,,,,,,[934882],0
934882,1,704816,Opisthograptis luteolata,"",eukaryota,false,,,,2.4968230640448144,23,,,95.589,47.1739,10^-10.3091,,,,,,,,,,,,,,,,,,0
704699,2,704699,Crocallis,"",eukaryota,false,,,,0.21711504904737516,2,,,95.275,41.0,10^-12.8569,,,,,,,,,,,,,,,,,[934829],0
934829,1,704699,Crocallis elinguaria,"",eukaryota,false,,,,0.21711504904737516,2,,,95.275,41.0,10^-12.8569,,,,,,,,,,,,,,,,,,0
704302,2,704302,Eois,"",eukaryota,false,,,,,,,,,,,,,,,,0.5427876226184379,5,,,100.0,24.4,10^-7.94514,,,,,"[1120071, 1120055, 1120052]",0
1120071,1,704302,Eois sp. tinta china,"",eukaryota,false,,,,,,,,,,,,,,,,0.21711504904737516,2,,,100.0,24.0,10^-7.83561,,,,,,0
1120055,1,704302,Eois sp. guacamayos cat,"",eukaryota,false,,,,,,,,,,,,,,,,0.10855752452368758,1,,,100.0,25.0,10^-8.84164,,,,,,0
1120052,1,704302,Eois sp. frog eyes,"",eukaryota,false,,,,,,,,,,,,,,,,0.21711504904737516,2,,,100.0,24.5,10^-7.60642,,,,,,0
702716,2,702716,Tuta,"",eukaryota,false,,,,,,,,,,,,,,,,0.3256725735710627,3,,,90.3333,24.6667,10^-6.57007,,,,,[702717],0
702717,1,702716,Tuta absoluta,"",eukaryota,false,,,,,,,,,,,,,,,,0.3256725735710627,3,,,90.3333,24.6667,10^-6.57007,,,,,,0
699804,2,699804,Porotachys,"",eukaryota,false,,,,0.10855752452368758,1,,,90.411,73.0,10^-27.7013,,,,,,,,,,,,,,,,,[2493284],0
2493284,1,699804,Porotachys luxus,"",eukaryota,false,,,,0.10855752452368758,1,,,90.411,73.0,10^-27.7013,,,,,,,,,,,,,,,,,,0
697304,2,697304,Paramacrobiotus,"",eukaryota,false,,,,,,,,,,,,,,,,0.10855752452368758,1,,,92.0,25.0,10^-5.11634,,,,,[2943436],0
2943436,1,697304,Paramacrobiotus metropolitanus,"",eukaryota,false,,,,,,,,,,,,,,,,0.10855752452368758,1,,,92.0,25.0,10^-5.11634,,,,,,0
695099,2,695099,Callimorpha,"",eukaryota,false,,,,0.10855752452368758,1,,,94.444,36.0,10^-9.48129,,,,,,,,,,,,,,,,,[938182],0
938182,1,695099,Callimorpha dominula,"",eukaryota,false,,,,0.10855752452368758,1,,,94.444,36.0,10^-9.48129,,,,,,,,,,,,,,,,,,0
694848,2,694848,Cybosia,"",eukaryota,false,,,,0.10855752452368758,1,,,87.719,57.0,10^-16.8298,,,,,,,,,,,,,,,,,[987918],0
987918,1,694848,Cybosia mesomella,"",eukaryota,false,,,,0.10855752452368758,1,,,87.719,57.0,10^-16.8298,,,,,,,,,,,,,,,,,,0
694657,2,694657,Miltochrista,"",eukaryota,false,,,,0.6513451471421254,6,,,90.4865,48.6667,10^-13.4776,,,,,,,,,,,,,,,,,[987980],0
987980,1,694657,Miltochrista miniata,"",eukaryota,false,,,,0.6513451471421254,6,,,90.4865,48.6667,10^-13.4776,,,,,,,,,,,,,,,,,,0
691882,2,691882,Fonticula,"",eukaryota,false,,,,0.759902671665813,7,,,91.0733,53.5714,10^-17.6524,,,,,,,,,,,,,,,,,[691883],0
691883,1,691882,Fonticula alba,"",eukaryota,false,,,,0.759902671665813,7,,,91.0733,53.5714,10^-17.6524,,,,,,,,,,,,,,,,,,0
691684,2,691684,Zelleria,"",eukaryota,false,,,,0.4342300980947503,4,,,92.8317,59.25,10^-22.1309,,,,,,,,,,,,,,,,,[1594360],0
1594360,1,691684,Zelleria hepariella,"",eukaryota,false,,,,0.4342300980947503,4,,,92.8317,59.25,10^-22.1309,,,,,,,,,,,,,,,,,,0
689302,2,689302,Agrochola,"",eukaryota,false,,,,0.4342300980947503,4,,,91.4542,40.75,10^-10.6293,,,,,,,,,,,,,,,,,"[987872, 987870, 987866]",0
987872,1,689302,Agrochola macilenta,"",eukaryota,false,,,,0.10855752452368758,1,,,92.105,38.0,10^-9.45781,,,,,,,,,,,,,,,,,,0
987870,1,689302,Agrochola lota,"",eukaryota,false,,,,0.21711504904737516,2,,,90.8035,43.5,10^-11.8008,,,,,,,,,,,,,,,,,,0
987866,1,689302,Agrochola circellaris,"",eukaryota,false,,,,0.10855752452368758,1,,,92.105,38.0,10^-9.45781,,,,,,,,,,,,,,,,,,0
689300,2,689300,Petrophora,"",eukaryota,false,,,,0.10855752452368758,1,,,95.0,40.0,10^-12.1803,,,,,,,,,,,,,,,,,[875879],0
875879,1,689300,Petrophora chlorosata,"",eukaryota,false,,,,0.10855752452368758,1,,,95.0,40.0,10^-12.1803,,,,,,,,,,,,,,,,,,0
689152,2,689152,Anticlea,"",eukaryota,false,,,,0.21711504904737516,2,,,94.5,45.0,10^-14.8756,,,,,,,,,,,,,,,,,[934824],0
934824,1,689152,Anticlea derivata,"",eukaryota,false,,,,0.21711504904737516,2,,,94.5,45.0,10^-14.8756,,,,,,,,,,,,,,,,,,0
688988,2,688988,Esperia,"",eukaryota,false,,,,0.21711504904737516,2,,,88.4285,53.0,10^-15.4897,,,,,,,,,,,,,,,,,[2870497],0
2870497,1,688988,Esperia sulphurella,"",eukaryota,false,,,,0.21711504904737516,2,,,88.4285,53.0,10^-15.4897,,,,,,,,,,,,,,,,,,0
688980,2,688980,Metalampra,"",eukaryota,false,,,,0.21711504904737516,2,,,91.412,63.0,10^-22.2838,,,,,,,,,,,,,,,,,[1101017],0
1101017,1,688980,Metalampra italica,"",eukaryota,false,,,,0.21711504904737516,2,,,91.412,63.0,10^-22.2838,,,,,,,,,,,,,,,,,,0
688933,2,688933,Henricus,"",eukaryota,false,,,,0.10855752452368758,1,,,93.421,76.0,10^-32.4871,,,,,,,,,,,,,,,,,[2680532],0
2680532,1,688933,Henricus umbrabasana,"",eukaryota,false,,,,0.10855752452368758,1,,,93.421,76.0,10^-32.4871,,,,,,,,,,,,,,,,,,0
688414,2,688414,Leucoma,"",eukaryota,false,,,,0.21711504904737516,2,,,95.866,50.0,10^-18.9524,,,,,,,,,,,,,,,,,[688415],0
688415,1,688414,Leucoma salicis,"",eukaryota,false,,,,0.21711504904737516,2,,,95.866,50.0,10^-18.9524,,,,,,,,,,,,,,,,,,0
688395,2,688395,Amphipoea,"",eukaryota,false,,,,0.21711504904737516,2,,,90.7185,56.5,10^-17.8904,,,,,,,,,,,,,,,,,"[987876, 987875]",0
987876,1,688395,Amphipoea oculea,"",eukaryota,false,,,,0.10855752452368758,1,,,94.595,37.0,10^-10.1556,,,,,,,,,,,,,,,,,,0
987875,1,688395,Amphipoea lucens,"",eukaryota,false,,,,0.10855752452368758,1,,,86.842,76.0,10^-25.6252,,,,,,,,,,,,,,,,,,0
687315,2,687315,Carpatolechia,"",eukaryota,false,,,,0.21711504904737516,2,,,89.4445,38.0,10^-8.08604,,,,,,,,,,,,,,,,,[687316],0
687316,1,687315,Carpatolechia fugitivella,"",eukaryota,false,,,,0.21711504904737516,2,,,89.4445,38.0,10^-8.08604,,,,,,,,,,,,,,,,,,0
687147,2,687147,Ypsolopha,"",eukaryota,false,,,,0.4342300980947503,4,,,90.6895,61.25,10^-21.4454,,,,,,,,,,,,,,,,,"[1870436, 1870435]",0
1870436,1,687147,Ypsolopha sequella,"",eukaryota,false,,,,0.21711504904737516,2,,,90.987,58.0,10^-19.5889,,,,,,,,,,,,,,,,,,0
1870435,1,687147,Ypsolopha scabrella,"",eukaryota,false,,,,0.21711504904737516,2,,,90.392,64.5,10^-23.3018,,,,,,,,,,,,,,,,,,0
687130,2,687130,Scrobipalpa,"",eukaryota,false,,,,0.4342300980947503,4,,,92.0277,48.0,10^-15.1975,,,,,,,,,,,,,,,,,[1858070],0
1858070,1,687130,Scrobipalpa costella,"",eukaryota,false,,,,0.4342300980947503,4,,,92.0277,48.0,10^-15.1975,,,,,,,,,,,,,,,,,,0
687121,2,687121,Pyralis,"",eukaryota,false,,,,0.10855752452368758,1,,,93.182,44.0,10^-13.5113,,,,,,,,,,,,,,,,,[687122],0
687122,1,687121,Pyralis farinalis,"",eukaryota,false,,,,0.10855752452368758,1,,,93.182,44.0,10^-13.5113,,,,,,,,,,,,,,,,,,0
687097,2,687097,Horisme,"",eukaryota,false,,,,0.21711504904737516,2,,,92.9125,62.0,10^-23.6682,,,,,,,,,,,,,,,,,[934869],0
934869,1,687097,Horisme vitalbata,"",eukaryota,false,,,,0.21711504904737516,2,,,92.9125,62.0,10^-23.6682,,,,,,,,,,,,,,,,,,0
687068,2,687068,Acrobasis,"",eukaryota,false,,,,0.3256725735710627,3,,,88.2353,70.6667,10^-24.2862,,,,,,,,,,,,,,,,,[1857951],0
1857951,1,687068,Acrobasis suavella,"",eukaryota,false,,,,0.3256725735710627,3,,,88.2353,70.6667,10^-24.2862,,,,,,,,,,,,,,,,,,0
687066,2,687066,Crambus,"",eukaryota,false,,,,0.10855752452368758,1,,,95.745,47.0,10^-16.9135,,,,,,,,,,,,,,,,,[1100958],0
1100958,1,687066,Crambus lathoniellus,"",eukaryota,false,,,,0.10855752452368758,1,,,95.745,47.0,10^-16.9135,,,,,,,,,,,,,,,,,,0
685409,2,685409,Monopis,"",eukaryota,false,,,,0.21711504904737516,2,,,90.1915,60.0,10^-20.2544,,,,,,,,,,,,,,,,,[691988],0
691988,1,685409,Monopis laevigella,"",eukaryota,false,,,,0.21711504904737516,2,,,90.1915,60.0,10^-20.2544,,,,,,,,,,,,,,,,,,0
685405,2,685405,Eurois,"",eukaryota,false,,,,0.10855752452368758,1,,,89.189,37.0,10^-7.41084,,,,,,,,,,,,,,,,,[987425],0
987425,1,685405,Eurois occulta,"",eukaryota,false,,,,0.10855752452368758,1,,,89.189,37.0,10^-7.41084,,,,,,,,,,,,,,,,,,0
682522,2,682522,Ilumatobacter,"",bacteria,false,,,,0.10855752452368758,1,,,94.737,76.0,10^-33.8595,,,,,,,,,,,,,,,,,[467094],0
467094,1,682522,Ilumatobacter coccineus,"",bacteria,false,,,,0.10855752452368758,1,,,94.737,76.0,10^-33.8595,,,,,,,,,,,,,,,,,,0
680682,2,680682,Amyelois,"",eukaryota,false,,,,0.10855752452368758,1,,,92.105,76.0,10^-31.1147,,,,,,0.3256725735710627,3,,,95.9,24.6667,10^-5.89182,,,,,[680683],0
680683,1,680682,Amyelois transitella,"",eukaryota,false,,,,0.10855752452368758,1,,,92.105,76.0,10^-31.1147,,,,,,0.3256725735710627,3,,,95.9,24.6667,10^-5.89182,,,,,,0
670516,2,670516,Mycobacteroides,"",bacteria,false,,,,,,,,,,,,,,,,0.10855752452368758,1,,,87.5,24.0,10^-6.11919,,,,,[36809],1
36809,1,670516,Mycobacteroides abscessus,"",bacteria,false,,,,,,,,,,,,,,,,0.10855752452368758,1,,,87.5,24.0,10^-6.11919,,,,,,1
655692,2,655692,Blastobasis,"",eukaryota,false,,,,0.6513451471421254,6,,,91.4978,52.3333,10^-16.885,,,,,,,,,,,,,,,,,"[2561016, 1869501]",0
2561016,1,655692,Blastobasis lacticolella,"",eukaryota,false,,,,0.4342300980947503,4,,,92.059,46.0,10^-13.8502,,,,,,,,,,,,,,,,,,0
1869501,1,655692,Blastobasis adustella,"",eukaryota,false,,,,0.21711504904737516,2,,,90.3755,65.0,10^-22.9547,,,,,,,,,,,,,,,,,,0
655070,2,655070,Lyssa,"",eukaryota,false,,,,0.10855752452368758,1,,,93.333,75.0,10^-31.8067,,,,,,0.10855752452368758,1,,,100.0,22.0,10^-5.21254,,,,,[655071],0
655071,1,655070,Lyssa zampa,"",eukaryota,false,,,,0.10855752452368758,1,,,93.333,75.0,10^-31.8067,,,,,,0.10855752452368758,1,,,100.0,22.0,10^-5.21254,,,,,,0
646295,2,646295,Zavrelimyia,"",eukaryota,false,,,,0.10855752452368758,1,,,94.872,39.0,10^-11.5051,,,,,,,,,,,,,,,,,[1981544],0
1981544,1,646295,Zavrelimyia (Paramerina) sp. FLT3.5,"",eukaryota,false,,,,0.10855752452368758,1,,,94.872,39.0,10^-11.5051,,,,,,,,,,,,,,,,,,0
637416,2,637416,Amphibalanus,"",eukaryota,false,,,,0.5427876226184379,5,,,90.6834,54.8,10^-17.8211,,,,,,0.9770177207131882,9,,,94.2889,24.0,10^-6.28443,,,,,[1232801],0
1232801,1,637416,Amphibalanus amphitrite,"",eukaryota,false,,,,0.5427876226184379,5,,,90.6834,54.8,10^-17.8211,,,,,,0.9770177207131882,9,,,94.2889,24.0,10^-6.28443,,,,,,0
631316,2,631316,Gymnocheta,"",eukaryota,false,,,,0.10855752452368758,1,,,88.0,75.0,10^-26.3172,,,,,,,,,,,,,,,,,[631317],0
631317,1,631316,Gymnocheta viridis,"",eukaryota,false,,,,0.10855752452368758,1,,,88.0,75.0,10^-26.3172,,,,,,,,,,,,,,,,,,0
608710,2,608710,Antlemon,"",eukaryota,false,,,,0.10855752452368758,1,,,90.566,53.0,10^-16.8614,,,,,,,,,,,,,,,,,[2746323],0
2746323,1,608710,Antlemon brevimanum,"",eukaryota,false,,,,0.10855752452368758,1,,,90.566,53.0,10^-16.8614,,,,,,,,,,,,,,,,,,0
604375,2,604375,Harpegnathos,"",eukaryota,false,,,,0.10855752452368758,1,,,90.789,76.0,10^-29.7423,,,,,,0.3256725735710627,3,,,95.8333,24.3333,10^-5.57777,,,,,[610380],0
610380,1,604375,Harpegnathos saltator,Jerdon's jumping ant,eukaryota,false,,,,0.10855752452368758,1,,,90.789,76.0,10^-29.7423,,,,,,0.3256725735710627,3,,,95.8333,24.3333,10^-5.57777,,,,,,0
604075,2,604075,Pterulicium,"",eukaryota,false,,,,0.10855752452368758,1,,,100.0,76.0,10^-39.3489,,,,,,,,,,,,,,,,,[2582772],0
2582772,1,604075,Pterulicium sp.,"",eukaryota,false,,,,0.10855752452368758,1,,,100.0,76.0,10^-39.3489,,,,,,,,,,,,,,,,,,0
596919,2,596919,Lactifluus,"",eukaryota,false,,,,,,,,,,,,,,,,0.10855752452368758,1,,,84.0,25.0,10^-4.80134,,,,,[1837270],0
1837270,1,596919,Lactifluus subvellereus,"",eukaryota,false,,,,,,,,,,,,,,,,0.10855752452368758,1,,,84.0,25.0,10^-4.80134,,,,,,0
596702,2,596702,Tongeia,"",eukaryota,false,,,,0.10855752452368758,1,,,93.421,76.0,10^-32.4871,,,,,,,,,,,,,,,,,[1712002],0
1712002,1,596702,Tongeia bisudu,"",eukaryota,false,,,,0.10855752452368758,1,,,93.421,76.0,10^-32.4871,,,,,,,,,,,,,,,,,,0
583838,2,583838,Pharsalia,"",eukaryota,false,,,,,,,,,,,,,,,,0.10855752452368758,1,,,92.0,25.0,10^-7.42251,,,,,[2931109],0
2931109,1,583838,Pharsalia antennata,"",eukaryota,false,,,,,,,,,,,,,,,,0.10855752452368758,1,,,92.0,25.0,10^-7.42251,,,,,,0
582171,2,582171,Choreutis,"",eukaryota,false,,,,0.10855752452368758,1,,,91.803,61.0,10^-22.2898,,,,,,0.3256725735710627,3,,,100.0,24.6667,10^-7.98396,,,,,"[1819346, 1819277, 1209621]",0
1819346,1,582171,Choreutis cf. taprobanes JR-2016,"",eukaryota,false,,,,,,,,,,,,,,,,0.10855752452368758,1,,,100.0,24.0,10^-7.83268,,,,,,0
1819277,1,582171,Choreutis sp. JDP1,"",eukaryota,false,,,,,,,,,,,,,,,,0.21711504904737516,2,,,100.0,25.0,10^-8.0596,,,,,,0
1209621,1,582171,Choreutis nemorana,"",eukaryota,false,,,,0.10855752452368758,1,,,91.803,61.0,10^-22.2898,,,,,,,,,,,,,,,,,,0
582143,2,582143,Pyrausta,"",eukaryota,false,,,,0.10855752452368758,1,,,92.5,40.0,10^-10.8079,,,,,,,,,,,,,,,,,[1660681],0
1660681,1,582143,Pyrausta nigrata,"",eukaryota,false,,,,0.10855752452368758,1,,,92.5,40.0,10^-10.8079,,,,,,,,,,,,,,,,,,0
582056,2,582056,Anania,"",eukaryota,false,,,,0.21711504904737516,2,,,95.349,43.0,10^-14.2074,,,,,,,,,,,,,,,,,"[1100909, 1100908]",0
1100909,1,582056,Anania fuscalis,"",eukaryota,false,,,,0.10855752452368758,1,,,95.349,43.0,10^-14.2074,,,,,,,,,,,,,,,,,,0
1100908,1,582056,Anania crocealis,"",eukaryota,false,,,,0.10855752452368758,1,,,95.349,43.0,10^-14.2074,,,,,,,,,,,,,,,,,,0
581937,2,581937,Nomophila,"",eukaryota,false,,,,0.3256725735710627,3,,,89.2323,59.0,10^-19.5798,,,,,,,,,,,,,,,,,[1209556],0
1209556,1,581937,Nomophila noctuella,"",eukaryota,false,,,,0.3256725735710627,3,,,89.2323,59.0,10^-19.5798,,,,,,,,,,,,,,,,,,0
581910,2,581910,Mecyna,"",eukaryota,false,,,,0.4342300980947503,4,,,90.2233,58.75,10^-20.0791,,,,,,,,,,,,,,,,,[1502335],0
1502335,1,581910,Mecyna flavalis,"",eukaryota,false,,,,0.4342300980947503,4,,,90.2233,58.75,10^-20.0791,,,,,,,,,,,,,,,,,,0
581819,2,581819,Cydalima,"",eukaryota,false,,,,0.10855752452368758,1,,,94.444,36.0,10^-9.48129,,,,,,,,,,,,,,,,,[1309588],0
1309588,1,581819,Cydalima perspectalis,"",eukaryota,false,,,,0.10855752452368758,1,,,94.444,36.0,10^-9.48129,,,,,,,,,,,,,,,,,,0
581658,2,581658,Eudemis,"",eukaryota,false,,,,0.4342300980947503,4,,,91.1375,41.5,10^-10.7959,,,,,,,,,,,,,,,,,[1100989],0
1100989,1,581658,Eudemis profundana,"",eukaryota,false,,,,0.4342300980947503,4,,,91.1375,41.5,10^-10.7959,,,,,,,,,,,,,,,,,,0
581588,2,581588,Pammene,"",eukaryota,false,,,,20.517372134976952,189,,,84.7989,88.2353,10^-12.9145,,,,,,,,,,,,,,,,,"[1870148, 1101027]",0
1870148,1,581588,Pammene aurita,"",eukaryota,false,,,,0.21711504904737516,2,,,94.737,38.0,10^-10.8302,,,,,,,,,,,,,,,,,,0
1101027,1,581588,Pammene fasciana,"",eukaryota,false,,,,20.300257085929577,187,,,84.6914,88.7784,10^-12.9371,,,,,,,,,,,,,,,,,,0
581577,2,581577,Leguminivora,"",eukaryota,false,,,,0.10855752452368758,1,,,92.982,57.0,10^-20.9469,,,,,,0.3256725735710627,3,,,88.9333,24.3333,10^-3.50261,,,,,[1035111],0
1035111,1,581577,Leguminivora glycinivorella,"",eukaryota,false,,,,0.10855752452368758,1,,,92.982,57.0,10^-20.9469,,,,,,0.3256725735710627,3,,,88.9333,24.3333,10^-3.50261,,,,,,0
581576,2,581576,Lathronympha,"",eukaryota,false,,,,0.21711504904737516,2,,,91.228,66.5,10^-25.3446,,,,,,,,,,,,,,,,,[1594361],0
1594361,1,581576,Lathronympha strigana,"",eukaryota,false,,,,0.21711504904737516,2,,,91.228,66.5,10^-25.3446,,,,,,,,,,,,,,,,,,0
581513,2,581513,Notocelia,"",eukaryota,false,,,,0.5427876226184379,5,,,90.7766,52.0,10^-16.208,,,,,,,,,,,,,,,,,[1594315],0
1594315,1,581513,Notocelia uddmanniana,"",eukaryota,false,,,,0.5427876226184379,5,,,90.7766,52.0,10^-16.208,,,,,,,,,,,,,,,,,,0
572910,2,572910,Venusia,"",eukaryota,false,,,,0.21711504904737516,2,,,87.7365,41.5,10^-8.39412,,,,,,,,,,,,,,,,,[572911],0
572911,1,572910,Venusia cambrica,"",eukaryota,false,,,,0.21711504904737516,2,,,87.7365,41.5,10^-8.39412,,,,,,,,,,,,,,,,,,0
572908,2,572908,Udea,"",eukaryota,false,,,,0.21711504904737516,2,,,94.917,52.0,10^-18.9471,,,,,,,,,,,,,,,,,[1002954],0
1002954,1,572908,Udea ferrugalis,"",eukaryota,false,,,,0.21711504904737516,2,,,94.917,52.0,10^-18.9471,,,,,,,,,,,,,,,,,,0
572860,2,572860,Hofmannophila,"",eukaryota,false,,,,0.21711504904737516,2,,,94.925,66.0,10^-27.7501,,,,,,,,,,,,,,,,,[572861],0
572861,1,572860,Hofmannophila pseudospretella,"",eukaryota,false,,,,0.21711504904737516,2,,,94.925,66.0,10^-27.7501,,,,,,,,,,,,,,,,,,0
572856,2,572856,Hemithea,"",eukaryota,false,,,,0.10855752452368758,1,,,97.619,42.0,10^-14.9038,,,,,,,,,,,,,,,,,[572857],0
572857,1,572856,Hemithea aestivaria,"",eukaryota,false,,,,0.10855752452368758,1,,,97.619,42.0,10^-14.9038,,,,,,,,,,,,,,,,,,0
572852,2,572852,Hedya,"",eukaryota,false,,,,0.3256725735710627,3,,,94.069,38.6667,10^-10.823,,,,,,,,,,,,,,,,,[1869985],0
1869985,1,572852,Hedya salicella,"",eukaryota,false,,,,0.3256725735710627,3,,,94.069,38.6667,10^-10.823,,,,,,,,,,,,,,,,,,0
572808,2,572808,Agriphila,"",eukaryota,false,,,,0.3256725735710627,3,,,89.628,49.3333,10^-14.3895,,,,,,,,,,,,,,,,,"[1660579, 572809]",0
1660579,1,572808,Agriphila geniculea,"",eukaryota,false,,,,0.21711504904737516,2,,,89.57,54.5,10^-17.2041,,,,,,,,,,,,,,,,,,0
572809,1,572808,Agriphila straminella,"",eukaryota,false,,,,0.10855752452368758,1,,,89.744,39.0,10^-8.76035,,,,,,,,,,,,,,,,,,0
572799,2,572799,Acleris,"",eukaryota,false,,,,0.3256725735710627,3,,,91.659,50.3333,10^-15.9947,,,,,,,,,,,,,,,,,"[758717, 758705]",0
758717,1,572799,Acleris sparsana,"",eukaryota,false,,,,0.21711504904737516,2,,,92.6165,56.0,10^-19.6118,,,,,,,,,,,,,,,,,,0
758705,1,572799,Acleris cristana,"",eukaryota,false,,,,0.10855752452368758,1,,,89.744,39.0,10^-8.76035,,,,,,,,,,,,,,,,,,0
572722,2,572722,Nycteola,"",eukaryota,false,,,,0.21711504904737516,2,,,94.595,37.0,10^-10.1556,,,,,,,,,,,,,,,,,[988004],0
988004,1,572722,Nycteola revayana,"",eukaryota,false,,,,0.21711504904737516,2,,,94.595,37.0,10^-10.1556,,,,,,,,,,,,,,,,,,0
572712,2,572712,Eudonia,"",eukaryota,false,,,,0.21711504904737516,2,,,97.3685,38.5,10^-12.54,,,,,,,,,,,,,,,,,[753179],0
753179,1,572712,Eudonia truncicolella,"",eukaryota,false,,,,0.21711504904737516,2,,,97.3685,38.5,10^-12.54,,,,,,,,,,,,,,,,,,0
572706,2,572706,Argyresthia,"",eukaryota,false,,,,0.10855752452368758,1,,,95.556,45.0,10^-15.5601,,,,,,,,,,,,,,,,,[572725],0
572725,1,572706,Argyresthia goedartella,"",eukaryota,false,,,,0.10855752452368758,1,,,95.556,45.0,10^-15.5601,,,,,,,,,,,,,,,,,,0
572704,2,572704,Apotomis,"",eukaryota,false,,,,0.21711504904737516,2,,,91.7965,49.5,10^-15.8623,,,,,,,,,,,,,,,,,"[1100915, 989741]",0
1100915,1,572704,Apotomis betuletana,"",eukaryota,false,,,,0.10855752452368758,1,,,94.231,52.0,10^-18.9282,,,,,,,,,,,,,,,,,,0
989741,1,572704,Apotomis capreana,"",eukaryota,false,,,,0.10855752452368758,1,,,89.362,47.0,10^-12.7964,,,,,,,,,,,,,,,,,,0
569039,2,569039,Epicampocera,"",eukaryota,false,,,,0.3256725735710627,3,,,88.672,70.6667,10^-24.7441,,,,,,,,,,,,,,,,,[569040],0
569040,1,569039,Epicampocera succincta,"",eukaryota,false,,,,0.3256725735710627,3,,,88.672,70.6667,10^-24.7441,,,,,,,,,,,,,,,,,,0
556257,2,556257,Pseudolabrys,"",bacteria,false,,,,0.21711504904737516,2,,,97.368,38.0,10^-12.2026,,,,,,,,,,,,,,,,,[2562284],0
2562284,1,556257,Pseudolabrys sp. FHR47,"",bacteria,false,,,,0.21711504904737516,2,,,97.368,38.0,10^-12.2026,,,,,,,,,,,,,,,,,,0
552982,2,552982,Penaincisalia,"",eukaryota,false,,,,0.10855752452368758,1,,,95.455,44.0,10^-14.8836,,,,,,,,,,,,,,,,,[2820610],0
2820610,1,552982,Penaincisalia atymnides,"",eukaryota,false,,,,0.10855752452368758,1,,,95.455,44.0,10^-14.8836,,,,,,,,,,,,,,,,,,0
549030,2,549030,Afroheriades,"",eukaryota,false,,,,0.10855752452368758,1,,,90.476,63.0,10^-22.2758,,,,,,,,,,,,,,,,,[549042],0
549042,1,549030,Afroheriades primus,"",eukaryota,false,,,,0.10855752452368758,1,,,90.476,63.0,10^-22.2758,,,,,,,,,,,,,,,,,,0
545366,2,545366,Hyposmocoma,"",eukaryota,false,,,,,,,,,,,,,,,,0.3256725735710627,3,,,79.7,23.0,10^-3.99558,,,,,[1477025],0
1477025,1,545366,Hyposmocoma kahamanoa,"",eukaryota,false,,,,,,,,,,,,,,,,0.3256725735710627,3,,,79.7,23.0,10^-3.99558,,,,,,0
542837,2,542837,Zindervirus,"",viruses,true,,,,,,,,,,,,,,,,1.0855752452368759,10,,,100.0,59.0,10^-37.9208,,,,,[194966],0
194966,1,542837,Zindervirus SP6,"",viruses,true,,,,,,,,,,,,,,,,1.0855752452368759,10,,,100.0,59.0,10^-37.9208,,,,,,0
531859,2,531859,Glonium,"",eukaryota,false,,,,,,,,,,,,,,,,0.10855752452368758,1,,,100.0,23.0,10^-5.38195,,,,,[574774],0
574774,1,531859,Glonium stellatum,"",eukaryota,false,,,,,,,,,,,,,,,,0.10855752452368758,1,,,100.0,23.0,10^-5.38195,,,,,,0
525812,2,525812,Fabriciana,"",eukaryota,false,,,,0.10855752452368758,1,,,98.305,59.0,10^-26.4214,,,,,,,,,,,,,,,,,[405009],0
405009,1,525812,Fabriciana adippe,high brown fritillary,eukaryota,false,,,,0.10855752452368758,1,,,98.305,59.0,10^-26.4214,,,,,,,,,,,,,,,,,,0
524508,2,524508,Myrrha,"",eukaryota,false,,,,0.21711504904737516,2,,,86.4035,40.0,10^-7.37752,,,,,,,,,,,,,,,,,[703265],0
703265,1,524508,Myrrha octodecimguttata,"",eukaryota,false,,,,0.21711504904737516,2,,,86.4035,40.0,10^-7.37752,,,,,,,,,,,,,,,,,,0
523929,2,523929,Dryococelus,"",eukaryota,false,,,,,,,,,,,,,,,,0.21711504904737516,2,,,91.65,24.5,10^-5.73118,,,,,[614101],0
614101,1,523929,Dryococelus australis,"",eukaryota,false,,,,,,,,,,,,,,,,0.21711504904737516,2,,,91.65,24.5,10^-5.73118,,,,,,0
522886,2,522886,Amorpha,"",eukaryota,false,,,,0.21711504904737516,2,,,87.7605,59.5,10^-18.544,,,,,,,,,,,,,,,,,[522887],0
522887,1,522886,Amorpha juglandis,"",eukaryota,false,,,,0.21711504904737516,2,,,87.7605,59.5,10^-18.544,,,,,,,,,,,,,,,,,,0
522835,2,522835,Laothoe,"",eukaryota,false,,,,0.10855752452368758,1,,,93.617,47.0,10^-15.5412,,,,,,,,,,,,,,,,,[522836],0
522836,1,522835,Laothoe populi,"",eukaryota,false,,,,0.10855752452368758,1,,,93.617,47.0,10^-15.5412,,,,,,,,,,,,,,,,,,0
520955,2,520955,Macrophya,"",eukaryota,false,,,,0.21711504904737516,2,,,92.094,37.5,10^-9.12082,,,,,,,,,,,,,,,,,[1384894],0
1384894,1,520955,Macrophya alboannulata,"",eukaryota,false,,,,0.21711504904737516,2,,,92.094,37.5,10^-9.12082,,,,,,,,,,,,,,,,,,0
520569,2,520569,Moellerodiscus,"",eukaryota,false,,,,0.21711504904737516,2,,,99.342,76.0,10^-38.6628,,,,,,,,,,,,,,,,,[1506596],0
1506596,1,520569,Moellerodiscus lentus,"",eukaryota,false,,,,0.21711504904737516,2,,,99.342,76.0,10^-38.6628,,,,,,,,,,,,,,,,,,0
513583,2,513583,Coleophora,"",eukaryota,false,,,,0.10855752452368758,1,,,92.683,41.0,10^-11.4834,,,,,,,,,,,,,,,,,[1100951],0
1100951,1,513583,Coleophora flavipennella,"",eukaryota,false,,,,0.10855752452368758,1,,,92.683,41.0,10^-11.4834,,,,,,,,,,,,,,,,,,0
505956,2,505956,Hypercompe,"",eukaryota,false,,,,0.21711504904737516,2,,,95.604,45.5,10^-15.8984,,,,,,,,,,,,,,,,,[505957],0
505957,1,505956,Hypercompe scribonia,"",eukaryota,false,,,,0.21711504904737516,2,,,95.604,45.5,10^-15.8984,,,,,,,,,,,,,,,,,,0
505423,2,505423,Rhodostrophia,"",eukaryota,false,,,,0.10855752452368758,1,,,90.411,73.0,10^-27.7013,,,,,,,,,,,,,,,,,[505425],0
505425,1,505423,Rhodostrophia vibicaria,"",eukaryota,false,,,,0.10855752452368758,1,,,90.411,73.0,10^-27.7013,,,,,,,,,,,,,,,,,,0
505410,2,505410,Falcaria,"",eukaryota,false,,,,0.10855752452368758,1,,,90.698,43.0,10^-11.4627,,,,,,,,,,,,,,,,,[505411],0
505411,1,505410,Falcaria lacertinaria,"",eukaryota,false,,,,0.10855752452368758,1,,,90.698,43.0,10^-11.4627,,,,,,,,,,,,,,,,,,0
494770,2,494770,Heteropelma,"",eukaryota,false,,,,0.21711504904737516,2,,,87.8205,68.5,10^-22.5831,,,,,,,,,,,,,,,,,[494771],0
494771,1,494770,Heteropelma amictum,"",eukaryota,false,,,,0.21711504904737516,2,,,87.8205,68.5,10^-22.5831,,,,,,,,,,,,,,,,,,0
493657,2,493657,Alloplasta,"",eukaryota,false,,,,0.759902671665813,7,,,88.0224,61.2857,10^-11.7037,,,,,,,,,,,,,,,,,[2870495],0
2870495,1,493657,Alloplasta piceator,"",eukaryota,false,,,,0.759902671665813,7,,,88.0224,61.2857,10^-11.7037,,,,,,,,,,,,,,,,,,0
478394,2,478394,Diadumene,"",eukaryota,false,,,,0.10855752452368758,1,,,93.333,75.0,10^-31.8067,,,,,,,,,,,,,,,,,[1789172],0
1789172,1,478394,Diadumene lineata,"",eukaryota,false,,,,0.10855752452368758,1,,,93.333,75.0,10^-31.8067,,,,,,,,,,,,,,,,,,0
478070,2,478070,Labrenzia,"",bacteria,false,,,,0.10855752452368758,1,,,90.323,62.0,10^-21.5965,,,,,,,,,,,,,,,,,[2590016],0
2590016,1,478070,Labrenzia sp. PHM005,"",bacteria,false,,,,0.10855752452368758,1,,,90.323,62.0,10^-21.5965,,,,,,,,,,,,,,,,,,0
474822,2,474822,Sphenella,"",eukaryota,false,,,,0.10855752452368758,1,,,86.957,69.0,10^-22.2363,,,,,,,,,,,,,,,,,[594017],0
594017,1,474822,Sphenella marginata,"",eukaryota,false,,,,0.10855752452368758,1,,,86.957,69.0,10^-22.2363,,,,,,,,,,,,,,,,,,0
470089,2,470089,Myrmecridium,"",eukaryota,false,,,,0.10855752452368758,1,,,100.0,76.0,10^-39.3489,,,,,,,,,,,,,,,,,[2571414],0
2571414,1,470089,Myrmecridium aquaticum,"",eukaryota,false,,,,0.10855752452368758,1,,,100.0,76.0,10^-39.3489,,,,,,,,,,,,,,,,,,0
468813,2,468813,Tolmerus,"",eukaryota,false,,,,1.6283628678553137,15,,,86.5872,175.667,10^-40.4152,,,,,,,,,,,,,,,,,[2884231],0
2884231,1,468813,Tolmerus cingulatus,"",eukaryota,false,,,,1.6283628678553137,15,,,86.5872,175.667,10^-40.4152,,,,,,,,,,,,,,,,,,0
468724,2,468724,Dysmachus,"",eukaryota,false,,,,0.8684601961895007,8,,,89.9175,63.25,10^-21.7621,,,,,,,,,,,,,,,,,[468725],0
468725,1,468724,Dysmachus trigonus,"",eukaryota,false,,,,0.8684601961895007,8,,,89.9175,63.25,10^-21.7621,,,,,,,,,,,,,,,,,,0
467950,2,467950,Hyphodermella,"",eukaryota,false,,,,0.10855752452368758,1,,,100.0,76.0,10^-39.3489,,,,,,,,,,,,,,,,,[698401],0
698401,1,467950,Hyphodermella rosae,"",eukaryota,false,,,,0.10855752452368758,1,,,100.0,76.0,10^-39.3489,,,,,,,,,,,,,,,,,,0
464722,2,464722,Eilema,"",eukaryota,false,,,,0.5427876226184379,5,,,85.9974,57.8,10^-15.1847,,,,,,,,,,,,,,,,,"[987929, 987424, 987419]",0
987929,1,464722,Eilema caniola,"",eukaryota,false,,,,0.3256725735710627,3,,,91.3047,49.3333,10^-15.2923,,,,,,,,,,,,,,,,,,0
987424,1,464722,Eilema sororculum,"",eukaryota,false,,,,0.10855752452368758,1,,,69.231,65.0,10^-4.42139,,,,,,,,,,,,,,,,,,0
987419,1,464722,Eilema depressum,"",eukaryota,false,,,,0.10855752452368758,1,,,86.842,76.0,10^-25.6252,,,,,,,,,,,,,,,,,,0
456492,2,456492,Saccharibacillus,"",bacteria,false,,,,,,,,,,,,,,,,0.10855752452368758,1,,,82.6,23.0,10^-3.37469,,,,,[2060666],0
2060666,1,456492,Saccharibacillus endophyticus,"",bacteria,false,,,,,,,,,,,,,,,,0.10855752452368758,1,,,82.6,23.0,10^-3.37469,,,,,,0
454922,2,454922,Diachasma,"",eukaryota,false,,,,0.4342300980947503,4,,,88.4057,53.5,10^-15.1493,,,,,,0.3256725735710627,3,,,98.6,24.3333,10^-6.17142,,,,,[454923],0
454923,1,454922,Diachasma alloeum,"",eukaryota,false,,,,0.4342300980947503,4,,,88.4057,53.5,10^-15.1493,,,,,,0.3256725735710627,3,,,98.6,24.3333,10^-6.17142,,,,,,0
453566,2,453566,Ambispora,"",eukaryota,false,,,,,,,,,,,,,,,,0.3256725735710627,3,,,92.8,22.6667,10^-5.50287,,,,,[144679],0
144679,1,453566,Ambispora leptoticha,"",eukaryota,false,,,,,,,,,,,,,,,,0.3256725735710627,3,,,92.8,22.6667,10^-5.50287,,,,,,0
452743,2,452743,Crataerina,"",eukaryota,false,,,,0.10855752452368758,1,,,91.892,37.0,10^-8.78321,,,,,,,,,,,,,,,,,[452744],0
452744,1,452743,Crataerina pallida,"",eukaryota,false,,,,0.10855752452368758,1,,,91.892,37.0,10^-8.78321,,,,,,,,,,,,,,,,,,0
449632,2,449632,Parasteatoda,"",eukaryota,false,,,,,,,,,,,,,,,,0.3256725735710627,3,,,89.6667,23.0,10^-4.7809,,,,,[114398],0
114398,1,449632,Parasteatoda tepidariorum,common house spider,eukaryota,false,,,,,,,,,,,,,,,,0.3256725735710627,3,,,89.6667,23.0,10^-4.7809,,,,,,0
446525,2,446525,Athripsodes,"",eukaryota,false,,,,0.759902671665813,7,,,89.3584,54.2857,10^-16.7677,,,,,,,,,,,,,,,,,[446526],0
446526,1,446525,Athripsodes cinereus,"",eukaryota,false,,,,0.759902671665813,7,,,89.3584,54.2857,10^-16.7677,,,,,,,,,,,,,,,,,,0
441237,2,441237,Paratlanticus,"",eukaryota,false,,,,,,,,,,,,,,,,0.10855752452368758,1,,,84.0,25.0,10^-6.74715,,,,,[441238],0
441238,1,441237,Paratlanticus ussuriensis,"",eukaryota,false,,,,,,,,,,,,,,,,0.10855752452368758,1,,,84.0,25.0,10^-6.74715,,,,,,0
440347,2,440347,Kibramoa,"",eukaryota,false,,,,,,,,,,,,,,,,0.21711504904737516,2,,,98.0,24.5,10^-7.63982,,,,,[440348],0
440348,1,440347,Kibramoa guapa,"",eukaryota,false,,,,,,,,,,,,,,,,0.21711504904737516,2,,,98.0,24.5,10^-7.63982,,,,,,0
439566,2,439566,Hypomecis,"",eukaryota,false,,,,0.10855752452368758,1,,,90.667,75.0,10^-29.0619,,,,,,,,,,,,,,,,,[439567],0
439567,1,439566,Hypomecis punctinalis,pale oak beauty,eukaryota,false,,,,0.10855752452368758,1,,,90.667,75.0,10^-29.0619,,,,,,,,,,,,,,,,,,0
439357,2,439357,Megalurothrips,"",eukaryota,false,,,,,,,,,,,,,,,,0.21711504904737516,2,,,100.0,22.0,10^-4.02475,,,,,[439358],0
439358,1,439357,Megalurothrips usitatus,bean blossom thrips,eukaryota,false,,,,,,,,,,,,,,,,0.21711504904737516,2,,,100.0,22.0,10^-4.02475,,,,,,0
433970,2,433970,Placidium,"",eukaryota,false,,,,0.10855752452368758,1,,,100.0,76.0,10^-39.3489,,,,,,,,,,,,,,,,,[468077],0
468077,1,433970,Placidium lachneum,"",eukaryota,false,,,,0.10855752452368758,1,,,100.0,76.0,10^-39.3489,,,,,,,,,,,,,,,,,,0
433151,2,433151,Stenocallimerus,"",eukaryota,false,,,,0.10855752452368758,1,,,88.095,42.0,10^-9.41435,,,,,,,,,,,,,,,,,[2055542],0
2055542,1,433151,Stenocallimerus sp. INB190,"",eukaryota,false,,,,0.10855752452368758,1,,,88.095,42.0,10^-9.41435,,,,,,,,,,,,,,,,,,0
433085,2,433085,Brachypterus,"",eukaryota,false,,,,0.3256725735710627,3,,,89.6013,38.6667,10^-8.53557,,,,,,,,,,,,,,,,,[442081],0
442081,1,433085,Brachypterus glaber,"",eukaryota,false,,,,0.3256725735710627,3,,,89.6013,38.6667,10^-8.53557,,,,,,,,,,,,,,,,,,0
432919,2,432919,Trictenotoma,"",eukaryota,false,,,,,,,,,,,,,,,,0.10855752452368758,1,,,100.0,25.0,10^-7.20971,,,,,[2055561],0
2055561,1,432919,Trictenotoma sp. INB208,"",eukaryota,false,,,,,,,,,,,,,,,,0.10855752452368758,1,,,100.0,25.0,10^-7.20971,,,,,,0
432913,2,432913,Scraptia,"",eukaryota,false,,,,,,,,,,,,,,,,0.10855752452368758,1,,,100.0,25.0,10^-8.0511,,,,,[2055533],0
2055533,1,432913,Scraptia sp. INB205,"",eukaryota,false,,,,,,,,,,,,,,,,0.10855752452368758,1,,,100.0,25.0,10^-8.0511,,,,,,0
432907,2,432907,Pharaxonotha,"",eukaryota,false,,,,,,,,,,,,,,,,0.10855752452368758,1,,,84.0,25.0,10^-3.75203,,,,,[1285124],0
1285124,1,432907,Pharaxonotha floridana,"",eukaryota,false,,,,,,,,,,,,,,,,0.10855752452368758,1,,,84.0,25.0,10^-3.75203,,,,,,0
431650,2,431650,Trifurcula,"",eukaryota,false,,,,,,,,,,,,,,,,0.10855752452368758,1,,,100.0,24.0,10^-8.18776,,,,,[1927318],0
1927318,1,431650,Trifurcula ortneri,"",eukaryota,false,,,,,,,,,,,,,,,,0.10855752452368758,1,,,100.0,24.0,10^-8.18776,,,,,,0
421423,2,421423,Mimumesa,"",eukaryota,false,,,,0.10855752452368758,1,,,91.379,58.0,10^-20.2531,,,,,,,,,,,,,,,,,[2495085],0
2495085,1,421423,Mimumesa dahlbomi,"",eukaryota,false,,,,0.10855752452368758,1,,,91.379,58.0,10^-20.2531,,,,,,,,,,,,,,,,,,0
421402,2,421402,Pemphredon,"",eukaryota,false,,,,0.5427876226184379,5,,,93.4874,45.4,10^-14.4586,,,,,,,,,,,,,,,,,[2495172],0
2495172,1,421402,Pemphredon lugubris,"",eukaryota,false,,,,0.5427876226184379,5,,,93.4874,45.4,10^-14.4586,,,,,,,,,,,,,,,,,,0
421297,2,421297,Ectemnius,"",eukaryota,false,,,,0.759902671665813,7,,,96.3413,43.1429,10^-14.6982,,,,,,,,,,,,,,,,,"[2495015, 1126389]",0
2495015,1,421297,Ectemnius lituratus,"",eukaryota,false,,,,0.5427876226184379,5,,,95.8534,44.6,10^-15.2913,,,,,,,,,,,,,,,,,,0
1126389,1,421297,Ectemnius continuus,"",eukaryota,false,,,,0.21711504904737516,2,,,97.561,39.5,10^-13.2153,,,,,,,,,,,,,,,,,,0
421220,2,421220,Nysson,"",eukaryota,false,,,,0.21711504904737516,2,,,89.418,61.5,10^-20.5832,,,,,,,,,,,,,,,,,[2495127],0
2495127,1,421220,Nysson spinosus,"",eukaryota,false,,,,0.21711504904737516,2,,,89.418,61.5,10^-20.5832,,,,,,,,,,,,,,,,,,0
419014,2,419014,Alloscardovia,"",bacteria,false,,,,,,,,,,,,,,,,0.10855752452368758,1,,,100.0,25.0,10^-10.3635,,,,,[1739413],0
1739413,1,419014,Alloscardovia sp. HMSC034E08,"",bacteria,false,,,,,,,,,,,,,,,,0.10855752452368758,1,,,100.0,25.0,10^-10.3635,,,,,,0
415099,2,415099,Hydrophilus,"",eukaryota,false,,,,0.10855752452368758,1,,,89.286,56.0,10^-17.5236,,,,,,,,,,,,,,,,,[1383100],0
1383100,1,415099,Hydrophilus acuminatus,"",eukaryota,false,,,,0.10855752452368758,1,,,89.286,56.0,10^-17.5236,,,,,,,,,,,,,,,,,,0
414941,2,414941,Calosilpha,"",eukaryota,false,,,,0.10855752452368758,1,,,86.842,76.0,10^-25.6252,,,,,,,,,,,,,,,,,[414942],0
414942,1,414941,Calosilpha brunnicollis,"",eukaryota,false,,,,0.10855752452368758,1,,,86.842,76.0,10^-25.6252,,,,,,,,,,,,,,,,,,0
414933,2,414933,Phosphuga,"",eukaryota,false,,,,0.5427876226184379,5,,,93.343,39.0,10^-10.6839,,,,,,,,,,,,,,,,,[414934],0
414934,1,414933,Phosphuga atrata,"",eukaryota,false,,,,0.5427876226184379,5,,,93.343,39.0,10^-10.6839,,,,,,,,,,,,,,,,,,0
414833,2,414833,Meliscaeva,"",eukaryota,false,,,,0.759902671665813,7,,,90.2659,60.8571,10^-20.8244,,,,,,,,,,,,,,,,,[431829],0
431829,1,414833,Meliscaeva auricollis,"",eukaryota,false,,,,0.759902671665813,7,,,90.2659,60.8571,10^-20.8244,,,,,,,,,,,,,,,,,,0
414813,2,414813,Epistrophella,"",eukaryota,false,,,,0.21711504904737516,2,,,92.568,55.5,10^-19.2686,,,,,,,,,,,,,,,,,[414814],0
414814,1,414813,Epistrophella euchroma,"",eukaryota,false,,,,0.21711504904737516,2,,,92.568,55.5,10^-19.2686,,,,,,,,,,,,,,,,,,0
413496,2,413496,Cronobacter,"",bacteria,false,,,,1.0855752452368759,10,,,100.0,75.4,10^-38.9407,,,,,,0.21711504904737516,2,,,97.6,23.0,10^-8.02839,,,,,[28141],1
28141,1,413496,Cronobacter sakazakii,"",bacteria,false,,,,1.0855752452368759,10,,,100.0,75.4,10^-38.9407,,,,,,0.21711504904737516,2,,,97.6,23.0,10^-8.02839,,,,,,1
413435,2,413435,Solimonas,"",bacteria,false,,,,0.10855752452368758,1,,,75.758,66.0,10^-10.5904,,,,,,,,,,,,,,,,,[2303331],0
2303331,1,413435,Solimonas sp. K1W22B-7,"",bacteria,false,,,,0.10855752452368758,1,,,75.758,66.0,10^-10.5904,,,,,,,,,,,,,,,,,,0
405271,2,405271,Hetreulophus,"",eukaryota,false,,,,0.10855752452368758,1,,,94.444,36.0,10^-9.48129,,,,,,,,,,,,,,,,,[405272],0
405272,1,405271,Hetreulophus sp. CD021,"",eukaryota,false,,,,0.10855752452368758,1,,,94.444,36.0,10^-9.48129,,,,,,,,,,,,,,,,,,0
405031,2,405031,Brenthis,"",eukaryota,false,,,,0.3256725735710627,3,,,92.062,41.0,10^-11.0309,,,,,,0.10855752452368758,1,,,88.0,25.0,10^-3.56384,,,,,"[405034, 405033]",0
405034,1,405031,Brenthis ino,lesser marbled fritillary,eukaryota,false,,,,0.21711504904737516,2,,,93.6485,43.5,10^-13.178,,,,,,0.10855752452368758,1,,,88.0,25.0,10^-3.56384,,,,,,0
405033,1,405031,Brenthis hecate,twin-spot fritillary,eukaryota,false,,,,0.10855752452368758,1,,,88.889,36.0,10^-6.73655,,,,,,,,,,,,,,,,,,0
399044,2,399044,Notodromas,"",eukaryota,false,,,,,,,,,,,,,,,,0.4342300980947503,4,,,88.55,24.0,10^-4.72174,,,,,[399045],0
399045,1,399044,Notodromas monacha,"",eukaryota,false,,,,,,,,,,,,,,,,0.4342300980947503,4,,,88.55,24.0,10^-4.72174,,,,,,0
398498,2,398498,Euepixylon,"",eukaryota,false,,,,0.10855752452368758,1,,,98.684,76.0,10^-37.9766,,,,,,,,,,,,,,,,,[398499],0
398499,1,398498,Euepixylon udum,"",eukaryota,false,,,,0.10855752452368758,1,,,98.684,76.0,10^-37.9766,,,,,,,,,,,,,,,,,,0
397141,2,397141,Exechiopsis,"",eukaryota,false,,,,,,,,,,,,,,,,0.21711504904737516,2,,,100.0,24.0,10^-6.28622,,,,,"[2565952, 2565951]",0
2565952,1,397141,Exechiopsis seducta,"",eukaryota,false,,,,,,,,,,,,,,,,0.10855752452368758,1,,,100.0,24.0,10^-6.29671,,,,,,0
2565951,1,397141,Exechiopsis pollicata,"",eukaryota,false,,,,,,,,,,,,,,,,0.10855752452368758,1,,,100.0,24.0,10^-6.27572,,,,,,0
397139,2,397139,Exechia,"",eukaryota,false,,,,0.10855752452368758,1,,,91.379,58.0,10^-20.2531,,,,,,,,,,,,,,,,,[1520304],0
1520304,1,397139,Exechia seriata,"",eukaryota,false,,,,0.10855752452368758,1,,,91.379,58.0,10^-20.2531,,,,,,,,,,,,,,,,,,0
393392,2,393392,Macaria,"",eukaryota,false,,,,0.4342300980947503,4,,,90.8705,73.25,10^-28.2146,,,,,,,,,,,,,,,,,[688445],0
688445,1,393392,Macaria notata,"",eukaryota,false,,,,0.4342300980947503,4,,,90.8705,73.25,10^-28.2146,,,,,,,,,,,,,,,,,,0
393350,2,393350,Cabera,"",eukaryota,false,,,,0.10855752452368758,1,,,91.489,47.0,10^-14.1688,,,,,,,,,,,,,,,,,[722659],0
722659,1,393350,Cabera pusaria,"",eukaryota,false,,,,0.10855752452368758,1,,,91.489,47.0,10^-14.1688,,,,,,,,,,,,,,,,,,0
391814,2,391814,Pseudochironomus,"",eukaryota,false,,,,,,,,,,,,,,,,0.10855752452368758,1,,,95.8,24.0,10^-6.93181,,,,,[2604915],0
2604915,1,391814,Pseudochironomus julia,"",eukaryota,false,,,,,,,,,,,,,,,,0.10855752452368758,1,,,95.8,24.0,10^-6.93181,,,,,,0
390887,2,390887,Lophium,"",eukaryota,false,,,,,,,,,,,,,,,,0.10855752452368758,1,,,95.8,24.0,10^-6.76447,,,,,[390894],0
390894,1,390887,Lophium mytilinum,"",eukaryota,false,,,,,,,,,,,,,,,,0.10855752452368758,1,,,95.8,24.0,10^-6.76447,,,,,,0
378298,2,378298,Amphiduros,"",eukaryota,false,,,,0.10855752452368758,1,,,91.489,47.0,10^-14.1688,,,,,,,,,,,,,,,,,[1209993],0
1209993,1,378298,Amphiduros pacificus,"",eukaryota,false,,,,0.10855752452368758,1,,,91.489,47.0,10^-14.1688,,,,,,,,,,,,,,,,,,0
371471,2,371471,Corophium,"",eukaryota,false,,,,0.21711504904737516,2,,,90.541,74.0,10^-28.3816,,,,,,,,,,,,,,,,,[429033],0
429033,1,371471,Corophium sp. AI-2007-5,"",eukaryota,false,,,,0.21711504904737516,2,,,90.541,74.0,10^-28.3816,,,,,,,,,,,,,,,,,,0
370604,2,370604,Lamprigera,"",eukaryota,false,,,,,,,,,,,,,,,,0.21711504904737516,2,,,93.75,23.0,10^-4.68864,,,,,[370605],0
370605,1,370604,Lamprigera yunnana,"",eukaryota,false,,,,,,,,,,,,,,,,0.21711504904737516,2,,,93.75,23.0,10^-4.68864,,,,,,0
369248,2,369248,Vollenhovia,"",eukaryota,false,,,,0.3256725735710627,3,,,88.3363,69.0,10^-23.1553,,,,,,0.10855752452368758,1,,,76.0,25.0,10^-4.98716,,,,,[411798],0
411798,1,369248,Vollenhovia emeryi,"",eukaryota,false,,,,0.3256725735710627,3,,,88.3363,69.0,10^-23.1553,,,,,,0.10855752452368758,1,,,76.0,25.0,10^-4.98716,,,,,,0
369122,2,369122,Dinoponera,"",eukaryota,false,,,,,,,,,,,,,,,,1.1941327697605633,11,,,96.1368,81.3636,10^-50.9583,,,,,[609295],0
609295,1,369122,Dinoponera quadriceps,"",eukaryota,false,,,,,,,,,,,,,,,,1.1941327697605633,11,,,96.1368,81.3636,10^-50.9583,,,,,,0
367298,2,367298,Phycicoccus,"",bacteria,false,,,,,,,,,,,,,,,,0.10855752452368758,1,,,91.7,24.0,10^-6.97881,,,,,[2785745],0
2785745,1,367298,Phycicoccus sp. DTK01,"",bacteria,false,,,,,,,,,,,,,,,,0.10855752452368758,1,,,91.7,24.0,10^-6.97881,,,,,,0
364409,2,364409,Granulibacter,"",bacteria,false,,,,0.10855752452368758,1,,,100.0,75.0,10^-38.6685,,,,,,,,,,,,,,,,,[364410],0
364410,1,364409,Granulibacter bethesdensis,"",bacteria,false,,,,0.10855752452368758,1,,,100.0,75.0,10^-38.6685,,,,,,,,,,,,,,,,,,0
361177,2,361177,Altererythrobacter,"",bacteria,false,,,,0.10855752452368758,1,,,100.0,76.0,10^-39.3489,,,,,,,,,,,,,,,,,[1294281],0
1294281,1,361177,Altererythrobacter sp. CC-VAM-21,"",bacteria,false,,,,0.10855752452368758,1,,,100.0,76.0,10^-39.3489,,,,,,,,,,,,,,,,,,0
358905,2,358905,Serendipita,"",eukaryota,false,,,,,,,,,,,,,,,,0.10855752452368758,1,,,75.0,24.0,10^-6.27572,,,,,[109899],0
109899,1,358905,Serendipita vermifera,"",eukaryota,false,,,,,,,,,,,,,,,,0.10855752452368758,1,,,75.0,24.0,10^-6.27572,,,,,,0
356392,2,356392,Limnoperna,"",eukaryota,false,,,,0.10855752452368758,1,,,86.486,37.0,10^-6.03847,,,,,,,,,,,,,,,,,[356393],0
356393,1,356392,Limnoperna fortunei,"",eukaryota,false,,,,0.10855752452368758,1,,,86.486,37.0,10^-6.03847,,,,,,,,,,,,,,,,,,0
355586,2,355586,Nesidiocoris,"",eukaryota,false,,,,,,,,,,,,,,,,0.6513451471421254,6,,,78.2333,24.5,10^-4.40566,,,,,[355587],0
355587,1,355586,Nesidiocoris tenuis,"",eukaryota,false,,,,,,,,,,,,,,,,0.6513451471421254,6,,,78.2333,24.5,10^-4.40566,,,,,,0
351532,2,351532,Schizotus,"",eukaryota,false,,,,0.21711504904737516,2,,,91.105,58.5,10^-19.9165,,,,,,,,,,,,,,,,,[351686],0
351686,1,351532,Schizotus pectinicornis,"",eukaryota,false,,,,0.21711504904737516,2,,,91.105,58.5,10^-19.9165,,,,,,,,,,,,,,,,,,0
347753,2,347753,Oegoconia,"",eukaryota,false,,,,0.10855752452368758,1,,,93.056,72.0,10^-29.7658,,,,,,,,,,,,,,,,,[347754],0
347754,1,347753,Oegoconia quadripuncta,"",eukaryota,false,,,,0.10855752452368758,1,,,93.056,72.0,10^-29.7658,,,,,,,,,,,,,,,,,,0
347458,2,347458,Salpingus,"",eukaryota,false,,,,0.4342300980947503,4,,,90.3808,67.75,10^-24.8196,,,,,,,,,,,,,,,,,[577144],0
577144,1,347458,Salpingus planirostris,"",eukaryota,false,,,,0.4342300980947503,4,,,90.3808,67.75,10^-24.8196,,,,,,,,,,,,,,,,,,0
347423,2,347423,Othius,"",eukaryota,false,,,,0.3256725735710627,3,,,90.4603,56.6667,10^-19.3602,,,,,,,,,,,,,,,,,[347424],0
347424,1,347423,Othius punctulatus,"",eukaryota,false,,,,0.3256725735710627,3,,,90.4603,56.6667,10^-19.3602,,,,,,,,,,,,,,,,,,0
347361,2,347361,Hermaeophaga,"",eukaryota,false,,,,0.10855752452368758,1,,,90.0,40.0,10^-9.43554,,,,,,,,,,,,,,,,,[347362],0
347362,1,347361,Hermaeophaga mercurialis,"",eukaryota,false,,,,0.10855752452368758,1,,,90.0,40.0,10^-9.43554,,,,,,,,,,,,,,,,,,0
345571,2,345571,Melanaphis,"",eukaryota,false,,,,0.10855752452368758,1,,,91.304,46.0,10^-13.492,,,,,,,,,,,,,,,,,[742174],0
742174,1,345571,Melanaphis sacchari,"",eukaryota,false,,,,0.10855752452368758,1,,,91.304,46.0,10^-13.492,,,,,,,,,,,,,,,,,,0
344209,2,344209,Cleora,"",eukaryota,false,,,,0.21711504904737516,2,,,95.324,75.0,10^-33.8652,,,,,,,,,,,,,,,,,"[2821737, 1260533]",0
2821737,1,344209,Cleora sp. 2 LMR-2021a,"",eukaryota,false,,,,0.10855752452368758,1,,,94.595,74.0,10^-32.4987,,,,,,,,,,,,,,,,,,0
1260533,1,344209,Cleora herbuloti,"",eukaryota,false,,,,0.10855752452368758,1,,,96.053,76.0,10^-35.2318,,,,,,,,,,,,,,,,,,0
343801,2,343801,Lycostomus,"",eukaryota,false,,,,,,,,,,,,,,,,0.21711504904737516,2,,,95.9,24.5,10^-6.99538,,,,,[2548320],0
2548320,1,343801,Lycostomus kraatzi,"",eukaryota,false,,,,,,,,,,,,,,,,0.21711504904737516,2,,,95.9,24.5,10^-6.99538,,,,,,0
343582,2,343582,Nemotelus,"",eukaryota,false,,,,0.10855752452368758,1,,,89.474,76.0,10^-28.37,,,,,,,,,,,,,,,,,[343700],0
343700,1,343582,Nemotelus nigrinus,"",eukaryota,false,,,,0.10855752452368758,1,,,89.474,76.0,10^-28.37,,,,,,,,,,,,,,,,,,0
343581,2,343581,Hermetia,"",eukaryota,false,,,,0.759902671665813,7,,,92.19,51.2857,10^-16.8852,,,,,,4.993646128089629,46,,,96.4087,24.3913,10^-5.98985,,,,,[343691],0
343691,1,343581,Hermetia illucens,black soldier fly,eukaryota,false,,,,0.759902671665813,7,,,92.19,51.2857,10^-16.8852,,,,,,4.993646128089629,46,,,96.4087,24.3913,10^-5.98985,,,,,,0
334624,2,334624,Oppiella,"",eukaryota,false,,,,0.10855752452368758,1,,,93.478,46.0,10^-14.8643,,,,,,0.4342300980947503,4,,,92.0,24.25,10^-5.18409,,,,,[334625],0
334625,1,334624,Oppiella nova,"",eukaryota,false,,,,0.10855752452368758,1,,,93.478,46.0,10^-14.8643,,,,,,0.4342300980947503,4,,,92.0,24.25,10^-5.18409,,,,,,0
334002,2,334002,Lycocerus,"",eukaryota,false,,,,0.10855752452368758,1,,,92.308,52.0,10^-17.5558,,,,,,,,,,,,,,,,,[2055443],0
2055443,1,334002,Lycocerus sp. INB155,"",eukaryota,false,,,,0.10855752452368758,1,,,92.308,52.0,10^-17.5558,,,,,,,,,,,,,,,,,,0
332248,2,332248,Truepera,"",bacteria,false,,,,0.21711504904737516,2,,,95.1125,66.0,10^-28.4363,,,,,,,,,,,,,,,,,[332249],0
332249,1,332248,Truepera radiovictrix,"",bacteria,false,,,,0.21711504904737516,2,,,95.1125,66.0,10^-28.4363,,,,,,,,,,,,,,,,,,0
330843,2,330843,Ampulex,"",eukaryota,false,,,,,,,,,,,,,,,,0.3256725735710627,3,,,98.6,24.6667,10^-5.08479,,,,,[860918],0
860918,1,330843,Ampulex compressa,"",eukaryota,false,,,,,,,,,,,,,,,,0.3256725735710627,3,,,98.6,24.6667,10^-5.08479,,,,,,0
328864,2,328864,Urbanus,"",eukaryota,false,,,,0.10855752452368758,1,,,93.023,43.0,10^-12.8351,,,,,,,,,,,,,,,,,[355208],0
355208,1,328864,Urbanus simplicius,"",eukaryota,false,,,,0.10855752452368758,1,,,93.023,43.0,10^-12.8351,,,,,,,,,,,,,,,,,,0
326964,2,326964,Apocheima,"",eukaryota,false,,,,0.5427876226184379,5,,,91.8744,62.6,10^-22.8414,,,,,,,,,,,,,,,,,[722657],0
722657,1,326964,Apocheima hispidaria,"",eukaryota,false,,,,0.5427876226184379,5,,,91.8744,62.6,10^-22.8414,,,,,,,,,,,,,,,,,,0
326956,2,326956,Thera,"",eukaryota,false,,,,0.10855752452368758,1,,,86.301,73.0,10^-23.5842,,,,,,,,,,,,,,,,,[934896],0
934896,1,326956,Thera obeliscata,"",eukaryota,false,,,,0.10855752452368758,1,,,86.301,73.0,10^-23.5842,,,,,,,,,,,,,,,,,,0
326944,2,326944,Perizoma,"",eukaryota,false,,,,0.10855752452368758,1,,,92.308,39.0,10^-10.1327,,,,,,,,,,,,,,,,,[934819],0
934819,1,326944,Perizoma flavofasciatum,"",eukaryota,false,,,,0.10855752452368758,1,,,92.308,39.0,10^-10.1327,,,,,,,,,,,,,,,,,,0
326606,2,326606,Annulohypoxylon,"",eukaryota,false,,,,0.21711504904737516,2,,,93.0525,63.0,10^-24.3438,,,,,,0.21711504904737516,2,,,97.9,24.0,10^-6.81533,,,,,"[1927788, 327061, 326628, 326626]",0
1927788,1,326606,Annulohypoxylon maeteangense,"",eukaryota,false,,,,,,,,,,,,,,,,0.10855752452368758,1,,,95.8,24.0,10^-7.18575,,,,,,0
327061,1,326606,Annulohypoxylon truncatum,"",eukaryota,false,,,,0.10855752452368758,1,,,94.0,50.0,10^-17.5728,,,,,,,,,,,,,,,,,,0
326628,1,326606,Annulohypoxylon stygium,"",eukaryota,false,,,,0.10855752452368758,1,,,92.105,76.0,10^-31.1147,,,,,,,,,,,,,,,,,,0
326626,1,326606,Annulohypoxylon nitens,"",eukaryota,false,,,,,,,,,,,,,,,,0.10855752452368758,1,,,100.0,24.0,10^-6.44491,,,,,,0
323462,2,323462,Cardiodactylus,"",eukaryota,false,,,,,,,,,,,,,,,,0.10855752452368758,1,,,100.0,25.0,10^-7.58503,,,,,[2420271],0
2420271,1,323462,Cardiodactylus variegatus,"",eukaryota,false,,,,,,,,,,,,,,,,0.10855752452368758,1,,,100.0,25.0,10^-7.58503,,,,,,0
323311,2,323311,Leucozona,"",eukaryota,false,,,,0.3256725735710627,3,,,91.5553,48.0,10^-13.9437,,,,,,,,,,,,,,,,,[323312],0
323312,1,323311,Leucozona laternaria,"",eukaryota,false,,,,0.3256725735710627,3,,,91.5553,48.0,10^-13.9437,,,,,,,,,,,,,,,,,,0
322276,2,322276,Notiospathius,"",eukaryota,false,,,,0.10855752452368758,1,,,87.037,54.0,10^-14.7947,,,,,,,,,,,,,,,,,[1097074],0
1097074,1,322276,Notiospathius sp. BJS-2011,"",eukaryota,false,,,,0.10855752452368758,1,,,87.037,54.0,10^-14.7947,,,,,,,,,,,,,,,,,,0
320805,2,320805,Phelipanche,"",eukaryota,false,,,,,,,,,,,,,,,,0.10855752452368758,1,,,95.8,24.0,10^-6.46092,,,,,[46066],0
46066,1,320805,Phelipanche ramosa,"",eukaryota,false,,,,,,,,,,,,,,,,0.10855752452368758,1,,,95.8,24.0,10^-6.46092,,,,,,0
320465,2,320465,Aromia,"",eukaryota,false,,,,,,,,,,,,,,,,0.4342300980947503,4,,,92.675,24.0,10^-7.09782,,,,,[1265417],0
1265417,1,320465,Aromia moschata,"",eukaryota,false,,,,,,,,,,,,,,,,0.4342300980947503,4,,,92.675,24.0,10^-7.09782,,,,,,0
320360,2,320360,Taiwanofungus,"",eukaryota,false,,,,0.6513451471421254,6,,,99.342,75.3333,10^-38.2092,,,,,,,,,,,,,,,,,[2696576],0
2696576,1,320360,Taiwanofungus camphoratus,"",eukaryota,false,,,,0.6513451471421254,6,,,99.342,75.3333,10^-38.2092,,,,,,,,,,,,,,,,,,0
320101,2,320101,Conistra,"",eukaryota,false,,,,0.10855752452368758,1,,,89.189,37.0,10^-7.41084,,,,,,,,,,,,,,,,,[706635],0
706635,1,320101,Conistra vaccinii,"",eukaryota,false,,,,0.10855752452368758,1,,,89.189,37.0,10^-7.41084,,,,,,,,,,,,,,,,,,0
320087,2,320087,Euplexia,"",eukaryota,false,,,,0.21711504904737516,2,,,84.969,69.5,10^-20.519,,,,,,,,,,,,,,,,,[987933],0
987933,1,320087,Euplexia lucipara,"",eukaryota,false,,,,0.21711504904737516,2,,,84.969,69.5,10^-20.519,,,,,,,,,,,,,,,,,,0
320076,2,320076,Caradrina,"",eukaryota,false,,,,0.3256725735710627,3,,,93.7443,43.6667,10^-13.7496,,,,,,,,,,,,,,,,,"[987896, 987895]",0
987896,1,320076,Caradrina kadenii,"",eukaryota,false,,,,0.10855752452368758,1,,,94.444,54.0,10^-20.2842,,,,,,,,,,,,,,,,,,0
987895,1,320076,Caradrina clavipalpis,"",eukaryota,false,,,,0.21711504904737516,2,,,93.3945,38.5,10^-10.4823,,,,,,,,,,,,,,,,,,0
320033,2,320033,Diarsia,"",eukaryota,false,,,,0.10855752452368758,1,,,96.491,57.0,10^-23.6916,,,,,,,,,,,,,,,,,[987923],0
987923,1,320033,Diarsia brunnea,"",eukaryota,false,,,,0.10855752452368758,1,,,96.491,57.0,10^-23.6916,,,,,,,,,,,,,,,,,,0
320016,2,320016,Xestia,"",eukaryota,false,,,,0.3256725735710627,3,,,91.7443,50.6667,10^-16.2197,,,,,,,,,,,,,,,,,"[997545, 988043]",0
997545,1,320016,Xestia sexstrigata,"",eukaryota,false,,,,0.10855752452368758,1,,,90.789,76.0,10^-29.7423,,,,,,,,,,,,,,,,,,0
988043,1,320016,Xestia ashworthii,"",eukaryota,false,,,,0.21711504904737516,2,,,92.222,38.0,10^-9.45842,,,,,,,,,,,,,,,,,,0
319798,2,319798,Euproctis,"",eukaryota,false,,,,0.10855752452368758,1,,,88.333,60.0,10^-18.866,,,,,,,,,,,,,,,,,[987935],0
987935,1,319798,Euproctis similis,"",eukaryota,false,,,,0.10855752452368758,1,,,88.333,60.0,10^-18.866,,,,,,,,,,,,,,,,,,0
318808,2,318808,Acholoe,"",eukaryota,false,,,,0.10855752452368758,1,,,88.158,76.0,10^-26.9976,,,,,,,,,,,,,,,,,[2922911],0
2922911,1,318808,Acholoe squamosa,"",eukaryota,false,,,,0.10855752452368758,1,,,88.158,76.0,10^-26.9976,,,,,,,,,,,,,,,,,,0
318740,2,318740,Phlyctis,"",eukaryota,false,,,,0.21711504904737516,2,,,86.425,58.0,10^-16.1392,,,,,,,,,,,,,,,,,[1983619],0
1983619,1,318740,Phlyctis boliviensis,"",eukaryota,false,,,,0.21711504904737516,2,,,86.425,58.0,10^-16.1392,,,,,,,,,,,,,,,,,,0
317800,2,317800,Opifex,"",eukaryota,false,,,,,,,,,,,,,,,,2.822495637615877,26,,,92.475,111.5,10^-72.9265,,,,,[704161],0
704161,1,317800,Opifex fuscus,"",eukaryota,false,,,,,,,,,,,,,,,,2.822495637615877,26,,,92.475,111.5,10^-72.9265,,,,,,0
315556,2,315556,Clunio,"",eukaryota,false,,,,,,,,,,,,,,,,5.9706638488028165,55,,,95.7673,24.2727,10^-6.00267,,,,,[568069],0
568069,1,315556,Clunio marinus,"",eukaryota,false,,,,,,,,,,,,,,,,5.9706638488028165,55,,,95.7673,24.2727,10^-6.00267,,,,,,0
311453,2,311453,Anncaliia,"",eukaryota,false,,,,0.21711504904737516,2,,,81.2565,63.5,10^-11.6451,,,,,,,,,,,,,,,,,[723287],1
723287,1,311453,Anncaliia algerae,"",eukaryota,false,,,,0.21711504904737516,2,,,81.2565,63.5,10^-11.6451,,,,,,,,,,,,,,,,,,1
309576,2,309576,Ecdyonurus,"",eukaryota,false,,,,0.21711504904737516,2,,,94.9295,39.5,10^-11.843,,,,,,,,,,,,,,,,,[2014018],0
2014018,1,309576,Ecdyonurus torrentis,"",eukaryota,false,,,,0.21711504904737516,2,,,94.9295,39.5,10^-11.843,,,,,,,,,,,,,,,,,,0
309224,2,309224,Sternopriscus,"",eukaryota,false,,,,0.10855752452368758,1,,,86.842,76.0,10^-25.6252,,,,,,0.10855752452368758,1,,,100.0,22.0,10^-5.19044,,,,,"[932539, 932538]",0
932539,1,309224,Sternopriscus balkei,"",eukaryota,false,,,,,,,,,,,,,,,,0.10855752452368758,1,,,100.0,22.0,10^-5.19044,,,,,,0
932538,1,309224,Sternopriscus aquilonaris,"",eukaryota,false,,,,0.10855752452368758,1,,,86.842,76.0,10^-25.6252,,,,,,,,,,,,,,,,,,0
308736,2,308736,Mimomyia,"",eukaryota,false,,,,0.10855752452368758,1,,,90.667,75.0,10^-27.6895,,,,,,,,,,,,,,,,,[704170],0
704170,1,308736,Mimomyia luzonensis,"",eukaryota,false,,,,0.10855752452368758,1,,,90.667,75.0,10^-27.6895,,,,,,,,,,,,,,,,,,0
305546,2,305546,Thecophora,"",eukaryota,false,,,,0.9770177207131882,9,,,88.7578,70.1111,10^-24.5189,,,,,,,,,,,,,,,,,[1219171],0
1219171,1,305546,Thecophora atra,"",eukaryota,false,,,,0.9770177207131882,9,,,88.7578,70.1111,10^-24.5189,,,,,,,,,,,,,,,,,,0
305399,2,305399,Chrysoporthe,"",eukaryota,false,,,,0.10855752452368758,1,,,96.61,59.0,10^-25.049,,,,,,,,,,,,,,,,,[2029752],0
2029752,1,305399,Chrysoporthe puriensis,"",eukaryota,false,,,,0.10855752452368758,1,,,96.61,59.0,10^-25.049,,,,,,,,,,,,,,,,,,0
300855,2,300855,Bembecia,"",eukaryota,false,,,,0.21711504904737516,2,,,93.149,47.5,10^-15.1964,,,,,,,,,,,,,,,,,[301037],0
301037,1,300855,Bembecia ichneumoniformis,six-belted clearwing,eukaryota,false,,,,0.21711504904737516,2,,,93.149,47.5,10^-15.1964,,,,,,,,,,,,,,,,,,0
300110,2,300110,Temnothorax,"",eukaryota,false,,,,0.10855752452368758,1,,,97.222,36.0,10^-10.8537,,,,,,0.3256725735710627,3,,,90.8667,22.3333,10^-4.73003,,,,,"[300112, 300111]",0
300112,1,300110,Temnothorax longispinosus,"",eukaryota,false,,,,,,,,,,,,,,,,0.10855752452368758,1,,,82.6,23.0,10^-4.33161,,,,,,0
300111,1,300110,Temnothorax curvispinosus,"",eukaryota,false,,,,0.10855752452368758,1,,,97.222,36.0,10^-10.8537,,,,,,0.21711504904737516,2,,,95.0,22.0,10^-4.92923,,,,,,0
299330,2,299330,Lobosporangium,"",eukaryota,false,,,,0.10855752452368758,1,,,91.111,45.0,10^-12.8153,,,,,,,,,,,,,,,,,[64571],0
64571,1,299330,Lobosporangium transversale,"",eukaryota,false,,,,0.10855752452368758,1,,,91.111,45.0,10^-12.8153,,,,,,,,,,,,,,,,,,0
298272,2,298272,Orchestes,"",eukaryota,false,,,,0.21711504904737516,2,,,96.541,54.0,10^-21.6765,,,,,,,,,,,,,,,,,[878341],0
878341,1,298272,Orchestes rusci,"",eukaryota,false,,,,0.21711504904737516,2,,,96.541,54.0,10^-21.6765,,,,,,,,,,,,,,,,,,0
297978,2,297978,Mesopsocus,"",eukaryota,false,,,,0.21711504904737516,2,,,92.5345,50.0,10^-16.2182,,,,,,,,,,,,,,,,,[2866285],0
2866285,1,297978,Mesopsocus fuscifrons,"",eukaryota,false,,,,0.21711504904737516,2,,,92.5345,50.0,10^-16.2182,,,,,,,,,,,,,,,,,,0
297891,2,297891,Franklinothrips,"",eukaryota,false,,,,,,,,,,,,,,,,0.10855752452368758,1,,,100.0,25.0,10^-6.60555,,,,,[297892],0
297892,1,297891,Franklinothrips vespiformis,"",eukaryota,false,,,,,,,,,,,,,,,,0.10855752452368758,1,,,100.0,25.0,10^-6.60555,,,,,,0
295994,2,295994,Anaspis,"",eukaryota,false,,,,0.21711504904737516,2,,,89.474,76.0,10^-28.37,,,,,,,,,,,,,,,,,[295995],0
295995,1,295994,Anaspis maculata,"",eukaryota,false,,,,0.21711504904737516,2,,,89.474,76.0,10^-28.37,,,,,,,,,,,,,,,,,,0
295984,2,295984,Pyrochroa,"",eukaryota,false,,,,0.3256725735710627,3,,,89.011,40.6667,10^-9.43016,,,,,,,,,,,,,,,,,[346838],0
346838,1,295984,Pyrochroa serraticornis,"",eukaryota,false,,,,0.3256725735710627,3,,,89.011,40.6667,10^-9.43016,,,,,,,,,,,,,,,,,,0
295699,2,295699,Malachius,"",eukaryota,false,,,,0.10855752452368758,1,,,94.444,36.0,10^-9.48129,,,,,,,,,,,,,,,,,[295700],0
295700,1,295699,Malachius bipustulatus,"",eukaryota,false,,,,0.10855752452368758,1,,,94.444,36.0,10^-9.48129,,,,,,,,,,,,,,,,,,0
295666,2,295666,Lyctus,"",eukaryota,false,,,,,,,,,,,,,,,,0.10855752452368758,1,,,100.0,24.0,10^-8.34969,,,,,[2055445],0
2055445,1,295666,Lyctus sp. CSR070,"",eukaryota,false,,,,,,,,,,,,,,,,0.10855752452368758,1,,,100.0,24.0,10^-8.34969,,,,,,0
295659,2,295659,Lasioderma,"",eukaryota,false,,,,,,,,,,,,,,,,0.10855752452368758,1,,,91.3,23.0,10^-4.15864,,,,,[295660],0
295660,1,295659,Lasioderma serricorne,cigarette beetle,eukaryota,false,,,,,,,,,,,,,,,,0.10855752452368758,1,,,91.3,23.0,10^-4.15864,,,,,,0
295655,2,295655,Stegobium,"",eukaryota,false,,,,,,,,,,,,,,,,0.10855752452368758,1,,,95.8,24.0,10^-6.8729,,,,,[295656],0
295656,1,295655,Stegobium paniceum,drugstore beetle,eukaryota,false,,,,,,,,,,,,,,,,0.10855752452368758,1,,,95.8,24.0,10^-6.8729,,,,,,0
295523,2,295523,Derodontus,"",eukaryota,false,,,,,,,,,,,,,,,,0.10855752452368758,1,,,100.0,24.0,10^-5.87943,,,,,[2055390],0
2055390,1,295523,Derodontus sp. CSR091,"",eukaryota,false,,,,,,,,,,,,,,,,0.10855752452368758,1,,,100.0,24.0,10^-5.87943,,,,,,0
295228,2,295228,Mahanarva,"",eukaryota,false,,,,,,,,,,,,,,,,0.10855752452368758,1,,,87.5,24.0,10^-6.91009,,,,,[672148],0
672148,1,295228,Mahanarva fimbriolata,"",eukaryota,false,,,,,,,,,,,,,,,,0.10855752452368758,1,,,87.5,24.0,10^-6.91009,,,,,,0
294691,2,294691,Psylliodes,"",eukaryota,false,,,,0.21711504904737516,2,,,89.8025,39.0,10^-8.76049,,,,,,0.21711504904737516,2,,,93.85,24.5,10^-7.36537,,,,,[2598218],0
2598218,1,294691,Psylliodes chrysocephala,"",eukaryota,false,,,,0.21711504904737516,2,,,89.8025,39.0,10^-8.76049,,,,,,0.21711504904737516,2,,,93.85,24.5,10^-7.36537,,,,,,0
293340,2,293340,Grapholita,"",eukaryota,false,,,,0.10855752452368758,1,,,89.062,64.0,10^-21.5828,,,,,,,,,,,,,,,,,[192188],0
192188,1,293340,Grapholita molesta,oriental fruit moth,eukaryota,false,,,,0.10855752452368758,1,,,89.062,64.0,10^-21.5828,,,,,,,,,,,,,,,,,,0
292570,2,292570,Euclidia,"",eukaryota,false,,,,0.21711504904737516,2,,,89.0165,53.0,10^-14.1323,,,,,,,,,,,,,,,,,[938167],0
938167,1,292570,Euclidia mi,"",eukaryota,false,,,,0.21711504904737516,2,,,89.0165,53.0,10^-14.1323,,,,,,,,,,,,,,,,,,0
292447,2,292447,Micromalthus,"",eukaryota,false,,,,,,,,,,,,,,,,0.10855752452368758,1,,,96.0,25.0,10^-3.88606,,,,,[292448],0
292448,1,292447,Micromalthus debilis,"",eukaryota,false,,,,,,,,,,,,,,,,0.10855752452368758,1,,,96.0,25.0,10^-3.88606,,,,,,0
290678,2,290678,Cetonia,"",eukaryota,false,,,,0.21711504904737516,2,,,88.6755,53.0,10^-15.4891,,,,,,,,,,,,,,,,,[290679],0
290679,1,290678,Cetonia aurata,"",eukaryota,false,,,,0.21711504904737516,2,,,88.6755,53.0,10^-15.4891,,,,,,,,,,,,,,,,,,0
290671,2,290671,Ocypus,"",eukaryota,false,,,,0.759902671665813,7,,,93.0001,57.7143,10^-20.6646,,,,,,,,,,,,,,,,,[662956],0
662956,1,290671,Ocypus olens,"",eukaryota,false,,,,0.759902671665813,7,,,93.0001,57.7143,10^-20.6646,,,,,,,,,,,,,,,,,,0
290635,2,290635,Georissus,"",eukaryota,false,,,,,,,,,,,,,,,,0.10855752452368758,1,,,100.0,24.0,10^-7.39362,,,,,[292453],0
292453,1,290635,Georissus sp. APV-2005,"",eukaryota,false,,,,,,,,,,,,,,,,0.10855752452368758,1,,,100.0,24.0,10^-7.39362,,,,,,0
290403,2,290403,Eupeodes,"",eukaryota,false,,,,0.6513451471421254,6,,,91.165,56.6667,10^-18.4535,,,,,,1.6283628678553137,15,,,94.5267,24.5333,10^-6.43099,,,,,[290404],0
290404,1,290403,Eupeodes corollae,"",eukaryota,false,,,,0.6513451471421254,6,,,91.165,56.6667,10^-18.4535,,,,,,1.6283628678553137,15,,,94.5267,24.5333,10^-6.43099,,,,,,0
289280,2,289280,Arctia,"",eukaryota,false,,,,,,,,,,,,,,,,0.3256725735710627,3,,,90.6667,24.6667,10^-5.17281,,,,,[874455],0
874455,1,289280,Arctia plantaginis,"",eukaryota,false,,,,,,,,,,,,,,,,0.3256725735710627,3,,,90.6667,24.6667,10^-5.17281,,,,,,0
288802,2,288802,Tanytarsus,"",eukaryota,false,,,,,,,,,,,,,,,,0.10855752452368758,1,,,100.0,25.0,10^-4.4908,,,,,[1002500],0
1002500,1,288802,Tanytarsus tamagotoi,"",eukaryota,false,,,,,,,,,,,,,,,,0.10855752452368758,1,,,100.0,25.0,10^-4.4908,,,,,,0
288388,2,288388,Cerceris,"",eukaryota,false,,,,0.10855752452368758,1,,,85.526,76.0,10^-24.2529,,,,,,,,,,,,,,,,,[1167272],0
1167272,1,288388,Cerceris rybyensis,"",eukaryota,false,,,,0.10855752452368758,1,,,85.526,76.0,10^-24.2529,,,,,,,,,,,,,,,,,,0
287191,2,287191,Sesia,"",eukaryota,false,,,,0.4342300980947503,4,,,93.6495,63.75,10^-25.1959,,,,,,,,,,,,,,,,,[748215],0
748215,1,287191,Sesia apiformis,"",eukaryota,false,,,,0.4342300980947503,4,,,93.6495,63.75,10^-25.1959,,,,,,,,,,,,,,,,,,0
287110,2,287110,Zygaena,"",eukaryota,false,,,,0.10855752452368758,1,,,90.789,76.0,10^-29.7423,,,,,,,,,,,,,,,,,[287375],0
287375,1,287110,Zygaena filipendulae,"",eukaryota,false,,,,0.10855752452368758,1,,,90.789,76.0,10^-29.7423,,,,,,,,,,,,,,,,,,0
287107,2,287107,Apoda,"",eukaryota,false,,,,0.10855752452368758,1,,,84.444,45.0,10^-8.6982,,,,,,,,,,,,,,,,,[287200],0
287200,1,287107,Apoda limacodes,"",eukaryota,false,,,,0.10855752452368758,1,,,84.444,45.0,10^-8.6982,,,,,,,,,,,,,,,,,,0
287101,2,287101,Adscita,"",eukaryota,false,,,,,,,,,,,,,,,,0.10855752452368758,1,,,100.0,24.0,10^-5.6038,,,,,[753147],0
753147,1,287101,Adscita statices,"",eukaryota,false,,,,,,,,,,,,,,,,0.10855752452368758,1,,,100.0,24.0,10^-5.6038,,,,,,0
286705,2,286705,Halyomorpha,"",eukaryota,false,,,,0.10855752452368758,1,,,89.091,55.0,10^-16.8453,,,,,,0.4342300980947503,4,,,96.0,24.5,10^-6.06308,,,,,[286706],0
286706,1,286705,Halyomorpha halys,brown marmorated stink bug,eukaryota,false,,,,0.10855752452368758,1,,,89.091,55.0,10^-16.8453,,,,,,0.4342300980947503,4,,,96.0,24.5,10^-6.06308,,,,,,0
286681,2,286681,Ramazzottius,"",eukaryota,false,,,,,,,,,,,,,,,,0.21711504904737516,2,,,86.9,23.5,10^-4.87369,,,,,[947166],0
947166,1,286681,Ramazzottius varieornatus,"",eukaryota,false,,,,,,,,,,,,,,,,0.21711504904737516,2,,,86.9,23.5,10^-4.87369,,,,,,0
286498,2,286498,Palloptera,"",eukaryota,false,,,,4.233743456423816,39,,,83.265,142.0,10^-25.5263,,,,,,,,,,,,,,,,,[2849646],0
2849646,1,286498,Palloptera scutellata,"",eukaryota,false,,,,4.233743456423816,39,,,83.265,142.0,10^-25.5263,,,,,,,,,,,,,,,,,,0
286486,2,286486,Myopa,"",eukaryota,false,,,,1.3026902942842509,12,,,91.1712,61.0833,10^-21.6701,,,,,,,,,,,,,,,,,"[2867102, 2829445]",0
2867102,1,286486,Myopa testacea,"",eukaryota,false,,,,0.759902671665813,7,,,92.66,55.7143,10^-19.8889,,,,,,,,,,,,,,,,,,0
2829445,1,286486,Myopa tessellatipennis,"",eukaryota,false,,,,0.5427876226184379,5,,,89.0868,68.6,10^-24.1638,,,,,,,,,,,,,,,,,,0
286458,2,286458,Episyrphus,"",eukaryota,false,,,,0.6513451471421254,6,,,91.9597,59.3333,10^-21.1668,,,,,,4.01662840737644,37,,,96.0324,24.3243,10^-6.09358,,,,,[286459],0
286459,1,286458,Episyrphus balteatus,marmalade hoverfly,eukaryota,false,,,,0.6513451471421254,6,,,91.9597,59.3333,10^-21.1668,,,,,,4.01662840737644,37,,,96.0324,24.3243,10^-6.09358,,,,,,0
286455,2,286455,Conops,"",eukaryota,false,,,,0.8684601961895007,8,,,91.01,54.5,10^-17.3785,,,,,,,,,,,,,,,,,[2823188],0
2823188,1,286455,Conops quadrifasciatus,"",eukaryota,false,,,,0.8684601961895007,8,,,91.01,54.5,10^-17.3785,,,,,,,,,,,,,,,,,,0
286114,2,286114,Synchytrium,"",eukaryota,false,,,,,,,,,,,,,,,,0.10855752452368758,1,,,100.0,25.0,10^-7.15304,,,,,[286115],0
286115,1,286114,Synchytrium endobioticum,"",eukaryota,false,,,,,,,,,,,,,,,,0.10855752452368758,1,,,100.0,25.0,10^-7.15304,,,,,,0
285222,2,285222,Dascillus,"",eukaryota,false,,,,0.4342300980947503,4,,,88.9688,61.0,10^-19.8932,,,,,,,,,,,,,,,,,[285223],0
285223,1,285222,Dascillus cervinus,orchid beetle,eukaryota,false,,,,0.4342300980947503,4,,,88.9688,61.0,10^-19.8932,,,,,,,,,,,,,,,,,,0
281915,2,281915,Curvibacter,"",bacteria,false,,,,,,,,,,,,,,,,0.10855752452368758,1,,,87.5,24.0,10^-6.19382,,,,,[667019],0
667019,1,281915,Curvibacter putative symbiont of Hydra magnipapillata,"",bacteria,false,,,,,,,,,,,,,,,,0.10855752452368758,1,,,87.5,24.0,10^-6.19382,,,,,,0
279439,2,279439,Sisyra,"",eukaryota,false,,,,0.9770177207131882,9,,,89.2346,49.4444,10^-13.8551,,,,,,,,,,,,,,,,,"[1560625, 279440]",0
1560625,1,279439,Sisyra terminalis,"",eukaryota,false,,,,0.3256725735710627,3,,,87.2443,53.0,10^-14.587,,,,,,,,,,,,,,,,,,0
279440,1,279439,Sisyra nigra,"",eukaryota,false,,,,0.6513451471421254,6,,,90.2297,47.6667,10^-13.4891,,,,,,,,,,,,,,,,,,0
279271,2,279271,Leptotrombidium,"",eukaryota,false,,,,,,,,,,,,,,,,0.21711504904737516,2,,,96.0,25.0,10^-7.4959,,,,,[299467],0
299467,1,279271,Leptotrombidium deliense,"",eukaryota,false,,,,,,,,,,,,,,,,0.21711504904737516,2,,,96.0,25.0,10^-7.4959,,,,,,0
271773,2,271773,Alentia,"",eukaryota,false,,,,0.3256725735710627,3,,,90.2863,52.0,10^-15.7338,,,,,,,,,,,,,,,,,[271774],0
271774,1,271773,Alentia gelatinosa,"",eukaryota,false,,,,0.3256725735710627,3,,,90.2863,52.0,10^-15.7338,,,,,,,,,,,,,,,,,,0
271028,2,271028,Anisus,"",eukaryota,false,,,,0.21711504904737516,2,,,85.1785,48.0,10^-10.0487,,,,,,,,,,,,,,,,,[271030],0
271030,1,271028,Anisus vortex,"",eukaryota,false,,,,0.21711504904737516,2,,,85.1785,48.0,10^-10.0487,,,,,,,,,,,,,,,,,,0
270857,2,270857,Neodiprion,"",eukaryota,false,,,,0.4342300980947503,4,,,89.212,62.75,10^-21.0769,,,,,,0.759902671665813,7,,,97.6143,24.2857,10^-6.17135,,,,,"[2961670, 2872261, 441921]",0
2961670,1,270857,Neodiprion virginianus,"",eukaryota,false,,,,0.10855752452368758,1,,,88.889,63.0,10^-20.9034,,,,,,0.3256725735710627,3,,,100.0,24.6667,10^-6.67396,,,,,,0
2872261,1,270857,Neodiprion fabricii,"",eukaryota,false,,,,0.21711504904737516,2,,,88.525,61.0,10^-19.545,,,,,,0.4342300980947503,4,,,95.825,24.0,10^-5.79438,,,,,,0
441921,1,270857,Neodiprion lecontei,redheaded pine sawfly,eukaryota,false,,,,0.10855752452368758,1,,,90.909,66.0,10^-24.3141,,,,,,,,,,,,,,,,,,0
270467,2,270467,Neptis,"",eukaryota,false,,,,,,,,,,,,,,,,0.21711504904737516,2,,,89.5,23.5,10^-4.8514,,,,,"[2777761, 1401967]",0
2777761,1,270467,Neptis magadha,"",eukaryota,false,,,,,,,,,,,,,,,,0.10855752452368758,1,,,95.7,23.0,10^-5.451,,,,,,0
1401967,1,270467,Neptis anjana,"",eukaryota,false,,,,,,,,,,,,,,,,0.10855752452368758,1,,,83.3,24.0,10^-4.25181,,,,,,0
270056,2,270056,Splendeuptychia,"",eukaryota,false,,,,,,,,,,,,,,,,0.21711504904737516,2,,,100.0,23.0,10^-4.78971,,,,,[3022353],0
3022353,1,270056,Splendeuptychia salvini,"",eukaryota,false,,,,,,,,,,,,,,,,0.21711504904737516,2,,,100.0,23.0,10^-4.78971,,,,,,0
265382,2,265382,Polyommatus,"",eukaryota,false,,,,0.4342300980947503,4,,,94.1933,59.75,10^-23.5127,,,,,,,,,,,,,,,,,"[268653, 268636, 265386, 265366]",0
268653,1,265382,Polyommatus erschoffii,"",eukaryota,false,,,,0.10855752452368758,1,,,94.118,68.0,10^-28.4183,,,,,,,,,,,,,,,,,,0
268636,1,265382,Polyommatus damocles,"",eukaryota,false,,,,0.10855752452368758,1,,,94.03,67.0,10^-27.7385,,,,,,,,,,,,,,,,,,0
265386,1,265382,Polyommatus icarus,common blue,eukaryota,false,,,,0.10855752452368758,1,,,94.595,37.0,10^-10.1556,,,,,,,,,,,,,,,,,,0
265366,1,265382,Polyommatus antidolus,"",eukaryota,false,,,,0.10855752452368758,1,,,94.03,67.0,10^-27.7385,,,,,,,,,,,,,,,,,,0
265359,2,265359,Lycaena,"",eukaryota,false,,,,0.3256725735710627,3,,,87.0677,62.3333,10^-18.6263,,,,,,,,,,,,,,,,,[282391],0
282391,1,265359,Lycaena phlaeas,common copper,eukaryota,false,,,,0.3256725735710627,3,,,87.0677,62.3333,10^-18.6263,,,,,,,,,,,,,,,,,,0
264097,2,264097,Haplotrichum,"",eukaryota,false,,,,0.21711504904737516,2,,,97.9895,74.0,10^-35.9297,,,,,,,,,,,,,,,,,[264098],0
264098,1,264097,Haplotrichum conspersum,"",eukaryota,false,,,,0.21711504904737516,2,,,97.9895,74.0,10^-35.9297,,,,,,,,,,,,,,,,,,0
264086,2,264086,Amylocorticium,"",eukaryota,false,,,,0.10855752452368758,1,,,100.0,75.0,10^-38.6685,,,,,,,,,,,,,,,,,[264087],0
264087,1,264086,Amylocorticium cebennense,"",eukaryota,false,,,,0.10855752452368758,1,,,100.0,75.0,10^-38.6685,,,,,,,,,,,,,,,,,,0
263139,2,263139,Sitodiplosis,"",eukaryota,false,,,,0.6513451471421254,6,,,89.9273,60.1667,10^-20.1298,,,,,,2.4968230640448144,23,,,95.2043,24.3478,10^-5.7393,,,,,[263140],0
263140,1,263139,Sitodiplosis mosellana,orange wheat blossom midge,eukaryota,false,,,,0.6513451471421254,6,,,89.9273,60.1667,10^-20.1298,,,,,,2.4968230640448144,23,,,95.2043,24.3478,10^-5.7393,,,,,,0
262437,2,262437,Agonopterix,"",eukaryota,false,,,,0.10855752452368758,1,,,87.179,39.0,10^-7.38798,,,,,,,,,,,,,,,,,[1857958],0
1857958,1,262437,Agonopterix subpropinquella,"",eukaryota,false,,,,0.10855752452368758,1,,,87.179,39.0,10^-7.38798,,,,,,,,,,,,,,,,,,0
260289,2,260289,Asmicridea,"",eukaryota,false,,,,,,,,,,,,,,,,0.10855752452368758,1,,,95.7,23.0,10^-5.19654,,,,,[599787],0
599787,1,260289,Asmicridea grisea,"",eukaryota,false,,,,,,,,,,,,,,,,0.10855752452368758,1,,,95.7,23.0,10^-5.19654,,,,,,0
259541,2,259541,Plakobranchus,"",eukaryota,false,,,,,,,,,,,,,,,,0.21711504904737516,2,,,100.0,21.0,10^-4.38616,,,,,[259542],0
259542,1,259541,Plakobranchus ocellatus,"",eukaryota,false,,,,,,,,,,,,,,,,0.21711504904737516,2,,,100.0,21.0,10^-4.38616,,,,,,0
258329,2,258329,Ammothea,"",eukaryota,false,,,,,,,,,,,,,,,,0.10855752452368758,1,,,100.0,25.0,10^-8.44733,,,,,[2773431],0
2773431,1,258329,Ammothea sp. PYC011,"",eukaryota,false,,,,,,,,,,,,,,,,0.10855752452368758,1,,,100.0,25.0,10^-8.44733,,,,,,0
258075,2,258075,Eremomyces,"",eukaryota,false,,,,,,,,,,,,,,,,0.10855752452368758,1,,,96.0,25.0,10^-7.32148,,,,,[1341166],0
1341166,1,258075,Eremomyces bilateralis,"",eukaryota,false,,,,,,,,,,,,,,,,0.10855752452368758,1,,,96.0,25.0,10^-7.32148,,,,,,0
254717,2,254717,Chrysodeixis,"",eukaryota,false,,,,,,,,,,,,,,,,0.10855752452368758,1,,,58.3,24.0,10^-3.37882,,,,,[689277],0
689277,1,254717,Chrysodeixis includens,soybean looper,eukaryota,false,,,,,,,,,,,,,,,,0.10855752452368758,1,,,58.3,24.0,10^-3.37882,,,,,,0
254361,2,254361,Autographa,"",eukaryota,false,,,,0.21711504904737516,2,,,89.9305,74.0,10^-27.6957,,,,,,,,,,,,,,,,,[987893],0
987893,1,254361,Autographa pulchrina,"",eukaryota,false,,,,0.21711504904737516,2,,,89.9305,74.0,10^-27.6957,,,,,,,,,,,,,,,,,,0
254250,2,254250,Isoptericola,"",bacteria,false,,,,0.21711504904737516,2,,,77.5985,62.5,10^-10.9572,,,,,,0.4342300980947503,4,,,85.4,24.0,10^-5.63876,,,,,"[3024246, 1776856]",0
3024246,1,254250,Isoptericola sp. AK164,"",bacteria,false,,,,0.21711504904737516,2,,,77.5985,62.5,10^-10.9572,,,,,,,,,,,,,,,,,,0
1776856,1,254250,Isoptericola cucumis,"",bacteria,false,,,,,,,,,,,,,,,,0.4342300980947503,4,,,85.4,24.0,10^-5.63876,,,,,,0
253714,2,253714,Macropis,"",eukaryota,false,,,,0.4342300980947503,4,,,89.3152,62.25,10^-20.0611,,,,,,,,,,,,,,,,,[253715],0
253715,1,253714,Macropis europaea,"",eukaryota,false,,,,0.4342300980947503,4,,,89.3152,62.25,10^-20.0611,,,,,,,,,,,,,,,,,,0
252294,2,252294,Carposina,"",eukaryota,false,,,,1.6283628678553137,15,,,83.3229,145.333,10^-27.7543,,,,,,,,,,,,,,,,,[252295],0
252295,1,252294,Carposina sasakii,"",eukaryota,false,,,,1.6283628678553137,15,,,83.3229,145.333,10^-27.7543,,,,,,,,,,,,,,,,,,0
248898,2,248898,Ectropis,"",eukaryota,false,,,,,,,,,,,,,,,,0.10855752452368758,1,,,100.0,24.0,10^-8.45717,,,,,[1256320],0
1256320,1,248898,Ectropis bhurmitra,"",eukaryota,false,,,,,,,,,,,,,,,,0.10855752452368758,1,,,100.0,24.0,10^-8.45717,,,,,,0
248453,2,248453,Apolygus,"",eukaryota,false,,,,,,,,,,,,,,,,0.5427876226184379,5,,,97.5,23.0,10^-5.08565,,,,,[248454],0
248454,1,248453,Apolygus lucorum,"",eukaryota,false,,,,,,,,,,,,,,,,0.5427876226184379,5,,,97.5,23.0,10^-5.08565,,,,,,0
247604,2,247604,Machimus,"",eukaryota,false,,,,1.0855752452368759,10,,,90.4677,57.0,10^-18.7573,,,,,,,,,,,,,,,,,"[2794001, 1717430]",0
2794001,1,247604,Machimus atricapillus,"",eukaryota,false,,,,0.4342300980947503,4,,,89.7275,63.5,10^-21.5901,,,,,,,,,,,,,,,,,,0
1717430,1,247604,Machimus rusticus,"",eukaryota,false,,,,0.6513451471421254,6,,,90.9612,52.6667,10^-16.8687,,,,,,,,,,,,,,,,,,0
247414,2,247414,Ophonus,"",eukaryota,false,,,,0.21711504904737516,2,,,91.963,37.5,10^-9.12051,,,,,,,,,,,,,,,,,[247415],0
247415,1,247414,Ophonus ardosiacus,"",eukaryota,false,,,,0.21711504904737516,2,,,91.963,37.5,10^-9.12051,,,,,,,,,,,,,,,,,,0
245561,2,245561,Acidomyces,"",eukaryota,false,,,,,,,,,,,,,,,,0.10855752452368758,1,,,86.4,22.0,10^-4.92445,,,,,[245562],0
245562,1,245561,Acidomyces sp. 'richmondensis',"",eukaryota,false,,,,,,,,,,,,,,,,0.10855752452368758,1,,,86.4,22.0,10^-4.92445,,,,,,0
244978,2,244978,Nicoletia,"",eukaryota,false,,,,,,,,,,,,,,,,0.10855752452368758,1,,,100.0,24.0,10^-7.86328,,,,,[1350298],0
1350298,1,244978,Nicoletia phytophila,"",eukaryota,false,,,,,,,,,,,,,,,,0.10855752452368758,1,,,100.0,24.0,10^-7.86328,,,,,,0
243676,2,243676,Byssocorticium,"",eukaryota,false,,,,0.10855752452368758,1,,,100.0,76.0,10^-39.3489,,,,,,,,,,,,,,,,,[264125],0
264125,1,243676,Byssocorticium pulchrum,"",eukaryota,false,,,,0.10855752452368758,1,,,100.0,76.0,10^-39.3489,,,,,,,,,,,,,,,,,,0
242605,2,242605,Luteibacter,"",bacteria,false,,,,2.1711504904737517,20,,,99.5526,75.9,10^-38.8006,,,,,,,,,,,,,,,,,"[2911539, 2911538, 2911537, 2780091, 2589080, 242606]",0
2911539,1,242605,Luteibacter aegosomatissinici,"",bacteria,false,,,,0.10855752452368758,1,,,100.0,76.0,10^-39.3489,,,,,,,,,,,,,,,,,,0
2911538,1,242605,Luteibacter aegosomaticola,"",bacteria,false,,,,0.8684601961895007,8,,,99.671,75.75,10^-38.8357,,,,,,,,,,,,,,,,,,0
2911537,1,242605,Luteibacter aegosomatis,"",bacteria,false,,,,0.10855752452368758,1,,,100.0,75.0,10^-38.6685,,,,,,,,,,,,,,,,,,0
2780091,1,242605,Luteibacter flocculans,"",bacteria,false,,,,0.10855752452368758,1,,,100.0,76.0,10^-39.3489,,,,,,,,,,,,,,,,,,0
2589080,1,242605,Luteibacter pinisoli,"",bacteria,false,,,,0.4342300980947503,4,,,100.0,75.25,10^-38.8386,,,,,,,,,,,,,,,,,,0
242606,1,242605,Luteibacter rhizovicinus,"",bacteria,false,,,,0.5427876226184379,5,,,98.7368,76.8,10^-38.5211,,,,,,,,,,,,,,,,,,0
242508,2,242508,Dothistroma,"",eukaryota,false,,,,,,,,,,,,,,,,0.10855752452368758,1,,,80.0,25.0,10^-4.48812,,,,,[64363],0
64363,1,242508,Dothistroma septosporum,"",eukaryota,false,,,,,,,,,,,,,,,,0.10855752452368758,1,,,80.0,25.0,10^-4.48812,,,,,,0
242266,2,242266,Plebejus,"",eukaryota,false,,,,0.10855752452368758,1,,,90.909,44.0,10^-12.1389,,,,,,,,,,,,,,,,,[242267],0
242267,1,242266,Plebejus argus,"",eukaryota,false,,,,0.10855752452368758,1,,,90.909,44.0,10^-12.1389,,,,,,,,,,,,,,,,,,0
241477,2,241477,Soboliphyme,"",eukaryota,false,,,,,,,,,,,,,,,,0.10855752452368758,1,,,100.0,25.0,10^-6.96658,,,,,[241478],0
241478,1,241477,Soboliphyme baturini,"",eukaryota,false,,,,,,,,,,,,,,,,0.10855752452368758,1,,,100.0,25.0,10^-6.96658,,,,,,0
237584,2,237584,Teratosphaeria,"",eukaryota,false,,,,0.10855752452368758,1,,,87.931,58.0,10^-17.5084,,,,,,,,,,,,,,,,,[470147],0
470147,1,237584,Teratosphaeria epicoccoides,"",eukaryota,false,,,,0.10855752452368758,1,,,87.931,58.0,10^-17.5084,,,,,,,,,,,,,,,,,,0
237084,2,237084,Pilophorus,"",eukaryota,false,,,,0.21711504904737516,2,,,93.6895,54.0,10^-19.5992,,,,,,,,,,,,,,,,,[881727],0
881727,1,237084,Pilophorus perplexus,"",eukaryota,false,,,,0.21711504904737516,2,,,93.6895,54.0,10^-19.5992,,,,,,,,,,,,,,,,,,0
236948,2,236948,Leptopterna,"",eukaryota,false,,,,0.21711504904737516,2,,,88.627,60.5,10^-19.215,,,,,,,,,,,,,,,,,[881489],0
881489,1,236948,Leptopterna dolabrata,"",eukaryota,false,,,,0.21711504904737516,2,,,88.627,60.5,10^-19.215,,,,,,,,,,,,,,,,,,0
232799,2,232799,Iflavirus,"",viruses,false,,,,0.10855752452368758,1,,,97.368,76.0,10^-36.6042,,,,,,,,,,,,,,,,,[2970550],0
2970550,1,232799,Enontekio iflavirus,"",viruses,false,,,,0.10855752452368758,1,,,97.368,76.0,10^-36.6042,,,,,,,,,,,,,,,,,,0
231886,2,231886,Amblyteles,"",eukaryota,false,,,,0.10855752452368758,1,,,96.721,61.0,10^-26.4069,,,,,,,,,,,,,,,,,[231887],0
231887,1,231886,Amblyteles armatorius,"",eukaryota,false,,,,0.10855752452368758,1,,,96.721,61.0,10^-26.4069,,,,,,,,,,,,,,,,,,0
231878,2,231878,Buathra,"",eukaryota,false,,,,0.10855752452368758,1,,,85.526,76.0,10^-24.2529,,,,,,,,,,,,,,,,,[1419289],0
1419289,1,231878,Buathra laborator,"",eukaryota,false,,,,0.10855752452368758,1,,,85.526,76.0,10^-24.2529,,,,,,,,,,,,,,,,,,0
231623,2,231623,Rotaria,"",eukaryota,false,,,,,,,,,,,,,,,,2.931053162139565,27,,,98.8074,24.2593,10^-6.93982,,,,,"[2762512, 2762511, 392033, 392032, 392030]",0
2762512,1,231623,Rotaria sp. Silwood2,"",eukaryota,false,,,,,,,,,,,,,,,,0.759902671665813,7,,,97.1143,24.5714,10^-6.48293,,,,,,0
2762511,1,231623,Rotaria sp. Silwood1,"",eukaryota,false,,,,,,,,,,,,,,,,0.6513451471421254,6,,,100.0,24.3333,10^-6.85432,,,,,,0
392033,1,231623,Rotaria sordida,"",eukaryota,false,,,,,,,,,,,,,,,,0.10855752452368758,1,,,100.0,20.0,10^-3.4045,,,,,,0
392032,1,231623,Rotaria socialis,"",eukaryota,false,,,,,,,,,,,,,,,,0.3256725735710627,3,,,98.6667,23.6667,10^-6.44733,,,,,,0
392030,1,231623,Rotaria magnacalcarata,"",eukaryota,false,,,,,,,,,,,,,,,,1.0855752452368759,10,,,99.2,24.6,10^-7.81223,,,,,,0
231454,2,231454,Dyella,"",bacteria,false,,,,0.10855752452368758,1,,,100.0,76.0,10^-39.3489,,,,,,,,,,,,,,,,,[351360],0
351360,1,231454,uncultured Dyella sp.,"",bacteria,false,,,,0.10855752452368758,1,,,100.0,76.0,10^-39.3489,,,,,,,,,,,,,,,,,,0
227479,2,227479,Lochmaea,"",eukaryota,false,,,,0.10855752452368758,1,,,87.5,40.0,10^-8.06317,,,,,,,,,,,,,,,,,[1143063],0
1143063,1,227479,Lochmaea crataegi,"",eukaryota,false,,,,0.10855752452368758,1,,,87.5,40.0,10^-8.06317,,,,,,,,,,,,,,,,,,0
226991,2,226991,Cyphellophora,"",eukaryota,false,,,,0.10855752452368758,1,,,85.526,76.0,10^-24.2529,,,,,,,,,,,,,,,,,[293227],0
293227,1,226991,Cyphellophora europaea,"",eukaryota,false,,,,0.10855752452368758,1,,,85.526,76.0,10^-24.2529,,,,,,,,,,,,,,,,,,0
226177,2,226177,Baccha,"",eukaryota,false,,,,0.10855752452368758,1,,,88.158,76.0,10^-26.9976,,,,,,,,,,,,,,,,,[226178],0
226178,1,226177,Baccha elongata,"",eukaryota,false,,,,0.10855752452368758,1,,,88.158,76.0,10^-26.9976,,,,,,,,,,,,,,,,,,0
226148,2,226148,Volucella,"",eukaryota,false,,,,0.10855752452368758,1,,,79.31,58.0,10^-10.6465,,,,,,,,,,,,,,,,,[1352473],0
1352473,1,226148,Volucella bombylans,"",eukaryota,false,,,,0.10855752452368758,1,,,79.31,58.0,10^-10.6465,,,,,,,,,,,,,,,,,,0
226146,2,226146,Blera,"",eukaryota,false,,,,0.9770177207131882,9,,,92.2883,53.1111,10^-17.8652,,,,,,,,,,,,,,,,,[226147],0
226147,1,226146,Blera fallax,"",eukaryota,false,,,,0.9770177207131882,9,,,92.2883,53.1111,10^-17.8652,,,,,,,,,,,,,,,,,,0
224240,2,224240,Xylota,"",eukaryota,false,,,,0.21711504904737516,2,,,88.5235,60.5,10^-19.2203,,,,,,,,,,,,,,,,,[374264],0
374264,1,224240,Xylota sylvarum,"",eukaryota,false,,,,0.21711504904737516,2,,,88.5235,60.5,10^-19.2203,,,,,,,,,,,,,,,,,,0
224238,2,224238,Criorhina,"",eukaryota,false,,,,1.3026902942842509,12,,,90.6222,53.0,10^-16.7555,,,,,,,,,,,,,,,,,[1637456],0
1637456,1,224238,Criorhina ranunculi,"",eukaryota,false,,,,1.3026902942842509,12,,,90.6222,53.0,10^-16.7555,,,,,,,,,,,,,,,,,,0
224226,2,224226,Merodon,"",eukaryota,false,,,,0.10855752452368758,1,,,91.489,47.0,10^-14.1688,,,,,,,,,,,,,,,,,[511117],0
511117,1,224226,Merodon equestris,"",eukaryota,false,,,,0.10855752452368758,1,,,91.489,47.0,10^-14.1688,,,,,,,,,,,,,,,,,,0
224220,2,224220,Eumerus,"",eukaryota,false,,,,0.3256725735710627,3,,,87.1153,67.3333,10^-21.5648,,,,,,,,,,,,,,,,,[2867251],0
2867251,1,224220,Eumerus sabulonum,"",eukaryota,false,,,,0.3256725735710627,3,,,87.1153,67.3333,10^-21.5648,,,,,,,,,,,,,,,,,,0
224132,2,224132,Phyllotreta,"",eukaryota,false,,,,0.8684601961895007,8,,,89.2275,61.375,10^-19.8107,,,,,,0.21711504904737516,2,,,93.9,24.5,10^-4.51915,,,,,"[444603, 224133]",0
444603,1,224132,Phyllotreta striolata,"",eukaryota,false,,,,0.6513451471421254,6,,,89.3927,58.1667,10^-18.0914,,,,,,0.21711504904737516,2,,,93.9,24.5,10^-4.51915,,,,,,0
224133,1,224132,Phyllotreta cruciferae,"",eukaryota,false,,,,0.21711504904737516,2,,,88.732,71.0,10^-24.9686,,,,,,,,,,,,,,,,,,0
222002,2,222002,Lepidonotus,"",eukaryota,false,,,,0.10855752452368758,1,,,89.189,37.0,10^-7.41084,,,,,,,,,,,,,,,,,[1210411],0
1210411,1,222002,Lepidonotus clava,"",eukaryota,false,,,,0.10855752452368758,1,,,89.189,37.0,10^-7.41084,,,,,,,,,,,,,,,,,,0
221904,2,221904,Hydrotaea,"",eukaryota,false,,,,0.3256725735710627,3,,,90.145,50.6667,10^-15.2842,,,,,,,,,,,,,,,,,[559647],0
559647,1,221904,Hydrotaea cyrtoneurina,"",eukaryota,false,,,,0.3256725735710627,3,,,90.145,50.6667,10^-15.2842,,,,,,,,,,,,,,,,,,0
221285,2,221285,Westiellopsis,"",bacteria,false,,,,,,,,,,,,,,,,0.10855752452368758,1,,,83.3,24.0,10^-3.44612,,,,,[221298],0
221298,1,221285,Westiellopsis prolifica,"",bacteria,false,,,,,,,,,,,,,,,,0.10855752452368758,1,,,83.3,24.0,10^-3.44612,,,,,,0
221094,2,221094,Ctenicera,"",eukaryota,false,,,,0.4342300980947503,4,,,91.946,50.5,10^-16.201,,,,,,,,,,,,,,,,,[1132042],0
1132042,1,221094,Ctenicera cuprea,"",eukaryota,false,,,,0.4342300980947503,4,,,91.946,50.5,10^-16.201,,,,,,,,,,,,,,,,,,0
219549,2,219549,Suillia,"",eukaryota,false,,,,0.4342300980947503,4,,,90.4088,59.75,10^-20.4144,,,,,,,,,,,,,,,,,[1230148],0
1230148,1,219549,Suillia variegata,"",eukaryota,false,,,,0.4342300980947503,4,,,90.4088,59.75,10^-20.4144,,,,,,,,,,,,,,,,,,0
219538,2,219538,Scaeva,"",eukaryota,false,,,,0.21711504904737516,2,,,91.3765,56.5,10^-18.5766,,,,,,,,,,,,,,,,,[219539],0
219539,1,219538,Scaeva pyrastri,"",eukaryota,false,,,,0.21711504904737516,2,,,91.3765,56.5,10^-18.5766,,,,,,,,,,,,,,,,,,0
219536,2,219536,Lasiopogon,"",eukaryota,false,,,,,,,,,,,,,,,,0.10855752452368758,1,,,100.0,24.0,10^-8.99568,,,,,[2301405],0
2301405,1,219536,Lasiopogon gabrieli,"",eukaryota,false,,,,,,,,,,,,,,,,0.10855752452368758,1,,,100.0,24.0,10^-8.99568,,,,,,0
219520,2,219520,Stratiomys,"",eukaryota,false,,,,0.3256725735710627,3,,,87.4907,55.3333,10^-16.1731,,,,,,,,,,,,,,,,,[511597],0
511597,1,219520,Stratiomys singularior,"",eukaryota,false,,,,0.3256725735710627,3,,,87.4907,55.3333,10^-16.1731,,,,,,,,,,,,,,,,,,0
219504,2,219504,Asilus,"",eukaryota,false,,,,0.10855752452368758,1,,,96.053,76.0,10^-35.2318,,,,,,,,,,,,,,,,,[468697],0
468697,1,219504,Asilus crabroniformis,"",eukaryota,false,,,,0.10855752452368758,1,,,96.053,76.0,10^-35.2318,,,,,,,,,,,,,,,,,,0
219491,2,219491,Habrosyne,"",eukaryota,false,,,,0.10855752452368758,1,,,84.211,76.0,10^-22.8805,,,,,,,,,,,,,,,,,[721137],0
721137,1,219491,Habrosyne pyritoides,"",eukaryota,false,,,,0.10855752452368758,1,,,84.211,76.0,10^-22.8805,,,,,,,,,,,,,,,,,,0
219450,2,219450,Philonthus,"",eukaryota,false,,,,0.21711504904737516,2,,,89.845,54.5,10^-17.1928,,,,,,,,,,,,,,,,,[346820],0
346820,1,219450,Philonthus cognatus,"",eukaryota,false,,,,0.21711504904737516,2,,,89.845,54.5,10^-17.1928,,,,,,,,,,,,,,,,,,0
219389,2,219389,Tiphia,"",eukaryota,false,,,,0.4342300980947503,4,,,89.5598,47.25,10^-12.6357,,,,,,,,,,,,,,,,,[330862],0
330862,1,219389,Tiphia femorata,"",eukaryota,false,,,,0.4342300980947503,4,,,89.5598,47.25,10^-12.6357,,,,,,,,,,,,,,,,,,0
219362,2,219362,Bombylius,"",eukaryota,false,,,,0.3256725735710627,3,,,93.7357,45.6667,10^-14.6482,,,,,,,,,,,,,,,,,"[2741128, 240869]",0
2741128,1,219362,Bombylius discolor,"",eukaryota,false,,,,0.21711504904737516,2,,,92.9845,47.5,10^-15.2066,,,,,,,,,,,,,,,,,,0
240869,1,219362,Bombylius major,"",eukaryota,false,,,,0.10855752452368758,1,,,95.238,42.0,10^-13.5315,,,,,,,,,,,,,,,,,,0
219336,2,219336,Siphlonurus,"",eukaryota,false,,,,0.3256725735710627,3,,,88.355,57.6667,10^-16.3853,,,,,,,,,,,,,,,,,[248243],0
248243,1,219336,Siphlonurus alternatus,"",eukaryota,false,,,,0.3256725735710627,3,,,88.355,57.6667,10^-16.3853,,,,,,,,,,,,,,,,,,0
218770,2,218770,Thymelicus,"",eukaryota,false,,,,0.3256725735710627,3,,,94.9553,39.6667,10^-11.9553,,,,,,,,,,,,,,,,,"[876078, 272628]",0
876078,1,218770,Thymelicus acteon,"",eukaryota,false,,,,0.21711504904737516,2,,,94.872,39.0,10^-11.5051,,,,,,,,,,,,,,,,,,0
272628,1,218770,Thymelicus sylvestris,small skipper,eukaryota,false,,,,0.10855752452368758,1,,,95.122,41.0,10^-12.8557,,,,,,,,,,,,,,,,,,0
218743,2,218743,Ochlodes,"",eukaryota,false,,,,0.3256725735710627,3,,,89.4273,59.0,10^-18.6502,,,,,,,,,,,,,,,,,[876063],0
876063,1,218743,Ochlodes sylvanus,"",eukaryota,false,,,,0.3256725735710627,3,,,89.4273,59.0,10^-18.6502,,,,,,,,,,,,,,,,,,0
218734,2,218734,Hesperia,"",eukaryota,false,,,,0.4342300980947503,4,,,93.8717,43.5,10^-13.8659,,,,,,,,,,,,,,,,,[291688],0
291688,1,218734,Hesperia comma,common branded skipper,eukaryota,false,,,,0.4342300980947503,4,,,93.8717,43.5,10^-13.8659,,,,,,,,,,,,,,,,,,0
218719,2,218719,Carterocephalus,"",eukaryota,false,,,,0.21711504904737516,2,,,90.1575,63.5,10^-21.9378,,,,,,,,,,,,,,,,,[218720],0
218720,1,218719,Carterocephalus palaemon,Arctic skipper,eukaryota,false,,,,0.21711504904737516,2,,,90.1575,63.5,10^-21.9378,,,,,,,,,,,,,,,,,,0
218112,2,218112,Phellinidium,"",eukaryota,false,,,,0.10855752452368758,1,,,88.158,76.0,10^-26.9976,,,,,,,,,,,,,,,,,[167367],0
167367,1,218112,Phellinidium ferrugineofuscum,"",eukaryota,false,,,,0.10855752452368758,1,,,88.158,76.0,10^-26.9976,,,,,,,,,,,,,,,,,,0
217246,2,217246,Diorhabda,"",eukaryota,false,,,,0.5427876226184379,5,,,91.286,50.8,10^-15.9303,,,,,,0.21711504904737516,2,,,89.65,24.5,10^-5.99983,,,,,"[1163346, 1163345]",0
1163346,1,217246,Diorhabda sublineata,"",eukaryota,false,,,,0.3256725735710627,3,,,91.388,55.0,10^-18.2316,,,,,,0.10855752452368758,1,,,96.0,25.0,10^-7.55596,,,,,,0
1163345,1,217246,Diorhabda carinulata,"",eukaryota,false,,,,0.21711504904737516,2,,,91.133,44.5,10^-12.4784,,,,,,0.10855752452368758,1,,,83.3,24.0,10^-4.4437,,,,,,0
217164,2,217164,Caligus,"",eukaryota,false,,,,0.10855752452368758,1,,,94.0,50.0,10^-17.5728,,,,,,,,,,,,,,,,,[217165],0
217165,1,217164,Caligus rogercresseyi,"",eukaryota,false,,,,0.10855752452368758,1,,,94.0,50.0,10^-17.5728,,,,,,,,,,,,,,,,,,0
215249,2,215249,Acaromyces,"",eukaryota,false,,,,,,,,,,,,,,,,0.10855752452368758,1,,,95.8,24.0,10^-7.86967,,,,,[215250],0
215250,1,215249,Acaromyces ingoldii,"",eukaryota,false,,,,,,,,,,,,,,,,0.10855752452368758,1,,,95.8,24.0,10^-7.86967,,,,,,0
214966,2,214966,Desmophyllum,"",eukaryota,false,,,,,,,,,,,,,,,,0.10855752452368758,1,,,91.7,24.0,10^-7.86012,,,,,[174260],0
174260,1,214966,Desmophyllum pertusum,"",eukaryota,false,,,,,,,,,,,,,,,,0.10855752452368758,1,,,91.7,24.0,10^-7.86012,,,,,,0
214960,2,214960,Blastomussa,"",eukaryota,false,,,,0.10855752452368758,1,,,91.304,46.0,10^-13.492,,,,,,,,,,,,,,,,,[419443],0
419443,1,214960,Blastomussa wellsi,"",eukaryota,false,,,,0.10855752452368758,1,,,91.304,46.0,10^-13.492,,,,,,,,,,,,,,,,,,0
214313,2,214313,Polia,"",eukaryota,false,,,,0.5427876226184379,5,,,93.2438,53.2,10^-18.6555,,,,,,,,,,,,,,,,,[988024],0
988024,1,214313,Polia nebulosa,"",eukaryota,false,,,,0.5427876226184379,5,,,93.2438,53.2,10^-18.6555,,,,,,,,,,,,,,,,,,0
214310,2,214310,Phragmatobia,"",eukaryota,false,,,,0.21711504904737516,2,,,91.436,57.0,10^-18.9111,,,,,,,,,,,,,,,,,[214311],0
214311,1,214310,Phragmatobia fuliginosa,ruby tiger moth,eukaryota,false,,,,0.21711504904737516,2,,,91.436,57.0,10^-18.9111,,,,,,,,,,,,,,,,,,0
214308,2,214308,Pheosia,"",eukaryota,false,,,,0.4342300980947503,4,,,92.148,50.25,10^-16.0371,,,,,,,,,,,,,,,,,"[988019, 988018]",0
988019,1,214308,Pheosia tremula,"",eukaryota,false,,,,0.10855752452368758,1,,,88.889,63.0,10^-20.9034,,,,,,,,,,,,,,,,,,0
988018,1,214308,Pheosia gnoma,"",eukaryota,false,,,,0.3256725735710627,3,,,93.2343,46.0,10^-14.415,,,,,,,,,,,,,,,,,,0
214282,2,214282,Ochropleura,"",eukaryota,false,,,,0.10855752452368758,1,,,91.892,37.0,10^-8.78321,,,,,,,,,,,,,,,,,[1870131],0
1870131,1,214282,Ochropleura leucogaster,"",eukaryota,false,,,,0.10855752452368758,1,,,91.892,37.0,10^-8.78321,,,,,,,,,,,,,,,,,,0
214280,2,214280,Notodonta,"",eukaryota,false,,,,0.21711504904737516,2,,,88.606,54.0,10^-14.1215,,,,,,,,,,,,,,,,,[988002],0
988002,1,214280,Notodonta ziczac,"",eukaryota,false,,,,0.21711504904737516,2,,,88.606,54.0,10^-14.1215,,,,,,,,,,,,,,,,,,0
214276,2,214276,Noctua,"",eukaryota,false,,,,0.4342300980947503,4,,,93.0995,49.75,10^-16.7273,,,,,,,,,,,,,,,,,"[987995, 753202, 214277]",0
987995,1,214276,Noctua janthe,"",eukaryota,false,,,,0.10855752452368758,1,,,92.647,68.0,10^-27.0459,,,,,,,,,,,,,,,,,,0
753202,1,214276,Noctua fimbriata,"",eukaryota,false,,,,0.10855752452368758,1,,,94.737,38.0,10^-10.8302,,,,,,,,,,,,,,,,,,0
214277,1,214276,Noctua pronuba,large yellow underwing,eukaryota,false,,,,0.21711504904737516,2,,,92.507,46.5,10^-14.5166,,,,,,,,,,,,,,,,,,0
214193,2,214193,Lomographa,"",eukaryota,false,,,,0.3256725735710627,3,,,86.0057,58.3333,10^-16.3699,,,,,,,,,,,,,,,,,[393326],0
393326,1,214193,Lomographa bimaculata,white-pinioned spotted,eukaryota,false,,,,0.3256725735710627,3,,,86.0057,58.3333,10^-16.3699,,,,,,,,,,,,,,,,,,0
214189,2,214189,Lobophora,"",eukaryota,false,,,,0.21711504904737516,2,,,94.3685,44.0,10^-14.2015,,,,,,,,,,,,,,,,,[934876],0
934876,1,214189,Lobophora halterata,"",eukaryota,false,,,,0.21711504904737516,2,,,94.3685,44.0,10^-14.2015,,,,,,,,,,,,,,,,,,0
214137,2,214137,Eupithecia,"",eukaryota,false,,,,1.0855752452368759,10,,,90.5541,50.1,10^-15.0402,,,,,,,,,,,,,,,,,"[934866, 934847, 934845]",0
934866,1,214137,Eupithecia vulgata,"",eukaryota,false,,,,0.759902671665813,7,,,91.8697,46.2857,10^-14.0798,,,,,,,,,,,,,,,,,,0
934847,1,214137,Eupithecia exiguata,"",eukaryota,false,,,,0.10855752452368758,1,,,85.135,74.0,10^-22.8921,,,,,,,,,,,,,,,,,,0
934845,1,214137,Eupithecia dodoneata,"",eukaryota,false,,,,0.21711504904737516,2,,,88.659,51.5,10^-14.4757,,,,,,,,,,,,,,,,,,0
214132,2,214132,Eulithis,"",eukaryota,false,,,,0.10855752452368758,1,,,89.831,59.0,10^-19.5595,,,,,,,,,,,,,,,,,[934839],0
934839,1,214132,Eulithis prunata,"",eukaryota,false,,,,0.10855752452368758,1,,,89.831,59.0,10^-19.5595,,,,,,,,,,,,,,,,,,0
214128,2,214128,Ennomos,"",eukaryota,false,,,,0.10855752452368758,1,,,90.625,64.0,10^-22.9551,,,,,,,,,,,,,,,,,[722662],0
722662,1,214128,Ennomos fuscantarius,dusky thorn,eukaryota,false,,,,0.10855752452368758,1,,,90.625,64.0,10^-22.9551,,,,,,,,,,,,,,,,,,0
214089,2,214089,Clostera,"",eukaryota,false,,,,0.10855752452368758,1,,,90.698,43.0,10^-11.4627,,,,,,,,,,,,,,,,,[987902],0
987902,1,214089,Clostera curtula,"",eukaryota,false,,,,0.10855752452368758,1,,,90.698,43.0,10^-11.4627,,,,,,,,,,,,,,,,,,0
213865,2,213865,Eciton,"",eukaryota,false,,,,,,,,,,,,,,,,0.21711504904737516,2,,,100.0,24.5,10^-6.42204,,,,,[213866],0
213866,1,213865,Eciton burchellii,"",eukaryota,false,,,,,,,,,,,,,,,,0.21711504904737516,2,,,100.0,24.5,10^-6.42204,,,,,,0
212744,2,212744,Rugamonas,"",bacteria,false,,,,0.10855752452368758,1,,,90.566,53.0,10^-16.8614,,,,,,,,,,,,,,,,,[3039386],0
3039386,1,212744,Rugamonas sp. DEMB1,"",bacteria,false,,,,0.10855752452368758,1,,,90.566,53.0,10^-16.8614,,,,,,,,,,,,,,,,,,0
212578,2,212578,Cleptes,"",eukaryota,false,,,,,,,,,,,,,,,,0.10855752452368758,1,,,100.0,25.0,10^-5.73755,,,,,[2083349],0
2083349,1,212578,Cleptes dahlbomi,"",eukaryota,false,,,,,,,,,,,,,,,,0.10855752452368758,1,,,100.0,25.0,10^-5.73755,,,,,,0
210245,2,210245,Acrocera,"",eukaryota,false,,,,0.3256725735710627,3,,,90.1907,51.3333,10^-15.2977,,,,,,,,,,,,,,,,,[210248],0
210248,1,210245,Acrocera orbiculus,"",eukaryota,false,,,,0.3256725735710627,3,,,90.1907,51.3333,10^-15.2977,,,,,,,,,,,,,,,,,,0
209260,2,209260,Swaminathania,"",bacteria,false,,,,0.10855752452368758,1,,,100.0,76.0,10^-39.3489,,,,,,,,,,,,,,,,,[182838],0
182838,1,209260,Swaminathania salitolerans,"",bacteria,false,,,,0.10855752452368758,1,,,100.0,76.0,10^-39.3489,,,,,,,,,,,,,,,,,,0
208207,2,208207,Tropilaelaps,"",eukaryota,false,,,,,,,,,,,,,,,,0.21711504904737516,2,,,95.45,23.0,10^-4.62328,,,,,[418985],0
418985,1,208207,Tropilaelaps mercedesae,"",eukaryota,false,,,,,,,,,,,,,,,,0.21711504904737516,2,,,95.45,23.0,10^-4.62328,,,,,,0
204943,2,204943,Cryptocephalus,"",eukaryota,false,,,,0.21711504904737516,2,,,93.0555,48.0,10^-15.546,,,,,,,,,,,,,,,,,[204949],0
204949,1,204943,Cryptocephalus moraei,"",eukaryota,false,,,,0.21711504904737516,2,,,93.0555,48.0,10^-15.546,,,,,,,,,,,,,,,,,,0
204037,2,204037,Dickeya,"",bacteria,false,,,,0.3256725735710627,3,,,93.3467,68.3333,10^-28.1934,,,,,,,,,,,,,,,,,"[568768, 204042, 204038]",0
568768,1,204037,Dickeya poaceiphila,"",bacteria,false,,,,0.10855752452368758,1,,,89.474,76.0,10^-28.37,,,,,,,,,,,,,,,,,,0
204042,1,204037,Dickeya zeae,"",bacteria,false,,,,0.10855752452368758,1,,,100.0,76.0,10^-39.3489,,,,,,,,,,,,,,,,,,0
204038,1,204037,Dickeya dadantii,"",bacteria,false,,,,0.10855752452368758,1,,,90.566,53.0,10^-16.8614,,,,,,,,,,,,,,,,,,0
203780,2,203780,Glaucopsyche,"",eukaryota,false,,,,0.4342300980947503,4,,,89.1513,44.25,10^-11.2892,,,,,,,,,,,,,,,,,[203781],0
203781,1,203780,Glaucopsyche alexis,green-underside blue,eukaryota,false,,,,0.4342300980947503,4,,,89.1513,44.25,10^-11.2892,,,,,,,,,,,,,,,,,,0
202696,2,202696,Jaapia,"",eukaryota,false,,,,,,,,,,,,,,,,0.10855752452368758,1,,,100.0,25.0,10^-9.33068,,,,,[202697],0
202697,1,202696,Jaapia argillacea,"",eukaryota,false,,,,,,,,,,,,,,,,0.10855752452368758,1,,,100.0,25.0,10^-9.33068,,,,,,0
202694,2,202694,Phellodon,"",eukaryota,false,,,,0.21711504904737516,2,,,99.342,76.0,10^-38.6628,,,,,,,,,,,,,,,,,"[2836981, 137748]",0
2836981,1,202694,Phellodon stramineus,"",eukaryota,false,,,,0.10855752452368758,1,,,100.0,76.0,10^-39.3489,,,,,,,,,,,,,,,,,,0
137748,1,202694,Phellodon fuligineoalbus,"",eukaryota,false,,,,0.10855752452368758,1,,,98.684,76.0,10^-37.9766,,,,,,,,,,,,,,,,,,0
201855,2,201855,Ceutorhynchus,"",eukaryota,false,,,,,,,,,,,,,,,,0.10855752452368758,1,,,72.0,25.0,10^-3.48149,,,,,[467358],0
467358,1,201855,Ceutorhynchus assimilis,cabbage seed weevil,eukaryota,false,,,,,,,,,,,,,,,,0.10855752452368758,1,,,72.0,25.0,10^-3.48149,,,,,,0
200916,2,200916,Acanthoscelides,"",eukaryota,false,,,,,,,,,,,,,,,,2.279708014997439,21,,,97.6571,24.0476,10^-6.48615,,,,,[200917],0
200917,1,200916,Acanthoscelides obtectus,"",eukaryota,false,,,,,,,,,,,,,,,,2.279708014997439,21,,,97.6571,24.0476,10^-6.48615,,,,,,0
200613,2,200613,Anoplius,"",eukaryota,false,,,,0.3256725735710627,3,,,91.376,61.3333,10^-21.6099,,,,,,,,,,,,,,,,,[1667466],0
1667466,1,200613,Anoplius nigerrimus,"",eukaryota,false,,,,0.3256725735710627,3,,,91.376,61.3333,10^-21.6099,,,,,,,,,,,,,,,,,,0
199487,2,199487,Hyalella,"",eukaryota,false,,,,,,,,,,,,,,,,0.10855752452368758,1,,,96.0,25.0,10^-6.87943,,,,,[294128],0
294128,1,199487,Hyalella azteca,"",eukaryota,false,,,,,,,,,,,,,,,,0.10855752452368758,1,,,96.0,25.0,10^-6.87943,,,,,,0
198633,2,198633,Eristalis,"",eukaryota,false,,,,1.7369203923790013,16,,,90.8,55.3125,10^-17.8386,,,,,,,,,,,,,,,,,"[1572519, 1124515, 198635]",0
1572519,1,198633,Eristalis pertinax,"",eukaryota,false,,,,0.4342300980947503,4,,,92.1825,52.25,10^-17.3908,,,,,,,,,,,,,,,,,,0
1124515,1,198633,Eristalis arbustorum,"",eukaryota,false,,,,0.6513451471421254,6,,,90.8502,53.6667,10^-17.3213,,,,,,,,,,,,,,,,,,0
198635,1,198633,Eristalis tenax,drone fly,eukaryota,false,,,,0.6513451471421254,6,,,89.8282,59.0,10^-18.6545,,,,,,,,,,,,,,,,,,0
198464,2,198464,Strumigenys,"",eukaryota,false,,,,,,,,,,,,,,,,0.10855752452368758,1,,,100.0,25.0,10^-7.67572,,,,,[493225],0
493225,1,198464,Strumigenys propiciens,"",eukaryota,false,,,,,,,,,,,,,,,,0.10855752452368758,1,,,100.0,25.0,10^-7.67572,,,,,,0
197151,2,197151,Cloeon,"",eukaryota,false,,,,4.125185931900128,38,,,84.9572,78.8158,10^-11.1034,,,,,,0.6513451471421254,6,,,97.2333,24.3333,10^-6.20367,,,,,[197152],0
197152,1,197151,Cloeon dipterum,"",eukaryota,false,,,,4.125185931900128,38,,,84.9572,78.8158,10^-11.1034,,,,,,0.6513451471421254,6,,,97.2333,24.3333,10^-6.20367,,,,,,0
195882,2,195882,Laodelphax,"",eukaryota,false,,,,,,,,,,,,,,,,1.519805343331626,14,,,95.0357,23.9286,10^-6.42891,,,,,[195883],0
195883,1,195882,Laodelphax striatellus,small brown planthopper,eukaryota,false,,,,,,,,,,,,,,,,1.519805343331626,14,,,95.0357,23.9286,10^-6.42891,,,,,,0
195556,2,195556,Coptoborus,"",eukaryota,false,,,,,,,,,,,,,,,,0.10855752452368758,1,,,100.0,25.0,10^-6.78516,,,,,[2927604],0
2927604,1,195556,Coptoborus pristis,"",eukaryota,false,,,,,,,,,,,,,,,,0.10855752452368758,1,,,100.0,25.0,10^-6.78516,,,,,,0
195285,2,195285,Ptilodactyla,"",eukaryota,false,,,,,,,,,,,,,,,,0.10855752452368758,1,,,100.0,25.0,10^-7.66354,,,,,[2055516],0
2055516,1,195285,Ptilodactyla sp. INB015,"",eukaryota,false,,,,,,,,,,,,,,,,0.10855752452368758,1,,,100.0,25.0,10^-7.66354,,,,,,0
195223,2,195223,Malthinus,"",eukaryota,false,,,,0.21711504904737516,2,,,89.9295,54.5,10^-17.1928,,,,,,,,,,,,,,,,,[195224],0
195224,1,195223,Malthinus flaveolus,"",eukaryota,false,,,,0.21711504904737516,2,,,89.9295,54.5,10^-17.1928,,,,,,,,,,,,,,,,,,0
195164,2,195164,Agrilus,"",eukaryota,false,,,,0.759902671665813,7,,,93.3327,48.8571,10^-16.0203,,,,,,1.1941327697605633,11,,,95.4727,24.2727,10^-5.9222,,,,,"[1586972, 224129]",0
1586972,1,195164,Agrilus cyanescens,"",eukaryota,false,,,,0.5427876226184379,5,,,94.0522,46.4,10^-15.41,,,,,,,,,,,,,,,,,,0
224129,1,195164,Agrilus planipennis,emerald ash borer,eukaryota,false,,,,0.21711504904737516,2,,,91.534,55.0,10^-17.546,,,,,,1.1941327697605633,11,,,95.4727,24.2727,10^-5.9222,,,,,,0
192992,2,192992,Thermoleophilum,"",bacteria,false,,,,0.4342300980947503,4,,,87.237,50.75,10^-13.2786,,,,,,,,,,,,,,,,,[29539],0
29539,1,192992,Thermoleophilum album,"",bacteria,false,,,,0.4342300980947503,4,,,87.237,50.75,10^-13.2786,,,,,,,,,,,,,,,,,,0
192486,2,192486,Condylostylus,"",eukaryota,false,,,,0.21711504904737516,2,,,88.36,38.5,10^-7.73671,,,,,,3.1481682111869396,29,,,97.7345,24.2414,10^-6.1483,,,,,[2530218],0
2530218,1,192486,Condylostylus longicornis,"",eukaryota,false,,,,0.21711504904737516,2,,,88.36,38.5,10^-7.73671,,,,,,3.1481682111869396,29,,,97.7345,24.2414,10^-6.1483,,,,,,0
192463,2,192463,Phthorimaea,"",eukaryota,false,,,,,,,,,,,,,,,,0.3256725735710627,3,,,91.3667,23.6667,10^-5.17542,,,,,[192464],0
192464,1,192463,Phthorimaea operculella,potato tuberworm,eukaryota,false,,,,,,,,,,,,,,,,0.3256725735710627,3,,,91.3667,23.6667,10^-5.17542,,,,,,0
192459,2,192459,Tricholauxania,"",eukaryota,false,,,,0.10855752452368758,1,,,87.692,65.0,10^-20.8898,,,,,,,,,,,,,,,,,[1824988],0
1824988,1,192459,Tricholauxania praeusta,"",eukaryota,false,,,,0.10855752452368758,1,,,87.692,65.0,10^-20.8898,,,,,,,,,,,,,,,,,,0
192449,2,192449,Rhingia,"",eukaryota,false,,,,0.3256725735710627,3,,,86.5307,73.6667,10^-24.0381,,,,,,,,,,,,,,,,,[2721518],0
2721518,1,192449,Rhingia rostrata,"",eukaryota,false,,,,0.3256725735710627,3,,,86.5307,73.6667,10^-24.0381,,,,,,,,,,,,,,,,,,0
192440,2,192440,Meghyperus,"",eukaryota,false,,,,,,,,,,,,,,,,0.10855752452368758,1,,,92.0,25.0,10^-5.25885,,,,,[192519],0
192519,1,192440,Meghyperus sudeticus,"",eukaryota,false,,,,,,,,,,,,,,,,0.10855752452368758,1,,,92.0,25.0,10^-5.25885,,,,,,0
192190,2,192190,Pandemis,"",eukaryota,false,,,,0.10855752452368758,1,,,97.368,38.0,10^-12.2026,,,,,,,,,,,,,,,,,[753214],0
753214,1,192190,Pandemis cinnamomeana,"",eukaryota,false,,,,0.10855752452368758,1,,,97.368,38.0,10^-12.2026,,,,,,,,,,,,,,,,,,0
190765,2,190765,Ochlerotatus,"",eukaryota,false,,,,3948.345724451041,36371,,,98.1329,526.866,10^-242.705,,,,,,137.3252685224648,1265,,,86.3821,128.173,10^-75.2609,,,,,"[2067447, 1874498, 1640878, 1529939, 1315706, 1205936, 1197337, 1197336, 873164, 767797, 743691, 658031, 571210, 569589, 329105, 310513, 228920, 228918, 228917, 173086, 120878, 120877, 120873, 120870, 104516, 7162]",0
2067447,1,190765,Ochlerotatus dupreei,"",eukaryota,false,,,,0.5427876226184379,5,,,99.207,67.4,10^-32.4073,,,,,,,,,,,,,,,,,,0
1874498,1,190765,Ochlerotatus sp. 4DS,"",eukaryota,false,,,,0.759902671665813,7,,,93.3517,73.1429,10^-29.7591,,,,,,0.10855752452368758,1,,,95.8,24.0,10^-4.08991,,,,,,0
1640878,1,190765,Ochlerotatus pertinax,"",eukaryota,false,,,,3137.203901210047,28899,,,98.9368,664.369,10^-307.351,,,,,,,,,,,,,,,,,,0
1529939,1,190765,Ochlerotatus pulcritarsis,"",eukaryota,false,,,,2.3882655395211265,22,,,97.8857,68.3182,10^-32.0761,,,,,,,,,,,,,,,,,,0
1315706,1,190765,Ochlerotatus churchillensis,"",eukaryota,false,,,,0.10855752452368758,1,,,100.0,48.0,10^-20.3353,,,,,,,,,,,,,,,,,,0
1205936,1,190765,Ochlerotatus atlanticus,"",eukaryota,false,,,,0.21711504904737516,2,,,94.079,76.0,10^-33.1733,,,,,,,,,,,,,,,,,,0
1197337,1,190765,Ochlerotatus theobaldi,"",eukaryota,false,,,,0.6513451471421254,6,,,91.5093,71.1667,10^-27.5998,,,,,,0.759902671665813,7,,,88.1857,24.2857,10^-5.92415,,,,,,0
1197336,1,190765,Ochlerotatus procax,"",eukaryota,false,,,,0.6513451471421254,6,,,89.3797,74.0,10^-27.2385,,,,,,0.21711504904737516,2,,,93.9,24.5,10^-6.51241,,,,,,0
873164,1,190765,Ochlerotatus serratus,"",eukaryota,false,,,,275.8446698146901,2541,,,98.0798,130.651,10^-61.7106,,,,,,,,,,,,,,,,,,0
767797,1,190765,Ochlerotatus hexodontus,"",eukaryota,false,,,,0.10855752452368758,1,,,94.521,73.0,10^-31.8184,,,,,,,,,,,,,,,,,,0
743691,1,190765,Ochlerotatus fitchii,"",eukaryota,false,,,,0.21711504904737516,2,,,100.0,44.0,10^-17.6284,,,,,,,,,,,,,,,,,,0
658031,1,190765,Ochlerotatus fluviatilis,"",eukaryota,false,,,,1.519805343331626,14,,,92.3688,65.2143,10^-25.2597,,,,,,2.062592965950064,19,,,92.482,38.8421,10^-15.0209,,,,,,0
571210,1,190765,Ochlerotatus scapularis,"",eukaryota,false,,,,9.87873473165557,91,,,98.8507,69.7831,10^-33.986,,,,,,,,,,,,,,,,,,0
569589,1,190765,Ochlerotatus vigilax,"",eukaryota,false,,,,0.6513451471421254,6,,,89.7895,59.6667,10^-19.5698,,,,,,2.4968230640448144,23,,,87.8807,75.7826,10^-42.8126,,,,,,0
329105,1,190765,Ochlerotatus taeniorhynchus,"",eukaryota,false,,,,74.47046182324968,686,,,89.6267,225.102,10^-69.2591,,,,,,106.7120466067849,983,,,85.3273,125.427,10^-74.9061,,,,,,0
310513,1,190765,Ochlerotatus sollicitans,eastern saltmarsh mosquito,eukaryota,false,,,,1.6283628678553137,15,,,94.1097,74.8667,10^-32.5396,,,,,,1.0855752452368759,10,,,95.91,24.3,10^-5.70899,,,,,,0
228920,1,190765,Ochlerotatus grossbecki,"",eukaryota,false,,,,0.10855752452368758,1,,,95.588,68.0,10^-29.7906,,,,,,,,,,,,,,,,,,0
228918,1,190765,Ochlerotatus trivittatus,"",eukaryota,false,,,,115.17953351963251,1061,,,98.5213,238.185,10^-114.113,,,,,,,,,,,,,,,,,,0
228917,1,190765,Ochlerotatus canadensis,"",eukaryota,false,,,,0.10855752452368758,1,,,100.0,60.0,10^-28.4726,,,,,,,,,,,,,,,,,,0
173086,1,190765,Ochlerotatus epactius,"",eukaryota,false,,,,5.86210632427913,54,,,81.8092,258.537,10^-50.8312,,,,,,0.21711504904737516,2,,,93.75,24.0,10^-4.10297,,,,,,0
120878,1,190765,Ochlerotatus sticticus,"",eukaryota,false,,,,1.9540354414263763,18,,,97.4562,72.8889,10^-34.6426,,,,,,,,,,,,,,,,,,0
120877,1,190765,Ochlerotatus rusticus,"",eukaryota,false,,,,0.21711504904737516,2,,,98.6665,61.5,10^-28.1295,,,,,,,,,,,,,,,,,,0
120873,1,190765,Ochlerotatus detritus,"",eukaryota,false,,,,0.21711504904737516,2,,,96.693,75.5,10^-35.5778,,,,,,,,,,,,,,,,,,0
120870,1,190765,Ochlerotatus caspius,"",eukaryota,false,,,,2.062592965950064,19,,,97.2745,60.2105,10^-26.5344,,,,,,0.10855752452368758,1,,,95.8,24.0,10^-4.48812,,,,,,0
104516,1,190765,Ochlerotatus hendersoni,"",eukaryota,false,,,,0.10855752452368758,1,,,93.59,78.0,10^-33.8482,,,,,,,,,,,,,,,,,,0
7162,1,190765,Ochlerotatus triseriatus,"",eukaryota,false,,,,315.68528131488347,2908,,,96.276,317.805,10^-148.157,,,,,,23.556982821640204,217,,,89.717,164.926,10^-92.9574,,,,,,0
190368,2,190368,Xanthorhoe,"",eukaryota,false,,,,0.21711504904737516,2,,,88.9165,57.5,10^-17.1902,,,,,,,,,,,,,,,,,[934904],0
934904,1,190368,Xanthorhoe spadicearia,"",eukaryota,false,,,,0.21711504904737516,2,,,88.9165,57.5,10^-17.1902,,,,,,,,,,,,,,,,,,0
190365,2,190365,Timandra,"",eukaryota,false,,,,0.10855752452368758,1,,,92.105,76.0,10^-31.1147,,,,,,,,,,,,,,,,,[190366],0
190366,1,190365,Timandra comae,"",eukaryota,false,,,,0.10855752452368758,1,,,92.105,76.0,10^-31.1147,,,,,,,,,,,,,,,,,,0
190338,2,190338,Cyclophora,"",eukaryota,false,,,,0.3256725735710627,3,,,91.1547,74.6667,10^-29.2927,,,,,,,,,,,,,,,,,[310442],0
310442,1,190338,Cyclophora punctaria,maiden's blush,eukaryota,false,,,,0.3256725735710627,3,,,91.1547,74.6667,10^-29.2927,,,,,,,,,,,,,,,,,,0
189907,2,189907,Leptidea,"",eukaryota,false,,,,0.21711504904737516,2,,,87.7925,37.0,10^-6.72481,,,,,,0.6513451471421254,6,,,93.05,24.3333,10^-5.44052,,,,,[189913],0
189913,1,189907,Leptidea sinapis,"",eukaryota,false,,,,0.21711504904737516,2,,,87.7925,37.0,10^-6.72481,,,,,,0.6513451471421254,6,,,93.05,24.3333,10^-5.44052,,,,,,0
189290,2,189290,Meloidogyne,"",eukaryota,false,,,,,,,,,,,,,,,,0.10855752452368758,1,,,100.0,22.0,10^-4.77989,,,,,[189291],0
189291,1,189290,Meloidogyne graminicola,"",eukaryota,false,,,,,,,,,,,,,,,,0.10855752452368758,1,,,100.0,22.0,10^-4.77989,,,,,,0
188292,2,188292,Stegana,"",eukaryota,false,,,,0.10855752452368758,1,,,93.421,76.0,10^-32.4871,,,,,,,,,,,,,,,,,[1080959],0
1080959,1,188292,Stegana masanoritodai,"",eukaryota,false,,,,0.10855752452368758,1,,,93.421,76.0,10^-32.4871,,,,,,,,,,,,,,,,,,0
186981,2,186981,Elmis,"",eukaryota,false,,,,0.10855752452368758,1,,,90.909,55.0,10^-18.2176,,,,,,,,,,,,,,,,,[186982],0
186982,1,186981,Elmis aenea,"",eukaryota,false,,,,0.10855752452368758,1,,,90.909,55.0,10^-18.2176,,,,,,,,,,,,,,,,,,0
186466,2,186466,Mizuhopecten,"",eukaryota,false,,,,0.10855752452368758,1,,,91.071,56.0,10^-18.896,,,,,,0.10855752452368758,1,,,96.0,25.0,10^-6.42366,,,,,[6573],0
6573,1,186466,Mizuhopecten yessoensis,Yesso scallop,eukaryota,false,,,,0.10855752452368758,1,,,91.071,56.0,10^-18.896,,,,,,0.10855752452368758,1,,,96.0,25.0,10^-6.42366,,,,,,0
186072,2,186072,Podabrus,"",eukaryota,false,,,,0.21711504904737516,2,,,93.8285,41.0,10^-12.1701,,,,,,,,,,,,,,,,,[1553677],0
1553677,1,186072,Podabrus alpinus,"",eukaryota,false,,,,0.21711504904737516,2,,,93.8285,41.0,10^-12.1701,,,,,,,,,,,,,,,,,,0
186066,2,186066,Cucujus,"",eukaryota,false,,,,0.10855752452368758,1,,,88.525,61.0,10^-16.8003,,,,,,,,,,,,,,,,,[186067],0
186067,1,186066,Cucujus clavipes,red flat bark beetle,eukaryota,false,,,,0.10855752452368758,1,,,88.525,61.0,10^-16.8003,,,,,,,,,,,,,,,,,,0
185824,2,185824,Pantala,"",eukaryota,false,,,,,,,,,,,,,,,,0.10855752452368758,1,,,100.0,25.0,10^-6.29671,,,,,[185825],0
185825,1,185824,Pantala flavescens,"",eukaryota,false,,,,,,,,,,,,,,,,0.10855752452368758,1,,,100.0,25.0,10^-6.29671,,,,,,0
184431,2,184431,Coprinopsis,"",eukaryota,false,,,,0.21711504904737516,2,,,100.0,75.0,10^-38.6685,,,,,,0.3256725735710627,3,,,82.5,22.6667,10^-4.15086,,,,,"[2740684, 5346]",0
2740684,1,184431,Coprinopsis aff. clastophylla,"",eukaryota,false,,,,0.21711504904737516,2,,,100.0,75.0,10^-38.6685,,,,,,,,,,,,,,,,,,0
5346,1,184431,Coprinopsis cinerea,"",eukaryota,false,,,,,,,,,,,,,,,,0.3256725735710627,3,,,82.5,22.6667,10^-4.15086,,,,,,0
182709,2,182709,Oceanobacillus,"",bacteria,false,,,,,,,,,,,,,,,,0.10855752452368758,1,,,100.0,25.0,10^-9.74958,,,,,[531815],0
531815,1,182709,Oceanobacillus neutriphilus,"",bacteria,false,,,,,,,,,,,,,,,,0.10855752452368758,1,,,100.0,25.0,10^-9.74958,,,,,,0
182061,2,182061,Tetrapyrgos,"",eukaryota,false,,,,0.21711504904737516,2,,,100.0,76.0,10^-39.3489,,,,,,,,,,,,,,,,,"[2033594, 71871]",0
2033594,1,182061,Tetrapyrgos atrocyanea,"",eukaryota,false,,,,0.10855752452368758,1,,,100.0,76.0,10^-39.3489,,,,,,,,,,,,,,,,,,0
71871,1,182061,Tetrapyrgos subdendrophora,"",eukaryota,false,,,,0.10855752452368758,1,,,100.0,76.0,10^-39.3489,,,,,,,,,,,,,,,,,,0
181986,2,181986,Fayodia,"",eukaryota,false,,,,0.10855752452368758,1,,,95.238,63.0,10^-26.3929,,,,,,,,,,,,,,,,,[181987],0
181987,1,181986,Fayodia gracilipes,"",eukaryota,false,,,,0.10855752452368758,1,,,95.238,63.0,10^-26.3929,,,,,,,,,,,,,,,,,,0
179665,2,179665,Tyria,"",eukaryota,false,,,,0.3256725735710627,3,,,96.1577,58.6667,10^-24.3678,,,,,,,,,,,,,,,,,[179666],0
179666,1,179665,Tyria jacobaeae,cinnabar moth,eukaryota,false,,,,0.3256725735710627,3,,,96.1577,58.6667,10^-24.3678,,,,,,,,,,,,,,,,,,0
179104,2,179104,Argulus,"",eukaryota,false,,,,,,,,,,,,,,,,0.10855752452368758,1,,,95.8,24.0,10^-5.18046,,,,,[244965],0
244965,1,179104,Argulus sp. Arg2,"",eukaryota,false,,,,,,,,,,,,,,,,0.10855752452368758,1,,,95.8,24.0,10^-5.18046,,,,,,0
178898,2,178898,Carboxydocella,"",bacteria,false,,,,,,,,,,,,,,,,0.10855752452368758,1,,,78.3,23.0,10^-3.86328,,,,,[1926599],0
1926599,1,178898,Carboxydocella sp. ULO1,"",bacteria,false,,,,,,,,,,,,,,,,0.10855752452368758,1,,,78.3,23.0,10^-3.86328,,,,,,0
178771,2,178771,Empis,"",eukaryota,false,,,,0.5427876226184379,5,,,91.052,53.0,10^-16.6053,,,,,,,,,,,,,,,,,[2484550],0
2484550,1,178771,Empis stercorea,"",eukaryota,false,,,,0.5427876226184379,5,,,91.052,53.0,10^-16.6053,,,,,,,,,,,,,,,,,,0
178174,2,178174,Syzygium,"",eukaryota,false,,,,0.10855752452368758,1,,,97.619,42.0,10^-14.9038,,,,,,,,,,,,,,,,,[219896],0
219896,1,178174,Syzygium oleosum,"",eukaryota,false,,,,0.10855752452368758,1,,,97.619,42.0,10^-14.9038,,,,,,,,,,,,,,,,,,0
178049,2,178049,Nomia,"",eukaryota,false,,,,0.10855752452368758,1,,,80.556,72.0,10^-17.4145,,,,,,0.21711504904737516,2,,,100.0,24.0,10^-6.41815,,,,,[2448451],0
2448451,1,178049,Nomia melanderi,Alkali bee,eukaryota,false,,,,0.10855752452368758,1,,,80.556,72.0,10^-17.4145,,,,,,0.21711504904737516,2,,,100.0,24.0,10^-6.41815,,,,,,0
178032,2,178032,Dufourea,"",eukaryota,false,,,,0.3256725735710627,3,,,92.109,55.3333,10^-19.362,,,,,,0.4342300980947503,4,,,96.95,24.75,10^-5.56791,,,,,[178035],0
178035,1,178032,Dufourea novaeangliae,"",eukaryota,false,,,,0.3256725735710627,3,,,92.109,55.3333,10^-19.362,,,,,,0.4342300980947503,4,,,96.95,24.75,10^-5.56791,,,,,,0
177787,2,177787,Odontocerum,"",eukaryota,false,,,,0.5427876226184379,5,,,90.9918,55.8,10^-18.2256,,,,,,,,,,,,,,,,,[446452],0
446452,1,177787,Odontocerum albicorne,"",eukaryota,false,,,,0.5427876226184379,5,,,90.9918,55.8,10^-18.2256,,,,,,,,,,,,,,,,,,0
177674,2,177674,Limnephilus,"",eukaryota,false,,,,3.2567257357106274,30,,,86.9749,74.2667,10^-15.8449,,,,,,,,,,,,,,,,,"[1271730, 1271728, 1218281, 692089]",0
1271730,1,177674,Limnephilus marmoratus,"",eukaryota,false,,,,0.4342300980947503,4,,,88.0502,44.0,10^-10.0889,,,,,,,,,,,,,,,,,,0
1271728,1,177674,Limnephilus auricula,"",eukaryota,false,,,,0.6513451471421254,6,,,91.3155,56.5,10^-19.0257,,,,,,,,,,,,,,,,,,0
1218281,1,177674,Limnephilus lunatus,"",eukaryota,false,,,,0.3256725735710627,3,,,89.6687,58.6667,10^-18.8807,,,,,,,,,,,,,,,,,,0
692089,1,177674,Limnephilus rhombicus,"",eukaryota,false,,,,1.845477916902689,17,,,84.7145,90.4118,10^-15.5409,,,,,,,,,,,,,,,,,,0
177654,2,177654,Moropsyche,"",eukaryota,false,,,,,,,,,,,,,,,,0.10855752452368758,1,,,100.0,24.0,10^-8.65365,,,,,[1432107],0
1432107,1,177654,Moropsyche huaysailianga,"",eukaryota,false,,,,,,,,,,,,,,,,0.10855752452368758,1,,,100.0,24.0,10^-8.65365,,,,,,0
177627,2,177627,Agapetus,"",eukaryota,false,,,,1.0855752452368759,10,,,89.5632,56.3,10^-17.7381,,,,,,,,,,,,,,,,,[1271715],0
1271715,1,177627,Agapetus fuscipes,"",eukaryota,false,,,,1.0855752452368759,10,,,89.5632,56.3,10^-17.7381,,,,,,,,,,,,,,,,,,0
177088,2,177088,Maconellicoccus,"",eukaryota,false,,,,,,,,,,,,,,,,0.10855752452368758,1,,,100.0,24.0,10^-7.21538,,,,,[177089],0
177089,1,177088,Maconellicoccus hirsutus,hibiscus mealybug,eukaryota,false,,,,,,,,,,,,,,,,0.10855752452368758,1,,,100.0,24.0,10^-7.21538,,,,,,0
174825,2,174825,Culiseta,"",eukaryota,false,,,,3.690955833805378,34,,,90.535,283.853,10^-99.5733,,,,,,0.5427876226184379,5,,,86.22,24.6,10^-5.47907,,,,,[332058],0
332058,1,174825,Culiseta annulata,"",eukaryota,false,,,,3.690955833805378,34,,,90.535,283.853,10^-99.5733,,,,,,0.5427876226184379,5,,,86.22,24.6,10^-5.47907,,,,,,0
174684,2,174684,Ordospora,"",eukaryota,false,,,,0.9770177207131882,9,,,86.9827,55.4444,10^-15.3184,,,,,,,,,,,,,,,,,"[3039483, 174685]",0
3039483,1,174684,Ordospora pajunii,"",eukaryota,false,,,,0.8684601961895007,8,,,85.9236,56.875,10^-15.3727,,,,,,,,,,,,,,,,,,0
174685,1,174684,Ordospora colligata,"",eukaryota,false,,,,0.10855752452368758,1,,,95.455,44.0,10^-14.8836,,,,,,,,,,,,,,,,,,0
174679,2,174679,Glugoides,"",eukaryota,false,,,,0.10855752452368758,1,,,89.474,76.0,10^-28.37,,,,,,,,,,,,,,,,,[174680],0
174680,1,174679,Glugoides intestinalis,"",eukaryota,false,,,,0.10855752452368758,1,,,89.474,76.0,10^-28.37,,,,,,,,,,,,,,,,,,0
174620,2,174620,Wyeomyia,"",eukaryota,false,,,,315.90239636393085,2910,,,90.8641,92.2497,10^-22.7031,,,,,,281.9238911880166,2597,,,89.6964,33.8325,10^-10.1475,,,,,[174621],0
174621,1,174620,Wyeomyia smithii,pitcher-plant mosquito,eukaryota,false,,,,315.90239636393085,2910,,,90.8641,92.2497,10^-22.7031,,,,,,281.9238911880166,2597,,,89.6964,33.8325,10^-10.1475,,,,,,0
173981,2,173981,Cheilosia,"",eukaryota,false,,,,4.233743456423816,39,,,90.4315,59.1795,10^-19.7329,,,,,,,,,,,,,,,,,"[423616, 273447, 273439, 273409, 273407, 173985]",0
423616,1,173981,Cheilosia vernalis,"",eukaryota,false,,,,0.8684601961895007,8,,,89.0001,61.625,10^-19.8076,,,,,,,,,,,,,,,,,,0
273447,1,173981,Cheilosia variabilis,"",eukaryota,false,,,,1.0855752452368759,10,,,91.5634,54.6,10^-17.9704,,,,,,,,,,,,,,,,,,0
273439,1,173981,Cheilosia impressa,"",eukaryota,false,,,,0.6513451471421254,6,,,88.7338,75.5,10^-27.3436,,,,,,,,,,,,,,,,,,0
273409,1,173981,Cheilosia vulpina,"",eukaryota,false,,,,0.5427876226184379,5,,,89.9742,55.0,10^-17.1339,,,,,,,,,,,,,,,,,,0
273407,1,173981,Cheilosia pagana,"",eukaryota,false,,,,0.9770177207131882,9,,,91.478,54.8889,10^-18.4605,,,,,,,,,,,,,,,,,,0
173985,1,173981,Cheilosia urbana,"",eukaryota,false,,,,0.10855752452368758,1,,,93.617,47.0,10^-15.5412,,,,,,,,,,,,,,,,,,0
173784,2,173784,Cephus,"",eukaryota,false,,,,0.3256725735710627,3,,,91.5543,53.6667,10^-17.7751,,,,,,0.4342300980947503,4,,,96.875,24.0,10^-6.33143,,,,,[211228],0
211228,1,173784,Cephus cinctus,wheat stem sawfly,eukaryota,false,,,,0.3256725735710627,3,,,91.5543,53.6667,10^-17.7751,,,,,,0.4342300980947503,4,,,96.875,24.0,10^-6.33143,,,,,,0
172845,2,172845,Caerostris,"",eukaryota,false,,,,,,,,,,,,,,,,0.6513451471421254,6,,,88.9667,24.1667,10^-5.10658,,,,,"[1538125, 172846]",0
1538125,1,172845,Caerostris darwini,"",eukaryota,false,,,,,,,,,,,,,,,,0.5427876226184379,5,,,86.76,24.2,10^-4.6734,,,,,,0
172846,1,172845,Caerostris extrusa,"",eukaryota,false,,,,,,,,,,,,,,,,0.10855752452368758,1,,,100.0,24.0,10^-7.27246,,,,,,0
169998,2,169998,Phakopsora,"",eukaryota,false,,,,,,,,,,,,,,,,0.10855752452368758,1,,,92.0,25.0,10^-6.40782,,,,,[170000],0
170000,1,169998,Phakopsora pachyrhizi,"",eukaryota,false,,,,,,,,,,,,,,,,0.10855752452368758,1,,,92.0,25.0,10^-6.40782,,,,,,0
169466,2,169466,Coelopa,"",eukaryota,false,,,,0.10855752452368758,1,,,85.897,78.0,10^-25.6139,,,,,,,,,,,,,,,,,[169500],0
169500,1,169466,Coelopa pilipes,"",eukaryota,false,,,,0.10855752452368758,1,,,85.897,78.0,10^-25.6139,,,,,,,,,,,,,,,,,,0
169444,2,169444,Dryomyza,"",eukaryota,false,,,,3.4738407847580026,32,,,91.9878,60.125,10^-14.5021,,,,,,,,,,,,,,,,,[169445],0
169445,1,169444,Dryomyza anilis,"",eukaryota,false,,,,3.4738407847580026,32,,,91.9878,60.125,10^-14.5021,,,,,,,,,,,,,,,,,,0
168934,2,168934,Thalassospira,"",bacteria,false,,,,,,,,,,,,,,,,0.10855752452368758,1,,,96.0,25.0,10^-7.17457,,,,,[220697],0
220697,1,168934,Thalassospira xiamenensis,"",bacteria,false,,,,,,,,,,,,,,,,0.10855752452368758,1,,,96.0,25.0,10^-7.17457,,,,,,0
168630,2,168630,Chilo,"",eukaryota,false,,,,,,,,,,,,,,,,0.759902671665813,7,,,90.4714,24.1429,10^-4.72933,,,,,[168631],0
168631,1,168630,Chilo suppressalis,striped riceborer,eukaryota,false,,,,,,,,,,,,,,,,0.759902671665813,7,,,90.4714,24.1429,10^-4.72933,,,,,,0
168247,2,168247,Opercularia,"",eukaryota,false,,,,0.10855752452368758,1,,,84.483,58.0,10^-14.7637,,,,,,,,,,,,,,,,,[2979174],0
2979174,1,168247,Opercularia sp. 1,"",eukaryota,false,,,,0.10855752452368758,1,,,84.483,58.0,10^-14.7637,,,,,,,,,,,,,,,,,,0
167375,2,167375,Cyanobium,"",bacteria,false,,,,0.10855752452368758,1,,,94.737,38.0,10^-10.8302,,,,,,,,,,,,,,,,,[1851505],0
1851505,1,167375,Cyanobium sp. NIES-981,"",bacteria,false,,,,0.10855752452368758,1,,,94.737,38.0,10^-10.8302,,,,,,,,,,,,,,,,,,0
167346,2,167346,Fomitiporia,"",eukaryota,false,,,,,,,,,,,,,,,,0.10855752452368758,1,,,95.8,24.0,10^-6.98716,,,,,[208960],0
208960,1,167346,Fomitiporia mediterranea,"",eukaryota,false,,,,,,,,,,,,,,,,0.10855752452368758,1,,,95.8,24.0,10^-6.98716,,,,,,0
166471,2,166471,Xylobolus,"",eukaryota,false,,,,0.10855752452368758,1,,,94.667,75.0,10^-33.179,,,,,,,,,,,,,,,,,[1321930],0
1321930,1,166471,Xylobolus sp. 101 OA-2013,"",eukaryota,false,,,,0.10855752452368758,1,,,94.667,75.0,10^-33.179,,,,,,,,,,,,,,,,,,0
166415,2,166415,Heterotrigona,"",eukaryota,false,,,,,,,,,,,,,,,,0.10855752452368758,1,,,67.6,34.0,10^-3.24565,,,,,[395501],0
395501,1,166415,Heterotrigona itama,"",eukaryota,false,,,,,,,,,,,,,,,,0.10855752452368758,1,,,67.6,34.0,10^-3.24565,,,,,,0
166413,2,166413,Frieseomelitta,"",eukaryota,false,,,,0.6513451471421254,6,,,91.8075,54.5,10^-18.1159,,,,,,1.3026902942842509,12,,,97.2333,24.3333,10^-6.17557,,,,,[561572],0
561572,1,166413,Frieseomelitta varia,"",eukaryota,false,,,,0.6513451471421254,6,,,91.8075,54.5,10^-18.1159,,,,,,1.3026902942842509,12,,,97.2333,24.3333,10^-6.17557,,,,,,0
166331,2,166331,Onthophagus,"",eukaryota,false,,,,0.21711504904737516,2,,,89.8075,73.5,10^-27.3555,,,,,,0.6513451471421254,6,,,98.0,24.3333,10^-5.10125,,,,,[166361],0
166361,1,166331,Onthophagus taurus,"",eukaryota,false,,,,0.21711504904737516,2,,,89.8075,73.5,10^-27.3555,,,,,,0.6513451471421254,6,,,98.0,24.3333,10^-5.10125,,,,,,0
166220,2,166220,Conomelus,"",eukaryota,false,,,,0.3256725735710627,3,,,89.319,44.6667,10^-11.221,,,,,,,,,,,,,,,,,[491269],0
491269,1,166220,Conomelus anceps,"",eukaryota,false,,,,0.3256725735710627,3,,,89.319,44.6667,10^-11.221,,,,,,,,,,,,,,,,,,0
166009,2,166009,Ditylenchus,"",eukaryota,false,,,,0.10855752452368758,1,,,93.151,73.0,10^-30.446,,,,,,0.10855752452368758,1,,,95.8,24.0,10^-4.18243,,,,,[166010],0
166010,1,166009,Ditylenchus destructor,"",eukaryota,false,,,,0.10855752452368758,1,,,93.151,73.0,10^-30.446,,,,,,0.10855752452368758,1,,,95.8,24.0,10^-4.18243,,,,,,0
165696,2,165696,Novosphingobium,"",bacteria,false,,,,0.21711504904737516,2,,,100.0,75.0,10^-38.6685,,,,,,,,,,,,,,,,,"[2282397, 1534230]",0
2282397,1,165696,Novosphingobium humi,"",bacteria,false,,,,0.10855752452368758,1,,,100.0,76.0,10^-39.3489,,,,,,,,,,,,,,,,,,0
1534230,1,165696,Novosphingobium sp. ST 6-04,"",bacteria,false,,,,0.10855752452368758,1,,,100.0,74.0,10^-37.9881,,,,,,,,,,,,,,,,,,0
165440,2,165440,Dioszegia,"",eukaryota,false,,,,0.10855752452368758,1,,,86.667,75.0,10^-24.9448,,,,,,,,,,,,,,,,,[4972],0
4972,1,165440,Dioszegia hungarica,"",eukaryota,false,,,,0.10855752452368758,1,,,86.667,75.0,10^-24.9448,,,,,,,,,,,,,,,,,,0
165301,2,165301,Lentzea,"",bacteria,false,,,,,,,,,,,,,,,,0.10855752452368758,1,,,92.0,25.0,10^-7.29158,,,,,[2020703],0
2020703,1,165301,Lentzea cavernae,"",bacteria,false,,,,,,,,,,,,,,,,0.10855752452368758,1,,,92.0,25.0,10^-7.29158,,,,,,0
163713,2,163713,Cyprideis,"",eukaryota,false,,,,,,,,,,,,,,,,0.3256725735710627,3,,,100.0,24.3333,10^-5.55469,,,,,[163714],0
163714,1,163713,Cyprideis torosa,"",eukaryota,false,,,,,,,,,,,,,,,,0.3256725735710627,3,,,100.0,24.3333,10^-5.55469,,,,,,0
160930,2,160930,Tremellodendropsis,"",eukaryota,false,,,,0.10855752452368758,1,,,96.053,76.0,10^-35.2318,,,,,,,,,,,,,,,,,[676152],0
676152,1,160930,Tremellodendropsis tuberosa,"",eukaryota,false,,,,0.10855752452368758,1,,,96.053,76.0,10^-35.2318,,,,,,,,,,,,,,,,,,0
160150,2,160150,Liposcelis,"",eukaryota,false,,,,,,,,,,,,,,,,0.10855752452368758,1,,,91.7,24.0,10^-6.08513,,,,,[550478],0
550478,1,160150,Liposcelis entomophila,"",eukaryota,false,,,,,,,,,,,,,,,,0.10855752452368758,1,,,91.7,24.0,10^-6.08513,,,,,,0
160034,2,160034,Zopfia,"",eukaryota,false,,,,,,,,,,,,,,,,0.10855752452368758,1,,,86.4,22.0,10^-3.14997,,,,,[160035],0
160035,1,160034,Zopfia rhizophila,"",eukaryota,false,,,,,,,,,,,,,,,,0.10855752452368758,1,,,86.4,22.0,10^-3.14997,,,,,,0
158483,2,158483,Cedecea,"",bacteria,false,,,,0.21711504904737516,2,,,98.039,63.0,10^-29.1457,,,,,,,,,,,,,,,,,"[2545798, 158822]",0
2545798,1,158483,Cedecea sp. FDAARGOS_727,"",bacteria,false,,,,0.10855752452368758,1,,,96.078,51.0,10^-19.6228,,,,,,,,,,,,,,,,,,0
158822,1,158483,Cedecea neteri,"",bacteria,false,,,,0.10855752452368758,1,,,100.0,75.0,10^-38.6685,,,,,,,,,,,,,,,,,,0
158440,2,158440,Folsomia,"",eukaryota,false,,,,,,,,,,,,,,,,0.6513451471421254,6,,,96.0,24.6667,10^-6.64668,,,,,[158441],0
158441,1,158440,Folsomia candida,"",eukaryota,false,,,,,,,,,,,,,,,,0.6513451471421254,6,,,96.0,24.6667,10^-6.64668,,,,,,0
157932,2,157932,Paucimonas,"",bacteria,false,,,,0.10855752452368758,1,,,89.474,57.0,10^-18.2021,,,,,,,,,,,,,,,,,[29443],0
29443,1,157932,Paucimonas lemoignei,"",bacteria,false,,,,0.10855752452368758,1,,,89.474,57.0,10^-18.2021,,,,,,,,,,,,,,,,,,0
157915,2,157915,Ovipleistophora,"",eukaryota,false,,,,0.10855752452368758,1,,,97.222,36.0,10^-10.8537,,,,,,,,,,,,,,,,,[103445],0
103445,1,157915,Ovipleistophora ovariae,"",eukaryota,false,,,,0.10855752452368758,1,,,97.222,36.0,10^-10.8537,,,,,,,,,,,,,,,,,,0
157304,2,157304,Anoplophora,"",eukaryota,false,,,,0.21711504904737516,2,,,91.507,52.0,10^-16.886,,,,,,0.6513451471421254,6,,,90.9833,24.0,10^-5.39942,,,,,[217634],0
217634,1,157304,Anoplophora glabripennis,Asian longhorned beetle,eukaryota,false,,,,0.21711504904737516,2,,,91.507,52.0,10^-16.886,,,,,,0.6513451471421254,6,,,90.9833,24.0,10^-5.39942,,,,,,0
156973,2,156973,Dysgonomonas,"",bacteria,false,,,,0.3256725735710627,3,,,98.1563,68.6667,10^-32.5329,,,,,,,,,,,,,,,,,"[2714927, 2714926]",0
2714927,1,156973,Dysgonomonas sp. HDW5B,"",bacteria,false,,,,0.21711504904737516,2,,,98.684,68.5,10^-32.8779,,,,,,,,,,,,,,,,,,0
2714926,1,156973,Dysgonomonas sp. HDW5A,"",bacteria,false,,,,0.10855752452368758,1,,,97.101,69.0,10^-31.8429,,,,,,,,,,,,,,,,,,0
156596,2,156596,Trechispora,"",eukaryota,false,,,,0.10855752452368758,1,,,94.667,75.0,10^-33.179,,,,,,,,,,,,,,,,,[156599],0
156599,1,156596,Trechispora farinacea,"",eukaryota,false,,,,0.10855752452368758,1,,,94.667,75.0,10^-33.179,,,,,,,,,,,,,,,,,,0
156333,2,156333,Hoplitis,"",eukaryota,false,,,,,,,,,,,,,,,,0.10855752452368758,1,,,100.0,25.0,10^-6.4908,,,,,[1148954],0
1148954,1,156333,Hoplitis karakalensis,"",eukaryota,false,,,,,,,,,,,,,,,,0.10855752452368758,1,,,100.0,25.0,10^-6.4908,,,,,,0
156310,2,156310,Colletes,"",eukaryota,false,,,,0.10855752452368758,1,,,94.872,39.0,10^-11.5051,,,,,,0.21711504904737516,2,,,91.65,24.0,10^-5.81737,,,,,[935657],0
935657,1,156310,Colletes gigas,"",eukaryota,false,,,,0.10855752452368758,1,,,94.872,39.0,10^-11.5051,,,,,,0.21711504904737516,2,,,91.65,24.0,10^-5.81737,,,,,,0
154748,2,154748,Dichostereum,"",eukaryota,false,,,,0.21711504904737516,2,,,100.0,75.0,10^-38.6685,,,,,,,,,,,,,,,,,"[2074943, 169328]",0
2074943,1,154748,Dichostereum orientale,"",eukaryota,false,,,,0.10855752452368758,1,,,100.0,74.0,10^-37.9881,,,,,,,,,,,,,,,,,,0
169328,1,154748,Dichostereum effuscatum,"",eukaryota,false,,,,0.10855752452368758,1,,,100.0,76.0,10^-39.3489,,,,,,,,,,,,,,,,,,0
154566,2,154566,Marchandiomyces,"",eukaryota,false,,,,0.3256725735710627,3,,,99.111,75.6667,10^-38.2072,,,,,,,,,,,,,,,,,"[1628366, 154569]",0
1628366,1,154566,Marchandiomyces quercinus,"",eukaryota,false,,,,0.21711504904737516,2,,,100.0,76.0,10^-39.3489,,,,,,,,,,,,,,,,,,0
154569,1,154566,cf. Marchandiomyces sp. nt59-1784,"",eukaryota,false,,,,0.10855752452368758,1,,,97.333,75.0,10^-35.9238,,,,,,,,,,,,,,,,,,0
154138,2,154138,Hydrochus,"",eukaryota,false,,,,,,,,,,,,,,,,0.10855752452368758,1,,,100.0,25.0,10^-6.8729,,,,,[992372],0
992372,1,154138,Hydrochus ibericus,"",eukaryota,false,,,,,,,,,,,,,,,,0.10855752452368758,1,,,100.0,25.0,10^-6.8729,,,,,,0
153497,2,153497,Kozakia,"",bacteria,false,,,,0.10855752452368758,1,,,100.0,76.0,10^-39.3489,,,,,,,,,,,,,,,,,[153496],0
153496,1,153497,Kozakia baliensis,"",bacteria,false,,,,0.10855752452368758,1,,,100.0,76.0,10^-39.3489,,,,,,,,,,,,,,,,,,0
153220,2,153220,Contarinia,"",eukaryota,false,,,,0.5427876226184379,5,,,91.647,64.4,10^-24.0527,,,,,,3.690955833805378,34,,,95.4029,24.3529,10^-6.01338,,,,,[265458],0
265458,1,153220,Contarinia nasturtii,swede midge,eukaryota,false,,,,0.5427876226184379,5,,,91.647,64.4,10^-24.0527,,,,,,3.690955833805378,34,,,95.4029,24.3529,10^-6.01338,,,,,,0
152317,2,152317,Truncatella,"",eukaryota,false,,,,0.3256725735710627,3,,,95.5903,50.0,10^-18.9679,,,,,,,,,,,,,,,,,[152316],0
152316,1,152317,Truncatella angustata,"",eukaryota,false,,,,0.3256725735710627,3,,,95.5903,50.0,10^-18.9679,,,,,,,,,,,,,,,,,,0
151548,2,151548,Eumeta,"",eukaryota,false,,,,,,,,,,,,,,,,0.8684601961895007,8,,,90.575,24.25,10^-5.06005,,,,,[151549],0
151549,1,151548,Eumeta japonica,"",eukaryota,false,,,,,,,,,,,,,,,,0.8684601961895007,8,,,90.575,24.25,10^-5.06005,,,,,,0
151546,2,151546,Cephonodes,bee hawks,eukaryota,false,,,,0.10855752452368758,1,,,92.105,38.0,10^-9.45781,,,,,,,,,,,,,,,,,[151547],0
151547,1,151546,Cephonodes hylas,"",eukaryota,false,,,,0.10855752452368758,1,,,92.105,38.0,10^-9.45781,,,,,,,,,,,,,,,,,,0
151303,2,151303,Dendrolimus,"",eukaryota,false,,,,0.21711504904737516,2,,,90.3745,51.0,10^-14.8365,,,,,,0.10855752452368758,1,,,91.7,24.0,10^-4.3098,,,,,"[765133, 151304]",0
765133,1,151303,Dendrolimus kikuchii,"",eukaryota,false,,,,,,,,,,,,,,,,0.10855752452368758,1,,,91.7,24.0,10^-4.3098,,,,,,0
151304,1,151303,Dendrolimus pini,pine lappet,eukaryota,false,,,,0.21711504904737516,2,,,90.3745,51.0,10^-14.8365,,,,,,,,,,,,,,,,,,0
149698,2,149698,Massilia,"",bacteria,false,,,,0.10855752452368758,1,,,90.476,42.0,10^-10.7867,,,,,,,,,,,,,,,,,[945844],0
945844,1,149698,Massilia oculi,"",bacteria,false,,,,0.10855752452368758,1,,,90.476,42.0,10^-10.7867,,,,,,,,,,,,,,,,,,0
149618,2,149618,Malaya,"",eukaryota,false,,,,0.10855752452368758,1,,,90.789,76.0,10^-29.7423,,,,,,,,,,,,,,,,,[325434],0
325434,1,149618,Malaya genurostris,"",eukaryota,false,,,,0.10855752452368758,1,,,90.789,76.0,10^-29.7423,,,,,,,,,,,,,,,,,,0
149459,2,149459,Mansonia,"",eukaryota,false,,,,0.3256725735710627,3,,,97.3683,76.0,10^-36.6042,,,,,,,,,,,,,,,,,"[2046962, 869066]",0
2046962,1,149459,Mansonia sp. (in: mosquitos),"",eukaryota,false,,,,0.10855752452368758,1,,,93.421,76.0,10^-32.4871,,,,,,,,,,,,,,,,,,0
869066,1,149459,Mansonia titillans,"",eukaryota,false,,,,0.21711504904737516,2,,,99.342,76.0,10^-38.6628,,,,,,,,,,,,,,,,,,0
148959,2,148959,Wallemia,"",eukaryota,false,,,,,,,,,,,,,,,,0.10855752452368758,1,,,95.8,24.0,10^-5.22113,,,,,[1708541],0
1708541,1,148959,Wallemia mellicola,"",eukaryota,false,,,,,,,,,,,,,,,,0.10855752452368758,1,,,95.8,24.0,10^-5.22113,,,,,,0
144548,2,144548,Heliocybe,"",eukaryota,false,,,,0.10855752452368758,1,,,100.0,76.0,10^-39.3489,,,,,,,,,,,,,,,,,[5364],0
5364,1,144548,Heliocybe sulcata,"",eukaryota,false,,,,0.10855752452368758,1,,,100.0,76.0,10^-39.3489,,,,,,,,,,,,,,,,,,0
144516,2,144516,Microsporidium,"",eukaryota,false,,,,9.553062158084506,88,,,96.003,424.318,10^-243.08,,,,,,,,,,,,,,,,,"[2017718, 1844323, 308919]",0
2017718,1,144516,Microsporidium sp. deacon-cargill,"",eukaryota,false,,,,9.335947109037132,86,,,95.9886,432.86,10^-248.197,,,,,,,,,,,,,,,,,,0
1844323,1,144516,Microsporidium sp.,"",eukaryota,false,,,,0.10855752452368758,1,,,93.243,74.0,10^-31.1263,,,,,,,,,,,,,,,,,,0
308919,1,144516,Microsporidium sp. BIOB,"",eukaryota,false,,,,0.10855752452368758,1,,,100.0,40.0,10^-14.925,,,,,,,,,,,,,,,,,,0
144405,2,144405,Microctonus,"",eukaryota,false,,,,,,,,,,,,,,,,2.062592965950064,19,,,97.8947,24.1053,10^-5.85121,,,,,"[165561, 144406]",0
165561,1,144405,Microctonus hyperodae,"",eukaryota,false,,,,,,,,,,,,,,,,0.3256725735710627,3,,,98.6667,24.3333,10^-6.12662,,,,,,0
144406,1,144405,Microctonus aethiopoides,"",eukaryota,false,,,,,,,,,,,,,,,,1.7369203923790013,16,,,97.75,24.0625,10^-5.79957,,,,,,0
144268,2,144268,Banchus,"",eukaryota,false,,,,,,,,,,,,,,,,0.10855752452368758,1,,,91.3,23.0,10^-7.37675,,,,,[2776093],0
2776093,1,144268,Banchus sp. NMBS Ichn-2437,"",eukaryota,false,,,,,,,,,,,,,,,,0.10855752452368758,1,,,91.3,23.0,10^-7.37675,,,,,,0
144030,2,144030,Pogonomyrmex,"",eukaryota,false,,,,0.21711504904737516,2,,,84.78,62.5,10^-17.1329,,,,,,0.3256725735710627,3,,,94.2,24.0,10^-4.5666,,,,,[144034],0
144034,1,144030,Pogonomyrmex barbatus,red harvester ant,eukaryota,false,,,,0.21711504904737516,2,,,84.78,62.5,10^-17.1329,,,,,,0.3256725735710627,3,,,94.2,24.0,10^-4.5666,,,,,,0
143947,2,143947,Diuraphis,"",eukaryota,false,,,,0.21711504904737516,2,,,93.0555,45.0,10^-13.5104,,,,,,0.10855752452368758,1,,,100.0,24.0,10^-6.76447,,,,,[143948],0
143948,1,143947,Diuraphis noxia,Russian wheat aphid,eukaryota,false,,,,0.21711504904737516,2,,,93.0555,45.0,10^-13.5104,,,,,,0.10855752452368758,1,,,100.0,24.0,10^-6.76447,,,,,,0
143767,2,143767,Isoperla,"",eukaryota,false,,,,0.21711504904737516,2,,,92.724,47.5,10^-15.1937,,,,,,,,,,,,,,,,,[552050],0
552050,1,143767,Isoperla grammatica,"",eukaryota,false,,,,0.21711504904737516,2,,,92.724,47.5,10^-15.1937,,,,,,,,,,,,,,,,,,0
143734,2,143734,Leuctra,"",eukaryota,false,,,,0.3256725735710627,3,,,89.9963,61.6667,10^-20.9203,,,,,,,,,,,,,,,,,[143735],0
143735,1,143734,Leuctra nigra,"",eukaryota,false,,,,0.3256725735710627,3,,,89.9963,61.6667,10^-20.9203,,,,,,,,,,,,,,,,,,0
143731,2,143731,Brachyptera,"",eukaryota,false,,,,0.4342300980947503,4,,,87.7732,61.5,10^-18.8659,,,,,,,,,,,,,,,,,[2065413],0
2065413,1,143731,Brachyptera putata,"",eukaryota,false,,,,0.4342300980947503,4,,,87.7732,61.5,10^-18.8659,,,,,,,,,,,,,,,,,,0
143721,2,143721,Nemurella,"",eukaryota,false,,,,1.0855752452368759,10,,,91.192,54.2,10^-17.4178,,,,,,,,,,,,,,,,,[143722],0
143722,1,143721,Nemurella pictetii,"",eukaryota,false,,,,1.0855752452368759,10,,,91.192,54.2,10^-17.4178,,,,,,,,,,,,,,,,,,0
143716,2,143716,Protonemura,"",eukaryota,false,,,,0.3256725735710627,3,,,83.9133,76.3333,10^-22.6509,,,,,,,,,,,,,,,,,[2884235],0
2884235,1,143716,Protonemura montana,"",eukaryota,false,,,,0.3256725735710627,3,,,83.9133,76.3333,10^-22.6509,,,,,,,,,,,,,,,,,,0
141257,2,141257,Tachina,"",eukaryota,false,,,,0.10855752452368758,1,,,65.753,73.0,10^-2.99861,,,,,,,,,,,,,,,,,[631329],0
631329,1,141257,Tachina lurida,"",eukaryota,false,,,,0.10855752452368758,1,,,65.753,73.0,10^-2.99861,,,,,,,,,,,,,,,,,,0
141064,2,141064,Hylastes,"",eukaryota,false,,,,,,,,,,,,,,,,0.10855752452368758,1,,,87.5,24.0,10^-5.04818,,,,,[471226],0
471226,1,141064,Hylastes attenuatus,"",eukaryota,false,,,,,,,,,,,,,,,,0.10855752452368758,1,,,87.5,24.0,10^-5.04818,,,,,,0
140641,2,140641,Isothecium,"",eukaryota,false,,,,0.10855752452368758,1,,,85.714,42.0,10^-8.04198,,,,,,,,,,,,,,,,,[245335],0
245335,1,140641,Isothecium myosuroides,"",eukaryota,false,,,,0.10855752452368758,1,,,85.714,42.0,10^-8.04198,,,,,,,,,,,,,,,,,,0
139973,2,139973,Archips,"",eukaryota,false,,,,0.3256725735710627,3,,,92.6307,54.6667,10^-18.9152,,,,,,,,,,,,,,,,,"[1857967, 1100919]",0
1857967,1,139973,Archips crataeganus,"",eukaryota,false,,,,0.10855752452368758,1,,,91.045,67.0,10^-24.9938,,,,,,,,,,,,,,,,,,0
1100919,1,139973,Archips xylosteana,"",eukaryota,false,,,,0.21711504904737516,2,,,93.4235,48.5,10^-15.8759,,,,,,,,,,,,,,,,,,0
139679,2,139679,Teleopsis,"",eukaryota,false,,,,,,,,,,,,,,,,3.7995133583290652,35,,,95.0314,24.2286,10^-5.99506,,,,,[139649],0
139649,1,139679,Teleopsis dalmanni,"",eukaryota,false,,,,,,,,,,,,,,,,3.7995133583290652,35,,,95.0314,24.2286,10^-5.99506,,,,,,0
139475,2,139475,Homalodisca,"",eukaryota,false,,,,0.21711504904737516,2,,,96.0,50.0,10^-18.9452,,,,,,1.6283628678553137,15,,,95.3333,24.4,10^-6.12967,,,,,[197043],0
197043,1,139475,Homalodisca vitripennis,glassy-winged sharpshooter,eukaryota,false,,,,0.21711504904737516,2,,,96.0,50.0,10^-18.9452,,,,,,1.6283628678553137,15,,,95.3333,24.4,10^-6.12967,,,,,,0
139389,2,139389,Plicaturopsis,"",eukaryota,false,,,,,,,,,,,,,,,,0.21711504904737516,2,,,98.0,25.0,10^-7.24073,,,,,[139390],0
139390,1,139389,Plicaturopsis crispa,"",eukaryota,false,,,,,,,,,,,,,,,,0.21711504904737516,2,,,98.0,25.0,10^-7.24073,,,,,,0
139276,2,139276,Dacryopinax,"",eukaryota,false,,,,,,,,,,,,,,,,0.10855752452368758,1,,,96.0,25.0,10^-6.57187,,,,,[1858805],0
1858805,1,139276,Dacryopinax primogenitus,"",eukaryota,false,,,,,,,,,,,,,,,,0.10855752452368758,1,,,96.0,25.0,10^-6.57187,,,,,,0
139137,2,139137,Subulicystidium,"",eukaryota,false,,,,0.10855752452368758,1,,,96.774,62.0,10^-27.086,,,,,,,,,,,,,,,,,[1651957],0
1651957,1,139137,Subulicystidium perlongisporum,"",eukaryota,false,,,,0.10855752452368758,1,,,96.774,62.0,10^-27.086,,,,,,,,,,,,,,,,,,0
139111,2,139111,Dendrothele,"",eukaryota,false,,,,0.10855752452368758,1,,,95.89,73.0,10^-33.1908,,,,,,0.6513451471421254,6,,,95.8667,24.5,10^-6.58117,,,,,"[2494064, 1314803]",0
2494064,1,139111,Dendrothele sp.,"",eukaryota,false,,,,0.10855752452368758,1,,,95.89,73.0,10^-33.1908,,,,,,,,,,,,,,,,,,0
1314803,1,139111,Dendrothele bispora,"",eukaryota,false,,,,,,,,,,,,,,,,0.6513451471421254,6,,,95.8667,24.5,10^-6.58117,,,,,,0
139074,2,139074,Physalacria,"",eukaryota,false,,,,0.21711504904737516,2,,,100.0,75.5,10^-39.0087,,,,,,,,,,,,,,,,,[181950],0
181950,1,139074,Physalacria aff. orinocensis,"",eukaryota,false,,,,0.21711504904737516,2,,,100.0,75.5,10^-39.0087,,,,,,,,,,,,,,,,,,0
139055,2,139055,Uranotaenia,"",eukaryota,false,,,,176.73164992456338,1628,,,85.9812,1083.43,10^-145.085,,,,,,230.14195199021768,2120,,,92.3994,24.4127,10^-5.45102,,,,,"[2597066, 190385]",0
2597066,1,139055,Uranotaenia geometrica,"",eukaryota,false,,,,0.5427876226184379,5,,,93.108,53.4,10^-18.7993,,,,,,,,,,,,,,,,,,0
190385,1,139055,Uranotaenia lowii,"",eukaryota,false,,,,176.18886230194494,1623,,,85.9593,1086.6,10^-145.474,,,,,,230.14195199021768,2120,,,92.3994,24.4127,10^-5.45102,,,,,,0
139035,2,139035,Corcyra,"",eukaryota,false,,,,,,,,,,,,,,,,0.10855752452368758,1,,,100.0,25.0,10^-8.82391,,,,,[139036],0
139036,1,139035,Corcyra cephalonica,rice moth,eukaryota,false,,,,,,,,,,,,,,,,0.10855752452368758,1,,,100.0,25.0,10^-8.82391,,,,,,0
138069,2,138069,Lysandra,"",eukaryota,false,,,,0.10855752452368758,1,,,89.474,76.0,10^-28.37,,,,,,,,,,,,,,,,,[138070],0
138070,1,138069,Lysandra bellargus,Adonis blue,eukaryota,false,,,,0.10855752452368758,1,,,89.474,76.0,10^-28.37,,,,,,,,,,,,,,,,,,0
137750,2,137750,Henningsomyces,"",eukaryota,false,,,,0.10855752452368758,1,,,100.0,75.0,10^-38.6685,,,,,,,,,,,,,,,,,[2494105],0
2494105,1,137750,Henningsomyces cf. 'agereri',"",eukaryota,false,,,,0.10855752452368758,1,,,100.0,75.0,10^-38.6685,,,,,,,,,,,,,,,,,,0
137742,2,137742,Abortiporus,"",eukaryota,false,,,,0.10855752452368758,1,,,100.0,74.0,10^-37.9881,,,,,,,,,,,,,,,,,[137743],0
137743,1,137742,Abortiporus biennis,"",eukaryota,false,,,,0.10855752452368758,1,,,100.0,74.0,10^-37.9881,,,,,,,,,,,,,,,,,,0
136463,2,136463,Saccamoeba,"",eukaryota,false,,,,0.10855752452368758,1,,,84.848,66.0,10^-18.8246,,,,,,,,,,,,,,,,,[136464],0
136464,1,136463,Saccamoeba limax,"",eukaryota,false,,,,0.10855752452368758,1,,,84.848,66.0,10^-18.8246,,,,,,,,,,,,,,,,,,0
136352,2,136352,Drepanosiphum,"",eukaryota,false,,,,0.10855752452368758,1,,,94.595,37.0,10^-10.1556,,,,,,,,,,,,,,,,,[527648],0
527648,1,136352,Drepanosiphum platanoidis,"",eukaryota,false,,,,0.10855752452368758,1,,,94.595,37.0,10^-10.1556,,,,,,,,,,,,,,,,,,0
135587,2,135587,Histomonas,"",eukaryota,false,,,,,,,,,,,,,,,,0.10855752452368758,1,,,76.0,25.0,10^-4.01278,,,,,[135588],0
135588,1,135587,Histomonas meleagridis,"",eukaryota,false,,,,,,,,,,,,,,,,0.10855752452368758,1,,,76.0,25.0,10^-4.01278,,,,,,0
134393,2,134393,Leucania,"",eukaryota,false,,,,0.21711504904737516,2,,,93.446,38.5,10^-10.4817,,,,,,,,,,,,,,,,,[987968],0
987968,1,134393,Leucania comma,"",eukaryota,false,,,,0.21711504904737516,2,,,93.446,38.5,10^-10.4817,,,,,,,,,,,,,,,,,,0
133894,2,133894,Penaeus,"",eukaryota,false,,,,0.5427876226184379,5,,,88.0562,57.6,10^-16.7076,,,,,,0.9770177207131882,9,,,91.2778,24.4444,10^-4.92608,,,,,"[139456, 27405, 6689, 6687]",0
139456,1,133894,Penaeus chinensis,"",eukaryota,false,,,,0.10855752452368758,1,,,92.5,40.0,10^-10.8079,,,,,,,,,,,,,,,,,,0
27405,1,133894,Penaeus japonicus,"",eukaryota,false,,,,,,,,,,,,,,,,0.5427876226184379,5,,,93.34,24.6,10^-4.612,,,,,,0
6689,1,133894,Penaeus vannamei,Pacific white shrimp,eukaryota,false,,,,0.10855752452368758,1,,,85.526,76.0,10^-24.2529,,,,,,0.21711504904737516,2,,,87.5,24.0,10^-6.32618,,,,,,0
6687,1,133894,Penaeus monodon,black tiger shrimp,eukaryota,false,,,,0.3256725735710627,3,,,87.4183,57.3333,10^-16.159,,,,,,0.21711504904737516,2,,,89.9,24.5,10^-4.31121,,,,,,0
133746,2,133746,Punctularia,"",eukaryota,false,,,,0.10855752452368758,1,,,87.5,56.0,10^-16.1513,,,,,,0.21711504904737516,2,,,85.5,24.5,10^-4.56601,,,,,[202698],0
202698,1,133746,Punctularia strigosozonata,"",eukaryota,false,,,,0.10855752452368758,1,,,87.5,56.0,10^-16.1513,,,,,,0.21711504904737516,2,,,85.5,24.5,10^-4.56601,,,,,,0
133407,2,133407,Acytostelium,"",eukaryota,false,,,,0.10855752452368758,1,,,90.0,50.0,10^-14.8281,,,,,,,,,,,,,,,,,[361139],0
361139,1,133407,Acytostelium subglobosum,"",eukaryota,false,,,,0.10855752452368758,1,,,90.0,50.0,10^-14.8281,,,,,,,,,,,,,,,,,,0
133097,2,133097,Periphyllus,"",eukaryota,false,,,,0.21711504904737516,2,,,91.6665,49.0,10^-14.8414,,,,,,,,,,,,,,,,,[1425412],0
1425412,1,133097,Periphyllus acericola,"",eukaryota,false,,,,0.21711504904737516,2,,,91.6665,49.0,10^-14.8414,,,,,,,,,,,,,,,,,,0
132116,2,132116,Megachile,"",eukaryota,false,,,,0.3256725735710627,3,,,89.6443,45.3333,10^-12.1365,,,,,,0.3256725735710627,3,,,100.0,24.0,10^-6.55672,,,,,"[1542540, 481575, 143995]",0
1542540,1,132116,Megachile ligniseca,"",eukaryota,false,,,,0.21711504904737516,2,,,89.4665,38.0,10^-8.08559,,,,,,,,,,,,,,,,,,0
481575,1,132116,Megachile willughbiella,Willughby's leaf-cutter bee,eukaryota,false,,,,0.10855752452368758,1,,,90.0,60.0,10^-20.2384,,,,,,,,,,,,,,,,,,0
143995,1,132116,Megachile rotundata,alfalfa leafcutting bee,eukaryota,false,,,,,,,,,,,,,,,,0.3256725735710627,3,,,100.0,24.0,10^-6.55672,,,,,,0
131625,2,131625,Crepidodera,"",eukaryota,false,,,,0.10855752452368758,1,,,97.368,38.0,10^-12.2026,,,,,,,,,,,,,,,,,[346762],0
346762,1,131625,Crepidodera aurea,"",eukaryota,false,,,,0.10855752452368758,1,,,97.368,38.0,10^-12.2026,,,,,,,,,,,,,,,,,,0
131316,2,131316,Passalora,"",eukaryota,false,,,,0.10855752452368758,1,,,100.0,76.0,10^-39.3489,,,,,,,,,,,,,,,,,[1341184],0
1341184,1,131316,Passalora haldinae,"",eukaryota,false,,,,0.10855752452368758,1,,,100.0,76.0,10^-39.3489,,,,,,,,,,,,,,,,,,0
129505,2,129505,Ochrolechia,"",eukaryota,false,,,,0.10855752452368758,1,,,98.684,76.0,10^-37.9766,,,,,,,,,,,,,,,,,[129506],0
129506,1,129505,Ochrolechia parella,"",eukaryota,false,,,,0.10855752452368758,1,,,98.684,76.0,10^-37.9766,,,,,,,,,,,,,,,,,,0
127313,2,127313,Boloria,"",eukaryota,false,,,,0.10855752452368758,1,,,89.474,38.0,10^-8.08544,,,,,,,,,,,,,,,,,[405023],0
405023,1,127313,Boloria euphrosyne,pearl-bordered fritillary,eukaryota,false,,,,0.10855752452368758,1,,,89.474,38.0,10^-8.08544,,,,,,,,,,,,,,,,,,0
127238,2,127238,Dircenna,"",eukaryota,false,,,,,,,,,,,,,,,,0.10855752452368758,1,,,100.0,25.0,10^-5.55752,,,,,[127239],0
127239,1,127238,Dircenna dero,"",eukaryota,false,,,,,,,,,,,,,,,,0.10855752452368758,1,,,100.0,25.0,10^-5.55752,,,,,,0
127224,2,127224,Napeogenes,"",eukaryota,false,,,,0.10855752452368758,1,,,90.789,76.0,10^-29.7423,,,,,,,,,,,,,,,,,[331344],0
331344,1,127224,Napeogenes sylphis,"",eukaryota,false,,,,0.10855752452368758,1,,,90.789,76.0,10^-29.7423,,,,,,,,,,,,,,,,,,0
126956,2,126956,Strigamia,"",eukaryota,false,,,,0.5427876226184379,5,,,91.8512,41.2,10^-11.0715,,,,,,,,,,,,,,,,,[1255758],0
1255758,1,126956,Strigamia acuminata,"",eukaryota,false,,,,0.5427876226184379,5,,,91.8512,41.2,10^-11.0715,,,,,,,,,,,,,,,,,,0
126277,2,126277,Microthlaspi,"",eukaryota,false,,,,,,,,,,,,,,,,1.4112478188079385,13,,,62.3237,47.0769,10^-10.4617,,,,,[1685480],0
1685480,1,126277,Microthlaspi erraticum,"",eukaryota,false,,,,,,,,,,,,,,,,1.4112478188079385,13,,,62.3237,47.0769,10^-10.4617,,,,,,0
126230,2,126230,Platycnemis,"",eukaryota,false,,,,0.10855752452368758,1,,,88.636,44.0,10^-10.7665,,,,,,,,,,,,,,,,,[126231],0
126231,1,126230,Platycnemis pennipes,"",eukaryota,false,,,,0.10855752452368758,1,,,88.636,44.0,10^-10.7665,,,,,,,,,,,,,,,,,,0
125369,2,125369,Paraphaeosphaeria,"",eukaryota,false,,,,0.10855752452368758,1,,,100.0,75.0,10^-38.6685,,,,,,,,,,,,,,,,,[229248],0
229248,1,125369,Paraphaeosphaeria sp. 60a,"",eukaryota,false,,,,0.10855752452368758,1,,,100.0,75.0,10^-38.6685,,,,,,,,,,,,,,,,,,0
125216,2,125216,Roseomonas,"",bacteria,false,,,,0.10855752452368758,1,,,97.333,75.0,10^-35.9238,,,,,,,,,,,,,,,,,[1750527],0
1750527,1,125216,Roseomonas fluvialis,"",bacteria,false,,,,0.10855752452368758,1,,,97.333,75.0,10^-35.9238,,,,,,,,,,,,,,,,,,0
124916,2,124916,Armigeres,"",eukaryota,false,,,,30.504664391156208,281,,,90.0308,140.189,10^-41.7709,,,,,,2.279708014997439,21,,,91.6161,50.3333,10^-22.3427,,,,,[124917],0
124917,1,124916,Armigeres subalbatus,"",eukaryota,false,,,,30.504664391156208,281,,,90.0308,140.189,10^-41.7709,,,,,,2.279708014997439,21,,,91.6161,50.3333,10^-22.3427,,,,,,0
124426,2,124426,Ustilaginoidea,"",eukaryota,false,,,,,,,,,,,,,,,,0.10855752452368758,1,,,100.0,25.0,10^-9.83863,,,,,[1159556],0
1159556,1,124426,Ustilaginoidea virens,"",eukaryota,false,,,,,,,,,,,,,,,,0.10855752452368758,1,,,100.0,25.0,10^-9.83863,,,,,,0
124410,2,124410,Limenitis,admirals,eukaryota,false,,,,0.21711504904737516,2,,,97.368,38.0,10^-12.2026,,,,,,,,,,,,,,,,,[270466],0
270466,1,124410,Limenitis camilla,"",eukaryota,false,,,,0.21711504904737516,2,,,97.368,38.0,10^-12.2026,,,,,,,,,,,,,,,,,,0
124287,2,124287,Osmia,"",eukaryota,false,,,,,,,,,,,,,,,,0.759902671665813,7,,,91.7857,24.0,10^-4.93517,,,,,"[1437190, 473952]",0
1437190,1,124287,Osmia bicornis,red mason bee,eukaryota,false,,,,,,,,,,,,,,,,0.10855752452368758,1,,,68.0,25.0,10^-5.39577,,,,,,0
473952,1,124287,Osmia lignaria,orchard mason bee,eukaryota,false,,,,,,,,,,,,,,,,0.6513451471421254,6,,,95.75,23.8333,10^-4.8584,,,,,,0
123484,2,123484,Tripterygium,"",eukaryota,false,,,,0.10855752452368758,1,,,84.507,71.0,10^-20.8515,,,,,,,,,,,,,,,,,[458696],0
458696,1,123484,Tripterygium wilfordii,"",eukaryota,false,,,,0.10855752452368758,1,,,84.507,71.0,10^-20.8515,,,,,,,,,,,,,,,,,,0
122852,2,122852,Polydrusus,"",eukaryota,false,,,,0.10855752452368758,1,,,97.368,38.0,10^-12.2026,,,,,,,,,,,,,,,,,[202137],0
202137,1,122852,Polydrusus cervinus,"",eukaryota,false,,,,0.10855752452368758,1,,,97.368,38.0,10^-12.2026,,,,,,,,,,,,,,,,,,0
122836,2,122836,Platypus,"",eukaryota,false,,,,0.10855752452368758,1,,,93.478,46.0,10^-14.8643,,,,,,,,,,,,,,,,,[298138],0
298138,1,122836,Platypus cylindrus,"",eukaryota,false,,,,0.10855752452368758,1,,,93.478,46.0,10^-14.8643,,,,,,,,,,,,,,,,,,0
122830,2,122830,Pityophthorus,"",eukaryota,false,,,,,,,,,,,,,,,,0.10855752452368758,1,,,100.0,25.0,10^-3.04239,,,,,[479301],0
479301,1,122830,Pityophthorus micrographus,"",eukaryota,false,,,,,,,,,,,,,,,,0.10855752452368758,1,,,100.0,25.0,10^-3.04239,,,,,,0
122277,2,122277,Pectobacterium,"",bacteria,false,,,,,,,,,,,,,,,,0.10855752452368758,1,,,96.0,25.0,10^-5.5391,,,,,[2558042],0
2558042,1,122277,Pectobacterium fontis,"",bacteria,false,,,,,,,,,,,,,,,,0.10855752452368758,1,,,96.0,25.0,10^-5.5391,,,,,,0
121844,2,121844,Diaphorina,"",eukaryota,false,,,,0.21711504904737516,2,,,90.4555,58.0,10^-19.5865,,,,,,3.9080708828527526,36,,,97.7222,24.3889,10^-6.33637,,,,,[121845],0
121845,1,121844,Diaphorina citri,Asian citrus psyllid,eukaryota,false,,,,0.21711504904737516,2,,,90.4555,58.0,10^-19.5865,,,,,,3.9080708828527526,36,,,97.7222,24.3889,10^-6.33637,,,,,,0
121222,2,121222,Pediculus,"",eukaryota,false,,,,0.21711504904737516,2,,,95.402,43.5,10^-14.5455,,,,,,0.8684601961895007,8,,,94.85,24.375,10^-6.228,,,,,[121225],1
121225,1,121222,Pediculus humanus,human louse,eukaryota,false,,,,0.21711504904737516,2,,,95.402,43.5,10^-14.5455,,,,,,0.8684601961895007,8,,,94.85,24.375,10^-6.228,,,,,,1
120865,2,120865,Zele,"",eukaryota,false,,,,0.10855752452368758,1,,,88.889,45.0,10^-11.4429,,,,,,,,,,,,,,,,,[1080930],0
1080930,1,120865,Zele albiditarsus,"",eukaryota,false,,,,0.10855752452368758,1,,,88.889,45.0,10^-11.4429,,,,,,,,,,,,,,,,,,0
119997,2,119997,Chionographis,"",eukaryota,false,,,,0.21711504904737516,2,,,87.421,44.0,10^-10.0844,,,,,,,,,,,,,,,,,[119999],0
119999,1,119997,Chionographis japonica,"",eukaryota,false,,,,0.21711504904737516,2,,,87.421,44.0,10^-10.0844,,,,,,,,,,,,,,,,,,0
118529,2,118529,Heterometrus,"",eukaryota,false,,,,,,,,,,,,,,,,0.10855752452368758,1,,,100.0,24.0,10^-8.31785,,,,,[118530],0
118530,1,118529,Heterometrus spinifer,Asian forest scorpion,eukaryota,false,,,,,,,,,,,,,,,,0.10855752452368758,1,,,100.0,24.0,10^-8.31785,,,,,,0
117982,2,117982,Palaemon,"",eukaryota,false,,,,,,,,,,,,,,,,0.10855752452368758,1,,,100.0,25.0,10^-8.8729,,,,,[221654],0
221654,1,117982,Palaemon pugio,"",eukaryota,false,,,,,,,,,,,,,,,,0.10855752452368758,1,,,100.0,25.0,10^-8.8729,,,,,,0
117248,2,117248,Habropoda,"",eukaryota,false,,,,0.10855752452368758,1,,,90.909,44.0,10^-12.1389,,,,,,0.10855752452368758,1,,,92.0,25.0,10^-3.34872,,,,,[597456],0
597456,1,117248,Habropoda laboriosa,"",eukaryota,false,,,,0.10855752452368758,1,,,90.909,44.0,10^-12.1389,,,,,,0.10855752452368758,1,,,92.0,25.0,10^-3.34872,,,,,,0
117093,2,117093,Villa,"",eukaryota,false,,,,0.3256725735710627,3,,,88.3537,55.6667,10^-16.3977,,,,,,,,,,,,,,,,,[2753613],0
2753613,1,117093,Villa cingulata,"",eukaryota,false,,,,0.3256725735710627,3,,,88.3537,55.6667,10^-16.3977,,,,,,,,,,,,,,,,,,0
117062,2,117062,Tephrocybe,"",eukaryota,false,,,,,,,,,,,,,,,,0.10855752452368758,1,,,87.5,24.0,10^-4.8729,,,,,[117070],0
117070,1,117062,Tephrocybe rancida,"",eukaryota,false,,,,,,,,,,,,,,,,0.10855752452368758,1,,,87.5,24.0,10^-4.8729,,,,,,0
116152,2,116152,Aethina,"",eukaryota,false,,,,0.3256725735710627,3,,,88.4933,57.6667,10^-17.7409,,,,,,0.8684601961895007,8,,,95.625,24.25,10^-6.07958,,,,,[116153],0
116153,1,116152,Aethina tumida,small hive beetle,eukaryota,false,,,,0.3256725735710627,3,,,88.4933,57.6667,10^-17.7409,,,,,,0.8684601961895007,8,,,95.625,24.25,10^-6.07958,,,,,,0
116137,2,116137,Tortricodes,"",eukaryota,false,,,,0.10855752452368758,1,,,90.244,41.0,10^-10.111,,,,,,,,,,,,,,,,,[116138],0
116138,1,116137,Tortricodes alternella,"",eukaryota,false,,,,0.10855752452368758,1,,,90.244,41.0,10^-10.111,,,,,,,,,,,,,,,,,,0
116129,2,116129,Eupsilia,"",eukaryota,false,,,,3.9080708828527526,36,,,93.846,65.0,10^-16.426,,,,,,,,,,,,,,,,,[116130],0
116130,1,116129,Eupsilia transversa,satellite moth,eukaryota,false,,,,3.9080708828527526,36,,,93.846,65.0,10^-16.426,,,,,,,,,,,,,,,,,,0
116127,2,116127,Epirrita,"",eukaryota,false,,,,0.10855752452368758,1,,,91.489,47.0,10^-14.1688,,,,,,,,,,,,,,,,,[247947],0
247947,1,116127,Epirrita christyi,pale November moth,eukaryota,false,,,,0.10855752452368758,1,,,91.489,47.0,10^-14.1688,,,,,,,,,,,,,,,,,,0
115356,2,115356,Harmonia,"",eukaryota,false,,,,0.3256725735710627,3,,,94.0307,63.0,10^-25.4806,,,,,,0.4342300980947503,4,,,96.75,24.0,10^-5.46432,,,,,[115357],0
115357,1,115356,Harmonia axyridis,"",eukaryota,false,,,,0.3256725735710627,3,,,94.0307,63.0,10^-25.4806,,,,,,0.4342300980947503,4,,,96.75,24.0,10^-5.46432,,,,,,0
115303,2,115303,Nephrocerus,"",eukaryota,false,,,,2.931053162139565,27,,,87.3263,84.1111,10^-17.4897,,,,,,,,,,,,,,,,,[566305],0
566305,1,115303,Nephrocerus scutellatus,"",eukaryota,false,,,,2.931053162139565,27,,,87.3263,84.1111,10^-17.4897,,,,,,,,,,,,,,,,,,0
115278,2,115278,Eristalinus,"",eukaryota,false,,,,2.1711504904737517,20,,,85.5869,123.9,10^-26.0918,,,,,,,,,,,,,,,,,"[2725509, 2017640]",0
2725509,1,115278,Eristalinus sepulchralis,"",eukaryota,false,,,,0.3256725735710627,3,,,89.9003,49.0,10^-14.6196,,,,,,,,,,,,,,,,,,0
2017640,1,115278,Eristalinus aeneus,"",eukaryota,false,,,,1.845477916902689,17,,,84.8257,137.118,10^-28.1163,,,,,,,,,,,,,,,,,,0
115253,2,115253,Chalcosyrphus,"",eukaryota,false,,,,0.4342300980947503,4,,,89.3928,68.25,10^-24.1356,,,,,,,,,,,,,,,,,[226170],0
226170,1,115253,Chalcosyrphus nemorum,"",eukaryota,false,,,,0.4342300980947503,4,,,89.3928,68.25,10^-24.1356,,,,,,,,,,,,,,,,,,0
115080,2,115080,Megalopta,"",eukaryota,false,,,,0.3256725735710627,3,,,88.873,68.6667,10^-23.8434,,,,,,0.10855752452368758,1,,,83.3,24.0,10^-4.19723,,,,,[115081],0
115081,1,115080,Megalopta genalis,"",eukaryota,false,,,,0.3256725735710627,3,,,88.873,68.6667,10^-23.8434,,,,,,0.10855752452368758,1,,,83.3,24.0,10^-4.19723,,,,,,0
114154,2,114154,Dichomitus,"",eukaryota,false,,,,0.10855752452368758,1,,,92.105,38.0,10^-9.45781,,,,,,0.3256725735710627,3,,,84.9,24.6667,10^-6.22284,,,,,[114155],0
114155,1,114154,Dichomitus squalens,"",eukaryota,false,,,,0.10855752452368758,1,,,92.105,38.0,10^-9.45781,,,,,,0.3256725735710627,3,,,84.9,24.6667,10^-6.22284,,,,,,0
112291,2,112291,Tenthredo,"",eukaryota,false,,,,0.21711504904737516,2,,,88.929,68.0,10^-23.6173,,,,,,,,,,,,,,,,,[1385102],0
1385102,1,112291,Tenthredo distinguenda,"",eukaryota,false,,,,0.21711504904737516,2,,,88.929,68.0,10^-23.6173,,,,,,,,,,,,,,,,,,0
111932,2,111932,Pararge,"",eukaryota,false,,,,0.21711504904737516,2,,,91.1115,58.5,10^-19.9201,,,,,,0.8684601961895007,8,,,92.7375,24.125,10^-5.51302,,,,,[116150],0
116150,1,111932,Pararge aegeria,speckled wood butterfly,eukaryota,false,,,,0.21711504904737516,2,,,91.1115,58.5,10^-19.9201,,,,,,0.8684601961895007,8,,,92.7375,24.125,10^-5.51302,,,,,,0
111922,2,111922,Melanargia,marbled whites,eukaryota,false,,,,0.10855752452368758,1,,,95.0,40.0,10^-12.1803,,,,,,,,,,,,,,,,,[111923],0
111923,1,111922,Melanargia galathea,marbled white,eukaryota,false,,,,0.10855752452368758,1,,,95.0,40.0,10^-12.1803,,,,,,,,,,,,,,,,,,0
111919,2,111919,Maniola,meadowbrowns,eukaryota,false,,,,0.3256725735710627,3,,,93.6993,52.0,10^-18.4718,,,,,,0.4342300980947503,4,,,89.675,24.75,10^-6.44349,,,,,"[2795564, 191418]",0
2795564,1,111919,Maniola hyperantus,ringlet,eukaryota,false,,,,0.21711504904737516,2,,,95.0945,50.5,10^-18.5989,,,,,,0.21711504904737516,2,,,98.0,25.0,10^-7.90614,,,,,,0
191418,1,111919,Maniola jurtina,meadow brown,eukaryota,false,,,,0.10855752452368758,1,,,90.909,55.0,10^-18.2176,,,,,,0.21711504904737516,2,,,81.35,24.5,10^-4.98083,,,,,,0
111915,2,111915,Lasiommata,"",eukaryota,false,,,,0.10855752452368758,1,,,92.308,39.0,10^-10.1327,,,,,,,,,,,,,,,,,[111917],0
111917,1,111915,Lasiommata megera,wall brown,eukaryota,false,,,,0.10855752452368758,1,,,92.308,39.0,10^-10.1327,,,,,,,,,,,,,,,,,,0
111897,2,111897,Erebia,arguses,eukaryota,false,,,,0.4342300980947503,4,,,92.6988,50.0,10^-16.5613,,,,,,,,,,,,,,,,,"[447833, 111903]",0
447833,1,111897,Erebia aethiops,Scotch argus,eukaryota,false,,,,0.10855752452368758,1,,,90.667,75.0,10^-29.0619,,,,,,,,,,,,,,,,,,0
111903,1,111897,Erebia ligea,Arran brown butterfly,eukaryota,false,,,,0.3256725735710627,3,,,93.376,41.6667,10^-12.3945,,,,,,,,,,,,,,,,,,0
111877,2,111877,Oopsacas,"",eukaryota,false,,,,,,,,,,,,,,,,0.3256725735710627,3,,,90.6667,24.6667,10^-5.91067,,,,,[111878],0
111878,1,111877,Oopsacas minuta,"",eukaryota,false,,,,,,,,,,,,,,,,0.3256725735710627,3,,,90.6667,24.6667,10^-5.91067,,,,,,0
111584,2,111584,Buellia,"",eukaryota,false,,,,0.10855752452368758,1,,,100.0,76.0,10^-39.3489,,,,,,,,,,,,,,,,,[205603],0
205603,1,111584,Buellia aethalea,"",eukaryota,false,,,,0.10855752452368758,1,,,100.0,76.0,10^-39.3489,,,,,,,,,,,,,,,,,,0
109874,2,109874,Physoderma,"",eukaryota,false,,,,0.21711504904737516,2,,,100.0,76.0,10^-39.3489,,,,,,,,,,,,,,,,,[276838],0
276838,1,109874,Physoderma maydis,"",eukaryota,false,,,,0.21711504904737516,2,,,100.0,76.0,10^-39.3489,,,,,,,,,,,,,,,,,,0
109744,2,109744,Eumesocampa,"",eukaryota,false,,,,,,,,,,,,,,,,0.10855752452368758,1,,,100.0,25.0,10^-7.41229,,,,,[109745],0
109745,1,109744,Eumesocampa frigilis,"",eukaryota,false,,,,,,,,,,,,,,,,0.10855752452368758,1,,,100.0,25.0,10^-7.41229,,,,,,0
109632,2,109632,Galerina,"",eukaryota,false,,,,,,,,,,,,,,,,0.4342300980947503,4,,,92.7,24.0,10^-7.20737,,,,,[109633],0
109633,1,109632,Galerina marginata,"",eukaryota,false,,,,,,,,,,,,,,,,0.4342300980947503,4,,,92.7,24.0,10^-7.20737,,,,,,0
109377,2,109377,Ustulina,"",eukaryota,false,,,,0.10855752452368758,1,,,86.842,76.0,10^-25.6252,,,,,,,,,,,,,,,,,[110526],0
110526,1,109377,Ustulina deusta,"",eukaryota,false,,,,0.10855752452368758,1,,,86.842,76.0,10^-25.6252,,,,,,,,,,,,,,,,,,0
109374,2,109374,Nemania,"",eukaryota,false,,,,0.10855752452368758,1,,,100.0,75.0,10^-38.6685,,,,,,,,,,,,,,,,,[389665],0
389665,1,109374,Nemania diffusa,"",eukaryota,false,,,,0.10855752452368758,1,,,100.0,75.0,10^-38.6685,,,,,,,,,,,,,,,,,,0
108930,2,108930,Nilaparvata,"",eukaryota,false,,,,1.0855752452368759,10,,,92.4803,51.5,10^-16.955,,,,,,1.4112478188079385,13,,,92.1923,23.8462,10^-5.74531,,,,,[108931],0
108931,1,108930,Nilaparvata lugens,brown planthopper,eukaryota,false,,,,1.0855752452368759,10,,,92.4803,51.5,10^-16.955,,,,,,1.4112478188079385,13,,,92.1923,23.8462,10^-5.74531,,,,,,0
107887,2,107887,Hyphydrus,"",eukaryota,false,,,,0.10855752452368758,1,,,89.333,75.0,10^-27.6895,,,,,,0.10855752452368758,1,,,88.0,25.0,10^-7.96257,,,,,"[2055708, 422039]",0
2055708,1,107887,Hyphydrus detectus,"",eukaryota,false,,,,,,,,,,,,,,,,0.10855752452368758,1,,,88.0,25.0,10^-7.96257,,,,,,0
422039,1,107887,Hyphydrus excoffieri,"",eukaryota,false,,,,0.10855752452368758,1,,,89.333,75.0,10^-27.6895,,,,,,,,,,,,,,,,,,0
107449,2,107449,Phaffia,"",eukaryota,false,,,,,,,,,,,,,,,,0.10855752452368758,1,,,100.0,24.0,10^-8.09691,,,,,[264483],0
264483,1,107449,Phaffia rhodozyma,"",eukaryota,false,,,,,,,,,,,,,,,,0.10855752452368758,1,,,100.0,24.0,10^-8.09691,,,,,,0
106589,2,106589,Cupriavidus,"",bacteria,false,,,,,,,,,,,,,,,,0.10855752452368758,1,,,88.0,25.0,10^-3.64782,,,,,[96344],0
96344,1,106589,Cupriavidus oxalaticus,"",bacteria,false,,,,,,,,,,,,,,,,0.10855752452368758,1,,,88.0,25.0,10^-3.64782,,,,,,0
106500,2,106500,Synanthedon,"",eukaryota,false,,,,0.759902671665813,7,,,92.9509,54.7143,10^-19.6034,,,,,,,,,,,,,,,,,"[1108570, 1108569, 301680, 301036]",0
1108570,1,106500,Synanthedon myopaeformis,"",eukaryota,false,,,,0.21711504904737516,2,,,91.3655,48.0,10^-14.1714,,,,,,,,,,,,,,,,,,0
1108569,1,106500,Synanthedon andrenaeformis,"",eukaryota,false,,,,0.21711504904737516,2,,,94.914,49.0,10^-17.5891,,,,,,,,,,,,,,,,,,0
301680,1,106500,Synanthedon tipuliformis,"",eukaryota,false,,,,0.21711504904737516,2,,,94.9805,65.0,10^-27.758,,,,,,,,,,,,,,,,,,0
301036,1,106500,Synanthedon formicaeformis,red-tipped clearwing,eukaryota,false,,,,0.10855752452368758,1,,,88.136,59.0,10^-18.1872,,,,,,,,,,,,,,,,,,0
105250,2,105250,Taphrorychus,"",eukaryota,false,,,,0.21711504904737516,2,,,91.293,66.0,10^-24.3166,,,,,,,,,,,,,,,,,[105251],0
105251,1,105250,Taphrorychus bicolor,"",eukaryota,false,,,,0.21711504904737516,2,,,91.293,66.0,10^-24.3166,,,,,,,,,,,,,,,,,,0
105232,2,105232,Amasa,"",eukaryota,false,,,,,,,,,,,,,,,,0.10855752452368758,1,,,100.0,24.0,10^-6.22548,,,,,[2709560],0
2709560,1,105232,Amasa sp. n. 9 AIC-2020,"",eukaryota,false,,,,,,,,,,,,,,,,0.10855752452368758,1,,,100.0,24.0,10^-6.22548,,,,,,0
105119,2,105119,Xyleborus,"",eukaryota,false,,,,,,,,,,,,,,,,0.21711504904737516,2,,,98.0,25.0,10^-7.37847,,,,,"[995687, 889492]",0
995687,1,105119,Xyleborus decumans,"",eukaryota,false,,,,,,,,,,,,,,,,0.10855752452368758,1,,,100.0,25.0,10^-8.32514,,,,,,0
889492,1,105119,Xyleborus glabratus,"",eukaryota,false,,,,,,,,,,,,,,,,0.10855752452368758,1,,,96.0,25.0,10^-6.4318,,,,,,0
104839,2,104839,Ischnocentrus,"",eukaryota,false,,,,0.10855752452368758,1,,,100.0,76.0,10^-39.3489,,,,,,,,,,,,,,,,,[104841],0
104841,1,104839,Ischnocentrus niger,"",eukaryota,false,,,,0.10855752452368758,1,,,100.0,76.0,10^-39.3489,,,,,,,,,,,,,,,,,,0
104781,2,104781,Adineta,"",eukaryota,false,,,,,,,,,,,,,,,,0.3256725735710627,3,,,100.0,24.6667,10^-6.15975,,,,,[433720],0
433720,1,104781,Adineta steineri,"",eukaryota,false,,,,,,,,,,,,,,,,0.3256725735710627,3,,,100.0,24.6667,10^-6.15975,,,,,,0
104514,2,104514,Melitaea,"",eukaryota,false,,,,,,,,,,,,,,,,0.21711504904737516,2,,,83.35,24.0,10^-3.84028,,,,,[113334],0
113334,1,104514,Melitaea cinxia,Glanville fritillary,eukaryota,false,,,,,,,,,,,,,,,,0.21711504904737516,2,,,83.35,24.0,10^-3.84028,,,,,,0
104501,2,104501,Euphydryas,checkerspot butterflies,eukaryota,false,,,,,,,,,,,,,,,,0.5427876226184379,5,,,79.7,24.4,10^-4.05006,,,,,[104508],0
104508,1,104501,Euphydryas editha,"",eukaryota,false,,,,,,,,,,,,,,,,0.5427876226184379,5,,,79.7,24.4,10^-4.05006,,,,,,0
104475,2,104475,Agriopis,"",eukaryota,false,,,,0.10855752452368758,1,,,91.935,62.0,10^-22.9689,,,,,,,,,,,,,,,,,[190331],0
190331,1,104475,Agriopis marginaria,dotted border,eukaryota,false,,,,0.10855752452368758,1,,,91.935,62.0,10^-22.9689,,,,,,,,,,,,,,,,,,0
104473,2,104473,Erannis,"",eukaryota,false,,,,0.10855752452368758,1,,,93.478,46.0,10^-14.8643,,,,,,,,,,,,,,,,,[104474],0
104474,1,104473,Erannis defoliaria,"",eukaryota,false,,,,0.10855752452368758,1,,,93.478,46.0,10^-14.8643,,,,,,,,,,,,,,,,,,0
104458,2,104458,Hydriomena,"",eukaryota,false,,,,0.21711504904737516,2,,,93.167,61.5,10^-24.0124,,,,,,,,,,,,,,,,,[104460],0
104460,1,104458,Hydriomena furcata,"",eukaryota,false,,,,0.21711504904737516,2,,,93.167,61.5,10^-24.0124,,,,,,,,,,,,,,,,,,0
104456,2,104456,Ecliptopera,"",eukaryota,false,,,,0.3256725735710627,3,,,92.5543,43.3333,10^-12.6073,,,,,,,,,,,,,,,,,[104457],0
104457,1,104456,Ecliptopera silaceata,"",eukaryota,false,,,,0.3256725735710627,3,,,92.5543,43.3333,10^-12.6073,,,,,,,,,,,,,,,,,,0
104451,2,104451,Operophtera,"",eukaryota,false,,,,0.3256725735710627,3,,,89.1677,67.6667,10^-23.6176,,,,,,0.759902671665813,7,,,89.8857,23.8571,10^-5.72639,,,,,[104452],0
104452,1,104451,Operophtera brumata,winter moth,eukaryota,false,,,,0.3256725735710627,3,,,89.1677,67.6667,10^-23.6176,,,,,,0.759902671665813,7,,,89.8857,23.8571,10^-5.72639,,,,,,0
104446,2,104446,Idaea,"",eukaryota,false,,,,0.8684601961895007,8,,,90.2655,61.375,10^-14.0909,,,,,,,,,,,,,,,,,"[572776, 104449, 104447]",0
572776,1,104446,Idaea dimidiata,"",eukaryota,false,,,,0.6513451471421254,6,,,90.4957,62.6667,10^-12.8282,,,,,,,,,,,,,,,,,,0
104449,1,104446,Idaea straminata,"",eukaryota,false,,,,0.10855752452368758,1,,,86.842,76.0,10^-25.6252,,,,,,,,,,,,,,,,,,0
104447,1,104446,Idaea aversata,"",eukaryota,false,,,,0.10855752452368758,1,,,92.308,39.0,10^-10.1327,,,,,,,,,,,,,,,,,,0
104426,2,104426,Drepana,"",eukaryota,false,,,,0.21711504904737516,2,,,90.719,56.5,10^-18.5737,,,,,,,,,,,,,,,,,[104428],0
104428,1,104426,Drepana falcataria,"",eukaryota,false,,,,0.21711504904737516,2,,,90.719,56.5,10^-18.5737,,,,,,,,,,,,,,,,,,0
103830,2,103830,Mythimna,"",eukaryota,false,,,,1.519805343331626,14,,,91.2216,67.2857,10^-18.9302,,,,,,0.8684601961895007,8,,,83.575,24.25,10^-5.09884,,,,,"[987985, 987983, 667449, 271217]",0
987985,1,103830,Mythimna impura,"",eukaryota,false,,,,1.0855752452368759,10,,,91.42,75.4,10^-20.9707,,,,,,,,,,,,,,,,,,0
987983,1,103830,Mythimna albipuncta,"",eukaryota,false,,,,0.3256725735710627,3,,,89.42,44.0,10^-11.2249,,,,,,,,,,,,,,,,,,0
667449,1,103830,Mythimna loreyi,"",eukaryota,false,,,,,,,,,,,,,,,,0.3256725735710627,3,,,86.1,24.0,10^-5.07914,,,,,,0
271217,1,103830,Mythimna separata,northern armyworm,eukaryota,false,,,,0.10855752452368758,1,,,94.643,56.0,10^-21.6407,,,,,,0.5427876226184379,5,,,82.06,24.4,10^-5.11066,,,,,,0
103413,2,103413,Anomoia,"",eukaryota,false,,,,0.10855752452368758,1,,,94.872,39.0,10^-11.5051,,,,,,,,,,,,,,,,,[103414],0
103414,1,103413,Anomoia purmunda,"",eukaryota,false,,,,0.10855752452368758,1,,,94.872,39.0,10^-11.5051,,,,,,,,,,,,,,,,,,0
102598,2,102598,Misopates,"",eukaryota,false,,,,0.10855752452368758,1,,,85.507,69.0,10^-20.8639,,,,,,,,,,,,,,,,,[102599],0
102599,1,102598,Misopates orontium,"",eukaryota,false,,,,0.10855752452368758,1,,,85.507,69.0,10^-20.8639,,,,,,,,,,,,,,,,,,0
102106,2,102106,Collinsella,"",bacteria,false,,,,,,,,,,,,,,,,0.21711504904737516,2,,,94.0,25.0,10^-7.22011,,,,,[74426],0
74426,1,102106,Collinsella aerofaciens,"",bacteria,false,,,,,,,,,,,,,,,,0.21711504904737516,2,,,94.0,25.0,10^-7.22011,,,,,,0
101736,2,101736,Incurvaria,"",eukaryota,false,,,,0.10855752452368758,1,,,95.0,40.0,10^-12.1803,,,,,,,,,,,,,,,,,[101737],0
101737,1,101736,Incurvaria masculella,"",eukaryota,false,,,,0.10855752452368758,1,,,95.0,40.0,10^-12.1803,,,,,,,,,,,,,,,,,,0
101126,2,101126,Hesseltinella,"",eukaryota,false,,,,,,,,,,,,,,,,0.10855752452368758,1,,,95.8,24.0,10^-5.81816,,,,,[101127],0
101127,1,101126,Hesseltinella vesiculosa,"",eukaryota,false,,,,,,,,,,,,,,,,0.10855752452368758,1,,,95.8,24.0,10^-5.81816,,,,,,0
100883,2,100883,Coprobacillus,"",bacteria,false,,,,,,,,,,,,,,,,0.10855752452368758,1,,,76.0,25.0,10^-4.33161,,,,,[450746],0
450746,1,100883,Coprobacillus sp. 8_1_38FAA,"",bacteria,false,,,,,,,,,,,,,,,,0.10855752452368758,1,,,76.0,25.0,10^-4.33161,,,,,,0
100860,2,100860,Aphanomyces,"",eukaryota,false,,,,,,,,,,,,,,,,0.3256725735710627,3,,,94.4333,24.0,10^-5.2765,,,,,"[120398, 112090]",0
120398,1,100860,Aphanomyces stellatus,"",eukaryota,false,,,,,,,,,,,,,,,,0.10855752452368758,1,,,83.3,24.0,10^-3.08092,,,,,,0
112090,1,100860,Aphanomyces astaci,"",eukaryota,false,,,,,,,,,,,,,,,,0.21711504904737516,2,,,100.0,24.0,10^-6.37429,,,,,,0
100451,2,100451,Candidula,"",eukaryota,false,,,,,,,,,,,,,,,,0.21711504904737516,2,,,98.0,24.5,10^-5.45627,,,,,[100452],0
100452,1,100451,Candidula unifasciata,"",eukaryota,false,,,,,,,,,,,,,,,,0.21711504904737516,2,,,98.0,24.5,10^-5.45627,,,,,,0
100048,2,100048,Trematosphaeria,"",eukaryota,false,,,,,,,,,,,,,,,,0.10855752452368758,1,,,84.0,25.0,10^-6.72816,,,,,[390896],0
390896,1,100048,Trematosphaeria pertusa,"",eukaryota,false,,,,,,,,,,,,,,,,0.10855752452368758,1,,,84.0,25.0,10^-6.72816,,,,,,0
99105,2,99105,Tanacetum,"",eukaryota,false,,,,,,,,,,,,,,,,0.759902671665813,7,,,91.1,24.1429,10^-5.46043,,,,,[118510],0
118510,1,99105,Tanacetum cinerariifolium,"",eukaryota,false,,,,,,,,,,,,,,,,0.759902671665813,7,,,91.1,24.1429,10^-5.46043,,,,,,0
98757,2,98757,Gelatoporia,"",eukaryota,false,,,,,,,,,,,,,,,,0.8684601961895007,8,,,92.1875,24.125,10^-6.04634,,,,,[42742],0
42742,1,98757,Gelatoporia subvermispora,"",eukaryota,false,,,,,,,,,,,,,,,,0.8684601961895007,8,,,92.1875,24.125,10^-6.04634,,,,,,0
98005,2,98005,Eutrema,"",eukaryota,false,,,,0.10855752452368758,1,,,95.455,44.0,10^-14.8836,,,,,,,,,,,,,,,,,[72664],0
72664,1,98005,Eutrema salsugineum,"",eukaryota,false,,,,0.10855752452368758,1,,,95.455,44.0,10^-14.8836,,,,,,,,,,,,,,,,,,0
97971,2,97971,Periconia,"",eukaryota,false,,,,0.10855752452368758,1,,,96.053,76.0,10^-35.2318,,,,,,,,,,,,,,,,,[1303443],0
1303443,1,97971,Periconia digitata,"",eukaryota,false,,,,0.10855752452368758,1,,,96.053,76.0,10^-35.2318,,,,,,,,,,,,,,,,,,0
97376,2,97376,Biscogniauxia,"",eukaryota,false,,,,,,,,,,,,,,,,0.10855752452368758,1,,,100.0,23.0,10^-7.59007,,,,,[97377],0
97377,1,97376,Biscogniauxia mediterranea,"",eukaryota,false,,,,,,,,,,,,,,,,0.10855752452368758,1,,,100.0,23.0,10^-7.59007,,,,,,0
97051,2,97051,Cinara,"",eukaryota,false,,,,,,,,,,,,,,,,0.10855752452368758,1,,,64.0,25.0,10^-3.34199,,,,,[506608],0
506608,1,97051,Cinara cedri,"",eukaryota,false,,,,,,,,,,,,,,,,0.10855752452368758,1,,,64.0,25.0,10^-3.34199,,,,,,0
96550,2,96550,Tuberolachnus,"",eukaryota,false,,,,0.21711504904737516,2,,,94.8935,48.5,10^-17.2441,,,,,,,,,,,,,,,,,[96551],0
96551,1,96550,Tuberolachnus salignus,"",eukaryota,false,,,,0.21711504904737516,2,,,94.8935,48.5,10^-17.2441,,,,,,,,,,,,,,,,,,0
95601,2,95601,Eriocheir,"",eukaryota,false,,,,0.4342300980947503,4,,,91.7483,59.0,10^-20.9507,,,,,,0.10855752452368758,1,,,100.0,25.0,10^-7.18709,,,,,[95602],0
95602,1,95601,Eriocheir sinensis,Chinese mitten crab,eukaryota,false,,,,0.4342300980947503,4,,,91.7483,59.0,10^-20.9507,,,,,,0.10855752452368758,1,,,100.0,25.0,10^-7.18709,,,,,,0
95323,2,95323,Hapsidospora,"",eukaryota,false,,,,,,,,,,,,,,,,0.10855752452368758,1,,,100.0,25.0,10^-9.3947,,,,,[5044],0
5044,1,95323,Hapsidospora chrysogena,"",eukaryota,false,,,,,,,,,,,,,,,,0.10855752452368758,1,,,100.0,25.0,10^-9.3947,,,,,,0
95298,2,95298,Xyela,"",eukaryota,false,,,,,,,,,,,,,,,,0.10855752452368758,1,,,100.0,25.0,10^-10.4634,,,,,[1518696],0
1518696,1,95298,Xyela minor group sp. tL3,"",eukaryota,false,,,,,,,,,,,,,,,,0.10855752452368758,1,,,100.0,25.0,10^-10.4634,,,,,,0
95295,2,95295,Nomada,"",eukaryota,false,,,,0.21711504904737516,2,,,92.105,57.0,10^-20.2863,,,,,,,,,,,,,,,,,"[601849, 601583]",0
601849,1,95295,Nomada ruficornis,"",eukaryota,false,,,,0.10855752452368758,1,,,92.105,38.0,10^-9.45781,,,,,,,,,,,,,,,,,,0
601583,1,95295,Nomada hirtipes,"",eukaryota,false,,,,0.10855752452368758,1,,,92.105,76.0,10^-31.1147,,,,,,,,,,,,,,,,,,0
95279,2,95279,Clistopyga,"",eukaryota,false,,,,0.10855752452368758,1,,,83.636,55.0,10^-12.7282,,,,,,,,,,,,,,,,,[494138],0
494138,1,95279,Clistopyga incitator,"",eukaryota,false,,,,0.10855752452368758,1,,,83.636,55.0,10^-12.7282,,,,,,,,,,,,,,,,,,0
95218,2,95218,Hypena,"",eukaryota,false,,,,0.10855752452368758,1,,,82.609,46.0,10^-8.00247,,,,,,,,,,,,,,,,,[753189],0
753189,1,95218,Hypena proboscidalis,"",eukaryota,false,,,,0.10855752452368758,1,,,82.609,46.0,10^-8.00247,,,,,,,,,,,,,,,,,,0
95189,2,95189,Apamea,"",eukaryota,false,,,,0.10855752452368758,1,,,86.667,45.0,10^-10.0706,,,,,,,,,,,,,,,,,[987880],0
987880,1,95189,Apamea epomidion,"",eukaryota,false,,,,0.10855752452368758,1,,,86.667,45.0,10^-10.0706,,,,,,,,,,,,,,,,,,0
94629,2,94629,Semibalanus,"",eukaryota,false,,,,0.9770177207131882,9,,,94.231,52.0,10^-11.342,,,,,,,,,,,,,,,,,[94630],0
94630,1,94629,Semibalanus balanoides,northern acorn barnacle,eukaryota,false,,,,0.9770177207131882,9,,,94.231,52.0,10^-11.342,,,,,,,,,,,,,,,,,,0
94028,2,94028,Argiope,"",eukaryota,false,,,,,,,,,,,,,,,,0.21711504904737516,2,,,92.0,25.0,10^-6.203,,,,,[94029],0
94029,1,94028,Argiope bruennichi,"",eukaryota,false,,,,,,,,,,,,,,,,0.21711504904737516,2,,,92.0,25.0,10^-6.203,,,,,,0
93827,2,93827,Gymnopus,"",eukaryota,false,,,,0.21711504904737516,2,,,98.684,76.0,10^-37.9766,,,,,,0.6513451471421254,6,,,89.75,24.3333,10^-5.98197,,,,,"[2212567, 2007102, 1447940]",0
2212567,1,93827,Gymnopus graveolens,"",eukaryota,false,,,,0.10855752452368758,1,,,100.0,76.0,10^-39.3489,,,,,,,,,,,,,,,,,,0
2007102,1,93827,Gymnopus sp. VC-2017f,"",eukaryota,false,,,,0.10855752452368758,1,,,97.368,76.0,10^-36.6042,,,,,,,,,,,,,,,,,,0
1447940,1,93827,Gymnopus androsaceus,"",eukaryota,false,,,,,,,,,,,,,,,,0.6513451471421254,6,,,89.75,24.3333,10^-5.98197,,,,,,0
93127,2,93127,Rhynchophorus,"",eukaryota,false,,,,,,,,,,,,,,,,0.759902671665813,7,,,94.6857,24.2857,10^-4.9343,,,,,[354439],0
354439,1,93127,Rhynchophorus ferrugineus,red palm weevil,eukaryota,false,,,,,,,,,,,,,,,,0.759902671665813,7,,,94.6857,24.2857,10^-4.9343,,,,,,0
92603,2,92603,Opetia,"",eukaryota,false,,,,0.10855752452368758,1,,,94.366,71.0,10^-30.4581,,,,,,,,,,,,,,,,,[92604],0
92604,1,92603,Opetia nigra,"",eukaryota,false,,,,0.10855752452368758,1,,,94.366,71.0,10^-30.4581,,,,,,,,,,,,,,,,,,0
92443,2,92443,Venturia,"",eukaryota,false,,,,0.5427876226184379,5,,,88.0686,57.2,10^-16.6984,,,,,,0.6513451471421254,6,,,97.3333,24.6667,10^-6.93143,,,,,[32260],0
32260,1,92443,Venturia canescens,"",eukaryota,false,,,,0.5427876226184379,5,,,88.0686,57.2,10^-16.6984,,,,,,0.6513451471421254,6,,,97.3333,24.6667,10^-6.93143,,,,,,0
91942,2,91942,Hortaea,"",eukaryota,false,,,,,,,,,,,,,,,,0.21711504904737516,2,,,100.0,25.0,10^-7.06437,,,,,[91943],0
91943,1,91942,Hortaea werneckii,"",eukaryota,false,,,,,,,,,,,,,,,,0.21711504904737516,2,,,100.0,25.0,10^-7.06437,,,,,,0
91914,2,91914,Asaia,"",bacteria,false,,,,20.300257085929577,187,,,98.9537,795.021,10^-230.994,,,,,,2.4968230640448144,23,,,92.4126,74.0,10^-40.2334,,,,,"[287950, 220990, 91915]",0
287950,1,91914,uncultured Asaia sp.,"",bacteria,false,,,,0.21711504904737516,2,,,100.0,76.0,10^-39.3489,,,,,,,,,,,,,,,,,,0
220990,1,91914,Asaia krungthepensis,"",bacteria,false,,,,0.21711504904737516,2,,,100.0,74.5,10^-38.3283,,,,,,,,,,,,,,,,,,0
91915,1,91914,Asaia bogorensis,"",bacteria,false,,,,19.866026987834825,183,,,98.9308,810.754,10^-235.194,,,,,,2.4968230640448144,23,,,92.4126,74.0,10^-40.2334,,,,,,0
91737,2,91737,Aricia,"",eukaryota,false,,,,,,,,,,,,,,,,0.10855752452368758,1,,,91.7,24.0,10^-3.36351,,,,,[91739],0
91739,1,91737,Aricia agestis,brown argus,eukaryota,false,,,,,,,,,,,,,,,,0.10855752452368758,1,,,91.7,24.0,10^-3.36351,,,,,,0
91493,2,91493,Exserohilum,"",eukaryota,false,,,,0.21711504904737516,2,,,92.655,65.5,10^-25.3513,,,,,,,,,,,,,,,,,[1659837],0
1659837,1,91493,Exserohilum rostratum,"",eukaryota,false,,,,0.21711504904737516,2,,,92.655,65.5,10^-25.3513,,,,,,,,,,,,,,,,,,0
91390,2,91390,Mischocyttarus,"",eukaryota,false,,,,,,,,,,,,,,,,0.10855752452368758,1,,,100.0,24.0,10^-5.79588,,,,,[91405],0
91405,1,91390,Mischocyttarus mexicanus,"",eukaryota,false,,,,,,,,,,,,,,,,0.10855752452368758,1,,,100.0,24.0,10^-5.79588,,,,,,0
91192,2,91192,Tetradesmus,"",eukaryota,false,,,,0.10855752452368758,1,,,87.5,72.0,10^-24.2763,,,,,,,,,,,,,,,,,[3088],0
3088,1,91192,Tetradesmus obliquus,"",eukaryota,false,,,,0.10855752452368758,1,,,87.5,72.0,10^-24.2763,,,,,,,,,,,,,,,,,,0
90723,2,90723,Aphelenchoides,"",eukaryota,false,,,,,,,,,,,,,,,,0.10855752452368758,1,,,100.0,21.0,10^-3.70997,,,,,[269767],0
269767,1,90723,Aphelenchoides besseyi,"",eukaryota,false,,,,,,,,,,,,,,,,0.10855752452368758,1,,,100.0,21.0,10^-3.70997,,,,,,0
89802,2,89802,Hyphoderma,"",eukaryota,false,,,,0.10855752452368758,1,,,93.333,75.0,10^-31.8067,,,,,,,,,,,,,,,,,[366620],0
366620,1,89802,Hyphoderma orphanellum,"",eukaryota,false,,,,0.10855752452368758,1,,,93.333,75.0,10^-31.8067,,,,,,,,,,,,,,,,,,0
89583,2,89583,Gluconacetobacter,"",bacteria,false,,,,0.10855752452368758,1,,,97.368,76.0,10^-36.6042,,,,,,,,,,,,,,,,,[254436],0
254436,1,89583,uncultured Gluconacetobacter sp.,"",bacteria,false,,,,0.10855752452368758,1,,,97.368,76.0,10^-36.6042,,,,,,,,,,,,,,,,,,0
88591,2,88591,Sphecodes,"",eukaryota,false,,,,0.10855752452368758,1,,,100.0,36.0,10^-12.226,,,,,,,,,,,,,,,,,[1190790],0
1190790,1,88591,Sphecodes monilicornis,"",eukaryota,false,,,,0.10855752452368758,1,,,100.0,36.0,10^-12.226,,,,,,,,,,,,,,,,,,0
88555,2,88555,Trialeurodes,"",eukaryota,false,,,,,,,,,,,,,,,,0.10855752452368758,1,,,95.8,24.0,10^-5.85387,,,,,[88556],0
88556,1,88555,Trialeurodes vaporariorum,greenhouse whitefly,eukaryota,false,,,,,,,,,,,,,,,,0.10855752452368758,1,,,95.8,24.0,10^-5.85387,,,,,,0
88467,2,88467,Lasioglossum,"",eukaryota,false,,,,0.5427876226184379,5,,,90.1336,50.2,10^-14.9816,,,,,,,,,,,,,,,,,"[88516, 88514]",0
88516,1,88467,Lasioglossum pauxillum,"",eukaryota,false,,,,0.3256725735710627,3,,,88.893,54.6667,10^-16.6438,,,,,,,,,,,,,,,,,,0
88514,1,88467,Lasioglossum morio,"",eukaryota,false,,,,0.21711504904737516,2,,,91.9945,43.5,10^-12.4884,,,,,,,,,,,,,,,,,,0
88466,2,88466,Seladonia,"",eukaryota,false,,,,0.10855752452368758,1,,,91.667,48.0,10^-14.8458,,,,,,,,,,,,,,,,,[115100],0
115100,1,88466,Seladonia tumulorum,"",eukaryota,false,,,,0.10855752452368758,1,,,91.667,48.0,10^-14.8458,,,,,,,,,,,,,,,,,,0
88026,2,88026,Tanystylum,"",eukaryota,false,,,,,,,,,,,,,,,,0.10855752452368758,1,,,100.0,25.0,10^-7.7167,,,,,[88027],0
88027,1,88026,Tanystylum orbiculare,"",eukaryota,false,,,,,,,,,,,,,,,,0.10855752452368758,1,,,100.0,25.0,10^-7.7167,,,,,,0
88014,2,88014,Eurytemora,"",eukaryota,false,,,,,,,,,,,,,,,,0.3256725735710627,3,,,93.0333,24.0,10^-6.67557,,,,,[1294199],0
1294199,1,88014,Eurytemora carolleeae,"",eukaryota,false,,,,,,,,,,,,,,,,0.3256725735710627,3,,,93.0333,24.0,10^-6.67557,,,,,,0
86085,2,86085,Gymnopilus,"",eukaryota,false,,,,0.10855752452368758,1,,,100.0,76.0,10^-39.3489,,,,,,,,,,,,,,,,,[171613],0
171613,1,86085,Gymnopilus spectabilis,"",eukaryota,false,,,,0.10855752452368758,1,,,100.0,76.0,10^-39.3489,,,,,,,,,,,,,,,,,,0
85947,2,85947,Didymosphaeria,"",eukaryota,false,,,,,,,,,,,,,,,,0.10855752452368758,1,,,95.8,24.0,10^-7.33255,,,,,[85948],0
85948,1,85947,Didymosphaeria enalia,"",eukaryota,false,,,,,,,,,,,,,,,,0.10855752452368758,1,,,95.8,24.0,10^-7.33255,,,,,,0
85309,2,85309,Nezara,"",eukaryota,false,,,,,,,,,,,,,,,,0.21711504904737516,2,,,84.0,24.5,10^-4.40389,,,,,[85310],0
85310,1,85309,Nezara viridula,southern green stink bug,eukaryota,false,,,,,,,,,,,,,,,,0.21711504904737516,2,,,84.0,24.5,10^-4.40389,,,,,,0
85127,2,85127,Neogonodactylus,"",eukaryota,false,,,,,,,,,,,,,,,,0.10855752452368758,1,,,96.0,25.0,10^-6.34582,,,,,[85128],0
85128,1,85127,Neogonodactylus oerstedii,"",eukaryota,false,,,,,,,,,,,,,,,,0.10855752452368758,1,,,96.0,25.0,10^-6.34582,,,,,,0
84666,2,84666,Xantho,"",eukaryota,false,,,,,,,,,,,,,,,,0.10855752452368758,1,,,96.0,25.0,10^-3.86967,,,,,[348598],0
348598,1,84666,Xantho incisus,"",eukaryota,false,,,,,,,,,,,,,,,,0.10855752452368758,1,,,96.0,25.0,10^-3.86967,,,,,,0
84565,2,84565,Sodalis,tsetse S-endosymbionts,bacteria,false,,,,,,,,,,,,,,,,0.10855752452368758,1,,,92.0,25.0,10^-7.15366,,,,,[2746521],0
2746521,1,84565,Sodalis sp. Fle,"",bacteria,false,,,,,,,,,,,,,,,,0.10855752452368758,1,,,92.0,25.0,10^-7.15366,,,,,,0
84507,2,84507,Ceratosolen,"",eukaryota,false,,,,0.21711504904737516,2,,,89.5275,67.0,10^-23.6215,,,,,,,,,,,,,,,,,[142686],0
142686,1,84507,Ceratosolen solmsi,"",eukaryota,false,,,,0.21711504904737516,2,,,89.5275,67.0,10^-23.6215,,,,,,,,,,,,,,,,,,0
84406,2,84406,Virgibacillus,"",bacteria,false,,,,,,,,,,,,,,,,0.6513451471421254,6,,,81.8,22.0,10^-3.30945,,,,,[2024555],0
2024555,1,84406,Virgibacillus profundi,"",bacteria,false,,,,,,,,,,,,,,,,0.6513451471421254,6,,,81.8,22.0,10^-3.30945,,,,,,0
83618,2,83618,Pseudoxanthomonas,"",bacteria,false,,,,0.10855752452368758,1,,,84.127,63.0,10^-16.7863,,,,,,,,,,,,,,,,,[128785],0
128785,1,83618,Pseudoxanthomonas mexicana,"",bacteria,false,,,,0.10855752452368758,1,,,84.127,63.0,10^-16.7863,,,,,,,,,,,,,,,,,,0
83484,2,83484,Linepithema,"",eukaryota,false,,,,0.10855752452368758,1,,,96.429,56.0,10^-23.0131,,,,,,0.10855752452368758,1,,,100.0,25.0,10^-6.34104,,,,,[83485],0
83485,1,83484,Linepithema humile,Argentine ant,eukaryota,false,,,,0.10855752452368758,1,,,96.429,56.0,10^-23.0131,,,,,,0.10855752452368758,1,,,100.0,25.0,10^-6.34104,,,,,,0
83235,2,83235,Postia,"",eukaryota,false,,,,0.10855752452368758,1,,,85.526,76.0,10^-24.2529,,,,,,0.21711504904737516,2,,,88.0,24.5,10^-5.7545,,,,,[104341],0
104341,1,83235,Postia placenta,"",eukaryota,false,,,,0.10855752452368758,1,,,85.526,76.0,10^-24.2529,,,,,,0.21711504904737516,2,,,88.0,24.5,10^-5.7545,,,,,,0
82984,2,82984,Pragia,"",bacteria,false,,,,5.1022036526133165,47,,,91.529,543.0,10^-307.653,,,,,,,,,,,,,,,,,[82985],0
82985,1,82984,Pragia fontium,"",bacteria,false,,,,5.1022036526133165,47,,,91.529,543.0,10^-307.653,,,,,,,,,,,,,,,,,,0
82622,2,82622,Hemaris,hummingbird moths,eukaryota,false,,,,0.21711504904737516,2,,,93.5475,38.5,10^-10.4817,,,,,,,,,,,,,,,,,[987953],0
987953,1,82622,Hemaris fuciformis,"",eukaryota,false,,,,0.21711504904737516,2,,,93.5475,38.5,10^-10.4817,,,,,,,,,,,,,,,,,,0
82599,2,82599,Cydia,"",eukaryota,false,,,,0.6513451471421254,6,,,90.6513,53.3333,10^-16.1902,,,,,,,,,,,,,,,,,"[1869771, 1100964, 1100963, 82600]",0
1869771,1,82599,Cydia amplana,"",eukaryota,false,,,,0.21711504904737516,2,,,88.907,51.5,10^-13.8015,,,,,,,,,,,,,,,,,,0
1100964,1,82599,Cydia strobilella,"",eukaryota,false,,,,0.10855752452368758,1,,,85.526,76.0,10^-24.2529,,,,,,,,,,,,,,,,,,0
1100963,1,82599,Cydia splendana,"",eukaryota,false,,,,0.21711504904737516,2,,,91.673,52.5,10^-17.2158,,,,,,,,,,,,,,,,,,0
82600,1,82599,Cydia pomonella,codling moth,eukaryota,false,,,,0.10855752452368758,1,,,97.222,36.0,10^-10.8537,,,,,,,,,,,,,,,,,,0
82309,2,82309,Phlebiopsis,"",eukaryota,false,,,,0.5427876226184379,5,,,96.814,75.0,10^-35.3748,,,,,,,,,,,,,,,,,"[2650572, 1647769, 82310]",0
2650572,1,82309,Phlebiopsis galochroa,"",eukaryota,false,,,,0.10855752452368758,1,,,100.0,76.0,10^-39.3489,,,,,,,,,,,,,,,,,,0
1647769,1,82309,Phlebiopsis crassa,"",eukaryota,false,,,,0.21711504904737516,2,,,93.386,75.5,10^-32.1469,,,,,,,,,,,,,,,,,,0
82310,1,82309,Phlebiopsis gigantea,"",eukaryota,false,,,,0.21711504904737516,2,,,98.649,74.0,10^-36.6158,,,,,,,,,,,,,,,,,,0
81055,2,81055,Wolfiporia,"",eukaryota,false,,,,0.3256725735710627,3,,,99.1227,75.6667,10^-38.2072,,,,,,,,,,,,,,,,,[81056],0
81056,1,81055,Wolfiporia cocos,"",eukaryota,false,,,,0.3256725735710627,3,,,99.1227,75.6667,10^-38.2072,,,,,,,,,,,,,,,,,,0
80835,2,80835,Portunus,"",eukaryota,false,,,,0.10855752452368758,1,,,86.957,69.0,10^-22.2363,,,,,,0.21711504904737516,2,,,95.75,23.5,10^-5.34166,,,,,[210409],0
210409,1,80835,Portunus trituberculatus,swimming crab,eukaryota,false,,,,0.10855752452368758,1,,,86.957,69.0,10^-22.2363,,,,,,0.21711504904737516,2,,,95.75,23.5,10^-5.34166,,,,,,0
80820,2,80820,Fragum,"",eukaryota,false,,,,0.21711504904737516,2,,,92.175,38.5,10^-9.79615,,,,,,,,,,,,,,,,,"[1699438, 80821]",0
1699438,1,80820,Fragum whitleyi,"",eukaryota,false,,,,0.10855752452368758,1,,,92.683,41.0,10^-11.4834,,,,,,,,,,,,,,,,,,0
80821,1,80820,Fragum fragum,"",eukaryota,false,,,,0.10855752452368758,1,,,91.667,36.0,10^-8.10892,,,,,,,,,,,,,,,,,,0
80817,2,80817,Hippopus,"",eukaryota,false,,,,0.10855752452368758,1,,,94.444,36.0,10^-9.48129,,,,,,,,,,,,,,,,,[80818],0
80818,1,80817,Hippopus hippopus,"",eukaryota,false,,,,0.10855752452368758,1,,,94.444,36.0,10^-9.48129,,,,,,,,,,,,,,,,,,0
80764,2,80764,Aphis,"",eukaryota,false,,,,0.21711504904737516,2,,,93.88,40.5,10^-11.8326,,,,,,0.9770177207131882,9,,,94.1556,23.6667,10^-4.72869,,,,,"[307492, 80765]",0
307492,1,80764,Aphis craccivora,cowpea aphid,eukaryota,false,,,,,,,,,,,,,,,,0.21711504904737516,2,,,85.7,21.0,10^-3.47687,,,,,,0
80765,1,80764,Aphis gossypii,cotton aphid,eukaryota,false,,,,0.21711504904737516,2,,,93.88,40.5,10^-11.8326,,,,,,0.759902671665813,7,,,96.5714,24.4286,10^-5.08635,,,,,,0
80744,2,80744,Serpula,"",eukaryota,false,,,,,,,,,,,,,,,,0.4342300980947503,4,,,94.0,25.0,10^-7.18742,,,,,[85982],0
85982,1,80744,Serpula lacrymans,"",eukaryota,false,,,,,,,,,,,,,,,,0.4342300980947503,4,,,94.0,25.0,10^-7.18742,,,,,,0
80645,2,80645,Gyrodon,"",eukaryota,false,,,,,,,,,,,,,,,,0.5427876226184379,5,,,85.86,24.0,10^-5.44139,,,,,[85971],0
85971,1,80645,Gyrodon lividus,"",eukaryota,false,,,,,,,,,,,,,,,,0.5427876226184379,5,,,85.86,24.0,10^-5.44139,,,,,,0
80248,2,80248,Phaedon,"",eukaryota,false,,,,0.21711504904737516,2,,,93.9775,42.0,10^-12.8458,,,,,,0.5427876226184379,5,,,87.52,24.2,10^-4.09428,,,,,[80249],0
80249,1,80248,Phaedon cochleariae,mustard beetle,eukaryota,false,,,,0.21711504904737516,2,,,93.9775,42.0,10^-12.8458,,,,,,0.5427876226184379,5,,,87.52,24.2,10^-4.09428,,,,,,0
79922,2,79922,Clonorchis,"",eukaryota,false,,,,,,,,,,,,,,,,0.3256725735710627,3,,,82.4333,24.6667,10^-6.40487,,,,,[79923],1
79923,1,79922,Clonorchis sinensis,"",eukaryota,false,,,,,,,,,,,,,,,,0.3256725735710627,3,,,82.4333,24.6667,10^-6.40487,,,,,,1
79504,2,79504,Crioceris,"",eukaryota,false,,,,0.10855752452368758,1,,,89.474,76.0,10^-28.37,,,,,,,,,,,,,,,,,[131627],0
131627,1,79504,Crioceris asparagi,common asparagus beetle,eukaryota,false,,,,0.10855752452368758,1,,,89.474,76.0,10^-28.37,,,,,,,,,,,,,,,,,,0
79498,2,79498,Lacanobia,"",eukaryota,false,,,,0.3256725735710627,3,,,89.636,47.0,10^-12.8145,,,,,,,,,,,,,,,,,[79499],0
79499,1,79498,Lacanobia oleracea,"",eukaryota,false,,,,0.3256725735710627,3,,,89.636,47.0,10^-12.8145,,,,,,,,,,,,,,,,,,0
79456,2,79456,Ischnura,"",eukaryota,false,,,,0.6513451471421254,6,,,92.5065,53.1667,10^-18.127,,,,,,1.1941327697605633,11,,,98.1818,24.5455,10^-6.31248,,,,,"[197161, 126660]",0
197161,1,79456,Ischnura elegans,"",eukaryota,false,,,,0.6513451471421254,6,,,92.5065,53.1667,10^-18.127,,,,,,1.0855752452368759,10,,,98.8,24.5,10^-6.08506,,,,,,0
126660,1,79456,Ischnura senegalensis,"",eukaryota,false,,,,,,,,,,,,,,,,0.10855752452368758,1,,,92.0,25.0,10^-8.5867,,,,,,0
79307,2,79307,Bittacomorpha,"",eukaryota,false,,,,,,,,,,,,,,,,0.10855752452368758,1,,,100.0,25.0,10^-7.30715,,,,,[79308],0
79308,1,79307,Bittacomorpha clavipes,"",eukaryota,false,,,,,,,,,,,,,,,,0.10855752452368758,1,,,100.0,25.0,10^-7.30715,,,,,,0
78173,2,78173,Ceratina,"",eukaryota,false,,,,0.21711504904737516,2,,,86.7545,75.5,10^-25.285,,,,,,0.10855752452368758,1,,,92.0,25.0,10^-6.20204,,,,,[156304],0
156304,1,78173,Ceratina calcarata,"",eukaryota,false,,,,0.21711504904737516,2,,,86.7545,75.5,10^-25.285,,,,,,0.10855752452368758,1,,,92.0,25.0,10^-6.20204,,,,,,0
77744,2,77744,Chydorus,"",eukaryota,false,,,,,,,,,,,,,,,,0.10855752452368758,1,,,100.0,24.0,10^-7.88606,,,,,[77745],0
77745,1,77744,Chydorus sphaericus,"",eukaryota,false,,,,,,,,,,,,,,,,0.10855752452368758,1,,,100.0,24.0,10^-7.88606,,,,,,0
77671,2,77671,Ceriodaphnia,"",eukaryota,false,,,,0.21711504904737516,2,,,93.548,62.0,10^-24.3413,,,,,,,,,,,,,,,,,[302197],0
302197,1,77671,Ceriodaphnia reticulata,"",eukaryota,false,,,,0.21711504904737516,2,,,93.548,62.0,10^-24.3413,,,,,,,,,,,,,,,,,,0
77663,2,77663,Moina,"",eukaryota,false,,,,0.10855752452368758,1,,,95.0,60.0,10^-24.3555,,,,,,,,,,,,,,,,,[675436],0
675436,1,77663,Moina brachiata,"",eukaryota,false,,,,0.10855752452368758,1,,,95.0,60.0,10^-24.3555,,,,,,,,,,,,,,,,,,0
77661,2,77661,Polyphemus,"",eukaryota,false,,,,0.10855752452368758,1,,,90.789,76.0,10^-29.7423,,,,,,,,,,,,,,,,,[77662],0
77662,1,77661,Polyphemus pediculus,"",eukaryota,false,,,,0.10855752452368758,1,,,90.789,76.0,10^-29.7423,,,,,,,,,,,,,,,,,,0
77301,2,77301,Eretmocerus,"",eukaryota,false,,,,,,,,,,,,,,,,0.6513451471421254,6,,,95.2833,24.6667,10^-5.88238,,,,,[131215],0
131215,1,77301,Eretmocerus hayati,"",eukaryota,false,,,,,,,,,,,,,,,,0.6513451471421254,6,,,95.2833,24.6667,10^-5.88238,,,,,,0
77156,2,77156,Dendroctonus,"",eukaryota,false,,,,0.10855752452368758,1,,,89.655,58.0,10^-18.8808,,,,,,2.279708014997439,21,,,97.8571,24.381,10^-6.12611,,,,,[77166],0
77166,1,77156,Dendroctonus ponderosae,mountain pine beetle,eukaryota,false,,,,0.10855752452368758,1,,,89.655,58.0,10^-18.8808,,,,,,2.279708014997439,21,,,97.8571,24.381,10^-6.12611,,,,,,0
77043,2,77043,Rosellinia,"",eukaryota,false,,,,0.10855752452368758,1,,,100.0,76.0,10^-39.3489,,,,,,,,,,,,,,,,,[77044],0
77044,1,77043,Rosellinia necatrix,"",eukaryota,false,,,,0.10855752452368758,1,,,100.0,76.0,10^-39.3489,,,,,,,,,,,,,,,,,,0
76989,2,76989,Ancistrocerus,"",eukaryota,false,,,,0.10855752452368758,1,,,95.238,42.0,10^-13.5315,,,,,,,,,,,,,,,,,[76990],0
76990,1,76989,Ancistrocerus nigricornis,"",eukaryota,false,,,,0.10855752452368758,1,,,95.238,42.0,10^-13.5315,,,,,,,,,,,,,,,,,,0
76872,2,76872,Boechera,"",eukaryota,false,,,,0.10855752452368758,1,,,100.0,75.0,10^-37.2961,,,,,,,,,,,,,,,,,[115915],0
115915,1,76872,Boechera divaricarpa,"",eukaryota,false,,,,0.10855752452368758,1,,,100.0,75.0,10^-37.2961,,,,,,,,,,,,,,,,,,0
76218,2,76218,Nymphalis,"",eukaryota,false,,,,0.10855752452368758,1,,,90.0,60.0,10^-20.2384,,,,,,0.759902671665813,7,,,92.2571,24.0,10^-6.38198,,,,,"[171594, 171585]",0
171594,1,76218,Nymphalis polychloros,blackleg tortoiseshell,eukaryota,false,,,,0.10855752452368758,1,,,90.0,60.0,10^-20.2384,,,,,,,,,,,,,,,,,,0
171585,1,76218,Nymphalis io,European peacock,eukaryota,false,,,,,,,,,,,,,,,,0.759902671665813,7,,,92.2571,24.0,10^-6.38198,,,,,,0
76212,2,76212,Erynnis,duskywings,eukaryota,false,,,,0.21711504904737516,2,,,87.4095,39.0,10^-7.38855,,,,,,,,,,,,,,,,,[520884],0
520884,1,76212,Erynnis tages,"",eukaryota,false,,,,0.21711504904737516,2,,,87.4095,39.0,10^-7.38855,,,,,,,,,,,,,,,,,,0
75984,2,75984,Mannheimia,"",bacteria,false,,,,,,,,,,,,,,,,0.10855752452368758,1,,,83.3,24.0,10^-5.48413,,,,,[75985],0
75985,1,75984,Mannheimia haemolytica,"",bacteria,false,,,,,,,,,,,,,,,,0.10855752452368758,1,,,83.3,24.0,10^-5.48413,,,,,,0
75309,2,75309,Rhodanobacter,"",bacteria,false,,,,0.21711504904737516,2,,,100.0,75.0,10^-38.6685,,,,,,,,,,,,,,,,,[666685],0
666685,1,75309,Rhodanobacter denitrificans,"",bacteria,false,,,,0.21711504904737516,2,,,100.0,75.0,10^-38.6685,,,,,,,,,,,,,,,,,,0
74721,2,74721,Stachybotrys,"",eukaryota,false,,,,0.3256725735710627,3,,,95.5283,77.0,10^-34.9979,,,,,,,,,,,,,,,,,"[388913, 80383]",0
388913,1,74721,Stachybotrys chlorohalonata,"",eukaryota,false,,,,0.10855752452368758,1,,,86.585,82.0,10^-28.337,,,,,,,,,,,,,,,,,,0
80383,1,74721,Stachybotrys echinatus,"",eukaryota,false,,,,0.21711504904737516,2,,,100.0,74.5,10^-38.3283,,,,,,,,,,,,,,,,,,0
73885,2,73885,Boletellus,"",eukaryota,false,,,,0.10855752452368758,1,,,94.737,76.0,10^-33.8595,,,,,,,,,,,,,,,,,[73887],0
73887,1,73885,Boletellus russellii,"",eukaryota,false,,,,0.10855752452368758,1,,,94.737,76.0,10^-33.8595,,,,,,,,,,,,,,,,,,0
73229,2,73229,Emmonsia,"",eukaryota,false,,,,,,,,,,,,,,,,0.3256725735710627,3,,,100.0,22.0,10^-7.66717,,,,,[73230],1
73230,1,73229,Emmonsia crescens,"",eukaryota,false,,,,,,,,,,,,,,,,0.3256725735710627,3,,,100.0,22.0,10^-7.66717,,,,,,1
72766,2,72766,Formica,"",eukaryota,false,,,,,,,,,,,,,,,,0.3256725735710627,3,,,93.3333,25.0,10^-5.84622,,,,,[72781],0
72781,1,72766,Formica exsecta,"",eukaryota,false,,,,,,,,,,,,,,,,0.3256725735710627,3,,,93.3333,25.0,10^-5.84622,,,,,,0
72714,2,72714,Agelas,"",eukaryota,false,,,,0.10855752452368758,1,,,87.931,58.0,10^-17.5084,,,,,,,,,,,,,,,,,[72715],0
72715,1,72714,Agelas oroides,"",eukaryota,false,,,,0.10855752452368758,1,,,87.931,58.0,10^-17.5084,,,,,,,,,,,,,,,,,,0
72702,2,72702,Pomacea,"",eukaryota,false,,,,,,,,,,,,,,,,0.21711504904737516,2,,,85.4,24.0,10^-6.09281,,,,,[400727],0
400727,1,72702,Pomacea canaliculata,"",eukaryota,false,,,,,,,,,,,,,,,,0.21711504904737516,2,,,85.4,24.0,10^-6.09281,,,,,,0
72691,2,72691,Lottia,"",eukaryota,false,,,,,,,,,,,,,,,,0.10855752452368758,1,,,100.0,21.0,10^-4.4034,,,,,[225164],0
225164,1,72691,Lottia gigantea,owl limpet,eukaryota,false,,,,,,,,,,,,,,,,0.10855752452368758,1,,,100.0,21.0,10^-4.4034,,,,,,0
72549,2,72549,Oryctes,"",eukaryota,false,,,,,,,,,,,,,,,,0.5427876226184379,5,,,96.6,24.2,10^-5.4959,,,,,[1629725],0
1629725,1,72549,Oryctes borbonicus,"",eukaryota,false,,,,,,,,,,,,,,,,0.5427876226184379,5,,,96.6,24.2,10^-5.4959,,,,,,0
72244,2,72244,Anthocharis,"",eukaryota,false,,,,0.10855752452368758,1,,,94.444,36.0,10^-9.48129,,,,,,,,,,,,,,,,,[227532],0
227532,1,72244,Anthocharis cardamines,orange tip,eukaryota,false,,,,0.10855752452368758,1,,,94.444,36.0,10^-9.48129,,,,,,,,,,,,,,,,,,0
72035,2,72035,Lepeophtheirus,"",eukaryota,false,,,,0.10855752452368758,1,,,93.75,64.0,10^-25.6999,,,,,,0.4342300980947503,4,,,98.95,24.5,10^-7.167,,,,,[72036],0
72036,1,72035,Lepeophtheirus salmonis,salmon louse,eukaryota,false,,,,0.10855752452368758,1,,,93.75,64.0,10^-25.6999,,,,,,0.4342300980947503,4,,,98.95,24.5,10^-7.167,,,,,,0
71950,2,71950,Psilocybe,"",eukaryota,false,,,,0.21711504904737516,2,,,89.889,65.0,10^-22.2664,,,,,,,,,,,,,,,,,[181762],0
181762,1,71950,Psilocybe cubensis,"",eukaryota,false,,,,0.21711504904737516,2,,,89.889,65.0,10^-22.2664,,,,,,,,,,,,,,,,,,0
71935,2,71935,Clitopilus,"",eukaryota,false,,,,0.4342300980947503,4,,,99.671,75.25,10^-38.4955,,,,,,,,,,,,,,,,,[648681],0
648681,1,71935,Clitopilus hobsonii,"",eukaryota,false,,,,0.4342300980947503,4,,,99.671,75.25,10^-38.4955,,,,,,,,,,,,,,,,,,0
71927,2,71927,Termitomyces,"",eukaryota,false,,,,0.10855752452368758,1,,,88.0,75.0,10^-26.3172,,,,,,0.21711504904737516,2,,,97.85,23.5,10^-7.32126,,,,,"[2788930, 1916073, 1306850]",0
2788930,1,71927,Termitomyces sp. 'cryptogamus',"",eukaryota,false,,,,,,,,,,,,,,,,0.10855752452368758,1,,,95.7,23.0,10^-5.80688,,,,,,0
1916073,1,71927,Termitomyces sp.,"",eukaryota,false,,,,0.10855752452368758,1,,,88.0,75.0,10^-26.3172,,,,,,,,,,,,,,,,,,0
1306850,1,71927,Termitomyces sp. J132,"",eukaryota,false,,,,,,,,,,,,,,,,0.10855752452368758,1,,,100.0,24.0,10^-8.83565,,,,,,0
71896,2,71896,Marasmiellus,"",eukaryota,false,,,,0.21711504904737516,2,,,97.368,76.0,10^-36.6042,,,,,,,,,,,,,,,,,"[2682957, 297701]",0
2682957,1,71896,Marasmiellus scandens,"",eukaryota,false,,,,0.10855752452368758,1,,,97.368,76.0,10^-36.6042,,,,,,,,,,,,,,,,,,0
297701,1,71896,Marasmiellus candidus,"",eukaryota,false,,,,0.10855752452368758,1,,,97.368,76.0,10^-36.6042,,,,,,,,,,,,,,,,,,0
71886,2,71886,Hohenbuehelia,"",eukaryota,false,,,,0.10855752452368758,1,,,100.0,76.0,10^-39.3489,,,,,,,,,,,,,,,,,[341943],0
341943,1,71886,Hohenbuehelia tremula,"",eukaryota,false,,,,0.10855752452368758,1,,,100.0,76.0,10^-39.3489,,,,,,,,,,,,,,,,,,0
71684,2,71684,Panaeolus,"",eukaryota,false,,,,0.10855752452368758,1,,,100.0,76.0,10^-39.3489,,,,,,,,,,,,,,,,,[1935345],0
1935345,1,71684,Panaeolus sp.,"",eukaryota,false,,,,0.10855752452368758,1,,,100.0,76.0,10^-39.3489,,,,,,,,,,,,,,,,,,0
71493,2,71493,Elysia,"",eukaryota,false,,,,,,,,,,,,,,,,0.3256725735710627,3,,,90.4,24.6667,10^-5.73443,,,,,"[1093978, 188477]",0
1093978,1,71493,Elysia marginata,"",eukaryota,false,,,,,,,,,,,,,,,,0.10855752452368758,1,,,79.2,24.0,10^-6.63264,,,,,,0
188477,1,71493,Elysia chlorotica,eastern emerald elysia,eukaryota,false,,,,,,,,,,,,,,,,0.21711504904737516,2,,,96.0,25.0,10^-5.28533,,,,,,0
71484,2,71484,Flabellina,"",eukaryota,false,,,,0.10855752452368758,1,,,96.0,75.0,10^-34.5514,,,,,,,,,,,,,,,,,[929458],0
929458,1,71484,Flabellina cavolini,"",eukaryota,false,,,,0.10855752452368758,1,,,96.0,75.0,10^-34.5514,,,,,,,,,,,,,,,,,,0
71460,2,71460,Cylicostephanus,"",eukaryota,false,,,,,,,,,,,,,,,,0.10855752452368758,1,,,87.5,24.0,10^-4.59007,,,,,[71465],0
71465,1,71460,Cylicostephanus goldi,"",eukaryota,false,,,,,,,,,,,,,,,,0.10855752452368758,1,,,87.5,24.0,10^-4.59007,,,,,,0
71203,2,71203,Drilaster,"",eukaryota,false,,,,0.10855752452368758,1,,,91.379,58.0,10^-20.2531,,,,,,,,,,,,,,,,,[2055398],0
2055398,1,71203,Drilaster sp. INB157,"",eukaryota,false,,,,0.10855752452368758,1,,,91.379,58.0,10^-20.2531,,,,,,,,,,,,,,,,,,0
70376,2,70376,Ladona,"",eukaryota,false,,,,,,,,,,,,,,,,1.1941327697605633,11,,,93.3818,24.1818,10^-6.45393,,,,,[123851],0
123851,1,70376,Ladona fulva,scarce chaser,eukaryota,false,,,,,,,,,,,,,,,,1.1941327697605633,11,,,93.3818,24.1818,10^-6.45393,,,,,,0
69354,2,69354,Darwinula,"",eukaryota,false,,,,,,,,,,,,,,,,0.10855752452368758,1,,,91.7,24.0,10^-5.65758,,,,,[69355],0
69355,1,69354,Darwinula stevensoni,"",eukaryota,false,,,,,,,,,,,,,,,,0.10855752452368758,1,,,91.7,24.0,10^-5.65758,,,,,,0
68815,2,68815,Hydnellum,"",eukaryota,false,,,,0.21711504904737516,2,,,92.7105,75.5,10^-31.4607,,,,,,,,,,,,,,,,,[268281],0
268281,1,68815,Hydnellum ferrugineum,"",eukaryota,false,,,,0.21711504904737516,2,,,92.7105,75.5,10^-31.4607,,,,,,,,,,,,,,,,,,0
68813,2,68813,Tulostoma,"",eukaryota,false,,,,0.10855752452368758,1,,,97.368,76.0,10^-36.6042,,,,,,,,,,,,,,,,,[150804],0
150804,1,68813,Tulostoma brumale,"",eukaryota,false,,,,0.10855752452368758,1,,,97.368,76.0,10^-36.6042,,,,,,,,,,,,,,,,,,0
68793,2,68793,Botryobasidium,"",eukaryota,false,,,,0.10855752452368758,1,,,100.0,52.0,10^-23.0453,,,,,,0.3256725735710627,3,,,93.1667,24.3333,10^-6.31732,,,,,"[2949696, 264124]",0
2949696,1,68793,Botryobasidium indicum,"",eukaryota,false,,,,0.10855752452368758,1,,,100.0,52.0,10^-23.0453,,,,,,,,,,,,,,,,,,0
264124,1,68793,Botryobasidium botryosum,"",eukaryota,false,,,,,,,,,,,,,,,,0.3256725735710627,3,,,93.1667,24.3333,10^-6.31732,,,,,,0
68768,2,68768,Gloeocystidiellum,"",eukaryota,false,,,,0.10855752452368758,1,,,100.0,76.0,10^-39.3489,,,,,,,,,,,,,,,,,[167565],0
167565,1,68768,Gloeocystidiellum clavuligerum,"",eukaryota,false,,,,0.10855752452368758,1,,,100.0,76.0,10^-39.3489,,,,,,,,,,,,,,,,,,0
68764,2,68764,Geastrum,"",eukaryota,false,,,,0.10855752452368758,1,,,96.053,76.0,10^-35.2318,,,,,,,,,,,,,,,,,[566083],0
566083,1,68764,Geastrum schmidelii,"",eukaryota,false,,,,0.10855752452368758,1,,,96.053,76.0,10^-35.2318,,,,,,,,,,,,,,,,,,0
68287,2,68287,Mesorhizobium,"",bacteria,false,,,,,,,,,,,,,,,,0.10855752452368758,1,,,100.0,24.0,10^-6.91721,,,,,[1871066],0
1871066,1,68287,Mesorhizobium sp.,"",bacteria,false,,,,,,,,,,,,,,,,0.10855752452368758,1,,,100.0,24.0,10^-6.91721,,,,,,0
67572,2,67572,Psychromonas,"",bacteria,false,,,,,,,,,,,,,,,,0.10855752452368758,1,,,75.0,24.0,10^-3.71897,,,,,[2058089],0
2058089,1,67572,Psychromonas sp. psych-6C06,"",bacteria,false,,,,,,,,,,,,,,,,0.10855752452368758,1,,,75.0,24.0,10^-3.71897,,,,,,0
66739,2,66739,Lasiodiplodia,"",eukaryota,false,,,,0.10855752452368758,1,,,90.0,40.0,10^-9.43554,,,,,,,,,,,,,,,,,[45133],0
45133,1,66739,Lasiodiplodia theobromae,"",eukaryota,false,,,,0.10855752452368758,1,,,90.0,40.0,10^-9.43554,,,,,,,,,,,,,,,,,,0
66017,2,66017,Digitaria,"",eukaryota,false,,,,0.21711504904737516,2,,,99.342,75.0,10^-37.9824,,,,,,,,,,,,,,,,,[1010633],0
1010633,1,66017,Digitaria exilis,"",eukaryota,false,,,,0.21711504904737516,2,,,99.342,75.0,10^-37.9824,,,,,,,,,,,,,,,,,,0
65356,2,65356,Albugo,"",eukaryota,false,,,,0.10855752452368758,1,,,100.0,76.0,10^-39.3489,,,,,,,,,,,,,,,,,[653948],0
653948,1,65356,Albugo laibachii,"",eukaryota,false,,,,0.10855752452368758,1,,,100.0,76.0,10^-39.3489,,,,,,,,,,,,,,,,,,0
65338,2,65338,Tromatobia,"",eukaryota,false,,,,0.6513451471421254,6,,,90.4843,54.1667,10^-16.5228,,,,,,,,,,,,,,,,,[2776060],0
2776060,1,65338,Tromatobia lineatoria,"",eukaryota,false,,,,0.6513451471421254,6,,,90.4843,54.1667,10^-16.5228,,,,,,,,,,,,,,,,,,0
65288,2,65288,Netelia,"",eukaryota,false,,,,0.4342300980947503,4,,,88.0885,52.75,10^-15.3282,,,,,,,,,,,,,,,,,"[2866289, 494743]",0
2866289,1,65288,Netelia dilatata,"",eukaryota,false,,,,0.21711504904737516,2,,,88.3175,52.0,10^-15.5136,,,,,,,,,,,,,,,,,,0
494743,1,65288,Netelia virgata,"",eukaryota,false,,,,0.21711504904737516,2,,,87.8595,53.5,10^-15.1427,,,,,,,,,,,,,,,,,,0
64792,2,64792,Wasmannia,"",eukaryota,false,,,,,,,,,,,,,,,,1.7369203923790013,16,,,56.454,76.2857,10^-16.8114,,,,,[64793],0
64793,1,64792,Wasmannia auropunctata,little fire ant,eukaryota,false,,,,,,,,,,,,,,,,1.7369203923790013,16,,,56.454,76.2857,10^-16.8114,,,,,,0
64782,2,64782,Acromyrmex,"",eukaryota,false,,,,0.21711504904737516,2,,,91.4165,57.5,10^-18.5625,,,,,,0.6513451471421254,6,,,97.2667,24.5,10^-7.03683,,,,,"[2715315, 230685, 103372]",0
2715315,1,64782,Acromyrmex charruanus,"",eukaryota,false,,,,,,,,,,,,,,,,0.10855752452368758,1,,,100.0,25.0,10^-6.17653,,,,,,0
230685,1,64782,Acromyrmex heyeri,"",eukaryota,false,,,,,,,,,,,,,,,,0.3256725735710627,3,,,95.9333,24.3333,10^-7.70164,,,,,,0
103372,1,64782,Acromyrmex echinatior,Panamanian leafcutter ant,eukaryota,false,,,,0.21711504904737516,2,,,91.4165,57.5,10^-18.5625,,,,,,0.21711504904737516,2,,,97.9,24.5,10^-6.46977,,,,,,0
64693,2,64693,Hippodamia,"",eukaryota,false,,,,2.1711504904737517,20,,,99.7155,75.5714,10^-38.7632,,,,,,,,,,,,,,,,,[703264],0
703264,1,64693,Hippodamia variegata,"",eukaryota,false,,,,2.1711504904737517,20,,,99.7155,75.5714,10^-38.7632,,,,,,,,,,,,,,,,,,0
64561,2,64561,Umbelopsis,"",eukaryota,false,,,,,,,,,,,,,,,,0.10855752452368758,1,,,100.0,24.0,10^-6.76195,,,,,[41833],0
41833,1,64561,Umbelopsis ramanniana,"",eukaryota,false,,,,,,,,,,,,,,,,0.10855752452368758,1,,,100.0,24.0,10^-6.76195,,,,,,0
64560,2,64560,Radiomyces,"",eukaryota,false,,,,0.10855752452368758,1,,,91.892,37.0,10^-8.78321,,,,,,,,,,,,,,,,,[64574],0
64574,1,64560,Radiomyces spectabilis,"",eukaryota,false,,,,0.10855752452368758,1,,,91.892,37.0,10^-8.78321,,,,,,,,,,,,,,,,,,0
64444,2,64444,Melinaea,"",eukaryota,false,,,,0.4342300980947503,4,,,91.4617,53.5,10^-17.2122,,,,,,,,,,,,,,,,,"[331299, 304554]",0
331299,1,64444,Melinaea marsaeus,"",eukaryota,false,,,,0.10855752452368758,1,,,90.741,54.0,10^-17.5394,,,,,,,,,,,,,,,,,,0
304554,1,64444,Melinaea menophilus,"",eukaryota,false,,,,0.3256725735710627,3,,,91.702,53.3333,10^-17.1031,,,,,,,,,,,,,,,,,,0
64390,2,64390,Callosobruchus,"",eukaryota,false,,,,,,,,,,,,,,,,4.667973554518566,43,,,93.5674,24.3256,10^-6.49641,,,,,"[380381, 146774, 64391]",0
380381,1,64390,Callosobruchus analis,"",eukaryota,false,,,,,,,,,,,,,,,,2.1711504904737517,20,,,92.56,24.4,10^-6.70079,,,,,,0
146774,1,64390,Callosobruchus chinensis,azuki bean weevil,eukaryota,false,,,,,,,,,,,,,,,,0.8684601961895007,8,,,92.9,24.375,10^-6.4262,,,,,,0
64391,1,64390,Callosobruchus maculatus,cowpea weevil,eukaryota,false,,,,,,,,,,,,,,,,1.6283628678553137,15,,,95.2667,24.2,10^-6.26136,,,,,,0
64388,2,64388,Bruchidius,"",eukaryota,false,,,,0.21711504904737516,2,,,91.8575,53.0,10^-16.8728,,,,,,,,,,,,,,,,,[1649775],0
1649775,1,64388,Bruchidius siliquastri,"",eukaryota,false,,,,0.21711504904737516,2,,,91.8575,53.0,10^-16.8728,,,,,,,,,,,,,,,,,,0
63688,2,63688,Gonioctena,"",eukaryota,false,,,,,,,,,,,,,,,,0.9770177207131882,9,,,85.7444,24.2222,10^-5.47662,,,,,[63699],0
63699,1,63688,Gonioctena quinquepunctata,"",eukaryota,false,,,,,,,,,,,,,,,,0.9770177207131882,9,,,85.7444,24.2222,10^-5.47662,,,,,,0
63429,2,63429,Leptopilina,"",eukaryota,false,,,,0.21711504904737516,2,,,90.891,45.5,10^-13.1613,,,,,,0.6513451471421254,6,,,93.9167,24.6667,10^-5.83874,,,,,"[63436, 63433]",0
63436,1,63429,Leptopilina heterotoma,"",eukaryota,false,,,,0.21711504904737516,2,,,90.891,45.5,10^-13.1613,,,,,,0.10855752452368758,1,,,84.0,25.0,10^-3.21968,,,,,,0
63433,1,63429,Leptopilina boulardi,"",eukaryota,false,,,,,,,,,,,,,,,,0.5427876226184379,5,,,95.9,24.6,10^-6.36255,,,,,,0
63298,2,63298,Pseudozyma,"",eukaryota,false,,,,0.10855752452368758,1,,,72.727,77.0,10^-11.2097,,,,,,,,,,,,,,,,,[84751],0
84751,1,63298,Pseudozyma flocculosa,"",eukaryota,false,,,,0.10855752452368758,1,,,72.727,77.0,10^-11.2097,,,,,,,,,,,,,,,,,,0
63265,2,63265,Sporisorium,"",eukaryota,false,,,,0.10855752452368758,1,,,95.238,42.0,10^-13.5315,,,,,,,,,,,,,,,,,[72558],0
72558,1,63265,Sporisorium reilianum,"",eukaryota,false,,,,0.10855752452368758,1,,,95.238,42.0,10^-13.5315,,,,,,,,,,,,,,,,,,0
63192,2,63192,Amphisphaeria,"",eukaryota,false,,,,0.21711504904737516,2,,,99.342,75.5,10^-38.3225,,,,,,,,,,,,,,,,,"[2924937, 2613900]",0
2924937,1,63192,Amphisphaeria parvispora,"",eukaryota,false,,,,0.10855752452368758,1,,,100.0,75.0,10^-38.6685,,,,,,,,,,,,,,,,,,0
2613900,1,63192,Amphisphaeria yunnanensis,"",eukaryota,false,,,,0.10855752452368758,1,,,98.684,76.0,10^-37.9766,,,,,,,,,,,,,,,,,,0
62803,2,62803,Nemoura,"",eukaryota,false,,,,10.74719492784507,99,,,83.5802,270.343,10^-61.5487,,,,,,,,,,,,,,,,,[2014036],0
2014036,1,62803,Nemoura dubitans,"",eukaryota,false,,,,10.74719492784507,99,,,83.5802,270.343,10^-61.5487,,,,,,,,,,,,,,,,,,0
62624,2,62624,Varroa,"",eukaryota,false,,,,0.10855752452368758,1,,,91.667,36.0,10^-8.10892,,,,,,0.21711504904737516,2,,,88.0,25.0,10^-5.46382,,,,,"[109461, 62625]",0
109461,1,62624,Varroa destructor,honeybee mite,eukaryota,false,,,,0.10855752452368758,1,,,91.667,36.0,10^-8.10892,,,,,,0.10855752452368758,1,,,80.0,25.0,10^-3.49349,,,,,,0
62625,1,62624,Varroa jacobsoni,"",eukaryota,false,,,,,,,,,,,,,,,,0.10855752452368758,1,,,96.0,25.0,10^-7.43415,,,,,,0
61471,2,61471,Timema,"",eukaryota,false,,,,3.4738407847580026,32,,,93.5792,48.3125,10^-13.9367,,,,,,3.2567257357106274,30,,,98.07,24.5,10^-6.24455,,,,,"[629360, 629358, 170557, 170555, 61484, 61482, 61478, 61476, 61474]",0
629360,1,61471,Timema shepardi,"",eukaryota,false,,,,0.4342300980947503,4,,,93.168,36.5,10^-9.13225,,,,,,0.3256725735710627,3,,,100.0,25.0,10^-7.65418,,,,,,0
629358,1,61471,Timema genevievae,"",eukaryota,false,,,,0.21711504904737516,2,,,92.3725,59.5,10^-21.2846,,,,,,0.4342300980947503,4,,,98.0,24.75,10^-6.16577,,,,,,0
170557,1,61471,Timema poppensis,"",eukaryota,false,,,,0.4342300980947503,4,,,97.222,36.0,10^-10.8537,,,,,,0.21711504904737516,2,,,98.0,24.5,10^-6.06572,,,,,,0
170555,1,61471,Timema monikensis,"",eukaryota,false,,,,0.10855752452368758,1,,,85.714,49.0,10^-11.406,,,,,,,,,,,,,,,,,,0
61484,1,61471,Timema tahoe,"",eukaryota,false,,,,0.3256725735710627,3,,,88.381,59.6667,10^-18.1993,,,,,,0.3256725735710627,3,,,100.0,25.0,10^-7.39149,,,,,,0
61482,1,61471,Timema podura,"",eukaryota,false,,,,,,,,,,,,,,,,0.5427876226184379,5,,,98.4,24.6,10^-6.22878,,,,,,0
61478,1,61471,Timema douglasi,"",eukaryota,false,,,,0.21711504904737516,2,,,95.9085,36.5,10^-10.5046,,,,,,0.3256725735710627,3,,,95.8333,24.3333,10^-4.48948,,,,,,0
61476,1,61471,Timema cristinae,"",eukaryota,false,,,,1.1941327697605633,11,,,93.9613,52.5455,10^-12.8852,,,,,,0.6513451471421254,6,,,95.7667,23.6667,10^-5.28908,,,,,,0
61474,1,61471,Timema californicum,California timema,eukaryota,false,,,,0.5427876226184379,5,,,94.396,51.6,10^-18.9425,,,,,,0.4342300980947503,4,,,100.0,24.75,10^-7.26455,,,,,,0
60957,2,60957,Piscicola,"",eukaryota,false,,,,0.10855752452368758,1,,,91.111,45.0,10^-12.8153,,,,,,,,,,,,,,,,,[60958],0
60958,1,60957,Piscicola geometra,"",eukaryota,false,,,,0.10855752452368758,1,,,91.111,45.0,10^-12.8153,,,,,,,,,,,,,,,,,,0
60896,2,60896,Anthophora,"",eukaryota,false,,,,0.21711504904737516,2,,,93.0555,49.5,10^-15.8785,,,,,,,,,,,,,,,,,[478167],0
478167,1,60896,Anthophora plumipes,"",eukaryota,false,,,,0.21711504904737516,2,,,93.0555,49.5,10^-15.8785,,,,,,,,,,,,,,,,,,0
60836,2,60836,Leistus,"",eukaryota,false,,,,1.7369203923790013,16,,,93.9028,65.25,10^-26.4753,,,,,,,,,,,,,,,,,[878056],0
878056,1,60836,Leistus spinibarbis,"",eukaryota,false,,,,1.7369203923790013,16,,,93.9028,65.25,10^-26.4753,,,,,,,,,,,,,,,,,,0
60834,2,60834,Nebria,"",eukaryota,false,,,,0.759902671665813,7,,,88.9123,55.1429,10^-16.1661,,,,,,0.10855752452368758,1,,,100.0,25.0,10^-7.07007,,,,,"[2864996, 878211, 110024]",0
2864996,1,60834,Nebria baumanni,"",eukaryota,false,,,,,,,,,,,,,,,,0.10855752452368758,1,,,100.0,25.0,10^-7.07007,,,,,,0
878211,1,60834,Nebria salina,"",eukaryota,false,,,,0.3256725735710627,3,,,88.8993,52.6667,10^-14.8142,,,,,,,,,,,,,,,,,,0
110024,1,60834,Nebria brevicollis,"",eukaryota,false,,,,0.4342300980947503,4,,,88.922,57.0,10^-17.1801,,,,,,,,,,,,,,,,,,0
60568,2,60568,Cryptotermes,"",eukaryota,false,,,,0.21711504904737516,2,,,91.9755,68.5,10^-26.6996,,,,,,2.6053805885685017,24,,,84.8258,37.6667,10^-9.84028,,,,,[105785],0
105785,1,60568,Cryptotermes secundus,"",eukaryota,false,,,,0.21711504904737516,2,,,91.9755,68.5,10^-26.6996,,,,,,2.6053805885685017,24,,,84.8258,37.6667,10^-9.84028,,,,,,0
60136,2,60136,Sulfitobacter,"",bacteria,false,,,,,,,,,,,,,,,,0.10855752452368758,1,,,100.0,25.0,10^-8.88941,,,,,[1903071],0
1903071,1,60136,Sulfitobacter sp.,"",bacteria,false,,,,,,,,,,,,,,,,0.10855752452368758,1,,,100.0,25.0,10^-8.88941,,,,,,0
59732,2,59732,Chryseobacterium,"",bacteria,false,,,,0.21711504904737516,2,,,99.342,75.5,10^-38.3225,,,,,,,,,,,,,,,,,"[2983606, 651561]",0
2983606,1,59732,Chryseobacterium sp. MMS21-Ot14,"",bacteria,false,,,,0.10855752452368758,1,,,100.0,75.0,10^-38.6685,,,,,,,,,,,,,,,,,,0
651561,1,59732,Chryseobacterium arthrosphaerae,"",bacteria,false,,,,0.10855752452368758,1,,,98.684,76.0,10^-37.9766,,,,,,,,,,,,,,,,,,0
58823,2,58823,Plodia,"",eukaryota,false,,,,0.21711504904737516,2,,,91.3395,55.5,10^-18.562,,,,,,0.3256725735710627,3,,,95.9333,24.3333,10^-6.6177,,,,,[58824],0
58824,1,58823,Plodia interpunctella,Indianmeal moth,eukaryota,false,,,,0.21711504904737516,2,,,91.3395,55.5,10^-18.562,,,,,,0.3256725735710627,3,,,95.9333,24.3333,10^-6.6177,,,,,,0
58776,2,58776,Triops,"",eukaryota,false,,,,0.10855752452368758,1,,,91.667,36.0,10^-8.10892,,,,,,,,,,,,,,,,,[58777],0
58777,1,58776,Triops longicaudatus,"",eukaryota,false,,,,0.10855752452368758,1,,,91.667,36.0,10^-8.10892,,,,,,,,,,,,,,,,,,0
58738,2,58738,Fopius,"",eukaryota,false,,,,0.10855752452368758,1,,,93.75,48.0,10^-16.2182,,,,,,0.10855752452368758,1,,,100.0,25.0,10^-10.1415,,,,,[64838],0
64838,1,58738,Fopius arisanus,"",eukaryota,false,,,,0.10855752452368758,1,,,93.75,48.0,10^-16.2182,,,,,,0.10855752452368758,1,,,100.0,25.0,10^-10.1415,,,,,,0
58368,2,58368,Chondrostereum,"",eukaryota,false,,,,2.822495637615877,26,,,98.1396,208.731,10^-98.8281,,,,,,,,,,,,,,,,,[58369],0
58369,1,58368,Chondrostereum purpureum,"",eukaryota,false,,,,2.822495637615877,26,,,98.1396,208.731,10^-98.8281,,,,,,,,,,,,,,,,,,0
58001,2,58001,Daktulosphaira,"",eukaryota,false,,,,,,,,,,,,,,,,0.4342300980947503,4,,,88.625,24.0,10^-5.33218,,,,,[58002],0
58002,1,58001,Daktulosphaira vitifoliae,grape phylloxera,eukaryota,false,,,,,,,,,,,,,,,,0.4342300980947503,4,,,88.625,24.0,10^-5.33218,,,,,,0
57906,2,57906,Pedetontus,"",eukaryota,false,,,,,,,,,,,,,,,,0.10855752452368758,1,,,100.0,25.0,10^-8.73283,,,,,[57907],0
57907,1,57906,Pedetontus saltator,jumping bristletail,eukaryota,false,,,,,,,,,,,,,,,,0.10855752452368758,1,,,100.0,25.0,10^-8.73283,,,,,,0
57515,2,57515,Nicrophorus,sexton beetles,eukaryota,false,,,,0.3256725735710627,3,,,90.639,61.6667,10^-20.4686,,,,,,1.845477916902689,17,,,94.4585,69.9412,10^-40.8919,,,,,[110193],0
110193,1,57515,Nicrophorus vespilloides,"",eukaryota,false,,,,0.3256725735710627,3,,,90.639,61.6667,10^-20.4686,,,,,,1.845477916902689,17,,,94.4585,69.9412,10^-40.8919,,,,,,0
57295,2,57295,Nymphon,"",eukaryota,false,,,,,,,,,,,,,,,,0.4342300980947503,4,,,95.85,24.25,10^-5.64573,,,,,[424472],0
424472,1,57295,Nymphon striatum,"",eukaryota,false,,,,,,,,,,,,,,,,0.4342300980947503,4,,,95.85,24.25,10^-5.64573,,,,,,0
57138,2,57138,Calonectria,"",eukaryota,false,,,,0.10855752452368758,1,,,90.566,53.0,10^-16.8614,,,,,,,,,,,,,,,,,[182845],0
182845,1,57138,Calonectria ilicicola,"",eukaryota,false,,,,0.10855752452368758,1,,,90.566,53.0,10^-16.8614,,,,,,,,,,,,,,,,,,0
57116,2,57116,Quedius,"",eukaryota,false,,,,0.10855752452368758,1,,,89.831,59.0,10^-19.5595,,,,,,,,,,,,,,,,,[1588421],0
1588421,1,57116,Quedius riparius,"",eukaryota,false,,,,0.10855752452368758,1,,,89.831,59.0,10^-19.5595,,,,,,,,,,,,,,,,,,0
56747,2,56747,Fibularhizoctonia,"",eukaryota,false,,,,,,,,,,,,,,,,0.3256725735710627,3,,,91.4667,23.3333,10^-5.93768,,,,,[436010],0
436010,1,56747,Fibularhizoctonia sp. CBS 109695,"",eukaryota,false,,,,,,,,,,,,,,,,0.3256725735710627,3,,,91.4667,23.3333,10^-5.93768,,,,,,0
56621,2,56621,Pseudomyrmex,"",eukaryota,false,,,,0.21711504904737516,2,,,94.1385,46.5,10^-15.2101,,,,,,0.10855752452368758,1,,,100.0,25.0,10^-5.39469,,,,,[219809],0
219809,1,56621,Pseudomyrmex gracilis,"",eukaryota,false,,,,0.21711504904737516,2,,,94.1385,46.5,10^-15.2101,,,,,,0.10855752452368758,1,,,100.0,25.0,10^-5.39469,,,,,,0
56587,2,56587,Furcula,"",eukaryota,false,,,,0.10855752452368758,1,,,88.889,72.0,10^-25.6487,,,,,,,,,,,,,,,,,[987943],0
987943,1,56587,Furcula furcula,"",eukaryota,false,,,,0.10855752452368758,1,,,88.889,72.0,10^-25.6487,,,,,,,,,,,,,,,,,,0
56489,2,56489,Thelephora,"",eukaryota,false,,,,,,,,,,,,,,,,0.10855752452368758,1,,,80.0,25.0,10^-3.90658,,,,,[370292],0
370292,1,56489,Thelephora ganbajun,"",eukaryota,false,,,,,,,,,,,,,,,,0.10855752452368758,1,,,80.0,25.0,10^-3.90658,,,,,,0
56391,2,56391,Lithophane,"",eukaryota,false,,,,0.10855752452368758,1,,,90.698,43.0,10^-11.4627,,,,,,,,,,,,,,,,,[997538],0
997538,1,56391,Lithophane socia,"",eukaryota,false,,,,0.10855752452368758,1,,,90.698,43.0,10^-11.4627,,,,,,,,,,,,,,,,,,0
56365,2,56365,Amphipyra,"",eukaryota,false,,,,0.4342300980947503,4,,,91.0642,60.5,10^-20.5883,,,,,,,,,,,,,,,,,"[987877, 689058]",0
987877,1,56365,Amphipyra berbera,"",eukaryota,false,,,,0.3256725735710627,3,,,92.033,55.3333,10^-18.4519,,,,,,,,,,,,,,,,,,0
689058,1,56365,Amphipyra tragopoginis,"",eukaryota,false,,,,0.10855752452368758,1,,,88.158,76.0,10^-26.9976,,,,,,,,,,,,,,,,,,0
56362,2,56362,Acronicta,"",eukaryota,false,,,,0.4342300980947503,4,,,91.4375,50.25,10^-15.6898,,,,,,,,,,,,,,,,,[987865],0
987865,1,56362,Acronicta psi,"",eukaryota,false,,,,0.4342300980947503,4,,,91.4375,50.25,10^-15.6898,,,,,,,,,,,,,,,,,,0
56244,2,56244,Aglantha,"",eukaryota,false,,,,,,,,,,,,,,,,0.10855752452368758,1,,,95.8,24.0,10^-6.12494,,,,,[56245],0
56245,1,56244,Aglantha digitale,"",eukaryota,false,,,,,,,,,,,,,,,,0.10855752452368758,1,,,95.8,24.0,10^-6.12494,,,,,,0
56096,2,56096,Gerris,"",eukaryota,false,,,,0.3256725735710627,3,,,94.9207,49.3333,10^-16.682,,,,,,,,,,,,,,,,,[108914],0
108914,1,56096,Gerris lacustris,"",eukaryota,false,,,,0.3256725735710627,3,,,94.9207,49.3333,10^-16.682,,,,,,,,,,,,,,,,,,0
55799,2,55799,Diploscapter,"",eukaryota,false,,,,,,,,,,,,,,,,0.10855752452368758,1,,,100.0,25.0,10^-9.73518,,,,,[2018661],0
2018661,1,55799,Diploscapter pachys,"",eukaryota,false,,,,,,,,,,,,,,,,0.10855752452368758,1,,,100.0,25.0,10^-9.73518,,,,,,0
55528,2,55528,Guillardia,"",eukaryota,false,,,,0.21711504904737516,2,,,90.061,75.5,10^-28.7159,,,,,,,,,,,,,,,,,[55529],0
55529,1,55528,Guillardia theta,"",eukaryota,false,,,,0.21711504904737516,2,,,90.061,75.5,10^-28.7159,,,,,,,,,,,,,,,,,,0
55522,2,55522,Reishia,"",eukaryota,false,,,,0.10855752452368758,1,,,94.118,51.0,10^-18.2504,,,,,,,,,,,,,,,,,[272940],0
272940,1,55522,Reishia clavigera,"",eukaryota,false,,,,0.10855752452368758,1,,,94.118,51.0,10^-18.2504,,,,,,,,,,,,,,,,,,0
55339,2,55339,Amylostereum,"",eukaryota,false,,,,,,,,,,,,,,,,0.10855752452368758,1,,,83.3,24.0,10^-3.00745,,,,,[55340],0
55340,1,55339,Amylostereum chailletii,"",eukaryota,false,,,,,,,,,,,,,,,,0.10855752452368758,1,,,83.3,24.0,10^-3.00745,,,,,,0
55193,2,55193,Malassezia,"",eukaryota,false,,,,0.5427876226184379,5,,,93.3632,57.6,10^-21.6358,,,,,,,,,,,,,,,,,"[1821823, 1514897, 1381935, 223818]",0
1821823,1,55193,Malassezia psittaci,"",eukaryota,false,,,,0.21711504904737516,2,,,95.6985,46.5,10^-16.5751,,,,,,,,,,,,,,,,,,0
1514897,1,55193,Malassezia arunalokei,"",eukaryota,false,,,,0.10855752452368758,1,,,98.667,75.0,10^-37.2961,,,,,,,,,,,,,,,,,,0
1381935,1,55193,Malassezia equina,"",eukaryota,false,,,,0.10855752452368758,1,,,89.655,58.0,10^-18.8808,,,,,,,,,,,,,,,,,,0
223818,1,55193,Malassezia japonica,"",eukaryota,false,,,,0.10855752452368758,1,,,87.097,62.0,10^-18.8518,,,,,,,,,,,,,,,,,,0
55170,2,55170,Didymella,"",eukaryota,false,,,,0.10855752452368758,1,,,73.913,69.0,10^-9.88493,,,,,,,,,,,,,,,,,[100019],0
100019,1,55170,Didymella exigua,"",eukaryota,false,,,,0.10855752452368758,1,,,73.913,69.0,10^-9.88493,,,,,,,,,,,,,,,,,,0
55079,2,55079,Aneurinibacillus,"",bacteria,false,,,,,,,,,,,,,,,,0.10855752452368758,1,,,95.7,23.0,10^-8.57025,,,,,[267746],0
267746,1,55079,Aneurinibacillus danicus,"",bacteria,false,,,,,,,,,,,,,,,,0.10855752452368758,1,,,95.7,23.0,10^-8.57025,,,,,,0
55077,2,55077,Monomorium,"",eukaryota,false,,,,0.21711504904737516,2,,,93.2265,50.5,10^-16.5579,,,,,,,,,,,,,,,,,[307658],0
307658,1,55077,Monomorium pharaonis,pharaoh ant,eukaryota,false,,,,0.21711504904737516,2,,,93.2265,50.5,10^-16.5579,,,,,,,,,,,,,,,,,,0
55056,2,55056,Mamestra,"",eukaryota,false,,,,0.10855752452368758,1,,,81.356,59.0,10^-12.6977,,,,,,,,,,,,,,,,,[55057],0
55057,1,55056,Mamestra brassicae,cabbage moth,eukaryota,false,,,,0.10855752452368758,1,,,81.356,59.0,10^-12.6977,,,,,,,,,,,,,,,,,,0
54968,2,54968,Polypedilum,"",eukaryota,false,,,,,,,,,,,,,,,,2.931053162139565,27,,,95.9222,24.4074,10^-5.24186,,,,,"[319348, 54969]",0
319348,1,54968,Polypedilum vanderplanki,sleeping chironomid,eukaryota,false,,,,,,,,,,,,,,,,2.822495637615877,26,,,95.7654,24.6154,10^-5.26647,,,,,,0
54969,1,54968,Polypedilum nubifer,"",eukaryota,false,,,,,,,,,,,,,,,,0.10855752452368758,1,,,100.0,19.0,10^-4.60206,,,,,,0
54298,2,54298,Chroococcidiopsis,"",bacteria,false,,,,1.0855752452368759,10,,,98.8351,74.1,10^-36.9593,,,,,,,,,,,,,,,,,"[2653189, 259957, 171392, 54299]",0
2653189,1,54298,Chroococcidiopsis sp. CCNUC1,"",bacteria,false,,,,0.21711504904737516,2,,,99.3335,75.5,10^-38.3225,,,,,,,,,,,,,,,,,,0
259957,1,54298,uncultured Chroococcidiopsis sp.,"",bacteria,false,,,,0.4342300980947503,4,,,97.75,71.5,10^-34.2311,,,,,,,,,,,,,,,,,,0
171392,1,54298,Chroococcidiopsis cubana,"",bacteria,false,,,,0.3256725735710627,3,,,99.5613,76.0,10^-38.8915,,,,,,,,,,,,,,,,,,0
54299,1,54298,Chroococcidiopsis thermalis,"",bacteria,false,,,,0.10855752452368758,1,,,100.0,76.0,10^-39.3489,,,,,,,,,,,,,,,,,,0
54125,2,54125,Pristionchus,"",eukaryota,false,,,,,,,,,,,,,,,,0.10855752452368758,1,,,82.6,23.0,10^-4.19044,,,,,[54126],0
54126,1,54125,Pristionchus pacificus,"",eukaryota,false,,,,,,,,,,,,,,,,0.10855752452368758,1,,,82.6,23.0,10^-4.19044,,,,,,0
53551,2,53551,Sabethes,"",eukaryota,false,,,,70.23671836682587,647,,,91.0276,72.5108,10^-23.93,,,,,,238.17520880497054,2194,,,91.8447,30.5432,10^-9.18199,,,,,"[218602, 53552]",0
218602,1,53551,Sabethes sp. PP-2003,"",eukaryota,false,,,,0.4342300980947503,4,,,89.9147,55.75,10^-17.3672,,,,,,,,,,,,,,,,,,0
53552,1,53551,Sabethes cyaneus,"",eukaryota,false,,,,69.80248826873111,643,,,91.0345,72.6153,10^-23.9708,,,,,,238.17520880497054,2194,,,91.8447,30.5432,10^-9.18199,,,,,,0
53460,2,53460,Nakamurella,"",bacteria,false,,,,0.10855752452368758,1,,,98.684,76.0,10^-37.9766,,,,,,,,,,,,,,,,,[1090615],0
1090615,1,53460,Nakamurella panacisegetis,"",bacteria,false,,,,0.10855752452368758,1,,,98.684,76.0,10^-37.9766,,,,,,,,,,,,,,,,,,0
53387,2,53387,Friedmanniella,"",bacteria,false,,,,0.10855752452368758,1,,,100.0,76.0,10^-39.3489,,,,,,,,,,,,,,,,,[1873461],0
1873461,1,53387,Friedmanniella sp.,"",bacteria,false,,,,0.10855752452368758,1,,,100.0,76.0,10^-39.3489,,,,,,,,,,,,,,,,,,0
53337,2,53337,Cylicocyclus,"",eukaryota,false,,,,,,,,,,,,,,,,0.10855752452368758,1,,,100.0,25.0,10^-6.35853,,,,,[53992],0
53992,1,53337,Cylicocyclus nassatus,"",eukaryota,false,,,,,,,,,,,,,,,,0.10855752452368758,1,,,100.0,25.0,10^-6.35853,,,,,,0
53335,2,53335,Pantoea,"",bacteria,false,,,,18.129106595455827,167,,,98.9921,324.671,10^-212.406,,,,,,2.822495637615877,26,,,97.0,24.2692,10^-6.97728,,,,,"[3043303, 2970818, 2862677, 2608355, 2608006, 2575375, 2364647, 1891675, 1465635, 1076550, 592316, 470934, 92488, 69393, 59814, 55209, 553, 549]",0
3043303,1,53335,Pantoea sp. EA-12,"",bacteria,false,,,,,,,,,,,,,,,,0.10855752452368758,1,,,100.0,25.0,10^-7.14569,,,,,,0
2970818,1,53335,Pantoea sp. SOD02,"",bacteria,false,,,,0.10855752452368758,1,,,100.0,76.0,10^-39.3489,,,,,,,,,,,,,,,,,,0
2862677,1,53335,Pantoea sp. OVA07A,"",bacteria,false,,,,,,,,,,,,,,,,0.10855752452368758,1,,,100.0,25.0,10^-6.87943,,,,,,0
2608355,1,53335,Pantoea formicae,"",bacteria,false,,,,,,,,,,,,,,,,0.10855752452368758,1,,,100.0,24.0,10^-6.70997,,,,,,0
2608006,1,53335,Pantoea sp. B_10,"",bacteria,false,,,,,,,,,,,,,,,,0.21711504904737516,2,,,97.9,24.0,10^-4.16235,,,,,,0
2575375,1,53335,Pantoea sp. SO10,"",bacteria,false,,,,0.10855752452368758,1,,,92.958,71.0,10^-29.0857,,,,,,,,,,,,,,,,,,0
2364647,1,53335,Pantoea piersonii,"",bacteria,false,,,,0.10855752452368758,1,,,100.0,76.0,10^-39.3489,,,,,,,,,,,,,,,,,,0
1891675,1,53335,Pantoea alhagi,"",bacteria,false,,,,0.10855752452368758,1,,,93.333,75.0,10^-31.8067,,,,,,,,,,,,,,,,,,0
1465635,1,53335,Pantoea coffeiphila,"",bacteria,false,,,,,,,,,,,,,,,,0.10855752452368758,1,,,100.0,24.0,10^-3.22695,,,,,,0
1076550,1,53335,Pantoea rwandensis,"",bacteria,false,,,,16.6093012521242,153,,,99.127,347.719,10^-228.665,,,,,,0.10855752452368758,1,,,100.0,25.0,10^-7.31695,,,,,,0
592316,1,53335,Pantoea sp. At-9b,"",bacteria,false,,,,0.3256725735710627,3,,,97.4067,63.6667,10^-28.6935,,,,,,,,,,,,,,,,,,0
470934,1,53335,Pantoea vagans,"",bacteria,false,,,,0.21711504904737516,2,,,96.0,75.5,10^-34.8916,,,,,,,,,,,,,,,,,,0
92488,1,53335,Pantoea endophytica,"",bacteria,false,,,,,,,,,,,,,,,,0.10855752452368758,1,,,100.0,24.0,10^-7.92082,,,,,,0
69393,1,53335,Pantoea sp.,"",bacteria,false,,,,,,,,,,,,,,,,0.10855752452368758,1,,,100.0,25.0,10^-9.12901,,,,,,0
59814,1,53335,Pantoea dispersa,"",bacteria,false,,,,0.10855752452368758,1,,,100.0,75.0,10^-38.6685,,,,,,,,,,,,,,,,,,0
55209,1,53335,Pantoea cypripedii,"",bacteria,false,,,,,,,,,,,,,,,,0.10855752452368758,1,,,100.0,24.0,10^-7.29585,,,,,,0
553,1,53335,Pantoea ananatis,"",bacteria,false,,,,0.21711504904737516,2,,,97.368,76.0,10^-36.6042,,,,,,1.1941327697605633,11,,,95.1636,24.1818,10^-7.93948,,,,,,0
549,1,53335,Pantoea agglomerans,"",bacteria,false,,,,0.21711504904737516,2,,,100.0,76.0,10^-39.3489,,,,,,0.5427876226184379,5,,,95.88,24.2,10^-6.02513,,,,,,0
53246,2,53246,Pseudoalteromonas,"",bacteria,false,,,,,,,,,,,,,,,,0.21711504904737516,2,,,87.3,23.5,10^-5.10856,,,,,[2066515],0
2066515,1,53246,Pseudoalteromonas sp. S558,"",bacteria,false,,,,,,,,,,,,,,,,0.21711504904737516,2,,,87.3,23.5,10^-5.10856,,,,,,0
52939,2,52939,Tridacna,"",eukaryota,false,,,,0.21711504904737516,2,,,94.5195,36.5,10^-9.81844,,,,,,,,,,,,,,,,,[80833],0
80833,1,52939,Tridacna crocea,"",eukaryota,false,,,,0.21711504904737516,2,,,94.5195,36.5,10^-9.81844,,,,,,,,,,,,,,,,,,0
52733,2,52733,Dilophus,"",eukaryota,false,,,,0.3256725735710627,3,,,90.0197,53.0,10^-15.9656,,,,,,,,,,,,,,,,,[52734],0
52734,1,52733,Dilophus febrilis,"",eukaryota,false,,,,0.3256725735710627,3,,,90.0197,53.0,10^-15.9656,,,,,,,,,,,,,,,,,,0
52633,2,52633,Diprion,"",eukaryota,false,,,,0.21711504904737516,2,,,89.355,66.0,10^-22.9426,,,,,,0.6513451471421254,6,,,98.0,24.5,10^-6.35325,,,,,[362088],0
362088,1,52633,Diprion similis,"",eukaryota,false,,,,0.21711504904737516,2,,,89.355,66.0,10^-22.9426,,,,,,0.6513451471421254,6,,,98.0,24.5,10^-6.35325,,,,,,0
52282,2,52282,Sarcoptes,"",eukaryota,false,,,,,,,,,,,,,,,,0.21711504904737516,2,,,85.4,24.5,10^-5.64662,,,,,[52283],1
52283,1,52282,Sarcoptes scabiei,"",eukaryota,false,,,,,,,,,,,,,,,,0.21711504904737516,2,,,85.4,24.5,10^-5.64662,,,,,,1
51654,2,51654,Plutella,"",eukaryota,false,,,,0.10855752452368758,1,,,97.5,40.0,10^-13.5526,,,,,,1.7369203923790013,16,,,88.3562,24.3125,10^-5.21137,,,,,[51655],0
51655,1,51654,Plutella xylostella,diamondback moth,eukaryota,false,,,,0.10855752452368758,1,,,97.5,40.0,10^-13.5526,,,,,,1.7369203923790013,16,,,88.3562,24.3125,10^-5.21137,,,,,,0
51649,2,51649,Sacculina,"",eukaryota,false,,,,0.5427876226184379,5,,,93.5882,50.2,10^-17.4417,,,,,,,,,,,,,,,,,[51650],0
51650,1,51649,Sacculina carcini,"",eukaryota,false,,,,0.5427876226184379,5,,,93.5882,50.2,10^-17.4417,,,,,,,,,,,,,,,,,,0
51538,2,51538,Microplitis,"",eukaryota,false,,,,0.4342300980947503,4,,,91.5847,55.75,10^-18.7398,,,,,,0.4342300980947503,4,,,99.0,24.5,10^-6.01253,,,,,"[1427173, 375433, 69319]",0
1427173,1,51538,Microplitis manilae,"",eukaryota,false,,,,0.10855752452368758,1,,,97.222,36.0,10^-10.8537,,,,,,,,,,,,,,,,,,0
375433,1,51538,Microplitis mediator,"",eukaryota,false,,,,0.21711504904737516,2,,,90.114,62.0,10^-21.6012,,,,,,0.4342300980947503,4,,,99.0,24.5,10^-6.01253,,,,,,0
69319,1,51538,Microplitis demolitor,"",eukaryota,false,,,,0.10855752452368758,1,,,88.889,63.0,10^-20.9034,,,,,,,,,,,,,,,,,,0
51366,2,51366,Salinivibrio,"",bacteria,false,,,,,,,,,,,,,,,,0.21711504904737516,2,,,80.0,25.0,10^-4.6308,,,,,[1908198],0
1908198,1,51366,Salinivibrio kushneri,"",bacteria,false,,,,,,,,,,,,,,,,0.21711504904737516,2,,,80.0,25.0,10^-4.6308,,,,,,0
51293,2,51293,Capitella,"",eukaryota,false,,,,,,,,,,,,,,,,0.3256725735710627,3,,,94.6667,23.6667,10^-5.36568,,,,,[283909],0
283909,1,51293,Capitella teleta,"",eukaryota,false,,,,,,,,,,,,,,,,0.3256725735710627,3,,,94.6667,23.6667,10^-5.36568,,,,,,0
51027,2,51027,Enterobius,"",eukaryota,false,,,,,,,,,,,,,,,,0.21711504904737516,2,,,82.8,23.0,10^-4.14521,,,,,[51028],1
51028,1,51027,Enterobius vermicularis,human pinworm,eukaryota,false,,,,,,,,,,,,,,,,0.21711504904737516,2,,,82.8,23.0,10^-4.14521,,,,,,1
51006,2,51006,Hygrocybe,"",eukaryota,false,,,,0.10855752452368758,1,,,98.701,77.0,10^-38.6571,,,,,,,,,,,,,,,,,[2799611],0
2799611,1,51006,Hygrocybe griseonigricans,"",eukaryota,false,,,,0.10855752452368758,1,,,98.701,77.0,10^-38.6571,,,,,,,,,,,,,,,,,,0
50968,2,50968,Gerronema,"",eukaryota,false,,,,0.21711504904737516,2,,,100.0,76.0,10^-39.3489,,,,,,,,,,,,,,,,,[2905974],0
2905974,1,50968,Gerronema microcarpum,"",eukaryota,false,,,,0.21711504904737516,2,,,100.0,76.0,10^-39.3489,,,,,,,,,,,,,,,,,,0
50582,2,50582,Ephemera,"",eukaryota,false,,,,,,,,,,,,,,,,0.8684601961895007,8,,,92.7375,24.375,10^-5.69178,,,,,[1049336],0
1049336,1,50582,Ephemera danica,"",eukaryota,false,,,,,,,,,,,,,,,,0.8684601961895007,8,,,92.7375,24.375,10^-5.69178,,,,,,0
50440,2,50440,Panorpa,"",eukaryota,false,,,,,,,,,,,,,,,,0.10855752452368758,1,,,100.0,25.0,10^-10.9914,,,,,[115686],0
115686,1,50440,Panorpa helena,"",eukaryota,false,,,,,,,,,,,,,,,,0.10855752452368758,1,,,100.0,25.0,10^-10.9914,,,,,,0
50416,2,50416,Mimachlamys,"",eukaryota,false,,,,0.10855752452368758,1,,,94.595,37.0,10^-10.1556,,,,,,,,,,,,,,,,,[50417],0
50417,1,50416,Mimachlamys varia,"",eukaryota,false,,,,0.10855752452368758,1,,,94.595,37.0,10^-10.1556,,,,,,,,,,,,,,,,,,0
50385,2,50385,Diabrotica,"",eukaryota,false,,,,0.10855752452368758,1,,,83.607,61.0,10^-15.4279,,,,,,0.10855752452368758,1,,,83.3,24.0,10^-3.92082,,,,,"[107213, 50389]",0
107213,1,50385,Diabrotica balteata,"",eukaryota,false,,,,,,,,,,,,,,,,0.10855752452368758,1,,,83.3,24.0,10^-3.92082,,,,,,0
50389,1,50385,Diabrotica virgifera,"",eukaryota,false,,,,0.10855752452368758,1,,,83.607,61.0,10^-15.4279,,,,,,,,,,,,,,,,,,0
50022,2,50022,Panonychus,"",eukaryota,false,,,,,,,,,,,,,,,,0.10855752452368758,1,,,100.0,25.0,10^-4.30103,,,,,[50023],0
50023,1,50022,Panonychus citri,citrus red mite,eukaryota,false,,,,,,,,,,,,,,,,0.10855752452368758,1,,,100.0,25.0,10^-4.30103,,,,,,0
48736,2,48736,Ralstonia,"",bacteria,false,,,,,,,,,,,,,,,,0.10855752452368758,1,,,100.0,25.0,10^-8.0511,,,,,[329],1
329,1,48736,Ralstonia pickettii,"",bacteria,false,,,,,,,,,,,,,,,,0.10855752452368758,1,,,100.0,25.0,10^-8.0511,,,,,,1
48720,2,48720,Andrena,sand bees,eukaryota,false,,,,0.4342300980947503,4,,,90.4305,60.25,10^-20.7554,,,,,,,,,,,,,,,,,"[1190802, 1126402, 444401]",0
1190802,1,48720,Andrena minutula,"",eukaryota,false,,,,0.10855752452368758,1,,,91.667,48.0,10^-14.8458,,,,,,,,,,,,,,,,,,0
1126402,1,48720,Andrena hattorfiana,"",eukaryota,false,,,,0.21711504904737516,2,,,91.479,65.5,10^-24.6621,,,,,,,,,,,,,,,,,,0
444401,1,48720,Andrena haemorrhoa,"",eukaryota,false,,,,0.10855752452368758,1,,,87.097,62.0,10^-18.8518,,,,,,,,,,,,,,,,,,0
48705,2,48705,Orchesella,"",eukaryota,false,,,,,,,,,,,,,,,,0.6513451471421254,6,,,80.5833,24.0,10^-5.17375,,,,,[48709],0
48709,1,48705,Orchesella cincta,"",eukaryota,false,,,,,,,,,,,,,,,,0.6513451471421254,6,,,80.5833,24.0,10^-5.17375,,,,,,0
48622,2,48622,Elaphrus,"",eukaryota,false,,,,0.21711504904737516,2,,,87.273,55.0,10^-15.4729,,,,,,,,,,,,,,,,,[2055403],0
2055403,1,48622,Elaphrus sp. INB212,"",eukaryota,false,,,,0.21711504904737516,2,,,87.273,55.0,10^-15.4729,,,,,,,,,,,,,,,,,,0
48558,2,48558,Pyricularia,"",eukaryota,false,,,,0.21711504904737516,2,,,89.363,53.5,10^-14.4773,,,,,,,,,,,,,,,,,"[318829, 148305]",0
318829,1,48558,Pyricularia oryzae,"",eukaryota,false,,,,0.10855752452368758,1,,,81.429,70.0,10^-17.4267,,,,,,,,,,,,,,,,,,0
148305,1,48558,Pyricularia grisea,"",eukaryota,false,,,,0.10855752452368758,1,,,97.297,37.0,10^-11.528,,,,,,,,,,,,,,,,,,0
47833,2,47833,Zeugodacus,"",eukaryota,false,,,,0.21711504904737516,2,,,89.193,69.5,10^-24.6348,,,,,,0.4342300980947503,4,,,98.0,24.75,10^-5.77005,,,,,[28588],0
28588,1,47833,Zeugodacus cucurbitae,melon fly,eukaryota,false,,,,0.21711504904737516,2,,,89.193,69.5,10^-24.6348,,,,,,0.4342300980947503,4,,,98.0,24.75,10^-5.77005,,,,,,0
47766,2,47766,Agrotis,"",eukaryota,false,,,,0.21711504904737516,2,,,93.005,44.0,10^-13.5168,,,,,,,,,,,,,,,,,"[1857961, 997525]",0
1857961,1,47766,Agrotis puta,"",eukaryota,false,,,,0.10855752452368758,1,,,91.892,37.0,10^-8.78321,,,,,,,,,,,,,,,,,,0
997525,1,47766,Agrotis clavis,"",eukaryota,false,,,,0.10855752452368758,1,,,94.118,51.0,10^-18.2504,,,,,,,,,,,,,,,,,,0
47747,2,47747,Hyaloscypha,"",eukaryota,false,,,,,,,,,,,,,,,,0.10855752452368758,1,,,100.0,25.0,10^-8.66154,,,,,[2482753],0
2482753,1,47747,Hyaloscypha finlandica,"",eukaryota,false,,,,,,,,,,,,,,,,0.10855752452368758,1,,,100.0,25.0,10^-8.66154,,,,,,0
47732,2,47732,Cataglyphis,"",eukaryota,false,,,,,,,,,,,,,,,,0.10855752452368758,1,,,100.0,25.0,10^-6.61798,,,,,[1086592],0
1086592,1,47732,Cataglyphis hispanica,"",eukaryota,false,,,,,,,,,,,,,,,,0.10855752452368758,1,,,100.0,25.0,10^-6.61798,,,,,,0
47720,2,47720,Lyophyllum,"",eukaryota,false,,,,0.5427876226184379,5,,,93.8552,73.0,10^-31.2725,,,,,,,,,,,,,,,,,[64660],0
64660,1,47720,Lyophyllum decastes,"",eukaryota,false,,,,0.5427876226184379,5,,,93.8552,73.0,10^-31.2725,,,,,,,,,,,,,,,,,,0
47614,2,47614,Gossypioides,"",eukaryota,false,,,,0.10855752452368758,1,,,91.892,37.0,10^-8.78321,,,,,,,,,,,,,,,,,[47615],0
47615,1,47614,Gossypioides kirkii,"",eukaryota,false,,,,0.10855752452368758,1,,,91.892,37.0,10^-8.78321,,,,,,,,,,,,,,,,,,0
47605,2,47605,Hibiscus,"",eukaryota,false,,,,,,,,,,,,,,,,0.21711504904737516,2,,,79.2,23.5,10^-3.77286,,,,,[106335],0
106335,1,47605,Hibiscus syriacus,"",eukaryota,false,,,,,,,,,,,,,,,,0.21711504904737516,2,,,79.2,23.5,10^-3.77286,,,,,,0
47424,2,47424,Armillaria,"",eukaryota,false,,,,,,,,,,,,,,,,0.10855752452368758,1,,,100.0,24.0,10^-8.11238,,,,,[153910],0
153910,1,47424,Armillaria fumosa,"",eukaryota,false,,,,,,,,,,,,,,,,0.10855752452368758,1,,,100.0,24.0,10^-8.11238,,,,,,0
47251,2,47251,Leptolyngbya,"",bacteria,false,,,,0.10855752452368758,1,,,100.0,76.0,10^-39.3489,,,,,,,,,,,,,,,,,[1725313],0
1725313,1,47251,Leptolyngbya sp. CENA377,"",bacteria,false,,,,0.10855752452368758,1,,,100.0,76.0,10^-39.3489,,,,,,,,,,,,,,,,,,0
47198,2,47198,Otidea,"",eukaryota,false,,,,0.10855752452368758,1,,,97.368,76.0,10^-36.6042,,,,,,,,,,,,,,,,,[61494],0
61494,1,47198,Otidea onotica,"",eukaryota,false,,,,0.10855752452368758,1,,,97.368,76.0,10^-36.6042,,,,,,,,,,,,,,,,,,0
47133,2,47133,Spadella,"",eukaryota,false,,,,,,,,,,,,,,,,0.10855752452368758,1,,,100.0,24.0,10^-5.54516,,,,,[52888],0
52888,1,47133,Spadella cephaloptera,"",eukaryota,false,,,,,,,,,,,,,,,,0.10855752452368758,1,,,100.0,24.0,10^-5.54516,,,,,,0
46730,2,46730,Pocillopora,"",eukaryota,false,,,,,,,,,,,,,,,,0.21711504904737516,2,,,90.9,23.5,10^-5.56751,,,,,"[46732, 46731]",0
46732,1,46730,Pocillopora meandrina,"",eukaryota,false,,,,,,,,,,,,,,,,0.10855752452368758,1,,,100.0,25.0,10^-7.0381,,,,,,0
46731,1,46730,Pocillopora damicornis,"",eukaryota,false,,,,,,,,,,,,,,,,0.10855752452368758,1,,,81.8,22.0,10^-4.09691,,,,,,0
46719,2,46719,Porites,"",eukaryota,false,,,,0.10855752452368758,1,,,92.683,41.0,10^-11.4834,,,,,,0.5427876226184379,5,,,83.1,23.8,10^-5.07596,,,,,"[104759, 104178, 51062]",0
104759,1,46719,Porites lobata,"",eukaryota,false,,,,,,,,,,,,,,,,0.10855752452368758,1,,,91.7,24.0,10^-4.32883,,,,,,0
104178,1,46719,Porites evermanni,"",eukaryota,false,,,,,,,,,,,,,,,,0.4342300980947503,4,,,80.95,23.75,10^-5.26274,,,,,,0
51062,1,46719,Porites lutea,"",eukaryota,false,,,,0.10855752452368758,1,,,92.683,41.0,10^-11.4834,,,,,,,,,,,,,,,,,,0
46650,2,46650,Brachymyrmex,"",eukaryota,false,,,,,,,,,,,,,,,,0.10855752452368758,1,,,92.0,25.0,10^-6.08884,,,,,[604570],0
604570,1,46650,Brachymyrmex patagonicus,"",eukaryota,false,,,,,,,,,,,,,,,,0.10855752452368758,1,,,92.0,25.0,10^-6.08884,,,,,,0
46594,2,46594,Harmothoe,"",eukaryota,false,,,,0.21711504904737516,2,,,87.297,38.5,10^-7.0514,,,,,,,,,,,,,,,,,[46595],0
46595,1,46594,Harmothoe impar,"",eukaryota,false,,,,0.21711504904737516,2,,,87.297,38.5,10^-7.0514,,,,,,,,,,,,,,,,,,0
46580,2,46580,Spirometra,"",eukaryota,false,,,,0.10855752452368758,1,,,100.0,37.0,10^-12.9003,,,,,,,,,,,,,,,,,[99802],1
99802,1,46580,Spirometra erinaceieuropaei,"",eukaryota,false,,,,0.10855752452368758,1,,,100.0,37.0,10^-12.9003,,,,,,,,,,,,,,,,,,1
46322,2,46322,Luzula,woodrushes,eukaryota,false,,,,0.21711504904737516,2,,,92.105,38.0,10^-9.45781,,,,,,,,,,,,,,,,,[59018],0
59018,1,46322,Luzula sylvatica,"",eukaryota,false,,,,0.21711504904737516,2,,,92.105,38.0,10^-9.45781,,,,,,,,,,,,,,,,,,0
46255,2,46255,Weissella,"",bacteria,false,,,,,,,,,,,,,,,,0.10855752452368758,1,,,96.0,25.0,10^-9.68194,,,,,[1629],0
1629,1,46255,Weissella viridescens,"",bacteria,false,,,,,,,,,,,,,,,,0.10855752452368758,1,,,96.0,25.0,10^-9.68194,,,,,,0
46239,2,46239,Mesoplasma,"",bacteria,false,,,,0.5427876226184379,5,,,99.7368,76.0,10^-39.0745,,,,,,0.21711504904737516,2,,,96.0,24.0,10^-5.93762,,,,,"[2878854, 361435, 138853, 2151]",0
2878854,1,46239,Mesoplasma sp. JKS002660,"",bacteria,false,,,,,,,,,,,,,,,,0.10855752452368758,1,,,100.0,23.0,10^-6.23508,,,,,,0
361435,1,46239,uncultured Mesoplasma sp.,"",bacteria,false,,,,0.21711504904737516,2,,,100.0,76.0,10^-39.3489,,,,,,,,,,,,,,,,,,0
138853,1,46239,Mesoplasma lactucae,"",bacteria,false,,,,,,,,,,,,,,,,0.10855752452368758,1,,,92.0,25.0,10^-5.64016,,,,,,0
2151,1,46239,Mesoplasma florum,"",bacteria,false,,,,0.3256725735710627,3,,,99.5613,76.0,10^-38.8915,,,,,,,,,,,,,,,,,,0
46213,2,46213,Dixella,"",eukaryota,false,,,,0.10855752452368758,1,,,86.111,72.0,10^-22.904,,,,,,,,,,,,,,,,,[560262],0
560262,1,46213,Dixella sp. MAB-2008,"",eukaryota,false,,,,0.10855752452368758,1,,,86.111,72.0,10^-22.904,,,,,,,,,,,,,,,,,,0
46210,2,46210,Nephrotoma,"",eukaryota,false,,,,0.8684601961895007,8,,,88.6497,39.625,10^-8.50109,,,,,,,,,,,,,,,,,"[2741127, 2719080]",0
2741127,1,46210,Nephrotoma appendiculata,"",eukaryota,false,,,,0.10855752452368758,1,,,94.231,52.0,10^-18.9282,,,,,,,,,,,,,,,,,,0
2719080,1,46210,Nephrotoma flavescens,"",eukaryota,false,,,,0.759902671665813,7,,,87.8524,37.8571,10^-7.0115,,,,,,,,,,,,,,,,,,0
46207,2,46207,Toxorhynchites,"",eukaryota,false,,,,214.83534103237773,1979,,,86.927,164.585,10^-38.3348,,,,,,355.5258928150768,3275,,,89.0595,30.1038,10^-6.89967,,,,,"[53553, 46208]",0
53553,1,46207,Toxorhynchites rutilus,"",eukaryota,false,,,,214.72678350785404,1978,,,86.9255,164.643,10^-38.3467,,,,,,355.4173352905531,3274,,,89.0623,30.1054,10^-6.89966,,,,,,0
46208,1,46207,Toxorhynchites amboinensis,"",eukaryota,false,,,,0.10855752452368758,1,,,90.0,50.0,10^-14.8281,,,,,,0.10855752452368758,1,,,80.0,25.0,10^-6.91721,,,,,,0
45951,2,45951,Dreissena,"",eukaryota,false,,,,0.10855752452368758,1,,,95.122,41.0,10^-12.8557,,,,,,0.3256725735710627,3,,,95.8333,24.3333,10^-6.27665,,,,,[45954],0
45954,1,45951,Dreissena polymorpha,"",eukaryota,false,,,,0.10855752452368758,1,,,95.122,41.0,10^-12.8557,,,,,,0.3256725735710627,3,,,95.8333,24.3333,10^-6.27665,,,,,,0
45350,2,45350,Nematostella,"",eukaryota,false,,,,,,,,,,,,,,,,0.4342300980947503,4,,,91.65,24.0,10^-5.17873,,,,,[45351],0
45351,1,45350,Nematostella vectensis,starlet sea anemone,eukaryota,false,,,,,,,,,,,,,,,,0.4342300980947503,4,,,91.65,24.0,10^-5.17873,,,,,,0
45244,2,45244,Emericellopsis,"",eukaryota,false,,,,0.10855752452368758,1,,,94.872,39.0,10^-11.5051,,,,,,,,,,,,,,,,,[2686198],0
2686198,1,45244,Emericellopsis cladophorae,"",eukaryota,false,,,,0.10855752452368758,1,,,94.872,39.0,10^-11.5051,,,,,,,,,,,,,,,,,,0
45059,2,45059,Frankliniella,"",eukaryota,false,,,,0.10855752452368758,1,,,91.176,68.0,10^-25.6735,,,,,,1.3026902942842509,12,,,98.0667,24.0,10^-5.8134,,,,,[133901],0
133901,1,45059,Frankliniella occidentalis,western flower thrips,eukaryota,false,,,,0.10855752452368758,1,,,91.176,68.0,10^-25.6735,,,,,,1.3026902942842509,12,,,98.0667,24.0,10^-5.8134,,,,,,0
45057,2,45057,Thrips,"",eukaryota,false,,,,0.21711504904737516,2,,,92.6095,58.0,10^-21.6405,,,,,,0.4342300980947503,4,,,93.6,23.75,10^-5.24376,,,,,[161013],0
161013,1,45057,Thrips palmi,"",eukaryota,false,,,,0.21711504904737516,2,,,92.6095,58.0,10^-21.6405,,,,,,0.4342300980947503,4,,,93.6,23.75,10^-5.24376,,,,,,0
44249,2,44249,Paenibacillus,"",bacteria,false,,,,0.21711504904737516,2,,,85.4355,55.0,10^-14.1008,,,,,,5.427876226184379,50,,,60.349,114.28,10^-33.5381,,,,,"[2023772, 483908]",0
2023772,1,44249,Paenibacillus sp. RUD330,"",bacteria,false,,,,0.21711504904737516,2,,,85.4355,55.0,10^-14.1008,,,,,,,,,,,,,,,,,,0
483908,1,44249,Paenibacillus sp. P22,"",bacteria,false,,,,,,,,,,,,,,,,5.427876226184379,50,,,60.349,114.28,10^-33.5381,,,,,,0
44196,2,44196,Paramuricea,"",eukaryota,false,,,,,,,,,,,,,,,,0.3256725735710627,3,,,86.1333,24.3333,10^-5.31972,,,,,[317549],0
317549,1,44196,Paramuricea clavata,"",eukaryota,false,,,,,,,,,,,,,,,,0.3256725735710627,3,,,86.1333,24.3333,10^-5.31972,,,,,,0
44055,2,44055,Aureococcus,"",eukaryota,false,,,,,,,,,,,,,,,,0.3256725735710627,3,,,98.6667,25.0,10^-9.77129,,,,,[44056],0
44056,1,44055,Aureococcus anophagefferens,"",eukaryota,false,,,,,,,,,,,,,,,,0.3256725735710627,3,,,98.6667,25.0,10^-9.77129,,,,,,0
43336,2,43336,Orthosia,"",eukaryota,false,,,,0.3256725735710627,3,,,93.4903,51.3333,10^-17.585,,,,,,,,,,,,,,,,,[997542],0
997542,1,43336,Orthosia gracilis,"",eukaryota,false,,,,0.3256725735710627,3,,,93.4903,51.3333,10^-17.585,,,,,,,,,,,,,,,,,,0
43086,2,43086,Odontomachus,"",eukaryota,false,,,,,,,,,,,,,,,,0.10855752452368758,1,,,95.8,24.0,10^-5.54668,,,,,[486640],0
486640,1,43086,Odontomachus brunneus,"",eukaryota,false,,,,,,,,,,,,,,,,0.10855752452368758,1,,,95.8,24.0,10^-5.54668,,,,,,0
42476,2,42476,Oscheius,"",eukaryota,false,,,,0.759902671665813,7,,,91.7003,56.0,10^-19.1009,,,,,,,,,,,,,,,,,"[2879419, 1559960, 473156, 141969]",0
2879419,1,42476,Oscheius sp. JU1382,"",eukaryota,false,,,,0.10855752452368758,1,,,90.566,53.0,10^-16.8614,,,,,,,,,,,,,,,,,,0
1559960,1,42476,Oscheius onirici,"",eukaryota,false,,,,0.3256725735710627,3,,,90.6593,63.6667,10^-22.7334,,,,,,,,,,,,,,,,,,0
473156,1,42476,Oscheius dolichura,"",eukaryota,false,,,,0.21711504904737516,2,,,94.5175,43.0,10^-13.5242,,,,,,,,,,,,,,,,,,0
141969,1,42476,Oscheius tipulae,"",eukaryota,false,,,,0.10855752452368758,1,,,90.323,62.0,10^-21.5965,,,,,,,,,,,,,,,,,,0
42360,2,42360,Daldinia,"",eukaryota,false,,,,,,,,,,,,,,,,0.3256725735710627,3,,,98.6,24.3333,10^-6.32075,,,,,"[2614575, 326647]",0
2614575,1,42360,Daldinia sp. FL1419,"",eukaryota,false,,,,,,,,,,,,,,,,0.10855752452368758,1,,,100.0,25.0,10^-5.79588,,,,,,0
326647,1,42360,Daldinia decipiens,"",eukaryota,false,,,,,,,,,,,,,,,,0.21711504904737516,2,,,97.9,24.0,10^-6.58319,,,,,,0
42308,2,42308,Hypoxylon,"",eukaryota,false,,,,0.759902671665813,7,,,96.2243,71.0,10^-32.6171,,,,,,0.4342300980947503,4,,,99.0,24.0,10^-7.12416,,,,,"[1896109, 1001937, 1001833, 326681, 326680, 109372, 63214]",0
1896109,1,42308,Hypoxylon sp.,"",eukaryota,false,,,,0.10855752452368758,1,,,100.0,76.0,10^-39.3489,,,,,,,,,,,,,,,,,,0
1001937,1,42308,Hypoxylon sp. EC38,"",eukaryota,false,,,,,,,,,,,,,,,,0.21711504904737516,2,,,98.0,23.0,10^-5.96419,,,,,,0
1001833,1,42308,Hypoxylon sp. CI-4A,"",eukaryota,false,,,,,,,,,,,,,,,,0.10855752452368758,1,,,100.0,25.0,10^-8.21467,,,,,,0
326681,1,42308,Hypoxylon trugodes,"",eukaryota,false,,,,0.21711504904737516,2,,,90.7765,59.5,10^-20.5852,,,,,,,,,,,,,,,,,,0
326680,1,42308,Hypoxylon ticinense,"",eukaryota,false,,,,0.10855752452368758,1,,,98.684,76.0,10^-37.9766,,,,,,,,,,,,,,,,,,0
109372,1,42308,Hypoxylon fuscum,"",eukaryota,false,,,,,,,,,,,,,,,,0.10855752452368758,1,,,100.0,25.0,10^-8.3536,,,,,,0
63214,1,42308,Hypoxylon fragiforme,"",eukaryota,false,,,,0.3256725735710627,3,,,97.7777,75.3333,10^-36.608,,,,,,,,,,,,,,,,,,0
42298,2,42298,Celastrina,"",eukaryota,false,,,,0.21711504904737516,2,,,95.9015,50.0,10^-18.2698,,,,,,,,,,,,,,,,,[203782],0
203782,1,42298,Celastrina argiolus,holly blue,eukaryota,false,,,,0.21711504904737516,2,,,95.9015,50.0,10^-18.2698,,,,,,,,,,,,,,,,,,0
42295,2,42295,Colias,clouded yellows,eukaryota,false,,,,,,,,,,,,,,,,0.10855752452368758,1,,,76.0,25.0,10^-3.21824,,,,,[42296],0
42296,1,42295,Colias eurytheme,orange sulphur,eukaryota,false,,,,,,,,,,,,,,,,0.10855752452368758,1,,,76.0,25.0,10^-3.21824,,,,,,0
42291,2,42291,Parnassius,"",eukaryota,false,,,,,,,,,,,,,,,,0.6513451471421254,6,,,97.9167,24.3333,10^-6.21741,,,,,"[213976, 213955, 213927, 213909, 110799]",0
213976,1,42291,Parnassius szechenyii,"",eukaryota,false,,,,,,,,,,,,,,,,0.10855752452368758,1,,,96.0,25.0,10^-8.05552,,,,,,0
213955,1,42291,Parnassius nomion,"",eukaryota,false,,,,,,,,,,,,,,,,0.10855752452368758,1,,,95.7,23.0,10^-3.00568,,,,,,0
213927,1,42291,Parnassius cephalus,"",eukaryota,false,,,,,,,,,,,,,,,,0.10855752452368758,1,,,100.0,25.0,10^-6.8729,,,,,,0
213909,1,42291,Parnassius acdestis,"",eukaryota,false,,,,,,,,,,,,,,,,0.10855752452368758,1,,,100.0,25.0,10^-5.95078,,,,,,0
110799,1,42291,Parnassius apollo,apollo,eukaryota,false,,,,,,,,,,,,,,,,0.21711504904737516,2,,,97.9,24.0,10^-6.70979,,,,,,0
42274,2,42274,Vanessa,"",eukaryota,false,,,,0.3256725735710627,3,,,88.782,68.3333,10^-23.6149,,,,,,0.5427876226184379,5,,,90.26,24.4,10^-5.84427,,,,,"[334116, 171605, 42275]",0
334116,1,42274,Vanessa tameamea,"",eukaryota,false,,,,0.10855752452368758,1,,,89.855,69.0,10^-24.981,,,,,,0.21711504904737516,2,,,97.9,24.0,10^-6.4467,,,,,,0
171605,1,42274,Vanessa cardui,"",eukaryota,false,,,,0.10855752452368758,1,,,88.158,76.0,10^-26.9976,,,,,,0.3256725735710627,3,,,85.1667,24.6667,10^-5.44265,,,,,,0
42275,1,42274,Vanessa atalanta,red admiral,eukaryota,false,,,,0.10855752452368758,1,,,88.333,60.0,10^-18.866,,,,,,,,,,,,,,,,,,0
42255,2,42255,Rubrobacter,"",bacteria,false,,,,,,,,,,,,,,,,0.10855752452368758,1,,,96.0,25.0,10^-6.90658,,,,,[2036010],0
2036010,1,42255,Rubrobacter sp.,"",bacteria,false,,,,,,,,,,,,,,,,0.10855752452368758,1,,,96.0,25.0,10^-6.90658,,,,,,0
41955,2,41955,Amanita,"",eukaryota,false,,,,0.21711504904737516,2,,,94.784,75.5,10^-33.5195,,,,,,,,,,,,,,,,,[2984036],0
2984036,1,41955,Amanita sp. CQC-2022a,"",eukaryota,false,,,,0.21711504904737516,2,,,94.784,75.5,10^-33.5195,,,,,,,,,,,,,,,,,,0
41891,2,41891,Coccomyxa,"",eukaryota,false,,,,,,,,,,,,,,,,0.10855752452368758,1,,,83.3,24.0,10^-3.32239,,,,,[248742],0
248742,1,41891,Coccomyxa subellipsoidea,"",eukaryota,false,,,,,,,,,,,,,,,,0.10855752452368758,1,,,83.3,24.0,10^-3.32239,,,,,,0
41879,2,41879,Pycnococcus,"",eukaryota,false,,,,0.10855752452368758,1,,,87.097,62.0,10^-18.8518,,,,,,,,,,,,,,,,,[41880],0
41880,1,41879,Pycnococcus provasolii,"",eukaryota,false,,,,0.10855752452368758,1,,,87.097,62.0,10^-18.8518,,,,,,,,,,,,,,,,,,0
41822,2,41822,Dasyhelea,"",eukaryota,false,,,,,,,,,,,,,,,,0.10855752452368758,1,,,100.0,25.0,10^-5.33348,,,,,[1874454],0
1874454,1,41822,Dasyhelea sp. 4DE,"",eukaryota,false,,,,,,,,,,,,,,,,0.10855752452368758,1,,,100.0,25.0,10^-5.33348,,,,,,0
41820,2,41820,Culicoides,punkies,eukaryota,false,,,,0.5427876226184379,5,,,93.2556,48.4,10^-15.407,,,,,,0.10855752452368758,1,,,73.9,23.0,10^-4.1831,,,,,[179676],0
179676,1,41820,Culicoides sonorensis,"",eukaryota,false,,,,0.5427876226184379,5,,,93.2556,48.4,10^-15.407,,,,,,0.10855752452368758,1,,,73.9,23.0,10^-4.1831,,,,,,0
41812,2,41812,Chaoborus,"",eukaryota,false,,,,,,,,,,,,,,,,0.10855752452368758,1,,,100.0,24.0,10^-4.27491,,,,,[204564],0
204564,1,41812,Chaoborus flavicans,"",eukaryota,false,,,,,,,,,,,,,,,,0.10855752452368758,1,,,100.0,24.0,10^-4.27491,,,,,,0
41707,2,41707,Lawsonia,"",bacteria,false,,,,,,,,,,,,,,,,0.10855752452368758,1,,,83.3,24.0,10^-3.60555,,,,,[29546],0
29546,1,41707,Lawsonia intracellularis,"",bacteria,false,,,,,,,,,,,,,,,,0.10855752452368758,1,,,83.3,24.0,10^-3.60555,,,,,,0
41687,2,41687,Scedosporium,"",eukaryota,false,,,,0.10855752452368758,1,,,90.164,61.0,10^-20.9174,,,,,,,,,,,,,,,,,[563466],1
563466,1,41687,Scedosporium apiospermum,"",eukaryota,false,,,,0.10855752452368758,1,,,90.164,61.0,10^-20.9174,,,,,,,,,,,,,,,,,,1
41275,2,41275,Brevundimonas,"",bacteria,false,,,,0.21711504904737516,2,,,94.7085,62.0,10^-25.7206,,,,,,,,,,,,,,,,,"[1325724, 1312364]",0
1325724,1,41275,Brevundimonas vancanneytii,"",bacteria,false,,,,0.10855752452368758,1,,,92.157,51.0,10^-16.8781,,,,,,,,,,,,,,,,,,0
1312364,1,41275,Brevundimonas albigilva,"",bacteria,false,,,,0.10855752452368758,1,,,97.26,73.0,10^-34.5631,,,,,,,,,,,,,,,,,,0
41247,2,41247,Mycena,"",eukaryota,false,,,,0.4342300980947503,4,,,95.6797,75.75,10^-34.7186,,,,,,0.5427876226184379,5,,,82.86,24.4,10^-3.6298,,,,,"[1978344, 1045383, 1033242, 658473, 230812, 230804, 230801]",0
1978344,1,41247,Mycena inclinata,"",eukaryota,false,,,,0.3256725735710627,3,,,94.2397,75.6667,10^-33.1752,,,,,,,,,,,,,,,,,,0
1045383,1,41247,Mycena rebaudengoi,"",eukaryota,false,,,,,,,,,,,,,,,,0.10855752452368758,1,,,83.3,24.0,10^-3.77728,,,,,,0
1033242,1,41247,Mycena floridula,"",eukaryota,false,,,,,,,,,,,,,,,,0.10855752452368758,1,,,68.0,25.0,10^-4.07779,,,,,,0
658473,1,41247,Mycena chlorophos,"",eukaryota,false,,,,,,,,,,,,,,,,0.10855752452368758,1,,,100.0,25.0,10^-4.03386,,,,,,0
230812,1,41247,Mycena sanguinolenta,"",eukaryota,false,,,,,,,,,,,,,,,,0.10855752452368758,1,,,76.0,25.0,10^-3.07831,,,,,,0
230804,1,41247,Mycena capillaripes,"",eukaryota,false,,,,,,,,,,,,,,,,0.10855752452368758,1,,,87.0,23.0,10^-3.18177,,,,,,0
230801,1,41247,Mycena polygramma,"",eukaryota,false,,,,0.10855752452368758,1,,,100.0,76.0,10^-39.3489,,,,,,,,,,,,,,,,,,0
41201,2,41201,Ewingella,"",bacteria,false,,,,,,,,,,,,,,,,0.10855752452368758,1,,,100.0,24.0,10^-7.61083,,,,,[41202],0
41202,1,41201,Ewingella americana,"",bacteria,false,,,,,,,,,,,,,,,,0.10855752452368758,1,,,100.0,24.0,10^-7.61083,,,,,,0
41138,2,41138,Coccinella,"",eukaryota,false,,,,0.10855752452368758,1,,,97.368,38.0,10^-12.2026,,,,,,0.21711504904737516,2,,,80.5,23.5,10^-5.12629,,,,,[41139],0
41139,1,41138,Coccinella septempunctata,seven-spotted ladybird,eukaryota,false,,,,0.10855752452368758,1,,,97.368,38.0,10^-12.2026,,,,,,0.21711504904737516,2,,,80.5,23.5,10^-5.12629,,,,,,0
41125,2,41125,Chrysolina,"",eukaryota,false,,,,0.5427876226184379,5,,,91.6534,54.8,10^-18.3719,,,,,,,,,,,,,,,,,"[1587174, 75519]",0
1587174,1,41125,Chrysolina oricalcia,"",eukaryota,false,,,,0.3256725735710627,3,,,92.1093,44.3333,10^-12.8278,,,,,,,,,,,,,,,,,,0
75519,1,41125,Chrysolina haemoptera,"",eukaryota,false,,,,0.21711504904737516,2,,,90.9695,70.5,10^-26.688,,,,,,,,,,,,,,,,,,0
41106,2,41106,Dorcus,"",eukaryota,false,,,,0.3256725735710627,3,,,90.45,57.0,10^-18.6795,,,,,,,,,,,,,,,,,[41107],0
41107,1,41106,Dorcus parallelipipedus,lesser stag beetle,eukaryota,false,,,,0.3256725735710627,3,,,90.45,57.0,10^-18.6795,,,,,,,,,,,,,,,,,,0
41100,2,41100,Rhagonycha,"",eukaryota,false,,,,0.10855752452368758,1,,,94.444,36.0,10^-9.48129,,,,,,,,,,,,,,,,,[41101],0
41101,1,41100,Rhagonycha fulva,"",eukaryota,false,,,,0.10855752452368758,1,,,94.444,36.0,10^-9.48129,,,,,,,,,,,,,,,,,,0
41098,2,41098,Cantharis,"",eukaryota,false,,,,0.5427876226184379,5,,,89.129,45.6,10^-11.033,,,,,,,,,,,,,,,,,"[1553174, 195172]",0
1553174,1,41098,Cantharis nigra,"",eukaryota,false,,,,0.3256725735710627,3,,,87.0097,50.0,10^-11.6333,,,,,,,,,,,,,,,,,,0
195172,1,41098,Cantharis rustica,"",eukaryota,false,,,,0.21711504904737516,2,,,92.308,39.0,10^-10.1327,,,,,,,,,,,,,,,,,,0
41091,2,41091,Lagria,"",eukaryota,false,,,,0.10855752452368758,1,,,91.892,37.0,10^-8.78321,,,,,,,,,,,,,,,,,[296003],0
296003,1,41091,Lagria hirta,"",eukaryota,false,,,,0.10855752452368758,1,,,91.892,37.0,10^-8.78321,,,,,,,,,,,,,,,,,,0
41080,2,41080,Agonum,"",eukaryota,false,,,,0.3256725735710627,3,,,92.2973,43.6667,10^-12.8307,,,,,,,,,,,,,,,,,[1553040],0
1553040,1,41080,Agonum fuliginosum,"",eukaryota,false,,,,0.3256725735710627,3,,,92.2973,43.6667,10^-12.8307,,,,,,,,,,,,,,,,,,0
41078,2,41078,Pterostichus,"",eukaryota,false,,,,0.8684601961895007,8,,,93.5984,49.375,10^-16.3055,,,,,,,,,,,,,,,,,[106386],0
106386,1,41078,Pterostichus niger,"",eukaryota,false,,,,0.8684601961895007,8,,,93.5984,49.375,10^-16.3055,,,,,,,,,,,,,,,,,,0
41076,2,41076,Harpalus,"",eukaryota,false,,,,0.4342300980947503,4,,,85.9313,48.5,10^-9.02472,,,,,,,,,,,,,,,,,[247442],0
247442,1,41076,Harpalus rufipes,"",eukaryota,false,,,,0.4342300980947503,4,,,85.9313,48.5,10^-9.02472,,,,,,,,,,,,,,,,,,0
41069,2,41069,Capitulum,"",eukaryota,false,,,,0.8684601961895007,8,,,86.5456,110.75,10^-20.3872,,,,,,,,,,,,,,,,,[41070],0
41070,1,41069,Capitulum mitella,"",eukaryota,false,,,,0.8684601961895007,8,,,86.5456,110.75,10^-20.3872,,,,,,,,,,,,,,,,,,0
41026,2,41026,Micropterix,"",eukaryota,false,,,,0.759902671665813,7,,,91.6427,59.5714,10^-21.1344,,,,,,,,,,,,,,,,,[1042620],0
1042620,1,41026,Micropterix aruncella,"",eukaryota,false,,,,0.759902671665813,7,,,91.6427,59.5714,10^-21.1344,,,,,,,,,,,,,,,,,,0
41013,2,41013,Tinea,"",eukaryota,false,,,,0.10855752452368758,1,,,89.744,39.0,10^-8.76035,,,,,,,,,,,,,,,,,[1101063],0
1101063,1,41013,Tinea semifulvella,"",eukaryota,false,,,,0.10855752452368758,1,,,89.744,39.0,10^-8.76035,,,,,,,,,,,,,,,,,,0
40996,2,40996,Elsinoe,"",eukaryota,false,,,,,,,,,,,,,,,,0.10855752452368758,1,,,87.5,24.0,10^-4.32606,,,,,[40998],0
40998,1,40996,Elsinoe australis,"",eukaryota,false,,,,,,,,,,,,,,,,0.10855752452368758,1,,,87.5,24.0,10^-4.32606,,,,,,0
40931,2,40931,Rhopalosiphum,"",eukaryota,false,,,,0.10855752452368758,1,,,81.69,71.0,10^-18.1067,,,,,,0.10855752452368758,1,,,100.0,25.0,10^-6.48413,,,,,[43146],0
43146,1,40931,Rhopalosiphum maidis,corn leaf aphid,eukaryota,false,,,,0.10855752452368758,1,,,81.69,71.0,10^-18.1067,,,,,,0.10855752452368758,1,,,100.0,25.0,10^-6.48413,,,,,,0
40696,2,40696,Blomia,"",eukaryota,false,,,,,,,,,,,,,,,,0.21711504904737516,2,,,93.75,21.5,10^-3.61165,,,,,[40697],0
40697,1,40696,Blomia tropicalis,"",eukaryota,false,,,,,,,,,,,,,,,,0.21711504904737516,2,,,93.75,21.5,10^-3.61165,,,,,,0
40657,2,40657,Plectosphaerella,"",eukaryota,false,,,,,,,,,,,,,,,,0.10855752452368758,1,,,84.0,25.0,10^-5.20691,,,,,[936078],0
936078,1,40657,Plectosphaerella plurivora,"",eukaryota,false,,,,,,,,,,,,,,,,0.10855752452368758,1,,,84.0,25.0,10^-5.20691,,,,,,0
40628,2,40628,Pseudonectria,"",eukaryota,false,,,,0.10855752452368758,1,,,98.684,76.0,10^-37.9766,,,,,,,,,,,,,,,,,[1053252],0
1053252,1,40628,Pseudonectria buxi,"",eukaryota,false,,,,0.10855752452368758,1,,,98.684,76.0,10^-37.9766,,,,,,,,,,,,,,,,,,0
40466,2,40466,Sparassis,"",eukaryota,false,,,,0.10855752452368758,1,,,92.308,52.0,10^-17.5558,,,,,,,,,,,,,,,,,[139825],0
139825,1,40466,Sparassis crispa,"",eukaryota,false,,,,0.10855752452368758,1,,,92.308,52.0,10^-17.5558,,,,,,,,,,,,,,,,,,0
40463,2,40463,Peniophora,"",eukaryota,false,,,,0.21711504904737516,2,,,98.6665,75.0,10^-37.2962,,,,,,,,,,,,,,,,,[154539],0
154539,1,40463,Peniophora lycii,"",eukaryota,false,,,,0.21711504904737516,2,,,98.6665,75.0,10^-37.2962,,,,,,,,,,,,,,,,,,0
40459,2,40459,Hericium,"",eukaryota,false,,,,,,,,,,,,,,,,0.10855752452368758,1,,,78.3,23.0,10^-3.89963,,,,,[135208],0
135208,1,40459,Hericium alpestre,"",eukaryota,false,,,,,,,,,,,,,,,,0.10855752452368758,1,,,78.3,23.0,10^-3.89963,,,,,,0
40443,2,40443,Gloeophyllum,"",eukaryota,false,,,,,,,,,,,,,,,,0.10855752452368758,1,,,95.7,23.0,10^-7.18977,,,,,[104355],0
104355,1,40443,Gloeophyllum trabeum,"",eukaryota,false,,,,,,,,,,,,,,,,0.10855752452368758,1,,,95.7,23.0,10^-7.18977,,,,,,0
40421,2,40421,Bondarzewia,"",eukaryota,false,,,,0.10855752452368758,1,,,98.667,75.0,10^-37.2961,,,,,,,,,,,,,,,,,[1095465],0
1095465,1,40421,Bondarzewia mesenterica,"",eukaryota,false,,,,0.10855752452368758,1,,,98.667,75.0,10^-37.2961,,,,,,,,,,,,,,,,,,0
40415,2,40415,Antrodia,"",eukaryota,false,,,,,,,,,,,,,,,,0.5427876226184379,5,,,98.36,24.8,10^-6.61696,,,,,[279009],0
279009,1,40415,Antrodia cinnamomea,"",eukaryota,false,,,,,,,,,,,,,,,,0.5427876226184379,5,,,98.36,24.8,10^-6.61696,,,,,,0
40345,2,40345,Strongylus,"",eukaryota,false,,,,,,,,,,,,,,,,0.10855752452368758,1,,,100.0,23.0,10^-4.36957,,,,,[40348],0
40348,1,40345,Strongylus vulgaris,"",eukaryota,false,,,,,,,,,,,,,,,,0.10855752452368758,1,,,100.0,23.0,10^-4.36957,,,,,,0
40323,2,40323,Stenotrophomonas,"",bacteria,false,,,,0.10855752452368758,1,,,98.684,76.0,10^-37.9766,,,,,,,,,,,,,,,,,[40324],1
40324,1,40323,Stenotrophomonas maltophilia,"",bacteria,false,,,,0.10855752452368758,1,,,98.684,76.0,10^-37.9766,,,,,,,,,,,,,,,,,,1
40255,2,40255,Modiolus,horsemussels,eukaryota,false,,,,0.10855752452368758,1,,,93.333,45.0,10^-14.1877,,,,,,,,,,,,,,,,,[2994310],0
2994310,1,40255,Modiolus sp. Th_MT1A,"",eukaryota,false,,,,0.10855752452368758,1,,,93.333,45.0,10^-14.1877,,,,,,,,,,,,,,,,,,0
40144,2,40144,Tricholoma,"",eukaryota,false,,,,0.5427876226184379,5,,,92.5702,60.8,10^-22.4522,,,,,,0.10855752452368758,1,,,100.0,25.0,10^-8.79317,,,,,"[123926, 113603, 40145]",0
123926,1,40144,Tricholoma album,"",eukaryota,false,,,,0.10855752452368758,1,,,96.053,76.0,10^-35.2318,,,,,,,,,,,,,,,,,,0
113603,1,40144,Tricholoma japonicum,"",eukaryota,false,,,,0.21711504904737516,2,,,88.8155,76.0,10^-27.6838,,,,,,,,,,,,,,,,,,0
40145,1,40144,Tricholoma matsutake,"",eukaryota,false,,,,0.21711504904737516,2,,,94.5835,38.0,10^-10.8308,,,,,,0.10855752452368758,1,,,100.0,25.0,10^-8.79317,,,,,,0
40103,2,40103,Agrius,"",eukaryota,false,,,,,,,,,,,,,,,,0.10855752452368758,1,,,79.2,24.0,10^-3.25337,,,,,[55055],0
55055,1,40103,Agrius convolvuli,morning glory sphinx moth,eukaryota,false,,,,,,,,,,,,,,,,0.10855752452368758,1,,,79.2,24.0,10^-3.25337,,,,,,0
40102,2,40102,Pyrgus,"",eukaryota,false,,,,0.21711504904737516,2,,,95.7425,58.5,10^-24.0305,,,,,,0.10855752452368758,1,,,100.0,25.0,10^-7.3439,,,,,[218760],0
218760,1,40102,Pyrgus malvae,grizzled skipper,eukaryota,false,,,,0.21711504904737516,2,,,95.7425,58.5,10^-24.0305,,,,,,0.10855752452368758,1,,,100.0,25.0,10^-7.3439,,,,,,0
40084,2,40084,Diatraea,"",eukaryota,false,,,,0.3256725735710627,3,,,94.275,47.3333,10^-15.3283,,,,,,0.4342300980947503,4,,,89.675,24.25,10^-4.01497,,,,,[40085],0
40085,1,40084,Diatraea saccharalis,sugarcane borer,eukaryota,false,,,,0.3256725735710627,3,,,94.275,47.3333,10^-15.3283,,,,,,0.4342300980947503,4,,,89.675,24.25,10^-4.01497,,,,,,0
39965,2,39965,Hypsizygus,"",eukaryota,false,,,,,,,,,,,,,,,,1.3026902942842509,12,,,88.0183,35.75,10^-12.5518,,,,,[39966],0
39966,1,39965,Hypsizygus marmoreus,"",eukaryota,false,,,,,,,,,,,,,,,,1.3026902942842509,12,,,88.0183,35.75,10^-12.5518,,,,,,0
39757,2,39757,Mayetiola,"",eukaryota,false,,,,,,,,,,,,,,,,0.10855752452368758,1,,,88.0,25.0,10^-3.48149,,,,,[39758],0
39758,1,39757,Mayetiola destructor,Hessian fly,eukaryota,false,,,,,,,,,,,,,,,,0.10855752452368758,1,,,88.0,25.0,10^-3.48149,,,,,,0
39643,2,39643,Sorangium,"",bacteria,false,,,,0.10855752452368758,1,,,100.0,70.0,10^-35.2675,,,,,,,,,,,,,,,,,[56],0
56,1,39643,Sorangium cellulosum,"",bacteria,false,,,,0.10855752452368758,1,,,100.0,70.0,10^-35.2675,,,,,,,,,,,,,,,,,,0
39465,2,39465,Hyphantria,"",eukaryota,false,,,,,,,,,,,,,,,,0.10855752452368758,1,,,91.3,23.0,10^-3.61618,,,,,[39466],0
39466,1,39465,Hyphantria cunea,fall webworm moth,eukaryota,false,,,,,,,,,,,,,,,,0.10855752452368758,1,,,91.3,23.0,10^-3.61618,,,,,,0
39132,2,39132,Allacma,"",eukaryota,false,,,,,,,,,,,,,,,,0.5427876226184379,5,,,95.66,24.2,10^-6.70186,,,,,[39272],0
39272,1,39132,Allacma fusca,"",eukaryota,false,,,,,,,,,,,,,,,,0.5427876226184379,5,,,95.66,24.2,10^-6.70186,,,,,,0
38944,2,38944,Flammulina,"",eukaryota,false,,,,1.1941327697605633,11,,,92.2812,214.636,10^-77.9861,,,,,,,,,,,,,,,,,[38945],0
38945,1,38944,Flammulina velutipes,"",eukaryota,false,,,,1.1941327697605633,11,,,92.2812,214.636,10^-77.9861,,,,,,,,,,,,,,,,,,0
38871,2,38871,Fraxinus,ash trees,eukaryota,false,,,,0.10855752452368758,1,,,92.105,38.0,10^-9.45781,,,,,,,,,,,,,,,,,[56036],0
56036,1,38871,Fraxinus pennsylvanica,"",eukaryota,false,,,,0.10855752452368758,1,,,92.105,38.0,10^-9.45781,,,,,,,,,,,,,,,,,,0
38832,2,38832,Micromonas,"",eukaryota,false,,,,0.21711504904737516,2,,,96.154,39.0,10^-12.1913,,,,,,,,,,,,,,,,,"[296587, 38833]",0
296587,1,38832,Micromonas commoda,"",eukaryota,false,,,,0.10855752452368758,1,,,97.436,39.0,10^-12.8775,,,,,,,,,,,,,,,,,,0
38833,1,38832,Micromonas pusilla,"",eukaryota,false,,,,0.10855752452368758,1,,,94.872,39.0,10^-11.5051,,,,,,,,,,,,,,,,,,0
38797,2,38797,Neolentinus,"",eukaryota,false,,,,0.10855752452368758,1,,,100.0,76.0,10^-39.3489,,,,,,,,,,,,,,,,,[38799],0
38799,1,38797,Neolentinus lepideus,"",eukaryota,false,,,,0.10855752452368758,1,,,100.0,76.0,10^-39.3489,,,,,,,,,,,,,,,,,,0
38118,2,38118,Adelges,"",eukaryota,false,,,,0.10855752452368758,1,,,95.312,64.0,10^-27.0722,,,,,,0.10855752452368758,1,,,91.7,24.0,10^-5.81531,,,,,[133065],0
133065,1,38118,Adelges cooleyi,spruce gall adelgid,eukaryota,false,,,,0.10855752452368758,1,,,95.312,64.0,10^-27.0722,,,,,,0.10855752452368758,1,,,91.7,24.0,10^-5.81531,,,,,,0
37991,2,37991,Xylaria,"",eukaryota,false,,,,0.5427876226184379,5,,,98.8792,72.8,10^-36.0755,,,,,,,,,,,,,,,,,"[363999, 114818, 114810, 37992]",0
363999,1,37991,Xylaria grammica,"",eukaryota,false,,,,0.10855752452368758,1,,,98.684,76.0,10^-37.9766,,,,,,,,,,,,,,,,,,0
114818,1,37991,Xylaria longipes,"",eukaryota,false,,,,0.10855752452368758,1,,,98.361,61.0,10^-27.7793,,,,,,,,,,,,,,,,,,0
114810,1,37991,Xylaria arbuscula,"",eukaryota,false,,,,0.10855752452368758,1,,,100.0,76.0,10^-39.3489,,,,,,,,,,,,,,,,,,0
37992,1,37991,Xylaria hypoxylon,"",eukaryota,false,,,,0.21711504904737516,2,,,98.6755,75.5,10^-37.6363,,,,,,,,,,,,,,,,,,0
37858,2,37858,Ostrea,"",eukaryota,false,,,,,,,,,,,,,,,,0.21711504904737516,2,,,96.0,25.0,10^-7.90608,,,,,[37623],0
37623,1,37858,Ostrea edulis,"",eukaryota,false,,,,,,,,,,,,,,,,0.21711504904737516,2,,,96.0,25.0,10^-7.90608,,,,,,0
37854,2,37854,Saturnia,"",eukaryota,false,,,,0.10855752452368758,1,,,91.304,69.0,10^-26.3534,,,,,,,,,,,,,,,,,[332931],0
332931,1,37854,Saturnia pavonia,emperor moth,eukaryota,false,,,,0.10855752452368758,1,,,91.304,69.0,10^-26.3534,,,,,,,,,,,,,,,,,,0
37852,2,37852,Aphidius,"",eukaryota,false,,,,0.10855752452368758,1,,,90.909,44.0,10^-12.1389,,,,,,0.6513451471421254,6,,,97.3,24.8333,10^-6.52764,,,,,[684658],0
684658,1,37852,Aphidius gifuensis,"",eukaryota,false,,,,0.10855752452368758,1,,,90.909,44.0,10^-12.1389,,,,,,0.6513451471421254,6,,,97.3,24.8333,10^-6.52764,,,,,,0
37847,2,37847,Priapulus,"",eukaryota,false,,,,,,,,,,,,,,,,0.3256725735710627,3,,,92.9667,24.0,10^-5.93219,,,,,[37621],0
37621,1,37847,Priapulus caudatus,"",eukaryota,false,,,,,,,,,,,,,,,,0.3256725735710627,3,,,92.9667,24.0,10^-5.93219,,,,,,0
37818,2,37818,Dendrobium,"",eukaryota,false,,,,,,,,,,,,,,,,0.21711504904737516,2,,,83.75,24.5,10^-4.16032,,,,,"[161865, 94219]",0
161865,1,37818,Dendrobium chrysotoxum,"",eukaryota,false,,,,,,,,,,,,,,,,0.10855752452368758,1,,,87.5,24.0,10^-5.23657,,,,,,0
94219,1,37818,Dendrobium nobile,"",eukaryota,false,,,,,,,,,,,,,,,,0.10855752452368758,1,,,80.0,25.0,10^-3.08407,,,,,,0
37533,2,37533,Haliclystus,"",eukaryota,false,,,,0.21711504904737516,2,,,96.0155,38.0,10^-11.5165,,,,,,,,,,,,,,,,,[313498],0
313498,1,37533,Haliclystus octoradiatus,"",eukaryota,false,,,,0.21711504904737516,2,,,96.0155,38.0,10^-11.5165,,,,,,,,,,,,,,,,,,0
37463,2,37463,Phoma,"",eukaryota,false,,,,0.10855752452368758,1,,,98.684,76.0,10^-37.9766,,,,,,,,,,,,,,,,,[1751654],0
1751654,1,37463,Phoma sp. 9RF1,"",eukaryota,false,,,,0.10855752452368758,1,,,98.684,76.0,10^-37.9766,,,,,,,,,,,,,,,,,,0
37343,2,37343,Athalia,"",eukaryota,false,,,,0.10855752452368758,1,,,89.062,64.0,10^-21.5828,,,,,,0.6513451471421254,6,,,91.95,24.6667,10^-5.81354,,,,,[37344],0
37344,1,37343,Athalia rosae,coleseed sawfly,eukaryota,false,,,,0.10855752452368758,1,,,89.062,64.0,10^-21.5828,,,,,,0.6513451471421254,6,,,91.95,24.6667,10^-5.81354,,,,,,0
37314,2,37314,Lepiota,"",eukaryota,false,,,,0.10855752452368758,1,,,96.875,64.0,10^-28.4446,,,,,,,,,,,,,,,,,[1916367],0
1916367,1,37314,Lepiota sp.,"",eukaryota,false,,,,0.10855752452368758,1,,,96.875,64.0,10^-28.4446,,,,,,,,,,,,,,,,,,0
36986,2,36986,Coptotermes,"",eukaryota,false,,,,,,,,,,,,,,,,0.4342300980947503,4,,,99.0,24.75,10^-7.81606,,,,,[36987],0
36987,1,36986,Coptotermes formosanus,Formosan subterranean termite,eukaryota,false,,,,,,,,,,,,,,,,0.4342300980947503,4,,,99.0,24.75,10^-7.81606,,,,,,0
36910,2,36910,Clavispora,"",eukaryota,false,,,,0.10855752452368758,1,,,97.222,36.0,10^-10.8537,,,,,,,,,,,,,,,,,[36911],1
36911,1,36910,Clavispora lusitaniae,"",eukaryota,false,,,,0.10855752452368758,1,,,97.222,36.0,10^-10.8537,,,,,,,,,,,,,,,,,,1
36658,2,36658,Volvariella,"",eukaryota,false,,,,0.3256725735710627,3,,,98.6667,67.0,10^-31.8634,,,,,,,,,,,,,,,,,"[908347, 36659]",0
908347,1,36658,Volvariella surrecta,"",eukaryota,false,,,,0.21711504904737516,2,,,98.0,62.5,10^-28.1207,,,,,,,,,,,,,,,,,,0
36659,1,36658,Volvariella volvacea,"",eukaryota,false,,,,0.10855752452368758,1,,,100.0,76.0,10^-39.3489,,,,,,,,,,,,,,,,,,0
36136,2,36136,Pollicipes,"",eukaryota,false,,,,0.3256725735710627,3,,,89.6737,60.0,10^-19.7822,,,,,,,,,,,,,,,,,[41117],0
41117,1,36136,Pollicipes pollicipes,"",eukaryota,false,,,,0.3256725735710627,3,,,89.6737,60.0,10^-19.7822,,,,,,,,,,,,,,,,,,0
36086,2,36086,Trichuris,"",eukaryota,false,,,,,,,,,,,,,,,,1.519805343331626,14,,,78.7807,56.2143,10^-20.3308,,,,,"[68888, 36087]",1
68888,1,36086,Trichuris suis,pig whipworm,eukaryota,false,,,,,,,,,,,,,,,,0.3256725735710627,3,,,89.3333,24.3333,10^-4.58433,,,,,,0
36087,1,36086,Trichuris trichiura,human whipworm,eukaryota,false,,,,,,,,,,,,,,,,1.1941327697605633,11,,,75.9027,64.9091,10^-24.6253,,,,,,1
36065,2,36065,Cantharellus,"",eukaryota,false,,,,,,,,,,,,,,,,0.10855752452368758,1,,,87.5,24.0,10^-4.86012,,,,,[104198],0
104198,1,36065,Cantharellus lutescens,"",eukaryota,false,,,,,,,,,,,,,,,,0.10855752452368758,1,,,87.5,24.0,10^-4.86012,,,,,,0
35939,2,35939,Impatiens,"",eukaryota,false,,,,0.10855752452368758,1,,,97.297,37.0,10^-11.528,,,,,,,,,,,,,,,,,[253017],0
253017,1,35939,Impatiens glandulifera,"",eukaryota,false,,,,0.10855752452368758,1,,,97.297,37.0,10^-11.528,,,,,,,,,,,,,,,,,,0
35571,2,35571,Bradysia,"",eukaryota,false,,,,0.8684601961895007,8,,,92.2591,53.25,10^-17.7317,,,,,,5.644991275231754,52,,,96.4731,24.1538,10^-5.80047,,,,,"[1564500, 38358]",0
1564500,1,35571,Bradysia odoriphaga,"",eukaryota,false,,,,,,,,,,,,,,,,2.4968230640448144,23,,,95.8261,24.0435,10^-5.4327,,,,,,0
38358,1,35571,Bradysia coprophila,"",eukaryota,false,,,,0.8684601961895007,8,,,92.2591,53.25,10^-17.7317,,,,,,3.1481682111869396,29,,,96.9862,24.2414,10^-6.09215,,,,,,0
35569,2,35569,Stomoxys,"",eukaryota,false,,,,0.4342300980947503,4,,,90.0945,66.5,10^-22.9531,,,,,,1.1941327697605633,11,,,96.9273,24.0909,10^-6.35136,,,,,[35570],0
35570,1,35569,Stomoxys calcitrans,stable fly,eukaryota,false,,,,0.4342300980947503,4,,,90.0945,66.5,10^-22.9531,,,,,,1.1941327697605633,11,,,96.9273,24.0909,10^-6.35136,,,,,,0
34717,2,34717,Trachymyrmex,"",eukaryota,false,,,,0.10855752452368758,1,,,88.158,76.0,10^-26.9976,,,,,,1.0855752452368759,10,,,91.63,24.0,10^-5.14962,,,,,"[471704, 64791, 34720]",0
471704,1,34717,Trachymyrmex cornetzi,"",eukaryota,false,,,,,,,,,,,,,,,,0.3256725735710627,3,,,76.2667,23.6667,10^-3.725,,,,,,0
64791,1,34717,Trachymyrmex zeteki,"",eukaryota,false,,,,,,,,,,,,,,,,0.21711504904737516,2,,,100.0,24.0,10^-5.47289,,,,,,0
34720,1,34717,Trachymyrmex septentrionalis,"",eukaryota,false,,,,0.10855752452368758,1,,,88.158,76.0,10^-26.9976,,,,,,0.5427876226184379,5,,,97.5,24.2,10^-5.87509,,,,,,0
34699,2,34699,Cyphomyrmex,"",eukaryota,false,,,,0.10855752452368758,1,,,94.595,37.0,10^-10.1556,,,,,,0.3256725735710627,3,,,93.3333,25.0,10^-4.4,,,,,[456900],0
456900,1,34699,Cyphomyrmex costatus,"",eukaryota,false,,,,0.10855752452368758,1,,,94.595,37.0,10^-10.1556,,,,,,0.3256725735710627,3,,,93.3333,25.0,10^-4.4,,,,,,0
34681,2,34681,Syritta,"",eukaryota,false,,,,0.5427876226184379,5,,,89.1526,60.8,10^-19.9666,,,,,,,,,,,,,,,,,[34682],0
34682,1,34681,Syritta pipiens,"",eukaryota,false,,,,0.5427876226184379,5,,,89.1526,60.8,10^-19.9666,,,,,,,,,,,,,,,,,,0
34630,2,34630,Rhipicephalus,"",eukaryota,false,,,,0.21711504904737516,2,,,84.878,73.5,10^-22.5522,,,,,,0.3256725735710627,3,,,97.3333,24.6667,10^-6.56246,,,,,"[34632, 6941]",0
34632,1,34630,Rhipicephalus sanguineus,brown dog tick,eukaryota,false,,,,0.21711504904737516,2,,,84.878,73.5,10^-22.5522,,,,,,0.21711504904737516,2,,,96.0,24.5,10^-5.44165,,,,,,0
6941,1,34630,Rhipicephalus microplus,southern cattle tick,eukaryota,false,,,,,,,,,,,,,,,,0.10855752452368758,1,,,100.0,25.0,10^-8.8041,,,,,,0
34622,2,34622,Haemaphysalis,"",eukaryota,false,,,,0.10855752452368758,1,,,92.857,56.0,10^-20.2684,,,,,,,,,,,,,,,,,[181088],0
181088,1,34622,Haemaphysalis flava,"",eukaryota,false,,,,0.10855752452368758,1,,,92.857,56.0,10^-20.2684,,,,,,,,,,,,,,,,,,0
34619,2,34619,Dermacentor,"",eukaryota,false,,,,0.21711504904737516,2,,,86.7345,67.0,10^-20.8798,,,,,,0.4342300980947503,4,,,85.4,24.25,10^-5.69847,,,,,"[543639, 34620]",0
543639,1,34619,Dermacentor silvarum,"",eukaryota,false,,,,0.21711504904737516,2,,,86.7345,67.0,10^-20.8798,,,,,,0.10855752452368758,1,,,70.8,24.0,10^-3.49485,,,,,,0
34620,1,34619,Dermacentor andersoni,"",eukaryota,false,,,,,,,,,,,,,,,,0.3256725735710627,3,,,90.2667,24.3333,10^-6.43301,,,,,,0
34509,2,34509,Heterodera,"",eukaryota,false,,,,0.10855752452368758,1,,,80.769,52.0,10^-9.32159,,,,,,0.10855752452368758,1,,,95.8,24.0,10^-7.72816,,,,,"[157847, 51029]",0
157847,1,34509,Heterodera carotae,"",eukaryota,false,,,,,,,,,,,,,,,,0.10855752452368758,1,,,95.8,24.0,10^-7.72816,,,,,,0
51029,1,34509,Heterodera glycines,soybean cyst nematode,eukaryota,false,,,,0.10855752452368758,1,,,80.769,52.0,10^-9.32159,,,,,,,,,,,,,,,,,,0
34507,2,34507,Steinernema,"",eukaryota,false,,,,,,,,,,,,,,,,0.10855752452368758,1,,,100.0,25.0,10^-5.53018,,,,,[289476],0
289476,1,34507,Steinernema hermaphroditum,"",eukaryota,false,,,,,,,,,,,,,,,,0.10855752452368758,1,,,100.0,25.0,10^-5.53018,,,,,,0
34487,2,34487,Conidiobolus,"",eukaryota,false,,,,0.21711504904737516,2,,,100.0,76.0,10^-39.3489,,,,,,0.10855752452368758,1,,,88.0,25.0,10^-5.11862,,,,,[34488],1
34488,1,34487,Conidiobolus coronatus,"",eukaryota,false,,,,0.21711504904737516,2,,,100.0,76.0,10^-39.3489,,,,,,0.10855752452368758,1,,,88.0,25.0,10^-5.11862,,,,,,1
34484,2,34484,Entomophthora,"",eukaryota,false,,,,0.10855752452368758,1,,,89.394,66.0,10^-22.9418,,,,,,0.10855752452368758,1,,,80.0,25.0,10^-4.33819,,,,,[34485],0
34485,1,34484,Entomophthora muscae,"",eukaryota,false,,,,0.10855752452368758,1,,,89.394,66.0,10^-22.9418,,,,,,0.10855752452368758,1,,,80.0,25.0,10^-4.33819,,,,,,0
34453,2,34453,Hebeloma,"",eukaryota,false,,,,0.10855752452368758,1,,,93.421,76.0,10^-32.4871,,,,,,0.4342300980947503,4,,,93.35,22.5,10^-6.62912,,,,,"[76867, 34454]",0
76867,1,34453,Hebeloma cylindrosporum,"",eukaryota,false,,,,,,,,,,,,,,,,0.4342300980947503,4,,,93.35,22.5,10^-6.62912,,,,,,0
34454,1,34453,Hebeloma crustuliniforme,"",eukaryota,false,,,,0.10855752452368758,1,,,93.421,76.0,10^-32.4871,,,,,,,,,,,,,,,,,,0
34451,2,34451,Cortinarius,"",eukaryota,false,,,,0.10855752452368758,1,,,100.0,76.0,10^-39.3489,,,,,,,,,,,,,,,,,[304759],0
304759,1,34451,Cortinarius sanguineus,"",eukaryota,false,,,,0.10855752452368758,1,,,100.0,76.0,10^-39.3489,,,,,,,,,,,,,,,,,,0
34448,2,34448,Marasmius,"",eukaryota,false,,,,1.3026902942842509,12,,,98.5673,75.6667,10^-37.6354,,,,,,,,,,,,,,,,,"[1748490, 707254, 700783, 700782, 585013, 230799, 181124]",0
1748490,1,34448,Marasmius spegazzinii,"",eukaryota,false,,,,0.10855752452368758,1,,,100.0,76.0,10^-39.3489,,,,,,,,,,,,,,,,,,0
707254,1,34448,Marasmius graminicola,"",eukaryota,false,,,,0.10855752452368758,1,,,100.0,76.0,10^-39.3489,,,,,,,,,,,,,,,,,,0
700783,1,34448,Marasmius wynneae,"",eukaryota,false,,,,0.10855752452368758,1,,,97.333,75.0,10^-35.9238,,,,,,,,,,,,,,,,,,0
700782,1,34448,Marasmius nivicola,"",eukaryota,false,,,,0.10855752452368758,1,,,100.0,75.0,10^-38.6685,,,,,,,,,,,,,,,,,,0
585013,1,34448,Marasmius crinis-equi,"",eukaryota,false,,,,0.10855752452368758,1,,,98.667,75.0,10^-37.2961,,,,,,,,,,,,,,,,,,0
230799,1,34448,Marasmius epiphyllus,"",eukaryota,false,,,,0.10855752452368758,1,,,100.0,76.0,10^-39.3489,,,,,,,,,,,,,,,,,,0
181124,1,34448,Marasmius oreades,"",eukaryota,false,,,,0.6513451471421254,6,,,97.8012,75.8333,10^-36.9482,,,,,,,,,,,,,,,,,,0
34446,2,34446,Crinipellis,"",eukaryota,false,,,,0.10855752452368758,1,,,97.297,74.0,10^-35.2434,,,,,,,,,,,,,,,,,[230788],0
230788,1,34446,Crinipellis scabella,"",eukaryota,false,,,,0.10855752452368758,1,,,97.297,74.0,10^-35.2434,,,,,,,,,,,,,,,,,,0
34444,2,34444,Lactarius,"",eukaryota,false,,,,0.10855752452368758,1,,,97.333,75.0,10^-35.9238,,,,,,0.3256725735710627,3,,,88.3,22.6667,10^-4.5609,,,,,"[326039, 222702]",0
326039,1,34444,Lactarius evosmus,"",eukaryota,false,,,,0.10855752452368758,1,,,97.333,75.0,10^-35.9238,,,,,,,,,,,,,,,,,,0
222702,1,34444,Lactarius indigo,"",eukaryota,false,,,,,,,,,,,,,,,,0.3256725735710627,3,,,88.3,22.6667,10^-4.5609,,,,,,0
34433,2,34433,Leucoagaricus,"",eukaryota,false,,,,0.10855752452368758,1,,,100.0,75.0,10^-38.6685,,,,,,,,,,,,,,,,,[201220],0
201220,1,34433,Leucoagaricus nympharum,"",eukaryota,false,,,,0.10855752452368758,1,,,100.0,75.0,10^-38.6685,,,,,,,,,,,,,,,,,,0
34392,2,34392,Microsporum,"",eukaryota,false,,,,0.10855752452368758,1,,,86.538,52.0,10^-13.4387,,,,,,,,,,,,,,,,,[63405],0
63405,1,34392,Microsporum canis,"",eukaryota,false,,,,0.10855752452368758,1,,,86.538,52.0,10^-13.4387,,,,,,,,,,,,,,,,,,0
34111,2,34111,Monoraphidium,"",eukaryota,false,,,,,,,,,,,,,,,,0.10855752452368758,1,,,100.0,25.0,10^-7.91009,,,,,[145388],0
145388,1,34111,Monoraphidium neglectum,"",eukaryota,false,,,,,,,,,,,,,,,,0.10855752452368758,1,,,100.0,25.0,10^-7.91009,,,,,,0
34037,2,34037,Rahnella,"",bacteria,false,,,,,,,,,,,,,,,,0.10855752452368758,1,,,87.0,23.0,10^-5.94692,,,,,[1805933],0
1805933,1,34037,Rahnella sikkimica,"",bacteria,false,,,,,,,,,,,,,,,,0.10855752452368758,1,,,87.0,23.0,10^-5.94692,,,,,,0
34019,2,34019,Liberibacter,"",bacteria,false,,,,,,,,,,,,,,,,0.21711504904737516,2,,,87.5,24.0,10^-5.11438,,,,,[34021],0
34021,1,34019,Candidatus Liberibacter asiaticus,"",bacteria,false,,,,,,,,,,,,,,,,0.21711504904737516,2,,,87.5,24.0,10^-5.11438,,,,,,0
34000,2,34000,Acidomonas,"",bacteria,false,,,,0.10855752452368758,1,,,94.737,76.0,10^-33.8595,,,,,,,,,,,,,,,,,[437],0
437,1,34000,Acidomonas methanolica,"",bacteria,false,,,,0.10855752452368758,1,,,94.737,76.0,10^-33.8595,,,,,,,,,,,,,,,,,,0
33882,2,33882,Microbacterium,"",bacteria,false,,,,0.4342300980947503,4,,,98.9865,75.5,10^-37.9795,,,,,,,,,,,,,,,,,"[2864103, 273678, 199592]",0
2864103,1,33882,Microbacterium sp. Se5.02b,"",bacteria,false,,,,0.10855752452368758,1,,,100.0,76.0,10^-39.3489,,,,,,,,,,,,,,,,,,0
273678,1,33882,Microbacterium hydrocarbonoxydans,"",bacteria,false,,,,0.10855752452368758,1,,,100.0,76.0,10^-39.3489,,,,,,,,,,,,,,,,,,0
199592,1,33882,Microbacterium paraoxydans,"",bacteria,false,,,,0.21711504904737516,2,,,97.973,75.0,10^-36.61,,,,,,,,,,,,,,,,,,0
33465,2,33465,Yponomeuta,European small ermine moth,eukaryota,false,,,,0.6513451471421254,6,,,91.8998,56.0,10^-19.3811,,,,,,,,,,,,,,,,,"[2567736, 1594356, 263933, 33466]",0
2567736,1,33465,Yponomeuta cagnagella,spindle ermine moth,eukaryota,false,,,,0.21711504904737516,2,,,95.395,57.0,10^-23.031,,,,,,,,,,,,,,,,,,0
1594356,1,33465,Yponomeuta plumbellus,"",eukaryota,false,,,,0.10855752452368758,1,,,90.789,76.0,10^-29.7423,,,,,,,,,,,,,,,,,,0
263933,1,33465,Yponomeuta sedellus,"",eukaryota,false,,,,0.10855752452368758,1,,,86.486,74.0,10^-24.2644,,,,,,,,,,,,,,,,,,0
33466,1,33465,Yponomeuta malinellus,apple ermine moth,eukaryota,false,,,,0.21711504904737516,2,,,91.667,36.0,10^-8.10892,,,,,,,,,,,,,,,,,,0
33452,2,33452,Dryas,"",eukaryota,false,,,,,,,,,,,,,,,,0.10855752452368758,1,,,100.0,25.0,10^-8.53165,,,,,[33453],0
33453,1,33452,Dryas iulia,julia butterfly,eukaryota,false,,,,,,,,,,,,,,,,0.10855752452368758,1,,,100.0,25.0,10^-8.53165,,,,,,0
33416,2,33416,Heliconius,"",eukaryota,false,,,,0.10855752452368758,1,,,92.105,38.0,10^-9.45781,,,,,,0.21711504904737516,2,,,100.0,24.5,10^-7.51475,,,,,"[34740, 33443]",0
34740,1,33416,Heliconius melpomene,postman butterfly,eukaryota,false,,,,,,,,,,,,,,,,0.21711504904737516,2,,,100.0,24.5,10^-7.51475,,,,,,0
33443,1,33416,Heliconius sara,"",eukaryota,false,,,,0.10855752452368758,1,,,92.105,38.0,10^-9.45781,,,,,,,,,,,,,,,,,,0
33411,2,33411,Zerene,"",eukaryota,false,,,,0.3256725735710627,3,,,88.119,66.3333,10^-21.3442,,,,,,0.21711504904737516,2,,,91.5,23.5,10^-5.11773,,,,,[33412],0
33412,1,33411,Zerene cesonia,dogface butterfly,eukaryota,false,,,,0.3256725735710627,3,,,88.119,66.3333,10^-21.3442,,,,,,0.21711504904737516,2,,,91.5,23.5,10^-5.11773,,,,,,0
33393,2,33393,Holotrichia,"",eukaryota,false,,,,,,,,,,,,,,,,1.6283628678553137,15,,,98.08,24.2667,10^-5.93849,,,,,[644536],0
644536,1,33393,Holotrichia oblita,"",eukaryota,false,,,,,,,,,,,,,,,,1.6283628678553137,15,,,98.08,24.2667,10^-5.93849,,,,,,0
33196,2,33196,Botrytis,"",eukaryota,false,,,,,,,,,,,,,,,,0.10855752452368758,1,,,84.0,25.0,10^-7.49485,,,,,[1463999],0
1463999,1,33196,Botrytis sinoallii,"",eukaryota,false,,,,,,,,,,,,,,,,0.10855752452368758,1,,,84.0,25.0,10^-7.49485,,,,,,0
33194,2,33194,Bipolaris,"",eukaryota,false,,,,,,,,,,,,,,,,0.21711504904737516,2,,,97.9,24.0,10^-7.12542,,,,,[5016],0
5016,1,33194,Bipolaris maydis,southern corn leaf blight pathogen,eukaryota,false,,,,,,,,,,,,,,,,0.21711504904737516,2,,,97.9,24.0,10^-7.12542,,,,,,0
33170,2,33170,Eremothecium,"",eukaryota,false,,,,0.10855752452368758,1,,,100.0,76.0,10^-39.3489,,,,,,,,,,,,,,,,,[33169],0
33169,1,33170,Eremothecium gossypii,"",eukaryota,false,,,,0.10855752452368758,1,,,100.0,76.0,10^-39.3489,,,,,,,,,,,,,,,,,,0
33057,2,33057,Thauera,"",bacteria,false,,,,0.10855752452368758,1,,,95.0,40.0,10^-12.1803,,,,,,,,,,,,,,,,,[1134435],0
1134435,1,33057,Thauera humireducens,"",bacteria,false,,,,0.10855752452368758,1,,,95.0,40.0,10^-12.1803,,,,,,,,,,,,,,,,,,0
33055,2,33055,Candidatus Kinetoplastibacterium,"",bacteria,false,,,,0.6513451471421254,6,,,99.108,75.5,10^-38.0938,,,,,,0.21711504904737516,2,,,97.9,24.5,10^-5.80869,,,,,"[994695, 233181]",0
994695,1,33055,Candidatus Kinetoplastibacterium galatii,"",bacteria,false,,,,0.4342300980947503,4,,,98.662,75.25,10^-37.4663,,,,,,0.21711504904737516,2,,,97.9,24.5,10^-5.80869,,,,,,0
233181,1,33055,Candidatus Kinetoplastibacterium blastocrithidii,"",bacteria,false,,,,0.21711504904737516,2,,,100.0,76.0,10^-39.3489,,,,,,,,,,,,,,,,,,0
32404,2,32404,Gasteruption,"",eukaryota,false,,,,0.6513451471421254,6,,,93.1567,45.8333,10^-14.3105,,,,,,,,,,,,,,,,,[2718756],0
2718756,1,32404,Gasteruption jaculator,"",eukaryota,false,,,,0.6513451471421254,6,,,93.1567,45.8333,10^-14.3105,,,,,,,,,,,,,,,,,,0
32399,2,32399,Encarsia,"",eukaryota,false,,,,,,,,,,,,,,,,0.10855752452368758,1,,,95.8,24.0,10^-4.93181,,,,,[32400],0
32400,1,32399,Encarsia formosa,"",eukaryota,false,,,,,,,,,,,,,,,,0.10855752452368758,1,,,95.8,24.0,10^-4.93181,,,,,,0
32390,2,32390,Cotesia,"",eukaryota,false,,,,0.3256725735710627,3,,,91.5887,55.6667,10^-18.2306,,,,,,1.519805343331626,14,,,92.7857,24.5714,10^-5.64616,,,,,"[2053667, 89804, 51543, 32391]",0
2053667,1,32390,Cotesia typhae,"",eukaryota,false,,,,,,,,,,,,,,,,0.21711504904737516,2,,,97.85,24.0,10^-5.02853,,,,,,0
89804,1,32390,Cotesia chilonis,"",eukaryota,false,,,,0.10855752452368758,1,,,87.013,77.0,10^-26.3057,,,,,,0.10855752452368758,1,,,100.0,25.0,10^-6.33724,,,,,,0
51543,1,32390,Cotesia congregata,"",eukaryota,false,,,,,,,,,,,,,,,,0.5427876226184379,5,,,89.46,24.4,10^-5.90015,,,,,,0
32391,1,32390,Cotesia glomerata,"",eukaryota,false,,,,0.21711504904737516,2,,,93.8765,45.0,10^-14.193,,,,,,0.6513451471421254,6,,,92.6667,24.8333,10^-5.52521,,,,,,0
32263,2,32263,Tetranychus,"",eukaryota,false,,,,0.3256725735710627,3,,,89.728,71.3333,10^-26.1107,,,,,,0.4342300980947503,4,,,97.0,24.75,10^-5.54705,,,,,"[178897, 32264]",0
178897,1,32263,Tetranychus evansi,red spider mite,eukaryota,false,,,,0.10855752452368758,1,,,88.406,69.0,10^-23.6086,,,,,,,,,,,,,,,,,,0
32264,1,32263,Tetranychus urticae,two-spotted spider mite,eukaryota,false,,,,0.21711504904737516,2,,,90.389,72.5,10^-27.3617,,,,,,0.4342300980947503,4,,,97.0,24.75,10^-5.54705,,,,,,0
32012,2,32012,Thiomonas,"",bacteria,false,,,,,,,,,,,,,,,,0.10855752452368758,1,,,79.2,24.0,10^-4.64782,,,,,[554131],0
554131,1,32012,Thiomonas sp. CB2,"",bacteria,false,,,,,,,,,,,,,,,,0.10855752452368758,1,,,79.2,24.0,10^-4.64782,,,,,,0
32008,2,32008,Burkholderia,"",bacteria,false,,,,,,,,,,,,,,,,0.4342300980947503,4,,,94.25,21.75,10^-4.78699,,,,,"[1542965, 87883]",0
1542965,1,32008,Burkholderia sp. MSHR3999,"",bacteria,false,,,,,,,,,,,,,,,,0.3256725735710627,3,,,95.5,22.0,10^-5.11645,,,,,,0
87883,1,32008,Burkholderia multivorans,"",bacteria,false,,,,,,,,,,,,,,,,0.10855752452368758,1,,,90.5,21.0,10^-3.7986,,,,,,0
30137,2,30137,Macrosteles,"",eukaryota,false,,,,0.10855752452368758,1,,,79.71,69.0,10^-15.3744,,,,,,1.1941327697605633,11,,,95.9636,23.8182,10^-5.51531,,,,,[74068],0
74068,1,30137,Macrosteles quadrilineatus,aster leafhopper,eukaryota,false,,,,0.10855752452368758,1,,,79.71,69.0,10^-15.3744,,,,,,1.1941327697605633,11,,,95.9636,23.8182,10^-5.51531,,,,,,0
30079,2,30079,Cimex,"",eukaryota,false,,,,0.10855752452368758,1,,,85.965,57.0,10^-15.4574,,,,,,0.21711504904737516,2,,,95.85,24.0,10^-5.13204,,,,,[79782],0
79782,1,30079,Cimex lectularius,bed bug,eukaryota,false,,,,0.10855752452368758,1,,,85.965,57.0,10^-15.4574,,,,,,0.21711504904737516,2,,,95.85,24.0,10^-5.13204,,,,,,0
29907,2,29907,Sporothrix,"",eukaryota,false,,,,0.5427876226184379,5,,,92.0952,40.4,10^-10.8037,,,,,,,,,,,,,,,,,"[545650, 29908]",1
545650,1,29907,Sporothrix brasiliensis,"",eukaryota,false,,,,0.4342300980947503,4,,,92.5,40.0,10^-10.8079,,,,,,,,,,,,,,,,,,0
29908,1,29907,Sporothrix schenckii,"",eukaryota,false,,,,0.10855752452368758,1,,,90.476,42.0,10^-10.7867,,,,,,,,,,,,,,,,,,1
29888,2,29888,Calocera,"",eukaryota,false,,,,,,,,,,,,,,,,0.10855752452368758,1,,,95.8,24.0,10^-8.41454,,,,,[63146],0
63146,1,29888,Calocera viscosa,"",eukaryota,false,,,,,,,,,,,,,,,,0.10855752452368758,1,,,95.8,24.0,10^-8.41454,,,,,,0
29580,2,29580,Janthinobacterium,"",bacteria,false,,,,0.10855752452368758,1,,,100.0,76.0,10^-39.3489,,,,,,,,,,,,,,,,,[29581],0
29581,1,29580,Janthinobacterium lividum,"",bacteria,false,,,,0.10855752452368758,1,,,100.0,76.0,10^-39.3489,,,,,,,,,,,,,,,,,,0
29487,2,29487,Photorhabdus,"",bacteria,false,,,,,,,,,,,,,,,,0.10855752452368758,1,,,100.0,21.0,10^-8.89279,,,,,[1004150],0
1004150,1,29487,Photorhabdus khanii,"",bacteria,false,,,,,,,,,,,,,,,,0.10855752452368758,1,,,100.0,21.0,10^-8.89279,,,,,,0
29404,2,29404,Microlunatus,"",bacteria,false,,,,0.21711504904737516,2,,,99.342,76.0,10^-38.6628,,,,,,,,,,,,,,,,,[546874],0
546874,1,29404,Microlunatus sagamiharensis,"",bacteria,false,,,,0.21711504904737516,2,,,99.342,76.0,10^-38.6628,,,,,,,,,,,,,,,,,,0
29169,2,29169,Ancylostoma,"",eukaryota,false,,,,,,,,,,,,,,,,0.21711504904737516,2,,,81.25,24.0,10^-4.80659,,,,,"[53326, 51022]",2
53326,1,29169,Ancylostoma ceylanicum,"",eukaryota,false,,,,,,,,,,,,,,,,0.10855752452368758,1,,,95.8,24.0,10^-6.52433,,,,,,1
51022,1,29169,Ancylostoma duodenale,"",eukaryota,false,,,,,,,,,,,,,,,,0.10855752452368758,1,,,66.7,24.0,10^-3.08884,,,,,,1
29056,2,29056,Ostrinia,"",eukaryota,false,,,,0.10855752452368758,1,,,95.122,41.0,10^-12.8557,,,,,,0.3256725735710627,3,,,98.6,24.3333,10^-6.61036,,,,,"[93504, 29057]",0
93504,1,29056,Ostrinia furnacalis,Asian corn borer,eukaryota,false,,,,0.10855752452368758,1,,,95.122,41.0,10^-12.8557,,,,,,0.21711504904737516,2,,,97.9,24.0,10^-6.16122,,,,,,0
29057,1,29056,Ostrinia nubilalis,European corn borer,eukaryota,false,,,,,,,,,,,,,,,,0.10855752452368758,1,,,100.0,25.0,10^-7.50864,,,,,,0
29054,2,29054,Epinotia,"",eukaryota,false,,,,0.3256725735710627,3,,,84.2093,56.3333,10^-13.1929,,,,,,,,,,,,,,,,,[1594296],0
1594296,1,29054,Epinotia ramella,"",eukaryota,false,,,,0.3256725735710627,3,,,84.2093,56.3333,10^-13.1929,,,,,,,,,,,,,,,,,,0
29052,2,29052,Copidosoma,"",eukaryota,false,,,,0.10855752452368758,1,,,88.71,62.0,10^-20.2242,,,,,,0.10855752452368758,1,,,100.0,25.0,10^-7.70997,,,,,[29053],0
29053,1,29052,Copidosoma floridanum,"",eukaryota,false,,,,0.10855752452368758,1,,,88.71,62.0,10^-20.2242,,,,,,0.10855752452368758,1,,,100.0,25.0,10^-7.70997,,,,,,0
29048,2,29048,Ophion,"",eukaryota,false,,,,1.0855752452368759,10,,,89.4707,48.2,10^-13.0714,,,,,,,,,,,,,,,,,"[2979155, 495356]",0
2979155,1,29048,Ophion slaviceki,"",eukaryota,false,,,,0.5427876226184379,5,,,92.5884,47.0,10^-14.4575,,,,,,,,,,,,,,,,,,0
495356,1,29048,Ophion costatus,"",eukaryota,false,,,,0.5427876226184379,5,,,86.353,49.4,10^-11.6853,,,,,,,,,,,,,,,,,,0
29044,2,29044,Trichomalopsis,"",eukaryota,false,,,,,,,,,,,,,,,,0.10855752452368758,1,,,83.3,24.0,10^-5.28483,,,,,[543379],0
543379,1,29044,Trichomalopsis sarcophagae,"",eukaryota,false,,,,,,,,,,,,,,,,0.10855752452368758,1,,,83.3,24.0,10^-5.28483,,,,,,0
29021,2,29021,Scutigera,"",eukaryota,false,,,,,,,,,,,,,,,,0.10855752452368758,1,,,100.0,25.0,10^-7.43297,,,,,[29022],0
29022,1,29021,Scutigera coleoptrata,house centipede,eukaryota,false,,,,,,,,,,,,,,,,0.10855752452368758,1,,,100.0,25.0,10^-7.43297,,,,,,0
29012,2,29012,Araneus,"",eukaryota,false,,,,,,,,,,,,,,,,40.926186745430215,377,,,43.1964,196.605,10^-44.6693,,,,,[182803],0
182803,1,29012,Araneus ventricosus,"",eukaryota,false,,,,,,,,,,,,,,,,40.926186745430215,377,,,43.1964,196.605,10^-44.6693,,,,,,0
29002,2,29002,Cercospora,"",eukaryota,false,,,,0.3256725735710627,3,,,99.1227,75.6667,10^-38.2072,,,,,,,,,,,,,,,,,[2929575],0
2929575,1,29002,Cercospora sp. J1 LZ-2022,"",eukaryota,false,,,,0.3256725735710627,3,,,99.1227,75.6667,10^-38.2072,,,,,,,,,,,,,,,,,,0
28651,2,28651,Melipona,"",eukaryota,false,,,,,,,,,,,,,,,,0.10855752452368758,1,,,92.0,25.0,10^-5.39362,,,,,[166423],0
166423,1,28651,Melipona quadrifasciata,"",eukaryota,false,,,,,,,,,,,,,,,,0.10855752452368758,1,,,92.0,25.0,10^-5.39362,,,,,,0
28644,2,28644,Eufriesea,"",eukaryota,false,,,,,,,,,,,,,,,,0.6513451471421254,6,,,91.2,24.6667,10^-6.16852,,,,,[516756],0
516756,1,28644,Eufriesea mexicana,"",eukaryota,false,,,,,,,,,,,,,,,,0.6513451471421254,6,,,91.2,24.6667,10^-6.16852,,,,,,0
28641,2,28641,Bombus,bumble bees,eukaryota,false,,,,0.21711504904737516,2,,,90.2295,61.5,10^-20.5832,,,,,,0.3256725735710627,3,,,98.6,24.3333,10^-5.63018,,,,,"[309941, 103933, 85661, 85660, 30195]",0
309941,1,28641,Bombus affinis,"",eukaryota,false,,,,,,,,,,,,,,,,0.10855752452368758,1,,,100.0,25.0,10^-5.65956,,,,,,0
103933,1,28641,Bombus bifarius,"",eukaryota,false,,,,0.10855752452368758,1,,,93.617,47.0,10^-15.5412,,,,,,,,,,,,,,,,,,0
85661,1,28641,Bombus huntii,"",eukaryota,false,,,,,,,,,,,,,,,,0.10855752452368758,1,,,100.0,24.0,10^-4.3279,,,,,,0
85660,1,28641,Bombus hortorum,"",eukaryota,false,,,,0.10855752452368758,1,,,86.842,76.0,10^-25.6252,,,,,,,,,,,,,,,,,,0
30195,1,28641,Bombus terrestris,buff-tailed bumblebee,eukaryota,false,,,,,,,,,,,,,,,,0.10855752452368758,1,,,95.8,24.0,10^-6.90309,,,,,,0
28609,2,28609,Rhagoletis,"",eukaryota,false,,,,0.3256725735710627,3,,,93.94,51.0,10^-17.7986,,,,,,3.1481682111869396,29,,,96.9828,24.4138,10^-6.12074,,,,,"[28612, 28610]",0
28612,1,28609,Rhagoletis zephyria,snowberry fruit fly,eukaryota,false,,,,0.21711504904737516,2,,,95.7485,45.5,10^-15.8996,,,,,,1.0855752452368759,10,,,97.52,24.6,10^-6.40646,,,,,,0
28610,1,28609,Rhagoletis pomonella,apple maggot,eukaryota,false,,,,0.10855752452368758,1,,,90.323,62.0,10^-21.5965,,,,,,2.062592965950064,19,,,96.7,24.3158,10^-5.97036,,,,,,0
28585,2,28585,Anastrepha,"",eukaryota,false,,,,0.8684601961895007,8,,,88.3842,63.125,10^-20.1474,,,,,,2.1711504904737517,20,,,95.01,24.2,10^-5.75657,,,,,"[95519, 95512, 28586]",0
95519,1,28585,Anastrepha sororcula,"",eukaryota,false,,,,,,,,,,,,,,,,0.10855752452368758,1,,,95.8,24.0,10^-8.05306,,,,,,0
95512,1,28585,Anastrepha obliqua,"",eukaryota,false,,,,0.6513451471421254,6,,,87.2162,65.6667,10^-20.6681,,,,,,1.3026902942842509,12,,,94.4833,24.25,10^-5.23634,,,,,,0
28586,1,28585,Anastrepha ludens,Mexican fruit fly,eukaryota,false,,,,0.21711504904737516,2,,,91.8885,55.5,10^-18.5854,,,,,,0.759902671665813,7,,,95.8,24.1429,10^-6.32033,,,,,,0
28070,2,28070,Gloeothece,"",bacteria,false,,,,0.10855752452368758,1,,,98.0,50.0,10^-20.3176,,,,,,,,,,,,,,,,,[2546356],0
2546356,1,28070,Gloeothece citriformis,"",bacteria,false,,,,0.10855752452368758,1,,,98.0,50.0,10^-20.3176,,,,,,,,,,,,,,,,,,0
27977,2,27977,Nosema,"",eukaryota,false,,,,0.10855752452368758,1,,,93.75,48.0,10^-16.2182,,,,,,,,,,,,,,,,,[235220],0
235220,1,27977,Nosema whitei,"",eukaryota,false,,,,0.10855752452368758,1,,,93.75,48.0,10^-16.2182,,,,,,,,,,,,,,,,,,0
27971,2,27971,Enterocytozoon,"",eukaryota,false,,,,,,,,,,,,,,,,0.10855752452368758,1,,,100.0,24.0,10^-6.85387,,,,,[31281],1
31281,1,27971,Enterocytozoon bieneusi,"",eukaryota,false,,,,,,,,,,,,,,,,0.10855752452368758,1,,,100.0,24.0,10^-6.85387,,,,,,1
27847,2,27847,Echinostoma,"",eukaryota,false,,,,,,,,,,,,,,,,0.8684601961895007,8,,,50.0,72.0,10^-14.8268,,,,,[27848],0
27848,1,27847,Echinostoma caproni,"",eukaryota,false,,,,,,,,,,,,,,,,0.8684601961895007,8,,,50.0,72.0,10^-14.8268,,,,,,0
27570,2,27570,Euperipatoides,"",eukaryota,false,,,,,,,,,,,,,,,,0.10855752452368758,1,,,83.3,24.0,10^-4.80134,,,,,[488523],0
488523,1,27570,Euperipatoides kanangrensis,"",eukaryota,false,,,,,,,,,,,,,,,,0.10855752452368758,1,,,83.3,24.0,10^-4.80134,,,,,,0
27552,2,27552,Ctenolepisma,"",eukaryota,false,,,,,,,,,,,,,,,,0.10855752452368758,1,,,95.8,24.0,10^-5.11238,,,,,[27553],0
27553,1,27552,Ctenolepisma lineatum,four-lined silverfish,eukaryota,false,,,,,,,,,,,,,,,,0.10855752452368758,1,,,95.8,24.0,10^-5.11238,,,,,,0
27529,2,27529,Orussus,"",eukaryota,false,,,,0.21711504904737516,2,,,88.7105,75.5,10^-27.3436,,,,,,0.5427876226184379,5,,,96.7,24.6,10^-6.79979,,,,,[222816],0
222816,1,27529,Orussus abietinus,"",eukaryota,false,,,,0.21711504904737516,2,,,88.7105,75.5,10^-27.3436,,,,,,0.5427876226184379,5,,,96.7,24.6,10^-6.79979,,,,,,0
27520,2,27520,Ichneumon,"",eukaryota,false,,,,0.4342300980947503,4,,,91.008,56.0,10^-18.226,,,,,,,,,,,,,,,,,[2795680],0
2795680,1,27520,Ichneumon xanthorius,"",eukaryota,false,,,,0.4342300980947503,4,,,91.008,56.0,10^-18.226,,,,,,,,,,,,,,,,,,0
27518,2,27518,Mesopolobus,"",eukaryota,false,,,,,,,,,,,,,,,,0.21711504904737516,2,,,100.0,24.5,10^-7.35518,,,,,[909779],0
909779,1,27518,Mesopolobus amaenus,"",eukaryota,false,,,,,,,,,,,,,,,,0.21711504904737516,2,,,100.0,24.5,10^-7.35518,,,,,,0
27456,2,27456,Bactrocera,"",eukaryota,false,,,,1.0855752452368759,10,,,89.889,58.3,10^-18.959,,,,,,4.776531079042253,44,,,95.4705,24.3182,10^-5.67617,,,,,"[174628, 104688, 98809, 59916, 27457]",0
174628,1,27456,Bactrocera latifrons,"",eukaryota,false,,,,0.10855752452368758,1,,,85.417,48.0,10^-10.7287,,,,,,0.759902671665813,7,,,93.5571,24.2857,10^-4.75816,,,,,,0
104688,1,27456,Bactrocera oleae,olive fruit fly,eukaryota,false,,,,0.21711504904737516,2,,,92.032,56.0,10^-18.2394,,,,,,1.519805343331626,14,,,97.0429,24.4286,10^-6.36535,,,,,,0
98809,1,27456,Bactrocera neohumeralis,"",eukaryota,false,,,,0.10855752452368758,1,,,84.314,51.0,10^-11.3886,,,,,,0.6513451471421254,6,,,94.95,24.3333,10^-6.62264,,,,,,0
59916,1,27456,Bactrocera tryoni,"",eukaryota,false,,,,0.21711504904737516,2,,,87.925,70.5,10^-23.9437,,,,,,0.8684601961895007,8,,,91.1875,24.125,10^-5.37198,,,,,,0
27457,1,27456,Bactrocera dorsalis,oriental fruit fly,eukaryota,false,,,,0.4342300980947503,4,,,92.3112,57.75,10^-20.7765,,,,,,0.9770177207131882,9,,,98.6667,24.3333,10^-4.95756,,,,,,0
27452,2,27452,Cicindela,"",eukaryota,false,,,,,,,,,,,,,,,,0.10855752452368758,1,,,95.7,23.0,10^-5.12668,,,,,[258668],0
258668,1,27452,Cicindela (Rivacindela) sp. JP-92,"",eukaryota,false,,,,,,,,,,,,,,,,0.10855752452368758,1,,,95.7,23.0,10^-5.12668,,,,,,0
27375,2,27375,Entrophospora,"",eukaryota,false,,,,,,,,,,,,,,,,0.21711504904737516,2,,,100.0,24.5,10^-7.0496,,,,,[2562287],0
2562287,1,27375,Entrophospora sp. SA101,"",eukaryota,false,,,,,,,,,,,,,,,,0.21711504904737516,2,,,100.0,24.5,10^-7.0496,,,,,,0
26378,2,26378,Iris,"",eukaryota,false,,,,,,,,,,,,,,,,0.10855752452368758,1,,,100.0,21.0,10^-3.71444,,,,,[29817],0
29817,1,26378,Iris pallida,"",eukaryota,false,,,,,,,,,,,,,,,,0.10855752452368758,1,,,100.0,21.0,10^-3.71444,,,,,,0
22002,2,22002,Verbena,vervains,eukaryota,false,,,,0.10855752452368758,1,,,97.5,40.0,10^-13.5526,,,,,,,,,,,,,,,,,[79772],0
79772,1,22002,Verbena officinalis,"",eukaryota,false,,,,0.10855752452368758,1,,,97.5,40.0,10^-13.5526,,,,,,,,,,,,,,,,,,0
21634,2,21634,Lithospermum,"",eukaryota,false,,,,,,,,,,,,,,,,0.10855752452368758,1,,,100.0,25.0,10^-9.68825,,,,,[34254],0
34254,1,21634,Lithospermum erythrorhizon,"",eukaryota,false,,,,,,,,,,,,,,,,0.10855752452368758,1,,,100.0,25.0,10^-9.68825,,,,,,0
21019,2,21019,Castanea,"",eukaryota,false,,,,,,,,,,,,,,,,0.10855752452368758,1,,,75.0,24.0,10^-3.34969,,,,,[60419],0
60419,1,21019,Castanea mollissima,Chinese chestnut,eukaryota,false,,,,,,,,,,,,,,,,0.10855752452368758,1,,,75.0,24.0,10^-3.34969,,,,,,0
13817,2,13817,Adiantum,"",eukaryota,false,,,,,,,,,,,,,,,,0.3256725735710627,3,,,76.7667,24.3333,10^-4.53579,,,,,[2759587],0
2759587,1,13817,Adiantum nelumboides,"",eukaryota,false,,,,,,,,,,,,,,,,0.3256725735710627,3,,,76.7667,24.3333,10^-4.53579,,,,,,0
13687,2,13687,Sphingomonas,"",bacteria,false,,,,0.3256725735710627,3,,,98.203,74.0,10^-36.1585,,,,,,0.3256725735710627,3,,,85.7,23.3333,10^-4.318,,,,,"[2862544, 2653171, 1560345, 745310, 399176]",0
2862544,1,13687,Sphingomonas sp. DS-9,"",bacteria,false,,,,0.10855752452368758,1,,,97.333,75.0,10^-35.9238,,,,,,,,,,,,,,,,,,0
2653171,1,13687,Sphingomonas sp. AX6,"",bacteria,false,,,,,,,,,,,,,,,,0.21711504904737516,2,,,87.25,23.5,10^-4.68028,,,,,,0
1560345,1,13687,Sphingomonas panacis,"",bacteria,false,,,,0.10855752452368758,1,,,98.684,76.0,10^-37.9766,,,,,,,,,,,,,,,,,,0
745310,1,13687,Sphingomonas sp. MM-1,"",bacteria,false,,,,,,,,,,,,,,,,0.10855752452368758,1,,,82.6,23.0,10^-3.59346,,,,,,0
399176,1,13687,Sphingomonas sp. R1,"",bacteria,false,,,,0.10855752452368758,1,,,98.592,71.0,10^-34.5752,,,,,,,,,,,,,,,,,,0
13685,2,13685,Solenopsis,"",eukaryota,false,,,,,,,,,,,,,,,,0.3256725735710627,3,,,92.4333,23.0,10^-5.80039,,,,,[13686],0
13686,1,13685,Solenopsis invicta,red fire ant,eukaryota,false,,,,,,,,,,,,,,,,0.3256725735710627,3,,,92.4333,23.0,10^-5.80039,,,,,,0
13633,2,13633,Phalera,"",eukaryota,false,,,,0.21711504904737516,2,,,91.258,55.5,10^-18.5795,,,,,,,,,,,,,,,,,[753216],0
753216,1,13633,Phalera bucephala,"",eukaryota,false,,,,0.21711504904737516,2,,,91.258,55.5,10^-18.5795,,,,,,,,,,,,,,,,,,0
13390,2,13390,Camponotus,carpenter ants,eukaryota,false,,,,0.21711504904737516,2,,,86.3095,57.0,10^-16.8453,,,,,,0.4342300980947503,4,,,99.0,24.75,10^-6.31252,,,,,[104421],0
104421,1,13390,Camponotus floridanus,Florida carpenter ant,eukaryota,false,,,,0.21711504904737516,2,,,86.3095,57.0,10^-16.8453,,,,,,0.4342300980947503,4,,,99.0,24.75,10^-6.31252,,,,,,0
13346,2,13346,Armadillidium,"",eukaryota,false,,,,,,,,,,,,,,,,0.6513451471421254,6,,,95.3667,23.8333,10^-6.34332,,,,,"[96803, 13347]",0
96803,1,13346,Armadillidium nasatum,"",eukaryota,false,,,,,,,,,,,,,,,,0.21711504904737516,2,,,100.0,24.5,10^-5.61375,,,,,,0
13347,1,13346,Armadillidium vulgare,common pillbug,eukaryota,false,,,,,,,,,,,,,,,,0.4342300980947503,4,,,93.05,23.5,10^-6.70811,,,,,,0
13248,2,13248,Rhodnius,"",eukaryota,false,,,,,,,,,,,,,,,,0.10855752452368758,1,,,100.0,24.0,10^-5.67778,,,,,[13249],0
13249,1,13248,Rhodnius prolixus,"",eukaryota,false,,,,,,,,,,,,,,,,0.10855752452368758,1,,,100.0,24.0,10^-5.67778,,,,,,0
13205,2,13205,Pholiota,"",eukaryota,false,,,,0.10855752452368758,1,,,100.0,66.0,10^-32.5484,,,,,,,,,,,,,,,,,[75321],0
75321,1,13205,Pholiota squarrosa,"",eukaryota,false,,,,0.10855752452368758,1,,,100.0,66.0,10^-32.5484,,,,,,,,,,,,,,,,,,0
13203,2,13203,Phlebotomus,"",eukaryota,false,,,,1.4112478188079385,13,,,89.0644,58.0769,10^-18.2055,,,,,,4.993646128089629,46,,,95.9391,24.3261,10^-5.81066,,,,,"[59273, 29031]",0
59273,1,13203,Phlebotomus bergeroti,"",eukaryota,false,,,,0.10855752452368758,1,,,86.842,76.0,10^-25.6252,,,,,,0.10855752452368758,1,,,96.0,25.0,10^-5.98716,,,,,,0
29031,1,13203,Phlebotomus papatasi,"",eukaryota,false,,,,1.3026902942842509,12,,,89.2496,56.5833,10^-17.5872,,,,,,4.885088603565941,45,,,95.9378,24.3111,10^-5.80674,,,,,,0
13190,2,13190,Pectinophora,"",eukaryota,false,,,,0.21711504904737516,2,,,89.1295,51.5,10^-15.1659,,,,,,0.21711504904737516,2,,,88.15,25.0,10^-4.72549,,,,,[13191],0
13191,1,13190,Pectinophora gossypiella,pink bollworm,eukaryota,false,,,,0.21711504904737516,2,,,89.1295,51.5,10^-15.1659,,,,,,0.21711504904737516,2,,,88.15,25.0,10^-4.72549,,,,,,0
13186,2,13186,Parietaria,"",eukaryota,false,,,,0.10855752452368758,1,,,93.333,60.0,10^-22.9832,,,,,,,,,,,,,,,,,[33127],0
33127,1,13186,Parietaria judaica,"",eukaryota,false,,,,0.10855752452368758,1,,,93.333,60.0,10^-22.9832,,,,,,,,,,,,,,,,,,0
13163,2,13163,Myzus,"",eukaryota,false,,,,0.21711504904737516,2,,,95.202,40.0,10^-12.1825,,,,,,,,,,,,,,,,,[13164],0
13164,1,13163,Myzus persicae,green peach aphid,eukaryota,false,,,,0.21711504904737516,2,,,95.202,40.0,10^-12.1825,,,,,,,,,,,,,,,,,,0
13134,2,13134,Magnetospirillum,"",bacteria,false,,,,,,,,,,,,,,,,1.3026902942842509,12,,,83.7917,24.1667,10^-5.61493,,,,,[55518],0
55518,1,13134,Magnetospirillum gryphiswaldense,"",bacteria,false,,,,,,,,,,,,,,,,1.3026902942842509,12,,,83.7917,24.1667,10^-5.61493,,,,,,0
13130,2,13130,Macrosiphum,"",eukaryota,false,,,,,,,,,,,,,,,,0.4342300980947503,4,,,83.3,24.25,10^-5.13135,,,,,[13131],0
13131,1,13130,Macrosiphum euphorbiae,potato aphid,eukaryota,false,,,,,,,,,,,,,,,,0.4342300980947503,4,,,83.3,24.25,10^-5.13135,,,,,,0
13122,2,13122,Lymantria,gypsy moths,eukaryota,false,,,,0.10855752452368758,1,,,86.441,59.0,10^-16.8148,,,,,,,,,,,,,,,,,[78897],0
78897,1,13122,Lymantria monacha,black-arched tussock moth,eukaryota,false,,,,0.10855752452368758,1,,,86.441,59.0,10^-16.8148,,,,,,,,,,,,,,,,,,0
13092,2,13092,Hydractinia,"",eukaryota,false,,,,0.10855752452368758,1,,,89.474,38.0,10^-8.08544,,,,,,0.21711504904737516,2,,,77.05,24.0,10^-3.28277,,,,,[13093],0
13093,1,13092,Hydractinia symbiolongicarpus,"",eukaryota,false,,,,0.10855752452368758,1,,,89.474,38.0,10^-8.08544,,,,,,0.21711504904737516,2,,,77.05,24.0,10^-3.28277,,,,,,0
13036,2,13036,Danaus,"",eukaryota,false,,,,0.10855752452368758,1,,,83.929,56.0,10^-13.4065,,,,,,1.1941327697605633,11,,,97.8182,24.0909,10^-6.13406,,,,,"[151541, 13037]",0
151541,1,13036,Danaus chrysippus,African queen,eukaryota,false,,,,,,,,,,,,,,,,0.4342300980947503,4,,,100.0,24.0,10^-6.29514,,,,,,0
13037,1,13036,Danaus plexippus,monarch butterfly,eukaryota,false,,,,0.10855752452368758,1,,,83.929,56.0,10^-13.4065,,,,,,0.759902671665813,7,,,96.5714,24.1429,10^-6.04202,,,,,,0
12956,2,12956,Atta,leaf cutting ants,eukaryota,false,,,,,,,,,,,,,,,,0.10855752452368758,1,,,100.0,24.0,10^-4.03574,,,,,[520822],0
520822,1,12956,Atta colombica,"",eukaryota,false,,,,,,,,,,,,,,,,0.10855752452368758,1,,,100.0,24.0,10^-4.03574,,,,,,0
12947,2,12947,Aristolochia,"",eukaryota,false,,,,,,,,,,,,,,,,0.3256725735710627,3,,,83.8333,24.6667,10^-5.04699,,,,,[158543],0
158543,1,12947,Aristolochia fimbriata,"",eukaryota,false,,,,,,,,,,,,,,,,0.3256725735710627,3,,,83.8333,24.6667,10^-5.04699,,,,,,0
11019,2,11019,Alphavirus,arboviruses group A,viruses,false,,,,2.7139381130921896,25,,,99.8421,291.28,10^-217.134,,,,,,,,,,,,,,,,,[11033],1
11033,1,11019,Semliki Forest virus,"",viruses,false,,,,2.7139381130921896,25,,,99.8421,291.28,10^-217.134,,,,,,,,,,,,,,,,,,1
11007,2,11007,Totivirus,"",viruses,false,,,,,,,,,,,,,,,,284.20359920301405,2618,,,88.0859,41.9882,10^-17.3602,,,,,"[2970729, 2970625]",0
2970729,1,11007,Palkane toti-like virus,"",viruses,false,,,,,,,,,,,,,,,,0.10855752452368758,1,,,72.7,22.0,10^-3.14691,,,,,,0
2970625,1,11007,Hanko totivirus 4,"",viruses,false,,,,,,,,,,,,,,,,284.0950416784904,2617,,,88.095,42.0,10^-17.3686,,,,,,0
10211,2,10211,Bugula,"",eukaryota,false,,,,,,,,,,,,,,,,0.21711504904737516,2,,,95.8,24.0,10^-6.44994,,,,,[10212],0
10212,1,10211,Bugula neritina,"",eukaryota,false,,,,,,,,,,,,,,,,0.21711504904737516,2,,,95.8,24.0,10^-6.44994,,,,,,0
10194,2,10194,Brachionus,"",eukaryota,false,,,,,,,,,,,,,,,,0.10855752452368758,1,,,91.7,24.0,10^-4.45469,,,,,[104777],0
104777,1,10194,Brachionus calyciflorus,"",eukaryota,false,,,,,,,,,,,,,,,,0.10855752452368758,1,,,91.7,24.0,10^-4.45469,,,,,,0
7571,2,7571,Lingula,"",eukaryota,false,,,,,,,,,,,,,,,,0.10855752452368758,1,,,92.0,25.0,10^-4.7122,,,,,[7574],0
7574,1,7571,Lingula anatina,"",eukaryota,false,,,,,,,,,,,,,,,,0.10855752452368758,1,,,92.0,25.0,10^-4.7122,,,,,,0
7538,2,7538,Leptinotarsa,"",eukaryota,false,,,,0.21711504904737516,2,,,91.5535,53.5,10^-17.2169,,,,,,0.5427876226184379,5,,,100.0,24.6,10^-6.60672,,,,,[7539],0
7539,1,7538,Leptinotarsa decemlineata,Colorado potato beetle,eukaryota,false,,,,0.21711504904737516,2,,,91.5535,53.5,10^-17.2169,,,,,,0.5427876226184379,5,,,100.0,24.6,10^-6.60672,,,,,,0
7521,2,7521,Chrysoperla,"",eukaryota,false,,,,0.10855752452368758,1,,,95.745,47.0,10^-16.9135,,,,,,0.8684601961895007,8,,,95.4375,24.625,10^-5.79444,,,,,[189513],0
189513,1,7521,Chrysoperla carnea,"",eukaryota,false,,,,0.10855752452368758,1,,,95.745,47.0,10^-16.9135,,,,,,0.8684601961895007,8,,,95.4375,24.625,10^-5.79444,,,,,,0
7514,2,7514,Ctenocephalides,"",eukaryota,false,,,,0.21711504904737516,2,,,86.441,59.0,10^-16.8148,,,,,,1.845477916902689,17,,,96.5824,24.2941,10^-5.60648,,,,,[7515],0
7515,1,7514,Ctenocephalides felis,cat flea,eukaryota,false,,,,0.21711504904737516,2,,,86.441,59.0,10^-16.8148,,,,,,1.845477916902689,17,,,96.5824,24.2941,10^-5.60648,,,,,,0
7502,2,7502,Zootermopsis,"",eukaryota,false,,,,0.21711504904737516,2,,,94.3005,41.5,10^-12.51,,,,,,0.6513451471421254,6,,,96.6667,24.5,10^-5.36924,,,,,[136037],0
136037,1,7502,Zootermopsis nevadensis,"",eukaryota,false,,,,0.21711504904737516,2,,,94.3005,41.5,10^-12.51,,,,,,0.6513451471421254,6,,,96.6667,24.5,10^-5.36924,,,,,,0
7490,2,7490,Trichogramma,"",eukaryota,false,,,,0.3256725735710627,3,,,92.333,66.3333,10^-25.9149,,,,,,1.845477916902689,17,,,88.4647,24.0,10^-5.18895,,,,,"[86971, 7493]",0
86971,1,7490,Trichogramma brassicae,"",eukaryota,false,,,,,,,,,,,,,,,,1.0855752452368759,10,,,84.04,23.8,10^-4.6044,,,,,,0
7493,1,7490,Trichogramma pretiosum,"",eukaryota,false,,,,0.3256725735710627,3,,,92.333,66.3333,10^-25.9149,,,,,,0.759902671665813,7,,,94.7857,24.2857,10^-6.02402,,,,,,0
7482,2,7482,Lasius,"",eukaryota,false,,,,0.10855752452368758,1,,,97.222,36.0,10^-10.8537,,,,,,1.0855752452368759,10,,,82.84,24.5,10^-4.66309,,,,,"[231986, 67767]",0
231986,1,7482,Lasius fuliginosus,"",eukaryota,false,,,,0.10855752452368758,1,,,97.222,36.0,10^-10.8537,,,,,,,,,,,,,,,,,,0
67767,1,7482,Lasius niger,"",eukaryota,false,,,,,,,,,,,,,,,,1.0855752452368759,10,,,82.84,24.5,10^-4.66309,,,,,,0
7459,2,7459,Apis,"",eukaryota,false,,,,0.10855752452368758,1,,,78.0,50.0,10^-6.59389,,,,,,0.9770177207131882,9,,,92.6222,24.4444,10^-5.65939,,,,,"[7461, 7460]",0
7461,1,7459,Apis cerana,Asiatic honeybee,eukaryota,false,,,,,,,,,,,,,,,,0.3256725735710627,3,,,90.3333,24.6667,10^-4.57599,,,,,,0
7460,1,7459,Apis mellifera,honey bee,eukaryota,false,,,,0.10855752452368758,1,,,78.0,50.0,10^-6.59389,,,,,,0.6513451471421254,6,,,93.7667,24.3333,10^-6.20109,,,,,,0
7456,2,7456,Polistes,"",eukaryota,false,,,,0.10855752452368758,1,,,88.462,52.0,10^-14.8111,,,,,,0.3256725735710627,3,,,100.0,22.6667,10^-5.5665,,,,,"[743375, 91411, 30207]",0
743375,1,7456,Polistes dominula,European paper wasp,eukaryota,false,,,,,,,,,,,,,,,,0.10855752452368758,1,,,100.0,25.0,10^-5.41117,,,,,,0
91411,1,7456,Polistes canadensis,"",eukaryota,false,,,,,,,,,,,,,,,,0.10855752452368758,1,,,100.0,24.0,10^-6.91364,,,,,,0
30207,1,7456,Polistes fuscatus,common paper wasp,eukaryota,false,,,,0.10855752452368758,1,,,88.462,52.0,10^-14.8111,,,,,,0.10855752452368758,1,,,100.0,19.0,10^-4.37469,,,,,,0
7451,2,7451,Vespula,"",eukaryota,false,,,,0.4342300980947503,4,,,85.7735,65.75,10^-19.6994,,,,,,0.3256725735710627,3,,,98.6667,24.6667,10^-5.44847,,,,,"[30212, 7454]",0
30212,1,7451,Vespula germanica,"",eukaryota,false,,,,,,,,,,,,,,,,0.10855752452368758,1,,,100.0,24.0,10^-5.42481,,,,,,0
7454,1,7451,Vespula vulgaris,"",eukaryota,false,,,,0.4342300980947503,4,,,85.7735,65.75,10^-19.6994,,,,,,0.21711504904737516,2,,,98.0,25.0,10^-5.46029,,,,,,0
7443,2,7443,Vespa,"",eukaryota,false,,,,0.4342300980947503,4,,,85.6645,44.25,10^-9.2233,,,,,,0.759902671665813,7,,,93.4143,23.8571,10^-5.77749,,,,,"[202808, 7446, 7445]",0
202808,1,7443,Vespa velutina,"",eukaryota,false,,,,0.3256725735710627,3,,,83.9867,44.6667,10^-8.47684,,,,,,0.21711504904737516,2,,,76.95,24.0,10^-4.03336,,,,,,0
7446,1,7443,Vespa mandarinia,Asian giant hornet,eukaryota,false,,,,0.10855752452368758,1,,,90.698,43.0,10^-11.4627,,,,,,0.4342300980947503,4,,,100.0,23.75,10^-6.64011,,,,,,0
7445,1,7443,Vespa crabro,European hornet,eukaryota,false,,,,,,,,,,,,,,,,0.10855752452368758,1,,,100.0,24.0,10^-5.81531,,,,,,0
7440,2,7440,Dolichovespula,"",eukaryota,false,,,,0.4342300980947503,4,,,96.4518,47.25,10^-17.4327,,,,,,,,,,,,,,,,,"[881891, 85444]",0
881891,1,7440,Dolichovespula media,median wasp,eukaryota,false,,,,0.3256725735710627,3,,,97.121,45.0,10^-16.4822,,,,,,,,,,,,,,,,,,0
85444,1,7440,Dolichovespula sylvestris,"",eukaryota,false,,,,0.10855752452368758,1,,,94.444,54.0,10^-20.2842,,,,,,,,,,,,,,,,,,0
7424,2,7424,Nasonia,"",eukaryota,false,,,,0.3256725735710627,3,,,88.935,61.0,10^-19.5593,,,,,,0.6513451471421254,6,,,96.6333,24.1667,10^-5.13,,,,,[7425],0
7425,1,7424,Nasonia vitripennis,jewel wasp,eukaryota,false,,,,0.3256725735710627,3,,,88.935,61.0,10^-19.5593,,,,,,0.6513451471421254,6,,,96.6333,24.1667,10^-5.13,,,,,,0
7415,2,7415,Campoletis,"",eukaryota,false,,,,0.10855752452368758,1,,,88.636,44.0,10^-10.7665,,,,,,,,,,,,,,,,,[2922060],0
2922060,1,7415,Campoletis raptor,"",eukaryota,false,,,,0.10855752452368758,1,,,88.636,44.0,10^-10.7665,,,,,,,,,,,,,,,,,,0
7405,2,7405,Chelonus,"",eukaryota,false,,,,,,,,,,,,,,,,0.3256725735710627,3,,,93.1,24.3333,10^-5.30872,,,,,[460826],0
460826,1,7405,Chelonus insularis,"",eukaryota,false,,,,,,,,,,,,,,,,0.3256725735710627,3,,,93.1,24.3333,10^-5.30872,,,,,,0
7393,2,7393,Glossina,tsetse flies,eukaryota,false,,,,0.3256725735710627,3,,,89.4987,63.3333,10^-21.1474,,,,,,1.519805343331626,14,,,97.6643,24.4286,10^-6.36707,,,,,[7396],0
7396,1,7393,Glossina fuscipes,"",eukaryota,false,,,,0.3256725735710627,3,,,89.4987,63.3333,10^-21.1474,,,,,,1.519805343331626,14,,,97.6643,24.4286,10^-6.36707,,,,,,0
7384,2,7384,Sarcophaga,"",eukaryota,false,,,,0.21711504904737516,2,,,87.834,49.0,10^-12.7791,,,,,,1.7369203923790013,16,,,94.35,24.4375,10^-6.08427,,,,,"[1206372, 7385]",0
1206372,1,7384,Sarcophaga rosellei,"",eukaryota,false,,,,0.21711504904737516,2,,,87.834,49.0,10^-12.7791,,,,,,,,,,,,,,,,,,0
7385,1,7384,Sarcophaga bullata,grey fleshfly,eukaryota,false,,,,,,,,,,,,,,,,1.7369203923790013,16,,,94.35,24.4375,10^-6.08427,,,,,,0
7374,2,7374,Lucilia,"",eukaryota,false,,,,0.5427876226184379,5,,,90.6174,64.6,10^-23.0948,,,,,,9.010274535466069,83,,,96.6217,24.3133,10^-6.0129,,,,,"[13632, 7375]",0
13632,1,7374,Lucilia sericata,common green bottle fly,eukaryota,false,,,,0.3256725735710627,3,,,90.6363,59.3333,10^-20.2503,,,,,,1.7369203923790013,16,,,92.6062,24.4375,10^-5.62422,,,,,,0
7375,1,7374,Lucilia cuprina,Australian sheep blowfly,eukaryota,false,,,,0.21711504904737516,2,,,90.589,72.5,10^-27.3617,,,,,,7.273354143087068,67,,,97.5806,24.2836,10^-6.10572,,,,,,0
7369,2,7369,Musca,"",eukaryota,false,,,,1.6283628678553137,15,,,85.2079,151.4,10^-33.355,,,,,,1.1941327697605633,11,,,97.3545,23.8182,10^-6.05168,,,,,[7370],0
7370,1,7369,Musca domestica,house fly,eukaryota,false,,,,1.6283628678553137,15,,,85.2079,151.4,10^-33.355,,,,,,1.1941327697605633,11,,,97.3545,23.8182,10^-6.05168,,,,,,0
7354,2,7354,Scaptodrosophila,"",eukaryota,false,,,,0.5427876226184379,5,,,88.7576,66.8,10^-22.6657,,,,,,0.6513451471421254,6,,,98.0,24.8333,10^-6.28021,,,,,[7225],0
7225,1,7354,Scaptodrosophila lebanonensis,"",eukaryota,false,,,,0.5427876226184379,5,,,88.7576,66.8,10^-22.6657,,,,,,0.6513451471421254,6,,,98.0,24.8333,10^-6.28021,,,,,,0
7331,2,7331,Lordiphosa,"",eukaryota,false,,,,0.10855752452368758,1,,,92.683,41.0,10^-11.4834,,,,,,0.10855752452368758,1,,,100.0,25.0,10^-6.40561,,,,,"[1870885, 93400]",0
1870885,1,7331,Lordiphosa mommai,"",eukaryota,false,,,,,,,,,,,,,,,,0.10855752452368758,1,,,100.0,25.0,10^-6.40561,,,,,,0
93400,1,7331,Lordiphosa kurokawai,"",eukaryota,false,,,,0.10855752452368758,1,,,92.683,41.0,10^-11.4834,,,,,,,,,,,,,,,,,,0
7324,2,7324,Hirtodrosophila,"",eukaryota,false,,,,0.8684601961895007,8,,,88.1099,58.25,10^-18.0389,,,,,,,,,,,,,,,,,[1262473],0
1262473,1,7324,Hirtodrosophila cameraria,"",eukaryota,false,,,,0.8684601961895007,8,,,88.1099,58.25,10^-18.0389,,,,,,,,,,,,,,,,,,0
7296,2,7296,Zaprionus,"",eukaryota,false,,,,0.10855752452368758,1,,,94.231,52.0,10^-18.9282,,,,,,0.6513451471421254,6,,,98.6333,24.3333,10^-5.74549,,,,,"[309927, 76712]",0
309927,1,7296,Zaprionus bogoriensis,"",eukaryota,false,,,,,,,,,,,,,,,,0.5427876226184379,5,,,98.36,24.2,10^-5.65094,,,,,,0
76712,1,7296,Zaprionus indianus,"",eukaryota,false,,,,0.10855752452368758,1,,,94.231,52.0,10^-18.9282,,,,,,0.10855752452368758,1,,,100.0,25.0,10^-6.21824,,,,,,0
7215,2,7215,Drosophila,fruit flies,eukaryota,false,,,,95.42206405632137,879,,,89.2232,72.7144,10^-18.1757,,,,,,59.59808096350448,549,,,83.5593,92.8379,10^-40.3312,,,,,"[2848635, 2848634, 1870887, 1486046, 1041015, 244254, 198719, 198718, 193234, 133981, 129105, 125945, 111875, 103775, 88886, 65964, 47315, 47314, 46829, 44481, 42026, 30044, 30033, 30025, 30023, 30019, 29030, 29029, 28584, 7291, 7283, 7282, 7274, 7266, 7263, 7260, 7250, 7245, 7244, 7243, 7241, 7240, 7238, 7237, 7234, 7232, 7230, 7229, 7227, 7226, 7224, 7222, 7221, 7220, 7217]",0
2848635,1,7215,Drosophila setifemur,"",eukaryota,false,,,,,,,,,,,,,,,,0.4342300980947503,4,,,96.85,24.0,10^-6.41703,,,,,,0
2848634,1,7215,Drosophila ironensis,"",eukaryota,false,,,,,,,,,,,,,,,,0.5427876226184379,5,,,98.4,24.8,10^-6.24497,,,,,,0
1870887,1,7215,Drosophila nyinyii,"",eukaryota,false,,,,0.10855752452368758,1,,,97.5,40.0,10^-13.5526,,,,,,,,,,,,,,,,,,0
1486046,1,7215,Drosophila subpulchrella,"",eukaryota,false,,,,2.3882655395211265,22,,,91.8363,48.1818,10^-14.7369,,,,,,0.9770177207131882,9,,,99.0889,24.4444,10^-5.62006,,,,,,0
1041015,1,7215,Drosophila rhopaloa,"",eukaryota,false,,,,0.8684601961895007,8,,,91.7499,62.375,10^-23.2315,,,,,,,,,,,,,,,,,,0
244254,1,7215,Drosophila bunnanda,"",eukaryota,false,,,,,,,,,,,,,,,,0.5427876226184379,5,,,95.1,24.6,10^-6.20254,,,,,,0
198719,1,7215,Drosophila innubila,"",eukaryota,false,,,,0.9770177207131882,9,,,89.5577,67.2222,10^-23.3232,,,,,,0.4342300980947503,4,,,94.925,24.25,10^-5.74862,,,,,,0
198718,1,7215,Drosophila histrio,"",eukaryota,false,,,,1.3026902942842509,12,,,90.9488,65.3333,10^-23.6409,,,,,,,,,,,,,,,,,,0
193234,1,7215,Drosophila pseudotakahashii,"",eukaryota,false,,,,,,,,,,,,,,,,0.3256725735710627,3,,,98.6667,24.6667,10^-6.15202,,,,,,0
133981,1,7215,Drosophila cardini,"",eukaryota,false,,,,0.10855752452368758,1,,,93.333,75.0,10^-31.8067,,,,,,,,,,,,,,,,,,0
129105,1,7215,Drosophila santomea,"",eukaryota,false,,,,0.4342300980947503,4,,,90.9625,61.5,10^-21.6108,,,,,,,,,,,,,,,,,,0
125945,1,7215,Drosophila biarmipes,"",eukaryota,false,,,,1.845477916902689,17,,,90.0155,62.5294,10^-21.2422,,,,,,0.21711504904737516,2,,,90.0,22.5,10^-4.99159,,,,,,0
111875,1,7215,Drosophila jambulina,"",eukaryota,false,,,,,,,,,,,,,,,,0.759902671665813,7,,,99.4,24.7143,10^-6.72026,,,,,,0
103775,1,7215,Drosophila gunungcola,fruit fly,eukaryota,false,,,,1.1941327697605633,11,,,90.4547,62.4545,10^-21.9111,,,,,,0.759902671665813,7,,,98.2143,24.2857,10^-5.40895,,,,,,0
88886,1,7215,Drosophila sulfurigaster,"",eukaryota,false,,,,,,,,,,,,,,,,0.21711504904737516,2,,,100.0,25.0,10^-5.80508,,,,,,0
65964,1,7215,Drosophila pseudoananassae,"",eukaryota,false,,,,,,,,,,,,,,,,0.10855752452368758,1,,,100.0,25.0,10^-4.9914,,,,,,0
47315,1,7215,Drosophila auraria,"",eukaryota,false,,,,,,,,,,,,,,,,0.10855752452368758,1,,,100.0,25.0,10^-9.77728,,,,,,0
47314,1,7215,Drosophila novamexicana,"",eukaryota,false,,,,0.9770177207131882,9,,,89.502,55.6667,10^-16.5503,,,,,,0.3256725735710627,3,,,98.6667,24.6667,10^-6.16995,,,,,,0
46829,1,7215,Drosophila birchii,"",eukaryota,false,,,,,,,,,,,,,,,,0.4342300980947503,4,,,97.9,24.0,10^-5.03674,,,,,,0
44481,1,7215,Drosophila imaii,"",eukaryota,false,,,,,,,,,,,,,,,,0.10855752452368758,1,,,100.0,25.0,10^-6.40561,,,,,,0
42026,1,7215,Drosophila bipectinata,"",eukaryota,false,,,,1.6283628678553137,15,,,90.3803,58.3333,10^-19.3049,,,,,,1.3026902942842509,12,,,98.3083,24.4167,10^-6.05275,,,,,,0
30044,1,7215,Drosophila rubida,"",eukaryota,false,,,,,,,,,,,,,,,,0.3256725735710627,3,,,95.9,24.3333,10^-6.85336,,,,,,0
30033,1,7215,Drosophila kikkawai,"",eukaryota,false,,,,2.3882655395211265,22,,,90.6403,62.3636,10^-21.9733,,,,,,0.8684601961895007,8,,,95.3375,24.375,10^-6.44028,,,,,,0
30025,1,7215,Drosophila ficusphila,"",eukaryota,false,,,,49.28511613375416,454,,,88.353,76.8216,10^-15.017,,,,,,0.4342300980947503,4,,,99.0,24.5,10^-5.47526,,,,,,0
30023,1,7215,Drosophila elegans,"",eukaryota,false,,,,1.4112478188079385,13,,,91.5416,56.8462,10^-19.4822,,,,,,0.6513451471421254,6,,,87.2167,24.6667,10^-4.69848,,,,,,0
30019,1,7215,Drosophila busckii,"",eukaryota,false,,,,1.3026902942842509,12,,,88.8772,57.8333,10^-18.2099,,,,,,1.1941327697605633,11,,,93.6545,24.0909,10^-5.75336,,,,,,0
29030,1,7215,Drosophila takahashii,"",eukaryota,false,,,,1.845477916902689,17,,,90.9893,63.7647,10^-22.9669,,,,,,0.3256725735710627,3,,,98.5,23.6667,10^-4.91894,,,,,,0
29029,1,7215,Drosophila eugracilis,"",eukaryota,false,,,,1.0855752452368759,10,,,89.1716,66.1,10^-22.7419,,,,,,0.21711504904737516,2,,,95.85,24.5,10^-4.03178,,,,,,0
28584,1,7215,Drosophila suzukii,"",eukaryota,false,,,,0.9770177207131882,9,,,91.9059,59.2222,10^-21.0989,,,,,,0.21711504904737516,2,,,100.0,24.5,10^-7.68776,,,,,,0
7291,1,7215,Drosophila albomicans,"",eukaryota,false,,,,1.519805343331626,14,,,90.9238,54.8571,10^-17.9302,,,,,,1.4112478188079385,13,,,95.8154,24.2308,10^-5.53878,,,,,,0
7283,1,7215,Drosophila phalerata,"",eukaryota,false,,,,0.3256725735710627,3,,,92.55,53.3333,10^-18.4631,,,,,,,,,,,,,,,,,,0
7282,1,7215,Drosophila obscura,"",eukaryota,false,,,,0.6513451471421254,6,,,93.588,57.6667,10^-21.6345,,,,,,0.9770177207131882,9,,,97.3333,24.6667,10^-6.19341,,,,,,0
7274,1,7215,Drosophila serrata,"",eukaryota,false,,,,2.279708014997439,21,,,91.0598,57.4762,10^-19.3178,,,,,,3.4738407847580026,32,,,98.7281,27.5,10^-10.6192,,,,,,0
7266,1,7215,Drosophila guanche,"",eukaryota,false,,,,0.6513451471421254,6,,,90.8108,50.5,10^-15.6284,,,,,,0.6513451471421254,6,,,99.3,23.5,10^-5.89451,,,,,,0
7263,1,7215,Drosophila arizonae,"",eukaryota,false,,,,0.759902671665813,7,,,90.6914,57.5714,10^-19.5783,,,,,,0.10855752452368758,1,,,100.0,25.0,10^-7.97062,,,,,,0
7260,1,7215,Drosophila willistoni,"",eukaryota,false,,,,1.519805343331626,14,,,91.9609,55.5714,10^-19.0139,,,,,,27.35649617996927,252,,,67.6637,173.163,10^-80.2775,,,,,,0
7250,1,7215,Drosophila immigrans,"",eukaryota,false,,,,,,,,,,,,,,,,0.6513451471421254,6,,,87.7167,24.3333,10^-5.49419,,,,,,0
7245,1,7215,Drosophila yakuba,"",eukaryota,false,,,,0.6513451471421254,6,,,88.443,68.6667,10^-22.9365,,,,,,0.3256725735710627,3,,,98.6667,25.0,10^-5.89362,,,,,,0
7244,1,7215,Drosophila virilis,"",eukaryota,false,,,,0.4342300980947503,4,,,90.169,66.0,10^-23.6342,,,,,,1.4112478188079385,13,,,99.0769,24.0769,10^-5.08747,,,,,,0
7243,1,7215,Drosophila teissieri,"",eukaryota,false,,,,0.6513451471421254,6,,,90.0207,65.8333,10^-23.0676,,,,,,0.10855752452368758,1,,,95.8,24.0,10^-3.23732,,,,,,0
7241,1,7215,Drosophila subobscura,"",eukaryota,false,,,,1.9540354414263763,18,,,92.1144,60.7778,10^-22.2278,,,,,,0.4342300980947503,4,,,96.0,25.0,10^-5.17009,,,,,,0
7240,1,7215,Drosophila simulans,"",eukaryota,false,,,,3.4738407847580026,32,,,84.7992,151.344,10^-31.8108,,,,,,0.5427876226184379,5,,,96.66,24.2,10^-5.89042,,,,,,0
7238,1,7215,Drosophila sechellia,"",eukaryota,false,,,,0.4342300980947503,4,,,92.7285,49.25,10^-15.7025,,,,,,0.6513451471421254,6,,,98.6333,24.8333,10^-7.64548,,,,,,0
7237,1,7215,Drosophila pseudoobscura,"",eukaryota,false,,,,0.3256725735710627,3,,,87.8817,61.6667,10^-19.5495,,,,,,0.8684601961895007,8,,,99.0,24.375,10^-6.84996,,,,,,0
7234,1,7215,Drosophila persimilis,"",eukaryota,false,,,,0.6513451471421254,6,,,87.2872,69.1667,10^-22.5806,,,,,,0.6513451471421254,6,,,93.8333,23.5,10^-4.70535,,,,,,0
7232,1,7215,Drosophila navojoa,"",eukaryota,false,,,,0.759902671665813,7,,,91.5311,60.0,10^-21.2328,,,,,,0.759902671665813,7,,,95.2571,24.0,10^-5.44926,,,,,,0
7230,1,7215,Drosophila mojavensis,"",eukaryota,false,,,,0.9770177207131882,9,,,90.01,61.5556,10^-20.5499,,,,,,0.3256725735710627,3,,,98.6,24.6667,10^-6.30259,,,,,,0
7229,1,7215,Drosophila miranda,"",eukaryota,false,,,,0.4342300980947503,4,,,92.0078,63.25,10^-23.4925,,,,,,1.519805343331626,14,,,99.7,24.5,10^-6.06922,,,,,,0
7227,1,7215,Drosophila melanogaster,fruit fly,eukaryota,false,,,,2.822495637615877,26,,,89.0558,83.3462,10^-23.1704,,,,,,3.58239830928169,33,,,96.4121,24.4242,10^-6.45153,,,,,,0
7226,1,7215,Drosophila mauritiana,"",eukaryota,false,,,,0.21711504904737516,2,,,89.354,60.0,10^-18.8821,,,,,,,,,,,,,,,,,,0
7224,1,7215,Drosophila hydei,"",eukaryota,false,,,,0.4342300980947503,4,,,89.6247,57.5,10^-18.5516,,,,,,0.21711504904737516,2,,,100.0,24.0,10^-5.46259,,,,,,0
7222,1,7215,Drosophila grimshawi,"",eukaryota,false,,,,0.759902671665813,7,,,89.4356,61.8571,10^-20.1427,,,,,,0.5427876226184379,5,,,99.16,23.8,10^-5.474,,,,,,0
7221,1,7215,Drosophila funebris,"",eukaryota,false,,,,0.4342300980947503,4,,,91.2675,56.5,10^-18.907,,,,,,,,,,,,,,,,,,0
7220,1,7215,Drosophila erecta,"",eukaryota,false,,,,0.8684601961895007,8,,,88.0134,65.75,10^-21.5772,,,,,,0.6513451471421254,6,,,97.9167,24.3333,10^-6.37727,,,,,,0
7217,1,7215,Drosophila ananassae,"",eukaryota,false,,,,1.3026902942842509,12,,,90.4967,68.5,10^-25.3354,,,,,,0.5427876226184379,5,,,92.5,24.4,10^-5.58051,,,,,,0
7212,2,7212,Ceratitis,"",eukaryota,false,,,,0.759902671665813,7,,,90.909,46.2857,10^-13.1058,,,,,,3.039610686663252,28,,,96.4964,23.9643,10^-6.19241,,,,,"[314375, 314357, 7213]",0
314375,1,7212,Ceratitis simi,"",eukaryota,false,,,,,,,,,,,,,,,,0.10855752452368758,1,,,100.0,25.0,10^-7.32606,,,,,,0
314357,1,7212,Ceratitis anonae,"",eukaryota,false,,,,,,,,,,,,,,,,0.10855752452368758,1,,,100.0,25.0,10^-6.48017,,,,,,0
7213,1,7212,Ceratitis capitata,Mediterranean fruit fly,eukaryota,false,,,,0.759902671665813,7,,,90.909,46.2857,10^-13.1058,,,,,,2.822495637615877,26,,,96.2269,23.8846,10^-6.13774,,,,,,0
7199,2,7199,Lutzomyia,"",eukaryota,false,,,,0.9770177207131882,9,,,92.4244,55.4444,10^-19.4519,,,,,,4.125185931900128,38,,,94.6789,24.3684,10^-5.62655,,,,,[7200],0
7200,1,7199,Lutzomyia longipalpis,"",eukaryota,false,,,,0.9770177207131882,9,,,92.4244,55.4444,10^-19.4519,,,,,,4.125185931900128,38,,,94.6789,24.3684,10^-5.62655,,,,,,0
7191,2,7191,Simulium,"",eukaryota,false,,,,,,,,,,,,,,,,0.3256725735710627,3,,,95.9,24.3333,10^-6.74403,,,,,"[390679, 7192]",0
390679,1,7191,Simulium saxosum,"",eukaryota,false,,,,,,,,,,,,,,,,0.21711504904737516,2,,,93.85,24.5,10^-6.30885,,,,,,0
7192,1,7191,Simulium vittatum,"",eukaryota,false,,,,,,,,,,,,,,,,0.10855752452368758,1,,,100.0,24.0,10^-7.61439,,,,,,0
7182,2,7182,Psorophora,"",eukaryota,false,,,,131.0289321000909,1207,,,99.7812,321.178,10^-257.743,,,,,,,,,,,,,,,,,"[869073, 869072, 869070, 869069, 329106, 7183]",0
869073,1,7182,Psorophora howardii,"",eukaryota,false,,,,110.51155996511396,1018,,,100.0,377.0,10^-307.653,,,,,,,,,,,,,,,,,,0
869072,1,7182,Psorophora cyanescens,"",eukaryota,false,,,,2.6053805885685017,24,,,99.2858,75.5,10^-38.2654,,,,,,,,,,,,,,,,,,0
869070,1,7182,Psorophora columbiae,"",eukaryota,false,,,,0.10855752452368758,1,,,98.684,76.0,10^-37.9766,,,,,,,,,,,,,,,,,,0
869069,1,7182,Psorophora albipes,"",eukaryota,false,,,,0.10855752452368758,1,,,100.0,63.0,10^-30.51,,,,,,,,,,,,,,,,,,0
329106,1,7182,Psorophora ciliata,"",eukaryota,false,,,,0.6513451471421254,6,,,99.1168,75.6667,10^-38.2072,,,,,,,,,,,,,,,,,,0
7183,1,7182,Psorophora ferox,"",eukaryota,false,,,,17.04353135021895,157,,,98.7215,73.9295,10^-36.631,,,,,,,,,,,,,,,,,,0
7180,2,7180,Haemagogus,"",eukaryota,false,,,,0.4342300980947503,4,,,92.2862,74.25,10^-30.2673,,,,,,,,,,,,,,,,,[53526],0
53526,1,7180,Haemagogus equinus,"",eukaryota,false,,,,0.4342300980947503,4,,,92.2862,74.25,10^-30.2673,,,,,,,,,,,,,,,,,,0
7174,2,7174,Culex,"",eukaryota,false,,,,230.14195199021768,2120,,,90.2743,102.228,10^-32.2966,,,,,,636.2556512333329,5861,,,88.4952,44.0424,10^-14.6686,,,,,"[707283, 284558, 7178, 7177, 7176, 7175]",0
707283,1,7174,Culex usquatus,"",eukaryota,false,,,,,,,,,,,,,,,,0.10855752452368758,1,,,100.0,24.0,10^-5.58838,,,,,,0
284558,1,7174,Culex pedroi,"",eukaryota,false,,,,0.10855752452368758,1,,,95.946,74.0,10^-33.871,,,,,,,,,,,,,,,,,,0
7178,1,7174,Culex tritaeniorhynchus,"",eukaryota,false,,,,0.3256725735710627,3,,,91.9947,71.3333,10^-28.3978,,,,,,0.10855752452368758,1,,,79.2,24.0,10^-4.5784,,,,,,0
7177,1,7174,Culex tarsalis,"",eukaryota,false,,,,0.21711504904737516,2,,,93.143,54.5,10^-19.2718,,,,,,0.10855752452368758,1,,,88.0,25.0,10^-4.81248,,,,,,0
7176,1,7174,Culex quinquefasciatus,southern house mosquito,eukaryota,false,,,,107.47194927845071,990,,,89.6587,107.301,10^-33.3553,,,,,,502.5127810201498,4629,,,87.2883,49.0981,10^-17.1497,,,,,,0
7175,1,7174,Culex pipiens,northern house mosquito,eukaryota,false,,,,122.01865756462483,1124,,,90.8007,97.9609,10^-31.3982,,,,,,133.41719763961203,1229,,,92.8461,25.8582,10^-5.74463,,,,,,0
7164,2,7164,Anopheles,"",eukaryota,false,,,,191.92970335787965,1768,,,89.6118,74.7592,10^-22.7698,,,,,,308.73759974536745,2844,,,94.635,27.9261,10^-8.11099,,,,,"[1521116, 1518534, 1496333, 345580, 186751, 185578, 139047, 139045, 112268, 109668, 74873, 74869, 68878, 62324, 59160, 48725, 43151, 42839, 41427, 34692, 30069, 30066, 7173, 7168, 7167, 7166, 7165]",0
1521116,1,7164,Anopheles marshallii,"",eukaryota,false,,,,9.87873473165557,91,,,87.9327,82.3614,10^-23.0828,,,,,,17.15208887474264,158,,,91.6632,34.7885,10^-12.5419,,,,,,0
1518534,1,7164,Anopheles coluzzii,"",eukaryota,false,,,,4.885088603565941,45,,,91.1306,58.2,10^-19.7318,,,,,,14.003920663555698,129,,,95.2915,27.9302,10^-8.1487,,,,,,0
1496333,1,7164,Anopheles maculipalpis,"",eukaryota,false,,,,13.89536313903201,128,,,89.2045,65.7179,10^-22.2099,,,,,,10.421522354274007,96,,,95.4198,24.2604,10^-5.55498,,,,,,0
345580,1,7164,Anopheles ziemanni,"",eukaryota,false,,,,9.118832059989757,84,,,89.9016,78.2262,10^-24.5927,,,,,,2.6053805885685017,24,,,94.6292,24.3333,10^-5.43811,,,,,,0
186751,1,7164,Anopheles moucheti,mosquito,eukaryota,false,,,,8.793159486418693,81,,,90.1005,64.5432,10^-22.5375,,,,,,13.352575516413571,123,,,95.3821,24.2683,10^-5.76974,,,,,,0
185578,1,7164,Anopheles nili,"",eukaryota,false,,,,10.855752452368758,100,,,90.882,61.2424,10^-20.9205,,,,,,16.06651362950576,148,,,95.0143,24.3401,10^-5.81149,,,,,,0
139047,1,7164,Anopheles bellator,"",eukaryota,false,,,,13.135460467366197,121,,,90.6866,63.6116,10^-21.4001,,,,,,15.740841055934698,145,,,94.4545,24.3379,10^-5.57623,,,,,,0
139045,1,7164,Anopheles coustani,"",eukaryota,false,,,,9.335947109037132,86,,,91.0902,59.9651,10^-20.7551,,,,,,21.49438985569014,198,,,95.0934,24.4091,10^-5.57227,,,,,,0
112268,1,7164,Anopheles minimus,"",eukaryota,false,,,,0.10855752452368758,1,,,86.842,76.0,10^-25.6252,,,,,,,,,,,,,,,,,,0
109668,1,7164,Anopheles lesteri,"",eukaryota,false,,,,0.10855752452368758,1,,,100.0,55.0,10^-25.0795,,,,,,,,,,,,,,,,,,0
74873,1,7164,Anopheles sinensis,"",eukaryota,false,,,,,,,,,,,,,,,,14.221035712603072,131,,,95.1594,34.0076,10^-12.9989,,,,,,0
74869,1,7164,Anopheles maculatus,"",eukaryota,false,,,,,,,,,,,,,,,,0.3256725735710627,3,,,87.9,24.6667,10^-6.39105,,,,,,0
68878,1,7164,Anopheles cruzii,mosquito,eukaryota,false,,,,20.517372134976952,189,,,90.036,73.8913,10^-22.2785,,,,,,19.866026987834825,183,,,95.1842,25.0164,10^-6.84415,,,,,,0
62324,1,7164,Anopheles funestus,African malaria mosquito,eukaryota,false,,,,11.18142502593982,103,,,89.5839,67.0583,10^-20.0486,,,,,,18.129106595455827,167,,,94.8755,24.2515,10^-5.74162,,,,,,0
59160,1,7164,Anopheles subpictus,"",eukaryota,false,,,,,,,,,,,,,,,,0.10855752452368758,1,,,100.0,24.0,10^-7.77989,,,,,,0
48725,1,7164,Anopheles baimaii,"",eukaryota,false,,,,,,,,,,,,,,,,0.5427876226184379,5,,,95.94,24.6,10^-5.69267,,,,,,0
43151,1,7164,Anopheles darlingi,"",eukaryota,false,,,,12.375557795700384,114,,,87.3548,81.1754,10^-19.8651,,,,,,44.50858505471191,410,,,95.1487,31.1369,10^-10.8105,,,,,,0
42839,1,7164,Anopheles aquasalis,"",eukaryota,false,,,,15.740841055934698,145,,,90.686,58.7676,10^-19.9185,,,,,,14.546708286174136,134,,,96.4552,24.3134,10^-5.78551,,,,,,0
41427,1,7164,Anopheles atroparvus,"",eukaryota,false,,,,,,,,,,,,,,,,0.10855752452368758,1,,,84.0,25.0,10^-7.15614,,,,,,0
34692,1,7164,Anopheles sundaicus,"",eukaryota,false,,,,,,,,,,,,,,,,0.10855752452368758,1,,,100.0,24.0,10^-5.94692,,,,,,0
30069,1,7164,Anopheles stephensi,Asian malaria mosquito,eukaryota,false,,,,22.79708014997439,210,,,87.4039,122.976,10^-30.4506,,,,,,24.968230640448144,230,,,96.3079,27.0435,10^-7.92112,,,,,,0
30066,1,7164,Anopheles merus,"",eukaryota,false,,,,7.273354143087068,67,,,90.271,64.3134,10^-22.5031,,,,,,13.02690294284251,120,,,94.8942,24.4,10^-5.67703,,,,,,0
7173,1,7164,Anopheles arabiensis,"",eukaryota,false,,,,4.233743456423816,39,,,89.9167,63.641,10^-22.1224,,,,,,13.786805614508323,127,,,95.9496,24.2598,10^-5.75628,,,,,,0
7168,1,7164,Anopheles dirus,"",eukaryota,false,,,,,,,,,,,,,,,,0.21711504904737516,2,,,92.85,23.0,10^-5.48858,,,,,,0
7167,1,7164,Anopheles albimanus,"",eukaryota,false,,,,9.87873473165557,91,,,90.0554,74.2747,10^-23.8878,,,,,,23.014195199021767,212,,,95.9046,26.1981,10^-7.40347,,,,,,0
7166,1,7164,Anopheles quadrimaculatus,"",eukaryota,false,,,,0.10855752452368758,1,,,89.394,66.0,10^-22.9418,,,,,,,,,,,,,,,,,,0
7165,1,7164,Anopheles gambiae,African malaria mosquito,eukaryota,false,,,,7.707584241181818,71,,,90.4743,64.0423,10^-22.6833,,,,,,10.421522354274007,96,,,79.9831,54.8646,10^-19.7269,,,,,,0
7158,2,7158,Aedes,"",eukaryota,false,,,,3702.571488929412,34107,,,89.0023,228.502,10^-54.4486,,,,,,3750.228242195311,34546,,,90.1459,76.0463,10^-35.8405,,,,,"[2575619, 2067460, 1806178, 1769045, 586676, 508665, 316597, 188700, 140438, 120874, 55967, 37951, 28624, 7163, 7161, 7160, 7159]",0
2575619,1,7158,Aedes echinus,"",eukaryota,false,,,,0.10855752452368758,1,,,96.053,76.0,10^-35.2318,,,,,,,,,,,,,,,,,,0
2067460,1,7158,Aedes sudanensis,"",eukaryota,false,,,,0.10855752452368758,1,,,100.0,49.0,10^-21.0126,,,,,,,,,,,,,,,,,,0
1806178,1,7158,Aedes alboannulatus,"",eukaryota,false,,,,,,,,,,,,,,,,0.10855752452368758,1,,,95.8,24.0,10^-5.5867,,,,,,0
1769045,1,7158,Aedes lilii,"",eukaryota,false,,,,15.849398580458386,146,,,85.501,669.0,10^-307.653,,,,,,,,,,,,,,,,,,0
586676,1,7158,Aedes koreicus,"",eukaryota,false,,,,0.759902671665813,7,,,94.3044,69.0,10^-29.1043,,,,,,0.3256725735710627,3,,,100.0,24.0,10^-5.5867,,,,,,0
508665,1,7158,Aedes notoscriptus,"",eukaryota,false,,,,0.10855752452368758,1,,,98.387,62.0,10^-28.4584,,,,,,,,,,,,,,,,,,0
316597,1,7158,Aedes pseudoscutellaris,"",eukaryota,false,,,,0.10855752452368758,1,,,96.053,76.0,10^-35.2318,,,,,,,,,,,,,,,,,,0
188700,1,7158,Aedes polynesiensis,"",eukaryota,false,,,,0.21711504904737516,2,,,87.925,70.5,10^-23.9437,,,,,,0.21711504904737516,2,,,95.65,23.0,10^-3.99498,,,,,,0
140438,1,7158,Aedes japonicus,"",eukaryota,false,,,,0.10855752452368758,1,,,88.158,76.0,10^-26.9976,,,,,,0.10855752452368758,1,,,92.0,25.0,10^-5.68194,,,,,,0
120874,1,7158,Aedes geniculatus,"",eukaryota,false,,,,0.4342300980947503,4,,,97.6882,75.75,10^-36.7772,,,,,,,,,,,,,,,,,,0
55967,1,7158,Aedes togoi,"",eukaryota,false,,,,0.3256725735710627,3,,,92.1533,73.0,10^-29.5316,,,,,,0.3256725735710627,3,,,100.0,24.3333,10^-5.04006,,,,,,0
37951,1,7158,Aedes sp.,"",eukaryota,false,,,,0.759902671665813,7,,,97.8363,70.5714,10^-33.5036,,,,,,,,,,,,,,,,,,0
28624,1,7158,Aedes atropalpus,rock-pool mosquito,eukaryota,false,,,,1.9540354414263763,18,,,94.3208,57.2222,10^-21.9474,,,,,,6.296336422373879,58,,,86.6005,40.7759,10^-15.1031,,,,,,0
7163,1,7158,Aedes vexans,"",eukaryota,false,,,,0.3256725735710627,3,,,97.6227,68.3333,10^-31.8523,,,,,,0.21711504904737516,2,,,96.0,24.5,10^-5.87096,,,,,,0
7161,1,7158,Aedes simpsoni,"",eukaryota,false,,,,0.10855752452368758,1,,,100.0,49.0,10^-21.0126,,,,,,,,,,,,,,,,,,0
7160,1,7158,Aedes albopictus,Asian tiger mosquito,eukaryota,false,,,,2019.7127437632073,18605,,,89.6401,247.737,10^-71.7416,,,,,,1973.4672383161164,18179,,,90.2691,80.3945,10^-37.446,,,,,,0
7159,1,7158,Aedes aegypti,yellow fever mosquito,eukaryota,false,,,,1661.581470359562,15306,,,88.2846,202.313,10^-31.9876,,,,,,1769.1619771625365,16297,,,90.0154,71.3534,10^-34.1436,,,,,,0
7150,2,7150,Chironomus,"",eukaryota,false,,,,0.21711504904737516,2,,,90.887,46.0,10^-12.8124,,,,,,3.2567257357106274,30,,,94.1067,24.4,10^-5.42621,,,,,"[1941199, 315576]",0
1941199,1,7150,Chironomus ramosus,"",eukaryota,false,,,,,,,,,,,,,,,,0.10855752452368758,1,,,80.0,25.0,10^-4.03058,,,,,,0
315576,1,7150,Chironomus riparius,"",eukaryota,false,,,,0.21711504904737516,2,,,90.887,46.0,10^-12.8124,,,,,,3.1481682111869396,29,,,94.5931,24.3793,10^-5.47434,,,,,,0
7145,2,7145,Papilio,"",eukaryota,false,,,,0.759902671665813,7,,,92.0436,58.1429,10^-20.7496,,,,,,2.3882655395211265,22,,,97.3,23.8636,10^-5.58525,,,,,"[76194, 76193, 66420]",0
76194,1,7145,Papilio polytes,common Mormon,eukaryota,false,,,,0.3256725735710627,3,,,92.643,52.3333,10^-17.791,,,,,,0.21711504904737516,2,,,95.65,23.5,10^-6.48136,,,,,,0
76193,1,7145,Papilio machaon,common yellow swallowtail,eukaryota,false,,,,,,,,,,,,,,,,1.1941327697605633,11,,,97.6545,23.6364,10^-5.22596,,,,,,0
66420,1,7145,Papilio xuthus,Asian swallowtail,eukaryota,false,,,,0.4342300980947503,4,,,91.594,62.5,10^-22.9687,,,,,,0.9770177207131882,9,,,97.2333,24.2222,10^-5.82525,,,,,,0
7140,2,7140,Choristoneura,"",eukaryota,false,,,,,,,,,,,,,,,,1.845477916902689,17,,,95.1706,24.1176,10^-5.69188,,,,,[7141],0
7141,1,7140,Choristoneura fumiferana,eastern spruce budworm,eukaryota,false,,,,,,,,,,,,,,,,1.845477916902689,17,,,95.1706,24.1176,10^-5.69188,,,,,,0
7136,2,7136,Galleria,"",eukaryota,false,,,,0.10855752452368758,1,,,92.5,40.0,10^-10.8079,,,,,,0.4342300980947503,4,,,94.8,24.0,10^-6.65493,,,,,[7137],0
7137,1,7136,Galleria mellonella,greater wax moth,eukaryota,false,,,,0.10855752452368758,1,,,92.5,40.0,10^-10.8079,,,,,,0.4342300980947503,4,,,94.8,24.0,10^-6.65493,,,,,,0
7129,2,7129,Manduca,"",eukaryota,false,,,,,,,,,,,,,,,,1.519805343331626,14,,,98.1,24.0714,10^-5.96143,,,,,[7130],0
7130,1,7129,Manduca sexta,tobacco hornworm,eukaryota,false,,,,,,,,,,,,,,,,1.519805343331626,14,,,98.1,24.0714,10^-5.96143,,,,,,0
7115,2,7115,Pieris,"",eukaryota,false,,,,0.4342300980947503,4,,,90.1795,51.75,10^-15.3393,,,,,,0.6513451471421254,6,,,90.15,24.1667,10^-5.42881,,,,,"[345717, 78633, 64459, 7116]",0
345717,1,7115,Pieris macdunnoughi,"",eukaryota,false,,,,,,,,,,,,,,,,0.21711504904737516,2,,,82.95,23.5,10^-5.49057,,,,,,0
78633,1,7115,Pieris napi,"",eukaryota,false,,,,0.21711504904737516,2,,,94.106,42.0,10^-12.8484,,,,,,,,,,,,,,,,,,0
64459,1,7115,Pieris rapae,cabbage white,eukaryota,false,,,,0.21711504904737516,2,,,86.253,61.5,10^-17.8302,,,,,,,,,,,,,,,,,,0
7116,1,7115,Pieris brassicae,large cabbage white,eukaryota,false,,,,,,,,,,,,,,,,0.4342300980947503,4,,,93.75,24.5,10^-5.39793,,,,,,0
7112,2,7112,Helicoverpa,"",eukaryota,false,,,,0.21711504904737516,2,,,90.7605,69.5,10^-26.0085,,,,,,0.759902671665813,7,,,95.3286,24.4286,10^-5.33199,,,,,"[29058, 7113]",0
29058,1,7112,Helicoverpa armigera,cotton bollworm,eukaryota,false,,,,0.10855752452368758,1,,,89.333,75.0,10^-27.6895,,,,,,0.6513451471421254,6,,,96.55,24.3333,10^-5.43107,,,,,,0
7113,1,7112,Helicoverpa zea,corn earworm,eukaryota,false,,,,0.10855752452368758,1,,,92.188,64.0,10^-24.3275,,,,,,0.10855752452368758,1,,,88.0,25.0,10^-4.73755,,,,,,0
7110,2,7110,Trichoplusia,"",eukaryota,false,,,,,,,,,,,,,,,,0.21711504904737516,2,,,91.4,23.5,10^-5.95194,,,,,[7111],0
7111,1,7110,Trichoplusia ni,cabbage looper,eukaryota,false,,,,,,,,,,,,,,,,0.21711504904737516,2,,,91.4,23.5,10^-5.95194,,,,,,0
7106,2,7106,Spodoptera,"",eukaryota,false,,,,0.5427876226184379,5,,,93.4646,53.2,10^-19.2071,,,,,,1.3026902942842509,12,,,96.4917,24.4167,10^-5.58199,,,,,"[69820, 7109, 7108, 7107]",0
69820,1,7106,Spodoptera litura,"",eukaryota,false,,,,,,,,,,,,,,,,0.10855752452368758,1,,,100.0,24.0,10^-4.06198,,,,,,0
7109,1,7106,Spodoptera littoralis,African cotton leafworm,eukaryota,false,,,,0.21711504904737516,2,,,94.9575,49.5,10^-17.9285,,,,,,0.21711504904737516,2,,,100.0,24.5,10^-5.08765,,,,,,0
7108,1,7106,Spodoptera frugiperda,fall armyworm,eukaryota,false,,,,0.3256725735710627,3,,,92.4693,55.6667,10^-20.0595,,,,,,0.4342300980947503,4,,,95.95,24.75,10^-5.63861,,,,,,0
7107,1,7106,Spodoptera exigua,beet armyworm,eukaryota,false,,,,,,,,,,,,,,,,0.5427876226184379,5,,,94.82,24.2,10^-6.03844,,,,,,0
7101,2,7101,Heliothis,"",eukaryota,false,,,,0.10855752452368758,1,,,91.892,37.0,10^-8.78321,,,,,,,,,,,,,,,,,[542982],0
542982,1,7101,Heliothis peltigera,"",eukaryota,false,,,,0.10855752452368758,1,,,91.892,37.0,10^-8.78321,,,,,,,,,,,,,,,,,,0
7090,2,7090,Bombyx,"",eukaryota,false,,,,0.5427876226184379,5,,,91.7948,50.0,10^-15.931,,,,,,0.759902671665813,7,,,96.4714,24.5714,10^-5.42039,,,,,"[7092, 7091]",0
7092,1,7090,Bombyx mandarina,wild silkworm,eukaryota,false,,,,0.3256725735710627,3,,,91.9683,51.3333,10^-16.6522,,,,,,,,,,,,,,,,,,0
7091,1,7090,Bombyx mori,domestic silkworm,eukaryota,false,,,,0.21711504904737516,2,,,91.5345,48.0,10^-14.8493,,,,,,0.759902671665813,7,,,96.4714,24.5714,10^-5.42039,,,,,,0
7083,2,7083,Adalia,"",eukaryota,false,,,,0.5427876226184379,5,,,93.824,50.8,10^-17.8566,,,,,,,,,,,,,,,,,"[115343, 7084]",0
115343,1,7083,Adalia decempunctata,"",eukaryota,false,,,,0.3256725735710627,3,,,93.9233,46.0,10^-14.8735,,,,,,,,,,,,,,,,,,0
7084,1,7083,Adalia bipunctata,two-spotted ladybird beetle,eukaryota,false,,,,0.21711504904737516,2,,,93.675,58.0,10^-22.3312,,,,,,,,,,,,,,,,,,0
7073,2,7073,Zophobas,"",eukaryota,false,,,,,,,,,,,,,,,,0.5427876226184379,5,,,87.74,23.8,10^-4.80608,,,,,[2755281],0
2755281,1,7073,Zophobas morio,"",eukaryota,false,,,,,,,,,,,,,,,,0.5427876226184379,5,,,87.74,23.8,10^-4.80608,,,,,,0
7069,2,7069,Tribolium,"",eukaryota,false,,,,0.8684601961895007,8,,,90.7069,58.25,10^-19.5778,,,,,,0.8684601961895007,8,,,92.3125,23.75,10^-4.94221,,,,,"[41895, 7072, 7070]",0
41895,1,7069,Tribolium madens,black flour beetle,eukaryota,false,,,,0.3256725735710627,3,,,91.184,62.0,10^-22.0579,,,,,,0.10855752452368758,1,,,100.0,24.0,10^-8.00218,,,,,,0
7072,1,7069,Tribolium freemani,"",eukaryota,false,,,,0.3256725735710627,3,,,89.6497,60.6667,10^-20.2477,,,,,,,,,,,,,,,,,,0
7070,1,7069,Tribolium castaneum,red flour beetle,eukaryota,false,,,,0.21711504904737516,2,,,91.577,49.0,10^-14.8527,,,,,,0.759902671665813,7,,,91.2143,23.7143,10^-4.50508,,,,,,0
7066,2,7066,Tenebrio,"",eukaryota,false,,,,,,,,,,,,,,,,2.1711504904737517,20,,,93.66,24.1,10^-5.35808,,,,,[7067],0
7067,1,7066,Tenebrio molitor,yellow mealworm,eukaryota,false,,,,,,,,,,,,,,,,2.1711504904737517,20,,,93.66,24.1,10^-5.35808,,,,,,0
7060,2,7060,Melolontha,"",eukaryota,false,,,,0.10855752452368758,1,,,92.308,39.0,10^-10.1327,,,,,,,,,,,,,,,,,[7061],0
7061,1,7060,Melolontha melolontha,cockchafer,eukaryota,false,,,,0.10855752452368758,1,,,92.308,39.0,10^-10.1327,,,,,,,,,,,,,,,,,,0
7053,2,7053,Photinus,"",eukaryota,false,,,,,,,,,,,,,,,,0.6513451471421254,6,,,98.6333,24.5,10^-6.12241,,,,,[7054],0
7054,1,7053,Photinus pyralis,common eastern firefly,eukaryota,false,,,,,,,,,,,,,,,,0.6513451471421254,6,,,98.6333,24.5,10^-6.12241,,,,,,0
7045,2,7045,Sitophilus,"",eukaryota,false,,,,0.10855752452368758,1,,,87.5,56.0,10^-16.1513,,,,,,0.4342300980947503,4,,,97.9,24.5,10^-7.16528,,,,,[7048],0
7048,1,7045,Sitophilus oryzae,rice weevil,eukaryota,false,,,,0.10855752452368758,1,,,87.5,56.0,10^-16.1513,,,,,,0.4342300980947503,4,,,97.9,24.5,10^-7.16528,,,,,,0
7043,2,7043,Anthonomus,"",eukaryota,false,,,,0.10855752452368758,1,,,85.333,75.0,10^-23.5724,,,,,,1.519805343331626,14,,,92.9143,24.1429,10^-5.44155,,,,,[7044],0
7044,1,7043,Anthonomus grandis,boll weevil,eukaryota,false,,,,0.10855752452368758,1,,,85.333,75.0,10^-23.5724,,,,,,1.519805343331626,14,,,92.9143,24.1429,10^-5.44155,,,,,,0
7037,2,7037,Bemisia,"",eukaryota,false,,,,0.21711504904737516,2,,,92.7275,45.5,10^-13.1633,,,,,,1.0855752452368759,10,,,96.35,24.7,10^-6.639,,,,,[7038],0
7038,1,7037,Bemisia tabaci,"",eukaryota,false,,,,0.21711504904737516,2,,,92.7275,45.5,10^-13.1633,,,,,,1.0855752452368759,10,,,96.35,24.7,10^-6.639,,,,,,0
7021,2,7021,Carausius,"",eukaryota,false,,,,,,,,,,,,,,,,0.10855752452368758,1,,,100.0,24.0,10^-5.68194,,,,,[7022],0
7022,1,7021,Carausius morosus,Indian stick insect,eukaryota,false,,,,,,,,,,,,,,,,0.10855752452368758,1,,,100.0,24.0,10^-5.68194,,,,,,0
7008,2,7008,Schistocerca,"",eukaryota,false,,,,0.3256725735710627,3,,,92.8793,62.0,10^-23.8848,,,,,,1.7369203923790013,16,,,98.175,24.75,10^-6.51214,,,,,"[2023354, 274614, 274613, 7011, 7010, 7009]",0
2023354,1,7008,Schistocerca serialis,"",eukaryota,false,,,,0.10855752452368758,1,,,95.588,68.0,10^-29.7906,,,,,,0.10855752452368758,1,,,91.7,24.0,10^-5.80967,,,,,,0
274614,1,7008,Schistocerca cancellata,South American locust,eukaryota,false,,,,,,,,,,,,,,,,0.4342300980947503,4,,,100.0,25.0,10^-6.41315,,,,,,0
274613,1,7008,Schistocerca piceifrons,Central American locust,eukaryota,false,,,,0.21711504904737516,2,,,91.525,59.0,10^-20.9319,,,,,,0.21711504904737516,2,,,91.65,24.5,10^-6.16416,,,,,,0
7011,1,7008,Schistocerca nitens,vagrant locust,eukaryota,false,,,,,,,,,,,,,,,,0.21711504904737516,2,,,100.0,25.0,10^-6.40822,,,,,,0
7010,1,7008,Schistocerca gregaria,"",eukaryota,false,,,,,,,,,,,,,,,,0.3256725735710627,3,,,98.6,24.3333,10^-7.10178,,,,,,0
7009,1,7008,Schistocerca americana,American grasshopper,eukaryota,false,,,,,,,,,,,,,,,,0.4342300980947503,4,,,100.0,25.0,10^-6.57045,,,,,,0
6998,2,6998,Gryllus,"",eukaryota,false,,,,,,,,,,,,,,,,1.3026902942842509,12,,,95.5083,24.3333,10^-5.64275,,,,,[6999],0
6999,1,6998,Gryllus bimaculatus,two-spotted cricket,eukaryota,false,,,,,,,,,,,,,,,,1.3026902942842509,12,,,95.5083,24.3333,10^-5.64275,,,,,,0
6983,2,6983,Diploptera,"",eukaryota,false,,,,,,,,,,,,,,,,0.21711504904737516,2,,,92.0,24.0,10^-4.03783,,,,,[6984],0
6984,1,6983,Diploptera punctata,Pacific beetle cockroach,eukaryota,false,,,,,,,,,,,,,,,,0.21711504904737516,2,,,92.0,24.0,10^-4.03783,,,,,,0
6977,2,6977,Periplaneta,"",eukaryota,false,,,,,,,,,,,,,,,,0.4342300980947503,4,,,93.75,22.0,10^-4.65638,,,,,[6978],0
6978,1,6977,Periplaneta americana,American cockroach,eukaryota,false,,,,,,,,,,,,,,,,0.4342300980947503,4,,,93.75,22.0,10^-4.65638,,,,,,0
6972,2,6972,Blattella,"",eukaryota,false,,,,,,,,,,,,,,,,0.9770177207131882,9,,,97.2111,23.8889,10^-5.92854,,,,,[6973],0
6973,1,6972,Blattella germanica,German cockroach,eukaryota,false,,,,,,,,,,,,,,,,0.9770177207131882,9,,,97.2111,23.8889,10^-5.92854,,,,,,0
6953,2,6953,Dermatophagoides,"",eukaryota,false,,,,0.10855752452368758,1,,,90.909,55.0,10^-18.2176,,,,,,0.21711504904737516,2,,,97.9,24.0,10^-5.34843,,,,,"[6956, 6954]",0
6956,1,6953,Dermatophagoides pteronyssinus,European house dust mite,eukaryota,false,,,,,,,,,,,,,,,,0.10855752452368758,1,,,95.8,24.0,10^-5.00436,,,,,,0
6954,1,6953,Dermatophagoides farinae,American house dust mite,eukaryota,false,,,,0.10855752452368758,1,,,90.909,55.0,10^-18.2176,,,,,,0.10855752452368758,1,,,100.0,24.0,10^-5.6925,,,,,,0
6944,2,6944,Ixodes,"",eukaryota,false,,,,0.3256725735710627,3,,,90.3197,48.0,10^-13.4893,,,,,,0.5427876226184379,5,,,98.4,24.8,10^-6.35871,,,,,"[34615, 6945]",0
34615,1,6944,Ixodes persulcatus,taiga tick,eukaryota,false,,,,,,,,,,,,,,,,0.21711504904737516,2,,,98.0,25.0,10^-6.0816,,,,,,0
6945,1,6944,Ixodes scapularis,black-legged tick,eukaryota,false,,,,0.3256725735710627,3,,,90.3197,48.0,10^-13.4893,,,,,,0.3256725735710627,3,,,98.6667,24.6667,10^-6.54344,,,,,,0
6914,2,6914,Nephila,"",eukaryota,false,,,,,,,,,,,,,,,,0.10855752452368758,1,,,75.0,24.0,10^-4.1798,,,,,[299642],0
299642,1,6914,Nephila pilipes,giant wood spider,eukaryota,false,,,,,,,,,,,,,,,,0.10855752452368758,1,,,75.0,24.0,10^-4.1798,,,,,,0
6875,2,6875,Centruroides,"",eukaryota,false,,,,,,,,,,,,,,,,0.5427876226184379,5,,,100.0,24.2,10^-6.78786,,,,,[218467],0
218467,1,6875,Centruroides sculpturatus,bark scorpion,eukaryota,false,,,,,,,,,,,,,,,,0.5427876226184379,5,,,100.0,24.2,10^-6.78786,,,,,,0
6849,2,6849,Limulus,"",eukaryota,false,,,,0.10855752452368758,1,,,94.872,39.0,10^-11.5051,,,,,,0.10855752452368758,1,,,80.0,25.0,10^-4.3019,,,,,[6850],0
6850,1,6849,Limulus polyphemus,Atlantic horseshoe crab,eukaryota,false,,,,0.10855752452368758,1,,,94.872,39.0,10^-11.5051,,,,,,0.10855752452368758,1,,,80.0,25.0,10^-4.3019,,,,,,0
6726,2,6726,Procambarus,"",eukaryota,false,,,,,,,,,,,,,,,,0.3256725735710627,3,,,100.0,24.3333,10^-6.52208,,,,,[6728],0
6728,1,6726,Procambarus clarkii,red swamp crayfish,eukaryota,false,,,,,,,,,,,,,,,,0.3256725735710627,3,,,100.0,24.3333,10^-6.52208,,,,,,0
6722,2,6722,Cherax,"",eukaryota,false,,,,,,,,,,,,,,,,0.10855752452368758,1,,,100.0,24.0,10^-7.17849,,,,,[27406],0
27406,1,6722,Cherax quadricarinatus,"",eukaryota,false,,,,,,,,,,,,,,,,0.10855752452368758,1,,,100.0,24.0,10^-7.17849,,,,,,0
6705,2,6705,Homarus,"",eukaryota,false,,,,0.21711504904737516,2,,,90.061,75.5,10^-28.7159,,,,,,0.3256725735710627,3,,,97.2333,24.6667,10^-5.87872,,,,,[6706],0
6706,1,6705,Homarus americanus,American lobster,eukaryota,false,,,,0.21711504904737516,2,,,90.061,75.5,10^-28.7159,,,,,,0.3256725735710627,3,,,97.2333,24.6667,10^-5.87872,,,,,,0
6702,2,6702,Pandalus,"",eukaryota,false,,,,0.10855752452368758,1,,,92.105,76.0,10^-31.1147,,,,,,,,,,,,,,,,,[263425],0
263425,1,6702,Pandalus platyceros,"",eukaryota,false,,,,0.10855752452368758,1,,,92.105,76.0,10^-31.1147,,,,,,,,,,,,,,,,,,0
6696,2,6696,Macrobrachium,"",eukaryota,false,,,,0.10855752452368758,1,,,90.244,41.0,10^-10.111,,,,,,,,,,,,,,,,,[159736],0
159736,1,6696,Macrobrachium nipponense,"",eukaryota,false,,,,0.10855752452368758,1,,,90.244,41.0,10^-10.111,,,,,,,,,,,,,,,,,,0
6668,2,6668,Daphnia,common water fleas,eukaryota,false,,,,0.4342300980947503,4,,,89.6215,67.0,10^-23.6261,,,,,,4.45085850547119,41,,,86.9396,37.4146,10^-13.4774,,,,,"[400402, 120202, 35525, 35523, 6669]",0
400402,1,6668,Daphnia sp. Yamagata,"",eukaryota,false,,,,0.21711504904737516,2,,,91.4245,63.0,10^-22.9687,,,,,,,,,,,,,,,,,,0
120202,1,6668,Daphnia carinata,"",eukaryota,false,,,,0.10855752452368758,1,,,84.848,66.0,10^-18.8246,,,,,,,,,,,,,,,,,,0
35525,1,6668,Daphnia magna,"",eukaryota,false,,,,,,,,,,,,,,,,1.1941327697605633,11,,,95.0364,24.0909,10^-5.34499,,,,,,0
35523,1,6668,Daphnia pulicaria,"",eukaryota,false,,,,0.10855752452368758,1,,,90.789,76.0,10^-29.7423,,,,,,,,,,,,,,,,,,0
6669,1,6668,Daphnia pulex,common water flea,eukaryota,false,,,,,,,,,,,,,,,,3.2567257357106274,30,,,83.9708,42.3,10^-16.4593,,,,,,0
6643,2,6643,Octopus,"",eukaryota,false,,,,0.6513451471421254,6,,,91.3725,44.3333,10^-12.1484,,,,,,0.4342300980947503,4,,,95.0,24.5,10^-6.18587,,,,,"[2607531, 37653, 6645]",0
2607531,1,6643,Octopus sinensis,East Asian common octopus,eukaryota,false,,,,0.10855752452368758,1,,,94.444,36.0,10^-9.48129,,,,,,0.21711504904737516,2,,,100.0,24.5,10^-6.90186,,,,,,0
37653,1,6643,Octopus bimaculoides,California two-spot octopus,eukaryota,false,,,,0.10855752452368758,1,,,85.714,70.0,10^-21.5438,,,,,,,,,,,,,,,,,,0
6645,1,6643,Octopus vulgaris,common octopus,eukaryota,false,,,,0.4342300980947503,4,,,92.0192,40.0,10^-10.4663,,,,,,0.21711504904737516,2,,,90.0,24.5,10^-5.46988,,,,,,0
6609,2,6609,Sepia,"",eukaryota,false,,,,,,,,,,,,,,,,0.21711504904737516,2,,,95.85,24.0,10^-5.17716,,,,,[158019],0
158019,1,6609,Sepia pharaonis,"",eukaryota,false,,,,,,,,,,,,,,,,0.21711504904737516,2,,,95.85,24.0,10^-5.17716,,,,,,0
6603,2,6603,Mya,"",eukaryota,false,,,,0.4342300980947503,4,,,90.619,47.75,10^-14.0013,,,,,,0.21711504904737516,2,,,88.0,25.0,10^-4.84732,,,,,[6604],0
6604,1,6603,Mya arenaria,"",eukaryota,false,,,,0.4342300980947503,4,,,90.619,47.75,10^-14.0013,,,,,,0.21711504904737516,2,,,88.0,25.0,10^-4.84732,,,,,,0
6595,2,6595,Mercenaria,"",eukaryota,false,,,,,,,,,,,,,,,,0.10855752452368758,1,,,96.0,25.0,10^-6.34679,,,,,[6596],0
6596,1,6595,Mercenaria mercenaria,"",eukaryota,false,,,,,,,,,,,,,,,,0.10855752452368758,1,,,96.0,25.0,10^-6.34679,,,,,,0
6582,2,6582,Spisula,"",eukaryota,false,,,,0.10855752452368758,1,,,92.308,39.0,10^-10.1327,,,,,,,,,,,,,,,,,[31201],0
31201,1,6582,Spisula solida,"",eukaryota,false,,,,0.10855752452368758,1,,,92.308,39.0,10^-10.1327,,,,,,,,,,,,,,,,,,0
6578,2,6578,Pecten,"",eukaryota,false,,,,0.3256725735710627,3,,,81.5563,61.0,10^-13.5982,,,,,,0.10855752452368758,1,,,100.0,24.0,10^-6.77469,,,,,[6579],0
6579,1,6578,Pecten maximus,"",eukaryota,false,,,,0.3256725735710627,3,,,81.5563,61.0,10^-13.5982,,,,,,0.10855752452368758,1,,,100.0,24.0,10^-6.77469,,,,,,0
6564,2,6564,Crassostrea,"",eukaryota,false,,,,0.21711504904737516,2,,,89.24,47.0,10^-12.7989,,,,,,,,,,,,,,,,,"[94323, 6565]",0
94323,1,6564,Crassostrea ariakensis,Suminoe oyster,eukaryota,false,,,,0.10855752452368758,1,,,88.095,42.0,10^-9.41435,,,,,,,,,,,,,,,,,,0
6565,1,6564,Crassostrea virginica,eastern oyster,eukaryota,false,,,,0.10855752452368758,1,,,90.385,52.0,10^-16.1834,,,,,,,,,,,,,,,,,,0
6548,2,6548,Mytilus,"",eukaryota,false,,,,,,,,,,,,,,,,0.4342300980947503,4,,,93.75,24.0,10^-5.14706,,,,,"[42192, 6549]",0
42192,1,6548,Mytilus coruscus,"",eukaryota,false,,,,,,,,,,,,,,,,0.21711504904737516,2,,,100.0,24.0,10^-5.74454,,,,,,0
6549,1,6548,Mytilus californianus,California mussel,eukaryota,false,,,,,,,,,,,,,,,,0.21711504904737516,2,,,87.5,24.0,10^-4.54958,,,,,,0
6525,2,6525,Biomphalaria,"",eukaryota,false,,,,0.10855752452368758,1,,,94.737,38.0,10^-10.8302,,,,,,0.21711504904737516,2,,,89.6,24.5,10^-4.99557,,,,,[6526],0
6526,1,6525,Biomphalaria glabrata,"",eukaryota,false,,,,0.10855752452368758,1,,,94.737,38.0,10^-10.8302,,,,,,0.21711504904737516,2,,,89.6,24.5,10^-4.99557,,,,,,0
6490,2,6490,Conus,"",eukaryota,false,,,,,,,,,,,,,,,,0.10855752452368758,1,,,92.0,25.0,10^-5.25337,,,,,[69564],0
69564,1,6490,Conus miles,"",eukaryota,false,,,,,,,,,,,,,,,,0.10855752452368758,1,,,92.0,25.0,10^-5.25337,,,,,,0
6463,2,6463,Patella,"",eukaryota,false,,,,0.10855752452368758,1,,,86.842,76.0,10^-25.6252,,,,,,,,,,,,,,,,,[87960],0
87960,1,6463,Patella depressa,"",eukaryota,false,,,,0.10855752452368758,1,,,86.842,76.0,10^-25.6252,,,,,,,,,,,,,,,,,,0
6452,2,6452,Haliotis,"",eukaryota,false,,,,0.3256725735710627,3,,,91.584,55.3333,10^-18.914,,,,,,,,,,,,,,,,,[6454],0
6454,1,6452,Haliotis rufescens,red abalone,eukaryota,false,,,,0.3256725735710627,3,,,91.584,55.3333,10^-18.914,,,,,,,,,,,,,,,,,,0
6423,2,6423,Lamellibrachia,"",eukaryota,false,,,,,,,,,,,,,,,,0.10855752452368758,1,,,100.0,25.0,10^-6.74232,,,,,[104711],0
104711,1,6423,Lamellibrachia satsuma,"",eukaryota,false,,,,,,,,,,,,,,,,0.10855752452368758,1,,,100.0,25.0,10^-6.74232,,,,,,0
6411,2,6411,Helobdella,"",eukaryota,false,,,,,,,,,,,,,,,,0.21711504904737516,2,,,92.85,26.0,10^-6.33601,,,,,[6412],0
6412,1,6411,Helobdella robusta,"",eukaryota,false,,,,,,,,,,,,,,,,0.21711504904737516,2,,,92.85,26.0,10^-6.33601,,,,,,0
6397,2,6397,Lumbricus,"",eukaryota,false,,,,1.3026902942842509,12,,,90.7307,45.1667,10^-12.4825,,,,,,,,,,,,,,,,,"[35632, 6398]",0
35632,1,6397,Lumbricus rubellus,humus earthworm,eukaryota,false,,,,0.5427876226184379,5,,,90.2414,42.8,10^-10.7897,,,,,,,,,,,,,,,,,,0
6398,1,6397,Lumbricus terrestris,common earthworm,eukaryota,false,,,,0.759902671665813,7,,,91.0801,46.8571,10^-13.6917,,,,,,,,,,,,,,,,,,0
6358,2,6358,Platynereis,"",eukaryota,false,,,,0.10855752452368758,1,,,88.158,76.0,10^-26.9976,,,,,,,,,,,,,,,,,[6359],0
6359,1,6358,Platynereis dumerilii,Dumeril's clam worm,eukaryota,false,,,,0.10855752452368758,1,,,88.158,76.0,10^-26.9976,,,,,,,,,,,,,,,,,,0
6346,2,6346,Owenia,"",eukaryota,false,,,,,,,,,,,,,,,,0.21711504904737516,2,,,72.8,24.0,10^-5.0961,,,,,[6347],0
6347,1,6346,Owenia fusiformis,"",eukaryota,false,,,,,,,,,,,,,,,,0.21711504904737516,2,,,72.8,24.0,10^-5.0961,,,,,,0
6338,2,6338,Heligmosomoides,"",eukaryota,false,,,,0.10855752452368758,1,,,91.111,45.0,10^-12.8153,,,,,,,,,,,,,,,,,[375939],0
375939,1,6338,Heligmosomoides bakeri,"",eukaryota,false,,,,0.10855752452368758,1,,,91.111,45.0,10^-12.8153,,,,,,,,,,,,,,,,,,0
6333,2,6333,Trichinella,"",eukaryota,false,,,,,,,,,,,,,,,,0.8684601961895007,8,,,95.3125,24.5,10^-6.00984,,,,,"[181606, 6337, 6334]",2
181606,1,6333,Trichinella sp. T9,"",eukaryota,false,,,,,,,,,,,,,,,,0.10855752452368758,1,,,100.0,24.0,10^-5.54975,,,,,,0
6337,1,6333,Trichinella pseudospiralis,"",eukaryota,false,,,,,,,,,,,,,,,,0.4342300980947503,4,,,90.625,24.5,10^-5.63751,,,,,,1
6334,1,6333,Trichinella spiralis,"",eukaryota,false,,,,,,,,,,,,,,,,0.3256725735710627,3,,,100.0,24.6667,10^-6.65963,,,,,,1
6324,2,6324,Bursaphelenchus,pine wood nematodes,eukaryota,false,,,,,,,,,,,,,,,,0.10855752452368758,1,,,95.8,24.0,10^-6.35655,,,,,[6326],0
6326,1,6324,Bursaphelenchus xylophilus,pine wood nematode,eukaryota,false,,,,,,,,,,,,,,,,0.10855752452368758,1,,,95.8,24.0,10^-6.35655,,,,,,0
6292,2,6292,Wuchereria,"",eukaryota,false,,,,,,,,,,,,,,,,3.039610686663252,28,,,89.2435,20.7391,10^-3.23267,,,,,[6293],1
6293,1,6292,Wuchereria bancrofti,"",eukaryota,false,,,,,,,,,,,,,,,,3.039610686663252,28,,,89.2435,20.7391,10^-3.23267,,,,,,1
6288,2,6288,Haemonchus,"",eukaryota,false,,,,0.21711504904737516,2,,,87.098,55.0,10^-14.8085,,,,,,0.10855752452368758,1,,,87.5,24.0,10^-5.68825,,,,,[6289],0
6289,1,6288,Haemonchus contortus,barber pole worm,eukaryota,false,,,,0.21711504904737516,2,,,87.098,55.0,10^-14.8085,,,,,,0.10855752452368758,1,,,87.5,24.0,10^-5.68825,,,,,,0
6286,2,6286,Dirofilaria,"",eukaryota,false,,,,,,,,,,,,,,,,0.10855752452368758,1,,,95.8,24.0,10^-5.13906,,,,,[6287],1
6287,1,6286,Dirofilaria immitis,dog heartworm nematode,eukaryota,false,,,,,,,,,,,,,,,,0.10855752452368758,1,,,95.8,24.0,10^-5.13906,,,,,,1
6278,2,6278,Brugia,"",eukaryota,false,,,,,,,,,,,,,,,,3256.6171781861035,29999,,,89.7493,68.2571,10^-63.4832,,,,,"[42155, 6279]",2
42155,1,6278,Brugia timori,"",eukaryota,false,,,,,,,,,,,,,,,,3256.50862066158,29998,,,89.7486,68.2602,10^-63.4872,,,,,,1
6279,1,6278,Brugia malayi,"",eukaryota,false,,,,,,,,,,,,,,,,0.10855752452368758,1,,,100.0,24.0,10^-6.64975,,,,,,1
6268,2,6268,Anisakis,"",eukaryota,false,,,,,,,,,,,,,,,,0.21711504904737516,2,,,91.7,24.0,10^-5.97505,,,,,[6269],1
6269,1,6268,Anisakis simplex,herring worm,eukaryota,false,,,,,,,,,,,,,,,,0.21711504904737516,2,,,91.7,24.0,10^-5.97505,,,,,,1
6264,2,6264,Toxocara,"",eukaryota,false,,,,,,,,,,,,,,,,0.10855752452368758,1,,,96.0,25.0,10^-3.08355,,,,,[6265],1
6265,1,6264,Toxocara canis,dog roundworm,eukaryota,false,,,,,,,,,,,,,,,,0.10855752452368758,1,,,96.0,25.0,10^-3.08355,,,,,,1
6237,2,6237,Caenorhabditis,"",eukaryota,false,,,,0.3256725735710627,3,,,91.9327,46.6667,10^-13.9603,,,,,,0.10855752452368758,1,,,84.0,25.0,10^-4.50724,,,,,"[1611254, 31234, 6239, 6238]",0
1611254,1,6237,Caenorhabditis nigoni,"",eukaryota,false,,,,0.10855752452368758,1,,,89.394,66.0,10^-22.9418,,,,,,,,,,,,,,,,,,0
31234,1,6237,Caenorhabditis remanei,"",eukaryota,false,,,,,,,,,,,,,,,,0.10855752452368758,1,,,84.0,25.0,10^-4.50724,,,,,,0
6239,1,6237,Caenorhabditis elegans,"",eukaryota,false,,,,0.10855752452368758,1,,,94.737,38.0,10^-10.8302,,,,,,,,,,,,,,,,,,0
6238,1,6237,Caenorhabditis briggsae,"",eukaryota,false,,,,0.10855752452368758,1,,,91.667,36.0,10^-8.10892,,,,,,,,,,,,,,,,,,0
6209,2,6209,Echinococcus,"",eukaryota,false,,,,,,,,,,,,,,,,0.10855752452368758,1,,,100.0,24.0,10^-7.31336,,,,,[6210],1
6210,1,6209,Echinococcus granulosus,"",eukaryota,false,,,,,,,,,,,,,,,,0.10855752452368758,1,,,100.0,24.0,10^-7.31336,,,,,,1
6202,2,6202,Taenia,"",eukaryota,false,,,,,,,,,,,,,,,,0.10855752452368758,1,,,95.8,24.0,10^-5.00087,,,,,[60517],0
60517,1,6202,Taenia asiatica,"",eukaryota,false,,,,,,,,,,,,,,,,0.10855752452368758,1,,,95.8,24.0,10^-5.00087,,,,,,0
6181,2,6181,Schistosoma,"",eukaryota,false,,,,0.4342300980947503,4,,,91.3505,39.5,10^-9.78497,,,,,,0.4342300980947503,4,,,99.0,24.5,10^-8.08872,,,,,"[31246, 6189, 6188, 6187, 6182]",2
31246,1,6181,Schistosoma mattheei,"",eukaryota,false,,,,,,,,,,,,,,,,0.10855752452368758,1,,,100.0,24.0,10^-8.6925,,,,,,0
6189,1,6181,Schistosoma spindale,"",eukaryota,false,,,,0.10855752452368758,1,,,92.308,39.0,10^-10.1327,,,,,,,,,,,,,,,,,,0
6188,1,6181,Schistosoma rodhaini,"",eukaryota,false,,,,0.10855752452368758,1,,,87.5,40.0,10^-8.06317,,,,,,,,,,,,,,,,,,0
6187,1,6181,Schistosoma intercalatum,"",eukaryota,false,,,,0.21711504904737516,2,,,92.797,39.5,10^-10.472,,,,,,,,,,,,,,,,,,1
6182,1,6181,Schistosoma japonicum,"",eukaryota,false,,,,,,,,,,,,,,,,0.3256725735710627,3,,,98.6667,24.6667,10^-7.88746,,,,,,1
6127,2,6127,Acropora,staghorn corals,eukaryota,false,,,,,,,,,,,,,,,,0.10855752452368758,1,,,100.0,25.0,10^-7.43415,,,,,[70779],0
70779,1,6127,Acropora digitifera,"",eukaryota,false,,,,,,,,,,,,,,,,0.10855752452368758,1,,,100.0,25.0,10^-7.43415,,,,,,0
6115,2,6115,Metridium,"",eukaryota,false,,,,0.10855752452368758,1,,,85.0,60.0,10^-16.1213,,,,,,,,,,,,,,,,,[6116],0
6116,1,6115,Metridium senile,brown sea anemone,eukaryota,false,,,,0.10855752452368758,1,,,85.0,60.0,10^-16.1213,,,,,,,,,,,,,,,,,,0
6104,2,6104,Actinia,"",eukaryota,false,,,,,,,,,,,,,,,,0.10855752452368758,1,,,100.0,24.0,10^-7.28483,,,,,[6105],0
6105,1,6104,Actinia tenebrosa,Australian red waratah sea anemone,eukaryota,false,,,,,,,,,,,,,,,,0.10855752452368758,1,,,100.0,24.0,10^-7.28483,,,,,,0
6083,2,6083,Hydra,"",eukaryota,false,,,,,,,,,,,,,,,,0.10855752452368758,1,,,91.7,24.0,10^-5.55129,,,,,[6087],0
6087,1,6083,Hydra vulgaris,swiftwater hydra,eukaryota,false,,,,,,,,,,,,,,,,0.10855752452368758,1,,,91.7,24.0,10^-5.55129,,,,,,0
6054,2,6054,Spongilla,"",eukaryota,false,,,,0.10855752452368758,1,,,94.444,36.0,10^-9.48129,,,,,,,,,,,,,,,,,[6055],0
6055,1,6054,Spongilla lacustris,"",eukaryota,false,,,,0.10855752452368758,1,,,94.444,36.0,10^-9.48129,,,,,,,,,,,,,,,,,,0
6046,2,6046,Geodia,"",eukaryota,false,,,,,,,,,,,,,,,,0.4342300980947503,4,,,100.0,25.0,10^-8.78917,,,,,[519541],0
519541,1,6046,Geodia barretti,"",eukaryota,false,,,,,,,,,,,,,,,,0.4342300980947503,4,,,100.0,25.0,10^-8.78917,,,,,,0
6033,2,6033,Encephalitozoon,"",eukaryota,false,,,,29.201974096871957,269,,,84.737,791.532,10^-223.38,,,,,,2.062592965950064,19,,,88.4737,24.3158,10^-4.97903,,,,,"[1795764, 571949, 58839, 27973, 6035]",3
1795764,1,6033,Encephalitozoon pogonae,"",eukaryota,false,,,,0.9770177207131882,9,,,97.6588,49.1111,10^-18.965,,,,,,,,,,,,,,,,,,0
571949,1,6033,Encephalitozoon romaleae,"",eukaryota,false,,,,,,,,,,,,,,,,0.4342300980947503,4,,,89.45,24.25,10^-5.59592,,,,,,0
58839,1,6033,Encephalitozoon intestinalis,"",eukaryota,false,,,,0.9770177207131882,9,,,84.3618,200.444,10^-40.1333,,,,,,0.10855752452368758,1,,,87.5,24.0,10^-5.81816,,,,,,1
27973,1,6033,Encephalitozoon hellem,"",eukaryota,false,,,,0.3256725735710627,3,,,93.143,55.0,10^-19.604,,,,,,0.3256725735710627,3,,,89.1,24.6667,10^-4.57453,,,,,,1
6035,1,6033,Encephalitozoon cuniculi,"",eukaryota,false,,,,26.92226608187452,248,,,84.18,848.835,10^-239.914,,,,,,1.1941327697605633,11,,,88.0364,24.2727,10^-4.78873,,,,,,1
5948,2,5948,Stylonychia,"",eukaryota,false,,,,,,,,,,,,,,,,9.553062158084506,88,,,80.0,55.0,10^-23.2573,,,,,[5949],0
5949,1,5948,Stylonychia lemnae,"",eukaryota,false,,,,,,,,,,,,,,,,9.553062158084506,88,,,80.0,55.0,10^-23.2573,,,,,,0
5890,2,5890,Tetrahymena,"",eukaryota,false,,,,0.10855752452368758,1,,,93.22,59.0,10^-22.3043,,,,,,,,,,,,,,,,,[5911],0
5911,1,5890,Tetrahymena thermophila,"",eukaryota,false,,,,0.10855752452368758,1,,,93.22,59.0,10^-22.3043,,,,,,,,,,,,,,,,,,0
5884,2,5884,Paramecium,"",eukaryota,false,,,,,,,,,,,,,,,,0.10855752452368758,1,,,100.0,25.0,10^-6.69465,,,,,[5886],0
5886,1,5884,Paramecium primaurelia,"",eukaryota,false,,,,,,,,,,,,,,,,0.10855752452368758,1,,,100.0,25.0,10^-6.69465,,,,,,0
5806,2,5806,Cryptosporidium,"",eukaryota,false,,,,,,,,,,,,,,,,0.10855752452368758,1,,,87.5,24.0,10^-5.68613,,,,,[237895],1
237895,1,5806,Cryptosporidium hominis,"",eukaryota,false,,,,,,,,,,,,,,,,0.10855752452368758,1,,,87.5,24.0,10^-5.68613,,,,,,1
5800,2,5800,Eimeria,"",eukaryota,false,,,,0.21711504904737516,2,,,83.974,37.5,10^-5.00371,,,,,,,,,,,,,,,,,"[51315, 5802]",0
51315,1,5800,Eimeria necatrix,"",eukaryota,false,,,,0.10855752452368758,1,,,83.333,36.0,10^-3.99181,,,,,,,,,,,,,,,,,,0
5802,1,5800,Eimeria tenella,"",eukaryota,false,,,,0.10855752452368758,1,,,84.615,39.0,10^-6.01561,,,,,,,,,,,,,,,,,,0
5782,2,5782,Dictyostelium,"",eukaryota,false,,,,,,,,,,,,,,,,0.21711504904737516,2,,,100.0,25.0,10^-8.08145,,,,,[5786],0
5786,1,5782,Dictyostelium purpureum,"",eukaryota,false,,,,,,,,,,,,,,,,0.21711504904737516,2,,,100.0,25.0,10^-8.08145,,,,,,0
5748,2,5748,Nannochloropsis,"",eukaryota,false,,,,0.10855752452368758,1,,,94.595,37.0,10^-10.1556,,,,,,,,,,,,,,,,,[145522],0
145522,1,5748,Nannochloropsis oceanica,"",eukaryota,false,,,,0.10855752452368758,1,,,94.595,37.0,10^-10.1556,,,,,,,,,,,,,,,,,,0
5721,2,5721,Trichomonas,"",eukaryota,false,,,,0.3256725735710627,3,,,96.688,55.3333,10^-23.0224,,,,,,,,,,,,,,,,,[5722],1
5722,1,5721,Trichomonas vaginalis,"",eukaryota,false,,,,0.3256725735710627,3,,,96.688,55.3333,10^-23.0224,,,,,,,,,,,,,,,,,,1
5706,2,5706,Phytomonas,"",eukaryota,false,,,,,,,,,,,,,,,,3.58239830928169,33,,,95.4968,24.3548,10^-8.00365,,,,,"[479712, 223615]",0
479712,1,5706,Phytomonas sp. EM1,"",eukaryota,false,,,,,,,,,,,,,,,,1.6283628678553137,15,,,93.3769,24.3846,10^-7.26777,,,,,,0
223615,1,5706,Phytomonas sp. Hart1,"",eukaryota,false,,,,,,,,,,,,,,,,1.9540354414263763,18,,,97.0278,24.3333,10^-8.53512,,,,,,0
5690,2,5690,Trypanosoma,"",eukaryota,false,,,,121.36731241748271,1118,,,96.2765,486.025,10^-206.508,,,,,,53.735974639225354,495,,,96.2592,81.3794,10^-48.8712,,,,,"[1821278, 1568921, 1306404, 715481, 269061, 260181, 169531, 83893, 83891, 71804, 67003, 43998, 5699, 5698, 5697, 5696, 5693, 5692, 5691]",2
1821278,1,5690,Trypanosoma thomasbancrofti,"",eukaryota,false,,,,0.10855752452368758,1,,,100.0,75.0,10^-38.6685,,,,,,,,,,,,,,,,,,0
1568921,1,5690,Trypanosoma cf. varani,"",eukaryota,false,,,,1.845477916902689,17,,,97.7419,244.235,10^-32.6205,,,,,,,,,,,,,,,,,,0
1306404,1,5690,Trypanosoma cf. cervi PJH-2013,"",eukaryota,false,,,,37.88657605876696,349,,,98.3632,788.018,10^-291.666,,,,,,,,,,,,,,,,,,0
715481,1,5690,Trypanosoma melophagium,"",eukaryota,false,,,,,,,,,,,,,,,,4.776531079042253,44,,,94.5455,24.2955,10^-5.40443,,,,,,0
269061,1,5690,Trypanosoma otospermophili,"",eukaryota,false,,,,0.10855752452368758,1,,,98.684,76.0,10^-37.9766,,,,,,,,,,,,,,,,,,0
260181,1,5690,Trypanosoma sp. wallaby ABF,"",eukaryota,false,,,,0.10855752452368758,1,,,94.231,52.0,10^-18.9282,,,,,,,,,,,,,,,,,,0
169531,1,5690,Trypanosoma grosi,"",eukaryota,false,,,,0.8684601961895007,8,,,100.0,75.75,10^-39.1788,,,,,,,,,,,,,,,,,,0
83893,1,5690,Trypanosoma minasense,"",eukaryota,false,,,,47.43963821685147,437,,,93.2886,530.324,10^-263.167,,,,,,,,,,,,,,,,,,0
83891,1,5690,Trypanosoma conorhini,"",eukaryota,false,,,,0.10855752452368758,1,,,94.366,71.0,10^-30.4581,,,,,,,,,,,,,,,,,,0
71804,1,5690,Trypanosoma grayi,"",eukaryota,false,,,,0.3256725735710627,3,,,89.6857,49.3333,10^-12.5714,,,,,,1.1941327697605633,11,,,95.4,23.8182,10^-6.02722,,,,,,0
67003,1,5690,Trypanosoma theileri,"",eukaryota,false,,,,12.701230369271446,117,,,95.9795,128.452,10^-42.0768,,,,,,39.40638140209859,363,,,96.6396,99.7803,10^-62.5316,,,,,,0
43998,1,5690,Trypanosoma avium,"",eukaryota,false,,,,0.10855752452368758,1,,,100.0,76.0,10^-39.3489,,,,,,,,,,,,,,,,,,0
5699,1,5690,Trypanosoma vivax,"",eukaryota,false,,,,0.10855752452368758,1,,,93.75,64.0,10^-25.6999,,,,,,0.10855752452368758,1,,,87.5,24.0,10^-4.05849,,,,,,0
5698,1,5690,Trypanosoma rangeli,"",eukaryota,false,,,,0.21711504904737516,2,,,96.111,49.5,10^-18.6083,,,,,,0.3256725735710627,3,,,94.6667,25.0,10^-7.28946,,,,,,0
5697,1,5690,Trypanosoma evansi,"",eukaryota,false,,,,0.10855752452368758,1,,,100.0,76.0,10^-39.3489,,,,,,,,,,,,,,,,,,0
5696,1,5690,Trypanosoma sp.,"",eukaryota,false,,,,1.4112478188079385,13,,,99.6937,75.0769,10^-38.2986,,,,,,,,,,,,,,,,,,0
5693,1,5690,Trypanosoma cruzi,"",eukaryota,false,,,,17.694876497361076,163,,,99.5336,86.3503,10^-43.6454,,,,,,4.667973554518566,43,,,95.8107,46.3488,10^-23.317,,,,,,1
5692,1,5690,Trypanosoma congolense,"",eukaryota,false,,,,,,,,,,,,,,,,3.1481682111869396,29,,,95.6333,22.2222,10^-6.02713,,,,,,0
5691,1,5690,Trypanosoma brucei,"",eukaryota,false,,,,0.21711504904737516,2,,,97.6175,42.0,10^-14.904,,,,,,0.10855752452368758,1,,,95.8,24.0,10^-8.39254,,,,,,1
5683,2,5683,Leptomonas,"",eukaryota,false,,,,0.10855752452368758,1,,,94.444,36.0,10^-9.48129,,,,,,,,,,,,,,,,,[157538],0
157538,1,5683,Leptomonas pyrrhocoris,"",eukaryota,false,,,,0.10855752452368758,1,,,94.444,36.0,10^-9.48129,,,,,,,,,,,,,,,,,,0
5658,2,5658,Leishmania,"",eukaryota,false,,,,0.21711504904737516,2,,,100.0,67.5,10^-33.5713,,,,,,0.21711504904737516,2,,,93.75,24.5,10^-5.79046,,,,,"[5671, 5664, 5661, 5660]",4
5671,1,5658,Leishmania infantum,"",eukaryota,false,,,,,,,,,,,,,,,,0.10855752452368758,1,,,100.0,25.0,10^-7.27901,,,,,,1
5664,1,5658,Leishmania major,"",eukaryota,false,,,,0.10855752452368758,1,,,100.0,59.0,10^-27.7937,,,,,,,,,,,,,,,,,,1
5661,1,5658,Leishmania donovani,"",eukaryota,false,,,,0.10855752452368758,1,,,100.0,76.0,10^-39.3489,,,,,,,,,,,,,,,,,,1
5660,1,5658,Leishmania braziliensis,"",eukaryota,false,,,,,,,,,,,,,,,,0.10855752452368758,1,,,87.5,24.0,10^-4.3019,,,,,,1
5637,2,5637,Polyporus,"",eukaryota,false,,,,0.10855752452368758,1,,,94.737,76.0,10^-33.8595,,,,,,2.3882655395211265,22,,,76.712,73.0,10^-30.0491,,,,,"[90525, 5639]",0
90525,1,5637,Polyporus tricholoma,"",eukaryota,false,,,,0.10855752452368758,1,,,94.737,76.0,10^-33.8595,,,,,,,,,,,,,,,,,,0
5639,1,5637,Polyporus arcularius,"",eukaryota,false,,,,,,,,,,,,,,,,2.3882655395211265,22,,,76.712,73.0,10^-30.0491,,,,,,0
5629,2,5629,Laetiporus,"",eukaryota,false,,,,0.10855752452368758,1,,,100.0,76.0,10^-39.3489,,,,,,,,,,,,,,,,,[5630],0
5630,1,5629,Laetiporus sulphureus,"",eukaryota,false,,,,0.10855752452368758,1,,,100.0,76.0,10^-39.3489,,,,,,,,,,,,,,,,,,0
5626,2,5626,Grifola,"",eukaryota,false,,,,,,,,,,,,,,,,0.5427876226184379,5,,,94.24,24.0,10^-5.42367,,,,,[5627],0
5627,1,5626,Grifola frondosa,"",eukaryota,false,,,,,,,,,,,,,,,,0.5427876226184379,5,,,94.24,24.0,10^-5.42367,,,,,,0
5598,2,5598,Alternaria,"",eukaryota,false,,,,0.10855752452368758,1,,,90.789,76.0,10^-29.7423,,,,,,,,,,,,,,,,,[1187941],0
1187941,1,5598,Alternaria rosae,"",eukaryota,false,,,,0.10855752452368758,1,,,90.789,76.0,10^-29.7423,,,,,,,,,,,,,,,,,,0
5583,2,5583,Exophiala,"",eukaryota,false,,,,0.21711504904737516,2,,,96.026,63.5,10^-27.4191,,,,,,,,,,,,,,,,,[5970],1
5970,1,5583,Exophiala dermatitidis,"",eukaryota,false,,,,0.21711504904737516,2,,,96.026,63.5,10^-27.4191,,,,,,,,,,,,,,,,,,1
5579,2,5579,Aureobasidium,"",eukaryota,false,,,,,,,,,,,,,,,,0.5427876226184379,5,,,100.0,24.4,10^-7.77116,,,,,[46634],0
46634,1,5579,Aureobasidium melanogenum,"",eukaryota,false,,,,,,,,,,,,,,,,0.5427876226184379,5,,,100.0,24.4,10^-7.77116,,,,,,0
5543,2,5543,Trichoderma,"",eukaryota,false,,,,0.4342300980947503,4,,,95.2485,58.75,10^-24.8997,,,,,,0.4342300980947503,4,,,84.225,23.75,10^-5.83647,,,,,"[1195189, 654480, 101201, 51453, 29875, 5544]",0
1195189,1,5543,Trichoderma gracile,"",eukaryota,false,,,,,,,,,,,,,,,,0.10855752452368758,1,,,69.6,23.0,10^-3.10458,,,,,,0
654480,1,5543,Trichoderma cornu-damae,"",eukaryota,false,,,,,,,,,,,,,,,,0.21711504904737516,2,,,92.0,24.0,10^-7.78989,,,,,,0
101201,1,5543,Trichoderma asperellum,"",eukaryota,false,,,,0.10855752452368758,1,,,88.889,45.0,10^-11.4429,,,,,,,,,,,,,,,,,,0
51453,1,5543,Trichoderma reesei,"",eukaryota,false,,,,0.10855752452368758,1,,,92.105,38.0,10^-9.45781,,,,,,,,,,,,,,,,,,0
29875,1,5543,Trichoderma virens,"",eukaryota,false,,,,0.10855752452368758,1,,,100.0,76.0,10^-39.3489,,,,,,,,,,,,,,,,,,0
5544,1,5543,Trichoderma harzianum,"",eukaryota,false,,,,0.10855752452368758,1,,,100.0,76.0,10^-39.3489,,,,,,0.10855752452368758,1,,,83.3,24.0,10^-4.66154,,,,,,0
5533,2,5533,Rhodotorula,"",eukaryota,false,,,,0.10855752452368758,1,,,94.737,76.0,10^-33.8595,,,,,,0.21711504904737516,2,,,95.85,24.5,10^-5.02614,,,,,"[29898, 5286]",0
29898,1,5533,Rhodotorula graminis,"",eukaryota,false,,,,,,,,,,,,,,,,0.21711504904737516,2,,,95.85,24.5,10^-5.02614,,,,,,0
5286,1,5533,Rhodotorula toruloides,"",eukaryota,false,,,,0.10855752452368758,1,,,94.737,76.0,10^-33.8595,,,,,,,,,,,,,,,,,,0
5529,2,5529,Metarhizium,"",eukaryota,false,,,,0.21711504904737516,2,,,94.5455,65.5,10^-28.0971,,,,,,0.3256725735710627,3,,,90.5667,24.6667,10^-5.75519,,,,,"[1650735, 1649241, 500148]",0
1650735,1,5529,Metarhizium majus,"",eukaryota,false,,,,,,,,,,,,,,,,0.3256725735710627,3,,,90.5667,24.6667,10^-5.75519,,,,,,0
1649241,1,5529,Metarhizium rileyi,"",eukaryota,false,,,,0.10855752452368758,1,,,100.0,76.0,10^-39.3489,,,,,,,,,,,,,,,,,,0
500148,1,5529,Metarhizium brunneum,"",eukaryota,false,,,,0.10855752452368758,1,,,89.091,55.0,10^-16.8453,,,,,,,,,,,,,,,,,,0
5506,2,5506,Fusarium,"",eukaryota,false,,,,0.9770177207131882,9,,,98.9802,75.5556,10^-37.9792,,,,,,0.4342300980947503,4,,,90.95,24.75,10^-5.94743,,,,,"[2494466, 282267, 195108, 169388, 117187, 36050, 5518]",1
2494466,1,5506,Fusarium irregulare,"",eukaryota,false,,,,,,,,,,,,,,,,0.10855752452368758,1,,,84.0,25.0,10^-4.53313,,,,,,0
282267,1,5506,Fusarium asiaticum,"",eukaryota,false,,,,0.3256725735710627,3,,,99.5613,76.0,10^-38.8915,,,,,,,,,,,,,,,,,,0
195108,1,5506,Fusarium falciforme,"",eukaryota,false,,,,0.4342300980947503,4,,,98.0345,76.0,10^-37.2905,,,,,,,,,,,,,,,,,,0
169388,1,5506,Fusarium solani,"",eukaryota,false,,,,,,,,,,,,,,,,0.10855752452368758,1,,,95.8,24.0,10^-7.33442,,,,,,1
117187,1,5506,Fusarium verticillioides,"",eukaryota,false,,,,,,,,,,,,,,,,0.10855752452368758,1,,,84.0,25.0,10^-4.56067,,,,,,0
36050,1,5506,Fusarium poae,"",eukaryota,false,,,,,,,,,,,,,,,,0.10855752452368758,1,,,100.0,25.0,10^-7.36151,,,,,,0
5518,1,5506,Fusarium graminearum,"",eukaryota,false,,,,0.21711504904737516,2,,,100.0,74.0,10^-37.9883,,,,,,,,,,,,,,,,,,0
5498,2,5498,Cladosporium,"",eukaryota,false,,,,0.10855752452368758,1,,,100.0,76.0,10^-39.3489,,,,,,,,,,,,,,,,,[29918],0
29918,1,5498,Cladosporium herbarum,"",eukaryota,false,,,,0.10855752452368758,1,,,100.0,76.0,10^-39.3489,,,,,,,,,,,,,,,,,,0
5455,2,5455,Colletotrichum,"",eukaryota,false,,,,0.10855752452368758,1,,,100.0,76.0,10^-39.3489,,,,,,,,,,,,,,,,,[27359],0
27359,1,5455,Colletotrichum fragariae,"",eukaryota,false,,,,0.10855752452368758,1,,,100.0,76.0,10^-39.3489,,,,,,,,,,,,,,,,,,0
5453,2,5453,Ascochyta,"",eukaryota,false,,,,0.10855752452368758,1,,,97.5,40.0,10^-13.5526,,,,,,,,,,,,,,,,,[5454],0
5454,1,5453,Ascochyta rabiei,"",eukaryota,false,,,,0.10855752452368758,1,,,97.5,40.0,10^-13.5526,,,,,,,,,,,,,,,,,,0
5402,2,5402,Russula,"",eukaryota,false,,,,,,,,,,,,,,,,0.10855752452368758,1,,,78.3,23.0,10^-4.42946,,,,,[71964],0
71964,1,5402,Russula earlei,"",eukaryota,false,,,,,,,,,,,,,,,,0.10855752452368758,1,,,78.3,23.0,10^-4.42946,,,,,,0
5379,2,5379,Suillus,"",eukaryota,false,,,,0.10855752452368758,1,,,89.362,47.0,10^-12.7964,,,,,,,,,,,,,,,,,[116603],0
116603,1,5379,Suillus plorans,"",eukaryota,false,,,,0.10855752452368758,1,,,89.362,47.0,10^-12.7964,,,,,,,,,,,,,,,,,,0
5352,2,5352,Lentinula,"",eukaryota,false,,,,0.3256725735710627,3,,,100.0,75.6667,10^-39.1221,,,,,,2.6053805885685017,24,,,93.2333,24.0417,10^-6.72337,,,,,"[2804960, 2804958, 2804957, 40481, 5353]",0
2804960,1,5352,Lentinula aff. lateritia,"",eukaryota,false,,,,,,,,,,,,,,,,0.9770177207131882,9,,,95.7444,23.8889,10^-7.96262,,,,,,0
2804958,1,5352,Lentinula aff. detonsa,"",eukaryota,false,,,,,,,,,,,,,,,,0.6513451471421254,6,,,86.8167,24.0,10^-5.20524,,,,,,0
2804957,1,5352,Lentinula guzmanii,"",eukaryota,false,,,,,,,,,,,,,,,,0.3256725735710627,3,,,95.8333,24.3333,10^-6.49635,,,,,,0
40481,1,5352,Lentinula boryana,"",eukaryota,false,,,,0.21711504904737516,2,,,100.0,76.0,10^-39.3489,,,,,,,,,,,,,,,,,,0
5353,1,5352,Lentinula edodes,shiitake mushroom,eukaryota,false,,,,0.10855752452368758,1,,,100.0,75.0,10^-38.6685,,,,,,0.6513451471421254,6,,,94.5833,24.1667,10^-6.49613,,,,,,0
5340,2,5340,Agaricus,"",eukaryota,false,,,,0.3256725735710627,3,,,100.0,74.6667,10^-38.4418,,,,,,0.8684601961895007,8,,,89.575,24.0,10^-5.43833,,,,,[5341],0
5341,1,5340,Agaricus bisporus,"",eukaryota,false,,,,0.3256725735710627,3,,,100.0,74.6667,10^-38.4418,,,,,,0.8684601961895007,8,,,89.575,24.0,10^-5.43833,,,,,,0
5324,2,5324,Trametes,"",eukaryota,false,,,,0.4342300980947503,4,,,96.5642,67.75,10^-31.346,,,,,,0.9770177207131882,9,,,88.0111,24.3333,10^-5.49842,,,,,"[1111947, 571087, 158606, 5327, 5325]",0
1111947,1,5324,Trametes cubensis,"",eukaryota,false,,,,,,,,,,,,,,,,0.10855752452368758,1,,,96.0,25.0,10^-5.12494,,,,,,0
571087,1,5324,Trametes punicea,"",eukaryota,false,,,,,,,,,,,,,,,,0.10855752452368758,1,,,92.0,25.0,10^-5.31785,,,,,,0
158606,1,5324,Trametes sanguinea,"",eukaryota,false,,,,,,,,,,,,,,,,0.3256725735710627,3,,,90.6667,25.0,10^-6.35054,,,,,,0
5327,1,5324,Trametes hirsuta,"",eukaryota,false,,,,0.3256725735710627,3,,,99.1227,75.3333,10^-37.9804,,,,,,,,,,,,,,,,,,0
5325,1,5324,Trametes versicolor,"",eukaryota,false,,,,0.10855752452368758,1,,,88.889,45.0,10^-11.4429,,,,,,0.4342300980947503,4,,,83.025,23.5,10^-4.99785,,,,,,0
5320,2,5320,Pleurotus,"",eukaryota,false,,,,0.5427876226184379,5,,,96.922,71.0,10^-33.2064,,,,,,0.4342300980947503,4,,,95.875,24.25,10^-7.50214,,,,,"[228216, 5322]",0
228216,1,5320,Pleurotus nebrodensis,"",eukaryota,false,,,,0.21711504904737516,2,,,92.963,64.5,10^-25.3592,,,,,,,,,,,,,,,,,,0
5322,1,5320,Pleurotus ostreatus,oyster mushroom,eukaryota,false,,,,0.3256725735710627,3,,,99.5613,75.3333,10^-38.4379,,,,,,0.4342300980947503,4,,,95.875,24.25,10^-7.50214,,,,,,0
5318,2,5318,Irpex,"",eukaryota,false,,,,,,,,,,,,,,,,0.10855752452368758,1,,,100.0,24.0,10^-8.66555,,,,,[378272],0
378272,1,5318,Irpex rosettiformis,"",eukaryota,false,,,,,,,,,,,,,,,,0.10855752452368758,1,,,100.0,24.0,10^-8.66555,,,,,,0
5314,2,5314,Ganoderma,"",eukaryota,false,,,,0.10855752452368758,1,,,100.0,76.0,10^-39.3489,,,,,,0.10855752452368758,1,,,91.7,24.0,10^-5.94692,,,,,"[1566825, 34456]",0
1566825,1,5314,Ganoderma leucocontextum,"",eukaryota,false,,,,,,,,,,,,,,,,0.10855752452368758,1,,,91.7,24.0,10^-5.94692,,,,,,0
34456,1,5314,Ganoderma adspersum,"",eukaryota,false,,,,0.10855752452368758,1,,,100.0,76.0,10^-39.3489,,,,,,,,,,,,,,,,,,0
5307,2,5307,Phlebia,"",eukaryota,false,,,,0.10855752452368758,1,,,100.0,76.0,10^-39.3489,,,,,,,,,,,,,,,,,[2575967],0
2575967,1,5307,Phlebia wuliangshanensis,"",eukaryota,false,,,,0.10855752452368758,1,,,100.0,76.0,10^-39.3489,,,,,,,,,,,,,,,,,,0
5305,2,5305,Phanerochaete,"",eukaryota,false,,,,0.3256725735710627,3,,,100.0,75.6667,10^-39.1221,,,,,,0.21711504904737516,2,,,97.9,24.0,10^-8.15434,,,,,"[1536520, 231932, 194680, 194679]",0
1536520,1,5305,Phanerochaete cf. australis RG-2014,"",eukaryota,false,,,,0.10855752452368758,1,,,100.0,75.0,10^-38.6685,,,,,,,,,,,,,,,,,,0
231932,1,5305,Phanerochaete carnosa,"",eukaryota,false,,,,,,,,,,,,,,,,0.21711504904737516,2,,,97.9,24.0,10^-8.15434,,,,,,0
194680,1,5305,Phanerochaete velutina,"",eukaryota,false,,,,0.10855752452368758,1,,,100.0,76.0,10^-39.3489,,,,,,,,,,,,,,,,,,0
194679,1,5305,Phanerochaete stereoides,"",eukaryota,false,,,,0.10855752452368758,1,,,100.0,76.0,10^-39.3489,,,,,,,,,,,,,,,,,,0
5296,2,5296,Puccinia,"",eukaryota,false,,,,,,,,,,,,,,,,0.10855752452368758,1,,,87.5,24.0,10^-5.98716,,,,,[27349],0
27349,1,5296,Puccinia sorghi,"",eukaryota,false,,,,,,,,,,,,,,,,0.10855752452368758,1,,,87.5,24.0,10^-5.98716,,,,,,0
5269,2,5269,Ustilago,"",eukaryota,false,,,,0.21711504904737516,2,,,88.318,47.0,10^-12.1111,,,,,,,,,,,,,,,,,[120017],0
120017,1,5269,Ustilago hordei,"",eukaryota,false,,,,0.21711504904737516,2,,,88.318,47.0,10^-12.1111,,,,,,,,,,,,,,,,,,0
5260,2,5260,Melampsora,"",eukaryota,false,,,,,,,,,,,,,,,,0.3256725735710627,3,,,100.0,24.3333,10^-9.56647,,,,,[203908],0
203908,1,5260,Melampsora laricis-populina,"",eukaryota,false,,,,,,,,,,,,,,,,0.3256725735710627,3,,,100.0,24.3333,10^-9.56647,,,,,,0
5251,2,5251,Ceratobasidium,"",eukaryota,false,,,,0.21711504904737516,2,,,100.0,76.0,10^-39.3489,,,,,,,,,,,,,,,,,[170446],0
170446,1,5251,Ceratobasidium sp. AG-Ba,"",eukaryota,false,,,,0.21711504904737516,2,,,100.0,76.0,10^-39.3489,,,,,,,,,,,,,,,,,,0
5240,2,5240,Tulasnella,"",eukaryota,false,,,,,,,,,,,,,,,,0.21711504904737516,2,,,72.9,24.0,10^-3.35348,,,,,"[2600222, 156515]",0
2600222,1,5240,Tulasnella sp. 332,"",eukaryota,false,,,,,,,,,,,,,,,,0.10855752452368758,1,,,70.8,24.0,10^-3.62709,,,,,,0
156515,1,5240,Tulasnella calospora,"",eukaryota,false,,,,,,,,,,,,,,,,0.10855752452368758,1,,,75.0,24.0,10^-3.07988,,,,,,0
5230,2,5230,Auricularia,"",eukaryota,false,,,,0.5427876226184379,5,,,94.7164,68.6,10^-29.657,,,,,,0.21711504904737516,2,,,83.85,24.5,10^-4.3944,,,,,"[1967118, 1579977, 1331295, 160861, 160860]",0
1967118,1,5230,Auricularia sp.,"",eukaryota,false,,,,0.21711504904737516,2,,,94.7105,75.5,10^-33.5192,,,,,,,,,,,,,,,,,,0
1579977,1,5230,Auricularia heimuer,"",eukaryota,false,,,,0.10855752452368758,1,,,91.304,46.0,10^-13.492,,,,,,,,,,,,,,,,,,0
1331295,1,5230,Auricularia subglabra,"",eukaryota,false,,,,,,,,,,,,,,,,0.21711504904737516,2,,,83.85,24.5,10^-4.3944,,,,,,0
160861,1,5230,Auricularia fuscosuccinea,"",eukaryota,false,,,,0.10855752452368758,1,,,100.0,76.0,10^-39.3489,,,,,,,,,,,,,,,,,,0
160860,1,5230,Auricularia delicata,"",eukaryota,false,,,,0.10855752452368758,1,,,92.857,70.0,10^-28.4057,,,,,,,,,,,,,,,,,,0
5228,2,5228,Atractiella,"",eukaryota,false,,,,,,,,,,,,,,,,0.10855752452368758,1,,,87.5,24.0,10^-5.8041,,,,,[1938712],0
1938712,1,5228,Atractiella rhizophila,"",eukaryota,false,,,,,,,,,,,,,,,,0.10855752452368758,1,,,87.5,24.0,10^-5.8041,,,,,,0
5218,2,5218,Exidia,"",eukaryota,false,,,,0.10855752452368758,1,,,94.667,75.0,10^-33.179,,,,,,,,,,,,,,,,,[156611],0
156611,1,5218,Exidia recisa,"",eukaryota,false,,,,0.10855752452368758,1,,,94.667,75.0,10^-33.179,,,,,,,,,,,,,,,,,,0
5209,2,5209,Filobasidium,"",eukaryota,false,,,,,,,,,,,,,,,,0.10855752452368758,1,,,100.0,25.0,10^-5.65956,,,,,[5210],0
5210,1,5209,Filobasidium floriforme,"",eukaryota,false,,,,,,,,,,,,,,,,0.10855752452368758,1,,,100.0,25.0,10^-5.65956,,,,,,0
5206,2,5206,Cryptococcus,"",eukaryota,false,,,,0.3256725735710627,3,,,96.9003,65.6667,10^-30.0469,,,,,,,,,,,,,,,,,"[5619, 5207]",1
5619,1,5206,Cryptococcus wingfieldii,"",eukaryota,false,,,,0.10855752452368758,1,,,93.333,45.0,10^-14.1877,,,,,,,,,,,,,,,,,,0
5207,1,5206,Cryptococcus neoformans,"",eukaryota,false,,,,0.21711504904737516,2,,,98.684,76.0,10^-37.9766,,,,,,,,,,,,,,,,,,1
5193,2,5193,Morchella,"",eukaryota,false,,,,0.10855752452368758,1,,,82.432,74.0,10^-20.1473,,,,,,,,,,,,,,,,,[1174677],0
1174677,1,5193,Morchella sextelata,"",eukaryota,false,,,,0.10855752452368758,1,,,82.432,74.0,10^-20.1473,,,,,,,,,,,,,,,,,,0
5179,2,5179,Sclerotinia,"",eukaryota,false,,,,0.10855752452368758,1,,,100.0,76.0,10^-39.3489,,,,,,0.10855752452368758,1,,,100.0,23.0,10^-5.0511,,,,,"[352851, 5180]",0
352851,1,5179,Sclerotinia nivalis,"",eukaryota,false,,,,,,,,,,,,,,,,0.10855752452368758,1,,,100.0,23.0,10^-5.0511,,,,,,0
5180,1,5179,Sclerotinia sclerotiorum,"",eukaryota,false,,,,0.10855752452368758,1,,,100.0,76.0,10^-39.3489,,,,,,,,,,,,,,,,,,0
5149,2,5149,Chaetomium,"",eukaryota,false,,,,,,,,,,,,,,,,0.3256725735710627,3,,,95.9,24.6667,10^-6.89565,,,,,[38033],0
38033,1,5149,Chaetomium globosum,"",eukaryota,false,,,,,,,,,,,,,,,,0.3256725735710627,3,,,95.9,24.6667,10^-6.89565,,,,,,0
5140,2,5140,Neurospora,"",eukaryota,false,,,,,,,,,,,,,,,,0.21711504904737516,2,,,100.0,24.0,10^-7.88897,,,,,[40127],0
40127,1,5140,Neurospora tetrasperma,"",eukaryota,false,,,,,,,,,,,,,,,,0.21711504904737516,2,,,100.0,24.0,10^-7.88897,,,,,,0
5112,2,5112,Epichloe,"",eukaryota,false,,,,0.21711504904737516,2,,,100.0,76.0,10^-39.3489,,,,,,,,,,,,,,,,,"[79591, 5113]",0
79591,1,5112,Epichloe glyceriae,"",eukaryota,false,,,,0.10855752452368758,1,,,100.0,76.0,10^-39.3489,,,,,,,,,,,,,,,,,,0
5113,1,5112,Epichloe typhina,"",eukaryota,false,,,,0.10855752452368758,1,,,100.0,76.0,10^-39.3489,,,,,,,,,,,,,,,,,,0
5104,2,5104,Ascosphaera,"",eukaryota,false,,,,,,,,,,,,,,,,0.10855752452368758,1,,,96.0,25.0,10^-6.95078,,,,,[51564],0
51564,1,5104,Ascosphaera aggregata,"",eukaryota,false,,,,,,,,,,,,,,,,0.10855752452368758,1,,,96.0,25.0,10^-6.95078,,,,,,0
5094,2,5094,Talaromyces,"",eukaryota,false,,,,0.3256725735710627,3,,,96.5813,59.0,10^-25.9785,,,,,,,,,,,,,,,,,"[1441468, 37727]",1
1441468,1,5094,Talaromyces albobiverticillius,"",eukaryota,false,,,,0.21711504904737516,2,,,100.0,69.0,10^-34.5876,,,,,,,,,,,,,,,,,,0
37727,1,5094,Talaromyces marneffei,"",eukaryota,false,,,,0.10855752452368758,1,,,89.744,39.0,10^-8.76035,,,,,,,,,,,,,,,,,,1
5073,2,5073,Penicillium,"",eukaryota,false,,,,0.5427876226184379,5,,,93.3332,39.6,10^-10.8149,,,,,,0.3256725735710627,3,,,95.9,24.3333,10^-5.71348,,,,,"[1562060, 1561947, 1324776, 126998, 94218, 29845]",0
1562060,1,5073,Penicillium verhagenii,"",eukaryota,false,,,,0.21711504904737516,2,,,88.889,45.0,10^-11.4429,,,,,,,,,,,,,,,,,,0
1561947,1,5073,Penicillium longicatenatum,"",eukaryota,false,,,,,,,,,,,,,,,,0.10855752452368758,1,,,100.0,24.0,10^-5.27491,,,,,,0
1324776,1,5073,Penicillium malachiteum,"",eukaryota,false,,,,,,,,,,,,,,,,0.10855752452368758,1,,,91.7,24.0,10^-4.75203,,,,,,0
126998,1,5073,Penicillium bovifimosum,"",eukaryota,false,,,,0.21711504904737516,2,,,97.222,36.0,10^-10.8537,,,,,,,,,,,,,,,,,,0
94218,1,5073,Penicillium lagena,"",eukaryota,false,,,,,,,,,,,,,,,,0.10855752452368758,1,,,96.0,25.0,10^-7.11351,,,,,,0
29845,1,5073,Penicillium vulpinum,"",eukaryota,false,,,,0.10855752452368758,1,,,94.444,36.0,10^-9.48129,,,,,,,,,,,,,,,,,,0
5052,2,5052,Aspergillus,"",eukaryota,false,,,,1.519805343331626,14,,,95.1209,70.1429,10^-30.7612,,,,,,1.519805343331626,14,,,94.2143,23.5,10^-6.20943,,,,,"[1069201, 746128, 446911, 340412, 162425, 138278, 109264, 51019, 41061, 41047, 5062, 5061, 5059, 5053]",4
1069201,1,5052,Aspergillus luchuensis,"",eukaryota,false,,,,0.10855752452368758,1,,,100.0,75.0,10^-38.6685,,,,,,,,,,,,,,,,,,0
746128,1,5052,Aspergillus fumigatus,"",eukaryota,false,,,,,,,,,,,,,,,,0.5427876226184379,5,,,92.2,22.8,10^-4.11443,,,,,,1
446911,1,5052,Aspergillus uvarum,"",eukaryota,false,,,,0.10855752452368758,1,,,89.394,66.0,10^-22.9418,,,,,,,,,,,,,,,,,,0
340412,1,5052,Aspergillus novofumigatus,"",eukaryota,false,,,,,,,,,,,,,,,,0.3256725735710627,3,,,98.6,24.0,10^-8.31092,,,,,,0
162425,1,5052,Aspergillus nidulans,"",eukaryota,false,,,,,,,,,,,,,,,,0.10855752452368758,1,,,87.5,24.0,10^-3.50307,,,,,,1
138278,1,5052,Aspergillus ochraceoroseus,"",eukaryota,false,,,,,,,,,,,,,,,,0.10855752452368758,1,,,95.5,22.0,10^-6.67162,,,,,,0
109264,1,5052,Aspergillus bombycis,"",eukaryota,false,,,,0.10855752452368758,1,,,94.118,51.0,10^-18.2504,,,,,,,,,,,,,,,,,,0
51019,1,5052,Aspergillus heteromorphus,"",eukaryota,false,,,,0.10855752452368758,1,,,86.842,76.0,10^-25.6252,,,,,,0.4342300980947503,4,,,94.8,24.25,10^-7.81311,,,,,,0
41061,1,5052,Aspergillus nomiae,"",eukaryota,false,,,,0.21711504904737516,2,,,93.982,58.0,10^-22.3149,,,,,,,,,,,,,,,,,,0
41047,1,5052,Aspergillus thermomutatus,"",eukaryota,false,,,,0.10855752452368758,1,,,89.474,76.0,10^-28.37,,,,,,,,,,,,,,,,,,0
5062,1,5052,Aspergillus oryzae,"",eukaryota,false,,,,0.3256725735710627,3,,,99.1227,76.0,10^-38.434,,,,,,,,,,,,,,,,,,0
5061,1,5052,Aspergillus niger,"",eukaryota,false,,,,0.10855752452368758,1,,,98.551,69.0,10^-33.2152,,,,,,,,,,,,,,,,,,1
5059,1,5052,Aspergillus flavus,"",eukaryota,false,,,,0.21711504904737516,2,,,99.3245,75.0,10^-37.9824,,,,,,,,,,,,,,,,,,1
5053,1,5052,Aspergillus aculeatus,"",eukaryota,false,,,,0.10855752452368758,1,,,89.333,75.0,10^-27.6895,,,,,,,,,,,,,,,,,,0
5036,2,5036,Histoplasma,"",eukaryota,false,,,,0.21711504904737516,2,,,99.3245,75.0,10^-37.9824,,,,,,,,,,,,,,,,,[5037],1
5037,1,5036,Histoplasma capsulatum,"",eukaryota,false,,,,0.21711504904737516,2,,,99.3245,75.0,10^-37.9824,,,,,,,,,,,,,,,,,,1
5027,2,5027,Pyrenophora,"",eukaryota,false,,,,0.3256725735710627,3,,,100.0,76.0,10^-39.3489,,,,,,,,,,,,,,,,,[53485],0
53485,1,5027,Pyrenophora teres,"",eukaryota,false,,,,0.3256725735710627,3,,,100.0,76.0,10^-39.3489,,,,,,,,,,,,,,,,,,0
4953,2,4953,Zygosaccharomyces,"",eukaryota,false,,,,0.10855752452368758,1,,,88.71,62.0,10^-20.2242,,,,,,,,,,,,,,,,,[4954],0
4954,1,4953,Zygosaccharomyces bailii,"",eukaryota,false,,,,0.10855752452368758,1,,,88.71,62.0,10^-20.2242,,,,,,,,,,,,,,,,,,0
4943,2,4943,Saccharomycopsis,"",eukaryota,false,,,,0.21711504904737516,2,,,95.946,55.0,10^-23.0455,,,,,,,,,,,,,,,,,[4944],0
4944,1,4943,Saccharomycopsis fibuligera,"",eukaryota,false,,,,0.21711504904737516,2,,,95.946,55.0,10^-23.0455,,,,,,,,,,,,,,,,,,0
4930,2,4930,Saccharomyces,"",eukaryota,false,,,,0.4342300980947503,4,,,94.7643,63.75,10^-27.2532,,,,,,,,,,,,,,,,,"[1080349, 4932]",1
1080349,1,4930,Saccharomyces eubayanus,"",eukaryota,false,,,,0.21711504904737516,2,,,89.5285,52.5,10^-15.8378,,,,,,,,,,,,,,,,,,0
4932,1,4930,Saccharomyces cerevisiae,brewer's yeast,eukaryota,false,,,,0.21711504904737516,2,,,100.0,75.0,10^-38.6685,,,,,,,,,,,,,,,,,,1
4888,2,4888,Smittium,"",eukaryota,false,,,,,,,,,,,,,,,,0.10855752452368758,1,,,96.0,25.0,10^-5.79317,,,,,[133383],0
133383,1,4888,Smittium mucronatum,"",eukaryota,false,,,,,,,,,,,,,,,,0.10855752452368758,1,,,96.0,25.0,10^-5.79317,,,,,,0
4873,2,4873,Gigaspora,"",eukaryota,false,,,,,,,,,,,,,,,,0.10855752452368758,1,,,91.7,24.0,10^-5.76955,,,,,[44941],0
44941,1,4873,Gigaspora rosea,"",eukaryota,false,,,,,,,,,,,,,,,,0.10855752452368758,1,,,91.7,24.0,10^-5.76955,,,,,,0
4863,2,4863,Coemansia,"",eukaryota,false,,,,,,,,,,,,,,,,0.10855752452368758,1,,,100.0,25.0,10^-5.64016,,,,,[2663901],0
2663901,1,4863,Coemansia sp. RSA 454,"",eukaryota,false,,,,,,,,,,,,,,,,0.10855752452368758,1,,,100.0,25.0,10^-5.64016,,,,,,0
4842,2,4842,Rhizopus,"",eukaryota,false,,,,,,,,,,,,,,,,0.10855752452368758,1,,,91.7,24.0,10^-4.44129,,,,,[64495],1
64495,1,4842,Rhizopus arrhizus,"",eukaryota,false,,,,,,,,,,,,,,,,0.10855752452368758,1,,,91.7,24.0,10^-4.44129,,,,,,1
4830,2,4830,Mucor,"",eukaryota,false,,,,0.10855752452368758,1,,,90.909,66.0,10^-24.3141,,,,,,0.3256725735710627,3,,,93.6667,23.0,10^-5.00504,,,,,"[91626, 29924, 29922]",0
91626,1,4830,Mucor ambiguus,"",eukaryota,false,,,,,,,,,,,,,,,,0.10855752452368758,1,,,81.0,21.0,10^-4.09152,,,,,,0
29924,1,4830,Mucor lusitanicus,"",eukaryota,false,,,,,,,,,,,,,,,,0.21711504904737516,2,,,100.0,24.0,10^-5.4618,,,,,,0
29922,1,4830,Mucor mucedo,"",eukaryota,false,,,,0.10855752452368758,1,,,90.909,66.0,10^-24.3141,,,,,,,,,,,,,,,,,,0
4815,2,4815,Spizellomyces,"",eukaryota,false,,,,,,,,,,,,,,,,0.10855752452368758,1,,,91.3,23.0,10^-6.60033,,,,,[117820],0
117820,1,4815,Spizellomyces sp. 'palustris',"",eukaryota,false,,,,,,,,,,,,,,,,0.10855752452368758,1,,,91.3,23.0,10^-6.60033,,,,,,0
4783,2,4783,Phytophthora,"",eukaryota,false,,,,0.21711504904737516,2,,,95.0,40.0,10^-12.1803,,,,,,0.10855752452368758,1,,,95.8,24.0,10^-6.91364,,,,,"[67593, 4792]",0
67593,1,4783,Phytophthora sojae,"",eukaryota,false,,,,0.21711504904737516,2,,,95.0,40.0,10^-12.1803,,,,,,,,,,,,,,,,,,0
4792,1,4783,Phytophthora nicotianae,black shank of tobacco agent,eukaryota,false,,,,,,,,,,,,,,,,0.10855752452368758,1,,,95.8,24.0,10^-6.91364,,,,,,0
4753,2,4753,Pneumocystis,"",eukaryota,false,,,,,,,,,,,,,,,,0.3256725735710627,3,,,94.6667,25.0,10^-7.1538,,,,,[42068],1
42068,1,4753,Pneumocystis jirovecii,"",eukaryota,false,,,,,,,,,,,,,,,,0.3256725735710627,3,,,94.6667,25.0,10^-7.1538,,,,,,1
4719,2,4719,Phoenix,"",eukaryota,false,,,,0.10855752452368758,1,,,84.211,76.0,10^-22.8805,,,,,,,,,,,,,,,,,[42345],0
42345,1,4719,Phoenix dactylifera,date palm,eukaryota,false,,,,0.10855752452368758,1,,,84.211,76.0,10^-22.8805,,,,,,,,,,,,,,,,,,0
4640,2,4640,Musa,"",eukaryota,false,,,,0.10855752452368758,1,,,86.486,37.0,10^-6.03847,,,,,,,,,,,,,,,,,[4641],0
4641,1,4640,Musa acuminata,dwarf banana,eukaryota,false,,,,0.10855752452368758,1,,,86.486,37.0,10^-6.03847,,,,,,,,,,,,,,,,,,0
4575,2,4575,Zea,"",eukaryota,false,,,,0.10855752452368758,1,,,91.892,37.0,10^-8.78321,,,,,,,,,,,,,,,,,[4577],0
4577,1,4575,Zea mays,"",eukaryota,false,,,,0.10855752452368758,1,,,91.892,37.0,10^-8.78321,,,,,,,,,,,,,,,,,,0
4564,2,4564,Triticum,"",eukaryota,false,,,,0.10855752452368758,1,,,88.679,53.0,10^-15.489,,,,,,,,,,,,,,,,,[4565],0
4565,1,4564,Triticum aestivum,bread wheat,eukaryota,false,,,,0.10855752452368758,1,,,88.679,53.0,10^-15.489,,,,,,,,,,,,,,,,,,0
4539,2,4539,Panicum,"",eukaryota,false,,,,0.10855752452368758,1,,,97.368,38.0,10^-12.2026,,,,,,,,,,,,,,,,,[38727],0
38727,1,4539,Panicum virgatum,switchgrass,eukaryota,false,,,,0.10855752452368758,1,,,97.368,38.0,10^-12.2026,,,,,,,,,,,,,,,,,,0
4527,2,4527,Oryza,"",eukaryota,false,,,,0.5427876226184379,5,,,93.9888,56.0,10^-22.2068,,,,,,,,,,,,,,,,,[4530],0
4530,1,4527,Oryza sativa,Asian cultivated rice,eukaryota,false,,,,0.5427876226184379,5,,,93.9888,56.0,10^-22.2068,,,,,,,,,,,,,,,,,,0
4430,2,4430,Nelumbo,"",eukaryota,false,,,,0.10855752452368758,1,,,92.5,40.0,10^-10.8079,,,,,,0.10855752452368758,1,,,94.7,19.0,10^-4.95861,,,,,[4432],0
4432,1,4430,Nelumbo nucifera,sacred lotus,eukaryota,false,,,,0.10855752452368758,1,,,92.5,40.0,10^-10.8079,,,,,,0.10855752452368758,1,,,94.7,19.0,10^-4.95861,,,,,,0
4418,2,4418,Nymphaea,water-lilies,eukaryota,false,,,,,,,,,,,,,,,,0.21711504904737516,2,,,85.4,24.0,10^-6.11749,,,,,[210225],0
210225,1,4418,Nymphaea colorata,pocket water lily,eukaryota,false,,,,,,,,,,,,,,,,0.21711504904737516,2,,,85.4,24.0,10^-6.11749,,,,,,0
4346,2,4346,Rhododendron,"",eukaryota,false,,,,0.10855752452368758,1,,,86.111,36.0,10^-5.36418,,,,,,,,,,,,,,,,,[182163],0
182163,1,4346,Rhododendron vialii,"",eukaryota,false,,,,0.10855752452368758,1,,,86.111,36.0,10^-5.36418,,,,,,,,,,,,,,,,,,0
4295,2,4295,Ilex,"",eukaryota,false,,,,0.4342300980947503,4,,,90.1773,38.5,10^-8.76655,,,,,,,,,,,,,,,,,[4298],0
4298,1,4295,Ilex aquifolium,"",eukaryota,false,,,,0.4342300980947503,4,,,90.1773,38.5,10^-8.76655,,,,,,,,,,,,,,,,,,0
4231,2,4231,Helianthus,"",eukaryota,false,,,,,,,,,,,,,,,,0.10855752452368758,1,,,96.0,25.0,10^-6.92445,,,,,[4232],0
4232,1,4231,Helianthus annuus,common sunflower,eukaryota,false,,,,,,,,,,,,,,,,0.10855752452368758,1,,,96.0,25.0,10^-6.92445,,,,,,0
4219,2,4219,Artemisia,"",eukaryota,false,,,,,,,,,,,,,,,,0.21711504904737516,2,,,97.9,24.0,10^-8.04824,,,,,[35608],0
35608,1,4219,Artemisia annua,sweet wormwood,eukaryota,false,,,,,,,,,,,,,,,,0.21711504904737516,2,,,97.9,24.0,10^-8.04824,,,,,,0
4216,2,4216,Arctium,burdocks,eukaryota,false,,,,0.10855752452368758,1,,,92.105,38.0,10^-9.45781,,,,,,,,,,,,,,,,,[143172],0
143172,1,4216,Arctium minus,"",eukaryota,false,,,,0.10855752452368758,1,,,92.105,38.0,10^-9.45781,,,,,,,,,,,,,,,,,,0
4169,2,4169,Striga,"",eukaryota,false,,,,,,,,,,,,,,,,0.21711504904737516,2,,,72.9,24.0,10^-5.06746,,,,,[68872],0
68872,1,4169,Striga hermonthica,"",eukaryota,false,,,,,,,,,,,,,,,,0.21711504904737516,2,,,72.9,24.0,10^-5.06746,,,,,,0
4128,2,4128,Cuscuta,"",eukaryota,false,,,,,,,,,,,,,,,,0.10855752452368758,1,,,76.0,25.0,10^-4.75449,,,,,[267555],0
267555,1,4128,Cuscuta australis,"",eukaryota,false,,,,,,,,,,,,,,,,0.10855752452368758,1,,,76.0,25.0,10^-4.75449,,,,,,0
4107,2,4107,Solanum,"",eukaryota,false,,,,0.10855752452368758,1,,,97.222,36.0,10^-10.8537,,,,,,0.10855752452368758,1,,,96.0,25.0,10^-5.95861,,,,,"[50273, 4113]",0
50273,1,4107,Solanum pinnatisectum,tansyleaf nightshade,eukaryota,false,,,,0.10855752452368758,1,,,97.222,36.0,10^-10.8537,,,,,,,,,,,,,,,,,,0
4113,1,4107,Solanum tuberosum,potato,eukaryota,false,,,,,,,,,,,,,,,,0.10855752452368758,1,,,96.0,25.0,10^-5.95861,,,,,,0
4057,2,4057,Catharanthus,"",eukaryota,false,,,,,,,,,,,,,,,,0.10855752452368758,1,,,87.5,24.0,10^-7.66354,,,,,[4058],0
4058,1,4057,Catharanthus roseus,Madagascar periwinkle,eukaryota,false,,,,,,,,,,,,,,,,0.10855752452368758,1,,,87.5,24.0,10^-7.66354,,,,,,0
4051,2,4051,Hedera,"",eukaryota,false,,,,0.10855752452368758,1,,,86.486,37.0,10^-6.03847,,,,,,,,,,,,,,,,,[4052],0
4052,1,4051,Hedera helix,"",eukaryota,false,,,,0.10855752452368758,1,,,86.486,37.0,10^-6.03847,,,,,,,,,,,,,,,,,,0
4022,2,4022,Acer,maple trees,eukaryota,false,,,,,,,,,,,,,,,,0.10855752452368758,1,,,78.3,23.0,10^-3.36754,,,,,[4024],0
4024,1,4022,Acer saccharum,sugar maple,eukaryota,false,,,,,,,,,,,,,,,,0.10855752452368758,1,,,78.3,23.0,10^-3.36754,,,,,,0
4005,2,4005,Linum,"",eukaryota,false,,,,0.10855752452368758,1,,,91.892,37.0,10^-8.78321,,,,,,,,,,,,,,,,,[4006],0
4006,1,4005,Linum usitatissimum,flax,eukaryota,false,,,,0.10855752452368758,1,,,91.892,37.0,10^-8.78321,,,,,,,,,,,,,,,,,,0
3990,2,3990,Euphorbia,spurges,eukaryota,false,,,,0.10855752452368758,1,,,89.474,38.0,10^-8.08544,,,,,,,,,,,,,,,,,[38846],0
38846,1,3990,Euphorbia peplus,"",eukaryota,false,,,,0.10855752452368758,1,,,89.474,38.0,10^-8.08544,,,,,,,,,,,,,,,,,,0
3987,2,3987,Ricinus,"",eukaryota,false,,,,0.21711504904737516,2,,,100.0,75.0,10^-38.6685,,,,,,0.21711504904737516,2,,,100.0,24.0,10^-6.15179,,,,,[3988],0
3988,1,3987,Ricinus communis,castor bean,eukaryota,false,,,,0.21711504904737516,2,,,100.0,75.0,10^-38.6685,,,,,,0.21711504904737516,2,,,100.0,24.0,10^-6.15179,,,,,,0
3980,2,3980,Hevea,"",eukaryota,false,,,,,,,,,,,,,,,,0.10855752452368758,1,,,79.2,24.0,10^-3.36754,,,,,[3981],0
3981,1,3980,Hevea brasiliensis,rubber tree,eukaryota,false,,,,,,,,,,,,,,,,0.10855752452368758,1,,,79.2,24.0,10^-3.36754,,,,,,0
3913,2,3913,Vigna,"",eukaryota,false,,,,0.6513451471421254,6,,,95.6363,64.8333,10^-28.1029,,,,,,19.648911938787453,181,,,65.1059,56.8232,10^-11.9949,,,,,[3917],0
3917,1,3913,Vigna unguiculata,cowpea,eukaryota,false,,,,0.6513451471421254,6,,,95.6363,64.8333,10^-28.1029,,,,,,19.648911938787453,181,,,65.1059,56.8232,10^-11.9949,,,,,,0
3898,2,3898,Trifolium,"",eukaryota,false,,,,,,,,,,,,,,,,0.10855752452368758,1,,,81.0,21.0,10^-3.23958,,,,,[3899],0
3899,1,3898,Trifolium repens,white clover,eukaryota,false,,,,,,,,,,,,,,,,0.10855752452368758,1,,,81.0,21.0,10^-3.23958,,,,,,0
3887,2,3887,Pisum,"",eukaryota,false,,,,,,,,,,,,,,,,0.10855752452368758,1,,,94.7,19.0,10^-3.07212,,,,,[3888],0
3888,1,3887,Pisum sativum,garden pea,eukaryota,false,,,,,,,,,,,,,,,,0.10855752452368758,1,,,94.7,19.0,10^-3.07212,,,,,,0
3877,2,3877,Medicago,medics,eukaryota,false,,,,0.21711504904737516,2,,,84.211,38.0,10^-5.3407,,,,,,0.10855752452368758,1,,,90.9,22.0,10^-4.30539,,,,,[3880],0
3880,1,3877,Medicago truncatula,barrel medic,eukaryota,false,,,,0.21711504904737516,2,,,84.211,38.0,10^-5.3407,,,,,,0.10855752452368758,1,,,90.9,22.0,10^-4.30539,,,,,,0
3869,2,3869,Lupinus,"",eukaryota,false,,,,,,,,,,,,,,,,1.4112478188079385,13,,,90.3308,23.9231,10^-5.23442,,,,,[3870],0
3870,1,3869,Lupinus albus,white lupine,eukaryota,false,,,,,,,,,,,,,,,,1.4112478188079385,13,,,90.3308,23.9231,10^-5.23442,,,,,,0
3846,2,3846,Glycine,"",eukaryota,false,,,,0.10855752452368758,1,,,95.0,40.0,10^-12.1803,,,,,,,,,,,,,,,,,[3847],0
3847,1,3846,Glycine max,soybean,eukaryota,false,,,,0.10855752452368758,1,,,95.0,40.0,10^-12.1803,,,,,,,,,,,,,,,,,,0
3761,2,3761,Geum,"",eukaryota,false,,,,0.21711504904737516,2,,,91.813,37.0,10^-8.78337,,,,,,,,,,,,,,,,,[57919],0
57919,1,3761,Geum urbanum,"",eukaryota,false,,,,0.21711504904737516,2,,,91.813,37.0,10^-8.78337,,,,,,,,,,,,,,,,,,0
3754,2,3754,Prunus,"",eukaryota,false,,,,,,,,,,,,,,,,0.10855752452368758,1,,,78.3,23.0,10^-3.51004,,,,,[3755],0
3755,1,3754,Prunus dulcis,almond,eukaryota,false,,,,,,,,,,,,,,,,0.10855752452368758,1,,,78.3,23.0,10^-3.51004,,,,,,0
3705,2,3705,Brassica,"",eukaryota,false,,,,,,,,,,,,,,,,0.10855752452368758,1,,,87.5,24.0,10^-4.0804,,,,,[3708],0
3708,1,3705,Brassica napus,rape,eukaryota,false,,,,,,,,,,,,,,,,0.10855752452368758,1,,,87.5,24.0,10^-4.0804,,,,,,0
3701,2,3701,Arabidopsis,"",eukaryota,false,,,,0.21711504904737516,2,,,100.0,71.0,10^-35.9483,,,,,,0.10855752452368758,1,,,70.8,24.0,10^-3.21968,,,,,[3702],0
3702,1,3701,Arabidopsis thaliana,thale cress,eukaryota,false,,,,0.21711504904737516,2,,,100.0,71.0,10^-35.9483,,,,,,0.10855752452368758,1,,,70.8,24.0,10^-3.21968,,,,,,0
3689,2,3689,Populus,poplars,eukaryota,false,,,,,,,,,,,,,,,,0.10855752452368758,1,,,100.0,21.0,10^-6.2636,,,,,[444605],0
444605,1,3689,Populus alba x Populus x berolinensis,"",eukaryota,false,,,,,,,,,,,,,,,,0.10855752452368758,1,,,100.0,21.0,10^-6.2636,,,,,,0
3655,2,3655,Cucumis,"",eukaryota,false,,,,0.4342300980947503,4,,,91.9955,37.5,10^-9.12059,,,,,,,,,,,,,,,,,[3656],0
3656,1,3655,Cucumis melo,muskmelon,eukaryota,false,,,,0.4342300980947503,4,,,91.9955,37.5,10^-9.12059,,,,,,,,,,,,,,,,,,0
3633,2,3633,Gossypium,"",eukaryota,false,,,,,,,,,,,,,,,,0.10855752452368758,1,,,78.3,23.0,10^-5.4045,,,,,[47600],0
47600,1,3633,Gossypium anomalum,"",eukaryota,false,,,,,,,,,,,,,,,,0.10855752452368758,1,,,78.3,23.0,10^-5.4045,,,,,,0
3624,2,3624,Actinidia,"",eukaryota,false,,,,0.10855752452368758,1,,,89.189,37.0,10^-7.41084,,,,,,,,,,,,,,,,,[165200],0
165200,1,3624,Actinidia eriantha,"",eukaryota,false,,,,0.10855752452368758,1,,,89.189,37.0,10^-7.41084,,,,,,,,,,,,,,,,,,0
3603,2,3603,Vitis,"",eukaryota,false,,,,,,,,,,,,,,,,0.10855752452368758,1,,,100.0,24.0,10^-4.96658,,,,,[29760],0
29760,1,3603,Vitis vinifera,wine grape,eukaryota,false,,,,,,,,,,,,,,,,0.10855752452368758,1,,,100.0,24.0,10^-4.96658,,,,,,0
3558,2,3558,Chenopodium,"",eukaryota,false,,,,0.21711504904737516,2,,,85.4285,47.5,10^-10.4033,,,,,,,,,,,,,,,,,"[63459, 3559]",0
63459,1,3558,Chenopodium quinoa,quinoa,eukaryota,false,,,,0.10855752452368758,1,,,84.746,59.0,10^-15.4424,,,,,,,,,,,,,,,,,,0
3559,1,3558,Chenopodium album,"",eukaryota,false,,,,0.10855752452368758,1,,,86.111,36.0,10^-5.36418,,,,,,,,,,,,,,,,,,0
3554,2,3554,Beta,"",eukaryota,false,,,,0.10855752452368758,1,,,83.333,42.0,10^-6.66961,,,,,,0.5427876226184379,5,,,87.44,23.8,10^-5.00625,,,,,[161934],0
161934,1,3554,Beta vulgaris,"",eukaryota,false,,,,0.10855752452368758,1,,,83.333,42.0,10^-6.66961,,,,,,0.5427876226184379,5,,,87.44,23.8,10^-5.00625,,,,,,0
3511,2,3511,Quercus,"",eukaryota,false,,,,0.10855752452368758,1,,,80.952,42.0,10^-5.29724,,,,,,,,,,,,,,,,,[103481],0
103481,1,3511,Quercus variabilis,"",eukaryota,false,,,,0.10855752452368758,1,,,80.952,42.0,10^-5.29724,,,,,,,,,,,,,,,,,,0
3497,2,3497,Morus,mulberries,eukaryota,false,,,,0.10855752452368758,1,,,91.667,72.0,10^-28.3935,,,,,,,,,,,,,,,,,[981085],0
981085,1,3497,Morus notabilis,"",eukaryota,false,,,,0.10855752452368758,1,,,91.667,72.0,10^-28.3935,,,,,,,,,,,,,,,,,,0
3475,2,3475,Parasponia,"",eukaryota,false,,,,,,,,,,,,,,,,0.10855752452368758,1,,,88.0,25.0,10^-7.41229,,,,,[3476],0
3476,1,3475,Parasponia andersonii,"",eukaryota,false,,,,,,,,,,,,,,,,0.10855752452368758,1,,,88.0,25.0,10^-7.41229,,,,,,0
3468,2,3468,Papaver,"",eukaryota,false,,,,0.10855752452368758,1,,,90.909,44.0,10^-12.1389,,,,,,0.10855752452368758,1,,,96.0,25.0,10^-8.75945,,,,,"[74822, 3469]",0
74822,1,3468,Papaver californicum,"",eukaryota,false,,,,,,,,,,,,,,,,0.10855752452368758,1,,,96.0,25.0,10^-8.75945,,,,,,0
3469,1,3468,Papaver somniferum,opium poppy,eukaryota,false,,,,0.10855752452368758,1,,,90.909,44.0,10^-12.1389,,,,,,,,,,,,,,,,,,0
3368,2,3368,Cryptomeria,"",eukaryota,false,,,,,,,,,,,,,,,,0.10855752452368758,1,,,95.8,24.0,10^-3.08092,,,,,[3369],0
3369,1,3368,Cryptomeria japonica,Japanese cedar,eukaryota,false,,,,,,,,,,,,,,,,0.10855752452368758,1,,,95.8,24.0,10^-3.08092,,,,,,0
3323,2,3323,Keteleeria,"",eukaryota,false,,,,,,,,,,,,,,,,0.10855752452368758,1,,,100.0,24.0,10^-3.98716,,,,,[3324],0
3324,1,3323,Keteleeria davidiana,"",eukaryota,false,,,,,,,,,,,,,,,,0.10855752452368758,1,,,100.0,24.0,10^-3.98716,,,,,,0
3196,2,3196,Marchantia,"",eukaryota,false,,,,0.10855752452368758,1,,,88.889,54.0,10^-16.1671,,,,,,0.5427876226184379,5,,,88.36,24.2,10^-5.60043,,,,,"[56867, 3197]",0
56867,1,3196,Marchantia paleacea,"",eukaryota,false,,,,,,,,,,,,,,,,0.21711504904737516,2,,,92.0,25.0,10^-7.61147,,,,,,0
3197,1,3196,Marchantia polymorpha,liverwort,eukaryota,false,,,,0.10855752452368758,1,,,88.889,54.0,10^-16.1671,,,,,,0.3256725735710627,3,,,85.9333,23.6667,10^-4.25974,,,,,,0
3052,2,3052,Chlamydomonas,"",eukaryota,false,,,,,,,,,,,,,,,,0.10855752452368758,1,,,100.0,24.0,10^-6.32606,,,,,[3055],0
3055,1,3052,Chlamydomonas reinhardtii,"",eukaryota,false,,,,,,,,,,,,,,,,0.10855752452368758,1,,,100.0,24.0,10^-6.32606,,,,,,0
2857,2,2857,Nitzschia,"",eukaryota,false,,,,0.21711504904737516,2,,,91.25,40.0,10^-10.1217,,,,,,,,,,,,,,,,,[3034176],0
3034176,1,2857,Nitzschia sp. pyKryTriq1,"",eukaryota,false,,,,0.21711504904737516,2,,,91.25,40.0,10^-10.1217,,,,,,,,,,,,,,,,,,0
2747,2,2747,Carnobacterium,"",bacteria,false,,,,,,,,,,,,,,,,0.10855752452368758,1,,,92.0,25.0,10^-5.6968,,,,,[2751],0
2751,1,2747,Carnobacterium maltaromaticum,"",bacteria,false,,,,,,,,,,,,,,,,0.10855752452368758,1,,,92.0,25.0,10^-5.6968,,,,,,0
2745,2,2745,Halomonas,"",bacteria,false,,,,0.10855752452368758,1,,,78.947,76.0,10^-17.391,,,,,,0.10855752452368758,1,,,72.0,25.0,10^-3.4437,,,,,"[664683, 44935]",0
664683,1,2745,Halomonas titanicae,"",bacteria,false,,,,,,,,,,,,,,,,0.10855752452368758,1,,,72.0,25.0,10^-3.4437,,,,,,0
44935,1,2745,Halomonas venusta,"",bacteria,false,,,,0.10855752452368758,1,,,78.947,76.0,10^-17.391,,,,,,,,,,,,,,,,,,0
2737,2,2737,Vagococcus,"",bacteria,false,,,,,,,,,,,,,,,,0.10855752452368758,1,,,72.0,25.0,10^-6.45842,,,,,[81947],0
81947,1,2737,Vagococcus lutrae,"",bacteria,false,,,,,,,,,,,,,,,,0.10855752452368758,1,,,72.0,25.0,10^-6.45842,,,,,,0
2723,2,2723,Hirschia,"",bacteria,false,,,,0.10855752452368758,1,,,89.091,55.0,10^-16.8453,,,,,,,,,,,,,,,,,[2724],0
2724,1,2723,Hirschia baltica,"",bacteria,false,,,,0.10855752452368758,1,,,89.091,55.0,10^-16.8453,,,,,,,,,,,,,,,,,,0
2706,2,2706,Citrus,"",eukaryota,false,,,,0.10855752452368758,1,,,88.372,43.0,10^-10.0903,,,,,,,,,,,,,,,,,[85681],0
85681,1,2706,Citrus x clementina,"",eukaryota,false,,,,0.10855752452368758,1,,,88.372,43.0,10^-10.0903,,,,,,,,,,,,,,,,,,0
2701,2,2701,Gardnerella,"",bacteria,false,,,,,,,,,,,,,,,,0.10855752452368758,1,,,77.3,22.0,10^-4.5817,,,,,[2702],1
2702,1,2701,Gardnerella vaginalis,"",bacteria,false,,,,,,,,,,,,,,,,0.10855752452368758,1,,,77.3,22.0,10^-4.5817,,,,,,1
2433,2,2433,Roseobacter,"",bacteria,false,,,,,,,,,,,,,,,,0.10855752452368758,1,,,76.0,25.0,10^-5.383,,,,,[351016],0
351016,1,2433,Roseobacter sp. AzwK-3b,"",bacteria,false,,,,,,,,,,,,,,,,0.10855752452368758,1,,,76.0,25.0,10^-5.383,,,,,,0
2132,2,2132,Spiroplasma,"",bacteria,false,,,,16.392186203076825,151,,,98.8618,303.636,10^-188.221,,,,,,,,,,,,,,,,,"[362837, 319049, 216964, 216944, 216938, 216937, 216936, 216935, 216932, 2145, 2142, 2137, 2136]",0
362837,1,2132,Spiroplasma cantharicola,"",bacteria,false,,,,0.10855752452368758,1,,,100.0,76.0,10^-39.3489,,,,,,,,,,,,,,,,,,0
319049,1,2132,uncultured Spiroplasma sp.,"",bacteria,false,,,,0.4342300980947503,4,,,98.2883,74.0,10^-36.273,,,,,,,,,,,,,,,,,,0
216964,1,2132,Spiroplasma sp. BIUS-1,"",bacteria,false,,,,0.10855752452368758,1,,,98.667,75.0,10^-35.9238,,,,,,,,,,,,,,,,,,0
216944,1,2132,Spiroplasma sabaudiense,"",bacteria,false,,,,0.3256725735710627,3,,,99.5613,71.0,10^-35.4924,,,,,,,,,,,,,,,,,,0
216938,1,2132,Spiroplasma helicoides,"",bacteria,false,,,,0.10855752452368758,1,,,98.684,76.0,10^-37.9766,,,,,,,,,,,,,,,,,,0
216937,1,2132,Spiroplasma floricola,"",bacteria,false,,,,3.4738407847580026,32,,,96.2057,182.406,10^-76.7078,,,,,,,,,,,,,,,,,,0
216936,1,2132,Spiroplasma diminutum,"",bacteria,false,,,,0.759902671665813,7,,,99.431,73.2857,10^-36.9152,,,,,,,,,,,,,,,,,,0
216935,1,2132,Spiroplasma culicicola,"",bacteria,false,,,,0.3256725735710627,3,,,97.7833,74.6667,10^-36.1545,,,,,,,,,,,,,,,,,,0
216932,1,2132,Spiroplasma chinense,"",bacteria,false,,,,0.21711504904737516,2,,,100.0,75.0,10^-38.6685,,,,,,,,,,,,,,,,,,0
2145,1,2132,Spiroplasma taiwanense,"",bacteria,false,,,,0.3256725735710627,3,,,100.0,75.6667,10^-39.1221,,,,,,,,,,,,,,,,,,0
2142,1,2132,Spiroplasma diabroticae,"",bacteria,false,,,,9.87873473165557,91,,,99.725,416.879,10^-273.932,,,,,,,,,,,,,,,,,,0
2137,1,2132,Spiroplasma apis,"",bacteria,false,,,,0.10855752452368758,1,,,98.649,74.0,10^-36.6158,,,,,,,,,,,,,,,,,,0
2136,1,2132,Spiroplasma monobiae,"",bacteria,false,,,,0.21711504904737516,2,,,98.684,76.0,10^-37.9766,,,,,,,,,,,,,,,,,,0
2093,2,2093,Mycoplasma,"",bacteria,false,,,,0.21711504904737516,2,,,99.342,76.0,10^-38.6628,,,,,,0.10855752452368758,1,,,95.8,24.0,10^-5.51145,,,,,"[2102, 2095]",0
2102,1,2093,Mycoplasma mycoides,"",bacteria,false,,,,0.21711504904737516,2,,,99.342,76.0,10^-38.6628,,,,,,,,,,,,,,,,,,0
2095,1,2093,Mycoplasma capricolum,"",bacteria,false,,,,,,,,,,,,,,,,0.10855752452368758,1,,,95.8,24.0,10^-5.51145,,,,,,0
2040,2,2040,Aeromicrobium,"",bacteria,false,,,,0.21711504904737516,2,,,98.026,76.0,10^-37.2904,,,,,,0.21711504904737516,2,,,100.0,25.0,10^-6.74344,,,,,[1736691],0
1736691,1,2040,Aeromicrobium choanae,"",bacteria,false,,,,0.21711504904737516,2,,,98.026,76.0,10^-37.2904,,,,,,0.21711504904737516,2,,,100.0,25.0,10^-6.74344,,,,,,0
2029,2,2029,Kibdelosporangium,"",bacteria,false,,,,0.21711504904737516,2,,,98.684,76.0,10^-37.9766,,,,,,,,,,,,,,,,,[860235],0
860235,1,2029,Kibdelosporangium phytohabitans,"",bacteria,false,,,,0.21711504904737516,2,,,98.684,76.0,10^-37.9766,,,,,,,,,,,,,,,,,,0
1988,2,1988,Actinomadura,"",bacteria,false,,,,0.10855752452368758,1,,,91.667,36.0,10^-8.10892,,,,,,,,,,,,,,,,,[1219491],0
1219491,1,1988,Actinomadura sp. WMMB 499,"",bacteria,false,,,,0.10855752452368758,1,,,91.667,36.0,10^-8.10892,,,,,,,,,,,,,,,,,,0
1883,2,1883,Streptomyces,"",bacteria,false,,,,0.5427876226184379,5,,,91.3188,43.2,10^-11.8752,,,,,,0.10855752452368758,1,,,87.5,24.0,10^-5.02411,,,,,"[2939414, 2931983, 591158, 33899, 1902]",0
2939414,1,1883,Streptomyces sp. HU2014,"",bacteria,false,,,,0.10855752452368758,1,,,85.366,41.0,10^-7.36626,,,,,,,,,,,,,,,,,,0
2931983,1,1883,Streptomyces sp. LRE541,"",bacteria,false,,,,0.10855752452368758,1,,,89.796,49.0,10^-14.1507,,,,,,,,,,,,,,,,,,0
591158,1,1883,Streptomyces sp. AA4,"",bacteria,false,,,,,,,,,,,,,,,,0.10855752452368758,1,,,87.5,24.0,10^-5.02411,,,,,,0
33899,1,1883,Streptomyces galilaeus,"",bacteria,false,,,,0.10855752452368758,1,,,91.837,49.0,10^-15.5231,,,,,,,,,,,,,,,,,,0
1902,1,1883,Streptomyces coelicolor,"",bacteria,false,,,,0.21711504904737516,2,,,94.7975,38.5,10^-11.1679,,,,,,,,,,,,,,,,,,0
1839,2,1839,Nocardioides,"",bacteria,false,,,,0.21711504904737516,2,,,100.0,61.0,10^-29.1516,,,,,,,,,,,,,,,,,"[2589074, 402297]",0
2589074,1,1839,Nocardioides sambongensis,"",bacteria,false,,,,0.10855752452368758,1,,,100.0,61.0,10^-29.1516,,,,,,,,,,,,,,,,,,0
402297,1,1839,Nocardioides daphniae,"",bacteria,false,,,,0.10855752452368758,1,,,100.0,61.0,10^-29.1516,,,,,,,,,,,,,,,,,,0
1827,2,1827,Rhodococcus,"",bacteria,false,,,,0.10855752452368758,1,,,97.368,76.0,10^-36.6042,,,,,,,,,,,,,,,,,[103816],0
103816,1,1827,Rhodococcus pyridinivorans,"",bacteria,false,,,,0.10855752452368758,1,,,97.368,76.0,10^-36.6042,,,,,,,,,,,,,,,,,,0
1763,2,1763,Mycobacterium,"",bacteria,false,,,,,,,,,,,,,,,,0.3256725735710627,3,,,86.6667,25.0,10^-4.6261,,,,,"[1964395, 171292, 1773]",1
1964395,1,1763,Mycobacterium ahvazicum,"",bacteria,false,,,,,,,,,,,,,,,,0.10855752452368758,1,,,96.0,25.0,10^-4.83863,,,,,,0
171292,1,1763,uncultured Mycobacterium sp.,"",bacteria,false,,,,,,,,,,,,,,,,0.10855752452368758,1,,,80.0,25.0,10^-4.97062,,,,,,0
1773,1,1763,Mycobacterium tuberculosis,"",bacteria,false,,,,,,,,,,,,,,,,0.10855752452368758,1,,,84.0,25.0,10^-4.06905,,,,,,1
1716,2,1716,Corynebacterium,"",bacteria,false,,,,0.4342300980947503,4,,,96.1162,62.5,10^-26.7429,,,,,,0.3256725735710627,3,,,95.8333,24.3333,10^-5.78597,,,,,"[2719119, 1232427, 38304, 38286, 38284]",0
2719119,1,1716,Corynebacterium rouxii,"",bacteria,false,,,,,,,,,,,,,,,,0.10855752452368758,1,,,95.8,24.0,10^-6.22113,,,,,,0
1232427,1,1716,Corynebacterium ihumii,"",bacteria,false,,,,0.10855752452368758,1,,,87.097,62.0,10^-18.8518,,,,,,,,,,,,,,,,,,0
38304,1,1716,Corynebacterium tuberculostearicum,"",bacteria,false,,,,0.21711504904737516,2,,,100.0,56.0,10^-25.7579,,,,,,,,,,,,,,,,,,0
38286,1,1716,Corynebacterium afermentans,"",bacteria,false,,,,0.10855752452368758,1,,,97.368,76.0,10^-36.6042,,,,,,0.10855752452368758,1,,,100.0,25.0,10^-5.13549,,,,,,0
38284,1,1716,Corynebacterium accolens,"",bacteria,false,,,,,,,,,,,,,,,,0.10855752452368758,1,,,91.7,24.0,10^-6.0013,,,,,,0
1696,2,1696,Brevibacterium,"",bacteria,false,,,,0.21711504904737516,2,,,92.702,75.5,10^-31.4607,,,,,,,,,,,,,,,,,"[2999062, 199591]",0
2999062,1,1696,Brevibacterium sp. BRM-1,"",bacteria,false,,,,0.10855752452368758,1,,,90.667,75.0,10^-29.0619,,,,,,,,,,,,,,,,,,0
199591,1,1696,Brevibacterium luteolum,"",bacteria,false,,,,0.10855752452368758,1,,,94.737,76.0,10^-33.8595,,,,,,,,,,,,,,,,,,0
1678,2,1678,Bifidobacterium,"",bacteria,false,,,,,,,,,,,,,,,,0.21711504904737516,2,,,84.35,23.5,10^-5.38707,,,,,"[216816, 28026]",0
216816,1,1678,Bifidobacterium longum,"",bacteria,false,,,,,,,,,,,,,,,,0.10855752452368758,1,,,96.0,25.0,10^-7.67778,,,,,,0
28026,1,1678,Bifidobacterium pseudocatenulatum,"",bacteria,false,,,,,,,,,,,,,,,,0.10855752452368758,1,,,72.7,22.0,10^-3.09637,,,,,,0
1647,2,1647,Erysipelothrix,"",bacteria,false,,,,,,,,,,,,,,,,0.10855752452368758,1,,,92.0,25.0,10^-5.28904,,,,,[1648],1
1648,1,1647,Erysipelothrix rhusiopathiae,"",bacteria,false,,,,,,,,,,,,,,,,0.10855752452368758,1,,,92.0,25.0,10^-5.28904,,,,,,1
1637,2,1637,Listeria,"",bacteria,false,,,,,,,,,,,,,,,,0.21711504904737516,2,,,91.3,24.0,10^-6.06365,,,,,[1639],1
1639,1,1637,Listeria monocytogenes,"",bacteria,false,,,,,,,,,,,,,,,,0.21711504904737516,2,,,91.3,24.0,10^-6.06365,,,,,,1
1578,2,1578,Lactobacillus,"",bacteria,false,,,,,,,,,,,,,,,,4.993646128089629,46,,,66.5243,59.6522,10^-15.2486,,,,,"[147802, 109790]",0
147802,1,1578,Lactobacillus iners,"",bacteria,false,,,,,,,,,,,,,,,,4.776531079042253,44,,,65.6504,61.25,10^-15.691,,,,,,0
109790,1,1578,Lactobacillus jensenii,"",bacteria,false,,,,,,,,,,,,,,,,0.21711504904737516,2,,,85.75,24.5,10^-5.51561,,,,,,0
1386,2,1386,Bacillus,"",bacteria,false,,,,0.3256725735710627,3,,,95.8577,62.6667,10^-28.0207,,,,,,0.4342300980947503,4,,,87.3,24.0,10^-5.28759,,,,,"[2846778, 2589818, 2233998, 1428, 1396]",1
2846778,1,1386,Bacillus sp. NP157,"",bacteria,false,,,,0.21711504904737516,2,,,99.342,76.0,10^-38.6628,,,,,,,,,,,,,,,,,,0
2589818,1,1386,Bacillus sp. Cs-700,"",bacteria,false,,,,0.10855752452368758,1,,,88.889,36.0,10^-6.73655,,,,,,,,,,,,,,,,,,0
2233998,1,1386,Bacillus sp. COPE52,"",bacteria,false,,,,,,,,,,,,,,,,0.10855752452368758,1,,,78.3,23.0,10^-4.4698,,,,,,0
1428,1,1386,Bacillus thuringiensis,"",bacteria,false,,,,,,,,,,,,,,,,0.10855752452368758,1,,,100.0,25.0,10^-7.2204,,,,,,0
1396,1,1386,Bacillus cereus,"",bacteria,false,,,,,,,,,,,,,,,,0.21711504904737516,2,,,85.45,24.0,10^-4.73007,,,,,,1
1357,2,1357,Lactococcus,lactic streptococci,bacteria,false,,,,0.9770177207131882,9,,,99.8538,75.4444,10^-38.8184,,,,,,0.21711504904737516,2,,,100.0,24.5,10^-5.92961,,,,,"[1363, 1359, 1358]",0
1363,1,1357,Lactococcus garvieae,"",bacteria,false,,,,0.21711504904737516,2,,,99.342,75.5,10^-38.3225,,,,,,0.21711504904737516,2,,,100.0,24.5,10^-5.92961,,,,,,0
1359,1,1357,Lactococcus cremoris,"",bacteria,false,,,,0.10855752452368758,1,,,100.0,74.0,10^-37.9881,,,,,,,,,,,,,,,,,,0
1358,1,1357,Lactococcus lactis,"",bacteria,false,,,,0.6513451471421254,6,,,100.0,75.6667,10^-39.1221,,,,,,,,,,,,,,,,,,0
1350,2,1350,Enterococcus,"",bacteria,false,,,,4.125185931900128,38,,,98.7744,75.1842,10^-37.5299,,,,,,1.7369203923790013,16,,,95.9313,23.625,10^-6.65064,,,,,"[3031993, 2005703, 1805431, 332949, 317010, 167972, 160453, 118060, 53346, 44008, 37734, 1354, 1353, 1352, 1351]",3
3031993,1,1350,Enterococcus montenegrensis,"",bacteria,false,,,,0.10855752452368758,1,,,100.0,76.0,10^-39.3489,,,,,,,,,,,,,,,,,,0
2005703,1,1350,Enterococcus wangshanyuanii,"",bacteria,false,,,,0.21711504904737516,2,,,100.0,75.5,10^-39.0087,,,,,,,,,,,,,,,,,,0
1805431,1,1350,Enterococcus saigonensis,"",bacteria,false,,,,0.10855752452368758,1,,,100.0,75.0,10^-38.6685,,,,,,,,,,,,,,,,,,0
332949,1,1350,Enterococcus silesiacus,"",bacteria,false,,,,0.10855752452368758,1,,,98.551,69.0,10^-33.2152,,,,,,,,,,,,,,,,,,0
317010,1,1350,Enterococcus canintestini,"",bacteria,false,,,,,,,,,,,,,,,,0.10855752452368758,1,,,90.0,20.0,10^-3.01233,,,,,,0
167972,1,1350,uncultured Enterococcus sp.,"",bacteria,false,,,,0.10855752452368758,1,,,98.649,74.0,10^-36.6158,,,,,,,,,,,,,,,,,,0
160453,1,1350,Enterococcus gilvus,"",bacteria,false,,,,0.10855752452368758,1,,,94.737,76.0,10^-33.8595,,,,,,,,,,,,,,,,,,0
118060,1,1350,Enterococcus rotai,"",bacteria,false,,,,0.21711504904737516,2,,,96.7105,76.0,10^-35.918,,,,,,0.10855752452368758,1,,,100.0,25.0,10^-5.7986,,,,,,0
53346,1,1350,Enterococcus mundtii,"",bacteria,false,,,,,,,,,,,,,,,,0.10855752452368758,1,,,100.0,25.0,10^-7.44249,,,,,,0
44008,1,1350,Enterococcus cecorum,"",bacteria,false,,,,0.10855752452368758,1,,,98.529,68.0,10^-32.5354,,,,,,,,,,,,,,,,,,0
37734,1,1350,Enterococcus casseliflavus,"",bacteria,false,,,,1.1941327697605633,11,,,99.279,75.6364,10^-38.3529,,,,,,,,,,,,,,,,,,0
1354,1,1350,Enterococcus hirae,"",bacteria,false,,,,0.10855752452368758,1,,,100.0,75.0,10^-38.6685,,,,,,,,,,,,,,,,,,0
1353,1,1350,Enterococcus gallinarum,"",bacteria,false,,,,0.21711504904737516,2,,,100.0,76.0,10^-39.3489,,,,,,0.6513451471421254,6,,,96.3833,23.8333,10^-7.40933,,,,,,1
1352,1,1350,Enterococcus faecium,"",bacteria,false,,,,0.8684601961895007,8,,,98.4999,75.5,10^-37.4648,,,,,,0.3256725735710627,3,,,88.8667,24.0,10^-6.93948,,,,,,1
1351,1,1350,Enterococcus faecalis,"",bacteria,false,,,,0.6513451471421254,6,,,98.2457,75.5,10^-37.1789,,,,,,0.4342300980947503,4,,,100.0,23.25,10^-6.2206,,,,,,1
1301,2,1301,Streptococcus,"",bacteria,false,,,,,,,,,,,,,,,,1.0855752452368759,10,,,92.48,23.3,10^-5.51142,,,,,"[1338, 1336, 1313]",2
1338,1,1301,Streptococcus intermedius,"",bacteria,false,,,,,,,,,,,,,,,,0.10855752452368758,1,,,83.3,24.0,10^-5.77469,,,,,,0
1336,1,1301,Streptococcus equi,"",bacteria,false,,,,,,,,,,,,,,,,0.4342300980947503,4,,,96.875,23.25,10^-5.0443,,,,,,1
1313,1,1301,Streptococcus pneumoniae,"",bacteria,false,,,,,,,,,,,,,,,,0.5427876226184379,5,,,90.8,23.2,10^-5.83246,,,,,,1
1298,2,1298,Deinococcus,"",bacteria,false,,,,0.10855752452368758,1,,,88.679,53.0,10^-15.489,,,,,,,,,,,,,,,,,[55148],0
55148,1,1298,Deinococcus proteolyticus,"",bacteria,false,,,,0.10855752452368758,1,,,88.679,53.0,10^-15.489,,,,,,,,,,,,,,,,,,0
1279,2,1279,Staphylococcus,"",bacteria,false,,,,3.365283260234315,31,,,99.3421,76.0,10^-38.6628,,,,,,0.6513451471421254,6,,,92.8167,23.5,10^-6.12133,,,,,"[29382, 1283, 1280]",2
29382,1,1279,Staphylococcus cohnii,"",bacteria,false,,,,1.845477916902689,17,,,98.9766,76.0,10^-38.2815,,,,,,,,,,,,,,,,,,0
1283,1,1279,Staphylococcus haemolyticus,"",bacteria,false,,,,1.3026902942842509,12,,,99.7368,76.0,10^-39.0745,,,,,,,,,,,,,,,,,,1
1280,1,1279,Staphylococcus aureus,"",bacteria,false,,,,0.21711504904737516,2,,,100.0,76.0,10^-39.3489,,,,,,0.6513451471421254,6,,,92.8167,23.5,10^-6.12133,,,,,,1
1253,2,1253,Pediococcus,"",bacteria,false,,,,0.21711504904737516,2,,,98.592,71.0,10^-34.5752,,,,,,,,,,,,,,,,,[1254],0
1254,1,1253,Pediococcus acidilactici,"",bacteria,false,,,,0.21711504904737516,2,,,98.592,71.0,10^-34.5752,,,,,,,,,,,,,,,,,,0
1243,2,1243,Leuconostoc,"",bacteria,false,,,,1.3026902942842509,12,,,99.6665,75.25,10^-38.4955,,,,,,0.21711504904737516,2,,,97.75,22.5,10^-4.80369,,,,,"[115778, 33968, 33964, 1245]",0
115778,1,1243,Leuconostoc gasicomitatum,"",bacteria,false,,,,0.10855752452368758,1,,,98.684,76.0,10^-37.9766,,,,,,,,,,,,,,,,,,0
33968,1,1243,Leuconostoc pseudomesenteroides,"",bacteria,false,,,,0.4342300980947503,4,,,99.6575,74.75,10^-38.1554,,,,,,0.10855752452368758,1,,,95.5,22.0,10^-4.83268,,,,,,0
33964,1,1243,Leuconostoc citreum,"",bacteria,false,,,,0.21711504904737516,2,,,99.342,76.0,10^-38.6628,,,,,,,,,,,,,,,,,,0
1245,1,1243,Leuconostoc mesenteroides,"",bacteria,false,,,,0.5427876226184379,5,,,100.0,75.2,10^-38.8046,,,,,,0.10855752452368758,1,,,100.0,23.0,10^-4.77469,,,,,,0
1203,2,1203,Scytonema,"",bacteria,false,,,,0.10855752452368758,1,,,100.0,67.0,10^-33.228,,,,,,,,,,,,,,,,,[2005464],0
2005464,1,1203,Scytonema sp. NIES-4073,"",bacteria,false,,,,0.10855752452368758,1,,,100.0,67.0,10^-33.228,,,,,,,,,,,,,,,,,,0
1186,2,1186,Calothrix,"",bacteria,false,,,,0.10855752452368758,1,,,86.842,76.0,10^-25.6252,,,,,,,,,,,,,,,,,[1170562],0
1170562,1,1186,Calothrix sp. PCC 6303,"",bacteria,false,,,,0.10855752452368758,1,,,86.842,76.0,10^-25.6252,,,,,,,,,,,,,,,,,,0
1177,2,1177,Nostoc,"",bacteria,false,,,,0.3256725735710627,3,,,95.8333,63.0,10^-28.2399,,,,,,,,,,,,,,,,,"[340711, 224012, 196308]",0
340711,1,1177,uncultured Nostoc sp.,"",bacteria,false,,,,0.10855752452368758,1,,,100.0,74.0,10^-37.9881,,,,,,,,,,,,,,,,,,0
224012,1,1177,Nostoc piscinale,"",bacteria,false,,,,0.10855752452368758,1,,,87.5,40.0,10^-8.06317,,,,,,,,,,,,,,,,,,0
196308,1,1177,Nostoc sp. HK-01,"",bacteria,false,,,,0.10855752452368758,1,,,100.0,75.0,10^-38.6685,,,,,,,,,,,,,,,,,,0
1129,2,1129,Synechococcus,"",bacteria,false,,,,0.10855752452368758,1,,,88.732,71.0,10^-24.9686,,,,,,0.10855752452368758,1,,,87.0,23.0,10^-6.21325,,,,,"[166314, 32046]",0
166314,1,1129,Synechococcus sp. WH 8109,"",bacteria,false,,,,,,,,,,,,,,,,0.10855752452368758,1,,,87.0,23.0,10^-6.21325,,,,,,0
32046,1,1129,Synechococcus elongatus,"",bacteria,false,,,,0.10855752452368758,1,,,88.732,71.0,10^-24.9686,,,,,,,,,,,,,,,,,,0
1125,2,1125,Microcystis,"",bacteria,false,,,,0.21711504904737516,2,,,99.342,76.0,10^-38.6628,,,,,,,,,,,,,,,,,[1126],0
1126,1,1125,Microcystis aeruginosa,"",bacteria,false,,,,0.21711504904737516,2,,,99.342,76.0,10^-38.6628,,,,,,,,,,,,,,,,,,0
1016,2,1016,Capnocytophaga,"",bacteria,false,,,,,,,,,,,,,,,,0.21711504904737516,2,,,97.05,19.5,10^-6.46256,,,,,[28189],0
28189,1,1016,Capnocytophaga cynodegmi,"",bacteria,false,,,,,,,,,,,,,,,,0.21711504904737516,2,,,97.05,19.5,10^-6.46256,,,,,,0
963,2,963,Herbaspirillum,"",bacteria,false,,,,0.21711504904737516,2,,,98.0175,75.5,10^-36.9502,,,,,,0.10855752452368758,1,,,96.0,25.0,10^-7.80134,,,,,"[2795117, 863372]",0
2795117,1,963,Herbaspirillum sp. ASV7,"",bacteria,false,,,,,,,,,,,,,,,,0.10855752452368758,1,,,96.0,25.0,10^-7.80134,,,,,,0
863372,1,963,Herbaspirillum huttiense,"",bacteria,false,,,,0.21711504904737516,2,,,98.0175,75.5,10^-36.9502,,,,,,,,,,,,,,,,,,0
953,2,953,Wolbachia,"",bacteria,false,,,,,,,,,,,,,,,,0.5427876226184379,5,,,90.96,24.4,10^-4.34653,,,,,"[2954021, 955]",0
2954021,1,953,Wolbachia endosymbiont (group B) of Ischnura elegans,"",bacteria,false,,,,,,,,,,,,,,,,0.10855752452368758,1,,,88.0,25.0,10^-5.66959,,,,,,0
955,1,953,Wolbachia pipientis,"",bacteria,false,,,,,,,,,,,,,,,,0.4342300980947503,4,,,91.7,24.25,10^-4.01576,,,,,,0
810,2,810,Chlamydia,"",bacteria,false,,,,,,,,,,,,,,,,0.21711504904737516,2,,,85.2,23.5,10^-5.1469,,,,,[813],1
813,1,810,Chlamydia trachomatis,"",bacteria,false,,,,,,,,,,,,,,,,0.21711504904737516,2,,,85.2,23.5,10^-5.1469,,,,,,1
780,2,780,Rickettsia,"",bacteria,false,,,,,,,,,,,,,,,,0.6513451471421254,6,,,91.8333,24.1667,10^-6.36967,,,,,[782],1
782,1,780,Rickettsia prowazekii,"",bacteria,false,,,,,,,,,,,,,,,,0.6513451471421254,6,,,91.8333,24.1667,10^-6.36967,,,,,,1
768,2,768,Anaplasma,"",bacteria,false,,,,,,,,,,,,,,,,0.10855752452368758,1,,,87.0,23.0,10^-4.16431,,,,,[1872535],0
1872535,1,768,Anaplasma sp.,"",bacteria,false,,,,,,,,,,,,,,,,0.10855752452368758,1,,,87.0,23.0,10^-4.16431,,,,,,0
724,2,724,Haemophilus,"",bacteria,false,,,,,,,,,,,,,,,,2.822495637615877,26,,,91.463,82.0,10^-46.5784,,,,,[727],1
727,1,724,Haemophilus influenzae,"",bacteria,false,,,,,,,,,,,,,,,,2.822495637615877,26,,,91.463,82.0,10^-46.5784,,,,,,1
713,2,713,Actinobacillus,"",bacteria,false,,,,,,,,,,,,,,,,3.7995133583290652,35,,,46.25,160.0,10^-27.4168,,,,,[715],0
715,1,713,Actinobacillus pleuropneumoniae,"",bacteria,false,,,,,,,,,,,,,,,,3.7995133583290652,35,,,46.25,160.0,10^-27.4168,,,,,,0
662,2,662,Vibrio,"",bacteria,false,,,,,,,,,,,,,,,,0.6513451471421254,6,,,90.8,23.5,10^-5.48388,,,,,"[55601, 670, 669, 666]",2
55601,1,662,Vibrio anguillarum,"",bacteria,false,,,,,,,,,,,,,,,,0.10855752452368758,1,,,91.7,24.0,10^-4.70333,,,,,,0
670,1,662,Vibrio parahaemolyticus,"",bacteria,false,,,,,,,,,,,,,,,,0.21711504904737516,2,,,89.6,24.0,10^-5.81608,,,,,,1
669,1,662,Vibrio harveyi,"",bacteria,false,,,,,,,,,,,,,,,,0.10855752452368758,1,,,91.3,23.0,10^-8.75449,,,,,,0
666,1,662,Vibrio cholerae,"",bacteria,false,,,,,,,,,,,,,,,,0.21711504904737516,2,,,91.3,23.0,10^-3.90666,,,,,,1
642,2,642,Aeromonas,"",bacteria,false,,,,,,,,,,,,,,,,0.3256725735710627,3,,,95.9333,24.3333,10^-5.01501,,,,,[654],1
654,1,642,Aeromonas veronii,"",bacteria,false,,,,,,,,,,,,,,,,0.3256725735710627,3,,,95.9333,24.3333,10^-5.01501,,,,,,1
635,2,635,Edwardsiella,"",bacteria,false,,,,0.10855752452368758,1,,,100.0,75.0,10^-38.6685,,,,,,,,,,,,,,,,,[636],1
636,1,635,Edwardsiella tarda,"",bacteria,false,,,,0.10855752452368758,1,,,100.0,75.0,10^-38.6685,,,,,,,,,,,,,,,,,,1
629,2,629,Yersinia,"",bacteria,false,,,,0.10855752452368758,1,,,90.278,72.0,10^-27.0211,,,,,,0.10855752452368758,1,,,95.8,24.0,10^-8.88273,,,,,[630],1
630,1,629,Yersinia enterocolitica,"",bacteria,false,,,,0.10855752452368758,1,,,90.278,72.0,10^-27.0211,,,,,,0.10855752452368758,1,,,95.8,24.0,10^-8.88273,,,,,,1
626,2,626,Xenorhabdus,"",bacteria,false,,,,,,,,,,,,,,,,0.21711504904737516,2,,,97.35,19.5,10^-3.95068,,,,,"[351676, 628]",0
351676,1,626,Xenorhabdus kozodoii,"",bacteria,false,,,,,,,,,,,,,,,,0.10855752452368758,1,,,100.0,20.0,10^-4.5817,,,,,,0
628,1,626,Xenorhabdus nematophila,"",bacteria,false,,,,,,,,,,,,,,,,0.10855752452368758,1,,,94.7,19.0,10^-3.31966,,,,,,0
620,2,620,Shigella,"",bacteria,false,,,,,,,,,,,,,,,,0.21711504904737516,2,,,100.0,24.5,10^-8.66288,,,,,[623],1
623,1,620,Shigella flexneri,"",bacteria,false,,,,,,,,,,,,,,,,0.21711504904737516,2,,,100.0,24.5,10^-8.66288,,,,,,1
613,2,613,Serratia,"",bacteria,false,,,,1.0855752452368759,10,,,99.1378,73.6,10^-36.8934,,,,,,0.21711504904737516,2,,,100.0,24.5,10^-8.10162,,,,,"[82996, 615, 614]",1
82996,1,613,Serratia plymuthica,"",bacteria,false,,,,0.10855752452368758,1,,,96.774,62.0,10^-27.086,,,,,,,,,,,,,,,,,,0
615,1,613,Serratia marcescens,"",bacteria,false,,,,0.8684601961895007,8,,,99.3255,74.875,10^-37.8975,,,,,,0.21711504904737516,2,,,100.0,24.5,10^-8.10162,,,,,,1
614,1,613,Serratia liquefaciens,"",bacteria,false,,,,0.10855752452368758,1,,,100.0,75.0,10^-38.6685,,,,,,,,,,,,,,,,,,0
590,2,590,Salmonella,"",bacteria,false,,,,0.10855752452368758,1,,,94.737,76.0,10^-33.8595,,,,,,3.039610686663252,28,,,97.06,24.15,10^-7.52101,,,,,[28901],1
28901,1,590,Salmonella enterica,"",bacteria,false,,,,0.10855752452368758,1,,,94.737,76.0,10^-33.8595,,,,,,3.039610686663252,28,,,97.06,24.15,10^-7.52101,,,,,,1
586,2,586,Providencia,"",bacteria,false,,,,4.01662840737644,37,,,99.1289,155.135,10^-76.7633,,,,,,7.056239094039692,65,,,89.4042,68.9077,10^-37.7265,,,,,"[638128, 126385, 589, 588, 587]",2
638128,1,586,Providencia sp. AR-3,"",bacteria,false,,,,0.10855752452368758,1,,,100.0,76.0,10^-39.3489,,,,,,,,,,,,,,,,,,0
126385,1,586,Providencia alcalifaciens,"",bacteria,false,,,,0.21711504904737516,2,,,99.3245,74.5,10^-37.6421,,,,,,,,,,,,,,,,,,1
589,1,586,Providencia sp.,"",bacteria,false,,,,0.21711504904737516,2,,,100.0,75.5,10^-39.0087,,,,,,,,,,,,,,,,,,0
588,1,586,Providencia stuartii,"",bacteria,false,,,,0.3256725735710627,3,,,97.807,75.6667,10^-36.8348,,,,,,1.845477916902689,17,,,98.78,82.0,10^-54.5376,,,,,,0
587,1,586,Providencia rettgeri,"",bacteria,false,,,,3.1481682111869396,29,,,99.1621,177.138,10^-87.4857,,,,,,5.2107611771370035,48,,,86.0836,64.2708,10^-31.7726,,,,,,1
583,2,583,Proteus,"",bacteria,false,,,,0.10855752452368758,1,,,100.0,75.0,10^-38.6685,,,,,,,,,,,,,,,,,[584],1
584,1,583,Proteus mirabilis,"",bacteria,false,,,,0.10855752452368758,1,,,100.0,75.0,10^-38.6685,,,,,,,,,,,,,,,,,,1
581,2,581,Morganella,"",bacteria,false,,,,0.3256725735710627,3,,,98.228,75.0,10^-36.8387,,,,,,0.21711504904737516,2,,,100.0,24.5,10^-5.46298,,,,,[582],1
582,1,581,Morganella morganii,"",bacteria,false,,,,0.3256725735710627,3,,,98.228,75.0,10^-36.8387,,,,,,0.21711504904737516,2,,,100.0,24.5,10^-5.46298,,,,,,1
570,2,570,Klebsiella,"",bacteria,false,,,,24.64255806687708,227,,,98.3642,1042.0,10^-274.428,,,,,,13.02690294284251,120,,,89.5547,56.1583,10^-29.3299,,,,,"[1463165, 1134687, 244366, 573, 571, 548]",3
1463165,1,570,Klebsiella quasipneumoniae,"",bacteria,false,,,,,,,,,,,,,,,,0.21711504904737516,2,,,100.0,24.5,10^-8.2275,,,,,,0
1134687,1,570,Klebsiella michiganensis,"",bacteria,false,,,,0.21711504904737516,2,,,100.0,75.5,10^-39.0087,,,,,,0.10855752452368758,1,,,100.0,22.0,10^-6.01773,,,,,,0
244366,1,570,Klebsiella variicola,"",bacteria,false,,,,22.254292527355954,205,,,98.2628,1145.74,10^-299.79,,,,,,0.10855752452368758,1,,,100.0,25.0,10^-7.31966,,,,,,0
573,1,570,Klebsiella pneumoniae,"",bacteria,false,,,,2.1711504904737517,20,,,99.2403,75.25,10^-38.0153,,,,,,2.4968230640448144,23,,,94.8652,24.0435,10^-6.89642,,,,,,1
571,1,570,Klebsiella oxytoca,"",bacteria,false,,,,,,,,,,,,,,,,9.987292256179257,92,,,87.7028,65.9239,10^-36.1128,,,,,,1
548,1,570,Klebsiella aerogenes,"",bacteria,false,,,,,,,,,,,,,,,,0.10855752452368758,1,,,96.0,25.0,10^-8.79049,,,,,,1
561,2,561,Escherichia,"",bacteria,false,,,,26.48803598377977,244,,,99.9782,1209.38,10^-278.689,,,,,,33.2186025042484,306,,,98.1221,83.9211,10^-51.2263,,,,,[562],1
562,1,561,Escherichia coli,"",bacteria,false,,,,26.48803598377977,244,,,99.9782,1209.38,10^-278.689,,,,,,33.2186025042484,306,,,98.1221,83.9211,10^-51.2263,,,,,,1
551,2,551,Erwinia,"",bacteria,false,,,,0.6513451471421254,6,,,95.431,71.3333,10^-31.6006,,,,,,0.759902671665813,7,,,100.0,24.1429,10^-5.44727,,,,,"[2769341, 2769338, 2485126, 665097, 79967, 55212, 55211, 552]",0
2769341,1,551,Erwinia sp. S63,"",bacteria,false,,,,,,,,,,,,,,,,0.10855752452368758,1,,,100.0,24.0,10^-5.41117,,,,,,0
2769338,1,551,Erwinia sp. S38,"",bacteria,false,,,,,,,,,,,,,,,,0.4342300980947503,4,,,100.0,24.25,10^-5.12032,,,,,,0
2485126,1,551,Erwinia sp. JUb26,"",bacteria,false,,,,,,,,,,,,,,,,0.10855752452368758,1,,,100.0,24.0,10^-6.33536,,,,,,0
665097,1,551,Erwinia piriflorinigrans,"",bacteria,false,,,,,,,,,,,,,,,,0.10855752452368758,1,,,100.0,24.0,10^-5.90309,,,,,,0
79967,1,551,Erwinia pyrifoliae,"",bacteria,false,,,,0.21711504904737516,2,,,95.2335,73.5,10^-32.8447,,,,,,,,,,,,,,,,,,0
55212,1,551,Erwinia rhapontici,"",bacteria,false,,,,0.10855752452368758,1,,,100.0,66.0,10^-32.5484,,,,,,,,,,,,,,,,,,0
55211,1,551,Erwinia persicina,"",bacteria,false,,,,0.21711504904737516,2,,,93.4035,75.5,10^-32.1469,,,,,,,,,,,,,,,,,,0
552,1,551,Erwinia amylovora,"",bacteria,false,,,,0.10855752452368758,1,,,95.312,64.0,10^-27.0722,,,,,,,,,,,,,,,,,,0
547,2,547,Enterobacter,"",bacteria,false,,,,6.73056652046863,62,,,99.092,323.903,10^-250.91,,,,,,3.365283260234315,31,,,97.3516,42.4194,10^-20.2317,,,,,"[2870346, 2759673, 2202164, 1812935, 299767, 158836, 61645, 550]",1
2870346,1,547,Enterobacter sp. C2,"",bacteria,false,,,,0.10855752452368758,1,,,94.737,76.0,10^-33.8595,,,,,,,,,,,,,,,,,,0
2759673,1,547,Enterobacter sp. AS-1,"",bacteria,false,,,,,,,,,,,,,,,,0.10855752452368758,1,,,91.7,24.0,10^-5.17393,,,,,,0
2202164,1,547,Enterobacter sp. RIT 418,"",bacteria,false,,,,,,,,,,,,,,,,0.10855752452368758,1,,,100.0,25.0,10^-6.6968,,,,,,0
1812935,1,547,Enterobacter roggenkampii,"",bacteria,false,,,,,,,,,,,,,,,,0.10855752452368758,1,,,100.0,25.0,10^-10.1373,,,,,,0
299767,1,547,Enterobacter ludwigii,"",bacteria,false,,,,0.10855752452368758,1,,,98.667,75.0,10^-37.2961,,,,,,,,,,,,,,,,,,0
158836,1,547,Enterobacter hormaechei,"",bacteria,false,,,,6.187778897850192,57,,,99.2229,345.702,10^-269.72,,,,,,2.931053162139565,27,,,98.037,45.0741,10^-22.2674,,,,,,0
61645,1,547,Enterobacter asburiae,"",bacteria,false,,,,0.10855752452368758,1,,,94.595,74.0,10^-32.4987,,,,,,,,,,,,,,,,,,0
550,1,547,Enterobacter cloacae,"",bacteria,false,,,,0.21711504904737516,2,,,100.0,76.0,10^-39.3489,,,,,,0.10855752452368758,1,,,79.2,24.0,10^-3.95468,,,,,,1
544,2,544,Citrobacter,"",bacteria,false,,,,0.21711504904737516,2,,,94.737,76.0,10^-33.8595,,,,,,21.602947380213827,199,,,94.203,69.0,10^-39.6556,,,,,"[2546350, 1981983]",0
2546350,1,544,Citrobacter arsenatis,"",bacteria,false,,,,0.21711504904737516,2,,,94.737,76.0,10^-33.8595,,,,,,,,,,,,,,,,,,0
1981983,1,544,Citrobacter sp. L55,"",bacteria,false,,,,,,,,,,,,,,,,21.602947380213827,199,,,94.203,69.0,10^-39.6556,,,,,,0
522,2,522,Acidiphilium,"",bacteria,false,,,,,,,,,,,,,,,,1.7369203923790013,16,,,85.95,121.0,10^-69.0545,,,,,[62140],0
62140,1,522,Acidiphilium multivorum,"",bacteria,false,,,,,,,,,,,,,,,,1.7369203923790013,16,,,85.95,121.0,10^-69.0545,,,,,,0
517,2,517,Bordetella,"",bacteria,false,,,,,,,,,,,,,,,,0.10855752452368758,1,,,96.0,25.0,10^-7.63639,,,,,[520],1
520,1,517,Bordetella pertussis,"",bacteria,false,,,,,,,,,,,,,,,,0.10855752452368758,1,,,96.0,25.0,10^-7.63639,,,,,,1
497,2,497,Psychrobacter,"",bacteria,false,,,,0.21711504904737516,2,,,98.6665,75.5,10^-37.6363,,,,,,0.10855752452368758,1,,,96.0,25.0,10^-6.5817,,,,,"[3043330, 1720344, 1028416]",0
3043330,1,497,Psychrobacter sp. WB2,"",bacteria,false,,,,0.10855752452368758,1,,,100.0,76.0,10^-39.3489,,,,,,,,,,,,,,,,,,0
1720344,1,497,Psychrobacter sp. AntiMn-1,"",bacteria,false,,,,0.10855752452368758,1,,,97.333,75.0,10^-35.9238,,,,,,,,,,,,,,,,,,0
1028416,1,497,Psychrobacter sp. DAB_AL43B,"",bacteria,false,,,,,,,,,,,,,,,,0.10855752452368758,1,,,96.0,25.0,10^-6.5817,,,,,,0
469,2,469,Acinetobacter,"",bacteria,false,,,,0.3256725735710627,3,,,99.1227,75.6667,10^-38.2072,,,,,,0.3256725735710627,3,,,90.5667,24.6667,10^-4.95724,,,,,"[165433, 29430, 470]",1
165433,1,469,uncultured Acinetobacter sp.,"",bacteria,false,,,,0.10855752452368758,1,,,98.684,76.0,10^-37.9766,,,,,,,,,,,,,,,,,,0
29430,1,469,Acinetobacter haemolyticus,"",bacteria,false,,,,0.10855752452368758,1,,,100.0,75.0,10^-38.6685,,,,,,,,,,,,,,,,,,0
470,1,469,Acinetobacter baumannii,"",bacteria,false,,,,0.10855752452368758,1,,,98.684,76.0,10^-37.9766,,,,,,0.3256725735710627,3,,,90.5667,24.6667,10^-4.95724,,,,,,1
441,2,441,Gluconobacter,"",bacteria,false,,,,0.759902671665813,7,,,100.0,75.7143,10^-39.1545,,,,,,0.3256725735710627,3,,,98.6,24.3333,10^-6.58518,,,,,"[318683, 38308, 38307, 442]",0
318683,1,441,Gluconobacter albidus,"",bacteria,false,,,,,,,,,,,,,,,,0.10855752452368758,1,,,95.8,24.0,10^-5.06248,,,,,,0
38308,1,441,Gluconobacter frateurii,"",bacteria,false,,,,,,,,,,,,,,,,0.10855752452368758,1,,,100.0,25.0,10^-8.73049,,,,,,0
38307,1,441,Gluconobacter cerinus,"",bacteria,false,,,,,,,,,,,,,,,,0.10855752452368758,1,,,100.0,24.0,10^-5.96257,,,,,,0
442,1,441,Gluconobacter oxydans,"",bacteria,false,,,,0.759902671665813,7,,,100.0,75.7143,10^-39.1545,,,,,,,,,,,,,,,,,,0
434,2,434,Acetobacter,"",bacteria,false,,,,1.3026902942842509,12,,,99.8903,75.75,10^-39.0645,,,,,,1.0855752452368759,10,,,95.92,24.3,10^-7.12697,,,,,"[2817435, 483199, 65959, 438]",0
2817435,1,434,Acetobacter garciniae,"",bacteria,false,,,,,,,,,,,,,,,,0.21711504904737516,2,,,100.0,24.0,10^-7.64397,,,,,,0
483199,1,434,Acetobacter fabarum,"",bacteria,false,,,,,,,,,,,,,,,,0.10855752452368758,1,,,100.0,23.0,10^-8.93554,,,,,,0
65959,1,434,Acetobacter pomorum,"",bacteria,false,,,,,,,,,,,,,,,,0.759902671665813,7,,,94.1714,24.5714,10^-6.72089,,,,,,0
438,1,434,Acetobacter pasteurianus,"",bacteria,false,,,,1.3026902942842509,12,,,99.8903,75.75,10^-39.0645,,,,,,,,,,,,,,,,,,0
407,2,407,Methylobacterium,"",bacteria,false,,,,0.21711504904737516,2,,,98.6665,75.5,10^-37.6363,,,,,,,,,,,,,,,,,"[2202826, 270351]",0
2202826,1,407,Methylobacterium sp. 17Sr1-1,"",bacteria,false,,,,0.10855752452368758,1,,,97.333,75.0,10^-35.9238,,,,,,,,,,,,,,,,,,0
270351,1,407,Methylobacterium aquaticum,"",bacteria,false,,,,0.10855752452368758,1,,,100.0,76.0,10^-39.3489,,,,,,,,,,,,,,,,,,0
379,2,379,Rhizobium,"",bacteria,false,,,,0.21711504904737516,2,,,90.647,71.5,10^-27.3677,,,,,,,,,,,,,,,,,"[2731112, 451876]",0
2731112,1,379,Rhizobium sp. NLR16a,"",bacteria,false,,,,0.10855752452368758,1,,,85.294,68.0,10^-20.1841,,,,,,,,,,,,,,,,,,0
451876,1,379,Rhizobium rhizoryzae,"",bacteria,false,,,,0.10855752452368758,1,,,96.0,75.0,10^-34.5514,,,,,,,,,,,,,,,,,,0
357,2,357,Agrobacterium,"",bacteria,false,,,,0.21711504904737516,2,,,100.0,75.5,10^-39.0087,,,,,,0.10855752452368758,1,,,82.6,23.0,10^-4.30627,,,,,"[1907665, 358]",1
1907665,1,357,Agrobacterium sp. DSM 25558,"",bacteria,false,,,,,,,,,,,,,,,,0.10855752452368758,1,,,82.6,23.0,10^-4.30627,,,,,,0
358,1,357,Agrobacterium tumefaciens,"",bacteria,false,,,,0.21711504904737516,2,,,100.0,75.5,10^-39.0087,,,,,,,,,,,,,,,,,,1
338,2,338,Xanthomonas,"",bacteria,false,,,,0.21711504904737516,2,,,93.5475,46.5,10^-15.2027,,,,,,0.21711504904737516,2,,,100.0,21.0,10^-5.347,,,,,"[56448, 347, 346]",0
56448,1,338,Xanthomonas arboricola,"",bacteria,false,,,,,,,,,,,,,,,,0.10855752452368758,1,,,100.0,18.0,10^-3.37161,,,,,,0
347,1,338,Xanthomonas oryzae,"",bacteria,false,,,,0.21711504904737516,2,,,93.5475,46.5,10^-15.2027,,,,,,,,,,,,,,,,,,0
346,1,338,Xanthomonas citri,"",bacteria,false,,,,,,,,,,,,,,,,0.10855752452368758,1,,,100.0,24.0,10^-7.32239,,,,,,0
286,2,286,Pseudomonas,"",bacteria,false,,,,1.3026902942842509,12,,,97.524,67.5833,10^-31.6927,,,,,,0.6513451471421254,6,,,84.9333,24.5,10^-5.1636,,,,,"[587753, 489632, 129817, 53407, 47885, 47884, 47877, 317, 303, 301, 300, 294, 287]",3
587753,1,286,Pseudomonas chlororaphis,"",bacteria,false,,,,0.10855752452368758,1,,,100.0,75.0,10^-38.6685,,,,,,,,,,,,,,,,,,0
489632,1,286,Pseudomonas chengduensis,"",bacteria,false,,,,0.10855752452368758,1,,,100.0,76.0,10^-39.3489,,,,,,,,,,,,,,,,,,0
129817,1,286,Pseudomonas brenneri,"",bacteria,false,,,,0.10855752452368758,1,,,94.444,36.0,10^-9.48129,,,,,,,,,,,,,,,,,,0
53407,1,286,Pseudomonas asplenii,"",bacteria,false,,,,0.10855752452368758,1,,,93.333,45.0,10^-14.1877,,,,,,,,,,,,,,,,,,0
47885,1,286,Pseudomonas oryzihabitans,"",bacteria,false,,,,0.10855752452368758,1,,,100.0,76.0,10^-39.3489,,,,,,,,,,,,,,,,,,0
47884,1,286,Pseudomonas taetrolens,"",bacteria,false,,,,0.10855752452368758,1,,,95.918,49.0,10^-18.2678,,,,,,,,,,,,,,,,,,0
47877,1,286,Pseudomonas amygdali,"",bacteria,false,,,,,,,,,,,,,,,,0.3256725735710627,3,,,82.3333,24.6667,10^-4.28887,,,,,,0
317,1,286,Pseudomonas syringae,"",bacteria,false,,,,0.10855752452368758,1,,,97.368,76.0,10^-36.6042,,,,,,0.10855752452368758,1,,,92.0,25.0,10^-9.03905,,,,,,0
303,1,286,Pseudomonas putida,"",bacteria,false,,,,0.10855752452368758,1,,,90.541,74.0,10^-28.3816,,,,,,,,,,,,,,,,,,1
301,1,286,Pseudomonas oleovorans,"",bacteria,false,,,,0.10855752452368758,1,,,98.684,76.0,10^-37.9766,,,,,,,,,,,,,,,,,,0
300,1,286,Pseudomonas mendocina,"",bacteria,false,,,,0.21711504904737516,2,,,100.0,76.0,10^-39.3489,,,,,,,,,,,,,,,,,,0
294,1,286,Pseudomonas fluorescens,"",bacteria,false,,,,,,,,,,,,,,,,0.10855752452368758,1,,,82.6,23.0,10^-3.82102,,,,,,1
287,1,286,Pseudomonas aeruginosa,"",bacteria,false,,,,0.10855752452368758,1,,,100.0,76.0,10^-39.3489,,,,,,0.10855752452368758,1,,,88.0,25.0,10^-5.25493,,,,,,1
237,2,237,Flavobacterium,"",bacteria,false,,,,,,,,,,,,,,,,0.759902671665813,7,,,81.7286,24.2857,10^-4.28688,,,,,[239],0
239,1,237,Flavobacterium sp.,"",bacteria,false,,,,,,,,,,,,,,,,0.759902671665813,7,,,81.7286,24.2857,10^-4.28688,,,,,,0
222,2,222,Achromobacter,"",bacteria,false,,,,0.10855752452368758,1,,,100.0,73.0,10^-37.3079,,,,,,,,,,,,,,,,,[85698],1
85698,1,222,Achromobacter xylosoxidans,"",bacteria,false,,,,0.10855752452368758,1,,,100.0,73.0,10^-37.3079,,,,,,,,,,,,,,,,,,1
209,2,209,Helicobacter,"",bacteria,false,,,,0.10855752452368758,1,,,78.049,41.0,10^-3.24915,,,,,,,,,,,,,,,,,[210],1
210,1,209,Helicobacter pylori,"",bacteria,false,,,,0.10855752452368758,1,,,78.049,41.0,10^-3.24915,,,,,,,,,,,,,,,,,,1
194,2,194,Campylobacter,"",bacteria,false,,,,,,,,,,,,,,,,0.6513451471421254,6,,,88.4333,24.6667,10^-5.37766,,,,,[197],1
197,1,194,Campylobacter jejuni,"",bacteria,false,,,,,,,,,,,,,,,,0.6513451471421254,6,,,88.4333,24.6667,10^-5.37766,,,,,,1
191,2,191,Azospirillum,"",bacteria,false,,,,0.10855752452368758,1,,,100.0,76.0,10^-39.3489,,,,,,0.4342300980947503,4,,,85.3,23.75,10^-5.18272,,,,,"[1064539, 193, 192]",0
1064539,1,191,Azospirillum baldaniorum,"",bacteria,false,,,,,,,,,,,,,,,,0.10855752452368758,1,,,87.0,23.0,10^-4.26841,,,,,,0
193,1,191,Azospirillum lipoferum,"",bacteria,false,,,,,,,,,,,,,,,,0.21711504904737516,2,,,87.5,24.0,10^-5.72125,,,,,,0
192,1,191,Azospirillum brasilense,"",bacteria,false,,,,0.10855752452368758,1,,,100.0,76.0,10^-39.3489,,,,,,0.10855752452368758,1,,,79.2,24.0,10^-5.02,,,,,,0
157,2,157,Treponema,"",bacteria,false,,,,,,,,,,,,,,,,0.10855752452368758,1,,,70.8,24.0,10^-3.61798,,,,,[166],0
166,1,157,Treponema sp.,"",bacteria,false,,,,,,,,,,,,,,,,0.10855752452368758,1,,,70.8,24.0,10^-3.61798,,,,,,0
85,2,85,Hyphomonas,"",bacteria,false,,,,,,,,,,,,,,,,0.10855752452368758,1,,,100.0,24.0,10^-6.04096,,,,,[87],0
87,1,85,Hyphomonas sp.,"",bacteria,false,,,,,,,,,,,,,,,,0.10855752452368758,1,,,100.0,24.0,10^-6.04096,,,,,,0
68,2,68,Lysobacter,"",bacteria,false,,,,0.21711504904737516,2,,,91.129,69.0,10^-27.0418,,,,,,,,,,,,,,,,,[69],0
69,1,68,Lysobacter enzymogenes,"",bacteria,false,,,,0.21711504904737516,2,,,91.129,69.0,10^-27.0418,,,,,,,,,,,,,,,,,,0
-200,2,-200,all taxa with neither family nor genus classification,,,false,,,,12.049885222129321,111,,,98.0558,72.9099,10^-35.5065,,,,,,8.141814339276568,75,,,89.308,23.8667,10^-5.15381,,,,,"[2980377, 2979986, 2900548, 2822863, 2800934, 2800909, 2789886, 2789885, 2448054, 2070539, 2053489, 2044939, 2039283, 2030927, 2026888, 2026801, 2026780, 2026735, 2026724, 1977087, 1974771, 1933428, 1923706, 1913989, 1913988, 1891241, 1891229, 1869227, 1805027, 1797374, 1795439, 1795437, 1709941, 1709939, 1709932, 1701325, 1343846, 710974, 710788, 710780, 342104, 296830, 220137, 175245, 175244, 175243, 155900, 129623, 118554, 100272, 77133, 2355, 1211, -100]",0
2980377,1,-200,Kvarnon virus,"",viruses,false,,,,,,,,,,,,,,,,0.4342300980947503,4,,,76.25,24.25,10^-3.69984,,,,,,0
2979986,1,-200,Klebsiella phage phiKp_32,"",viruses,true,,,,0.10855752452368758,1,,,95.455,66.0,10^-28.4312,,,,,,,,,,,,,,,,,,0
2900548,1,-200,Actinomycetota bacterium,"",bacteria,false,,,,,,,,,,,,,,,,0.10855752452368758,1,,,96.0,25.0,10^-3.63639,,,,,,0
2822863,1,-200,uncultured Orbales bacterium,"",bacteria,false,,,,0.10855752452368758,1,,,100.0,74.0,10^-37.9881,,,,,,,,,,,,,,,,,,0
2800934,1,-200,Nuyav virus,"",viruses,false,,,,,,,,,,,,,,,,0.10855752452368758,1,,,83.3,24.0,10^-4.3019,,,,,,0
2800909,1,-200,Canya virus,"",viruses,false,,,,,,,,,,,,,,,,0.10855752452368758,1,,,68.0,25.0,10^-3.07624,,,,,,0
2789886,1,-200,Aedes aegypti To virus 2,"",viruses,false,,,,,,,,,,,,,,,,0.3256725735710627,3,,,86.5,24.6667,10^-3.53578,,,,,,0
2789885,1,-200,Aedes aegypti To virus 1,"",viruses,false,,,,,,,,,,,,,,,,0.21711504904737516,2,,,79.2,24.0,10^-3.57797,,,,,,0
2448054,1,-200,Gemmatimonadales bacterium,"",bacteria,false,,,,,,,,,,,,,,,,0.10855752452368758,1,,,75.0,24.0,10^-3.64016,,,,,,0
2070539,1,-200,Gammaproteobacteria bacterium ESL0073,"",bacteria,false,,,,0.21711504904737516,2,,,100.0,76.0,10^-39.3489,,,,,,,,,,,,,,,,,,0
2053489,1,-200,Candidatus Lokiarchaeota archaeon,"",archaea,false,,,,,,,,,,,,,,,,0.10855752452368758,1,,,91.7,24.0,10^-6.08619,,,,,,0
2044939,1,-200,Clostridia bacterium,"",bacteria,false,,,,,,,,,,,,,,,,0.10855752452368758,1,,,91.7,24.0,10^-6.35655,,,,,,0
2039283,1,-200,endosymbiont GvMRE of Glomus versiforme,"",bacteria,false,,,,,,,,,,,,,,,,0.3256725735710627,3,,,88.6333,23.3333,10^-3.48494,,,,,,0
2030927,1,-200,Bacteroidales bacterium,"",bacteria,false,,,,0.10855752452368758,1,,,71.875,64.0,10^-6.48668,,,,,,0.10855752452368758,1,,,72.0,25.0,10^-3.21325,,,,,,0
2026888,1,-200,Thermoleophilia bacterium,"",bacteria,false,,,,,,,,,,,,,,,,0.10855752452368758,1,,,90.5,21.0,10^-6.32331,,,,,,0
2026801,1,-200,Verrucomicrobiales bacterium,"",bacteria,false,,,,,,,,,,,,,,,,0.10855752452368758,1,,,73.9,23.0,10^-3.01144,,,,,,0
2026780,1,-200,Planctomycetota bacterium,"",bacteria,false,,,,,,,,,,,,,,,,0.10855752452368758,1,,,100.0,25.0,10^-4.7122,,,,,,0
2026735,1,-200,Deltaproteobacteria bacterium,"",bacteria,false,,,,,,,,,,,,,,,,0.21711504904737516,2,,,100.0,24.0,10^-5.41524,,,,,,0
2026724,1,-200,Chloroflexota bacterium,"",bacteria,false,,,,,,,,,,,,,,,,0.10855752452368758,1,,,100.0,24.0,10^-6.18111,,,,,,0
1977087,1,-200,Pseudomonadota bacterium,"",bacteria,false,,,,0.10855752452368758,1,,,92.105,76.0,10^-31.1147,,,,,,,,,,,,,,,,,,0
1974771,1,-200,Candidatus Pacebacteria bacterium CG10_big_fil_rev_8_21_14_0_10_45_6,"",bacteria,false,,,,,,,,,,,,,,,,0.10855752452368758,1,,,95.0,20.0,10^-4.58336,,,,,,0
1933428,1,-200,Microascales sp.,"",eukaryota,false,,,,0.21711504904737516,2,,,100.0,75.5,10^-39.0087,,,,,,,,,,,,,,,,,,0
1923706,1,-200,Wuhan house centipede virus 2,"",viruses,false,,,,0.10855752452368758,1,,,89.744,39.0,10^-8.76035,,,,,,,,,,,,,,,,,,0
1913989,1,-200,Gammaproteobacteria bacterium,"",bacteria,false,,,,,,,,,,,,,,,,1.9540354414263763,18,,,92.6667,24.2778,10^-6.29403,,,,,,0
1913988,1,-200,Alphaproteobacteria bacterium,"",bacteria,false,,,,,,,,,,,,,,,,0.21711504904737516,2,,,89.6,24.0,10^-4.54012,,,,,,0
1891241,1,-200,Betaproteobacteria bacterium,"",bacteria,false,,,,,,,,,,,,,,,,0.10855752452368758,1,,,100.0,25.0,10^-9.43415,,,,,,0
1891229,1,-200,Pseudomonadales bacterium,"",bacteria,false,,,,,,,,,,,,,,,,0.10855752452368758,1,,,96.0,25.0,10^-5.23136,,,,,,0
1869227,1,-200,bacterium,"",bacteria,false,,,,,,,,,,,,,,,,0.10855752452368758,1,,,72.7,22.0,10^-3.0942,,,,,,0
1805027,1,-200,Armatimonadetes bacterium CG2_30_59_28,"",bacteria,false,,,,,,,,,,,,,,,,0.10855752452368758,1,,,91.7,24.0,10^-8.06098,,,,,,0
1797374,1,-200,Bacteroidetes bacterium RIFOXYC12_FULL_35_7,"",bacteria,false,,,,,,,,,,,,,,,,0.10855752452368758,1,,,100.0,22.0,10^-5.32057,,,,,,0
1795439,1,-200,Kaiowa virus,"",viruses,false,,,,,,,,,,,,,,,,0.21711504904737516,2,,,87.85,24.5,10^-5.73638,,,,,,0
1795437,1,-200,Guato virus,"",viruses,false,,,,,,,,,,,,,,,,0.10855752452368758,1,,,80.0,25.0,10^-4.16494,,,,,,0
1709941,1,-200,fungal sp.,"",eukaryota,false,,,,0.10855752452368758,1,,,97.26,73.0,10^-34.5631,,,,,,,,,,,,,,,,,,0
1709939,1,-200,Ascomycota sp.,"",eukaryota,false,,,,0.10855752452368758,1,,,98.667,75.0,10^-37.2961,,,,,,,,,,,,,,,,,,0
1709932,1,-200,Agaricomycetes sp.,"",eukaryota,false,,,,0.10855752452368758,1,,,100.0,76.0,10^-39.3489,,,,,,,,,,,,,,,,,,0
1701325,1,-200,uncultured bacterium 5G12,"",bacteria,false,,,,,,,,,,,,,,,,0.10855752452368758,1,,,91.7,24.0,10^-5.2204,,,,,,0
1343846,1,-200,uncultured bacterium FPPP_33K14,"",bacteria,false,,,,,,,,,,,,,,,,0.10855752452368758,1,,,82.6,23.0,10^-4.92445,,,,,,0
710974,1,-200,uncultured gamma proteobacterium EB750_07C09,"",bacteria,false,,,,,,,,,,,,,,,,0.10855752452368758,1,,,75.0,24.0,10^-3.27572,,,,,,0
710788,1,-200,uncultured Rhodospirillales bacterium HF4000_24M03,"",bacteria,false,,,,,,,,,,,,,,,,0.10855752452368758,1,,,84.0,25.0,10^-8.0,,,,,,0
710780,1,-200,uncultured Rhizobiales bacterium HF4000_32B18,"",bacteria,false,,,,,,,,,,,,,,,,0.21711504904737516,2,,,82.6,23.0,10^-3.8597,,,,,,0
342104,1,-200,uncultured Agaricales,"",eukaryota,false,,,,0.10855752452368758,1,,,100.0,76.0,10^-39.3489,,,,,,,,,,,,,,,,,,0
296830,1,-200,uncultured Rhodospirillales bacterium,"",bacteria,false,,,,0.10855752452368758,1,,,97.222,72.0,10^-33.8829,,,,,,,,,,,,,,,,,,0
220137,1,-200,uncultured Mollicutes bacterium,"",bacteria,false,,,,0.3256725735710627,3,,,99.1227,75.6667,10^-38.2072,,,,,,,,,,,,,,,,,,0
175245,1,-200,uncultured fungus,"",eukaryota,false,,,,1.9540354414263763,18,,,99.5892,74.9444,10^-38.1735,,,,,,,,,,,,,,,,,,0
175244,1,-200,uncultured Basidiomycota,"",eukaryota,false,,,,0.21711504904737516,2,,,100.0,75.5,10^-39.0087,,,,,,,,,,,,,,,,,,0
175243,1,-200,uncultured Ascomycota,"",eukaryota,false,,,,0.10855752452368758,1,,,100.0,76.0,10^-39.3489,,,,,,,,,,,,,,,,,,0
155900,1,-200,uncultured organism,"",,false,,,,0.10855752452368758,1,,,97.368,76.0,10^-36.6042,,,,,,,,,,,,,,,,,,0
129623,1,-200,uncultured bacterium US24,"",bacteria,false,,,,0.10855752452368758,1,,,98.684,76.0,10^-37.9766,,,,,,,,,,,,,,,,,,0
118554,1,-200,Parasitoidea sp. parasitid 'Pas',"",eukaryota,false,,,,,,,,,,,,,,,,0.10855752452368758,1,,,100.0,25.0,10^-6.65956,,,,,,0
100272,1,-200,uncultured eukaryote,"",eukaryota,false,,,,0.4342300980947503,4,,,97.263,68.75,10^-32.364,,,,,,,,,,,,,,,,,,0
77133,1,-200,uncultured bacterium,"",bacteria,false,,,,6.079221373326504,56,,,99.2445,74.6964,10^-37.7036,,,,,,0.10855752452368758,1,,,100.0,24.0,10^-6.82974,,,,,,0
2355,1,-200,unidentified bacterial endosymbiont,"",bacteria,false,,,,0.10855752452368758,1,,,97.368,76.0,10^-36.6042,,,,,,,,,,,,,,,,,,0
1211,1,-200,uncultured cyanobacterium,"",bacteria,false,,,,0.21711504904737516,2,,,96.0,63.0,10^-27.7747,,,,,,,,,,,,,,,,,,0
-100,1,-200,all taxa with neither family nor genus classification,,,false,,,,0.8684601961895007,8,,,89.9654,60.5,10^-20.073,,,,,,1.4112478188079385,13,,,93.1077,23.1538,10^-5.06035,,,,,,0
-200000543,2,-200000543,non-genus-specific reads in family Enterobacteriaceae,,bacteria,false,,,,,,,,,,,,,,,,0.10855752452368758,1,,,95.8,24.0,10^-5.81816,,,,,[2066051],0
2066051,1,-200000543,Enterobacteriaceae bacterium ENNIH1,"",bacteria,false,,,,,,,,,,,,,,,,0.10855752452368758,1,,,95.8,24.0,10^-5.81816,,,,,,0
-200005237,2,-200005237,non-genus-specific reads in family Tulasnellaceae,,eukaryota,false,,,,,,,,,,,,,,,,0.10855752452368758,1,,,100.0,24.0,10^-5.23359,,,,,[2600232],0
2600232,1,-200005237,Tulasnella sp. JGI-2019a,"",eukaryota,false,,,,,,,,,,,,,,,,0.10855752452368758,1,,,100.0,24.0,10^-5.23359,,,,,,0
-200005351,2,-200005351,non-genus-specific reads in family Tricholomataceae,,eukaryota,false,,,,0.10855752452368758,1,,,100.0,76.0,10^-39.3489,,,,,,,,,,,,,,,,,[1916383],0
1916383,1,-200005351,Tricholomataceae sp.,"",eukaryota,false,,,,0.10855752452368758,1,,,100.0,76.0,10^-39.3489,,,,,,,,,,,,,,,,,,0
-200005654,2,-200005654,non-genus-specific reads in family Trypanosomatidae,,eukaryota,false,,,,0.5427876226184379,5,,,97.1552,65.0,10^-29.1358,,,,,,,,,,,,,,,,,"[2116070, 2116055, 699842]",0
2116070,1,-200005654,Trypanosomatidae sp. PNG95,"",eukaryota,false,,,,0.10855752452368758,1,,,98.684,76.0,10^-37.9766,,,,,,,,,,,,,,,,,,0
2116055,1,-200005654,Trypanosomatidae sp. PNG77,"",eukaryota,false,,,,0.3256725735710627,3,,,98.329,57.6667,10^-25.5292,,,,,,,,,,,,,,,,,,0
699842,1,-200005654,uncultured trypanosome,"",eukaryota,false,,,,0.10855752452368758,1,,,92.105,76.0,10^-31.1147,,,,,,,,,,,,,,,,,,0
-200011006,2,-200011006,non-genus-specific reads in family Totiviridae,,viruses,false,,,,,,,,,,,,,,,,0.4342300980947503,4,,,85.75,24.25,10^-4.41368,,,,,"[2689339, 2026601]",0
2689339,1,-200011006,Pisingos virus,"",viruses,false,,,,,,,,,,,,,,,,0.3256725735710627,3,,,86.5667,24.3333,10^-4.17755,,,,,,0
2026601,1,-200011006,Australian Anopheles totivirus,"",viruses,false,,,,,,,,,,,,,,,,0.10855752452368758,1,,,83.3,24.0,10^-5.12205,,,,,,0
-200011012,2,-200011012,non-genus-specific reads in family Partitiviridae,,viruses,false,,,,0.10855752452368758,1,,,100.0,43.0,10^-16.9522,,,,,,0.10855752452368758,1,,,100.0,20.0,10^-3.09854,,,,,[2970631],0
2970631,1,-200011012,Hattula partiti-like virus,"",viruses,false,,,,0.10855752452368758,1,,,100.0,43.0,10^-16.9522,,,,,,0.10855752452368758,1,,,100.0,20.0,10^-3.09854,,,,,,0
-200011270,2,-200011270,non-genus-specific reads in family Rhabdoviridae,,viruses,false,,,,,,,,,,,,,,,,0.6513451471421254,6,,,74.4167,24.0,10^-4.13304,,,,,"[2980584, 2805769, 2689334]",0
2980584,1,-200011270,Inari rhabdovirus,"",viruses,false,,,,,,,,,,,,,,,,0.10855752452368758,1,,,69.6,23.0,10^-4.45717,,,,,,0
2805769,1,-200011270,Evros rhabdovirus 1,"",viruses,false,,,,,,,,,,,,,,,,0.21711504904737516,2,,,65.4,24.5,10^-3.5042,,,,,,0
2689334,1,-200011270,Atrato Rhabdo-like virus 2,"",viruses,false,,,,,,,,,,,,,,,,0.3256725735710627,3,,,82.0333,24.0,10^-4.44422,,,,,,0
-200033925,2,-200033925,non-genus-specific reads in family Entomoplasmataceae,,bacteria,false,,,,0.10855752452368758,1,,,98.592,71.0,10^-34.5752,,,,,,,,,,,,,,,,,[687866],0
687866,1,-200033925,uncultured Entomoplasmataceae bacterium,"",bacteria,false,,,,0.10855752452368758,1,,,98.592,71.0,10^-34.5752,,,,,,,,,,,,,,,,,,0
-200034450,2,-200034450,non-genus-specific reads in family Cortinariaceae,,eukaryota,false,,,,0.10855752452368758,1,,,100.0,76.0,10^-39.3489,,,,,,,,,,,,,,,,,[450312],0
450312,1,-200034450,uncultured Inocybe,"",eukaryota,false,,,,0.10855752452368758,1,,,100.0,76.0,10^-39.3489,,,,,,,,,,,,,,,,,,0
-200037990,2,-200037990,non-genus-specific reads in family Xylariaceae,,eukaryota,false,,,,0.10855752452368758,1,,,100.0,76.0,10^-39.3489,,,,,,,,,,,,,,,,,[1881983],0
1881983,1,-200037990,Xylariaceae sp.,"",eukaryota,false,,,,0.10855752452368758,1,,,100.0,76.0,10^-39.3489,,,,,,,,,,,,,,,,,,0
-200041039,2,-200041039,non-genus-specific reads in family Xenidae,,eukaryota,false,,,,,,,,,,,,,,,,0.10855752452368758,1,,,96.0,25.0,10^-6.32883,,,,,[2784810],0
2784810,1,-200041039,Xenidae sp. PaEr6,"",eukaryota,false,,,,,,,,,,,,,,,,0.10855752452368758,1,,,96.0,25.0,10^-6.32883,,,,,,0
-200063901,2,-200063901,non-genus-specific reads in family Noteridae,,eukaryota,false,,,,,,,,,,,,,,,,0.9770177207131882,9,,,88.406,69.0,10^-38.4377,,,,,[2055466],0
2055466,1,-200063901,Noteridae sp. CSR039,"",eukaryota,false,,,,,,,,,,,,,,,,0.9770177207131882,9,,,88.406,69.0,10^-38.4377,,,,,,0
-200069561,2,-200069561,non-genus-specific reads in family Cocculinidae,,eukaryota,false,,,,0.10855752452368758,1,,,91.111,45.0,10^-12.8153,,,,,,,,,,,,,,,,,[2905040],0
2905040,1,-200069561,Cocculinidae sp. MNHN IM 2013-42752,"",eukaryota,false,,,,0.10855752452368758,1,,,91.111,45.0,10^-12.8153,,,,,,,,,,,,,,,,,,0
-200072117,2,-200072117,non-genus-specific reads in family Omphalotaceae,,eukaryota,false,,,,0.10855752452368758,1,,,100.0,76.0,10^-39.3489,,,,,,,,,,,,,,,,,[2011921],0
2011921,1,-200072117,Omphalotaceae sp.,"",eukaryota,false,,,,0.10855752452368758,1,,,100.0,76.0,10^-39.3489,,,,,,,,,,,,,,,,,,0
-200084994,2,-200084994,non-genus-specific reads in family Acidimicrobiaceae,,bacteria,false,,,,,,,,,,,,,,,,0.10855752452368758,1,,,95.8,24.0,10^-7.09098,,,,,[2024894],0
2024894,1,-200084994,Acidimicrobiaceae bacterium,"",bacteria,false,,,,,,,,,,,,,,,,0.10855752452368758,1,,,95.8,24.0,10^-7.09098,,,,,,0
-200110010,2,-200110010,non-genus-specific reads in family Scirtidae,,eukaryota,false,,,,0.10855752452368758,1,,,92.105,76.0,10^-31.1147,,,,,,,,,,,,,,,,,[2055531],0
2055531,1,-200110010,Scirtidae sp. INB041,"",eukaryota,false,,,,0.10855752452368758,1,,,92.105,76.0,10^-31.1147,,,,,,,,,,,,,,,,,,0
-200135621,2,-200135621,non-genus-specific reads in family Pseudomonadaceae,,bacteria,false,,,,0.10855752452368758,1,,,100.0,74.0,10^-37.9881,,,,,,,,,,,,,,,,,[220135],0
220135,1,-200135621,uncultured Pseudomonadaceae bacterium,"",bacteria,false,,,,0.10855752452368758,1,,,100.0,74.0,10^-37.9881,,,,,,,,,,,,,,,,,,0
-200186665,2,-200186665,non-genus-specific reads in family Metaviridae,,viruses,false,,,,,,,,,,,,,,,,0.3256725735710627,3,,,80.0,25.0,10^-4.71413,,,,,[2689361],0
2689361,1,-200186665,Chibugado virus,"",viruses,false,,,,,,,,,,,,,,,,0.3256725735710627,3,,,80.0,25.0,10^-4.71413,,,,,,0
-200186803,2,-200186803,non-genus-specific reads in family Lachnospiraceae,,bacteria,false,,,,,,,,,,,,,,,,0.21711504904737516,2,,,97.9,24.5,10^-8.71847,,,,,[658089],0
658089,1,-200186803,Lachnospiraceae bacterium 5_1_63FAA,"",bacteria,false,,,,,,,,,,,,,,,,0.21711504904737516,2,,,97.9,24.5,10^-8.71847,,,,,,0
-200189777,2,-200189777,non-genus-specific reads in family Thermomicrobiaceae,,bacteria,false,,,,,,,,,,,,,,,,0.10855752452368758,1,,,90.9,22.0,10^-4.22403,,,,,[2497640],0
2497640,1,-200189777,Thermomicrobiaceae bacterium,"",bacteria,false,,,,,,,,,,,,,,,,0.10855752452368758,1,,,90.9,22.0,10^-4.22403,,,,,,0
-200216572,2,-200216572,non-genus-specific reads in family Oscillospiraceae,,bacteria,false,,,,,,,,,,,,,,,,0.21711504904737516,2,,,85.9,24.5,10^-5.70401,,,,,[1535],0
1535,1,-200216572,[Clostridium] leptum,"",bacteria,false,,,,,,,,,,,,,,,,0.21711504904737516,2,,,85.9,24.5,10^-5.70401,,,,,,0
-200281210,2,-200281210,non-genus-specific reads in family Lichenotheliaceae,,eukaryota,false,,,,0.10855752452368758,1,,,95.238,42.0,10^-13.5315,,,,,,,,,,,,,,,,,[1385579],0
1385579,1,-200281210,Lichenotheliaceae sp. Ertz 17457,"",eukaryota,false,,,,0.10855752452368758,1,,,95.238,42.0,10^-13.5315,,,,,,,,,,,,,,,,,,0
-200563835,2,-200563835,non-genus-specific reads in family Chitinophagaceae,,bacteria,false,,,,,,,,,,,,,,,,0.10855752452368758,1,,,82.6,23.0,10^-5.19179,,,,,[1869212],0
1869212,1,-200563835,Chitinophagaceae bacterium,"",bacteria,false,,,,,,,,,,,,,,,,0.10855752452368758,1,,,82.6,23.0,10^-5.19179,,,,,,0
-201903409,2,-201903409,non-genus-specific reads in family Erwiniaceae,,bacteria,false,,,,,,,,,,,,,,,,0.10855752452368758,1,,,100.0,24.0,10^-8.84164,,,,,[3027565],0
3027565,1,-201903409,Erwiniaceae bacterium L1_55_4,"",bacteria,false,,,,,,,,,,,,,,,,0.10855752452368758,1,,,100.0,24.0,10^-8.84164,,,,,,0
-202169529,2,-202169529,non-genus-specific reads in family Ackermannviridae,,viruses,false,,,,,,,,,,,,,,,,0.10855752452368758,1,,,87.0,23.0,10^-5.32606,,,,,[1542133],0
1542133,1,-202169529,Dickeya phage phiDP23.1,"",viruses,true,,,,,,,,,,,,,,,,0.10855752452368758,1,,,87.0,23.0,10^-5.32606,,,,,,0
