tax_id,tax_level,genus_tax_id,name,common_name,category,is_phage,agg_score,max_z_score,nt_z_score,nt_rpm,nt_count,nt_contigs,nt_contig_r,nt_percent_identity,nt_alignment_length,nt_e_value,nt_bg_mean,nt_bg_stdev,nt_bg_mean_mass_normalized,nt_bg_stdev_mass_normalized,nr_z_score,nr_rpm,nr_count,nr_contigs,nr_contig_r,nr_percent_identity,nr_alignment_length,nr_e_value,nr_bg_mean,nr_bg_stdev,nr_bg_mean_mass_normalized,nr_bg_stdev_mass_normalized,species_tax_ids,known_pathogen
3108216,2,3108216,Jeongeuplla,"",bacteria,false,,,,0.01973803249042,2,,,96.226,53.0,10^-20.9785,,,,,,,,,,,,,,,,,[2998449],0
2998449,1,3108216,Jeongeuplla avenae,"",bacteria,false,,,,0.01973803249042,2,,,96.226,53.0,10^-20.9785,,,,,,,,,,,,,,,,,,0
3076670,2,3076670,Claveliimonas,"",bacteria,false,,,,0.01973803249042,2,,,100.0,100.0,10^-55.6982,,,,,,,,,,,,,,,,,[3028070],0
3028070,1,3076670,Claveliimonas bilis,"",bacteria,false,,,,0.01973803249042,2,,,100.0,100.0,10^-55.6982,,,,,,,,,,,,,,,,,,0
3074372,2,3074372,Selenobaculum,"",bacteria,false,,,,0.00986901624521,1,,,91.0,100.0,10^-43.3469,,,,,,,,,,,,,,,,,[3054208],0
3054208,1,3074372,Selenobaculum gbiensis,"",bacteria,false,,,,0.00986901624521,1,,,91.0,100.0,10^-43.3469,,,,,,,,,,,,,,,,,,0
3051137,2,3051137,Paracidovorax,"",bacteria,false,,,,0.00986901624521,1,,,100.0,101.0,10^-56.3801,,,,,,,,,,,,,,,,,[80867],0
80867,1,3051137,Paracidovorax avenae,"",bacteria,false,,,,0.00986901624521,1,,,100.0,101.0,10^-56.3801,,,,,,,,,,,,,,,,,,0
3050898,2,3050898,Sulfuricystis,"",bacteria,false,,,,0.00986901624521,1,,,100.0,89.0,10^-46.8284,,,,,,,,,,,,,,,,,[2211108],0
2211108,1,3050898,Sulfuricystis multivorans,"",bacteria,false,,,,0.00986901624521,1,,,100.0,89.0,10^-46.8284,,,,,,,,,,,,,,,,,,0
3046369,2,3046369,Aristaeella,"",bacteria,false,,,,0.00986901624521,1,,,94.118,51.0,10^-18.2504,,,,,,,,,,,,,,,,,[3046382],0
3046382,1,3046369,Aristaeella hokkaidonensis,"",bacteria,false,,,,0.00986901624521,1,,,94.118,51.0,10^-18.2504,,,,,,,,,,,,,,,,,,0
3041336,2,3041336,Stipitochalara,"",eukaryota,false,,,,,,,,,,,,,,,,0.00986901624521,1,,,95.8,24.0,10^-7.6925,,,,,[112123],0
112123,1,3041336,Stipitochalara longipes,"",eukaryota,false,,,,,,,,,,,,,,,,0.00986901624521,1,,,95.8,24.0,10^-7.6925,,,,,,0
3026546,2,3026546,Duffyella,"",bacteria,false,,,,0.01973803249042,2,,,98.99,99.0,10^-53.644,,,,,,,,,,,,,,,,,[1619313],0
1619313,1,3026546,Duffyella gerundensis,"",bacteria,false,,,,0.01973803249042,2,,,98.99,99.0,10^-53.644,,,,,,,,,,,,,,,,,,0
3025755,2,3025755,Thomasclavelia,"",bacteria,false,,,,,,,,,,,,,,,,0.01973803249042,2,,,79.2,24.0,10^-3.20551,,,,,[29348],0
29348,1,3025755,Thomasclavelia spiroformis,"",bacteria,false,,,,,,,,,,,,,,,,0.01973803249042,2,,,79.2,24.0,10^-3.20551,,,,,,0
2994361,2,2994361,Protofrankia,"",bacteria,false,,,,0.00986901624521,1,,,89.583,96.0,10^-39.2475,,,,,,,,,,,,,,,,,[2716812],0
2716812,1,2994361,Candidatus Protofrankia datiscae,"",bacteria,false,,,,0.00986901624521,1,,,89.583,96.0,10^-39.2475,,,,,,,,,,,,,,,,,,0
2981776,2,2981776,Paralloneottiosporina,"",eukaryota,false,,,,0.00986901624521,1,,,100.0,101.0,10^-56.3801,,,,,,,,,,,,,,,,,[2934401],0
2934401,1,2981776,Paralloneottiosporina sichuanensis,"",eukaryota,false,,,,0.00986901624521,1,,,100.0,101.0,10^-56.3801,,,,,,,,,,,,,,,,,,0
2979332,2,2979332,Prescottella,"",bacteria,false,,,,,,,,,,,,,,,,0.01973803249042,2,,,93.8,32.0,10^-10.2426,,,,,[43767],1
43767,1,2979332,Prescottella equi,"",bacteria,false,,,,,,,,,,,,,,,,0.01973803249042,2,,,93.8,32.0,10^-10.2426,,,,,,1
2978002,2,2978002,Sheuella,"",bacteria,false,,,,,,,,,,,,,,,,0.00986901624521,1,,,84.8,33.0,10^-10.0191,,,,,[2707330],0
2707330,1,2978002,Sheuella amnicola,"",bacteria,false,,,,,,,,,,,,,,,,0.00986901624521,1,,,84.8,33.0,10^-10.0191,,,,,,0
2974257,2,2974257,Hoylesella,"",bacteria,false,,,,,,,,,,,,,,,,0.04934508122605,5,,,99.4,33.0,10^-11.786,,,,,"[633701, 425941, 386414]",0
633701,1,2974257,Hoylesella saccharolytica,"",bacteria,false,,,,,,,,,,,,,,,,0.01973803249042,2,,,100.0,33.0,10^-11.2652,,,,,,0
425941,1,2974257,Hoylesella nanceiensis,"",bacteria,false,,,,,,,,,,,,,,,,0.01973803249042,2,,,98.5,33.0,10^-11.3806,,,,,,0
386414,1,2974257,Hoylesella timonensis,"",bacteria,false,,,,,,,,,,,,,,,,0.00986901624521,1,,,100.0,33.0,10^-13.6383,,,,,,0
2974251,2,2974251,Segatella,"",bacteria,false,,,,0.06908311371647,7,,,98.609,96.5714,10^-51.7946,,,,,,0.07895212996168,8,,,87.7625,28.375,10^-8.26405,,,,,"[165179, 28135]",0
165179,1,2974251,Segatella copri,"",bacteria,false,,,,0.04934508122605,5,,,98.2526,95.0,10^-50.3713,,,,,,0.07895212996168,8,,,87.7625,28.375,10^-8.26405,,,,,,0
28135,1,2974251,Segatella oris,"",bacteria,false,,,,0.01973803249042,2,,,99.5,100.5,10^-55.3529,,,,,,,,,,,,,,,,,,0
2971678,2,2971678,Melanina,"",eukaryota,false,,,,0.00986901624521,1,,,100.0,101.0,10^-56.3801,,,,,,,,,,,,,,,,,[2806501],0
2806501,1,2971678,Melanina gundecimermaniae,"",eukaryota,false,,,,0.00986901624521,1,,,100.0,101.0,10^-56.3801,,,,,,,,,,,,,,,,,,0
2948734,2,2948734,Gylbovirus,"",viruses,false,,,,109.0723675420609,11052,1,11041,99.0145,12669.3,10^-307.395,,,,,,0.05921409747126,6,,,86.85,27.5,10^-5.91901,,,,,[2955967],0
2955967,1,2948734,Gylbovirus aagae,"",viruses,false,,,,109.0723675420609,11052,1,11041,99.0145,12669.3,10^-307.395,,,,,,0.05921409747126,6,,,86.85,27.5,10^-5.91901,,,,,,0
2946826,2,2946826,Betascleroulivirus,"",viruses,false,,,,,,,,,,,,,,,,0.01973803249042,2,,,98.5,33.0,10^-13.023,,,,,[2955482],0
2955482,1,2946826,Betascleroulivirus etaplasmoparae,"",viruses,false,,,,,,,,,,,,,,,,0.01973803249042,2,,,98.5,33.0,10^-13.023,,,,,,0
2923290,2,2923290,Candidatus Sulfidibacterium,"",bacteria,false,,,,,,,,,,,,,,,,0.00986901624521,1,,,87.5,32.0,10^-9.97469,,,,,[2875962],0
2875962,1,2923290,Candidatus Sulfidibacterium hydrothermale,"",bacteria,false,,,,,,,,,,,,,,,,0.00986901624521,1,,,87.5,32.0,10^-9.97469,,,,,,0
2919364,2,2919364,Novacetimonas,"",bacteria,false,,,,,,,,,,,,,,,,0.01973803249042,2,,,100.0,29.5,10^-10.8675,,,,,[436],0
436,1,2919364,Novacetimonas hansenii,"",bacteria,false,,,,,,,,,,,,,,,,0.01973803249042,2,,,100.0,29.5,10^-10.8675,,,,,,0
2918882,2,2918882,Aduncisulcus,"",eukaryota,false,,,,,,,,,,,,,,,,0.02960704873563,3,,,72.7,29.6667,10^-5.11344,,,,,[2918883],0
2918883,1,2918882,Aduncisulcus paluster,"",eukaryota,false,,,,,,,,,,,,,,,,0.02960704873563,3,,,72.7,29.6667,10^-5.11344,,,,,,0
2910984,2,2910984,Solidesulfovibrio,"",bacteria,false,,,,,,,,,,,,,,,,0.00986901624521,1,,,87.9,33.0,10^-9.64397,,,,,[184917],0
184917,1,2910984,Solidesulfovibrio magneticus,"",bacteria,false,,,,,,,,,,,,,,,,0.00986901624521,1,,,87.9,33.0,10^-9.64397,,,,,,0
2907493,2,2907493,Halocatena,"",archaea,false,,,,0.01973803249042,2,,,95.0495,96.5,10^-46.4506,,,,,,,,,,,,,,,,,[2934937],0
2934937,1,2907493,Halocatena marina,"",archaea,false,,,,0.01973803249042,2,,,95.0495,96.5,10^-46.4506,,,,,,,,,,,,,,,,,,0
2905158,2,2905158,Salinomyces,"",eukaryota,false,,,,,,,,,,,,,,,,0.01973803249042,2,,,90.9,33.0,10^-9.85078,,,,,[706561],0
706561,1,2905158,Salinomyces thailandica,"",eukaryota,false,,,,,,,,,,,,,,,,0.01973803249042,2,,,90.9,33.0,10^-9.85078,,,,,,0
2901189,2,2901189,Halopseudomonas,"",bacteria,false,,,,0.02960704873563,3,,,99.3233,92.6667,10^-49.3287,,,,,,0.01973803249042,2,,,100.0,23.0,10^-4.32239,,,,,"[1434072, 653930, 43306]",0
1434072,1,2901189,Halopseudomonas salegens,"",bacteria,false,,,,0.01973803249042,2,,,98.985,98.5,10^-52.6169,,,,,,,,,,,,,,,,,,0
653930,1,2901189,Halopseudomonas bauzanensis,"",bacteria,false,,,,,,,,,,,,,,,,0.01973803249042,2,,,100.0,23.0,10^-4.32239,,,,,,0
43306,1,2901189,Pseudomonas denitrificans (nom. rej.),"",bacteria,false,,,,0.00986901624521,1,,,100.0,81.0,10^-42.7522,,,,,,,,,,,,,,,,,,0
2901164,2,2901164,Stutzerimonas,"",bacteria,false,,,,0.46384376352486995,47,,,98.5681,86.3191,10^-44.779,,,,,,0.27633245486588,28,,,99.2107,29.5,10^-9.28222,,,,,"[3030652, 2998559, 2968969, 2968968, 2482751, 1211807, 1176257, 638269, 203192, 74829, 316]",0
3030652,1,2901164,Stutzerimonas sp. S1,"",bacteria,false,,,,,,,,,,,,,,,,0.00986901624521,1,,,90.9,33.0,10^-12.3197,,,,,,0
2998559,1,2901164,Stutzerimonas sp. R40042,"",bacteria,false,,,,0.00986901624521,1,,,100.0,67.0,10^-33.228,,,,,,,,,,,,,,,,,,0
2968969,1,2901164,Stutzerimonas frequens,"",bacteria,false,,,,0.01973803249042,2,,,98.5,83.5,10^-42.4045,,,,,,,,,,,,,,,,,,0
2968968,1,2901164,Stutzerimonas degradans,"",bacteria,false,,,,,,,,,,,,,,,,0.00986901624521,1,,,100.0,32.0,10^-8.9101,,,,,,0
2482751,1,2901164,Stutzerimonas nitrititolerans,"",bacteria,false,,,,,,,,,,,,,,,,0.01973803249042,2,,,100.0,27.0,10^-6.02182,,,,,,0
1211807,1,2901164,Stutzerimonas kunmingensis,"",bacteria,false,,,,,,,,,,,,,,,,0.00986901624521,1,,,100.0,32.0,10^-8.9101,,,,,,0
1176257,1,2901164,Stutzerimonas zhaodongensis,"",bacteria,false,,,,,,,,,,,,,,,,0.03947606498084,4,,,99.225,28.0,10^-7.87361,,,,,,0
638269,1,2901164,Stutzerimonas urumqiensis,"",bacteria,false,,,,,,,,,,,,,,,,0.01973803249042,2,,,100.0,33.0,10^-11.8707,,,,,,0
203192,1,2901164,Stutzerimonas chloritidismutans,"",bacteria,false,,,,0.01973803249042,2,,,100.0,69.0,10^-34.5876,,,,,,,,,,,,,,,,,,0
74829,1,2901164,Stutzerimonas balearica,"",bacteria,false,,,,,,,,,,,,,,,,0.00986901624521,1,,,96.9,32.0,10^-11.1421,,,,,,0
316,1,2901164,Stutzerimonas stutzeri,"",bacteria,false,,,,0.41449868229882,42,,,98.469,87.7381,10^-45.6524,,,,,,0.15790425992336,16,,,99.575,29.0625,10^-9.45879,,,,,,0
2893055,2,2893055,Halalkalibacterium (ex Joshi et al. 2022),"",bacteria,false,,,,0.05921409747126,6,,,93.602,91.0,10^-41.5594,,,,,,,,,,,,,,,,,[86665],0
86665,1,2893055,Halalkalibacterium halodurans,"",bacteria,false,,,,0.05921409747126,6,,,93.602,91.0,10^-41.5594,,,,,,,,,,,,,,,,,,0
2892396,2,2892396,Vescimonas,"",bacteria,false,,,,0.01973803249042,2,,,96.907,97.0,10^-49.5358,,,,,,0.00986901624521,1,,,96.9,32.0,10^-9.04191,,,,,[2714353],0
2714353,1,2892396,Vescimonas fastidiosa,"",bacteria,false,,,,0.01973803249042,2,,,96.907,97.0,10^-49.5358,,,,,,0.00986901624521,1,,,96.9,32.0,10^-9.04191,,,,,,0
2891294,2,2891294,Nitrogeniibacter,"",bacteria,false,,,,0.01973803249042,2,,,90.385,104.0,10^-44.7022,,,,,,,,,,,,,,,,,"[2815343, 2016596]",0
2815343,1,2891294,Nitrogeniibacter aestuarii,"",bacteria,false,,,,0.00986901624521,1,,,90.385,104.0,10^-44.7022,,,,,,,,,,,,,,,,,,0
2016596,1,2891294,Nitrogeniibacter mangrovi,"",bacteria,false,,,,0.00986901624521,1,,,90.385,104.0,10^-44.7022,,,,,,,,,,,,,,,,,,0
2888818,2,2888818,Pengzhenrongella,"",bacteria,false,,,,0.00986901624521,1,,,99.01,101.0,10^-55.0077,,,,,,,,,,,,,,,,,[2819238],0
2819238,1,2888818,Pengzhenrongella sicca,"",bacteria,false,,,,0.00986901624521,1,,,99.01,101.0,10^-55.0077,,,,,,,,,,,,,,,,,,0
2886347,2,2886347,Allocoleopsis,"",bacteria,false,,,,0.00986901624521,1,,,96.04,101.0,10^-50.8906,,,,,,,,,,,,,,,,,[2886352],0
2886352,1,2886347,Allocoleopsis franciscana,"",bacteria,false,,,,0.00986901624521,1,,,96.04,101.0,10^-50.8906,,,,,,,,,,,,,,,,,,0
2878382,2,2878382,Microconidiobolus,"",eukaryota,false,,,,0.00986901624521,1,,,93.939,66.0,10^-27.0589,,,,,,,,,,,,,,,,,[1167817],0
1167817,1,2878382,Microconidiobolus nodosus,"",eukaryota,false,,,,0.00986901624521,1,,,93.939,66.0,10^-27.0589,,,,,,,,,,,,,,,,,,0
2878381,2,2878381,Capillidium,"",eukaryota,false,,,,1.11519883570873,113,5,100,86.7834,388.073,10^-136.188,,,,,,,,,,,,,,,,,"[1167838, 1167818, 181046]",0
1167838,1,2878381,Capillidium heterosporum,"",eukaryota,false,,,,1.0658537544826798,108,5,100,86.5518,401.933,10^-140.618,,,,,,,,,,,,,,,,,,0
1167818,1,2878381,Capillidium lobatum,"",eukaryota,false,,,,0.00986901624521,1,,,89.216,102.0,10^-41.9659,,,,,,,,,,,,,,,,,,0
181046,1,2878381,Capillidium rhysosporum,"",eukaryota,false,,,,0.03947606498084,4,,,92.1982,99.25,10^-44.551,,,,,,,,,,,,,,,,,,0
2878373,2,2878373,Neoconidiobolus,"",eukaryota,false,,,,0.01973803249042,2,,,92.941,85.0,10^-37.2418,,,,,,,,,,,,,,,,,[76012],0
76012,1,2878373,Neoconidiobolus thromboides,"",eukaryota,false,,,,0.01973803249042,2,,,92.941,85.0,10^-37.2418,,,,,,,,,,,,,,,,,,0
2861660,2,2861660,Pseudalgibacter,"",bacteria,false,,,,0.00986901624521,1,,,95.05,101.0,10^-49.5182,,,,,,,,,,,,,,,,,[1736674],0
1736674,1,2861660,Pseudalgibacter alginicilyticus,"",bacteria,false,,,,0.00986901624521,1,,,95.05,101.0,10^-49.5182,,,,,,,,,,,,,,,,,,0
2842914,2,2842914,Obscuruvirus,"",viruses,false,,,,,,,,,,,,,,,,0.00986901624521,1,,,62.5,32.0,10^-4.94692,,,,,[2980627],0
2980627,1,2842914,Lestijarvi obscuruvirus,"",viruses,false,,,,,,,,,,,,,,,,0.00986901624521,1,,,62.5,32.0,10^-4.94692,,,,,,0
2842652,2,2842652,Doliuvirus,"",viruses,false,,,,,,,,,,,,,,,,0.0986901624521,10,,,73.09,31.0,10^-6.60275,,,,,[2844094],0
2844094,1,2842652,Doliuvirus culisetae,"",viruses,false,,,,,,,,,,,,,,,,0.0986901624521,10,,,73.09,31.0,10^-6.60275,,,,,,0
2837504,2,2837504,Heyndrickxia,"",bacteria,false,,,,0.00986901624521,1,,,100.0,100.0,10^-54.3258,,,,,,0.00986901624521,1,,,74.1,27.0,10^-6.3439,,,,,[1398],0
1398,1,2837504,Heyndrickxia coagulans,"",bacteria,false,,,,0.00986901624521,1,,,100.0,100.0,10^-54.3258,,,,,,0.00986901624521,1,,,74.1,27.0,10^-6.3439,,,,,,0
2834378,2,2834378,Entomospira,"",bacteria,false,,,,0.24672540613024999,25,,,96.633,74.48,10^-34.431,,,,,,0.05921409747126,6,,,84.5,32.0,10^-9.0858,,,,,"[2719989, 2719988, 2719987]",0
2719989,1,2834378,Entomospira culicis,"",bacteria,false,,,,0.18751130865899,19,,,97.5132,68.4737,10^-31.7121,,,,,,0.05921409747126,6,,,84.5,32.0,10^-9.0858,,,,,,0
2719988,1,2834378,Entomospira entomophila,"",bacteria,false,,,,0.02960704873563,3,,,92.338,86.6667,10^-37.0174,,,,,,,,,,,,,,,,,,0
2719987,1,2834378,Entomospira nematocerorum,"",bacteria,false,,,,0.02960704873563,3,,,95.3533,100.333,10^-49.0636,,,,,,,,,,,,,,,,,,0
2831443,2,2831443,Heliomicrobium,"",bacteria,false,,,,,,,,,,,,,,,,0.06908311371647,7,,,88.6,30.5714,10^-10.3165,,,,,[35701],0
35701,1,2831443,Heliomicrobium modesticaldum,"",bacteria,false,,,,,,,,,,,,,,,,0.06908311371647,7,,,88.6,30.5714,10^-10.3165,,,,,,0
2828348,2,2828348,Occultella,"",bacteria,false,,,,,,,,,,,,,,,,0.01973803249042,2,,,92.25,32.5,10^-9.5283,,,,,[2761496],0
2761496,1,2828348,Occultella aeris,"",bacteria,false,,,,,,,,,,,,,,,,0.01973803249042,2,,,92.25,32.5,10^-9.5283,,,,,,0
2824158,2,2824158,Aquirhabdus,"",bacteria,false,,,,0.00986901624521,1,,,92.079,101.0,10^-45.4011,,,,,,,,,,,,,,,,,[2283318],0
2283318,1,2824158,Aquirhabdus parva,"",bacteria,false,,,,0.00986901624521,1,,,92.079,101.0,10^-45.4011,,,,,,,,,,,,,,,,,,0
2823221,2,2823221,Allgaiera,"",bacteria,false,,,,,,,,,,,,,,,,0.7993903158620099,81,1,74,77.9708,34.5443,10^-11.1769,,,,,[765699],0
765699,1,2823221,Allgaiera indica,"",bacteria,false,,,,,,,,,,,,,,,,0.7993903158620099,81,1,74,77.9708,34.5443,10^-11.1769,,,,,,0
2822655,2,2822655,Endobacterium,"",bacteria,false,,,,,,,,,,,,,,,,0.00986901624521,1,,,96.9,32.0,10^-12.684,,,,,[2663029],0
2663029,1,2822655,Endobacterium cereale,"",bacteria,false,,,,,,,,,,,,,,,,0.00986901624521,1,,,96.9,32.0,10^-12.684,,,,,,0
2818469,2,2818469,Fuscovulum,"",bacteria,false,,,,0.02960704873563,3,,,99.3333,100.333,10^-55.0106,,,,,,,,,,,,,,,,,[3042299],0
3042299,1,2818469,Fuscovulum sp. YMD61,"",bacteria,false,,,,0.02960704873563,3,,,99.3333,100.333,10^-55.0106,,,,,,,,,,,,,,,,,,0
2812025,2,2812025,Syntrophotalea,"",bacteria,false,,,,0.00986901624521,1,,,97.03,101.0,10^-52.2629,,,,,,,,,,,,,,,,,[29542],0
29542,1,2812025,Syntrophotalea acetylenica,"",bacteria,false,,,,0.00986901624521,1,,,97.03,101.0,10^-52.2629,,,,,,,,,,,,,,,,,,0
2807415,2,2807415,Urbifossiella,"",bacteria,false,,,,0.01973803249042,2,,,96.015,100.5,10^-50.5496,,,,,,,,,,,,,,,,,[2528023],0
2528023,1,2807415,Urbifossiella limnaea,"",bacteria,false,,,,0.01973803249042,2,,,96.015,100.5,10^-50.5496,,,,,,,,,,,,,,,,,,0
2807414,2,2807414,Anatilimnocola,"",bacteria,false,,,,0.00986901624521,1,,,86.585,82.0,10^-28.337,,,,,,,,,,,,,,,,,[2528021],0
2528021,1,2807414,Anatilimnocola aggregata,"",bacteria,false,,,,0.00986901624521,1,,,86.585,82.0,10^-28.337,,,,,,,,,,,,,,,,,,0
2805681,2,2805681,Yinghuangia,"",bacteria,false,,,,0.03947606498084,4,,,95.7148,98.5,10^-48.843,,,,,,,,,,,,,,,,,[2896848],0
2896848,1,2805681,Yinghuangia sp. ASG 101,"",bacteria,false,,,,0.03947606498084,4,,,95.7148,98.5,10^-48.843,,,,,,,,,,,,,,,,,,0
2805645,2,2805645,Pedococcus,"",bacteria,false,,,,0.06908311371647,7,,,98.4624,78.5714,10^-39.1667,,,,,,0.01973803249042,2,,,100.0,33.0,10^-10.1099,,,,,[443156],0
443156,1,2805645,Pedococcus dokdonensis,"",bacteria,false,,,,0.06908311371647,7,,,98.4624,78.5714,10^-39.1667,,,,,,0.01973803249042,2,,,100.0,33.0,10^-10.1099,,,,,,0
2801844,2,2801844,Arachnia,"",bacteria,false,,,,0.6612240884290699,67,1,22,95.4441,196.328,10^-90.8871,,,,,,0.1973803249042,20,,,98.79,32.0,10^-11.1707,,,,,"[2220000, 1547448, 1750]",0
2220000,1,2801844,[Pseudopropionibacterium] massiliense,"",bacteria,false,,,,,,,,,,,,,,,,0.01973803249042,2,,,93.95,33.0,10^-10.5169,,,,,,0
1547448,1,2801844,Arachnia rubra,"",bacteria,false,,,,0.02960704873563,3,,,99.1227,84.3333,10^-44.1111,,,,,,0.03947606498084,4,,,99.25,28.0,10^-8.32717,,,,,,0
1750,1,2801844,Arachnia propionica,"",bacteria,false,,,,0.63161703969344,64,1,22,95.2717,201.578,10^-93.0798,,,,,,0.13816622743294,14,,,99.35,33.0,10^-12.0765,,,,,,0
2800373,2,2800373,Priestia,"",bacteria,false,,,,,,,,,,,,,,,,0.00986901624521,1,,,75.9,29.0,10^-3.03339,,,,,[1404],0
1404,1,2800373,Priestia megaterium,"",bacteria,false,,,,,,,,,,,,,,,,0.00986901624521,1,,,75.9,29.0,10^-3.03339,,,,,,0
2796146,2,2796146,Candidatus Nitrosacidococcus,"",bacteria,false,,,,,,,,,,,,,,,,0.05921409747126,6,,,84.8,33.0,10^-10.3146,,,,,[553981],0
553981,1,2796146,Candidatus Nitrosacidococcus tergens,"",bacteria,false,,,,,,,,,,,,,,,,0.05921409747126,6,,,84.8,33.0,10^-10.3146,,,,,,0
2782231,2,2782231,Kaistella,"",bacteria,false,,,,0.15790425992336,16,1,14,97.5159,288.5,10^-135.558,,,,,,0.01973803249042,2,,,100.0,33.0,10^-8.21007,,,,,"[2820270, 1241979, 520603, 421525]",0
2820270,1,2782231,Candidatus Kaistella beijingensis,"",bacteria,false,,,,0.01973803249042,2,,,100.0,89.0,10^-48.2008,,,,,,,,,,,,,,,,,,0
1241979,1,2782231,Kaistella carnis,"",bacteria,false,,,,0.13816622743294,14,1,14,97.161,317.0,10^-148.038,,,,,,,,,,,,,,,,,,0
520603,1,2782231,Kaistella anthropi,"",bacteria,false,,,,,,,,,,,,,,,,0.00986901624521,1,,,100.0,33.0,10^-8.20901,,,,,,0
421525,1,2782231,Kaistella haifensis,"",bacteria,false,,,,,,,,,,,,,,,,0.00986901624521,1,,,100.0,33.0,10^-8.21112,,,,,,0
2782229,2,2782229,Epilithonimonas,"",bacteria,false,,,,0.07895212996168,8,,,97.7233,83.375,10^-42.3188,,,,,,0.0986901624521,10,,,98.26,26.8,10^-7.53482,,,,,"[2487072, 1416779, 454006, 420404, 358687]",0
2487072,1,2782229,Epilithonimonas vandammei,"",bacteria,false,,,,0.05921409747126,6,,,99.6527,90.5,10^-48.7688,,,,,,0.03947606498084,4,,,97.825,28.5,10^-7.82443,,,,,,0
1416779,1,2782229,Epilithonimonas zeae,"",bacteria,false,,,,0.01973803249042,2,,,91.935,62.0,10^-22.9689,,,,,,,,,,,,,,,,,,0
454006,1,2782229,Epilithonimonas hungarica,"",bacteria,false,,,,,,,,,,,,,,,,0.01973803249042,2,,,100.0,25.0,10^-7.15243,,,,,,0
420404,1,2782229,Epilithonimonas hominis,"",bacteria,false,,,,,,,,,,,,,,,,0.00986901624521,1,,,100.0,33.0,10^-12.4123,,,,,,0
358687,1,2782229,Epilithonimonas hispanica,"",bacteria,false,,,,,,,,,,,,,,,,0.02960704873563,3,,,97.1,23.6667,10^-5.77777,,,,,,0
2779868,2,2779868,Gamsiella,"",eukaryota,false,,,,0.00986901624521,1,,,93.22,59.0,10^-22.3043,,,,,,,,,,,,,,,,,[101098],0
101098,1,2779868,Gamsiella multidivaricata,"",eukaryota,false,,,,0.00986901624521,1,,,93.22,59.0,10^-22.3043,,,,,,,,,,,,,,,,,,0
2779867,2,2779867,Actinomortierella,"",eukaryota,false,,,,,,,,,,,,,,,,0.01973803249042,2,,,69.7,28.0,10^-4.2689,,,,,[1343610],0
1343610,1,2779867,Actinomortierella ambigua,"",eukaryota,false,,,,,,,,,,,,,,,,0.01973803249042,2,,,69.7,28.0,10^-4.2689,,,,,,0
2774146,2,2774146,Frigoriglobus,"",bacteria,false,,,,0.01973803249042,2,,,98.8505,90.5,10^-47.8507,,,,,,,,,,,,,,,,,[2774151],0
2774151,1,2774146,Frigoriglobus tundricola,"",bacteria,false,,,,0.01973803249042,2,,,98.8505,90.5,10^-47.8507,,,,,,,,,,,,,,,,,,0
2768738,2,2768738,Spartinivicinus,"",bacteria,false,,,,0.00986901624521,1,,,100.0,101.0,10^-56.3801,,,,,,,,,,,,,,,,,[2683272],0
2683272,1,2768738,Spartinivicinus ruber,"",bacteria,false,,,,0.00986901624521,1,,,100.0,101.0,10^-56.3801,,,,,,,,,,,,,,,,,,0
2767893,2,2767893,Lentilactobacillus,"",bacteria,false,,,,,,,,,,,,,,,,2.29948078513393,233,1,233,87.662,154.0,10^-88.9355,,,,,[152332],0
152332,1,2767893,Lentilactobacillus parakefiri,"",bacteria,false,,,,,,,,,,,,,,,,2.29948078513393,233,1,233,87.662,154.0,10^-88.9355,,,,,,0
2767889,2,2767889,Loigolactobacillus,"",bacteria,false,,,,,,,,,,,,,,,,0.03947606498084,4,,,88.4,25.5,10^-6.30623,,,,,[375175],0
375175,1,2767889,Loigolactobacillus backii,"",bacteria,false,,,,,,,,,,,,,,,,0.03947606498084,4,,,88.4,25.5,10^-6.30623,,,,,,0
2767887,2,2767887,Ligilactobacillus,"",bacteria,false,,,,0.02960704873563,3,,,99.67,98.3333,10^-54.1045,,,,,,0.03947606498084,4,,,92.55,28.5,10^-8.96515,,,,,"[228229, 1624, 1605]",0
228229,1,2767887,Ligilactobacillus saerimneri,"",bacteria,false,,,,0.00986901624521,1,,,99.01,101.0,10^-55.0077,,,,,,,,,,,,,,,,,,0
1624,1,2767887,Ligilactobacillus salivarius,"",bacteria,false,,,,0.01973803249042,2,,,100.0,97.0,10^-53.6529,,,,,,0.02960704873563,3,,,95.1333,27.0,10^-9.45112,,,,,,0
1605,1,2767887,Ligilactobacillus animalis,"",bacteria,false,,,,,,,,,,,,,,,,0.00986901624521,1,,,84.8,33.0,10^-7.50724,,,,,,0
2767886,2,2767886,Levilactobacillus,"",bacteria,false,,,,,,,,,,,,,,,,0.00986901624521,1,,,75.0,32.0,10^-6.28567,,,,,[1580],0
1580,1,2767886,Levilactobacillus brevis,"",bacteria,false,,,,,,,,,,,,,,,,0.00986901624521,1,,,75.0,32.0,10^-6.28567,,,,,,0
2767885,2,2767885,Latilactobacillus,"",bacteria,false,,,,0.82899736459764,84,1,15,99.3635,122.524,10^-62.8294,,,,,,0.2960704873563,30,,,98.5433,31.0667,10^-10.0373,,,,,"[2814244, 28038, 1599]",0
2814244,1,2767885,Latilactobacillus fragifolii,"",bacteria,false,,,,,,,,,,,,,,,,0.00986901624521,1,,,100.0,32.0,10^-12.158,,,,,,0
28038,1,2767885,Latilactobacillus curvatus,"",bacteria,false,,,,0.16777327616857,17,,,99.9412,95.8824,10^-52.8113,,,,,,0.06908311371647,7,,,100.0,30.5714,10^-9.00562,,,,,,0
1599,1,2767885,Latilactobacillus sakei,"",bacteria,false,,,,0.6612240884290699,67,1,15,99.2169,129.284,10^-65.3713,,,,,,0.21711835739462,22,,,98.0136,31.1818,10^-10.2692,,,,,,0
2767884,2,2767884,Lapidilactobacillus,"",bacteria,false,,,,,,,,,,,,,,,,0.01973803249042,2,,,71.0,31.0,10^-4.44612,,,,,[2950371],0
2950371,1,2767884,Lapidilactobacillus luobeiensis,"",bacteria,false,,,,,,,,,,,,,,,,0.01973803249042,2,,,71.0,31.0,10^-4.44612,,,,,,0
2767879,2,2767879,Companilactobacillus,"",bacteria,false,,,,,,,,,,,,,,,,0.01973803249042,2,,,88.9,32.0,10^-10.8688,,,,,[1612],0
1612,1,2767879,Companilactobacillus farciminis,"",bacteria,false,,,,,,,,,,,,,,,,0.01973803249042,2,,,88.9,32.0,10^-10.8688,,,,,,0
2767842,2,2767842,Lactiplantibacillus,"",bacteria,false,,,,0.8882114620688999,90,,,99.6994,96.5287,10^-52.8938,,,,,,0.40462966605360995,41,,,98.5825,30.95,10^-11.0928,,,,,"[60520, 1590, 1589]",0
60520,1,2767842,Lactiplantibacillus paraplantarum,"",bacteria,false,,,,,,,,,,,,,,,,0.04934508122605,5,,,99.36,29.6,10^-11.0865,,,,,,0
1590,1,2767842,Lactiplantibacillus plantarum,"",bacteria,false,,,,0.86847342957848,88,,,99.7166,96.5176,10^-52.9082,,,,,,0.22698737363983,23,,,97.8043,30.8696,10^-10.3372,,,,,,0
1589,1,2767842,Lactiplantibacillus pentosus,"",bacteria,false,,,,0.01973803249042,2,,,98.968,97.0,10^-52.2807,,,,,,0.12829721118773,13,,,99.75,31.6667,10^-12.5436,,,,,,0
2767358,2,2767358,Mycoplasmopsis,"",bacteria,false,,,,0.01973803249042,2,,,96.073,101.5,10^-51.2316,,,,,,0.00986901624521,1,,,66.7,33.0,10^-5.94692,,,,,"[29556, 2115]",1
29556,1,2767358,Mycoplasmopsis gallinacea,"",bacteria,false,,,,0.01973803249042,2,,,96.073,101.5,10^-51.2316,,,,,,,,,,,,,,,,,,0
2115,1,2767358,Mycoplasmopsis fermentans,"",bacteria,false,,,,,,,,,,,,,,,,0.00986901624521,1,,,66.7,33.0,10^-5.94692,,,,,,1
2767323,2,2767323,Buchananella,"",bacteria,false,,,,,,,,,,,,,,,,0.01973803249042,2,,,83.85,31.0,10^-7.31461,,,,,[52770],0
52770,1,2767323,Buchananella hordeovulneris,"",bacteria,false,,,,,,,,,,,,,,,,0.01973803249042,2,,,83.85,31.0,10^-7.31461,,,,,,0
2759736,2,2759736,Lacticaseibacillus,"",bacteria,false,,,,0.08882114620689,9,,,99.8571,94.8571,10^-51.9984,,,,,,0.32567753609192995,33,,,93.7129,27.2581,10^-8.92922,,,,,"[47715, 1597]",0
47715,1,2759736,Lacticaseibacillus rhamnosus,"",bacteria,false,,,,,,,,,,,,,,,,0.24672540613024999,25,,,93.448,25.96,10^-8.38503,,,,,,0
1597,1,2759736,Lacticaseibacillus paracasei,"",bacteria,false,,,,0.08882114620689,9,,,99.8571,94.8571,10^-51.9984,,,,,,0.07895212996168,8,,,94.8167,32.6667,10^-11.1967,,,,,,0
2758920,2,2758920,Paraconexibacter,"",bacteria,false,,,,0.01973803249042,2,,,84.1495,91.5,10^-30.0048,,,,,,,,,,,,,,,,,[2949664],0
2949664,1,2758920,Paraconexibacter antarcticus,"",bacteria,false,,,,0.01973803249042,2,,,84.1495,91.5,10^-30.0048,,,,,,,,,,,,,,,,,,0
2758906,2,2758906,Entomomonas,"",bacteria,false,,,,,,,,,,,,,,,,0.00986901624521,1,,,93.9,33.0,10^-10.5143,,,,,[2213226],0
2213226,1,2758906,Entomomonas moraniae,"",bacteria,false,,,,,,,,,,,,,,,,0.00986901624521,1,,,93.9,33.0,10^-10.5143,,,,,,0
2756312,2,2756312,Flavimobilis,"",bacteria,false,,,,,,,,,,,,,,,,0.02960704873563,3,,,96.0,30.3333,10^-8.3281,,,,,[285351],0
285351,1,2756312,Flavimobilis marinus,"",bacteria,false,,,,,,,,,,,,,,,,0.02960704873563,3,,,96.0,30.3333,10^-8.3281,,,,,,0
2754714,2,2754714,Hakubella,"",bacteria,false,,,,,,,,,,,,,,,,0.00986901624521,1,,,96.0,25.0,10^-5.50864,,,,,[2754717],0
2754717,1,2754714,Candidatus Hakubella thermalkaliphila,"",bacteria,false,,,,,,,,,,,,,,,,0.00986901624521,1,,,96.0,25.0,10^-5.50864,,,,,,0
2750262,2,2750262,Leekyejoonella,"",bacteria,false,,,,,,,,,,,,,,,,0.00986901624521,1,,,60.6,33.0,10^-3.03858,,,,,[1660198],0
1660198,1,2750262,Leekyejoonella antrihumi,"",bacteria,false,,,,,,,,,,,,,,,,0.00986901624521,1,,,60.6,33.0,10^-3.03858,,,,,,0
2749846,2,2749846,Amedibacillus,"",bacteria,false,,,,,,,,,,,,,,,,0.01973803249042,2,,,73.55,32.0,10^-4.46962,,,,,[31971],0
31971,1,2749846,Amedibacillus dolichus,"",bacteria,false,,,,,,,,,,,,,,,,0.01973803249042,2,,,73.55,32.0,10^-4.46962,,,,,,0
2742598,2,2742598,Limosilactobacillus,"",bacteria,false,,,,0.14803524367815,15,,,100.0,83.4,10^-44.3028,,,,,,0.38489163356318995,39,,,83.0541,28.2973,10^-7.44847,,,,,"[1613, 1598]",0
1613,1,2742598,Limosilactobacillus fermentum,"",bacteria,false,,,,0.14803524367815,15,,,100.0,83.4,10^-44.3028,,,,,,0.18751130865899,19,,,83.1667,25.8333,10^-5.15057,,,,,,0
1598,1,2742598,Limosilactobacillus reuteri,"",bacteria,false,,,,,,,,,,,,,,,,0.1973803249042,20,,,82.9474,30.6316,10^-9.62543,,,,,,0
2740557,2,2740557,Pauljensenia,"",bacteria,false,,,,,,,,,,,,,,,,0.01973803249042,2,,,100.0,33.0,10^-10.7905,,,,,[3046356],0
3046356,1,2740557,Pauljensenia sp. UMB10120,"",bacteria,false,,,,,,,,,,,,,,,,0.01973803249042,2,,,100.0,33.0,10^-10.7905,,,,,,0
2739835,2,2739835,Peptidiphaga,"",bacteria,false,,,,,,,,,,,,,,,,0.00986901624521,1,,,90.9,33.0,10^-11.1959,,,,,[2741497],0
2741497,1,2739835,Peptidiphaga gingivicola,"",bacteria,false,,,,,,,,,,,,,,,,0.00986901624521,1,,,90.9,33.0,10^-11.1959,,,,,,0
2733155,2,2733155,Shapirovirus,"",viruses,true,,,,0.00986901624521,1,,,97.368,38.0,10^-12.2026,,,,,,,,,,,,,,,,,[1959737],0
1959737,1,2733155,Caulobacter phage Ccr29,"",viruses,true,,,,0.00986901624521,1,,,97.368,38.0,10^-12.2026,,,,,,,,,,,,,,,,,,0
2723776,2,2723776,Lichenihabitans,"",bacteria,false,,,,0.00986901624521,1,,,88.636,44.0,10^-10.7665,,,,,,,,,,,,,,,,,[2528642],0
2528642,1,2723776,Lichenihabitans psoromatis,"",bacteria,false,,,,0.00986901624521,1,,,88.636,44.0,10^-10.7665,,,,,,,,,,,,,,,,,,0
2719313,2,2719313,Enterocloster,"",bacteria,false,,,,,,,,,,,,,,,,0.02960704873563,3,,,74.4333,30.0,10^-5.47224,,,,,[208479],0
208479,1,2719313,Enterocloster bolteae,"",bacteria,false,,,,,,,,,,,,,,,,0.02960704873563,3,,,74.4333,30.0,10^-5.47224,,,,,,0
2719231,2,2719231,Lacrimispora,"",bacteria,false,,,,0.00986901624521,1,,,87.755,98.0,10^-37.8662,,,,,,0.00986901624521,1,,,100.0,23.0,10^-6.83268,,,,,"[2719234, 29370]",0
2719234,1,2719231,Lacrimispora sp.,"",bacteria,false,,,,,,,,,,,,,,,,0.00986901624521,1,,,100.0,23.0,10^-6.83268,,,,,,0
29370,1,2719231,Lacrimispora sphenoides,"",bacteria,false,,,,0.00986901624521,1,,,87.755,98.0,10^-37.8662,,,,,,,,,,,,,,,,,,0
2718525,2,2718525,Absicoccus,"",bacteria,false,,,,,,,,,,,,,,,,0.03947606498084,4,,,79.487,78.0,10^-35.308,,,,,[2486576],0
2486576,1,2718525,Absicoccus porci,"",bacteria,false,,,,,,,,,,,,,,,,0.03947606498084,4,,,79.487,78.0,10^-35.308,,,,,,0
2714594,2,2714594,Bremerella,"",bacteria,false,,,,0.00986901624521,1,,,93.182,88.0,10^-39.2853,,,,,,,,,,,,,,,,,[2527984],0
2527984,1,2714594,Bremerella volcania,"",bacteria,false,,,,0.00986901624521,1,,,93.182,88.0,10^-39.2853,,,,,,,,,,,,,,,,,,0
2709666,2,2709666,Pseudolysobacter,"",bacteria,false,,,,0.00986901624521,1,,,93.0,100.0,10^-46.0916,,,,,,,,,,,,,,,,,[2511995],0
2511995,1,2709666,Pseudolysobacter antarcticus,"",bacteria,false,,,,0.00986901624521,1,,,93.0,100.0,10^-46.0916,,,,,,,,,,,,,,,,,,0
2698774,2,2698774,Natonodosa,"",eukaryota,false,,,,0.00986901624521,1,,,98.276,58.0,10^-24.3702,,,,,,,,,,,,,,,,,[2201234],0
2201234,1,2698774,Natonodosa speciosa,"",eukaryota,false,,,,0.00986901624521,1,,,98.276,58.0,10^-24.3702,,,,,,,,,,,,,,,,,,0
2692118,2,2692118,Winkia,"",bacteria,false,,,,0.01973803249042,2,,,100.0,100.0,10^-55.6982,,,,,,0.00986901624521,1,,,100.0,23.0,10^-4.10846,,,,,[33007],0
33007,1,2692118,Winkia neuii,"",bacteria,false,,,,0.01973803249042,2,,,100.0,100.0,10^-55.6982,,,,,,0.00986901624521,1,,,100.0,23.0,10^-4.10846,,,,,,0
2691417,2,2691417,Lacipirellula,"",bacteria,false,,,,0.01973803249042,2,,,99.505,101.0,10^-55.6939,,,,,,,,,,,,,,,,,"[2650471, 2528024]",0
2650471,1,2691417,Lacipirellula parvula,"",bacteria,false,,,,0.00986901624521,1,,,99.01,101.0,10^-55.0077,,,,,,,,,,,,,,,,,,0
2528024,1,2691417,Lacipirellula limnantheis,"",bacteria,false,,,,0.00986901624521,1,,,100.0,101.0,10^-56.3801,,,,,,,,,,,,,,,,,,0
2683599,2,2683599,Paroceanicella,"",bacteria,false,,,,0.00986901624521,1,,,100.0,95.0,10^-52.2895,,,,,,,,,,,,,,,,,[2579971],0
2579971,1,2683599,Paroceanicella profunda,"",bacteria,false,,,,0.00986901624521,1,,,100.0,95.0,10^-52.2895,,,,,,,,,,,,,,,,,,0
2678885,2,2678885,Faecalibacillus,"",bacteria,false,,,,0.00986901624521,1,,,99.0,100.0,10^-54.3258,,,,,,,,,,,,,,,,,[1982626],0
1982626,1,2678885,Faecalibacillus intestinalis,"",bacteria,false,,,,0.00986901624521,1,,,99.0,100.0,10^-54.3258,,,,,,,,,,,,,,,,,,0
2676755,2,2676755,Croceibacterium,"",bacteria,false,,,,,,,,,,,,,,,,0.01973803249042,2,,,75.55,34.0,10^-6.51444,,,,,[1572751],0
1572751,1,2676755,Croceibacterium mercuriale,"",bacteria,false,,,,,,,,,,,,,,,,0.01973803249042,2,,,75.55,34.0,10^-6.51444,,,,,,0
2676247,2,2676247,Aquirufa,"",bacteria,false,,,,0.03947606498084,4,,,91.4295,87.5,10^-36.8868,,,,,,,,,,,,,,,,,"[2696560, 2516559]",0
2696560,1,2676247,Aquirufa lenticrescens,"",bacteria,false,,,,0.02960704873563,3,,,91.286,88.0,10^-36.9989,,,,,,,,,,,,,,,,,,0
2516559,1,2676247,Aquirufa antheringensis,"",bacteria,false,,,,0.00986901624521,1,,,91.86,86.0,10^-36.5505,,,,,,,,,,,,,,,,,,0
2675233,2,2675233,Metabacillus,"",bacteria,false,,,,,,,,,,,,,,,,0.01973803249042,2,,,89.35,33.0,10^-11.8563,,,,,[1458],0
1458,1,2675233,Metabacillus fastidiosus,"",bacteria,false,,,,,,,,,,,,,,,,0.01973803249042,2,,,89.35,33.0,10^-11.8563,,,,,,0
2675232,2,2675232,Neobacillus,"",bacteria,false,,,,0.01973803249042,2,,,100.0,101.0,10^-56.3801,,,,,,0.01973803249042,2,,,81.3,29.5,10^-7.89359,,,,,"[3047873, 3047871, 1578198]",0
3047873,1,2675232,Neobacillus sp. WH10,"",bacteria,false,,,,0.00986901624521,1,,,100.0,101.0,10^-56.3801,,,,,,,,,,,,,,,,,,0
3047871,1,2675232,Neobacillus sp. DY30,"",bacteria,false,,,,0.00986901624521,1,,,100.0,101.0,10^-56.3801,,,,,,,,,,,,,,,,,,0
1578198,1,2675232,Neobacillus notoginsengisoli,"",bacteria,false,,,,,,,,,,,,,,,,0.01973803249042,2,,,81.3,29.5,10^-7.89359,,,,,,0
2675230,2,2675230,Cytobacillus,"",bacteria,false,,,,0.01973803249042,2,,,97.753,89.0,10^-45.456,,,,,,0.00986901624521,1,,,65.6,32.0,10^-4.04096,,,,,"[2779776, 1399]",0
2779776,1,2675230,Cytobacillus suaedae,"",bacteria,false,,,,0.01973803249042,2,,,97.753,89.0,10^-45.456,,,,,,,,,,,,,,,,,,0
1399,1,2675230,Cytobacillus firmus,"",bacteria,false,,,,,,,,,,,,,,,,0.00986901624521,1,,,65.6,32.0,10^-4.04096,,,,,,0
2675229,2,2675229,Peribacillus,"",bacteria,false,,,,,,,,,,,,,,,,0.01973803249042,2,,,76.55,32.0,10^-6.26822,,,,,[1679170],0
1679170,1,2675229,Peribacillus loiseleuriae,"",bacteria,false,,,,,,,,,,,,,,,,0.01973803249042,2,,,76.55,32.0,10^-6.26822,,,,,,0
2652449,2,2652449,Diocirea,"",eukaryota,false,,,,0.00986901624521,1,,,100.0,100.0,10^-55.6982,,,,,,,,,,,,,,,,,[2652453],0
2652453,1,2652449,Diocirea acutifolia,"",eukaryota,false,,,,0.00986901624521,1,,,100.0,100.0,10^-55.6982,,,,,,,,,,,,,,,,,,0
2650549,2,2650549,Hydrocarboniclastica,"",bacteria,false,,,,0.01973803249042,2,,,100.0,100.5,10^-56.0391,,,,,,,,,,,,,,,,,[2259620],0
2259620,1,2650549,Hydrocarboniclastica marina,"",bacteria,false,,,,0.01973803249042,2,,,100.0,100.5,10^-56.0391,,,,,,,,,,,,,,,,,,0
2585208,2,2585208,Trichonephila,"",eukaryota,false,,,,,,,,,,,,,,,,0.00986901624521,1,,,92.0,25.0,10^-6.13906,,,,,[2585209],0
2585209,1,2585208,Trichonephila clavipes,"",eukaryota,false,,,,,,,,,,,,,,,,0.00986901624521,1,,,92.0,25.0,10^-6.13906,,,,,,0
2584824,2,2584824,Klisinema,"",bacteria,false,,,,0.02960704873563,3,,,94.6583,95.3333,10^-45.1979,,,,,,,,,,,,,,,,,"[2749998, 2586028]",0
2749998,1,2584824,Klisinema sp. Espan,"",bacteria,false,,,,0.00986901624521,1,,,86.139,101.0,10^-37.1669,,,,,,,,,,,,,,,,,,0
2586028,1,2584824,Klisinema persicum,"",bacteria,false,,,,0.01973803249042,2,,,98.918,92.5,10^-49.2135,,,,,,,,,,,,,,,,,,0
2583929,2,2583929,Yunnanomyces,"",eukaryota,false,,,,0.03947606498084,4,,,97.428,96.5,10^-49.8816,,,,,,,,,,,,,,,,,[2486323],0
2486323,1,2583929,Yunnanomyces pandanicola,"",eukaryota,false,,,,0.03947606498084,4,,,97.428,96.5,10^-49.8816,,,,,,,,,,,,,,,,,,0
2571159,2,2571159,Mycetohabitans,"",bacteria,false,,,,0.01973803249042,2,,,97.525,87.0,10^-43.413,,,,,,,,,,,,,,,,,[412963],0
412963,1,2571159,Mycetohabitans rhizoxinica,"",bacteria,false,,,,0.01973803249042,2,,,97.525,87.0,10^-43.413,,,,,,,,,,,,,,,,,,0
2569097,2,2569097,Anaerobutyricum,"",bacteria,false,,,,0.00986901624521,1,,,94.0,100.0,10^-46.0916,,,,,,,,,,,,,,,,,[39488],0
39488,1,2569097,Anaerobutyricum hallii,"",bacteria,false,,,,0.00986901624521,1,,,94.0,100.0,10^-46.0916,,,,,,,,,,,,,,,,,,0
2530217,2,2530217,Pycnacronema,"",bacteria,false,,,,0.00986901624521,1,,,95.402,87.0,10^-41.3488,,,,,,,,,,,,,,,,,[2785931],0
2785931,1,2530217,Pycnacronema caatingensis,"",bacteria,false,,,,0.00986901624521,1,,,95.402,87.0,10^-41.3488,,,,,,,,,,,,,,,,,,0
2529408,2,2529408,Schaalia,"",bacteria,false,,,,0.08882114620689,9,,,95.9543,98.6667,10^-49.3005,,,,,,0.04934508122605,5,,,98.46,30.6,10^-10.0671,,,,,"[2691890, 131111, 131110, 1660]",0
2691890,1,2529408,Schaalia sp.,"",bacteria,false,,,,,,,,,,,,,,,,0.00986901624521,1,,,100.0,29.0,10^-8.97469,,,,,,0
131111,1,2529408,Schaalia turicensis,"",bacteria,false,,,,0.01973803249042,2,,,100.0,100.5,10^-56.0391,,,,,,0.01973803249042,2,,,100.0,33.0,10^-13.0359,,,,,,0
131110,1,2529408,Schaalia radingae,"",bacteria,false,,,,0.01973803249042,2,,,96.535,101.0,10^-51.5768,,,,,,,,,,,,,,,,,,0
1660,1,2529408,Schaalia odontolytica,"",bacteria,false,,,,0.04934508122605,5,,,94.1038,97.0,10^-45.6945,,,,,,0.01973803249042,2,,,96.15,29.0,10^-7.64444,,,,,,0
2527677,2,2527677,Leptosillia,"",eukaryota,false,,,,0.00986901624521,1,,,100.0,101.0,10^-56.3801,,,,,,,,,,,,,,,,,[3036744],0
3036744,1,2527677,Leptosillia sp. 4 MK-2023,"",eukaryota,false,,,,0.00986901624521,1,,,100.0,101.0,10^-56.3801,,,,,,,,,,,,,,,,,,0
2490452,2,2490452,Serpentinimonas,"",bacteria,false,,,,,,,,,,,,,,,,0.16777327616857,17,1,13,81.4208,48.1765,10^-20.886,,,,,[1458425],0
1458425,1,2490452,Serpentinimonas raichei,"",bacteria,false,,,,,,,,,,,,,,,,0.16777327616857,17,1,13,81.4208,48.1765,10^-20.886,,,,,,0
2421383,2,2421383,Pseudolorryia,"",eukaryota,false,,,,0.01973803249042,2,,,94.779,57.5,10^-22.6587,,,,,,,,,,,,,,,,,[2421384],0
2421384,1,2421383,Pseudolorryia sp. BMOC 17-0901-19,"",eukaryota,false,,,,0.01973803249042,2,,,94.779,57.5,10^-22.6587,,,,,,,,,,,,,,,,,,0
2339270,2,2339270,Phlegmacium,"",eukaryota,false,,,,,,,,,,,,,,,,0.00986901624521,1,,,64.3,28.0,10^-3.18243,,,,,[171480],0
171480,1,2339270,Phlegmacium glaucopus,"",eukaryota,false,,,,,,,,,,,,,,,,0.00986901624521,1,,,64.3,28.0,10^-3.18243,,,,,,0
2316020,2,2316020,Mediterraneibacter,"",bacteria,false,,,,0.04934508122605,5,,,95.5496,77.6,10^-35.8065,,,,,,0.12829721118773,13,,,85.5364,29.7273,10^-8.57766,,,,,"[33039, 33038]",0
33039,1,2316020,[Ruminococcus] torques,"",bacteria,false,,,,0.00986901624521,1,,,92.0,100.0,10^-44.7192,,,,,,0.07895212996168,8,,,82.0667,31.1667,10^-7.96222,,,,,,0
33038,1,2316020,Mediterraneibacter gnavus,"",bacteria,false,,,,0.03947606498084,4,,,96.437,72.0,10^-33.5783,,,,,,0.04934508122605,5,,,89.7,28.0,10^-9.31619,,,,,,0
2304693,2,2304693,Pseudoclostridium,"",bacteria,false,,,,0.01973803249042,2,,,92.553,94.0,10^-42.0014,,,,,,,,,,,,,,,,,[2304699],0
2304699,1,2304693,uncultured Pseudoclostridium sp.,"",bacteria,false,,,,0.01973803249042,2,,,92.553,94.0,10^-42.0014,,,,,,,,,,,,,,,,,,0
2282523,2,2282523,Methylorubrum,"",bacteria,false,,,,0.02960704873563,3,,,99.01,100.667,10^-54.7804,,,,,,0.01973803249042,2,,,100.0,27.0,10^-7.39417,,,,,"[29428, 408]",1
29428,1,2282523,Methylorubrum rhodinum,"",bacteria,false,,,,,,,,,,,,,,,,0.01973803249042,2,,,100.0,27.0,10^-7.39417,,,,,,0
408,1,2282523,Methylorubrum extorquens,"",bacteria,false,,,,0.02960704873563,3,,,99.01,100.667,10^-54.7804,,,,,,,,,,,,,,,,,,1
2233801,2,2233801,Ahniella,"",bacteria,false,,,,0.01973803249042,2,,,100.0,99.0,10^-55.0164,,,,,,,,,,,,,,,,,[2021234],0
2021234,1,2233801,Ahniella affigens,"",bacteria,false,,,,0.01973803249042,2,,,100.0,99.0,10^-55.0164,,,,,,,,,,,,,,,,,,0
2201386,2,2201386,Pourthiaea,"",eukaryota,false,,,,0.00986901624521,1,,,100.0,88.0,10^-47.5195,,,,,,,,,,,,,,,,,[2109368],0
2109368,1,2201386,Pourthiaea arguta,"",eukaryota,false,,,,0.00986901624521,1,,,100.0,88.0,10^-47.5195,,,,,,,,,,,,,,,,,,0
2183612,2,2183612,Klenkia,"",bacteria,false,,,,,,,,,,,,,,,,0.01973803249042,2,,,92.5,27.0,10^-9.89127,,,,,[1225127],0
1225127,1,2183612,Klenkia taihuensis,"",bacteria,false,,,,,,,,,,,,,,,,0.01973803249042,2,,,92.5,27.0,10^-9.89127,,,,,,0
2153279,2,2153279,Flabellascoma,"",eukaryota,false,,,,0.01973803249042,2,,,100.0,70.0,10^-35.2675,,,,,,,,,,,,,,,,,[2153281],0
2153281,1,2153279,Flabellascoma minimum,"",eukaryota,false,,,,0.01973803249042,2,,,100.0,70.0,10^-35.2675,,,,,,,,,,,,,,,,,,0
2137425,2,2137425,Novimethylophilus,"",bacteria,false,,,,,,,,,,,,,,,,0.04934508122605,5,,,91.3667,28.0,10^-11.8124,,,,,[1825523],0
1825523,1,2137425,Novimethylophilus kurashikiensis,"",bacteria,false,,,,,,,,,,,,,,,,0.04934508122605,5,,,91.3667,28.0,10^-11.8124,,,,,,0
2126155,2,2126155,Adustoporia,"",eukaryota,false,,,,0.01973803249042,2,,,100.0,92.0,10^-50.2449,,,,,,,,,,,,,,,,,[1333626],0
1333626,1,2126155,Adustoporia sinuosa,"",eukaryota,false,,,,0.01973803249042,2,,,100.0,92.0,10^-50.2449,,,,,,,,,,,,,,,,,,0
2094023,2,2094023,Glaesserella,"",bacteria,false,,,,0.00986901624521,1,,,93.846,65.0,10^-26.3793,,,,,,0.03947606498084,4,,,78.675,27.75,10^-5.08742,,,,,[738],0
738,1,2094023,Glaesserella parasuis,"",bacteria,false,,,,0.00986901624521,1,,,93.846,65.0,10^-26.3793,,,,,,0.03947606498084,4,,,78.675,27.75,10^-5.08742,,,,,,0
2093823,2,2093823,Nanosynbacter,"",bacteria,false,,,,0.02960704873563,3,,,98.6323,84.0,10^-42.9781,,,,,,,,,,,,,,,,,"[2933970, 2899133]",0
2933970,1,2093823,Candidatus Nanosynbacter sp. HMT-348_TM7c-JB,"",bacteria,false,,,,0.01973803249042,2,,,97.9485,97.5,10^-51.249,,,,,,,,,,,,,,,,,,0
2899133,1,2093823,Candidatus Nanosynbacter sp. HMT-352,"",bacteria,false,,,,0.00986901624521,1,,,100.0,57.0,10^-26.4364,,,,,,,,,,,,,,,,,,0
2081414,2,2081414,Cryptocline,"",eukaryota,false,,,,0.00986901624521,1,,,100.0,76.0,10^-39.3489,,,,,,,,,,,,,,,,,[2081415],0
2081415,1,2081414,Cryptocline arctostaphyli,"",eukaryota,false,,,,0.00986901624521,1,,,100.0,76.0,10^-39.3489,,,,,,,,,,,,,,,,,,0
2072583,2,2072583,Neohortaea,"",eukaryota,false,,,,,,,,,,,,,,,,0.00986901624521,1,,,100.0,33.0,10^-14.0482,,,,,[245834],0
245834,1,2072583,Neohortaea acidophila,"",eukaryota,false,,,,,,,,,,,,,,,,0.00986901624521,1,,,100.0,33.0,10^-14.0482,,,,,,0
2071601,2,2071601,Thermostaphylospora,"",bacteria,false,,,,0.01973803249042,2,,,97.674,43.0,10^-15.5798,,,,,,,,,,,,,,,,,[35622],0
35622,1,2071601,Thermostaphylospora chromogena,"",bacteria,false,,,,0.01973803249042,2,,,97.674,43.0,10^-15.5798,,,,,,,,,,,,,,,,,,0
2070447,2,2070447,Conservatibacter,"",bacteria,false,,,,,,,,,,,,,,,,0.01973803249042,2,,,71.0,31.0,10^-4.47625,,,,,[28161],0
28161,1,2070447,Conservatibacter flavescens,"",bacteria,false,,,,,,,,,,,,,,,,0.01973803249042,2,,,71.0,31.0,10^-4.47625,,,,,,0
2069291,2,2069291,Abscondita,"",eukaryota,false,,,,,,,,,,,,,,,,0.08882114620689,9,,,90.7286,32.1429,10^-12.376,,,,,[2069292],0
2069292,1,2069291,Abscondita terminalis,"",eukaryota,false,,,,,,,,,,,,,,,,0.08882114620689,9,,,90.7286,32.1429,10^-12.376,,,,,,0
2067443,2,2067443,Catageiomyia,"",eukaryota,false,,,,0.01973803249042,2,,,100.0,80.5,10^-42.4132,,,,,,,,,,,,,,,,,[2067444],0
2067444,1,2067443,Catageiomyia argenteopunctata,"",eukaryota,false,,,,0.01973803249042,2,,,100.0,80.5,10^-42.4132,,,,,,,,,,,,,,,,,,0
2066992,2,2066992,Rhodofomes,"",eukaryota,false,,,,0.01973803249042,2,,,94.025,100.5,10^-47.8049,,,,,,,,,,,,,,,,,[34475],0
34475,1,2066992,Rhodofomes roseus,"",eukaryota,false,,,,0.01973803249042,2,,,94.025,100.5,10^-47.8049,,,,,,,,,,,,,,,,,,0
2066858,2,2066858,Delonicicola,"",eukaryota,false,,,,0.00986901624521,1,,,100.0,101.0,10^-56.3801,,,,,,,,,,,,,,,,,[2015380],0
2015380,1,2066858,Delonicicola siamense,"",eukaryota,false,,,,0.00986901624521,1,,,100.0,101.0,10^-56.3801,,,,,,,,,,,,,,,,,,0
2060094,2,2060094,Aminipila,"",bacteria,false,,,,0.06908311371647,7,,,92.91,81.0,10^-35.6387,,,,,,,,,,,,,,,,,[433296],0
433296,1,2060094,Aminipila butyrica,"",bacteria,false,,,,0.06908311371647,7,,,92.91,81.0,10^-35.6387,,,,,,,,,,,,,,,,,,0
2059796,2,2059796,Chuppomyces,"",eukaryota,false,,,,0.00986901624521,1,,,100.0,100.0,10^-55.6982,,,,,,,,,,,,,,,,,[2059797],0
2059797,1,2059796,Chuppomyces handelii,"",eukaryota,false,,,,0.00986901624521,1,,,100.0,100.0,10^-55.6982,,,,,,,,,,,,,,,,,,0
2055880,2,2055880,Pseudescherichia,"",bacteria,false,,,,,,,,,,,,,,,,0.25659442237546,26,,,95.4885,30.8462,10^-10.6667,,,,,[566],0
566,1,2055880,Pseudescherichia vulneris,"",bacteria,false,,,,,,,,,,,,,,,,0.25659442237546,26,,,95.4885,30.8462,10^-10.6667,,,,,,0
2055135,2,2055135,Anaeramoeba,"",eukaryota,false,,,,,,,,,,,,,,,,0.00986901624521,1,,,73.1,26.0,10^-3.00436,,,,,[1746090],0
1746090,1,2055135,Anaeramoeba ignava,"",eukaryota,false,,,,,,,,,,,,,,,,0.00986901624521,1,,,73.1,26.0,10^-3.00436,,,,,,0
2052989,2,2052989,Aquidulcibacter,"",bacteria,false,,,,0.01973803249042,2,,,93.22,59.0,10^-22.3043,,,,,,,,,,,,,,,,,[1978549],0
1978549,1,2052989,Aquidulcibacter paucihalophilus,"",bacteria,false,,,,0.01973803249042,2,,,93.22,59.0,10^-22.3043,,,,,,,,,,,,,,,,,,0
2051044,2,2051044,Tuwongella,"",bacteria,false,,,,,,,,,,,,,,,,0.02960704873563,3,,,89.5,31.0,10^-9.66923,,,,,[692036],0
692036,1,2051044,Tuwongella immobilis,"",bacteria,false,,,,,,,,,,,,,,,,0.02960704873563,3,,,89.5,31.0,10^-9.66923,,,,,,0
2048907,2,2048907,Arenimicrobium,"",bacteria,false,,,,0.01973803249042,2,,,99.005,100.5,10^-54.6668,,,,,,,,,,,,,,,,,[1560324],0
1560324,1,2048907,Arenimicrobium luteum,"",bacteria,false,,,,0.01973803249042,2,,,99.005,100.5,10^-54.6668,,,,,,,,,,,,,,,,,,0
2038740,2,2038740,Coniferiporia,"",eukaryota,false,,,,0.00986901624521,1,,,100.0,90.0,10^-48.8821,,,,,,,,,,,,,,,,,[175648],0
175648,1,2038740,Coniferiporia sulphurascens,"",eukaryota,false,,,,0.00986901624521,1,,,100.0,90.0,10^-48.8821,,,,,,,,,,,,,,,,,,0
2035349,2,2035349,Oceanispirochaeta,"",bacteria,false,,,,71.61945089148897,7257,2,7257,82.9362,2272.06,10^-307.653,,,,,,,,,,,,,,,,,[2518645],0
2518645,1,2035349,Oceanispirochaeta crateris,"",bacteria,false,,,,71.61945089148897,7257,2,7257,82.9362,2272.06,10^-307.653,,,,,,,,,,,,,,,,,,0
2028344,2,2028344,Ereboglobus,"",bacteria,false,,,,0.01973803249042,2,,,86.634,101.0,10^-37.8531,,,,,,,,,,,,,,,,,[1796921],0
1796921,1,2028344,Ereboglobus luteus,"",bacteria,false,,,,0.01973803249042,2,,,86.634,101.0,10^-37.8531,,,,,,,,,,,,,,,,,,0
2024199,2,2024199,Urinicoccus,"",bacteria,false,,,,,,,,,,,,,,,,0.01973803249042,2,,,93.3,30.0,10^-6.10458,,,,,[2024205],0
2024205,1,2024199,Urinicoccus timonensis,"",bacteria,false,,,,,,,,,,,,,,,,0.01973803249042,2,,,93.3,30.0,10^-6.10458,,,,,,0
2016719,2,2016719,Zygosporium,"",eukaryota,false,,,,0.08882114620689,9,,,99.8418,151.5,10^-78.8265,,,,,,,,,,,,,,,,,[2075509],0
2075509,1,2016719,Zygosporium oscheoides,"",eukaryota,false,,,,0.08882114620689,9,,,99.8418,151.5,10^-78.8265,,,,,,,,,,,,,,,,,,0
2012458,2,2012458,Querciphoma,"",eukaryota,false,,,,0.01973803249042,2,,,99.505,101.0,10^-55.6939,,,,,,,,,,,,,,,,,[1077356],0
1077356,1,2012458,Querciphoma carteri,"",eukaryota,false,,,,0.01973803249042,2,,,99.505,101.0,10^-55.6939,,,,,,,,,,,,,,,,,,0
2005359,2,2005359,Faecalicatena,"",bacteria,false,,,,0.00986901624521,1,,,90.411,73.0,10^-27.7013,,,,,,,,,,,,,,,,,[2823316],0
2823316,1,2005359,Faecalicatena sp. Marseille-Q4148,"",bacteria,false,,,,0.00986901624521,1,,,90.411,73.0,10^-27.7013,,,,,,,,,,,,,,,,,,0
2004797,2,2004797,Luteitalea,"",bacteria,false,,,,0.03947606498084,4,,,97.5247,101.0,10^-52.9491,,,,,,0.01973803249042,2,,,85.95,32.0,10^-6.64214,,,,,"[2802971, 2004800, 1855912]",0
2802971,1,2004797,Luteitalea sp. TBR-22,"",bacteria,false,,,,0.02960704873563,3,,,96.6997,101.0,10^-51.8055,,,,,,,,,,,,,,,,,,0
2004800,1,2004797,Luteitalea sp.,"",bacteria,false,,,,,,,,,,,,,,,,0.01973803249042,2,,,85.95,32.0,10^-6.64214,,,,,,0
1855912,1,2004797,Luteitalea pratensis,"",bacteria,false,,,,0.00986901624521,1,,,100.0,101.0,10^-56.3801,,,,,,,,,,,,,,,,,,0
1986179,2,1986179,Neocucurbitaria,"",eukaryota,false,,,,0.00986901624521,1,,,98.81,84.0,10^-43.4226,,,,,,,,,,,,,,,,,[2053781],0
2053781,1,1986179,Neocucurbitaria rhamnicola,"",eukaryota,false,,,,0.00986901624521,1,,,98.81,84.0,10^-43.4226,,,,,,,,,,,,,,,,,,0
1985927,2,1985927,Ignelater,"",eukaryota,false,,,,,,,,,,,,,,,,0.01973803249042,2,,,78.2,32.0,10^-8.84581,,,,,[2038154],0
2038154,1,1985927,Ignelater luminosus,"",eukaryota,false,,,,,,,,,,,,,,,,0.01973803249042,2,,,78.2,32.0,10^-8.84581,,,,,,0
1985154,2,1985154,Holostichides,"",eukaryota,false,,,,0.01973803249042,2,,,98.8235,91.0,10^-48.1921,,,,,,,,,,,,,,,,,[2692278],0
2692278,1,1985154,Holostichides sp. SKu-2019a,"",eukaryota,false,,,,0.01973803249042,2,,,98.8235,91.0,10^-48.1921,,,,,,,,,,,,,,,,,,0
1982251,2,1982251,Pahexavirus,"",viruses,true,,,,0.05921409747126,6,,,97.1717,96.0,10^-49.3127,,,,,,0.02960704873563,3,,,97.9667,31.6667,10^-13.1558,,,,,"[2079410, 2079401, 2041563, 1982302, 1982280, 1982266, 1982261, 1982255]",0
2079410,1,1982251,Propionibacterium phage pa63,"",viruses,true,,,,,,,,,,,,,,,,0.00986901624521,1,,,100.0,30.0,10^-10.8477,,,,,,0
2079401,1,1982251,Propionibacterium phage pa28,"",viruses,true,,,,,,,,,,,,,,,,0.01973803249042,2,,,96.95,32.5,10^-14.3099,,,,,,0
2041563,1,1982251,Propionibacterium phage Supernova,"",viruses,true,,,,0.00986901624521,1,,,96.386,83.0,10^-39.9969,,,,,,,,,,,,,,,,,,0
1982302,1,1982251,Pahexavirus PHL308M00,"",viruses,true,,,,0.00986901624521,1,,,97.0,100.0,10^-51.5811,,,,,,,,,,,,,,,,,,0
1982280,1,1982251,Pahexavirus PHL071N05,"",viruses,true,,,,0.00986901624521,1,,,100.0,101.0,10^-56.3801,,,,,,,,,,,,,,,,,,0
1982266,1,1982251,Pahexavirus P100D,"",viruses,true,,,,0.00986901624521,1,,,95.604,91.0,10^-44.074,,,,,,,,,,,,,,,,,,0
1982261,1,1982251,Pahexavirus P105,"",viruses,true,,,,0.00986901624521,1,,,96.04,101.0,10^-50.8906,,,,,,,,,,,,,,,,,,0
1982255,1,1982251,Pahexavirus keiki,"",viruses,true,,,,0.00986901624521,1,,,98.0,100.0,10^-52.9535,,,,,,,,,,,,,,,,,,0
1981958,2,1981958,Pseudomicrostroma,"",eukaryota,false,,,,,,,,,,,,,,,,0.03947606498084,4,,,84.5,27.75,10^-6.59025,,,,,[1684307],0
1684307,1,1981958,Pseudomicrostroma glucosiphilum,"",eukaryota,false,,,,,,,,,,,,,,,,0.03947606498084,4,,,84.5,27.75,10^-6.59025,,,,,,0
1980928,2,1980928,Sepunavirus,"",viruses,true,,,,0.01973803249042,2,,,100.0,100.5,10^-56.0391,,,,,,0.00986901624521,1,,,100.0,33.0,10^-12.279,,,,,"[3028899, 2750280, 2234036]",0
3028899,1,1980928,Staphylococcus phage vB_SepM_BE24,"",viruses,true,,,,0.00986901624521,1,,,100.0,100.0,10^-55.6982,,,,,,,,,,,,,,,,,,0
2750280,1,1980928,Staphylococcus phage vB_SepM_BE08,"",viruses,true,,,,0.00986901624521,1,,,100.0,101.0,10^-56.3801,,,,,,,,,,,,,,,,,,0
2234036,1,1980928,Staphylococcus phage Quidividi,"",viruses,true,,,,,,,,,,,,,,,,0.00986901624521,1,,,100.0,33.0,10^-12.279,,,,,,0
1980514,2,1980514,Halodesulfurarchaeum,"",archaea,false,,,,,,,,,,,,,,,,0.01973803249042,2,,,78.8,33.0,10^-7.39686,,,,,[1980530],0
1980530,1,1980514,Halodesulfurarchaeum sp.,"",archaea,false,,,,,,,,,,,,,,,,0.01973803249042,2,,,78.8,33.0,10^-7.39686,,,,,,0
1980513,2,1980513,Candidatus Nitrosoglobus,"",bacteria,false,,,,,,,,,,,,,,,,0.0986901624521,10,,,78.84,32.6,10^-6.69582,,,,,[1630141],0
1630141,1,1980513,Candidatus Nitrosoglobus terrae,"",bacteria,false,,,,,,,,,,,,,,,,0.0986901624521,10,,,78.84,32.6,10^-6.69582,,,,,,0
1970195,2,1970195,Ancylomarina,"",bacteria,false,,,,,,,,,,,,,,,,0.00986901624521,1,,,60.6,33.0,10^-3.88941,,,,,[2499681],0
2499681,1,1970195,Ancylomarina sp. 16SWW S1-10-2,"",bacteria,false,,,,,,,,,,,,,,,,0.00986901624521,1,,,60.6,33.0,10^-3.88941,,,,,,0
1966666,2,1966666,Zelenkaia,"",eukaryota,false,,,,0.03947606498084,4,,,91.345,89.5,10^-37.9059,,,,,,,,,,,,,,,,,"[1966668, 462340]",0
1966668,1,1966666,Zelenkaia sp.,"",eukaryota,false,,,,0.02960704873563,3,,,91.3587,88.6667,10^-37.4525,,,,,,,,,,,,,,,,,,0
462340,1,1966666,Zelenkaia trichopterae,"",eukaryota,false,,,,0.00986901624521,1,,,91.304,92.0,10^-39.266,,,,,,,,,,,,,,,,,,0
1964366,2,1964366,Nissabacter,"",bacteria,false,,,,0.00986901624521,1,,,100.0,100.0,10^-55.6982,,,,,,,,,,,,,,,,,[1964367],0
1964367,1,1964366,Nissabacter sp.,"",bacteria,false,,,,0.00986901624521,1,,,100.0,100.0,10^-55.6982,,,,,,,,,,,,,,,,,,0
1955413,2,1955413,Abyssicoccus,"",bacteria,false,,,,0.0986901624521,10,,,99.898,97.8,10^-54.0613,,,,,,0.03947606498084,4,,,100.0,20.5,10^-4.37596,,,,,[1817405],0
1817405,1,1955413,Abyssicoccus albus,"",bacteria,false,,,,0.0986901624521,10,,,99.898,97.8,10^-54.0613,,,,,,0.03947606498084,4,,,100.0,20.5,10^-4.37596,,,,,,0
1937664,2,1937664,Criibacterium,"",bacteria,false,,,,,,,,,,,,,,,,0.00986901624521,1,,,83.3,24.0,10^-4.95861,,,,,[1871336],0
1871336,1,1937664,Criibacterium bergeronii,"",bacteria,false,,,,,,,,,,,,,,,,0.00986901624521,1,,,83.3,24.0,10^-4.95861,,,,,,0
1930830,2,1930830,Floricoccus,"",bacteria,false,,,,0.01973803249042,2,,,98.984,98.5,10^-53.3032,,,,,,,,,,,,,,,,,[1859475],0
1859475,1,1930830,Floricoccus penangensis,"",bacteria,false,,,,0.01973803249042,2,,,98.984,98.5,10^-53.3032,,,,,,,,,,,,,,,,,,0
1926672,2,1926672,Prevotellamassilia,"",bacteria,false,,,,0.02960704873563,3,,,89.406,100.667,10^-41.5142,,,,,,,,,,,,,,,,,[1926676],0
1926676,1,1926672,uncultured Prevotellamassilia sp.,"",bacteria,false,,,,0.02960704873563,3,,,89.406,100.667,10^-41.5142,,,,,,,,,,,,,,,,,,0
1924110,2,1924110,Massilimicrobiota,"",bacteria,false,,,,,,,,,,,,,,,,0.02960704873563,3,,,78.3667,32.3333,10^-9.26577,,,,,[1965564],0
1965564,1,1924110,Massilimicrobiota sp. An142,"",bacteria,false,,,,,,,,,,,,,,,,0.02960704873563,3,,,78.3667,32.3333,10^-9.26577,,,,,,0
1920508,2,1920508,Oharaeibacter,"",bacteria,false,,,,,,,,,,,,,,,,0.00986901624521,1,,,97.0,33.0,10^-10.4498,,,,,[1920512],0
1920512,1,1920508,Oharaeibacter diazotrophicus,"",bacteria,false,,,,,,,,,,,,,,,,0.00986901624521,1,,,97.0,33.0,10^-10.4498,,,,,,0
1918540,2,1918540,Muribaculum,"",bacteria,false,,,,,,,,,,,,,,,,0.00986901624521,1,,,75.8,33.0,10^-7.45593,,,,,[1796646],0
1796646,1,1918540,Muribaculum intestinale,"",bacteria,false,,,,,,,,,,,,,,,,0.00986901624521,1,,,75.8,33.0,10^-7.45593,,,,,,0
1918454,2,1918454,Flintibacter,"",bacteria,false,,,,0.00986901624521,1,,,97.03,101.0,10^-52.2629,,,,,,,,,,,,,,,,,[2610895],0
2610895,1,1918454,Flintibacter sp. KGMB00164,"",bacteria,false,,,,0.00986901624521,1,,,97.03,101.0,10^-52.2629,,,,,,,,,,,,,,,,,,0
1914449,2,1914449,Rugosibacter,"",bacteria,false,,,,,,,,,,,,,,,,0.00986901624521,1,,,81.3,32.0,10^-8.55284,,,,,[1914450],0
1914450,1,1914449,Rugosibacter sp.,"",bacteria,false,,,,,,,,,,,,,,,,0.00986901624521,1,,,81.3,32.0,10^-8.55284,,,,,,0
1914260,2,1914260,Arsenicibacter,"",bacteria,false,,,,0.01973803249042,2,,,99.5,100.0,10^-55.012,,,,,,,,,,,,,,,,,[1750698],0
1750698,1,1914260,Arsenicibacter rosenii,"",bacteria,false,,,,0.01973803249042,2,,,99.5,100.0,10^-55.012,,,,,,,,,,,,,,,,,,0
1913651,2,1913651,Krischvirus,"",viruses,true,,,,0.00986901624521,1,,,97.297,37.0,10^-11.528,,,,,,,,,,,,,,,,,[2836116],0
2836116,1,1913651,Escherichia phage vB_EcoM_Skers,"",viruses,true,,,,0.00986901624521,1,,,97.297,37.0,10^-11.528,,,,,,,,,,,,,,,,,,0
1913444,2,1913444,Thiodiazotropha,"",bacteria,false,,,,,,,,,,,,,,,,0.01973803249042,2,,,87.7,32.5,10^-10.7986,,,,,[2857016],0
2857016,1,1913444,Candidatus Thiodiazotropha sp. (ex Dulcina madagascariensis),"",bacteria,false,,,,,,,,,,,,,,,,0.01973803249042,2,,,87.7,32.5,10^-10.7986,,,,,,0
1912216,2,1912216,Cutibacterium,"",bacteria,false,,,,20.57689887126285,2085,7,901,98.6096,380.441,10^-161.198,,,,,,16.204924674634817,1642,5,632,99.1325,70.2082,10^-42.0756,,,,,"[3016342, 2605781, 2559073, 1912221, 1574624, 33011, 33010, 1747]",0
3016342,1,1912216,Cutibacterium equinum,"",bacteria,false,,,,,,,,,,,,,,,,0.00986901624521,1,,,97.0,33.0,10^-10.5986,,,,,,0
2605781,1,1912216,Cutibacterium porci,"",bacteria,false,,,,,,,,,,,,,,,,0.00986901624521,1,,,96.0,25.0,10^-6.92082,,,,,,0
2559073,1,1912216,Cutibacterium modestum,"",bacteria,false,,,,,,,,,,,,,,,,0.03947606498084,4,,,90.7,32.5,10^-7.96044,,,,,,0
1912221,1,1912216,Cutibacterium sp.,"",bacteria,false,,,,,,,,,,,,,,,,0.01973803249042,2,,,100.0,31.0,10^-12.5954,,,,,,0
1574624,1,1912216,Cutibacterium namnetense,"",bacteria,false,,,,,,,,,,,,,,,,0.14803524367815,15,,,100.0,31.4667,10^-10.7873,,,,,,0
33011,1,1912216,Cutibacterium granulosum,"",bacteria,false,,,,0.55266490973176,56,,,98.4287,95.1964,10^-50.2721,,,,,,0.30593950360150995,31,,,97.6419,31.4839,10^-10.7066,,,,,,0
33010,1,1912216,Cutibacterium avidum,"",bacteria,false,,,,0.06908311371647,7,,,100.0,96.0,10^-52.9752,,,,,,0.11842819494252,12,,,100.0,31.9167,10^-11.8889,,,,,,0
1747,1,1912216,Cutibacterium acnes,"",bacteria,false,,,,19.95515084781462,2022,7,901,98.6098,389.437,10^-164.688,,,,,,15.553569602450958,1576,5,632,99.1712,71.8519,10^-43.4059,,,,,,0
1912215,2,1912215,Acidipropionibacterium,"",bacteria,false,,,,,,,,,,,,,,,,0.02960704873563,3,,,98.15,27.0,10^-8.04994,,,,,"[2057246, 1749]",0
2057246,1,1912215,Acidipropionibacterium virtanenii,"",bacteria,false,,,,,,,,,,,,,,,,0.01973803249042,2,,,96.3,27.0,10^-7.68194,,,,,,0
1749,1,1912215,Acidipropionibacterium jensenii,"",bacteria,false,,,,,,,,,,,,,,,,0.00986901624521,1,,,100.0,27.0,10^-8.41794,,,,,,0
1911093,2,1911093,Occultibambusa,"",eukaryota,false,,,,0.00986901624521,1,,,99.01,101.0,10^-55.0077,,,,,,,,,,,,,,,,,[2937671],0
2937671,1,1911093,Occultibambusa sichuanensis,"",eukaryota,false,,,,0.00986901624521,1,,,99.01,101.0,10^-55.0077,,,,,,,,,,,,,,,,,,0
1905726,2,1905726,Paludifilum,"",bacteria,false,,,,,,,,,,,,,,,,0.02960704873563,3,,,66.3667,32.6667,10^-5.7344,,,,,[1642702],0
1642702,1,1905726,Paludifilum halophilum,"",bacteria,false,,,,,,,,,,,,,,,,0.02960704873563,3,,,66.3667,32.6667,10^-5.7344,,,,,,0
1892809,2,1892809,Parengyodontium,"",eukaryota,false,,,,0.01973803249042,2,,,100.0,101.0,10^-56.3801,,,,,,,,,,,,,,,,,[37998],0
37998,1,1892809,Parengyodontium album,"",eukaryota,false,,,,0.01973803249042,2,,,100.0,101.0,10^-56.3801,,,,,,,,,,,,,,,,,,0
1892769,2,1892769,Pseudopithomyces,"",eukaryota,false,,,,0.00986901624521,1,,,100.0,94.0,10^-51.608,,,,,,,,,,,,,,,,,[1892770],0
1892770,1,1892769,Pseudopithomyces chartarum,"",eukaryota,false,,,,0.00986901624521,1,,,100.0,94.0,10^-51.608,,,,,,,,,,,,,,,,,,0
1891946,2,1891946,Vishniacozyma,"",eukaryota,false,,,,0.00986901624521,1,,,100.0,100.0,10^-55.6982,,,,,,,,,,,,,,,,,[1116865],0
1116865,1,1891946,Vishniacozyma psychrotolerans,"",eukaryota,false,,,,0.00986901624521,1,,,100.0,100.0,10^-55.6982,,,,,,,,,,,,,,,,,,0
1884455,2,1884455,Anphevirus,"",viruses,false,,,,0.04934508122605,5,,,99.0208,65.0,10^-30.8479,,,,,,109.0624985258157,11051,1,11041,99.0525,2032.51,10^-307.429,,,,,[2059675],0
2059675,1,1884455,Aedes aegypti anphevirus,"",viruses,false,,,,0.04934508122605,5,,,99.0208,65.0,10^-30.8479,,,,,,109.0624985258157,11051,1,11041,99.0525,2032.51,10^-307.429,,,,,,0
1883071,2,1883071,Cytidiella,"",eukaryota,false,,,,,,,,,,,,,,,,0.00986901624521,1,,,100.0,33.0,10^-12.6861,,,,,[1883072],0
1883072,1,1883071,Cytidiella melzeri,"",eukaryota,false,,,,,,,,,,,,,,,,0.00986901624521,1,,,100.0,33.0,10^-12.6861,,,,,,0
1882482,2,1882482,Testicularia,"",eukaryota,false,,,,,,,,,,,,,,,,0.01973803249042,2,,,82.1,28.0,10^-5.88606,,,,,[1882483],0
1882483,1,1882482,Testicularia cyperi,"",eukaryota,false,,,,,,,,,,,,,,,,0.01973803249042,2,,,82.1,28.0,10^-5.88606,,,,,,0
1874621,2,1874621,Panacibacter,"",bacteria,false,,,,0.02960704873563,3,,,95.9587,99.0,10^-49.5269,,,,,,,,,,,,,,,,,[1813871],0
1813871,1,1874621,Panacibacter ginsenosidivorans,"",bacteria,false,,,,0.02960704873563,3,,,95.9587,99.0,10^-49.5269,,,,,,,,,,,,,,,,,,0
1870884,2,1870884,Clostridioides,"",bacteria,false,,,,,,,,,,,,,,,,0.07895212996168,8,,,86.0875,29.75,10^-7.04973,,,,,[1496],1
1496,1,1870884,Clostridioides difficile,"",bacteria,false,,,,,,,,,,,,,,,,0.07895212996168,8,,,86.0875,29.75,10^-7.04973,,,,,,1
1866885,2,1866885,Mycolicibacterium,"",bacteria,false,,,,0.17764229241378,18,,,95.8895,95.1111,10^-46.3527,,,,,,0.06908311371647,7,,,92.3857,28.4286,10^-6.92156,,,,,"[2320850, 1552759, 431269, 319706, 216929, 152142, 110539, 85693, 56689, 53462, 46351, 1801]",0
2320850,1,1866885,Mycolicibacterium sp.,"",bacteria,false,,,,,,,,,,,,,,,,0.01973803249042,2,,,74.95,30.0,10^-6.02805,,,,,,0
1552759,1,1866885,Mycolicibacterium grossiae,"",bacteria,false,,,,0.00986901624521,1,,,99.01,101.0,10^-55.0077,,,,,,,,,,,,,,,,,,0
431269,1,1866885,Mycolicibacterium setense,"",bacteria,false,,,,,,,,,,,,,,,,0.00986901624521,1,,,96.8,31.0,10^-10.0691,,,,,,0
319706,1,1866885,Mycolicibacterium phocaicum,"",bacteria,false,,,,0.03947606498084,4,,,86.3087,106.0,10^-37.8345,,,,,,,,,,,,,,,,,,0
216929,1,1866885,Mycolicibacterium psychrotolerans,"",bacteria,false,,,,0.00986901624521,1,,,96.04,101.0,10^-50.8906,,,,,,,,,,,,,,,,,,0
152142,1,1866885,Mycolicibacterium holsaticum,"",bacteria,false,,,,0.02960704873563,3,,,98.68,96.3333,10^-51.3688,,,,,,,,,,,,,,,,,,0
110539,1,1866885,Mycolicibacterium vanbaalenii,"",bacteria,false,,,,0.00986901624521,1,,,99.01,101.0,10^-55.0077,,,,,,,,,,,,,,,,,,0
85693,1,1866885,Mycolicibacterium monacense,"",bacteria,false,,,,0.02960704873563,3,,,99.67,100.667,10^-55.6953,,,,,,,,,,,,,,,,,,0
56689,1,1866885,Mycolicibacterium mucogenicum,"",bacteria,false,,,,,,,,,,,,,,,,0.03947606498084,4,,,100.0,27.0,10^-6.58145,,,,,,0
53462,1,1866885,Mycolicibacterium mageritense,"",bacteria,false,,,,0.01973803249042,2,,,100.0,100.0,10^-55.6982,,,,,,,,,,,,,,,,,,0
46351,1,1866885,Mycolicibacterium hassiacum,"",bacteria,false,,,,0.00986901624521,1,,,100.0,98.0,10^-54.3346,,,,,,,,,,,,,,,,,,0
1801,1,1866885,Mycolicibacterium diernhoferi,"",bacteria,false,,,,0.01973803249042,2,,,95.833,48.0,10^-17.5906,,,,,,,,,,,,,,,,,,0
1859638,2,1859638,Striatibotrys,"",eukaryota,false,,,,0.01973803249042,2,,,98.515,100.5,10^-53.9806,,,,,,,,,,,,,,,,,[1860027],0
1860027,1,1859638,Striatibotrys eucylindrospora,"",eukaryota,false,,,,0.01973803249042,2,,,98.515,100.5,10^-53.9806,,,,,,,,,,,,,,,,,,0
1857532,2,1857532,Muribacter,"",bacteria,false,,,,0.00986901624521,1,,,100.0,101.0,10^-56.3801,,,,,,,,,,,,,,,,,[67855],0
67855,1,1857532,Muribacter muris,"",bacteria,false,,,,0.00986901624521,1,,,100.0,101.0,10^-56.3801,,,,,,,,,,,,,,,,,,0
1855416,2,1855416,Qipengyuania,"",bacteria,false,,,,0.0986901624521,10,,,94.1268,83.0,10^-37.6672,,,,,,0.01973803249042,2,,,74.2,31.0,10^-3.43533,,,,,"[2004515, 1532023, 192812]",0
2004515,1,1855416,Qipengyuania sp.,"",bacteria,false,,,,,,,,,,,,,,,,0.01973803249042,2,,,74.2,31.0,10^-3.43533,,,,,,0
1532023,1,1855416,Qipengyuania sediminis,"",bacteria,false,,,,0.06908311371647,7,,,91.7797,82.5714,10^-34.8085,,,,,,,,,,,,,,,,,,0
192812,1,1855416,Qipengyuania flava,"",bacteria,false,,,,0.02960704873563,3,,,99.6033,84.0,10^-44.3375,,,,,,,,,,,,,,,,,,0
1855413,2,1855413,Brevirhabdus,"",bacteria,false,,,,0.00986901624521,1,,,90.476,84.0,10^-33.816,,,,,,,,,,,,,,,,,[1267768],0
1267768,1,1855413,Brevirhabdus pacifica,"",bacteria,false,,,,0.00986901624521,1,,,90.476,84.0,10^-33.816,,,,,,,,,,,,,,,,,,0
1851509,2,1851509,Naganishia,"",eukaryota,false,,,,0.00986901624521,1,,,100.0,100.0,10^-55.6982,,,,,,0.00986901624521,1,,,96.7,30.0,10^-7.52871,,,,,[100951],0
100951,1,1851509,Naganishia albida,"",eukaryota,false,,,,0.00986901624521,1,,,100.0,100.0,10^-55.6982,,,,,,0.00986901624521,1,,,96.7,30.0,10^-7.52871,,,,,,0
1849822,2,1849822,Paraclostridium,"",bacteria,false,,,,0.01973803249042,2,,,98.015,100.5,10^-53.2944,,,,,,0.00986901624521,1,,,73.1,26.0,10^-3.33442,,,,,[1490],1
1490,1,1849822,Paraclostridium bifermentans,"",bacteria,false,,,,0.01973803249042,2,,,98.015,100.5,10^-53.2944,,,,,,0.00986901624521,1,,,73.1,26.0,10^-3.33442,,,,,,1
1847725,2,1847725,Lawsonella,"",bacteria,false,,,,0.28620147111108996,29,,,98.0546,90.3103,10^-46.6944,,,,,,0.24672540613024999,25,,,99.628,31.52,10^-11.0925,,,,,"[2041415, 1528099]",0
2041415,1,1847725,Lawsonella sp.,"",bacteria,false,,,,,,,,,,,,,,,,0.05921409747126,6,,,100.0,31.0,10^-10.555,,,,,,0
1528099,1,1847725,Lawsonella clevelandensis,"",bacteria,false,,,,0.28620147111108996,29,,,98.0546,90.3103,10^-46.6944,,,,,,0.18751130865899,19,,,99.5105,31.6842,10^-11.2622,,,,,,0
1843210,2,1843210,Anaerocolumna,"",bacteria,false,,,,0.00986901624521,1,,,93.069,101.0,10^-46.7735,,,,,,,,,,,,,,,,,[3039116],0
3039116,1,1843210,Anaerocolumna sp. AGMB13025,"",bacteria,false,,,,0.00986901624521,1,,,93.069,101.0,10^-46.7735,,,,,,,,,,,,,,,,,,0
1838142,2,1838142,Cutaneotrichosporon,"",eukaryota,false,,,,,,,,,,,,,,,,0.01973803249042,2,,,90.45,31.5,10^-7.96738,,,,,[279322],0
279322,1,1838142,Cutaneotrichosporon cavernicola,"",eukaryota,false,,,,,,,,,,,,,,,,0.01973803249042,2,,,90.45,31.5,10^-7.96738,,,,,,0
1837315,2,1837315,Ricasolia,"",eukaryota,false,,,,0.00986901624521,1,,,97.222,36.0,10^-10.8537,,,,,,,,,,,,,,,,,[209564],0
209564,1,1837315,Ricasolia amplissima,"",eukaryota,false,,,,0.00986901624521,1,,,97.222,36.0,10^-10.8537,,,,,,,,,,,,,,,,,,0
1835332,2,1835332,Verticiella,"",bacteria,false,,,,,,,,,,,,,,,,0.00986901624521,1,,,81.8,33.0,10^-14.0223,,,,,[1247510],0
1247510,1,1835332,Verticiella sediminum,"",bacteria,false,,,,,,,,,,,,,,,,0.00986901624521,1,,,81.8,33.0,10^-14.0223,,,,,,0
1827464,2,1827464,Hermatomyces,"",eukaryota,false,,,,0.00986901624521,1,,,100.0,88.0,10^-47.5195,,,,,,,,,,,,,,,,,[1837912],0
1837912,1,1827464,Hermatomyces tectonae,"",eukaryota,false,,,,0.00986901624521,1,,,100.0,88.0,10^-47.5195,,,,,,,,,,,,,,,,,,0
1827195,2,1827195,Caballeronia,"",bacteria,false,,,,,,,,,,,,,,,,0.04934508122605,5,,,89.2,29.4,10^-9.21142,,,,,"[1827198, 1777135]",0
1827198,1,1827195,uncultured Caballeronia sp.,"",bacteria,false,,,,,,,,,,,,,,,,0.03947606498084,4,,,86.5,28.5,10^-8.17162,,,,,,0
1777135,1,1827195,Caballeronia arvi,"",bacteria,false,,,,,,,,,,,,,,,,0.00986901624521,1,,,100.0,33.0,10^-13.3706,,,,,,0
1826864,2,1826864,Nitrosocosmicus,"",archaea,false,,,,0.01973803249042,2,,,99.438,89.0,10^-47.5146,,,,,,,,,,,,,,,,,[1826872],0
1826872,1,1826864,Candidatus Nitrosocosmicus hydrocola,"",archaea,false,,,,0.01973803249042,2,,,99.438,89.0,10^-47.5146,,,,,,,,,,,,,,,,,,0
1822464,2,1822464,Paraburkholderia,"",bacteria,false,,,,0.00986901624521,1,,,89.109,101.0,10^-41.284,,,,,,0.02960704873563,3,,,91.9333,33.0,10^-10.662,,,,,"[1069530, 134537, 60548]",0
1069530,1,1822464,Candidatus Paraburkholderia schumannianae,"",bacteria,false,,,,,,,,,,,,,,,,0.01973803249042,2,,,87.9,33.0,10^-9.76867,,,,,,0
134537,1,1822464,Paraburkholderia fungorum,"",bacteria,false,,,,,,,,,,,,,,,,0.00986901624521,1,,,100.0,33.0,10^-12.4486,,,,,,0
60548,1,1822464,Paraburkholderia graminis,"",bacteria,false,,,,0.00986901624521,1,,,89.109,101.0,10^-41.284,,,,,,,,,,,,,,,,,,0
1810868,2,1810868,Mycoavidus,"",bacteria,false,,,,,,,,,,,,,,,,0.01973803249042,2,,,90.45,31.5,10^-10.6217,,,,,[1553431],0
1553431,1,1810868,Mycoavidus cysteinexigens,"",bacteria,false,,,,,,,,,,,,,,,,0.01973803249042,2,,,90.45,31.5,10^-10.6217,,,,,,0
1803640,2,1803640,Dorcoceras,"",eukaryota,false,,,,,,,,,,,,,,,,0.02960704873563,3,,,87.4333,29.6667,10^-10.8728,,,,,[472368],0
472368,1,1803640,Dorcoceras hygrometricum,"",eukaryota,false,,,,,,,,,,,,,,,,0.02960704873563,3,,,87.4333,29.6667,10^-10.8728,,,,,,0
1798879,2,1798879,Ruinenia,"",eukaryota,false,,,,0.00986901624521,1,,,97.03,101.0,10^-52.2629,,,,,,,,,,,,,,,,,[2877778],0
2877778,1,1798879,Ruinenia lunata,"",eukaryota,false,,,,0.00986901624521,1,,,97.03,101.0,10^-52.2629,,,,,,,,,,,,,,,,,,0
1798857,2,1798857,Pseudobensingtonia,"",eukaryota,false,,,,0.07895212996168,8,1,8,94.606,241.0,10^-99.7986,,,,,,,,,,,,,,,,,[2877775],0
2877775,1,1798857,Pseudobensingtonia fusiformis,"",eukaryota,false,,,,0.07895212996168,8,1,8,94.606,241.0,10^-99.7986,,,,,,,,,,,,,,,,,,0
1778653,2,1778653,Sulfuriferula,"",bacteria,false,,,,,,,,,,,,,,,,0.01973803249042,2,,,80.0,30.0,10^-3.56864,,,,,[1985873],0
1985873,1,1778653,Sulfuriferula sp. AH1,"",bacteria,false,,,,,,,,,,,,,,,,0.01973803249042,2,,,80.0,30.0,10^-3.56864,,,,,,0
1770150,2,1770150,Heterophoma,"",eukaryota,false,,,,0.11842819494252,12,1,10,99.0708,198.5,10^-97.0143,,,,,,,,,,,,,,,,,[749860],0
749860,1,1770150,Heterophoma verbasci-densiflori,"",eukaryota,false,,,,0.11842819494252,12,1,10,99.0708,198.5,10^-97.0143,,,,,,,,,,,,,,,,,,0
1769726,2,1769726,Niveibacterium,"",bacteria,false,,,,0.00986901624521,1,,,96.04,101.0,10^-50.8906,,,,,,,,,,,,,,,,,[2811415],0
2811415,1,1769726,Niveibacterium microcysteis,"",bacteria,false,,,,0.00986901624521,1,,,96.04,101.0,10^-50.8906,,,,,,,,,,,,,,,,,,0
1769012,2,1769012,Arachidicoccus,"",bacteria,false,,,,0.01973803249042,2,,,98.684,76.0,10^-37.9766,,,,,,,,,,,,,,,,,"[2875539, 496057]",0
2875539,1,1769012,Arachidicoccus terrestris,"",bacteria,false,,,,0.00986901624521,1,,,100.0,76.0,10^-39.3489,,,,,,,,,,,,,,,,,,0
496057,1,1769012,Arachidicoccus ginsenosidivorans,"",bacteria,false,,,,0.00986901624521,1,,,97.368,76.0,10^-36.6042,,,,,,,,,,,,,,,,,,0
1763452,2,1763452,Tianweitania,"",bacteria,false,,,,,,,,,,,,,,,,0.00986901624521,1,,,83.9,31.0,10^-7.51004,,,,,[1607949],0
1607949,1,1763452,Tianweitania populi,"",bacteria,false,,,,,,,,,,,,,,,,0.00986901624521,1,,,83.9,31.0,10^-7.51004,,,,,,0
1763018,2,1763018,Cryptocoryneum,"",eukaryota,false,,,,0.00986901624521,1,,,89.0,100.0,10^-40.6021,,,,,,,,,,,,,,,,,[1763021],0
1763021,1,1763018,Cryptocoryneum condensatum,"",eukaryota,false,,,,0.00986901624521,1,,,89.0,100.0,10^-40.6021,,,,,,,,,,,,,,,,,,0
1762932,2,1762932,Algoriella,"",bacteria,false,,,,,,,,,,,,,,,,0.20724934114941,21,1,14,90.5607,48.0,10^-25.3093,,,,,[684065],0
684065,1,1762932,Algoriella xinjiangensis,"",bacteria,false,,,,,,,,,,,,,,,,0.20724934114941,21,1,14,90.5607,48.0,10^-25.3093,,,,,,0
1744881,2,1744881,Sulfuricaulis,"",bacteria,false,,,,0.00986901624521,1,,,98.99,99.0,10^-53.644,,,,,,,,,,,,,,,,,[1620215],0
1620215,1,1744881,Sulfuricaulis limicola,"",bacteria,false,,,,0.00986901624521,1,,,98.99,99.0,10^-53.644,,,,,,,,,,,,,,,,,,0
1742993,2,1742993,Pseudarthrobacter,"",bacteria,false,,,,0.04934508122605,5,,,98.6,78.0,10^-38.5461,,,,,,0.01973803249042,2,,,86.05,32.0,10^-8.10348,,,,,"[3018929, 861266, 728066]",0
3018929,1,1742993,Pseudarthrobacter sp. MM222,"",bacteria,false,,,,0.00986901624521,1,,,93.0,100.0,10^-46.0916,,,,,,,,,,,,,,,,,,0
861266,1,1742993,Pseudarthrobacter siccitolerans,"",bacteria,false,,,,,,,,,,,,,,,,0.01973803249042,2,,,86.05,32.0,10^-8.10348,,,,,,0
728066,1,1742993,Pseudarthrobacter equi,"",bacteria,false,,,,0.03947606498084,4,,,100.0,72.5,10^-36.6598,,,,,,,,,,,,,,,,,,0
1742992,2,1742992,Paenarthrobacter,"",bacteria,false,,,,0.02960704873563,3,,,96.1013,90.0,10^-43.3937,,,,,,,,,,,,,,,,,"[2735317, 37931]",0
2735317,1,1742992,Paenarthrobacter sp. YJN-D,"",bacteria,false,,,,0.01973803249042,2,,,94.152,85.5,10^-38.2685,,,,,,,,,,,,,,,,,,0
37931,1,1742992,Paenarthrobacter ureafaciens,"",bacteria,false,,,,0.00986901624521,1,,,100.0,99.0,10^-53.644,,,,,,,,,,,,,,,,,,0
1742991,2,1742991,Pseudoglutamicibacter,"",bacteria,false,,,,,,,,,,,,,,,,0.00986901624521,1,,,67.6,34.0,10^-5.26122,,,,,[98671],0
98671,1,1742991,Pseudoglutamicibacter albus,"",bacteria,false,,,,,,,,,,,,,,,,0.00986901624521,1,,,67.6,34.0,10^-5.26122,,,,,,0
1742990,2,1742990,Paeniglutamicibacter,"",bacteria,false,,,,,,,,,,,,,,,,0.00986901624521,1,,,100.0,32.0,10^-10.6326,,,,,[670079],0
670079,1,1742990,Paeniglutamicibacter cryotolerans,"",bacteria,false,,,,,,,,,,,,,,,,0.00986901624521,1,,,100.0,32.0,10^-10.6326,,,,,,0
1742989,2,1742989,Glutamicibacter,"",bacteria,false,,,,0.01973803249042,2,,,93.5645,101.0,10^-47.4597,,,,,,0.01973803249042,2,,,94.85,31.0,10^-10.317,,,,,"[43667, 37930]",0
43667,1,1742989,Glutamicibacter uratoxydans,"",bacteria,false,,,,,,,,,,,,,,,,0.01973803249042,2,,,94.85,31.0,10^-10.317,,,,,,0
37930,1,1742989,Glutamicibacter protophormiae,"",bacteria,false,,,,0.01973803249042,2,,,93.5645,101.0,10^-47.4597,,,,,,,,,,,,,,,,,,0
1734920,2,1734920,Pseudorhodoplanes,"",bacteria,false,,,,,,,,,,,,,,,,0.00986901624521,1,,,97.0,33.0,10^-12.2774,,,,,[1934341],0
1934341,1,1734920,Pseudorhodoplanes sp.,"",bacteria,false,,,,,,,,,,,,,,,,0.00986901624521,1,,,97.0,33.0,10^-12.2774,,,,,,0
1729679,2,1729679,Faecalibaculum,"",bacteria,false,,,,,,,,,,,,,,,,0.00986901624521,1,,,90.3,31.0,10^-5.01055,,,,,[1702221],0
1702221,1,1729679,Faecalibaculum rodentium,"",bacteria,false,,,,,,,,,,,,,,,,0.00986901624521,1,,,90.3,31.0,10^-5.01055,,,,,,0
1715798,2,1715798,Levyella,"",bacteria,false,,,,,,,,,,,,,,,,0.01973803249042,2,,,100.0,23.0,10^-5.83268,,,,,[938289],0
938289,1,1715798,Levyella massiliensis,"",bacteria,false,,,,,,,,,,,,,,,,0.01973803249042,2,,,100.0,23.0,10^-5.83268,,,,,,0
1714559,2,1714559,Mimeoma,"",eukaryota,false,,,,0.00986901624521,1,,,92.157,102.0,10^-46.083,,,,,,,,,,,,,,,,,[1714564],0
1714564,1,1714559,Mimeoma signatoides,"",eukaryota,false,,,,0.00986901624521,1,,,92.157,102.0,10^-46.083,,,,,,,,,,,,,,,,,,0
1709327,2,1709327,Paratrimastix,"",eukaryota,false,,,,0.01973803249042,2,,,91.954,87.0,10^-37.2317,,,,,,,,,,,,,,,,,[342808],0
342808,1,1709327,Paratrimastix pyriformis,"",eukaryota,false,,,,0.01973803249042,2,,,91.954,87.0,10^-37.2317,,,,,,,,,,,,,,,,,,0
1706033,2,1706033,Sediminicoccus,"",bacteria,false,,,,0.01973803249042,2,,,97.03,101.0,10^-52.2629,,,,,,,,,,,,,,,,,[1225128],0
1225128,1,1706033,Sediminicoccus rosea,"",bacteria,false,,,,0.01973803249042,2,,,97.03,101.0,10^-52.2629,,,,,,,,,,,,,,,,,,0
1699076,2,1699076,Loxodera,"",eukaryota,false,,,,0.00986901624521,1,,,100.0,97.0,10^-53.6529,,,,,,,,,,,,,,,,,[2837566],0
2837566,1,1699076,Loxodera bovonei,"",eukaryota,false,,,,0.00986901624521,1,,,100.0,97.0,10^-53.6529,,,,,,,,,,,,,,,,,,0
1686313,2,1686313,Fenollaria,"",bacteria,false,,,,0.01973803249042,2,,,100.0,101.0,10^-56.3801,,,,,,,,,,,,,,,,,[938288],0
938288,1,1686313,Fenollaria massiliensis,"",bacteria,false,,,,0.01973803249042,2,,,100.0,101.0,10^-56.3801,,,,,,,,,,,,,,,,,,0
1676125,2,1676125,Thermogutta,"",bacteria,false,,,,,,,,,,,,,,,,0.00986901624521,1,,,68.8,32.0,10^-3.9914,,,,,[1331910],0
1331910,1,1676125,Thermogutta terrifontis,"",bacteria,false,,,,,,,,,,,,,,,,0.00986901624521,1,,,68.8,32.0,10^-3.9914,,,,,,0
1654787,2,1654787,Thiopseudomonas,"",bacteria,false,,,,0.00986901624521,1,,,100.0,101.0,10^-56.3801,,,,,,,,,,,,,,,,,[1697053],0
1697053,1,1654787,Thiopseudomonas alkaliphila,"",bacteria,false,,,,0.00986901624521,1,,,100.0,101.0,10^-56.3801,,,,,,,,,,,,,,,,,,0
1653176,2,1653176,Cereibacter,"",bacteria,false,,,,0.04934508122605,5,,,99.3608,89.4,10^-47.6516,,,,,,,,,,,,,,,,,[1063],0
1063,1,1653176,Cereibacter sphaeroides,"",bacteria,false,,,,0.04934508122605,5,,,99.3608,89.4,10^-47.6516,,,,,,,,,,,,,,,,,,0
1649512,2,1649512,Vulcaniibacterium,"",bacteria,false,,,,,,,,,,,,,,,,0.00986901624521,1,,,81.8,33.0,10^-12.2815,,,,,[1273429],0
1273429,1,1649512,Vulcaniibacterium tengchongense,"",bacteria,false,,,,,,,,,,,,,,,,0.00986901624521,1,,,81.8,33.0,10^-12.2815,,,,,,0
1649487,2,1649487,Rhizorhapis,"",bacteria,false,,,,,,,,,,,,,,,,0.00986901624521,1,,,68.0,25.0,10^-3.45346,,,,,[13656],0
13656,1,1649487,Rhizorhapis suberifaciens,corky root of lettuce,bacteria,false,,,,,,,,,,,,,,,,0.00986901624521,1,,,68.0,25.0,10^-3.45346,,,,,,0
1649486,2,1649486,Rhizorhabdus,"",bacteria,false,,,,0.04934508122605,5,,,95.2206,83.0,10^-38.631,,,,,,,,,,,,,,,,,"[1850238, 160791]",0
1850238,1,1649486,Rhizorhabdus dicambivorans,"",bacteria,false,,,,0.03947606498084,4,,,96.3335,87.5,10^-42.3801,,,,,,,,,,,,,,,,,,0
160791,1,1649486,Rhizorhabdus wittichii,"",bacteria,false,,,,0.00986901624521,1,,,90.769,65.0,10^-23.6346,,,,,,,,,,,,,,,,,,0
1649476,2,1649476,Parafilimonas,"",bacteria,false,,,,0.00986901624521,1,,,99.01,101.0,10^-55.0077,,,,,,,,,,,,,,,,,[1765022],0
1765022,1,1649476,uncultured Parafilimonas sp.,"",bacteria,false,,,,0.00986901624521,1,,,99.01,101.0,10^-55.0077,,,,,,,,,,,,,,,,,,0
1649470,2,1649470,Minicystis,"",bacteria,false,,,,0.01973803249042,2,,,91.0615,90.5,10^-37.56,,,,,,,,,,,,,,,,,[888845],0
888845,1,1649470,Minicystis rosea,"",bacteria,false,,,,0.01973803249042,2,,,91.0615,90.5,10^-37.56,,,,,,,,,,,,,,,,,,0
1649454,2,1649454,Glaciihabitans,"",bacteria,false,,,,0.00986901624521,1,,,100.0,43.0,10^-16.9522,,,,,,,,,,,,,,,,,[2596912],0
2596912,1,1649454,Glaciihabitans sp. INWT7,"",bacteria,false,,,,0.00986901624521,1,,,100.0,43.0,10^-16.9522,,,,,,,,,,,,,,,,,,0
1649317,2,1649317,Frederiksenia,"",bacteria,false,,,,0.01973803249042,2,,,99.005,100.5,10^-54.6668,,,,,,,,,,,,,,,,,[123824],0
123824,1,1649317,Frederiksenia canicola,"",bacteria,false,,,,0.01973803249042,2,,,99.005,100.5,10^-54.6668,,,,,,,,,,,,,,,,,,0
1649298,2,1649298,Siccibacter,"",bacteria,false,,,,0.02960704873563,3,,,99.34,101.0,10^-55.4651,,,,,,,,,,,,,,,,,[1505757],0
1505757,1,1649298,Siccibacter colletis,"",bacteria,false,,,,0.02960704873563,3,,,99.34,101.0,10^-55.4651,,,,,,,,,,,,,,,,,,0
1635133,2,1635133,Aestuariicella,"",bacteria,false,,,,,,,,,,,,,,,,0.01973803249042,2,,,90.0,20.0,10^-3.00568,,,,,[1470433],0
1470433,1,1635133,Aestuariicella hydrocarbonica,"",bacteria,false,,,,,,,,,,,,,,,,0.01973803249042,2,,,90.0,20.0,10^-3.00568,,,,,,0
1623305,2,1623305,Skunavirus,"",viruses,true,,,,0.01973803249042,2,,,100.0,91.0,10^-49.5635,,,,,,,,,,,,,,,,,"[2845401, 2845148]",0
2845401,1,1623305,Skunavirus CHPC964,"",viruses,false,,,,0.00986901624521,1,,,100.0,91.0,10^-49.5635,,,,,,,,,,,,,,,,,,0
2845148,1,1623305,Skunavirus sv05601,"",viruses,false,,,,0.00986901624521,1,,,100.0,91.0,10^-49.5635,,,,,,,,,,,,,,,,,,0
1623286,2,1623286,Casadabanvirus,"",viruses,true,,,,,,,,,,,,,,,,0.00986901624521,1,,,75.0,32.0,10^-6.89963,,,,,[2966556],0
2966556,1,1623286,Pseudomonas phage ZCPA1,"",viruses,true,,,,,,,,,,,,,,,,0.00986901624521,1,,,75.0,32.0,10^-6.89963,,,,,,0
1620264,2,1620264,Dactylonectria,"",eukaryota,false,,,,,,,,,,,,,,,,0.01973803249042,2,,,76.6,32.0,10^-7.88289,,,,,[1079267],0
1079267,1,1620264,Dactylonectria estremocensis,"",eukaryota,false,,,,,,,,,,,,,,,,0.01973803249042,2,,,76.6,32.0,10^-7.88289,,,,,,0
1617805,2,1617805,Amylibacter,"",bacteria,false,,,,,,,,,,,,,,,,0.00986901624521,1,,,100.0,23.0,10^-5.56543,,,,,[1889778],0
1889778,1,1617805,Amylibacter kogurei,"",bacteria,false,,,,,,,,,,,,,,,,0.00986901624521,1,,,100.0,23.0,10^-5.56543,,,,,,0
1616833,2,1616833,Hydrococcus,"",bacteria,false,,,,,,,,,,,,,,,,0.00986901624521,1,,,82.1,28.0,10^-3.2644,,,,,[2720475],0
2720475,1,1616833,Hydrococcus sp. SU_1_0,"",bacteria,false,,,,,,,,,,,,,,,,0.00986901624521,1,,,82.1,28.0,10^-3.2644,,,,,,0
1612157,2,1612157,Pararhodospirillum,"",bacteria,false,,,,,,,,,,,,,,,,0.11842819494252,12,,,77.5833,31.5,10^-6.54609,,,,,[1084],0
1084,1,1612157,Pararhodospirillum photometricum,"",bacteria,false,,,,,,,,,,,,,,,,0.11842819494252,12,,,77.5833,31.5,10^-6.54609,,,,,,0
1582879,2,1582879,Ezakiella,"",bacteria,false,,,,0.02960704873563,3,,,95.945,96.0,10^-47.9401,,,,,,0.00986901624521,1,,,100.0,29.0,10^-8.74958,,,,,"[1852374, 46507]",0
1852374,1,1582879,Ezakiella massiliensis,"",bacteria,false,,,,0.00986901624521,1,,,90.805,87.0,10^-35.8593,,,,,,,,,,,,,,,,,,0
46507,1,1582879,Ezakiella coagulans,"",bacteria,false,,,,0.01973803249042,2,,,98.515,100.5,10^-53.9806,,,,,,0.00986901624521,1,,,100.0,29.0,10^-8.74958,,,,,,0
1562158,2,1562158,Neopestalotiopsis,"",eukaryota,false,,,,0.00986901624521,1,,,100.0,84.0,10^-44.795,,,,,,,,,,,,,,,,,[289240],0
289240,1,1562158,Neopestalotiopsis clavispora,"",eukaryota,false,,,,0.00986901624521,1,,,100.0,84.0,10^-44.795,,,,,,,,,,,,,,,,,,0
1546255,2,1546255,Mumia,"",bacteria,false,,,,0.00986901624521,1,,,95.05,101.0,10^-48.1458,,,,,,,,,,,,,,,,,[2708082],0
2708082,1,1546255,Mumia sp. ZJ1417,"",bacteria,false,,,,0.00986901624521,1,,,95.05,101.0,10^-48.1458,,,,,,,,,,,,,,,,,,0
1541818,2,1541818,Sedimentitalea,"",bacteria,false,,,,,,,,,,,,,,,,0.00986901624521,1,,,100.0,28.0,10^-5.05552,,,,,[999627],0
999627,1,1541818,Sedimentitalea nanhaiensis,"",bacteria,false,,,,,,,,,,,,,,,,0.00986901624521,1,,,100.0,28.0,10^-5.05552,,,,,,0
1535207,2,1535207,Barrientosiimonas,"",bacteria,false,,,,0.01973803249042,2,,,99.01,101.0,10^-55.0077,,,,,,,,,,,,,,,,,[1535208],0
1535208,1,1535207,Barrientosiimonas endolithica,"",bacteria,false,,,,0.01973803249042,2,,,99.01,101.0,10^-55.0077,,,,,,,,,,,,,,,,,,0
1525371,2,1525371,Neorhizobium,"",bacteria,false,,,,0.02960704873563,3,,,98.8303,78.3333,10^-40.031,,,,,,,,,,,,,,,,,[399],0
399,1,1525371,Neorhizobium galegae,"",bacteria,false,,,,0.02960704873563,3,,,98.8303,78.3333,10^-40.031,,,,,,,,,,,,,,,,,,0
1522432,2,1522432,Pseudoduganella,"",bacteria,false,,,,0.03947606498084,4,,,98.2738,90.5,10^-47.1653,,,,,,,,,,,,,,,,,"[2995154, 2072590, 321983]",0
2995154,1,1522432,Pseudoduganella sp. SL102,"",bacteria,false,,,,0.01973803249042,2,,,98.8635,94.5,10^-50.5774,,,,,,,,,,,,,,,,,,0
2072590,1,1522432,Pseudoduganella armeniaca,"",bacteria,false,,,,0.00986901624521,1,,,97.59,83.0,10^-41.3692,,,,,,,,,,,,,,,,,,0
321983,1,1522432,Pseudoduganella albidiflava,"",bacteria,false,,,,0.00986901624521,1,,,97.778,90.0,10^-46.1374,,,,,,,,,,,,,,,,,,0
1522128,2,1522128,Catalinimonas,"",bacteria,false,,,,,,,,,,,,,,,,0.01973803249042,2,,,69.7,33.0,10^-5.82352,,,,,[1075417],0
1075417,1,1522128,Catalinimonas alkaloidigena,"",bacteria,false,,,,,,,,,,,,,,,,0.01973803249042,2,,,69.7,33.0,10^-5.82352,,,,,,0
1519186,2,1519186,Nguyenibacter,"",bacteria,false,,,,0.00986901624521,1,,,98.864,88.0,10^-46.1471,,,,,,,,,,,,,,,,,[2497651],0
2497651,1,1519186,Nguyenibacter sp.,"",bacteria,false,,,,0.00986901624521,1,,,98.864,88.0,10^-46.1471,,,,,,,,,,,,,,,,,,0
1515428,2,1515428,Neocatenulostroma,"",eukaryota,false,,,,0.01973803249042,2,,,98.515,101.0,10^-54.3215,,,,,,,,,,,,,,,,,[1431937],0
1431937,1,1515428,Neocatenulostroma microsporum,"",eukaryota,false,,,,0.01973803249042,2,,,98.515,101.0,10^-54.3215,,,,,,,,,,,,,,,,,,0
1511635,2,1511635,Aquisphaera,"",bacteria,false,,,,0.03947606498084,4,,,95.8297,81.6667,10^-38.6514,,,,,,,,,,,,,,,,,[406548],0
406548,1,1511635,Aquisphaera giovannonii,"",bacteria,false,,,,0.03947606498084,4,,,95.8297,81.6667,10^-38.6514,,,,,,,,,,,,,,,,,,0
1508298,2,1508298,Circinotrichum,"",eukaryota,false,,,,0.00986901624521,1,,,100.0,55.0,10^-25.0795,,,,,,,,,,,,,,,,,[1446835],0
1446835,1,1508298,Circinotrichum circinatum,"",eukaryota,false,,,,0.00986901624521,1,,,100.0,55.0,10^-25.0795,,,,,,,,,,,,,,,,,,0
1506553,2,1506553,Lachnoclostridium,"",bacteria,false,,,,,,,,,,,,,,,,0.00986901624521,1,,,96.7,30.0,10^-11.1561,,,,,[81424],0
81424,1,1506553,[Clostridium] methoxybenzovorans,"",bacteria,false,,,,,,,,,,,,,,,,0.00986901624521,1,,,96.7,30.0,10^-11.1561,,,,,,0
1506256,2,1506256,Pionothele,"",eukaryota,false,,,,0.00986901624521,1,,,96.386,83.0,10^-39.9969,,,,,,,,,,,,,,,,,[1671295],0
1671295,1,1506256,Pionothele sp. AUMS6718,"",eukaryota,false,,,,0.00986901624521,1,,,96.386,83.0,10^-39.9969,,,,,,,,,,,,,,,,,,0
1505657,2,1505657,Intestinibacter,"",bacteria,false,,,,,,,,,,,,,,,,0.03947606498084,4,,,75.9,29.0,10^-4.87659,,,,,[261299],0
261299,1,1505657,Intestinibacter bartlettii,"",bacteria,false,,,,,,,,,,,,,,,,0.03947606498084,4,,,75.9,29.0,10^-4.87659,,,,,,0
1502711,2,1502711,Erythranthe,"",eukaryota,false,,,,0.01973803249042,2,,,100.0,86.0,10^-46.1572,,,,,,,,,,,,,,,,,[4155],0
4155,1,1502711,Erythranthe guttata,spotted monkey flower,eukaryota,false,,,,0.01973803249042,2,,,100.0,86.0,10^-46.1572,,,,,,,,,,,,,,,,,,0
1502180,2,1502180,Alsobacter,"",bacteria,false,,,,,,,,,,,,,,,,0.01973803249042,2,,,79.85,32.0,10^-7.8041,,,,,[2962936],0
2962936,1,1502180,Alsobacter ponti,"",bacteria,false,,,,,,,,,,,,,,,,0.01973803249042,2,,,79.85,32.0,10^-7.8041,,,,,,0
1485594,2,1485594,Methyloligella,"",bacteria,false,,,,0.03947606498084,4,,,96.275,100.75,10^-51.0632,,,,,,,,,,,,,,,,,[2742204],0
2742204,1,1485594,Methyloligella sp. GL2,"",bacteria,false,,,,0.03947606498084,4,,,96.275,100.75,10^-51.0632,,,,,,,,,,,,,,,,,,0
1481960,2,1481960,Peptoclostridium,"",bacteria,false,,,,,,,,,,,,,,,,0.00986901624521,1,,,75.8,33.0,10^-6.69037,,,,,[1557],0
1557,1,1481960,Peptoclostridium litorale,"",bacteria,false,,,,,,,,,,,,,,,,0.00986901624521,1,,,75.8,33.0,10^-6.69037,,,,,,0
1470540,2,1470540,Jeotgalibaca,"",bacteria,false,,,,0.01973803249042,2,,,95.161,62.0,10^-25.7137,,,,,,,,,,,,,,,,,[1868793],0
1868793,1,1470540,Jeotgalibaca porci,"",bacteria,false,,,,0.01973803249042,2,,,95.161,62.0,10^-25.7137,,,,,,,,,,,,,,,,,,0
1450170,2,1450170,Aaosphaeria,"",eukaryota,false,,,,0.00986901624521,1,,,97.368,76.0,10^-36.6042,,,,,,,,,,,,,,,,,[1450171],0
1450171,1,1450170,Aaosphaeria arxii,"",eukaryota,false,,,,0.00986901624521,1,,,97.368,76.0,10^-36.6042,,,,,,,,,,,,,,,,,,0
1448052,2,1448052,Globisporangium,"",eukaryota,false,,,,0.03947606498084,4,,,96.429,56.0,10^-23.0131,,,,,,,,,,,,,,,,,"[2125992, 121062]",0
2125992,1,1448052,Globisporangium acanthophoron,"",eukaryota,false,,,,0.01973803249042,2,,,96.429,56.0,10^-23.0131,,,,,,,,,,,,,,,,,,0
121062,1,1448052,Globisporangium perplexum,"",eukaryota,false,,,,0.01973803249042,2,,,96.429,56.0,10^-23.0131,,,,,,,,,,,,,,,,,,0
1445504,2,1445504,Gynuella,"",bacteria,false,,,,0.00986901624521,1,,,99.0,100.0,10^-54.3258,,,,,,,,,,,,,,,,,[1445505],0
1445505,1,1445504,Gynuella sunshinyii,"",bacteria,false,,,,0.00986901624521,1,,,99.0,100.0,10^-54.3258,,,,,,,,,,,,,,,,,,0
1443919,2,1443919,Tabrizicola,"",bacteria,false,,,,,,,,,,,,,,,,0.01973803249042,2,,,98.0,25.5,10^-7.20589,,,,,[2005166],0
2005166,1,1443919,Tabrizicola sp.,"",bacteria,false,,,,,,,,,,,,,,,,0.01973803249042,2,,,98.0,25.5,10^-7.20589,,,,,,0
1434046,2,1434046,Sphingorhabdus,"",bacteria,false,,,,,,,,,,,,,,,,0.00986901624521,1,,,86.4,22.0,10^-3.18111,,,,,[1902408],0
1902408,1,1434046,Sphingorhabdus sp.,"",bacteria,false,,,,,,,,,,,,,,,,0.00986901624521,1,,,86.4,22.0,10^-3.18111,,,,,,0
1434045,2,1434045,Sinomicrobium,"",bacteria,false,,,,0.01973803249042,2,,,100.0,99.5,10^-55.3573,,,,,,,,,,,,,,,,,[2900738],0
2900738,1,1434045,Sinomicrobium kalidii,"",bacteria,false,,,,0.01973803249042,2,,,100.0,99.5,10^-55.3573,,,,,,,,,,,,,,,,,,0
1434022,2,1434022,Naasia,"",bacteria,false,,,,0.00986901624521,1,,,100.0,101.0,10^-56.3801,,,,,,,,,,,,,,,,,[1162966],0
1162966,1,1434022,Naasia aerilata,"",bacteria,false,,,,0.00986901624521,1,,,100.0,101.0,10^-56.3801,,,,,,,,,,,,,,,,,,0
1434011,2,1434011,Komagataeibacter,"",bacteria,false,,,,0.01973803249042,2,,,100.0,73.5,10^-37.6674,,,,,,0.13816622743294,14,,,84.0643,31.3571,10^-8.76153,,,,,"[265960, 265959, 66229, 65958, 33995, 28448]",0
265960,1,1434011,Komagataeibacter nataicola,"",bacteria,false,,,,,,,,,,,,,,,,0.05921409747126,6,,,68.3667,31.3333,10^-5.08256,,,,,,0
265959,1,1434011,Komagataeibacter saccharivorans,"",bacteria,false,,,,0.00986901624521,1,,,100.0,95.0,10^-52.2895,,,,,,,,,,,,,,,,,,0
66229,1,1434011,Komagataeibacter intermedius,"",bacteria,false,,,,,,,,,,,,,,,,0.03947606498084,4,,,100.0,30.5,10^-12.3674,,,,,,0
65958,1,1434011,Komagataeibacter oboediens,"",bacteria,false,,,,,,,,,,,,,,,,0.02960704873563,3,,,100.0,32.0,10^-13.1677,,,,,,0
33995,1,1434011,Komagataeibacter europaeus,"",bacteria,false,,,,0.00986901624521,1,,,100.0,52.0,10^-23.0453,,,,,,,,,,,,,,,,,,0
28448,1,1434011,Komagataeibacter xylinus,"",bacteria,false,,,,,,,,,,,,,,,,0.00986901624521,1,,,66.7,33.0,10^-3.19314,,,,,,0
1434002,2,1434002,Falsirhodobacter,"",bacteria,false,,,,,,,,,,,,,,,,0.01973803249042,2,,,86.7,30.0,10^-6.72125,,,,,[1365611],0
1365611,1,1434002,Falsirhodobacter deserti,"",bacteria,false,,,,,,,,,,,,,,,,0.01973803249042,2,,,86.7,30.0,10^-6.72125,,,,,,0
1431902,2,1431902,Brassicogethes,"",eukaryota,false,,,,,,,,,,,,,,,,0.00986901624521,1,,,56.7,30.0,10^-3.45593,,,,,[1431903],0
1431903,1,1431902,Brassicogethes aeneus,"",eukaryota,false,,,,,,,,,,,,,,,,0.00986901624521,1,,,56.7,30.0,10^-3.45593,,,,,,0
1427149,2,1427149,Halomicroarcula,"",archaea,false,,,,0.00986901624521,1,,,92.157,51.0,10^-16.8781,,,,,,,,,,,,,,,,,[3032584],0
3032584,1,1427149,Halomicroarcula sp. DFY41,"",archaea,false,,,,0.00986901624521,1,,,92.157,51.0,10^-16.8781,,,,,,,,,,,,,,,,,,0
1395977,2,1395977,Aidingimonas,"",bacteria,false,,,,,,,,,,,,,,,,0.00986901624521,1,,,93.9,33.0,10^-9.75696,,,,,[2604086],0
2604086,1,1395977,Aidingimonas lacisalsi,"",bacteria,false,,,,,,,,,,,,,,,,0.00986901624521,1,,,93.9,33.0,10^-9.75696,,,,,,0
1392992,2,1392992,Anthracocystis,"",eukaryota,false,,,,0.00986901624521,1,,,100.0,100.0,10^-55.6982,,,,,,,,,,,,,,,,,[249478],0
249478,1,1392992,Anthracocystis panici-leucophaei,"",eukaryota,false,,,,0.00986901624521,1,,,100.0,100.0,10^-55.6982,,,,,,,,,,,,,,,,,,0
1392389,2,1392389,Intestinimonas,"",bacteria,false,,,,,,,,,,,,,,,,0.01973803249042,2,,,100.0,33.0,10^-12.8876,,,,,[1297617],0
1297617,1,1392389,Intestinimonas butyriciproducens,"",bacteria,false,,,,,,,,,,,,,,,,0.01973803249042,2,,,100.0,33.0,10^-12.8876,,,,,,0
1387562,2,1387562,Ophidiomyces,"",eukaryota,false,,,,,,,,,,,,,,,,0.00986901624521,1,,,78.8,33.0,10^-7.25806,,,,,[1387563],0
1387563,1,1387562,Ophidiomyces ophidiicola,"",eukaryota,false,,,,,,,,,,,,,,,,0.00986901624521,1,,,78.8,33.0,10^-7.25806,,,,,,0
1379908,2,1379908,Rufibacter,"",bacteria,false,,,,0.02960704873563,3,,,97.34,100.333,10^-52.2658,,,,,,,,,,,,,,,,,"[1379910, 512763]",0
1379910,1,1379908,Rufibacter radiotolerans,"",bacteria,false,,,,0.01973803249042,2,,,97.01,100.5,10^-51.922,,,,,,,,,,,,,,,,,,0
512763,1,1379908,Rufibacter tibetensis,"",bacteria,false,,,,0.00986901624521,1,,,98.0,100.0,10^-52.9535,,,,,,,,,,,,,,,,,,0
1356488,2,1356488,Rosenbergiella,"",bacteria,false,,,,0.10855917869731,11,,,99.91,93.9091,10^-51.4243,,,,,,0.06908311371647,7,,,97.7857,29.5714,10^-8.35051,,,,,"[2726987, 1898977, 1544694, 988801]",0
2726987,1,1356488,Rosenbergiella gaditana,"",bacteria,false,,,,,,,,,,,,,,,,0.01973803249042,2,,,95.3,31.5,10^-12.156,,,,,,0
1898977,1,1356488,Rosenbergiella sp.,"",bacteria,false,,,,0.08882114620689,9,,,99.89,92.6667,10^-50.5503,,,,,,,,,,,,,,,,,,0
1544694,1,1356488,Rosenbergiella epipactidis,"",bacteria,false,,,,0.00986901624521,1,,,100.0,101.0,10^-56.3801,,,,,,0.04934508122605,5,,,98.78,28.8,10^-6.82829,,,,,,0
988801,1,1356488,Rosenbergiella nectarea,"",bacteria,false,,,,0.00986901624521,1,,,100.0,98.0,10^-54.3346,,,,,,,,,,,,,,,,,,0
1351751,2,1351751,Parastagonospora,"",eukaryota,false,,,,0.01973803249042,2,,,94.3415,81.5,10^-36.9171,,,,,,,,,,,,,,,,,[13684],0
13684,1,1351751,Parastagonospora nodorum,"",eukaryota,false,,,,0.01973803249042,2,,,94.3415,81.5,10^-36.9171,,,,,,,,,,,,,,,,,,0
1335483,2,1335483,Shimwellia,"",bacteria,false,,,,,,,,,,,,,,,,0.1973803249042,20,,,84.98,32.3,10^-11.2293,,,,,[563],0
563,1,1335483,Shimwellia blattae,"",bacteria,false,,,,,,,,,,,,,,,,0.1973803249042,20,,,84.98,32.3,10^-11.2293,,,,,,0
1334552,2,1334552,Oligonema,"",eukaryota,false,,,,0.00986901624521,1,,,100.0,100.0,10^-55.6982,,,,,,,,,,,,,,,,,[647299],0
647299,1,1334552,Oligonema verrucosum,"",eukaryota,false,,,,0.00986901624521,1,,,100.0,100.0,10^-55.6982,,,,,,,,,,,,,,,,,,0
1330547,2,1330547,Kosakonia,"",bacteria,false,,,,0.16777327616857,17,,,99.8792,97.0,10^-53.4932,,,,,,0.07895212996168,8,,,84.2,31.625,10^-8.67179,,,,,"[2492396, 2202822, 283686, 208223]",0
2492396,1,1330547,Kosakonia sp. CCTCC M2018092,"",bacteria,false,,,,0.01973803249042,2,,,100.0,101.0,10^-56.3801,,,,,,,,,,,,,,,,,,0
2202822,1,1330547,Kosakonia sp. MH5,"",bacteria,false,,,,,,,,,,,,,,,,0.07895212996168,8,,,84.2,31.625,10^-8.67179,,,,,,0
283686,1,1330547,Kosakonia radicincitans,"",bacteria,false,,,,0.00986901624521,1,,,100.0,101.0,10^-56.3801,,,,,,,,,,,,,,,,,,0
208223,1,1330547,Kosakonia cowanii,"",bacteria,false,,,,0.13816622743294,14,,,99.8534,96.1429,10^-52.8746,,,,,,,,,,,,,,,,,,0
1330545,2,1330545,Lelliottia,"",bacteria,false,,,,0.00986901624521,1,,,98.02,101.0,10^-53.6353,,,,,,,,,,,,,,,,,[2153385],0
2153385,1,1330545,Lelliottia sp. WB101,"",bacteria,false,,,,0.00986901624521,1,,,98.02,101.0,10^-53.6353,,,,,,,,,,,,,,,,,,0
1322061,2,1322061,Rhizoctonia,"",eukaryota,false,,,,0.13816622743294,14,,,97.7452,89.6667,10^-46.6118,,,,,,0.7895212996168,80,1,69,72.8559,72.8947,10^-29.801,,,,,"[935292, 456999]",0
935292,1,1322061,Rhizoctonia sp. AG-Fa,"",eukaryota,false,,,,0.00986901624521,1,,,100.0,101.0,10^-56.3801,,,,,,,,,,,,,,,,,,0
456999,1,1322061,Rhizoctonia solani,"",eukaryota,false,,,,0.12829721118773,13,,,97.5403,88.6364,10^-45.7238,,,,,,0.7895212996168,80,1,69,72.8559,72.8947,10^-29.801,,,,,,0
1300033,2,1300033,Polycauliona,"",eukaryota,false,,,,0.02960704873563,3,,,93.3463,77.0,10^-33.1727,,,,,,,,,,,,,,,,,"[1301493, 1300100]",0
1301493,1,1300033,Polycauliona ignea,"",eukaryota,false,,,,0.01973803249042,2,,,94.118,85.0,10^-38.6141,,,,,,,,,,,,,,,,,,0
1300100,1,1300033,Polycauliona sp. 37 UA-2013,"",eukaryota,false,,,,0.00986901624521,1,,,91.803,61.0,10^-22.2898,,,,,,,,,,,,,,,,,,0
1284657,2,1284657,Planktomarina,"",bacteria,false,,,,,,,,,,,,,,,,0.00986901624521,1,,,83.3,30.0,10^-8.23284,,,,,[1284658],0
1284658,1,1284657,Planktomarina temperata,"",bacteria,false,,,,,,,,,,,,,,,,0.00986901624521,1,,,83.3,30.0,10^-8.23284,,,,,,0
1283313,2,1283313,Alloprevotella,"",bacteria,false,,,,,,,,,,,,,,,,0.0986901624521,10,,,98.18,31.7,10^-11.0861,,,,,"[2766595, 1872471, 712469]",0
2766595,1,1283313,Alloprevotella sp. Lung230,"",bacteria,false,,,,,,,,,,,,,,,,0.02960704873563,3,,,94.9333,29.3333,10^-9.06947,,,,,,0
1872471,1,1283313,Alloprevotella sp.,"",bacteria,false,,,,,,,,,,,,,,,,0.04934508122605,5,,,99.4,33.0,10^-11.2111,,,,,,0
712469,1,1283313,Alloprevotella sp. oral taxon 473,"",bacteria,false,,,,,,,,,,,,,,,,0.01973803249042,2,,,100.0,32.0,10^-13.7986,,,,,,0
1278221,2,1278221,Auraticoccus,"",bacteria,false,,,,0.01973803249042,2,,,97.5,100.5,10^-52.6082,,,,,,0.01973803249042,2,,,96.9,32.5,10^-10.8067,,,,,[675864],0
675864,1,1278221,Auraticoccus monumenti,"",bacteria,false,,,,0.01973803249042,2,,,97.5,100.5,10^-52.6082,,,,,,0.01973803249042,2,,,96.9,32.5,10^-10.8067,,,,,,0
1276216,2,1276216,Immersiporthe,"",eukaryota,false,,,,0.01973803249042,2,,,95.556,45.0,10^-15.5601,,,,,,,,,,,,,,,,,[1276217],0
1276217,1,1276216,Immersiporthe knoxdaviesiana,"",eukaryota,false,,,,0.01973803249042,2,,,95.556,45.0,10^-15.5601,,,,,,,,,,,,,,,,,,0
1271741,2,1271741,Glyphotaelius,"",eukaryota,false,,,,0.00986901624521,1,,,97.222,36.0,10^-10.8537,,,,,,,,,,,,,,,,,[1271742],0
1271742,1,1271741,Glyphotaelius pellucidus,"",eukaryota,false,,,,0.00986901624521,1,,,97.222,36.0,10^-10.8537,,,,,,,,,,,,,,,,,,0
1261328,2,1261328,Callistethus,"",eukaryota,false,,,,0.00986901624521,1,,,95.0,60.0,10^-24.3555,,,,,,,,,,,,,,,,,[1447034],0
1447034,1,1261328,Callistethus microxantholeus,"",eukaryota,false,,,,0.00986901624521,1,,,95.0,60.0,10^-24.3555,,,,,,,,,,,,,,,,,,0
1260852,2,1260852,Pseudolycoriella,"",eukaryota,false,,,,,,,,,,,,,,,,0.01973803249042,2,,,100.0,24.0,10^-6.77989,,,,,[35572],0
35572,1,1260852,Pseudolycoriella hygida,"",eukaryota,false,,,,,,,,,,,,,,,,0.01973803249042,2,,,100.0,24.0,10^-6.77989,,,,,,0
1242273,2,1242273,Halamphora,"",eukaryota,false,,,,0.00986901624521,1,,,95.96,99.0,10^-49.5269,,,,,,,,,,,,,,,,,[2133758],0
2133758,1,1242273,Halamphora calidilacuna,"",eukaryota,false,,,,0.00986901624521,1,,,95.96,99.0,10^-49.5269,,,,,,,,,,,,,,,,,,0
1234545,2,1234545,Parasphingopyxis,"",bacteria,false,,,,0.00986901624521,1,,,89.899,99.0,10^-41.2927,,,,,,,,,,,,,,,,,[2026624],0
2026624,1,1234545,Parasphingopyxis algicola,"",bacteria,false,,,,0.00986901624521,1,,,89.899,99.0,10^-41.2927,,,,,,,,,,,,,,,,,,0
1232640,2,1232640,Solendovirus,"",viruses,false,,,,,,,,,,,,,,,,0.01973803249042,2,,,75.75,33.0,10^-5.55978,,,,,[3048371],0
3048371,1,1232640,Solendovirus venanicotianae,"",viruses,false,,,,,,,,,,,,,,,,0.01973803249042,2,,,75.75,33.0,10^-5.55978,,,,,,0
1231242,2,1231242,Ferrovibrio,"",bacteria,false,,,,0.03947606498084,4,,,89.9945,60.5,10^-19.8997,,,,,,,,,,,,,,,,,[2594003],0
2594003,1,1231242,Ferrovibrio terrae,"",bacteria,false,,,,0.03947606498084,4,,,89.9945,60.5,10^-19.8997,,,,,,,,,,,,,,,,,,0
1230397,2,1230397,Basidioascus,"",eukaryota,false,,,,0.0986901624521,10,1,10,96.903,226.0,10^-100.932,,,,,,,,,,,,,,,,,[1230402],0
1230402,1,1230397,Basidioascus undulatus,"",eukaryota,false,,,,0.0986901624521,10,1,10,96.903,226.0,10^-100.932,,,,,,,,,,,,,,,,,,0
1217823,2,1217823,Xylona,"",eukaryota,false,,,,0.00986901624521,1,,,99.0,100.0,10^-54.3258,,,,,,,,,,,,,,,,,[1217826],0
1217826,1,1217823,Xylona heveae,"",eukaryota,false,,,,0.00986901624521,1,,,99.0,100.0,10^-54.3258,,,,,,,,,,,,,,,,,,0
1217416,2,1217416,Halioglobus,"",bacteria,false,,,,0.00986901624521,1,,,91.837,98.0,10^-43.3556,,,,,,,,,,,,,,,,,[930806],0
930806,1,1217416,Halioglobus pacificus,"",bacteria,false,,,,0.00986901624521,1,,,91.837,98.0,10^-43.3556,,,,,,,,,,,,,,,,,,0
1206353,2,1206353,Lizonia,"",eukaryota,false,,,,,,,,,,,,,,,,0.31580851984672,32,2,17,97.5437,40.6562,10^-20.7724,,,,,[1496277],0
1496277,1,1206353,Lizonia empirigonia,"",eukaryota,false,,,,,,,,,,,,,,,,0.31580851984672,32,2,17,97.5437,40.6562,10^-20.7724,,,,,,0
1193503,2,1193503,Gilliamella,"",bacteria,false,,,,,,,,,,,,,,,,0.00986901624521,1,,,100.0,22.0,10^-5.60206,,,,,[1970738],0
1970738,1,1193503,Gilliamella apis,"",bacteria,false,,,,,,,,,,,,,,,,0.00986901624521,1,,,100.0,22.0,10^-5.60206,,,,,,0
1191515,2,1191515,Ornithinibacter,"",bacteria,false,,,,,,,,,,,,,,,,0.01973803249042,2,,,71.4,29.5,10^-4.94692,,,,,"[2862748, 622664]",0
2862748,1,1191515,Ornithinibacter sp.,"",bacteria,false,,,,,,,,,,,,,,,,0.00986901624521,1,,,73.1,26.0,10^-4.94692,,,,,,0
622664,1,1191515,Ornithinibacter aureus,"",bacteria,false,,,,,,,,,,,,,,,,0.00986901624521,1,,,69.7,33.0,10^-4.94692,,,,,,0
1176129,2,1176129,Aulographum,"",eukaryota,false,,,,0.00986901624521,1,,,86.441,59.0,10^-16.8148,,,,,,0.23685638988504,24,1,8,85.078,35.5,10^-11.7046,,,,,"[2530463, 1176130]",0
2530463,1,1176129,Aulographum sp. 1 LR-2019,"",eukaryota,false,,,,0.00986901624521,1,,,86.441,59.0,10^-16.8148,,,,,,,,,,,,,,,,,,0
1176130,1,1176129,Aulographum hederae,"",eukaryota,false,,,,,,,,,,,,,,,,0.23685638988504,24,1,8,85.078,35.5,10^-11.7046,,,,,,0
1164882,2,1164882,Lachnoanaerobaculum,"",bacteria,false,,,,0.06908311371647,7,,,95.5743,84.2857,10^-39.9115,,,,,,0.01973803249042,2,,,100.0,32.0,10^-11.8733,,,,,"[2490855, 617123, 467210]",0
2490855,1,1164882,Lachnoanaerobaculum gingivalis,"",bacteria,false,,,,0.03947606498084,4,,,94.8848,97.75,10^-47.3026,,,,,,,,,,,,,,,,,,0
617123,1,1164882,Lachnoanaerobaculum umeaense,"",bacteria,false,,,,0.02960704873563,3,,,96.4937,66.3333,10^-30.0567,,,,,,,,,,,,,,,,,,0
467210,1,1164882,Lachnoanaerobaculum saburreum,"",bacteria,false,,,,,,,,,,,,,,,,0.01973803249042,2,,,100.0,32.0,10^-11.8733,,,,,,0
1142174,2,1142174,Octobranchus,"",eukaryota,false,,,,0.00986901624521,1,,,96.552,58.0,10^-24.3702,,,,,,,,,,,,,,,,,[2716561],0
2716561,1,1142174,Octobranchus sp. SIO BIC A9463,"",eukaryota,false,,,,0.00986901624521,1,,,96.552,58.0,10^-24.3702,,,,,,,,,,,,,,,,,,0
1130052,2,1130052,Cirrosporium,"",eukaryota,false,,,,,,,,,,,,,,,,0.07895212996168,8,,,86.7625,30.75,10^-8.91397,,,,,[1130053],0
1130053,1,1130052,Cirrosporium novae-zelandiae,"",eukaryota,false,,,,,,,,,,,,,,,,0.07895212996168,8,,,86.7625,30.75,10^-8.91397,,,,,,0
1129544,2,1129544,Rhizophagus,"",eukaryota,false,,,,0.03947606498084,4,,,98.2272,41.5,10^-14.9094,,,,,,0.03947606498084,4,,,92.65,29.0,10^-10.4073,,,,,"[1803374, 588596]",0
1803374,1,1129544,Rhizophagus sp. MUCL 43196,"",eukaryota,false,,,,,,,,,,,,,,,,0.00986901624521,1,,,93.8,32.0,10^-14.2644,,,,,,0
588596,1,1129544,Rhizophagus irregularis,"",eukaryota,false,,,,0.03947606498084,4,,,98.2272,41.5,10^-14.9094,,,,,,0.02960704873563,3,,,92.2667,28.0,10^-9.12158,,,,,,0
1124625,2,1124625,Stakelama,"",bacteria,false,,,,,,,,,,,,,,,,0.00986901624521,1,,,100.0,32.0,10^-11.8729,,,,,[517720],0
517720,1,1124625,Stakelama pacifica,"",bacteria,false,,,,,,,,,,,,,,,,0.00986901624521,1,,,100.0,32.0,10^-11.8729,,,,,,0
1114981,2,1114981,Piscinibacter,"",bacteria,false,,,,0.3947606498084,40,2,38,97.9617,276.237,10^-132.79,,,,,,0.02960704873563,3,,,77.6667,30.3333,10^-7.61858,,,,,"[2801332, 946333]",0
2801332,1,1114981,Piscinibacter lacus,"",bacteria,false,,,,0.37502261731798,38,2,38,97.9865,286.0,10^-137.244,,,,,,,,,,,,,,,,,,0
946333,1,1114981,Piscinibacter gummiphilus,"",bacteria,false,,,,0.01973803249042,2,,,97.515,100.5,10^-52.6082,,,,,,0.02960704873563,3,,,77.6667,30.3333,10^-7.61858,,,,,,0
1100891,2,1100891,Paenalcaligenes,"",bacteria,false,,,,,,,,,,,,,,,,0.02960704873563,3,,,73.7,30.3333,10^-4.93818,,,,,[643674],0
643674,1,1100891,Paenalcaligenes hominis,"",bacteria,false,,,,,,,,,,,,,,,,0.02960704873563,3,,,73.7,30.3333,10^-4.93818,,,,,,0
1097466,2,1097466,Defluviimonas,"",bacteria,false,,,,,,,,,,,,,,,,0.01973803249042,2,,,84.4,32.0,10^-7.97469,,,,,[1917965],0
1917965,1,1097466,Defluviimonas sp.,"",bacteria,false,,,,,,,,,,,,,,,,0.01973803249042,2,,,84.4,32.0,10^-7.97469,,,,,,0
1092570,2,1092570,Perichaena,"",eukaryota,false,,,,0.00986901624521,1,,,95.05,101.0,10^-49.5182,,,,,,,,,,,,,,,,,[2715185],0
2715185,1,1092570,Perichaena patagonica,"",eukaryota,false,,,,0.00986901624521,1,,,95.05,101.0,10^-49.5182,,,,,,,,,,,,,,,,,,0
1085622,2,1085622,Propioniciclava,"",bacteria,false,,,,0.01973803249042,2,,,87.5,100.0,10^-38.5436,,,,,,0.00986901624521,1,,,97.0,33.0,10^-11.6073,,,,,"[2714937, 1837344]",0
2714937,1,1085622,Propioniciclava coleopterorum,"",bacteria,false,,,,0.01973803249042,2,,,87.5,100.0,10^-38.5436,,,,,,,,,,,,,,,,,,0
1837344,1,1085622,Propioniciclava sinopodophylli,"",bacteria,false,,,,,,,,,,,,,,,,0.00986901624521,1,,,97.0,33.0,10^-11.6073,,,,,,0
1079922,2,1079922,Commensalibacter,"",bacteria,false,,,,,,,,,,,,,,,,0.06908311371647,7,,,94.4286,30.7143,10^-10.0687,,,,,"[2972786, 2972766]",0
2972786,1,1079922,Commensalibacter communis,"",bacteria,false,,,,,,,,,,,,,,,,0.04934508122605,5,,,94.16,31.0,10^-9.68822,,,,,,0
2972766,1,1079922,Commensalibacter papalotli (ex Botero et al. 2024),"",bacteria,false,,,,,,,,,,,,,,,,0.01973803249042,2,,,95.1,30.0,10^-11.0198,,,,,,0
1076625,2,1076625,Steffania,"",bacteria,false,,,,0.01973803249042,2,,,100.0,63.0,10^-30.51,,,,,,,,,,,,,,,,,[1076626],0
1076626,1,1076625,Candidatus Steffania adelgidicola,"",bacteria,false,,,,0.01973803249042,2,,,100.0,63.0,10^-30.51,,,,,,,,,,,,,,,,,,0
1052105,2,1052105,Purpureocillium,"",eukaryota,false,,,,0.00986901624521,1,,,94.0,100.0,10^-47.464,,,,,,,,,,,,,,,,,[33203],0
33203,1,1052105,Purpureocillium lilacinum,"",eukaryota,false,,,,0.00986901624521,1,,,94.0,100.0,10^-47.464,,,,,,,,,,,,,,,,,,0
1047167,2,1047167,Zymoseptoria,"",eukaryota,false,,,,0.38489163356318995,39,2,37,97.0749,232.158,10^-105.768,,,,,,0.01973803249042,2,,,87.5,32.0,10^-7.69037,,,,,[1047171],0
1047171,1,1047167,Zymoseptoria tritici,"",eukaryota,false,,,,0.38489163356318995,39,2,37,97.0749,232.158,10^-105.768,,,,,,0.01973803249042,2,,,87.5,32.0,10^-7.69037,,,,,,0
1046314,2,1046314,Bimastos,"",eukaryota,false,,,,0.00986901624521,1,,,91.892,37.0,10^-8.78321,,,,,,,,,,,,,,,,,[320977],0
320977,1,1046314,Bimastos eiseni,"",eukaryota,false,,,,0.00986901624521,1,,,91.892,37.0,10^-8.78321,,,,,,,,,,,,,,,,,,0
1037661,2,1037661,Microthyrium,"",eukaryota,false,,,,,,,,,,,,,,,,0.00986901624521,1,,,83.9,31.0,10^-9.48413,,,,,[703497],0
703497,1,1037661,Microthyrium microscopicum,"",eukaryota,false,,,,,,,,,,,,,,,,0.00986901624521,1,,,83.9,31.0,10^-9.48413,,,,,,0
1017280,2,1017280,Pseudoflavonifractor,"",bacteria,false,,,,,,,,,,,,,,,,0.08882114620689,9,,,84.4,31.0,10^-10.2212,,,,,[106588],0
106588,1,1017280,Pseudoflavonifractor capillosus,"",bacteria,false,,,,,,,,,,,,,,,,0.08882114620689,9,,,84.4,31.0,10^-10.2212,,,,,,0
1005038,2,1005038,Fimbriimonas,"",bacteria,false,,,,0.01973803249042,2,,,91.489,94.0,10^-40.629,,,,,,,,,,,,,,,,,[1005039],0
1005039,1,1005038,Fimbriimonas ginsengisoli,"",bacteria,false,,,,0.01973803249042,2,,,91.489,94.0,10^-40.629,,,,,,,,,,,,,,,,,,0
988161,2,988161,Tiliacea,"",eukaryota,false,,,,0.01973803249042,2,,,82.5,40.0,10^-5.31842,,,,,,,,,,,,,,,,,[988162],0
988162,1,988161,Tiliacea aurago,"",eukaryota,false,,,,0.01973803249042,2,,,82.5,40.0,10^-5.31842,,,,,,,,,,,,,,,,,,0
987448,2,987448,Ptilodon,"",eukaryota,false,,,,0.00986901624521,1,,,91.525,59.0,10^-20.9319,,,,,,,,,,,,,,,,,[987449],0
987449,1,987448,Ptilodon capucinus,"",eukaryota,false,,,,0.00986901624521,1,,,91.525,59.0,10^-20.9319,,,,,,,,,,,,,,,,,,0
985001,2,985001,Piscicoccus,"",bacteria,false,,,,,,,,,,,,,,,,0.01973803249042,2,,,98.3,28.5,10^-6.83049,,,,,[746033],0
746033,1,985001,Piscicoccus intestinalis,"",bacteria,false,,,,,,,,,,,,,,,,0.01973803249042,2,,,98.3,28.5,10^-6.83049,,,,,,0
947089,2,947089,Heliospora,"",eukaryota,false,,,,0.00986901624521,1,,,100.0,37.0,10^-12.9003,,,,,,,,,,,,,,,,,[997027],0
997027,1,947089,Heliospora cf. longissima,"",eukaryota,false,,,,0.00986901624521,1,,,100.0,37.0,10^-12.9003,,,,,,,,,,,,,,,,,,0
946234,2,946234,Flavonifractor,"",bacteria,false,,,,,,,,,,,,,,,,0.01973803249042,2,,,79.3,29.0,10^-7.62709,,,,,[1965544],0
1965544,1,946234,Flavonifractor sp. An112,"",bacteria,false,,,,,,,,,,,,,,,,0.01973803249042,2,,,79.3,29.0,10^-7.62709,,,,,,0
940550,2,940550,Gilvimarinus,"",bacteria,false,,,,,,,,,,,,,,,,0.00986901624521,1,,,95.8,24.0,10^-6.36251,,,,,[3058038],0
3058038,1,940550,Gilvimarinus sp. SDUM040013,"",bacteria,false,,,,,,,,,,,,,,,,0.00986901624521,1,,,95.8,24.0,10^-6.36251,,,,,,0
931517,2,931517,Microchrysa,"",eukaryota,false,,,,0.02960704873563,3,,,85.5257,83.0,10^-27.6458,,,,,,,,,,,,,,,,,[931518],0
931518,1,931517,Microchrysa polita,"",eukaryota,false,,,,0.02960704873563,3,,,85.5257,83.0,10^-27.6458,,,,,,,,,,,,,,,,,,0
929509,2,929509,Solitalea,"",bacteria,false,,,,0.01973803249042,2,,,98.077,52.0,10^-21.6729,,,,,,,,,,,,,,,,,[995],0
995,1,929509,Solitalea canadensis,"",bacteria,false,,,,0.01973803249042,2,,,98.077,52.0,10^-21.6729,,,,,,,,,,,,,,,,,,0
914048,2,914048,Fenestella,"",eukaryota,false,,,,0.00986901624521,1,,,98.81,84.0,10^-43.4226,,,,,,,,,,,,,,,,,[2499857],0
2499857,1,914048,Fenestella media,"",eukaryota,false,,,,0.00986901624521,1,,,98.81,84.0,10^-43.4226,,,,,,,,,,,,,,,,,,0
909656,2,909656,Phocaeicola,"",bacteria,false,,,,0.05921409747126,6,,,97.3975,90.5,10^-46.0267,,,,,,0.07895212996168,8,,,84.8375,26.375,10^-5.64841,,,,,"[2838737, 387090, 376805, 357276, 310297, 204516, 821]",0
2838737,1,909656,Candidatus Phocaeicola merdigallinarum,"",bacteria,false,,,,,,,,,,,,,,,,0.00986901624521,1,,,95.2,21.0,10^-4.32975,,,,,,0
387090,1,909656,Phocaeicola coprophilus,"",bacteria,false,,,,0.00986901624521,1,,,100.0,101.0,10^-56.3801,,,,,,,,,,,,,,,,,,0
376805,1,909656,Phocaeicola salanitronis,"",bacteria,false,,,,0.01973803249042,2,,,97.143,70.0,10^-32.5228,,,,,,,,,,,,,,,,,,0
357276,1,909656,Phocaeicola dorei,"",bacteria,false,,,,0.00986901624521,1,,,90.099,101.0,10^-42.6564,,,,,,,,,,,,,,,,,,0
310297,1,909656,Phocaeicola plebeius,"",bacteria,false,,,,,,,,,,,,,,,,0.01973803249042,2,,,78.4,32.5,10^-6.16802,,,,,,0
204516,1,909656,Phocaeicola massiliensis,"",bacteria,false,,,,,,,,,,,,,,,,0.01973803249042,2,,,100.0,21.0,10^-7.24718,,,,,,0
821,1,909656,Phocaeicola vulgatus,"",bacteria,false,,,,0.01973803249042,2,,,100.0,100.5,10^-56.0391,,,,,,0.02960704873563,3,,,75.5667,27.6667,10^-4.67569,,,,,,0
889755,2,889755,Peroneutypa,"",eukaryota,false,,,,0.00986901624521,1,,,100.0,101.0,10^-56.3801,,,,,,,,,,,,,,,,,[1736665],0
1736665,1,889755,Peroneutypa scoparia,"",eukaryota,false,,,,0.00986901624521,1,,,100.0,101.0,10^-56.3801,,,,,,,,,,,,,,,,,,0
881616,2,881616,Herbiconiux,"",bacteria,false,,,,0.00986901624521,1,,,86.486,74.0,10^-24.2644,,,,,,0.01973803249042,2,,,86.15,32.5,10^-8.28235,,,,,"[2735133, 1871186]",0
2735133,1,881616,Herbiconiux sp. SALV-R1,"",bacteria,false,,,,0.00986901624521,1,,,86.486,74.0,10^-24.2644,,,,,,,,,,,,,,,,,,0
1871186,1,881616,Herbiconiux sp.,"",bacteria,false,,,,,,,,,,,,,,,,0.01973803249042,2,,,86.15,32.5,10^-8.28235,,,,,,0
875170,2,875170,Celeribacter,"",bacteria,false,,,,0.01973803249042,2,,,97.895,95.0,10^-49.5448,,,,,,,,,,,,,,,,,[875171],0
875171,1,875170,Celeribacter baekdonensis,"",bacteria,false,,,,0.01973803249042,2,,,97.895,95.0,10^-49.5448,,,,,,,,,,,,,,,,,,0
871740,2,871740,Halomarina,"",archaea,false,,,,0.01973803249042,2,,,91.0445,100.5,10^-43.6878,,,,,,,,,,,,,,,,,[2961595],0
2961595,1,871740,Halomarina sp. BCD28,"",archaea,false,,,,0.01973803249042,2,,,91.0445,100.5,10^-43.6878,,,,,,,,,,,,,,,,,,0
866673,2,866673,Marinifilum,"",bacteria,false,,,,,,,,,,,,,,,,0.00986901624521,1,,,81.8,33.0,10^-13.1062,,,,,[2184082],0
2184082,1,866673,Marinifilum breve,"",bacteria,false,,,,,,,,,,,,,,,,0.00986901624521,1,,,81.8,33.0,10^-13.1062,,,,,,0
863253,2,863253,Marinicella,"",bacteria,false,,,,,,,,,,,,,,,,0.00986901624521,1,,,55.3,38.0,10^-3.05899,,,,,[1171543],0
1171543,1,863253,Marinicella pacifica,"",bacteria,false,,,,,,,,,,,,,,,,0.00986901624521,1,,,55.3,38.0,10^-3.05899,,,,,,0
859380,2,859380,Asterina,"",eukaryota,false,,,,0.02960704873563,3,,,100.0,100.333,10^-55.9255,,,,,,,,,,,,,,,,,[1651220],0
1651220,1,859380,Asterina melastomatis,"",eukaryota,false,,,,0.02960704873563,3,,,100.0,100.333,10^-55.9255,,,,,,,,,,,,,,,,,,0
798070,2,798070,Paraphoma,"",eukaryota,false,,,,,,,,,,,,,,,,0.01973803249042,2,,,93.7,32.0,10^-12.6186,,,,,[798071],0
798071,1,798070,Paraphoma chrysanthemicola,"",eukaryota,false,,,,,,,,,,,,,,,,0.01973803249042,2,,,93.7,32.0,10^-12.6186,,,,,,0
795750,2,795750,Ignavibacterium,"",bacteria,false,,,,0.00986901624521,1,,,94.059,101.0,10^-48.1458,,,,,,,,,,,,,,,,,[591197],0
591197,1,795750,Ignavibacterium album,"",bacteria,false,,,,0.00986901624521,1,,,94.059,101.0,10^-48.1458,,,,,,,,,,,,,,,,,,0
756023,2,756023,Xylogone,"",eukaryota,false,,,,,,,,,,,,,,,,0.02960704873563,3,,,86.3667,27.6667,10^-8.65754,,,,,[2614602],0
2614602,1,756023,Xylogone sp. PMI_703,"",eukaryota,false,,,,,,,,,,,,,,,,0.02960704873563,3,,,86.3667,27.6667,10^-8.65754,,,,,,0
749880,2,749880,Stagonosporopsis,"",eukaryota,false,,,,0.01973803249042,2,,,100.0,92.0,10^-50.247,,,,,,,,,,,,,,,,,"[2802321, 749889]",0
2802321,1,749880,Stagonosporopsis rhizophila,"",eukaryota,false,,,,0.00986901624521,1,,,100.0,83.0,10^-44.114,,,,,,,,,,,,,,,,,,0
749889,1,749880,Stagonosporopsis cucurbitacearum,"",eukaryota,false,,,,0.00986901624521,1,,,100.0,101.0,10^-56.3801,,,,,,,,,,,,,,,,,,0
749461,2,749461,Boeremia,"",eukaryota,false,,,,0.01973803249042,2,,,99.412,85.0,10^-44.7898,,,,,,,,,,,,,,,,,[749465],0
749465,1,749461,Boeremia exigua,"",eukaryota,false,,,,0.01973803249042,2,,,99.412,85.0,10^-44.7898,,,,,,,,,,,,,,,,,,0
741162,2,741162,Lindgomyces,"",eukaryota,false,,,,0.01973803249042,2,,,90.789,76.0,10^-29.7423,,,,,,0.01973803249042,2,,,96.95,33.0,10^-11.9388,,,,,[673940],0
673940,1,741162,Lindgomyces ingoldianus,"",eukaryota,false,,,,0.01973803249042,2,,,90.789,76.0,10^-29.7423,,,,,,0.01973803249042,2,,,96.95,33.0,10^-11.9388,,,,,,0
721131,2,721131,Neoflabelliforma,"",eukaryota,false,,,,0.14803524367815,15,,,90.8756,70.2,10^-26.3531,,,,,,,,,,,,,,,,,[2995657],0
2995657,1,721131,Neoflabelliforma dubium,"",eukaryota,false,,,,0.14803524367815,15,,,90.8756,70.2,10^-26.3531,,,,,,,,,,,,,,,,,,0
710235,2,710235,Nylanderia,"",eukaryota,false,,,,,,,,,,,,,,,,0.00986901624521,1,,,100.0,25.0,10^-4.44009,,,,,[613905],0
613905,1,710235,Nylanderia fulva,"",eukaryota,false,,,,,,,,,,,,,,,,0.00986901624521,1,,,100.0,25.0,10^-4.44009,,,,,,0
705937,2,705937,Herminia,"",eukaryota,false,,,,0.00986901624521,1,,,100.0,98.0,10^-54.3346,,,,,,,,,,,,,,,,,[987440],0
987440,1,705937,Herminia tarsipennalis,"",eukaryota,false,,,,0.00986901624521,1,,,100.0,98.0,10^-54.3346,,,,,,,,,,,,,,,,,,0
699421,2,699421,Speiropsis,"",eukaryota,false,,,,0.00986901624521,1,,,95.098,102.0,10^-50.2001,,,,,,,,,,,,,,,,,[699422],0
699422,1,699421,Speiropsis pedatospora,"",eukaryota,false,,,,0.00986901624521,1,,,95.098,102.0,10^-50.2001,,,,,,,,,,,,,,,,,,0
697025,2,697025,Hoyosella,"",bacteria,false,,,,0.01973803249042,2,,,92.1565,102.0,10^-46.083,,,,,,,,,,,,,,,,,[639313],0
639313,1,697025,Hoyosella subflava,"",bacteria,false,,,,0.01973803249042,2,,,92.1565,102.0,10^-46.083,,,,,,,,,,,,,,,,,,0
694002,2,694002,Betacoronavirus,"",viruses,false,,,,0.01973803249042,2,,,98.6485,39.0,10^-13.5642,,,,,,,,,,,,,,,,,[694009],1
694009,1,694002,Severe acute respiratory syndrome-related coronavirus,"",viruses,false,,,,0.01973803249042,2,,,98.6485,39.0,10^-13.5642,,,,,,,,,,,,,,,,,,1
693222,2,693222,Gloeocapsopsis,"",bacteria,false,,,,0.00986901624521,1,,,96.078,102.0,10^-51.5725,,,,,,,,,,,,,,,,,[693223],0
693223,1,693222,Gloeocapsopsis crepidinum,"",bacteria,false,,,,0.00986901624521,1,,,96.078,102.0,10^-51.5725,,,,,,,,,,,,,,,,,,0
690893,2,690893,Amniculicola,"",eukaryota,false,,,,,,,,,,,,,,,,0.01973803249042,2,,,90.9,33.0,10^-10.5302,,,,,[455074],0
455074,1,690893,Amniculicola lignicola,"",eukaryota,false,,,,,,,,,,,,,,,,0.01973803249042,2,,,90.9,33.0,10^-10.5302,,,,,,0
688353,2,688353,Lichtheimia,"",eukaryota,false,,,,0.00986901624521,1,,,97.059,102.0,10^-51.5725,,,,,,,,,,,,,,,,,[549293],0
549293,1,688353,Lichtheimia hongkongensis,"",eukaryota,false,,,,0.00986901624521,1,,,97.059,102.0,10^-51.5725,,,,,,,,,,,,,,,,,,0
682522,2,682522,Ilumatobacter,"",bacteria,false,,,,0.03947606498084,4,,,95.025,100.5,10^-48.4911,,,,,,,,,,,,,,,,,[467094],0
467094,1,682522,Ilumatobacter coccineus,"",bacteria,false,,,,0.03947606498084,4,,,95.025,100.5,10^-48.4911,,,,,,,,,,,,,,,,,,0
682063,2,682063,Kalmusia,"",eukaryota,false,,,,,,,,,,,,,,,,0.00986901624521,1,,,100.0,24.0,10^-10.7959,,,,,[2978360],0
2978360,1,682063,Kalmusia sp. IMI 367209,"",eukaryota,false,,,,,,,,,,,,,,,,0.00986901624521,1,,,100.0,24.0,10^-10.7959,,,,,,0
674734,2,674734,Alloactinosynnema,"",bacteria,false,,,,0.00986901624521,1,,,87.931,58.0,10^-17.5084,,,,,,,,,,,,,,,,,[1653480],0
1653480,1,674734,Alloactinosynnema sp. L-07,"",bacteria,false,,,,0.00986901624521,1,,,87.931,58.0,10^-17.5084,,,,,,,,,,,,,,,,,,0
673534,2,673534,Plantactinospora,"",bacteria,false,,,,0.00986901624521,1,,,80.303,66.0,10^-14.7075,,,,,,,,,,,,,,,,,[2108470],0
2108470,1,673534,Plantactinospora sp. BC1,"",bacteria,false,,,,0.00986901624521,1,,,80.303,66.0,10^-14.7075,,,,,,,,,,,,,,,,,,0
670516,2,670516,Mycobacteroides,"",bacteria,false,,,,0.02960704873563,3,,,100.0,69.3333,10^-34.8336,,,,,,1.1349368681991499,115,1,84,96.3957,72.2261,10^-45.8295,,,,,"[36809, 1774]",2
36809,1,670516,Mycobacteroides abscessus,"",bacteria,false,,,,0.00986901624521,1,,,100.0,100.0,10^-55.6982,,,,,,1.1349368681991499,115,1,84,96.3957,72.2261,10^-45.8295,,,,,,1
1774,1,670516,Mycobacteroides chelonae,"",bacteria,false,,,,0.01973803249042,2,,,100.0,54.0,10^-24.4013,,,,,,,,,,,,,,,,,,1
663591,2,663591,Hannaella,"",eukaryota,false,,,,0.01973803249042,2,,,90.0195,73.0,10^-27.0221,,,,,,,,,,,,,,,,,[4979],0
4979,1,663591,Hannaella oryzae,"",eukaryota,false,,,,0.01973803249042,2,,,90.0195,73.0,10^-27.0221,,,,,,,,,,,,,,,,,,0
661182,2,661182,Perlucidibaca,"",bacteria,false,,,,0.01973803249042,2,,,100.0,92.0,10^-50.2449,,,,,,,,,,,,,,,,,"[2020467, 392589]",0
2020467,1,661182,Perlucidibaca sp.,"",bacteria,false,,,,0.00986901624521,1,,,100.0,92.0,10^-50.2449,,,,,,,,,,,,,,,,,,0
392589,1,661182,Perlucidibaca piscinae,"",bacteria,false,,,,0.00986901624521,1,,,100.0,92.0,10^-50.2449,,,,,,,,,,,,,,,,,,0
659428,2,659428,Marivita,"",bacteria,false,,,,,,,,,,,,,,,,0.00986901624521,1,,,97.0,33.0,10^-11.0255,,,,,[2003365],0
2003365,1,659428,Marivita sp.,"",bacteria,false,,,,,,,,,,,,,,,,0.00986901624521,1,,,97.0,33.0,10^-11.0255,,,,,,0
648799,2,648799,Thermotalea,"",bacteria,false,,,,,,,,,,,,,,,,0.01973803249042,2,,,81.2,32.0,10^-5.59422,,,,,[520762],0
520762,1,648799,Thermotalea metallivorans,"",bacteria,false,,,,,,,,,,,,,,,,0.01973803249042,2,,,81.2,32.0,10^-5.59422,,,,,,0
644355,2,644355,Inhella,"",bacteria,false,,,,0.07895212996168,8,1,6,98.833,202.5,10^-96.3131,,,,,,,,,,,,,,,,,[392593],0
392593,1,644355,Inhella inkyongensis,"",bacteria,false,,,,0.07895212996168,8,1,6,98.833,202.5,10^-96.3131,,,,,,,,,,,,,,,,,,0
637852,2,637852,Gongylonema,"",eukaryota,false,,,,0.02960704873563,3,,,100.0,97.0,10^-53.6531,,,,,,0.01973803249042,2,,,70.35,32.0,10^-5.96224,,,,,[637853],0
637853,1,637852,Gongylonema pulchrum,"",eukaryota,false,,,,0.02960704873563,3,,,100.0,97.0,10^-53.6531,,,,,,0.01973803249042,2,,,70.35,32.0,10^-5.96224,,,,,,0
630749,2,630749,Spongiibacter,"",bacteria,false,,,,0.00986901624521,1,,,97.03,101.0,10^-52.2629,,,,,,,,,,,,,,,,,[2794344],0
2794344,1,630749,Spongiibacter nanhainus,"",bacteria,false,,,,0.00986901624521,1,,,97.03,101.0,10^-52.2629,,,,,,,,,,,,,,,,,,0
622681,2,622681,Planktophila,"",bacteria,false,,,,0.00986901624521,1,,,88.119,101.0,10^-39.9116,,,,,,,,,,,,,,,,,[1884913],0
1884913,1,622681,Candidatus Planktophila lacus,"",bacteria,false,,,,0.00986901624521,1,,,88.119,101.0,10^-39.9116,,,,,,,,,,,,,,,,,,0
604075,2,604075,Pterulicium,"",eukaryota,false,,,,0.01973803249042,2,,,98.913,92.0,10^-47.5002,,,,,,,,,,,,,,,,,[262636],0
262636,1,604075,Pterulicium echo,"",eukaryota,false,,,,0.01973803249042,2,,,98.913,92.0,10^-47.5002,,,,,,,,,,,,,,,,,,0
582171,2,582171,Choreutis,"",eukaryota,false,,,,0.02960704873563,3,,,91.363,46.3333,10^-13.7176,,,,,,,,,,,,,,,,,[1209621],0
1209621,1,582171,Choreutis nemorana,"",eukaryota,false,,,,0.02960704873563,3,,,91.363,46.3333,10^-13.7176,,,,,,,,,,,,,,,,,,0
581937,2,581937,Nomophila,"",eukaryota,false,,,,0.01973803249042,2,,,89.362,47.0,10^-12.7964,,,,,,,,,,,,,,,,,[1209556],0
1209556,1,581937,Nomophila noctuella,"",eukaryota,false,,,,0.01973803249042,2,,,89.362,47.0,10^-12.7964,,,,,,,,,,,,,,,,,,0
577310,2,577310,Parasutterella,"",bacteria,false,,,,,,,,,,,,,,,,0.00986901624521,1,,,76.0,25.0,10^-5.85078,,,,,[487175],0
487175,1,577310,Parasutterella excrementihominis,"",bacteria,false,,,,,,,,,,,,,,,,0.00986901624521,1,,,76.0,25.0,10^-5.85078,,,,,,0
577309,2,577309,Paraprevotella,"",bacteria,false,,,,,,,,,,,,,,,,0.11842819494252,12,,,83.125,29.0833,10^-6.66214,,,,,[454154],0
454154,1,577309,Paraprevotella clara,"",bacteria,false,,,,,,,,,,,,,,,,0.11842819494252,12,,,83.125,29.0833,10^-6.66214,,,,,,0
574347,2,574347,Modicisalibacter,"",bacteria,false,,,,0.07895212996168,8,,,95.8613,97.25,10^-48.1647,,,,,,,,,,,,,,,,,"[1552959, 390637]",0
1552959,1,574347,uncultured Modicisalibacter sp.,"",bacteria,false,,,,0.00986901624521,1,,,98.611,72.0,10^-35.2553,,,,,,,,,,,,,,,,,,0
390637,1,574347,Modicisalibacter tunisiensis,"",bacteria,false,,,,0.06908311371647,7,,,95.4684,100.857,10^-50.009,,,,,,,,,,,,,,,,,,0
573657,2,573657,Hodgkinia,"",bacteria,false,,,,,,,,,,,,,,,,0.01973803249042,2,,,91.0,29.0,10^-8.84513,,,,,[573658],0
573658,1,573657,Candidatus Hodgkinia cicadicola,"",bacteria,false,,,,,,,,,,,,,,,,0.01973803249042,2,,,91.0,29.0,10^-8.84513,,,,,,0
572852,2,572852,Hedya,"",eukaryota,false,,,,0.02960704873563,3,,,91.5983,70.6667,10^-27.4869,,,,,,,,,,,,,,,,,[1869985],0
1869985,1,572852,Hedya salicella,"",eukaryota,false,,,,0.02960704873563,3,,,91.5983,70.6667,10^-27.4869,,,,,,,,,,,,,,,,,,0
572706,2,572706,Argyresthia,"",eukaryota,false,,,,0.01973803249042,2,,,86.111,36.0,10^-5.36418,,,,,,,,,,,,,,,,,[572725],0
572725,1,572706,Argyresthia goedartella,"",eukaryota,false,,,,0.01973803249042,2,,,86.111,36.0,10^-5.36418,,,,,,,,,,,,,,,,,,0
572511,2,572511,Blautia,"",bacteria,false,,,,0.06908311371647,7,,,99.4286,83.1429,10^-43.447,,,,,,0.06908311371647,7,,,87.6143,31.8571,10^-9.60534,,,,,"[1912897, 1737424, 765821, 418240, 40520, 33035, 1322]",0
1912897,1,572511,Blautia argi,"",bacteria,false,,,,0.00986901624521,1,,,96.0,100.0,10^-50.2087,,,,,,,,,,,,,,,,,,0
1737424,1,572511,Blautia massiliensis (ex Durand et al. 2017),"",bacteria,false,,,,0.00986901624521,1,,,100.0,48.0,10^-20.3353,,,,,,,,,,,,,,,,,,0
765821,1,572511,uncultured Blautia sp.,"",bacteria,false,,,,,,,,,,,,,,,,0.01973803249042,2,,,90.9,33.0,10^-11.4123,,,,,,0
418240,1,572511,Blautia wexlerae,"",bacteria,false,,,,0.01973803249042,2,,,100.0,92.0,10^-50.2449,,,,,,0.00986901624521,1,,,68.8,32.0,10^-4.22185,,,,,,0
40520,1,572511,Blautia obeum,"",bacteria,false,,,,,,,,,,,,,,,,0.03947606498084,4,,,90.675,31.25,10^-10.0477,,,,,,0
33035,1,572511,Blautia producta,"",bacteria,false,,,,0.00986901624521,1,,,100.0,48.0,10^-20.3353,,,,,,,,,,,,,,,,,,0
1322,1,572511,Blautia hansenii,"",bacteria,false,,,,0.01973803249042,2,,,100.0,101.0,10^-56.3801,,,,,,,,,,,,,,,,,,0
568987,2,568987,Hamiltonella,"",bacteria,false,,,,,,,,,,,,,,,,0.01973803249042,2,,,90.75,32.5,10^-8.76961,,,,,[138072],0
138072,1,568987,Candidatus Hamiltonella defensa,"",bacteria,false,,,,,,,,,,,,,,,,0.01973803249042,2,,,90.75,32.5,10^-8.76961,,,,,,0
561108,2,561108,Jaminaea,"",eukaryota,false,,,,0.01973803249042,2,,,94.324,97.0,10^-46.1049,,,,,,,,,,,,,,,,,[542766],0
542766,1,561108,Jaminaea angkorensis,"",eukaryota,false,,,,0.01973803249042,2,,,94.324,97.0,10^-46.1049,,,,,,,,,,,,,,,,,,0
559173,2,559173,Fructobacillus,"",bacteria,false,,,,,,,,,,,,,,,,0.01973803249042,2,,,74.6,31.5,10^-6.15803,,,,,[157463],0
157463,1,559173,Fructobacillus ficulneus,"",bacteria,false,,,,,,,,,,,,,,,,0.01973803249042,2,,,74.6,31.5,10^-6.15803,,,,,,0
558754,2,558754,Cryptosula,"",eukaryota,false,,,,0.01973803249042,2,,,85.556,90.0,10^-31.0413,,,,,,,,,,,,,,,,,[558755],0
558755,1,558754,Cryptosula pallasiana,"",eukaryota,false,,,,0.01973803249042,2,,,85.556,90.0,10^-31.0413,,,,,,,,,,,,,,,,,,0
556178,2,556178,Humibacillus,"",bacteria,false,,,,,,,,,,,,,,,,0.00986901624521,1,,,93.9,33.0,10^-10.3788,,,,,[412689],0
412689,1,556178,Humibacillus xanthopallidus,"",bacteria,false,,,,,,,,,,,,,,,,0.00986901624521,1,,,93.9,33.0,10^-10.3788,,,,,,0
548651,2,548651,Dothidotthia,"",eukaryota,false,,,,,,,,,,,,,,,,0.00986901624521,1,,,81.3,32.0,10^-8.53165,,,,,[548649],0
548649,1,548651,Dothidotthia symphoricarpi,"",eukaryota,false,,,,,,,,,,,,,,,,0.00986901624521,1,,,81.3,32.0,10^-8.53165,,,,,,0
543311,2,543311,Parvimonas,"",bacteria,false,,,,0.03947606498084,4,,,100.0,100.25,10^-55.8687,,,,,,0.0986901624521,10,1,6,85.7234,34.3,10^-13.0105,,,,,[33033],1
33033,1,543311,Parvimonas micra,"",bacteria,false,,,,0.03947606498084,4,,,100.0,100.25,10^-55.8687,,,,,,0.0986901624521,10,1,6,85.7234,34.3,10^-13.0105,,,,,,1
531859,2,531859,Glonium,"",eukaryota,false,,,,,,,,,,,,,,,,0.04934508122605,5,,,81.5,31.2,10^-7.97909,,,,,[574774],0
574774,1,531859,Glonium stellatum,"",eukaryota,false,,,,,,,,,,,,,,,,0.04934508122605,5,,,81.5,31.2,10^-7.97909,,,,,,0
525236,2,525236,Edenia,"",eukaryota,false,,,,0.00986901624521,1,,,96.341,82.0,10^-39.3159,,,,,,,,,,,,,,,,,[461172],0
461172,1,525236,Edenia gomezpompae,"",eukaryota,false,,,,0.00986901624521,1,,,96.341,82.0,10^-39.3159,,,,,,,,,,,,,,,,,,0
519252,2,519252,Neololeba,"",eukaryota,false,,,,0.00986901624521,1,,,100.0,100.0,10^-55.6982,,,,,,,,,,,,,,,,,[519253],0
519253,1,519252,Neololeba atra,"",eukaryota,false,,,,0.00986901624521,1,,,100.0,100.0,10^-55.6982,,,,,,,,,,,,,,,,,,0
518753,2,518753,Luteolibacter,"",bacteria,false,,,,0.01973803249042,2,,,90.111,91.0,10^-37.2148,,,,,,,,,,,,,,,,,[2824561],0
2824561,1,518753,Luteolibacter ambystomatis,"",bacteria,false,,,,0.01973803249042,2,,,90.111,91.0,10^-37.2148,,,,,,,,,,,,,,,,,,0
515417,2,515417,Amphritea,"",bacteria,false,,,,,,,,,,,,,,,,0.04934508122605,5,,,90.2,32.6,10^-11.05,,,,,[452629],0
452629,1,515417,Amphritea balenae,"",bacteria,false,,,,,,,,,,,,,,,,0.04934508122605,5,,,90.2,32.6,10^-11.05,,,,,,0
511678,2,511678,Aliivibrio,"",bacteria,false,,,,,,,,,,,,,,,,0.00986901624521,1,,,81.8,33.0,10^-10.3288,,,,,[668],0
668,1,511678,Aliivibrio fischeri,"",bacteria,false,,,,,,,,,,,,,,,,0.00986901624521,1,,,81.8,33.0,10^-10.3288,,,,,,0
504465,2,504465,Rhodovastum,"",bacteria,false,,,,0.00986901624521,1,,,88.66,97.0,10^-38.5568,,,,,,,,,,,,,,,,,[504468],0
504468,1,504465,Rhodovastum atsumiense,"",bacteria,false,,,,0.00986901624521,1,,,88.66,97.0,10^-38.5568,,,,,,,,,,,,,,,,,,0
504090,2,504090,Kushneria,"",bacteria,false,,,,0.03947606498084,4,,,98.4118,67.5,10^-32.1995,,,,,,0.01973803249042,2,,,73.45,32.0,10^-3.7267,,,,,"[1508803, 905033, 504092, 184067]",0
1508803,1,504090,Kushneria sp. NCCP-992,"",bacteria,false,,,,0.01973803249042,2,,,98.6755,75.5,10^-37.6363,,,,,,,,,,,,,,,,,,0
905033,1,504090,uncultured Kushneria sp.,"",bacteria,false,,,,,,,,,,,,,,,,0.01973803249042,2,,,73.45,32.0,10^-3.7267,,,,,,0
504092,1,504090,Kushneria aurantia,"",bacteria,false,,,,0.00986901624521,1,,,96.296,54.0,10^-21.6565,,,,,,,,,,,,,,,,,,0
184067,1,504090,Kushneria indalinina,"",bacteria,false,,,,0.00986901624521,1,,,100.0,65.0,10^-31.8688,,,,,,,,,,,,,,,,,,0
501783,2,501783,Cloacibacterium,"",bacteria,false,,,,0.03947606498084,4,,,97.2647,68.25,10^-30.3586,,,,,,0.00986901624521,1,,,96.9,32.0,10^-11.6198,,,,,"[2004710, 237258]",0
2004710,1,501783,Cloacibacterium caeni,"",bacteria,false,,,,0.02960704873563,3,,,98.3333,57.3333,10^-24.4295,,,,,,,,,,,,,,,,,,0
237258,1,501783,Cloacibacterium normanense,"",bacteria,false,,,,0.00986901624521,1,,,94.059,101.0,10^-48.1458,,,,,,0.00986901624521,1,,,96.9,32.0,10^-11.6198,,,,,,0
497721,2,497721,Desulfoluna,"",bacteria,false,,,,0.00986901624521,1,,,81.395,86.0,10^-24.1992,,,,,,,,,,,,,,,,,[2810562],0
2810562,1,497721,Desulfoluna limicola,"",bacteria,false,,,,0.00986901624521,1,,,81.395,86.0,10^-24.1992,,,,,,,,,,,,,,,,,,0
493657,2,493657,Alloplasta,"",eukaryota,false,,,,0.00986901624521,1,,,91.667,36.0,10^-8.10892,,,,,,,,,,,,,,,,,[2870495],0
2870495,1,493657,Alloplasta piceator,"",eukaryota,false,,,,0.00986901624521,1,,,91.667,36.0,10^-8.10892,,,,,,,,,,,,,,,,,,0
490567,2,490567,Arenimonas,"",bacteria,false,,,,0.03947606498084,4,,,95.7513,93.3333,10^-45.6651,,,,,,,,,,,,,,,,,[370777],0
370777,1,490567,Arenimonas daejeonensis,"",bacteria,false,,,,0.03947606498084,4,,,95.7513,93.3333,10^-45.6651,,,,,,,,,,,,,,,,,,0
489909,2,489909,Nosocomiicoccus,"",bacteria,false,,,,0.05921409747126,6,,,99.289,79.5,10^-41.0501,,,,,,0.00986901624521,1,,,100.0,23.0,10^-4.07779,,,,,[489910],0
489910,1,489909,Nosocomiicoccus ampullae,"",bacteria,false,,,,0.05921409747126,6,,,99.289,79.5,10^-41.0501,,,,,,0.00986901624521,1,,,100.0,23.0,10^-4.07779,,,,,,0
488299,2,488299,Rhynocoris,"",eukaryota,false,,,,0.00986901624521,1,,,100.0,100.0,10^-55.6982,,,,,,,,,,,,,,,,,[656736],0
656736,1,488299,Rhynocoris kumarii,"",eukaryota,false,,,,0.00986901624521,1,,,100.0,100.0,10^-55.6982,,,,,,,,,,,,,,,,,,0
483074,2,483074,Baudoinia,"",eukaryota,false,,,,0.01973803249042,2,,,87.654,81.0,10^-29.0285,,,,,,,,,,,,,,,,,[1709381],0
1709381,1,483074,Baudoinia panamericana,"",eukaryota,false,,,,0.01973803249042,2,,,87.654,81.0,10^-29.0285,,,,,,,,,,,,,,,,,,0
475794,2,475794,Haliea,"",bacteria,false,,,,,,,,,,,,,,,,0.01973803249042,2,,,83.3,30.0,10^-7.04721,,,,,[1932666],0
1932666,1,475794,Haliea sp.,"",bacteria,false,,,,,,,,,,,,,,,,0.01973803249042,2,,,83.3,30.0,10^-7.04721,,,,,,0
472930,2,472930,Protostelium,"",eukaryota,false,,,,0.01973803249042,2,,,98.214,56.0,10^-24.3855,,,,,,,,,,,,,,,,,[472931],0
472931,1,472930,Protostelium mycophagum,"",eukaryota,false,,,,0.01973803249042,2,,,98.214,56.0,10^-24.3855,,,,,,,,,,,,,,,,,,0
471826,2,471826,Desulforudis,"",bacteria,false,,,,0.00986901624521,1,,,89.109,101.0,10^-41.284,,,,,,,,,,,,,,,,,[471827],0
471827,1,471826,Candidatus Desulforudis audaxviator,"",bacteria,false,,,,0.00986901624521,1,,,89.109,101.0,10^-41.284,,,,,,,,,,,,,,,,,,0
470507,2,470507,Zeloasperisporium,"",eukaryota,false,,,,0.00986901624521,1,,,96.939,98.0,10^-50.2175,,,,,,,,,,,,,,,,,[2511072],0
2511072,1,470507,Zeloasperisporium pterocarpi,"",eukaryota,false,,,,0.00986901624521,1,,,96.939,98.0,10^-50.2175,,,,,,,,,,,,,,,,,,0
470089,2,470089,Myrmecridium,"",eukaryota,false,,,,0.01973803249042,2,,,100.0,100.5,10^-56.0391,,,,,,,,,,,,,,,,,[470091],0
470091,1,470089,Myrmecridium schulzeri,"",eukaryota,false,,,,0.01973803249042,2,,,100.0,100.5,10^-56.0391,,,,,,,,,,,,,,,,,,0
470063,2,470063,Toxicocladosporium,"",eukaryota,false,,,,0.03947606498084,4,,,100.0,75.0,10^-38.671,,,,,,,,,,,,,,,,,"[1912758, 470064]",0
1912758,1,470063,Toxicocladosporium sp.,"",eukaryota,false,,,,0.01973803249042,2,,,100.0,83.0,10^-44.114,,,,,,,,,,,,,,,,,,0
470064,1,470063,Toxicocladosporium irritans,"",eukaryota,false,,,,0.01973803249042,2,,,100.0,67.0,10^-33.228,,,,,,,,,,,,,,,,,,0
470018,2,470018,Rachicladosporium,"",eukaryota,false,,,,,,,,,,,,,,,,0.00986901624521,1,,,62.5,32.0,10^-5.49349,,,,,[1974281],0
1974281,1,470018,Rachicladosporium sp. CCFEE 5018,"",eukaryota,false,,,,,,,,,,,,,,,,0.00986901624521,1,,,62.5,32.0,10^-5.49349,,,,,,0
469322,2,469322,Steroidobacter,"",bacteria,false,,,,0.01973803249042,2,,,100.0,100.5,10^-56.0391,,,,,,,,,,,,,,,,,[465721],0
465721,1,469322,Steroidobacter denitrificans,"",bacteria,false,,,,0.01973803249042,2,,,100.0,100.5,10^-56.0391,,,,,,,,,,,,,,,,,,0
468813,2,468813,Tolmerus,"",eukaryota,false,,,,0.00986901624521,1,,,86.567,67.0,10^-20.8767,,,,,,,,,,,,,,,,,[2884231],0
2884231,1,468813,Tolmerus cingulatus,"",eukaryota,false,,,,0.00986901624521,1,,,86.567,67.0,10^-20.8767,,,,,,,,,,,,,,,,,,0
468724,2,468724,Dysmachus,"",eukaryota,false,,,,0.00986901624521,1,,,88.043,92.0,10^-35.1488,,,,,,,,,,,,,,,,,[468725],0
468725,1,468724,Dysmachus trigonus,"",eukaryota,false,,,,0.00986901624521,1,,,88.043,92.0,10^-35.1488,,,,,,,,,,,,,,,,,,0
467975,2,467975,Iamia,"",bacteria,false,,,,0.02960704873563,3,,,92.2263,73.3333,10^-29.31,,,,,,0.01973803249042,2,,,77.4,31.0,10^-5.91721,,,,,"[2722752, 467976]",0
2722752,1,467975,Iamia sp. SCSIO 61187,"",bacteria,false,,,,,,,,,,,,,,,,0.01973803249042,2,,,77.4,31.0,10^-5.91721,,,,,,0
467976,1,467975,Iamia majanohamensis,"",bacteria,false,,,,0.02960704873563,3,,,92.2263,73.3333,10^-29.31,,,,,,,,,,,,,,,,,,0
467950,2,467950,Hyphodermella,"",eukaryota,false,,,,0.00986901624521,1,,,100.0,75.0,10^-38.6685,,,,,,,,,,,,,,,,,[698401],0
698401,1,467950,Hyphodermella rosae,"",eukaryota,false,,,,0.00986901624521,1,,,100.0,75.0,10^-38.6685,,,,,,,,,,,,,,,,,,0
467773,2,467773,Emmelina,"",eukaryota,false,,,,0.01973803249042,2,,,90.0,40.0,10^-9.43554,,,,,,,,,,,,,,,,,[467774],0
467774,1,467773,Emmelina monodactyla,morning-glory plume moth,eukaryota,false,,,,0.01973803249042,2,,,90.0,40.0,10^-9.43554,,,,,,,,,,,,,,,,,,0
466152,2,466152,Singulisphaera,"",bacteria,false,,,,0.04934508122605,5,,,94.6942,94.8,10^-45.2927,,,,,,0.01973803249042,2,,,87.5,32.0,10^-8.50446,,,,,"[1882752, 466153]",0
1882752,1,466152,Singulisphaera sp. GP187,"",bacteria,false,,,,,,,,,,,,,,,,0.01973803249042,2,,,87.5,32.0,10^-8.50446,,,,,,0
466153,1,466152,Singulisphaera acidiphila,"",bacteria,false,,,,0.04934508122605,5,,,94.6942,94.8,10^-45.2927,,,,,,,,,,,,,,,,,,0
464722,2,464722,Eilema,"",eukaryota,false,,,,0.00986901624521,1,,,100.0,98.0,10^-54.3346,,,,,,,,,,,,,,,,,[987424],0
987424,1,464722,Eilema sororculum,"",eukaryota,false,,,,0.00986901624521,1,,,100.0,98.0,10^-54.3346,,,,,,,,,,,,,,,,,,0
462253,2,462253,Aplosporella,"",eukaryota,false,,,,0.01973803249042,2,,,99.505,101.0,10^-55.6939,,,,,,,,,,,,,,,,,"[1346708, 462254]",0
1346708,1,462253,Aplosporella javeedii,"",eukaryota,false,,,,0.00986901624521,1,,,99.01,101.0,10^-55.0077,,,,,,,,,,,,,,,,,,0
462254,1,462253,Aplosporella prunicola,"",eukaryota,false,,,,0.00986901624521,1,,,100.0,101.0,10^-56.3801,,,,,,,,,,,,,,,,,,0
461281,2,461281,Ogataea,"",eukaryota,false,,,,,,,,,,,,,,,,0.01973803249042,2,,,92.45,33.0,10^-11.3671,,,,,[460523],0
460523,1,461281,Ogataea polymorpha,"",eukaryota,false,,,,,,,,,,,,,,,,0.01973803249042,2,,,92.45,33.0,10^-11.3671,,,,,,0
460852,2,460852,Candelina,"",eukaryota,false,,,,,,,,,,,,,,,,0.00986901624521,1,,,97.0,33.0,10^-12.8447,,,,,[460854],0
460854,1,460852,Candelina submexicana,"",eukaryota,false,,,,,,,,,,,,,,,,0.00986901624521,1,,,97.0,33.0,10^-12.8447,,,,,,0
459532,2,459532,Terribacillus,"",bacteria,false,,,,0.01973803249042,2,,,100.0,98.5,10^-54.6756,,,,,,,,,,,,,,,,,"[386490, 361277]",0
386490,1,459532,Terribacillus goriensis,"",bacteria,false,,,,0.00986901624521,1,,,100.0,101.0,10^-56.3801,,,,,,,,,,,,,,,,,,0
361277,1,459532,Terribacillus saccharophilus,"",bacteria,false,,,,0.00986901624521,1,,,100.0,96.0,10^-52.9712,,,,,,,,,,,,,,,,,,0
457747,2,457747,Phaeostigma,"",eukaryota,false,,,,0.00986901624521,1,,,99.0,100.0,10^-54.3258,,,,,,,,,,,,,,,,,[463589],0
463589,1,457747,Phaeostigma variifolium,"",eukaryota,false,,,,0.00986901624521,1,,,99.0,100.0,10^-54.3258,,,,,,,,,,,,,,,,,,0
456492,2,456492,Saccharibacillus,"",bacteria,false,,,,,,,,,,,,,,,,0.13816622743294,14,,,72.6462,30.6154,10^-7.18222,,,,,[2060666],0
2060666,1,456492,Saccharibacillus endophyticus,"",bacteria,false,,,,,,,,,,,,,,,,0.13816622743294,14,,,72.6462,30.6154,10^-7.18222,,,,,,0
454159,2,454159,Kiloniella,"",bacteria,false,,,,,,,,,,,,,,,,0.00986901624521,1,,,73.3,30.0,10^-5.82681,,,,,[454162],0
454162,1,454159,Kiloniella laminariae,"",bacteria,false,,,,,,,,,,,,,,,,0.00986901624521,1,,,73.3,30.0,10^-5.82681,,,,,,0
453566,2,453566,Ambispora,"",eukaryota,false,,,,,,,,,,,,,,,,0.00986901624521,1,,,75.9,29.0,10^-4.80967,,,,,[144530],0
144530,1,453566,Ambispora gerdemannii,"",eukaryota,false,,,,,,,,,,,,,,,,0.00986901624521,1,,,75.9,29.0,10^-4.80967,,,,,,0
445219,2,445219,Reyranella,"",bacteria,false,,,,,,,,,,,,,,,,0.01973803249042,2,,,100.0,32.0,10^-11.0996,,,,,[1929291],0
1929291,1,445219,Reyranella sp.,"",bacteria,false,,,,,,,,,,,,,,,,0.01973803249042,2,,,100.0,32.0,10^-11.0996,,,,,,0
444750,2,444750,Orthoderella,"",eukaryota,false,,,,,,,,,,,,,,,,0.00986901624521,1,,,100.0,28.0,10^-6.00087,,,,,[444751],0
444751,1,444750,Orthoderella ornata,"",eukaryota,false,,,,,,,,,,,,,,,,0.00986901624521,1,,,100.0,28.0,10^-6.00087,,,,,,0
444459,2,444459,Flagellimonas,"",bacteria,false,,,,0.01973803249042,2,,,83.03,82.5,10^-24.5603,,,,,,,,,,,,,,,,,[2654676],0
2654676,1,444459,Flagellimonas sp. CMM7,"",bacteria,false,,,,0.01973803249042,2,,,83.03,82.5,10^-24.5603,,,,,,,,,,,,,,,,,,0
442252,2,442252,Cymothoe,"",eukaryota,false,,,,0.02960704873563,3,,,100.0,100.0,10^-55.6982,,,,,,,,,,,,,,,,,[1210388],0
1210388,1,442252,Cymothoe herminia,"",eukaryota,false,,,,0.02960704873563,3,,,100.0,100.0,10^-55.6982,,,,,,,,,,,,,,,,,,0
435373,2,435373,Brachiosphaera,"",eukaryota,false,,,,0.00986901624521,1,,,98.851,87.0,10^-45.4659,,,,,,,,,,,,,,,,,[435397],0
435397,1,435373,Brachiosphaera tropicalis,"",eukaryota,false,,,,0.00986901624521,1,,,98.851,87.0,10^-45.4659,,,,,,,,,,,,,,,,,,0
433085,2,433085,Brachypterus,"",eukaryota,false,,,,0.01973803249042,2,,,88.679,53.0,10^-15.489,,,,,,,,,,,,,,,,,[442081],0
442081,1,433085,Brachypterus glaber,"",eukaryota,false,,,,0.01973803249042,2,,,88.679,53.0,10^-15.489,,,,,,,,,,,,,,,,,,0
430999,2,430999,Knufia,"",eukaryota,false,,,,,,,,,,,,,,,,0.00986901624521,1,,,81.8,33.0,10^-10.7878,,,,,[2991676],0
2991676,1,430999,Knufia sp. JES_112,"",eukaryota,false,,,,,,,,,,,,,,,,0.00986901624521,1,,,81.8,33.0,10^-10.7878,,,,,,0
430997,2,430997,Torula,"",eukaryota,false,,,,0.01973803249042,2,,,99.5,100.0,10^-54.3258,,,,,,,,,,,,,,,,,[1955121],0
1955121,1,430997,Torula sp.,"",eukaryota,false,,,,0.01973803249042,2,,,99.5,100.0,10^-54.3258,,,,,,,,,,,,,,,,,,0
423349,2,423349,Mucilaginibacter,"",bacteria,false,,,,0.03947606498084,4,,,96.5055,95.0,10^-47.8304,,,,,,,,,,,,,,,,,"[2027860, 1368372, 862126]",0
2027860,1,423349,Mucilaginibacter rubeus,"",bacteria,false,,,,0.00986901624521,1,,,86.022,93.0,10^-33.0856,,,,,,,,,,,,,,,,,,0
1368372,1,423349,Mucilaginibacter sp. BAS212i,"",bacteria,false,,,,0.00986901624521,1,,,100.0,85.0,10^-45.476,,,,,,,,,,,,,,,,,,0
862126,1,423349,Mucilaginibacter ginsenosidivorax,"",bacteria,false,,,,0.01973803249042,2,,,100.0,101.0,10^-56.3801,,,,,,,,,,,,,,,,,,0
423220,2,423220,Balaustium,"",eukaryota,false,,,,0.01973803249042,2,,,98.0,100.0,10^-52.9535,,,,,,,,,,,,,,,,,[2051735],0
2051735,1,423220,Balaustium sp. AD1272,"",eukaryota,false,,,,0.01973803249042,2,,,98.0,100.0,10^-52.9535,,,,,,,,,,,,,,,,,,0
417127,2,417127,Zunongwangia,"",bacteria,false,,,,0.01973803249042,2,,,90.385,52.0,10^-16.1834,,,,,,,,,,,,,,,,,[398743],0
398743,1,417127,Zunongwangia profunda,"",bacteria,false,,,,0.01973803249042,2,,,90.385,52.0,10^-16.1834,,,,,,,,,,,,,,,,,,0
416916,2,416916,Aggregatibacter,"",bacteria,false,,,,0.08882114620689,9,,,97.4393,89.8889,10^-45.3104,,,,,,0.02960704873563,3,,,98.9667,32.6667,10^-10.6611,,,,,"[2820817, 712150, 739, 732, 714]",2
2820817,1,416916,Aggregatibacter sp. 2125159857,"",bacteria,false,,,,0.00986901624521,1,,,96.0,100.0,10^-50.2087,,,,,,,,,,,,,,,,,,0
712150,1,416916,Aggregatibacter sp. oral taxon 513,"",bacteria,false,,,,0.01973803249042,2,,,100.0,56.0,10^-25.7579,,,,,,,,,,,,,,,,,,0
739,1,416916,Aggregatibacter segnis,"",bacteria,false,,,,0.01973803249042,2,,,96.0025,97.5,10^-48.5045,,,,,,,,,,,,,,,,,,0
732,1,416916,Aggregatibacter aphrophilus,"",bacteria,false,,,,0.03947606498084,4,,,97.2373,100.5,10^-52.2651,,,,,,0.00986901624521,1,,,100.0,33.0,10^-11.8697,,,,,,1
714,1,416916,Aggregatibacter actinomycetemcomitans,"",bacteria,false,,,,,,,,,,,,,,,,0.01973803249042,2,,,98.45,32.5,10^-10.0569,,,,,,1
415875,2,415875,Heliosperma,"",eukaryota,false,,,,,,,,,,,,,,,,0.00986901624521,1,,,69.7,33.0,10^-5.13312,,,,,[39905],0
39905,1,415875,Heliosperma pusillum,"",eukaryota,false,,,,,,,,,,,,,,,,0.00986901624521,1,,,69.7,33.0,10^-5.13312,,,,,,0
414878,2,414878,Catenulispora,"",bacteria,false,,,,0.00986901624521,1,,,96.04,101.0,10^-50.8906,,,,,,,,,,,,,,,,,[304895],0
304895,1,414878,Catenulispora acidiphila,"",bacteria,false,,,,0.00986901624521,1,,,96.04,101.0,10^-50.8906,,,,,,,,,,,,,,,,,,0
414371,2,414371,Aureimonas,"",bacteria,false,,,,0.07895212996168,8,,,98.2048,75.75,10^-36.9785,,,,,,0.00986901624521,1,,,100.0,33.0,10^-9.97062,,,,,"[2826993, 401562, 370622]",0
2826993,1,414371,Aureimonas sp. SA4125,"",bacteria,false,,,,0.01973803249042,2,,,95.294,85.0,10^-39.9865,,,,,,,,,,,,,,,,,,0
401562,1,414371,Aureimonas ureilytica,"",bacteria,false,,,,,,,,,,,,,,,,0.00986901624521,1,,,100.0,33.0,10^-9.97062,,,,,,0
370622,1,414371,Aureimonas altamirensis,"",bacteria,false,,,,0.05921409747126,6,,,99.175,72.6667,10^-35.9758,,,,,,,,,,,,,,,,,,0
413496,2,413496,Cronobacter,"",bacteria,false,,,,0.14803524367815,15,,,99.7941,90.1333,10^-48.4286,,,,,,0.22698737363983,23,,,96.8435,30.6522,10^-12.4597,,,,,[28141],1
28141,1,413496,Cronobacter sakazakii,"",bacteria,false,,,,0.14803524367815,15,,,99.7941,90.1333,10^-48.4286,,,,,,0.22698737363983,23,,,96.8435,30.6522,10^-12.4597,,,,,,1
413435,2,413435,Solimonas,"",bacteria,false,,,,0.01973803249042,2,,,91.25,80.0,10^-32.4648,,,,,,,,,,,,,,,,,[2303331],0
2303331,1,413435,Solimonas sp. K1W22B-7,"",bacteria,false,,,,0.01973803249042,2,,,91.25,80.0,10^-32.4648,,,,,,,,,,,,,,,,,,0
412764,2,412764,Spathaspora,"",eukaryota,false,,,,,,,,,,,,,,,,0.00986901624521,1,,,76.9,26.0,10^-3.42022,,,,,[561895],0
561895,1,412764,[Candida] subhashii,"",eukaryota,false,,,,,,,,,,,,,,,,0.00986901624521,1,,,76.9,26.0,10^-3.42022,,,,,,0
409244,2,409244,Beltrania,"",eukaryota,false,,,,0.00986901624521,1,,,100.0,55.0,10^-25.0795,,,,,,,,,,,,,,,,,[638364],0
638364,1,409244,Beltrania rhombica,"",eukaryota,false,,,,0.00986901624521,1,,,100.0,55.0,10^-25.0795,,,,,,,,,,,,,,,,,,0
407217,2,407217,Aquitalea,"",bacteria,false,,,,0.00986901624521,1,,,98.75,80.0,10^-40.699,,,,,,,,,,,,,,,,,[519081],0
519081,1,407217,Aquitalea denitrificans,"",bacteria,false,,,,0.00986901624521,1,,,98.75,80.0,10^-40.699,,,,,,,,,,,,,,,,,,0
404432,2,404432,Salinicola,"",bacteria,false,,,,0.13816622743294,14,,,98.6754,96.2857,10^-51.4032,,,,,,0.00986901624521,1,,,100.0,32.0,10^-10.6778,,,,,"[3050071, 1949087, 1771309]",0
3050071,1,404432,Salinicola sp. JS01,"",bacteria,false,,,,0.04934508122605,5,,,99.006,100.6,10^-54.735,,,,,,,,,,,,,,,,,,0
1949087,1,404432,Salinicola sp. RZ23,"",bacteria,false,,,,,,,,,,,,,,,,0.00986901624521,1,,,100.0,32.0,10^-10.6778,,,,,,0
1771309,1,404432,Salinicola tamaricis,"",bacteria,false,,,,0.08882114620689,9,,,98.4918,93.8889,10^-49.5522,,,,,,,,,,,,,,,,,,0
402649,2,402649,Actinomycetospora,"",bacteria,false,,,,,,,,,,,,,,,,0.01973803249042,2,,,88.85,29.0,10^-5.22833,,,,,"[663606, 663603]",0
663606,1,402649,Actinomycetospora chibensis,"",bacteria,false,,,,,,,,,,,,,,,,0.00986901624521,1,,,80.8,26.0,10^-3.1986,,,,,,0
663603,1,402649,Actinomycetospora succinea,"",bacteria,false,,,,,,,,,,,,,,,,0.00986901624521,1,,,96.9,32.0,10^-7.25806,,,,,,0
401624,2,401624,Ceraceosorus,"",eukaryota,false,,,,,,,,,,,,,,,,0.01973803249042,2,,,92.3,26.0,10^-8.37882,,,,,[1522189],0
1522189,1,401624,Ceraceosorus guamensis,"",eukaryota,false,,,,,,,,,,,,,,,,0.01973803249042,2,,,92.3,26.0,10^-8.37882,,,,,,0
401469,2,401469,Undibacterium,"",bacteria,false,,,,,,,,,,,,,,,,0.00986901624521,1,,,75.8,33.0,10^-6.85387,,,,,[1131567],0
1131567,1,401469,Undibacterium squillarum,"",bacteria,false,,,,,,,,,,,,,,,,0.00986901624521,1,,,75.8,33.0,10^-6.85387,,,,,,0
400634,2,400634,Lysinibacillus,"",bacteria,false,,,,,,,,,,,,,,,,0.08882114620689,9,,,86.3444,31.0,10^-11.806,,,,,"[2081964, 28031]",0
2081964,1,400634,Lysinibacillus sp. B2A1,"",bacteria,false,,,,,,,,,,,,,,,,0.06908311371647,7,,,85.0429,30.4286,10^-12.1034,,,,,,0
28031,1,400634,Lysinibacillus fusiformis,"",bacteria,false,,,,,,,,,,,,,,,,0.01973803249042,2,,,90.9,33.0,10^-10.7649,,,,,,0
400060,2,400060,Paludibacterium,"",bacteria,false,,,,0.01973803249042,2,,,90.909,55.0,10^-18.2176,,,,,,,,,,,,,,,,,[400061],0
400061,1,400060,Paludibacterium yongneupense,"",bacteria,false,,,,0.01973803249042,2,,,90.909,55.0,10^-18.2176,,,,,,,,,,,,,,,,,,0
398041,2,398041,Flavisolibacter,"",bacteria,false,,,,,,,,,,,,,,,,0.00986901624521,1,,,84.8,33.0,10^-7.52724,,,,,[1954249],0
1954249,1,398041,Flavisolibacter sp.,"",bacteria,false,,,,,,,,,,,,,,,,0.00986901624521,1,,,84.8,33.0,10^-7.52724,,,,,,0
397407,2,397407,Tetrastylidium,"",eukaryota,false,,,,0.01973803249042,2,,,100.0,100.5,10^-56.0391,,,,,,,,,,,,,,,,,[397408],0
397408,1,397407,Tetrastylidium peruvianum,"",eukaryota,false,,,,0.01973803249042,2,,,100.0,100.5,10^-56.0391,,,,,,,,,,,,,,,,,,0
396811,2,396811,Fulvivirga,"",bacteria,false,,,,0.01973803249042,2,,,91.584,101.0,10^-44.7149,,,,,,,,,,,,,,,,,[2904247],0
2904247,1,396811,Fulvivirga maritima,"",bacteria,false,,,,0.01973803249042,2,,,91.584,101.0,10^-44.7149,,,,,,,,,,,,,,,,,,0
392733,2,392733,Terriglobus,"",bacteria,false,,,,0.01973803249042,2,,,99.01,101.0,10^-55.0077,,,,,,,,,,,,,,,,,[392734],0
392734,1,392733,Terriglobus roseus,"",bacteria,false,,,,0.01973803249042,2,,,99.01,101.0,10^-55.0077,,,,,,,,,,,,,,,,,,0
391952,2,391952,Aquincola,"",bacteria,false,,,,,,,,,,,,,,,,0.00986901624521,1,,,97.0,33.0,10^-10.2832,,,,,[391953],0
391953,1,391952,Aquincola tertiaricarbonis,"",bacteria,false,,,,,,,,,,,,,,,,0.00986901624521,1,,,97.0,33.0,10^-10.2832,,,,,,0
390988,2,390988,Actinocatenispora,"",bacteria,false,,,,,,,,,,,,,,,,0.01973803249042,2,,,76.9,26.0,10^-4.00612,,,,,[390989],0
390989,1,390988,Actinocatenispora sera,"",bacteria,false,,,,,,,,,,,,,,,,0.01973803249042,2,,,76.9,26.0,10^-4.00612,,,,,,0
390887,2,390887,Lophium,"",eukaryota,false,,,,0.00986901624521,1,,,98.75,80.0,10^-40.699,,,,,,,,,,,,,,,,,[390894],0
390894,1,390887,Lophium mytilinum,"",eukaryota,false,,,,0.00986901624521,1,,,98.75,80.0,10^-40.699,,,,,,,,,,,,,,,,,,0
379899,2,379899,Niabella,"",bacteria,false,,,,0.01973803249042,2,,,100.0,81.0,10^-42.7522,,,,,,,,,,,,,,,,,[1176587],0
1176587,1,379899,Niabella ginsenosidivorans,"",bacteria,false,,,,0.01973803249042,2,,,100.0,81.0,10^-42.7522,,,,,,,,,,,,,,,,,,0
379065,2,379065,Caldalkalibacillus,"",bacteria,false,,,,,,,,,,,,,,,,0.00986901624521,1,,,69.7,33.0,10^-4.97881,,,,,[296745],0
296745,1,379065,Caldalkalibacillus thermarum,"",bacteria,false,,,,,,,,,,,,,,,,0.00986901624521,1,,,69.7,33.0,10^-4.97881,,,,,,0
376488,2,376488,Halotalea,"",bacteria,false,,,,0.26646343862066996,27,,,98.6504,93.7778,10^-49.6297,,,,,,0.01973803249042,2,,,89.2,32.5,10^-10.1471,,,,,[376489],0
376489,1,376488,Halotalea alkalilenta,"",bacteria,false,,,,0.26646343862066996,27,,,98.6504,93.7778,10^-49.6297,,,,,,0.01973803249042,2,,,89.2,32.5,10^-10.1471,,,,,,0
375996,2,375996,Littledalea,"",eukaryota,false,,,,0.00986901624521,1,,,100.0,97.0,10^-53.6529,,,,,,,,,,,,,,,,,[545886],0
545886,1,375996,Littledalea alaica,"",eukaryota,false,,,,0.00986901624521,1,,,100.0,97.0,10^-53.6529,,,,,,,,,,,,,,,,,,0
375928,2,375928,Natranaerobius,"",bacteria,false,,,,0.00986901624521,1,,,92.0,100.0,10^-44.7192,,,,,,,,,,,,,,,,,[375929],0
375929,1,375928,Natranaerobius thermophilus,"",bacteria,false,,,,0.00986901624521,1,,,92.0,100.0,10^-44.7192,,,,,,,,,,,,,,,,,,0
375288,2,375288,Parabacteroides,"",bacteria,false,,,,0.00986901624521,1,,,97.03,101.0,10^-52.2629,,,,,,0.17764229241378,18,2,12,73.9478,70.1667,10^-18.7648,,,,,"[563193, 328812, 46503, 823]",0
563193,1,375288,Parabacteroides sp. D13,"",bacteria,false,,,,,,,,,,,,,,,,0.01973803249042,2,,,79.0,27.0,10^-5.48886,,,,,,0
328812,1,375288,Parabacteroides goldsteinii,"",bacteria,false,,,,,,,,,,,,,,,,0.01973803249042,2,,,82.1,28.0,10^-4.11976,,,,,,0
46503,1,375288,Parabacteroides merdae,"",bacteria,false,,,,,,,,,,,,,,,,0.08882114620689,9,1,8,73.0071,90.6667,10^-25.5267,,,,,,0
823,1,375288,Parabacteroides distasonis,"",bacteria,false,,,,0.00986901624521,1,,,97.03,101.0,10^-52.2629,,,,,,0.04934508122605,5,1,4,70.3592,67.4,10^-17.7617,,,,,,0
374468,2,374468,Nakaseomyces,"",eukaryota,false,,,,,,,,,,,,,,,,0.00986901624521,1,,,97.0,33.0,10^-15.2388,,,,,[5478],1
5478,1,374468,Nakaseomyces glabratus,"",eukaryota,false,,,,,,,,,,,,,,,,0.00986901624521,1,,,97.0,33.0,10^-15.2388,,,,,,1
369248,2,369248,Vollenhovia,"",eukaryota,false,,,,,,,,,,,,,,,,0.00986901624521,1,,,100.0,21.0,10^-3.70553,,,,,[411798],0
411798,1,369248,Vollenhovia emeryi,"",eukaryota,false,,,,,,,,,,,,,,,,0.00986901624521,1,,,100.0,21.0,10^-3.70553,,,,,,0
367298,2,367298,Phycicoccus,"",bacteria,false,,,,0.03947606498084,4,,,95.7925,101.0,10^-50.5475,,,,,,0.11842819494252,12,,,86.3833,29.4167,10^-7.041,,,,,"[2785745, 1690220, 367299, 101689]",0
2785745,1,367298,Phycicoccus sp. DTK01,"",bacteria,false,,,,,,,,,,,,,,,,0.03947606498084,4,,,78.125,29.25,10^-6.87176,,,,,,0
1690220,1,367298,Phycicoccus endophyticus,"",bacteria,false,,,,0.03947606498084,4,,,95.7925,101.0,10^-50.5475,,,,,,,,,,,,,,,,,,0
367299,1,367298,Phycicoccus jejuensis,"",bacteria,false,,,,,,,,,,,,,,,,0.00986901624521,1,,,100.0,21.0,10^-3.84164,,,,,,0
101689,1,367298,Phycicoccus elongatus,"",bacteria,false,,,,,,,,,,,,,,,,0.06908311371647,7,,,89.1571,30.7143,10^-7.59476,,,,,,0
366614,2,366614,Haematobacter,"",bacteria,false,,,,0.01973803249042,2,,,97.5,100.0,10^-52.2673,,,,,,0.01973803249042,2,,,100.0,32.5,10^-10.8017,,,,,[195105],0
195105,1,366614,Haematobacter massiliensis,"",bacteria,false,,,,0.01973803249042,2,,,97.5,100.0,10^-52.2673,,,,,,0.01973803249042,2,,,100.0,32.5,10^-10.8017,,,,,,0
364710,2,364710,Endocarpon,"",eukaryota,false,,,,0.03947606498084,4,,,91.3177,97.25,10^-42.1588,,,,,,0.05921409747126,6,,,91.3833,32.8333,10^-10.4738,,,,,[364733],0
364733,1,364710,Endocarpon pusillum,"",eukaryota,false,,,,0.03947606498084,4,,,91.3177,97.25,10^-42.1588,,,,,,0.05921409747126,6,,,91.3833,32.8333,10^-10.4738,,,,,,0
361607,2,361607,Patulibacter,"",bacteria,false,,,,0.01973803249042,2,,,96.0,100.0,10^-49.5225,,,,,,,,,,,,,,,,,[1097667],0
1097667,1,361607,Patulibacter medicamentivorans,"",bacteria,false,,,,0.01973803249042,2,,,96.0,100.0,10^-49.5225,,,,,,,,,,,,,,,,,,0
361177,2,361177,Altererythrobacter,"",bacteria,false,,,,0.03947606498084,4,,,98.76,100.75,10^-54.4941,,,,,,0.01973803249042,2,,,100.0,22.0,10^-5.17457,,,,,"[2877001, 2067415, 1872480]",0
2877001,1,361177,Altererythrobacter sp. N1,"",bacteria,false,,,,0.00986901624521,1,,,100.0,101.0,10^-56.3801,,,,,,,,,,,,,,,,,,0
2067415,1,361177,Altererythrobacter sp. TH136,"",bacteria,false,,,,0.02960704873563,3,,,98.3467,100.667,10^-53.8655,,,,,,,,,,,,,,,,,,0
1872480,1,361177,Altererythrobacter sp.,"",bacteria,false,,,,,,,,,,,,,,,,0.01973803249042,2,,,100.0,22.0,10^-5.17457,,,,,,0
361106,2,361106,Desulfoglaeba,"",bacteria,false,,,,0.00986901624521,1,,,93.023,86.0,10^-37.9229,,,,,,,,,,,,,,,,,[361111],0
361111,1,361106,Desulfoglaeba alkanexedens,"",bacteria,false,,,,0.00986901624521,1,,,93.023,86.0,10^-37.9229,,,,,,,,,,,,,,,,,,0
360842,2,360842,Burmeistera,"",eukaryota,false,,,,0.01973803249042,2,,,100.0,101.0,10^-56.3801,,,,,,,,,,,,,,,,,[434368],0
434368,1,360842,Burmeistera ceratocarpa,"",eukaryota,false,,,,0.01973803249042,2,,,100.0,101.0,10^-56.3801,,,,,,,,,,,,,,,,,,0
360145,2,360145,Grosmannia,"",eukaryota,false,,,,0.07895212996168,8,,,90.456,94.3333,10^-39.4839,,,,,,,,,,,,,,,,,[155676],0
155676,1,360145,Grosmannia abiocarpa,"",eukaryota,false,,,,0.07895212996168,8,,,90.456,94.3333,10^-39.4839,,,,,,,,,,,,,,,,,,0
359169,2,359169,Thermopolyspora,"",bacteria,false,,,,,,,,,,,,,,,,0.00986901624521,1,,,81.8,33.0,10^-7.1349,,,,,[103836],0
103836,1,359169,Thermopolyspora flexuosa,"",bacteria,false,,,,,,,,,,,,,,,,0.00986901624521,1,,,81.8,33.0,10^-7.1349,,,,,,0
358905,2,358905,Serendipita,"",eukaryota,false,,,,0.01973803249042,2,,,93.548,93.0,10^-42.6922,,,,,,0.51318884475092,52,2,48,66.764,51.5577,10^-16.6361,,,,,"[1505950, 109899]",0
1505950,1,358905,Serendipita herbamans,"",eukaryota,false,,,,0.01973803249042,2,,,93.548,93.0,10^-42.6922,,,,,,,,,,,,,,,,,,0
109899,1,358905,Serendipita vermifera,"",eukaryota,false,,,,,,,,,,,,,,,,0.51318884475092,52,2,48,66.764,51.5577,10^-16.6361,,,,,,0
358023,2,358023,Lutibacter,"",bacteria,false,,,,0.00986901624521,1,,,90.909,77.0,10^-30.4228,,,,,,,,,,,,,,,,,[2918526],0
2918526,1,358023,Lutibacter sp. A64,"",bacteria,false,,,,0.00986901624521,1,,,90.909,77.0,10^-30.4228,,,,,,,,,,,,,,,,,,0
354349,2,354349,Pseudochrobactrum,"",bacteria,false,,,,0.00986901624521,1,,,97.436,78.0,10^-37.9653,,,,,,,,,,,,,,,,,[887530],0
887530,1,354349,Pseudochrobactrum sp. a111-98,"",bacteria,false,,,,0.00986901624521,1,,,97.436,78.0,10^-37.9653,,,,,,,,,,,,,,,,,,0
353917,2,353917,Adenocalymma,"",eukaryota,false,,,,0.00986901624521,1,,,100.0,101.0,10^-56.3801,,,,,,,,,,,,,,,,,[2099430],0
2099430,1,353917,Adenocalymma paulistarum,"",eukaryota,false,,,,0.00986901624521,1,,,100.0,101.0,10^-56.3801,,,,,,,,,,,,,,,,,,0
348616,2,348616,Massospora,"",eukaryota,false,,,,,,,,,,,,,,,,0.00986901624521,1,,,90.6,32.0,10^-10.6737,,,,,[348617],0
348617,1,348616,Massospora cicadina,"",eukaryota,false,,,,,,,,,,,,,,,,0.00986901624521,1,,,90.6,32.0,10^-10.6737,,,,,,0
348614,2,348614,Batkoa,"",eukaryota,false,,,,0.35528458482756,36,1,12,99.6351,128.25,10^-65.6328,,,,,,,,,,,,,,,,,"[423464, 423462]",0
423464,1,348614,Batkoa sp. ARSEF 328,"",eukaryota,false,,,,0.00986901624521,1,,,100.0,100.0,10^-55.6982,,,,,,,,,,,,,,,,,,0
423462,1,348614,Batkoa major,"",eukaryota,false,,,,0.34541556858234995,35,1,12,99.6247,129.057,10^-65.9167,,,,,,,,,,,,,,,,,,0
348401,2,348401,Mecaphesa,"",eukaryota,false,,,,0.01973803249042,2,,,100.0,101.0,10^-56.3801,,,,,,,,,,,,,,,,,[637355],0
637355,1,348401,Mecaphesa asperata,"",eukaryota,false,,,,0.01973803249042,2,,,100.0,101.0,10^-56.3801,,,,,,,,,,,,,,,,,,0
343581,2,343581,Hermetia,"",eukaryota,false,,,,,,,,,,,,,,,,0.00986901624521,1,,,100.0,32.0,10^-8.0716,,,,,[343691],0
343691,1,343581,Hermetia illucens,black soldier fly,eukaryota,false,,,,,,,,,,,,,,,,0.00986901624521,1,,,100.0,32.0,10^-8.0716,,,,,,0
340509,2,340509,Melanaspis,"",eukaryota,false,,,,0.01973803249042,2,,,97.03,101.0,10^-52.2629,,,,,,,,,,,,,,,,,[1079373],0
1079373,1,340509,Melanaspis sp. MGA,"",eukaryota,false,,,,0.01973803249042,2,,,97.03,101.0,10^-52.2629,,,,,,,,,,,,,,,,,,0
338191,2,338191,Nitrosopumilus,"",archaea,false,,,,,,,,,,,,,,,,0.01973803249042,2,,,84.5,32.5,10^-9.99761,,,,,[1170320],0
1170320,1,338191,Candidatus Nitrosopumilus salaria,"",archaea,false,,,,,,,,,,,,,,,,0.01973803249042,2,,,84.5,32.5,10^-9.99761,,,,,,0
337004,2,337004,Microcella,"",bacteria,false,,,,,,,,,,,,,,,,0.01973803249042,2,,,70.0,30.0,10^-4.5391,,,,,[279828],0
279828,1,337004,Microcella alkaliphila,"",bacteria,false,,,,,,,,,,,,,,,,0.01973803249042,2,,,70.0,30.0,10^-4.5391,,,,,,0
333395,2,333395,Neohydatothrips,"",eukaryota,false,,,,0.01973803249042,2,,,100.0,100.5,10^-56.0391,,,,,,,,,,,,,,,,,[333396],0
333396,1,333395,Neohydatothrips burungae,"",eukaryota,false,,,,0.01973803249042,2,,,100.0,100.5,10^-56.0391,,,,,,,,,,,,,,,,,,0
332248,2,332248,Truepera,"",bacteria,false,,,,0.01973803249042,2,,,90.7575,97.5,10^-41.6427,,,,,,,,,,,,,,,,,[332249],0
332249,1,332248,Truepera radiovictrix,"",bacteria,false,,,,0.01973803249042,2,,,90.7575,97.5,10^-41.6427,,,,,,,,,,,,,,,,,,0
332246,2,332246,Halalkalicoccus,"",archaea,false,,,,0.03947606498084,4,,,100.0,89.0,10^-48.2015,,,,,,,,,,,,,,,,,[413810],0
413810,1,332246,Halalkalicoccus jeotgali,"",archaea,false,,,,0.03947606498084,4,,,100.0,89.0,10^-48.2015,,,,,,,,,,,,,,,,,,0
332157,2,332157,Larkinella,"",bacteria,false,,,,0.03947606498084,4,,,97.48,83.5,10^-42.0626,,,,,,,,,,,,,,,,,[332158],0
332158,1,332157,Larkinella insperata,"",bacteria,false,,,,0.03947606498084,4,,,97.48,83.5,10^-42.0626,,,,,,,,,,,,,,,,,,0
332102,2,332102,Fluviicola,"",bacteria,false,,,,0.03947606498084,4,,,99.3335,86.75,10^-45.9858,,,,,,,,,,,,,,,,,"[1798018, 191579]",0
1798018,1,332102,Candidatus Fluviicola riflensis,"",bacteria,false,,,,0.00986901624521,1,,,100.0,99.0,10^-55.0164,,,,,,,,,,,,,,,,,,0
191579,1,332102,Fluviicola taffensis,"",bacteria,false,,,,0.02960704873563,3,,,99.1113,82.6667,10^-42.9756,,,,,,,,,,,,,,,,,,0
330783,2,330783,Metulocladosporiella,"",eukaryota,false,,,,0.00986901624521,1,,,99.0,100.0,10^-54.3258,,,,,,,,,,,,,,,,,[330785],0
330785,1,330783,Metulocladosporiella musicola,"",eukaryota,false,,,,0.00986901624521,1,,,99.0,100.0,10^-54.3258,,,,,,,,,,,,,,,,,,0
329881,2,329881,Friedmanniomyces,"",eukaryota,false,,,,,,,,,,,,,,,,0.01973803249042,2,,,90.75,32.5,10^-14.1143,,,,,[329885],0
329885,1,329881,Friedmanniomyces endolithicus,"",eukaryota,false,,,,,,,,,,,,,,,,0.01973803249042,2,,,90.75,32.5,10^-14.1143,,,,,,0
327281,2,327281,Acephala,"",eukaryota,false,,,,,,,,,,,,,,,,0.03947606498084,4,,,75.65,30.5,10^-4.08803,,,,,[886606],0
886606,1,327281,Acephala macrosclerotiorum,"",eukaryota,false,,,,,,,,,,,,,,,,0.03947606498084,4,,,75.65,30.5,10^-4.08803,,,,,,0
326606,2,326606,Annulohypoxylon,"",eukaryota,false,,,,,,,,,,,,,,,,0.00986901624521,1,,,100.0,24.0,10^-7.57349,,,,,[327061],0
327061,1,326606,Annulohypoxylon truncatum,"",eukaryota,false,,,,,,,,,,,,,,,,0.00986901624521,1,,,100.0,24.0,10^-7.57349,,,,,,0
323685,2,323685,Typophyllum,"",eukaryota,false,,,,0.33554655233714,34,1,34,87.7419,310.0,10^-19.857,,,,,,,,,,,,,,,,,[2022026],0
2022026,1,323685,Typophyllum mortuifolium,"",eukaryota,false,,,,0.33554655233714,34,1,34,87.7419,310.0,10^-19.857,,,,,,,,,,,,,,,,,,0
323413,2,323413,Dokdonella,"",bacteria,false,,,,0.01973803249042,2,,,96.02,100.5,10^-50.5496,,,,,,,,,,,,,,,,,[323415],0
323415,1,323413,Dokdonella koreensis,"",bacteria,false,,,,0.01973803249042,2,,,96.02,100.5,10^-50.5496,,,,,,,,,,,,,,,,,,0
320496,2,320496,Neoasaia,"",bacteria,false,,,,0.00986901624521,1,,,99.01,101.0,10^-55.0077,,,,,,,,,,,,,,,,,[320497],0
320497,1,320496,Neoasaia chiangmaiensis,"",bacteria,false,,,,0.00986901624521,1,,,99.01,101.0,10^-55.0077,,,,,,,,,,,,,,,,,,0
318808,2,318808,Acholoe,"",eukaryota,false,,,,0.00986901624521,1,,,94.444,36.0,10^-9.48129,,,,,,,,,,,,,,,,,[2922911],0
2922911,1,318808,Acholoe squamosa,"",eukaryota,false,,,,0.00986901624521,1,,,94.444,36.0,10^-9.48129,,,,,,,,,,,,,,,,,,0
316612,2,316612,Methylibium,"",bacteria,false,,,,0.04934508122605,5,,,99.802,100.4,10^-55.6965,,,,,,,,,,,,,,,,,"[2082386, 105560]",0
2082386,1,316612,Methylibium sp. Pch-M,"",bacteria,false,,,,0.02960704873563,3,,,99.67,100.667,10^-55.6953,,,,,,,,,,,,,,,,,,0
105560,1,316612,Methylibium petroleiphilum,"",bacteria,false,,,,0.01973803249042,2,,,100.0,100.0,10^-55.6982,,,,,,,,,,,,,,,,,,0
315554,2,315554,Parachironomus,"",eukaryota,false,,,,0.01973803249042,2,,,91.477,88.0,10^-37.2267,,,,,,,,,,,,,,,,,[315566],0
315566,1,315554,Parachironomus sp. PAC,"",eukaryota,false,,,,0.01973803249042,2,,,91.477,88.0,10^-37.2267,,,,,,,,,,,,,,,,,,0
311453,2,311453,Anncaliia,"",eukaryota,false,,,,0.15790425992336,16,1,16,81.988,161.0,10^-24.0026,,,,,,,,,,,,,,,,,[723287],1
723287,1,311453,Anncaliia algerae,"",eukaryota,false,,,,0.15790425992336,16,1,16,81.988,161.0,10^-24.0026,,,,,,,,,,,,,,,,,,1
308926,2,308926,Diversispora,"",eukaryota,false,,,,0.00986901624521,1,,,89.062,64.0,10^-21.5828,,,,,,0.16777327616857,17,1,16,58.3706,46.7059,10^-11.3074,,,,,"[1348612, 621257]",0
1348612,1,308926,Diversispora epigaea,"",eukaryota,false,,,,,,,,,,,,,,,,0.16777327616857,17,1,16,58.3706,46.7059,10^-11.3074,,,,,,0
621257,1,308926,Diversispora celata,"",eukaryota,false,,,,0.00986901624521,1,,,89.062,64.0,10^-21.5828,,,,,,,,,,,,,,,,,,0
308865,2,308865,Elizabethkingia,"",bacteria,false,,,,0.08882114620689,9,,,99.3839,81.2222,10^-42.2999,,,,,,,,,,,,,,,,,[1117645],1
1117645,1,308865,Elizabethkingia anophelis,"",bacteria,false,,,,0.08882114620689,9,,,99.3839,81.2222,10^-42.2999,,,,,,,,,,,,,,,,,,1
308736,2,308736,Mimomyia,"",eukaryota,false,,,,0.01973803249042,2,,,100.0,69.0,10^-34.5876,,,,,,,,,,,,,,,,,[2563599],0
2563599,1,308736,Mimomyia mediolineata,"",eukaryota,false,,,,0.01973803249042,2,,,100.0,69.0,10^-34.5876,,,,,,,,,,,,,,,,,,0
308472,2,308472,Pleurostoma,"",eukaryota,false,,,,,,,,,,,,,,,,0.01973803249042,2,,,68.75,32.0,10^-6.67811,,,,,[41990],0
41990,1,308472,Pleurostoma richardsiae,"",eukaryota,false,,,,,,,,,,,,,,,,0.01973803249042,2,,,68.75,32.0,10^-6.67811,,,,,,0
306539,2,306539,Halolactibacillus,"",bacteria,false,,,,,,,,,,,,,,,,0.02960704873563,3,,,95.8333,24.3333,10^-9.19022,,,,,[442899],0
442899,1,306539,Halolactibacillus alkaliphilus,"",bacteria,false,,,,,,,,,,,,,,,,0.02960704873563,3,,,95.8333,24.3333,10^-9.19022,,,,,,0
305976,2,305976,Pusillimonas,"",bacteria,false,,,,,,,,,,,,,,,,0.00986901624521,1,,,86.4,22.0,10^-3.27246,,,,,[1548123],0
1548123,1,305976,Pusillimonas sp. T2,"",bacteria,false,,,,,,,,,,,,,,,,0.00986901624521,1,,,86.4,22.0,10^-3.27246,,,,,,0
301206,2,301206,Macroventuria,"",eukaryota,false,,,,,,,,,,,,,,,,0.00986901624521,1,,,97.0,33.0,10^-13.8962,,,,,[301207],0
301207,1,301206,Macroventuria anomochaeta,"",eukaryota,false,,,,,,,,,,,,,,,,0.00986901624521,1,,,97.0,33.0,10^-13.8962,,,,,,0
300251,2,300251,Paraconiothyrium,"",eukaryota,false,,,,0.00986901624521,1,,,100.0,94.0,10^-51.608,,,,,,,,,,,,,,,,,[300256],0
300256,1,300251,Paraconiothyrium cyclothyrioides,"",eukaryota,false,,,,0.00986901624521,1,,,100.0,94.0,10^-51.608,,,,,,,,,,,,,,,,,,0
299566,2,299566,Adhaeribacter,"",bacteria,false,,,,0.00986901624521,1,,,90.0,100.0,10^-40.6021,,,,,,0.01973803249042,2,,,92.75,27.5,10^-7.9779,,,,,"[2745197, 2086471]",0
2745197,1,299566,Adhaeribacter radiodurans,"",bacteria,false,,,,0.00986901624521,1,,,90.0,100.0,10^-40.6021,,,,,,,,,,,,,,,,,,0
2086471,1,299566,Adhaeribacter swui,"",bacteria,false,,,,,,,,,,,,,,,,0.01973803249042,2,,,92.75,27.5,10^-7.9779,,,,,,0
297978,2,297978,Mesopsocus,"",eukaryota,false,,,,0.00986901624521,1,,,94.059,101.0,10^-48.1458,,,,,,,,,,,,,,,,,[2866285],0
2866285,1,297978,Mesopsocus fuscifrons,"",eukaryota,false,,,,0.00986901624521,1,,,94.059,101.0,10^-48.1458,,,,,,,,,,,,,,,,,,0
295418,2,295418,Rubellimicrobium,"",bacteria,false,,,,,,,,,,,,,,,,0.03947606498084,4,,,84.35,32.25,10^-8.25392,,,,,"[2817372, 2585369]",0
2817372,1,295418,Rubellimicrobium arenae,"",bacteria,false,,,,,,,,,,,,,,,,0.01973803249042,2,,,89.4,33.0,10^-10.6461,,,,,,0
2585369,1,295418,Rubellimicrobium rubrum,"",bacteria,false,,,,,,,,,,,,,,,,0.01973803249042,2,,,79.3,31.5,10^-5.86177,,,,,,0
294702,2,294702,Proteiniphilum,"",bacteria,false,,,,,,,,,,,,,,,,0.00986901624521,1,,,75.8,33.0,10^-7.77211,,,,,[1642647],0
1642647,1,294702,Proteiniphilum saccharofermentans,"",bacteria,false,,,,,,,,,,,,,,,,0.00986901624521,1,,,75.8,33.0,10^-7.77211,,,,,,0
294691,2,294691,Psylliodes,"",eukaryota,false,,,,,,,,,,,,,,,,0.01973803249042,2,,,100.0,20.0,10^-4.21467,,,,,[2598218],0
2598218,1,294691,Psylliodes chrysocephala,"",eukaryota,false,,,,,,,,,,,,,,,,0.01973803249042,2,,,100.0,20.0,10^-4.21467,,,,,,0
292486,2,292486,Avibacterium,"",bacteria,false,,,,0.01973803249042,2,,,100.0,100.0,10^-55.6982,,,,,,0.03947606498084,4,,,88.625,32.75,10^-8.34628,,,,,[728],0
728,1,292486,Avibacterium paragallinarum,"",bacteria,false,,,,0.01973803249042,2,,,100.0,100.0,10^-55.6982,,,,,,0.03947606498084,4,,,88.625,32.75,10^-8.34628,,,,,,0
292480,2,292480,Atopostipes,"",bacteria,false,,,,,,,,,,,,,,,,0.04934508122605,5,,,74.4,32.2,10^-6.74481,,,,,"[2838467, 180295]",0
2838467,1,292480,Candidatus Atopostipes pullistercoris,"",bacteria,false,,,,,,,,,,,,,,,,0.02960704873563,3,,,83.7,32.6667,10^-8.02539,,,,,,0
180295,1,292480,Atopostipes suicloacalis,"",bacteria,false,,,,,,,,,,,,,,,,0.01973803249042,2,,,60.45,31.5,10^-4.82395,,,,,,0
290403,2,290403,Eupeodes,"",eukaryota,false,,,,0.00986901624521,1,,,91.667,36.0,10^-8.10892,,,,,,0.00986901624521,1,,,100.0,33.0,10^-12.0092,,,,,"[1124558, 290404]",0
1124558,1,290403,Eupeodes latifasciatus,"",eukaryota,false,,,,0.00986901624521,1,,,91.667,36.0,10^-8.10892,,,,,,,,,,,,,,,,,,0
290404,1,290403,Eupeodes corollae,"",eukaryota,false,,,,,,,,,,,,,,,,0.00986901624521,1,,,100.0,33.0,10^-12.0092,,,,,,0
289937,2,289937,Mucilago,"",eukaryota,false,,,,0.00986901624521,1,,,92.683,41.0,10^-11.4834,,,,,,,,,,,,,,,,,[289992],0
289992,1,289937,Mucilago crustacea,"",eukaryota,false,,,,0.00986901624521,1,,,92.683,41.0,10^-11.4834,,,,,,,,,,,,,,,,,,0
289280,2,289280,Arctia,"",eukaryota,false,,,,,,,,,,,,,,,,0.05921409747126,6,,,94.7333,25.6667,10^-5.64247,,,,,[874455],0
874455,1,289280,Arctia plantaginis,"",eukaryota,false,,,,,,,,,,,,,,,,0.05921409747126,6,,,94.7333,25.6667,10^-5.64247,,,,,,0
289257,2,289257,Chrysothrix,"",eukaryota,false,,,,,,,,,,,,,,,,0.00986901624521,1,,,87.9,33.0,10^-12.8601,,,,,[2939400],0
2939400,1,289257,Chrysothrix sp. TS-e1954,"",eukaryota,false,,,,,,,,,,,,,,,,0.00986901624521,1,,,87.9,33.0,10^-12.8601,,,,,,0
289201,2,289201,Pontibacillus,"",bacteria,false,,,,,,,,,,,,,,,,0.00986901624521,1,,,71.4,28.0,10^-4.31247,,,,,[1697394],0
1697394,1,289201,Pontibacillus salipaludis,"",bacteria,false,,,,,,,,,,,,,,,,0.00986901624521,1,,,71.4,28.0,10^-4.31247,,,,,,0
286660,2,286660,Peltaster,"",eukaryota,false,,,,,,,,,,,,,,,,0.00986901624521,1,,,97.0,33.0,10^-10.7932,,,,,[286661],0
286661,1,286660,Peltaster fructicola,"",eukaryota,false,,,,,,,,,,,,,,,,0.00986901624521,1,,,97.0,33.0,10^-10.7932,,,,,,0
286563,2,286563,Devriesia,"",eukaryota,false,,,,0.02960704873563,3,,,99.0033,100.667,10^-54.7804,,,,,,,,,,,,,,,,,[698428],0
698428,1,286563,Devriesia sp. C2b_PD014,"",eukaryota,false,,,,0.02960704873563,3,,,99.0033,100.667,10^-54.7804,,,,,,,,,,,,,,,,,,0
286114,2,286114,Synchytrium,"",eukaryota,false,,,,,,,,,,,,,,,,0.01973803249042,2,,,82.1,28.0,10^-6.0655,,,,,[1806994],0
1806994,1,286114,Synchytrium microbalum,"",eukaryota,false,,,,,,,,,,,,,,,,0.01973803249042,2,,,82.1,28.0,10^-6.0655,,,,,,0
285810,2,285810,Pyrenochaeta,"",eukaryota,false,,,,,,,,,,,,,,,,0.00986901624521,1,,,81.8,33.0,10^-10.7447,,,,,[765867],0
765867,1,285810,Pyrenochaeta sp. DS3sAY3a,"",eukaryota,false,,,,,,,,,,,,,,,,0.00986901624521,1,,,81.8,33.0,10^-10.7447,,,,,,0
285222,2,285222,Dascillus,"",eukaryota,false,,,,0.00986901624521,1,,,97.03,101.0,10^-52.2629,,,,,,,,,,,,,,,,,[285223],0
285223,1,285222,Dascillus cervinus,orchid beetle,eukaryota,false,,,,0.00986901624521,1,,,97.03,101.0,10^-52.2629,,,,,,,,,,,,,,,,,,0
285107,2,285107,Thioclava,"",bacteria,false,,,,,,,,,,,,,,,,0.01973803249042,2,,,84.0,25.0,10^-3.50031,,,,,[1353528],0
1353528,1,285107,Thioclava indica,"",bacteria,false,,,,,,,,,,,,,,,,0.01973803249042,2,,,84.0,25.0,10^-3.50031,,,,,,0
283168,2,283168,Odoribacter,"",bacteria,false,,,,,,,,,,,,,,,,0.01973803249042,2,,,66.3,32.5,10^-5.33936,,,,,"[2293111, 28118]",0
2293111,1,283168,Odoribacter sp. AF21-41,"",bacteria,false,,,,,,,,,,,,,,,,0.00986901624521,1,,,57.6,33.0,10^-4.8962,,,,,,0
28118,1,283168,Odoribacter splanchnicus,"",bacteria,false,,,,,,,,,,,,,,,,0.00986901624521,1,,,75.0,32.0,10^-5.78252,,,,,,0
281915,2,281915,Curvibacter,"",bacteria,false,,,,0.00986901624521,1,,,100.0,101.0,10^-56.3801,,,,,,1.25336506314167,127,3,118,85.5271,77.4,10^-40.9363,,,,,"[1888168, 1844971, 667019, 86182]",0
1888168,1,281915,Curvibacter sp.,"",bacteria,false,,,,,,,,,,,,,,,,0.00986901624521,1,,,96.9,32.0,10^-9.97469,,,,,,0
1844971,1,281915,Curvibacter sp. AEP1-3,"",bacteria,false,,,,0.00986901624521,1,,,100.0,101.0,10^-56.3801,,,,,,,,,,,,,,,,,,0
667019,1,281915,Curvibacter putative symbiont of Hydra magnipapillata,"",bacteria,false,,,,,,,,,,,,,,,,1.2237580144060398,124,3,118,85.1966,78.5328,10^-41.6638,,,,,,0
86182,1,281915,Curvibacter lanceolatus,"",bacteria,false,,,,,,,,,,,,,,,,0.01973803249042,2,,,100.0,31.0,10^-12.0391,,,,,,0
281472,2,281472,Jiangella,"",bacteria,false,,,,,,,,,,,,,,,,0.01973803249042,2,,,77.4,31.0,10^-8.65561,,,,,[419479],0
419479,1,281472,Jiangella alkaliphila,"",bacteria,false,,,,,,,,,,,,,,,,0.01973803249042,2,,,77.4,31.0,10^-8.65561,,,,,,0
278038,2,278038,Cercopithifilaria,"",eukaryota,false,,,,,,,,,,,,,,,,0.00986901624521,1,,,83.9,31.0,10^-7.84164,,,,,[2874296],0
2874296,1,278038,Cercopithifilaria johnstoni,"",eukaryota,false,,,,,,,,,,,,,,,,0.00986901624521,1,,,83.9,31.0,10^-7.84164,,,,,,0
269773,2,269773,Atopococcus,"",bacteria,false,,,,,,,,,,,,,,,,0.01973803249042,2,,,90.65,26.0,10^-5.71492,,,,,[269774],0
269774,1,269773,Atopococcus tabaci,"",bacteria,false,,,,,,,,,,,,,,,,0.01973803249042,2,,,90.65,26.0,10^-5.71492,,,,,,0
268175,2,268175,Chondrocystis,"",bacteria,false,,,,0.0986901624521,10,1,9,94.5909,242.889,10^-102.13,,,,,,,,,,,,,,,,,[2005460],0
2005460,1,268175,Chondrocystis sp. NIES-4102,"",bacteria,false,,,,0.0986901624521,10,1,9,94.5909,242.889,10^-102.13,,,,,,,,,,,,,,,,,,0
267408,2,267408,Arsenicicoccus,"",bacteria,false,,,,0.02960704873563,3,,,100.0,60.6667,10^-28.9267,,,,,,,,,,,,,,,,,[1658671],0
1658671,1,267408,Arsenicicoccus sp. oral taxon 190,"",bacteria,false,,,,0.02960704873563,3,,,100.0,60.6667,10^-28.9267,,,,,,,,,,,,,,,,,,0
265980,2,265980,Alkalimonas,"",bacteria,false,,,,0.01973803249042,2,,,100.0,100.5,10^-56.0391,,,,,,,,,,,,,,,,,[400390],0
400390,1,265980,Alkalimonas collagenimarina,"",bacteria,false,,,,0.01973803249042,2,,,100.0,100.5,10^-56.0391,,,,,,,,,,,,,,,,,,0
265976,2,265976,Serinicoccus,"",bacteria,false,,,,0.02960704873563,3,,,97.0587,101.0,10^-52.263,,,,,,,,,,,,,,,,,"[1758689, 767452]",0
1758689,1,265976,Serinicoccus hydrothermalis,"",bacteria,false,,,,0.00986901624521,1,,,91.176,102.0,10^-44.7106,,,,,,,,,,,,,,,,,,0
767452,1,265976,Serinicoccus chungangensis,"",bacteria,false,,,,0.01973803249042,2,,,100.0,100.5,10^-56.0391,,,,,,,,,,,,,,,,,,0
265975,2,265975,Oribacterium,"",bacteria,false,,,,,,,,,,,,,,,,0.01973803249042,2,,,73.3,30.0,10^-3.2644,,,,,[652706],0
652706,1,265975,Oribacterium sp. oral taxon 078,"",bacteria,false,,,,,,,,,,,,,,,,0.01973803249042,2,,,73.3,30.0,10^-3.2644,,,,,,0
265570,2,265570,Sulfurovum,"",bacteria,false,,,,,,,,,,,,,,,,0.00986901624521,1,,,88.5,26.0,10^-5.7167,,,,,[206403],0
206403,1,265570,Sulfurovum lithotrophicum,"",bacteria,false,,,,,,,,,,,,,,,,0.00986901624521,1,,,88.5,26.0,10^-5.7167,,,,,,0
265084,2,265084,Preussia,"",eukaryota,false,,,,0.02960704873563,3,,,100.0,88.6667,10^-47.9737,,,,,,,,,,,,,,,,,"[325670, 93984]",0
325670,1,265084,Preussia isomera,"",eukaryota,false,,,,0.00986901624521,1,,,100.0,88.0,10^-47.5195,,,,,,,,,,,,,,,,,,0
93984,1,265084,Preussia minima,"",eukaryota,false,,,,0.01973803249042,2,,,100.0,89.0,10^-48.2008,,,,,,,,,,,,,,,,,,0
265082,2,265082,Thyridium,"",eukaryota,false,,,,0.01973803249042,2,,,100.0,101.0,10^-56.3801,,,,,,,,,,,,,,,,,[2006390],0
2006390,1,265082,Thyridium sp.,"",eukaryota,false,,,,0.01973803249042,2,,,100.0,101.0,10^-56.3801,,,,,,,,,,,,,,,,,,0
263377,2,263377,Salipiger,"",bacteria,false,,,,,,,,,,,,,,,,0.02960704873563,3,,,97.8333,25.6667,10^-10.2736,,,,,"[1775170, 1229727]",0
1775170,1,263377,Salipiger pallidus,"",bacteria,false,,,,,,,,,,,,,,,,0.01973803249042,2,,,100.0,23.0,10^-9.3851,,,,,,0
1229727,1,263377,Salipiger profundus,"",bacteria,false,,,,,,,,,,,,,,,,0.00986901624521,1,,,93.5,31.0,10^-12.0506,,,,,,0
261933,2,261933,Pleomorphomonas,"",bacteria,false,,,,,,,,,,,,,,,,0.02960704873563,3,,,81.8,33.0,10^-7.54064,,,,,[442121],0
442121,1,261933,uncultured Pleomorphomonas sp.,"",bacteria,false,,,,,,,,,,,,,,,,0.02960704873563,3,,,81.8,33.0,10^-7.54064,,,,,,0
261825,2,261825,Agarivorans,"",bacteria,false,,,,0.01973803249042,2,,,92.893,84.5,10^-36.9014,,,,,,,,,,,,,,,,,"[2937286, 1872412]",0
2937286,1,261825,Agarivorans sp. TSD2052,"",bacteria,false,,,,0.00986901624521,1,,,92.683,82.0,10^-35.1988,,,,,,,,,,,,,,,,,,0
1872412,1,261825,Agarivorans sp.,"",bacteria,false,,,,0.00986901624521,1,,,93.103,87.0,10^-38.604,,,,,,,,,,,,,,,,,,0
255204,2,255204,Pseudoclavibacter,"",bacteria,false,,,,,,,,,,,,,,,,0.00986901624521,1,,,97.0,33.0,10^-11.9586,,,,,[1915061],0
1915061,1,255204,Pseudoclavibacter sp.,"",bacteria,false,,,,,,,,,,,,,,,,0.00986901624521,1,,,97.0,33.0,10^-11.9586,,,,,,0
254717,2,254717,Chrysodeixis,"",eukaryota,false,,,,,,,,,,,,,,,,0.00986901624521,1,,,96.3,27.0,10^-7.93554,,,,,[689277],0
689277,1,254717,Chrysodeixis includens,soybean looper,eukaryota,false,,,,,,,,,,,,,,,,0.00986901624521,1,,,96.3,27.0,10^-7.93554,,,,,,0
254250,2,254250,Isoptericola,"",bacteria,false,,,,0.03947606498084,4,,,96.133,58.0,10^-23.0336,,,,,,0.11842819494252,12,,,86.8917,29.8333,10^-9.27555,,,,,"[1776856, 372663]",0
1776856,1,254250,Isoptericola cucumis,"",bacteria,false,,,,,,,,,,,,,,,,0.11842819494252,12,,,86.8917,29.8333,10^-9.27555,,,,,,0
372663,1,254250,Isoptericola dokdonensis,"",bacteria,false,,,,0.03947606498084,4,,,96.133,58.0,10^-23.0336,,,,,,,,,,,,,,,,,,0
249588,2,249588,Mamastrovirus,"",viruses,false,,,,,,,,,,,,,,,,0.01973803249042,2,,,91.5,23.5,10^-3.45174,,,,,[1239567],0
1239567,1,249588,Mamastrovirus 3,"",viruses,false,,,,,,,,,,,,,,,,0.01973803249042,2,,,91.5,23.5,10^-3.45174,,,,,,0
248453,2,248453,Apolygus,"",eukaryota,false,,,,,,,,,,,,,,,,0.33554655233714,34,1,34,72.727,55.0,10^-18.9208,,,,,[248454],0
248454,1,248453,Apolygus lucorum,"",eukaryota,false,,,,,,,,,,,,,,,,0.33554655233714,34,1,34,72.727,55.0,10^-18.9208,,,,,,0
245561,2,245561,Acidomyces,"",eukaryota,false,,,,,,,,,,,,,,,,0.05921409747126,6,,,89.05,27.3333,10^-8.27272,,,,,[245562],0
245562,1,245561,Acidomyces sp. 'richmondensis',"",eukaryota,false,,,,,,,,,,,,,,,,0.05921409747126,6,,,89.05,27.3333,10^-8.27272,,,,,,0
245186,2,245186,Loktanella,"",bacteria,false,,,,0.00986901624521,1,,,100.0,100.0,10^-55.6982,,,,,,,,,,,,,,,,,[195913],0
195913,1,245186,Loktanella salsilacus,"",bacteria,false,,,,0.00986901624521,1,,,100.0,100.0,10^-55.6982,,,,,,,,,,,,,,,,,,0
244127,2,244127,Anaerotruncus,"",bacteria,false,,,,,,,,,,,,,,,,0.02960704873563,3,,,89.9,33.0,10^-11.8638,,,,,[169435],0
169435,1,244127,Anaerotruncus colihominis,"",bacteria,false,,,,,,,,,,,,,,,,0.02960704873563,3,,,89.9,33.0,10^-11.8638,,,,,,0
243963,2,243963,Anisodus,"",eukaryota,false,,,,,,,,,,,,,,,,0.00986901624521,1,,,100.0,33.0,10^-12.1487,,,,,[402998],0
402998,1,243963,Anisodus acutangulus,"",eukaryota,false,,,,,,,,,,,,,,,,0.00986901624521,1,,,100.0,33.0,10^-12.1487,,,,,,0
242605,2,242605,Luteibacter,"",bacteria,false,,,,0.01973803249042,2,,,91.482,99.0,10^-43.3513,,,,,,,,,,,,,,,,,"[564369, 242606]",0
564369,1,242605,Luteibacter anthropi,"",bacteria,false,,,,0.00986901624521,1,,,94.845,97.0,10^-46.791,,,,,,,,,,,,,,,,,,0
242606,1,242605,Luteibacter rhizovicinus,"",bacteria,false,,,,0.00986901624521,1,,,88.119,101.0,10^-39.9116,,,,,,,,,,,,,,,,,,0
242060,2,242060,Cystoisospora,"",eukaryota,false,,,,,,,,,,,,,,,,0.00986901624521,1,,,71.9,32.0,10^-5.77989,,,,,[483139],0
483139,1,242060,Cystoisospora suis,"",eukaryota,false,,,,,,,,,,,,,,,,0.00986901624521,1,,,71.9,32.0,10^-5.77989,,,,,,0
241409,2,241409,Geosmithia,"",eukaryota,false,,,,0.01973803249042,2,,,98.0,100.0,10^-52.9535,,,,,,,,,,,,,,,,,"[418067, 418066]",0
418067,1,241409,Geosmithia sp. MK1780,"",eukaryota,false,,,,0.00986901624521,1,,,98.0,100.0,10^-52.9535,,,,,,,,,,,,,,,,,,0
418066,1,241409,Geosmithia sp. CCF3641,"",eukaryota,false,,,,0.00986901624521,1,,,98.0,100.0,10^-52.9535,,,,,,,,,,,,,,,,,,0
240233,2,240233,Aeriscardovia,"",bacteria,false,,,,,,,,,,,,,,,,0.00986901624521,1,,,71.0,31.0,10^-5.91009,,,,,[218139],0
218139,1,240233,Aeriscardovia aeriphila,"",bacteria,false,,,,,,,,,,,,,,,,0.00986901624521,1,,,71.0,31.0,10^-5.91009,,,,,,0
239934,2,239934,Akkermansia,"",bacteria,false,,,,,,,,,,,,,,,,0.00986901624521,1,,,100.0,23.0,10^-7.42366,,,,,[239935],0
239935,1,239934,Akkermansia muciniphila,"",bacteria,false,,,,,,,,,,,,,,,,0.00986901624521,1,,,100.0,23.0,10^-7.42366,,,,,,0
239759,2,239759,Alistipes,"",bacteria,false,,,,,,,,,,,,,,,,0.00986901624521,1,,,63.6,33.0,10^-3.85699,,,,,[328814],0
328814,1,239759,Alistipes shahii,"",bacteria,false,,,,,,,,,,,,,,,,0.00986901624521,1,,,63.6,33.0,10^-3.85699,,,,,,0
238244,2,238244,Stenocarpella,"",eukaryota,false,,,,0.03947606498084,4,,,96.8405,95.0,10^-48.1725,,,,,,,,,,,,,,,,,[238245],0
238245,1,238244,Stenocarpella maydis,"",eukaryota,false,,,,0.03947606498084,4,,,96.8405,95.0,10^-48.1725,,,,,,,,,,,,,,,,,,0
238243,2,238243,Chamaenerion,"",eukaryota,false,,,,0.02960704873563,3,,,92.592,81.6667,10^-33.6271,,,,,,,,,,,,,,,,,[13055],0
13055,1,238243,Chamaenerion angustifolium,"",eukaryota,false,,,,0.02960704873563,3,,,92.592,81.6667,10^-33.6271,,,,,,,,,,,,,,,,,,0
237584,2,237584,Teratosphaeria,"",eukaryota,false,,,,0.00986901624521,1,,,99.0,100.0,10^-54.3258,,,,,,0.07895212996168,8,,,93.9125,30.125,10^-9.04143,,,,,"[418781, 161662, 112493]",0
418781,1,237584,Teratosphaeria destructans,"",eukaryota,false,,,,,,,,,,,,,,,,0.05921409747126,6,,,93.35,32.6667,10^-10.947,,,,,,0
161662,1,237584,Teratosphaeria nubilosa,"",eukaryota,false,,,,,,,,,,,,,,,,0.01973803249042,2,,,95.6,22.5,10^-3.32472,,,,,,0
112493,1,237584,Teratosphaeria molleriana,"",eukaryota,false,,,,0.00986901624521,1,,,99.0,100.0,10^-54.3258,,,,,,,,,,,,,,,,,,0
237179,2,237179,Sphaerulina,"",eukaryota,false,,,,,,,,,,,,,,,,0.00986901624521,1,,,96.9,32.0,10^-12.9208,,,,,[85929],0
85929,1,237179,Sphaerulina musiva,"",eukaryota,false,,,,,,,,,,,,,,,,0.00986901624521,1,,,96.9,32.0,10^-12.9208,,,,,,0
236434,2,236434,Geocoris,"",eukaryota,false,,,,0.00986901624521,1,,,94.872,39.0,10^-11.5051,,,,,,,,,,,,,,,,,[300797],0
300797,1,236434,Geocoris pallidipennis,"",eukaryota,false,,,,0.00986901624521,1,,,94.872,39.0,10^-11.5051,,,,,,,,,,,,,,,,,,0
235888,2,235888,Salinibacterium,"",bacteria,false,,,,0.00986901624521,1,,,100.0,100.0,10^-55.6982,,,,,,,,,,,,,,,,,[2079791],0
2079791,1,235888,Salinibacterium hongtaonis,"",bacteria,false,,,,0.00986901624521,1,,,100.0,100.0,10^-55.6982,,,,,,,,,,,,,,,,,,0
232804,2,232804,Hylaeus,yellow-faced bees,eukaryota,false,,,,,,,,,,,,,,,,0.04934508122605,5,,,82.12,31.4,10^-6.83134,,,,,"[313075, 313031]",0
313075,1,232804,Hylaeus volcanicus,"",eukaryota,false,,,,,,,,,,,,,,,,0.03947606498084,4,,,77.65,32.5,10^-7.14081,,,,,,0
313031,1,232804,Hylaeus anthracinus,"",eukaryota,false,,,,,,,,,,,,,,,,0.00986901624521,1,,,100.0,27.0,10^-5.59346,,,,,,0
231683,2,231683,Saccharospirillum,"",bacteria,false,,,,,,,,,,,,,,,,0.01973803249042,2,,,94.65,30.5,10^-11.7272,,,,,"[1897632, 418750]",0
1897632,1,231683,Saccharospirillum sp. MSK14-1,"",bacteria,false,,,,,,,,,,,,,,,,0.00986901624521,1,,,100.0,33.0,10^-14.0022,,,,,,0
418750,1,231683,Saccharospirillum salsuginis,"",bacteria,false,,,,,,,,,,,,,,,,0.00986901624521,1,,,89.3,28.0,10^-9.45223,,,,,,0
231623,2,231623,Rotaria,"",eukaryota,false,,,,,,,,,,,,,,,,0.02960704873563,3,,,99.0,25.0,10^-6.96645,,,,,[392030],0
392030,1,231623,Rotaria magnacalcarata,"",eukaryota,false,,,,,,,,,,,,,,,,0.02960704873563,3,,,99.0,25.0,10^-6.96645,,,,,,0
229219,2,229219,Blastomyces,"",eukaryota,false,,,,,,,,,,,,,,,,0.04934508122605,5,,,96.84,31.4,10^-11.2341,,,,,"[2060905, 5039]",1
2060905,1,229219,Blastomyces parvus,"",eukaryota,false,,,,,,,,,,,,,,,,0.00986901624521,1,,,97.0,33.0,10^-10.3179,,,,,,0
5039,1,229219,Blastomyces dermatitidis,"",eukaryota,false,,,,,,,,,,,,,,,,0.03947606498084,4,,,96.8,31.0,10^-11.4632,,,,,,1
228398,2,228398,Streptacidiphilus,"",bacteria,false,,,,0.01973803249042,2,,,90.909,88.0,10^-36.5405,,,,,,,,,,,,,,,,,[2704468],0
2704468,1,228398,Streptacidiphilus sp. P02-A3a,"",bacteria,false,,,,0.01973803249042,2,,,90.909,88.0,10^-36.5405,,,,,,,,,,,,,,,,,,0
227979,2,227979,Jeotgalicoccus,"",bacteria,false,,,,0.03947606498084,4,,,99.7475,100.25,10^-55.5256,,,,,,0.06908311371647,7,,,92.3286,30.4286,10^-9.70601,,,,,"[2708346, 1812261, 946435, 709510]",0
2708346,1,227979,Jeotgalicoccus sp. WY2,"",bacteria,false,,,,0.01973803249042,2,,,99.495,99.5,10^-54.6711,,,,,,,,,,,,,,,,,,0
1812261,1,227979,Jeotgalicoccus schoeneichii,"",bacteria,false,,,,,,,,,,,,,,,,0.04934508122605,5,,,89.94,31.0,10^-9.71918,,,,,,0
946435,1,227979,Jeotgalicoccus sp. ATCC 8456,"",bacteria,false,,,,0.01973803249042,2,,,100.0,101.0,10^-56.3801,,,,,,,,,,,,,,,,,,0
709510,1,227979,Jeotgalicoccus aerolatus,"",bacteria,false,,,,,,,,,,,,,,,,0.01973803249042,2,,,98.3,29.0,10^-9.67307,,,,,,0
227479,2,227479,Lochmaea,"",eukaryota,false,,,,0.05921409747126,6,1,6,82.517,143.0,10^-25.3851,,,,,,,,,,,,,,,,,[227480],0
227480,1,227479,Lochmaea capreae,willow leaf beetle,eukaryota,false,,,,0.05921409747126,6,1,6,82.517,143.0,10^-25.3851,,,,,,,,,,,,,,,,,,0
226991,2,226991,Cyphellophora,"",eukaryota,false,,,,0.01973803249042,2,,,100.0,64.0,10^-31.1893,,,,,,,,,,,,,,,,,[293229],0
293229,1,226991,Cyphellophora olivacea,"",eukaryota,false,,,,0.01973803249042,2,,,100.0,64.0,10^-31.1893,,,,,,,,,,,,,,,,,,0
226148,2,226148,Volucella,"",eukaryota,false,,,,0.01973803249042,2,,,100.0,100.5,10^-56.0391,,,,,,,,,,,,,,,,,[226149],0
226149,1,226148,Volucella inflata,"",eukaryota,false,,,,0.01973803249042,2,,,100.0,100.5,10^-56.0391,,,,,,,,,,,,,,,,,,0
224419,2,224419,Shiraia,"",eukaryota,false,,,,0.00986901624521,1,,,96.341,82.0,10^-39.3159,,,,,,,,,,,,,,,,,[224420],0
224420,1,224419,Shiraia bambusicola,"",eukaryota,false,,,,0.00986901624521,1,,,96.341,82.0,10^-39.3159,,,,,,,,,,,,,,,,,,0
224226,2,224226,Merodon,"",eukaryota,false,,,,0.01973803249042,2,,,96.535,101.0,10^-51.5768,,,,,,,,,,,,,,,,,[511117],0
511117,1,224226,Merodon equestris,"",eukaryota,false,,,,0.01973803249042,2,,,96.535,101.0,10^-51.5768,,,,,,,,,,,,,,,,,,0
224135,2,224135,Glomeribacter,"",bacteria,false,,,,0.00986901624521,1,,,95.876,97.0,10^-48.1634,,,,,,,,,,,,,,,,,[132144],0
132144,1,224135,Candidatus Glomeribacter gigasporarum,"",bacteria,false,,,,0.00986901624521,1,,,95.876,97.0,10^-48.1634,,,,,,,,,,,,,,,,,,0
223624,2,223624,Suidasia,"",eukaryota,false,,,,0.08882114620689,9,,,93.4796,90.3333,10^-40.1185,,,,,,,,,,,,,,,,,[474300],0
474300,1,223624,Suidasia nesbitti,"",eukaryota,false,,,,0.08882114620689,9,,,93.4796,90.3333,10^-40.1185,,,,,,,,,,,,,,,,,,0
223517,2,223517,Lardoglyphus,"",eukaryota,false,,,,0.00986901624521,1,,,97.917,96.0,10^-50.2264,,,,,,,,,,,,,,,,,[1111238],0
1111238,1,223517,Lardoglyphus sp. AD983,"",eukaryota,false,,,,0.00986901624521,1,,,97.917,96.0,10^-50.2264,,,,,,,,,,,,,,,,,,0
221285,2,221285,Westiellopsis,"",bacteria,false,,,,,,,,,,,,,,,,0.00986901624521,1,,,83.9,31.0,10^-9.53462,,,,,[221298],0
221298,1,221285,Westiellopsis prolifica,"",bacteria,false,,,,,,,,,,,,,,,,0.00986901624521,1,,,83.9,31.0,10^-9.53462,,,,,,0
221102,2,221102,Moniliophthora,"",eukaryota,false,,,,0.00986901624521,1,,,88.525,61.0,10^-19.545,,,,,,,,,,,,,,,,,[153609],0
153609,1,221102,Moniliophthora perniciosa,"",eukaryota,false,,,,0.00986901624521,1,,,88.525,61.0,10^-19.545,,,,,,,,,,,,,,,,,,0
219181,2,219181,Ottowia,"",bacteria,false,,,,0.00986901624521,1,,,100.0,101.0,10^-56.3801,,,,,,0.01973803249042,2,,,95.45,33.0,10^-11.0048,,,,,"[2109914, 1898956]",0
2109914,1,219181,Ottowia oryzae,"",bacteria,false,,,,0.00986901624521,1,,,100.0,101.0,10^-56.3801,,,,,,0.00986901624521,1,,,93.9,33.0,10^-10.8013,,,,,,0
1898956,1,219181,Ottowia sp.,"",bacteria,false,,,,,,,,,,,,,,,,0.00986901624521,1,,,97.0,33.0,10^-11.2083,,,,,,0
217164,2,217164,Caligus,"",eukaryota,false,,,,,,,,,,,,,,,,0.01973803249042,2,,,84.8,33.0,10^-10.7063,,,,,[217165],0
217165,1,217164,Caligus rogercresseyi,"",eukaryota,false,,,,,,,,,,,,,,,,0.01973803249042,2,,,84.8,33.0,10^-10.7063,,,,,,0
216851,2,216851,Faecalibacterium,"",bacteria,false,,,,0.03947606498084,4,,,99.005,100.5,10^-54.6668,,,,,,0.05921409747126,6,,,91.1667,30.8333,10^-9.18677,,,,,"[259315, 853]",0
259315,1,216851,uncultured Faecalibacterium sp.,"",bacteria,false,,,,,,,,,,,,,,,,0.00986901624521,1,,,96.9,32.0,10^-12.4962,,,,,,0
853,1,216851,Faecalibacterium prausnitzii,"",bacteria,false,,,,0.03947606498084,4,,,99.005,100.5,10^-54.6668,,,,,,0.04934508122605,5,,,90.02,30.6,10^-8.52488,,,,,,0
216746,2,216746,Encyonema,"",eukaryota,false,,,,0.00986901624521,1,,,97.03,101.0,10^-52.2629,,,,,,,,,,,,,,,,,[1574439],0
1574439,1,216746,Encyonema prostratum,"",eukaryota,false,,,,0.00986901624521,1,,,97.03,101.0,10^-52.2629,,,,,,,,,,,,,,,,,,0
216733,2,216733,Anomoeoneis,"",eukaryota,false,,,,0.00986901624521,1,,,96.97,99.0,10^-50.8993,,,,,,,,,,,,,,,,,[1574427],0
1574427,1,216733,Anomoeoneis sculpta,"",eukaryota,false,,,,0.00986901624521,1,,,96.97,99.0,10^-50.8993,,,,,,,,,,,,,,,,,,0
215251,2,215251,Meira,"",eukaryota,false,,,,0.05921409747126,6,1,4,96.396,192.833,10^-86.399,,,,,,0.03947606498084,4,,,95.825,29.5,10^-10.9749,,,,,"[1707708, 1280837]",0
1707708,1,215251,Meira sp. (in: basidiomycete fungi),"",eukaryota,false,,,,0.05921409747126,6,1,4,96.396,192.833,10^-86.399,,,,,,,,,,,,,,,,,,0
1280837,1,215251,Meira miltonrushii,"",eukaryota,false,,,,,,,,,,,,,,,,0.03947606498084,4,,,95.825,29.5,10^-10.9749,,,,,,0
215249,2,215249,Acaromyces,"",eukaryota,false,,,,,,,,,,,,,,,,0.03947606498084,4,,,81.05,31.75,10^-6.13889,,,,,[215250],0
215250,1,215249,Acaromyces ingoldii,"",eukaryota,false,,,,,,,,,,,,,,,,0.03947606498084,4,,,81.05,31.75,10^-6.13889,,,,,,0
214904,2,214904,Tepidibacter,"",bacteria,false,,,,0.00986901624521,1,,,91.089,101.0,10^-44.0287,,,,,,0.07895212996168,8,,,83.0375,31.625,10^-10.6686,,,,,"[3036126, 2925782]",0
3036126,1,214904,Tepidibacter hydrothermalis,"",bacteria,false,,,,0.00986901624521,1,,,91.089,101.0,10^-44.0287,,,,,,,,,,,,,,,,,,0
2925782,1,214904,Tepidibacter aestuarii,"",bacteria,false,,,,,,,,,,,,,,,,0.07895212996168,8,,,83.0375,31.625,10^-10.6686,,,,,,0
214280,2,214280,Notodonta,"",eukaryota,false,,,,0.01973803249042,2,,,90.385,52.0,10^-16.1834,,,,,,,,,,,,,,,,,[988002],0
988002,1,214280,Notodonta ziczac,"",eukaryota,false,,,,0.01973803249042,2,,,90.385,52.0,10^-16.1834,,,,,,,,,,,,,,,,,,0
214137,2,214137,Eupithecia,"",eukaryota,false,,,,0.01973803249042,2,,,82.5,40.0,10^-5.31842,,,,,,,,,,,,,,,,,[986977],0
986977,1,214137,Eupithecia insigniata,"",eukaryota,false,,,,0.01973803249042,2,,,82.5,40.0,10^-5.31842,,,,,,,,,,,,,,,,,,0
213485,2,213485,Micavibrio,"",bacteria,false,,,,,,,,,,,,,,,,0.00986901624521,1,,,86.4,22.0,10^-3.62709,,,,,[2024841],0
2024841,1,213485,Micavibrio sp.,"",bacteria,false,,,,,,,,,,,,,,,,0.00986901624521,1,,,86.4,22.0,10^-3.62709,,,,,,0
212791,2,212791,Enhydrobacter,"",bacteria,false,,,,,,,,,,,,,,,,0.05921409747126,6,,,88.15,30.8333,10^-8.64648,,,,,"[2653137, 1907940]",0
2653137,1,212791,Enhydrobacter sp. 8BJ,"",bacteria,false,,,,,,,,,,,,,,,,0.03947606498084,4,,,82.225,30.75,10^-7.89596,,,,,,0
1907940,1,212791,Enhydrobacter sp. H5,"",bacteria,false,,,,,,,,,,,,,,,,0.01973803249042,2,,,100.0,31.0,10^-10.1475,,,,,,0
212744,2,212744,Rugamonas,"",bacteria,false,,,,,,,,,,,,,,,,0.00986901624521,1,,,93.8,32.0,10^-10.1643,,,,,[758825],0
758825,1,212744,Rugamonas rubra,"",bacteria,false,,,,,,,,,,,,,,,,0.00986901624521,1,,,93.8,32.0,10^-10.1643,,,,,,0
212742,2,212742,Morococcus,"",bacteria,false,,,,0.06908311371647,7,,,97.5277,96.7143,10^-50.3218,,,,,,0.00986901624521,1,,,100.0,33.0,10^-11.2418,,,,,[1056807],0
1056807,1,212742,Morococcus cerebrosus,"",bacteria,false,,,,0.06908311371647,7,,,97.5277,96.7143,10^-50.3218,,,,,,0.00986901624521,1,,,100.0,33.0,10^-11.2418,,,,,,0
211921,2,211921,Markhamia,"",eukaryota,false,,,,0.01973803249042,2,,,99.505,92.5,10^-49.9013,,,,,,,,,,,,,,,,,[2871431],0
2871431,1,211921,Markhamia cauda-felina,"",eukaryota,false,,,,0.01973803249042,2,,,99.505,92.5,10^-49.9013,,,,,,,,,,,,,,,,,,0
209260,2,209260,Swaminathania,"",bacteria,false,,,,0.02960704873563,3,,,100.0,91.6667,10^-50.0189,,,,,,0.06908311371647,7,,,90.6571,31.0,10^-10.9224,,,,,"[447633, 182838]",0
447633,1,209260,Swaminathania sp. SI15-1,"",bacteria,false,,,,0.00986901624521,1,,,100.0,87.0,10^-46.8383,,,,,,,,,,,,,,,,,,0
182838,1,209260,Swaminathania salitolerans,"",bacteria,false,,,,0.01973803249042,2,,,100.0,94.0,10^-51.6092,,,,,,0.06908311371647,7,,,90.6571,31.0,10^-10.9224,,,,,,0
208294,2,208294,Seadornavirus,"",viruses,false,,,,,,,,,,,,,,,,0.25659442237546,26,1,24,94.2992,51.2917,10^-29.4269,,,,,[246280],0
246280,1,208294,Liao ning virus,"",viruses,false,,,,,,,,,,,,,,,,0.25659442237546,26,1,24,94.2992,51.2917,10^-29.4269,,,,,,0
208207,2,208207,Tropilaelaps,"",eukaryota,false,,,,,,,,,,,,,,,,0.01973803249042,2,,,90.5,21.0,10^-3.7122,,,,,[418985],0
418985,1,208207,Tropilaelaps mercedesae,"",eukaryota,false,,,,,,,,,,,,,,,,0.01973803249042,2,,,90.5,21.0,10^-3.7122,,,,,,0
207244,2,207244,Anaerostipes,"",bacteria,false,,,,,,,,,,,,,,,,0.05921409747126,6,,,82.7167,28.1667,10^-5.9054,,,,,[105841],0
105841,1,207244,Anaerostipes caccae,"",bacteria,false,,,,,,,,,,,,,,,,0.05921409747126,6,,,82.7167,28.1667,10^-5.9054,,,,,,0
205646,2,205646,Tornabea,"",eukaryota,false,,,,0.00986901624521,1,,,99.01,101.0,10^-55.0077,,,,,,,,,,,,,,,,,[205647],0
205647,1,205646,Tornabea scutellifera,"",eukaryota,false,,,,0.00986901624521,1,,,99.01,101.0,10^-55.0077,,,,,,,,,,,,,,,,,,0
204754,2,204754,Rhexocercosporidium,"",eukaryota,false,,,,0.01973803249042,2,,,98.864,88.0,10^-46.1471,,,,,,,,,,,,,,,,,[2606573],0
2606573,1,204754,Rhexocercosporidium sp. MG-2019a,"",eukaryota,false,,,,0.01973803249042,2,,,98.864,88.0,10^-46.1471,,,,,,,,,,,,,,,,,,0
204447,2,204447,Skermanella,"",bacteria,false,,,,,,,,,,,,,,,,0.03947606498084,4,,,86.45,29.25,10^-7.92898,,,,,"[2775420, 393310]",0
2775420,1,204447,Skermanella sp. TT6,"",bacteria,false,,,,,,,,,,,,,,,,0.00986901624521,1,,,87.9,33.0,10^-9.83565,,,,,,0
393310,1,204447,Skermanella aerolata,"",bacteria,false,,,,,,,,,,,,,,,,0.02960704873563,3,,,85.9667,28.0,10^-7.29343,,,,,,0
204286,2,204286,Cobetia,"",bacteria,false,,,,0.00986901624521,1,,,100.0,77.0,10^-40.0294,,,,,,,,,,,,,,,,,[28258],0
28258,1,204286,Cobetia marina,"",bacteria,false,,,,0.00986901624521,1,,,100.0,77.0,10^-40.0294,,,,,,,,,,,,,,,,,,0
202696,2,202696,Jaapia,"",eukaryota,false,,,,,,,,,,,,,,,,0.01973803249042,2,,,63.0,27.0,10^-3.20971,,,,,[202697],0
202697,1,202696,Jaapia argillacea,"",eukaryota,false,,,,,,,,,,,,,,,,0.01973803249042,2,,,63.0,27.0,10^-3.20971,,,,,,0
200916,2,200916,Acanthoscelides,"",eukaryota,false,,,,,,,,,,,,,,,,0.02960704873563,3,,,87.5,24.0,10^-3.68795,,,,,[200917],0
200917,1,200916,Acanthoscelides obtectus,"",eukaryota,false,,,,,,,,,,,,,,,,0.02960704873563,3,,,87.5,24.0,10^-3.68795,,,,,,0
200670,2,200670,Crenothrix,"",bacteria,false,,,,,,,,,,,,,,,,0.00986901624521,1,,,75.0,32.0,10^-7.70774,,,,,[360316],0
360316,1,200670,Crenothrix polyspora,"",bacteria,false,,,,,,,,,,,,,,,,0.00986901624521,1,,,75.0,32.0,10^-7.70774,,,,,,0
198251,2,198251,Pelagibacter,"",bacteria,false,,,,,,,,,,,,,,,,0.00986901624521,1,,,91.3,23.0,10^-6.78516,,,,,[2024849],0
2024849,1,198251,Candidatus Pelagibacter sp.,"",bacteria,false,,,,,,,,,,,,,,,,0.00986901624521,1,,,91.3,23.0,10^-6.78516,,,,,,0
196013,2,196013,Caldimonas,"",bacteria,false,,,,0.6809621209194899,69,1,67,95.3582,615.164,10^-300.101,,,,,,0.03947606498084,4,,,99.25,31.0,10^-14.2801,,,,,"[413882, 376175, 215580]",0
413882,1,196013,Caldimonas brevitalea,"",bacteria,false,,,,0.6612240884290699,67,1,67,95.246,631.0,10^-307.653,,,,,,0.01973803249042,2,,,100.0,29.0,10^-14.426,,,,,,0
376175,1,196013,Schlegelella aquatica,"",bacteria,false,,,,0.01973803249042,2,,,99.005,100.5,10^-54.6668,,,,,,,,,,,,,,,,,,0
215580,1,196013,Caldimonas thermodepolymerans,"",bacteria,false,,,,,,,,,,,,,,,,0.01973803249042,2,,,98.5,33.0,10^-14.1343,,,,,,0
195950,2,195950,Tannerella,"",bacteria,false,,,,0.00986901624521,1,,,90.099,101.0,10^-42.6564,,,,,,0.02960704873563,3,,,100.0,32.3333,10^-12.4749,,,,,"[712711, 712710]",0
712711,1,195950,Tannerella sp. oral taxon 808,"",bacteria,false,,,,,,,,,,,,,,,,0.01973803249042,2,,,100.0,32.5,10^-10.9656,,,,,,0
712710,1,195950,Tannerella serpentiformis,"",bacteria,false,,,,0.00986901624521,1,,,90.099,101.0,10^-42.6564,,,,,,0.00986901624521,1,,,100.0,32.0,10^-15.4935,,,,,,0
192486,2,192486,Condylostylus,"",eukaryota,false,,,,0.01973803249042,2,,,96.825,63.0,10^-27.7653,,,,,,0.02960704873563,3,,,96.7667,23.6667,10^-6.55765,,,,,[2530218],0
2530218,1,192486,Condylostylus longicornis,"",eukaryota,false,,,,0.01973803249042,2,,,96.825,63.0,10^-27.7653,,,,,,0.02960704873563,3,,,96.7667,23.6667,10^-6.55765,,,,,,0
192258,2,192258,Genlisea,"",eukaryota,false,,,,,,,,,,,,,,,,0.11842819494252,12,,,82.1667,27.75,10^-5.0614,,,,,[192259],0
192259,1,192258,Genlisea aurea,"",eukaryota,false,,,,,,,,,,,,,,,,0.11842819494252,12,,,82.1667,27.75,10^-5.0614,,,,,,0
191769,2,191769,Marinilactibacillus,"",bacteria,false,,,,0.01973803249042,2,,,95.556,45.0,10^-15.5601,,,,,,0.00986901624521,1,,,63.6,33.0,10^-4.19586,,,,,"[1911586, 191770]",0
1911586,1,191769,Marinilactibacillus sp. 15R,"",bacteria,false,,,,0.01973803249042,2,,,95.556,45.0,10^-15.5601,,,,,,,,,,,,,,,,,,0
191770,1,191769,Marinilactibacillus psychrotolerans,"",bacteria,false,,,,,,,,,,,,,,,,0.00986901624521,1,,,63.6,33.0,10^-4.19586,,,,,,0
191494,2,191494,Conexibacter,"",bacteria,false,,,,0.01973803249042,2,,,96.61,59.0,10^-25.049,,,,,,0.01973803249042,2,,,84.85,33.0,10^-9.57881,,,,,"[1929289, 191495]",0
1929289,1,191494,Conexibacter sp.,"",bacteria,false,,,,,,,,,,,,,,,,0.01973803249042,2,,,84.85,33.0,10^-9.57881,,,,,,0
191495,1,191494,Conexibacter woesei,"",bacteria,false,,,,0.01973803249042,2,,,96.61,59.0,10^-25.049,,,,,,,,,,,,,,,,,,0
191373,2,191373,Pelotomaculum,"",bacteria,false,,,,,,,,,,,,,,,,0.00986901624521,1,,,96.9,32.0,10^-13.3665,,,,,[78350],0
78350,1,191373,Pelotomaculum schinkii,"",bacteria,false,,,,,,,,,,,,,,,,0.00986901624521,1,,,96.9,32.0,10^-13.3665,,,,,,0
191303,2,191303,Turicibacter,"",bacteria,false,,,,,,,,,,,,,,,,0.01973803249042,2,,,97.75,22.0,10^-4.74268,,,,,[2304578],0
2304578,1,191303,Turicibacter sp. TS3,"",bacteria,false,,,,,,,,,,,,,,,,0.01973803249042,2,,,97.75,22.0,10^-4.74268,,,,,,0
191069,2,191069,Madhuca,"",eukaryota,false,,,,0.01973803249042,2,,,93.5935,101.5,10^-47.8006,,,,,,,,,,,,,,,,,[191070],0
191070,1,191069,Madhuca microphylla,"",eukaryota,false,,,,0.01973803249042,2,,,93.5935,101.5,10^-47.8006,,,,,,,,,,,,,,,,,,0
190765,2,190765,Ochlerotatus,"",eukaryota,false,,,,0.8783424458236899,89,,,95.6319,90.2169,10^-43.3824,,,,,,,,,,,,,,,,,"[1206303, 767023, 329105, 329101, 120878, 120877, 120873, 120870, 7162]",0
1206303,1,190765,Ochlerotatus mitchellae,"",eukaryota,false,,,,0.01973803249042,2,,,99.2645,61.5,10^-28.8074,,,,,,,,,,,,,,,,,,0
767023,1,190765,Ochlerotatus nigromaculis,"",eukaryota,false,,,,0.02960704873563,3,,,100.0,74.6667,10^-38.4558,,,,,,,,,,,,,,,,,,0
329105,1,190765,Ochlerotatus taeniorhynchus,"",eukaryota,false,,,,0.32567753609192995,33,,,98.7581,95.6452,10^-51.1825,,,,,,,,,,,,,,,,,,0
329101,1,190765,Ochlerotatus aurifer,"",eukaryota,false,,,,0.00986901624521,1,,,94.667,75.0,10^-33.179,,,,,,,,,,,,,,,,,,0
120878,1,190765,Ochlerotatus sticticus,"",eukaryota,false,,,,0.00986901624521,1,,,100.0,80.0,10^-42.0714,,,,,,,,,,,,,,,,,,0
120877,1,190765,Ochlerotatus rusticus,"",eukaryota,false,,,,0.03947606498084,4,,,94.762,77.5,10^-32.8509,,,,,,,,,,,,,,,,,,0
120873,1,190765,Ochlerotatus detritus,"",eukaryota,false,,,,0.37502261731798,38,,,91.9369,90.7059,10^-38.9552,,,,,,,,,,,,,,,,,,0
120870,1,190765,Ochlerotatus caspius,"",eukaryota,false,,,,0.00986901624521,1,,,85.149,101.0,10^-35.7945,,,,,,,,,,,,,,,,,,0
7162,1,190765,Ochlerotatus triseriatus,"",eukaryota,false,,,,0.05921409747126,6,,,98.7828,87.6667,10^-45.6959,,,,,,,,,,,,,,,,,,0
190323,2,190323,Plantibacter,"",bacteria,false,,,,,,,,,,,,,,,,0.00986901624521,1,,,88.0,25.0,10^-3.36754,,,,,[2653161],0
2653161,1,190323,Plantibacter sp. T3,"",bacteria,false,,,,,,,,,,,,,,,,0.00986901624521,1,,,88.0,25.0,10^-3.36754,,,,,,0
189907,2,189907,Leptidea,"",eukaryota,false,,,,0.00986901624521,1,,,94.34,53.0,10^-19.6061,,,,,,,,,,,,,,,,,[189913],0
189913,1,189907,Leptidea sinapis,"",eukaryota,false,,,,0.00986901624521,1,,,94.34,53.0,10^-19.6061,,,,,,,,,,,,,,,,,,0
189330,2,189330,Dorea,"",bacteria,false,,,,0.01973803249042,2,,,97.5,100.0,10^-52.2673,,,,,,0.05921409747126,6,,,93.5167,30.0,10^-10.9214,,,,,"[2040332, 88431]",0
2040332,1,189330,Dorea sp.,"",bacteria,false,,,,,,,,,,,,,,,,0.00986901624521,1,,,93.8,32.0,10^-11.1925,,,,,,0
88431,1,189330,Dorea longicatena,"",bacteria,false,,,,0.01973803249042,2,,,97.5,100.0,10^-52.2673,,,,,,0.04934508122605,5,,,93.46,29.6,10^-10.8672,,,,,,0
188905,2,188905,Jannaschia,"",bacteria,false,,,,0.01973803249042,2,,,92.424,66.0,10^-25.6865,,,,,,,,,,,,,,,,,[3038773],0
3038773,1,188905,Jannaschia sp. GRR-S6-38,"",bacteria,false,,,,0.01973803249042,2,,,92.424,66.0,10^-25.6865,,,,,,,,,,,,,,,,,,0
187492,2,187492,Thalassolituus,"",bacteria,false,,,,0.00986901624521,1,,,85.714,70.0,10^-21.5438,,,,,,,,,,,,,,,,,[2597518],0
2597518,1,187492,Thalassolituus sp. C2-1,"",bacteria,false,,,,0.00986901624521,1,,,85.714,70.0,10^-21.5438,,,,,,,,,,,,,,,,,,0
186783,2,186783,Ourmiavirus,"",viruses,false,,,,0.00986901624521,1,,,90.909,99.0,10^-42.665,,,,,,0.00986901624521,1,,,81.8,33.0,10^-7.66756,,,,,"[2741840, 2741826]",0
2741840,1,186783,Erysiphe necator associated ourmia-like virus 60,"",viruses,false,,,,0.00986901624521,1,,,90.909,99.0,10^-42.665,,,,,,,,,,,,,,,,,,0
2741826,1,186783,Erysiphe necator associated ourmia-like virus 46,"",viruses,false,,,,,,,,,,,,,,,,0.00986901624521,1,,,81.8,33.0,10^-7.66756,,,,,,0
186767,2,186767,Narnavirus,"",viruses,false,,,,,,,,,,,,,,,,0.01973803249042,2,,,71.9,28.5,10^-4.1285,,,,,[2736378],0
2736378,1,186767,Erysiphe necator associated narnavirus 21,"",viruses,false,,,,,,,,,,,,,,,,0.01973803249042,2,,,71.9,28.5,10^-4.1285,,,,,,0
186765,2,186765,Lambdavirus,"",viruses,true,,,,,,,,,,,,,,,,0.01973803249042,2,,,100.0,30.0,10^-13.3251,,,,,[2781358],0
2781358,1,186765,Campylobacter phage CJLB-4,"",viruses,true,,,,,,,,,,,,,,,,0.01973803249042,2,,,100.0,30.0,10^-13.3251,,,,,,0
186650,2,186650,Microvirga,"",bacteria,false,,,,0.12829721118773,13,1,11,95.1465,213.538,10^-89.6296,,,,,,0.01973803249042,2,,,100.0,30.0,10^-10.1726,,,,,"[2740529, 1882682, 1854496]",0
2740529,1,186650,Microvirga terrae,"",bacteria,false,,,,0.00986901624521,1,,,98.02,101.0,10^-53.6353,,,,,,,,,,,,,,,,,,0
1882682,1,186650,Microvirga ossetica,"",bacteria,false,,,,0.11842819494252,12,1,11,94.907,222.917,10^-92.6291,,,,,,,,,,,,,,,,,,0
1854496,1,186650,Microvirga soli,"",bacteria,false,,,,,,,,,,,,,,,,0.01973803249042,2,,,100.0,30.0,10^-10.1726,,,,,,0
184462,2,184462,Hyaloperonospora,"",eukaryota,false,,,,0.00986901624521,1,,,96.825,63.0,10^-27.7653,,,,,,,,,,,,,,,,,[123356],0
123356,1,184462,Hyaloperonospora parasitica,"",eukaryota,false,,,,0.00986901624521,1,,,96.825,63.0,10^-27.7653,,,,,,,,,,,,,,,,,,0
184431,2,184431,Coprinopsis,"",eukaryota,false,,,,0.01973803249042,2,,,99.505,97.5,10^-53.3078,,,,,,0.02960704873563,3,,,85.5,23.0,10^-4.35378,,,,,"[2059449, 5346]",0
2059449,1,184431,Coprinopsis afrocinerea,"",eukaryota,false,,,,0.00986901624521,1,,,99.01,101.0,10^-55.0077,,,,,,,,,,,,,,,,,,0
5346,1,184431,Coprinopsis cinerea,"",eukaryota,false,,,,0.00986901624521,1,,,100.0,94.0,10^-51.608,,,,,,0.02960704873563,3,,,85.5,23.0,10^-4.35378,,,,,,0
184430,2,184430,Coprinellus,"",eukaryota,false,,,,0.01973803249042,2,,,95.789,95.0,10^-46.8001,,,,,,,,,,,,,,,,,[71717],0
71717,1,184430,Coprinellus micaceus,"",eukaryota,false,,,,0.01973803249042,2,,,95.789,95.0,10^-46.8001,,,,,,,,,,,,,,,,,,0
184027,2,184027,Golovinomyces,"",eukaryota,false,,,,0.02960704873563,3,,,100.0,97.3333,10^-53.4231,,,,,,0.01973803249042,2,,,93.9,33.0,10^-5.76447,,,,,"[1101212, 62714, 62708]",0
1101212,1,184027,Golovinomyces ambrosiae,"",eukaryota,false,,,,0.01973803249042,2,,,100.0,100.5,10^-55.3529,,,,,,,,,,,,,,,,,,0
62714,1,184027,Golovinomyces magnicellulatus,"",eukaryota,false,,,,,,,,,,,,,,,,0.01973803249042,2,,,93.9,33.0,10^-5.76447,,,,,,0
62708,1,184027,Golovinomyces cichoracearum,"",eukaryota,false,,,,0.00986901624521,1,,,100.0,91.0,10^-49.5635,,,,,,,,,,,,,,,,,,0
182709,2,182709,Oceanobacillus,"",bacteria,false,,,,,,,,,,,,,,,,0.00986901624521,1,,,78.3,23.0,10^-4.05159,,,,,[1004261],0
1004261,1,182709,Oceanobacillus indicireducens,"",bacteria,false,,,,,,,,,,,,,,,,0.00986901624521,1,,,78.3,23.0,10^-4.05159,,,,,,0
182269,2,182269,Aurantimonas,"",bacteria,false,,,,,,,,,,,,,,,,0.00986901624521,1,,,100.0,33.0,10^-8.35952,,,,,[182270],0
182270,1,182269,Aurantimonas coralicida,"",bacteria,false,,,,,,,,,,,,,,,,0.00986901624521,1,,,100.0,33.0,10^-8.35952,,,,,,0
181050,2,181050,Erynia,"",eukaryota,false,,,,0.14803524367815,15,,,91.5239,96.8,10^-41.9894,,,,,,,,,,,,,,,,,"[423465, 181053, 181051]",0
423465,1,181050,Erynia ovispora,"",eukaryota,false,,,,0.05921409747126,6,,,96.456,93.1667,10^-46.4662,,,,,,,,,,,,,,,,,,0
181053,1,181050,Erynia sciarae,"",eukaryota,false,,,,0.07895212996168,8,,,88.2653,99.125,10^-38.9767,,,,,,,,,,,,,,,,,,0
181051,1,181050,Erynia conica,"",eukaryota,false,,,,0.00986901624521,1,,,88.0,100.0,10^-39.2297,,,,,,,,,,,,,,,,,,0
180541,2,180541,Salinisphaera,"",bacteria,false,,,,0.00986901624521,1,,,100.0,99.0,10^-55.0164,,,,,,,,,,,,,,,,,[180542],0
180542,1,180541,Salinisphaera shabanensis,"",bacteria,false,,,,0.00986901624521,1,,,100.0,99.0,10^-55.0164,,,,,,,,,,,,,,,,,,0
178049,2,178049,Nomia,"",eukaryota,false,,,,,,,,,,,,,,,,0.00986901624521,1,,,93.9,33.0,10^-11.4737,,,,,[2448451],0
2448451,1,178049,Nomia melanderi,Alkali bee,eukaryota,false,,,,,,,,,,,,,,,,0.00986901624521,1,,,93.9,33.0,10^-11.4737,,,,,,0
176679,2,176679,Furia,"",eukaryota,false,,,,0.44410573103444995,45,1,40,95.735,263.556,10^-117.916,,,,,,,,,,,,,,,,,"[423466, 181055, 176680]",0
423466,1,176679,Furia americana,"",eukaryota,false,,,,0.3947606498084,40,1,40,96.127,284.0,10^-126.963,,,,,,,,,,,,,,,,,,0
181055,1,176679,Furia neopyralidarum,"",eukaryota,false,,,,0.01973803249042,2,,,92.0685,101.0,10^-45.4011,,,,,,,,,,,,,,,,,,0
176680,1,176679,Furia ithacensis,"",eukaryota,false,,,,0.02960704873563,3,,,92.9527,99.3333,10^-45.6371,,,,,,,,,,,,,,,,,,0
175693,2,175693,Andrographis,"",eukaryota,false,,,,0.00986901624521,1,,,100.0,100.0,10^-54.3258,,,,,,0.00986901624521,1,,,75.8,33.0,10^-5.50169,,,,,[175694],0
175694,1,175693,Andrographis paniculata,"",eukaryota,false,,,,0.00986901624521,1,,,100.0,100.0,10^-54.3258,,,,,,0.00986901624521,1,,,75.8,33.0,10^-5.50169,,,,,,0
174951,2,174951,Ramlibacter,"",bacteria,false,,,,0.01973803249042,2,,,100.0,89.0,10^-48.2008,,,,,,0.01973803249042,2,,,100.0,25.0,10^-6.74473,,,,,"[1917967, 94132]",0
1917967,1,174951,Ramlibacter sp.,"",bacteria,false,,,,,,,,,,,,,,,,0.01973803249042,2,,,100.0,25.0,10^-6.74473,,,,,,0
94132,1,174951,Ramlibacter tataouinensis,"",bacteria,false,,,,0.01973803249042,2,,,100.0,89.0,10^-48.2008,,,,,,,,,,,,,,,,,,0
174620,2,174620,Wyeomyia,"",eukaryota,false,,,,0.14803524367815,15,,,93.3627,73.5333,10^-30.0012,,,,,,0.6513550721838599,66,,,79.6308,30.7538,10^-6.50473,,,,,[174621],0
174621,1,174620,Wyeomyia smithii,pitcher-plant mosquito,eukaryota,false,,,,0.14803524367815,15,,,93.3627,73.5333,10^-30.0012,,,,,,0.6513550721838599,66,,,79.6308,30.7538,10^-6.50473,,,,,,0
173784,2,173784,Cephus,"",eukaryota,false,,,,0.00986901624521,1,,,94.872,39.0,10^-11.5051,,,,,,,,,,,,,,,,,[211228],0
211228,1,173784,Cephus cinctus,wheat stem sawfly,eukaryota,false,,,,0.00986901624521,1,,,94.872,39.0,10^-11.5051,,,,,,,,,,,,,,,,,,0
172845,2,172845,Caerostris,"",eukaryota,false,,,,,,,,,,,,,,,,0.02960704873563,3,,,84.2667,29.3333,10^-7.72476,,,,,"[1538125, 172846]",0
1538125,1,172845,Caerostris darwini,"",eukaryota,false,,,,,,,,,,,,,,,,0.00986901624521,1,,,100.0,29.0,10^-10.4685,,,,,,0
172846,1,172845,Caerostris extrusa,"",eukaryota,false,,,,,,,,,,,,,,,,0.01973803249042,2,,,76.4,29.5,10^-6.35288,,,,,,0
171968,2,171968,Carnegiea,"",eukaryota,false,,,,,,,,,,,,,,,,0.01973803249042,2,,,90.9,33.0,10^-12.4698,,,,,[171969],0
171969,1,171968,Carnegiea gigantea,"",eukaryota,false,,,,,,,,,,,,,,,,0.01973803249042,2,,,90.9,33.0,10^-12.4698,,,,,,0
171413,2,171413,Dolosicoccus,"",bacteria,false,,,,,,,,,,,,,,,,0.00986901624521,1,,,90.0,30.0,10^-11.4191,,,,,[84521],0
84521,1,171413,Dolosicoccus paucivorans,"",bacteria,false,,,,,,,,,,,,,,,,0.00986901624521,1,,,90.0,30.0,10^-11.4191,,,,,,0
169466,2,169466,Coelopa,"",eukaryota,false,,,,0.01973803249042,2,,,100.0,40.0,10^-14.925,,,,,,,,,,,,,,,,,[169500],0
169500,1,169466,Coelopa pilipes,"",eukaryota,false,,,,0.01973803249042,2,,,100.0,40.0,10^-14.925,,,,,,,,,,,,,,,,,,0
169133,2,169133,Citricoccus,"",bacteria,false,,,,0.01973803249042,2,,,89.159,91.0,10^-35.8404,,,,,,0.01973803249042,2,,,86.15,32.5,10^-9.45211,,,,,"[2653135, 2567881, 169134]",0
2653135,1,169133,Citricoccus sp. K5,"",bacteria,false,,,,,,,,,,,,,,,,0.00986901624521,1,,,84.4,32.0,10^-8.4908,,,,,,0
2567881,1,169133,Citricoccus sp. SGAir0253,"",bacteria,false,,,,0.00986901624521,1,,,86.458,96.0,10^-35.1304,,,,,,,,,,,,,,,,,,0
169134,1,169133,Citricoccus muralis,"",bacteria,false,,,,0.00986901624521,1,,,91.86,86.0,10^-36.5505,,,,,,0.00986901624521,1,,,87.9,33.0,10^-10.4134,,,,,,0
168694,2,168694,Salinispora,"",bacteria,false,,,,,,,,,,,,,,,,0.01973803249042,2,,,97.0,33.0,10^-9.56543,,,,,[1305843],0
1305843,1,168694,Salinispora cortesiana,"",bacteria,false,,,,,,,,,,,,,,,,0.01973803249042,2,,,97.0,33.0,10^-9.56543,,,,,,0
168470,2,168470,Laribacter,"",bacteria,false,,,,0.01973803249042,2,,,98.02,101.0,10^-53.6353,,,,,,,,,,,,,,,,,[168471],0
168471,1,168470,Laribacter hongkongensis,"",bacteria,false,,,,0.01973803249042,2,,,98.02,101.0,10^-53.6353,,,,,,,,,,,,,,,,,,0
167375,2,167375,Cyanobium,"",bacteria,false,,,,0.00986901624521,1,,,94.737,38.0,10^-10.8302,,,,,,,,,,,,,,,,,[2831057],0
2831057,1,167375,Cyanobium sp. M30B3,"",bacteria,false,,,,0.00986901624521,1,,,94.737,38.0,10^-10.8302,,,,,,,,,,,,,,,,,,0
166331,2,166331,Onthophagus,"",eukaryota,false,,,,,,,,,,,,,,,,0.00986901624521,1,,,97.0,33.0,10^-11.4841,,,,,[166361],0
166361,1,166331,Onthophagus taurus,"",eukaryota,false,,,,,,,,,,,,,,,,0.00986901624521,1,,,97.0,33.0,10^-11.4841,,,,,,0
166009,2,166009,Ditylenchus,"",eukaryota,false,,,,,,,,,,,,,,,,0.04934508122605,5,,,80.46,31.0,10^-7.38601,,,,,[166010],0
166010,1,166009,Ditylenchus destructor,"",eukaryota,false,,,,,,,,,,,,,,,,0.04934508122605,5,,,80.46,31.0,10^-7.38601,,,,,,0
165779,2,165779,Anaerococcus,"",bacteria,false,,,,0.8092593321072199,82,,,96.5801,92.8889,10^-46.449,,,,,,0.5724029422221799,58,,,96.4,31.0517,10^-10.0897,,,,,"[3036300, 2972769, 2954485, 2661917, 2614127, 2057799, 2057797, 2042308, 1872515, 1870984, 1755241, 1745712, 1739537, 1673719, 1465826, 1399393, 1288120, 1287640, 938293, 938291, 293428, 33037, 33036, 33034, 33029]",1
3036300,1,165779,Anaerococcus sp. Marseille-Q7828,"",bacteria,false,,,,0.30593950360150995,31,,,96.3914,94.3548,10^-47.0269,,,,,,0.02960704873563,3,,,99.0,26.3333,10^-8.29947,,,,,,0
2972769,1,165779,Anaerococcus sp. Marseille-Q5996,"",bacteria,false,,,,,,,,,,,,,,,,0.00986901624521,1,,,84.8,33.0,10^-10.9101,,,,,,0
2954485,1,165779,Anaerococcus sp. NML200537,"",bacteria,false,,,,,,,,,,,,,,,,0.00986901624521,1,,,96.9,32.0,10^-11.6289,,,,,,0
2661917,1,165779,Anaerococcus sp. mt242,"",bacteria,false,,,,,,,,,,,,,,,,0.01973803249042,2,,,92.4,33.0,10^-11.2509,,,,,,0
2614127,1,165779,Anaerococcus sp. Marseille-P9784,"",bacteria,false,,,,,,,,,,,,,,,,0.01973803249042,2,,,100.0,27.0,10^-7.99568,,,,,,0
2057799,1,165779,Anaerococcus sp. Marseille-P3915,"",bacteria,false,,,,,,,,,,,,,,,,0.00986901624521,1,,,100.0,31.0,10^-11.6289,,,,,,0
2057797,1,165779,Anaerococcus marasmi,"",bacteria,false,,,,,,,,,,,,,,,,0.04934508122605,5,,,99.38,32.8,10^-11.221,,,,,,0
2042308,1,165779,Anaerococcus vaginimassiliensis,"",bacteria,false,,,,,,,,,,,,,,,,0.00986901624521,1,,,87.9,33.0,10^-6.30803,,,,,,0
1872515,1,165779,Anaerococcus sp.,"",bacteria,false,,,,,,,,,,,,,,,,0.04934508122605,5,,,99.38,32.8,10^-11.0232,,,,,,0
1870984,1,165779,Anaerococcus mediterraneensis,"",bacteria,false,,,,0.00986901624521,1,,,90.323,93.0,10^-38.5751,,,,,,,,,,,,,,,,,,0
1755241,1,165779,Anaerococcus nagyae,"",bacteria,false,,,,,,,,,,,,,,,,0.01973803249042,2,,,100.0,26.0,10^-7.12901,,,,,,0
1745712,1,165779,Anaerococcus urinomassiliensis,"",bacteria,false,,,,,,,,,,,,,,,,0.02960704873563,3,,,99.0,32.3333,10^-12.3564,,,,,,0
1739537,1,165779,Anaerococcus sp. HMSC075B03,"",bacteria,false,,,,,,,,,,,,,,,,0.00986901624521,1,,,96.4,28.0,10^-9.85078,,,,,,0
1673719,1,165779,Anaerococcus jeddahensis,"",bacteria,false,,,,,,,,,,,,,,,,0.00986901624521,1,,,100.0,33.0,10^-11.3344,,,,,,0
1465826,1,165779,Anaerococcus pacaensis,"",bacteria,false,,,,0.00986901624521,1,,,98.765,81.0,10^-41.3798,,,,,,,,,,,,,,,,,,0
1399393,1,165779,Anaerococcus sp. SJ-2013,"",bacteria,false,,,,0.01973803249042,2,,,99.3825,79.5,10^-41.0449,,,,,,,,,,,,,,,,,,0
1288120,1,165779,Anaerococcus senegalensis,"",bacteria,false,,,,0.00986901624521,1,,,100.0,99.0,10^-55.0164,,,,,,0.01973803249042,2,,,96.9,32.0,10^-11.0115,,,,,,0
1287640,1,165779,Anaerococcus obesiensis,"",bacteria,false,,,,0.10855917869731,11,,,97.6387,99.2727,10^-51.959,,,,,,,,,,,,,,,,,,0
938293,1,165779,Anaerococcus provencensis,"",bacteria,false,,,,,,,,,,,,,,,,0.01973803249042,2,,,100.0,33.0,10^-10.853,,,,,,0
938291,1,165779,Anaerococcus sp. 8405254,"",bacteria,false,,,,0.00986901624521,1,,,100.0,78.0,10^-40.71,,,,,,,,,,,,,,,,,,0
293428,1,165779,uncultured Anaerococcus sp.,"",bacteria,false,,,,,,,,,,,,,,,,0.03947606498084,4,,,93.05,32.25,10^-10.3805,,,,,,0
33037,1,165779,Anaerococcus vaginalis,"",bacteria,false,,,,0.07895212996168,8,,,95.5046,82.0,10^-38.2951,,,,,,0.01973803249042,2,,,96.95,32.5,10^-7.13566,,,,,,0
33036,1,165779,Anaerococcus tetradius,"",bacteria,false,,,,,,,,,,,,,,,,0.04934508122605,5,,,88.52,31.2,10^-9.78786,,,,,,0
33034,1,165779,Anaerococcus prevotii,"",bacteria,false,,,,0.25659442237546,26,,,96.3576,93.64,10^-46.7542,,,,,,0.01973803249042,2,,,96.95,32.5,10^-8.78337,,,,,,1
33029,1,165779,Anaerococcus hydrogenalis,"",bacteria,false,,,,,,,,,,,,,,,,0.12829721118773,13,,,96.6308,30.0,10^-10.1209,,,,,,0
165697,2,165697,Sphingopyxis,"",bacteria,false,,,,0.04934508122605,5,,,98.394,100.0,10^-53.5024,,,,,,0.01973803249042,2,,,100.0,31.0,10^-10.8268,,,,,"[1908224, 267128, 33050]",0
1908224,1,165697,Sphingopyxis sp.,"",bacteria,false,,,,,,,,,,,,,,,,0.01973803249042,2,,,100.0,31.0,10^-10.8268,,,,,,0
267128,1,165697,Sphingopyxis granuli,"",bacteria,false,,,,0.02960704873563,3,,,99.3333,100.333,10^-55.0106,,,,,,,,,,,,,,,,,,0
33050,1,165697,Sphingopyxis macrogoltabida,"",bacteria,false,,,,0.01973803249042,2,,,96.985,99.5,10^-51.2402,,,,,,,,,,,,,,,,,,0
165696,2,165696,Novosphingobium,"",bacteria,false,,,,0.06908311371647,7,1,4,96.1413,155.857,10^-69.8789,,,,,,0.08882114620689,9,,,88.8778,29.2222,10^-8.30846,,,,,"[2791981, 1938756, 1882221, 1770194, 1609758, 1176536, 702113, 292277, 164608]",0
2791981,1,165696,Novosphingobium jiangmenense,"",bacteria,false,,,,,,,,,,,,,,,,0.00986901624521,1,,,100.0,28.0,10^-7.91009,,,,,,0
1938756,1,165696,Novosphingobium sp. B1,"",bacteria,false,,,,,,,,,,,,,,,,0.00986901624521,1,,,100.0,28.0,10^-7.91009,,,,,,0
1882221,1,165696,Novosphingobium sp. PY1,"",bacteria,false,,,,,,,,,,,,,,,,0.00986901624521,1,,,84.8,33.0,10^-11.3788,,,,,,0
1770194,1,165696,Novosphingobium pokkalii,"",bacteria,false,,,,,,,,,,,,,,,,0.01973803249042,2,,,77.8,27.0,10^-5.45717,,,,,,0
1609758,1,165696,Novosphingobium sp. P6W,"",bacteria,false,,,,0.01973803249042,2,,,93.8595,57.0,10^-21.6331,,,,,,,,,,,,,,,,,,0
1176536,1,165696,Novosphingobium ginsenosidimutans,"",bacteria,false,,,,0.03947606498084,4,1,4,97.345,226.0,10^-103.174,,,,,,,,,,,,,,,,,,0
702113,1,165696,Novosphingobium sp. PP1Y,"",bacteria,false,,,,,,,,,,,,,,,,0.02960704873563,3,,,86.5,29.0,10^-9.34945,,,,,,0
292277,1,165696,uncultured Novosphingobium sp.,"",bacteria,false,,,,,,,,,,,,,,,,0.00986901624521,1,,,100.0,33.0,10^-8.61439,,,,,,0
164608,1,165696,Novosphingobium sp. KA1,"",bacteria,false,,,,0.00986901624521,1,,,95.89,73.0,10^-33.1908,,,,,,,,,,,,,,,,,,0
165695,2,165695,Sphingobium,"",bacteria,false,,,,0.11842819494252,12,,,98.7154,94.3333,10^-50.1285,,,,,,,,,,,,,,,,,"[332055, 121428, 46429, 13690]",0
332055,1,165695,Sphingobium indicum,"",bacteria,false,,,,0.00986901624521,1,,,100.0,101.0,10^-56.3801,,,,,,,,,,,,,,,,,,0
121428,1,165695,Sphingobium xenophagum,"",bacteria,false,,,,0.02960704873563,3,,,95.9183,99.6667,10^-49.9815,,,,,,,,,,,,,,,,,,0
46429,1,165695,Sphingobium chlorophenolicum,"",bacteria,false,,,,0.01973803249042,2,,,99.01,101.0,10^-55.0077,,,,,,,,,,,,,,,,,,0
13690,1,165695,Sphingobium yanoikuyae,"",bacteria,false,,,,0.05921409747126,6,,,99.8017,88.3333,10^-47.5337,,,,,,,,,,,,,,,,,,0
165440,2,165440,Dioszegia,"",eukaryota,false,,,,0.00986901624521,1,,,99.01,101.0,10^-55.0077,,,,,,,,,,,,,,,,,[4972],0
4972,1,165440,Dioszegia hungarica,"",eukaryota,false,,,,0.00986901624521,1,,,99.01,101.0,10^-55.0077,,,,,,,,,,,,,,,,,,0
165301,2,165301,Lentzea,"",bacteria,false,,,,,,,,,,,,,,,,0.02960704873563,3,,,74.4333,31.3333,10^-6.67975,,,,,[3032201],0
3032201,1,165301,Lentzea sp. NBRC 102530,"",bacteria,false,,,,,,,,,,,,,,,,0.02960704873563,3,,,74.4333,31.3333,10^-6.67975,,,,,,0
163798,2,163798,Holwaya,"",eukaryota,false,,,,0.00986901624521,1,,,100.0,101.0,10^-56.3801,,,,,,,,,,,,,,,,,[163799],0
163799,1,163798,Holwaya mucida,"",eukaryota,false,,,,0.00986901624521,1,,,100.0,101.0,10^-56.3801,,,,,,,,,,,,,,,,,,0
162289,2,162289,Peptoniphilus,"",bacteria,false,,,,0.63161703969344,64,2,14,98.5162,126.484,10^-64.6262,,,,,,0.1973803249042,20,,,98.52,31.05,10^-9.64521,,,,,"[2582829, 755172, 254354, 54006, 54005]",0
2582829,1,162289,Peptoniphilus nemausensis,"",bacteria,false,,,,,,,,,,,,,,,,0.01973803249042,2,,,100.0,32.5,10^-12.4356,,,,,,0
755172,1,162289,Peptoniphilus coxii,"",bacteria,false,,,,,,,,,,,,,,,,0.01973803249042,2,,,91.35,23.0,10^-3.73212,,,,,,0
254354,1,162289,uncultured Peptoniphilus sp.,"",bacteria,false,,,,0.00986901624521,1,,,100.0,101.0,10^-56.3801,,,,,,0.02960704873563,3,,,100.0,32.6667,10^-11.5307,,,,,,0
54006,1,162289,Peptoniphilus ivorii,"",bacteria,false,,,,0.05921409747126,6,,,95.4323,95.8333,10^-47.1409,,,,,,,,,,,,,,,,,,0
54005,1,162289,Peptoniphilus harei,"",bacteria,false,,,,0.5625339259769699,57,2,14,98.8147,130.158,10^-66.6114,,,,,,0.12829721118773,13,,,99.0538,31.6923,10^-9.6905,,,,,,0
161109,2,161109,Wolffia,"",eukaryota,false,,,,0.00986901624521,1,,,100.0,101.0,10^-56.3801,,,,,,,,,,,,,,,,,[161112],0
161112,1,161109,Wolffia australiana,"",eukaryota,false,,,,0.00986901624521,1,,,100.0,101.0,10^-56.3801,,,,,,,,,,,,,,,,,,0
160674,2,160674,Raoultella,"",bacteria,false,,,,0.28620147111108996,29,,,99.7643,97.0,10^-53.3227,,,,,,,,,,,,,,,,,"[1873496, 54291, 575]",0
1873496,1,160674,Raoultella sp.,"",bacteria,false,,,,0.01973803249042,2,,,100.0,101.0,10^-56.3801,,,,,,,,,,,,,,,,,,0
54291,1,160674,Raoultella ornithinolytica,"",bacteria,false,,,,0.04934508122605,5,,,99.116,92.8,10^-49.6943,,,,,,,,,,,,,,,,,,0
575,1,160674,Raoultella planticola,"",bacteria,false,,,,0.21711835739462,22,,,99.8902,97.5909,10^-53.8694,,,,,,,,,,,,,,,,,,0
159719,2,159719,Fuligo,"",eukaryota,false,,,,0.01973803249042,2,,,96.51,100.5,10^-51.2358,,,,,,,,,,,,,,,,,[159720],0
159720,1,159719,Fuligo septica,"",eukaryota,false,,,,0.01973803249042,2,,,96.51,100.5,10^-51.2358,,,,,,,,,,,,,,,,,,0
159191,2,159191,Nodularia,"",bacteria,false,,,,0.00986901624521,1,,,100.0,101.0,10^-56.3801,,,,,,,,,,,,,,,,,[70799],0
70799,1,159191,Nodularia spumigena,"",bacteria,false,,,,0.00986901624521,1,,,100.0,101.0,10^-56.3801,,,,,,,,,,,,,,,,,,0
158876,2,158876,Yokenella,"",bacteria,false,,,,,,,,,,,,,,,,0.10855917869731,11,,,95.6909,30.4545,10^-11.1593,,,,,[158877],0
158877,1,158876,Yokenella regensburgei,"",bacteria,false,,,,,,,,,,,,,,,,0.10855917869731,11,,,95.6909,30.4545,10^-11.1593,,,,,,0
158851,2,158851,Trabulsiella,"",bacteria,false,,,,0.00986901624521,1,,,92.632,95.0,10^-42.683,,,,,,,,,,,,,,,,,[379893],0
379893,1,158851,Trabulsiella odontotermitis,"",bacteria,false,,,,0.00986901624521,1,,,92.632,95.0,10^-42.683,,,,,,,,,,,,,,,,,,0
158848,2,158848,Moellerella,"",bacteria,false,,,,0.07895212996168,8,,,100.0,99.0,10^-55.0165,,,,,,,,,,,,,,,,,[158849],0
158849,1,158848,Moellerella wisconsensis,"",bacteria,false,,,,0.07895212996168,8,,,100.0,99.0,10^-55.0165,,,,,,,,,,,,,,,,,,0
158846,2,158846,Megamonas,"",bacteria,false,,,,0.07895212996168,8,,,97.6562,74.25,10^-35.5978,,,,,,0.01973803249042,2,,,97.0,33.0,10^-11.4403,,,,,"[491921, 437897, 158847]",0
491921,1,158846,Megamonas rupellensis,"",bacteria,false,,,,,,,,,,,,,,,,0.01973803249042,2,,,97.0,33.0,10^-11.4403,,,,,,0
437897,1,158846,Megamonas funiformis,"",bacteria,false,,,,0.06908311371647,7,,,97.3214,70.4286,10^-32.6289,,,,,,,,,,,,,,,,,,0
158847,1,158846,Megamonas hypermegale,"",bacteria,false,,,,0.00986901624521,1,,,100.0,101.0,10^-56.3801,,,,,,,,,,,,,,,,,,0
158483,2,158483,Cedecea,"",bacteria,false,,,,0.03947606498084,4,,,99.505,98.0,10^-53.6491,,,,,,,,,,,,,,,,,[158822],0
158822,1,158483,Cedecea neteri,"",bacteria,false,,,,0.03947606498084,4,,,99.505,98.0,10^-53.6491,,,,,,,,,,,,,,,,,,0
158378,2,158378,Ascogregarina,"",eukaryota,false,,,,2.9705738898082097,301,5,295,97.6241,428.724,10^-260.415,,,,,,,,,,,,,,,,,"[247478, 158379]",0
247478,1,158378,Ascogregarina culicis,"",eukaryota,false,,,,0.6513550721838599,66,2,66,99.8231,237.121,10^-118.631,,,,,,,,,,,,,,,,,,0
158379,1,158378,Ascogregarina taiwanensis,"",eukaryota,false,,,,2.31921881762435,235,3,229,96.9959,483.468,10^-300.925,,,,,,,,,,,,,,,,,,0
157920,2,157920,Cellulosimicrobium,"",bacteria,false,,,,0.00986901624521,1,,,100.0,99.0,10^-55.0164,,,,,,0.01973803249042,2,,,93.5,31.0,10^-9.74958,,,,,[1710],0
1710,1,157920,Cellulosimicrobium cellulans,"",bacteria,false,,,,0.00986901624521,1,,,100.0,99.0,10^-55.0164,,,,,,0.01973803249042,2,,,93.5,31.0,10^-9.74958,,,,,,0
156993,2,156993,Reichenbachiella,"",bacteria,false,,,,0.01973803249042,2,,,92.744,56.0,10^-20.2718,,,,,,,,,,,,,,,,,[2979869],0
2979869,1,156993,Reichenbachiella carrageenanivorans,"",bacteria,false,,,,0.01973803249042,2,,,92.744,56.0,10^-20.2718,,,,,,,,,,,,,,,,,,0
155493,2,155493,Gallibacterium,"",bacteria,false,,,,0.00986901624521,1,,,96.471,85.0,10^-41.3589,,,,,,0.00986901624521,1,,,78.8,33.0,10^-7.0804,,,,,[750],0
750,1,155493,Gallibacterium anatis,"",bacteria,false,,,,0.00986901624521,1,,,96.471,85.0,10^-41.3589,,,,,,0.00986901624521,1,,,78.8,33.0,10^-7.0804,,,,,,0
154116,2,154116,Georgenia,"",bacteria,false,,,,0.01973803249042,2,,,89.014,62.5,10^-20.5661,,,,,,0.00986901624521,1,,,100.0,32.0,10^-10.3002,,,,,"[2589797, 2483799, 860221]",0
2589797,1,154116,Georgenia yuyongxinii,"",bacteria,false,,,,0.00986901624521,1,,,86.957,69.0,10^-22.2363,,,,,,,,,,,,,,,,,,0
2483799,1,154116,Georgenia faecalis,"",bacteria,false,,,,0.00986901624521,1,,,91.071,56.0,10^-18.896,,,,,,,,,,,,,,,,,,0
860221,1,154116,Georgenia satyanarayanai,"",bacteria,false,,,,,,,,,,,,,,,,0.00986901624521,1,,,100.0,32.0,10^-10.3002,,,,,,0
153497,2,153497,Kozakia,"",bacteria,false,,,,0.03947606498084,4,,,100.0,94.75,10^-52.1199,,,,,,0.03947606498084,4,,,99.25,31.5,10^-13.0461,,,,,[153496],0
153496,1,153497,Kozakia baliensis,"",bacteria,false,,,,0.03947606498084,4,,,100.0,94.75,10^-52.1199,,,,,,0.03947606498084,4,,,99.25,31.5,10^-13.0461,,,,,,0
153232,2,153232,Oceanicaulis,"",bacteria,false,,,,,,,,,,,,,,,,0.01973803249042,2,,,90.75,32.5,10^-9.65527,,,,,[2653159],0
2653159,1,153232,Oceanicaulis sp. 350,"",bacteria,false,,,,,,,,,,,,,,,,0.01973803249042,2,,,90.75,32.5,10^-9.65527,,,,,,0
153220,2,153220,Contarinia,"",eukaryota,false,,,,,,,,,,,,,,,,0.02960704873563,3,,,100.0,29.0,10^-10.5519,,,,,[265458],0
265458,1,153220,Contarinia nasturtii,swede midge,eukaryota,false,,,,,,,,,,,,,,,,0.02960704873563,3,,,100.0,29.0,10^-10.5519,,,,,,0
153057,2,153057,Alpharetrovirus,"",viruses,false,,,,0.23685638988504,24,,,99.3654,96.9167,10^-52.625,,,,,,0.1973803249042,20,,,97.495,31.85,10^-11.7281,,,,,"[11886, 11864]",0
11886,1,153057,Rous sarcoma virus,"",viruses,false,,,,,,,,,,,,,,,,0.00986901624521,1,,,100.0,33.0,10^-12.9172,,,,,,0
11864,1,153057,Avian leukosis virus,"",viruses,false,,,,0.23685638988504,24,,,99.3654,96.9167,10^-52.625,,,,,,0.18751130865899,19,,,97.3632,31.7895,10^-11.6655,,,,,,0
152267,2,152267,Pigmentiphaga,"",bacteria,false,,,,0.01973803249042,2,,,93.506,77.0,10^-33.1676,,,,,,,,,,,,,,,,,[1940612],0
1940612,1,152267,Pigmentiphaga aceris,"",bacteria,false,,,,0.01973803249042,2,,,93.506,77.0,10^-33.1676,,,,,,,,,,,,,,,,,,0
152161,2,152161,Stappia,"",bacteria,false,,,,0.00986901624521,1,,,90.099,101.0,10^-42.6564,,,,,,,,,,,,,,,,,[538381],0
538381,1,152161,Stappia indica,"",bacteria,false,,,,0.00986901624521,1,,,90.099,101.0,10^-42.6564,,,,,,,,,,,,,,,,,,0
151548,2,151548,Eumeta,"",eukaryota,false,,,,,,,,,,,,,,,,0.05921409747126,6,,,91.8333,28.0,10^-9.73912,,,,,[151549],0
151549,1,151548,Eumeta japonica,"",eukaryota,false,,,,,,,,,,,,,,,,0.05921409747126,6,,,91.8333,28.0,10^-9.73912,,,,,,0
150350,2,150350,Neozygites,"",eukaryota,false,,,,0.01973803249042,2,,,93.617,47.0,10^-15.5412,,,,,,,,,,,,,,,,,"[1736660, 1597916]",0
1736660,1,150350,Neozygites sp. XZ-2015,"",eukaryota,false,,,,0.00986901624521,1,,,93.617,47.0,10^-15.5412,,,,,,,,,,,,,,,,,,0
1597916,1,150350,Neozygites sp. N51,"",eukaryota,false,,,,0.00986901624521,1,,,93.617,47.0,10^-15.5412,,,,,,,,,,,,,,,,,,0
150247,2,150247,Anoxybacillus,"",bacteria,false,,,,,,,,,,,,,,,,0.02960704873563,3,,,71.3667,30.3333,10^-4.27163,,,,,[1872573],0
1872573,1,150247,Anoxybacillus sp.,"",bacteria,false,,,,,,,,,,,,,,,,0.02960704873563,3,,,71.3667,30.3333,10^-4.27163,,,,,,0
150203,2,150203,Blastomonas,"",bacteria,false,,,,0.00986901624521,1,,,93.258,89.0,10^-39.9665,,,,,,,,,,,,,,,,,[575414],0
575414,1,150203,uncultured Blastomonas sp.,"",bacteria,false,,,,0.00986901624521,1,,,93.258,89.0,10^-39.9665,,,,,,,,,,,,,,,,,,0
150022,2,150022,Finegoldia,"",bacteria,false,,,,0.8783424458236899,89,5,35,98.0357,148.885,10^-73.0413,,,,,,0.50331982850571,51,2,13,99.1508,34.6863,10^-14.4721,,,,,"[2584649, 328009, 1260]",1
2584649,1,150022,Finegoldia sp. BIOML-A1,"",bacteria,false,,,,,,,,,,,,,,,,0.00986901624521,1,,,100.0,25.0,10^-6.88941,,,,,,0
328009,1,150022,uncultured Finegoldia sp.,"",bacteria,false,,,,,,,,,,,,,,,,0.05921409747126,6,,,100.0,30.8333,10^-10.0338,,,,,,0
1260,1,150022,Finegoldia magna,"",bacteria,false,,,,0.8783424458236899,89,5,35,98.0357,148.885,10^-73.0413,,,,,,0.43423671478924,44,2,13,99.0157,35.4318,10^-15.2497,,,,,,1
149698,2,149698,Massilia,"",bacteria,false,,,,0.44410573103444995,45,1,13,97.152,130.467,10^-63.9207,,,,,,0.10855917869731,11,,,94.8455,30.8182,10^-10.7763,,,,,"[2970464, 2919578, 2895567, 2861282, 2769491, 2728020, 2709303, 2045208, 1882437, 1707785, 1678028, 1603353, 1593482, 1337838, 945844, 373040, 47229]",0
2970464,1,149698,Massilia sp. H6,"",bacteria,false,,,,0.00986901624521,1,,,100.0,89.0,10^-48.2008,,,,,,,,,,,,,,,,,,0
2919578,1,149698,Massilia sp. MB5,"",bacteria,false,,,,0.01973803249042,2,,,99.074,77.0,10^-39.3636,,,,,,,,,,,,,,,,,,0
2895567,1,149698,Massilia sp. B-10,"",bacteria,false,,,,0.00986901624521,1,,,85.714,77.0,10^-24.9334,,,,,,,,,,,,,,,,,,0
2861282,1,149698,Massilia sp. NP310,"",bacteria,false,,,,0.06908311371647,7,,,97.0784,80.1429,10^-38.8478,,,,,,,,,,,,,,,,,,0
2769491,1,149698,Massilia litorea,"",bacteria,false,,,,0.03947606498084,4,,,98.408,89.5,10^-46.8307,,,,,,,,,,,,,,,,,,0
2728020,1,149698,Massilia forsythiae,"",bacteria,false,,,,0.01973803249042,2,,,99.505,100.5,10^-55.3529,,,,,,,,,,,,,,,,,,0
2709303,1,149698,Massilia sp. Se16.2.3,"",bacteria,false,,,,0.02960704873563,3,,,92.8983,89.0,10^-39.0535,,,,,,,,,,,,,,,,,,0
2045208,1,149698,Massilia violaceinigra,"",bacteria,false,,,,0.00986901624521,1,,,96.04,101.0,10^-50.8906,,,,,,,,,,,,,,,,,,0
1882437,1,149698,Massilia sp.,"",bacteria,false,,,,,,,,,,,,,,,,0.05921409747126,6,,,90.55,32.1667,10^-10.4745,,,,,,0
1707785,1,149698,Massilia sp. WG5,"",bacteria,false,,,,0.01973803249042,2,,,94.4415,90.0,10^-42.7097,,,,,,,,,,,,,,,,,,0
1678028,1,149698,Massilia sp. NR 4-1,"",bacteria,false,,,,0.00986901624521,1,,,100.0,101.0,10^-56.3801,,,,,,,,,,,,,,,,,,0
1603353,1,149698,Massilia psychrophila,"",bacteria,false,,,,,,,,,,,,,,,,0.01973803249042,2,,,100.0,24.0,10^-8.44977,,,,,,0
1593482,1,149698,Massilia sp. YMA4,"",bacteria,false,,,,0.00986901624521,1,,,100.0,101.0,10^-56.3801,,,,,,,,,,,,,,,,,,0
1337838,1,149698,Massilia sp. UMI-21,"",bacteria,false,,,,0.03947606498084,4,,,95.811,95.5,10^-47.1409,,,,,,,,,,,,,,,,,,0
945844,1,149698,Massilia oculi,"",bacteria,false,,,,0.15790425992336,16,1,13,98.0578,206.188,10^-99.9883,,,,,,0.00986901624521,1,,,100.0,33.0,10^-13.466,,,,,,0
373040,1,149698,Massilia aurea,"",bacteria,false,,,,,,,,,,,,,,,,0.00986901624521,1,,,100.0,32.0,10^-12.2328,,,,,,0
47229,1,149698,Massilia timonae,"",bacteria,false,,,,,,,,,,,,,,,,0.00986901624521,1,,,100.0,33.0,10^-13.0937,,,,,,0
149459,2,149459,Mansonia,"",eukaryota,false,,,,0.00986901624521,1,,,100.0,78.0,10^-40.71,,,,,,,,,,,,,,,,,[2046962],0
2046962,1,149459,Mansonia sp. (in: mosquitos),"",eukaryota,false,,,,0.00986901624521,1,,,100.0,78.0,10^-40.71,,,,,,,,,,,,,,,,,,0
148959,2,148959,Wallemia,"",eukaryota,false,,,,1.5790425992336,160,4,71,99.3877,151.419,10^-75.9545,,,,,,1.3816622743293998,140,2,43,99.3575,38.4776,10^-19.5435,,,,,"[1708541, 245175, 245174, 148960]",0
1708541,1,148959,Wallemia mellicola,"",eukaryota,false,,,,0.42436769854402995,43,,,99.4779,91.375,10^-49.2762,,,,,,1.3717932580841898,139,2,43,99.3526,38.5188,10^-19.5991,,,,,,0
245175,1,148959,Wallemia muriae,"",eukaryota,false,,,,0.0986901624521,10,,,99.6958,91.3,10^-49.3597,,,,,,,,,,,,,,,,,,0
245174,1,148959,Wallemia ichthyophaga,"",eukaryota,false,,,,,,,,,,,,,,,,0.00986901624521,1,,,100.0,33.0,10^-12.1445,,,,,,0
148960,1,148959,Wallemia sebi,"",eukaryota,false,,,,1.0559847382374699,107,4,71,99.324,180.019,10^-88.6505,,,,,,,,,,,,,,,,,,0
147557,2,147557,Byssothecium,"",eukaryota,false,,,,,,,,,,,,,,,,0.04934508122605,5,,,87.96,30.4,10^-8.84053,,,,,[147558],0
147558,1,147557,Byssothecium circinans,"",eukaryota,false,,,,,,,,,,,,,,,,0.04934508122605,5,,,87.96,30.4,10^-8.84053,,,,,,0
144516,2,144516,Microsporidium,"",eukaryota,false,,,,0.03947606498084,4,,,95.3512,43.25,10^-14.3776,,,,,,,,,,,,,,,,,"[478972, 478969, 478968, 478967]",0
478972,1,144516,Microsporidium sp. Ripley Pond I,"",eukaryota,false,,,,0.00986901624521,1,,,94.737,38.0,10^-10.8302,,,,,,,,,,,,,,,,,,0
478969,1,144516,Microsporidium sp. Angskars-klubben 126,"",eukaryota,false,,,,0.00986901624521,1,,,95.556,45.0,10^-15.5601,,,,,,,,,,,,,,,,,,0
478968,1,144516,Microsporidium sp. Angskars-klubben 115/117,"",eukaryota,false,,,,0.00986901624521,1,,,95.556,45.0,10^-15.5601,,,,,,,,,,,,,,,,,,0
478967,1,144516,Microsporidium sp. Angskar 21,"",eukaryota,false,,,,0.00986901624521,1,,,95.556,45.0,10^-15.5601,,,,,,,,,,,,,,,,,,0
144405,2,144405,Microctonus,"",eukaryota,false,,,,,,,,,,,,,,,,0.00986901624521,1,,,100.0,33.0,10^-13.4045,,,,,[144406],0
144406,1,144405,Microctonus aethiopoides,"",eukaryota,false,,,,,,,,,,,,,,,,0.00986901624521,1,,,100.0,33.0,10^-13.4045,,,,,,0
143959,2,143959,Coelomomyces,"",eukaryota,false,,,,0.01973803249042,2,,,88.107,92.5,10^-35.4914,,,,,,0.01973803249042,2,,,100.0,32.5,10^-13.6114,,,,,"[945690, 143960]",0
945690,1,143959,Coelomomyces lativittatus,"",eukaryota,false,,,,,,,,,,,,,,,,0.01973803249042,2,,,100.0,32.5,10^-13.6114,,,,,,0
143960,1,143959,Coelomomyces stegomyiae,"",eukaryota,false,,,,0.01973803249042,2,,,88.107,92.5,10^-35.4914,,,,,,,,,,,,,,,,,,0
143949,2,143949,Sipha,"",eukaryota,false,,,,,,,,,,,,,,,,0.01973803249042,2,,,95.5,22.0,10^-6.75696,,,,,[143950],0
143950,1,143949,Sipha flava,yellow sugarcane aphid,eukaryota,false,,,,,,,,,,,,,,,,0.01973803249042,2,,,95.5,22.0,10^-6.75696,,,,,,0
143767,2,143767,Isoperla,"",eukaryota,false,,,,0.00986901624521,1,,,94.444,36.0,10^-9.48129,,,,,,,,,,,,,,,,,[552050],0
552050,1,143767,Isoperla grammatica,"",eukaryota,false,,,,0.00986901624521,1,,,94.444,36.0,10^-9.48129,,,,,,,,,,,,,,,,,,0
143731,2,143731,Brachyptera,"",eukaryota,false,,,,0.00986901624521,1,,,88.889,45.0,10^-11.4429,,,,,,,,,,,,,,,,,[2065413],0
2065413,1,143731,Brachyptera putata,"",eukaryota,false,,,,0.00986901624521,1,,,88.889,45.0,10^-11.4429,,,,,,,,,,,,,,,,,,0
141948,2,141948,Thermomonas,"",bacteria,false,,,,0.22698737363983,23,1,21,95.4028,220.652,10^-93.5721,,,,,,,,,,,,,,,,,"[2202149, 1463158]",0
2202149,1,141948,Thermomonas aquatica,"",bacteria,false,,,,0.00986901624521,1,,,96.703,91.0,10^-45.4464,,,,,,,,,,,,,,,,,,0
1463158,1,141948,Thermomonas carbonis,"",bacteria,false,,,,0.21711835739462,22,1,21,95.3437,226.545,10^-95.7597,,,,,,,,,,,,,,,,,,0
140052,2,140052,Betaretrovirus,"",viruses,false,,,,,,,,,,,,,,,,0.00986901624521,1,,,69.0,29.0,10^-3.58838,,,,,[11855],0
11855,1,140052,Mason-Pfizer monkey virus,"",viruses,false,,,,,,,,,,,,,,,,0.00986901624521,1,,,69.0,29.0,10^-3.58838,,,,,,0
139475,2,139475,Homalodisca,"",eukaryota,false,,,,,,,,,,,,,,,,0.01973803249042,2,,,65.5,29.0,10^-4.75945,,,,,[197043],0
197043,1,139475,Homalodisca vitripennis,glassy-winged sharpshooter,eukaryota,false,,,,,,,,,,,,,,,,0.01973803249042,2,,,65.5,29.0,10^-4.75945,,,,,,0
139389,2,139389,Plicaturopsis,"",eukaryota,false,,,,,,,,,,,,,,,,0.24672540613024999,25,1,21,82.484,54.84,10^-25.1472,,,,,[139390],0
139390,1,139389,Plicaturopsis crispa,"",eukaryota,false,,,,,,,,,,,,,,,,0.24672540613024999,25,1,21,82.484,54.84,10^-25.1472,,,,,,0
139137,2,139137,Subulicystidium,"",eukaryota,false,,,,0.00986901624521,1,,,98.02,101.0,10^-53.6353,,,,,,,,,,,,,,,,,[139138],0
139138,1,139137,Subulicystidium longisporum,"",eukaryota,false,,,,0.00986901624521,1,,,98.02,101.0,10^-53.6353,,,,,,,,,,,,,,,,,,0
139133,2,139133,Sistotremastrum,"",eukaryota,false,,,,,,,,,,,,,,,,0.01973803249042,2,,,100.0,33.0,10^-12.3461,,,,,[139134],0
139134,1,139133,Sistotremastrum niveocremeum,"",eukaryota,false,,,,,,,,,,,,,,,,0.01973803249042,2,,,100.0,33.0,10^-12.3461,,,,,,0
139057,2,139057,Aedeomyia,"",eukaryota,false,,,,0.00986901624521,1,,,100.0,72.0,10^-36.6277,,,,,,,,,,,,,,,,,[139058],0
139058,1,139057,Aedeomyia squamipennis,"",eukaryota,false,,,,0.00986901624521,1,,,100.0,72.0,10^-36.6277,,,,,,,,,,,,,,,,,,0
139055,2,139055,Uranotaenia,"",eukaryota,false,,,,0.8586044133332699,87,1,73,84.4971,98.2262,10^-17.332,,,,,,0.71056916965512,72,,,84.95,30.875,10^-7.93403,,,,,[190385],0
190385,1,139055,Uranotaenia lowii,"",eukaryota,false,,,,0.8586044133332699,87,1,73,84.4971,98.2262,10^-17.332,,,,,,0.71056916965512,72,,,84.95,30.875,10^-7.93403,,,,,,0
138174,2,138174,Chlorosarcinopsis,"",eukaryota,false,,,,0.01973803249042,2,,,100.0,100.5,10^-56.0391,,,,,,,,,,,,,,,,,[332213],0
332213,1,138174,Chlorosarcinopsis eremi,"",eukaryota,false,,,,0.01973803249042,2,,,100.0,100.5,10^-56.0391,,,,,,,,,,,,,,,,,,0
137583,2,137583,Thalassomonas,"",bacteria,false,,,,0.01973803249042,2,,,97.5155,80.5,10^-39.6671,,,,,,,,,,,,,,,,,[485448],0
485448,1,137583,Thalassomonas haliotis,"",bacteria,false,,,,0.01973803249042,2,,,97.5155,80.5,10^-39.6671,,,,,,,,,,,,,,,,,,0
136099,2,136099,Knoellia,"",bacteria,false,,,,,,,,,,,,,,,,0.00986901624521,1,,,84.8,33.0,10^-11.0585,,,,,[913969],0
913969,1,136099,Knoellia flava,"",bacteria,false,,,,,,,,,,,,,,,,0.00986901624521,1,,,84.8,33.0,10^-11.0585,,,,,,0
135858,2,135858,Catenibacterium,"",bacteria,false,,,,0.03947606498084,4,,,100.0,66.0,10^-32.5557,,,,,,0.02960704873563,3,,,83.2333,28.6667,10^-7.11101,,,,,"[2478954, 100886]",0
2478954,1,135858,Catenibacterium sp. co_0103,"",bacteria,false,,,,0.01973803249042,2,,,100.0,54.0,10^-24.4013,,,,,,,,,,,,,,,,,,0
100886,1,135858,Catenibacterium mitsuokai,"",bacteria,false,,,,0.01973803249042,2,,,100.0,78.0,10^-40.71,,,,,,0.02960704873563,3,,,83.2333,28.6667,10^-7.11101,,,,,,0
135575,2,135575,Idiomarina,"",bacteria,false,,,,0.00986901624521,1,,,100.0,101.0,10^-56.3801,,,,,,,,,,,,,,,,,[135577],0
135577,1,135575,Idiomarina loihiensis,"",bacteria,false,,,,0.00986901624521,1,,,100.0,101.0,10^-56.3801,,,,,,,,,,,,,,,,,,0
133894,2,133894,Penaeus,"",eukaryota,false,,,,0.01973803249042,2,,,100.0,55.0,10^-25.0795,,,,,,,,,,,,,,,,,[6689],0
6689,1,133894,Penaeus vannamei,Pacific white shrimp,eukaryota,false,,,,0.01973803249042,2,,,100.0,55.0,10^-25.0795,,,,,,,,,,,,,,,,,,0
133746,2,133746,Punctularia,"",eukaryota,false,,,,,,,,,,,,,,,,0.00986901624521,1,,,90.9,33.0,10^-9.33161,,,,,[202698],0
202698,1,133746,Punctularia strigosozonata,"",eukaryota,false,,,,,,,,,,,,,,,,0.00986901624521,1,,,90.9,33.0,10^-9.33161,,,,,,0
132464,2,132464,Spatholobus,"",eukaryota,false,,,,,,,,,,,,,,,,0.01973803249042,2,,,77.75,31.5,10^-6.80799,,,,,[455371],0
455371,1,132464,Spatholobus suberectus,"",eukaryota,false,,,,,,,,,,,,,,,,0.01973803249042,2,,,77.75,31.5,10^-6.80799,,,,,,0
132116,2,132116,Megachile,"",eukaryota,false,,,,0.00986901624521,1,,,88.298,94.0,10^-36.5119,,,,,,,,,,,,,,,,,[481575],0
481575,1,132116,Megachile willughbiella,Willughby's leaf-cutter bee,eukaryota,false,,,,0.00986901624521,1,,,88.298,94.0,10^-36.5119,,,,,,,,,,,,,,,,,,0
131625,2,131625,Crepidodera,"",eukaryota,false,,,,0.00986901624521,1,,,91.176,68.0,10^-25.6735,,,,,,,,,,,,,,,,,[346762],0
346762,1,131625,Crepidodera aurea,"",eukaryota,false,,,,0.00986901624521,1,,,91.176,68.0,10^-25.6735,,,,,,,,,,,,,,,,,,0
131324,2,131324,Pseudocercospora,"",eukaryota,false,,,,0.03947606498084,4,,,90.8828,101.25,10^-43.8561,,,,,,0.01973803249042,2,,,86.15,32.5,10^-8.00735,,,,,"[1873960, 1200933, 685502, 321146]",0
1873960,1,131324,Pseudocercospora fijiensis,"",eukaryota,false,,,,0.02960704873563,3,,,88.5037,101.333,10^-40.5964,,,,,,,,,,,,,,,,,,0
1200933,1,131324,Pseudocercospora leucadendri,"",eukaryota,false,,,,0.00986901624521,1,,,98.02,101.0,10^-53.6353,,,,,,,,,,,,,,,,,,0
685502,1,131324,Pseudocercospora fuligena,"",eukaryota,false,,,,,,,,,,,,,,,,0.00986901624521,1,,,87.9,33.0,10^-8.0716,,,,,,0
321146,1,131324,Pseudocercospora eumusae,"",eukaryota,false,,,,,,,,,,,,,,,,0.00986901624521,1,,,84.4,32.0,10^-7.9431,,,,,,0
131079,2,131079,Limnobacter,"",bacteria,false,,,,0.06908311371647,7,,,96.9596,96.8571,10^-49.6347,,,,,,,,,,,,,,,,,[2732163],0
2732163,1,131079,Limnobacter sp. SAORIC-580,"",bacteria,false,,,,0.06908311371647,7,,,96.9596,96.8571,10^-49.6347,,,,,,,,,,,,,,,,,,0
129957,2,129957,Carboxydothermus,"",bacteria,false,,,,,,,,,,,,,,,,0.00986901624521,1,,,65.5,29.0,10^-3.37161,,,,,[661089],0
661089,1,129957,Carboxydothermus islandicus,"",bacteria,false,,,,,,,,,,,,,,,,0.00986901624521,1,,,65.5,29.0,10^-3.37161,,,,,,0
129337,2,129337,Geobacillus,"",bacteria,false,,,,,,,,,,,,,,,,0.04934508122605,5,,,76.82,30.8,10^-5.41825,,,,,"[1547578, 129339, 33941, 1422]",0
1547578,1,129337,Geobacillus sp. BCO2,"",bacteria,false,,,,,,,,,,,,,,,,0.00986901624521,1,,,86.7,30.0,10^-6.83863,,,,,,0
129339,1,129337,Geobacillus uzenensis,"",bacteria,false,,,,,,,,,,,,,,,,0.00986901624521,1,,,83.9,31.0,10^-7.06905,,,,,,0
33941,1,129337,Geobacillus thermoleovorans,"",bacteria,false,,,,,,,,,,,,,,,,0.00986901624521,1,,,75.8,33.0,10^-6.06854,,,,,,0
1422,1,129337,Geobacillus stearothermophilus,"",bacteria,false,,,,,,,,,,,,,,,,0.01973803249042,2,,,68.85,30.0,10^-3.55752,,,,,,0
126539,2,126539,Nestegis,"",eukaryota,false,,,,0.00986901624521,1,,,100.0,100.0,10^-55.6982,,,,,,,,,,,,,,,,,[126541],0
126541,1,126539,Nestegis cunninghamii,"",eukaryota,false,,,,0.00986901624521,1,,,100.0,100.0,10^-55.6982,,,,,,,,,,,,,,,,,,0
126428,2,126428,Hesperelaea,"",eukaryota,false,,,,0.01973803249042,2,,,98.9795,98.0,10^-52.9622,,,,,,,,,,,,,,,,,[126429],0
126429,1,126428,Hesperelaea palmeri,"",eukaryota,false,,,,0.01973803249042,2,,,98.9795,98.0,10^-52.9622,,,,,,,,,,,,,,,,,,0
126412,2,126412,Forestiera,"",eukaryota,false,,,,0.00986901624521,1,,,100.0,100.0,10^-55.6982,,,,,,,,,,,,,,,,,[1539465],0
1539465,1,126412,Forestiera pubescens,"",eukaryota,false,,,,0.00986901624521,1,,,100.0,100.0,10^-55.6982,,,,,,,,,,,,,,,,,,0
126408,2,126408,Fontanesia,"",eukaryota,false,,,,0.00986901624521,1,,,100.0,101.0,10^-56.3801,,,,,,,,,,,,,,,,,[126410],0
126410,1,126408,Fontanesia philliraeoides,"",eukaryota,false,,,,0.00986901624521,1,,,100.0,101.0,10^-56.3801,,,,,,,,,,,,,,,,,,0
126277,2,126277,Microthlaspi,"",eukaryota,false,,,,,,,,,,,,,,,,0.02960704873563,3,,,84.9667,31.0,10^-8.89945,,,,,[1685480],0
1685480,1,126277,Microthlaspi erraticum,"",eukaryota,false,,,,,,,,,,,,,,,,0.02960704873563,3,,,84.9667,31.0,10^-8.89945,,,,,,0
125369,2,125369,Paraphaeosphaeria,"",eukaryota,false,,,,0.00986901624521,1,,,97.5,40.0,10^-13.5526,,,,,,,,,,,,,,,,,[1460663],0
1460663,1,125369,Paraphaeosphaeria sporulosa,"",eukaryota,false,,,,0.00986901624521,1,,,97.5,40.0,10^-13.5526,,,,,,,,,,,,,,,,,,0
125287,2,125287,Ornithinimicrobium,"",bacteria,false,,,,0.08882114620689,9,,,98.2166,100.333,10^-53.4857,,,,,,,,,,,,,,,,,"[2934161, 2934158, 2283195, 1288636, 290771, 125288]",0
2934161,1,125287,Ornithinimicrobium cryptoxanthini,"",bacteria,false,,,,0.00986901624521,1,,,100.0,101.0,10^-56.3801,,,,,,,,,,,,,,,,,,0
2934158,1,125287,Ornithinimicrobium sp. HY1793,"",bacteria,false,,,,0.00986901624521,1,,,100.0,101.0,10^-56.3801,,,,,,,,,,,,,,,,,,0
2283195,1,125287,Ornithinimicrobium avium,"",bacteria,false,,,,0.01973803249042,2,,,92.9645,99.5,10^-45.7507,,,,,,,,,,,,,,,,,,0
1288636,1,125287,Ornithinimicrobium flavum,"",bacteria,false,,,,0.02960704873563,3,,,99.34,101.0,10^-55.4651,,,,,,,,,,,,,,,,,,0
290771,1,125287,Ornithinimicrobium sp. TUT1205,"",bacteria,false,,,,0.00986901624521,1,,,100.0,100.0,10^-55.6982,,,,,,,,,,,,,,,,,,0
125288,1,125287,Ornithinimicrobium humiphilum,"",bacteria,false,,,,0.00986901624521,1,,,100.0,99.0,10^-55.0164,,,,,,,,,,,,,,,,,,0
125216,2,125216,Roseomonas,"",bacteria,false,,,,0.07895212996168,8,,,95.4594,85.5,10^-40.3354,,,,,,0.07895212996168,8,,,88.4,32.5,10^-9.78716,,,,,"[2986475, 2937791, 2897332, 2768161, 2018065, 693023, 452982, 257708, 207340]",0
2986475,1,125216,Roseomonas sp. SXEYE001,"",bacteria,false,,,,,,,,,,,,,,,,0.01973803249042,2,,,76.5,32.0,10^-7.46193,,,,,,0
2937791,1,125216,Roseomonas acroporae,"",bacteria,false,,,,,,,,,,,,,,,,0.00986901624521,1,,,84.8,33.0,10^-8.89279,,,,,,0
2897332,1,125216,Roseomonas sp. OT10,"",bacteria,false,,,,0.02960704873563,3,,,93.8493,98.0,10^-46.1007,,,,,,,,,,,,,,,,,,0
2768161,1,125216,Roseomonas marmotae,"",bacteria,false,,,,0.01973803249042,2,,,98.958,96.0,10^-51.5988,,,,,,,,,,,,,,,,,,0
2018065,1,125216,Roseomonas sp. FDAARGOS_362,"",bacteria,false,,,,0.00986901624521,1,,,84.211,76.0,10^-22.8805,,,,,,,,,,,,,,,,,,0
693023,1,125216,Roseomonas pecuniae,"",bacteria,false,,,,,,,,,,,,,,,,0.01973803249042,2,,,98.5,33.0,10^-11.8289,,,,,,0
452982,1,125216,Roseomonas aerilata,"",bacteria,false,,,,,,,,,,,,,,,,0.00986901624521,1,,,84.8,33.0,10^-8.9393,,,,,,0
257708,1,125216,Roseomonas gilardii,"",bacteria,false,,,,,,,,,,,,,,,,0.01973803249042,2,,,93.8,32.0,10^-10.9418,,,,,,0
207340,1,125216,Roseomonas mucosa,"",bacteria,false,,,,0.01973803249042,2,,,100.0,61.0,10^-29.1516,,,,,,,,,,,,,,,,,,0
124916,2,124916,Armigeres,"",eukaryota,false,,,,0.25659442237546,26,,,96.9409,72.375,10^-34.1053,,,,,,,,,,,,,,,,,[124917],0
124917,1,124916,Armigeres subalbatus,"",eukaryota,false,,,,0.25659442237546,26,,,96.9409,72.375,10^-34.1053,,,,,,,,,,,,,,,,,,0
124287,2,124287,Osmia,"",eukaryota,false,,,,,,,,,,,,,,,,0.01973803249042,2,,,54.8,31.0,10^-4.40504,,,,,[1437190],0
1437190,1,124287,Osmia bicornis,red mason bee,eukaryota,false,,,,,,,,,,,,,,,,0.01973803249042,2,,,54.8,31.0,10^-4.40504,,,,,,0
122852,2,122852,Polydrusus,"",eukaryota,false,,,,0.01973803249042,2,,,100.0,63.0,10^-30.51,,,,,,,,,,,,,,,,,[202137],0
202137,1,122852,Polydrusus cervinus,"",eukaryota,false,,,,0.01973803249042,2,,,100.0,63.0,10^-30.51,,,,,,,,,,,,,,,,,,0
122277,2,122277,Pectobacterium,"",bacteria,false,,,,,,,,,,,,,,,,0.02960704873563,3,,,96.9333,32.3333,10^-14.8565,,,,,[554],0
554,1,122277,Pectobacterium carotovorum,"",bacteria,false,,,,,,,,,,,,,,,,0.02960704873563,3,,,96.9333,32.3333,10^-14.8565,,,,,,0
121844,2,121844,Diaphorina,"",eukaryota,false,,,,2.27974275264351,231,4,188,98.9404,315.227,10^-226.246,,,,,,,,,,,,,,,,,[121845],0
121845,1,121844,Diaphorina citri,Asian citrus psyllid,eukaryota,false,,,,2.27974275264351,231,4,188,98.9404,315.227,10^-226.246,,,,,,,,,,,,,,,,,,0
120831,2,120831,Dyadobacter,"",bacteria,false,,,,0.0986901624521,10,,,97.6346,95.0,10^-49.2712,,,,,,0.01973803249042,2,,,95.15,31.0,10^-11.7364,,,,,"[2910158, 2909339, 2906456, 2823330, 2747268, 538966, 94254]",0
2910158,1,120831,Dyadobacter pollutisoli,"",bacteria,false,,,,0.00986901624521,1,,,92.391,92.0,10^-40.6383,,,,,,,,,,,,,,,,,,0
2909339,1,120831,Dyadobacter chenhuakuii,"",bacteria,false,,,,0.00986901624521,1,,,99.0,100.0,10^-54.3258,,,,,,,,,,,,,,,,,,0
2906456,1,120831,Dyadobacter chenwenxiniae,"",bacteria,false,,,,0.00986901624521,1,,,97.03,101.0,10^-52.2629,,,,,,,,,,,,,,,,,,0
2823330,1,120831,Dyadobacter sp. CECT 9623,"",bacteria,false,,,,,,,,,,,,,,,,0.01973803249042,2,,,95.15,31.0,10^-11.7364,,,,,,0
2747268,1,120831,Dyadobacter sandarakinus,"",bacteria,false,,,,0.02960704873563,3,,,98.4143,90.3333,10^-47.2806,,,,,,,,,,,,,,,,,,0
538966,1,120831,Dyadobacter sp. 32,"",bacteria,false,,,,0.01973803249042,2,,,97.826,92.0,10^-47.5002,,,,,,,,,,,,,,,,,,0
94254,1,120831,Dyadobacter fermentans,"",bacteria,false,,,,0.01973803249042,2,,,98.515,101.0,10^-54.3215,,,,,,,,,,,,,,,,,,0
120212,2,120212,Subtercola,"",bacteria,false,,,,0.00986901624521,1,,,100.0,101.0,10^-56.3801,,,,,,,,,,,,,,,,,[1926291],0
1926291,1,120212,Subtercola sp.,"",bacteria,false,,,,0.00986901624521,1,,,100.0,101.0,10^-56.3801,,,,,,,,,,,,,,,,,,0
119977,2,119977,Acidithiobacillus,"",bacteria,false,,,,0.00986901624521,1,,,100.0,71.0,10^-35.9476,,,,,,,,,,,,,,,,,[33059],0
33059,1,119977,Acidithiobacillus caldus,"",bacteria,false,,,,0.00986901624521,1,,,100.0,71.0,10^-35.9476,,,,,,,,,,,,,,,,,,0
118777,2,118777,Tussilago,"",eukaryota,false,,,,0.00986901624521,1,,,100.0,101.0,10^-56.3801,,,,,,,,,,,,,,,,,[118778],0
118778,1,118777,Tussilago farfara,"",eukaryota,false,,,,0.00986901624521,1,,,100.0,101.0,10^-56.3801,,,,,,,,,,,,,,,,,,0
118259,2,118259,Plenodomus,"",eukaryota,false,,,,0.05921409747126,6,,,93.7073,78.0,10^-33.8553,,,,,,,,,,,,,,,,,"[1077361, 220672]",0
1077361,1,118259,Plenodomus agnitus,"",eukaryota,false,,,,0.01973803249042,2,,,100.0,88.0,10^-47.5195,,,,,,,,,,,,,,,,,,0
220672,1,118259,Plenodomus biglobosus,"",eukaryota,false,,,,0.03947606498084,4,,,90.561,73.0,10^-27.0232,,,,,,,,,,,,,,,,,,0
117563,2,117563,Granulicatella,"",bacteria,false,,,,0.11842819494252,12,,,98.3474,97.8333,10^-51.9348,,,,,,0.02960704873563,3,,,100.0,31.6667,10^-11.1516,,,,,"[137732, 46124]",0
137732,1,117563,Granulicatella elegans,"",bacteria,false,,,,0.0986901624521,10,,,98.2159,97.3,10^-51.3884,,,,,,0.02960704873563,3,,,100.0,31.6667,10^-11.1516,,,,,,0
46124,1,117563,Granulicatella adiacens,"",bacteria,false,,,,0.01973803249042,2,,,99.005,100.5,10^-54.6668,,,,,,,,,,,,,,,,,,0
116152,2,116152,Aethina,"",eukaryota,false,,,,,,,,,,,,,,,,0.00986901624521,1,,,100.0,24.0,10^-6.07366,,,,,[116153],0
116153,1,116152,Aethina tumida,small hive beetle,eukaryota,false,,,,,,,,,,,,,,,,0.00986901624521,1,,,100.0,24.0,10^-6.07366,,,,,,0
114962,2,114962,Heterodermia,"",eukaryota,false,,,,,,,,,,,,,,,,0.01973803249042,2,,,76.9,26.0,10^-3.59517,,,,,[116794],0
116794,1,114962,Heterodermia speciosa,"",eukaryota,false,,,,,,,,,,,,,,,,0.01973803249042,2,,,76.9,26.0,10^-3.59517,,,,,,0
114248,2,114248,Tepidimonas,"",bacteria,false,,,,0.01973803249042,2,,,96.535,101.0,10^-51.5768,,,,,,0.02960704873563,3,,,100.0,32.6667,10^-11.7926,,,,,"[1101373, 307486, 247482]",0
1101373,1,114248,Tepidimonas fonticaldi,"",bacteria,false,,,,,,,,,,,,,,,,0.01973803249042,2,,,100.0,32.5,10^-11.4823,,,,,,0
307486,1,114248,Tepidimonas taiwanensis,"",bacteria,false,,,,0.01973803249042,2,,,96.535,101.0,10^-51.5768,,,,,,,,,,,,,,,,,,0
247482,1,114248,Tepidimonas aquatica,"",bacteria,false,,,,,,,,,,,,,,,,0.00986901624521,1,,,100.0,33.0,10^-12.4134,,,,,,0
114233,2,114233,Dipetalonema,"",eukaryota,false,,,,0.12829721118773,13,,,95.0082,88.8462,10^-41.9759,,,,,,,,,,,,,,,,,[221945],0
221945,1,114233,Dipetalonema gracile,"",eukaryota,false,,,,0.12829721118773,13,,,95.0082,88.8462,10^-41.9759,,,,,,,,,,,,,,,,,,0
114230,2,114230,Nigrospora,"",eukaryota,false,,,,0.02960704873563,3,,,91.9293,99.3333,10^-44.2647,,,,,,,,,,,,,,,,,[2022760],0
2022760,1,114230,Nigrospora osmanthi,"",eukaryota,false,,,,0.02960704873563,3,,,91.9293,99.3333,10^-44.2647,,,,,,,,,,,,,,,,,,0
113286,2,113286,Pseudoramibacter,"",bacteria,false,,,,,,,,,,,,,,,,0.02960704873563,3,,,81.5333,30.3333,10^-7.68741,,,,,[113287],0
113287,1,113286,Pseudoramibacter alactolyticus,"",bacteria,false,,,,,,,,,,,,,,,,0.02960704873563,3,,,81.5333,30.3333,10^-7.68741,,,,,,0
112497,2,112497,Ramularia,"",eukaryota,false,,,,,,,,,,,,,,,,0.00986901624521,1,,,87.9,33.0,10^-10.3862,,,,,[112498],0
112498,1,112497,Ramularia collo-cygni,"",eukaryota,false,,,,,,,,,,,,,,,,0.00986901624521,1,,,87.9,33.0,10^-10.3862,,,,,,0
111830,2,111830,Defluviicoccus,"",bacteria,false,,,,0.01973803249042,2,,,99.01,101.0,10^-55.0077,,,,,,,,,,,,,,,,,[111831],0
111831,1,111830,Defluviicoccus vanus,"",bacteria,false,,,,0.01973803249042,2,,,99.01,101.0,10^-55.0077,,,,,,,,,,,,,,,,,,0
111782,2,111782,Tolypothrix,"",bacteria,false,,,,0.01973803249042,2,,,100.0,101.0,10^-56.3801,,,,,,,,,,,,,,,,,[119534],0
119534,1,111782,Tolypothrix distorta,"",bacteria,false,,,,0.01973803249042,2,,,100.0,101.0,10^-56.3801,,,,,,,,,,,,,,,,,,0
111430,2,111430,Fargesia,"",eukaryota,false,,,,0.01973803249042,2,,,96.279,40.0,10^-12.8666,,,,,,,,,,,,,,,,,[1306438],0
1306438,1,111430,Fargesia denudata,"",eukaryota,false,,,,0.01973803249042,2,,,96.279,40.0,10^-12.8666,,,,,,,,,,,,,,,,,,0
111142,2,111142,Alishewanella,"",bacteria,false,,,,,,,,,,,,,,,,0.03947606498084,4,,,100.0,24.0,10^-5.79556,,,,,"[1091037, 553384]",0
1091037,1,111142,Alishewanella longhuensis,"",bacteria,false,,,,,,,,,,,,,,,,0.00986901624521,1,,,100.0,23.0,10^-4.31069,,,,,,0
553384,1,111142,Alishewanella agri,"",bacteria,false,,,,,,,,,,,,,,,,0.02960704873563,3,,,100.0,24.3333,10^-6.29052,,,,,,0
110932,2,110932,Leifsonia,"",bacteria,false,,,,0.00986901624521,1,,,100.0,101.0,10^-56.3801,,,,,,,,,,,,,,,,,[150026],0
150026,1,110932,Leifsonia shinshuensis,"",bacteria,false,,,,0.00986901624521,1,,,100.0,101.0,10^-56.3801,,,,,,,,,,,,,,,,,,0
109967,2,109967,Rhizoclosmatium,"",eukaryota,false,,,,,,,,,,,,,,,,0.67109310467428,68,1,68,89.474,38.0,10^-13.7282,,,,,[329046],0
329046,1,109967,Rhizoclosmatium globosum,"",eukaryota,false,,,,,,,,,,,,,,,,0.67109310467428,68,1,68,89.474,38.0,10^-13.7282,,,,,,0
109632,2,109632,Galerina,"",eukaryota,false,,,,,,,,,,,,,,,,0.02960704873563,3,,,92.3333,27.3333,10^-8.29181,,,,,[109633],0
109633,1,109632,Galerina marginata,"",eukaryota,false,,,,,,,,,,,,,,,,0.02960704873563,3,,,92.3333,27.3333,10^-8.29181,,,,,,0
109377,2,109377,Ustulina,"",eukaryota,false,,,,0.00986901624521,1,,,100.0,101.0,10^-56.3801,,,,,,0.01973803249042,2,,,100.0,17.5,10^-3.49348,,,,,[110526],0
110526,1,109377,Ustulina deusta,"",eukaryota,false,,,,0.00986901624521,1,,,100.0,101.0,10^-56.3801,,,,,,0.01973803249042,2,,,100.0,17.5,10^-3.49348,,,,,,0
109374,2,109374,Nemania,"",eukaryota,false,,,,0.01973803249042,2,,,88.692,88.5,10^-34.1389,,,,,,,,,,,,,,,,,[389665],0
389665,1,109374,Nemania diffusa,"",eukaryota,false,,,,0.01973803249042,2,,,88.692,88.5,10^-34.1389,,,,,,,,,,,,,,,,,,0
109362,2,109362,Aceria,"",eukaryota,false,,,,0.01973803249042,2,,,89.2495,74.5,10^-27.3496,,,,,,,,,,,,,,,,,[2654999],0
2654999,1,109362,Aceria litchii,"",eukaryota,false,,,,0.01973803249042,2,,,89.2495,74.5,10^-27.3496,,,,,,,,,,,,,,,,,,0
107868,2,107868,Hydroglyphus,"",eukaryota,false,,,,0.00986901624521,1,,,87.5,64.0,10^-20.2104,,,,,,,,,,,,,,,,,[1050017],0
1050017,1,107868,Hydroglyphus farquharensis,"",eukaryota,false,,,,0.00986901624521,1,,,87.5,64.0,10^-20.2104,,,,,,,,,,,,,,,,,,0
107787,2,107787,Bidessus,"",eukaryota,false,,,,0.06908311371647,7,,,87.286,60.7143,10^-18.3716,,,,,,,,,,,,,,,,,"[1049998, 674408, 674309]",0
1049998,1,107787,Bidessus longistriga,"",eukaryota,false,,,,0.04934508122605,5,,,87.0862,58.8,10^-17.2283,,,,,,,,,,,,,,,,,,0
674408,1,107787,Bidessus perexiguus,"",eukaryota,false,,,,0.00986901624521,1,,,87.879,66.0,10^-21.5694,,,,,,,,,,,,,,,,,,0
674309,1,107787,Bidessus sp. 1 MTM-2009,"",eukaryota,false,,,,0.00986901624521,1,,,87.692,65.0,10^-20.8898,,,,,,,,,,,,,,,,,,0
107449,2,107449,Phaffia,"",eukaryota,false,,,,,,,,,,,,,,,,0.06908311371647,7,,,95.2714,27.7143,10^-10.1232,,,,,[264483],0
264483,1,107449,Phaffia rhodozyma,"",eukaryota,false,,,,,,,,,,,,,,,,0.06908311371647,7,,,95.2714,27.7143,10^-10.1232,,,,,,0
106703,2,106703,Rhamnella,"",eukaryota,false,,,,,,,,,,,,,,,,0.01973803249042,2,,,85.0,31.5,10^-8.67235,,,,,[2594499],0
2594499,1,106703,Rhamnella rubrinervis,"",eukaryota,false,,,,,,,,,,,,,,,,0.01973803249042,2,,,85.0,31.5,10^-8.67235,,,,,,0
106633,2,106633,Thioalkalivibrio,"",bacteria,false,,,,0.00986901624521,1,,,97.849,93.0,10^-48.1817,,,,,,,,,,,,,,,,,[396595],0
396595,1,106633,Thioalkalivibrio sp. K90mix,"",bacteria,false,,,,0.00986901624521,1,,,97.849,93.0,10^-48.1817,,,,,,,,,,,,,,,,,,0
106591,2,106591,Ensifer,"",bacteria,false,,,,0.02960704873563,3,,,85.5057,94.0,10^-33.3099,,,,,,,,,,,,,,,,,[106592],0
106592,1,106591,Ensifer adhaerens,"",bacteria,false,,,,0.02960704873563,3,,,85.5057,94.0,10^-33.3099,,,,,,,,,,,,,,,,,,0
106589,2,106589,Cupriavidus,"",bacteria,false,,,,0.04934508122605,5,,,97.538,79.0,10^-39.4876,,,,,,0.1973803249042,20,,,79.515,31.45,10^-6.88726,,,,,"[367825, 164546, 96344, 82541, 68895]",0
367825,1,106589,Cupriavidus malaysiensis,"",bacteria,false,,,,0.00986901624521,1,,,100.0,87.0,10^-46.8383,,,,,,,,,,,,,,,,,,0
164546,1,106589,Cupriavidus taiwanensis,"",bacteria,false,,,,,,,,,,,,,,,,0.15790425992336,16,,,78.1813,31.625,10^-7.17879,,,,,,0
96344,1,106589,Cupriavidus oxalaticus,"",bacteria,false,,,,,,,,,,,,,,,,0.01973803249042,2,,,69.7,33.0,10^-3.17328,,,,,,0
82541,1,106589,Cupriavidus gilardii,"",bacteria,false,,,,0.01973803249042,2,,,99.505,101.0,10^-55.6939,,,,,,0.01973803249042,2,,,100.0,28.5,10^-8.26894,,,,,,0
68895,1,106589,Cupriavidus basilensis,"",bacteria,false,,,,0.01973803249042,2,,,94.34,53.0,10^-19.6061,,,,,,,,,,,,,,,,,,0
105767,2,105767,Tremella,"",eukaryota,false,,,,,,,,,,,,,,,,0.02960704873563,3,,,99.0,32.0,10^-12.072,,,,,[5217],0
5217,1,105767,Tremella mesenterica,"",eukaryota,false,,,,,,,,,,,,,,,,0.02960704873563,3,,,99.0,32.0,10^-12.072,,,,,,0
105591,2,105591,Symploca,"",bacteria,false,,,,,,,,,,,,,,,,0.00986901624521,1,,,84.8,33.0,10^-7.36452,,,,,[2607812],0
2607812,1,105591,Symploca sp. SIO2E9,"",bacteria,false,,,,,,,,,,,,,,,,0.00986901624521,1,,,84.8,33.0,10^-7.36452,,,,,,0
104781,2,104781,Adineta,"",eukaryota,false,,,,0.01973803249042,2,,,94.1555,77.0,10^-33.8538,,,,,,0.00986901624521,1,,,56.3,32.0,10^-3.33255,,,,,"[1813166, 433720, 104782]",0
1813166,1,104781,Adineta vaga complex sp. C JFF-2016,"",eukaryota,false,,,,0.00986901624521,1,,,93.506,77.0,10^-33.1676,,,,,,,,,,,,,,,,,,0
433720,1,104781,Adineta steineri,"",eukaryota,false,,,,,,,,,,,,,,,,0.00986901624521,1,,,56.3,32.0,10^-3.33255,,,,,,0
104782,1,104781,Adineta vaga,"",eukaryota,false,,,,0.00986901624521,1,,,94.805,77.0,10^-34.54,,,,,,,,,,,,,,,,,,0
104487,2,104487,Lycia,"",eukaryota,false,,,,0.00986901624521,1,,,85.965,57.0,10^-14.085,,,,,,,,,,,,,,,,,[326963],0
326963,1,104487,Lycia hirtaria,"",eukaryota,false,,,,0.00986901624521,1,,,85.965,57.0,10^-14.085,,,,,,,,,,,,,,,,,,0
104397,2,104397,Epicoccum,"",eukaryota,false,,,,0.01973803249042,2,,,100.0,100.0,10^-55.6982,,,,,,0.00986901624521,1,,,84.8,33.0,10^-10.7878,,,,,"[1859956, 749593, 105696]",0
1859956,1,104397,Epicoccum sp.,"",eukaryota,false,,,,0.00986901624521,1,,,100.0,99.0,10^-55.0164,,,,,,,,,,,,,,,,,,0
749593,1,104397,Epicoccum sorghinum,"",eukaryota,false,,,,0.00986901624521,1,,,100.0,101.0,10^-56.3801,,,,,,,,,,,,,,,,,,0
105696,1,104397,Epicoccum nigrum,"",eukaryota,false,,,,,,,,,,,,,,,,0.00986901624521,1,,,84.8,33.0,10^-10.7878,,,,,,0
104394,2,104394,Picobirnavirus,"",viruses,false,,,,,,,,,,,,,,,,0.01973803249042,2,,,68.8,32.0,10^-6.27084,,,,,[1907787],0
1907787,1,104394,Picobirnavirus sp.,"",viruses,false,,,,,,,,,,,,,,,,0.01973803249042,2,,,68.8,32.0,10^-6.27084,,,,,,0
104267,2,104267,Tenacibaculum,"",bacteria,false,,,,0.00986901624521,1,,,86.957,92.0,10^-33.7765,,,,,,,,,,,,,,,,,[2781243],0
2781243,1,104267,Tenacibaculum finnmarkense,"",bacteria,false,,,,0.00986901624521,1,,,86.957,92.0,10^-33.7765,,,,,,,,,,,,,,,,,,0
103830,2,103830,Mythimna,"",eukaryota,false,,,,,,,,,,,,,,,,0.00986901624521,1,,,81.8,33.0,10^-7.9431,,,,,[271217],0
271217,1,103830,Mythimna separata,northern armyworm,eukaryota,false,,,,,,,,,,,,,,,,0.00986901624521,1,,,81.8,33.0,10^-7.9431,,,,,,0
102786,2,102786,Mikania,"",eukaryota,false,,,,,,,,,,,,,,,,0.13816622743294,14,1,11,95.9205,120.143,10^-70.0491,,,,,[192012],0
192012,1,102786,Mikania micrantha,"",eukaryota,false,,,,,,,,,,,,,,,,0.13816622743294,14,1,11,95.9205,120.143,10^-70.0491,,,,,,0
102598,2,102598,Misopates,"",eukaryota,false,,,,0.01973803249042,2,,,100.0,79.0,10^-41.3935,,,,,,,,,,,,,,,,,[102599],0
102599,1,102598,Misopates orontium,"",eukaryota,false,,,,0.01973803249042,2,,,100.0,79.0,10^-41.3935,,,,,,,,,,,,,,,,,,0
102231,2,102231,Gloeocapsa,"",bacteria,false,,,,,,,,,,,,,,,,0.01973803249042,2,,,97.0,33.0,10^-12.1349,,,,,[2839657],0
2839657,1,102231,Gloeocapsa sp. UFS-A4-WI-NPMV-4B04,"",bacteria,false,,,,,,,,,,,,,,,,0.01973803249042,2,,,97.0,33.0,10^-12.1349,,,,,,0
102106,2,102106,Collinsella,"",bacteria,false,,,,0.01973803249042,2,,,96.226,53.0,10^-20.9785,,,,,,0.07895212996168,8,,,82.2,32.125,10^-7.1294,,,,,"[2292209, 1965630, 147206, 74426]",0
2292209,1,102106,Collinsella sp. AF05-8-2,"",bacteria,false,,,,,,,,,,,,,,,,0.03947606498084,4,,,78.05,33.0,10^-5.71533,,,,,,0
1965630,1,102106,Collinsella sp. An307,"",bacteria,false,,,,,,,,,,,,,,,,0.01973803249042,2,,,87.5,32.0,10^-10.1129,,,,,,0
147206,1,102106,Collinsella stercoris,"",bacteria,false,,,,0.01973803249042,2,,,96.226,53.0,10^-20.9785,,,,,,,,,,,,,,,,,,0
74426,1,102106,Collinsella aerofaciens,"",bacteria,false,,,,,,,,,,,,,,,,0.01973803249042,2,,,85.2,30.5,10^-6.97401,,,,,,0
101095,2,101095,Gilbertella,"",eukaryota,false,,,,0.02960704873563,3,,,100.0,95.3333,10^-52.0597,,,,,,,,,,,,,,,,,[101096],0
101096,1,101095,Gilbertella persicaria,"",eukaryota,false,,,,0.02960704873563,3,,,100.0,95.3333,10^-52.0597,,,,,,,,,,,,,,,,,,0
100883,2,100883,Coprobacillus,"",bacteria,false,,,,,,,,,,,,,,,,0.05921409747126,6,,,88.8333,29.5,10^-9.1156,,,,,[450746],0
450746,1,100883,Coprobacillus sp. 8_1_38FAA,"",bacteria,false,,,,,,,,,,,,,,,,0.05921409747126,6,,,88.8333,29.5,10^-9.1156,,,,,,0
100860,2,100860,Aphanomyces,"",eukaryota,false,,,,,,,,,,,,,,,,0.01973803249042,2,,,84.35,24.5,10^-3.91672,,,,,"[112090, 100861]",0
112090,1,100860,Aphanomyces astaci,"",eukaryota,false,,,,,,,,,,,,,,,,0.00986901624521,1,,,90.9,22.0,10^-4.77989,,,,,,0
100861,1,100860,Aphanomyces euteiches,"",eukaryota,false,,,,,,,,,,,,,,,,0.00986901624521,1,,,77.8,27.0,10^-3.05355,,,,,,0
100051,2,100051,Delitschia,"",eukaryota,false,,,,0.00986901624521,1,,,84.466,103.0,10^-35.786,,,,,,,,,,,,,,,,,[100052],0
100052,1,100051,Delitschia winteri,"",eukaryota,false,,,,0.00986901624521,1,,,84.466,103.0,10^-35.786,,,,,,,,,,,,,,,,,,0
100048,2,100048,Trematosphaeria,"",eukaryota,false,,,,,,,,,,,,,,,,0.00986901624521,1,,,93.9,33.0,10^-13.7747,,,,,[390896],0
390896,1,100048,Trematosphaeria pertusa,"",eukaryota,false,,,,,,,,,,,,,,,,0.00986901624521,1,,,93.9,33.0,10^-13.7747,,,,,,0
99906,2,99906,Alkalibacterium,"",bacteria,false,,,,,,,,,,,,,,,,0.00986901624521,1,,,100.0,20.0,10^-3.9914,,,,,[1872447],0
1872447,1,99906,Alkalibacterium sp.,"",bacteria,false,,,,,,,,,,,,,,,,0.00986901624521,1,,,100.0,20.0,10^-3.9914,,,,,,0
99105,2,99105,Tanacetum,"",eukaryota,false,,,,,,,,,,,,,,,,0.35528458482756,36,,,87.5889,30.0278,10^-7.56238,,,,,[118510],0
118510,1,99105,Tanacetum cinerariifolium,"",eukaryota,false,,,,,,,,,,,,,,,,0.35528458482756,36,,,87.5889,30.0278,10^-7.56238,,,,,,0
98757,2,98757,Gelatoporia,"",eukaryota,false,,,,,,,,,,,,,,,,0.07895212996168,8,,,73.6125,31.625,10^-6.61333,,,,,[42742],0
42742,1,98757,Gelatoporia subvermispora,"",eukaryota,false,,,,,,,,,,,,,,,,0.07895212996168,8,,,73.6125,31.625,10^-6.61333,,,,,,0
97971,2,97971,Periconia,"",eukaryota,false,,,,0.03947606498084,4,,,99.7525,101.0,10^-56.037,,,,,,,,,,,,,,,,,"[2718577, 1383417, 1382551]",0
2718577,1,97971,Periconia verrucosa,"",eukaryota,false,,,,0.00986901624521,1,,,100.0,101.0,10^-56.3801,,,,,,,,,,,,,,,,,,0
1383417,1,97971,Periconia pseudobyssoides,"",eukaryota,false,,,,0.00986901624521,1,,,100.0,101.0,10^-56.3801,,,,,,,,,,,,,,,,,,0
1382551,1,97971,Periconia byssoides,"",eukaryota,false,,,,0.01973803249042,2,,,99.505,101.0,10^-55.6939,,,,,,,,,,,,,,,,,,0
97226,2,97226,Gomphonema,"",eukaryota,false,,,,0.00986901624521,1,,,98.99,99.0,10^-53.644,,,,,,,,,,,,,,,,,[97227],0
97227,1,97226,Gomphonema parvulum,"",eukaryota,false,,,,0.00986901624521,1,,,98.99,99.0,10^-53.644,,,,,,,,,,,,,,,,,,0
96492,2,96492,Frigoribacterium,"",bacteria,false,,,,,,,,,,,,,,,,0.07895212996168,8,,,77.2875,30.75,10^-6.23359,,,,,[2653144],0
2653144,1,96492,Frigoribacterium sp. 9N,"",bacteria,false,,,,,,,,,,,,,,,,0.07895212996168,8,,,77.2875,30.75,10^-6.23359,,,,,,0
93758,2,93758,Corchorus,"",eukaryota,false,,,,,,,,,,,,,,,,0.04934508122605,5,,,94.52,31.6,10^-11.915,,,,,"[358695, 93759]",0
358695,1,93758,Corchorus tridens,"",eukaryota,false,,,,,,,,,,,,,,,,0.02960704873563,3,,,90.8667,32.3333,10^-12.3392,,,,,,0
93759,1,93758,Corchorus olitorius,"",eukaryota,false,,,,,,,,,,,,,,,,0.01973803249042,2,,,100.0,30.5,10^-11.2787,,,,,,0
93681,2,93681,Roseateles,"",bacteria,false,,,,0.00986901624521,1,,,92.0,100.0,10^-44.7192,,,,,,,,,,,,,,,,,[3019553],0
3019553,1,93681,Paucibacter sp. S2-9,"",bacteria,false,,,,0.00986901624521,1,,,92.0,100.0,10^-44.7192,,,,,,,,,,,,,,,,,,0
93481,2,93481,Stenella,"",eukaryota,false,,,,0.01973803249042,2,,,98.015,100.5,10^-53.2944,,,,,,,,,,,,,,,,,[93486],0
93486,1,93481,Stenella araguata,"",eukaryota,false,,,,0.01973803249042,2,,,98.015,100.5,10^-53.2944,,,,,,,,,,,,,,,,,,0
93171,2,93171,Entotheonella,"",bacteria,false,,,,,,,,,,,,,,,,0.01973803249042,2,,,89.2,32.5,10^-11.033,,,,,[93172],0
93172,1,93171,Candidatus Entotheonella palauensis,"",bacteria,false,,,,,,,,,,,,,,,,0.01973803249042,2,,,89.2,32.5,10^-11.033,,,,,,0
93127,2,93127,Rhynchophorus,"",eukaryota,false,,,,,,,,,,,,,,,,0.21711835739462,22,,,86.9727,29.2273,10^-6.55524,,,,,[354439],0
354439,1,93127,Rhynchophorus ferrugineus,red palm weevil,eukaryota,false,,,,,,,,,,,,,,,,0.21711835739462,22,,,86.9727,29.2273,10^-6.55524,,,,,,0
92944,2,92944,Ketogulonicigenium,"",bacteria,false,,,,0.01973803249042,2,,,100.0,100.5,10^-55.3529,,,,,,,,,,,,,,,,,[92945],0
92945,1,92944,Ketogulonicigenium vulgare,"",bacteria,false,,,,0.01973803249042,2,,,100.0,100.5,10^-55.3529,,,,,,,,,,,,,,,,,,0
92793,2,92793,Aquabacterium,"",bacteria,false,,,,0.27633245486588,28,2,25,95.4757,215.75,10^-92.2278,,,,,,0.07895212996168,8,,,96.4333,31.1667,10^-9.98228,,,,,"[2898431, 2493092, 1296669, 70584]",0
2898431,1,92793,Aquabacterium sp. J223,"",bacteria,false,,,,0.01973803249042,2,,,94.0265,69.0,10^-28.4352,,,,,,,,,,,,,,,,,,0
2493092,1,92793,Aquabacterium soli,"",bacteria,false,,,,,,,,,,,,,,,,0.01973803249042,2,,,89.3,32.5,10^-10.2627,,,,,,0
1296669,1,92793,Aquabacterium olei,"",bacteria,false,,,,0.25659442237546,26,2,25,95.5872,227.038,10^-97.135,,,,,,,,,,,,,,,,,,0
70584,1,92793,Aquabacterium parvum,"",bacteria,false,,,,,,,,,,,,,,,,0.05921409747126,6,,,100.0,30.5,10^-9.84206,,,,,,0
91942,2,91942,Hortaea,"",eukaryota,false,,,,,,,,,,,,,,,,0.04934508122605,5,,,90.24,32.6,10^-11.7711,,,,,[91943],0
91943,1,91942,Hortaea werneckii,"",eukaryota,false,,,,,,,,,,,,,,,,0.04934508122605,5,,,90.24,32.6,10^-11.7711,,,,,,0
91914,2,91914,Asaia,"",bacteria,false,,,,13.550159304673329,1373,1,1236,99.7415,2442.78,10^-281.375,,,,,,1.1645439169347798,118,1,13,95.8547,32.839,10^-10.596,,,,,"[2484738, 2484737, 1872642, 1769114, 1769113, 1769112, 1769106, 1769105, 1769104, 1756709, 1653593, 1653592, 1208552, 760034, 657016, 610245, 610244, 610243, 450606, 415421, 287950, 220990, 110479, 91915]",0
2484738,1,91914,Asaia sp. IPC02,"",bacteria,false,,,,0.00986901624521,1,,,100.0,101.0,10^-56.3801,,,,,,,,,,,,,,,,,,0
2484737,1,91914,Asaia sp. IPC01,"",bacteria,false,,,,0.00986901624521,1,,,100.0,101.0,10^-56.3801,,,,,,,,,,,,,,,,,,0
1872642,1,91914,Asaia sp.,"",bacteria,false,,,,0.12829721118773,13,,,99.9158,97.9167,10^-54.1639,,,,,,,,,,,,,,,,,,0
1769114,1,91914,Asaia sp. VTH-AE77,"",bacteria,false,,,,0.00986901624521,1,,,98.0,100.0,10^-52.9535,,,,,,,,,,,,,,,,,,0
1769113,1,91914,Asaia sp. BD21SO,"",bacteria,false,,,,0.01973803249042,2,,,100.0,101.0,10^-56.3801,,,,,,,,,,,,,,,,,,0
1769112,1,91914,Asaia sp. VTH-AH36,"",bacteria,false,,,,0.01973803249042,2,,,99.505,101.0,10^-55.6939,,,,,,,,,,,,,,,,,,0
1769106,1,91914,Asaia sp. BD44SO,"",bacteria,false,,,,0.00986901624521,1,,,100.0,96.0,10^-51.5988,,,,,,,,,,,,,,,,,,0
1769105,1,91914,Asaia sp. BD44M2,"",bacteria,false,,,,0.00986901624521,1,,,100.0,101.0,10^-56.3801,,,,,,,,,,,,,,,,,,0
1769104,1,91914,Asaia sp. BD37SO1,"",bacteria,false,,,,0.03947606498084,4,,,100.0,100.5,10^-56.0391,,,,,,,,,,,,,,,,,,0
1756709,1,91914,Asaia sp. VV32,"",bacteria,false,,,,0.00986901624521,1,,,100.0,101.0,10^-56.3801,,,,,,,,,,,,,,,,,,0
1653593,1,91914,Asaia sp. AE18-1,"",bacteria,false,,,,0.00986901624521,1,,,100.0,101.0,10^-56.3801,,,,,,,,,,,,,,,,,,0
1653592,1,91914,Asaia sp. AE15,"",bacteria,false,,,,0.00986901624521,1,,,100.0,87.0,10^-46.8383,,,,,,,,,,,,,,,,,,0
1208552,1,91914,Asaia sp. 107(2012),"",bacteria,false,,,,0.05921409747126,6,,,100.0,100.333,10^-55.6968,,,,,,,,,,,,,,,,,,0
760034,1,91914,Asaia sp. AG 3.5 Aa,"",bacteria,false,,,,0.00986901624521,1,,,100.0,100.0,10^-55.6982,,,,,,,,,,,,,,,,,,0
657016,1,91914,Asaia spathodeae,"",bacteria,false,,,,0.01973803249042,2,,,100.0,101.0,10^-56.3801,,,,,,,,,,,,,,,,,,0
610245,1,91914,Asaia prunellae,"",bacteria,false,,,,0.03947606498084,4,,,100.0,94.5,10^-51.9509,,,,,,,,,,,,,,,,,,0
610244,1,91914,Asaia astilbis,"",bacteria,false,,,,0.01973803249042,2,,,100.0,84.5,10^-45.1358,,,,,,,,,,,,,,,,,,0
610243,1,91914,Asaia platycodi,"",bacteria,false,,,,0.04934508122605,5,,,100.0,99.6,10^-55.4255,,,,,,,,,,,,,,,,,,0
450606,1,91914,Asaia sp. Gb16,"",bacteria,false,,,,0.00986901624521,1,,,100.0,100.0,10^-55.6982,,,,,,,,,,,,,,,,,,0
415421,1,91914,Asaia lannensis,"",bacteria,false,,,,,,,,,,,,,,,,0.02960704873563,3,,,100.0,30.0,10^-11.0608,,,,,,0
287950,1,91914,uncultured Asaia sp.,"",bacteria,false,,,,0.16777327616857,17,,,99.8744,91.625,10^-49.7356,,,,,,,,,,,,,,,,,,0
220990,1,91914,Asaia krungthepensis,"",bacteria,false,,,,0.01973803249042,2,,,100.0,95.5,10^-52.6311,,,,,,,,,,,,,,,,,,0
110479,1,91914,Asaia siamensis,"",bacteria,false,,,,0.02960704873563,3,,,100.0,98.0,10^-53.8776,,,,,,,,,,,,,,,,,,0
91915,1,91914,Asaia bogorensis,"",bacteria,false,,,,12.83959013501821,1301,1,1236,99.7318,2575.0,10^-294.232,,,,,,1.1349368681991499,115,1,13,95.7466,32.913,10^-10.5838,,,,,,0
91354,2,91354,Mychonastes,"",eukaryota,false,,,,0.00986901624521,1,,,85.915,71.0,10^-22.2239,,,,,,,,,,,,,,,,,[2681223],0
2681223,1,91354,Mychonastes sp. cho,"",eukaryota,false,,,,0.00986901624521,1,,,85.915,71.0,10^-22.2239,,,,,,,,,,,,,,,,,,0
90311,2,90311,Cerrena,"",eukaryota,false,,,,0.01973803249042,2,,,100.0,88.0,10^-47.5243,,,,,,,,,,,,,,,,,"[1818891, 90312]",0
1818891,1,90311,Cerrena sp. WICC F39,"",eukaryota,false,,,,0.00986901624521,1,,,100.0,101.0,10^-56.3801,,,,,,,,,,,,,,,,,,0
90312,1,90311,Cerrena unicolor,"",eukaryota,false,,,,0.00986901624521,1,,,100.0,75.0,10^-38.6685,,,,,,,,,,,,,,,,,,0
90268,2,90268,Apophysomyces,"",eukaryota,false,,,,0.04934508122605,5,,,93.5458,73.8,10^-31.2739,,,,,,,,,,,,,,,,,[90269],0
90269,1,90268,Apophysomyces elegans,"",eukaryota,false,,,,0.04934508122605,5,,,93.5458,73.8,10^-31.2739,,,,,,,,,,,,,,,,,,0
89966,2,89966,Hymenobacter,"",bacteria,false,,,,0.5625339259769699,57,,,97.1163,94.566,10^-48.3456,,,,,,0.10855917869731,11,,,88.7333,28.8889,10^-6.71026,,,,,"[2987689, 2987688, 2932254, 2932252, 2932248, 2682976, 2675878, 2675877, 2607656, 2606448, 2584940, 2502781, 2319843, 2218621, 2025313, 1898978, 1705399, 1484118, 1484116, 1356852, 497967, 170016]",0
2987689,1,89966,Hymenobacter sp. YIM 151500-1,"",bacteria,false,,,,0.00986901624521,1,,,98.02,101.0,10^-53.6353,,,,,,,,,,,,,,,,,,0
2987688,1,89966,Hymenobacter sp. YIM 151858-1,"",bacteria,false,,,,0.12829721118773,13,,,97.1902,96.8462,10^-49.9602,,,,,,,,,,,,,,,,,,0
2932254,1,89966,Hymenobacter volaticus,"",bacteria,false,,,,0.00986901624521,1,,,100.0,87.0,10^-46.8383,,,,,,,,,,,,,,,,,,0
2932252,1,89966,Hymenobacter sp. 5414T-23,"",bacteria,false,,,,0.00986901624521,1,,,96.0,100.0,10^-50.2087,,,,,,,,,,,,,,,,,,0
2932248,1,89966,Hymenobacter cellulosilyticus,"",bacteria,false,,,,0.01973803249042,2,,,97.3705,81.0,10^-40.0211,,,,,,,,,,,,,,,,,,0
2682976,1,89966,Hymenobacter ginkgonis,"",bacteria,false,,,,,,,,,,,,,,,,0.01973803249042,2,,,100.0,25.0,10^-5.21968,,,,,,0
2675878,1,89966,Hymenobacter sp. BRD128,"",bacteria,false,,,,0.04934508122605,5,,,93.9116,91.6,10^-42.8393,,,,,,,,,,,,,,,,,,0
2675877,1,89966,Hymenobacter sp. BRD67,"",bacteria,false,,,,0.02960704873563,3,,,95.8335,98.5,10^-49.1861,,,,,,,,,,,,,,,,,,0
2607656,1,89966,Hymenobacter busanensis,"",bacteria,false,,,,0.02960704873563,3,,,94.8233,98.6667,10^-47.9274,,,,,,,,,,,,,,,,,,0
2606448,1,89966,Hymenobacter lutimineralis,"",bacteria,false,,,,,,,,,,,,,,,,0.01973803249042,2,,,83.3,30.0,10^-7.62893,,,,,,0
2584940,1,89966,Hymenobacter sp. DG01,"",bacteria,false,,,,0.00986901624521,1,,,100.0,73.0,10^-37.3079,,,,,,,,,,,,,,,,,,0
2502781,1,89966,Hymenobacter jejuensis,"",bacteria,false,,,,0.01973803249042,2,,,95.604,91.0,10^-44.074,,,,,,,,,,,,,,,,,,0
2319843,1,89966,Hymenobacter oligotrophus,"",bacteria,false,,,,0.03947606498084,4,,,97.1803,95.5,10^-49.2018,,,,,,,,,,,,,,,,,,0
2218621,1,89966,Hymenobacter sediminis,"",bacteria,false,,,,,,,,,,,,,,,,0.01973803249042,2,,,84.6,26.0,10^-3.09205,,,,,,0
2025313,1,89966,Hymenobacter jeollabukensis,"",bacteria,false,,,,0.06908311371647,7,,,100.0,100.4,10^-55.971,,,,,,0.03947606498084,4,,,97.0,33.0,10^-11.8022,,,,,,0
1898978,1,89966,Hymenobacter sp.,"",bacteria,false,,,,,,,,,,,,,,,,0.00986901624521,1,,,68.8,32.0,10^-4.90658,,,,,,0
1705399,1,89966,Hymenobacter monticola,"",bacteria,false,,,,0.01973803249042,2,,,88.542,96.0,10^-37.8751,,,,,,,,,,,,,,,,,,0
1484118,1,89966,Hymenobacter sp. PAMC 26628,"",bacteria,false,,,,0.00986901624521,1,,,99.01,101.0,10^-55.0077,,,,,,,,,,,,,,,,,,0
1484116,1,89966,Hymenobacter psoromatis,"",bacteria,false,,,,0.01973803249042,2,,,98.936,94.0,10^-50.2356,,,,,,,,,,,,,,,,,,0
1356852,1,89966,Hymenobacter sp. APR13,"",bacteria,false,,,,0.00986901624521,1,,,100.0,73.0,10^-37.3079,,,,,,,,,,,,,,,,,,0
497967,1,89966,Hymenobacter tibetensis,"",bacteria,false,,,,0.03947606498084,4,,,97.9735,97.5,10^-51.2491,,,,,,,,,,,,,,,,,,0
170016,1,89966,uncultured Hymenobacter sp.,"",bacteria,false,,,,0.03947606498084,4,,,97.9975,91.25,10^-46.9961,,,,,,,,,,,,,,,,,,0
89583,2,89583,Gluconacetobacter,"",bacteria,false,,,,0.02960704873563,3,,,100.0,87.0,10^-46.844,,,,,,0.03947606498084,4,,,98.3,28.5,10^-7.00959,,,,,"[1935994, 1017181, 455071, 142834]",0
1935994,1,89583,Gluconacetobacter sp.,"",bacteria,false,,,,0.01973803249042,2,,,100.0,73.0,10^-37.3079,,,,,,,,,,,,,,,,,,0
1017181,1,89583,Gluconacetobacter asukensis,"",bacteria,false,,,,,,,,,,,,,,,,0.01973803249042,2,,,96.6,29.0,10^-6.52433,,,,,,0
455071,1,89583,Gluconacetobacter sp. Rh1-MS-CO,"",bacteria,false,,,,0.00986901624521,1,,,100.0,101.0,10^-56.3801,,,,,,,,,,,,,,,,,,0
142834,1,89583,Gluconacetobacter azotocaptans,"",bacteria,false,,,,,,,,,,,,,,,,0.01973803249042,2,,,100.0,28.0,10^-7.49485,,,,,,0
89404,2,89404,Glaciecola,"",bacteria,false,,,,0.00986901624521,1,,,99.0,100.0,10^-54.3258,,,,,,0.01973803249042,2,,,70.7,32.5,10^-5.08067,,,,,"[2489595, 56807]",0
2489595,1,89404,Glaciecola amylolytica,"",bacteria,false,,,,0.00986901624521,1,,,99.0,100.0,10^-54.3258,,,,,,,,,,,,,,,,,,0
56807,1,89404,Glaciecola pallidula,"",bacteria,false,,,,,,,,,,,,,,,,0.01973803249042,2,,,70.7,32.5,10^-5.08067,,,,,,0
88723,2,88723,Natrinema,"",archaea,false,,,,,,,,,,,,,,,,0.01973803249042,2,,,68.8,25.0,10^-5.34655,,,,,[88724],0
88724,1,88723,Natrinema versiforme,"",archaea,false,,,,,,,,,,,,,,,,0.01973803249042,2,,,68.8,25.0,10^-5.34655,,,,,,0
88138,2,88138,Modestobacter,"",bacteria,false,,,,0.41449868229882,42,1,21,98.0993,179.69,10^-90.9416,,,,,,0.0986901624521,10,,,90.4222,26.3333,10^-7.17795,,,,,"[2851567, 2711218, 2213161, 1873466, 477641]",0
2851567,1,88138,Modestobacter sp. L9-4,"",bacteria,false,,,,0.16777327616857,17,,,96.5465,96.9412,10^-49.1744,,,,,,,,,,,,,,,,,,0
2711218,1,88138,Modestobacter sp. KNN46-3,"",bacteria,false,,,,,,,,,,,,,,,,0.00986901624521,1,,,84.6,26.0,10^-3.53462,,,,,,0
2213161,1,88138,Modestobacter excelsi,"",bacteria,false,,,,,,,,,,,,,,,,0.00986901624521,1,,,100.0,33.0,10^-11.4634,,,,,,0
1873466,1,88138,Modestobacter sp.,"",bacteria,false,,,,,,,,,,,,,,,,0.00986901624521,1,,,83.3,24.0,10^-3.12668,,,,,,0
477641,1,88138,Modestobacter marinus,"",bacteria,false,,,,0.24672540613024999,25,1,21,99.1553,235.96,10^-119.343,,,,,,0.06908311371647,7,,,90.9833,25.6667,10^-7.74614,,,,,,0
86795,2,86795,Marmoricola,"",bacteria,false,,,,,,,,,,,,,,,,0.02960704873563,3,,,89.8667,33.0,10^-10.0719,,,,,"[1909296, 1298863]",0
1909296,1,86795,Marmoricola sp.,"",bacteria,false,,,,,,,,,,,,,,,,0.01973803249042,2,,,92.4,33.0,10^-10.9915,,,,,,0
1298863,1,86795,Marmoricola sp. URHB0036,"",bacteria,false,,,,,,,,,,,,,,,,0.00986901624521,1,,,84.8,33.0,10^-8.23284,,,,,,0
86331,2,86331,Mogibacterium,"",bacteria,false,,,,0.01973803249042,2,,,96.552,87.0,10^-42.7212,,,,,,0.01973803249042,2,,,93.1,29.0,10^-10.4782,,,,,[86332],0
86332,1,86331,Mogibacterium pumilum,"",bacteria,false,,,,0.01973803249042,2,,,96.552,87.0,10^-42.7212,,,,,,0.01973803249042,2,,,93.1,29.0,10^-10.4782,,,,,,0
86026,2,86026,Mollisia,"",eukaryota,false,,,,,,,,,,,,,,,,0.02960704873563,3,,,90.6667,32.3333,10^-12.209,,,,,[149040],0
149040,1,86026,Mollisia scopiformis,"",eukaryota,false,,,,,,,,,,,,,,,,0.02960704873563,3,,,90.6667,32.3333,10^-12.209,,,,,,0
85947,2,85947,Didymosphaeria,"",eukaryota,false,,,,0.00986901624521,1,,,94.0,100.0,10^-46.0916,,,,,,0.00986901624521,1,,,86.2,29.0,10^-8.52288,,,,,"[1932322, 85948]",0
1932322,1,85947,Didymosphaeria variabile,"",eukaryota,false,,,,0.00986901624521,1,,,94.0,100.0,10^-46.0916,,,,,,,,,,,,,,,,,,0
85948,1,85947,Didymosphaeria enalia,"",eukaryota,false,,,,,,,,,,,,,,,,0.00986901624521,1,,,86.2,29.0,10^-8.52288,,,,,,0
85413,2,85413,Bosea,"",bacteria,false,,,,0.03947606498084,4,,,90.2292,81.75,10^-32.2841,,,,,,0.01973803249042,2,,,92.25,32.5,10^-11.6603,,,,,"[2763117, 2015316, 1871050, 1842539]",0
2763117,1,85413,Bosea caraganae,"",bacteria,false,,,,,,,,,,,,,,,,0.00986901624521,1,,,93.9,33.0,10^-12.6345,,,,,,0
2015316,1,85413,Bosea sp. AS-1,"",bacteria,false,,,,0.01973803249042,2,,,90.361,83.0,10^-33.135,,,,,,,,,,,,,,,,,,0
1871050,1,85413,Bosea sp. (in: a-proteobacteria),"",bacteria,false,,,,,,,,,,,,,,,,0.00986901624521,1,,,90.6,32.0,10^-10.6861,,,,,,0
1842539,1,85413,Bosea sp. RAC05,"",bacteria,false,,,,0.01973803249042,2,,,90.0975,80.5,10^-31.4332,,,,,,,,,,,,,,,,,,0
85043,2,85043,Williamsia,"",bacteria,false,,,,0.00986901624521,1,,,100.0,99.0,10^-55.0164,,,,,,0.06908311371647,7,,,91.6143,31.2857,10^-8.52137,,,,,"[1872085, 1603258, 322609]",0
1872085,1,85043,Williamsia sp.,"",bacteria,false,,,,0.00986901624521,1,,,100.0,99.0,10^-55.0164,,,,,,,,,,,,,,,,,,0
1603258,1,85043,Williamsia herbipolensis,"",bacteria,false,,,,,,,,,,,,,,,,0.01973803249042,2,,,93.9,33.0,10^-9.57332,,,,,,0
322609,1,85043,Williamsia marianensis,"",bacteria,false,,,,,,,,,,,,,,,,0.04934508122605,5,,,90.7,30.6,10^-8.10058,,,,,,0
84567,2,84567,Pedobacter,"",bacteria,false,,,,0.03947606498084,4,,,97.7275,94.5,10^-49.205,,,,,,0.04934508122605,5,,,90.06,31.6,10^-10.6768,,,,,"[1834438, 1537390, 1411316, 1322312, 1241337, 363852]",0
1834438,1,84567,Pedobacter quisquiliarum,"",bacteria,false,,,,,,,,,,,,,,,,0.03947606498084,4,,,87.575,31.75,10^-10.5035,,,,,,0
1537390,1,84567,Pedobacter lotistagni,"",bacteria,false,,,,0.00986901624521,1,,,100.0,101.0,10^-56.3801,,,,,,,,,,,,,,,,,,0
1411316,1,84567,Pedobacter sp.,"",bacteria,false,,,,0.00986901624521,1,,,95.455,88.0,10^-42.03,,,,,,,,,,,,,,,,,,0
1322312,1,84567,Pedobacter sp. Iso-18,"",bacteria,false,,,,0.00986901624521,1,,,100.0,101.0,10^-56.3801,,,,,,,,,,,,,,,,,,0
1241337,1,84567,Pedobacter nutrimenti,"",bacteria,false,,,,,,,,,,,,,,,,0.00986901624521,1,,,100.0,31.0,10^-11.3696,,,,,,0
363852,1,84567,Pedobacter ginsengisoli,"",bacteria,false,,,,0.00986901624521,1,,,95.455,88.0,10^-42.03,,,,,,,,,,,,,,,,,,0
84406,2,84406,Virgibacillus,"",bacteria,false,,,,,,,,,,,,,,,,0.04934508122605,5,,,76.68,30.8,10^-5.82043,,,,,"[2024555, 1638645]",0
2024555,1,84406,Virgibacillus profundi,"",bacteria,false,,,,,,,,,,,,,,,,0.02960704873563,3,,,74.9333,32.0,10^-6.01687,,,,,,0
1638645,1,84406,Virgibacillus kapii,"",bacteria,false,,,,,,,,,,,,,,,,0.01973803249042,2,,,79.3,29.0,10^-5.52578,,,,,,0
83681,2,83681,Nonomuraea,"",bacteria,false,,,,0.01973803249042,2,,,100.0,43.0,10^-16.9522,,,,,,0.00986901624521,1,,,95.8,24.0,10^-3.63078,,,,,"[2045107, 93944]",0
2045107,1,83681,Nonomuraea cavernae,"",bacteria,false,,,,,,,,,,,,,,,,0.00986901624521,1,,,95.8,24.0,10^-3.63078,,,,,,0
93944,1,83681,Nonomuraea gerenzanensis,"",bacteria,false,,,,0.01973803249042,2,,,100.0,43.0,10^-16.9522,,,,,,,,,,,,,,,,,,0
83654,2,83654,Leclercia,"",bacteria,false,,,,0.0986901624521,10,,,99.7436,67.9,10^-33.7356,,,,,,,,,,,,,,,,,[83655],0
83655,1,83654,Leclercia adecarboxylata,"",bacteria,false,,,,0.0986901624521,10,,,99.7436,67.9,10^-33.7356,,,,,,,,,,,,,,,,,,0
83618,2,83618,Pseudoxanthomonas,"",bacteria,false,,,,0.15790425992336,16,,,95.4887,82.375,10^-38.8949,,,,,,,,,,,,,,,,,"[2969308, 2758562, 2571115, 2480810, 1603339, 1603338, 415229, 281701, 128785]",0
2969308,1,83618,Pseudoxanthomonas sp. JBR18,"",bacteria,false,,,,0.01973803249042,2,,,97.1185,69.5,10^-32.1831,,,,,,,,,,,,,,,,,,0
2758562,1,83618,Pseudoxanthomonas sp. NC8,"",bacteria,false,,,,0.02960704873563,3,,,96.9727,76.3333,10^-36.3756,,,,,,,,,,,,,,,,,,0
2571115,1,83618,Pseudoxanthomonas sp. X-1,"",bacteria,false,,,,0.01973803249042,2,,,90.528,86.0,10^-34.4978,,,,,,,,,,,,,,,,,,0
2480810,1,83618,Pseudoxanthomonas winnipegensis,"",bacteria,false,,,,0.00986901624521,1,,,93.056,72.0,10^-29.7658,,,,,,,,,,,,,,,,,,0
1603339,1,83618,Pseudoxanthomonas sp. M3a,"",bacteria,false,,,,0.00986901624521,1,,,90.741,54.0,10^-17.5394,,,,,,,,,,,,,,,,,,0
1603338,1,83618,Pseudoxanthomonas sp. H3,"",bacteria,false,,,,0.00986901624521,1,,,90.741,54.0,10^-17.5394,,,,,,,,,,,,,,,,,,0
415229,1,83618,Pseudoxanthomonas spadix,"",bacteria,false,,,,0.00986901624521,1,,,97.0,100.0,10^-51.5811,,,,,,,,,,,,,,,,,,0
281701,1,83618,uncultured Pseudoxanthomonas sp.,"",bacteria,false,,,,0.01973803249042,2,,,100.0,98.0,10^-54.3346,,,,,,,,,,,,,,,,,,0
128785,1,83618,Pseudoxanthomonas mexicana,"",bacteria,false,,,,0.02960704873563,3,,,96.69,100.667,10^-51.5782,,,,,,,,,,,,,,,,,,0
83614,2,83614,Luteimonas,"",bacteria,false,,,,0.06908311371647,7,,,94.4233,93.1429,10^-43.9685,,,,,,0.04934508122605,5,,,93.1,22.2,10^-4.14644,,,,,"[3025317, 2901869, 2878686, 2799787, 2508168, 2006110]",0
3025317,1,83614,Luteimonas sp. BLCC-B24,"",bacteria,false,,,,,,,,,,,,,,,,0.00986901624521,1,,,100.0,21.0,10^-5.73755,,,,,,0
2901869,1,83614,Luteimonas fraxinea,"",bacteria,false,,,,0.02960704873563,3,,,96.5233,92.3333,10^-46.3578,,,,,,0.01973803249042,2,,,100.0,20.0,10^-3.05453,,,,,,0
2878686,1,83614,Luteimonas sp. XNQY3,"",bacteria,false,,,,,,,,,,,,,,,,0.00986901624521,1,,,100.0,21.0,10^-5.70774,,,,,,0
2799787,1,83614,Luteimonas sp. MC1828,"",bacteria,false,,,,,,,,,,,,,,,,0.00986901624521,1,,,65.5,29.0,10^-3.17783,,,,,,0
2508168,1,83614,Luteimonas sp. YGD11-2,"",bacteria,false,,,,0.01973803249042,2,,,94.347,98.0,10^-46.7871,,,,,,,,,,,,,,,,,,0
2006110,1,83614,Luteimonas chenhongjianii,"",bacteria,false,,,,0.01973803249042,2,,,91.3495,89.5,10^-37.5661,,,,,,,,,,,,,,,,,,0
83612,2,83612,Psychroflexus,"",bacteria,false,,,,0.00986901624521,1,,,94.898,98.0,10^-47.4727,,,,,,,,,,,,,,,,,[57029],0
57029,1,83612,Psychroflexus torquis,"",bacteria,false,,,,0.00986901624521,1,,,94.898,98.0,10^-47.4727,,,,,,,,,,,,,,,,,,0
83461,2,83461,Corallococcus,"",bacteria,false,,,,0.01973803249042,2,,,97.17,63.5,10^-28.7971,,,,,,0.00986901624521,1,,,64.3,28.0,10^-3.59007,,,,,"[184914, 83462]",0
184914,1,83461,Corallococcus coralloides,"",bacteria,false,,,,0.01973803249042,2,,,97.17,63.5,10^-28.7971,,,,,,,,,,,,,,,,,,0
83462,1,83461,Corallococcus exiguus,"",bacteria,false,,,,,,,,,,,,,,,,0.00986901624521,1,,,64.3,28.0,10^-3.59007,,,,,,0
83235,2,83235,Postia,"",eukaryota,false,,,,,,,,,,,,,,,,0.03947606498084,4,,,93.625,30.0,10^-10.0598,,,,,[104341],0
104341,1,83235,Postia placenta,"",eukaryota,false,,,,,,,,,,,,,,,,0.03947606498084,4,,,93.625,30.0,10^-10.0598,,,,,,0
83174,2,83174,Valsa,"",eukaryota,false,,,,,,,,,,,,,,,,0.04934508122605,5,,,100.0,28.25,10^-9.4474,,,,,[105487],0
105487,1,83174,Valsa mali,"",eukaryota,false,,,,,,,,,,,,,,,,0.04934508122605,5,,,100.0,28.25,10^-9.4474,,,,,,0
82986,2,82986,Tatumella,"",bacteria,false,,,,6.3556464619152395,644,1,604,98.6428,746.456,10^-291.598,,,,,,0.00986901624521,1,,,61.3,31.0,10^-3.27491,,,,,"[2487345, 82987]",0
2487345,1,82986,Tatumella sp. TA1,"",bacteria,false,,,,6.335908429424819,642,1,604,98.6385,748.486,10^-292.338,,,,,,0.00986901624521,1,,,61.3,31.0,10^-3.27491,,,,,,0
82987,1,82986,Tatumella ptyseos,"",bacteria,false,,,,0.01973803249042,2,,,100.0,101.0,10^-56.3801,,,,,,,,,,,,,,,,,,0
82984,2,82984,Pragia,"",bacteria,false,,,,,,,,,,,,,,,,0.01973803249042,2,,,100.0,31.0,10^-11.8928,,,,,[82985],0
82985,1,82984,Pragia fontium,"",bacteria,false,,,,,,,,,,,,,,,,0.01973803249042,2,,,100.0,31.0,10^-11.8928,,,,,,0
82802,2,82802,Trichococcus,"",bacteria,false,,,,,,,,,,,,,,,,0.00986901624521,1,,,97.0,33.0,10^-13.6459,,,,,[140314],0
140314,1,82802,Trichococcus palustris,"",bacteria,false,,,,,,,,,,,,,,,,0.00986901624521,1,,,97.0,33.0,10^-13.6459,,,,,,0
82800,2,82800,Desemzia,"",bacteria,false,,,,0.01973803249042,2,,,100.0,99.0,10^-55.0164,,,,,,0.01973803249042,2,,,100.0,32.0,10^-11.2182,,,,,"[2892016, 82801]",0
2892016,1,82800,Desemzia sp. C1,"",bacteria,false,,,,,,,,,,,,,,,,0.00986901624521,1,,,100.0,32.0,10^-11.2182,,,,,,0
82801,1,82800,Desemzia incerta,"",bacteria,false,,,,0.01973803249042,2,,,100.0,99.0,10^-55.0164,,,,,,0.00986901624521,1,,,100.0,32.0,10^-11.2182,,,,,,0
82762,2,82762,Idotea,"",eukaryota,false,,,,,,,,,,,,,,,,0.00986901624521,1,,,100.0,33.0,10^-8.61439,,,,,[82763],0
82763,1,82762,Idotea baltica,"",eukaryota,false,,,,,,,,,,,,,,,,0.00986901624521,1,,,100.0,33.0,10^-8.61439,,,,,,0
82309,2,82309,Phlebiopsis,"",eukaryota,false,,,,0.01973803249042,2,,,99.505,91.0,10^-48.8799,,,,,,,,,,,,,,,,,[1647769],0
1647769,1,82309,Phlebiopsis crassa,"",eukaryota,false,,,,0.01973803249042,2,,,99.505,91.0,10^-48.8799,,,,,,,,,,,,,,,,,,0
82202,2,82202,Centipeda,"",bacteria,false,,,,,,,,,,,,,,,,0.00986901624521,1,,,93.9,33.0,10^-10.6517,,,,,[82203],0
82203,1,82202,Centipeda periodontii,"",bacteria,false,,,,,,,,,,,,,,,,0.00986901624521,1,,,93.9,33.0,10^-10.6517,,,,,,0
81945,2,81945,Pilobolus,"",eukaryota,false,,,,0.00986901624521,1,,,87.778,90.0,10^-33.786,,,,,,,,,,,,,,,,,[81946],0
81946,1,81945,Pilobolus longipes,"",eukaryota,false,,,,0.00986901624521,1,,,87.778,90.0,10^-33.786,,,,,,,,,,,,,,,,,,0
81060,2,81060,Steccherinum,"",eukaryota,false,,,,0.00986901624521,1,,,100.0,101.0,10^-56.3801,,,,,,,,,,,,,,,,,[2784341],0
2784341,1,81060,Steccherinum tenuissimum,"",eukaryota,false,,,,0.00986901624521,1,,,100.0,101.0,10^-56.3801,,,,,,,,,,,,,,,,,,0
81041,2,81041,Antrodiella,"",eukaryota,false,,,,0.00986901624521,1,,,98.387,62.0,10^-28.4584,,,,,,,,,,,,,,,,,[2447956],0
2447956,1,81041,Antrodiella citrinella,"",eukaryota,false,,,,0.00986901624521,1,,,98.387,62.0,10^-28.4584,,,,,,,,,,,,,,,,,,0
80865,2,80865,Delftia,"",bacteria,false,,,,0.04934508122605,5,,,98.3746,88.8,10^-46.1466,,,,,,0.01973803249042,2,,,92.25,32.5,10^-9.09015,,,,,"[558537, 180282, 80866]",0
558537,1,80865,Delftia lacustris,"",bacteria,false,,,,0.01973803249042,2,,,98.02,101.0,10^-53.6353,,,,,,0.00986901624521,1,,,87.5,32.0,10^-6.98716,,,,,,0
180282,1,80865,Delftia tsuruhatensis,"",bacteria,false,,,,0.01973803249042,2,,,97.9165,78.5,10^-38.9933,,,,,,0.00986901624521,1,,,97.0,33.0,10^-11.1931,,,,,,0
80866,1,80865,Delftia acidovorans,"",bacteria,false,,,,0.00986901624521,1,,,100.0,85.0,10^-45.476,,,,,,,,,,,,,,,,,,0
80764,2,80764,Aphis,"",eukaryota,false,,,,0.00986901624521,1,,,94.872,39.0,10^-11.5051,,,,,,,,,,,,,,,,,[80765],0
80765,1,80764,Aphis gossypii,cotton aphid,eukaryota,false,,,,0.00986901624521,1,,,94.872,39.0,10^-11.5051,,,,,,,,,,,,,,,,,,0
80744,2,80744,Serpula,"",eukaryota,false,,,,,,,,,,,,,,,,0.00986901624521,1,,,84.8,33.0,10^-9.34775,,,,,[85982],0
85982,1,80744,Serpula lacrymans,"",eukaryota,false,,,,,,,,,,,,,,,,0.00986901624521,1,,,84.8,33.0,10^-9.34775,,,,,,0
80662,2,80662,Piloderma,"",eukaryota,false,,,,,,,,,,,,,,,,0.21711835739462,22,1,22,57.447,47.0,10^-14.0353,,,,,[80663],0
80663,1,80662,Piloderma croceum,"",eukaryota,false,,,,,,,,,,,,,,,,0.21711835739462,22,1,22,57.447,47.0,10^-14.0353,,,,,,0
80618,2,80618,Asterophora,"",eukaryota,false,,,,,,,,,,,,,,,,0.00986901624521,1,,,100.0,33.0,10^-11.7375,,,,,[117018],0
117018,1,80618,Asterophora parasitica,"",eukaryota,false,,,,,,,,,,,,,,,,0.00986901624521,1,,,100.0,33.0,10^-11.7375,,,,,,0
79922,2,79922,Clonorchis,"",eukaryota,false,,,,,,,,,,,,,,,,0.00986901624521,1,,,96.8,31.0,10^-14.129,,,,,[79923],1
79923,1,79922,Clonorchis sinensis,"",eukaryota,false,,,,,,,,,,,,,,,,0.00986901624521,1,,,96.8,31.0,10^-14.129,,,,,,1
79854,2,79854,Schizachyrium,"",eukaryota,false,,,,0.01973803249042,2,,,100.0,61.0,10^-29.1516,,,,,,,,,,,,,,,,,[2491240],0
2491240,1,79854,Schizachyrium djalonicum,"",eukaryota,false,,,,0.01973803249042,2,,,100.0,61.0,10^-29.1516,,,,,,,,,,,,,,,,,,0
79810,2,79810,Ascotricha,"",eukaryota,false,,,,0.00986901624521,1,,,99.01,101.0,10^-55.0077,,,,,,,,,,,,,,,,,[136931],0
136931,1,79810,Ascotricha lusitanica,"",eukaryota,false,,,,0.00986901624521,1,,,99.01,101.0,10^-55.0077,,,,,,,,,,,,,,,,,,0
79808,2,79808,Coniochaeta,"",eukaryota,false,,,,,,,,,,,,,,,,0.02960704873563,3,,,72.7333,31.6667,10^-5.48847,,,,,"[1450552, 91930]",0
1450552,1,79808,Coniochaeta sp. PMI_546,"",eukaryota,false,,,,,,,,,,,,,,,,0.01973803249042,2,,,72.45,32.5,10^-5.48731,,,,,,0
91930,1,79808,Coniochaeta hoffmannii,"",eukaryota,false,,,,,,,,,,,,,,,,0.00986901624521,1,,,73.3,30.0,10^-5.4908,,,,,,0
79375,2,79375,Nemophila,"",eukaryota,false,,,,0.00986901624521,1,,,95.699,93.0,10^-45.4369,,,,,,,,,,,,,,,,,[113206],0
113206,1,79375,Nemophila maculata,"",eukaryota,false,,,,0.00986901624521,1,,,95.699,93.0,10^-45.4369,,,,,,,,,,,,,,,,,,0
79342,2,79342,Ellisia,"",eukaryota,false,,,,0.01973803249042,2,,,97.03,101.0,10^-52.2629,,,,,,,,,,,,,,,,,[79343],0
79343,1,79342,Ellisia nyctelea,"",eukaryota,false,,,,0.01973803249042,2,,,97.03,101.0,10^-52.2629,,,,,,,,,,,,,,,,,,0
79333,2,79333,Cryptantha,"",eukaryota,false,,,,0.00986901624521,1,,,95.349,86.0,10^-40.6676,,,,,,,,,,,,,,,,,[1563372],0
1563372,1,79333,Cryptantha muricata,"",eukaryota,false,,,,0.00986901624521,1,,,95.349,86.0,10^-40.6676,,,,,,,,,,,,,,,,,,0
79206,2,79206,Desulfosporosinus,"",bacteria,false,,,,,,,,,,,,,,,,0.00986901624521,1,,,83.3,30.0,10^-5.62893,,,,,[476652],0
476652,1,79206,Desulfosporosinus acididurans,"",bacteria,false,,,,,,,,,,,,,,,,0.00986901624521,1,,,83.3,30.0,10^-5.62893,,,,,,0
78916,2,78916,Piptocephalis,"",eukaryota,false,,,,0.00986901624521,1,,,96.226,53.0,10^-20.9785,,,,,,,,,,,,,,,,,[2012320],0
2012320,1,78916,Piptocephalis sp.,"",eukaryota,false,,,,0.00986901624521,1,,,96.226,53.0,10^-20.9785,,,,,,,,,,,,,,,,,,0
78912,2,78912,Rhopalomyces,"",eukaryota,false,,,,0.12829721118773,13,1,11,96.2005,70.5385,10^-23.718,,,,,,,,,,,,,,,,,[78913],0
78913,1,78912,Rhopalomyces elegans,"",eukaryota,false,,,,0.12829721118773,13,1,11,96.2005,70.5385,10^-23.718,,,,,,,,,,,,,,,,,,0
78526,2,78526,Allorhizobium,"",bacteria,false,,,,0.00986901624521,1,,,94.444,72.0,10^-31.1382,,,,,,,,,,,,,,,,,[3039808],0
3039808,1,78526,uncultured Allorhizobium sp.,"",bacteria,false,,,,0.00986901624521,1,,,94.444,72.0,10^-31.1382,,,,,,,,,,,,,,,,,,0
78156,2,78156,Pseudogymnoascus,"",eukaryota,false,,,,,,,,,,,,,,,,0.00986901624521,1,,,90.9,33.0,10^-8.47886,,,,,[1420906],0
1420906,1,78156,Pseudogymnoascus sp. VKM F-4281 (FW-2241),"",eukaryota,false,,,,,,,,,,,,,,,,0.00986901624521,1,,,90.9,33.0,10^-8.47886,,,,,,0
77583,2,77583,Craurococcus,"",bacteria,false,,,,0.00986901624521,1,,,94.059,101.0,10^-48.1458,,,,,,,,,,,,,,,,,[77585],0
77585,1,77583,Craurococcus roseus,"",bacteria,false,,,,0.00986901624521,1,,,94.059,101.0,10^-48.1458,,,,,,,,,,,,,,,,,,0
77043,2,77043,Rosellinia,"",eukaryota,false,,,,,,,,,,,,,,,,0.02960704873563,3,,,77.3,32.3333,10^-5.88532,,,,,[77044],0
77044,1,77043,Rosellinia necatrix,"",eukaryota,false,,,,,,,,,,,,,,,,0.02960704873563,3,,,77.3,32.3333,10^-5.88532,,,,,,0
77021,2,77021,Cylindrospermopsis,"",bacteria,false,,,,,,,,,,,,,,,,0.01973803249042,2,,,100.0,33.0,10^-13.6687,,,,,[77022],0
77022,1,77021,Cylindrospermopsis raciborskii,"",bacteria,false,,,,,,,,,,,,,,,,0.01973803249042,2,,,100.0,33.0,10^-13.6687,,,,,,0
76872,2,76872,Boechera,"",eukaryota,false,,,,0.01973803249042,2,,,97.872,47.0,10^-18.2859,,,,,,,,,,,,,,,,,[115915],0
115915,1,76872,Boechera divaricarpa,"",eukaryota,false,,,,0.01973803249042,2,,,97.872,47.0,10^-18.2859,,,,,,,,,,,,,,,,,,0
76831,2,76831,Myroides,"",bacteria,false,,,,0.03947606498084,4,,,95.0,100.0,10^-48.8363,,,,,,,,,,,,,,,,,[76832],0
76832,1,76831,Myroides odoratimimus,"",bacteria,false,,,,0.03947606498084,4,,,95.0,100.0,10^-48.8363,,,,,,,,,,,,,,,,,,0
76016,2,76016,Pandora,"",eukaryota,false,,,,0.33554655233714,34,1,15,94.5845,165.233,10^-71.2899,,,,,,,,,,,,,,,,,"[181058, 176681, 150348, 76017]",0
181058,1,76016,Pandora dipterigena,"",eukaryota,false,,,,0.05921409747126,6,,,91.9983,100.5,10^-44.8319,,,,,,,,,,,,,,,,,,0
176681,1,76016,Pandora kondoiensis,"",eukaryota,false,,,,0.14803524367815,15,1,15,94.979,239.0,10^-100.29,,,,,,,,,,,,,,,,,,0
150348,1,76016,Pandora delphacis,"",eukaryota,false,,,,0.00986901624521,1,,,96.629,89.0,10^-44.0837,,,,,,,,,,,,,,,,,,0
76017,1,76016,Pandora neoaphidis,"",eukaryota,false,,,,0.11842819494252,12,,,95.5289,85.0,10^-40.1593,,,,,,,,,,,,,,,,,,0
76008,2,76008,Fusibacter,"",bacteria,false,,,,0.01973803249042,2,,,100.0,52.0,10^-23.0453,,,,,,,,,,,,,,,,,[291847],0
291847,1,76008,uncultured Fusibacter sp.,"",bacteria,false,,,,0.01973803249042,2,,,100.0,52.0,10^-23.0453,,,,,,,,,,,,,,,,,,0
75984,2,75984,Mannheimia,"",bacteria,false,,,,0.03947606498084,4,,,98.02,97.75,10^-51.0766,,,,,,0.10855917869731,11,,,88.78,29.6,10^-8.55867,,,,,"[111844, 85402, 75985]",0
111844,1,75984,Mannheimia pernigra,"",bacteria,false,,,,0.01973803249042,2,,,100.0,94.5,10^-51.2626,,,,,,,,,,,,,,,,,,0
85402,1,75984,Mannheimia granulomatis,"",bacteria,false,,,,0.01973803249042,2,,,96.04,101.0,10^-50.8906,,,,,,,,,,,,,,,,,,0
75985,1,75984,Mannheimia haemolytica,"",bacteria,false,,,,,,,,,,,,,,,,0.10855917869731,11,,,88.78,29.6,10^-8.55867,,,,,,0
75735,2,75735,Starmerella,"",eukaryota,false,,,,0.13816622743294,14,,,98.8409,83.7143,10^-43.2372,,,,,,,,,,,,,,,,,"[2748878, 1982018, 140312, 75736, 45562]",0
2748878,1,75735,Starmerella vitis,"",eukaryota,false,,,,0.02960704873563,3,,,100.0,74.3333,10^-38.2278,,,,,,,,,,,,,,,,,,0
1982018,1,75735,Starmerella sp.,"",eukaryota,false,,,,0.01973803249042,2,,,98.7625,81.0,10^-41.3803,,,,,,,,,,,,,,,,,,0
140312,1,75735,Starmerella sorbosivorans,"",eukaryota,false,,,,0.01973803249042,2,,,100.0,101.0,10^-56.3801,,,,,,,,,,,,,,,,,,0
75736,1,75735,Starmerella bombicola,"",eukaryota,false,,,,0.00986901624521,1,,,93.0,100.0,10^-46.0916,,,,,,,,,,,,,,,,,,0
45562,1,75735,Starmerella lactis-condensi,"",eukaryota,false,,,,0.05921409747126,6,,,98.8745,80.8333,10^-41.5042,,,,,,,,,,,,,,,,,,0
75309,2,75309,Rhodanobacter,"",bacteria,false,,,,0.08882114620689,9,,,94.4992,97.1111,10^-46.4098,,,,,,0.02960704873563,3,,,83.6667,32.6667,10^-7.95729,,,,,"[2723084, 1945859, 1883446, 666685, 582702, 416169]",0
2723084,1,75309,Rhodanobacter sp. MP7CTX1,"",bacteria,false,,,,,,,,,,,,,,,,0.00986901624521,1,,,84.4,32.0,10^-7.59688,,,,,,0
1945859,1,75309,Rhodanobacter sp. B05,"",bacteria,false,,,,,,,,,,,,,,,,0.00986901624521,1,,,84.8,33.0,10^-6.32422,,,,,,0
1883446,1,75309,Rhodanobacter sp.,"",bacteria,false,,,,,,,,,,,,,,,,0.00986901624521,1,,,81.8,33.0,10^-9.95078,,,,,,0
666685,1,75309,Rhodanobacter denitrificans,"",bacteria,false,,,,0.06908311371647,7,,,94.66,96.5714,10^-46.3034,,,,,,,,,,,,,,,,,,0
582702,1,75309,Rhodanobacter glycinis,"",bacteria,false,,,,0.00986901624521,1,,,94.059,101.0,10^-48.1458,,,,,,,,,,,,,,,,,,0
416169,1,75309,Rhodanobacter thiooxydans,"",bacteria,false,,,,0.00986901624521,1,,,93.814,97.0,10^-45.4186,,,,,,,,,,,,,,,,,,0
74721,2,74721,Stachybotrys,"",eukaryota,false,,,,0.01973803249042,2,,,86.682,100.5,10^-37.5145,,,,,,,,,,,,,,,,,[80383],0
80383,1,74721,Stachybotrys echinatus,"",eukaryota,false,,,,0.01973803249042,2,,,86.682,100.5,10^-37.5145,,,,,,,,,,,,,,,,,,0
74030,2,74030,Roseovarius,"",bacteria,false,,,,,,,,,,,,,,,,0.02960704873563,3,,,95.9333,33.0,10^-13.8689,,,,,"[3028381, 2038394]",0
3028381,1,74030,Roseovarius sp. SK2,"",bacteria,false,,,,,,,,,,,,,,,,0.00986901624521,1,,,100.0,33.0,10^-14.0878,,,,,,0
2038394,1,74030,Roseovarius sp. EC-HK134,"",bacteria,false,,,,,,,,,,,,,,,,0.01973803249042,2,,,93.9,33.0,10^-13.7595,,,,,,0
73715,2,73715,Spyridium,"",eukaryota,false,,,,0.00986901624521,1,,,100.0,94.0,10^-51.608,,,,,,,,,,,,,,,,,[323968],0
323968,1,73715,Spyridium tricolor,"",eukaryota,false,,,,0.00986901624521,1,,,100.0,94.0,10^-51.608,,,,,,,,,,,,,,,,,,0
73124,2,73124,Endothia,"",eukaryota,false,,,,0.00986901624521,1,,,100.0,101.0,10^-56.3801,,,,,,,,,,,,,,,,,[1751637],0
1751637,1,73124,Endothia sp. 11UF3,"",eukaryota,false,,,,0.00986901624521,1,,,100.0,101.0,10^-56.3801,,,,,,,,,,,,,,,,,,0
73121,2,73121,Calophyllum,"",eukaryota,false,,,,0.00986901624521,1,,,98.667,75.0,10^-37.2961,,,,,,,,,,,,,,,,,[280748],0
280748,1,73121,Calophyllum brasiliense,"",eukaryota,false,,,,0.00986901624521,1,,,98.667,75.0,10^-37.2961,,,,,,,,,,,,,,,,,,0
73029,2,73029,Dechloromonas,"",bacteria,false,,,,0.00986901624521,1,,,95.0,40.0,10^-12.1803,,,,,,,,,,,,,,,,,[281362],0
281362,1,73029,Dechloromonas denitrificans,"",bacteria,false,,,,0.00986901624521,1,,,95.0,40.0,10^-12.1803,,,,,,,,,,,,,,,,,,0
72763,2,72763,Tessaracoccus,"",bacteria,false,,,,0.10855917869731,11,,,96.2727,81.7273,10^-38.3908,,,,,,0.01973803249042,2,,,100.0,22.0,10^-5.04963,,,,,"[3041766, 2829499, 2760310, 2161816, 1610493, 1522311, 399497]",0
3041766,1,72763,Tessaracoccus sp. T21,"",bacteria,false,,,,0.02960704873563,3,,,95.2183,84.6667,10^-38.853,,,,,,,,,,,,,,,,,,0
2829499,1,72763,Tessaracoccus palaemonis,"",bacteria,false,,,,0.01973803249042,2,,,97.8945,79.0,10^-38.655,,,,,,,,,,,,,,,,,,0
2760310,1,72763,Tessaracoccus sp. MC1865,"",bacteria,false,,,,0.00986901624521,1,,,88.172,93.0,10^-35.8303,,,,,,,,,,,,,,,,,,0
2161816,1,72763,Tessaracoccus timonensis,"",bacteria,false,,,,0.00986901624521,1,,,93.878,98.0,10^-46.1004,,,,,,,,,,,,,,,,,,0
1610493,1,72763,Tessaracoccus flavus,"",bacteria,false,,,,0.01973803249042,2,,,97.753,89.0,10^-45.456,,,,,,,,,,,,,,,,,,0
1522311,1,72763,Tessaracoccus massiliensis,"",bacteria,false,,,,,,,,,,,,,,,,0.01973803249042,2,,,100.0,22.0,10^-5.04963,,,,,,0
399497,1,72763,Tessaracoccus flavescens,"",bacteria,false,,,,0.01973803249042,2,,,100.0,59.0,10^-27.7937,,,,,,,,,,,,,,,,,,0
72035,2,72035,Lepeophtheirus,"",eukaryota,false,,,,,,,,,,,,,,,,0.00986901624521,1,,,69.7,33.0,10^-7.39794,,,,,[72036],0
72036,1,72035,Lepeophtheirus salmonis,salmon louse,eukaryota,false,,,,,,,,,,,,,,,,0.00986901624521,1,,,69.7,33.0,10^-7.39794,,,,,,0
71950,2,71950,Psilocybe,"",eukaryota,false,,,,,,,,,,,,,,,,0.00986901624521,1,,,97.0,33.0,10^-13.0835,,,,,[2480587],0
2480587,1,71950,Psilocybe cf. subviscida,"",eukaryota,false,,,,,,,,,,,,,,,,0.00986901624521,1,,,97.0,33.0,10^-13.0835,,,,,,0
71935,2,71935,Clitopilus,"",eukaryota,false,,,,0.00986901624521,1,,,100.0,101.0,10^-56.3801,,,,,,,,,,,,,,,,,[648681],0
648681,1,71935,Clitopilus hobsonii,"",eukaryota,false,,,,0.00986901624521,1,,,100.0,101.0,10^-56.3801,,,,,,,,,,,,,,,,,,0
71655,2,71655,Brenneria,"",bacteria,false,,,,,,,,,,,,,,,,0.01973803249042,2,,,100.0,29.0,10^-6.93033,,,,,[1109412],0
1109412,1,71655,Brenneria goodwinii,"",bacteria,false,,,,,,,,,,,,,,,,0.01973803249042,2,,,100.0,29.0,10^-6.93033,,,,,,0
71493,2,71493,Elysia,"",eukaryota,false,,,,,,,,,,,,,,,,0.03947606498084,4,,,78.45,31.5,10^-6.96245,,,,,[1093978],0
1093978,1,71493,Elysia marginata,"",eukaryota,false,,,,,,,,,,,,,,,,0.03947606498084,4,,,78.45,31.5,10^-6.96245,,,,,,0
71460,2,71460,Cylicostephanus,"",eukaryota,false,,,,,,,,,,,,,,,,0.21711835739462,22,1,22,72.464,69.0,10^-32.2381,,,,,[71465],0
71465,1,71460,Cylicostephanus goldi,"",eukaryota,false,,,,,,,,,,,,,,,,0.21711835739462,22,1,22,72.464,69.0,10^-32.2381,,,,,,0
71245,2,71245,Kazachstania,"",eukaryota,false,,,,0.04934508122605,5,,,99.798,100.4,10^-55.6965,,,,,,,,,,,,,,,,,"[27294, 27293]",0
27294,1,71245,Kazachstania unispora,"",eukaryota,false,,,,0.00986901624521,1,,,98.99,99.0,10^-53.644,,,,,,,,,,,,,,,,,,0
27293,1,71245,Kazachstania servazzii,"",eukaryota,false,,,,0.03947606498084,4,,,100.0,100.75,10^-56.2096,,,,,,,,,,,,,,,,,,0
70535,2,70535,Edhazardia,"",eukaryota,false,,,,0.75004523463596,76,2,58,98.335,229.042,10^-110.423,,,,,,0.05921409747126,6,,,100.0,23.0,10^-5.09306,,,,,[70536],0
70536,1,70535,Edhazardia aedis,"",eukaryota,false,,,,0.75004523463596,76,2,58,98.335,229.042,10^-110.423,,,,,,0.05921409747126,6,,,100.0,23.0,10^-5.09306,,,,,,0
69578,2,69578,Cryobacterium,"",bacteria,false,,,,,,,,,,,,,,,,0.00986901624521,1,,,90.9,33.0,10^-8.08197,,,,,[1926290],0
1926290,1,69578,Cryobacterium sp.,"",bacteria,false,,,,,,,,,,,,,,,,0.00986901624521,1,,,90.9,33.0,10^-8.08197,,,,,,0
68793,2,68793,Botryobasidium,"",eukaryota,false,,,,,,,,,,,,,,,,0.00986901624521,1,,,95.2,21.0,10^-4.21112,,,,,[264124],0
264124,1,68793,Botryobasidium botryosum,"",eukaryota,false,,,,,,,,,,,,,,,,0.00986901624521,1,,,95.2,21.0,10^-4.21112,,,,,,0
68287,2,68287,Mesorhizobium,"",bacteria,false,,,,0.11842819494252,12,,,95.9043,96.75,10^-47.9936,,,,,,0.07895212996168,8,,,91.3375,28.625,10^-8.45565,,,,,"[2956829, 2956823, 2953882, 2865838, 2777475, 2584466, 2493672, 2493670, 2483402, 2108445, 1871066, 43617, 381]",0
2956829,1,68287,Mesorhizobium sp. C372A,"",bacteria,false,,,,0.00986901624521,1,,,95.0,100.0,10^-48.8363,,,,,,,,,,,,,,,,,,0
2956823,1,68287,Mesorhizobium sp. C089B,"",bacteria,false,,,,0.00986901624521,1,,,97.895,95.0,10^-49.5448,,,,,,,,,,,,,,,,,,0
2953882,1,68287,Mesorhizobium liriopis,"",bacteria,false,,,,,,,,,,,,,,,,0.00986901624521,1,,,65.6,32.0,10^-4.96658,,,,,,0
2865838,1,68287,Mesorhizobium sp. AR07,"",bacteria,false,,,,0.00986901624521,1,,,93.182,88.0,10^-39.2853,,,,,,,,,,,,,,,,,,0
2777475,1,68287,Mesorhizobium sp. J8,"",bacteria,false,,,,0.00986901624521,1,,,93.75,96.0,10^-44.737,,,,,,,,,,,,,,,,,,0
2584466,1,68287,Mesorhizobium sp. 8,"",bacteria,false,,,,0.00986901624521,1,,,93.069,101.0,10^-46.7735,,,,,,,,,,,,,,,,,,0
2493672,1,68287,Mesorhizobium sp. M1E.F.Ca.ET.045.02.1.1,"",bacteria,false,,,,0.00986901624521,1,,,97.826,92.0,10^-47.5002,,,,,,,,,,,,,,,,,,0
2493670,1,68287,Mesorhizobium sp. M2A.F.Ca.ET.043.02.1.1,"",bacteria,false,,,,0.00986901624521,1,,,93.0,100.0,10^-46.0916,,,,,,,,,,,,,,,,,,0
2483402,1,68287,Mesorhizobium sp. NZP2234,"",bacteria,false,,,,0.00986901624521,1,,,87.129,101.0,10^-38.5392,,,,,,,,,,,,,,,,,,0
2108445,1,68287,Mesorhizobium sp. DCY119,"",bacteria,false,,,,0.00986901624521,1,,,100.0,87.0,10^-46.8383,,,,,,0.00986901624521,1,,,81.3,32.0,10^-8.09098,,,,,,0
1871066,1,68287,Mesorhizobium sp.,"",bacteria,false,,,,0.01973803249042,2,,,100.0,100.0,10^-55.6982,,,,,,0.03947606498084,4,,,95.95,25.0,10^-7.30662,,,,,,0
43617,1,68287,Mesorhizobium mediterraneum,"",bacteria,false,,,,0.00986901624521,1,,,100.0,101.0,10^-56.3801,,,,,,,,,,,,,,,,,,0
381,1,68287,Mesorhizobium loti,"",bacteria,false,,,,,,,,,,,,,,,,0.01973803249042,2,,,100.0,32.5,10^-12.6806,,,,,,0
67917,2,67917,Toona,"",eukaryota,false,,,,0.00986901624521,1,,,100.0,101.0,10^-56.3801,,,,,,,,,,,,,,,,,[67918],0
67918,1,67917,Toona ciliata,"",eukaryota,false,,,,0.00986901624521,1,,,100.0,101.0,10^-56.3801,,,,,,,,,,,,,,,,,,0
67608,2,67608,Microdochium,"",eukaryota,false,,,,0.00986901624521,1,,,100.0,101.0,10^-56.3801,,,,,,,,,,,,,,,,,[5520],0
5520,1,67608,Microdochium nivale,"",eukaryota,false,,,,0.00986901624521,1,,,100.0,101.0,10^-56.3801,,,,,,,,,,,,,,,,,,0
67575,2,67575,Rheinheimera,"",bacteria,false,,,,0.23685638988504,24,,,97.0525,96.7083,10^-49.5667,,,,,,0.05921409747126,6,,,100.0,28.0,10^-8.52104,,,,,"[3019969, 2901141, 2545632, 2499626, 2498451, 1763998, 1635005, 1547515, 400153]",0
3019969,1,67575,Rheinheimera sp. MM224,"",bacteria,false,,,,0.05921409747126,6,,,97.3767,96.6667,10^-50.2241,,,,,,,,,,,,,,,,,,0
2901141,1,67575,Rheinheimera faecalis,"",bacteria,false,,,,,,,,,,,,,,,,0.00986901624521,1,,,100.0,24.0,10^-5.49757,,,,,,0
2545632,1,67575,Rheinheimera sp. D18,"",bacteria,false,,,,0.02960704873563,3,,,94.3763,100.667,10^-48.376,,,,,,,,,,,,,,,,,,0
2499626,1,67575,Rheinheimera sp. YQF-1,"",bacteria,false,,,,,,,,,,,,,,,,0.00986901624521,1,,,100.0,33.0,10^-9.97062,,,,,,0
2498451,1,67575,Rheinheimera mangrovi,"",bacteria,false,,,,0.11842819494252,12,,,97.2058,97.0833,10^-49.9368,,,,,,,,,,,,,,,,,,0
1763998,1,67575,Rheinheimera sp. F8,"",bacteria,false,,,,0.02960704873563,3,,,98.4673,91.3333,10^-47.9618,,,,,,,,,,,,,,,,,,0
1635005,1,67575,Rheinheimera sp. KL1,"",bacteria,false,,,,,,,,,,,,,,,,0.00986901624521,1,,,100.0,24.0,10^-5.49757,,,,,,0
1547515,1,67575,Rheinheimera mesophila,"",bacteria,false,,,,,,,,,,,,,,,,0.01973803249042,2,,,100.0,27.0,10^-10.3655,,,,,,0
400153,1,67575,Rheinheimera tangshanensis,"",bacteria,false,,,,,,,,,,,,,,,,0.00986901624521,1,,,100.0,33.0,10^-9.42946,,,,,,0
67572,2,67572,Psychromonas,"",bacteria,false,,,,0.01973803249042,2,,,98.2145,84.0,10^-42.7364,,,,,,0.01973803249042,2,,,68.2,33.0,10^-6.81168,,,,,"[2058089, 357794]",0
2058089,1,67572,Psychromonas sp. psych-6C06,"",bacteria,false,,,,,,,,,,,,,,,,0.01973803249042,2,,,68.2,33.0,10^-6.81168,,,,,,0
357794,1,67572,Psychromonas ingrahamii,"",bacteria,false,,,,0.01973803249042,2,,,98.2145,84.0,10^-42.7364,,,,,,,,,,,,,,,,,,0
66739,2,66739,Lasiodiplodia,"",eukaryota,false,,,,0.01973803249042,2,,,90.1095,71.0,10^-26.3417,,,,,,0.00986901624521,1,,,73.5,34.0,10^-5.07676,,,,,"[1108764, 45133]",0
1108764,1,66739,Lasiodiplodia mahajangana,"",eukaryota,false,,,,,,,,,,,,,,,,0.00986901624521,1,,,73.5,34.0,10^-5.07676,,,,,,0
45133,1,66739,Lasiodiplodia theobromae,"",eukaryota,false,,,,0.01973803249042,2,,,90.1095,71.0,10^-26.3417,,,,,,,,,,,,,,,,,,0
66017,2,66017,Digitaria,"",eukaryota,false,,,,0.00986901624521,1,,,98.305,59.0,10^-26.4214,,,,,,,,,,,,,,,,,[1010633],0
1010633,1,66017,Digitaria exilis,"",eukaryota,false,,,,0.00986901624521,1,,,98.305,59.0,10^-26.4214,,,,,,,,,,,,,,,,,,0
65356,2,65356,Albugo,"",eukaryota,false,,,,0.75004523463596,76,2,55,98.8846,200.36,10^-99.8098,,,,,,,,,,,,,,,,,[653948],0
653948,1,65356,Albugo laibachii,"",eukaryota,false,,,,0.75004523463596,76,2,55,98.8846,200.36,10^-99.8098,,,,,,,,,,,,,,,,,,0
65288,2,65288,Netelia,"",eukaryota,false,,,,0.00986901624521,1,,,92.424,66.0,10^-25.6865,,,,,,,,,,,,,,,,,[494743],0
494743,1,65288,Netelia virgata,"",eukaryota,false,,,,0.00986901624521,1,,,92.424,66.0,10^-25.6865,,,,,,,,,,,,,,,,,,0
64895,2,64895,Borreliella,"",bacteria,false,,,,,,,,,,,,,,,,0.00986901624521,1,,,90.5,21.0,10^-3.18243,,,,,[29519],0
29519,1,64895,Borreliella garinii,"",bacteria,false,,,,,,,,,,,,,,,,0.00986901624521,1,,,90.5,21.0,10^-3.18243,,,,,,0
64782,2,64782,Acromyrmex,"",eukaryota,false,,,,,,,,,,,,,,,,0.02960704873563,3,,,92.8333,30.0,10^-11.3498,,,,,"[230686, 103372]",0
230686,1,64782,Acromyrmex insinuator,"",eukaryota,false,,,,,,,,,,,,,,,,0.00986901624521,1,,,87.9,33.0,10^-14.1831,,,,,,0
103372,1,64782,Acromyrmex echinatior,Panamanian leafcutter ant,eukaryota,false,,,,,,,,,,,,,,,,0.01973803249042,2,,,95.3,28.5,10^-9.93321,,,,,,0
64498,2,64498,Choanephora,"",eukaryota,false,,,,0.04934508122605,5,,,99.402,99.8,10^-54.7384,,,,,,,,,,,,,,,,,[101091],0
101091,1,64498,Choanephora cucurbitarum,"",eukaryota,false,,,,0.04934508122605,5,,,99.402,99.8,10^-54.7384,,,,,,,,,,,,,,,,,,0
64497,2,64497,Sydowia,"",eukaryota,false,,,,0.01973803249042,2,,,100.0,87.0,10^-46.8387,,,,,,,,,,,,,,,,,[64499],0
64499,1,64497,Sydowia polyspora,"",eukaryota,false,,,,0.01973803249042,2,,,100.0,87.0,10^-46.8387,,,,,,,,,,,,,,,,,,0
64390,2,64390,Callosobruchus,"",eukaryota,false,,,,,,,,,,,,,,,,0.00986901624521,1,,,78.1,32.0,10^-8.07831,,,,,[146774],0
146774,1,64390,Callosobruchus chinensis,azuki bean weevil,eukaryota,false,,,,,,,,,,,,,,,,0.00986901624521,1,,,78.1,32.0,10^-8.07831,,,,,,0
64322,2,64322,Carnimonas,"",bacteria,false,,,,0.05921409747126,6,,,96.7447,85.5,10^-41.7146,,,,,,,,,,,,,,,,,[64323],0
64323,1,64322,Carnimonas nigrificans,"",bacteria,false,,,,0.05921409747126,6,,,96.7447,85.5,10^-41.7146,,,,,,,,,,,,,,,,,,0
64001,2,64001,Nevskia,"",bacteria,false,,,,0.03947606498084,4,,,98.3815,95.0,10^-50.2319,,,,,,,,,,,,,,,,,"[1322311, 64002]",0
1322311,1,64001,Nevskia sp. Iso-59,"",bacteria,false,,,,0.00986901624521,1,,,100.0,101.0,10^-56.3801,,,,,,,,,,,,,,,,,,0
64002,1,64001,Nevskia ramosa,"",bacteria,false,,,,0.02960704873563,3,,,97.842,93.0,10^-48.1825,,,,,,,,,,,,,,,,,,0
62701,2,62701,Podosphaera,"",eukaryota,false,,,,0.01973803249042,2,,,98.913,92.0,10^-48.8726,,,,,,0.01973803249042,2,,,100.0,21.0,10^-3.83863,,,,,"[135283, 79252]",0
135283,1,62701,Podosphaera xanthii,"",eukaryota,false,,,,0.01973803249042,2,,,98.913,92.0,10^-48.8726,,,,,,,,,,,,,,,,,,0
79252,1,62701,Podosphaera aphanis,"",eukaryota,false,,,,,,,,,,,,,,,,0.01973803249042,2,,,100.0,21.0,10^-3.83863,,,,,,0
62699,2,62699,Cystotheca,"",eukaryota,false,,,,0.00986901624521,1,,,100.0,100.0,10^-55.6982,,,,,,,,,,,,,,,,,[62705],0
62705,1,62699,Cystotheca lanestris,"",eukaryota,false,,,,0.00986901624521,1,,,100.0,100.0,10^-55.6982,,,,,,,,,,,,,,,,,,0
61471,2,61471,Timema,"",eukaryota,false,,,,0.02960704873563,3,,,88.5837,45.0,10^-10.5407,,,,,,0.02960704873563,3,,,97.9333,29.6667,10^-8.24109,,,,,"[629358, 170557, 61482]",0
629358,1,61471,Timema genevievae,"",eukaryota,false,,,,0.01973803249042,2,,,91.892,37.0,10^-8.78321,,,,,,,,,,,,,,,,,,0
170557,1,61471,Timema poppensis,"",eukaryota,false,,,,0.00986901624521,1,,,81.967,61.0,10^-14.0556,,,,,,,,,,,,,,,,,,0
61482,1,61471,Timema podura,"",eukaryota,false,,,,,,,,,,,,,,,,0.02960704873563,3,,,97.9333,29.6667,10^-8.24109,,,,,,0
60940,2,60940,Branchellion,"",eukaryota,false,,,,0.00986901624521,1,,,94.737,38.0,10^-10.8302,,,,,,,,,,,,,,,,,[375517],0
375517,1,60940,Branchellion lobata,"",eukaryota,false,,,,0.00986901624521,1,,,94.737,38.0,10^-10.8302,,,,,,,,,,,,,,,,,,0
60136,2,60136,Sulfitobacter,"",bacteria,false,,,,,,,,,,,,,,,,0.00986901624521,1,,,100.0,28.0,10^-5.28735,,,,,[60137],0
60137,1,60136,Sulfitobacter pontiacus,"",bacteria,false,,,,,,,,,,,,,,,,0.00986901624521,1,,,100.0,28.0,10^-5.28735,,,,,,0
59977,2,59977,Lysimachia,"",eukaryota,false,,,,0.00986901624521,1,,,100.0,101.0,10^-56.3801,,,,,,,,,,,,,,,,,[213273],0
213273,1,59977,Lysimachia insignis,"",eukaryota,false,,,,0.00986901624521,1,,,100.0,101.0,10^-56.3801,,,,,,,,,,,,,,,,,,0
59753,2,59753,Alcanivorax,"",bacteria,false,,,,,,,,,,,,,,,,0.01973803249042,2,,,89.25,32.5,10^-12.7801,,,,,[2014542],0
2014542,1,59753,Alcanivorax sp. N3-2A,"",bacteria,false,,,,,,,,,,,,,,,,0.01973803249042,2,,,89.25,32.5,10^-12.7801,,,,,,0
59739,2,59739,Flammeovirga,"",bacteria,false,,,,0.00986901624521,1,,,95.05,101.0,10^-49.5182,,,,,,,,,,,,,,,,,[367791],0
367791,1,59739,Flammeovirga yaeyamensis,"",bacteria,false,,,,0.00986901624521,1,,,95.05,101.0,10^-49.5182,,,,,,,,,,,,,,,,,,0
59735,2,59735,Bergeyella,"",bacteria,false,,,,0.01973803249042,2,,,99.505,101.0,10^-55.6939,,,,,,0.00986901624521,1,,,100.0,33.0,10^-13.767,,,,,"[354471, 1015]",0
354471,1,59735,Bergeyella sp. AF14,"",bacteria,false,,,,0.01973803249042,2,,,99.505,101.0,10^-55.6939,,,,,,,,,,,,,,,,,,0
1015,1,59735,Bergeyella zoohelcum,"",bacteria,false,,,,,,,,,,,,,,,,0.00986901624521,1,,,100.0,33.0,10^-13.767,,,,,,0
59734,2,59734,Empedobacter,"",bacteria,false,,,,0.01973803249042,2,,,92.6035,101.5,10^-46.4282,,,,,,,,,,,,,,,,,"[1628248, 247]",0
1628248,1,59734,Empedobacter stercoris,"",bacteria,false,,,,0.00986901624521,1,,,94.118,102.0,10^-48.8277,,,,,,,,,,,,,,,,,,0
247,1,59734,Empedobacter brevis,"",bacteria,false,,,,0.00986901624521,1,,,91.089,101.0,10^-44.0287,,,,,,,,,,,,,,,,,,0
59732,2,59732,Chryseobacterium,"",bacteria,false,,,,0.08882114620689,9,,,98.0198,95.1111,10^-49.6223,,,,,,0.04934508122605,5,,,85.92,30.2,10^-6.37636,,,,,"[2838877, 2754694, 1854498, 1414727, 1241978, 415851, 259322, 253, 250]",0
2838877,1,59732,Chryseobacterium sp. ZHDP1,"",bacteria,false,,,,,,,,,,,,,,,,0.00986901624521,1,,,75.8,33.0,10^-6.17263,,,,,,0
2754694,1,59732,Chryseobacterium manosquense,"",bacteria,false,,,,0.01973803249042,2,,,99.01,101.0,10^-55.0077,,,,,,,,,,,,,,,,,,0
1854498,1,59732,Chryseobacterium nepalense,"",bacteria,false,,,,0.01973803249042,2,,,100.0,86.0,10^-46.1571,,,,,,,,,,,,,,,,,,0
1414727,1,59732,Chryseobacterium artocarpi,"",bacteria,false,,,,,,,,,,,,,,,,0.00986901624521,1,,,100.0,33.0,10^-8.88941,,,,,,0
1241978,1,59732,Chryseobacterium bernardetii,"",bacteria,false,,,,0.00986901624521,1,,,100.0,101.0,10^-56.3801,,,,,,,,,,,,,,,,,,0
415851,1,59732,Chryseobacterium flavum,"",bacteria,false,,,,,,,,,,,,,,,,0.00986901624521,1,,,100.0,33.0,10^-9.29585,,,,,,0
259322,1,59732,uncultured Chryseobacterium sp.,"",bacteria,false,,,,,,,,,,,,,,,,0.01973803249042,2,,,76.9,26.0,10^-3.76195,,,,,,0
253,1,59732,Chryseobacterium indologenes,"",bacteria,false,,,,0.02960704873563,3,,,94.7193,93.6667,10^-44.0643,,,,,,,,,,,,,,,,,,0
250,1,59732,Chryseobacterium gleum,"",bacteria,false,,,,0.00986901624521,1,,,100.0,100.0,10^-55.6982,,,,,,,,,,,,,,,,,,0
59683,2,59683,Ternstroemia,"",eukaryota,false,,,,0.00986901624521,1,,,97.872,94.0,10^-48.8632,,,,,,,,,,,,,,,,,[2721158],0
2721158,1,59683,Ternstroemia sp. MZ-2020,"",eukaryota,false,,,,0.00986901624521,1,,,97.872,94.0,10^-48.8632,,,,,,,,,,,,,,,,,,0
58781,2,58781,Dinothrombium,"",eukaryota,false,,,,,,,,,,,,,,,,0.00986901624521,1,,,92.3,26.0,10^-3.18977,,,,,[1965070],0
1965070,1,58781,Dinothrombium tinctorium,"",eukaryota,false,,,,,,,,,,,,,,,,0.00986901624521,1,,,92.3,26.0,10^-3.18977,,,,,,0
58227,2,58227,Garcinia,"",eukaryota,false,,,,0.00986901624521,1,,,100.0,101.0,10^-56.3801,,,,,,,,,,,,,,,,,[58228],0
58228,1,58227,Garcinia mangostana,"",eukaryota,false,,,,0.00986901624521,1,,,100.0,101.0,10^-56.3801,,,,,,,,,,,,,,,,,,0
58120,2,58120,Planotetraspora,"",bacteria,false,,,,,,,,,,,,,,,,0.02960704873563,3,,,87.1333,26.3333,10^-6.57623,,,,,[234614],0
234614,1,58120,Planotetraspora silvatica,"",bacteria,false,,,,,,,,,,,,,,,,0.02960704873563,3,,,87.1333,26.3333,10^-6.57623,,,,,,0
57739,2,57739,Vogesella,"",bacteria,false,,,,0.01973803249042,2,,,100.0,56.0,10^-25.7579,,,,,,,,,,,,,,,,,[1192162],0
1192162,1,57739,Vogesella sp. LIG4,"",bacteria,false,,,,0.01973803249042,2,,,100.0,56.0,10^-25.7579,,,,,,,,,,,,,,,,,,0
57499,2,57499,Kytococcus,"",bacteria,false,,,,0.03947606498084,4,,,99.1988,89.75,10^-47.6859,,,,,,0.01973803249042,2,,,98.45,32.5,10^-10.3871,,,,,"[1517899, 1276]",0
1517899,1,57499,Kytococcus sp. CUA-901,"",bacteria,false,,,,,,,,,,,,,,,,0.00986901624521,1,,,100.0,33.0,10^-11.3401,,,,,,0
1276,1,57499,Kytococcus sedentarius,"",bacteria,false,,,,0.03947606498084,4,,,99.1988,89.75,10^-47.6859,,,,,,0.00986901624521,1,,,96.9,32.0,10^-9.43415,,,,,,0
57495,2,57495,Dermacoccus,"",bacteria,false,,,,0.06908311371647,7,,,99.1429,99.7143,10^-54.3271,,,,,,,,,,,,,,,,,"[2762331, 322596, 1274]",0
2762331,1,57495,Dermacoccus sp. PAMC28757,"",bacteria,false,,,,0.02960704873563,3,,,100.0,98.3333,10^-54.5619,,,,,,,,,,,,,,,,,,0
322596,1,57495,Dermacoccus abyssi,"",bacteria,false,,,,0.00986901624521,1,,,100.0,101.0,10^-56.3801,,,,,,,,,,,,,,,,,,0
1274,1,57495,Dermacoccus nishinomiyaensis,"",bacteria,false,,,,0.02960704873563,3,,,98.0,100.667,10^-53.408,,,,,,,,,,,,,,,,,,0
57494,2,57494,Nesterenkonia,"",bacteria,false,,,,0.01973803249042,2,,,92.451,93.0,10^-41.3204,,,,,,0.08882114620689,9,,,95.5111,31.5556,10^-9.68639,,,,,"[1882340, 1804987, 1548602, 1232429, 150832]",0
1882340,1,57494,Nesterenkonia cremea,"",bacteria,false,,,,,,,,,,,,,,,,0.00986901624521,1,,,97.0,33.0,10^-13.4989,,,,,,0
1804987,1,57494,Nesterenkonia salmonea,"",bacteria,false,,,,,,,,,,,,,,,,0.02960704873563,3,,,87.5333,29.0,10^-5.74825,,,,,,0
1548602,1,57494,Nesterenkonia pannonica,"",bacteria,false,,,,0.01973803249042,2,,,92.451,93.0,10^-41.3204,,,,,,,,,,,,,,,,,,0
1232429,1,57494,Nesterenkonia massiliensis,"",bacteria,false,,,,,,,,,,,,,,,,0.01973803249042,2,,,100.0,32.5,10^-10.9451,,,,,,0
150832,1,57494,Nesterenkonia lacusekhoensis,"",bacteria,false,,,,,,,,,,,,,,,,0.02960704873563,3,,,100.0,33.0,10^-11.5145,,,,,,0
57493,2,57493,Kocuria,"",bacteria,false,,,,1.9639342327967897,199,2,143,96.0765,271.157,10^-118.928,,,,,,0.0986901624521,10,,,98.78,28.5,10^-8.89944,,,,,"[1871328, 1049583, 1038857, 872104, 446860, 388357, 259305, 223184, 72000, 71999, 1275]",0
1871328,1,57493,Kocuria sp.,"",bacteria,false,,,,0.02960704873563,3,,,98.2907,79.6667,10^-40.0148,,,,,,,,,,,,,,,,,,0
1049583,1,57493,Kocuria indica,"",bacteria,false,,,,0.05921409747126,6,,,97.4785,68.1667,10^-31.3075,,,,,,,,,,,,,,,,,,0
1038857,1,57493,Kocuria sediminis,"",bacteria,false,,,,,,,,,,,,,,,,0.00986901624521,1,,,96.9,32.0,10^-10.2644,,,,,,0
872104,1,57493,Kocuria sp. CR312,"",bacteria,false,,,,0.00986901624521,1,,,93.056,72.0,10^-29.7658,,,,,,,,,,,,,,,,,,0
446860,1,57493,Kocuria flava,"",bacteria,false,,,,0.01973803249042,2,,,98.058,103.0,10^-54.9992,,,,,,,,,,,,,,,,,,0
388357,1,57493,Kocuria turfanensis,"",bacteria,false,,,,0.02960704873563,3,,,97.5997,95.0,10^-49.0875,,,,,,,,,,,,,,,,,,0
259305,1,57493,uncultured Kocuria sp.,"",bacteria,false,,,,,,,,,,,,,,,,0.00986901624521,1,,,90.9,33.0,10^-10.2449,,,,,,0
223184,1,57493,Kocuria marina,"",bacteria,false,,,,,,,,,,,,,,,,0.01973803249042,2,,,100.0,22.0,10^-5.53018,,,,,,0
72000,1,57493,Kocuria rhizophila,"",bacteria,false,,,,0.07895212996168,8,,,98.0,95.5,10^-49.8867,,,,,,,,,,,,,,,,,,0
71999,1,57493,Kocuria palustris,"",bacteria,false,,,,1.6185186642144398,164,2,143,95.675,310.827,10^-134.98,,,,,,0.05921409747126,6,,,100.0,29.3333,10^-9.57079,,,,,,0
1275,1,57493,Kocuria rosea,"",bacteria,false,,,,0.11842819494252,12,,,98.5006,90.75,10^-47.3395,,,,,,,,,,,,,,,,,,0
57133,2,57133,Hydnum,"",eukaryota,false,,,,,,,,,,,,,,,,0.00986901624521,1,,,95.5,22.0,10^-5.37366,,,,,[139363],0
139363,1,57133,Hydnum rufescens,"",eukaryota,false,,,,,,,,,,,,,,,,0.00986901624521,1,,,95.5,22.0,10^-5.37366,,,,,,0
57087,2,57087,Cyphelium,"",eukaryota,false,,,,0.00986901624521,1,,,100.0,100.0,10^-55.6982,,,,,,,,,,,,,,,,,[57088],0
57088,1,57087,Cyphelium inquinans,"",eukaryota,false,,,,0.00986901624521,1,,,100.0,100.0,10^-55.6982,,,,,,,,,,,,,,,,,,0
56999,2,56999,Amaricoccus,"",bacteria,false,,,,,,,,,,,,,,,,0.05921409747126,6,,,89.0667,27.3333,10^-7.71292,,,,,"[1985299, 1872485]",0
1985299,1,56999,Amaricoccus sp. HAR-UPW-R2A-40,"",bacteria,false,,,,,,,,,,,,,,,,0.03947606498084,4,,,100.0,25.0,10^-9.7382,,,,,,0
1872485,1,56999,Amaricoccus sp.,"",bacteria,false,,,,,,,,,,,,,,,,0.01973803249042,2,,,67.2,32.0,10^-3.66235,,,,,,0
56747,2,56747,Fibularhizoctonia,"",eukaryota,false,,,,,,,,,,,,,,,,0.07895212996168,8,,,87.4143,26.0,10^-6.17214,,,,,[436010],0
436010,1,56747,Fibularhizoctonia sp. CBS 109695,"",eukaryota,false,,,,,,,,,,,,,,,,0.07895212996168,8,,,87.4143,26.0,10^-6.17214,,,,,,0
56688,2,56688,Halorubrum,"",archaea,false,,,,0.00986901624521,1,,,79.762,84.0,10^-21.4647,,,,,,,,,,,,,,,,,[2527867],0
2527867,1,56688,Halorubrum sp. DM2,"",archaea,false,,,,0.00986901624521,1,,,79.762,84.0,10^-21.4647,,,,,,,,,,,,,,,,,,0
56587,2,56587,Furcula,"",eukaryota,false,,,,0.00986901624521,1,,,100.0,37.0,10^-12.9003,,,,,,,,,,,,,,,,,[987943],0
987943,1,56587,Furcula furcula,"",eukaryota,false,,,,0.00986901624521,1,,,100.0,37.0,10^-12.9003,,,,,,,,,,,,,,,,,,0
55968,2,55968,Leucobacter,"",bacteria,false,,,,0.00986901624521,1,,,100.0,99.0,10^-55.0164,,,,,,,,,,,,,,,,,[2932247],0
2932247,1,55968,Leucobacter allii,"",bacteria,false,,,,0.00986901624521,1,,,100.0,99.0,10^-55.0164,,,,,,,,,,,,,,,,,,0
55528,2,55528,Guillardia,"",eukaryota,false,,,,0.00986901624521,1,,,97.297,37.0,10^-11.528,,,,,,,,,,,,,,,,,[55529],0
55529,1,55528,Guillardia theta,"",eukaryota,false,,,,0.00986901624521,1,,,97.297,37.0,10^-11.528,,,,,,,,,,,,,,,,,,0
55512,2,55512,Pistacia,"",eukaryota,false,,,,0.01973803249042,2,,,88.1945,72.0,10^-24.9625,,,,,,0.00986901624521,1,,,83.3,30.0,10^-7.284,,,,,[55513],0
55513,1,55512,Pistacia vera,"",eukaryota,false,,,,0.01973803249042,2,,,88.1945,72.0,10^-24.9625,,,,,,0.00986901624521,1,,,83.3,30.0,10^-7.284,,,,,,0
55339,2,55339,Amylostereum,"",eukaryota,false,,,,0.00986901624521,1,,,96.04,101.0,10^-50.8906,,,,,,,,,,,,,,,,,[112237],0
112237,1,55339,Amylostereum laevigatum,"",eukaryota,false,,,,0.00986901624521,1,,,96.04,101.0,10^-50.8906,,,,,,,,,,,,,,,,,,0
55193,2,55193,Malassezia,"",eukaryota,false,,,,3.8291783031414797,388,4,131,97.6332,176.428,10^-81.9834,,,,,,1.7172088266665397,174,,,97.72,31.2118,10^-10.1636,,,,,"[2011732, 1821822, 1514897, 77020, 76777, 76775, 76774, 76773]",0
2011732,1,55193,Malassezia sp.,"",eukaryota,false,,,,0.02960704873563,3,,,99.67,101.0,10^-55.9226,,,,,,,,,,,,,,,,,,0
1821822,1,55193,Malassezia brasiliensis,"",eukaryota,false,,,,,,,,,,,,,,,,0.01973803249042,2,,,87.1,31.0,10^-8.07212,,,,,,0
1514897,1,55193,Malassezia arunalokei,"",eukaryota,false,,,,0.8092593321072199,82,,,99.1946,95.9605,10^-51.8462,,,,,,0.42436769854402995,43,,,97.4927,31.5122,10^-10.1042,,,,,,0
77020,1,55193,Malassezia pachydermatis,"",eukaryota,false,,,,,,,,,,,,,,,,0.02960704873563,3,,,82.5667,31.3333,10^-8.5776,,,,,,0
76777,1,55193,Malassezia sympodialis,"",eukaryota,false,,,,0.00986901624521,1,,,96.667,90.0,10^-44.765,,,,,,0.02960704873563,3,,,93.7333,32.3333,10^-10.4905,,,,,,0
76775,1,55193,Malassezia restricta,"",eukaryota,false,,,,2.1317075089653597,216,3,112,97.2243,227.142,10^-102.193,,,,,,0.8191283483524299,83,,,98.4605,31.716,10^-10.7046,,,,,,0
76774,1,55193,Malassezia obtusa,"",eukaryota,false,,,,0.00986901624521,1,,,100.0,85.0,10^-45.476,,,,,,,,,,,,,,,,,,0
76773,1,55193,Malassezia globosa,"",eukaryota,false,,,,0.8388663808428499,85,1,19,97.1575,125.446,10^-59.7897,,,,,,0.3947606498084,40,,,98.42,29.8,10^-9.32811,,,,,,0
55182,2,55182,Forsythia,"",eukaryota,false,,,,0.17764229241378,18,1,18,100.0,312.0,10^-160.83,,,,,,,,,,,,,,,,,[329231],0
329231,1,55182,Forsythia mandschurica,"",eukaryota,false,,,,0.17764229241378,18,1,18,100.0,312.0,10^-160.83,,,,,,,,,,,,,,,,,,0
55170,2,55170,Didymella,"",eukaryota,false,,,,,,,,,,,,,,,,0.01973803249042,2,,,100.0,27.0,10^-9.70997,,,,,[100019],0
100019,1,55170,Didymella exigua,"",eukaryota,false,,,,,,,,,,,,,,,,0.01973803249042,2,,,100.0,27.0,10^-9.70997,,,,,,0
55080,2,55080,Brevibacillus,"",bacteria,false,,,,,,,,,,,,,,,,0.01973803249042,2,,,76.95,32.5,10^-8.58866,,,,,"[54915, 51101]",0
54915,1,55080,Brevibacillus reuszeri,"",bacteria,false,,,,,,,,,,,,,,,,0.00986901624521,1,,,75.8,33.0,10^-9.13253,,,,,,0
51101,1,55080,Brevibacillus agri,"",bacteria,false,,,,,,,,,,,,,,,,0.00986901624521,1,,,78.1,32.0,10^-8.04479,,,,,,0
55079,2,55079,Aneurinibacillus,"",bacteria,false,,,,0.01973803249042,2,,,77.273,66.0,10^-11.9628,,,,,,,,,,,,,,,,,[143495],0
143495,1,55079,Aneurinibacillus thermoaerophilus,"",bacteria,false,,,,0.01973803249042,2,,,77.273,66.0,10^-11.9628,,,,,,,,,,,,,,,,,,0
55056,2,55056,Mamestra,"",eukaryota,false,,,,0.02960704873563,3,,,90.481,87.3333,10^-35.6291,,,,,,,,,,,,,,,,,[55057],0
55057,1,55056,Mamestra brassicae,cabbage moth,eukaryota,false,,,,0.02960704873563,3,,,90.481,87.3333,10^-35.6291,,,,,,,,,,,,,,,,,,0
54954,2,54954,Telopea,"",eukaryota,false,,,,,,,,,,,,,,,,0.01973803249042,2,,,100.0,32.5,10^-9.16266,,,,,[54955],0
54955,1,54954,Telopea speciosissima,"",eukaryota,false,,,,,,,,,,,,,,,,0.01973803249042,2,,,100.0,32.5,10^-9.16266,,,,,,0
54298,2,54298,Chroococcidiopsis,"",bacteria,false,,,,0.1973803249042,20,,,97.9961,88.5,10^-45.5385,,,,,,0.00986901624521,1,,,81.8,33.0,10^-4.95468,,,,,"[2653189, 1378066, 259957, 54299]",0
2653189,1,54298,Chroococcidiopsis sp. CCNUC1,"",bacteria,false,,,,0.02960704873563,3,,,100.0,67.6667,10^-33.7051,,,,,,,,,,,,,,,,,,0
1378066,1,54298,Chroococcidiopsis sp. TS-821,"",bacteria,false,,,,,,,,,,,,,,,,0.00986901624521,1,,,81.8,33.0,10^-4.95468,,,,,,0
259957,1,54298,uncultured Chroococcidiopsis sp.,"",bacteria,false,,,,0.15790425992336,16,,,97.4952,91.625,10^-47.0797,,,,,,,,,,,,,,,,,,0
54299,1,54298,Chroococcidiopsis thermalis,"",bacteria,false,,,,0.00986901624521,1,,,100.0,101.0,10^-56.3801,,,,,,,,,,,,,,,,,,0
54066,2,54066,Xylophilus,"",bacteria,false,,,,0.01973803249042,2,,,97.619,42.0,10^-14.9038,,,,,,,,,,,,,,,,,[2697032],0
2697032,1,54066,Xylophilus rhododendri,"",bacteria,false,,,,0.01973803249042,2,,,97.619,42.0,10^-14.9038,,,,,,,,,,,,,,,,,,0
53922,2,53922,Senna,"",eukaryota,false,,,,,,,,,,,,,,,,0.17764229241378,18,1,18,86.667,90.0,10^-48.6421,,,,,[362788],0
362788,1,53922,Senna tora,"",eukaryota,false,,,,,,,,,,,,,,,,0.17764229241378,18,1,18,86.667,90.0,10^-48.6421,,,,,,0
53894,2,53894,Luetzelburgia,"",eukaryota,false,,,,0.00986901624521,1,,,100.0,80.0,10^-42.0714,,,,,,,,,,,,,,,,,[212698],0
212698,1,53894,Luetzelburgia bahiensis,"",eukaryota,false,,,,0.00986901624521,1,,,100.0,80.0,10^-42.0714,,,,,,,,,,,,,,,,,,0
53551,2,53551,Sabethes,"",eukaryota,false,,,,0.14803524367815,15,,,91.6428,49.9231,10^-15.318,,,,,,0.9375565432949499,95,,,81.783,29.5745,10^-6.56431,,,,,[53552],0
53552,1,53551,Sabethes cyaneus,"",eukaryota,false,,,,0.14803524367815,15,,,91.6428,49.9231,10^-15.318,,,,,,0.9375565432949499,95,,,81.783,29.5745,10^-6.56431,,,,,,0
53457,2,53457,Janibacter,"",bacteria,false,,,,0.10855917869731,11,,,96.758,92.9091,10^-46.75,,,,,,0.03947606498084,4,,,99.25,33.0,10^-10.0995,,,,,"[3028808, 1285192, 1069963, 262209]",0
3028808,1,53457,Janibacter sp. DB-40,"",bacteria,false,,,,0.00986901624521,1,,,96.875,96.0,10^-48.8541,,,,,,,,,,,,,,,,,,0
1285192,1,53457,Janibacter cremeus,"",bacteria,false,,,,0.00986901624521,1,,,97.03,101.0,10^-52.2629,,,,,,,,,,,,,,,,,,0
1069963,1,53457,Janibacter alkaliphilus,"",bacteria,false,,,,,,,,,,,,,,,,0.01973803249042,2,,,100.0,33.0,10^-10.2784,,,,,,0
262209,1,53457,Janibacter melonis,"",bacteria,false,,,,0.08882114620689,9,,,96.7148,91.6667,10^-45.9036,,,,,,0.01973803249042,2,,,98.5,33.0,10^-9.92059,,,,,,0
53387,2,53387,Friedmanniella,"",bacteria,false,,,,0.08882114620689,9,,,94.9148,95.3333,10^-46.1171,,,,,,,,,,,,,,,,,[546871],0
546871,1,53387,Friedmanniella luteola,"",bacteria,false,,,,0.08882114620689,9,,,94.9148,95.3333,10^-46.1171,,,,,,,,,,,,,,,,,,0
53365,2,53365,Catellatospora,"",bacteria,false,,,,0.01973803249042,2,,,98.5,99.5,10^-53.2988,,,,,,,,,,,,,,,,,[2728827],0
2728827,1,53365,Catellatospora sp. IY07-71,"",bacteria,false,,,,0.01973803249042,2,,,98.5,99.5,10^-53.2988,,,,,,,,,,,,,,,,,,0
53357,2,53357,Intrasporangium,"",bacteria,false,,,,0.03947606498084,4,,,95.3725,88.75,10^-41.8562,,,,,,,,,,,,,,,,,[53358],0
53358,1,53357,Intrasporangium calvum,"",bacteria,false,,,,0.03947606498084,4,,,95.3725,88.75,10^-41.8562,,,,,,,,,,,,,,,,,,0
53355,2,53355,Terrabacter,"",bacteria,false,,,,0.00986901624521,1,,,99.01,101.0,10^-55.0077,,,,,,0.00986901624521,1,,,97.0,33.0,10^-10.6498,,,,,"[2766778, 1391377]",0
2766778,1,53355,Terrabacter sp. MAHUQ-38,"",bacteria,false,,,,,,,,,,,,,,,,0.00986901624521,1,,,97.0,33.0,10^-10.6498,,,,,,0
1391377,1,53355,Terrabacter sp. 7B-390,"",bacteria,false,,,,0.00986901624521,1,,,99.01,101.0,10^-55.0077,,,,,,,,,,,,,,,,,,0
53335,2,53335,Pantoea,"",bacteria,false,,,,2.3290878338695595,236,,,99.427,95.0812,10^-51.6394,,,,,,0.9967706407662099,101,,,96.5,30.1313,10^-11.4182,,,,,"[3098669, 3074822, 3016792, 2886821, 2787629, 2608354, 2364647, 2184004, 2052056, 1484158, 1076551, 472695, 472693, 470934, 470932, 470931, 69393, 66269, 59814, 55209, 553, 549]",0
3098669,1,53335,Pantoea soli,"",bacteria,false,,,,0.01973803249042,2,,,100.0,96.0,10^-52.9712,,,,,,,,,,,,,,,,,,0
3074822,1,53335,Pantoea alfalfae,"",bacteria,false,,,,0.01973803249042,2,,,100.0,101.0,10^-56.3801,,,,,,,,,,,,,,,,,,0
3016792,1,53335,Pantoea sp. QMID3,"",bacteria,false,,,,,,,,,,,,,,,,0.01973803249042,2,,,96.6,29.5,10^-10.0306,,,,,,0
2886821,1,53335,Pantoea sp. Z09,"",bacteria,false,,,,0.01973803249042,2,,,95.9015,81.0,10^-39.3349,,,,,,,,,,,,,,,,,,0
2787629,1,53335,Pantoea sp. SM3640,"",bacteria,false,,,,0.01973803249042,2,,,96.753,89.0,10^-44.7738,,,,,,,,,,,,,,,,,,0
2608354,1,53335,Pantoea communis,"",bacteria,false,,,,,,,,,,,,,,,,0.00986901624521,1,,,100.0,33.0,10^-11.3215,,,,,,0
2364647,1,53335,Pantoea piersonii,"",bacteria,false,,,,0.06908311371647,7,,,98.1566,87.1429,10^-45.3756,,,,,,,,,,,,,,,,,,0
2184004,1,53335,Pantoea sp. AG1095,"",bacteria,false,,,,,,,,,,,,,,,,0.00986901624521,1,,,97.0,33.0,10^-10.5143,,,,,,0
2052056,1,53335,Pantoea phytobeneficialis,"",bacteria,false,,,,,,,,,,,,,,,,0.03947606498084,4,,,92.575,29.0,10^-8.98587,,,,,,0
1484158,1,53335,Pantoea sp. PSNIH1,"",bacteria,false,,,,0.02960704873563,3,,,99.34,87.6667,10^-46.3799,,,,,,,,,,,,,,,,,,0
1076551,1,53335,Pantoea wallisii,"",bacteria,false,,,,0.00986901624521,1,,,98.0,100.0,10^-52.9535,,,,,,,,,,,,,,,,,,0
472695,1,53335,Pantoea septica,"",bacteria,false,,,,0.01973803249042,2,,,93.103,87.0,10^-38.604,,,,,,,,,,,,,,,,,,0
472693,1,53335,Pantoea eucrina,"",bacteria,false,,,,0.03947606498084,4,,,99.7525,71.75,10^-35.8095,,,,,,,,,,,,,,,,,,0
470934,1,53335,Pantoea vagans,"",bacteria,false,,,,0.11842819494252,12,,,98.7163,98.5,10^-53.0755,,,,,,0.00986901624521,1,,,100.0,33.0,10^-12.0088,,,,,,0
470932,1,53335,Pantoea deleyi,"",bacteria,false,,,,0.00986901624521,1,,,99.01,101.0,10^-55.0077,,,,,,,,,,,,,,,,,,0
470931,1,53335,Pantoea anthophila,"",bacteria,false,,,,0.07895212996168,8,,,100.0,100.75,10^-56.038,,,,,,,,,,,,,,,,,,0
69393,1,53335,Pantoea sp.,"",bacteria,false,,,,0.00986901624521,1,,,100.0,71.0,10^-35.9476,,,,,,0.00986901624521,1,,,84.8,33.0,10^-8.48678,,,,,,0
66269,1,53335,Pantoea stewartii,"",bacteria,false,,,,0.02960704873563,3,,,97.6537,97.6667,10^-50.9057,,,,,,,,,,,,,,,,,,0
59814,1,53335,Pantoea dispersa,"",bacteria,false,,,,1.03624670574705,105,,,99.7713,94.932,10^-51.9278,,,,,,0.00986901624521,1,,,96.9,32.0,10^-11.8539,,,,,,0
55209,1,53335,Pantoea cypripedii,"",bacteria,false,,,,,,,,,,,,,,,,0.03947606498084,4,,,81.7,34.25,10^-6.93387,,,,,,0
553,1,53335,Pantoea ananatis,"",bacteria,false,,,,0.43423671478924,44,,,99.6841,98.3409,10^-54.1313,,,,,,0.8388663808428499,85,,,97.4036,29.8072,10^-11.8129,,,,,,0
549,1,53335,Pantoea agglomerans,"",bacteria,false,,,,0.36515360107276995,37,,,99.2748,95.2162,10^-51.549,,,,,,0.00986901624521,1,,,100.0,33.0,10^-12.0097,,,,,,0
53246,2,53246,Pseudoalteromonas,"",bacteria,false,,,,0.00986901624521,1,,,95.0,100.0,10^-48.8363,,,,,,27.199008771798756,2756,3,2752,79.6068,57.3654,10^-22.9769,,,,,"[2066515, 166935]",0
2066515,1,53246,Pseudoalteromonas sp. S558,"",bacteria,false,,,,,,,,,,,,,,,,27.199008771798756,2756,3,2752,79.6068,57.3654,10^-22.9769,,,,,,0
166935,1,53246,Pseudoalteromonas translucida,"",bacteria,false,,,,0.00986901624521,1,,,95.0,100.0,10^-48.8363,,,,,,,,,,,,,,,,,,0
52959,2,52959,Polaribacter,"",bacteria,false,,,,0.01973803249042,2,,,96.528,79.0,10^-37.9615,,,,,,,,,,,,,,,,,"[1574269, 174711]",0
1574269,1,52959,Polaribacter undariae,"",bacteria,false,,,,0.00986901624521,1,,,93.056,72.0,10^-29.7658,,,,,,,,,,,,,,,,,,0
174711,1,52959,uncultured Polaribacter sp.,"",bacteria,false,,,,0.00986901624521,1,,,100.0,86.0,10^-46.1571,,,,,,,,,,,,,,,,,,0
52282,2,52282,Sarcoptes,"",eukaryota,false,,,,,,,,,,,,,,,,0.03947606498084,4,,,78.825,31.75,10^-9.23003,,,,,[52283],1
52283,1,52282,Sarcoptes scabiei,"",eukaryota,false,,,,,,,,,,,,,,,,0.03947606498084,4,,,78.825,31.75,10^-9.23003,,,,,,1
51727,2,51727,Chloromonas,"",eukaryota,false,,,,0.01973803249042,2,,,95.0,80.0,10^-36.5819,,,,,,,,,,,,,,,,,"[2855852, 87090]",0
2855852,1,51727,Chloromonas sp. CCCryo081-99,"",eukaryota,false,,,,0.00986901624521,1,,,95.0,80.0,10^-36.5819,,,,,,,,,,,,,,,,,,0
87090,1,51727,Chloromonas insignis,"",eukaryota,false,,,,0.00986901624521,1,,,95.0,80.0,10^-36.5819,,,,,,,,,,,,,,,,,,0
51654,2,51654,Plutella,"",eukaryota,false,,,,,,,,,,,,,,,,0.00986901624521,1,,,75.9,29.0,10^-8.34969,,,,,[51655],0
51655,1,51654,Plutella xylostella,diamondback moth,eukaryota,false,,,,,,,,,,,,,,,,0.00986901624521,1,,,75.9,29.0,10^-8.34969,,,,,,0
51502,2,51502,Cynomorium,"",eukaryota,false,,,,0.00986901624521,1,,,99.01,101.0,10^-55.0077,,,,,,,,,,,,,,,,,[51503],0
51503,1,51502,Cynomorium coccineum,"",eukaryota,false,,,,0.00986901624521,1,,,99.01,101.0,10^-55.0077,,,,,,,,,,,,,,,,,,0
51366,2,51366,Salinivibrio,"",bacteria,false,,,,0.00986901624521,1,,,95.0,60.0,10^-24.3555,,,,,,0.00986901624521,1,,,60.6,33.0,10^-3.86012,,,,,"[1909477, 1908198]",0
1909477,1,51366,Salinivibrio sp. ML328B,"",bacteria,false,,,,0.00986901624521,1,,,95.0,60.0,10^-24.3555,,,,,,,,,,,,,,,,,,0
1908198,1,51366,Salinivibrio kushneri,"",bacteria,false,,,,,,,,,,,,,,,,0.00986901624521,1,,,60.6,33.0,10^-3.86012,,,,,,0
51293,2,51293,Capitella,"",eukaryota,false,,,,,,,,,,,,,,,,0.02960704873563,3,,,92.7667,32.6667,10^-10.7247,,,,,[283909],0
283909,1,51293,Capitella teleta,"",eukaryota,false,,,,,,,,,,,,,,,,0.02960704873563,3,,,92.7667,32.6667,10^-10.7247,,,,,,0
51238,2,51238,Vanilla,"",eukaryota,false,,,,,,,,,,,,,,,,0.02960704873563,3,,,67.4,32.6667,10^-3.91088,,,,,[51239],0
51239,1,51238,Vanilla planifolia,"",eukaryota,false,,,,,,,,,,,,,,,,0.02960704873563,3,,,67.4,32.6667,10^-3.91088,,,,,,0
51027,2,51027,Enterobius,"",eukaryota,false,,,,,,,,,,,,,,,,2.0231483302680497,205,1,185,98.209,93.7882,10^-58.3571,,,,,[51028],1
51028,1,51027,Enterobius vermicularis,human pinworm,eukaryota,false,,,,,,,,,,,,,,,,2.0231483302680497,205,1,185,98.209,93.7882,10^-58.3571,,,,,,1
50935,2,50935,Physcia,"",eukaryota,false,,,,0.00986901624521,1,,,98.99,99.0,10^-53.644,,,,,,,,,,,,,,,,,[50936],0
50936,1,50935,Physcia aipolia,"",eukaryota,false,,,,0.00986901624521,1,,,98.99,99.0,10^-53.644,,,,,,,,,,,,,,,,,,0
50582,2,50582,Ephemera,"",eukaryota,false,,,,,,,,,,,,,,,,12.582995712642749,1275,3,1264,68.2364,90.8292,10^-30.6088,,,,,[1049336],0
1049336,1,50582,Ephemera danica,"",eukaryota,false,,,,,,,,,,,,,,,,12.582995712642749,1275,3,1264,68.2364,90.8292,10^-30.6088,,,,,,0
50385,2,50385,Diabrotica,"",eukaryota,false,,,,,,,,,,,,,,,,0.05921409747126,6,,,68.25,31.5,10^-5.46423,,,,,[50389],0
50389,1,50385,Diabrotica virgifera,"",eukaryota,false,,,,,,,,,,,,,,,,0.05921409747126,6,,,68.25,31.5,10^-5.46423,,,,,,0
50154,2,50154,Ombrophytum,"",eukaryota,false,,,,0.00986901624521,1,,,97.03,101.0,10^-52.2629,,,,,,0.10855917869731,11,1,11,97.222,72.0,10^-46.1938,,,,,[50155],0
50155,1,50154,Ombrophytum subterraneum,"",eukaryota,false,,,,0.00986901624521,1,,,97.03,101.0,10^-52.2629,,,,,,0.10855917869731,11,1,11,97.222,72.0,10^-46.1938,,,,,,0
49800,2,49800,Cercis,"",eukaryota,false,,,,0.00986901624521,1,,,100.0,101.0,10^-56.3801,,,,,,,,,,,,,,,,,[49801],0
49801,1,49800,Cercis canadensis,"",eukaryota,false,,,,0.00986901624521,1,,,100.0,101.0,10^-56.3801,,,,,,,,,,,,,,,,,,0
49184,2,49184,Kineosporia,"",bacteria,false,,,,,,,,,,,,,,,,0.08882114620689,9,,,74.7,29.5,10^-5.02251,,,,,"[3032199, 3032197]",0
3032199,1,49184,Kineosporia sp. NBRC 101731,"",bacteria,false,,,,,,,,,,,,,,,,0.06908311371647,7,,,72.9667,30.0,10^-4.91493,,,,,,0
3032197,1,49184,Kineosporia sp. NBRC 101677,"",bacteria,false,,,,,,,,,,,,,,,,0.01973803249042,2,,,79.9,28.0,10^-5.34525,,,,,,0
49082,2,49082,Candidatus Arthromitus,"",bacteria,false,,,,,,,,,,,,,,,,0.01973803249042,2,,,73.7,30.5,10^-5.28764,,,,,[1840217],0
1840217,1,49082,Candidatus Arthromitus sp. SFB-turkey,"",bacteria,false,,,,,,,,,,,,,,,,0.01973803249042,2,,,73.7,30.5,10^-5.28764,,,,,,0
48858,2,48858,Nephroma,"",eukaryota,false,,,,0.00986901624521,1,,,100.0,99.0,10^-55.0164,,,,,,,,,,,,,,,,,[203386],0
203386,1,48858,Nephroma laevigatum,"",eukaryota,false,,,,0.00986901624521,1,,,100.0,99.0,10^-55.0164,,,,,,,,,,,,,,,,,,0
48736,2,48736,Ralstonia,"",bacteria,false,,,,0.05921409747126,6,,,98.0843,93.8333,10^-49.2082,,,,,,0.02960704873563,3,,,97.9667,30.3333,10^-10.4331,,,,,"[2842456, 190721, 114715, 329, 305]",1
2842456,1,48736,Ralstonia wenshanensis,"",bacteria,false,,,,0.01973803249042,2,,,94.253,87.0,10^-39.9764,,,,,,,,,,,,,,,,,,0
190721,1,48736,Ralstonia insidiosa,"",bacteria,false,,,,0.01973803249042,2,,,100.0,101.0,10^-56.3801,,,,,,,,,,,,,,,,,,0
114715,1,48736,uncultured Ralstonia sp.,"",bacteria,false,,,,,,,,,,,,,,,,0.00986901624521,1,,,93.9,33.0,10^-8.74958,,,,,,0
329,1,48736,Ralstonia pickettii,"",bacteria,false,,,,,,,,,,,,,,,,0.01973803249042,2,,,100.0,29.0,10^-11.2749,,,,,,1
305,1,48736,Ralstonia solanacearum,"",bacteria,false,,,,0.01973803249042,2,,,100.0,93.5,10^-51.2682,,,,,,,,,,,,,,,,,,0
48720,2,48720,Andrena,sand bees,eukaryota,false,,,,0.00986901624521,1,,,97.222,36.0,10^-10.8537,,,,,,,,,,,,,,,,,[444401],0
444401,1,48720,Andrena haemorrhoa,"",eukaryota,false,,,,0.00986901624521,1,,,97.222,36.0,10^-10.8537,,,,,,,,,,,,,,,,,,0
48558,2,48558,Pyricularia,"",eukaryota,false,,,,0.03947606498084,4,,,100.0,93.5,10^-51.2686,,,,,,,,,,,,,,,,,"[318829, 148305]",0
318829,1,48558,Pyricularia oryzae,"",eukaryota,false,,,,0.02960704873563,3,,,100.0,91.0,10^-49.5648,,,,,,,,,,,,,,,,,,0
148305,1,48558,Pyricularia grisea,"",eukaryota,false,,,,0.00986901624521,1,,,100.0,101.0,10^-56.3801,,,,,,,,,,,,,,,,,,0
48385,2,48385,Perilla,"",eukaryota,false,,,,0.00986901624521,1,,,100.0,100.0,10^-55.6982,,,,,,0.00986901624521,1,,,100.0,29.0,10^-11.0841,,,,,[48386],0
48386,1,48385,Perilla frutescens,"",eukaryota,false,,,,0.00986901624521,1,,,100.0,100.0,10^-55.6982,,,,,,0.00986901624521,1,,,100.0,29.0,10^-11.0841,,,,,,0
48237,2,48237,Neoalsomitra,"",eukaryota,false,,,,0.00986901624521,1,,,99.01,101.0,10^-55.0077,,,,,,,,,,,,,,,,,[48238],0
48238,1,48237,Neoalsomitra sarcophylla,"",eukaryota,false,,,,0.00986901624521,1,,,99.01,101.0,10^-55.0077,,,,,,,,,,,,,,,,,,0
47833,2,47833,Zeugodacus,"",eukaryota,false,,,,,,,,,,,,,,,,0.00986901624521,1,,,73.3,30.0,10^-3.31605,,,,,[28588],0
28588,1,47833,Zeugodacus cucurbitae,melon fly,eukaryota,false,,,,,,,,,,,,,,,,0.00986901624521,1,,,73.3,30.0,10^-3.31605,,,,,,0
47830,2,47830,Lachnellula,"",eukaryota,false,,,,,,,,,,,,,,,,1.01650867325663,103,2,92,66.5463,105.351,10^-35.6452,,,,,"[1316788, 1316786, 602035, 602034, 215460]",0
1316788,1,47830,Lachnellula hyalina,"",eukaryota,false,,,,,,,,,,,,,,,,0.00986901624521,1,,,88.0,25.0,10^-5.60907,,,,,,0
1316786,1,47830,Lachnellula cervina,"",eukaryota,false,,,,,,,,,,,,,,,,0.00986901624521,1,,,88.5,26.0,10^-5.71897,,,,,,0
602035,1,47830,Lachnellula suecica,"",eukaryota,false,,,,,,,,,,,,,,,,0.8487353970880599,86,1,81,66.9697,116.387,10^-41.2936,,,,,,0
602034,1,47830,Lachnellula subtilissima,"",eukaryota,false,,,,,,,,,,,,,,,,0.10855917869731,11,1,11,52.174,69.0,10^-11.3585,,,,,,0
215460,1,47830,Lachnellula occidentalis,"",eukaryota,false,,,,,,,,,,,,,,,,0.03947606498084,4,,,86.75,24.5,10^-4.45589,,,,,,0
47766,2,47766,Agrotis,"",eukaryota,false,,,,0.00986901624521,1,,,91.525,59.0,10^-20.9319,,,,,,,,,,,,,,,,,[215162],0
215162,1,47766,Agrotis exclamationis,heart and dart moth,eukaryota,false,,,,0.00986901624521,1,,,91.525,59.0,10^-20.9319,,,,,,,,,,,,,,,,,,0
47747,2,47747,Hyaloscypha,"",eukaryota,false,,,,,,,,,,,,,,,,0.02960704873563,3,,,90.7667,32.6667,10^-9.52037,,,,,"[2614599, 2482753, 2082293]",0
2614599,1,47747,Hyaloscypha sp. PMI_1271,"",eukaryota,false,,,,,,,,,,,,,,,,0.00986901624521,1,,,90.9,33.0,10^-7.93554,,,,,,0
2482753,1,47747,Hyaloscypha finlandica,"",eukaryota,false,,,,,,,,,,,,,,,,0.00986901624521,1,,,87.5,32.0,10^-10.3507,,,,,,0
2082293,1,47747,Hyaloscypha hepaticicola,"",eukaryota,false,,,,,,,,,,,,,,,,0.00986901624521,1,,,93.9,33.0,10^-10.2749,,,,,,0
47720,2,47720,Lyophyllum,"",eukaryota,false,,,,0.01973803249042,2,,,86.957,92.0,10^-33.7765,,,,,,,,,,,,,,,,,[64660],0
64660,1,47720,Lyophyllum decastes,"",eukaryota,false,,,,0.01973803249042,2,,,86.957,92.0,10^-33.7765,,,,,,,,,,,,,,,,,,0
47670,2,47670,Lautropia,"",bacteria,false,,,,0.03947606498084,4,,,100.0,93.0,10^-50.928,,,,,,,,,,,,,,,,,[47671],0
47671,1,47670,Lautropia mirabilis,"",bacteria,false,,,,0.03947606498084,4,,,100.0,93.0,10^-50.928,,,,,,,,,,,,,,,,,,0
47605,2,47605,Hibiscus,"",eukaryota,false,,,,,,,,,,,,,,,,0.02960704873563,3,,,100.0,23.6667,10^-5.64737,,,,,[183268],0
183268,1,47605,Hibiscus trionum,"",eukaryota,false,,,,,,,,,,,,,,,,0.02960704873563,3,,,100.0,23.6667,10^-5.64737,,,,,,0
47424,2,47424,Armillaria,"",eukaryota,false,,,,,,,,,,,,,,,,0.01973803249042,2,,,87.05,27.0,10^-6.6527,,,,,[47428],0
47428,1,47424,Armillaria ostoyae,"",eukaryota,false,,,,,,,,,,,,,,,,0.01973803249042,2,,,87.05,27.0,10^-6.6527,,,,,,0
47420,2,47420,Hydrogenophaga,"",bacteria,false,,,,0.02960704873563,3,,,98.6533,98.6667,10^-52.9593,,,,,,,,,,,,,,,,,[65656],0
65656,1,47420,Hydrogenophaga taeniospiralis,"",bacteria,false,,,,0.02960704873563,3,,,98.6533,98.6667,10^-52.9593,,,,,,,,,,,,,,,,,,0
47284,2,47284,Pleodorina,"",eukaryota,false,,,,,,,,,,,,,,,,0.01973803249042,2,,,100.0,31.0,10^-10.8356,,,,,[330485],0
330485,1,47284,Pleodorina starrii,"",eukaryota,false,,,,,,,,,,,,,,,,0.01973803249042,2,,,100.0,31.0,10^-10.8356,,,,,,0
47251,2,47251,Leptolyngbya,"",bacteria,false,,,,0.02960704873563,3,,,89.1953,95.0,10^-38.5663,,,,,,,,,,,,,,,,,"[2819933, 2812896]",0
2819933,1,47251,Leptolyngbya sp. 15MV,"",bacteria,false,,,,0.01973803249042,2,,,84.783,92.0,10^-31.0317,,,,,,,,,,,,,,,,,,0
2812896,1,47251,Leptolyngbya sp. 7M,"",bacteria,false,,,,0.00986901624521,1,,,98.02,101.0,10^-53.6353,,,,,,,,,,,,,,,,,,0
46968,2,46968,Thalictrum,"",eukaryota,false,,,,,,,,,,,,,,,,0.03947606498084,4,,,65.475,26.0,10^-3.95807,,,,,[46969],0
46969,1,46968,Thalictrum thalictroides,"",eukaryota,false,,,,,,,,,,,,,,,,0.03947606498084,4,,,65.475,26.0,10^-3.95807,,,,,,0
46913,2,46913,Devosia,"",bacteria,false,,,,0.04934508122605,5,,,97.5786,97.4,10^-50.6332,,,,,,,,,,,,,,,,,"[3026161, 1736675]",0
3026161,1,46913,Devosia sp. J2-20,"",bacteria,false,,,,0.01973803249042,2,,,100.0,101.0,10^-56.3801,,,,,,,,,,,,,,,,,,0
1736675,1,46913,Devosia sp. A16,"",bacteria,false,,,,0.02960704873563,3,,,95.9643,95.0,10^-46.8019,,,,,,,,,,,,,,,,,,0
46786,2,46786,Polygonum,"",eukaryota,false,,,,0.00986901624521,1,,,100.0,75.0,10^-38.6685,,,,,,,,,,,,,,,,,[137693],0
137693,1,46786,Polygonum aviculare,"",eukaryota,false,,,,0.00986901624521,1,,,100.0,75.0,10^-38.6685,,,,,,,,,,,,,,,,,,0
46366,2,46366,Bupleurum,"",eukaryota,false,,,,0.00986901624521,1,,,100.0,72.0,10^-36.6277,,,,,,,,,,,,,,,,,[359505],0
359505,1,46366,Bupleurum angustissimum,"",eukaryota,false,,,,0.00986901624521,1,,,100.0,72.0,10^-36.6277,,,,,,,,,,,,,,,,,,0
46352,2,46352,Agrococcus,"",bacteria,false,,,,0.07895212996168,8,,,93.744,82.0,10^-36.2345,,,,,,0.04934508122605,5,,,95.76,29.6,10^-7.84017,,,,,"[2933290, 2810513, 2599924, 1872417, 684552, 46353]",0
2933290,1,46352,Agrococcus sp. SCSIO52902,"",bacteria,false,,,,0.00986901624521,1,,,89.655,58.0,10^-18.8808,,,,,,,,,,,,,,,,,,0
2810513,1,46352,Agrococcus sp. Marseille-Q4369,"",bacteria,false,,,,0.01973803249042,2,,,94.7235,88.5,10^-41.0026,,,,,,0.01973803249042,2,,,100.0,24.5,10^-4.90987,,,,,,0
2599924,1,46352,Agrococcus sediminis,"",bacteria,false,,,,,,,,,,,,,,,,0.00986901624521,1,,,78.8,33.0,10^-6.17653,,,,,,0
1872417,1,46352,Agrococcus sp.,"",bacteria,false,,,,0.01973803249042,2,,,97.368,76.0,10^-36.6042,,,,,,,,,,,,,,,,,,0
684552,1,46352,Agrococcus carbonis,"",bacteria,false,,,,0.02960704873563,3,,,92.038,89.6667,10^-38.5939,,,,,,,,,,,,,,,,,,0
46353,1,46352,Agrococcus jenensis,"",bacteria,false,,,,,,,,,,,,,,,,0.01973803249042,2,,,100.0,33.0,10^-11.6023,,,,,,0
46347,2,46347,Glycyrrhiza,"",eukaryota,false,,,,0.01973803249042,2,,,100.0,101.0,10^-56.3801,,,,,,,,,,,,,,,,,[49827],0
49827,1,46347,Glycyrrhiza glabra,"",eukaryota,false,,,,0.01973803249042,2,,,100.0,101.0,10^-56.3801,,,,,,,,,,,,,,,,,,0
46332,2,46332,Rhynchospora,"",eukaryota,false,,,,,,,,,,,,,,,,0.15790425992336,16,,,78.625,30.0625,10^-7.30218,,,,,"[2022672, 906938, 198213]",0
2022672,1,46332,Rhynchospora breviuscula,"",eukaryota,false,,,,,,,,,,,,,,,,0.12829721118773,13,,,81.3846,29.6154,10^-8.01038,,,,,,0
906938,1,46332,Rhynchospora pubera,"",eukaryota,false,,,,,,,,,,,,,,,,0.01973803249042,2,,,67.2,32.0,10^-4.76207,,,,,,0
198213,1,46332,Rhynchospora tenuis,"",eukaryota,false,,,,,,,,,,,,,,,,0.00986901624521,1,,,65.6,32.0,10^-3.17587,,,,,,0
46255,2,46255,Weissella,"",bacteria,false,,,,0.01973803249042,2,,,100.0,101.0,10^-56.3801,,,,,,0.10855917869731,11,,,85.7091,29.2727,10^-7.42919,,,,,"[165096, 137591, 1629, 1583]",0
165096,1,46255,Weissella koreensis,"",bacteria,false,,,,,,,,,,,,,,,,0.01973803249042,2,,,76.0,25.0,10^-4.57512,,,,,,0
137591,1,46255,Weissella cibaria,"",bacteria,false,,,,0.00986901624521,1,,,100.0,101.0,10^-56.3801,,,,,,,,,,,,,,,,,,0
1629,1,46255,Weissella viridescens,"",bacteria,false,,,,,,,,,,,,,,,,0.06908311371647,7,,,91.2571,31.7143,10^-9.46443,,,,,,0
1583,1,46255,Weissella confusa,"",bacteria,false,,,,0.00986901624521,1,,,100.0,101.0,10^-56.3801,,,,,,0.01973803249042,2,,,76.0,25.0,10^-3.15989,,,,,,0
46239,2,46239,Mesoplasma,"",bacteria,false,,,,,,,,,,,,,,,,0.00986901624521,1,,,81.8,22.0,10^-3.71897,,,,,[138853],0
138853,1,46239,Mesoplasma lactucae,"",bacteria,false,,,,,,,,,,,,,,,,0.00986901624521,1,,,81.8,22.0,10^-3.71897,,,,,,0
46207,2,46207,Toxorhynchites,"",eukaryota,false,,,,0.14803524367815,15,,,93.8168,70.4667,10^-28.9302,,,,,,0.86847342957848,88,,,81.0471,29.6437,10^-6.30306,,,,,[53553],0
53553,1,46207,Toxorhynchites rutilus,"",eukaryota,false,,,,0.14803524367815,15,,,93.8168,70.4667,10^-28.9302,,,,,,0.86847342957848,88,,,81.0471,29.6437,10^-6.30306,,,,,,0
46123,2,46123,Abiotrophia,"",bacteria,false,,,,0.21711835739462,22,,,98.9789,96.0455,10^-51.5691,,,,,,0.03947606498084,4,,,98.35,31.75,10^-11.3936,,,,,"[1581061, 46125]",1
1581061,1,46123,Abiotrophia sp. HMSC24B09,"",bacteria,false,,,,,,,,,,,,,,,,0.00986901624521,1,,,96.4,28.0,10^-7.17134,,,,,,0
46125,1,46123,Abiotrophia defectiva,"",bacteria,false,,,,0.21711835739462,22,,,98.9789,96.0455,10^-51.5691,,,,,,0.02960704873563,3,,,99.0,33.0,10^-12.801,,,,,,1
46053,2,46053,Euphrasia,"",eukaryota,false,,,,0.01973803249042,2,,,100.0,88.0,10^-47.5243,,,,,,,,,,,,,,,,,[475003],0
475003,1,46053,Euphrasia confusa,"",eukaryota,false,,,,0.01973803249042,2,,,100.0,88.0,10^-47.5243,,,,,,,,,,,,,,,,,,0
45829,2,45829,Lanspora,"",eukaryota,false,,,,0.01973803249042,2,,,96.134,92.5,10^-45.7842,,,,,,,,,,,,,,,,,[45830],0
45830,1,45829,Lanspora coronata,"",eukaryota,false,,,,0.01973803249042,2,,,96.134,92.5,10^-45.7842,,,,,,,,,,,,,,,,,,0
45669,2,45669,Salinicoccus,"",bacteria,false,,,,0.05921409747126,6,,,98.9608,97.3333,10^-52.5084,,,,,,0.05921409747126,6,,,97.4333,29.6667,10^-8.86829,,,,,"[2820269, 2493691, 1484093, 1437774, 576118, 407035, 45670]",0
2820269,1,45669,Salinicoccus sp. ID82-1,"",bacteria,false,,,,,,,,,,,,,,,,0.00986901624521,1,,,92.3,26.0,10^-4.00436,,,,,,0
2493691,1,45669,Salinicoccus cyprini,"",bacteria,false,,,,,,,,,,,,,,,,0.00986901624521,1,,,92.3,26.0,10^-4.00436,,,,,,0
1484093,1,45669,Salinicoccus sp. L21-PYE-C40,"",bacteria,false,,,,0.00986901624521,1,,,98.837,86.0,10^-44.7847,,,,,,,,,,,,,,,,,,0
1437774,1,45669,Salinicoccus sp. BAB 3246,"",bacteria,false,,,,0.02960704873563,3,,,99.67,100.667,10^-55.6953,,,,,,,,,,,,,,,,,,0
576118,1,45669,Salinicoccus qingdaonensis,"",bacteria,false,,,,,,,,,,,,,,,,0.01973803249042,2,,,100.0,33.0,10^-12.5479,,,,,,0
407035,1,45669,Salinicoccus halodurans,"",bacteria,false,,,,0.01973803249042,2,,,97.959,98.0,10^-51.5899,,,,,,,,,,,,,,,,,,0
45670,1,45669,Salinicoccus roseus,"",bacteria,false,,,,,,,,,,,,,,,,0.01973803249042,2,,,100.0,30.0,10^-10.0526,,,,,,0
45667,2,45667,Halobacillus,"",bacteria,false,,,,,,,,,,,,,,,,0.01973803249042,2,,,92.15,30.5,10^-9.51808,,,,,"[360184, 195088]",0
360184,1,45667,Halobacillus faecis,"",bacteria,false,,,,,,,,,,,,,,,,0.00986901624521,1,,,96.4,28.0,10^-9.99568,,,,,,0
195088,1,45667,Halobacillus karajensis,"",bacteria,false,,,,,,,,,,,,,,,,0.00986901624521,1,,,87.9,33.0,10^-9.04048,,,,,,0
45402,2,45402,Aquabacter,"",bacteria,false,,,,0.00986901624521,1,,,88.119,101.0,10^-39.9116,,,,,,,,,,,,,,,,,[2820278],0
2820278,1,45402,Aquabacter sp. L1I39,"",bacteria,false,,,,0.00986901624521,1,,,88.119,101.0,10^-39.9116,,,,,,,,,,,,,,,,,,0
45308,2,45308,Melanomma,"",eukaryota,false,,,,,,,,,,,,,,,,0.00986901624521,1,,,87.1,31.0,10^-10.0585,,,,,[100047],0
100047,1,45308,Melanomma pulvis-pyrius,"",eukaryota,false,,,,,,,,,,,,,,,,0.00986901624521,1,,,87.1,31.0,10^-10.0585,,,,,,0
45292,2,45292,Massarina,"",eukaryota,false,,,,,,,,,,,,,,,,0.06908311371647,7,,,88.0429,29.7143,10^-9.31479,,,,,[45293],0
45293,1,45292,Massarina eburnea,"",eukaryota,false,,,,,,,,,,,,,,,,0.06908311371647,7,,,88.0429,29.7143,10^-9.31479,,,,,,0
45186,2,45186,Zelkova,"",eukaryota,false,,,,0.00986901624521,1,,,98.592,71.0,10^-34.5752,,,,,,,,,,,,,,,,,[160988],0
160988,1,45186,Zelkova abelicea,"",eukaryota,false,,,,0.00986901624521,1,,,98.592,71.0,10^-34.5752,,,,,,,,,,,,,,,,,,0
45153,2,45153,Westerdykella,"",eukaryota,false,,,,,,,,,,,,,,,,0.11842819494252,12,,,84.7833,29.8333,10^-8.63123,,,,,[318751],0
318751,1,45153,Westerdykella ornata,"",eukaryota,false,,,,,,,,,,,,,,,,0.11842819494252,12,,,84.7833,29.8333,10^-8.63123,,,,,,0
45141,2,45141,Cucurbitaria,"",eukaryota,false,,,,0.01973803249042,2,,,85.6175,70.5,10^-20.5394,,,,,,0.00986901624521,1,,,81.0,21.0,10^-5.30452,,,,,[45142],0
45142,1,45141,Cucurbitaria berberidis,"",eukaryota,false,,,,0.01973803249042,2,,,85.6175,70.5,10^-20.5394,,,,,,0.00986901624521,1,,,81.0,21.0,10^-5.30452,,,,,,0
45136,2,45136,Sporormia,"",eukaryota,false,,,,,,,,,,,,,,,,0.01973803249042,2,,,91.85,31.5,10^-11.7947,,,,,[718229],0
718229,1,45136,Sporormia fimetaria,"",eukaryota,false,,,,,,,,,,,,,,,,0.01973803249042,2,,,91.85,31.5,10^-11.7947,,,,,,0
45059,2,45059,Frankliniella,"",eukaryota,false,,,,0.05921409747126,6,,,97.597,68.0,10^-31.4117,,,,,,0.02960704873563,3,,,96.4333,31.3333,10^-9.74338,,,,,[133901],0
133901,1,45059,Frankliniella occidentalis,western flower thrips,eukaryota,false,,,,0.05921409747126,6,,,97.597,68.0,10^-31.4117,,,,,,0.02960704873563,3,,,96.4333,31.3333,10^-9.74338,,,,,,0
44474,2,44474,Pleurocapsa,"",bacteria,false,,,,0.00986901624521,1,,,100.0,99.0,10^-55.0164,,,,,,0.05921409747126,6,,,87.7167,28.6667,10^-5.85046,,,,,"[2720480, 2720401, 54308]",0
2720480,1,44474,Pleurocapsa sp. SU_5_0,"",bacteria,false,,,,,,,,,,,,,,,,0.00986901624521,1,,,97.0,33.0,10^-12.1543,,,,,,0
2720401,1,44474,Pleurocapsa sp. CRU_1_2,"",bacteria,false,,,,,,,,,,,,,,,,0.00986901624521,1,,,95.8,24.0,10^-5.37366,,,,,,0
54308,1,44474,Pleurocapsa minor,"",bacteria,false,,,,0.00986901624521,1,,,100.0,99.0,10^-55.0164,,,,,,0.03947606498084,4,,,83.375,28.75,10^-4.39371,,,,,,0
44471,2,44471,Microcoleus,"",bacteria,false,,,,0.01973803249042,2,,,98.276,58.0,10^-25.7426,,,,,,,,,,,,,,,,,[272133],0
272133,1,44471,Microcoleus sp. PCC 8701,"",bacteria,false,,,,0.01973803249042,2,,,98.276,58.0,10^-25.7426,,,,,,,,,,,,,,,,,,0
44259,2,44259,Filifactor,"",bacteria,false,,,,0.01973803249042,2,,,91.463,82.0,10^-33.8265,,,,,,,,,,,,,,,,,[143361],0
143361,1,44259,Filifactor alocis,"",bacteria,false,,,,0.01973803249042,2,,,91.463,82.0,10^-33.8265,,,,,,,,,,,,,,,,,,0
44249,2,44249,Paenibacillus,"",bacteria,false,,,,0.17764229241378,18,1,15,97.8773,196.5,10^-91.1656,,,,,,0.25659442237546,26,1,8,70.9946,46.9231,10^-12.6107,,,,,"[3024576, 1870990, 1616788, 1472719, 862114, 539262, 483908, 171404, 44252, 1406]",0
3024576,1,44249,Paenibacillus sp. PK4536,"",bacteria,false,,,,0.00986901624521,1,,,99.0,100.0,10^-54.3258,,,,,,,,,,,,,,,,,,0
1870990,1,44249,Paenibacillus bouchesdurhonensis,"",bacteria,false,,,,,,,,,,,,,,,,0.00986901624521,1,,,78.8,33.0,10^-8.9431,,,,,,0
1616788,1,44249,Paenibacillus bovis,"",bacteria,false,,,,0.01973803249042,2,,,98.361,61.0,10^-27.7793,,,,,,,,,,,,,,,,,,0
1472719,1,44249,Paenibacillus sp. P1XP2,"",bacteria,false,,,,,,,,,,,,,,,,0.01973803249042,2,,,75.45,31.5,10^-5.90139,,,,,,0
862114,1,44249,Paenibacillus faecis,"",bacteria,false,,,,,,,,,,,,,,,,0.00986901624521,1,,,79.3,29.0,10^-4.81816,,,,,,0
539262,1,44249,Paenibacillus hunanensis,"",bacteria,false,,,,0.14803524367815,15,1,15,97.738,221.0,10^-102.073,,,,,,,,,,,,,,,,,,0
483908,1,44249,Paenibacillus sp. P22,"",bacteria,false,,,,,,,,,,,,,,,,0.16777327616857,17,1,8,66.1388,55.0588,10^-14.9518,,,,,,0
171404,1,44249,Paenibacillus agaridevorans,"",bacteria,false,,,,,,,,,,,,,,,,0.00986901624521,1,,,84.8,33.0,10^-12.1844,,,,,,0
44252,1,44249,Paenibacillus macerans,"",bacteria,false,,,,,,,,,,,,,,,,0.00986901624521,1,,,89.7,29.0,10^-7.48545,,,,,,0
1406,1,44249,Paenibacillus polymyxa,"",bacteria,false,,,,,,,,,,,,,,,,0.02960704873563,3,,,79.3333,32.3333,10^-9.48777,,,,,,0
44013,2,44013,Polynucleobacter,"",bacteria,false,,,,0.02960704873563,3,,,99.34,100.333,10^-55.0106,,,,,,0.06908311371647,7,,,85.5857,31.8571,10^-8.14823,,,,,"[3047866, 2527775, 1743169]",0
3047866,1,44013,Polynucleobacter sp. HIN7,"",bacteria,false,,,,0.00986901624521,1,,,98.02,101.0,10^-53.6353,,,,,,,,,,,,,,,,,,0
2527775,1,44013,Polynucleobacter paneuropaeus,"",bacteria,false,,,,0.01973803249042,2,,,100.0,100.0,10^-55.6982,,,,,,,,,,,,,,,,,,0
1743169,1,44013,Polynucleobacter sphagniphilus,"",bacteria,false,,,,,,,,,,,,,,,,0.06908311371647,7,,,85.5857,31.8571,10^-8.14823,,,,,,0
44011,2,44011,Ferrimonas,"",bacteria,false,,,,0.01973803249042,2,,,100.0,66.0,10^-32.5484,,,,,,,,,,,,,,,,,[2724191],0
2724191,1,44011,Ferrimonas lipolytica,"",bacteria,false,,,,0.01973803249042,2,,,100.0,66.0,10^-32.5484,,,,,,,,,,,,,,,,,,0
43994,2,43994,Johnsonella,"",bacteria,false,,,,,,,,,,,,,,,,0.01973803249042,2,,,100.0,27.0,10^-8.46471,,,,,[43995],0
43995,1,43994,Johnsonella ignava,"",bacteria,false,,,,,,,,,,,,,,,,0.01973803249042,2,,,100.0,27.0,10^-8.46471,,,,,,0
43947,2,43947,Tolumonas,"",bacteria,false,,,,0.01973803249042,2,,,100.0,95.0,10^-52.2895,,,,,,,,,,,,,,,,,[43948],0
43948,1,43947,Tolumonas auensis,"",bacteria,false,,,,0.01973803249042,2,,,100.0,95.0,10^-52.2895,,,,,,,,,,,,,,,,,,0
43942,2,43942,Roya,"",eukaryota,false,,,,0.00986901624521,1,,,88.0,75.0,10^-26.3172,,,,,,,,,,,,,,,,,[104537],0
104537,1,43942,Roya obtusa,"",eukaryota,false,,,,0.00986901624521,1,,,88.0,75.0,10^-26.3172,,,,,,,,,,,,,,,,,,0
43694,2,43694,Acrasis,"",eukaryota,false,,,,0.01973803249042,2,,,99.01,101.0,10^-55.0077,,,,,,,,,,,,,,,,,[1008807],0
1008807,1,43694,Acrasis kona,"",eukaryota,false,,,,0.01973803249042,2,,,99.01,101.0,10^-55.0077,,,,,,,,,,,,,,,,,,0
43673,2,43673,Jonesia,"",bacteria,false,,,,0.02960704873563,3,,,97.1633,55.0,10^-23.2582,,,,,,,,,,,,,,,,,[43674],0
43674,1,43673,Jonesia denitrificans,"",bacteria,false,,,,0.02960704873563,3,,,97.1633,55.0,10^-23.2582,,,,,,,,,,,,,,,,,,0
43668,2,43668,Brachybacterium,"",bacteria,false,,,,0.17764229241378,18,1,4,94.4703,117.111,10^-48.2902,,,,,,0.07895212996168,8,,,95.35,27.25,10^-7.76701,,,,,"[2838513, 2759167, 2017485, 1903186, 1891286, 1581127, 1331682, 219301, 189680, 43669]",0
2838513,1,43668,Candidatus Brachybacterium merdavium,"",bacteria,false,,,,,,,,,,,,,,,,0.01973803249042,2,,,85.95,32.0,10^-8.41707,,,,,,0
2759167,1,43668,Brachybacterium sp. Z12,"",bacteria,false,,,,0.02960704873563,3,,,99.0033,100.667,10^-54.3229,,,,,,,,,,,,,,,,,,0
2017485,1,43668,Brachybacterium avium,"",bacteria,false,,,,0.05921409747126,6,1,4,89.4823,183.667,10^-62.3423,,,,,,,,,,,,,,,,,,0
1903186,1,43668,Brachybacterium sp. P6-10-X1,"",bacteria,false,,,,0.01973803249042,2,,,100.0,52.0,10^-23.0453,,,,,,,,,,,,,,,,,,0
1891286,1,43668,Brachybacterium sp.,"",bacteria,false,,,,,,,,,,,,,,,,0.00986901624521,1,,,93.9,33.0,10^-11.3585,,,,,,0
1581127,1,43668,Brachybacterium sp. HMSC06H03,"",bacteria,false,,,,,,,,,,,,,,,,0.01973803249042,2,,,100.0,25.0,10^-7.82681,,,,,,0
1331682,1,43668,Brachybacterium ginsengisoli,"",bacteria,false,,,,0.02960704873563,3,,,99.3197,98.6667,10^-53.8742,,,,,,,,,,,,,,,,,,0
219301,1,43668,Brachybacterium muris,"",bacteria,false,,,,,,,,,,,,,,,,0.01973803249042,2,,,100.0,19.0,10^-3.61439,,,,,,0
189680,1,43668,uncultured Brachybacterium sp.,"",bacteria,false,,,,,,,,,,,,,,,,0.00986901624521,1,,,97.0,33.0,10^-11.061,,,,,,0
43669,1,43668,Brachybacterium faecium,"",bacteria,false,,,,0.03947606498084,4,,,92.1507,76.0,10^-31.122,,,,,,,,,,,,,,,,,,0
43535,2,43535,Oldenlandia,"",eukaryota,false,,,,0.00986901624521,1,,,82.828,99.0,10^-31.6861,,,,,,,,,,,,,,,,,[43536],0
43536,1,43535,Oldenlandia corymbosa,"",eukaryota,false,,,,0.00986901624521,1,,,82.828,99.0,10^-31.6861,,,,,,,,,,,,,,,,,,0
43431,2,43431,Sphaerosporella,"",eukaryota,false,,,,,,,,,,,,,,,,0.04934508122605,5,,,83.6,30.8,10^-7.94123,,,,,[1250544],0
1250544,1,43431,Sphaerosporella brunnea,"",eukaryota,false,,,,,,,,,,,,,,,,0.04934508122605,5,,,83.6,30.8,10^-7.94123,,,,,,0
43356,2,43356,Kutzneria,"",bacteria,false,,,,0.01973803249042,2,,,97.03,101.0,10^-52.2629,,,,,,,,,,,,,,,,,[2802641],0
2802641,1,43356,Kutzneria sp. CA-103260,"",bacteria,false,,,,0.01973803249042,2,,,97.03,101.0,10^-52.2629,,,,,,,,,,,,,,,,,,0
43336,2,43336,Orthosia,"",eukaryota,false,,,,0.00986901624521,1,,,90.698,43.0,10^-11.4627,,,,,,,,,,,,,,,,,[997542],0
997542,1,43336,Orthosia gracilis,"",eukaryota,false,,,,0.00986901624521,1,,,90.698,43.0,10^-11.4627,,,,,,,,,,,,,,,,,,0
43174,2,43174,Pedicularis,louseworts,eukaryota,false,,,,0.00986901624521,1,,,100.0,101.0,10^-56.3801,,,,,,,,,,,,,,,,,[321409],0
321409,1,43174,Pedicularis kansuensis,"",eukaryota,false,,,,0.00986901624521,1,,,100.0,101.0,10^-56.3801,,,,,,,,,,,,,,,,,,0
43170,2,43170,Linaria,toadflaxes,eukaryota,false,,,,0.00986901624521,1,,,99.01,101.0,10^-55.0077,,,,,,,,,,,,,,,,,[43171],0
43171,1,43170,Linaria vulgaris,common toadflax,eukaryota,false,,,,0.00986901624521,1,,,99.01,101.0,10^-55.0077,,,,,,,,,,,,,,,,,,0
42741,2,42741,Ceriporiopsis,"",eukaryota,false,,,,0.00986901624521,1,,,100.0,101.0,10^-56.3801,,,,,,,,,,,,,,,,,[1586277],0
1586277,1,42741,Ceriporiopsis sp. 2E-5,"",eukaryota,false,,,,0.00986901624521,1,,,100.0,101.0,10^-56.3801,,,,,,,,,,,,,,,,,,0
42658,2,42658,Udeniomyces,"",eukaryota,false,,,,0.01973803249042,2,,,100.0,84.0,10^-44.795,,,,,,,,,,,,,,,,,[42659],0
42659,1,42658,Udeniomyces megalosporus,"",eukaryota,false,,,,0.01973803249042,2,,,100.0,84.0,10^-44.795,,,,,,,,,,,,,,,,,,0
42308,2,42308,Hypoxylon,"",eukaryota,false,,,,,,,,,,,,,,,,0.10855917869731,11,,,96.2091,31.1818,10^-13.6486,,,,,"[2614582, 1001937]",0
2614582,1,42308,Hypoxylon sp. FL1857,"",eukaryota,false,,,,,,,,,,,,,,,,0.08882114620689,9,,,96.0556,31.8889,10^-14.5056,,,,,,0
1001937,1,42308,Hypoxylon sp. EC38,"",eukaryota,false,,,,,,,,,,,,,,,,0.01973803249042,2,,,96.9,28.0,10^-9.79194,,,,,,0
42295,2,42295,Colias,clouded yellows,eukaryota,false,,,,,,,,,,,,,,,,0.00986901624521,1,,,100.0,33.0,10^-14.3161,,,,,[72248],0
72248,1,42295,Colias croceus,clouded yellow,eukaryota,false,,,,,,,,,,,,,,,,0.00986901624521,1,,,100.0,33.0,10^-14.3161,,,,,,0
42255,2,42255,Rubrobacter,"",bacteria,false,,,,0.0986901624521,10,,,95.6017,96.3,10^-47.4129,,,,,,0.03947606498084,4,,,87.8,30.0,10^-8.00279,,,,,"[2653852, 2036010, 154337, 42256]",0
2653852,1,42255,Rubrobacter marinus,"",bacteria,false,,,,0.06908311371647,7,,,94.9214,99.4286,10^-48.4468,,,,,,0.01973803249042,2,,,84.85,33.0,10^-8.27646,,,,,,0
2036010,1,42255,Rubrobacter sp.,"",bacteria,false,,,,,,,,,,,,,,,,0.01973803249042,2,,,90.75,27.0,10^-7.72912,,,,,,0
154337,1,42255,uncultured Rubrobacter sp.,"",bacteria,false,,,,0.00986901624521,1,,,100.0,101.0,10^-56.3801,,,,,,,,,,,,,,,,,,0
42256,1,42255,Rubrobacter radiotolerans,"",bacteria,false,,,,0.01973803249042,2,,,95.7835,83.0,10^-39.3107,,,,,,,,,,,,,,,,,,0
42230,2,42230,Mansonella,"",eukaryota,false,,,,0.00986901624521,1,,,98.63,73.0,10^-35.9355,,,,,,,,,,,,,,,,,[122354],1
122354,1,42230,Mansonella ozzardi,"",eukaryota,false,,,,0.00986901624521,1,,,98.63,73.0,10^-35.9355,,,,,,,,,,,,,,,,,,1
42054,2,42054,Chromohalobacter,"",bacteria,false,,,,0.36515360107276995,37,,,98.9329,98.3429,10^-53.0787,,,,,,,,,,,,,,,,,"[158080, 141390]",0
158080,1,42054,Chromohalobacter salexigens,"",bacteria,false,,,,0.34541556858234995,35,,,98.9282,98.1818,10^-52.9618,,,,,,,,,,,,,,,,,,0
141390,1,42054,Chromohalobacter israelensis,"",bacteria,false,,,,0.01973803249042,2,,,99.01,101.0,10^-55.0077,,,,,,,,,,,,,,,,,,0
41955,2,41955,Amanita,"",eukaryota,false,,,,,,,,,,,,,,,,0.00986901624521,1,,,85.7,28.0,10^-5.98716,,,,,[41956],0
41956,1,41955,Amanita muscaria,"",eukaryota,false,,,,,,,,,,,,,,,,0.00986901624521,1,,,85.7,28.0,10^-5.98716,,,,,,0
41891,2,41891,Coccomyxa,"",eukaryota,false,,,,,,,,,,,,,,,,0.00986901624521,1,,,78.6,28.0,10^-3.6038,,,,,[248742],0
248742,1,41891,Coccomyxa subellipsoidea,"",eukaryota,false,,,,,,,,,,,,,,,,0.00986901624521,1,,,78.6,28.0,10^-3.6038,,,,,,0
41820,2,41820,Culicoides,punkies,eukaryota,false,,,,0.00986901624521,1,,,100.0,36.0,10^-12.226,,,,,,0.01973803249042,2,,,73.75,30.5,10^-6.68055,,,,,"[179676, 88399]",0
179676,1,41820,Culicoides sonorensis,"",eukaryota,false,,,,,,,,,,,,,,,,0.01973803249042,2,,,73.75,30.5,10^-6.68055,,,,,,0
88399,1,41820,Culicoides imicola,"",eukaryota,false,,,,0.00986901624521,1,,,100.0,36.0,10^-12.226,,,,,,,,,,,,,,,,,,0
41503,2,41503,Centaurea,"",eukaryota,false,,,,,,,,,,,,,,,,0.02960704873563,3,,,88.8,30.3333,10^-9.52921,,,,,[347529],0
347529,1,41503,Centaurea solstitialis,"",eukaryota,false,,,,,,,,,,,,,,,,0.02960704873563,3,,,88.8,30.3333,10^-9.52921,,,,,,0
41275,2,41275,Brevundimonas,"",bacteria,false,,,,0.13816622743294,14,,,99.248,79.9286,10^-41.3602,,,,,,0.07895212996168,8,,,98.1,28.375,10^-10.0897,,,,,"[2800818, 1946141, 1871086, 1827469, 1325724, 588932, 74316, 74313, 293]",0
2800818,1,41275,Brevundimonas vitisensis,"",bacteria,false,,,,0.01973803249042,2,,,96.774,62.0,10^-27.086,,,,,,,,,,,,,,,,,,0
1946141,1,41275,Brevundimonas sp. UBA7664,"",bacteria,false,,,,,,,,,,,,,,,,0.00986901624521,1,,,87.9,33.0,10^-10.6498,,,,,,0
1871086,1,41275,Brevundimonas sp.,"",bacteria,false,,,,,,,,,,,,,,,,0.01973803249042,2,,,100.0,27.0,10^-10.3645,,,,,,0
1827469,1,41275,Brevundimonas sp. GW460-12-10-14-LB2,"",bacteria,false,,,,0.01973803249042,2,,,100.0,101.0,10^-56.3801,,,,,,,,,,,,,,,,,,0
1325724,1,41275,Brevundimonas vancanneytii,"",bacteria,false,,,,0.01973803249042,2,,,99.5,100.5,10^-55.3529,,,,,,,,,,,,,,,,,,0
588932,1,41275,Brevundimonas naejangsanensis,"",bacteria,false,,,,0.00986901624521,1,,,100.0,37.0,10^-12.9003,,,,,,,,,,,,,,,,,,0
74316,1,41275,Brevundimonas aurantiaca,"",bacteria,false,,,,,,,,,,,,,,,,0.00986901624521,1,,,100.0,33.0,10^-11.4711,,,,,,0
74313,1,41275,Brevundimonas subvibrioides,"",bacteria,false,,,,0.01973803249042,2,,,100.0,95.0,10^-52.2895,,,,,,,,,,,,,,,,,,0
293,1,41275,Brevundimonas diminuta,"",bacteria,false,,,,0.04934508122605,5,,,99.3848,73.0,10^-36.7852,,,,,,0.03947606498084,4,,,99.225,26.75,10^-9.46698,,,,,,0
41254,2,41254,Mycosphaerella,"",eukaryota,false,,,,0.00986901624521,1,,,100.0,59.0,10^-27.7937,,,,,,,,,,,,,,,,,[179336],0
179336,1,41254,Mycosphaerella latebrosa,"",eukaryota,false,,,,0.00986901624521,1,,,100.0,59.0,10^-27.7937,,,,,,,,,,,,,,,,,,0
41247,2,41247,Mycena,"",eukaryota,false,,,,,,,,,,,,,,,,0.01973803249042,2,,,93.1,29.0,10^-9.74232,,,,,[230809],0
230809,1,41247,Mycena maculata,"",eukaryota,false,,,,,,,,,,,,,,,,0.01973803249042,2,,,93.1,29.0,10^-9.74232,,,,,,0
41138,2,41138,Coccinella,"",eukaryota,false,,,,,,,,,,,,,,,,0.00986901624521,1,,,73.3,30.0,10^-4.72125,,,,,[41139],0
41139,1,41138,Coccinella septempunctata,seven-spotted ladybird,eukaryota,false,,,,,,,,,,,,,,,,0.00986901624521,1,,,73.3,30.0,10^-4.72125,,,,,,0
41069,2,41069,Capitulum,"",eukaryota,false,,,,0.01973803249042,2,,,93.478,46.0,10^-14.8643,,,,,,,,,,,,,,,,,[41070],0
41070,1,41069,Capitulum mitella,"",eukaryota,false,,,,0.01973803249042,2,,,93.478,46.0,10^-14.8643,,,,,,,,,,,,,,,,,,0
41013,2,41013,Tinea,"",eukaryota,false,,,,0.01973803249042,2,,,93.023,43.0,10^-12.8351,,,,,,,,,,,,,,,,,[1101063],0
1101063,1,41013,Tinea semifulvella,"",eukaryota,false,,,,0.01973803249042,2,,,93.023,43.0,10^-12.8351,,,,,,,,,,,,,,,,,,0
40996,2,40996,Elsinoe,"",eukaryota,false,,,,,,,,,,,,,,,,0.00986901624521,1,,,90.9,33.0,10^-11.5935,,,,,[302913],0
302913,1,40996,Elsinoe ampelina,"",eukaryota,false,,,,,,,,,,,,,,,,0.00986901624521,1,,,90.9,33.0,10^-11.5935,,,,,,0
40958,2,40958,Pimpinella,"",eukaryota,false,,,,0.00986901624521,1,,,98.667,75.0,10^-37.2961,,,,,,,,,,,,,,,,,[681596],0
681596,1,40958,Pimpinella rhomboidea,"",eukaryota,false,,,,0.00986901624521,1,,,98.667,75.0,10^-37.2961,,,,,,,,,,,,,,,,,,0
40931,2,40931,Rhopalosiphum,"",eukaryota,false,,,,0.01973803249042,2,,,98.925,93.0,10^-49.554,,,,,,,,,,,,,,,,,[40932],0
40932,1,40931,Rhopalosiphum padi,bird cherry-oat aphid,eukaryota,false,,,,0.01973803249042,2,,,98.925,93.0,10^-49.554,,,,,,,,,,,,,,,,,,0
40696,2,40696,Blomia,"",eukaryota,false,,,,,,,,,,,,,,,,0.00986901624521,1,,,93.8,32.0,10^-11.3307,,,,,[40697],0
40697,1,40696,Blomia tropicalis,"",eukaryota,false,,,,,,,,,,,,,,,,0.00986901624521,1,,,93.8,32.0,10^-11.3307,,,,,,0
40685,2,40685,Salix,willows,eukaryota,false,,,,,,,,,,,,,,,,0.02960704873563,3,,,89.4333,31.3333,10^-8.94901,,,,,"[2511006, 1413687]",0
2511006,1,40685,Salix koriyanagi,"",eukaryota,false,,,,,,,,,,,,,,,,0.00986901624521,1,,,81.3,32.0,10^-5.23882,,,,,,0
1413687,1,40685,Salix dunnii,"",eukaryota,false,,,,,,,,,,,,,,,,0.01973803249042,2,,,93.5,31.0,10^-10.8041,,,,,,0
40596,2,40596,Porpidia,"",eukaryota,false,,,,0.01973803249042,2,,,100.0,95.0,10^-52.2895,,,,,,,,,,,,,,,,,[273097],0
273097,1,40596,Porpidia flavocaerulescens,"",eukaryota,false,,,,0.01973803249042,2,,,100.0,95.0,10^-52.2895,,,,,,,,,,,,,,,,,,0
40544,2,40544,Sutterella,"",bacteria,false,,,,,,,,,,,,,,,,0.00986901624521,1,,,87.9,33.0,10^-9.51999,,,,,[437898],0
437898,1,40544,Sutterella parvirubra,"",bacteria,false,,,,,,,,,,,,,,,,0.00986901624521,1,,,87.9,33.0,10^-9.51999,,,,,,0
40463,2,40463,Peniophora,"",eukaryota,false,,,,0.05921409747126,6,,,96.6817,100.167,10^-51.2373,,,,,,,,,,,,,,,,,"[1321910, 55352]",0
1321910,1,40463,Peniophora sp. 213 OA-2013,"",eukaryota,false,,,,0.02960704873563,3,,,98.3333,99.6667,10^-53.1837,,,,,,,,,,,,,,,,,,0
55352,1,40463,Peniophora piceae,"",eukaryota,false,,,,0.02960704873563,3,,,95.03,100.667,10^-49.2909,,,,,,,,,,,,,,,,,,0
40415,2,40415,Antrodia,"",eukaryota,false,,,,,,,,,,,,,,,,0.10855917869731,11,,,84.76,29.7,10^-7.64162,,,,,[279009],0
279009,1,40415,Antrodia cinnamomea,"",eukaryota,false,,,,,,,,,,,,,,,,0.10855917869731,11,,,84.76,29.7,10^-7.64162,,,,,,0
40336,2,40336,Mucuna,"",eukaryota,false,,,,0.00986901624521,1,,,100.0,100.0,10^-55.6982,,,,,,0.00986901624521,1,,,100.0,32.0,10^-12.9706,,,,,[157652],0
157652,1,40336,Mucuna pruriens,"",eukaryota,false,,,,0.00986901624521,1,,,100.0,100.0,10^-55.6982,,,,,,0.00986901624521,1,,,100.0,32.0,10^-12.9706,,,,,,0
40323,2,40323,Stenotrophomonas,"",bacteria,false,,,,0.6908311371646999,70,2,20,97.2255,130.329,10^-60.1342,,,,,,0.13816622743294,14,,,97.5429,32.7143,10^-10.975,,,,,"[3027225, 2729141, 1947559, 1904944, 1793721, 1581081, 1450134, 1151519, 216778, 128780, 83617, 69392, 40324]",1
3027225,1,40323,Stenotrophomonas sp. BIO128-Bstrain,"",bacteria,false,,,,0.05921409747126,6,,,98.0998,77.3333,10^-37.7642,,,,,,0.01973803249042,2,,,100.0,32.5,10^-9.64298,,,,,,0
2729141,1,40323,Stenotrophomonas sp. SAM-B,"",bacteria,false,,,,,,,,,,,,,,,,0.01973803249042,2,,,100.0,33.0,10^-10.2444,,,,,,0
1947559,1,40323,Stenotrophomonas sp. UBA7606,"",bacteria,false,,,,,,,,,,,,,,,,0.00986901624521,1,,,100.0,33.0,10^-12.6861,,,,,,0
1904944,1,40323,Stenotrophomonas sp. LM091,"",bacteria,false,,,,0.08882114620689,9,,,98.8314,96.5556,10^-51.8292,,,,,,,,,,,,,,,,,,0
1793721,1,40323,Stenotrophomonas sp. KCTC 12332,"",bacteria,false,,,,0.01973803249042,2,,,98.2185,65.0,10^-30.5283,,,,,,,,,,,,,,,,,,0
1581081,1,40323,Stenotrophomonas sp. HMSC10F06,"",bacteria,false,,,,,,,,,,,,,,,,0.01973803249042,2,,,100.0,32.5,10^-10.1257,,,,,,0
1450134,1,40323,Stenotrophomonas bentonitica,"",bacteria,false,,,,,,,,,,,,,,,,0.01973803249042,2,,,100.0,33.0,10^-12.0048,,,,,,0
1151519,1,40323,Stenotrophomonas sp. canine oral taxon 224,"",bacteria,false,,,,0.00986901624521,1,,,94.624,93.0,10^-44.0646,,,,,,,,,,,,,,,,,,0
216778,1,40323,Stenotrophomonas rhizophila,"",bacteria,false,,,,0.02960704873563,3,,,97.2703,93.0,10^-47.2675,,,,,,0.01973803249042,2,,,100.0,33.0,10^-12.21,,,,,,0
128780,1,40323,Stenotrophomonas acidaminiphila,"",bacteria,false,,,,0.12829721118773,13,1,12,95.1381,201.462,10^-83.9918,,,,,,,,,,,,,,,,,,0
83617,1,40323,Stenotrophomonas nitritireducens,"",bacteria,false,,,,0.01973803249042,2,,,97.458,95.0,10^-48.8595,,,,,,,,,,,,,,,,,,0
69392,1,40323,Stenotrophomonas sp.,"",bacteria,false,,,,0.01973803249042,2,,,92.0795,101.0,10^-45.4011,,,,,,0.02960704873563,3,,,88.5333,32.3333,10^-10.8359,,,,,,0
40324,1,40323,Stenotrophomonas maltophilia,"",bacteria,false,,,,0.31580851984672,32,1,8,97.7801,133.656,10^-62.1565,,,,,,,,,,,,,,,,,,1
40144,2,40144,Tricholoma,"",eukaryota,false,,,,0.00986901624521,1,,,95.122,82.0,10^-37.9436,,,,,,0.00986901624521,1,,,100.0,32.0,10^-9.41454,,,,,"[48388, 40145]",0
48388,1,40144,Tricholoma caligatum,"",eukaryota,false,,,,0.00986901624521,1,,,95.122,82.0,10^-37.9436,,,,,,,,,,,,,,,,,,0
40145,1,40144,Tricholoma matsutake,"",eukaryota,false,,,,,,,,,,,,,,,,0.00986901624521,1,,,100.0,32.0,10^-9.41454,,,,,,0
39994,2,39994,Vochysia,"",eukaryota,false,,,,0.00986901624521,1,,,98.0,50.0,10^-20.3176,,,,,,,,,,,,,,,,,[376216],0
376216,1,39994,Vochysia tucanorum,"",eukaryota,false,,,,0.00986901624521,1,,,98.0,50.0,10^-20.3176,,,,,,,,,,,,,,,,,,0
39702,2,39702,Septoria,"",eukaryota,false,,,,0.10855917869731,11,1,7,95.3191,179.727,10^-85.0484,,,,,,,,,,,,,,,,,"[237466, 215465]",0
237466,1,39702,Septoria rosae,"",eukaryota,false,,,,0.08882114620689,9,1,7,96.7843,197.0,10^-94.7748,,,,,,,,,,,,,,,,,,0
215465,1,39702,Septoria linicola,"",eukaryota,false,,,,0.01973803249042,2,,,88.7255,102.0,10^-41.2797,,,,,,,,,,,,,,,,,,0
39643,2,39643,Sorangium,"",bacteria,false,,,,0.00986901624521,1,,,82.143,84.0,10^-24.2094,,,,,,,,,,,,,,,,,[56],0
56,1,39643,Sorangium cellulosum,"",bacteria,false,,,,0.00986901624521,1,,,82.143,84.0,10^-24.2094,,,,,,,,,,,,,,,,,,0
39186,2,39186,Entomophaga,"",eukaryota,false,,,,0.01973803249042,2,,,92.929,99.0,10^-45.4098,,,,,,,,,,,,,,,,,[42810],0
42810,1,39186,Entomophaga maimaiga,"",eukaryota,false,,,,0.01973803249042,2,,,92.929,99.0,10^-45.4098,,,,,,,,,,,,,,,,,,0
39180,2,39180,Corticium,"",eukaryota,false,,,,0.00986901624521,1,,,75.325,77.0,10^-13.9544,,,,,,,,,,,,,,,,,[2820516],0
2820516,1,39180,Corticium malagasoroseum,"",eukaryota,false,,,,0.00986901624521,1,,,75.325,77.0,10^-13.9544,,,,,,,,,,,,,,,,,,0
39163,2,39163,Kingdonia,"",eukaryota,false,,,,,,,,,,,,,,,,0.00986901624521,1,,,78.8,33.0,10^-5.98716,,,,,[39325],0
39325,1,39163,Kingdonia uniflora,"",eukaryota,false,,,,,,,,,,,,,,,,0.00986901624521,1,,,78.8,33.0,10^-5.98716,,,,,,0
39132,2,39132,Allacma,"",eukaryota,false,,,,,,,,,,,,,,,,0.12829721118773,13,,,88.4,30.6154,10^-8.73052,,,,,[39272],0
39272,1,39132,Allacma fusca,"",eukaryota,false,,,,,,,,,,,,,,,,0.12829721118773,13,,,88.4,30.6154,10^-8.73052,,,,,,0
38871,2,38871,Fraxinus,ash trees,eukaryota,false,,,,10.38220508996092,1052,11,661,98.7503,306.771,10^-166.952,,,,,,1.4014003068198198,142,,,97.4634,31.3803,10^-10.3518,,,,,"[166594, 56038, 56036, 56031, 38874, 38872]",0
166594,1,38871,Fraxinus angustifolia,"",eukaryota,false,,,,0.32567753609192995,33,1,32,98.9276,363.788,10^-299.997,,,,,,,,,,,,,,,,,,0
56038,1,38871,Fraxinus velutina,"",eukaryota,false,,,,3.7502261731797994,380,7,380,99.1781,386.096,10^-223.866,,,,,,0.00986901624521,1,,,100.0,33.0,10^-11.6038,,,,,,0
56036,1,38871,Fraxinus pennsylvanica,"",eukaryota,false,,,,3.8390473193866894,389,,,97.7543,93.2435,10^-48.1985,,,,,,1.3915312905746098,141,,,97.4454,31.3688,10^-10.3429,,,,,,0
56031,1,38871,Fraxinus nigra,"",eukaryota,false,,,,0.40462966605360995,41,1,41,99.602,251.0,10^-125.358,,,,,,,,,,,,,,,,,,0
38874,1,38871,Fraxinus ornus,flowering ash,eukaryota,false,,,,2.05275537900368,208,2,208,99.6249,562.279,10^-272.522,,,,,,,,,,,,,,,,,,0
38872,1,38871,Fraxinus americana,white ash,eukaryota,false,,,,0.00986901624521,1,,,100.0,101.0,10^-56.3801,,,,,,,,,,,,,,,,,,0
38713,2,38713,Chimonobambusa,"",eukaryota,false,,,,0.00986901624521,1,,,100.0,100.0,10^-55.6982,,,,,,,,,,,,,,,,,[387592],0
387592,1,38713,Chimonobambusa quadrangularis,"",eukaryota,false,,,,0.00986901624521,1,,,100.0,100.0,10^-55.6982,,,,,,,,,,,,,,,,,,0
38501,2,38501,Blastococcus,"",bacteria,false,,,,0.12829721118773,13,,,95.8501,94.8462,10^-46.4866,,,,,,0.01973803249042,2,,,98.35,29.0,10^-7.83022,,,,,"[2933797, 1550233, 138346, 138336]",0
2933797,1,38501,Blastococcus sp. PRF04-17,"",bacteria,false,,,,0.03947606498084,4,,,94.6943,97.5,10^-46.7899,,,,,,,,,,,,,,,,,,0
1550233,1,38501,Blastococcus fimeti,"",bacteria,false,,,,,,,,,,,,,,,,0.01973803249042,2,,,98.35,29.0,10^-7.83022,,,,,,0
138346,1,38501,Blastococcus sp. BC521,"",bacteria,false,,,,0.00986901624521,1,,,100.0,101.0,10^-56.3801,,,,,,,,,,,,,,,,,,0
138336,1,38501,Blastococcus saxobsidens,"",bacteria,false,,,,0.07895212996168,8,,,95.9092,92.75,10^-45.0983,,,,,,,,,,,,,,,,,,0
37991,2,37991,Xylaria,"",eukaryota,false,,,,0.02960704873563,3,,,94.0733,86.6667,10^-39.7621,,,,,,0.04934508122605,5,,,82.64,32.0,10^-9.62501,,,,,"[665665, 477509, 114818, 37992]",0
665665,1,37991,Xylaria palmicola,"",eukaryota,false,,,,,,,,,,,,,,,,0.02960704873563,3,,,71.0667,31.3333,10^-6.38503,,,,,,0
477509,1,37991,Xylaria telfairii,"",eukaryota,false,,,,,,,,,,,,,,,,0.00986901624521,1,,,100.0,33.0,10^-13.8827,,,,,,0
114818,1,37991,Xylaria longipes,"",eukaryota,false,,,,0.01973803249042,2,,,94.5,100.5,10^-48.4911,,,,,,0.00986901624521,1,,,100.0,33.0,10^-15.0872,,,,,,0
37992,1,37991,Xylaria hypoxylon,"",eukaryota,false,,,,0.00986901624521,1,,,93.22,59.0,10^-22.3043,,,,,,,,,,,,,,,,,,0
37914,2,37914,Dietzia,"",bacteria,false,,,,0.13816622743294,14,,,95.8982,97.5,10^-48.3906,,,,,,0.03947606498084,4,,,94.625,32.75,10^-10.2451,,,,,"[1871616, 712270, 546160, 499555, 322509, 321318]",0
1871616,1,37914,Dietzia sp.,"",bacteria,false,,,,,,,,,,,,,,,,0.00986901624521,1,,,100.0,33.0,10^-10.3497,,,,,,0
712270,1,37914,Dietzia sp. oral taxon 368,"",bacteria,false,,,,0.05921409747126,6,,,93.3736,97.0,10^-44.3215,,,,,,,,,,,,,,,,,,0
546160,1,37914,Dietzia lutea,"",bacteria,false,,,,0.03947606498084,4,,,97.2867,94.0,10^-48.4067,,,,,,,,,,,,,,,,,,0
499555,1,37914,Dietzia timorensis,"",bacteria,false,,,,0.01973803249042,2,,,97.51,100.5,10^-52.6082,,,,,,,,,,,,,,,,,,0
322509,1,37914,Dietzia kunjamensis,"",bacteria,false,,,,0.01973803249042,2,,,98.515,101.0,10^-54.3215,,,,,,0.00986901624521,1,,,97.0,33.0,10^-9.45593,,,,,,0
321318,1,37914,Dietzia cinnamea,"",bacteria,false,,,,,,,,,,,,,,,,0.01973803249042,2,,,90.75,32.5,10^-10.5875,,,,,,0
37884,2,37884,Rhytidhysteron,"",eukaryota,false,,,,0.00986901624521,1,,,100.0,99.0,10^-55.0164,,,,,,,,,,,,,,,,,[2585259],0
2585259,1,37884,Rhytidhysteron bruguierae,"",eukaryota,false,,,,0.00986901624521,1,,,100.0,99.0,10^-55.0164,,,,,,,,,,,,,,,,,,0
37840,2,37840,Pestalotiopsis,"",eukaryota,false,,,,0.01973803249042,2,,,92.574,101.0,10^-46.0873,,,,,,,,,,,,,,,,,[393283],0
393283,1,37840,Pestalotiopsis fici,"",eukaryota,false,,,,0.01973803249042,2,,,92.574,101.0,10^-46.0873,,,,,,,,,,,,,,,,,,0
37818,2,37818,Dendrobium,"",eukaryota,false,,,,,,,,,,,,,,,,0.01973803249042,2,,,100.0,21.0,10^-5.89279,,,,,[161865],0
161865,1,37818,Dendrobium chrysotoxum,"",eukaryota,false,,,,,,,,,,,,,,,,0.01973803249042,2,,,100.0,21.0,10^-5.89279,,,,,,0
37463,2,37463,Phoma,"",eukaryota,false,,,,0.00986901624521,1,,,100.0,97.0,10^-53.6529,,,,,,,,,,,,,,,,,[1563064],0
1563064,1,37463,Phoma sp. D130_101_1,"",eukaryota,false,,,,0.00986901624521,1,,,100.0,97.0,10^-53.6529,,,,,,,,,,,,,,,,,,0
37314,2,37314,Lepiota,"",eukaryota,false,,,,0.00986901624521,1,,,95.122,82.0,10^-37.9436,,,,,,,,,,,,,,,,,[1916367],0
1916367,1,37314,Lepiota sp.,"",eukaryota,false,,,,0.00986901624521,1,,,95.122,82.0,10^-37.9436,,,,,,,,,,,,,,,,,,0
36922,2,36922,Diaporthe,"",eukaryota,false,,,,,,,,,,,,,,,,0.01973803249042,2,,,93.9,33.0,10^-9.84998,,,,,[83184],0
83184,1,36922,Diaporthe eres,"",eukaryota,false,,,,,,,,,,,,,,,,0.01973803249042,2,,,93.9,33.0,10^-9.84998,,,,,,0
36862,2,36862,Ideonella,"",bacteria,false,,,,0.01973803249042,2,,,100.0,101.0,10^-56.3801,,,,,,0.00986901624521,1,,,92.6,27.0,10^-8.60033,,,,,"[2083017, 36863]",0
2083017,1,36862,Ideonella sp. MAG2,"",bacteria,false,,,,,,,,,,,,,,,,0.00986901624521,1,,,92.6,27.0,10^-8.60033,,,,,,0
36863,1,36862,Ideonella dechloratans,"",bacteria,false,,,,0.01973803249042,2,,,100.0,101.0,10^-56.3801,,,,,,,,,,,,,,,,,,0
36739,2,36739,Dermabacter,"",bacteria,false,,,,0.03947606498084,4,,,99.505,100.5,10^-55.3529,,,,,,0.01973803249042,2,,,100.0,32.0,10^-10.129,,,,,"[1630135, 36740]",0
1630135,1,36739,Dermabacter vaginalis,"",bacteria,false,,,,0.03947606498084,4,,,99.505,100.5,10^-55.3529,,,,,,,,,,,,,,,,,,0
36740,1,36739,Dermabacter hominis,"",bacteria,false,,,,,,,,,,,,,,,,0.01973803249042,2,,,100.0,32.0,10^-10.129,,,,,,0
36136,2,36136,Pollicipes,"",eukaryota,false,,,,0.00986901624521,1,,,97.436,39.0,10^-12.8775,,,,,,,,,,,,,,,,,[41117],0
41117,1,36136,Pollicipes pollicipes,"",eukaryota,false,,,,0.00986901624521,1,,,97.436,39.0,10^-12.8775,,,,,,,,,,,,,,,,,,0
36086,2,36086,Trichuris,"",eukaryota,false,,,,,,,,,,,,,,,,0.00986901624521,1,,,77.4,31.0,10^-6.9393,,,,,[36087],1
36087,1,36086,Trichuris trichiura,human whipworm,eukaryota,false,,,,,,,,,,,,,,,,0.00986901624521,1,,,77.4,31.0,10^-6.9393,,,,,,1
36054,2,36054,Kondoa,"",eukaryota,false,,,,0.00986901624521,1,,,95.05,101.0,10^-49.5182,,,,,,,,,,,,,,,,,[119489],0
119489,1,36054,Kondoa thailandica,"",eukaryota,false,,,,0.00986901624521,1,,,95.05,101.0,10^-49.5182,,,,,,,,,,,,,,,,,,0
35912,2,35912,Ophiorrhiza,"",eukaryota,false,,,,0.00986901624521,1,,,100.0,94.0,10^-51.608,,,,,,,,,,,,,,,,,[43537],0
43537,1,35912,Ophiorrhiza mungos,"",eukaryota,false,,,,0.00986901624521,1,,,100.0,94.0,10^-51.608,,,,,,,,,,,,,,,,,,0
35832,2,35832,Bilophila,"",bacteria,false,,,,,,,,,,,,,,,,0.00986901624521,1,,,84.4,32.0,10^-8.767,,,,,[35833],0
35833,1,35832,Bilophila wadsworthia,"",bacteria,false,,,,,,,,,,,,,,,,0.00986901624521,1,,,84.4,32.0,10^-8.767,,,,,,0
35812,2,35812,Roseococcus,"",bacteria,false,,,,0.00986901624521,1,,,98.02,101.0,10^-53.6353,,,,,,,,,,,,,,,,,[2771361],0
2771361,1,35812,Roseococcus microcysteis,"",bacteria,false,,,,0.00986901624521,1,,,98.02,101.0,10^-53.6353,,,,,,,,,,,,,,,,,,0
35753,2,35753,Dactylosporangium,"",bacteria,false,,,,0.00986901624521,1,,,95.652,92.0,10^-44.7554,,,,,,,,,,,,,,,,,[35754],0
35754,1,35753,Dactylosporangium aurantiacum,"",bacteria,false,,,,0.00986901624521,1,,,95.652,92.0,10^-44.7554,,,,,,,,,,,,,,,,,,0
35721,2,35721,Parasitella,"",eukaryota,false,,,,0.00986901624521,1,,,97.115,104.0,10^-54.3088,,,,,,0.00986901624521,1,,,71.0,31.0,10^-4.20412,,,,,[35722],0
35722,1,35721,Parasitella parasitica,"",eukaryota,false,,,,0.00986901624521,1,,,97.115,104.0,10^-54.3088,,,,,,0.00986901624521,1,,,71.0,31.0,10^-4.20412,,,,,,0
35627,2,35627,Stylosanthes,"",eukaryota,false,,,,0.00986901624521,1,,,100.0,101.0,10^-56.3801,,,,,,,,,,,,,,,,,[79075],0
79075,1,35627,Stylosanthes macrocephala,"",eukaryota,false,,,,0.00986901624521,1,,,100.0,101.0,10^-56.3801,,,,,,,,,,,,,,,,,,0
34630,2,34630,Rhipicephalus,"",eukaryota,false,,,,,,,,,,,,,,,,0.00986901624521,1,,,84.6,26.0,10^-5.76195,,,,,[6941],0
6941,1,34630,Rhipicephalus microplus,southern cattle tick,eukaryota,false,,,,,,,,,,,,,,,,0.00986901624521,1,,,84.6,26.0,10^-5.76195,,,,,,0
34622,2,34622,Haemaphysalis,"",eukaryota,false,,,,,,,,,,,,,,,,0.00986901624521,1,,,68.8,32.0,10^-4.51713,,,,,[44386],0
44386,1,34622,Haemaphysalis longicornis,longhorned tick,eukaryota,false,,,,,,,,,,,,,,,,0.00986901624521,1,,,68.8,32.0,10^-4.51713,,,,,,0
34503,2,34503,Paragonimus,"",eukaryota,false,,,,,,,,,,,,,,,,0.11842819494252,12,1,12,66.667,60.0,10^-21.5214,,,,,[34504],1
34504,1,34503,Paragonimus westermani,"",eukaryota,false,,,,,,,,,,,,,,,,0.11842819494252,12,1,12,66.667,60.0,10^-21.5214,,,,,,1
34487,2,34487,Conidiobolus,"",eukaryota,false,,,,,,,,,,,,,,,,0.00986901624521,1,,,84.8,33.0,10^-9.15802,,,,,[34488],1
34488,1,34487,Conidiobolus coronatus,"",eukaryota,false,,,,,,,,,,,,,,,,0.00986901624521,1,,,84.8,33.0,10^-9.15802,,,,,,1
34484,2,34484,Entomophthora,"",eukaryota,false,,,,0.0986901624521,10,,,96.8847,73.5556,10^-34.0382,,,,,,0.04934508122605,5,,,83.12,28.0,10^-6.86983,,,,,"[181049, 34485]",0
181049,1,34484,Entomophthora culicis,"",eukaryota,false,,,,0.01973803249042,2,,,93.069,101.0,10^-46.7735,,,,,,,,,,,,,,,,,,0
34485,1,34484,Entomophthora muscae,"",eukaryota,false,,,,0.07895212996168,8,,,97.3616,70.125,10^-32.4463,,,,,,0.04934508122605,5,,,83.12,28.0,10^-6.86983,,,,,,0
34482,2,34482,Zoophthora,"",eukaryota,false,,,,0.05921409747126,6,,,94.0865,87.1667,10^-39.8628,,,,,,,,,,,,,,,,,[42210],0
42210,1,34482,Zoophthora radicans,"",eukaryota,false,,,,0.05921409747126,6,,,94.0865,87.1667,10^-39.8628,,,,,,,,,,,,,,,,,,0
34453,2,34453,Hebeloma,"",eukaryota,false,,,,,,,,,,,,,,,,0.08882114620689,9,,,87.5778,28.8889,10^-8.48201,,,,,[76867],0
76867,1,34453,Hebeloma cylindrosporum,"",eukaryota,false,,,,,,,,,,,,,,,,0.08882114620689,9,,,87.5778,28.8889,10^-8.48201,,,,,,0
34444,2,34444,Lactarius,"",eukaryota,false,,,,0.00986901624521,1,,,90.541,74.0,10^-28.3816,,,,,,0.01973803249042,2,,,79.3,29.0,10^-6.80967,,,,,"[326039, 222702]",0
326039,1,34444,Lactarius evosmus,"",eukaryota,false,,,,0.00986901624521,1,,,90.541,74.0,10^-28.3816,,,,,,,,,,,,,,,,,,0
222702,1,34444,Lactarius indigo,"",eukaryota,false,,,,,,,,,,,,,,,,0.01973803249042,2,,,79.3,29.0,10^-6.80967,,,,,,0
34399,2,34399,Phomopsis,"",eukaryota,false,,,,0.00986901624521,1,,,100.0,100.0,10^-55.6982,,,,,,,,,,,,,,,,,[1715245],0
1715245,1,34399,Phomopsis sp.,"",eukaryota,false,,,,0.00986901624521,1,,,100.0,100.0,10^-55.6982,,,,,,,,,,,,,,,,,,0
34372,2,34372,Blumeria,"",eukaryota,false,,,,0.14803524367815,15,,,98.502,97.4,10^-51.9133,,,,,,0.03947606498084,4,,,96.975,33.0,10^-10.8891,,,,,"[2867405, 34373]",0
2867405,1,34372,Blumeria hordei,"",eukaryota,false,,,,,,,,,,,,,,,,0.01973803249042,2,,,95.45,33.0,10^-11.8709,,,,,,0
34373,1,34372,Blumeria graminis,"",eukaryota,false,,,,0.14803524367815,15,,,98.502,97.4,10^-51.9133,,,,,,0.01973803249042,2,,,98.5,33.0,10^-9.9073,,,,,,0
34102,2,34102,Sphaerotilus,"",bacteria,false,,,,0.01973803249042,2,,,100.0,85.0,10^-45.476,,,,,,,,,,,,,,,,,[2914710],0
2914710,1,34102,Sphaerotilus sp. FB-5,"",bacteria,false,,,,0.01973803249042,2,,,100.0,85.0,10^-45.476,,,,,,,,,,,,,,,,,,0
34084,2,34084,Riemerella,"",bacteria,false,,,,0.00986901624521,1,,,100.0,101.0,10^-56.3801,,,,,,0.01973803249042,2,,,96.95,32.5,10^-13.9593,,,,,[34085],0
34085,1,34084,Riemerella anatipestifer,"",bacteria,false,,,,0.00986901624521,1,,,100.0,101.0,10^-56.3801,,,,,,0.01973803249042,2,,,96.95,32.5,10^-13.9593,,,,,,0
34072,2,34072,Variovorax,"",bacteria,false,,,,0.01973803249042,2,,,90.9825,89.0,10^-37.2225,,,,,,0.05921409747126,6,,,86.4,30.6667,10^-8.5858,,,,,"[2923278, 1566270, 282217, 34073]",0
2923278,1,34072,Variovorax terrae,"",bacteria,false,,,,,,,,,,,,,,,,0.01973803249042,2,,,75.8,31.0,10^-5.86345,,,,,,0
1566270,1,34072,Variovorax sp. EL159,"",bacteria,false,,,,,,,,,,,,,,,,0.02960704873563,3,,,91.1,30.3333,10^-9.57697,,,,,,0
282217,1,34072,Variovorax sp. SRS16,"",bacteria,false,,,,0.00986901624521,1,,,91.489,94.0,10^-40.629,,,,,,0.00986901624521,1,,,93.5,31.0,10^-11.057,,,,,,0
34073,1,34072,Variovorax paradoxus,"",bacteria,false,,,,0.00986901624521,1,,,90.476,84.0,10^-33.816,,,,,,,,,,,,,,,,,,0
34069,2,34069,Telluria,"",bacteria,false,,,,0.00986901624521,1,,,94.059,101.0,10^-48.1458,,,,,,,,,,,,,,,,,[34071],0
34071,1,34069,Telluria mixta,"",bacteria,false,,,,0.00986901624521,1,,,94.059,101.0,10^-48.1458,,,,,,,,,,,,,,,,,,0
34037,2,34037,Rahnella,"",bacteria,false,,,,,,,,,,,,,,,,0.13816622743294,14,,,95.7214,27.4286,10^-8.34512,,,,,"[2485128, 1805933, 574964]",0
2485128,1,34037,Rahnella sp. JUb53,"",bacteria,false,,,,,,,,,,,,,,,,0.00986901624521,1,,,100.0,26.0,10^-8.4908,,,,,,0
1805933,1,34037,Rahnella sikkimica,"",bacteria,false,,,,,,,,,,,,,,,,0.08882114620689,9,,,94.5778,28.3333,10^-9.2591,,,,,,0
574964,1,34037,Rahnella variigena,"",bacteria,false,,,,,,,,,,,,,,,,0.03947606498084,4,,,97.225,25.75,10^-6.25225,,,,,,0
34019,2,34019,Liberibacter,"",bacteria,false,,,,,,,,,,,,,,,,0.15790425992336,16,1,11,85.0356,36.3125,10^-14.0563,,,,,"[34022, 34021]",0
34022,1,34019,Candidatus Liberibacter sp.,"",bacteria,false,,,,,,,,,,,,,,,,0.01973803249042,2,,,81.5,27.0,10^-8.40671,,,,,,0
34021,1,34019,Candidatus Liberibacter asiaticus,"",bacteria,false,,,,,,,,,,,,,,,,0.13816622743294,14,1,11,85.5406,37.6429,10^-14.8634,,,,,,0
34008,2,34008,Rhodovulum,"",bacteria,false,,,,0.00986901624521,1,,,99.01,101.0,10^-55.0077,,,,,,,,,,,,,,,,,[35806],0
35806,1,34008,Rhodovulum sulfidophilum,"",bacteria,false,,,,0.00986901624521,1,,,99.01,101.0,10^-55.0077,,,,,,,,,,,,,,,,,,0
33986,2,33986,Exiguobacterium,"",bacteria,false,,,,0.03947606498084,4,,,99.4317,88.0,10^-46.8333,,,,,,,,,,,,,,,,,"[2783796, 307643, 273528]",0
2783796,1,33986,Exiguobacterium sp. PBE,"",bacteria,false,,,,0.00986901624521,1,,,98.876,89.0,10^-46.8284,,,,,,,,,,,,,,,,,,0
307643,1,33986,Exiguobacterium profundum,"",bacteria,false,,,,0.00986901624521,1,,,98.851,87.0,10^-45.4659,,,,,,,,,,,,,,,,,,0
273528,1,33986,Exiguobacterium marinum,"",bacteria,false,,,,0.01973803249042,2,,,100.0,88.0,10^-47.5195,,,,,,,,,,,,,,,,,,0
33981,2,33981,Kineococcus,"",bacteria,false,,,,0.02960704873563,3,,,96.6393,99.0,10^-50.4418,,,,,,,,,,,,,,,,,[131568],0
131568,1,33981,Kineococcus radiotolerans,"",bacteria,false,,,,0.02960704873563,3,,,96.6393,99.0,10^-50.4418,,,,,,,,,,,,,,,,,,0
33926,2,33926,Phytoplasma,plant yellows agents,bacteria,false,,,,0.01973803249042,2,,,97.015,67.0,10^-30.4833,,,,,,,,,,,,,,,,,[1043571],0
1043571,1,33926,Ulmus witches'-broom phytoplasma,"",bacteria,false,,,,0.01973803249042,2,,,97.015,67.0,10^-30.4833,,,,,,,,,,,,,,,,,,0
33886,2,33886,Rathayibacter,"",bacteria,false,,,,,,,,,,,,,,,,0.01973803249042,2,,,93.9,33.0,10^-9.76113,,,,,[2080524],0
2080524,1,33886,Rathayibacter sp. AY1A7,"",bacteria,false,,,,,,,,,,,,,,,,0.01973803249042,2,,,93.9,33.0,10^-9.76113,,,,,,0
33882,2,33882,Microbacterium,"",bacteria,false,,,,0.8487353970880599,86,2,55,98.8161,187.977,10^-91.8544,,,,,,0.10855917869731,11,,,89.0909,27.4545,10^-6.2642,,,,,"[3019890, 2809708, 2664454, 2567934, 1906742, 1072463, 936337, 912630, 743009, 362649, 273678, 273677, 199592, 162426, 156977, 104336, 84292, 82380, 69362, 57043, 51671, 2033]",0
3019890,1,33882,Microbacterium sp. nov. GSS16,"",bacteria,false,,,,0.01973803249042,2,,,100.0,91.0,10^-49.5637,,,,,,,,,,,,,,,,,,0
2809708,1,33882,Microbacterium sp. EF45047,"",bacteria,false,,,,0.00986901624521,1,,,89.474,76.0,10^-28.37,,,,,,,,,,,,,,,,,,0
2664454,1,33882,Microbacterium sp. SYP-A9085,"",bacteria,false,,,,,,,,,,,,,,,,0.01973803249042,2,,,94.4,18.0,10^-3.25414,,,,,,0
2567934,1,33882,Microbacterium sp. 4R-513,"",bacteria,false,,,,0.01973803249042,2,,,100.0,92.0,10^-50.2449,,,,,,,,,,,,,,,,,,0
1906742,1,33882,Microbacterium sp. BH-3-3-3,"",bacteria,false,,,,0.01973803249042,2,,,100.0,92.0,10^-50.2449,,,,,,,,,,,,,,,,,,0
1072463,1,33882,Microbacterium lemovicicum,"",bacteria,false,,,,0.00986901624521,1,,,100.0,101.0,10^-56.3801,,,,,,,,,,,,,,,,,,0
936337,1,33882,Microbacterium amylolyticum,"",bacteria,false,,,,0.01973803249042,2,,,100.0,99.0,10^-55.0164,,,,,,,,,,,,,,,,,,0
912630,1,33882,Microbacterium sp. LKL04,"",bacteria,false,,,,0.31580851984672,32,1,32,99.545,220.0,10^-108.19,,,,,,,,,,,,,,,,,,0
743009,1,33882,Microbacterium oryzae,"",bacteria,false,,,,0.00986901624521,1,,,100.0,101.0,10^-56.3801,,,,,,,,,,,,,,,,,,0
362649,1,33882,Microbacterium thalassium,"",bacteria,false,,,,,,,,,,,,,,,,0.01973803249042,2,,,73.45,32.0,10^-5.48942,,,,,,0
273678,1,33882,Microbacterium hydrocarbonoxydans,"",bacteria,false,,,,,,,,,,,,,,,,0.01973803249042,2,,,95.8,24.0,10^-4.59176,,,,,,0
273677,1,33882,Microbacterium oleivorans,"",bacteria,false,,,,,,,,,,,,,,,,0.00986901624521,1,,,95.8,24.0,10^-3.86328,,,,,,0
199592,1,33882,Microbacterium paraoxydans,"",bacteria,false,,,,0.01973803249042,2,,,100.0,78.0,10^-40.7298,,,,,,,,,,,,,,,,,,0
162426,1,33882,Microbacterium hominis,"",bacteria,false,,,,0.01973803249042,2,,,97.059,101.5,10^-52.6039,,,,,,,,,,,,,,,,,,0
156977,1,33882,Microbacterium resistens,"",bacteria,false,,,,,,,,,,,,,,,,0.00986901624521,1,,,93.8,32.0,10^-10.5751,,,,,,0
104336,1,33882,Microbacterium foliorum,"",bacteria,false,,,,0.24672540613024999,25,1,23,97.406,260.64,10^-121.883,,,,,,,,,,,,,,,,,,0
84292,1,33882,Microbacterium chocolatum,"",bacteria,false,,,,0.01973803249042,2,,,98.02,101.0,10^-53.6353,,,,,,,,,,,,,,,,,,0
82380,1,33882,Microbacterium oxydans,"",bacteria,false,,,,0.00986901624521,1,,,100.0,65.0,10^-31.8688,,,,,,,,,,,,,,,,,,0
69362,1,33882,Microbacterium schleiferi,"",bacteria,false,,,,0.00986901624521,1,,,97.959,98.0,10^-51.5899,,,,,,,,,,,,,,,,,,0
57043,1,33882,Microbacterium esteraromaticum,"",bacteria,false,,,,0.03947606498084,4,,,100.0,95.5,10^-52.631,,,,,,,,,,,,,,,,,,0
51671,1,33882,Microbacterium sp.,"",bacteria,false,,,,0.01973803249042,2,,,100.0,60.0,10^-28.4741,,,,,,0.02960704873563,3,,,87.7,32.6667,10^-9.2657,,,,,,0
2033,1,33882,Microbacterium testaceum,"",bacteria,false,,,,0.03947606498084,4,,,100.0,89.5,10^-48.5422,,,,,,,,,,,,,,,,,,0
33877,2,33877,Agromyces,"",bacteria,false,,,,0.00986901624521,1,,,97.98,99.0,10^-50.8993,,,,,,,,,,,,,,,,,[1389020],0
1389020,1,33877,Agromyces marinus,"",bacteria,false,,,,0.00986901624521,1,,,97.98,99.0,10^-50.8993,,,,,,,,,,,,,,,,,,0
33687,2,33687,Amblyospora,"",eukaryota,false,,,,0.1973803249042,20,,,89.8325,70.4,10^-25.3293,,,,,,,,,,,,,,,,,[33688],0
33688,1,33687,Amblyospora sp.,"",eukaryota,false,,,,0.1973803249042,20,,,89.8325,70.4,10^-25.3293,,,,,,,,,,,,,,,,,,0
33465,2,33465,Yponomeuta,European small ermine moth,eukaryota,false,,,,0.00986901624521,1,,,86.486,37.0,10^-6.03847,,,,,,,,,,,,,,,,,[33466],0
33466,1,33465,Yponomeuta malinellus,apple ermine moth,eukaryota,false,,,,0.00986901624521,1,,,86.486,37.0,10^-6.03847,,,,,,,,,,,,,,,,,,0
33416,2,33416,Heliconius,"",eukaryota,false,,,,0.00986901624521,1,,,86.364,66.0,10^-20.197,,,,,,,,,,,,,,,,,[33443],0
33443,1,33416,Heliconius sara,"",eukaryota,false,,,,0.00986901624521,1,,,86.364,66.0,10^-20.197,,,,,,,,,,,,,,,,,,0
33196,2,33196,Botrytis,"",eukaryota,false,,,,0.01973803249042,2,,,100.0,101.0,10^-56.3801,,,,,,0.03947606498084,4,,,86.925,30.75,10^-8.15213,,,,,"[1463999, 40559]",0
1463999,1,33196,Botrytis sinoallii,"",eukaryota,false,,,,,,,,,,,,,,,,0.01973803249042,2,,,73.85,32.5,10^-6.06206,,,,,,0
40559,1,33196,Botrytis cinerea,"",eukaryota,false,,,,0.01973803249042,2,,,100.0,101.0,10^-56.3801,,,,,,0.01973803249042,2,,,100.0,29.0,10^-10.2422,,,,,,0
33194,2,33194,Bipolaris,"",eukaryota,false,,,,,,,,,,,,,,,,0.00986901624521,1,,,93.8,32.0,10^-10.4078,,,,,[5016],0
5016,1,33194,Bipolaris maydis,southern corn leaf blight pathogen,eukaryota,false,,,,,,,,,,,,,,,,0.00986901624521,1,,,93.8,32.0,10^-10.4078,,,,,,0
33073,2,33073,Zymobacter,"",bacteria,false,,,,200.67657633010012,20334,13,20162,95.8316,1117.95,10^-256.934,,,,,,0.5724029422221799,58,,,92.4964,31.1786,10^-8.82636,,,,,[33074],0
33074,1,33073,Zymobacter palmae,"",bacteria,false,,,,200.67657633010012,20334,13,20162,95.8316,1117.95,10^-256.934,,,,,,0.5724029422221799,58,,,92.4964,31.1786,10^-8.82636,,,,,,0
33057,2,33057,Thauera,"",bacteria,false,,,,0.01973803249042,2,,,98.485,99.0,10^-52.9578,,,,,,,,,,,,,,,,,[161489],0
161489,1,33057,uncultured Thauera sp.,"",bacteria,false,,,,0.01973803249042,2,,,98.485,99.0,10^-52.9578,,,,,,,,,,,,,,,,,,0
33042,2,33042,Coprococcus,"",bacteria,false,,,,0.00986901624521,1,,,98.889,90.0,10^-47.5097,,,,,,0.00986901624521,1,,,83.3,30.0,10^-9.65758,,,,,"[410072, 33043]",0
410072,1,33042,Coprococcus comes,"",bacteria,false,,,,0.00986901624521,1,,,98.889,90.0,10^-47.5097,,,,,,,,,,,,,,,,,,0
33043,1,33042,Coprococcus eutactus,"",bacteria,false,,,,,,,,,,,,,,,,0.00986901624521,1,,,83.3,30.0,10^-9.65758,,,,,,0
33024,2,33024,Phascolarctobacterium,"",bacteria,false,,,,,,,,,,,,,,,,0.01973803249042,2,,,78.1,32.0,10^-7.11366,,,,,[33025],0
33025,1,33024,Phascolarctobacterium faecium,"",bacteria,false,,,,,,,,,,,,,,,,0.01973803249042,2,,,78.1,32.0,10^-7.11366,,,,,,0
32390,2,32390,Cotesia,"",eukaryota,false,,,,,,,,,,,,,,,,0.00986901624521,1,,,100.0,28.0,10^-7.09854,,,,,[2053667],0
2053667,1,32390,Cotesia typhae,"",eukaryota,false,,,,,,,,,,,,,,,,0.00986901624521,1,,,100.0,28.0,10^-7.09854,,,,,,0
32257,2,32257,Kingella,"",bacteria,false,,,,0.14803524367815,15,,,98.9679,91.3077,10^-48.6139,,,,,,0.03947606498084,4,,,92.95,28.75,10^-7.41,,,,,"[712322, 159270, 505, 502]",1
712322,1,32257,Kingella sp. oral taxon D49,"",bacteria,false,,,,0.00986901624521,1,,,96.341,82.0,10^-39.3159,,,,,,,,,,,,,,,,,,0
159270,1,32257,uncultured Kingella sp.,"",bacteria,false,,,,0.02960704873563,3,,,99.187,94.6667,10^-51.1495,,,,,,,,,,,,,,,,,,0
505,1,32257,Kingella oralis,"",bacteria,false,,,,0.00986901624521,1,,,100.0,101.0,10^-56.3801,,,,,,0.01973803249042,2,,,93.8,32.0,10^-8.16685,,,,,,0
502,1,32257,Kingella denitrificans,"",bacteria,false,,,,0.0986901624521,10,,,99.0851,90.0,10^-47.8546,,,,,,0.01973803249042,2,,,92.1,25.5,10^-6.65315,,,,,,1
32207,2,32207,Rothia,"",bacteria,false,,,,1.3125791606129298,133,,,99.2337,95.9147,10^-51.8316,,,,,,0.50331982850571,51,,,98.5532,31.3404,10^-11.0369,,,,,"[3047030, 2939578, 2419515, 1979525, 1885016, 1739260, 1581132, 172042, 85336, 43675, 37923, 2047]",1
3047030,1,32207,Rothia sp. SD9660Na,"",bacteria,false,,,,0.00986901624521,1,,,100.0,101.0,10^-56.3801,,,,,,,,,,,,,,,,,,0
2939578,1,32207,Rothia sp. P100,"",bacteria,false,,,,,,,,,,,,,,,,0.00986901624521,1,,,100.0,32.0,10^-12.8416,,,,,,0
2419515,1,32207,Rothia sp. HSID18069,"",bacteria,false,,,,,,,,,,,,,,,,0.00986901624521,1,,,87.9,33.0,10^-7.66354,,,,,,0
1979525,1,32207,Rothia sp. Olga,"",bacteria,false,,,,,,,,,,,,,,,,0.00986901624521,1,,,100.0,32.0,10^-9.60907,,,,,,0
1885016,1,32207,Rothia sp. (in: high G+C Gram-positive bacteria),"",bacteria,false,,,,,,,,,,,,,,,,0.00986901624521,1,,,100.0,31.0,10^-12.3179,,,,,,0
1739260,1,32207,Rothia sp. HMSC067H10,"",bacteria,false,,,,,,,,,,,,,,,,0.01973803249042,2,,,100.0,26.0,10^-8.5784,,,,,,0
1581132,1,32207,Rothia sp. HMSC08A08,"",bacteria,false,,,,,,,,,,,,,,,,0.00986901624521,1,,,100.0,33.0,10^-15.3925,,,,,,0
172042,1,32207,Rothia aeria,"",bacteria,false,,,,0.25659442237546,26,,,99.8858,99.8462,10^-55.3823,,,,,,0.07895212996168,8,,,100.0,32.875,10^-12.1105,,,,,,0
85336,1,32207,Rothia nasimurium,"",bacteria,false,,,,0.02960704873563,3,,,92.1527,98.6667,10^-44.2677,,,,,,,,,,,,,,,,,,0
43675,1,32207,Rothia mucilaginosa,"",bacteria,false,,,,0.37502261731798,38,,,99.7797,92.8056,10^-50.3805,,,,,,0.01973803249042,2,,,100.0,28.0,10^-9.12552,,,,,,0
37923,1,32207,Rothia kristinae,"",bacteria,false,,,,0.01973803249042,2,,,98.958,96.0,10^-51.5988,,,,,,0.01973803249042,2,,,100.0,28.5,10^-13.3067,,,,,,0
2047,1,32207,Rothia dentocariosa,"",bacteria,false,,,,0.6217480234482299,63,,,98.9783,95.8525,10^-51.4796,,,,,,0.31580851984672,32,,,98.0036,31.5714,10^-10.7859,,,,,,1
32067,2,32067,Leptotrichia,"",bacteria,false,,,,0.38489163356318995,39,1,5,99.2463,113.821,10^-59.9412,,,,,,0.24672540613024999,25,1,5,94.6256,39.48,10^-17.3614,,,,,"[712362, 712361, 712357, 554406, 157688, 157687, 109328, 104608, 40542]",0
712362,1,32067,Leptotrichia sp. oral taxon 221,"",bacteria,false,,,,0.01973803249042,2,,,99.01,101.0,10^-55.0077,,,,,,,,,,,,,,,,,,0
712361,1,32067,Leptotrichia sp. oral taxon 218,"",bacteria,false,,,,0.01973803249042,2,,,99.495,99.5,10^-54.6711,,,,,,0.00986901624521,1,,,97.0,33.0,10^-12.0092,,,,,,0
712357,1,32067,Leptotrichia sp. oral taxon 212,"",bacteria,false,,,,0.07895212996168,8,,,98.1275,95.625,10^-50.315,,,,,,0.01973803249042,2,,,89.1,32.0,10^-9.09052,,,,,,0
554406,1,32067,Leptotrichia hongkongensis,"",bacteria,false,,,,0.0986901624521,10,1,5,99.5835,168.4,10^-85.5568,,,,,,,,,,,,,,,,,,0
157688,1,32067,Leptotrichia hofstadii,"",bacteria,false,,,,0.01973803249042,2,,,98.9475,95.0,10^-50.9172,,,,,,0.16777327616857,17,1,5,93.5553,44.5294,10^-21.4971,,,,,,0
157687,1,32067,Leptotrichia wadei,"",bacteria,false,,,,0.06908311371647,7,,,99.5463,92.7143,10^-49.949,,,,,,0.03947606498084,4,,,100.0,25.25,10^-7.03751,,,,,,0
109328,1,32067,Leptotrichia trevisanii,"",bacteria,false,,,,0.05921409747126,6,,,100.0,92.0,10^-50.2489,,,,,,,,,,,,,,,,,,0
104608,1,32067,Leptotrichia sp.,"",bacteria,false,,,,,,,,,,,,,,,,0.00986901624521,1,,,100.0,32.0,10^-10.2434,,,,,,0
40542,1,32067,Leptotrichia buccalis,"",bacteria,false,,,,0.01973803249042,2,,,99.01,99.0,10^-53.6441,,,,,,,,,,,,,,,,,,0
32012,2,32012,Thiomonas,"",bacteria,false,,,,,,,,,,,,,,,,0.3947606498084,40,1,20,78.7515,52.425,10^-19.6493,,,,,[554131],0
554131,1,32012,Thiomonas sp. CB2,"",bacteria,false,,,,,,,,,,,,,,,,0.3947606498084,40,1,20,78.7515,52.425,10^-19.6493,,,,,,0
32008,2,32008,Burkholderia,"",bacteria,false,,,,0.03947606498084,4,,,94.0348,100.75,10^-47.9754,,,,,,0.9375565432949499,95,3,82,81.5385,69.8817,10^-32.2851,,,,,"[758796, 758782, 482957, 200902, 95486, 87883, 28450]",2
758796,1,32008,Burkholderia sp. RPE67,"",bacteria,false,,,,0.00986901624521,1,,,90.0,100.0,10^-41.9745,,,,,,0.00986901624521,1,,,90.9,33.0,10^-9.01954,,,,,,0
758782,1,32008,Burkholderia sp. THE68,"",bacteria,false,,,,0.00986901624521,1,,,91.089,101.0,10^-44.0287,,,,,,,,,,,,,,,,,,0
482957,1,32008,Burkholderia lata,"",bacteria,false,,,,,,,,,,,,,,,,0.00986901624521,1,,,100.0,33.0,10^-11.4486,,,,,,0
200902,1,32008,Burkholderia sp. LR1,"",bacteria,false,,,,0.00986901624521,1,,,98.02,101.0,10^-53.6353,,,,,,,,,,,,,,,,,,0
95486,1,32008,Burkholderia cenocepacia,"",bacteria,false,,,,,,,,,,,,,,,,0.18751130865899,19,1,18,80.4997,72.5789,10^-35.0785,,,,,,1
87883,1,32008,Burkholderia multivorans,"",bacteria,false,,,,,,,,,,,,,,,,0.6612240884290699,67,2,64,81.4137,74.5538,10^-34.7524,,,,,,0
28450,1,32008,Burkholderia pseudomallei,"",bacteria,false,,,,0.00986901624521,1,,,97.03,101.0,10^-52.2629,,,,,,0.06908311371647,7,,,81.5429,29.7143,10^-8.0935,,,,,,1
31988,2,31988,Aminobacter,"",bacteria,false,,,,0.01973803249042,2,,,97.0445,101.5,10^-52.6039,,,,,,,,,,,,,,,,,[374606],0
374606,1,31988,Aminobacter sp. MSH1,"",bacteria,false,,,,0.01973803249042,2,,,97.0445,101.5,10^-52.6039,,,,,,,,,,,,,,,,,,0
31983,2,31983,Helcococcus,"",bacteria,false,,,,,,,,,,,,,,,,0.00986901624521,1,,,75.9,29.0,10^-5.51428,,,,,[72026],0
72026,1,31983,Helcococcus ovis,"",bacteria,false,,,,,,,,,,,,,,,,0.00986901624521,1,,,75.9,29.0,10^-5.51428,,,,,,0
30204,2,30204,Tetramorium,"",eukaryota,false,,,,0.01973803249042,2,,,90.244,41.0,10^-10.111,,,,,,,,,,,,,,,,,[219812],0
219812,1,30204,Tetramorium bicarinatum,"",eukaryota,false,,,,0.01973803249042,2,,,90.244,41.0,10^-10.111,,,,,,,,,,,,,,,,,,0
30100,2,30100,Pealius,"",eukaryota,false,,,,0.01973803249042,2,,,100.0,95.0,10^-52.2895,,,,,,,,,,,,,,,,,[30101],0
30101,1,30100,Pealius kelloggii,Kellogg's whitefly,eukaryota,false,,,,0.01973803249042,2,,,100.0,95.0,10^-52.2895,,,,,,,,,,,,,,,,,,0
30079,2,30079,Cimex,"",eukaryota,false,,,,0.02960704873563,3,,,98.2513,65.0,10^-30.5265,,,,,,,,,,,,,,,,,[757355],0
757355,1,30079,Cimex hemipterus,"",eukaryota,false,,,,0.02960704873563,3,,,98.2513,65.0,10^-30.5265,,,,,,,,,,,,,,,,,,0
29832,2,29832,Hanseniaspora,"",eukaryota,false,,,,0.03947606498084,4,,,99.505,100.0,10^-55.012,,,,,,,,,,,,,,,,,[29833],0
29833,1,29832,Hanseniaspora uvarum,"",eukaryota,false,,,,0.03947606498084,4,,,99.505,100.0,10^-55.012,,,,,,,,,,,,,,,,,,0
29828,2,29828,Lipomyces,"",eukaryota,false,,,,,,,,,,,,,,,,0.06908311371647,7,,,83.9714,31.5714,10^-7.59759,,,,,[29829],0
29829,1,29828,Lipomyces starkeyi,"",eukaryota,false,,,,,,,,,,,,,,,,0.06908311371647,7,,,83.9714,31.5714,10^-7.59759,,,,,,0
29580,2,29580,Janthinobacterium,"",bacteria,false,,,,0.03947606498084,4,,,97.7115,78.25,10^-38.1415,,,,,,0.01973803249042,2,,,97.9,24.0,10^-7.03571,,,,,"[2775055, 2751478, 29581]",0
2775055,1,29580,Janthinobacterium sp. FW305-128,"",bacteria,false,,,,,,,,,,,,,,,,0.01973803249042,2,,,97.9,24.0,10^-7.03571,,,,,,0
2751478,1,29580,Janthinobacterium rivuli,"",bacteria,false,,,,0.00986901624521,1,,,99.01,101.0,10^-55.0077,,,,,,,,,,,,,,,,,,0
29581,1,29580,Janthinobacterium lividum,"",bacteria,false,,,,0.02960704873563,3,,,97.2787,70.6667,10^-32.5194,,,,,,,,,,,,,,,,,,0
29574,2,29574,Taylorella,"",bacteria,false,,,,0.00986901624521,1,,,97.872,94.0,10^-48.8632,,,,,,,,,,,,,,,,,[29575],0
29575,1,29574,Taylorella equigenitalis,"",bacteria,false,,,,0.00986901624521,1,,,97.872,94.0,10^-48.8632,,,,,,,,,,,,,,,,,,0
29487,2,29487,Photorhabdus,"",bacteria,false,,,,,,,,,,,,,,,,0.03947606498084,4,,,86.175,32.5,10^-11.0003,,,,,[1004150],0
1004150,1,29487,Photorhabdus khanii,"",bacteria,false,,,,,,,,,,,,,,,,0.03947606498084,4,,,86.175,32.5,10^-11.0003,,,,,,0
29465,2,29465,Veillonella,"",bacteria,false,,,,0.36515360107276995,37,1,5,97.4415,115.946,10^-55.045,,,,,,0.23685638988504,24,1,5,96.5815,39.2917,10^-16.4115,,,,,"[2490956, 2490952, 2490949, 2027458, 1926307, 1403932, 1384081, 741828, 671229, 457416, 423477, 248315, 187328, 39778, 39777, 29466]",0
2490956,1,29465,Veillonella sp. 3310,"",bacteria,false,,,,,,,,,,,,,,,,0.01973803249042,2,,,100.0,33.0,10^-12.1611,,,,,,0
2490952,1,29465,Veillonella sp. 3913,"",bacteria,false,,,,,,,,,,,,,,,,0.00986901624521,1,,,100.0,24.0,10^-3.77989,,,,,,0
2490949,1,29465,Veillonella sp. CHU732,"",bacteria,false,,,,,,,,,,,,,,,,0.02960704873563,3,,,94.9333,29.6667,10^-9.09254,,,,,,0
2027458,1,29465,Veillonella sp. S13054-11,"",bacteria,false,,,,,,,,,,,,,,,,0.00986901624521,1,,,100.0,33.0,10^-12.0074,,,,,,0
1926307,1,29465,Veillonella sp.,"",bacteria,false,,,,,,,,,,,,,,,,0.00986901624521,1,,,100.0,33.0,10^-10.5157,,,,,,0
1403932,1,29465,Veillonella sp. DORA_A_3_16_22,"",bacteria,false,,,,,,,,,,,,,,,,0.06908311371647,7,1,5,92.665,60.4286,10^-30.8927,,,,,,0
1384081,1,29465,Veillonella sp. DNF00869,"",bacteria,false,,,,,,,,,,,,,,,,0.00986901624521,1,,,100.0,32.0,10^-13.3516,,,,,,0
741828,1,29465,Veillonella sp. VA137,"",bacteria,false,,,,,,,,,,,,,,,,0.00986901624521,1,,,97.0,33.0,10^-11.6819,,,,,,0
671229,1,29465,Veillonella sp. oral taxon 780,"",bacteria,false,,,,,,,,,,,,,,,,0.00986901624521,1,,,100.0,33.0,10^-11.7447,,,,,,0
457416,1,29465,Veillonella sp. 3_1_44,"",bacteria,false,,,,,,,,,,,,,,,,0.01973803249042,2,,,100.0,28.0,10^-9.37882,,,,,,0
423477,1,29465,Veillonella rogosae,"",bacteria,false,,,,0.03947606498084,4,,,99.5025,100.75,10^-55.5234,,,,,,,,,,,,,,,,,,0
248315,1,29465,Veillonella rodentium,"",bacteria,false,,,,0.08882114620689,9,1,5,92.4406,192.889,10^-75.5927,,,,,,,,,,,,,,,,,,0
187328,1,29465,Veillonella montpellierensis,"",bacteria,false,,,,0.00986901624521,1,,,92.771,83.0,10^-35.8797,,,,,,,,,,,,,,,,,,0
39778,1,29465,Veillonella dispar,"",bacteria,false,,,,,,,,,,,,,,,,0.01973803249042,2,,,100.0,28.5,10^-10.7038,,,,,,0
39777,1,29465,Veillonella atypica,"",bacteria,false,,,,0.01973803249042,2,,,100.0,90.0,10^-47.5098,,,,,,,,,,,,,,,,,,0
29466,1,29465,Veillonella parvula,"",bacteria,false,,,,0.20724934114941,21,,,99.171,89.9048,10^-47.7779,,,,,,0.01973803249042,2,,,93.75,32.0,10^-11.3899,,,,,,0
29407,2,29407,Rhodoplanes,"",bacteria,false,,,,0.00986901624521,1,,,88.119,101.0,10^-39.9116,,,,,,,,,,,,,,,,,[674703],0
674703,1,29407,Rhodoplanes sp. Z2-YC6860,"",bacteria,false,,,,0.00986901624521,1,,,88.119,101.0,10^-39.9116,,,,,,,,,,,,,,,,,,0
29404,2,29404,Microlunatus,"",bacteria,false,,,,0.21711835739462,22,,,95.397,85.5455,10^-40.5666,,,,,,0.07895212996168,8,,,91.475,31.625,10^-9.99468,,,,,"[2672569, 2596828, 630515, 546874, 99117, 53388, 29405]",0
2672569,1,29404,Microlunatus sp. Gsoil 973,"",bacteria,false,,,,,,,,,,,,,,,,0.01973803249042,2,,,96.8,31.0,10^-11.9957,,,,,,0
2596828,1,29404,Microlunatus elymi,"",bacteria,false,,,,0.01973803249042,2,,,89.855,69.0,10^-24.981,,,,,,,,,,,,,,,,,,0
630515,1,29404,Microlunatus soli,"",bacteria,false,,,,0.00986901624521,1,,,100.0,38.0,10^-13.5749,,,,,,,,,,,,,,,,,,0
546874,1,29404,Microlunatus sagamiharensis,"",bacteria,false,,,,0.14803524367815,15,,,95.7359,87.2,10^-42.0553,,,,,,0.01973803249042,2,,,92.4,33.0,10^-10.7856,,,,,,0
99117,1,29404,Microlunatus capsulatus,"",bacteria,false,,,,,,,,,,,,,,,,0.00986901624521,1,,,75.8,33.0,10^-7.68194,,,,,,0
53388,1,29404,Microlunatus antarcticus,"",bacteria,false,,,,,,,,,,,,,,,,0.00986901624521,1,,,100.0,33.0,10^-12.8097,,,,,,0
29405,1,29404,Microlunatus phosphovorus,"",bacteria,false,,,,0.03947606498084,4,,,95.7465,99.5,10^-49.5248,,,,,,0.01973803249042,2,,,88.8,29.5,10^-6.95161,,,,,,0
29393,2,29393,Dolosigranulum,"",bacteria,false,,,,,,,,,,,,,,,,0.01973803249042,2,,,66.65,31.5,10^-4.16222,,,,,[29394],0
29394,1,29393,Dolosigranulum pigrum,"",bacteria,false,,,,,,,,,,,,,,,,0.01973803249042,2,,,66.65,31.5,10^-4.16222,,,,,,0
29298,2,29298,Planobispora,"",bacteria,false,,,,,,,,,,,,,,,,0.00986901624521,1,,,81.5,27.0,10^-4.90658,,,,,[1367882],0
1367882,1,29298,Planobispora takensis,"",bacteria,false,,,,,,,,,,,,,,,,0.00986901624521,1,,,81.5,27.0,10^-4.90658,,,,,,0
29175,2,29175,Neospora,"",eukaryota,false,,,,0.02960704873563,3,,,95.747,39.0,10^-11.9637,,,,,,,,,,,,,,,,,[29176],0
29176,1,29175,Neospora caninum,"",eukaryota,false,,,,0.02960704873563,3,,,95.747,39.0,10^-11.9637,,,,,,,,,,,,,,,,,,0
29002,2,29002,Cercospora,"",eukaryota,false,,,,0.02960704873563,3,,,97.2223,92.6667,10^-47.0425,,,,,,0.08882114620689,9,,,90.3111,28.3333,10^-8.90336,,,,,"[2929575, 706553, 135779]",0
2929575,1,29002,Cercospora sp. J1 LZ-2022,"",eukaryota,false,,,,0.00986901624521,1,,,98.718,78.0,10^-39.3377,,,,,,,,,,,,,,,,,,0
706553,1,29002,Cercospora janseana,"",eukaryota,false,,,,0.01973803249042,2,,,96.4745,100.0,10^-50.8949,,,,,,,,,,,,,,,,,,0
135779,1,29002,Cercospora zeae-maydis,"",eukaryota,false,,,,,,,,,,,,,,,,0.08882114620689,9,,,90.3111,28.3333,10^-8.90336,,,,,,0
28641,2,28641,Bombus,bumble bees,eukaryota,false,,,,0.01973803249042,2,,,87.683,40.5,10^-8.4009,,,,,,0.00986901624521,1,,,100.0,30.0,10^-5.83268,,,,,"[207650, 30195]",0
207650,1,28641,Bombus vosnesenskii,"",eukaryota,false,,,,0.00986901624521,1,,,85.366,41.0,10^-7.36626,,,,,,,,,,,,,,,,,,0
30195,1,28641,Bombus terrestris,buff-tailed bumblebee,eukaryota,false,,,,0.00986901624521,1,,,90.0,40.0,10^-9.43554,,,,,,0.00986901624521,1,,,100.0,30.0,10^-5.83268,,,,,,0
28609,2,28609,Rhagoletis,"",eukaryota,false,,,,,,,,,,,,,,,,0.05921409747126,6,,,72.1833,32.3333,10^-7.30929,,,,,[28610],0
28610,1,28609,Rhagoletis pomonella,apple maggot,eukaryota,false,,,,,,,,,,,,,,,,0.05921409747126,6,,,72.1833,32.3333,10^-7.30929,,,,,,0
28453,2,28453,Sphingobacterium,"",bacteria,false,,,,0.00986901624521,1,,,92.157,51.0,10^-16.8781,,,,,,0.00986901624521,1,,,60.6,33.0,10^-3.42366,,,,,"[710992, 258]",0
710992,1,28453,uncultured Sphingobacterium sp. EB080_L08E11,"",bacteria,false,,,,,,,,,,,,,,,,0.00986901624521,1,,,60.6,33.0,10^-3.42366,,,,,,0
258,1,28453,Sphingobacterium spiritivorum,"",bacteria,false,,,,0.00986901624521,1,,,92.157,51.0,10^-16.8781,,,,,,,,,,,,,,,,,,0
28263,2,28263,Arcanobacterium,"",bacteria,false,,,,,,,,,,,,,,,,0.02960704873563,3,,,91.6667,32.3333,10^-11.5397,,,,,[131112],0
131112,1,28263,Arcanobacterium phocae,"",bacteria,false,,,,,,,,,,,,,,,,0.02960704873563,3,,,91.6667,32.3333,10^-11.5397,,,,,,0
28253,2,28253,Marinomonas,"",bacteria,false,,,,0.01973803249042,2,,,94.0985,101.5,10^-48.4868,,,,,,0.00986901624521,1,,,72.7,33.0,10^-7.75945,,,,,"[2773454, 2066133, 383750]",0
2773454,1,28253,Marinomonas algicola,"",bacteria,false,,,,0.00986901624521,1,,,96.04,101.0,10^-50.8906,,,,,,,,,,,,,,,,,,0
2066133,1,28253,Marinomonas sp. CT5,"",bacteria,false,,,,,,,,,,,,,,,,0.00986901624521,1,,,72.7,33.0,10^-7.75945,,,,,,0
383750,1,28253,Marinomonas arctica,"",bacteria,false,,,,0.00986901624521,1,,,92.157,102.0,10^-46.083,,,,,,,,,,,,,,,,,,0
28231,2,28231,Geobacter,"",bacteria,false,,,,0.01973803249042,2,,,96.0,50.0,10^-18.9452,,,,,,,,,,,,,,,,,[1277350],0
1277350,1,28231,Geobacter sp. DSM 9736,"",bacteria,false,,,,0.01973803249042,2,,,96.0,50.0,10^-18.9452,,,,,,,,,,,,,,,,,,0
28196,2,28196,Arcobacter,"",bacteria,false,,,,0.01973803249042,2,,,99.01,101.0,10^-55.0077,,,,,,0.01973803249042,2,,,95.65,28.0,10^-8.61791,,,,,[1054034],0
1054034,1,28196,Arcobacter cloacae,"",bacteria,false,,,,0.01973803249042,2,,,99.01,101.0,10^-55.0077,,,,,,0.01973803249042,2,,,95.65,28.0,10^-8.61791,,,,,,0
28105,2,28105,Sinorhizobium,"",bacteria,false,,,,0.01973803249042,2,,,91.358,81.0,10^-33.1456,,,,,,,,,,,,,,,,,[380],0
380,1,28105,Sinorhizobium fredii,"",bacteria,false,,,,0.01973803249042,2,,,91.358,81.0,10^-33.1456,,,,,,,,,,,,,,,,,,0
28070,2,28070,Gloeothece,"",bacteria,false,,,,0.00986901624521,1,,,92.079,101.0,10^-45.4011,,,,,,,,,,,,,,,,,[2546356],0
2546356,1,28070,Gloeothece citriformis,"",bacteria,false,,,,0.00986901624521,1,,,92.079,101.0,10^-45.4011,,,,,,,,,,,,,,,,,,0
28067,2,28067,Rubrivivax,"",bacteria,false,,,,,,,,,,,,,,,,0.00986901624521,1,,,87.9,33.0,10^-10.9706,,,,,[50259],0
50259,1,28067,Rubrivivax sp.,"",bacteria,false,,,,,,,,,,,,,,,,0.00986901624521,1,,,87.9,33.0,10^-10.9706,,,,,,0
28065,2,28065,Rhodoferax,"",bacteria,false,,,,0.05921409747126,6,,,98.5348,99.3333,10^-53.4141,,,,,,,,,,,,,,,,,"[2527691, 192843]",0
2527691,1,28065,Rhodoferax aquaticus,"",bacteria,false,,,,0.04934508122605,5,,,100.0,101.0,10^-56.3801,,,,,,,,,,,,,,,,,,0
192843,1,28065,Rhodoferax ferrireducens,"",bacteria,false,,,,0.00986901624521,1,,,91.209,91.0,10^-38.5845,,,,,,,,,,,,,,,,,,0
28000,2,28000,Perkinsus,"",eukaryota,false,,,,,,,,,,,,,,,,0.00986901624521,1,,,96.9,32.0,10^-12.7423,,,,,[31276],0
31276,1,28000,Perkinsus marinus,"",eukaryota,false,,,,,,,,,,,,,,,,0.00986901624521,1,,,96.9,32.0,10^-12.7423,,,,,,0
27529,2,27529,Orussus,"",eukaryota,false,,,,,,,,,,,,,,,,0.01973803249042,2,,,100.0,24.5,10^-3.9642,,,,,[222816],0
222816,1,27529,Orussus abietinus,"",eukaryota,false,,,,,,,,,,,,,,,,0.01973803249042,2,,,100.0,24.5,10^-3.9642,,,,,,0
27456,2,27456,Bactrocera,"",eukaryota,false,,,,0.01973803249042,2,,,91.8755,61.0,10^-22.2907,,,,,,0.01973803249042,2,,,87.85,25.0,10^-5.95554,,,,,[27457],0
27457,1,27456,Bactrocera dorsalis,oriental fruit fly,eukaryota,false,,,,0.01973803249042,2,,,91.8755,61.0,10^-22.2907,,,,,,0.01973803249042,2,,,87.85,25.0,10^-5.95554,,,,,,0
27375,2,27375,Entrophospora,"",eukaryota,false,,,,,,,,,,,,,,,,0.01973803249042,2,,,75.0,28.0,10^-4.057,,,,,[2562287],0
2562287,1,27375,Entrophospora sp. SA101,"",eukaryota,false,,,,,,,,,,,,,,,,0.01973803249042,2,,,75.0,28.0,10^-4.057,,,,,,0
27372,2,27372,Acaulospora,"",eukaryota,false,,,,,,,,,,,,,,,,0.03947606498084,4,,,89.2,23.5,10^-6.58468,,,,,"[94023, 27376]",0
94023,1,27372,Acaulospora morrowiae,"",eukaryota,false,,,,,,,,,,,,,,,,0.01973803249042,2,,,86.4,22.0,10^-5.71837,,,,,,0
27376,1,27372,Acaulospora colombiana,"",eukaryota,false,,,,,,,,,,,,,,,,0.01973803249042,2,,,92.0,25.0,10^-7.451,,,,,,0
27353,2,27353,Cronartium,"",eukaryota,false,,,,0.00986901624521,1,,,100.0,76.0,10^-39.3489,,,,,,,,,,,,,,,,,[33189],0
33189,1,27353,Cronartium flaccidum,"",eukaryota,false,,,,0.00986901624521,1,,,100.0,76.0,10^-39.3489,,,,,,,,,,,,,,,,,,0
27331,2,27331,Protomyces,"",eukaryota,false,,,,0.00986901624521,1,,,100.0,78.0,10^-40.71,,,,,,,,,,,,,,,,,[27333],0
27333,1,27331,Protomyces inundatus,"",eukaryota,false,,,,0.00986901624521,1,,,100.0,78.0,10^-40.71,,,,,,,,,,,,,,,,,,0
27320,2,27320,Metschnikowia,"",eukaryota,false,,,,0.40462966605360995,41,1,23,97.9162,208.634,10^-104.565,,,,,,0.01973803249042,2,,,85.7,30.0,10^-7.8125,,,,,"[2562755, 1780086, 329642, 280790, 27328, 27327, 27326, 27322]",0
2562755,1,27320,Metschnikowia sp. JCM 33374,"",eukaryota,false,,,,,,,,,,,,,,,,0.00986901624521,1,,,96.4,28.0,10^-9.17522,,,,,,0
1780086,1,27320,Metschnikowia sp. (in: budding yeasts),"",eukaryota,false,,,,0.00986901624521,1,,,100.0,94.0,10^-50.2356,,,,,,,,,,,,,,,,,,0
329642,1,27320,Metschnikowia kofuensis (nom. inval.),"",eukaryota,false,,,,0.22698737363983,23,1,23,99.674,307.0,10^-156.246,,,,,,,,,,,,,,,,,,0
280790,1,27320,Metschnikowia viticola,"",eukaryota,false,,,,0.01973803249042,2,,,100.0,100.0,10^-55.6982,,,,,,,,,,,,,,,,,,0
27328,1,27320,Metschnikowia zobellii,"",eukaryota,false,,,,0.07895212996168,8,,,91.6348,77.0,10^-29.7566,,,,,,,,,,,,,,,,,,0
27327,1,27320,Metschnikowia reukaufii,"",eukaryota,false,,,,0.04934508122605,5,,,97.7968,98.2,10^-51.1775,,,,,,,,,,,,,,,,,,0
27326,1,27320,Metschnikowia pulcherrima,"",eukaryota,false,,,,0.01973803249042,2,,,100.0,46.0,10^-18.9814,,,,,,,,,,,,,,,,,,0
27322,1,27320,Metschnikowia bicuspidata,"",eukaryota,false,,,,,,,,,,,,,,,,0.00986901624521,1,,,75.0,32.0,10^-6.44977,,,,,,0
26473,2,26473,Buddleja,"",eukaryota,false,,,,,,,,,,,,,,,,0.02960704873563,3,,,97.8,28.6667,10^-8.70991,,,,,[168488],0
168488,1,26473,Buddleja alternifolia,"",eukaryota,false,,,,,,,,,,,,,,,,0.02960704873563,3,,,97.8,28.6667,10^-8.70991,,,,,,0
25628,2,25628,Taxus,"",eukaryota,false,,,,,,,,,,,,,,,,0.11842819494252,12,,,70.775,31.8333,10^-5.00138,,,,,[29808],0
29808,1,25628,Taxus chinensis,"",eukaryota,false,,,,,,,,,,,,,,,,0.11842819494252,12,,,70.775,31.8333,10^-5.00138,,,,,,0
24735,2,24735,Ulmus,"",eukaryota,false,,,,0.02960704873563,3,,,100.0,87.0,10^-45.9273,,,,,,,,,,,,,,,,,"[1961212, 1297873, 1043716]",0
1961212,1,24735,Ulmus changii,"",eukaryota,false,,,,0.00986901624521,1,,,100.0,71.0,10^-35.9476,,,,,,,,,,,,,,,,,,0
1297873,1,24735,Ulmus davidiana,"",eukaryota,false,,,,0.00986901624521,1,,,100.0,95.0,10^-50.9172,,,,,,,,,,,,,,,,,,0
1043716,1,24735,Ulmus macrocarpa,"",eukaryota,false,,,,0.00986901624521,1,,,100.0,95.0,10^-50.9172,,,,,,,,,,,,,,,,,,0
24663,2,24663,Physalis,"",eukaryota,false,,,,0.01973803249042,2,,,100.0,101.0,10^-56.3801,,,,,,,,,,,,,,,,,[304158],0
304158,1,24663,Physalis virginiana,"",eukaryota,false,,,,0.01973803249042,2,,,100.0,101.0,10^-56.3801,,,,,,,,,,,,,,,,,,0
23231,2,23231,Vauquelinia,"",eukaryota,false,,,,0.00986901624521,1,,,100.0,60.0,10^-28.4726,,,,,,,,,,,,,,,,,[2675844],0
2675844,1,23231,Vauquelinia pauciflora,"",eukaryota,false,,,,0.00986901624521,1,,,100.0,60.0,10^-28.4726,,,,,,,,,,,,,,,,,,0
23212,2,23212,Quillaja,"",eukaryota,false,,,,,,,,,,,,,,,,0.03947606498084,4,,,99.25,32.75,10^-13.5118,,,,,[32244],0
32244,1,23212,Quillaja saponaria,"",eukaryota,false,,,,,,,,,,,,,,,,0.03947606498084,4,,,99.25,32.75,10^-13.5118,,,,,,0
22986,2,22986,Licania,"",eukaryota,false,,,,0.00986901624521,1,,,100.0,101.0,10^-56.3801,,,,,,,,,,,,,,,,,[597311],0
597311,1,22986,Licania alba,"",eukaryota,false,,,,0.00986901624521,1,,,100.0,101.0,10^-56.3801,,,,,,,,,,,,,,,,,,0
22662,2,22662,Punica,"",eukaryota,false,,,,,,,,,,,,,,,,0.01973803249042,2,,,84.4,32.5,10^-9.41665,,,,,[22663],0
22663,1,22662,Punica granatum,pomegranate,eukaryota,false,,,,,,,,,,,,,,,,0.01973803249042,2,,,84.4,32.5,10^-9.41665,,,,,,0
22002,2,22002,Verbena,vervains,eukaryota,false,,,,0.00986901624521,1,,,100.0,100.0,10^-55.6982,,,,,,,,,,,,,,,,,[79772],0
79772,1,22002,Verbena officinalis,"",eukaryota,false,,,,0.00986901624521,1,,,100.0,100.0,10^-55.6982,,,,,,,,,,,,,,,,,,0
21880,2,21880,Salvia,sages,eukaryota,false,,,,0.00986901624521,1,,,88.764,89.0,10^-34.4771,,,,,,0.01973803249042,2,,,75.05,32.0,10^-6.54749,,,,,[180675],0
180675,1,21880,Salvia splendens,"",eukaryota,false,,,,0.00986901624521,1,,,88.764,89.0,10^-34.4771,,,,,,0.01973803249042,2,,,75.05,32.0,10^-6.54749,,,,,,0
21019,2,21019,Castanea,"",eukaryota,false,,,,,,,,,,,,,,,,0.37502261731798,38,2,21,87.0542,53.1667,10^-23.054,,,,,[60419],0
60419,1,21019,Castanea mollissima,Chinese chestnut,eukaryota,false,,,,,,,,,,,,,,,,0.37502261731798,38,2,21,87.0542,53.1667,10^-23.054,,,,,,0
20685,2,20685,Indigofera,"",eukaryota,false,,,,0.07895212996168,8,1,7,100.0,194.75,10^-97.222,,,,,,,,,,,,,,,,,[198914],0
198914,1,20685,Indigofera tinctoria,"",eukaryota,false,,,,0.07895212996168,8,1,7,100.0,194.75,10^-97.222,,,,,,,,,,,,,,,,,,0
16728,2,16728,Asarum,"",eukaryota,false,,,,0.01973803249042,2,,,97.368,38.0,10^-12.2026,,,,,,,,,,,,,,,,,[76106],0
76106,1,16728,Asarum satsumense,"",eukaryota,false,,,,0.01973803249042,2,,,97.368,38.0,10^-12.2026,,,,,,,,,,,,,,,,,,0
16718,2,16718,Juglans,walnuts,eukaryota,false,,,,0.00986901624521,1,,,92.5,80.0,10^-33.8372,,,,,,,,,,,,,,,,,[2249226],0
2249226,1,16718,Juglans microcarpa x Juglans regia,"",eukaryota,false,,,,0.00986901624521,1,,,92.5,80.0,10^-33.8372,,,,,,,,,,,,,,,,,,0
15745,2,15745,Phragmites,"",eukaryota,false,,,,0.02960704873563,3,,,99.617,96.3333,10^-52.742,,,,,,,,,,,,,,,,,[29695],0
29695,1,15745,Phragmites australis,common reed,eukaryota,false,,,,0.02960704873563,3,,,99.617,96.3333,10^-52.742,,,,,,,,,,,,,,,,,,0
15170,2,15170,Tillandsia,"",eukaryota,false,,,,0.01973803249042,2,,,100.0,80.5,10^-42.4263,,,,,,,,,,,,,,,,,"[3051587, 1618065]",0
3051587,1,15170,Tillandsia rubroviolacea,"",eukaryota,false,,,,0.00986901624521,1,,,100.0,60.0,10^-28.4726,,,,,,,,,,,,,,,,,,0
1618065,1,15170,Tillandsia albida,"",eukaryota,false,,,,0.00986901624521,1,,,100.0,101.0,10^-56.3801,,,,,,,,,,,,,,,,,,0
13817,2,13817,Adiantum,"",eukaryota,false,,,,,,,,,,,,,,,,0.03947606498084,4,,,81.675,30.25,10^-6.38346,,,,,[2759587],0
2759587,1,13817,Adiantum nelumboides,"",eukaryota,false,,,,,,,,,,,,,,,,0.03947606498084,4,,,81.675,30.25,10^-6.38346,,,,,,0
13804,2,13804,Sphagnum,"",eukaryota,false,,,,,,,,,,,,,,,,0.00986901624521,1,,,87.5,32.0,10^-10.433,,,,,[128215],0
128215,1,13804,Sphagnum magellanicum,"",eukaryota,false,,,,,,,,,,,,,,,,0.00986901624521,1,,,87.5,32.0,10^-10.433,,,,,,0
13786,2,13786,Trebouxia,"",eukaryota,false,,,,,,,,,,,,,,,,0.01973803249042,2,,,75.4,32.5,10^-8.47982,,,,,[2608996],0
2608996,1,13786,Trebouxia sp. A1-2,"",eukaryota,false,,,,,,,,,,,,,,,,0.01973803249042,2,,,75.4,32.5,10^-8.47982,,,,,,0
13687,2,13687,Sphingomonas,"",bacteria,false,,,,0.37502261731798,38,,,96.6828,86.8684,10^-43.1845,,,,,,0.14803524367815,15,,,87.52,29.6667,10^-6.47789,,,,,"[3018446, 2991075, 2950605, 2949093, 2942996, 2938948, 2937788, 2908208, 2812555, 2804617, 2759526, 2653203, 2565555, 2479204, 2305907, 2219696, 1938607, 1813468, 1609977, 1549858, 1517554, 1390395, 1327635, 1156680, 940132, 563996, 399176, 304378, 185951, 158754, 114404, 33051, 28214]",0
3018446,1,13687,Sphingomonas sp. 7/4-4,"",bacteria,false,,,,0.01973803249042,2,,,95.122,41.0,10^-12.8557,,,,,,,,,,,,,,,,,,0
2991075,1,13687,Sphingomonas sp. S6-11,"",bacteria,false,,,,0.00986901624521,1,,,100.0,101.0,10^-56.3801,,,,,,,,,,,,,,,,,,0
2950605,1,13687,Sphingomonas sp. QA11,"",bacteria,false,,,,0.01973803249042,2,,,96.471,85.0,10^-41.3589,,,,,,,,,,,,,,,,,,0
2949093,1,13687,Sphingomonas donggukensis,"",bacteria,false,,,,,,,,,,,,,,,,0.01973803249042,2,,,83.15,32.5,10^-5.28704,,,,,,0
2942996,1,13687,Sphingomonas sp. KRR8,"",bacteria,false,,,,,,,,,,,,,,,,0.00986901624521,1,,,95.8,24.0,10^-4.40561,,,,,,0
2938948,1,13687,Sphingomonas glaciei,"",bacteria,false,,,,0.00986901624521,1,,,100.0,100.0,10^-55.6982,,,,,,0.00986901624521,1,,,66.7,33.0,10^-3.24795,,,,,,0
2937788,1,13687,Sphingomonas sp. SUN019,"",bacteria,false,,,,0.01973803249042,2,,,91.667,72.0,10^-28.3935,,,,,,,,,,,,,,,,,,0
2908208,1,13687,Sphingomonas alba,"",bacteria,false,,,,,,,,,,,,,,,,0.00986901624521,1,,,66.7,33.0,10^-4.5391,,,,,,0
2812555,1,13687,Sphingomonas arenae,"",bacteria,false,,,,,,,,,,,,,,,,0.01973803249042,2,,,89.3,28.0,10^-3.42366,,,,,,0
2804617,1,13687,Sphingomonas sp. LHG3406-1,"",bacteria,false,,,,0.03947606498084,4,,,99.75,91.75,10^-49.7335,,,,,,,,,,,,,,,,,,0
2759526,1,13687,Sphingomonas aliaeris,"",bacteria,false,,,,0.01973803249042,2,,,99.4445,90.0,10^-48.1959,,,,,,,,,,,,,,,,,,0
2653203,1,13687,Sphingomonas sp. CL5.1,"",bacteria,false,,,,0.00986901624521,1,,,99.01,101.0,10^-55.0077,,,,,,,,,,,,,,,,,,0
2565555,1,13687,Sphingomonas sp. PAMC26645,"",bacteria,false,,,,0.00986901624521,1,,,90.123,81.0,10^-31.7732,,,,,,,,,,,,,,,,,,0
2479204,1,13687,Sphingomonas sp. MA1305,"",bacteria,false,,,,,,,,,,,,,,,,0.00986901624521,1,,,96.3,27.0,10^-10.3862,,,,,,0
2305907,1,13687,Sphingomonas gilva,"",bacteria,false,,,,,,,,,,,,,,,,0.01973803249042,2,,,81.8,33.0,10^-7.39362,,,,,,0
2219696,1,13687,Sphingomonas sp. FARSPH,"",bacteria,false,,,,0.00986901624521,1,,,95.05,101.0,10^-49.5182,,,,,,,,,,,,,,,,,,0
1938607,1,13687,Sphingomonas sp. LM7,"",bacteria,false,,,,0.00986901624521,1,,,84.524,84.0,10^-26.9541,,,,,,,,,,,,,,,,,,0
1813468,1,13687,Sphingomonas naphthae,"",bacteria,false,,,,0.00986901624521,1,,,100.0,101.0,10^-56.3801,,,,,,,,,,,,,,,,,,0
1609977,1,13687,Sphingomonas hengshuiensis,"",bacteria,false,,,,0.00986901624521,1,,,85.393,89.0,10^-30.36,,,,,,0.01973803249042,2,,,100.0,27.0,10^-7.92082,,,,,,0
1549858,1,13687,Sphingomonas taxi,"",bacteria,false,,,,0.02960704873563,3,,,98.68,100.667,10^-54.3229,,,,,,,,,,,,,,,,,,0
1517554,1,13687,Sphingomonas sp. HMP9,"",bacteria,false,,,,0.00986901624521,1,,,98.02,101.0,10^-53.6353,,,,,,,,,,,,,,,,,,0
1390395,1,13687,Sphingomonas sp. LK11,"",bacteria,false,,,,0.00986901624521,1,,,100.0,100.0,10^-55.6982,,,,,,,,,,,,,,,,,,0
1327635,1,13687,Sphingomonas psychrotolerans,"",bacteria,false,,,,0.00986901624521,1,,,98.02,101.0,10^-53.6353,,,,,,,,,,,,,,,,,,0
1156680,1,13687,Sphingomonas sp. K35-D49P,"",bacteria,false,,,,0.00986901624521,1,,,99.01,101.0,10^-55.0077,,,,,,,,,,,,,,,,,,0
940132,1,13687,Sphingomonas sp. enrichment culture clone 01SU4-P,"",bacteria,false,,,,0.00986901624521,1,,,100.0,100.0,10^-55.6982,,,,,,,,,,,,,,,,,,0
563996,1,13687,Sphingomonas hankookensis,"",bacteria,false,,,,0.03947606498084,4,,,95.384,87.5,10^-42.0377,,,,,,,,,,,,,,,,,,0
399176,1,13687,Sphingomonas sp. R1,"",bacteria,false,,,,0.01973803249042,2,,,98.5505,69.0,10^-33.2152,,,,,,,,,,,,,,,,,,0
304378,1,13687,Sphingomonas sp. IC081,"",bacteria,false,,,,0.00986901624521,1,,,97.03,101.0,10^-52.2629,,,,,,,,,,,,,,,,,,0
185951,1,13687,Sphingomonas aerolata,"",bacteria,false,,,,0.01973803249042,2,,,94.34,53.0,10^-19.6061,,,,,,,,,,,,,,,,,,0
158754,1,13687,uncultured Sphingomonas sp.,"",bacteria,false,,,,,,,,,,,,,,,,0.00986901624521,1,,,100.0,21.0,10^-4.47366,,,,,,0
114404,1,13687,Sphingomonas fennica,"",bacteria,false,,,,,,,,,,,,,,,,0.00986901624521,1,,,97.0,33.0,10^-14.4001,,,,,,0
33051,1,13687,Sphingomonas sanguinis,"",bacteria,false,,,,0.00986901624521,1,,,100.0,100.0,10^-55.6982,,,,,,,,,,,,,,,,,,0
28214,1,13687,Sphingomonas sp.,"",bacteria,false,,,,,,,,,,,,,,,,0.00986901624521,1,,,81.8,33.0,10^-7.66555,,,,,,0
13578,2,13578,Juncus,rushes,eukaryota,false,,,,,,,,,,,,,,,,0.01973803249042,2,,,77.35,31.0,10^-7.99527,,,,,[13579],0
13579,1,13578,Juncus effusus,"",eukaryota,false,,,,,,,,,,,,,,,,0.01973803249042,2,,,77.35,31.0,10^-7.99527,,,,,,0
13442,2,13442,Coffea,"",eukaryota,false,,,,,,,,,,,,,,,,0.00986901624521,1,,,97.0,33.0,10^-10.2426,,,,,[13443],0
13443,1,13442,Coffea arabica,coffee,eukaryota,false,,,,,,,,,,,,,,,,0.00986901624521,1,,,97.0,33.0,10^-10.2426,,,,,,0
13428,2,13428,Cinnamomum,"",eukaryota,false,,,,0.00986901624521,1,,,100.0,69.0,10^-34.5876,,,,,,,,,,,,,,,,,[470718],0
470718,1,13428,Cinnamomum longipaniculatum,"",eukaryota,false,,,,0.00986901624521,1,,,100.0,69.0,10^-34.5876,,,,,,,,,,,,,,,,,,0
13426,2,13426,Cichorium,"",eukaryota,false,,,,,,,,,,,,,,,,0.32567753609192995,33,,,93.9688,29.9062,10^-9.50589,,,,,"[114280, 13427]",0
114280,1,13426,Cichorium endivia,"",eukaryota,false,,,,,,,,,,,,,,,,0.2960704873563,30,,,94.0897,29.7241,10^-9.30068,,,,,,0
13427,1,13426,Cichorium intybus,chicory,eukaryota,false,,,,,,,,,,,,,,,,0.02960704873563,3,,,92.8,31.6667,10^-11.4895,,,,,,0
13408,2,13408,Celtis,"",eukaryota,false,,,,0.01973803249042,2,,,100.0,72.0,10^-36.6277,,,,,,,,,,,,,,,,,[1037060],0
1037060,1,13408,Celtis tetrandra,"",eukaryota,false,,,,0.01973803249042,2,,,100.0,72.0,10^-36.6277,,,,,,,,,,,,,,,,,,0
13402,2,13402,Carya,"",eukaryota,false,,,,0.00986901624521,1,,,100.0,69.0,10^-34.5876,,,,,,0.00986901624521,1,,,100.0,33.0,10^-12.6861,,,,,"[2904615, 32201]",0
2904615,1,13402,Carya poilanei,"",eukaryota,false,,,,0.00986901624521,1,,,100.0,69.0,10^-34.5876,,,,,,,,,,,,,,,,,,0
32201,1,13402,Carya illinoinensis,"",eukaryota,false,,,,,,,,,,,,,,,,0.00986901624521,1,,,100.0,33.0,10^-12.6861,,,,,,0
13366,2,13366,Brettanomyces,"",eukaryota,false,,,,,,,,,,,,,,,,0.00986901624521,1,,,76.9,26.0,10^-3.057,,,,,[5007],0
5007,1,13366,Brettanomyces bruxellensis,"",eukaryota,false,,,,,,,,,,,,,,,,0.00986901624521,1,,,76.9,26.0,10^-3.057,,,,,,0
13344,2,13344,Ardisia,"",eukaryota,false,,,,0.01973803249042,2,,,99.5,90.0,10^-48.1986,,,,,,,,,,,,,,,,,"[587398, 213405]",0
587398,1,13344,Ardisia crispa,"",eukaryota,false,,,,0.00986901624521,1,,,99.0,100.0,10^-54.3258,,,,,,,,,,,,,,,,,,0
213405,1,13344,Ardisia gigantifolia,"",eukaryota,false,,,,0.00986901624521,1,,,100.0,80.0,10^-42.0714,,,,,,,,,,,,,,,,,,0
13289,2,13289,Tilletia,"",eukaryota,false,,,,,,,,,,,,,,,,0.00986901624521,1,,,71.0,31.0,10^-7.12321,,,,,[43049],0
43049,1,13289,Tilletia indica,"",eukaryota,false,,,,,,,,,,,,,,,,0.00986901624521,1,,,71.0,31.0,10^-7.12321,,,,,,0
13261,2,13261,Schizaphis,"",eukaryota,false,,,,0.00986901624521,1,,,100.0,100.0,10^-55.6982,,,,,,,,,,,,,,,,,[13262],0
13262,1,13261,Schizaphis graminum,greenbug,eukaryota,false,,,,0.00986901624521,1,,,100.0,100.0,10^-55.6982,,,,,,,,,,,,,,,,,,0
13259,2,13259,Saururus,"",eukaryota,false,,,,0.01973803249042,2,,,98.795,83.0,10^-42.7416,,,,,,,,,,,,,,,,,[54806],0
54806,1,13259,Saururus chinensis,"",eukaryota,false,,,,0.01973803249042,2,,,98.795,83.0,10^-42.7416,,,,,,,,,,,,,,,,,,0
13203,2,13203,Phlebotomus,"",eukaryota,false,,,,,,,,,,,,,,,,0.01973803249042,2,,,84.9,26.5,10^-8.00229,,,,,[29031],0
29031,1,13203,Phlebotomus papatasi,"",eukaryota,false,,,,,,,,,,,,,,,,0.01973803249042,2,,,84.9,26.5,10^-8.00229,,,,,,0
13186,2,13186,Parietaria,"",eukaryota,false,,,,0.06908311371647,7,,,100.0,99.8571,10^-55.6009,,,,,,,,,,,,,,,,,[33127],0
33127,1,13186,Parietaria judaica,"",eukaryota,false,,,,0.06908311371647,7,,,100.0,99.8571,10^-55.6009,,,,,,,,,,,,,,,,,,0
13163,2,13163,Myzus,"",eukaryota,false,,,,0.00986901624521,1,,,100.0,101.0,10^-56.3801,,,,,,,,,,,,,,,,,[13164],0
13164,1,13163,Myzus persicae,green peach aphid,eukaryota,false,,,,0.00986901624521,1,,,100.0,101.0,10^-56.3801,,,,,,,,,,,,,,,,,,0
13134,2,13134,Magnetospirillum,"",bacteria,false,,,,,,,,,,,,,,,,58.918026983903694,5970,4,5950,63.9577,128.969,10^-45.4715,,,,,[55518],0
55518,1,13134,Magnetospirillum gryphiswaldense,"",bacteria,false,,,,,,,,,,,,,,,,58.918026983903694,5970,4,5950,63.9577,128.969,10^-45.4715,,,,,,0
13075,2,13075,Globicatella,"",bacteria,false,,,,0.00986901624521,1,,,98.925,93.0,10^-49.554,,,,,,,,,,,,,,,,,[13076],0
13076,1,13075,Globicatella sanguinis,"",bacteria,false,,,,0.00986901624521,1,,,98.925,93.0,10^-49.554,,,,,,,,,,,,,,,,,,0
12989,2,12989,Carpinus,"",eukaryota,false,,,,,,,,,,,,,,,,0.1973803249042,20,1,4,74.0347,31.1111,10^-7.46181,,,,,[176857],0
176857,1,12989,Carpinus fangiana,"",eukaryota,false,,,,,,,,,,,,,,,,0.1973803249042,20,1,4,74.0347,31.1111,10^-7.46181,,,,,,0
12947,2,12947,Aristolochia,"",eukaryota,false,,,,,,,,,,,,,,,,0.08882114620689,9,,,79.6,32.3333,10^-6.74219,,,,,[158543],0
158543,1,12947,Aristolochia fimbriata,"",eukaryota,false,,,,,,,,,,,,,,,,0.08882114620689,9,,,79.6,32.3333,10^-6.74219,,,,,,0
12916,2,12916,Acidovorax,"",bacteria,false,,,,0.06908311371647,7,,,94.692,98.2857,10^-47.2755,,,,,,0.03947606498084,4,,,93.775,31.75,10^-8.45331,,,,,"[2518343, 758826, 553814, 358220, 158751, 80878]",0
2518343,1,12916,Acidovorax sp. JMULE5,"",bacteria,false,,,,0.00986901624521,1,,,100.0,97.0,10^-53.6529,,,,,,,,,,,,,,,,,,0
758826,1,12916,Acidovorax radicis,"",bacteria,false,,,,0.00986901624521,1,,,89.0,100.0,10^-40.6021,,,,,,,,,,,,,,,,,,0
553814,1,12916,Acidovorax carolinensis,"",bacteria,false,,,,0.00986901624521,1,,,100.0,97.0,10^-53.6529,,,,,,,,,,,,,,,,,,0
358220,1,12916,Acidovorax sp. KKS102,"",bacteria,false,,,,0.01973803249042,2,,,91.089,101.0,10^-44.0287,,,,,,0.00986901624521,1,,,90.9,33.0,10^-9.02641,,,,,,0
158751,1,12916,uncultured Acidovorax sp.,"",bacteria,false,,,,,,,,,,,,,,,,0.00986901624521,1,,,90.6,32.0,10^-6.31069,,,,,,0
80878,1,12916,Acidovorax temperans,"",bacteria,false,,,,0.01973803249042,2,,,95.833,96.0,10^-47.4817,,,,,,0.01973803249042,2,,,96.8,31.0,10^-9.23807,,,,,,0
12234,2,12234,Tobamovirus,"",viruses,false,,,,0.01973803249042,2,,,100.0,87.0,10^-46.8383,,,,,,0.01973803249042,2,,,100.0,28.0,10^-8.18376,,,,,[12239],0
12239,1,12234,Pepper mild mottle virus,"",viruses,false,,,,0.01973803249042,2,,,100.0,87.0,10^-46.8383,,,,,,0.01973803249042,2,,,100.0,28.0,10^-8.18376,,,,,,0
12137,2,12137,Sobemovirus,"",viruses,false,,,,,,,,,,,,,,,,0.00986901624521,1,,,80.0,30.0,10^-8.10513,,,,,[2980571],0
2980571,1,12137,Enontekio sobemovirus,"",viruses,false,,,,,,,,,,,,,,,,0.00986901624521,1,,,80.0,30.0,10^-8.10513,,,,,,0
11095,2,11095,Pestivirus,"",viruses,false,,,,0.03947606498084,4,,,98.7625,101.0,10^-54.6646,,,,,,0.03947606498084,4,,,99.25,33.0,10^-13.5111,,,,,[3052619],0
3052619,1,11095,Pestivirus bovis,"",viruses,false,,,,0.03947606498084,4,,,98.7625,101.0,10^-54.6646,,,,,,0.03947606498084,4,,,99.25,33.0,10^-13.5111,,,,,,0
11051,2,11051,Flavivirus,arboviruses group B,viruses,false,,,,,,,,,,,,,,,,0.11842819494252,12,2,12,52.9225,71.0,10^-20.7258,,,,,"[390844, 31658]",0
390844,1,11051,Culex flavivirus,"",viruses,false,,,,,,,,,,,,,,,,0.05921409747126,6,1,6,55.319,47.0,10^-12.2815,,,,,,0
31658,1,11051,Cell fusing agent virus,"",viruses,false,,,,,,,,,,,,,,,,0.05921409747126,6,1,6,50.526,95.0,10^-29.1701,,,,,,0
11007,2,11007,Totivirus,"",viruses,false,,,,,,,,,,,,,,,,0.30593950360150995,31,1,7,70.0332,42.0323,10^-9.83765,,,,,"[2970634, 2970625, 2970620, 2970614, 2970612]",0
2970634,1,11007,Hattula totivirus 3,"",viruses,false,,,,,,,,,,,,,,,,0.07895212996168,8,,,67.9,31.0,10^-4.55507,,,,,,0
2970625,1,11007,Hanko totivirus 4,"",viruses,false,,,,,,,,,,,,,,,,0.06908311371647,7,,,83.0429,27.0,10^-5.46777,,,,,,0
2970620,1,11007,Hameenlinna totivirus 3,"",viruses,false,,,,,,,,,,,,,,,,0.02960704873563,3,,,68.7,29.0,10^-4.8082,,,,,,0
2970614,1,11007,Enontekio totivirus 5,"",viruses,false,,,,,,,,,,,,,,,,0.11842819494252,12,1,7,64.2274,62.1667,10^-17.3357,,,,,,0
2970612,1,11007,Enontekio totivirus 3,"",viruses,false,,,,,,,,,,,,,,,,0.00986901624521,1,,,69.7,33.0,10^-7.7986,,,,,,0
10211,2,10211,Bugula,"",eukaryota,false,,,,,,,,,,,,,,,,0.00986901624521,1,,,97.0,33.0,10^-11.5986,,,,,[10212],0
10212,1,10211,Bugula neritina,"",eukaryota,false,,,,,,,,,,,,,,,,0.00986901624521,1,,,97.0,33.0,10^-11.5986,,,,,,0
7514,2,7514,Ctenocephalides,"",eukaryota,false,,,,,,,,,,,,,,,,0.01973803249042,2,,,86.35,33.0,10^-10.5913,,,,,[7515],0
7515,1,7514,Ctenocephalides felis,cat flea,eukaryota,false,,,,,,,,,,,,,,,,0.01973803249042,2,,,86.35,33.0,10^-10.5913,,,,,,0
7490,2,7490,Trichogramma,"",eukaryota,false,,,,,,,,,,,,,,,,0.00986901624521,1,,,87.9,33.0,10^-10.7878,,,,,[86971],0
86971,1,7490,Trichogramma brassicae,"",eukaryota,false,,,,,,,,,,,,,,,,0.00986901624521,1,,,87.9,33.0,10^-10.7878,,,,,,0
7482,2,7482,Lasius,"",eukaryota,false,,,,,,,,,,,,,,,,0.01973803249042,2,,,58.6,29.0,10^-4.69897,,,,,[67767],0
67767,1,7482,Lasius niger,"",eukaryota,false,,,,,,,,,,,,,,,,0.01973803249042,2,,,58.6,29.0,10^-4.69897,,,,,,0
7459,2,7459,Apis,"",eukaryota,false,,,,,,,,,,,,,,,,0.00986901624521,1,,,100.0,33.0,10^-11.4737,,,,,[7461],0
7461,1,7459,Apis cerana,Asiatic honeybee,eukaryota,false,,,,,,,,,,,,,,,,0.00986901624521,1,,,100.0,33.0,10^-11.4737,,,,,,0
7374,2,7374,Lucilia,"",eukaryota,false,,,,0.00986901624521,1,,,85.882,85.0,10^-29.0076,,,,,,0.10855917869731,11,,,81.2455,29.0909,10^-5.78173,,,,,[7375],0
7375,1,7374,Lucilia cuprina,Australian sheep blowfly,eukaryota,false,,,,0.00986901624521,1,,,85.882,85.0,10^-29.0076,,,,,,0.10855917869731,11,,,81.2455,29.0909,10^-5.78173,,,,,,0
7324,2,7324,Hirtodrosophila,"",eukaryota,false,,,,0.00986901624521,1,,,100.0,88.0,10^-47.5195,,,,,,,,,,,,,,,,,[1262473],0
1262473,1,7324,Hirtodrosophila cameraria,"",eukaryota,false,,,,0.00986901624521,1,,,100.0,88.0,10^-47.5195,,,,,,,,,,,,,,,,,,0
7292,2,7292,Chymomyza,"",eukaryota,false,,,,0.00986901624521,1,,,100.0,88.0,10^-47.5195,,,,,,,,,,,,,,,,,[1692350],0
1692350,1,7292,Chymomyza fuscimana,"",eukaryota,false,,,,0.00986901624521,1,,,100.0,88.0,10^-47.5195,,,,,,,,,,,,,,,,,,0
7215,2,7215,Drosophila,fruit flies,eukaryota,false,,,,0.0986901624521,10,,,91.0279,71.0,10^-27.1804,,,,,,0.20724934114941,21,1,6,77.4508,41.5714,10^-14.0012,,,,,"[42026, 29030, 28584, 7260, 7244, 7227, 7222, 7217]",0
42026,1,7215,Drosophila bipectinata,"",eukaryota,false,,,,0.00986901624521,1,,,91.176,102.0,10^-44.7106,,,,,,0.00986901624521,1,,,97.0,33.0,10^-11.061,,,,,,0
29030,1,7215,Drosophila takahashii,"",eukaryota,false,,,,0.00986901624521,1,,,89.041,73.0,10^-26.3289,,,,,,,,,,,,,,,,,,0
28584,1,7215,Drosophila suzukii,"",eukaryota,false,,,,0.02960704873563,3,,,88.6933,77.0,10^-28.1377,,,,,,,,,,,,,,,,,,0
7260,1,7215,Drosophila willistoni,"",eukaryota,false,,,,,,,,,,,,,,,,0.06908311371647,7,,,66.8143,29.4286,10^-3.63746,,,,,,0
7244,1,7215,Drosophila virilis,"",eukaryota,false,,,,,,,,,,,,,,,,0.01973803249042,2,,,100.0,28.5,10^-8.84328,,,,,,0
7227,1,7215,Drosophila melanogaster,fruit fly,eukaryota,false,,,,,,,,,,,,,,,,0.08882114620689,9,1,6,75.2184,56.7778,10^-23.901,,,,,,0
7222,1,7215,Drosophila grimshawi,"",eukaryota,false,,,,,,,,,,,,,,,,0.01973803249042,2,,,92.4,33.0,10^-12.3536,,,,,,0
7217,1,7215,Drosophila ananassae,"",eukaryota,false,,,,0.04934508122605,5,,,92.7964,60.8,10^-23.2703,,,,,,,,,,,,,,,,,,0
7212,2,7212,Ceratitis,"",eukaryota,false,,,,,,,,,,,,,,,,0.01973803249042,2,,,80.65,31.0,10^-5.91045,,,,,[7213],0
7213,1,7212,Ceratitis capitata,Mediterranean fruit fly,eukaryota,false,,,,,,,,,,,,,,,,0.01973803249042,2,,,80.65,31.0,10^-5.91045,,,,,,0
7208,2,7208,Loa,"",eukaryota,false,,,,0.02960704873563,3,,,90.196,98.3333,10^-41.2958,,,,,,0.00986901624521,1,,,90.9,33.0,10^-11.6055,,,,,[7209],1
7209,1,7208,Loa loa,African eye worm,eukaryota,false,,,,0.02960704873563,3,,,90.196,98.3333,10^-41.2958,,,,,,0.00986901624521,1,,,90.9,33.0,10^-11.6055,,,,,,1
7201,2,7201,Psychoda,"",eukaryota,false,,,,0.01973803249042,2,,,96.296,81.0,10^-38.6351,,,,,,,,,,,,,,,,,[7202],0
7202,1,7201,Psychoda cinerea,"",eukaryota,false,,,,0.01973803249042,2,,,96.296,81.0,10^-38.6351,,,,,,,,,,,,,,,,,,0
7174,2,7174,Culex,"",eukaryota,false,,,,0.14803524367815,15,,,93.8345,64.1333,10^-25.7142,,,,,,1.2138889981608298,123,3,15,86.0984,31.0833,10^-7.49427,,,,,"[2912049, 943103, 182211, 100677, 7176, 7175]",0
2912049,1,7174,Culex sp.,"",eukaryota,false,,,,0.00986901624521,1,,,100.0,89.0,10^-48.2008,,,,,,,,,,,,,,,,,,0
943103,1,7174,Culex perexiguus,"",eukaryota,false,,,,0.00986901624521,1,,,100.0,86.0,10^-46.1571,,,,,,,,,,,,,,,,,,0
182211,1,7174,Culex annulus,"",eukaryota,false,,,,0.00986901624521,1,,,100.0,53.0,10^-23.7232,,,,,,,,,,,,,,,,,,0
100677,1,7174,Culex pseudovishnui,"",eukaryota,false,,,,0.00986901624521,1,,,100.0,77.0,10^-40.0294,,,,,,,,,,,,,,,,,,0
7176,1,7174,Culex quinquefasciatus,southern house mosquito,eukaryota,false,,,,0.03947606498084,4,,,90.8325,61.0,10^-21.2632,,,,,,0.75004523463596,76,2,11,90.8271,30.3699,10^-7.92165,,,,,,0
7175,1,7174,Culex pipiens,northern house mosquito,eukaryota,false,,,,0.06908311371647,7,,,92.0269,59.0,10^-20.3643,,,,,,0.46384376352486995,47,1,4,78.7538,32.1915,10^-6.83047,,,,,,0
7164,2,7164,Anopheles,"",eukaryota,false,,,,0.1973803249042,20,,,92.854,72.8,10^-28.9708,,,,,,0.7993903158620099,81,,,94.5272,28.6914,10^-7.75187,,,,,"[1521116, 1518534, 1496333, 186751, 185578, 139047, 139045, 74873, 68878, 43151, 42839, 30069, 30066, 7173, 7167, 7165]",0
1521116,1,7164,Anopheles marshallii,"",eukaryota,false,,,,,,,,,,,,,,,,0.01973803249042,2,,,98.35,31.5,10^-9.59665,,,,,,0
1518534,1,7164,Anopheles coluzzii,"",eukaryota,false,,,,0.00986901624521,1,,,87.5,64.0,10^-20.2104,,,,,,0.03947606498084,4,,,86.125,33.75,10^-7.76996,,,,,,0
1496333,1,7164,Anopheles maculipalpis,"",eukaryota,false,,,,0.01973803249042,2,,,94.444,36.0,10^-9.48129,,,,,,0.02960704873563,3,,,100.0,25.0,10^-7.97044,,,,,,0
186751,1,7164,Anopheles moucheti,mosquito,eukaryota,false,,,,0.00986901624521,1,,,83.168,101.0,10^-33.0498,,,,,,0.01973803249042,2,,,98.5,29.5,10^-7.06096,,,,,,0
185578,1,7164,Anopheles nili,"",eukaryota,false,,,,,,,,,,,,,,,,0.03947606498084,4,,,93.95,31.25,10^-10.7652,,,,,,0
139047,1,7164,Anopheles bellator,"",eukaryota,false,,,,0.01973803249042,2,,,89.855,69.0,10^-24.981,,,,,,0.01973803249042,2,,,100.0,28.0,10^-8.11531,,,,,,0
139045,1,7164,Anopheles coustani,"",eukaryota,false,,,,0.00986901624521,1,,,95.349,43.0,10^-14.2074,,,,,,0.05921409747126,6,,,98.9833,30.3333,10^-7.4283,,,,,,0
74873,1,7164,Anopheles sinensis,"",eukaryota,false,,,,,,,,,,,,,,,,0.0986901624521,10,,,91.67,30.3,10^-8.42491,,,,,,0
68878,1,7164,Anopheles cruzii,mosquito,eukaryota,false,,,,,,,,,,,,,,,,0.04934508122605,5,,,100.0,28.8,10^-8.70879,,,,,,0
43151,1,7164,Anopheles darlingi,"",eukaryota,false,,,,0.02960704873563,3,,,99.2247,60.0,10^-28.0285,,,,,,0.18751130865899,19,,,99.8368,26.3158,10^-7.99613,,,,,,0
42839,1,7164,Anopheles aquasalis,"",eukaryota,false,,,,0.07895212996168,8,,,90.5987,98.25,10^-41.8108,,,,,,0.03947606498084,4,,,100.0,30.5,10^-8.01771,,,,,,0
30069,1,7164,Anopheles stephensi,Asian malaria mosquito,eukaryota,false,,,,,,,,,,,,,,,,0.00986901624521,1,,,100.0,29.0,10^-9.92445,,,,,,0
30066,1,7164,Anopheles merus,"",eukaryota,false,,,,,,,,,,,,,,,,0.04934508122605,5,,,88.34,26.6,10^-5.40938,,,,,,0
7173,1,7164,Anopheles arabiensis,"",eukaryota,false,,,,0.01973803249042,2,,,100.0,36.0,10^-12.226,,,,,,0.05921409747126,6,,,90.45,29.1667,10^-7.57639,,,,,,0
7167,1,7164,Anopheles albimanus,"",eukaryota,false,,,,,,,,,,,,,,,,0.03947606498084,4,,,80.0,28.5,10^-4.75594,,,,,,0
7165,1,7164,Anopheles gambiae,African malaria mosquito,eukaryota,false,,,,,,,,,,,,,,,,0.03947606498084,4,,,82.7,27.25,10^-5.62247,,,,,,0
7158,2,7158,Aedes,"",eukaryota,false,,,,38.390473193866896,3890,19,766,93.2567,190.857,10^-67.0264,,,,,,34.344176533330796,3480,28,1043,93.3261,65.4721,10^-29.8434,,,,,"[2067445, 1799674, 1397682, 686388, 590165, 586676, 503350, 373844, 317808, 299628, 299627, 120874, 55967, 7161, 7160, 7159]",0
2067445,1,7158,Aedes centropunctatus,"",eukaryota,false,,,,0.00986901624521,1,,,100.0,62.0,10^-29.8308,,,,,,,,,,,,,,,,,,0
1799674,1,7158,Aedes hirsutus,"",eukaryota,false,,,,0.01973803249042,2,,,100.0,67.0,10^-33.2304,,,,,,,,,,,,,,,,,,0
1397682,1,7158,Aedes bromeliae,"",eukaryota,false,,,,0.00986901624521,1,,,100.0,87.0,10^-46.8383,,,,,,,,,,,,,,,,,,0
686388,1,7158,Aedes metallicus,"",eukaryota,false,,,,0.00986901624521,1,,,100.0,77.0,10^-40.0294,,,,,,,,,,,,,,,,,,0
590165,1,7158,Aedes mascarensis,"",eukaryota,false,,,,0.02960704873563,3,,,100.0,86.3333,10^-46.3851,,,,,,,,,,,,,,,,,,0
586676,1,7158,Aedes koreicus,"",eukaryota,false,,,,0.03947606498084,4,,,100.0,65.75,10^-32.3833,,,,,,,,,,,,,,,,,,0
503350,1,7158,Aedes dalzieli,"",eukaryota,false,,,,0.00986901624521,1,,,98.305,59.0,10^-26.4214,,,,,,,,,,,,,,,,,,0
373844,1,7158,Aedes nipponicus,"",eukaryota,false,,,,0.00986901624521,1,,,95.918,98.0,10^-48.8451,,,,,,,,,,,,,,,,,,0
317808,1,7158,Aedes vittatus,"",eukaryota,false,,,,0.00986901624521,1,,,100.0,90.0,10^-48.8821,,,,,,,,,,,,,,,,,,0
299628,1,7158,Aedes taylori,"",eukaryota,false,,,,0.01973803249042,2,,,98.2455,71.0,10^-33.8976,,,,,,,,,,,,,,,,,,0
299627,1,7158,Aedes furcifer,"",eukaryota,false,,,,0.01973803249042,2,,,99.3505,76.0,10^-38.6628,,,,,,,,,,,,,,,,,,0
120874,1,7158,Aedes geniculatus,"",eukaryota,false,,,,0.00986901624521,1,,,94.34,53.0,10^-19.6061,,,,,,,,,,,,,,,,,,0
55967,1,7158,Aedes togoi,"",eukaryota,false,,,,0.00986901624521,1,,,100.0,64.0,10^-31.1893,,,,,,,,,,,,,,,,,,0
7161,1,7158,Aedes simpsoni,"",eukaryota,false,,,,0.00986901624521,1,,,100.0,63.0,10^-30.51,,,,,,,,,,,,,,,,,,0
7160,1,7158,Aedes albopictus,Asian tiger mosquito,eukaryota,false,,,,11.01382212965436,1116,8,555,90.6103,430.4,10^-128.249,,,,,,9.158447075554879,928,8,227,85.9043,49.1819,10^-12.3082,,,,,,0
7159,1,7158,Aedes aegypti,yellow fever mosquito,eukaryota,false,,,,27.159532706817917,2752,11,211,94.2707,95.6404,10^-42.694,,,,,,25.185729457775917,2552,20,816,95.9995,71.34,10^-36.1598,,,,,,0
7150,2,7150,Chironomus,"",eukaryota,false,,,,0.00986901624521,1,,,97.436,39.0,10^-12.8775,,,,,,,,,,,,,,,,,[7153],0
7153,1,7150,Chironomus tentans,"",eukaryota,false,,,,0.00986901624521,1,,,97.436,39.0,10^-12.8775,,,,,,,,,,,,,,,,,,0
7129,2,7129,Manduca,"",eukaryota,false,,,,,,,,,,,,,,,,0.01973803249042,2,,,84.0,25.0,10^-3.75696,,,,,[7130],0
7130,1,7129,Manduca sexta,tobacco hornworm,eukaryota,false,,,,,,,,,,,,,,,,0.01973803249042,2,,,84.0,25.0,10^-3.75696,,,,,,0
7115,2,7115,Pieris,"",eukaryota,false,,,,,,,,,,,,,,,,0.02960704873563,3,,,92.9333,31.3333,10^-11.0445,,,,,"[345717, 7116]",0
345717,1,7115,Pieris macdunnoughi,"",eukaryota,false,,,,,,,,,,,,,,,,0.00986901624521,1,,,78.8,33.0,10^-8.07727,,,,,,0
7116,1,7115,Pieris brassicae,large cabbage white,eukaryota,false,,,,,,,,,,,,,,,,0.01973803249042,2,,,100.0,30.5,10^-12.5281,,,,,,0
7106,2,7106,Spodoptera,"",eukaryota,false,,,,1.01650867325663,103,2,102,100.0,814.796,10^-304.85,,,,,,,,,,,,,,,,,[1491790],0
1491790,1,7106,Spodoptera aff. frugiperda 2 RZ-2014,"",eukaryota,false,,,,1.01650867325663,103,2,102,100.0,814.796,10^-304.85,,,,,,,,,,,,,,,,,,0
7090,2,7090,Bombyx,"",eukaryota,false,,,,,,,,,,,,,,,,0.00986901624521,1,,,71.0,31.0,10^-3.82102,,,,,[7091],0
7091,1,7090,Bombyx mori,domestic silkworm,eukaryota,false,,,,,,,,,,,,,,,,0.00986901624521,1,,,71.0,31.0,10^-3.82102,,,,,,0
7073,2,7073,Zophobas,"",eukaryota,false,,,,,,,,,,,,,,,,0.11842819494252,12,,,79.5167,27.8333,10^-5.8189,,,,,[2755281],0
2755281,1,7073,Zophobas morio,"",eukaryota,false,,,,,,,,,,,,,,,,0.11842819494252,12,,,79.5167,27.8333,10^-5.8189,,,,,,0
7069,2,7069,Tribolium,"",eukaryota,false,,,,,,,,,,,,,,,,0.01973803249042,2,,,70.95,31.0,10^-6.02494,,,,,[7070],0
7070,1,7069,Tribolium castaneum,red flour beetle,eukaryota,false,,,,,,,,,,,,,,,,0.01973803249042,2,,,70.95,31.0,10^-6.02494,,,,,,0
7066,2,7066,Tenebrio,"",eukaryota,false,,,,,,,,,,,,,,,,0.06908311371647,7,,,93.1429,26.7143,10^-7.5031,,,,,[7067],0
7067,1,7066,Tenebrio molitor,yellow mealworm,eukaryota,false,,,,,,,,,,,,,,,,0.06908311371647,7,,,93.1429,26.7143,10^-7.5031,,,,,,0
7037,2,7037,Bemisia,"",eukaryota,false,,,,0.50331982850571,51,2,30,98.1276,170.88,10^-82.6458,,,,,,,,,,,,,,,,,[7038],0
7038,1,7037,Bemisia tabaci,"",eukaryota,false,,,,0.50331982850571,51,2,30,98.1276,170.88,10^-82.6458,,,,,,,,,,,,,,,,,,0
6983,2,6983,Diploptera,"",eukaryota,false,,,,,,,,,,,,,,,,0.02960704873563,3,,,76.8667,30.3333,10^-5.9221,,,,,[6984],0
6984,1,6983,Diploptera punctata,Pacific beetle cockroach,eukaryota,false,,,,,,,,,,,,,,,,0.02960704873563,3,,,76.8667,30.3333,10^-5.9221,,,,,,0
6972,2,6972,Blattella,"",eukaryota,false,,,,,,,,,,,,,,,,0.01973803249042,2,,,100.0,23.0,10^-5.77211,,,,,[6973],0
6973,1,6972,Blattella germanica,German cockroach,eukaryota,false,,,,,,,,,,,,,,,,0.01973803249042,2,,,100.0,23.0,10^-5.77211,,,,,,0
6953,2,6953,Dermatophagoides,"",eukaryota,false,,,,,,,,,,,,,,,,0.00986901624521,1,,,84.8,33.0,10^-8.07417,,,,,[6956],0
6956,1,6953,Dermatophagoides pteronyssinus,European house dust mite,eukaryota,false,,,,,,,,,,,,,,,,0.00986901624521,1,,,84.8,33.0,10^-8.07417,,,,,,0
6944,2,6944,Ixodes,"",eukaryota,false,,,,,,,,,,,,,,,,0.02960704873563,3,,,60.2667,33.6667,10^-4.77023,,,,,"[34615, 6945]",0
34615,1,6944,Ixodes persulcatus,taiga tick,eukaryota,false,,,,,,,,,,,,,,,,0.00986901624521,1,,,58.6,29.0,10^-3.72584,,,,,,0
6945,1,6944,Ixodes scapularis,black-legged tick,eukaryota,false,,,,,,,,,,,,,,,,0.01973803249042,2,,,61.1,36.0,10^-5.29243,,,,,,0
6914,2,6914,Nephila,"",eukaryota,false,,,,,,,,,,,,,,,,0.03947606498084,4,,,98.05,26.25,10^-10.5388,,,,,[299642],0
299642,1,6914,Nephila pilipes,giant wood spider,eukaryota,false,,,,,,,,,,,,,,,,0.03947606498084,4,,,98.05,26.25,10^-10.5388,,,,,,0
6849,2,6849,Limulus,"",eukaryota,false,,,,,,,,,,,,,,,,0.01973803249042,2,,,87.5,24.0,10^-5.39254,,,,,[6850],0
6850,1,6849,Limulus polyphemus,Atlantic horseshoe crab,eukaryota,false,,,,,,,,,,,,,,,,0.01973803249042,2,,,87.5,24.0,10^-5.39254,,,,,,0
6726,2,6726,Procambarus,"",eukaryota,false,,,,0.01973803249042,2,,,92.105,38.0,10^-9.45781,,,,,,0.00986901624521,1,,,78.1,32.0,10^-9.57187,,,,,[6728],0
6728,1,6726,Procambarus clarkii,red swamp crayfish,eukaryota,false,,,,0.01973803249042,2,,,92.105,38.0,10^-9.45781,,,,,,0.00986901624521,1,,,78.1,32.0,10^-9.57187,,,,,,0
6668,2,6668,Daphnia,common water fleas,eukaryota,false,,,,0.01973803249042,2,,,89.13,46.0,10^-12.1196,,,,,,0.18751130865899,19,,,87.4632,27.1053,10^-8.15937,,,,,"[1820382, 120202, 35525, 6669]",0
1820382,1,6668,Daphnia sinensis,"",eukaryota,false,,,,,,,,,,,,,,,,0.01973803249042,2,,,100.0,29.0,10^-12.7144,,,,,,0
120202,1,6668,Daphnia carinata,"",eukaryota,false,,,,0.01973803249042,2,,,89.13,46.0,10^-12.1196,,,,,,,,,,,,,,,,,,0
35525,1,6668,Daphnia magna,"",eukaryota,false,,,,,,,,,,,,,,,,0.13816622743294,14,,,89.4786,25.5714,10^-7.99865,,,,,,0
6669,1,6668,Daphnia pulex,common water flea,eukaryota,false,,,,,,,,,,,,,,,,0.02960704873563,3,,,69.7,33.0,10^-5.87269,,,,,,0
6643,2,6643,Octopus,"",eukaryota,false,,,,0.00986901624521,1,,,83.333,48.0,10^-9.35636,,,,,,0.00986901624521,1,,,100.0,24.0,10^-6.30277,,,,,[6645],0
6645,1,6643,Octopus vulgaris,common octopus,eukaryota,false,,,,0.00986901624521,1,,,83.333,48.0,10^-9.35636,,,,,,0.00986901624521,1,,,100.0,24.0,10^-6.30277,,,,,,0
6609,2,6609,Sepia,"",eukaryota,false,,,,,,,,,,,,,,,,0.01973803249042,2,,,95.85,28.5,10^-8.88789,,,,,[158019],0
158019,1,6609,Sepia pharaonis,"",eukaryota,false,,,,,,,,,,,,,,,,0.01973803249042,2,,,95.85,28.5,10^-8.88789,,,,,,0
6603,2,6603,Mya,"",eukaryota,false,,,,,,,,,,,,,,,,0.00986901624521,1,,,100.0,25.0,10^-5.39147,,,,,[6604],0
6604,1,6603,Mya arenaria,"",eukaryota,false,,,,,,,,,,,,,,,,0.00986901624521,1,,,100.0,25.0,10^-5.39147,,,,,,0
6595,2,6595,Mercenaria,"",eukaryota,false,,,,,,,,,,,,,,,,0.01973803249042,2,,,96.3,27.0,10^-6.22429,,,,,[6596],0
6596,1,6595,Mercenaria mercenaria,"",eukaryota,false,,,,,,,,,,,,,,,,0.01973803249042,2,,,96.3,27.0,10^-6.22429,,,,,,0
6564,2,6564,Crassostrea,"",eukaryota,false,,,,,,,,,,,,,,,,0.01973803249042,2,,,100.0,20.0,10^-3.86967,,,,,[6565],0
6565,1,6564,Crassostrea virginica,eastern oyster,eukaryota,false,,,,,,,,,,,,,,,,0.01973803249042,2,,,100.0,20.0,10^-3.86967,,,,,,0
6548,2,6548,Mytilus,"",eukaryota,false,,,,,,,,,,,,,,,,0.01973803249042,2,,,66.15,32.5,10^-3.68079,,,,,[29158],0
29158,1,6548,Mytilus galloprovincialis,Mediterranean mussel,eukaryota,false,,,,,,,,,,,,,,,,0.01973803249042,2,,,66.15,32.5,10^-3.68079,,,,,,0
6525,2,6525,Biomphalaria,"",eukaryota,false,,,,0.01973803249042,2,,,94.444,36.0,10^-9.48129,,,,,,,,,,,,,,,,,[6526],0
6526,1,6525,Biomphalaria glabrata,"",eukaryota,false,,,,0.01973803249042,2,,,94.444,36.0,10^-9.48129,,,,,,,,,,,,,,,,,,0
6397,2,6397,Lumbricus,"",eukaryota,false,,,,0.01973803249042,2,,,97.436,39.0,10^-12.8775,,,,,,,,,,,,,,,,,[6398],0
6398,1,6397,Lumbricus terrestris,common earthworm,eukaryota,false,,,,0.01973803249042,2,,,97.436,39.0,10^-12.8775,,,,,,,,,,,,,,,,,,0
6346,2,6346,Owenia,"",eukaryota,false,,,,,,,,,,,,,,,,0.00986901624521,1,,,75.0,32.0,10^-4.47237,,,,,[6347],0
6347,1,6346,Owenia fusiformis,"",eukaryota,false,,,,,,,,,,,,,,,,0.00986901624521,1,,,75.0,32.0,10^-4.47237,,,,,,0
6333,2,6333,Trichinella,"",eukaryota,false,,,,,,,,,,,,,,,,0.17764229241378,18,,,82.2278,27.3889,10^-6.04165,,,,,"[990121, 268475, 181606, 45882, 6337, 6334]",3
990121,1,6333,Trichinella patagoniensis,"",eukaryota,false,,,,,,,,,,,,,,,,0.04934508122605,5,,,80.62,26.2,10^-4.44219,,,,,,0
268475,1,6333,Trichinella zimbabwensis,"",eukaryota,false,,,,,,,,,,,,,,,,0.02960704873563,3,,,79.7333,29.0,10^-6.90362,,,,,,0
181606,1,6333,Trichinella sp. T9,"",eukaryota,false,,,,,,,,,,,,,,,,0.00986901624521,1,,,77.8,18.0,10^-3.55129,,,,,,0
45882,1,6333,Trichinella britovi,"",eukaryota,false,,,,,,,,,,,,,,,,0.00986901624521,1,,,74.2,31.0,10^-7.54821,,,,,,1
6337,1,6333,Trichinella pseudospiralis,"",eukaryota,false,,,,,,,,,,,,,,,,0.00986901624521,1,,,68.8,32.0,10^-7.97469,,,,,,1
6334,1,6333,Trichinella spiralis,"",eukaryota,false,,,,,,,,,,,,,,,,0.06908311371647,7,,,88.1429,27.7143,10^-6.6791,,,,,,1
6292,2,6292,Wuchereria,"",eukaryota,false,,,,,,,,,,,,,,,,0.17764229241378,18,,,99.1278,29.3333,10^-11.2804,,,,,[6293],1
6293,1,6292,Wuchereria bancrofti,"",eukaryota,false,,,,,,,,,,,,,,,,0.17764229241378,18,,,99.1278,29.3333,10^-11.2804,,,,,,1
6286,2,6286,Dirofilaria,"",eukaryota,false,,,,0.5724029422221799,58,1,24,99.0776,195.19,10^-98.7953,,,,,,0.41449868229882,42,,,97.0048,29.381,10^-10.0487,,,,,"[31241, 6287]",2
31241,1,6286,Dirofilaria repens,"",eukaryota,false,,,,0.01973803249042,2,,,100.0,41.0,10^-15.6005,,,,,,,,,,,,,,,,,,1
6287,1,6286,Dirofilaria immitis,dog heartworm nematode,eukaryota,false,,,,0.55266490973176,56,1,24,99.0446,200.696,10^-101.767,,,,,,0.41449868229882,42,,,97.0048,29.381,10^-10.0487,,,,,,1
6281,2,6281,Onchocerca,"",eukaryota,false,,,,0.05921409747126,6,1,6,95.964,223.0,10^-96.51,,,,,,0.6118790072030199,62,1,6,93.4719,35.4032,10^-13.7089,,,,,"[387005, 42157, 6282]",1
387005,1,6281,Onchocerca flexuosa,"",eukaryota,false,,,,,,,,,,,,,,,,0.08882114620689,9,1,6,95.4953,57.4444,10^-32.4744,,,,,,0
42157,1,6281,Onchocerca ochengi,"",eukaryota,false,,,,,,,,,,,,,,,,0.5230578609961299,53,,,93.1283,31.6604,10^-10.5223,,,,,,0
6282,1,6281,Onchocerca volvulus,"",eukaryota,false,,,,0.05921409747126,6,1,6,95.964,223.0,10^-96.51,,,,,,,,,,,,,,,,,,1
6278,2,6278,Brugia,"",eukaryota,false,,,,0.14803524367815,15,,,93.6489,78.4,10^-33.682,,,,,,8.033379223600939,814,2,708,68.2459,48.8254,10^-11.3912,,,,,"[42155, 6279]",2
42155,1,6278,Brugia timori,"",eukaryota,false,,,,,,,,,,,,,,,,0.8783424458236899,89,,,82.2593,29.8023,10^-7.16531,,,,,,1
6279,1,6278,Brugia malayi,"",eukaryota,false,,,,0.14803524367815,15,,,93.6489,78.4,10^-33.682,,,,,,7.15503677777725,725,2,708,66.4917,51.2067,10^-11.9202,,,,,,1
6276,2,6276,Acanthocheilonema,"",eukaryota,false,,,,,,,,,,,,,,,,0.03947606498084,4,,,79.825,28.5,10^-6.68484,,,,,[6277],0
6277,1,6276,Acanthocheilonema viteae,"",eukaryota,false,,,,,,,,,,,,,,,,0.03947606498084,4,,,79.825,28.5,10^-6.68484,,,,,,0
6268,2,6268,Anisakis,"",eukaryota,false,,,,,,,,,,,,,,,,0.10855917869731,11,,,89.9364,31.8182,10^-10.7823,,,,,[6269],1
6269,1,6268,Anisakis simplex,herring worm,eukaryota,false,,,,,,,,,,,,,,,,0.10855917869731,11,,,89.9364,31.8182,10^-10.7823,,,,,,1
6264,2,6264,Toxocara,"",eukaryota,false,,,,,,,,,,,,,,,,0.02960704873563,3,,,92.6333,27.6667,10^-8.29116,,,,,[6265],1
6265,1,6264,Toxocara canis,dog roundworm,eukaryota,false,,,,,,,,,,,,,,,,0.02960704873563,3,,,92.6333,27.6667,10^-8.29116,,,,,,1
6247,2,6247,Strongyloides,"",eukaryota,false,,,,0.00986901624521,1,,,100.0,101.0,10^-56.3801,,,,,,,,,,,,,,,,,[1500512],0
1500512,1,6247,Strongyloides environmental sample,"",eukaryota,false,,,,0.00986901624521,1,,,100.0,101.0,10^-56.3801,,,,,,,,,,,,,,,,,,0
6237,2,6237,Caenorhabditis,"",eukaryota,false,,,,,,,,,,,,,,,,0.00986901624521,1,,,100.0,33.0,10^-13.7235,,,,,[31234],0
31234,1,6237,Caenorhabditis remanei,"",eukaryota,false,,,,,,,,,,,,,,,,0.00986901624521,1,,,100.0,33.0,10^-13.7235,,,,,,0
6209,2,6209,Echinococcus,"",eukaryota,false,,,,,,,,,,,,,,,,0.00986901624521,1,,,72.7,33.0,10^-6.61979,,,,,[6210],1
6210,1,6209,Echinococcus granulosus,"",eukaryota,false,,,,,,,,,,,,,,,,0.00986901624521,1,,,72.7,33.0,10^-6.61979,,,,,,1
6046,2,6046,Geodia,"",eukaryota,false,,,,,,,,,,,,,,,,0.03947606498084,4,,,85.725,31.5,10^-8.20597,,,,,[519541],0
519541,1,6046,Geodia barretti,"",eukaryota,false,,,,,,,,,,,,,,,,0.03947606498084,4,,,85.725,31.5,10^-8.20597,,,,,,0
5973,2,5973,Halteria,"",eukaryota,false,,,,,,,,,,,,,,,,0.15790425992336,16,,,83.2,30.125,10^-7.10766,,,,,[5974],0
5974,1,5973,Halteria grandinella,"",eukaryota,false,,,,,,,,,,,,,,,,0.15790425992336,16,,,83.2,30.125,10^-7.10766,,,,,,0
5948,2,5948,Stylonychia,"",eukaryota,false,,,,,,,,,,,,,,,,0.28620147111108996,29,1,26,80.8348,45.1071,10^-17.0204,,,,,[5949],0
5949,1,5948,Stylonychia lemnae,"",eukaryota,false,,,,,,,,,,,,,,,,0.28620147111108996,29,1,26,80.8348,45.1071,10^-17.0204,,,,,,0
5884,2,5884,Paramecium,"",eukaryota,false,,,,0.01973803249042,2,,,99.5,100.5,10^-55.3529,,,,,,,,,,,,,,,,,[5888],0
5888,1,5884,Paramecium tetraurelia,"",eukaryota,false,,,,0.01973803249042,2,,,99.5,100.5,10^-55.3529,,,,,,,,,,,,,,,,,,0
5820,2,5820,Plasmodium,"",eukaryota,false,,,,0.04934508122605,5,,,98.0952,85.4,10^-44.671,,,,,,0.07895212996168,8,,,92.4375,31.0,10^-10.4032,,,,,"[5861, 5855, 5850, 5833]",3
5861,1,5820,Plasmodium yoelii,"",eukaryota,false,,,,,,,,,,,,,,,,0.07895212996168,8,,,92.4375,31.0,10^-10.4032,,,,,,0
5855,1,5820,Plasmodium vivax,malaria parasite P. vivax,eukaryota,false,,,,0.00986901624521,1,,,90.476,42.0,10^-10.7867,,,,,,,,,,,,,,,,,,1
5850,1,5820,Plasmodium knowlesi,"",eukaryota,false,,,,0.01973803249042,2,,,100.0,100.5,10^-56.0391,,,,,,,,,,,,,,,,,,1
5833,1,5820,Plasmodium falciparum,malaria parasite P. falciparum,eukaryota,false,,,,0.01973803249042,2,,,100.0,92.0,10^-50.2449,,,,,,,,,,,,,,,,,,1
5806,2,5806,Cryptosporidium,"",eukaryota,false,,,,,,,,,,,,,,,,0.00986901624521,1,,,86.7,30.0,10^-7.68403,,,,,[857276],0
857276,1,5806,Cryptosporidium ubiquitum,"",eukaryota,false,,,,,,,,,,,,,,,,0.00986901624521,1,,,86.7,30.0,10^-7.68403,,,,,,0
5800,2,5800,Eimeria,"",eukaryota,false,,,,0.00986901624521,1,,,94.737,38.0,10^-10.8302,,,,,,0.00986901624521,1,,,100.0,28.0,10^-10.059,,,,,"[51315, 44415]",0
51315,1,5800,Eimeria necatrix,"",eukaryota,false,,,,,,,,,,,,,,,,0.00986901624521,1,,,100.0,28.0,10^-10.059,,,,,,0
44415,1,5800,Eimeria mitis,"",eukaryota,false,,,,0.00986901624521,1,,,94.737,38.0,10^-10.8302,,,,,,,,,,,,,,,,,,0
5792,2,5792,Didymium,"",eukaryota,false,,,,0.00986901624521,1,,,94.845,97.0,10^-46.791,,,,,,,,,,,,,,,,,[5793],0
5793,1,5792,Didymium iridis,"",eukaryota,false,,,,0.00986901624521,1,,,94.845,97.0,10^-46.791,,,,,,,,,,,,,,,,,,0
5790,2,5790,Physarum,"",eukaryota,false,,,,0.01973803249042,2,,,98.039,76.0,10^-38.0014,,,,,,,,,,,,,,,,,[5791],0
5791,1,5790,Physarum polycephalum,"",eukaryota,false,,,,0.01973803249042,2,,,98.039,76.0,10^-38.0014,,,,,,,,,,,,,,,,,,0
5770,2,5770,Vahlkampfia,"",eukaryota,false,,,,0.00986901624521,1,,,97.5,40.0,10^-13.5526,,,,,,,,,,,,,,,,,[74082],0
74082,1,5770,Vahlkampfia avara,"",eukaryota,false,,,,0.00986901624521,1,,,97.5,40.0,10^-13.5526,,,,,,,,,,,,,,,,,,0
5754,2,5754,Acanthamoeba,"",eukaryota,false,,,,,,,,,,,,,,,,0.00986901624521,1,,,68.8,32.0,10^-6.61439,,,,,[5755],1
5755,1,5754,Acanthamoeba castellanii,"",eukaryota,false,,,,,,,,,,,,,,,,0.00986901624521,1,,,68.8,32.0,10^-6.61439,,,,,,1
5690,2,5690,Trypanosoma,"",eukaryota,false,,,,,,,,,,,,,,,,0.00986901624521,1,,,87.1,31.0,10^-10.1096,,,,,[5692],0
5692,1,5690,Trypanosoma congolense,"",eukaryota,false,,,,,,,,,,,,,,,,0.00986901624521,1,,,87.1,31.0,10^-10.1096,,,,,,0
5644,2,5644,Stereum,"",eukaryota,false,,,,0.00986901624521,1,,,100.0,90.0,10^-48.8821,,,,,,,,,,,,,,,,,[191435],0
191435,1,5644,Stereum sanguinolentum,"",eukaryota,false,,,,0.00986901624521,1,,,100.0,90.0,10^-48.8821,,,,,,,,,,,,,,,,,,0
5631,2,5631,Lenzites,"",eukaryota,false,,,,0.00986901624521,1,,,98.387,62.0,10^-28.4584,,,,,,,,,,,,,,,,,[5632],0
5632,1,5631,Lenzites betulinus,"",eukaryota,false,,,,0.00986901624521,1,,,98.387,62.0,10^-28.4584,,,,,,,,,,,,,,,,,,0
5626,2,5626,Grifola,"",eukaryota,false,,,,,,,,,,,,,,,,0.02960704873563,3,,,82.7,32.6667,10^-8.83593,,,,,[5627],0
5627,1,5626,Grifola frondosa,"",eukaryota,false,,,,,,,,,,,,,,,,0.02960704873563,3,,,82.7,32.6667,10^-8.83593,,,,,,0
5624,2,5624,Collybia,"",eukaryota,false,,,,0.00986901624521,1,,,100.0,99.0,10^-55.0164,,,,,,,,,,,,,,,,,[64659],0
64659,1,5624,Collybia nuda,"",eukaryota,false,,,,0.00986901624521,1,,,100.0,99.0,10^-55.0164,,,,,,,,,,,,,,,,,,0
5615,2,5615,Sterigmatomyces,"",eukaryota,false,,,,0.05921409747126,6,,,92.8163,77.5,10^-31.4548,,,,,,,,,,,,,,,,,"[1972484, 5617]",0
1972484,1,5615,Sterigmatomyces sp.,"",eukaryota,false,,,,0.03947606498084,4,,,90.576,79.25,10^-29.5605,,,,,,,,,,,,,,,,,,0
5617,1,5615,Sterigmatomyces halophilus,"",eukaryota,false,,,,0.01973803249042,2,,,97.297,74.0,10^-35.2434,,,,,,,,,,,,,,,,,,0
5605,2,5605,Saitoella,"",eukaryota,false,,,,,,,,,,,,,,,,0.16777327616857,17,1,12,85.9821,37.4706,10^-15.1781,,,,,[5606],0
5606,1,5605,Saitoella complicata,"",eukaryota,false,,,,,,,,,,,,,,,,0.16777327616857,17,1,12,85.9821,37.4706,10^-15.1781,,,,,,0
5598,2,5598,Alternaria,"",eukaryota,false,,,,0.21711835739462,22,,,97.1898,88.3636,10^-44.5975,,,,,,0.02960704873563,3,,,95.8333,32.0,10^-10.2547,,,,,"[1187904, 156630, 119953, 48100, 5599]",1
1187904,1,5598,Alternaria burnsii,"",eukaryota,false,,,,,,,,,,,,,,,,0.00986901624521,1,,,100.0,32.0,10^-11.6038,,,,,,0
156630,1,5598,Alternaria arborescens,"",eukaryota,false,,,,,,,,,,,,,,,,0.00986901624521,1,,,100.0,32.0,10^-12.5719,,,,,,0
119953,1,5598,Alternaria atra,"",eukaryota,false,,,,0.01973803249042,2,,,94.9565,68.0,10^-28.4359,,,,,,,,,,,,,,,,,,0
48100,1,5598,Alternaria solani,"",eukaryota,false,,,,0.00986901624521,1,,,91.071,56.0,10^-18.896,,,,,,,,,,,,,,,,,,0
5599,1,5598,Alternaria alternata,"",eukaryota,false,,,,0.18751130865899,19,,,97.7469,92.2105,10^-47.6515,,,,,,0.00986901624521,1,,,87.5,32.0,10^-6.58838,,,,,,1
5583,2,5583,Exophiala,"",eukaryota,false,,,,,,,,,,,,,,,,0.01973803249042,2,,,81.6,32.5,10^-8.04982,,,,,[5970],1
5970,1,5583,Exophiala dermatitidis,"",eukaryota,false,,,,,,,,,,,,,,,,0.01973803249042,2,,,81.6,32.5,10^-8.04982,,,,,,1
5581,2,5581,Beauveria,"",eukaryota,false,,,,,,,,,,,,,,,,0.00986901624521,1,,,69.2,26.0,10^-3.43297,,,,,[176275],0
176275,1,5581,Beauveria bassiana,"",eukaryota,false,,,,,,,,,,,,,,,,0.00986901624521,1,,,69.2,26.0,10^-3.43297,,,,,,0
5579,2,5579,Aureobasidium,"",eukaryota,false,,,,0.03947606498084,4,,,92.2195,74.5,10^-28.7333,,,,,,0.01973803249042,2,,,100.0,30.0,10^-10.4034,,,,,"[559561, 46634, 5580]",0
559561,1,5579,Aureobasidium namibiae,"",eukaryota,false,,,,0.01973803249042,2,,,100.0,58.0,10^-27.115,,,,,,,,,,,,,,,,,,0
46634,1,5579,Aureobasidium melanogenum,"",eukaryota,false,,,,,,,,,,,,,,,,0.01973803249042,2,,,100.0,30.0,10^-10.4034,,,,,,0
5580,1,5579,Aureobasidium pullulans,"",eukaryota,false,,,,0.01973803249042,2,,,84.439,91.0,10^-30.3516,,,,,,,,,,,,,,,,,,0
5569,2,5569,Cenococcum,"",eukaryota,false,,,,,,,,,,,,,,,,0.00986901624521,1,,,59.4,32.0,10^-3.12668,,,,,[5570],0
5570,1,5569,Cenococcum geophilum,"",eukaryota,false,,,,,,,,,,,,,,,,0.00986901624521,1,,,59.4,32.0,10^-3.12668,,,,,,0
5552,2,5552,Trichosporon,"",eukaryota,false,,,,0.01973803249042,2,,,94.0,100.0,10^-47.464,,,,,,0.01973803249042,2,,,87.7,32.5,10^-5.77906,,,,,[82508],0
82508,1,5552,Trichosporon asahii,"",eukaryota,false,,,,0.01973803249042,2,,,94.0,100.0,10^-47.464,,,,,,0.01973803249042,2,,,87.7,32.5,10^-5.77906,,,,,,0
5543,2,5543,Trichoderma,"",eukaryota,false,,,,0.03947606498084,4,,,98.8095,46.0,10^-18.2969,,,,,,0.03947606498084,4,,,83.1,30.75,10^-8.9333,,,,,"[654480, 212377, 63577, 51453, 5544]",0
654480,1,5543,Trichoderma cornu-damae,"",eukaryota,false,,,,,,,,,,,,,,,,0.00986901624521,1,,,83.9,31.0,10^-9.13136,,,,,,0
212377,1,5543,Trichoderma psychrophilum,"",eukaryota,false,,,,0.01973803249042,2,,,100.0,50.0,10^-21.69,,,,,,,,,,,,,,,,,,0
63577,1,5543,Trichoderma atroviride,"",eukaryota,false,,,,,,,,,,,,,,,,0.00986901624521,1,,,81.8,33.0,10^-10.2549,,,,,,0
51453,1,5543,Trichoderma reesei,"",eukaryota,false,,,,0.01973803249042,2,,,97.619,42.0,10^-14.9038,,,,,,0.00986901624521,1,,,100.0,32.0,10^-12.7878,,,,,,0
5544,1,5543,Trichoderma harzianum,"",eukaryota,false,,,,,,,,,,,,,,,,0.00986901624521,1,,,66.7,27.0,10^-3.55909,,,,,,0
5533,2,5533,Rhodotorula,"",eukaryota,false,,,,,,,,,,,,,,,,0.01973803249042,2,,,100.0,27.0,10^-8.17106,,,,,[29898],0
29898,1,5533,Rhodotorula graminis,"",eukaryota,false,,,,,,,,,,,,,,,,0.01973803249042,2,,,100.0,27.0,10^-8.17106,,,,,,0
5531,2,5531,Myrothecium,"",eukaryota,false,,,,0.00986901624521,1,,,91.089,101.0,10^-44.0287,,,,,,,,,,,,,,,,,[110576],0
110576,1,5531,Myrothecium inundatum,"",eukaryota,false,,,,0.00986901624521,1,,,91.089,101.0,10^-44.0287,,,,,,,,,,,,,,,,,,0
5529,2,5529,Metarhizium,"",eukaryota,false,,,,0.00986901624521,1,,,88.506,87.0,10^-33.1146,,,,,,,,,,,,,,,,,[500148],0
500148,1,5529,Metarhizium brunneum,"",eukaryota,false,,,,0.00986901624521,1,,,88.506,87.0,10^-33.1146,,,,,,,,,,,,,,,,,,0
5506,2,5506,Fusarium,"",eukaryota,false,,,,0.23685638988504,24,,,99.4075,94.125,10^-50.9559,,,,,,0.07895212996168,8,,,94.2625,32.5,10^-9.21365,,,,,"[2898544, 2874508, 2675880, 298378, 282267, 231269, 61235, 56646, 42677, 29916, 5518, 5507, 5127]",2
2898544,1,5506,Fusarium sp. Ph1,"",eukaryota,false,,,,,,,,,,,,,,,,0.01973803249042,2,,,80.05,32.5,10^-7.11735,,,,,,0
2874508,1,5506,Fusarium sp. FIESC RH6,"",eukaryota,false,,,,,,,,,,,,,,,,0.00986901624521,1,,,100.0,32.0,10^-6.8729,,,,,,0
2675880,1,5506,Fusarium flagelliforme,"",eukaryota,false,,,,0.00986901624521,1,,,98.99,99.0,10^-53.644,,,,,,,,,,,,,,,,,,0
298378,1,5506,Fusarium incarnatum,"",eukaryota,false,,,,0.00986901624521,1,,,100.0,101.0,10^-56.3801,,,,,,,,,,,,,,,,,,0
282267,1,5506,Fusarium asiaticum,"",eukaryota,false,,,,0.00986901624521,1,,,100.0,52.0,10^-23.0453,,,,,,,,,,,,,,,,,,0
231269,1,5506,Fusarium coffeatum,"",eukaryota,false,,,,0.00986901624521,1,,,98.99,99.0,10^-53.644,,,,,,0.00986901624521,1,,,100.0,32.0,10^-6.8729,,,,,,0
61235,1,5506,Fusarium equiseti,"",eukaryota,false,,,,0.01973803249042,2,,,99.505,100.5,10^-55.3529,,,,,,,,,,,,,,,,,,0
56646,1,5506,Fusarium venenatum,"",eukaryota,false,,,,0.04934508122605,5,,,100.0,98.2,10^-54.471,,,,,,,,,,,,,,,,,,0
42677,1,5506,Fusarium subglutinans,"",eukaryota,false,,,,0.01973803249042,2,,,99.005,100.5,10^-54.6668,,,,,,,,,,,,,,,,,,0
29916,1,5506,Fusarium sp.,"",eukaryota,false,,,,0.00986901624521,1,,,100.0,100.0,10^-55.6982,,,,,,,,,,,,,,,,,,0
5518,1,5506,Fusarium graminearum,"",eukaryota,false,,,,0.06908311371647,7,,,99.5757,92.7143,10^-50.1532,,,,,,0.01973803249042,2,,,97.0,33.0,10^-11.6681,,,,,,0
5507,1,5506,Fusarium oxysporum,"",eukaryota,false,,,,0.02960704873563,3,,,97.9167,88.6667,10^-45.6875,,,,,,,,,,,,,,,,,,1
5127,1,5506,Fusarium fujikuroi,"",eukaryota,false,,,,,,,,,,,,,,,,0.01973803249042,2,,,100.0,32.5,10^-11.1963,,,,,,1
5502,2,5502,Curvularia,"",eukaryota,false,,,,0.03947606498084,4,,,100.0,99.75,10^-55.5278,,,,,,,,,,,,,,,,,"[418126, 95742]",0
418126,1,5502,Curvularia geniculata,"",eukaryota,false,,,,0.01973803249042,2,,,100.0,98.5,10^-54.6756,,,,,,,,,,,,,,,,,,0
95742,1,5502,Curvularia clavata,"",eukaryota,false,,,,0.01973803249042,2,,,100.0,101.0,10^-56.3801,,,,,,,,,,,,,,,,,,0
5500,2,5500,Coccidioides,"",eukaryota,false,,,,,,,,,,,,,,,,0.5329268772413399,54,1,51,97.8917,77.3148,10^-53.3927,,,,,"[199306, 5501]",2
199306,1,5500,Coccidioides posadasii,"",eukaryota,false,,,,,,,,,,,,,,,,0.50331982850571,51,1,51,98.75,80.0,10^-56.0851,,,,,,1
5501,1,5500,Coccidioides immitis,"",eukaryota,false,,,,,,,,,,,,,,,,0.02960704873563,3,,,83.3,31.6667,10^-7.62163,,,,,,1
5498,2,5498,Cladosporium,"",eukaryota,false,,,,0.7895212996168,80,2,31,99.4827,148.911,10^-76.2925,,,,,,,,,,,,,,,,,"[2499420, 1970646, 1707700, 1590398, 1338630, 1195390, 887103, 887100, 887075, 470175, 470172, 450181, 407935, 92950, 70808, 29918, 29917]",0
2499420,1,5498,Cladosporium entadae,"",eukaryota,false,,,,0.00986901624521,1,,,100.0,101.0,10^-56.3801,,,,,,,,,,,,,,,,,,0
1970646,1,5498,Cladosporium anthropophilum,"",eukaryota,false,,,,0.01973803249042,2,,,89.583,96.0,10^-39.2475,,,,,,,,,,,,,,,,,,0
1707700,1,5498,Cladosporium sp.,"",eukaryota,false,,,,0.06908311371647,7,,,99.86,99.4286,10^-55.1127,,,,,,,,,,,,,,,,,,0
1590398,1,5498,Cladosporium sp. M2025-4-P30,"",eukaryota,false,,,,0.00986901624521,1,,,100.0,101.0,10^-56.3801,,,,,,,,,,,,,,,,,,0
1338630,1,5498,Cladosporium allicinum,"",eukaryota,false,,,,0.01973803249042,2,,,99.505,100.5,10^-55.3529,,,,,,,,,,,,,,,,,,0
1195390,1,5498,Cladosporium sp. 4 MU-2012,"",eukaryota,false,,,,0.00986901624521,1,,,100.0,101.0,10^-56.3801,,,,,,,,,,,,,,,,,,0
887103,1,5498,Cladosporium subuliforme,"",eukaryota,false,,,,0.00986901624521,1,,,100.0,101.0,10^-56.3801,,,,,,,,,,,,,,,,,,0
887100,1,5498,Cladosporium pseudocladosporioides,"",eukaryota,false,,,,0.01973803249042,2,,,100.0,78.0,10^-40.7123,,,,,,,,,,,,,,,,,,0
887075,1,5498,Cladosporium delicatulum,"",eukaryota,false,,,,0.00986901624521,1,,,99.01,101.0,10^-55.0077,,,,,,,,,,,,,,,,,,0
470175,1,5498,Cladosporium sinuosum,"",eukaryota,false,,,,0.00986901624521,1,,,100.0,76.0,10^-39.3489,,,,,,,,,,,,,,,,,,0
470172,1,5498,Cladosporium ossifragi,"",eukaryota,false,,,,0.00986901624521,1,,,100.0,96.0,10^-52.9712,,,,,,,,,,,,,,,,,,0
450181,1,5498,Cladosporium bruhnei,"",eukaryota,false,,,,0.00986901624521,1,,,100.0,101.0,10^-56.3801,,,,,,,,,,,,,,,,,,0
407935,1,5498,Cladosporium sp. 115-2.1-LH-A-12,"",eukaryota,false,,,,0.00986901624521,1,,,100.0,100.0,10^-55.6982,,,,,,,,,,,,,,,,,,0
92950,1,5498,Cladosporium sphaerospermum,"",eukaryota,false,,,,0.01973803249042,2,,,100.0,70.5,10^-35.6525,,,,,,,,,,,,,,,,,,0
70808,1,5498,Cladosporium tenuissimum,"",eukaryota,false,,,,0.00986901624521,1,,,100.0,101.0,10^-56.3801,,,,,,,,,,,,,,,,,,0
29918,1,5498,Cladosporium herbarum,"",eukaryota,false,,,,0.04934508122605,5,,,100.0,100.6,10^-56.1073,,,,,,,,,,,,,,,,,,0
29917,1,5498,Cladosporium cladosporioides,"",eukaryota,false,,,,0.49345081226049997,50,2,31,99.6516,181.551,10^-91.3786,,,,,,,,,,,,,,,,,,0
5455,2,5455,Colletotrichum,"",eukaryota,false,,,,0.01973803249042,2,,,100.0,84.0,10^-44.795,,,,,,,,,,,,,,,,,[34409],0
34409,1,5455,Colletotrichum sp.,"",eukaryota,false,,,,0.01973803249042,2,,,100.0,84.0,10^-44.795,,,,,,,,,,,,,,,,,,0
5453,2,5453,Ascochyta,"",eukaryota,false,,,,0.03947606498084,4,,,100.0,90.25,10^-49.0534,,,,,,0.00986901624521,1,,,100.0,22.0,10^-5.54061,,,,,[5454],0
5454,1,5453,Ascochyta rabiei,"",eukaryota,false,,,,0.03947606498084,4,,,100.0,90.25,10^-49.0534,,,,,,0.00986901624521,1,,,100.0,22.0,10^-5.54061,,,,,,0
5406,2,5406,Exobasidium,"",eukaryota,false,,,,,,,,,,,,,,,,0.01973803249042,2,,,84.8,33.0,10^-12.8194,,,,,[63378],0
63378,1,5406,Exobasidium rhododendri,"",eukaryota,false,,,,,,,,,,,,,,,,0.01973803249042,2,,,84.8,33.0,10^-12.8194,,,,,,0
5352,2,5352,Lentinula,"",eukaryota,false,,,,0.01973803249042,2,,,96.154,78.0,10^-36.5929,,,,,,0.05921409747126,6,,,95.5333,28.1667,10^-9.67164,,,,,"[2804962, 2804960, 2804957, 5353]",0
2804962,1,5352,Lentinula detonsa,"",eukaryota,false,,,,,,,,,,,,,,,,0.00986901624521,1,,,87.5,32.0,10^-6.47237,,,,,,0
2804960,1,5352,Lentinula aff. lateritia,"",eukaryota,false,,,,,,,,,,,,,,,,0.01973803249042,2,,,92.85,21.0,10^-4.12429,,,,,,0
2804957,1,5352,Lentinula guzmanii,"",eukaryota,false,,,,,,,,,,,,,,,,0.00986901624521,1,,,100.0,32.0,10^-15.7825,,,,,,0
5353,1,5352,Lentinula edodes,shiitake mushroom,eukaryota,false,,,,0.01973803249042,2,,,96.154,78.0,10^-36.5929,,,,,,0.01973803249042,2,,,100.0,31.5,10^-13.7632,,,,,,0
5340,2,5340,Agaricus,"",eukaryota,false,,,,0.00986901624521,1,,,100.0,101.0,10^-56.3801,,,,,,0.6908311371646999,70,1,64,91.5713,44.3971,10^-22.317,,,,,"[1715219, 5341]",0
1715219,1,5340,Agaricus sp.,"",eukaryota,false,,,,0.00986901624521,1,,,100.0,101.0,10^-56.3801,,,,,,,,,,,,,,,,,,0
5341,1,5340,Agaricus bisporus,"",eukaryota,false,,,,,,,,,,,,,,,,0.6908311371646999,70,1,64,91.5713,44.3971,10^-22.317,,,,,,0
5333,2,5333,Schizophyllum,"",eukaryota,false,,,,0.02960704873563,3,,,100.0,88.0,10^-47.52,,,,,,,,,,,,,,,,,"[5335, 5334]",0
5335,1,5333,Schizophyllum sp.,"",eukaryota,false,,,,0.00986901624521,1,,,100.0,85.0,10^-45.476,,,,,,,,,,,,,,,,,,0
5334,1,5333,Schizophyllum commune,"",eukaryota,false,,,,0.01973803249042,2,,,100.0,89.5,10^-48.542,,,,,,,,,,,,,,,,,,0
5324,2,5324,Trametes,"",eukaryota,false,,,,0.00986901624521,1,,,95.833,72.0,10^-32.5106,,,,,,0.01973803249042,2,,,89.7,29.0,10^-6.18177,,,,,"[158606, 5327]",0
158606,1,5324,Trametes sanguinea,"",eukaryota,false,,,,,,,,,,,,,,,,0.01973803249042,2,,,89.7,29.0,10^-6.18177,,,,,,0
5327,1,5324,Trametes hirsuta,"",eukaryota,false,,,,0.00986901624521,1,,,95.833,72.0,10^-32.5106,,,,,,,,,,,,,,,,,,0
5320,2,5320,Pleurotus,"",eukaryota,false,,,,0.11842819494252,12,,,97.9511,93.5833,10^-48.8112,,,,,,0.02960704873563,3,,,100.0,33.0,10^-11.2874,,,,,"[2048520, 1108068, 716892, 228221, 98345, 64638, 34470, 5323]",0
2048520,1,5320,Pleurotus ostreatoroseus,"",eukaryota,false,,,,,,,,,,,,,,,,0.00986901624521,1,,,100.0,33.0,10^-14.0458,,,,,,0
1108068,1,5320,Pleurotus sp. XDX-2011,"",eukaryota,false,,,,0.00986901624521,1,,,100.0,70.0,10^-35.2675,,,,,,,,,,,,,,,,,,0
716892,1,5320,Pleurotus tuber-regium,"",eukaryota,false,,,,0.00986901624521,1,,,100.0,101.0,10^-56.3801,,,,,,,,,,,,,,,,,,0
228221,1,5320,Pleurotus incarnatus,"",eukaryota,false,,,,0.00986901624521,1,,,100.0,101.0,10^-56.3801,,,,,,,,,,,,,,,,,,0
98345,1,5320,Pleurotus flabellatus,"",eukaryota,false,,,,0.00986901624521,1,,,100.0,101.0,10^-56.3801,,,,,,,,,,,,,,,,,,0
64638,1,5320,Pleurotus salmoneostramineus,"",eukaryota,false,,,,0.04934508122605,5,,,98.4158,96.2,10^-50.9139,,,,,,,,,,,,,,,,,,0
34470,1,5320,Pleurotus djamor,"",eukaryota,false,,,,0.00986901624521,1,,,100.0,101.0,10^-56.3801,,,,,,0.01973803249042,2,,,100.0,33.0,10^-9.90817,,,,,,0
5323,1,5320,Pleurotus eryngii,"",eukaryota,false,,,,0.01973803249042,2,,,91.667,84.0,10^-35.1884,,,,,,,,,,,,,,,,,,0
5314,2,5314,Ganoderma,"",eukaryota,false,,,,0.00986901624521,1,,,100.0,100.0,10^-55.6982,,,,,,,,,,,,,,,,,[34458],0
34458,1,5314,Ganoderma boninense,"",eukaryota,false,,,,0.00986901624521,1,,,100.0,100.0,10^-55.6982,,,,,,,,,,,,,,,,,,0
5305,2,5305,Phanerochaete,"",eukaryota,false,,,,0.00986901624521,1,,,100.0,81.0,10^-42.7522,,,,,,0.01973803249042,2,,,83.3,24.0,10^-4.32698,,,,,"[2908808, 231932]",0
2908808,1,5305,Phanerochaete rhizomorpha,"",eukaryota,false,,,,0.00986901624521,1,,,100.0,81.0,10^-42.7522,,,,,,,,,,,,,,,,,,0
231932,1,5305,Phanerochaete carnosa,"",eukaryota,false,,,,,,,,,,,,,,,,0.01973803249042,2,,,83.3,24.0,10^-4.32698,,,,,,0
5296,2,5296,Puccinia,"",eukaryota,false,,,,0.02960704873563,3,,,99.67,92.6667,10^-50.2456,,,,,,0.16777327616857,17,1,10,95.7311,54.375,10^-29.9452,,,,,"[2511410, 2511390, 1413810, 27350, 27349]",0
2511410,1,5296,Puccinia sp. 38 PZ-2019,"",eukaryota,false,,,,0.00986901624521,1,,,99.01,101.0,10^-55.0077,,,,,,,,,,,,,,,,,,0
2511390,1,5296,Puccinia sp. 13 PZ-2019,"",eukaryota,false,,,,0.00986901624521,1,,,100.0,76.0,10^-39.3489,,,,,,,,,,,,,,,,,,0
1413810,1,5296,Puccinia ballotiflora,"",eukaryota,false,,,,0.00986901624521,1,,,100.0,101.0,10^-56.3801,,,,,,,,,,,,,,,,,,0
27350,1,5296,Puccinia striiformis,"",eukaryota,false,,,,,,,,,,,,,,,,0.14803524367815,15,1,10,97.0641,59.0,10^-33.6423,,,,,,0
27349,1,5296,Puccinia sorghi,"",eukaryota,false,,,,,,,,,,,,,,,,0.01973803249042,2,,,86.4,22.0,10^-4.065,,,,,,0
5269,2,5269,Ustilago,"",eukaryota,false,,,,0.00986901624521,1,,,94.444,54.0,10^-20.2842,,,,,,,,,,,,,,,,,[5270],0
5270,1,5269,Ustilago maydis,"",eukaryota,false,,,,0.00986901624521,1,,,94.444,54.0,10^-20.2842,,,,,,,,,,,,,,,,,,0
5260,2,5260,Melampsora,"",eukaryota,false,,,,,,,,,,,,,,,,0.08882114620689,9,,,81.5556,29.3333,10^-6.31989,,,,,[203908],0
203908,1,5260,Melampsora laricis-populina,"",eukaryota,false,,,,,,,,,,,,,,,,0.08882114620689,9,,,81.5556,29.3333,10^-6.31989,,,,,,0
5255,2,5255,Dacrymyces,"",eukaryota,false,,,,0.01973803249042,2,,,91.176,68.0,10^-25.6735,,,,,,,,,,,,,,,,,[29887],0
29887,1,5255,Dacrymyces stillatus,"",eukaryota,false,,,,0.01973803249042,2,,,91.176,68.0,10^-25.6735,,,,,,,,,,,,,,,,,,0
5251,2,5251,Ceratobasidium,"",eukaryota,false,,,,0.02960704873563,3,,,100.0,92.6667,10^-50.6999,,,,,,,,,,,,,,,,,[170446],0
170446,1,5251,Ceratobasidium sp. AG-Ba,"",eukaryota,false,,,,0.02960704873563,3,,,100.0,92.6667,10^-50.6999,,,,,,,,,,,,,,,,,,0
5240,2,5240,Tulasnella,"",eukaryota,false,,,,0.01973803249042,2,,,98.505,100.0,10^-53.6397,,,,,,,,,,,,,,,,,[154754],0
154754,1,5240,Tulasnella pruinosa,"",eukaryota,false,,,,0.01973803249042,2,,,98.505,100.0,10^-53.6397,,,,,,,,,,,,,,,,,,0
5228,2,5228,Atractiella,"",eukaryota,false,,,,,,,,,,,,,,,,0.04934508122605,5,,,93.2,23.75,10^-7.04275,,,,,[1938712],0
1938712,1,5228,Atractiella rhizophila,"",eukaryota,false,,,,,,,,,,,,,,,,0.04934508122605,5,,,93.2,23.75,10^-7.04275,,,,,,0
5209,2,5209,Filobasidium,"",eukaryota,false,,,,0.10855917869731,11,,,97.1719,83.7273,10^-41.3793,,,,,,0.04934508122605,5,,,96.36,33.0,10^-13.1046,,,,,"[1895942, 350811, 104409, 5210]",0
1895942,1,5209,Filobasidium sp.,"",eukaryota,false,,,,0.01973803249042,2,,,100.0,88.0,10^-47.5195,,,,,,,,,,,,,,,,,,0
350811,1,5209,Filobasidium stepposum,"",eukaryota,false,,,,0.01973803249042,2,,,98.02,101.0,10^-53.6353,,,,,,,,,,,,,,,,,,0
104409,1,5209,Filobasidium magnum,"",eukaryota,false,,,,0.01973803249042,2,,,100.0,101.0,10^-56.3801,,,,,,,,,,,,,,,,,,0
5210,1,5209,Filobasidium floriforme,"",eukaryota,false,,,,0.04934508122605,5,,,94.5702,68.2,10^-28.0204,,,,,,0.04934508122605,5,,,96.36,33.0,10^-13.1046,,,,,,0
5206,2,5206,Cryptococcus,"",eukaryota,false,,,,0.02960704873563,3,,,99.67,97.3333,10^-53.4231,,,,,,,,,,,,,,,,,[5207],1
5207,1,5206,Cryptococcus neoformans,"",eukaryota,false,,,,0.02960704873563,3,,,99.67,97.3333,10^-53.4231,,,,,,,,,,,,,,,,,,1
5199,2,5199,Cladonia,"",eukaryota,false,,,,0.00986901624521,1,,,83.81,105.0,10^-35.7776,,,,,,,,,,,,,,,,,[111670],0
111670,1,5199,Cladonia rangiferina,"",eukaryota,false,,,,0.00986901624521,1,,,83.81,105.0,10^-35.7776,,,,,,,,,,,,,,,,,,0
5182,2,5182,Hymenoscyphus,"",eukaryota,false,,,,,,,,,,,,,,,,0.01973803249042,2,,,80.3,33.0,10^-7.13424,,,,,[746836],0
746836,1,5182,Hymenoscyphus fraxineus,"",eukaryota,false,,,,,,,,,,,,,,,,0.01973803249042,2,,,80.3,33.0,10^-7.13424,,,,,,0
5179,2,5179,Sclerotinia,"",eukaryota,false,,,,,,,,,,,,,,,,0.00986901624521,1,,,67.6,34.0,10^-4.03105,,,,,[352851],0
352851,1,5179,Sclerotinia nivalis,"",eukaryota,false,,,,,,,,,,,,,,,,0.00986901624521,1,,,67.6,34.0,10^-4.03105,,,,,,0
5140,2,5140,Neurospora,"",eukaryota,false,,,,,,,,,,,,,,,,0.00986901624521,1,,,100.0,31.0,10^-14.2916,,,,,[40127],0
40127,1,5140,Neurospora tetrasperma,"",eukaryota,false,,,,,,,,,,,,,,,,0.00986901624521,1,,,100.0,31.0,10^-14.2916,,,,,,0
5121,2,5121,Erysiphe,"",eukaryota,false,,,,0.01973803249042,2,,,100.0,96.0,10^-52.9718,,,,,,,,,,,,,,,,,"[52586, 36044]",0
52586,1,5121,Erysiphe necator,grape powdery mildew,eukaryota,false,,,,0.00986901624521,1,,,100.0,101.0,10^-56.3801,,,,,,,,,,,,,,,,,,0
36044,1,5121,Erysiphe pisi,"",eukaryota,false,,,,0.00986901624521,1,,,100.0,91.0,10^-49.5635,,,,,,,,,,,,,,,,,,0
5115,2,5115,Cryphonectria,"",eukaryota,false,,,,,,,,,,,,,,,,0.02960704873563,3,,,97.9667,31.3333,10^-13.1176,,,,,[5116],0
5116,1,5115,Cryphonectria parasitica,chestnut blight fungus,eukaryota,false,,,,,,,,,,,,,,,,0.02960704873563,3,,,97.9667,31.3333,10^-13.1176,,,,,,0
5112,2,5112,Epichloe,"",eukaryota,false,,,,0.03947606498084,4,,,95.7425,97.5,10^-48.5048,,,,,,0.00986901624521,1,,,93.9,33.0,10^-10.0017,,,,,"[2834323, 47801, 35717, 5113]",0
2834323,1,5112,Epichloe scottii,"",eukaryota,false,,,,0.00986901624521,1,,,91.011,89.0,10^-37.2218,,,,,,,,,,,,,,,,,,0
47801,1,5112,Epichloe baconii,"",eukaryota,false,,,,0.00986901624521,1,,,93.939,99.0,10^-46.7822,,,,,,,,,,,,,,,,,,0
35717,1,5112,Epichloe festucae,"",eukaryota,false,,,,,,,,,,,,,,,,0.00986901624521,1,,,93.9,33.0,10^-10.0017,,,,,,0
5113,1,5112,Epichloe typhina,"",eukaryota,false,,,,0.01973803249042,2,,,99.01,101.0,10^-55.0077,,,,,,,,,,,,,,,,,,0
5110,2,5110,Claviceps,"",eukaryota,false,,,,,,,,,,,,,,,,0.00986901624521,1,,,100.0,33.0,10^-10.0141,,,,,[254901],0
254901,1,5110,Claviceps digitariae,"",eukaryota,false,,,,,,,,,,,,,,,,0.00986901624521,1,,,100.0,33.0,10^-10.0141,,,,,,0
5100,2,5100,Amorphotheca,"",eukaryota,false,,,,,,,,,,,,,,,,0.01973803249042,2,,,96.8,31.0,10^-12.4413,,,,,[5101],0
5101,1,5100,Amorphotheca resinae,creosote fungus,eukaryota,false,,,,,,,,,,,,,,,,0.01973803249042,2,,,96.8,31.0,10^-12.4413,,,,,,0
5097,2,5097,Monascus,"",eukaryota,false,,,,0.02960704873563,3,,,91.176,102.0,10^-29.2644,,,,,,,,,,,,,,,,,[5098],0
5098,1,5097,Monascus purpureus,"",eukaryota,false,,,,0.02960704873563,3,,,91.176,102.0,10^-29.2644,,,,,,,,,,,,,,,,,,0
5073,2,5073,Penicillium,"",eukaryota,false,,,,0.24672540613024999,25,,,97.1022,81.6667,10^-40.6542,,,,,,0.28620147111108996,29,,,88.7069,28.5862,10^-8.13738,,,,,"[2972119, 1835702, 1792511, 1561947, 1506179, 1324776, 1303715, 1258120, 1258083, 1131581, 1108849, 547012, 293382, 229535, 116970, 95748, 94218, 69781, 69771, 63820, 60175, 60172, 40296, 36646, 28578, 5082, 5081, 5078]",0
2972119,1,5073,Penicillium cf. viridicatum,"",eukaryota,false,,,,,,,,,,,,,,,,0.00986901624521,1,,,97.0,33.0,10^-12.5952,,,,,,0
1835702,1,5073,Penicillium arizonense,"",eukaryota,false,,,,,,,,,,,,,,,,0.00986901624521,1,,,87.9,33.0,10^-10.0132,,,,,,0
1792511,1,5073,Penicillium robsamsonii,"",eukaryota,false,,,,,,,,,,,,,,,,0.00986901624521,1,,,79.4,34.0,10^-7.20412,,,,,,0
1561947,1,5073,Penicillium longicatenatum,"",eukaryota,false,,,,0.00986901624521,1,,,93.333,75.0,10^-31.8067,,,,,,,,,,,,,,,,,,0
1506179,1,5073,Penicillium alfredii,"",eukaryota,false,,,,,,,,,,,,,,,,0.07895212996168,8,,,100.0,27.875,10^-11.4343,,,,,,0
1324776,1,5073,Penicillium malachiteum,"",eukaryota,false,,,,,,,,,,,,,,,,0.03947606498084,4,,,85.125,26.25,10^-4.51565,,,,,,0
1303715,1,5073,Penicillium desertorum,"",eukaryota,false,,,,,,,,,,,,,,,,0.00986901624521,1,,,100.0,33.0,10^-14.5436,,,,,,0
1258120,1,5073,Penicillium sp. E/Cj/6/3,"",eukaryota,false,,,,0.00986901624521,1,,,100.0,101.0,10^-56.3801,,,,,,,,,,,,,,,,,,0
1258083,1,5073,Penicillium sp. E/Ag/9/4,"",eukaryota,false,,,,0.00986901624521,1,,,98.824,85.0,10^-44.1036,,,,,,,,,,,,,,,,,,0
1131581,1,5073,Penicillium argentinense,"",eukaryota,false,,,,0.01973803249042,2,,,93.151,73.0,10^-30.446,,,,,,,,,,,,,,,,,,0
1108849,1,5073,Penicillium rubens,"",eukaryota,false,,,,0.01973803249042,2,,,95.6895,79.5,10^-38.3166,,,,,,,,,,,,,,,,,,0
547012,1,5073,Penicillium sp. CPCC 480032,"",eukaryota,false,,,,0.00986901624521,1,,,100.0,101.0,10^-56.3801,,,,,,,,,,,,,,,,,,0
293382,1,5073,Penicillium thymicola,"",eukaryota,false,,,,,,,,,,,,,,,,0.00986901624521,1,,,77.4,31.0,10^-7.95078,,,,,,0
229535,1,5073,Penicillium nordicum,"",eukaryota,false,,,,,,,,,,,,,,,,0.01973803249042,2,,,74.1,27.0,10^-3.67572,,,,,,0
116970,1,5073,Penicillium angulare,"",eukaryota,false,,,,,,,,,,,,,,,,0.00986901624521,1,,,78.1,32.0,10^-8.55909,,,,,,0
95748,1,5073,Penicillium sacculum,"",eukaryota,false,,,,0.00986901624521,1,,,100.0,101.0,10^-56.3801,,,,,,,,,,,,,,,,,,0
94218,1,5073,Penicillium lagena,"",eukaryota,false,,,,,,,,,,,,,,,,0.01973803249042,2,,,92.9,28.0,10^-8.54668,,,,,,0
69781,1,5073,Penicillium oxalicum,"",eukaryota,false,,,,0.01973803249042,2,,,92.105,38.0,10^-9.45781,,,,,,,,,,,,,,,,,,0
69771,1,5073,Penicillium decumbens,"",eukaryota,false,,,,0.04934508122605,5,,,100.0,99.75,10^-55.5278,,,,,,,,,,,,,,,,,,0
63820,1,5073,Penicillium chermesinum,"",eukaryota,false,,,,,,,,,,,,,,,,0.00986901624521,1,,,81.8,33.0,10^-9.34199,,,,,,0
60175,1,5073,Penicillium nalgiovense,"",eukaryota,false,,,,,,,,,,,,,,,,0.01973803249042,2,,,100.0,27.0,10^-6.02687,,,,,,0
60172,1,5073,Penicillium solitum,"",eukaryota,false,,,,0.00986901624521,1,,,100.0,100.0,10^-55.6982,,,,,,,,,,,,,,,,,,0
40296,1,5073,Penicillium italicum,"",eukaryota,false,,,,,,,,,,,,,,,,0.03947606498084,4,,,74.1,27.0,10^-4.93517,,,,,,0
36646,1,5073,Penicillium coprophilum,"",eukaryota,false,,,,0.01973803249042,2,,,90.476,84.0,10^-33.816,,,,,,,,,,,,,,,,,,0
28578,1,5073,Penicillium javanicum,"",eukaryota,false,,,,0.00986901624521,1,,,100.0,101.0,10^-56.3801,,,,,,,,,,,,,,,,,,0
5082,1,5073,Penicillium roqueforti,"",eukaryota,false,,,,0.01973803249042,2,,,100.0,79.5,10^-41.7475,,,,,,,,,,,,,,,,,,0
5081,1,5073,Penicillium sp.,"",eukaryota,false,,,,0.00986901624521,1,,,100.0,101.0,10^-56.3801,,,,,,,,,,,,,,,,,,0
5078,1,5073,Penicillium griseofulvum,"",eukaryota,false,,,,0.01973803249042,2,,,97.727,44.0,10^-16.256,,,,,,,,,,,,,,,,,,0
5052,2,5052,Aspergillus,"",eukaryota,false,,,,4.5002714078157595,456,8,381,98.1087,327.714,10^-211.55,,,,,,4.964115171340629,503,8,411,87.0266,77.8316,10^-40.496,,,,,"[1960876, 1915371, 1915367, 1873369, 1405805, 1340029, 1226010, 1220207, 1070780, 1069201, 746128, 714993, 656917, 656916, 573508, 396024, 340412, 319627, 306088, 293939, 288669, 182096, 138278, 138274, 105351, 93033, 69776, 51019, 46472, 41959, 41958, 41413, 41068, 41066, 41062, 40382, 5068, 5066, 5065, 5062, 5061, 5059, 5057, 5053]",3
1960876,1,5052,Aspergillus sp. HF37,"",eukaryota,false,,,,,,,,,,,,,,,,0.01973803249042,2,,,89.3,28.0,10^-5.96612,,,,,,0
1915371,1,5052,Aspergillus hordei,"",eukaryota,false,,,,2.1514455414557796,218,1,218,99.771,436.0,10^-307.653,,,,,,,,,,,,,,,,,,0
1915367,1,5052,Aspergillus clavatophorus,"",eukaryota,false,,,,0.00986901624521,1,,,100.0,101.0,10^-56.3801,,,,,,,,,,,,,,,,,,0
1873369,1,5052,Aspergillus hancockii,"",eukaryota,false,,,,,,,,,,,,,,,,0.7697832671263799,78,2,77,78.3118,93.3158,10^-46.6489,,,,,,0
1405805,1,5052,Aspergillus pseudoglaucus,"",eukaryota,false,,,,0.03947606498084,4,,,93.335,84.5,10^-36.5938,,,,,,,,,,,,,,,,,,0
1340029,1,5052,Aspergillus eucalypticola,"",eukaryota,false,,,,,,,,,,,,,,,,2.2007906226818297,223,1,218,88.4015,91.5917,10^-50.5893,,,,,,0
1226010,1,5052,Aspergillus bertholletiae,"",eukaryota,false,,,,0.00986901624521,1,,,98.718,78.0,10^-39.3377,,,,,,,,,,,,,,,,,,0
1220207,1,5052,Aspergillus puulaauensis,"",eukaryota,false,,,,0.01973803249042,2,,,99.0,100.0,10^-54.3258,,,,,,,,,,,,,,,,,,0
1070780,1,5052,Aspergillus affinis,"",eukaryota,false,,,,,,,,,,,,,,,,0.01973803249042,2,,,70.45,30.5,10^-5.96704,,,,,,0
1069201,1,5052,Aspergillus luchuensis,"",eukaryota,false,,,,0.04934508122605,5,,,98.1214,86.0,10^-43.9647,,,,,,,,,,,,,,,,,,0
746128,1,5052,Aspergillus fumigatus,"",eukaryota,false,,,,,,,,,,,,,,,,0.15790425992336,16,,,92.125,31.3125,10^-11.1411,,,,,,1
714993,1,5052,Aspergillus keveii,"",eukaryota,false,,,,0.9375565432949499,95,2,94,95.3843,333.258,10^-197.524,,,,,,,,,,,,,,,,,,0
656917,1,5052,Aspergillus minisclerotigenes,"",eukaryota,false,,,,,,,,,,,,,,,,0.00986901624521,1,,,77.4,31.0,10^-4.87615,,,,,,0
656916,1,5052,Aspergillus arachidicola,"",eukaryota,false,,,,,,,,,,,,,,,,0.00986901624521,1,,,93.1,29.0,10^-4.67985,,,,,,0
573508,1,5052,Aspergillus cristatus,"",eukaryota,false,,,,0.02960704873563,3,,,96.998,76.6667,10^-36.1539,,,,,,,,,,,,,,,,,,0
396024,1,5052,Aspergillus ruber,"",eukaryota,false,,,,0.01973803249042,2,,,97.484,99.0,10^-51.5855,,,,,,0.03947606498084,4,,,86.475,28.75,10^-7.57265,,,,,,0
340412,1,5052,Aspergillus novofumigatus,"",eukaryota,false,,,,,,,,,,,,,,,,0.7697832671263799,78,3,67,90.8192,51.6933,10^-29.6136,,,,,,0
319627,1,5052,Aspergillus sclerotioniger,"",eukaryota,false,,,,0.00986901624521,1,,,93.069,101.0,10^-46.7735,,,,,,0.00986901624521,1,,,72.4,29.0,10^-3.6925,,,,,,0
306088,1,5052,Aspergillus steynii,"",eukaryota,false,,,,0.00986901624521,1,,,100.0,81.0,10^-42.7522,,,,,,0.16777327616857,17,1,10,95.2259,53.7059,10^-30.0878,,,,,,0
293939,1,5052,Aspergillus lentulus,"",eukaryota,false,,,,,,,,,,,,,,,,0.01973803249042,2,,,100.0,28.0,10^-6.55129,,,,,,0
288669,1,5052,Aspergillus vadensis,"",eukaryota,false,,,,0.00986901624521,1,,,97.059,68.0,10^-31.163,,,,,,,,,,,,,,,,,,0
182096,1,5052,Aspergillus chevalieri,"",eukaryota,false,,,,0.14803524367815,15,,,98.6199,92.6667,10^-48.7822,,,,,,0.01973803249042,2,,,100.0,21.0,10^-5.07366,,,,,,0
138278,1,5052,Aspergillus ochraceoroseus,"",eukaryota,false,,,,,,,,,,,,,,,,0.05921409747126,6,,,92.6333,30.3333,10^-10.3245,,,,,,0
138274,1,5052,Aspergillus auricomus,"",eukaryota,false,,,,0.0986901624521,10,1,10,98.131,214.0,10^-99.8601,,,,,,,,,,,,,,,,,,0
105351,1,5052,Aspergillus awamori,"",eukaryota,false,,,,,,,,,,,,,,,,0.01973803249042,2,,,96.3,27.0,10^-8.12378,,,,,,0
93033,1,5052,Aspergillus elegans,"",eukaryota,false,,,,0.00986901624521,1,,,100.0,81.0,10^-42.7522,,,,,,,,,,,,,,,,,,0
69776,1,5052,Aspergillus inflatus,"",eukaryota,false,,,,,,,,,,,,,,,,0.00986901624521,1,,,100.0,24.0,10^-4.18977,,,,,,0
51019,1,5052,Aspergillus heteromorphus,"",eukaryota,false,,,,,,,,,,,,,,,,0.12829721118773,13,,,88.9308,29.6154,10^-9.23269,,,,,,0
46472,1,5052,Aspergillus versicolor,"",eukaryota,false,,,,,,,,,,,,,,,,0.00986901624521,1,,,93.9,33.0,10^-10.6144,,,,,,0
41959,1,5052,Aspergillus penicillioides,"",eukaryota,false,,,,0.43423671478924,44,2,33,99.3567,210.833,10^-105.284,,,,,,,,,,,,,,,,,,0
41958,1,5052,Aspergillus gracilis,"",eukaryota,false,,,,0.00986901624521,1,,,100.0,85.0,10^-45.476,,,,,,,,,,,,,,,,,,0
41413,1,5052,Aspergillus glaucus,"",eukaryota,false,,,,0.01973803249042,2,,,86.957,92.0,10^-33.7765,,,,,,0.05921409747126,6,,,92.4,30.8333,10^-10.3363,,,,,,0
41068,1,5052,Aspergillus campestris,"",eukaryota,false,,,,,,,,,,,,,,,,0.03947606498084,4,,,74.45,31.25,10^-6.37721,,,,,,0
41066,1,5052,Aspergillus ellipticus,"",eukaryota,false,,,,0.01973803249042,2,,,89.2045,93.5,10^-37.5442,,,,,,,,,,,,,,,,,,0
41062,1,5052,Aspergillus leporis,"",eukaryota,false,,,,0.00986901624521,1,,,97.872,47.0,10^-18.2859,,,,,,0.00986901624521,1,,,100.0,22.0,10^-5.44129,,,,,,0
40382,1,5052,Aspergillus ustus,"",eukaryota,false,,,,,,,,,,,,,,,,0.00986901624521,1,,,100.0,24.0,10^-4.18709,,,,,,0
5068,1,5052,Aspergillus tubingensis,"",eukaryota,false,,,,,,,,,,,,,,,,0.01973803249042,2,,,95.5,22.0,10^-3.14388,,,,,,0
5066,1,5052,Aspergillus wentii,"",eukaryota,false,,,,0.01973803249042,2,,,88.372,86.0,10^-32.4334,,,,,,,,,,,,,,,,,,0
5065,1,5052,Aspergillus sp.,"",eukaryota,false,,,,0.02960704873563,3,,,100.0,99.6667,10^-55.4709,,,,,,,,,,,,,,,,,,0
5062,1,5052,Aspergillus oryzae,"",eukaryota,false,,,,0.30593950360150995,31,2,26,94.9581,209.258,10^-85.9281,,,,,,0.38489163356318995,39,1,39,80.172,116.0,10^-53.1506,,,,,,0
5061,1,5052,Aspergillus niger,"",eukaryota,false,,,,0.04934508122605,5,,,100.0,94.0,10^-51.6082,,,,,,,,,,,,,,,,,,1
5059,1,5052,Aspergillus flavus,"",eukaryota,false,,,,0.01973803249042,2,,,98.4375,82.5,10^-42.4123,,,,,,,,,,,,,,,,,,1
5057,1,5052,Aspergillus clavatus,"",eukaryota,false,,,,0.01973803249042,2,,,97.3855,77.0,10^-37.2847,,,,,,,,,,,,,,,,,,0
5053,1,5052,Aspergillus aculeatus,"",eukaryota,false,,,,0.00986901624521,1,,,100.0,86.0,10^-46.1571,,,,,,,,,,,,,,,,,,0
5036,2,5036,Histoplasma,"",eukaryota,false,,,,0.01973803249042,2,,,94.545,55.0,10^-20.9624,,,,,,,,,,,,,,,,,[5037],1
5037,1,5036,Histoplasma capsulatum,"",eukaryota,false,,,,0.01973803249042,2,,,94.545,55.0,10^-20.9624,,,,,,,,,,,,,,,,,,1
5027,2,5027,Pyrenophora,"",eukaryota,false,,,,0.01973803249042,2,,,99.01,101.0,10^-55.0077,,,,,,,,,,,,,,,,,[53485],0
53485,1,5027,Pyrenophora teres,"",eukaryota,false,,,,0.01973803249042,2,,,99.01,101.0,10^-55.0077,,,,,,,,,,,,,,,,,,0
5024,2,5024,Venturia,"",eukaryota,false,,,,0.00986901624521,1,,,100.0,37.0,10^-12.9003,,,,,,0.03947606498084,4,,,87.375,32.25,10^-10.0347,,,,,"[86259, 50376, 5025]",0
86259,1,5024,Venturia nashicola,"",eukaryota,false,,,,,,,,,,,,,,,,0.02960704873563,3,,,91.2333,32.0,10^-10.6412,,,,,,0
50376,1,5024,Venturia effusa,"",eukaryota,false,,,,0.00986901624521,1,,,100.0,37.0,10^-12.9003,,,,,,,,,,,,,,,,,,0
5025,1,5024,Venturia inaequalis,"",eukaryota,false,,,,,,,,,,,,,,,,0.00986901624521,1,,,75.8,33.0,10^-8.21538,,,,,,0
5010,2,5010,Taphrina,"",eukaryota,false,,,,0.01973803249042,2,,,100.0,101.0,10^-56.3801,,,,,,,,,,,,,,,,,[177208],0
177208,1,5010,Taphrina amentorum,"",eukaryota,false,,,,0.01973803249042,2,,,100.0,101.0,10^-56.3801,,,,,,,,,,,,,,,,,,0
4970,2,4970,Bullera,"",eukaryota,false,,,,0.00986901624521,1,,,96.226,53.0,10^-20.9785,,,,,,,,,,,,,,,,,[1891163],0
1891163,1,4970,Bullera sp.,"",eukaryota,false,,,,0.00986901624521,1,,,96.226,53.0,10^-20.9785,,,,,,,,,,,,,,,,,,0
4958,2,4958,Debaryomyces,"",eukaryota,false,,,,0.03947606498084,4,,,99.505,92.5,10^-49.9013,,,,,,0.01973803249042,2,,,100.0,33.0,10^-14.4389,,,,,"[45577, 4959]",0
45577,1,4958,[Candida] psychrophila,"",eukaryota,false,,,,0.00986901624521,1,,,100.0,84.0,10^-44.795,,,,,,,,,,,,,,,,,,0
4959,1,4958,Debaryomyces hansenii,"",eukaryota,false,,,,0.02960704873563,3,,,99.34,95.3333,10^-51.6034,,,,,,0.01973803249042,2,,,100.0,33.0,10^-14.4389,,,,,,0
4951,2,4951,Yarrowia,"",eukaryota,false,,,,0.03947606498084,4,,,97.3037,84.5,10^-42.3992,,,,,,0.03947606498084,4,,,97.75,24.0,10^-5.80306,,,,,[4952],0
4952,1,4951,Yarrowia lipolytica,"",eukaryota,false,,,,0.03947606498084,4,,,97.3037,84.5,10^-42.3992,,,,,,0.03947606498084,4,,,97.75,24.0,10^-5.80306,,,,,,0
4930,2,4930,Saccharomyces,"",eukaryota,false,,,,0.45397474727966,46,,,99.7195,90.1818,10^-48.7024,,,,,,0.3947606498084,40,1,23,99.9175,46.925,10^-27.2934,,,,,[4932],1
4932,1,4930,Saccharomyces cerevisiae,brewer's yeast,eukaryota,false,,,,0.45397474727966,46,,,99.7195,90.1818,10^-48.7024,,,,,,0.3947606498084,40,1,23,99.9175,46.925,10^-27.2934,,,,,,1
4919,2,4919,Pichia,"",eukaryota,false,,,,0.01973803249042,2,,,99.405,84.0,10^-44.1088,,,,,,,,,,,,,,,,,[36015],0
36015,1,4919,Pichia kluyveri,"",eukaryota,false,,,,0.01973803249042,2,,,99.405,84.0,10^-44.1088,,,,,,,,,,,,,,,,,,0
4917,2,4917,Pachysolen,"",eukaryota,false,,,,,,,,,,,,,,,,0.02960704873563,3,,,90.1333,29.3333,10^-7.48983,,,,,[4918],0
4918,1,4917,Pachysolen tannophilus,"",eukaryota,false,,,,,,,,,,,,,,,,0.02960704873563,3,,,90.1333,29.3333,10^-7.48983,,,,,,0
4888,2,4888,Smittium,"",eukaryota,false,,,,0.01973803249042,2,,,92.6805,102.5,10^-47.1102,,,,,,,,,,,,,,,,,[133412],0
133412,1,4888,Smittium culicis,"",eukaryota,false,,,,0.01973803249042,2,,,92.6805,102.5,10^-47.1102,,,,,,,,,,,,,,,,,,0
4873,2,4873,Gigaspora,"",eukaryota,false,,,,0.08882114620689,9,,,98.536,78.4444,10^-39.4902,,,,,,0.00986901624521,1,,,96.6,29.0,10^-9.72354,,,,,"[44941, 4874]",0
44941,1,4873,Gigaspora rosea,"",eukaryota,false,,,,,,,,,,,,,,,,0.00986901624521,1,,,96.6,29.0,10^-9.72354,,,,,,0
4874,1,4873,Gigaspora margarita,"",eukaryota,false,,,,0.08882114620689,9,,,98.536,78.4444,10^-39.4902,,,,,,,,,,,,,,,,,,0
4863,2,4863,Coemansia,"",eukaryota,false,,,,,,,,,,,,,,,,0.00986901624521,1,,,100.0,28.0,10^-8.58503,,,,,[2761407],0
2761407,1,4863,Coemansia sp. S3946,"",eukaryota,false,,,,,,,,,,,,,,,,0.00986901624521,1,,,100.0,28.0,10^-8.58503,,,,,,0
4859,2,4859,Basidiobolus,"",eukaryota,false,,,,0.01973803249042,2,,,99.0,100.0,10^-52.9535,,,,,,,,,,,,,,,,,[181047],0
181047,1,4859,Basidiobolus microsporus,"",eukaryota,false,,,,0.01973803249042,2,,,99.0,100.0,10^-52.9535,,,,,,,,,,,,,,,,,,0
4849,2,4849,Blakeslea,"",eukaryota,false,,,,0.00986901624521,1,,,100.0,101.0,10^-56.3801,,,,,,0.08882114620689,9,,,73.8,28.0,10^-4.88395,,,,,[4850],0
4850,1,4849,Blakeslea trispora,"",eukaryota,false,,,,0.00986901624521,1,,,100.0,101.0,10^-56.3801,,,,,,0.08882114620689,9,,,73.8,28.0,10^-4.88395,,,,,,0
4842,2,4842,Rhizopus,"",eukaryota,false,,,,,,,,,,,,,,,,0.13816622743294,14,,,86.6286,27.7857,10^-5.98629,,,,,"[936053, 86630, 64495, 58291]",2
936053,1,4842,Rhizopus delemar,"",eukaryota,false,,,,,,,,,,,,,,,,0.03947606498084,4,,,94.3,24.25,10^-6.59124,,,,,,0
86630,1,4842,Rhizopus azygosporus,"",eukaryota,false,,,,,,,,,,,,,,,,0.00986901624521,1,,,75.9,29.0,10^-4.90309,,,,,,0
64495,1,4842,Rhizopus arrhizus,"",eukaryota,false,,,,,,,,,,,,,,,,0.07895212996168,8,,,84.3125,29.5,10^-5.78582,,,,,,1
58291,1,4842,Rhizopus microsporus,"",eukaryota,false,,,,,,,,,,,,,,,,0.00986901624521,1,,,85.2,27.0,10^-6.25337,,,,,,1
4830,2,4830,Mucor,"",eukaryota,false,,,,0.06908311371647,7,,,93.0299,95.4286,10^-42.9791,,,,,,0.01973803249042,2,,,89.85,29.5,10^-11.5302,,,,,"[105697, 91626, 29924]",0
105697,1,4830,Mucor piriformis,"",eukaryota,false,,,,0.04934508122605,5,,,92.464,95.4,10^-41.8631,,,,,,,,,,,,,,,,,,0
91626,1,4830,Mucor ambiguus,"",eukaryota,false,,,,,,,,,,,,,,,,0.01973803249042,2,,,89.85,29.5,10^-11.5302,,,,,,0
29924,1,4830,Mucor lusitanicus,"",eukaryota,false,,,,0.01973803249042,2,,,94.4445,95.5,10^-45.7692,,,,,,,,,,,,,,,,,,0
4828,2,4828,Absidia,"",eukaryota,false,,,,0.00986901624521,1,,,100.0,101.0,10^-56.3801,,,,,,,,,,,,,,,,,[4829],0
4829,1,4828,Absidia glauca,"",eukaryota,false,,,,0.00986901624521,1,,,100.0,101.0,10^-56.3801,,,,,,,,,,,,,,,,,,0
4819,2,4819,Phlyctochytrium,"",eukaryota,false,,,,0.00986901624521,1,,,90.789,76.0,10^-29.7423,,,,,,,,,,,,,,,,,[261098],0
261098,1,4819,Phlyctochytrium planicorne,"",eukaryota,false,,,,0.00986901624521,1,,,90.789,76.0,10^-29.7423,,,,,,,,,,,,,,,,,,0
4783,2,4783,Phytophthora,"",eukaryota,false,,,,0.00986901624521,1,,,96.825,63.0,10^-27.7653,,,,,,,,,,,,,,,,,[555429],0
555429,1,4783,Phytophthora sansomeana,"",eukaryota,false,,,,0.00986901624521,1,,,96.825,63.0,10^-27.7653,,,,,,,,,,,,,,,,,,0
4769,2,4769,Saprolegnia,"",eukaryota,false,,,,0.01973803249042,2,,,87.719,57.0,10^-16.8298,,,,,,,,,,,,,,,,,[101203],0
101203,1,4769,Saprolegnia parasitica,"",eukaryota,false,,,,0.01973803249042,2,,,87.719,57.0,10^-16.8298,,,,,,,,,,,,,,,,,,0
4753,2,4753,Pneumocystis,"",eukaryota,false,,,,,,,,,,,,,,,,0.13816622743294,14,1,14,100.0,72.0,10^-32.0947,,,,,[42068],1
42068,1,4753,Pneumocystis jirovecii,"",eukaryota,false,,,,,,,,,,,,,,,,0.13816622743294,14,1,14,100.0,72.0,10^-32.0947,,,,,,1
4729,2,4729,Sparganium,"",eukaryota,false,,,,0.00986901624521,1,,,100.0,101.0,10^-56.3801,,,,,,,,,,,,,,,,,[1407760],0
1407760,1,4729,Sparganium gramineum,"",eukaryota,false,,,,0.00986901624521,1,,,100.0,101.0,10^-56.3801,,,,,,,,,,,,,,,,,,0
4719,2,4719,Phoenix,"",eukaryota,false,,,,,,,,,,,,,,,,0.00986901624521,1,,,84.8,33.0,10^-8.62342,,,,,[42345],0
42345,1,4719,Phoenix dactylifera,date palm,eukaryota,false,,,,,,,,,,,,,,,,0.00986901624521,1,,,84.8,33.0,10^-8.62342,,,,,,0
4650,2,4650,Zingiber,"",eukaryota,false,,,,,,,,,,,,,,,,0.04934508122605,5,,,85.68,31.4,10^-8.03467,,,,,[94328],0
94328,1,4650,Zingiber officinale,"",eukaryota,false,,,,,,,,,,,,,,,,0.04934508122605,5,,,85.68,31.4,10^-8.03467,,,,,,0
4640,2,4640,Musa,"",eukaryota,false,,,,0.00986901624521,1,,,92.857,42.0,10^-12.1591,,,,,,0.05921409747126,6,,,86.82,26.6,10^-7.05433,,,,,"[52838, 4641]",0
52838,1,4640,Musa balbisiana,Balbis banana,eukaryota,false,,,,,,,,,,,,,,,,0.05921409747126,6,,,86.82,26.6,10^-7.05433,,,,,,0
4641,1,4640,Musa acuminata,dwarf banana,eukaryota,false,,,,0.00986901624521,1,,,92.857,42.0,10^-12.1591,,,,,,,,,,,,,,,,,,0
4638,2,4638,Ensete,"",eukaryota,false,,,,,,,,,,,,,,,,0.01973803249042,2,,,95.4,32.5,10^-9.53968,,,,,[4639],0
4639,1,4638,Ensete ventricosum,"",eukaryota,false,,,,,,,,,,,,,,,,0.01973803249042,2,,,95.4,32.5,10^-9.53968,,,,,,0
4575,2,4575,Zea,"",eukaryota,false,,,,0.11842819494252,12,,,96.6967,89.6667,10^-44.311,,,,,,0.01973803249042,2,,,96.0,25.0,10^-8.11295,,,,,[4577],0
4577,1,4575,Zea mays,"",eukaryota,false,,,,0.11842819494252,12,,,96.6967,89.6667,10^-44.311,,,,,,0.01973803249042,2,,,96.0,25.0,10^-8.11295,,,,,,0
4564,2,4564,Triticum,"",eukaryota,false,,,,1.2928411281225098,131,,,96.0707,82.9618,10^-39.3586,,,,,,0.25659442237546,26,,,89.95,28.8846,10^-7.43589,,,,,"[85692, 4572, 4571, 4568, 4565]",0
85692,1,4564,Triticum dicoccoides,"",eukaryota,false,,,,0.01973803249042,2,,,100.0,101.0,10^-56.3801,,,,,,0.00986901624521,1,,,100.0,33.0,10^-8.06702,,,,,,0
4572,1,4564,Triticum urartu,"",eukaryota,false,,,,0.01973803249042,2,,,98.8095,56.5,10^-25.4257,,,,,,0.03947606498084,4,,,87.3,25.0,10^-4.55471,,,,,,0
4571,1,4564,Triticum turgidum,"",eukaryota,false,,,,0.08882114620689,9,,,95.5377,98.7778,10^-48.7663,,,,,,0.04934508122605,5,,,96.68,27.4,10^-7.71035,,,,,,0
4568,1,4564,Triticum monococcum,"",eukaryota,false,,,,0.07895212996168,8,,,95.5065,83.375,10^-39.2276,,,,,,,,,,,,,,,,,,0
4565,1,4564,Triticum aestivum,bread wheat,eukaryota,false,,,,1.0855917869731,110,,,96.0341,81.7909,10^-38.5422,,,,,,0.15790425992336,16,,,87.8812,30.0625,10^-8.03097,,,,,,0
4554,2,4554,Setaria,"",eukaryota,false,,,,0.00986901624521,1,,,89.109,101.0,10^-41.284,,,,,,,,,,,,,,,,,[4556],0
4556,1,4554,Setaria viridis,"",eukaryota,false,,,,0.00986901624521,1,,,89.109,101.0,10^-41.284,,,,,,,,,,,,,,,,,,0
4549,2,4549,Secale,"",eukaryota,false,,,,0.00986901624521,1,,,96.97,99.0,10^-50.8993,,,,,,,,,,,,,,,,,[4550],0
4550,1,4549,Secale cereale,rye,eukaryota,false,,,,0.00986901624521,1,,,96.97,99.0,10^-50.8993,,,,,,,,,,,,,,,,,,0
4544,2,4544,Poa,bluegrass,eukaryota,false,,,,0.00986901624521,1,,,100.0,72.0,10^-36.6277,,,,,,,,,,,,,,,,,[330867],0
330867,1,4544,Poa saltuensis,"",eukaryota,false,,,,0.00986901624521,1,,,100.0,72.0,10^-36.6277,,,,,,,,,,,,,,,,,,0
4539,2,4539,Panicum,"",eukaryota,false,,,,0.00986901624521,1,,,88.119,101.0,10^-39.9116,,,,,,0.03947606498084,4,,,86.625,31.5,10^-10.5558,,,,,"[2184936, 206008, 38727, 4540]",0
2184936,1,4539,Panicum incomtum,"",eukaryota,false,,,,0.00986901624521,1,,,88.119,101.0,10^-39.9116,,,,,,,,,,,,,,,,,,0
206008,1,4539,Panicum hallii,"",eukaryota,false,,,,,,,,,,,,,,,,0.00986901624521,1,,,59.4,32.0,10^-3.20066,,,,,,0
38727,1,4539,Panicum virgatum,switchgrass,eukaryota,false,,,,,,,,,,,,,,,,0.01973803249042,2,,,100.0,31.5,10^-15.3399,,,,,,0
4540,1,4539,Panicum miliaceum,"",eukaryota,false,,,,,,,,,,,,,,,,0.00986901624521,1,,,87.1,31.0,10^-8.34294,,,,,,0
4527,2,4527,Oryza,"",eukaryota,false,,,,0.05921409747126,6,,,97.1543,75.8333,10^-36.0568,,,,,,0.00986901624521,1,,,96.9,32.0,10^-10.9872,,,,,[4530],0
4530,1,4527,Oryza sativa,Asian cultivated rice,eukaryota,false,,,,0.05921409747126,6,,,97.1543,75.8333,10^-36.0568,,,,,,0.00986901624521,1,,,96.9,32.0,10^-10.9872,,,,,,0
4520,2,4520,Lolium,"",eukaryota,false,,,,,,,,,,,,,,,,0.00986901624521,1,,,68.8,32.0,10^-6.78252,,,,,[89674],0
89674,1,4520,Lolium rigidum,"",eukaryota,false,,,,,,,,,,,,,,,,0.00986901624521,1,,,68.8,32.0,10^-6.78252,,,,,,0
4512,2,4512,Hordeum,"",eukaryota,false,,,,0.0986901624521,10,,,98.5442,90.8,10^-47.5152,,,,,,0.03947606498084,4,,,76.0,29.0,10^-4.19527,,,,,[4513],0
4513,1,4512,Hordeum vulgare,"",eukaryota,false,,,,0.0986901624521,10,,,98.5442,90.8,10^-47.5152,,,,,,0.03947606498084,4,,,76.0,29.0,10^-4.19527,,,,,,0
4501,2,4501,Bromus,"",eukaryota,false,,,,0.00986901624521,1,,,100.0,101.0,10^-56.3801,,,,,,,,,,,,,,,,,[2802241],0
2802241,1,4501,Bromus biebersteinii,"",eukaryota,false,,,,0.00986901624521,1,,,100.0,101.0,10^-56.3801,,,,,,,,,,,,,,,,,,0
4496,2,4496,Avena,"",eukaryota,false,,,,0.01973803249042,2,,,99.4255,94.0,10^-50.923,,,,,,,,,,,,,,,,,[4498],0
4498,1,4496,Avena sativa,oats,eukaryota,false,,,,0.01973803249042,2,,,99.4255,94.0,10^-50.923,,,,,,,,,,,,,,,,,,0
4480,2,4480,Aegilops,"",eukaryota,false,,,,0.15790425992336,16,,,95.9666,78.0,10^-36.2595,,,,,,0.01973803249042,2,,,89.2,32.5,10^-10.2628,,,,,"[39391, 37682]",0
39391,1,4480,Aegilops triuncialis,"",eukaryota,false,,,,0.00986901624521,1,,,98.02,101.0,10^-53.6353,,,,,,,,,,,,,,,,,,0
37682,1,4480,Aegilops tauschii,"",eukaryota,false,,,,0.14803524367815,15,,,95.8297,76.4667,10^-35.1011,,,,,,0.01973803249042,2,,,89.2,32.5,10^-10.2628,,,,,,0
4473,2,4473,Spirodela,"",eukaryota,false,,,,,,,,,,,,,,,,0.05921409747126,6,,,76.25,31.5,10^-5.7165,,,,,[51605],0
51605,1,4473,Spirodela intermedia,"",eukaryota,false,,,,,,,,,,,,,,,,0.05921409747126,6,,,76.25,31.5,10^-5.7165,,,,,,0
4430,2,4430,Nelumbo,"",eukaryota,false,,,,,,,,,,,,,,,,0.00986901624521,1,,,83.9,31.0,10^-9.60033,,,,,[4432],0
4432,1,4430,Nelumbo nucifera,sacred lotus,eukaryota,false,,,,,,,,,,,,,,,,0.00986901624521,1,,,83.9,31.0,10^-9.60033,,,,,,0
4418,2,4418,Nymphaea,water-lilies,eukaryota,false,,,,,,,,,,,,,,,,0.06908311371647,7,,,93.2714,26.7143,10^-8.89551,,,,,"[419125, 210225]",0
419125,1,4418,Nymphaea thermarum,"",eukaryota,false,,,,,,,,,,,,,,,,0.00986901624521,1,,,69.7,33.0,10^-3.86012,,,,,,0
210225,1,4418,Nymphaea colorata,pocket water lily,eukaryota,false,,,,,,,,,,,,,,,,0.05921409747126,6,,,97.2,25.6667,10^-9.73475,,,,,,0
4346,2,4346,Rhododendron,"",eukaryota,false,,,,,,,,,,,,,,,,0.02960704873563,3,,,88.9667,29.6667,10^-8.58373,,,,,"[118357, 49168]",0
118357,1,4346,Rhododendron simsii,"",eukaryota,false,,,,,,,,,,,,,,,,0.00986901624521,1,,,87.5,32.0,10^-9.4318,,,,,,0
49168,1,4346,Rhododendron molle,"",eukaryota,false,,,,,,,,,,,,,,,,0.01973803249042,2,,,89.7,28.5,10^-8.1597,,,,,,0
4295,2,4295,Ilex,"",eukaryota,false,,,,0.01973803249042,2,,,91.9945,51.5,10^-16.5487,,,,,,,,,,,,,,,,,[4298],0
4298,1,4295,Ilex aquifolium,"",eukaryota,false,,,,0.01973803249042,2,,,91.9945,51.5,10^-16.5487,,,,,,,,,,,,,,,,,,0
4264,2,4264,Cynara,"",eukaryota,false,,,,0.00986901624521,1,,,94.949,99.0,10^-48.1545,,,,,,0.01973803249042,2,,,91.7,24.0,10^-6.08355,,,,,[4265],0
4265,1,4264,Cynara cardunculus,"",eukaryota,false,,,,0.00986901624521,1,,,94.949,99.0,10^-48.1545,,,,,,0.01973803249042,2,,,91.7,24.0,10^-6.08355,,,,,,0
4231,2,4231,Helianthus,"",eukaryota,false,,,,,,,,,,,,,,,,0.06908311371647,7,,,75.7857,28.7143,10^-5.65183,,,,,[4232],0
4232,1,4231,Helianthus annuus,common sunflower,eukaryota,false,,,,,,,,,,,,,,,,0.06908311371647,7,,,75.7857,28.7143,10^-5.65183,,,,,,0
4219,2,4219,Artemisia,"",eukaryota,false,,,,,,,,,,,,,,,,0.01973803249042,2,,,78.55,33.0,10^-7.12861,,,,,[35608],0
35608,1,4219,Artemisia annua,sweet wormwood,eukaryota,false,,,,,,,,,,,,,,,,0.01973803249042,2,,,78.55,33.0,10^-7.12861,,,,,,0
4216,2,4216,Arctium,burdocks,eukaryota,false,,,,,,,,,,,,,,,,0.04934508122605,5,,,83.9,31.8,10^-8.30824,,,,,[4217],0
4217,1,4216,Arctium lappa,great burdock,eukaryota,false,,,,,,,,,,,,,,,,0.04934508122605,5,,,83.9,31.8,10^-8.30824,,,,,,0
4169,2,4169,Striga,"",eukaryota,false,,,,,,,,,,,,,,,,0.04934508122605,5,,,75.28,30.8,10^-5.53946,,,,,"[68872, 4170]",0
68872,1,4169,Striga hermonthica,"",eukaryota,false,,,,,,,,,,,,,,,,0.01973803249042,2,,,58.5,32.5,10^-3.72017,,,,,,0
4170,1,4169,Striga asiatica,"",eukaryota,false,,,,,,,,,,,,,,,,0.02960704873563,3,,,86.4667,29.6667,10^-6.75232,,,,,,0
4147,2,4147,Jasminum,jasmines,eukaryota,false,,,,0.00986901624521,1,,,100.0,98.0,10^-54.3346,,,,,,,,,,,,,,,,,[660624],0
660624,1,4147,Jasminum sambac,"",eukaryota,false,,,,0.00986901624521,1,,,100.0,98.0,10^-54.3346,,,,,,,,,,,,,,,,,,0
4145,2,4145,Olea,"",eukaryota,false,,,,1.1448058844443598,116,4,37,97.3279,159.569,10^-88.2711,,,,,,1.02637768950184,104,1,20,92.3146,38.19,10^-15.25,,,,,[4146],0
4146,1,4145,Olea europaea,common olive,eukaryota,false,,,,1.1448058844443598,116,4,37,97.3279,159.569,10^-88.2711,,,,,,1.02637768950184,104,1,20,92.3146,38.19,10^-15.25,,,,,,0
4128,2,4128,Cuscuta,"",eukaryota,false,,,,,,,,,,,,,,,,0.05921409747126,6,,,70.55,32.8333,10^-4.80975,,,,,[132261],0
132261,1,4128,Cuscuta campestris,"",eukaryota,false,,,,,,,,,,,,,,,,0.05921409747126,6,,,70.55,32.8333,10^-4.80975,,,,,,0
4119,2,4119,Ipomoea,"",eukaryota,false,,,,0.03947606498084,4,,,100.0,69.0,10^-34.6071,,,,,,0.00986901624521,1,,,100.0,26.0,10^-9.03763,,,,,"[35885, 35884, 4120]",0
35885,1,4119,Ipomoea triloba,trilobed morning glory,eukaryota,false,,,,0.02960704873563,3,,,100.0,58.3333,10^-27.3495,,,,,,,,,,,,,,,,,,0
35884,1,4119,Ipomoea trifida,"",eukaryota,false,,,,,,,,,,,,,,,,0.00986901624521,1,,,100.0,26.0,10^-9.03763,,,,,,0
4120,1,4119,Ipomoea batatas,sweet potato,eukaryota,false,,,,0.00986901624521,1,,,100.0,101.0,10^-56.3801,,,,,,,,,,,,,,,,,,0
4107,2,4107,Solanum,"",eukaryota,false,,,,0.23685638988504,24,,,99.3183,92.9583,10^-50.0996,,,,,,0.0986901624521,10,,,94.85,28.0,10^-8.82724,,,,,"[1128165, 45839, 45834, 42755, 4113, 4109, 4081]",0
1128165,1,4107,Solanum hondelmannii,"",eukaryota,false,,,,0.00986901624521,1,,,100.0,101.0,10^-56.3801,,,,,,,,,,,,,,,,,,0
45839,1,4107,Solanum rostratum,"",eukaryota,false,,,,0.00986901624521,1,,,95.349,86.0,10^-40.6676,,,,,,,,,,,,,,,,,,0
45834,1,4107,Solanum dulcamara,"",eukaryota,false,,,,0.0986901624521,10,,,99.3333,87.6,10^-46.5624,,,,,,,,,,,,,,,,,,0
42755,1,4107,Solanum spegazzinii,"",eukaryota,false,,,,0.00986901624521,1,,,100.0,101.0,10^-56.3801,,,,,,,,,,,,,,,,,,0
4113,1,4107,Solanum tuberosum,potato,eukaryota,false,,,,0.01973803249042,2,,,100.0,86.0,10^-46.1629,,,,,,0.08882114620689,9,,,94.2778,27.5556,10^-8.48737,,,,,,0
4109,1,4107,Solanum commersonii,Commerson's wild potato,eukaryota,false,,,,,,,,,,,,,,,,0.00986901624521,1,,,100.0,32.0,10^-11.8861,,,,,,0
4081,1,4107,Solanum lycopersicum,tomato,eukaryota,false,,,,0.08882114620689,9,,,99.4398,99.4444,10^-54.557,,,,,,,,,,,,,,,,,,0
4074,2,4074,Datura,"",eukaryota,false,,,,,,,,,,,,,,,,0.00986901624521,1,,,96.9,32.0,10^-14.5622,,,,,[4076],0
4076,1,4074,Datura stramonium,jimsonweed,eukaryota,false,,,,,,,,,,,,,,,,0.00986901624521,1,,,96.9,32.0,10^-14.5622,,,,,,0
4071,2,4071,Capsicum,peppers,eukaryota,false,,,,0.03947606498084,4,,,99.6913,66.75,10^-32.7456,,,,,,0.8882114620688999,90,2,77,89.0672,97.9091,10^-48.3825,,,,,"[33114, 4072]",0
33114,1,4071,Capsicum baccatum,"",eukaryota,false,,,,,,,,,,,,,,,,0.8191283483524299,83,2,77,89.5496,103.691,10^-51.998,,,,,,0
4072,1,4071,Capsicum annuum,"",eukaryota,false,,,,0.03947606498084,4,,,99.6913,66.75,10^-32.7456,,,,,,0.06908311371647,7,,,83.4857,31.0,10^-6.54661,,,,,,0
4057,2,4057,Catharanthus,"",eukaryota,false,,,,,,,,,,,,,,,,0.00986901624521,1,,,84.8,33.0,10^-6.93554,,,,,[4058],0
4058,1,4057,Catharanthus roseus,Madagascar periwinkle,eukaryota,false,,,,,,,,,,,,,,,,0.00986901624521,1,,,84.8,33.0,10^-6.93554,,,,,,0
4053,2,4053,Panax,"",eukaryota,false,,,,0.01973803249042,2,,,98.5,87.5,10^-45.1248,,,,,,,,,,,,,,,,,"[44586, 4054]",0
44586,1,4053,Panax notoginseng,"",eukaryota,false,,,,0.00986901624521,1,,,97.0,100.0,10^-51.5811,,,,,,,,,,,,,,,,,,0
4054,1,4053,Panax ginseng,"",eukaryota,false,,,,0.00986901624521,1,,,100.0,75.0,10^-38.6685,,,,,,,,,,,,,,,,,,0
4051,2,4051,Hedera,"",eukaryota,false,,,,0.04934508122605,5,,,100.0,75.4,10^-38.9555,,,,,,,,,,,,,,,,,[4052],0
4052,1,4051,Hedera helix,"",eukaryota,false,,,,0.04934508122605,5,,,100.0,75.4,10^-38.9555,,,,,,,,,,,,,,,,,,0
4044,2,4044,Apium,"",eukaryota,false,,,,0.00986901624521,1,,,100.0,101.0,10^-56.3801,,,,,,,,,,,,,,,,,[2860399],0
2860399,1,4044,Apium leptophyllum,"",eukaryota,false,,,,0.00986901624521,1,,,100.0,101.0,10^-56.3801,,,,,,,,,,,,,,,,,,0
4038,2,4038,Daucus,"",eukaryota,false,,,,0.02960704873563,3,,,99.66,88.6667,10^-47.5191,,,,,,,,,,,,,,,,,[4039],0
4039,1,4038,Daucus carota,carrot,eukaryota,false,,,,0.02960704873563,3,,,99.66,88.6667,10^-47.5191,,,,,,,,,,,,,,,,,,0
4022,2,4022,Acer,maple trees,eukaryota,false,,,,0.01973803249042,2,,,100.0,88.0,10^-47.5243,,,,,,0.47371277977008,48,2,48,95.9768,85.125,10^-49.621,,,,,"[1000413, 948960, 66205]",0
1000413,1,4022,Acer yangbiense,"",eukaryota,false,,,,,,,,,,,,,,,,0.47371277977008,48,2,48,95.9768,85.125,10^-49.621,,,,,,0
948960,1,4022,Acer miaotaiense,"",eukaryota,false,,,,0.00986901624521,1,,,100.0,101.0,10^-56.3801,,,,,,,,,,,,,,,,,,0
66205,1,4022,Acer campestre,hedge maple,eukaryota,false,,,,0.00986901624521,1,,,100.0,75.0,10^-38.6685,,,,,,,,,,,,,,,,,,0
4001,2,4001,Buxus,"",eukaryota,false,,,,0.00986901624521,1,,,96.04,101.0,10^-50.8906,,,,,,,,,,,,,,,,,[4002],0
4002,1,4001,Buxus sempervirens,"",eukaryota,false,,,,0.00986901624521,1,,,96.04,101.0,10^-50.8906,,,,,,,,,,,,,,,,,,0
3995,2,3995,Jatropha,"",eukaryota,false,,,,,,,,,,,,,,,,0.01973803249042,2,,,93.1,29.0,10^-10.2832,,,,,[180498],0
180498,1,3995,Jatropha curcas,"",eukaryota,false,,,,,,,,,,,,,,,,0.01973803249042,2,,,93.1,29.0,10^-10.2832,,,,,,0
3987,2,3987,Ricinus,"",eukaryota,false,,,,,,,,,,,,,,,,0.00986901624521,1,,,82.6,23.0,10^-3.20621,,,,,[3988],0
3988,1,3987,Ricinus communis,castor bean,eukaryota,false,,,,,,,,,,,,,,,,0.00986901624521,1,,,82.6,23.0,10^-3.20621,,,,,,0
3982,2,3982,Manihot,"",eukaryota,false,,,,,,,,,,,,,,,,0.12829721118773,13,,,63.6077,30.4615,10^-3.37235,,,,,[3983],0
3983,1,3982,Manihot esculenta,cassava,eukaryota,false,,,,,,,,,,,,,,,,0.12829721118773,13,,,63.6077,30.4615,10^-3.37235,,,,,,0
3980,2,3980,Hevea,"",eukaryota,false,,,,,,,,,,,,,,,,0.03947606498084,4,,,87.325,28.0,10^-6.676,,,,,[3981],0
3981,1,3980,Hevea brasiliensis,rubber tree,eukaryota,false,,,,,,,,,,,,,,,,0.03947606498084,4,,,87.325,28.0,10^-6.676,,,,,,0
3939,2,3939,Oenothera,evening primroses,eukaryota,false,,,,0.01973803249042,2,,,98.02,101.0,10^-53.6353,,,,,,0.02960704873563,3,,,92.6667,30.3333,10^-9.62064,,,,,"[44456, 3953]",0
44456,1,3939,Oenothera elata,"",eukaryota,false,,,,,,,,,,,,,,,,0.00986901624521,1,,,84.0,25.0,10^-7.38405,,,,,,0
3953,1,3939,Oenothera speciosa,"",eukaryota,false,,,,0.01973803249042,2,,,98.02,101.0,10^-53.6353,,,,,,0.01973803249042,2,,,97.0,33.0,10^-10.7389,,,,,,0
3932,2,3932,Eucalyptus,"",eukaryota,false,,,,0.01973803249042,2,,,99.505,98.5,10^-53.9894,,,,,,0.01973803249042,2,,,100.0,32.5,10^-11.2071,,,,,[71139],0
71139,1,3932,Eucalyptus grandis,"",eukaryota,false,,,,0.01973803249042,2,,,99.505,98.5,10^-53.9894,,,,,,0.01973803249042,2,,,100.0,32.5,10^-11.2071,,,,,,0
3913,2,3913,Vigna,"",eukaryota,false,,,,0.01973803249042,2,,,94.853,81.5,10^-38.2954,,,,,,0.45397474727966,46,1,41,90.3152,76.8913,10^-39.8077,,,,,"[157791, 3917, 3914]",0
157791,1,3913,Vigna radiata,"",eukaryota,false,,,,0.00986901624521,1,,,89.706,68.0,10^-24.3012,,,,,,,,,,,,,,,,,,0
3917,1,3913,Vigna unguiculata,cowpea,eukaryota,false,,,,,,,,,,,,,,,,0.44410573103444995,45,1,41,90.6134,78.0222,10^-40.6134,,,,,,0
3914,1,3913,Vigna angularis,adzuki bean,eukaryota,false,,,,0.00986901624521,1,,,100.0,95.0,10^-52.2895,,,,,,0.00986901624521,1,,,76.9,26.0,10^-3.55129,,,,,,0
3904,2,3904,Vicia,"",eukaryota,false,,,,,,,,,,,,,,,,0.00986901624521,1,,,100.0,33.0,10^-12.7645,,,,,[3906],0
3906,1,3904,Vicia faba,fava bean,eukaryota,false,,,,,,,,,,,,,,,,0.00986901624521,1,,,100.0,33.0,10^-12.7645,,,,,,0
3898,2,3898,Trifolium,"",eukaryota,false,,,,0.01973803249042,2,,,99.4445,90.0,10^-48.1959,,,,,,0.00986901624521,1,,,63.3,30.0,10^-3.74473,,,,,"[97021, 3900]",0
97021,1,3898,Trifolium dubium,"",eukaryota,false,,,,0.01973803249042,2,,,99.4445,90.0,10^-48.1959,,,,,,,,,,,,,,,,,,0
3900,1,3898,Trifolium subterraneum,"",eukaryota,false,,,,,,,,,,,,,,,,0.00986901624521,1,,,63.3,30.0,10^-3.74473,,,,,,0
3892,2,3892,Pueraria,"",eukaryota,false,,,,0.01973803249042,2,,,100.0,92.5,10^-50.5875,,,,,,0.01973803249042,2,,,100.0,28.0,10^-10.2197,,,,,[132459],0
132459,1,3892,Pueraria montana,"",eukaryota,false,,,,0.01973803249042,2,,,100.0,92.5,10^-50.5875,,,,,,0.01973803249042,2,,,100.0,28.0,10^-10.2197,,,,,,0
3887,2,3887,Pisum,"",eukaryota,false,,,,0.01973803249042,2,,,97.183,71.0,10^-33.2028,,,,,,0.01973803249042,2,,,100.0,32.0,10^-15.8013,,,,,[3888],0
3888,1,3887,Pisum sativum,garden pea,eukaryota,false,,,,0.01973803249042,2,,,97.183,71.0,10^-33.2028,,,,,,0.01973803249042,2,,,100.0,32.0,10^-15.8013,,,,,,0
3883,2,3883,Phaseolus,"",eukaryota,false,,,,,,,,,,,,,,,,0.55266490973176,56,1,56,83.333,108.0,10^-53.7799,,,,,[3885],0
3885,1,3883,Phaseolus vulgaris,"",eukaryota,false,,,,,,,,,,,,,,,,0.55266490973176,56,1,56,83.333,108.0,10^-53.7799,,,,,,0
3877,2,3877,Medicago,medics,eukaryota,false,,,,0.00986901624521,1,,,94.444,36.0,10^-9.48129,,,,,,0.03947606498084,4,,,88.45,22.5,10^-4.20425,,,,,[3880],0
3880,1,3877,Medicago truncatula,barrel medic,eukaryota,false,,,,0.00986901624521,1,,,94.444,36.0,10^-9.48129,,,,,,0.03947606498084,4,,,88.45,22.5,10^-4.20425,,,,,,0
3869,2,3869,Lupinus,"",eukaryota,false,,,,0.00986901624521,1,,,89.744,39.0,10^-8.76035,,,,,,58.25680289547462,5903,4,5698,80.5795,80.1255,10^-50.5335,,,,,"[3871, 3870]",0
3871,1,3869,Lupinus angustifolius,narrow-leaved blue lupine,eukaryota,false,,,,0.00986901624521,1,,,89.744,39.0,10^-8.76035,,,,,,,,,,,,,,,,,,0
3870,1,3869,Lupinus albus,white lupine,eukaryota,false,,,,,,,,,,,,,,,,58.25680289547462,5903,4,5698,80.5795,80.1255,10^-50.5335,,,,,,0
3846,2,3846,Glycine,"",eukaryota,false,,,,0.1973803249042,20,,,99.9,89.8,10^-48.545,,,,,,1.9836722652872099,201,2,182,61.0652,72.9695,10^-19.162,,,,,"[713886, 44015, 3848, 3847]",0
713886,1,3846,Glycine syndetika,"",eukaryota,false,,,,0.00986901624521,1,,,100.0,85.0,10^-45.476,,,,,,,,,,,,,,,,,,0
44015,1,3846,Glycine tomentella,"",eukaryota,false,,,,0.03947606498084,4,,,100.0,77.25,10^-40.2091,,,,,,,,,,,,,,,,,,0
3848,1,3846,Glycine soja,"",eukaryota,false,,,,,,,,,,,,,,,,0.04934508122605,5,,,99.34,29.4,10^-10.3256,,,,,,0
3847,1,3846,Glycine max,soybean,eukaryota,false,,,,0.14803524367815,15,,,99.8667,93.4667,10^-50.9725,,,,,,1.9343271840611598,196,2,182,60.0684,74.1042,10^-19.3921,,,,,,0
3820,2,3820,Cajanus,"",eukaryota,false,,,,0.00986901624521,1,,,100.0,85.0,10^-45.476,,,,,,1.11519883570873,113,1,112,66.5897,173.712,10^-67.2478,,,,,"[2461305, 3821]",0
2461305,1,3820,Cajanus crassus,"",eukaryota,false,,,,0.00986901624521,1,,,100.0,85.0,10^-45.476,,,,,,,,,,,,,,,,,,0
3821,1,3820,Cajanus cajan,pigeon pea,eukaryota,false,,,,,,,,,,,,,,,,1.11519883570873,113,1,112,66.5897,173.712,10^-67.2478,,,,,,0
3817,2,3817,Arachis,"",eukaryota,false,,,,,,,,,,,,,,,,0.06908311371647,7,,,92.0429,29.8571,10^-10.3267,,,,,"[170720, 3818]",0
170720,1,3817,Arachis diogoi,"",eukaryota,false,,,,,,,,,,,,,,,,0.01973803249042,2,,,75.8,31.0,10^-5.44765,,,,,,0
3818,1,3817,Arachis hypogaea,peanut,eukaryota,false,,,,,,,,,,,,,,,,0.04934508122605,5,,,98.54,29.4,10^-12.2783,,,,,,0
3805,2,3805,Bauhinia,"",eukaryota,false,,,,,,,,,,,,,,,,0.05921409747126,6,,,94.7833,32.1667,10^-12.7324,,,,,[167791],0
167791,1,3805,Bauhinia variegata,"",eukaryota,false,,,,,,,,,,,,,,,,0.05921409747126,6,,,94.7833,32.1667,10^-12.7324,,,,,,0
3761,2,3761,Geum,"",eukaryota,false,,,,0.01973803249042,2,,,100.0,100.0,10^-55.6982,,,,,,,,,,,,,,,,,[57919],0
57919,1,3761,Geum urbanum,"",eukaryota,false,,,,0.01973803249042,2,,,100.0,100.0,10^-55.6982,,,,,,,,,,,,,,,,,,0
3754,2,3754,Prunus,"",eukaryota,false,,,,0.01973803249042,2,,,100.0,75.0,10^-38.6941,,,,,,0.8487353970880599,86,1,82,86.7252,52.925,10^-28.4067,,,,,"[36596, 3760, 3759, 3755]",0
36596,1,3754,Prunus armeniaca,apricot,eukaryota,false,,,,,,,,,,,,,,,,0.82899736459764,84,1,82,87.1361,53.4487,10^-28.9884,,,,,,0
3760,1,3754,Prunus persica,peach,eukaryota,false,,,,0.00986901624521,1,,,100.0,100.0,10^-55.6982,,,,,,0.00986901624521,1,,,65.6,32.0,10^-3.85699,,,,,,0
3759,1,3754,Prunus yedoensis,"",eukaryota,false,,,,,,,,,,,,,,,,0.00986901624521,1,,,75.8,33.0,10^-7.58838,,,,,,0
3755,1,3754,Prunus dulcis,almond,eukaryota,false,,,,0.00986901624521,1,,,100.0,50.0,10^-21.69,,,,,,,,,,,,,,,,,,0
3749,2,3749,Malus,"",eukaryota,false,,,,0.00986901624521,1,,,100.0,72.0,10^-36.6277,,,,,,0.00986901624521,1,,,69.7,33.0,10^-8.25259,,,,,[3750],0
3750,1,3749,Malus domestica,apple,eukaryota,false,,,,0.00986901624521,1,,,100.0,72.0,10^-36.6277,,,,,,0.00986901624521,1,,,69.7,33.0,10^-8.25259,,,,,,0
3727,2,3727,Sinapis,"",eukaryota,false,,,,,,,,,,,,,,,,0.01973803249042,2,,,90.6,32.0,10^-13.1146,,,,,[3728],0
3728,1,3727,Sinapis alba,white mustard,eukaryota,false,,,,,,,,,,,,,,,,0.01973803249042,2,,,90.6,32.0,10^-13.1146,,,,,,0
3705,2,3705,Brassica,"",eukaryota,false,,,,0.02960704873563,3,,,100.0,100.667,10^-56.1528,,,,,,0.03947606498084,4,,,93.2,31.0,10^-9.27265,,,,,"[52824, 3712, 3711, 3708]",0
52824,1,3705,Brassica carinata,"",eukaryota,false,,,,,,,,,,,,,,,,0.01973803249042,2,,,97.0,33.0,10^-11.9414,,,,,,0
3712,1,3705,Brassica oleracea,wild cabbage,eukaryota,false,,,,0.00986901624521,1,,,100.0,100.0,10^-55.6982,,,,,,,,,,,,,,,,,,0
3711,1,3705,Brassica rapa,field mustard,eukaryota,false,,,,0.00986901624521,1,,,100.0,101.0,10^-56.3801,,,,,,0.00986901624521,1,,,78.8,33.0,10^-6.50446,,,,,,0
3708,1,3705,Brassica napus,rape,eukaryota,false,,,,0.00986901624521,1,,,100.0,101.0,10^-56.3801,,,,,,0.00986901624521,1,,,100.0,25.0,10^-6.70333,,,,,,0
3701,2,3701,Arabidopsis,"",eukaryota,false,,,,0.04934508122605,5,,,98.6822,79.8,10^-40.8508,,,,,,0.04934508122605,5,,,99.28,31.8,10^-13.3486,,,,,"[1240361, 45251, 45249, 3702]",0
1240361,1,3701,Arabidopsis thaliana x Arabidopsis arenosa,"",eukaryota,false,,,,,,,,,,,,,,,,0.00986901624521,1,,,100.0,32.0,10^-14.8794,,,,,,0
45251,1,3701,Arabidopsis neglecta,"",eukaryota,false,,,,0.00986901624521,1,,,100.0,101.0,10^-56.3801,,,,,,,,,,,,,,,,,,0
45249,1,3701,Arabidopsis suecica,"",eukaryota,false,,,,,,,,,,,,,,,,0.00986901624521,1,,,96.4,28.0,10^-9.88941,,,,,,0
3702,1,3701,Arabidopsis thaliana,thale cress,eukaryota,false,,,,0.03947606498084,4,,,98.3528,74.5,10^-36.9685,,,,,,0.02960704873563,3,,,100.0,33.0,10^-13.9914,,,,,,0
3689,2,3689,Populus,poplars,eukaryota,false,,,,,,,,,,,,,,,,0.11842819494252,12,,,92.08,32.0,10^-9.34632,,,,,[43335],0
43335,1,3689,Populus alba,white poplar,eukaryota,false,,,,,,,,,,,,,,,,0.11842819494252,12,,,92.08,32.0,10^-9.34632,,,,,,0
3660,2,3660,Cucurbita,marrows,eukaryota,false,,,,0.01973803249042,2,,,94.702,66.0,10^-27.7491,,,,,,1.65799472919528,168,1,166,80.4822,171.226,10^-91.0888,,,,,"[37647, 3663]",0
37647,1,3660,Cucurbita pedatifolia,"",eukaryota,false,,,,0.01973803249042,2,,,94.702,66.0,10^-27.7491,,,,,,,,,,,,,,,,,,0
3663,1,3660,Cucurbita pepo,"",eukaryota,false,,,,,,,,,,,,,,,,1.65799472919528,168,1,166,80.4822,171.226,10^-91.0888,,,,,,0
3655,2,3655,Cucumis,"",eukaryota,false,,,,,,,,,,,,,,,,0.0986901624521,10,1,9,93.3976,52.8,10^-28.0474,,,,,[3656],0
3656,1,3655,Cucumis melo,muskmelon,eukaryota,false,,,,,,,,,,,,,,,,0.0986901624521,10,1,9,93.3976,52.8,10^-28.0474,,,,,,0
3640,2,3640,Theobroma,"",eukaryota,false,,,,0.03947606498084,4,,,95.652,73.25,10^-34.4224,,,,,,,,,,,,,,,,,[3641],0
3641,1,3640,Theobroma cacao,cacao,eukaryota,false,,,,0.03947606498084,4,,,95.652,73.25,10^-34.4224,,,,,,,,,,,,,,,,,,0
3633,2,3633,Gossypium,"",eukaryota,false,,,,0.01973803249042,2,,,92.248,51.5,10^-17.2301,,,,,,0.1973803249042,20,,,87.2105,30.7895,10^-9.29409,,,,,"[47600, 34277, 34276, 34275, 34274, 29730, 3635, 3634]",0
47600,1,3633,Gossypium anomalum,"",eukaryota,false,,,,,,,,,,,,,,,,0.03947606498084,4,,,75.0,31.0,10^-7.33645,,,,,,0
34277,1,3633,Gossypium tomentosum,"",eukaryota,false,,,,,,,,,,,,,,,,0.00986901624521,1,,,90.0,30.0,10^-11.4401,,,,,,0
34276,1,3633,Gossypium darwinii,"",eukaryota,false,,,,,,,,,,,,,,,,0.02960704873563,3,,,100.0,33.0,10^-14.775,,,,,,0
34275,1,3633,Gossypium mustelinum,"",eukaryota,false,,,,,,,,,,,,,,,,0.00986901624521,1,,,100.0,33.0,10^-14.4449,,,,,,0
34274,1,3633,Gossypium herbaceum,"",eukaryota,false,,,,0.01973803249042,2,,,92.248,51.5,10^-17.2301,,,,,,,,,,,,,,,,,,0
29730,1,3633,Gossypium raimondii,Peruvian cotton,eukaryota,false,,,,,,,,,,,,,,,,0.02960704873563,3,,,86.8667,33.0,10^-10.6885,,,,,,0
3635,1,3633,Gossypium hirsutum,cotton,eukaryota,false,,,,,,,,,,,,,,,,0.01973803249042,2,,,100.0,25.0,10^-6.17914,,,,,,0
3634,1,3633,Gossypium barbadense,sea-island cotton,eukaryota,false,,,,,,,,,,,,,,,,0.05921409747126,6,,,84.4,30.5,10^-7.89719,,,,,,0
3620,2,3620,Rheum,"",eukaryota,false,,,,0.00986901624521,1,,,100.0,101.0,10^-56.3801,,,,,,,,,,,,,,,,,[694412],0
694412,1,3620,Rheum acuminatum,"",eukaryota,false,,,,0.00986901624521,1,,,100.0,101.0,10^-56.3801,,,,,,,,,,,,,,,,,,0
3603,2,3603,Vitis,"",eukaryota,false,,,,,,,,,,,,,,,,0.01973803249042,2,,,92.85,30.5,10^-11.1363,,,,,[29760],0
29760,1,3603,Vitis vinifera,wine grape,eukaryota,false,,,,,,,,,,,,,,,,0.01973803249042,2,,,92.85,30.5,10^-11.1363,,,,,,0
3573,2,3573,Silene,campions,eukaryota,false,,,,,,,,,,,,,,,,0.00986901624521,1,,,100.0,33.0,10^-12.8097,,,,,[42043],0
42043,1,3573,Silene vulgaris,bladder campion,eukaryota,false,,,,,,,,,,,,,,,,0.00986901624521,1,,,100.0,33.0,10^-12.8097,,,,,,0
3564,2,3564,Amaranthus,"",eukaryota,false,,,,0.00986901624521,1,,,89.109,101.0,10^-41.284,,,,,,,,,,,,,,,,,[29722],0
29722,1,3564,Amaranthus tricolor,"",eukaryota,false,,,,0.00986901624521,1,,,89.109,101.0,10^-41.284,,,,,,,,,,,,,,,,,,0
3561,2,3561,Spinacia,"",eukaryota,false,,,,0.01973803249042,2,,,100.0,53.0,10^-23.7232,,,,,,0.07895212996168,8,,,88.5,29.625,10^-7.84938,,,,,[3562],0
3562,1,3561,Spinacia oleracea,spinach,eukaryota,false,,,,0.01973803249042,2,,,100.0,53.0,10^-23.7232,,,,,,0.07895212996168,8,,,88.5,29.625,10^-7.84938,,,,,,0
3558,2,3558,Chenopodium,"",eukaryota,false,,,,0.02960704873563,3,,,100.0,98.6667,10^-54.7893,,,,,,,,,,,,,,,,,[3559],0
3559,1,3558,Chenopodium album,"",eukaryota,false,,,,0.02960704873563,3,,,100.0,98.6667,10^-54.7893,,,,,,,,,,,,,,,,,,0
3554,2,3554,Beta,"",eukaryota,false,,,,,,,,,,,,,,,,0.42436769854402995,43,3,18,70.4233,47.0732,10^-12.0491,,,,,[161934],0
161934,1,3554,Beta vulgaris,"",eukaryota,false,,,,,,,,,,,,,,,,0.42436769854402995,43,3,18,70.4233,47.0732,10^-12.0491,,,,,,0
3515,2,3515,Alnus,"",eukaryota,false,,,,0.04934508122605,5,,,96.7716,87.6,10^-42.8806,,,,,,,,,,,,,,,,,[3517],0
3517,1,3515,Alnus glutinosa,"",eukaryota,false,,,,0.04934508122605,5,,,96.7716,87.6,10^-42.8806,,,,,,,,,,,,,,,,,,0
3511,2,3511,Quercus,"",eukaryota,false,,,,0.06908311371647,7,,,98.5206,93.0,10^-49.1659,,,,,,0.06908311371647,7,,,98.475,30.0,10^-11.2206,,,,,"[103484, 103481, 58331, 38942]",0
103484,1,3511,Quercus dentata,"",eukaryota,false,,,,0.01973803249042,2,,,97.297,74.0,10^-35.2434,,,,,,,,,,,,,,,,,,0
103481,1,3511,Quercus variabilis,"",eukaryota,false,,,,0.02960704873563,3,,,98.35,101.0,10^-54.0928,,,,,,,,,,,,,,,,,,0
58331,1,3511,Quercus suber,"",eukaryota,false,,,,,,,,,,,,,,,,0.06908311371647,7,,,98.475,30.0,10^-11.2206,,,,,,0
38942,1,3511,Quercus robur,English oak,eukaryota,false,,,,0.01973803249042,2,,,100.0,100.0,10^-55.6982,,,,,,,,,,,,,,,,,,0
3504,2,3504,Betula,"",eukaryota,false,,,,0.00986901624521,1,,,93.269,104.0,10^-48.8193,,,,,,,,,,,,,,,,,[3505],0
3505,1,3504,Betula pendula,European white birch,eukaryota,false,,,,0.00986901624521,1,,,93.269,104.0,10^-48.8193,,,,,,,,,,,,,,,,,,0
3497,2,3497,Morus,mulberries,eukaryota,false,,,,0.01973803249042,2,,,100.0,86.0,10^-46.1571,,,,,,,,,,,,,,,,,[85232],0
85232,1,3497,Morus nigra,"",eukaryota,false,,,,0.01973803249042,2,,,100.0,86.0,10^-46.1571,,,,,,,,,,,,,,,,,,0
3493,2,3493,Ficus,figs,eukaryota,false,,,,0.00986901624521,1,,,100.0,100.0,10^-55.6982,,,,,,,,,,,,,,,,,[3494],0
3494,1,3493,Ficus carica,common fig,eukaryota,false,,,,0.00986901624521,1,,,100.0,100.0,10^-55.6982,,,,,,,,,,,,,,,,,,0
3482,2,3482,Cannabis,"",eukaryota,false,,,,,,,,,,,,,,,,0.03947606498084,4,,,96.3,30.0,10^-11.0635,,,,,[3483],0
3483,1,3482,Cannabis sativa,"",eukaryota,false,,,,,,,,,,,,,,,,0.03947606498084,4,,,96.3,30.0,10^-11.0635,,,,,,0
3479,2,3479,Trema,"",eukaryota,false,,,,,,,,,,,,,,,,0.01973803249042,2,,,100.0,28.0,10^-8.7122,,,,,[63057],0
63057,1,3479,Trema orientale,"",eukaryota,false,,,,,,,,,,,,,,,,0.01973803249042,2,,,100.0,28.0,10^-8.7122,,,,,,0
3459,2,3459,Coriaria,"",eukaryota,false,,,,0.02960704873563,3,,,100.0,72.0,10^-36.652,,,,,,,,,,,,,,,,,[79760],0
79760,1,3459,Coriaria nepalensis,"",eukaryota,false,,,,0.02960704873563,3,,,100.0,72.0,10^-36.652,,,,,,,,,,,,,,,,,,0
3452,2,3452,Clematis,virgin's bower,eukaryota,false,,,,0.01973803249042,2,,,100.0,101.0,10^-56.3801,,,,,,,,,,,,,,,,,"[1857135, 231660]",0
1857135,1,3452,Clematis huchouensis,"",eukaryota,false,,,,0.00986901624521,1,,,100.0,101.0,10^-56.3801,,,,,,,,,,,,,,,,,,0
231660,1,3452,Clematis stans,"",eukaryota,false,,,,0.00986901624521,1,,,100.0,101.0,10^-56.3801,,,,,,,,,,,,,,,,,,0
3445,2,3445,Ranunculus,buttercups,eukaryota,false,,,,0.01973803249042,2,,,100.0,100.0,10^-55.6982,,,,,,,,,,,,,,,,,"[286874, 168837]",0
286874,1,3445,Ranunculus cantoniensis,"",eukaryota,false,,,,0.00986901624521,1,,,100.0,101.0,10^-56.3801,,,,,,,,,,,,,,,,,,0
168837,1,3445,Ranunculus silerifolius,"",eukaryota,false,,,,0.00986901624521,1,,,100.0,99.0,10^-55.0164,,,,,,,,,,,,,,,,,,0
3434,2,3434,Persea,"",eukaryota,false,,,,0.02960704873563,3,,,99.67,100.667,10^-55.6953,,,,,,0.04934508122605,5,,,94.06,32.4,10^-10.7077,,,,,[3435],0
3435,1,3434,Persea americana,avocado,eukaryota,false,,,,0.02960704873563,3,,,99.67,100.667,10^-55.6953,,,,,,0.04934508122605,5,,,94.06,32.4,10^-10.7077,,,,,,0
3402,2,3402,Magnolia,"",eukaryota,false,,,,0.00986901624521,1,,,100.0,101.0,10^-56.3801,,,,,,,,,,,,,,,,,[86725],0
86725,1,3402,Magnolia biondii,"",eukaryota,false,,,,0.00986901624521,1,,,100.0,101.0,10^-56.3801,,,,,,,,,,,,,,,,,,0
3368,2,3368,Cryptomeria,"",eukaryota,false,,,,,,,,,,,,,,,,0.03947606498084,4,,,66.2,32.5,10^-5.08731,,,,,[3369],0
3369,1,3368,Cryptomeria japonica,Japanese cedar,eukaryota,false,,,,,,,,,,,,,,,,0.03947606498084,4,,,66.2,32.5,10^-5.08731,,,,,,0
3337,2,3337,Pinus,"",eukaryota,false,,,,1.34218620934856,136,,,94.2387,82.5,10^-37.0803,,,,,,0.00986901624521,1,,,93.9,33.0,10^-15.2083,,,,,"[88730, 88728, 88726, 71647, 58042, 3352, 3350, 3348]",0
88730,1,3337,Pinus massoniana,"",eukaryota,false,,,,0.00986901624521,1,,,99.0,100.0,10^-54.3258,,,,,,,,,,,,,,,,,,0
88728,1,3337,Pinus koraiensis,"",eukaryota,false,,,,,,,,,,,,,,,,0.00986901624521,1,,,93.9,33.0,10^-15.2083,,,,,,0
88726,1,3337,Pinus brutia,"",eukaryota,false,,,,0.01973803249042,2,,,94.9495,40.0,10^-12.1825,,,,,,,,,,,,,,,,,,0
71647,1,3337,Pinus pinaster,"",eukaryota,false,,,,0.00986901624521,1,,,98.333,60.0,10^-27.1003,,,,,,,,,,,,,,,,,,0
58042,1,3337,Pinus nigra,"",eukaryota,false,,,,0.00986901624521,1,,,99.01,101.0,10^-55.0077,,,,,,,,,,,,,,,,,,0
3352,1,3337,Pinus taeda,loblolly pine,eukaryota,false,,,,1.2434960468964598,126,,,94.1362,82.4516,10^-36.915,,,,,,,,,,,,,,,,,,0
3350,1,3337,Pinus thunbergii,Japanese black pine,eukaryota,false,,,,0.02960704873563,3,,,89.6187,96.0,10^-39.2477,,,,,,,,,,,,,,,,,,0
3348,1,3337,Pinus strobus,Eastern white pine,eukaryota,false,,,,0.01973803249042,2,,,100.0,101.0,10^-56.3801,,,,,,,,,,,,,,,,,,0
3328,2,3328,Picea,"",eukaryota,false,,,,0.03947606498084,4,,,95.054,82.0,10^-36.5833,,,,,,0.00986901624521,1,,,72.7,33.0,10^-8.09637,,,,,"[3332, 3330]",0
3332,1,3328,Picea sitchensis,Sitka spruce,eukaryota,false,,,,0.00986901624521,1,,,100.0,65.0,10^-31.8688,,,,,,,,,,,,,,,,,,0
3330,1,3328,Picea glauca,white spruce,eukaryota,false,,,,0.02960704873563,3,,,93.4053,87.6667,10^-38.1548,,,,,,0.00986901624521,1,,,72.7,33.0,10^-8.09637,,,,,,0
3325,2,3325,Larix,larches,eukaryota,false,,,,0.01973803249042,2,,,93.8865,39.5,10^-11.1573,,,,,,,,,,,,,,,,,[62751],0
62751,1,3325,Larix sibirica,"",eukaryota,false,,,,0.01973803249042,2,,,93.8865,39.5,10^-11.1573,,,,,,,,,,,,,,,,,,0
3224,2,3224,Ceratodon,"",eukaryota,false,,,,,,,,,,,,,,,,0.00986901624521,1,,,93.9,33.0,10^-11.4401,,,,,[3225],0
3225,1,3224,Ceratodon purpureus,"",eukaryota,false,,,,,,,,,,,,,,,,0.00986901624521,1,,,93.9,33.0,10^-11.4401,,,,,,0
3174,2,3174,Klebsormidium,"",eukaryota,false,,,,,,,,,,,,,,,,0.02960704873563,3,,,76.8667,37.0,10^-5.47389,,,,,[105231],0
105231,1,3174,Klebsormidium nitens,"",eukaryota,false,,,,,,,,,,,,,,,,0.02960704873563,3,,,76.8667,37.0,10^-5.47389,,,,,,0
3164,2,3164,Tetraselmis,"",eukaryota,false,,,,0.01973803249042,2,,,100.0,70.0,10^-35.2675,,,,,,,,,,,,,,,,,[426497],0
426497,1,3164,Tetraselmis cordiformis,"",eukaryota,false,,,,0.01973803249042,2,,,100.0,70.0,10^-35.2675,,,,,,,,,,,,,,,,,,0
3066,2,3066,Volvox,"",eukaryota,false,,,,0.00986901624521,1,,,96.04,101.0,10^-50.8906,,,,,,,,,,,,,,,,,[51714],0
51714,1,3066,Volvox africanus,"",eukaryota,false,,,,0.00986901624521,1,,,96.04,101.0,10^-50.8906,,,,,,,,,,,,,,,,,,0
3052,2,3052,Chlamydomonas,"",eukaryota,false,,,,0.00986901624521,1,,,90.099,101.0,10^-42.6564,,,,,,,,,,,,,,,,,[420353],0
420353,1,3052,Chlamydomonas sordida,"",eukaryota,false,,,,0.00986901624521,1,,,90.099,101.0,10^-42.6564,,,,,,,,,,,,,,,,,,0
3044,2,3044,Dunaliella,"",eukaryota,false,,,,,,,,,,,,,,,,0.00986901624521,1,,,93.1,29.0,10^-10.0958,,,,,[3046],0
3046,1,3044,Dunaliella salina,"",eukaryota,false,,,,,,,,,,,,,,,,0.00986901624521,1,,,93.1,29.0,10^-10.0958,,,,,,0
2949,2,2949,Symbiodinium,"",eukaryota,false,,,,,,,,,,,,,,,,0.02960704873563,3,,,87.2667,31.0,10^-6.27087,,,,,"[878477, 2951]",0
878477,1,2949,Symbiodinium natans,"",eukaryota,false,,,,,,,,,,,,,,,,0.00986901624521,1,,,81.8,33.0,10^-5.49349,,,,,,0
2951,1,2949,Symbiodinium microadriaticum,"",eukaryota,false,,,,,,,,,,,,,,,,0.01973803249042,2,,,90.0,30.0,10^-6.65956,,,,,,0
2902,2,2902,Emiliania,"",eukaryota,false,,,,0.00986901624521,1,,,90.244,41.0,10^-10.111,,,,,,0.02960704873563,3,,,90.1,30.3333,10^-9.6463,,,,,[2903],0
2903,1,2902,Emiliania huxleyi,"",eukaryota,false,,,,0.00986901624521,1,,,90.244,41.0,10^-10.111,,,,,,0.02960704873563,3,,,90.1,30.3333,10^-9.6463,,,,,,0
2755,2,2755,Brochothrix,"",bacteria,false,,,,0.01973803249042,2,,,100.0,91.0,10^-49.5635,,,,,,,,,,,,,,,,,[2756],0
2756,1,2755,Brochothrix thermosphacta,"",bacteria,false,,,,0.01973803249042,2,,,100.0,91.0,10^-49.5635,,,,,,,,,,,,,,,,,,0
2747,2,2747,Carnobacterium,"",bacteria,false,,,,0.04934508122605,5,,,97.6238,100.2,10^-52.5409,,,,,,0.03947606498084,4,,,100.0,30.75,10^-11.2881,,,,,"[1564681, 174587, 147709, 2751]",0
1564681,1,2747,Carnobacterium sp. CP1,"",bacteria,false,,,,0.00986901624521,1,,,88.119,101.0,10^-39.9116,,,,,,,,,,,,,,,,,,0
174587,1,2747,Carnobacterium viridans,"",bacteria,false,,,,0.00986901624521,1,,,100.0,101.0,10^-56.3801,,,,,,,,,,,,,,,,,,0
147709,1,2747,Carnobacterium inhibens,"",bacteria,false,,,,0.02960704873563,3,,,100.0,99.6667,10^-55.471,,,,,,0.01973803249042,2,,,100.0,32.5,10^-10.7315,,,,,,0
2751,1,2747,Carnobacterium maltaromaticum,"",bacteria,false,,,,,,,,,,,,,,,,0.01973803249042,2,,,100.0,29.0,10^-11.8447,,,,,,0
2745,2,2745,Halomonas,"",bacteria,false,,,,1.7468158754021699,177,1,74,98.5392,101.554,10^-48.4656,,,,,,9.81967116398395,995,4,933,79.2897,44.5461,10^-21.76,,,,,"[3035470, 2953657, 2852117, 2832500, 2768852, 2562282, 2498858, 2109329, 2014541, 1857927, 1855929, 1761789, 1504981, 1178777, 1166948, 1118153, 1081866, 664683, 475662, 390919, 313855, 272774, 223527, 115553, 115551, 44935, 29570]",0
3035470,1,2745,Halomonas sp. M1,"",bacteria,false,,,,0.01973803249042,2,,,98.684,76.0,10^-37.9766,,,,,,,,,,,,,,,,,,0
2953657,1,2745,Halomonas sp. DN3,"",bacteria,false,,,,0.00986901624521,1,,,97.403,77.0,10^-37.2847,,,,,,,,,,,,,,,,,,0
2852117,1,2745,Halomonas profundi,"",bacteria,false,,,,0.36515360107276995,37,,,98.9127,99.037,10^-53.5678,,,,,,,,,,,,,,,,,,0
2832500,1,2745,Halomonas sp. FeN2,"",bacteria,false,,,,0.0986901624521,10,,,98.9999,100.0,10^-54.3259,,,,,,,,,,,,,,,,,,0
2768852,1,2745,Halomonas sp. 156,"",bacteria,false,,,,,,,,,,,,,,,,0.01973803249042,2,,,93.1,29.0,10^-10.317,,,,,,0
2562282,1,2745,Halomonas binhaiensis,"",bacteria,false,,,,0.01973803249042,2,,,97.297,37.0,10^-11.528,,,,,,,,,,,,,,,,,,0
2498858,1,2745,Halomonas populi,"",bacteria,false,,,,,,,,,,,,,,,,0.01973803249042,2,,,100.0,33.0,10^-12.0141,,,,,,0
2109329,1,2745,Halomonas sp. SYSU XM8,"",bacteria,false,,,,,,,,,,,,,,,,8.35905675969287,847,1,840,81.9277,38.9566,10^-22.32,,,,,,0
2014541,1,2745,Halomonas sp. N3-2A,"",bacteria,false,,,,,,,,,,,,,,,,0.00986901624521,1,,,87.1,31.0,10^-10.0048,,,,,,0
1857927,1,2745,Halomonas sp. SL8,"",bacteria,false,,,,0.00986901624521,1,,,93.137,102.0,10^-47.4554,,,,,,,,,,,,,,,,,,0
1855929,1,2745,Halomonas sp. FTI01,"",bacteria,false,,,,0.00986901624521,1,,,90.588,85.0,10^-34.497,,,,,,,,,,,,,,,,,,0
1761789,1,2745,Halomonas sp. hl-4,"",bacteria,false,,,,0.01973803249042,2,,,100.0,63.0,10^-30.51,,,,,,,,,,,,,,,,,,0
1504981,1,2745,Halomonas sp. KO116,"",bacteria,false,,,,0.0986901624521,10,,,98.4356,94.0,10^-49.6506,,,,,,,,,,,,,,,,,,0
1178777,1,2745,Halomonas zincidurans,"",bacteria,false,,,,0.00986901624521,1,,,94.231,52.0,10^-18.9282,,,,,,,,,,,,,,,,,,0
1166948,1,2745,Halomonas xinjiangensis,"",bacteria,false,,,,0.04934508122605,5,,,96.01,100.25,10^-50.3792,,,,,,,,,,,,,,,,,,0
1118153,1,2745,Halomonas sp. GFAJ-1,"",bacteria,false,,,,0.18751130865899,19,,,98.9279,100.0,10^-54.2344,,,,,,,,,,,,,,,,,,0
1081866,1,2745,Halomonas socia,"",bacteria,false,,,,,,,,,,,,,,,,0.00986901624521,1,,,97.0,33.0,10^-9.70774,,,,,,0
664683,1,2745,Halomonas titanicae,"",bacteria,false,,,,,,,,,,,,,,,,1.3717932580841898,139,3,93,63.7245,77.0288,10^-19.4377,,,,,,0
475662,1,2745,Halomonas beimenensis,"",bacteria,false,,,,0.01973803249042,2,,,97.619,84.0,10^-42.0502,,,,,,,,,,,,,,,,,,0
390919,1,2745,Halomonas olivaria,"",bacteria,false,,,,0.01973803249042,2,,,92.8065,72.5,10^-29.4274,,,,,,,,,,,,,,,,,,0
313855,1,2745,Halomonas sp. A-7,"",bacteria,false,,,,0.00986901624521,1,,,100.0,74.0,10^-37.9881,,,,,,,,,,,,,,,,,,0
272774,1,2745,Halomonas alkaliphila,"",bacteria,false,,,,0.00986901624521,1,,,83.168,101.0,10^-33.0498,,,,,,,,,,,,,,,,,,0
223527,1,2745,Halomonas boliviensis,"",bacteria,false,,,,,,,,,,,,,,,,0.01973803249042,2,,,87.0,23.0,10^-5.11804,,,,,,0
115553,1,2745,Halomonas sulfidaeris,"",bacteria,false,,,,0.04934508122605,5,,,97.7412,94.2,10^-48.7268,,,,,,,,,,,,,,,,,,0
115551,1,2745,Halomonas neptunia,"",bacteria,false,,,,0.7303072021455399,74,1,74,99.099,111.0,10^-47.9666,,,,,,,,,,,,,,,,,,0
44935,1,2745,Halomonas venusta,"",bacteria,false,,,,,,,,,,,,,,,,0.00986901624521,1,,,64.7,34.0,10^-5.03012,,,,,,0
29570,1,2745,Halomonas meridiana,"",bacteria,false,,,,0.00986901624521,1,,,97.826,92.0,10^-47.5002,,,,,,,,,,,,,,,,,,0
2742,2,2742,Marinobacter,"",bacteria,false,,,,0.00986901624521,1,,,96.703,91.0,10^-45.4464,,,,,,0.01973803249042,2,,,82.4,31.5,10^-8.21997,,,,,"[2886046, 1794906, 2743]",0
2886046,1,2742,Marinobacter sp. AN1,"",bacteria,false,,,,0.00986901624521,1,,,96.703,91.0,10^-45.4464,,,,,,,,,,,,,,,,,,0
1794906,1,2742,Marinobacter sp. T13-3,"",bacteria,false,,,,,,,,,,,,,,,,0.00986901624521,1,,,84.8,33.0,10^-8.29243,,,,,,0
2743,1,2742,Marinobacter nauticus,"",bacteria,false,,,,,,,,,,,,,,,,0.00986901624521,1,,,80.0,30.0,10^-8.14752,,,,,,0
2737,2,2737,Vagococcus,"",bacteria,false,,,,0.00986901624521,1,,,100.0,100.0,10^-54.3258,,,,,,0.01973803249042,2,,,69.7,33.0,10^-8.50298,,,,,[81947],0
81947,1,2737,Vagococcus lutrae,"",bacteria,false,,,,0.00986901624521,1,,,100.0,100.0,10^-54.3258,,,,,,0.01973803249042,2,,,69.7,33.0,10^-8.50298,,,,,,0
2717,2,2717,Cardiobacterium,"",bacteria,false,,,,0.07895212996168,8,,,99.7394,99.375,10^-54.9291,,,,,,0.01973803249042,2,,,95.45,33.0,10^-10.6566,,,,,"[2866573, 2382124, 2718]",1
2866573,1,2717,Cardiobacterium sp. Marseille-Q4385,"",bacteria,false,,,,0.01973803249042,2,,,99.495,100.0,10^-55.012,,,,,,,,,,,,,,,,,,0
2382124,1,2717,Cardiobacterium sp.,"",bacteria,false,,,,,,,,,,,,,,,,0.01973803249042,2,,,95.45,33.0,10^-10.6566,,,,,,0
2718,1,2717,Cardiobacterium hominis,"",bacteria,false,,,,0.05921409747126,6,,,99.8208,99.1667,10^-54.9015,,,,,,,,,,,,,,,,,,1
2706,2,2706,Citrus,"",eukaryota,false,,,,0.01973803249042,2,,,100.0,92.0,10^-50.2449,,,,,,0.00986901624521,1,,,60.6,33.0,10^-6.03292,,,,,"[37334, 2711]",0
37334,1,2706,Citrus maxima,"",eukaryota,false,,,,0.01973803249042,2,,,100.0,92.0,10^-50.2449,,,,,,,,,,,,,,,,,,0
2711,1,2706,Citrus sinensis,sweet orange,eukaryota,false,,,,,,,,,,,,,,,,0.00986901624521,1,,,60.6,33.0,10^-6.03292,,,,,,0
2701,2,2701,Gardnerella,"",bacteria,false,,,,0.13816622743294,14,,,99.3505,88.5,10^-46.9879,,,,,,0.12829721118773,13,,,79.0692,27.8462,10^-5.91858,,,,,"[2914924, 2792978, 2792977, 2702]",1
2914924,1,2701,Gardnerella pickettii,"",bacteria,false,,,,,,,,,,,,,,,,0.02960704873563,3,,,65.2,31.6667,10^-4.54253,,,,,,0
2792978,1,2701,Gardnerella leopoldii,"",bacteria,false,,,,0.01973803249042,2,,,100.0,75.0,10^-38.6685,,,,,,,,,,,,,,,,,,0
2792977,1,2701,Gardnerella piotii,"",bacteria,false,,,,0.01973803249042,2,,,100.0,99.0,10^-55.0164,,,,,,,,,,,,,,,,,,0
2702,1,2701,Gardnerella vaginalis,"",bacteria,false,,,,0.0986901624521,10,,,99.0907,89.1,10^-47.046,,,,,,0.0986901624521,10,,,83.23,26.7,10^-6.33139,,,,,,1
2433,2,2433,Roseobacter,"",bacteria,false,,,,,,,,,,,,,,,,0.2960704873563,30,1,17,85.3811,48.1724,10^-17.4234,,,,,[351016],0
351016,1,2433,Roseobacter sp. AzwK-3b,"",bacteria,false,,,,,,,,,,,,,,,,0.2960704873563,30,1,17,85.3811,48.1724,10^-17.4234,,,,,,0
2370,2,2370,Xylella,"",bacteria,false,,,,0.05921409747126,6,,,97.812,76.3333,10^-37.7635,,,,,,0.00986901624521,1,,,83.3,30.0,10^-8.92082,,,,,"[1444770, 2371]",0
1444770,1,2370,Xylella taiwanensis,"",bacteria,false,,,,0.01973803249042,2,,,96.0,50.0,10^-18.9452,,,,,,,,,,,,,,,,,,0
2371,1,2370,Xylella fastidiosa,"",bacteria,false,,,,0.03947606498084,4,,,98.718,89.5,10^-47.1727,,,,,,0.00986901624521,1,,,83.3,30.0,10^-8.92082,,,,,,0
2335,2,2335,Thermotoga,"",bacteria,false,,,,,,,,,,,,,,,,0.01973803249042,2,,,79.95,32.5,10^-8.11899,,,,,[28240],0
28240,1,2335,Thermotoga sp.,"",bacteria,false,,,,,,,,,,,,,,,,0.01973803249042,2,,,79.95,32.5,10^-8.11899,,,,,,0
2332,2,2332,Propionigenium,"",bacteria,false,,,,0.01973803249042,2,,,99.0,100.0,10^-54.3258,,,,,,,,,,,,,,,,,[259317],0
259317,1,2332,uncultured Propionigenium sp.,"",bacteria,false,,,,0.01973803249042,2,,,99.0,100.0,10^-54.3258,,,,,,,,,,,,,,,,,,0
2295,2,2295,Desulfobacterium,"",bacteria,false,,,,,,,,,,,,,,,,0.12829721118773,13,1,13,64.516,62.0,10^-21.7167,,,,,[201089],0
201089,1,2295,uncultured Desulfobacterium sp.,"",bacteria,false,,,,,,,,,,,,,,,,0.12829721118773,13,1,13,64.516,62.0,10^-21.7167,,,,,,0
2093,2,2093,Mycoplasma,"",bacteria,false,,,,0.01973803249042,2,,,93.939,66.0,10^-27.0589,,,,,,,,,,,,,,,,,[50052],0
50052,1,2093,Mycoplasma crocodyli,"",bacteria,false,,,,0.01973803249042,2,,,93.939,66.0,10^-27.0589,,,,,,,,,,,,,,,,,,0
2071,2,2071,Saccharothrix,"",bacteria,false,,,,,,,,,,,,,,,,0.00986901624521,1,,,89.7,29.0,10^-8.92812,,,,,[33919],0
33919,1,2071,Saccharothrix coeruleofusca,"",bacteria,false,,,,,,,,,,,,,,,,0.00986901624521,1,,,89.7,29.0,10^-8.92812,,,,,,0
2063,2,2063,Kitasatospora,"",bacteria,false,,,,0.01973803249042,2,,,86.667,60.0,10^-17.4937,,,,,,,,,,,,,,,,,[2066],0
2066,1,2063,Kitasatospora setae,"",bacteria,false,,,,0.01973803249042,2,,,86.667,60.0,10^-17.4937,,,,,,,,,,,,,,,,,,0
2053,2,2053,Gordonia,"",bacteria,false,,,,0.08882114620689,9,,,96.4133,86.7778,10^-43.0441,,,,,,0.03947606498084,4,,,84.7667,31.0,10^-9.26711,,,,,"[2811424, 2742602, 2698900, 1517702, 89053, 36822, 2055]",0
2811424,1,2053,Gordonia sp. PDNC005,"",bacteria,false,,,,0.01973803249042,2,,,93.75,48.0,10^-16.2182,,,,,,,,,,,,,,,,,,0
2742602,1,2053,Gordonia sp. X0973,"",bacteria,false,,,,0.01973803249042,2,,,90.11,91.0,10^-37.2122,,,,,,,,,,,,,,,,,,0
2698900,1,2053,Gordonia sp. JH63,"",bacteria,false,,,,0.00986901624521,1,,,100.0,101.0,10^-56.3801,,,,,,,,,,,,,,,,,,0
1517702,1,2053,Gordonia jinhuaensis,"",bacteria,false,,,,,,,,,,,,,,,,0.03947606498084,4,,,84.7667,31.0,10^-9.26711,,,,,,0
89053,1,2053,Gordonia amicalis,"",bacteria,false,,,,0.00986901624521,1,,,100.0,101.0,10^-56.3801,,,,,,,,,,,,,,,,,,0
36822,1,2053,Gordonia rubripertincta,"",bacteria,false,,,,0.01973803249042,2,,,100.0,100.0,10^-55.6982,,,,,,,,,,,,,,,,,,0
2055,1,2053,Gordonia terrae,"",bacteria,false,,,,0.00986901624521,1,,,100.0,101.0,10^-56.3801,,,,,,,,,,,,,,,,,,0
2050,2,2050,Mobiluncus,"",bacteria,false,,,,0.03947606498084,4,,,97.515,100.5,10^-52.6082,,,,,,0.05921409747126,6,,,89.6667,31.3333,10^-8.47649,,,,,"[3036302, 293425, 2052]",0
3036302,1,2050,Mobiluncus sp. Marseille-Q7826,"",bacteria,false,,,,0.03947606498084,4,,,97.515,100.5,10^-52.6082,,,,,,,,,,,,,,,,,,0
293425,1,2050,uncultured Mobiluncus sp.,"",bacteria,false,,,,,,,,,,,,,,,,0.03947606498084,4,,,100.0,32.5,10^-11.0,,,,,,0
2052,1,2050,Mobiluncus mulieris,"",bacteria,false,,,,,,,,,,,,,,,,0.01973803249042,2,,,69.0,29.0,10^-3.42946,,,,,,0
2044,2,2044,Pimelobacter,"",bacteria,false,,,,0.00986901624521,1,,,98.529,68.0,10^-32.5354,,,,,,,,,,,,,,,,,[2045],0
2045,1,2044,Pimelobacter simplex,"",bacteria,false,,,,0.00986901624521,1,,,98.529,68.0,10^-32.5354,,,,,,,,,,,,,,,,,,0
2040,2,2040,Aeromicrobium,"",bacteria,false,,,,0.06908311371647,7,,,99.1271,98.4286,10^-53.4507,,,,,,,,,,,,,,,,,"[3009077, 2107713, 1736691, 1736306, 1686356]",0
3009077,1,2040,Aeromicrobium sp. HA,"",bacteria,false,,,,0.01973803249042,2,,,98.925,93.0,10^-49.554,,,,,,,,,,,,,,,,,,0
2107713,1,2040,Aeromicrobium sp. A1-2,"",bacteria,false,,,,0.00986901624521,1,,,99.01,101.0,10^-55.0077,,,,,,,,,,,,,,,,,,0
1736691,1,2040,Aeromicrobium choanae,"",bacteria,false,,,,0.00986901624521,1,,,100.0,100.0,10^-55.6982,,,,,,,,,,,,,,,,,,0
1736306,1,2040,Aeromicrobium sp. Leaf245,"",bacteria,false,,,,0.01973803249042,2,,,99.505,100.5,10^-55.3529,,,,,,,,,,,,,,,,,,0
1686356,1,2040,Aeromicrobium sp. HJX17,"",bacteria,false,,,,0.00986901624521,1,,,98.02,101.0,10^-53.6353,,,,,,,,,,,,,,,,,,0
2034,2,2034,Curtobacterium,"",bacteria,false,,,,0.0986901624521,10,1,7,98.6058,192.1,10^-95.9877,,,,,,0.20724934114941,21,,,88.5095,30.5238,10^-10.7303,,,,,"[2653136, 2175667, 2175658, 1561023, 69373, 2035]",0
2653136,1,2034,Curtobacterium sp. 8I-2,"",bacteria,false,,,,,,,,,,,,,,,,0.05921409747126,6,,,95.9667,33.0,10^-12.2186,,,,,,0
2175667,1,2034,Curtobacterium sp. MCBD17_003,"",bacteria,false,,,,0.00986901624521,1,,,93.75,80.0,10^-35.2095,,,,,,,,,,,,,,,,,,0
2175658,1,2034,Curtobacterium sp. MCBD17_029,"",bacteria,false,,,,,,,,,,,,,,,,0.13816622743294,14,,,84.7214,29.4286,10^-10.0345,,,,,,0
1561023,1,2034,Curtobacterium sp. MR_MD2014,"",bacteria,false,,,,0.06908311371647,7,1,7,100.0,243.0,10^-122.593,,,,,,,,,,,,,,,,,,0
69373,1,2034,Curtobacterium pusillum,"",bacteria,false,,,,,,,,,,,,,,,,0.00986901624521,1,,,96.8,31.0,10^-11.5421,,,,,,0
2035,1,2034,Curtobacterium flaccumfaciens,"",bacteria,false,,,,0.01973803249042,2,,,96.154,70.0,10^-33.2564,,,,,,,,,,,,,,,,,,0
2029,2,2029,Kibdelosporangium,"",bacteria,false,,,,0.01973803249042,2,,,94.0595,98.5,10^-46.4414,,,,,,,,,,,,,,,,,[860235],0
860235,1,2029,Kibdelosporangium phytohabitans,"",bacteria,false,,,,0.01973803249042,2,,,94.0595,98.5,10^-46.4414,,,,,,,,,,,,,,,,,,0
2023,2,2023,Thermoactinomyces,"",bacteria,false,,,,,,,,,,,,,,,,0.01973803249042,2,,,84.6,26.0,10^-5.08884,,,,,[1535750],0
1535750,1,2023,Thermoactinomyces sp. Gus2-1,"",bacteria,false,,,,,,,,,,,,,,,,0.01973803249042,2,,,84.6,26.0,10^-5.08884,,,,,,0
2013,2,2013,Nocardiopsis,"",bacteria,false,,,,,,,,,,,,,,,,0.05921409747126,6,,,88.4,28.8333,10^-8.09055,,,,,"[372655, 141693]",0
372655,1,2013,Nocardiopsis terrae,"",bacteria,false,,,,,,,,,,,,,,,,0.04934508122605,5,,,87.9,28.0,10^-7.69289,,,,,,0
141693,1,2013,Nocardiopsis kunsanensis,"",bacteria,false,,,,,,,,,,,,,,,,0.00986901624521,1,,,90.9,33.0,10^-10.0788,,,,,,0
2005,2,2005,Microbispora,"",bacteria,false,,,,,,,,,,,,,,,,0.00986901624521,1,,,81.8,22.0,10^-4.05948,,,,,[1460882],0
1460882,1,2005,Microbispora bryophytorum,"",bacteria,false,,,,,,,,,,,,,,,,0.00986901624521,1,,,81.8,22.0,10^-4.05948,,,,,,0
1988,2,1988,Actinomadura,"",bacteria,false,,,,0.07895212996168,8,,,91.1671,83.0,10^-33.6574,,,,,,0.02960704873563,3,,,89.4667,29.6667,10^-7.72061,,,,,"[2750812, 2742128, 2650748, 2094049, 1219491, 1993, 1991]",1
2750812,1,1988,Actinomadura graeca,"",bacteria,false,,,,0.00986901624521,1,,,85.149,101.0,10^-35.7945,,,,,,,,,,,,,,,,,,0
2742128,1,1988,Actinomadura sp. NAK00032,"",bacteria,false,,,,0.00986901624521,1,,,89.247,93.0,10^-37.2027,,,,,,,,,,,,,,,,,,0
2650748,1,1988,Actinomadura physcomitrii,"",bacteria,false,,,,,,,,,,,,,,,,0.01973803249042,2,,,85.7,28.0,10^-6.58004,,,,,,0
2094049,1,1988,Actinomadura roseirufa,"",bacteria,false,,,,,,,,,,,,,,,,0.00986901624521,1,,,97.0,33.0,10^-10.0017,,,,,,0
1219491,1,1988,Actinomadura sp. WMMB 499,"",bacteria,false,,,,0.01973803249042,2,,,93.75,88.0,10^-39.9715,,,,,,,,,,,,,,,,,,0
1993,1,1988,Actinomadura madurae,"",bacteria,false,,,,0.01973803249042,2,,,92.104,63.5,10^-23.9979,,,,,,,,,,,,,,,,,,1
1991,1,1988,Actinomadura cremea,"",bacteria,false,,,,0.01973803249042,2,,,91.6165,83.5,10^-34.1617,,,,,,,,,,,,,,,,,,0
1883,2,1883,Streptomyces,"",bacteria,false,,,,0.18751130865899,19,,,96.3984,77.7647,10^-36.8587,,,,,,3.8686543681223196,392,6,230,79.6936,67.1403,10^-26.7006,,,,,"[3028709, 3020055, 2892996, 2684469, 2607753, 2479007, 2203203, 2072509, 2015515, 2014920, 1984801, 1828156, 1812480, 998084, 645465, 591158, 591157, 465543, 465541, 285562, 285530, 253839, 114686, 67581, 67368, 67294, 66374, 66371, 55404, 54571, 53446, 51201, 42881, 39478, 38300, 35619, 28044, 1938, 1930, 1927, 1916, 1915, 1892, 1888, 1886]",0
3028709,1,1883,Streptomyces sp. AM 2-1-1,"",bacteria,false,,,,0.00986901624521,1,,,91.781,73.0,10^-29.0736,,,,,,,,,,,,,,,,,,0
3020055,1,1883,Streptomyces sp. HUAS 31,"",bacteria,false,,,,0.01973803249042,2,,,100.0,98.0,10^-54.3346,,,,,,,,,,,,,,,,,,0
2892996,1,1883,Streptomyces sp. SCSIO ZS0520,"",bacteria,false,,,,0.00986901624521,1,,,99.01,101.0,10^-55.0077,,,,,,,,,,,,,,,,,,0
2684469,1,1883,Streptomyces sp. SCUT-3,"",bacteria,false,,,,0.00986901624521,1,,,87.671,73.0,10^-24.9565,,,,,,,,,,,,,,,,,,0
2607753,1,1883,Streptomyces sp. INR7,"",bacteria,false,,,,0.00986901624521,1,,,100.0,101.0,10^-56.3801,,,,,,,,,,,,,,,,,,0
2479007,1,1883,Streptomyces sp. adm13(2018),"",bacteria,false,,,,,,,,,,,,,,,,0.00986901624521,1,,,86.4,22.0,10^-3.4318,,,,,,0
2203203,1,1883,Streptomyces sp. WAC 01420,"",bacteria,false,,,,,,,,,,,,,,,,0.00986901624521,1,,,76.7,30.0,10^-6.9393,,,,,,0
2072509,1,1883,Streptomyces sp. DH-12,"",bacteria,false,,,,,,,,,,,,,,,,0.00986901624521,1,,,71.9,32.0,10^-4.94692,,,,,,0
2015515,1,1883,Streptomyces sp. FBKL.4005,"",bacteria,false,,,,,,,,,,,,,,,,0.01973803249042,2,,,89.2,32.5,10^-11.6426,,,,,,0
2014920,1,1883,Streptomyces capitiformicae,"",bacteria,false,,,,,,,,,,,,,,,,0.00986901624521,1,,,72.0,25.0,10^-4.19314,,,,,,0
1984801,1,1883,Streptomyces sp. CLI2509,"",bacteria,false,,,,0.00986901624521,1,,,98.361,61.0,10^-27.7793,,,,,,,,,,,,,,,,,,0
1828156,1,1883,Streptomyces sp. t39,"",bacteria,false,,,,,,,,,,,,,,,,0.0986901624521,10,,,80.58,29.1,10^-6.13875,,,,,,0
1812480,1,1883,Streptomyces sp. fd1-xmd,"",bacteria,false,,,,0.00986901624521,1,,,86.905,84.0,10^-29.6989,,,,,,,,,,,,,,,,,,0
998084,1,1883,Streptomyces himastatinicus,"",bacteria,false,,,,,,,,,,,,,,,,0.02960704873563,3,,,78.4333,26.0,10^-5.89079,,,,,,0
645465,1,1883,Streptomyces sp. e14,"",bacteria,false,,,,,,,,,,,,,,,,0.6020099909578099,61,2,46,88.116,63.5254,10^-35.6887,,,,,,0
591158,1,1883,Streptomyces sp. AA4,"",bacteria,false,,,,,,,,,,,,,,,,0.50331982850571,51,1,42,63.683,115.78,10^-23.4899,,,,,,0
591157,1,1883,Streptomyces sp. SPB78,"",bacteria,false,,,,,,,,,,,,,,,,0.10855917869731,11,,,85.9455,31.9091,10^-11.8372,,,,,,0
465543,1,1883,Streptomyces sp. SPB074,"",bacteria,false,,,,,,,,,,,,,,,,0.07895212996168,8,,,72.2875,29.0,10^-6.11177,,,,,,0
465541,1,1883,Streptomyces sp. Mg1,"",bacteria,false,,,,,,,,,,,,,,,,0.03947606498084,4,,,85.2,29.0,10^-7.40399,,,,,,0
285562,1,1883,Streptomyces coelicoflavus,"",bacteria,false,,,,,,,,,,,,,,,,0.24672540613024999,25,1,21,79.3184,78.16,10^-36.8087,,,,,,0
285530,1,1883,Streptomyces sviceus,"",bacteria,false,,,,,,,,,,,,,,,,0.02960704873563,3,,,71.4667,32.6667,10^-6.17245,,,,,,0
253839,1,1883,Streptomyces sp. C,"",bacteria,false,,,,,,,,,,,,,,,,0.12829721118773,13,,,85.3846,31.1538,10^-8.59606,,,,,,0
114686,1,1883,Streptomyces phaeoluteigriseus,"",bacteria,false,,,,,,,,,,,,,,,,0.00986901624521,1,,,81.8,33.0,10^-12.7033,,,,,,0
67581,1,1883,Streptomyces viridosporus,"",bacteria,false,,,,,,,,,,,,,,,,0.07895212996168,8,,,80.0875,29.5,10^-6.66774,,,,,,0
67368,1,1883,Streptomyces termitum,"",bacteria,false,,,,,,,,,,,,,,,,0.01973803249042,2,,,82.8,29.0,10^-7.7986,,,,,,0
67294,1,1883,Streptomyces filamentosus,"",bacteria,false,,,,,,,,,,,,,,,,0.02960704873563,3,,,84.7333,32.6667,10^-8.43857,,,,,,0
66374,1,1883,Streptomyces nojiriensis,"",bacteria,false,,,,0.00986901624521,1,,,100.0,101.0,10^-56.3801,,,,,,,,,,,,,,,,,,0
66371,1,1883,Streptomyces fumigatiscleroticus,"",bacteria,false,,,,,,,,,,,,,,,,0.04934508122605,5,,,78.26,31.2,10^-8.35097,,,,,,0
55404,1,1883,Streptomyces netropsis,"",bacteria,false,,,,0.00986901624521,1,,,98.02,101.0,10^-53.6353,,,,,,,,,,,,,,,,,,0
54571,1,1883,Streptomyces venezuelae,"",bacteria,false,,,,0.01973803249042,2,,,100.0,101.0,10^-56.3801,,,,,,,,,,,,,,,,,,0
53446,1,1883,Streptomyces cinnamoneus,"",bacteria,false,,,,,,,,,,,,,,,,0.03947606498084,4,,,84.05,28.5,10^-8.12987,,,,,,0
51201,1,1883,Streptomyces griseocarneus,"",bacteria,false,,,,,,,,,,,,,,,,1.4606144042910798,148,2,121,80.6533,77.2847,10^-36.3571,,,,,,0
42881,1,1883,Streptomyces chromofuscus,"",bacteria,false,,,,,,,,,,,,,,,,0.00986901624521,1,,,89.3,28.0,10^-7.73049,,,,,,0
39478,1,1883,Streptomyces laurentii,"",bacteria,false,,,,,,,,,,,,,,,,0.02960704873563,3,,,78.5333,32.6667,10^-10.2021,,,,,,0
38300,1,1883,Streptomyces pristinaespiralis,"",bacteria,false,,,,,,,,,,,,,,,,0.00986901624521,1,,,65.8,38.0,10^-3.59007,,,,,,0
35619,1,1883,Streptomyces griseoflavus,"",bacteria,false,,,,,,,,,,,,,,,,0.00986901624521,1,,,81.3,32.0,10^-11.2882,,,,,,0
28044,1,1883,Streptomyces longisporoflavus,"",bacteria,false,,,,,,,,,,,,,,,,0.00986901624521,1,,,79.2,24.0,10^-3.00174,,,,,,0
1938,1,1883,Streptomyces viridochromogenes,"",bacteria,false,,,,,,,,,,,,,,,,0.01973803249042,2,,,87.85,33.0,10^-14.4915,,,,,,0
1930,1,1883,Streptomyces scabiei,"",bacteria,false,,,,,,,,,,,,,,,,0.05921409747126,6,,,74.7,31.3333,10^-6.65538,,,,,,0
1927,1,1883,Streptomyces rimosus,"",bacteria,false,,,,0.01973803249042,2,,,100.0,39.0,10^-14.2498,,,,,,,,,,,,,,,,,,0
1916,1,1883,Streptomyces lividans,"",bacteria,false,,,,0.01973803249042,2,,,93.75,48.0,10^-16.2182,,,,,,0.05921409747126,6,,,87.4667,28.0,10^-7.53866,,,,,,0
1915,1,1883,Streptomyces lincolnensis,"",bacteria,false,,,,,,,,,,,,,,,,0.01973803249042,2,,,73.8,35.5,10^-7.29818,,,,,,0
1892,1,1883,Streptomyces anulatus,"",bacteria,false,,,,0.00986901624521,1,,,98.684,76.0,10^-37.9766,,,,,,,,,,,,,,,,,,0
1888,1,1883,Streptomyces albus,"",bacteria,false,,,,0.00986901624521,1,,,92.157,102.0,10^-46.083,,,,,,,,,,,,,,,,,,0
1886,1,1883,Streptomyces albidoflavus,"",bacteria,false,,,,0.00986901624521,1,,,98.684,76.0,10^-37.9766,,,,,,0.02960704873563,3,,,89.7667,25.3333,10^-5.63722,,,,,,0
1873,2,1873,Micromonospora,"",bacteria,false,,,,0.02960704873563,3,,,94.9543,99.3333,10^-48.3819,,,,,,0.01973803249042,2,,,89.7,29.0,10^-6.68613,,,,,"[3061626, 709860, 1881]",0
3061626,1,1873,Micromonospora sp. HUAS LYJ1,"",bacteria,false,,,,0.00986901624521,1,,,100.0,100.0,10^-55.6982,,,,,,,,,,,,,,,,,,0
709860,1,1873,Micromonospora luteifusca,"",bacteria,false,,,,,,,,,,,,,,,,0.01973803249042,2,,,89.7,29.0,10^-6.68613,,,,,,0
1881,1,1873,Micromonospora viridifaciens,"",bacteria,false,,,,0.01973803249042,2,,,92.4315,99.0,10^-44.7237,,,,,,,,,,,,,,,,,,0
1865,2,1865,Actinoplanes,"",bacteria,false,,,,0.04934508122605,5,,,92.133,90.4,10^-39.5493,,,,,,0.07895212996168,8,,,86.975,27.5,10^-6.10883,,,,,"[2721544, 649831, 571912, 122358, 113559, 52697]",0
2721544,1,1865,Actinoplanes sp. NBRC 14428,"",bacteria,false,,,,0.01973803249042,2,,,93.939,99.0,10^-46.7822,,,,,,,,,,,,,,,,,,0
649831,1,1865,Actinoplanes sp. N902-109,"",bacteria,false,,,,0.00986901624521,1,,,86.905,84.0,10^-29.6989,,,,,,,,,,,,,,,,,,0
571912,1,1865,Actinoplanes tereljensis,"",bacteria,false,,,,,,,,,,,,,,,,0.03947606498084,4,,,90.0,30.0,10^-8.15369,,,,,,0
122358,1,1865,Actinoplanes ianthinogenes,"",bacteria,false,,,,0.01973803249042,2,,,92.941,85.0,10^-37.2418,,,,,,0.00986901624521,1,,,84.6,26.0,10^-4.37469,,,,,,0
113559,1,1865,Actinoplanes campanulatus,"",bacteria,false,,,,,,,,,,,,,,,,0.01973803249042,2,,,83.3,24.0,10^-3.75376,,,,,,0
52697,1,1865,Actinoplanes regularis,"",bacteria,false,,,,,,,,,,,,,,,,0.00986901624521,1,,,84.6,26.0,10^-4.37366,,,,,,0
1860,2,1860,Geodermatophilus,"",bacteria,false,,,,0.14803524367815,15,1,14,97.0171,210.933,10^-94.7444,,,,,,0.01973803249042,2,,,92.25,32.5,10^-11.2993,,,,,"[1190417, 1861]",0
1190417,1,1860,Geodermatophilus telluris,"",bacteria,false,,,,,,,,,,,,,,,,0.01973803249042,2,,,92.25,32.5,10^-11.2993,,,,,,0
1861,1,1860,Geodermatophilus obscurus,"",bacteria,false,,,,0.14803524367815,15,1,14,97.0171,210.933,10^-94.7444,,,,,,,,,,,,,,,,,,0
1854,2,1854,Frankia,"",bacteria,false,,,,0.00986901624521,1,,,97.03,101.0,10^-52.2629,,,,,,,,,,,,,,,,,[181582],0
181582,1,1854,uncultured Frankia sp.,"",bacteria,false,,,,0.00986901624521,1,,,97.03,101.0,10^-52.2629,,,,,,,,,,,,,,,,,,0
1847,2,1847,Pseudonocardia,"",bacteria,false,,,,0.05921409747126,6,,,99.4765,91.3333,10^-49.1054,,,,,,0.00986901624521,1,,,81.8,33.0,10^-10.1073,,,,,"[1688404, 445576, 240495, 60912, 33907]",0
1688404,1,1847,Pseudonocardia sp. EC080610-09,"",bacteria,false,,,,0.00986901624521,1,,,99.01,101.0,10^-55.0077,,,,,,,,,,,,,,,,,,0
445576,1,1847,Pseudonocardia sp. AL041005-10,"",bacteria,false,,,,0.00986901624521,1,,,100.0,84.0,10^-44.795,,,,,,,,,,,,,,,,,,0
240495,1,1847,Pseudonocardia dioxanivorans,"",bacteria,false,,,,0.00986901624521,1,,,97.849,93.0,10^-48.1817,,,,,,,,,,,,,,,,,,0
60912,1,1847,Pseudonocardia sp.,"",bacteria,false,,,,,,,,,,,,,,,,0.00986901624521,1,,,81.8,33.0,10^-10.1073,,,,,,0
33907,1,1847,Pseudonocardia alni,"",bacteria,false,,,,0.02960704873563,3,,,100.0,90.0,10^-48.8826,,,,,,,,,,,,,,,,,,0
1839,2,1839,Nocardioides,"",bacteria,false,,,,0.86847342957848,88,,,96.516,82.3068,10^-40.1506,,,,,,0.34541556858234995,35,,,90.9971,29.6,10^-8.62727,,,,,"[3036374, 2996826, 2931390, 2898796, 2895565, 2894081, 2872154, 2854259, 2849501, 2840457, 2829810, 2803858, 2763008, 2760705, 2758661, 2736757, 2714939, 2714938, 2685869, 2662361, 2653157, 2592334, 2588938, 2582905, 2575440, 2558918, 2518371, 2518370, 2500546, 2486272, 2483798, 2058780, 2045452, 2017486, 1774216, 1643322, 1588644, 1380388, 1168730, 1005945, 642780, 450734, 433659, 419476, 402596, 252230, 198441, 196162, 35761, 1841]",0
3036374,1,1839,Nocardioides sp. BP30,"",bacteria,false,,,,0.00986901624521,1,,,96.226,53.0,10^-20.9785,,,,,,,,,,,,,,,,,,0
2996826,1,1839,Nocardioides sp. Arc9.136,"",bacteria,false,,,,0.00986901624521,1,,,93.548,62.0,10^-24.3413,,,,,,,,,,,,,,,,,,0
2931390,1,1839,Nocardioides sp. W7,"",bacteria,false,,,,0.05921409747126,6,,,93.7285,70.6667,10^-30.4761,,,,,,,,,,,,,,,,,,0
2898796,1,1839,Nocardioides sp. cx-173,"",bacteria,false,,,,0.00986901624521,1,,,100.0,82.0,10^-43.433,,,,,,,,,,,,,,,,,,0
2895565,1,1839,Nocardioides sp. B-3,"",bacteria,false,,,,0.02960704873563,3,,,98.9543,97.0,10^-52.2807,,,,,,,,,,,,,,,,,,0
2894081,1,1839,Nocardioides okcheonensis,"",bacteria,false,,,,0.04934508122605,5,,,97.5162,83.4,10^-41.3834,,,,,,,,,,,,,,,,,,0
2872154,1,1839,Nocardioides coralli,"",bacteria,false,,,,0.01973803249042,2,,,95.745,94.0,10^-46.1185,,,,,,,,,,,,,,,,,,0
2854259,1,1839,Nocardioides carbamazepini,"",bacteria,false,,,,,,,,,,,,,,,,0.01973803249042,2,,,100.0,33.0,10^-11.6823,,,,,,0
2849501,1,1839,Nocardioides panacis,"",bacteria,false,,,,0.03947606498084,4,,,97.6315,94.75,10^-49.3772,,,,,,,,,,,,,,,,,,0
2840457,1,1839,Nocardioides sp. LMS-CY,"",bacteria,false,,,,0.03947606498084,4,,,96.3637,56.5,10^-24.0763,,,,,,,,,,,,,,,,,,0
2829810,1,1839,Nocardioides palaemonis,"",bacteria,false,,,,,,,,,,,,,,,,0.00986901624521,1,,,87.9,33.0,10^-10.6576,,,,,,0
2803858,1,1839,Nocardioides faecalis,"",bacteria,false,,,,0.00986901624521,1,,,96.25,80.0,10^-37.9543,,,,,,,,,,,,,,,,,,0
2763008,1,1839,Nocardioides sp. zg-1228,"",bacteria,false,,,,0.01973803249042,2,,,92.645,54.5,10^-19.2513,,,,,,,,,,,,,,,,,,0
2760705,1,1839,Nocardioides sp. InS609-2,"",bacteria,false,,,,0.01973803249042,2,,,92.355,65.5,10^-25.347,,,,,,,,,,,,,,,,,,0
2758661,1,1839,Nocardioides sp. OK12,"",bacteria,false,,,,,,,,,,,,,,,,0.00986901624521,1,,,87.0,23.0,10^-3.24489,,,,,,0
2736757,1,1839,Nocardioides campestrisoli,"",bacteria,false,,,,0.00986901624521,1,,,98.02,101.0,10^-53.6353,,,,,,,,,,,,,,,,,,0
2714939,1,1839,Nocardioides sp. HDW12B,"",bacteria,false,,,,0.05921409747126,6,,,95.9978,96.3333,10^-48.1674,,,,,,0.01973803249042,2,,,100.0,32.5,10^-13.4084,,,,,,0
2714938,1,1839,Nocardioides piscis,"",bacteria,false,,,,0.02960704873563,3,,,95.636,69.6667,10^-31.4012,,,,,,0.00986901624521,1,,,87.5,32.0,10^-10.6556,,,,,,0
2685869,1,1839,Nocardioides ochotonae,"",bacteria,false,,,,0.00986901624521,1,,,97.917,96.0,10^-50.2264,,,,,,,,,,,,,,,,,,0
2662361,1,1839,Nocardioides sp. dk884,"",bacteria,false,,,,0.00986901624521,1,,,96.04,101.0,10^-50.8906,,,,,,,,,,,,,,,,,,0
2653157,1,1839,Nocardioides sp. AX2bis,"",bacteria,false,,,,,,,,,,,,,,,,0.00986901624521,1,,,81.8,33.0,10^-9.03858,,,,,,0
2592334,1,1839,Nocardioides sp. JQ2195,"",bacteria,false,,,,0.00986901624521,1,,,99.0,100.0,10^-54.3258,,,,,,,,,,,,,,,,,,0
2588938,1,1839,Nocardioides caldifontis,"",bacteria,false,,,,,,,,,,,,,,,,0.00986901624521,1,,,100.0,33.0,10^-9.88606,,,,,,0
2582905,1,1839,Nocardioides sp. S-1144,"",bacteria,false,,,,0.03947606498084,4,,,97.292,54.0,10^-22.3454,,,,,,,,,,,,,,,,,,0
2575440,1,1839,Nocardioides jishulii,"",bacteria,false,,,,0.00986901624521,1,,,100.0,101.0,10^-56.3801,,,,,,,,,,,,,,,,,,0
2558918,1,1839,Nocardioides cynanchi,"",bacteria,false,,,,0.00986901624521,1,,,100.0,36.0,10^-12.226,,,,,,,,,,,,,,,,,,0
2518371,1,1839,Nocardioides seonyuensis,"",bacteria,false,,,,0.00986901624521,1,,,100.0,101.0,10^-56.3801,,,,,,0.00986901624521,1,,,100.0,29.0,10^-9.51004,,,,,,0
2518370,1,1839,Nocardioides euryhalodurans,"",bacteria,false,,,,0.03947606498084,4,,,96.25,54.0,10^-22.3578,,,,,,,,,,,,,,,,,,0
2500546,1,1839,Nocardioides yefusunii,"",bacteria,false,,,,0.03947606498084,4,,,99.1848,98.75,10^-53.817,,,,,,,,,,,,,,,,,,0
2486272,1,1839,Nocardioides sp. WS12,"",bacteria,false,,,,0.00986901624521,1,,,96.0,75.0,10^-34.5514,,,,,,,,,,,,,,,,,,0
2483798,1,1839,Nocardioides pantholopis,"",bacteria,false,,,,0.00986901624521,1,,,98.529,68.0,10^-32.5354,,,,,,,,,,,,,,,,,,0
2058780,1,1839,Nocardioides flavus (ex Wang et al. 2016),"",bacteria,false,,,,,,,,,,,,,,,,0.00986901624521,1,,,97.0,33.0,10^-12.4634,,,,,,0
2045452,1,1839,Nocardioides houyundeii,"",bacteria,false,,,,0.01973803249042,2,,,97.138,87.0,10^-43.4075,,,,,,,,,,,,,,,,,,0
2017486,1,1839,Nocardioides sp. S5,"",bacteria,false,,,,0.04934508122605,5,,,96.6638,96.8,10^-48.8525,,,,,,,,,,,,,,,,,,0
1774216,1,1839,Nocardioides rotundus,"",bacteria,false,,,,0.00986901624521,1,,,100.0,82.0,10^-43.433,,,,,,,,,,,,,,,,,,0
1643322,1,1839,Nocardioides ungokensis,"",bacteria,false,,,,0.01973803249042,2,,,97.03,101.0,10^-52.2629,,,,,,,,,,,,,,,,,,0
1588644,1,1839,Nocardioides deserti,"",bacteria,false,,,,,,,,,,,,,,,,0.05921409747126,6,,,87.0,24.0,10^-5.95735,,,,,,0
1380388,1,1839,Nocardioides sp. URHA0032,"",bacteria,false,,,,,,,,,,,,,,,,0.01973803249042,2,,,98.5,33.0,10^-11.4642,,,,,,0
1168730,1,1839,Nocardioides glacieisoli,"",bacteria,false,,,,,,,,,,,,,,,,0.00986901624521,1,,,81.8,33.0,10^-9.02365,,,,,,0
1005945,1,1839,Nocardioides psychrotolerans,"",bacteria,false,,,,,,,,,,,,,,,,0.00986901624521,1,,,93.8,32.0,10^-9.97062,,,,,,0
642780,1,1839,Nocardioides scoriae,"",bacteria,false,,,,0.04934508122605,5,,,98.206,100.4,10^-53.5007,,,,,,,,,,,,,,,,,,0
450734,1,1839,Nocardioides dokdonensis,"",bacteria,false,,,,0.01973803249042,2,,,88.1855,59.0,10^-18.1894,,,,,,,,,,,,,,,,,,0
433659,1,1839,Nocardioides mesophilus,"",bacteria,false,,,,0.03947606498084,4,,,97.525,101.0,10^-52.9491,,,,,,,,,,,,,,,,,,0
419476,1,1839,Nocardioides marinisabuli,"",bacteria,false,,,,0.00986901624521,1,,,100.0,101.0,10^-56.3801,,,,,,,,,,,,,,,,,,0
402596,1,1839,Nocardioides exalbidus,"",bacteria,false,,,,,,,,,,,,,,,,0.02960704873563,3,,,97.1333,26.0,10^-6.51288,,,,,,0
252230,1,1839,Nocardioides ganghwensis,"",bacteria,false,,,,,,,,,,,,,,,,0.00986901624521,1,,,100.0,33.0,10^-12.1643,,,,,,0
198441,1,1839,uncultured Nocardioides sp.,"",bacteria,false,,,,,,,,,,,,,,,,0.02960704873563,3,,,72.9,32.0,10^-6.30557,,,,,,0
196162,1,1839,Nocardioides sp. JS614,"",bacteria,false,,,,0.03947606498084,4,,,93.6588,85.25,10^-38.7869,,,,,,,,,,,,,,,,,,0
35761,1,1839,Nocardioides sp.,"",bacteria,false,,,,,,,,,,,,,,,,0.05921409747126,6,,,91.1667,30.3333,10^-8.61349,,,,,,0
1841,1,1839,Nocardioides albus,"",bacteria,false,,,,,,,,,,,,,,,,0.00986901624521,1,,,92.0,25.0,10^-6.34969,,,,,,0
1835,2,1835,Saccharopolyspora,"",bacteria,false,,,,0.03947606498084,4,,,97.4973,100.0,10^-52.2673,,,,,,0.00986901624521,1,,,70.8,24.0,10^-3.21753,,,,,"[33915, 1836]",0
33915,1,1835,Saccharopolyspora sp.,"",bacteria,false,,,,,,,,,,,,,,,,0.00986901624521,1,,,70.8,24.0,10^-3.21753,,,,,,0
1836,1,1835,Saccharopolyspora erythraea,"",bacteria,false,,,,0.03947606498084,4,,,97.4973,100.0,10^-52.2673,,,,,,,,,,,,,,,,,,0
1827,2,1827,Rhodococcus,"",bacteria,false,,,,0.27633245486588,28,,,97.2921,82.9286,10^-41.2914,,,,,,0.5625339259769699,57,1,33,87.2475,43.7368,10^-20.2529,,,,,"[2742603, 2499145, 1653478, 1150574, 334542, 260936, 191292, 103816, 37919, 1833, 1831, 1830, 1828]",0
2742603,1,1827,Rhodococcus sp. W8901,"",bacteria,false,,,,0.02960704873563,3,,,94.5613,96.6667,10^-46.1065,,,,,,,,,,,,,,,,,,0
2499145,1,1827,Rhodococcus sp. X156,"",bacteria,false,,,,0.01973803249042,2,,,91.667,36.0,10^-8.10892,,,,,,,,,,,,,,,,,,0
1653478,1,1827,Rhodococcus sp. PBTS 1,"",bacteria,false,,,,0.02960704873563,3,,,96.075,78.6667,10^-37.5272,,,,,,,,,,,,,,,,,,0
1150574,1,1827,Rhodococcus sp. MN8-9,"",bacteria,false,,,,0.01973803249042,2,,,94.253,87.0,10^-39.9764,,,,,,,,,,,,,,,,,,0
334542,1,1827,Rhodococcus qingshengii,"",bacteria,false,,,,0.03947606498084,4,,,99.5,71.75,10^-35.8095,,,,,,,,,,,,,,,,,,0
260936,1,1827,Rhodococcus sp. RD6.2,"",bacteria,false,,,,,,,,,,,,,,,,0.46384376352486995,47,1,33,86.5853,46.3404,10^-22.4776,,,,,,0
191292,1,1827,Rhodococcus aetherivorans,"",bacteria,false,,,,0.01973803249042,2,,,98.125,90.0,10^-46.8262,,,,,,,,,,,,,,,,,,0
103816,1,1827,Rhodococcus pyridinivorans,"",bacteria,false,,,,0.02960704873563,3,,,98.75,93.0,10^-49.0989,,,,,,,,,,,,,,,,,,0
37919,1,1827,Rhodococcus opacus,"",bacteria,false,,,,0.01973803249042,2,,,95.946,74.0,10^-33.871,,,,,,,,,,,,,,,,,,0
1833,1,1827,Rhodococcus erythropolis,"",bacteria,false,,,,0.01973803249042,2,,,100.0,95.0,10^-52.2895,,,,,,0.01973803249042,2,,,100.0,31.0,10^-10.8729,,,,,,0
1831,1,1827,Rhodococcus sp. (in: high G+C Gram-positive bacteria),"",bacteria,false,,,,0.01973803249042,2,,,100.0,100.0,10^-55.6982,,,,,,,,,,,,,,,,,,0
1830,1,1827,Rhodococcus ruber,"",bacteria,false,,,,0.00986901624521,1,,,98.039,102.0,10^-54.3172,,,,,,0.06908311371647,7,,,88.4571,31.5714,10^-9.80999,,,,,,0
1828,1,1827,Rhodococcus fascians,"",bacteria,false,,,,0.01973803249042,2,,,100.0,82.0,10^-43.433,,,,,,0.00986901624521,1,,,84.4,32.0,10^-7.54975,,,,,,0
1817,2,1817,Nocardia,"",bacteria,false,,,,0.07895212996168,8,,,97.8546,77.2857,10^-37.6833,,,,,,0.11842819494252,12,,,83.1833,31.0833,10^-8.34539,,,,,"[2755382, 259309, 135487, 37332, 37328, 1824, 1823]",2
2755382,1,1817,Nocardia huaxiensis,"",bacteria,false,,,,0.01973803249042,2,,,93.976,83.0,10^-37.2521,,,,,,,,,,,,,,,,,,0
259309,1,1817,uncultured Nocardia sp.,"",bacteria,false,,,,0.01973803249042,2,,,100.0,67.0,10^-33.228,,,,,,,,,,,,,,,,,,0
135487,1,1817,Nocardia cyriacigeorgica,"",bacteria,false,,,,,,,,,,,,,,,,0.03947606498084,4,,,76.2,31.75,10^-6.16012,,,,,,0
37332,1,1817,Nocardia seriolae,"",bacteria,false,,,,0.01973803249042,2,,,98.515,95.0,10^-50.2319,,,,,,0.00986901624521,1,,,82.1,28.0,10^-8.24033,,,,,,0
37328,1,1817,Nocardia carnea,"",bacteria,false,,,,,,,,,,,,,,,,0.01973803249042,2,,,84.8,33.0,10^-9.70115,,,,,,0
1824,1,1817,Nocardia asteroides,"",bacteria,false,,,,,,,,,,,,,,,,0.04934508122605,5,,,88.34,30.4,10^-9.57232,,,,,,1
1823,1,1817,Nocardia otitidiscaviarum,"",bacteria,false,,,,0.01973803249042,2,,,100.0,59.0,10^-27.7937,,,,,,,,,,,,,,,,,,1
1813,2,1813,Amycolatopsis,"",bacteria,false,,,,0.08882114620689,9,,,91.08,84.4444,10^-35.1921,,,,,,0.08882114620689,9,,,86.1778,28.3333,10^-6.49533,,,,,"[2919322, 2865832, 2842453, 941987, 715471, 342230, 185678, 129921, 37632, 33910]",0
2919322,1,1813,Amycolatopsis sp. EV170708-02-1,"",bacteria,false,,,,0.00986901624521,1,,,91.803,61.0,10^-22.2898,,,,,,,,,,,,,,,,,,0
2865832,1,1813,Amycolatopsis sp. DSM 110486,"",bacteria,false,,,,0.01973803249042,2,,,88.889,72.0,10^-25.6487,,,,,,,,,,,,,,,,,,0
2842453,1,1813,Amycolatopsis aidingensis,"",bacteria,false,,,,0.00986901624521,1,,,98.02,101.0,10^-53.6353,,,,,,,,,,,,,,,,,,0
941987,1,1813,Amycolatopsis bullii,"",bacteria,false,,,,,,,,,,,,,,,,0.05921409747126,6,,,84.6667,28.8333,10^-6.45716,,,,,,0
715471,1,1813,Amycolatopsis sp. 2-15,"",bacteria,false,,,,0.00986901624521,1,,,90.816,98.0,10^-41.9833,,,,,,,,,,,,,,,,,,0
342230,1,1813,Amycolatopsis taiwanensis,"",bacteria,false,,,,,,,,,,,,,,,,0.00986901624521,1,,,75.0,28.0,10^-4.94692,,,,,,0
185678,1,1813,Amycolatopsis viridis,"",bacteria,false,,,,,,,,,,,,,,,,0.01973803249042,2,,,96.3,27.0,10^-7.38405,,,,,,0
129921,1,1813,Amycolatopsis keratiniphila,"",bacteria,false,,,,0.00986901624521,1,,,87.013,77.0,10^-26.3057,,,,,,,,,,,,,,,,,,0
37632,1,1813,Amycolatopsis sp.,"",bacteria,false,,,,0.00986901624521,1,,,99.01,101.0,10^-55.0077,,,,,,,,,,,,,,,,,,0
33910,1,1813,Amycolatopsis mediterranei,"",bacteria,false,,,,0.01973803249042,2,,,87.64,89.0,10^-33.1047,,,,,,,,,,,,,,,,,,0
1763,2,1763,Mycobacterium,"",bacteria,false,,,,0.03947606498084,4,,,97.3295,91.5,10^-47.1666,,,,,,16.451650080765067,1667,1,1610,57.1239,190.303,10^-47.4431,,,,,"[1964395, 1547487, 1389713, 701043, 171292, 120959, 1809, 1785, 1773, 1769]",3
1964395,1,1763,Mycobacterium ahvazicum,"",bacteria,false,,,,,,,,,,,,,,,,15.898985171033308,1611,1,1610,56.144,195.892,10^-48.7778,,,,,,0
1547487,1,1763,Mycobacterium sp. ELW1,"",bacteria,false,,,,0.00986901624521,1,,,92.308,65.0,10^-25.0069,,,,,,,,,,,,,,,,,,0
1389713,1,1763,Mycobacterium paragordonae,"",bacteria,false,,,,0.00986901624521,1,,,99.01,101.0,10^-55.0077,,,,,,,,,,,,,,,,,,0
701043,1,1763,Mycobacterium timonense,"",bacteria,false,,,,,,,,,,,,,,,,0.01973803249042,2,,,82.25,27.0,10^-5.86775,,,,,,0
171292,1,1763,uncultured Mycobacterium sp.,"",bacteria,false,,,,,,,,,,,,,,,,0.18751130865899,19,,,80.8632,31.4211,10^-9.18431,,,,,,0
120959,1,1763,Mycobacterium kubicae,"",bacteria,false,,,,0.00986901624521,1,,,99.01,101.0,10^-55.0077,,,,,,,,,,,,,,,,,,0
1809,1,1763,Mycobacterium ulcerans,"",bacteria,false,,,,,,,,,,,,,,,,0.00986901624521,1,,,100.0,33.0,10^-15.1018,,,,,,1
1785,1,1763,Mycobacterium sp.,"",bacteria,false,,,,,,,,,,,,,,,,0.07895212996168,8,,,82.65,29.75,10^-7.73561,,,,,,0
1773,1,1763,Mycobacterium tuberculosis,"",bacteria,false,,,,0.00986901624521,1,,,98.99,99.0,10^-53.644,,,,,,0.24672540613024999,25,,,88.3435,31.8696,10^-10.2864,,,,,,1
1769,1,1763,Mycobacterium leprae,"",bacteria,false,,,,,,,,,,,,,,,,0.00986901624521,1,,,96.8,31.0,10^-10.6308,,,,,,1
1743,2,1743,Propionibacterium,"",bacteria,false,,,,0.01973803249042,2,,,98.515,74.0,10^-35.9606,,,,,,0.6809621209194899,69,1,22,82.1142,62.6377,10^-19.5043,,,,,"[1977903, 1962131, 1739486, 1739399, 1739277, 1403938, 1203633, 1203577, 1203574, 1203573, 1203572, 1203571, 556499, 1744]",0
1977903,1,1743,Propionibacterium sp.,"",bacteria,false,,,,,,,,,,,,,,,,0.07895212996168,8,,,98.8625,32.25,10^-10.0246,,,,,,0
1962131,1,1743,Propionibacterium ruminifibrarum,"",bacteria,false,,,,,,,,,,,,,,,,0.25659442237546,26,1,22,66.9453,115.269,10^-36.7384,,,,,,0
1739486,1,1743,Propionibacterium sp. HMSC067A01,"",bacteria,false,,,,,,,,,,,,,,,,0.00986901624521,1,,,100.0,33.0,10^-12.9547,,,,,,0
1739399,1,1743,Propionibacterium sp. HMSC067A02,"",bacteria,false,,,,,,,,,,,,,,,,0.00986901624521,1,,,100.0,32.0,10^-11.3279,,,,,,0
1739277,1,1743,Propionibacterium sp. HMSC078F01,"",bacteria,false,,,,,,,,,,,,,,,,0.00986901624521,1,,,100.0,27.0,10^-9.38934,,,,,,0
1403938,1,1743,Propionibacterium sp. DORA_15,"",bacteria,false,,,,,,,,,,,,,,,,0.02960704873563,3,,,91.6667,22.6667,10^-6.17586,,,,,,0
1203633,1,1743,Propionibacterium sp. KPL2005,"",bacteria,false,,,,,,,,,,,,,,,,0.00986901624521,1,,,100.0,33.0,10^-11.7399,,,,,,0
1203577,1,1743,Propionibacterium sp. KPL1854,"",bacteria,false,,,,,,,,,,,,,,,,0.00986901624521,1,,,97.0,33.0,10^-10.4622,,,,,,0
1203574,1,1743,Propionibacterium sp. KPL1847,"",bacteria,false,,,,,,,,,,,,,,,,0.03947606498084,4,,,95.225,32.25,10^-11.945,,,,,,0
1203573,1,1743,Propionibacterium sp. KPL1844,"",bacteria,false,,,,,,,,,,,,,,,,0.01973803249042,2,,,100.0,32.0,10^-9.90454,,,,,,0
1203572,1,1743,Propionibacterium sp. KPL1838,"",bacteria,false,,,,,,,,,,,,,,,,0.00986901624521,1,,,93.9,33.0,10^-9.55909,,,,,,0
1203571,1,1743,Propionibacterium sp. HGH0353,"",bacteria,false,,,,,,,,,,,,,,,,0.01973803249042,2,,,93.1,29.0,10^-11.2541,,,,,,0
556499,1,1743,Propionibacterium acidifaciens,"",bacteria,false,,,,0.00986901624521,1,,,97.03,101.0,10^-52.2629,,,,,,,,,,,,,,,,,,0
1744,1,1743,Propionibacterium freudenreichii,"",bacteria,false,,,,0.00986901624521,1,,,100.0,47.0,10^-19.6583,,,,,,0.17764229241378,18,,,83.4111,30.9444,10^-7.57449,,,,,,0
1730,2,1730,Eubacterium,"",bacteria,false,,,,0.01973803249042,2,,,93.0395,100.0,10^-46.0916,,,,,,0.06908311371647,7,,,76.1857,30.8571,10^-7.47385,,,,,"[712282, 165185, 39496]",0
712282,1,1730,Eubacterium sp. oral taxon G75,"",bacteria,false,,,,0.00986901624521,1,,,96.97,99.0,10^-50.8993,,,,,,,,,,,,,,,,,,0
165185,1,1730,uncultured Eubacterium sp.,"",bacteria,false,,,,0.00986901624521,1,,,89.109,101.0,10^-41.284,,,,,,,,,,,,,,,,,,0
39496,1,1730,Eubacterium ventriosum,"",bacteria,false,,,,,,,,,,,,,,,,0.06908311371647,7,,,76.1857,30.8571,10^-7.47385,,,,,,0
1716,2,1716,Corynebacterium,"",bacteria,false,,,,7.382024151417079,748,8,282,98.0675,185.345,10^-102.805,,,,,,5.09241238252836,516,4,127,91.9625,43.9217,10^-15.8207,,,,,"[3050216, 3050209, 3050200, 3046344, 3017361, 2943490, 2918201, 2918200, 2918195, 2916726, 2913503, 2913500, 2913497, 2866575, 2828363, 2823891, 2804917, 2778078, 2754725, 2719119, 2675218, 2488819, 2044578, 1979527, 1852390, 1737425, 1715135, 1581119, 1581090, 1487956, 1414719, 1288393, 1232427, 1231000, 1223514, 1203566, 1203563, 598660, 441501, 401472, 373068, 322009, 258224, 169292, 163202, 161899, 161879, 159447, 152794, 146827, 134034, 61592, 53374, 43771, 43770, 43769, 43768, 43765, 39791, 38304, 38303, 38301, 38290, 38289, 38286, 38284, 37637, 36808, 1727, 1720, 1719, 1717, 1705]",3
3050216,1,1716,Corynebacterium sp. MSK195,"",bacteria,false,,,,,,,,,,,,,,,,0.01973803249042,2,,,88.5,34.0,10^-6.96482,,,,,,0
3050209,1,1716,Corynebacterium sp. MSK150,"",bacteria,false,,,,,,,,,,,,,,,,0.01973803249042,2,,,100.0,27.0,10^-7.88941,,,,,,0
3050200,1,1716,Corynebacterium sp. MSK078,"",bacteria,false,,,,,,,,,,,,,,,,0.00986901624521,1,,,100.0,33.0,10^-12.5258,,,,,,0
3046344,1,1716,Corynebacterium sp. UMB0012,"",bacteria,false,,,,,,,,,,,,,,,,0.00986901624521,1,,,93.8,32.0,10^-5.08092,,,,,,0
3017361,1,1716,Corynebacterium sp. SCR221107,"",bacteria,false,,,,0.01973803249042,2,,,100.0,100.5,10^-56.0391,,,,,,0.03947606498084,4,,,100.0,33.0,10^-12.2802,,,,,,0
2943490,1,1716,Corynebacterium stercoris,"",bacteria,false,,,,,,,,,,,,,,,,0.00986901624521,1,,,97.0,33.0,10^-15.6635,,,,,,0
2918201,1,1716,Corynebacterium sp. ACRPQ,"",bacteria,false,,,,,,,,,,,,,,,,0.01973803249042,2,,,100.0,32.5,10^-10.9633,,,,,,0
2918200,1,1716,Corynebacterium sp. ACRPO,"",bacteria,false,,,,,,,,,,,,,,,,0.00986901624521,1,,,100.0,33.0,10^-13.0232,,,,,,0
2918195,1,1716,Corynebacterium sp. ACRQP,"",bacteria,false,,,,,,,,,,,,,,,,0.00986901624521,1,,,100.0,33.0,10^-10.2472,,,,,,0
2916726,1,1716,Corynebacterium sp. BWA136,"",bacteria,false,,,,,,,,,,,,,,,,0.02960704873563,3,,,100.0,32.6667,10^-10.3851,,,,,,0
2913503,1,1716,Corynebacterium marquesiae,"",bacteria,false,,,,,,,,,,,,,,,,0.13816622743294,14,,,99.35,32.4286,10^-12.0328,,,,,,0
2913500,1,1716,Corynebacterium curieae,"",bacteria,false,,,,,,,,,,,,,,,,0.01973803249042,2,,,100.0,32.5,10^-10.3228,,,,,,0
2913497,1,1716,Corynebacterium lehmanniae,"",bacteria,false,,,,,,,,,,,,,,,,0.00986901624521,1,,,100.0,32.0,10^-12.4389,,,,,,0
2866575,1,1716,Corynebacterium sp. Marseille-P4611,"",bacteria,false,,,,,,,,,,,,,,,,0.01973803249042,2,,,100.0,33.0,10^-9.92931,,,,,,0
2828363,1,1716,Corynebacterium parakroppenstedtii,"",bacteria,false,,,,,,,,,,,,,,,,0.04934508122605,5,,,96.36,32.8,10^-12.005,,,,,,0
2823891,1,1716,Corynebacterium sp. CCUG 70398,"",bacteria,false,,,,,,,,,,,,,,,,0.00986901624521,1,,,97.0,33.0,10^-15.4461,,,,,,0
2804917,1,1716,Corynebacterium pseudokroppenstedtii,"",bacteria,false,,,,,,,,,,,,,,,,0.02960704873563,3,,,97.9667,32.6667,10^-11.9098,,,,,,0
2778078,1,1716,Corynebacterium sp. FDAARGOS 1242,"",bacteria,false,,,,0.01973803249042,2,,,95.0,100.0,10^-48.8363,,,,,,0.01973803249042,2,,,100.0,32.5,10^-11.0763,,,,,,0
2754725,1,1716,Corynebacterium incognita,"",bacteria,false,,,,0.01973803249042,2,,,98.947,95.0,10^-50.9172,,,,,,,,,,,,,,,,,,0
2719119,1,1716,Corynebacterium rouxii,"",bacteria,false,,,,,,,,,,,,,,,,0.8487353970880599,86,2,55,79.4832,56.7059,10^-19.4618,,,,,,0
2675218,1,1716,Corynebacterium comes,"",bacteria,false,,,,0.00986901624521,1,,,99.01,101.0,10^-55.0077,,,,,,,,,,,,,,,,,,0
2488819,1,1716,Corynebacterium endometrii,"",bacteria,false,,,,,,,,,,,,,,,,0.00986901624521,1,,,100.0,33.0,10^-12.8416,,,,,,0
2044578,1,1716,Corynebacterium sp. LK29,"",bacteria,false,,,,,,,,,,,,,,,,0.02960704873563,3,,,89.1333,24.0,10^-6.572,,,,,,0
1979527,1,1716,Corynebacterium kefirresidentii,"",bacteria,false,,,,0.08882114620689,9,,,94.136,86.0,10^-38.6266,,,,,,0.12829721118773,13,,,99.7154,28.8462,10^-8.59271,,,,,,0
1852390,1,1716,Corynebacterium fournieri,"",bacteria,false,,,,0.01973803249042,2,,,99.0,100.0,10^-54.3258,,,,,,0.00986901624521,1,,,100.0,33.0,10^-10.383,,,,,,0
1737425,1,1716,Corynebacterium provencense,"",bacteria,false,,,,0.01973803249042,2,,,87.5,96.0,10^-36.5027,,,,,,,,,,,,,,,,,,0
1715135,1,1716,Corynebacterium sp. HMSC034B08,"",bacteria,false,,,,,,,,,,,,,,,,0.00986901624521,1,,,77.4,31.0,10^-3.68194,,,,,,0
1581119,1,1716,Corynebacterium sp. HMSC05H05,"",bacteria,false,,,,,,,,,,,,,,,,0.00986901624521,1,,,100.0,33.0,10^-13.4989,,,,,,0
1581090,1,1716,Corynebacterium sp. HMSC11H10,"",bacteria,false,,,,,,,,,,,,,,,,0.01973803249042,2,,,100.0,30.0,10^-9.70333,,,,,,0
1487956,1,1716,Corynebacterium sp. ATCC 6931,"",bacteria,false,,,,0.01973803249042,2,,,100.0,80.0,10^-41.3992,,,,,,,,,,,,,,,,,,0
1414719,1,1716,Corynebacterium jeddahense,"",bacteria,false,,,,0.01973803249042,2,,,95.859,98.5,10^-49.1861,,,,,,,,,,,,,,,,,,0
1288393,1,1716,Corynebacterium pilbarense,"",bacteria,false,,,,,,,,,,,,,,,,0.01973803249042,2,,,86.4,22.0,10^-4.32148,,,,,,0
1232427,1,1716,Corynebacterium ihumii,"",bacteria,false,,,,0.10855917869731,11,,,97.3529,100.091,10^-52.1422,,,,,,,,,,,,,,,,,,0
1231000,1,1716,Corynebacterium lactis,"",bacteria,false,,,,0.00986901624521,1,,,96.0,100.0,10^-50.2087,,,,,,,,,,,,,,,,,,0
1223514,1,1716,Corynebacterium humireducens,"",bacteria,false,,,,0.00986901624521,1,,,90.0,100.0,10^-41.9745,,,,,,,,,,,,,,,,,,0
1203566,1,1716,Corynebacterium sp. KPL1859,"",bacteria,false,,,,,,,,,,,,,,,,0.00986901624521,1,,,100.0,33.0,10^-13.3363,,,,,,0
1203563,1,1716,Corynebacterium sp. KPL1856,"",bacteria,false,,,,,,,,,,,,,,,,0.00986901624521,1,,,97.0,33.0,10^-10.399,,,,,,0
598660,1,1716,Corynebacterium pyruviciproducens,"",bacteria,false,,,,,,,,,,,,,,,,0.04934508122605,5,,,100.0,32.6,10^-12.0816,,,,,,0
441501,1,1716,Corynebacterium massiliense,"",bacteria,false,,,,0.02960704873563,3,,,99.34,100.667,10^-55.2379,,,,,,0.01973803249042,2,,,98.5,33.0,10^-12.7301,,,,,,0
401472,1,1716,Corynebacterium ureicelerivorans,"",bacteria,false,,,,0.03947606498084,4,,,97.5098,100.75,10^-52.7787,,,,,,,,,,,,,,,,,,0
373068,1,1716,Corynebacterium sp. L2-79-05,"",bacteria,false,,,,0.00986901624521,1,,,100.0,101.0,10^-56.3801,,,,,,,,,,,,,,,,,,0
322009,1,1716,Corynebacterium cyclohexanicum,"",bacteria,false,,,,0.01973803249042,2,,,93.9025,41.0,10^-12.1696,,,,,,,,,,,,,,,,,,0
258224,1,1716,Corynebacterium resistens,"",bacteria,false,,,,0.01973803249042,2,,,100.0,100.5,10^-56.0391,,,,,,,,,,,,,,,,,,0
169292,1,1716,Corynebacterium aurimucosum,"",bacteria,false,,,,0.02960704873563,3,,,96.751,101.667,10^-52.2601,,,,,,0.00986901624521,1,,,100.0,33.0,10^-12.5513,,,,,,0
163202,1,1716,Corynebacterium appendicis,"",bacteria,false,,,,0.01973803249042,2,,,99.0,100.5,10^-54.6668,,,,,,,,,,,,,,,,,,0
161899,1,1716,Corynebacterium singulare,"",bacteria,false,,,,0.01973803249042,2,,,100.0,91.0,10^-49.5635,,,,,,,,,,,,,,,,,,0
161879,1,1716,Corynebacterium kroppenstedtii,"",bacteria,false,,,,0.5230578609961299,53,,,96.8009,95.7358,10^-48.4696,,,,,,0.16777327616857,17,,,98.6,30.5882,10^-10.6186,,,,,,0
159447,1,1716,uncultured Corynebacterium sp.,"",bacteria,false,,,,,,,,,,,,,,,,0.36515360107276995,37,,,98.4459,30.4324,10^-9.28675,,,,,,0
152794,1,1716,Corynebacterium efficiens,"",bacteria,false,,,,,,,,,,,,,,,,0.27633245486588,28,1,25,67.5714,92.5357,10^-31.0891,,,,,,0
146827,1,1716,Corynebacterium simulans,"",bacteria,false,,,,0.01973803249042,2,,,100.0,101.0,10^-56.3801,,,,,,0.00986901624521,1,,,100.0,32.0,10^-9.43415,,,,,,0
134034,1,1716,Corynebacterium freneyi,"",bacteria,false,,,,0.00986901624521,1,,,99.0,100.0,10^-54.3258,,,,,,0.00986901624521,1,,,100.0,33.0,10^-11.466,,,,,,0
61592,1,1716,Corynebacterium durum,"",bacteria,false,,,,0.0986901624521,10,,,98.7988,100.0,10^-54.0514,,,,,,0.03947606498084,4,,,97.975,27.5,10^-6.78553,,,,,,0
53374,1,1716,Corynebacterium coyleae,"",bacteria,false,,,,0.00986901624521,1,,,100.0,100.0,10^-55.6982,,,,,,0.01973803249042,2,,,86.35,33.0,10^-8.98281,,,,,,0
43771,1,1716,Corynebacterium urealyticum,"",bacteria,false,,,,,,,,,,,,,,,,0.03947606498084,4,,,100.0,30.75,10^-12.3296,,,,,,0
43770,1,1716,Corynebacterium striatum,"",bacteria,false,,,,0.14803524367815,15,,,99.802,97.2,10^-53.5153,,,,,,0.20724934114941,21,,,92.8381,30.1905,10^-9.55423,,,,,,1
43769,1,1716,Corynebacterium propinquum,"",bacteria,false,,,,0.00986901624521,1,,,100.0,100.0,10^-55.6982,,,,,,0.01973803249042,2,,,96.9,32.5,10^-13.1055,,,,,,0
43768,1,1716,Corynebacterium matruchotii,"",bacteria,false,,,,0.17764229241378,18,,,98.3013,91.9444,10^-47.9984,,,,,,0.06908311371647,7,,,96.1,28.0,10^-8.29025,,,,,,0
43765,1,1716,Corynebacterium amycolatum,"",bacteria,false,,,,0.20724934114941,21,,,99.9043,93.2857,10^-50.9296,,,,,,0.03947606498084,4,,,99.25,26.25,10^-7.86102,,,,,,0
39791,1,1716,Corynebacterium glucuronolyticum,"",bacteria,false,,,,0.34541556858234995,35,,,98.0393,91.3143,10^-47.3174,,,,,,0.11842819494252,12,,,98.3,30.0833,10^-9.50794,,,,,,0
38304,1,1716,Corynebacterium tuberculostearicum,"",bacteria,false,,,,4.69765173271996,476,7,278,98.2328,237.7,10^-134.032,,,,,,0.7007001534099099,71,,,99.1535,30.5634,10^-9.96238,,,,,,0
38303,1,1716,Corynebacterium pseudogenitalium,"",bacteria,false,,,,0.00986901624521,1,,,100.0,101.0,10^-56.3801,,,,,,0.7599142508811699,77,1,47,92.5723,69.0959,10^-31.7314,,,,,,0
38301,1,1716,Corynebacterium minutissimum,"",bacteria,false,,,,0.02960704873563,3,,,98.6667,83.3333,10^-42.9727,,,,,,,,,,,,,,,,,,1
38290,1,1716,Corynebacterium macginleyi,"",bacteria,false,,,,0.00986901624521,1,,,99.0,100.0,10^-54.3258,,,,,,,,,,,,,,,,,,0
38289,1,1716,Corynebacterium jeikeium,"",bacteria,false,,,,0.08882114620689,9,1,4,95.6792,118.889,10^-50.6964,,,,,,0.01973803249042,2,,,100.0,33.0,10^-10.7944,,,,,,0
38286,1,1716,Corynebacterium afermentans,"",bacteria,false,,,,0.24672540613024999,25,,,98.0122,94.12,10^-48.95,,,,,,0.18751130865899,19,,,99.6737,31.4211,10^-10.4028,,,,,,0
38284,1,1716,Corynebacterium accolens,"",bacteria,false,,,,0.04934508122605,5,,,96.814,93.6,10^-46.9498,,,,,,0.11842819494252,12,,,96.6167,31.75,10^-11.7217,,,,,,0
37637,1,1716,Corynebacterium pseudodiphtheriticum,"",bacteria,false,,,,0.01973803249042,2,,,93.8765,98.0,10^-46.1004,,,,,,0.00986901624521,1,,,93.5,31.0,10^-13.2684,,,,,,0
36808,1,1716,Corynebacterium bovis,"",bacteria,false,,,,0.02960704873563,3,,,100.0,97.0,10^-53.6529,,,,,,0.01973803249042,2,,,100.0,31.0,10^-12.1871,,,,,,0
1727,1,1716,Corynebacterium variabile,"",bacteria,false,,,,0.01973803249042,2,,,100.0,46.0,10^-18.9814,,,,,,0.00986901624521,1,,,100.0,24.0,10^-8.69465,,,,,,0
1720,1,1716,Corynebacterium sp.,"",bacteria,false,,,,,,,,,,,,,,,,0.00986901624521,1,,,97.0,33.0,10^-8.61439,,,,,,0
1719,1,1716,Corynebacterium pseudotuberculosis,"",bacteria,false,,,,0.01973803249042,2,,,100.0,39.0,10^-14.2498,,,,,,,,,,,,,,,,,,0
1717,1,1716,Corynebacterium diphtheriae,"",bacteria,false,,,,0.03947606498084,4,,,96.535,101.0,10^-51.5768,,,,,,0.21711835739462,22,,,85.8227,31.2273,10^-8.45148,,,,,,1
1705,1,1716,Corynebacterium stationis,"",bacteria,false,,,,0.01973803249042,2,,,97.619,84.0,10^-42.0502,,,,,,,,,,,,,,,,,,0
1707,2,1707,Cellulomonas,"",bacteria,false,,,,0.05921409747126,6,,,97.451,98.0,10^-50.904,,,,,,0.02960704873563,3,,,100.0,31.3333,10^-9.91428,,,,,"[2904790, 2871170, 2591145, 557905]",0
2904790,1,1707,Cellulomonas sp. S1-8,"",bacteria,false,,,,0.01973803249042,2,,,97.849,93.0,10^-48.1817,,,,,,0.01973803249042,2,,,100.0,31.0,10^-9.37572,,,,,,0
2871170,1,1707,Cellulomonas sp. C5510,"",bacteria,false,,,,0.01973803249042,2,,,97.0295,101.0,10^-52.2629,,,,,,,,,,,,,,,,,,0
2591145,1,1707,Cellulomonas sp. Y8,"",bacteria,false,,,,0.00986901624521,1,,,94.949,99.0,10^-48.1545,,,,,,0.00986901624521,1,,,100.0,32.0,10^-10.9914,,,,,,0
557905,1,1707,Cellulomonas sp. RCML-44,"",bacteria,false,,,,0.00986901624521,1,,,100.0,101.0,10^-56.3801,,,,,,,,,,,,,,,,,,0
1696,2,1696,Brevibacterium,"",bacteria,false,,,,0.10855917869731,11,,,98.3751,80.4444,10^-41.1736,,,,,,0.11842819494252,12,,,97.025,31.3333,10^-10.0617,,,,,"[2918183, 2823518, 2583238, 2575923, 2502198, 189678, 170994, 33889]",0
2918183,1,1696,Brevibacterium sp. ACRRH,"",bacteria,false,,,,,,,,,,,,,,,,0.03947606498084,4,,,96.575,29.5,10^-8.38279,,,,,,0
2823518,1,1696,Brevibacterium sp. W7.2,"",bacteria,false,,,,0.00986901624521,1,,,96.078,51.0,10^-19.6228,,,,,,,,,,,,,,,,,,0
2583238,1,1696,Brevibacterium sp. XM4083,"",bacteria,false,,,,,,,,,,,,,,,,0.00986901624521,1,,,96.4,28.0,10^-7.66959,,,,,,0
2575923,1,1696,Brevibacterium sp. CS2,"",bacteria,false,,,,0.07895212996168,8,,,98.87,86.8333,10^-45.8227,,,,,,,,,,,,,,,,,,0
2502198,1,1696,Brevibacterium sp. 2SA,"",bacteria,false,,,,,,,,,,,,,,,,0.00986901624521,1,,,93.9,33.0,10^-9.70553,,,,,,0
189678,1,1696,uncultured Brevibacterium sp.,"",bacteria,false,,,,,,,,,,,,,,,,0.03947606498084,4,,,100.0,33.0,10^-12.088,,,,,,0
170994,1,1696,Brevibacterium paucivorans,"",bacteria,false,,,,,,,,,,,,,,,,0.01973803249042,2,,,93.85,32.5,10^-10.7411,,,,,,0
33889,1,1696,Brevibacterium casei,"",bacteria,false,,,,0.01973803249042,2,,,98.039,76.0,10^-38.0014,,,,,,,,,,,,,,,,,,0
1678,2,1678,Bifidobacterium,"",bacteria,false,,,,,,,,,,,,,,,,0.20724934114941,21,,,80.0429,30.0476,10^-6.1604,,,,,"[2306976, 1984871, 1630172, 216816, 28026, 28025, 1694, 1681, 1680]",0
2306976,1,1678,Bifidobacterium dolichotidis,"",bacteria,false,,,,,,,,,,,,,,,,0.01973803249042,2,,,100.0,24.0,10^-6.08672,,,,,,0
1984871,1,1678,Bifidobacterium vansinderenii,"",bacteria,false,,,,,,,,,,,,,,,,0.01973803249042,2,,,81.55,29.0,10^-6.43596,,,,,,0
1630172,1,1678,Bifidobacterium hapali,"",bacteria,false,,,,,,,,,,,,,,,,0.00986901624521,1,,,75.0,32.0,10^-5.67162,,,,,,0
216816,1,1678,Bifidobacterium longum,"",bacteria,false,,,,,,,,,,,,,,,,0.05921409747126,6,,,75.5833,31.3333,10^-5.37723,,,,,,0
28026,1,1678,Bifidobacterium pseudocatenulatum,"",bacteria,false,,,,,,,,,,,,,,,,0.00986901624521,1,,,84.6,26.0,10^-6.61979,,,,,,0
28025,1,1678,Bifidobacterium animalis,"",bacteria,false,,,,,,,,,,,,,,,,0.00986901624521,1,,,87.9,33.0,10^-11.1385,,,,,,0
1694,1,1678,Bifidobacterium pseudolongum,"",bacteria,false,,,,,,,,,,,,,,,,0.00986901624521,1,,,68.8,32.0,10^-4.5157,,,,,,0
1681,1,1678,Bifidobacterium bifidum,"",bacteria,false,,,,,,,,,,,,,,,,0.00986901624521,1,,,67.7,31.0,10^-5.68825,,,,,,0
1680,1,1678,Bifidobacterium adolescentis,"",bacteria,false,,,,,,,,,,,,,,,,0.05921409747126,6,,,80.05,30.5,10^-6.4043,,,,,,0
1663,2,1663,Arthrobacter,"",bacteria,false,,,,0.18751130865899,19,,,96.1634,80.8947,10^-38.5772,,,,,,0.16777327616857,17,,,89.6588,29.1176,10^-8.84943,,,,,"[3047074, 3021713, 2886936, 2830998, 2830995, 2830993, 2653130, 2292263, 1690248, 1571833, 1449044, 1258893, 1258888, 904039, 290399, 269454, 37921]",0
3047074,1,1663,Arthrobacter sp. KFRI-F3372,"",bacteria,false,,,,0.01973803249042,2,,,100.0,101.0,10^-56.3801,,,,,,,,,,,,,,,,,,0
3021713,1,1663,Arthrobacter sp. OVS8,"",bacteria,false,,,,0.00986901624521,1,,,100.0,101.0,10^-56.3801,,,,,,,,,,,,,,,,,,0
2886936,1,1663,Arthrobacter zhangbolii,"",bacteria,false,,,,0.01973803249042,2,,,94.5735,101.5,10^-49.173,,,,,,,,,,,,,,,,,,0
2830998,1,1663,Arthrobacter sp. NicSoilB8,"",bacteria,false,,,,0.01973803249042,2,,,91.525,59.0,10^-20.9319,,,,,,,,,,,,,,,,,,0
2830995,1,1663,Arthrobacter sp. StoSoilB20,"",bacteria,false,,,,0.01973803249042,2,,,98.958,96.0,10^-51.5988,,,,,,,,,,,,,,,,,,0
2830993,1,1663,Arthrobacter sp. StoSoilB13,"",bacteria,false,,,,0.01973803249042,2,,,90.909,77.0,10^-30.4228,,,,,,,,,,,,,,,,,,0
2653130,1,1663,Arthrobacter sp. 8AJ,"",bacteria,false,,,,,,,,,,,,,,,,0.03947606498084,4,,,87.475,27.75,10^-6.69004,,,,,,0
2292263,1,1663,Arthrobacter sp. RT-1,"",bacteria,false,,,,,,,,,,,,,,,,0.03947606498084,4,,,85.225,31.25,10^-7.79062,,,,,,0
1690248,1,1663,Arthrobacter sp. LS16,"",bacteria,false,,,,0.01973803249042,2,,,100.0,48.5,10^-20.6745,,,,,,,,,,,,,,,,,,0
1571833,1,1663,Arthrobacter sp. MN05-02,"",bacteria,false,,,,0.00986901624521,1,,,94.03,67.0,10^-27.7385,,,,,,,,,,,,,,,,,,0
1449044,1,1663,Arthrobacter sp. UNC362MFTsu5.1,"",bacteria,false,,,,,,,,,,,,,,,,0.00986901624521,1,,,100.0,33.0,10^-13.7852,,,,,,0
1258893,1,1663,Arthrobacter ruber,"",bacteria,false,,,,,,,,,,,,,,,,0.01973803249042,2,,,100.0,22.0,10^-6.26043,,,,,,0
1258888,1,1663,Arthrobacter cheniae,"",bacteria,false,,,,,,,,,,,,,,,,0.03947606498084,4,,,83.35,33.0,10^-12.7809,,,,,,0
904039,1,1663,Arthrobacter sp. NEB 688,"",bacteria,false,,,,0.01973803249042,2,,,98.507,67.0,10^-31.8556,,,,,,,,,,,,,,,,,,0
290399,1,1663,Arthrobacter sp. FB24,"",bacteria,false,,,,0.01973803249042,2,,,95.0495,101.0,10^-49.5182,,,,,,,,,,,,,,,,,,0
269454,1,1663,Arthrobacter sp. 35/47,"",bacteria,false,,,,,,,,,,,,,,,,0.01973803249042,2,,,100.0,25.0,10^-7.54403,,,,,,0
37921,1,1663,Arthrobacter agilis,"",bacteria,false,,,,0.00986901624521,1,,,94.03,67.0,10^-27.7385,,,,,,,,,,,,,,,,,,0
1654,2,1654,Actinomyces,"",bacteria,false,,,,0.71056916965512,72,,,97.5927,87.6,10^-44.4177,,,,,,0.5822719584673899,59,,,95.1186,30.339,10^-9.6137,,,,,"[2789425, 2708342, 2708340, 2560010, 2083009, 2081702, 1960083, 1673722, 1522002, 936548, 712122, 712119, 712117, 712116, 706438, 653385, 649739, 544581, 544580, 461393, 272548, 249061, 55565, 1656, 1655]",0
2789425,1,1654,Actinomyces sp. HMT 175,"",bacteria,false,,,,0.00986901624521,1,,,90.099,101.0,10^-42.6564,,,,,,,,,,,,,,,,,,0
2708342,1,1654,Actinomyces sp. ZJ308,"",bacteria,false,,,,,,,,,,,,,,,,0.00986901624521,1,,,100.0,33.0,10^-13.8153,,,,,,0
2708340,1,1654,Actinomyces sp. zg-332,"",bacteria,false,,,,0.00986901624521,1,,,88.679,53.0,10^-15.489,,,,,,,,,,,,,,,,,,0
2560010,1,1654,Actinomyces procaprae,"",bacteria,false,,,,0.01973803249042,2,,,93.182,44.0,10^-13.5113,,,,,,,,,,,,,,,,,,0
2083009,1,1654,Actinomyces sp. Marseille-P3109,"",bacteria,false,,,,,,,,,,,,,,,,0.01973803249042,2,,,84.4,32.0,10^-9.72667,,,,,,0
2081702,1,1654,Actinomyces sp. oral taxon 897,"",bacteria,false,,,,0.03947606498084,4,,,100.0,101.0,10^-56.3801,,,,,,,,,,,,,,,,,,0
1960083,1,1654,Actinomyces gaoshouyii,"",bacteria,false,,,,0.00986901624521,1,,,100.0,101.0,10^-56.3801,,,,,,0.00986901624521,1,,,100.0,32.0,10^-9.30892,,,,,,0
1673722,1,1654,Actinomyces ihuae,"",bacteria,false,,,,,,,,,,,,,,,,0.01973803249042,2,,,100.0,33.0,10^-15.4353,,,,,,0
1522002,1,1654,Actinomyces succiniciruminis,"",bacteria,false,,,,,,,,,,,,,,,,0.00986901624521,1,,,72.7,33.0,10^-5.82102,,,,,,0
936548,1,1654,Actinomyces sp. ICM47,"",bacteria,false,,,,,,,,,,,,,,,,0.02960704873563,3,,,100.0,33.0,10^-10.4704,,,,,,0
712122,1,1654,Actinomyces sp. oral taxon 414,"",bacteria,false,,,,0.05921409747126,6,,,97.6882,100.833,10^-53.0642,,,,,,0.01973803249042,2,,,98.5,33.0,10^-12.3237,,,,,,0
712119,1,1654,Actinomyces sp. oral taxon 175,"",bacteria,false,,,,,,,,,,,,,,,,0.01973803249042,2,,,96.7,30.0,10^-11.0531,,,,,,0
712117,1,1654,Actinomyces sp. oral taxon 170,"",bacteria,false,,,,,,,,,,,,,,,,0.00986901624521,1,,,100.0,33.0,10^-11.4634,,,,,,0
712116,1,1654,Actinomyces sp. oral taxon 169,"",bacteria,false,,,,0.11842819494252,12,,,97.5576,84.3333,10^-41.8344,,,,,,,,,,,,,,,,,,0
706438,1,1654,Actinomyces sp. oral taxon 171,"",bacteria,false,,,,0.07895212996168,8,,,98.7083,90.75,10^-48.0242,,,,,,0.01973803249042,2,,,100.0,33.0,10^-11.7883,,,,,,0
653385,1,1654,Actinomyces sp. oral taxon 849,"",bacteria,false,,,,,,,,,,,,,,,,0.00986901624521,1,,,100.0,32.0,10^-11.9547,,,,,,0
649739,1,1654,Actinomyces sp. oral taxon 848,"",bacteria,false,,,,0.03947606498084,4,,,95.9725,95.0,10^-46.8009,,,,,,0.00986901624521,1,,,90.6,32.0,10^-9.29671,,,,,,0
544581,1,1654,Actinomyces johnsonii,"",bacteria,false,,,,,,,,,,,,,,,,0.01973803249042,2,,,98.45,30.5,10^-6.04631,,,,,,0
544580,1,1654,Actinomyces oris,"",bacteria,false,,,,0.24672540613024999,25,,,98.6615,86.24,10^-44.7432,,,,,,0.12829721118773,13,,,97.2769,28.3846,10^-9.23994,,,,,,0
461393,1,1654,Actinomyces massiliensis,"",bacteria,false,,,,,,,,,,,,,,,,0.03947606498084,4,,,100.0,32.75,10^-10.0466,,,,,,0
272548,1,1654,Actinomyces dentalis,"",bacteria,false,,,,,,,,,,,,,,,,0.02960704873563,3,,,99.0,33.0,10^-10.814,,,,,,0
249061,1,1654,uncultured Actinomyces sp.,"",bacteria,false,,,,,,,,,,,,,,,,0.02960704873563,3,,,92.1,26.6667,10^-7.35384,,,,,,0
55565,1,1654,Actinomyces graevenitzii,"",bacteria,false,,,,0.01973803249042,2,,,100.0,96.5,10^-53.3122,,,,,,0.03947606498084,4,,,78.95,30.0,10^-5.62317,,,,,,0
1656,1,1654,Actinomyces viscosus,"",bacteria,false,,,,0.01973803249042,2,,,96.3255,85.5,10^-41.7003,,,,,,,,,,,,,,,,,,0
1655,1,1654,Actinomyces naeslundii,"",bacteria,false,,,,0.03947606498084,4,,,94.1957,86.0,10^-38.6327,,,,,,0.10855917869731,11,,,94.4455,28.5455,10^-9.46261,,,,,,0
1651,2,1651,Alloiococcus,"",bacteria,false,,,,,,,,,,,,,,,,0.13816622743294,14,,,82.9786,30.9286,10^-7.02588,,,,,[1652],0
1652,1,1651,Alloiococcus otitis,"",bacteria,false,,,,,,,,,,,,,,,,0.13816622743294,14,,,82.9786,30.9286,10^-7.02588,,,,,,0
1637,2,1637,Listeria,"",bacteria,false,,,,,,,,,,,,,,,,0.1973803249042,20,,,87.57,28.95,10^-7.80941,,,,,"[1641, 1639]",1
1641,1,1637,Listeria grayi,"",bacteria,false,,,,,,,,,,,,,,,,0.01973803249042,2,,,83.3,24.0,10^-3.95468,,,,,,0
1639,1,1637,Listeria monocytogenes,"",bacteria,false,,,,,,,,,,,,,,,,0.17764229241378,18,,,88.0444,29.5,10^-8.23771,,,,,,1
1578,2,1578,Lactobacillus,"",bacteria,false,,,,0.25659442237546,26,,,99.7323,96.6538,10^-52.9978,,,,,,0.36515360107276995,37,,,85.0946,29.3514,10^-8.04471,,,,,"[2107999, 2042044, 872327, 303541, 147802, 109790, 83683, 81857, 47770, 33959, 1604, 1596, 1591, 1587, 1584, 1579]",0
2107999,1,1578,Lactobacillus paragasseri,"",bacteria,false,,,,,,,,,,,,,,,,0.00986901624521,1,,,65.4,26.0,10^-3.56864,,,,,,0
2042044,1,1578,Lactobacillus sp. UMNPBX3,"",bacteria,false,,,,,,,,,,,,,,,,0.01973803249042,2,,,87.15,25.5,10^-6.33216,,,,,,0
872327,1,1578,Lactobacillus pasteurii,"",bacteria,false,,,,,,,,,,,,,,,,0.01973803249042,2,,,72.7,33.0,10^-6.53669,,,,,,0
303541,1,1578,Lactobacillus apis,"",bacteria,false,,,,,,,,,,,,,,,,0.01973803249042,2,,,81.8,33.0,10^-9.80053,,,,,,0
147802,1,1578,Lactobacillus iners,"",bacteria,false,,,,0.04934508122605,5,,,100.0,100.6,10^-55.8328,,,,,,0.05921409747126,6,,,80.25,28.8333,10^-5.96313,,,,,,0
109790,1,1578,Lactobacillus jensenii,"",bacteria,false,,,,0.01973803249042,2,,,100.0,63.0,10^-30.51,,,,,,0.03947606498084,4,,,80.65,28.0,10^-8.43717,,,,,,0
83683,1,1578,Lactobacillus amylolyticus,"",bacteria,false,,,,,,,,,,,,,,,,0.01973803249042,2,,,93.3,30.0,10^-10.752,,,,,,0
81857,1,1578,Lactobacillus selangorensis,"",bacteria,false,,,,,,,,,,,,,,,,0.01973803249042,2,,,87.5,24.0,10^-5.98297,,,,,,0
47770,1,1578,Lactobacillus crispatus,"",bacteria,false,,,,0.11842819494252,12,,,100.0,98.1667,10^-54.449,,,,,,0.03947606498084,4,,,92.325,32.5,10^-11.3926,,,,,,0
33959,1,1578,Lactobacillus johnsonii,"",bacteria,false,,,,,,,,,,,,,,,,0.00986901624521,1,,,81.8,33.0,10^-8.85387,,,,,,0
1604,1,1578,Lactobacillus amylovorus,"",bacteria,false,,,,0.00986901624521,1,,,97.03,101.0,10^-52.2629,,,,,,,,,,,,,,,,,,0
1596,1,1578,Lactobacillus gasseri,"",bacteria,false,,,,,,,,,,,,,,,,0.03947606498084,4,,,91.3,30.0,10^-8.69658,,,,,,0
1591,1,1578,Lactobacillus sp.,"",bacteria,false,,,,,,,,,,,,,,,,0.00986901624521,1,,,84.8,33.0,10^-9.66354,,,,,,0
1587,1,1578,Lactobacillus helveticus,"",bacteria,false,,,,,,,,,,,,,,,,0.03947606498084,4,,,94.35,28.5,10^-10.1656,,,,,,0
1584,1,1578,Lactobacillus delbrueckii,"",bacteria,false,,,,0.04934508122605,5,,,99.802,101.0,10^-56.1056,,,,,,0.01973803249042,2,,,77.8,27.0,10^-3.10624,,,,,,0
1579,1,1578,Lactobacillus acidophilus,"",bacteria,false,,,,0.00986901624521,1,,,97.0,100.0,10^-51.5811,,,,,,,,,,,,,,,,,,0
1573,2,1573,Clavibacter,"",bacteria,false,,,,,,,,,,,,,,,,0.01973803249042,2,,,98.5,32.5,10^-11.4668,,,,,[28447],0
28447,1,1573,Clavibacter michiganensis,"",bacteria,false,,,,,,,,,,,,,,,,0.01973803249042,2,,,98.5,32.5,10^-11.4668,,,,,,0
1569,2,1569,Sporosarcina,"",bacteria,false,,,,,,,,,,,,,,,,0.01973803249042,2,,,84.6,32.5,10^-9.08297,,,,,[2048252],0
2048252,1,1569,Sporosarcina sp. P29,"",bacteria,false,,,,,,,,,,,,,,,,0.01973803249042,2,,,84.6,32.5,10^-9.08297,,,,,,0
1485,2,1485,Clostridium,"",bacteria,false,,,,0.01973803249042,2,,,100.0,40.0,10^-14.925,,,,,,0.27633245486588,28,,,81.1111,30.0741,10^-7.41305,,,,,"[2292204, 1262815, 411489, 411486, 223919, 84024, 76489, 59620, 1509, 1502, 1492, 1491]",2
2292204,1,1485,Clostridium sp. AF19-22AC,"",bacteria,false,,,,,,,,,,,,,,,,0.01973803249042,2,,,70.5,30.5,10^-4.10808,,,,,,0
1262815,1,1485,Clostridium sp. CAG:508,"",bacteria,false,,,,,,,,,,,,,,,,0.01973803249042,2,,,79.3,29.0,10^-4.23958,,,,,,0
411489,1,1485,Clostridium sp. L2-50,"",bacteria,false,,,,,,,,,,,,,,,,0.00986901624521,1,,,87.9,33.0,10^-9.25571,,,,,,0
411486,1,1485,Clostridium sp. M62/1,"",bacteria,false,,,,,,,,,,,,,,,,0.01973803249042,2,,,97.0,33.0,10^-15.2596,,,,,,0
223919,1,1485,Clostridium diolis,"",bacteria,false,,,,,,,,,,,,,,,,0.01973803249042,2,,,78.8,33.0,10^-7.75945,,,,,,0
84024,1,1485,Clostridium disporicum,"",bacteria,false,,,,0.01973803249042,2,,,100.0,40.0,10^-14.925,,,,,,,,,,,,,,,,,,0
76489,1,1485,Clostridium acetireducens,"",bacteria,false,,,,,,,,,,,,,,,,0.01973803249042,2,,,70.0,30.0,10^-3.07058,,,,,,0
59620,1,1485,uncultured Clostridium sp.,"",bacteria,false,,,,,,,,,,,,,,,,0.00986901624521,1,,,80.8,26.0,10^-4.18642,,,,,,0
1509,1,1485,Clostridium sporogenes,"",bacteria,false,,,,,,,,,,,,,,,,0.01973803249042,2,,,84.55,32.0,10^-10.4873,,,,,,0
1502,1,1485,Clostridium perfringens,"",bacteria,false,,,,,,,,,,,,,,,,0.00986901624521,1,,,76.9,26.0,10^-4.3536,,,,,,1
1492,1,1485,Clostridium butyricum,"",bacteria,false,,,,,,,,,,,,,,,,0.01973803249042,2,,,80.35,29.0,10^-7.03134,,,,,,0
1491,1,1485,Clostridium botulinum,"",bacteria,false,,,,,,,,,,,,,,,,0.10855917869731,11,,,82.0182,29.7273,10^-7.83673,,,,,,1
1386,2,1386,Bacillus,"",bacteria,false,,,,0.17764229241378,18,1,14,99.5801,237.278,10^-21.079,,,,,,0.6612240884290699,67,1,15,81.6112,41.0597,10^-12.3819,,,,,"[2233998, 2014075, 2014005, 1648923, 492670, 293386, 1471, 1428, 1423, 1396, 1392]",2
2233998,1,1386,Bacillus sp. COPE52,"",bacteria,false,,,,,,,,,,,,,,,,0.01973803249042,2,,,81.5,27.0,10^-5.88941,,,,,,0
2014075,1,1386,Bacillus xiapuensis,"",bacteria,false,,,,,,,,,,,,,,,,0.04934508122605,5,,,82.66,25.2,10^-4.66031,,,,,,0
2014005,1,1386,Bacillus sp. FJAT-44742,"",bacteria,false,,,,,,,,,,,,,,,,0.01973803249042,2,,,80.6,31.0,10^-6.45967,,,,,,0
1648923,1,1386,Bacillus paralicheniformis,"",bacteria,false,,,,,,,,,,,,,,,,0.00986901624521,1,,,90.9,33.0,10^-10.8297,,,,,,0
492670,1,1386,Bacillus velezensis,"",bacteria,false,,,,,,,,,,,,,,,,0.02960704873563,3,,,80.0333,30.6667,10^-8.79216,,,,,,0
293386,1,1386,Bacillus stratosphericus,"",bacteria,false,,,,,,,,,,,,,,,,0.01973803249042,2,,,84.0,25.0,10^-4.13371,,,,,,0
1471,1,1386,Bacillus methanolicus,"",bacteria,false,,,,,,,,,,,,,,,,0.00986901624521,1,,,75.9,29.0,10^-5.17263,,,,,,0
1428,1,1386,Bacillus thuringiensis,"",bacteria,false,,,,0.01973803249042,2,,,96.721,61.0,10^-26.4069,,,,,,0.02960704873563,3,,,85.5667,25.0,10^-5.45436,,,,,,0
1423,1,1386,Bacillus subtilis,"",bacteria,false,,,,0.15790425992336,16,1,14,99.9375,259.312,10^-20.413,,,,,,0.02960704873563,3,,,96.9667,32.3333,10^-11.8856,,,,,,0
1396,1,1386,Bacillus cereus,"",bacteria,false,,,,,,,,,,,,,,,,0.27633245486588,28,,,84.6964,31.1071,10^-8.08388,,,,,,1
1392,1,1386,Bacillus anthracis,"",bacteria,false,,,,,,,,,,,,,,,,0.16777327616857,17,1,15,72.7324,74.2353,10^-26.622,,,,,,1
1380,2,1380,Atopobium,"",bacteria,false,,,,,,,,,,,,,,,,0.01973803249042,2,,,100.0,33.0,10^-9.90666,,,,,[1739402],0
1739402,1,1380,Atopobium sp. HMSC064B08,"",bacteria,false,,,,,,,,,,,,,,,,0.01973803249042,2,,,100.0,33.0,10^-9.90666,,,,,,0
1378,2,1378,Gemella,"",bacteria,false,,,,0.5625339259769699,57,1,6,98.9283,103.421,10^-53.2767,,,,,,0.15790425992336,16,1,6,94.0356,37.5625,10^-15.279,,,,,"[2840372, 2840371, 1966354, 254352, 29391, 1379]",0
2840372,1,1378,Gemella sp. zg-1178,"",bacteria,false,,,,,,,,,,,,,,,,0.00986901624521,1,,,72.4,29.0,10^-3.64975,,,,,,0
2840371,1,1378,Gemella sp. zg-570,"",bacteria,false,,,,,,,,,,,,,,,,0.00986901624521,1,,,73.3,30.0,10^-5.09963,,,,,,0
1966354,1,1378,Gemella sp.,"",bacteria,false,,,,,,,,,,,,,,,,0.01973803249042,2,,,96.95,33.0,10^-11.4012,,,,,,0
254352,1,1378,uncultured Gemella sp.,"",bacteria,false,,,,0.00986901624521,1,,,98.99,99.0,10^-53.644,,,,,,,,,,,,,,,,,,0
29391,1,1378,Gemella morbillorum,"",bacteria,false,,,,0.12829721118773,13,,,99.7618,91.1538,10^-49.2483,,,,,,0.05921409747126,6,1,6,95.745,47.0,10^-25.8928,,,,,,0
1379,1,1378,Gemella haemolysans,"",bacteria,false,,,,0.42436769854402995,43,1,6,98.6749,107.233,10^-54.4861,,,,,,0.05921409747126,6,,,98.4167,32.3333,10^-9.59268,,,,,,0
1375,2,1375,Aerococcus,"",bacteria,false,,,,0.21711835739462,22,,,98.2551,86.8636,10^-44.7683,,,,,,0.10855917869731,11,,,98.8636,30.3636,10^-8.70571,,,,,"[1981982, 87541, 51665, 1377, 1376]",1
1981982,1,1375,Aerococcus sp. 1KP-2016,"",bacteria,false,,,,,,,,,,,,,,,,0.00986901624521,1,,,100.0,33.0,10^-11.0585,,,,,,0
87541,1,1375,Aerococcus christensenii,"",bacteria,false,,,,0.01973803249042,2,,,99.505,101.0,10^-55.6939,,,,,,,,,,,,,,,,,,0
51665,1,1375,Aerococcus urinaeequi,"",bacteria,false,,,,0.13816622743294,14,,,97.3288,88.4286,10^-44.7852,,,,,,0.05921409747126,6,,,100.0,29.6667,10^-8.06256,,,,,,0
1377,1,1375,Aerococcus viridans,"",bacteria,false,,,,0.05921409747126,6,,,100.0,78.5,10^-41.0869,,,,,,0.02960704873563,3,,,100.0,33.0,10^-10.9669,,,,,,0
1376,1,1375,Aerococcus urinae,"",bacteria,false,,,,,,,,,,,,,,,,0.00986901624521,1,,,87.5,24.0,10^-3.42829,,,,,,1
1372,2,1372,Planococcus,"",bacteria,false,,,,0.02960704873563,3,,,99.67,100.333,10^-55.468,,,,,,,,,,,,,,,,,"[2908840, 1215089]",0
2908840,1,1372,Planococcus sp. 107-1,"",bacteria,false,,,,0.01973803249042,2,,,100.0,100.0,10^-55.6982,,,,,,,,,,,,,,,,,,0
1215089,1,1372,Planococcus halocryophilus,"",bacteria,false,,,,0.00986901624521,1,,,99.01,101.0,10^-55.0077,,,,,,,,,,,,,,,,,,0
1357,2,1357,Lactococcus,lactic streptococci,bacteria,false,,,,0.14803524367815,15,,,99.8673,90.9333,10^-49.2477,,,,,,0.13816622743294,14,,,99.5714,29.3571,10^-10.2533,,,,,"[1494462, 1366, 1364, 1359, 1358]",0
1494462,1,1357,Lactococcus hircilactis,"",bacteria,false,,,,,,,,,,,,,,,,0.01973803249042,2,,,100.0,27.0,10^-11.2518,,,,,,0
1366,1,1357,Lactococcus raffinolactis,"",bacteria,false,,,,0.00986901624521,1,,,100.0,81.0,10^-42.7522,,,,,,0.01973803249042,2,,,100.0,32.5,10^-7.74624,,,,,,0
1364,1,1357,Lactococcus piscium,"",bacteria,false,,,,0.00986901624521,1,,,100.0,81.0,10^-42.7522,,,,,,,,,,,,,,,,,,0
1359,1,1357,Lactococcus cremoris,"",bacteria,false,,,,0.02960704873563,3,,,100.0,100.667,10^-55.6953,,,,,,0.04934508122605,5,,,98.8,29.4,10^-9.27561,,,,,,0
1358,1,1357,Lactococcus lactis,"",bacteria,false,,,,0.0986901624521,10,,,99.801,90.0,10^-48.6125,,,,,,0.04934508122605,5,,,100.0,29.0,10^-11.8345,,,,,,0
1350,2,1350,Enterococcus,"",bacteria,false,,,,0.06908311371647,7,,,99.8527,89.8571,10^-48.5951,,,,,,0.40462966605360995,41,1,9,85.5849,40.7,10^-14.2119,,,,,"[57732, 53345, 44008, 35783, 33945, 1353, 1352, 1351]",4
57732,1,1350,Enterococcus asini,"",bacteria,false,,,,,,,,,,,,,,,,0.00986901624521,1,,,96.9,32.0,10^-10.5513,,,,,,0
53345,1,1350,Enterococcus durans,"",bacteria,false,,,,,,,,,,,,,,,,0.03947606498084,4,,,89.3,30.75,10^-8.73728,,,,,,0
44008,1,1350,Enterococcus cecorum,"",bacteria,false,,,,,,,,,,,,,,,,0.0986901624521,10,1,9,77.4329,80.6667,10^-36.6973,,,,,,0
35783,1,1350,Enterococcus sp.,"",bacteria,false,,,,,,,,,,,,,,,,0.01973803249042,2,,,100.0,23.0,10^-5.79561,,,,,,0
33945,1,1350,Enterococcus avium,"",bacteria,false,,,,,,,,,,,,,,,,0.00986901624521,1,,,72.7,33.0,10^-5.15304,,,,,,1
1353,1,1350,Enterococcus gallinarum,"",bacteria,false,,,,,,,,,,,,,,,,0.01973803249042,2,,,88.0,25.0,10^-6.74473,,,,,,1
1352,1,1350,Enterococcus faecium,"",bacteria,false,,,,0.03947606498084,4,,,100.0,83.5,10^-44.4631,,,,,,0.12829721118773,13,,,88.3462,30.0769,10^-8.67935,,,,,,1
1351,1,1350,Enterococcus faecalis,"",bacteria,false,,,,0.02960704873563,3,,,99.6563,98.3333,10^-54.1045,,,,,,0.07895212996168,8,,,84.4,28.375,10^-6.20415,,,,,,1
1301,2,1301,Streptococcus,"",bacteria,false,,,,6.651716949271539,674,5,436,98.7499,465.712,10^-192.055,,,,,,8.47748495463539,859,13,552,92.7738,59.3509,10^-29.9929,,,,,"[2841061, 2819619, 2610896, 2598453, 2069309, 1979528, 1860161, 1825069, 1739309, 1579339, 1501662, 1433513, 1403937, 1156431, 999424, 712624, 712620, 684066, 257758, 197614, 113107, 83427, 45634, 28037, 1343, 1336, 1329, 1328, 1318, 1314, 1313, 1311, 1309, 1308, 1307, 1306, 1305, 1304, 1303, 1302]",11
2841061,1,1301,Streptococcus humanilactis,"",bacteria,false,,,,,,,,,,,,,,,,0.01973803249042,2,,,97.0,33.0,10^-6.98519,,,,,,0
2819619,1,1301,Streptococcus toyakuensis,"",bacteria,false,,,,0.06908311371647,7,,,98.9583,88.4286,10^-46.4435,,,,,,0.00986901624521,1,,,100.0,27.0,10^-7.38405,,,,,,0
2610896,1,1301,Streptococcus sp. LPB0220,"",bacteria,false,,,,0.01973803249042,2,,,100.0,93.0,10^-50.9264,,,,,,,,,,,,,,,,,,0
2598453,1,1301,Streptococcus sp. 116-D4,"",bacteria,false,,,,0.03947606498084,4,,,98.5,100.25,10^-53.8101,,,,,,,,,,,,,,,,,,0
2069309,1,1301,Streptococcus sp. UMB1385,"",bacteria,false,,,,,,,,,,,,,,,,0.01973803249042,2,,,100.0,33.0,10^-12.0071,,,,,,0
1979528,1,1301,Streptococcus sp. KR,"",bacteria,false,,,,,,,,,,,,,,,,0.00986901624521,1,,,100.0,33.0,10^-11.7122,,,,,,0
1860161,1,1301,Streptococcus sp. CCUG 49591,"",bacteria,false,,,,,,,,,,,,,,,,0.00986901624521,1,,,100.0,27.0,10^-7.38405,,,,,,0
1825069,1,1301,Streptococcus marmotae,"",bacteria,false,,,,0.00986901624521,1,,,88.406,69.0,10^-23.6086,,,,,,,,,,,,,,,,,,0
1739309,1,1301,Streptococcus sp. HMSC034E03,"",bacteria,false,,,,,,,,,,,,,,,,0.00986901624521,1,,,100.0,33.0,10^-10.382,,,,,,0
1579339,1,1301,Streptococcus sp. 449_SSPC,"",bacteria,false,,,,,,,,,,,,,,,,0.01973803249042,2,,,100.0,33.0,10^-12.1537,,,,,,0
1501662,1,1301,Streptococcus parasuis,"",bacteria,false,,,,0.01973803249042,2,,,98.0,100.0,10^-52.9535,,,,,,,,,,,,,,,,,,0
1433513,1,1301,Streptococcus gwangjuense,"",bacteria,false,,,,0.01973803249042,2,,,96.471,85.0,10^-41.3589,,,,,,,,,,,,,,,,,,0
1403937,1,1301,Streptococcus sp. DORA_10,"",bacteria,false,,,,,,,,,,,,,,,,0.01973803249042,2,,,100.0,31.0,10^-9.55752,,,,,,0
1156431,1,1301,Streptococcus ilei,"",bacteria,false,,,,0.02960704873563,3,,,99.67,99.3333,10^-54.7863,,,,,,,,,,,,,,,,,,0
999424,1,1301,Streptococcus sp. F0441,"",bacteria,false,,,,,,,,,,,,,,,,0.01973803249042,2,,,100.0,32.0,10^-9.45223,,,,,,0
712624,1,1301,Streptococcus sp. oral taxon 064,"",bacteria,false,,,,0.00986901624521,1,,,92.079,101.0,10^-45.4011,,,,,,,,,,,,,,,,,,0
712620,1,1301,Streptococcus sp. oral taxon 056,"",bacteria,false,,,,,,,,,,,,,,,,0.00986901624521,1,,,96.9,32.0,10^-10.7055,,,,,,0
684066,1,1301,Streptococcus lactarius,"",bacteria,false,,,,0.01973803249042,2,,,100.0,101.0,10^-56.3801,,,,,,,,,,,,,,,,,,0
257758,1,1301,Streptococcus pseudopneumoniae,"",bacteria,false,,,,0.02960704873563,3,,,97.02,100.667,10^-52.0357,,,,,,0.00986901624521,1,,,100.0,20.0,10^-3.27901,,,,,,0
197614,1,1301,Streptococcus pasteurianus,"",bacteria,false,,,,,,,,,,,,,,,,0.00986901624521,1,,,85.0,20.0,10^-4.08725,,,,,,0
113107,1,1301,Streptococcus australis,"",bacteria,false,,,,0.03947606498084,4,,,98.9437,90.75,10^-48.0233,,,,,,0.04934508122605,5,,,96.36,33.0,10^-13.1157,,,,,,0
83427,1,1301,uncultured Streptococcus sp.,"",bacteria,false,,,,,,,,,,,,,,,,0.01973803249042,2,,,100.0,32.5,10^-10.33,,,,,,0
45634,1,1301,Streptococcus cristatus,"",bacteria,false,,,,0.11842819494252,12,,,96.1701,87.1667,10^-42.3821,,,,,,0.04934508122605,5,,,98.16,32.8,10^-11.532,,,,,,0
28037,1,1301,Streptococcus mitis,"",bacteria,false,,,,4.77660386268164,484,5,436,98.8829,612.38,10^-248.237,,,,,,0.34541556858234995,35,1,6,98.8382,40.7714,10^-17.9594,,,,,,1
1343,1,1301,Streptococcus vestibularis,"",bacteria,false,,,,0.01973803249042,2,,,100.0,101.0,10^-56.3801,,,,,,,,,,,,,,,,,,0
1336,1,1301,Streptococcus equi,"",bacteria,false,,,,,,,,,,,,,,,,1.4704834205362898,149,1,146,92.498,69.2313,10^-38.1903,,,,,,1
1329,1,1301,Streptococcus canis,"",bacteria,false,,,,,,,,,,,,,,,,0.37502261731798,38,1,38,93.333,30.0,10^-14.5058,,,,,,0
1328,1,1301,Streptococcus anginosus,"",bacteria,false,,,,0.03947606498084,4,,,98.515,100.25,10^-53.8101,,,,,,0.8191283483524299,83,1,63,98.5398,86.1928,10^-56.4798,,,,,,1
1318,1,1301,Streptococcus parasanguinis,"",bacteria,false,,,,0.03947606498084,4,,,99.005,100.75,10^-54.8372,,,,,,0.01973803249042,2,,,98.4,31.0,10^-8.65674,,,,,,0
1314,1,1301,Streptococcus pyogenes,"",bacteria,false,,,,0.01973803249042,2,,,100.0,76.0,10^-39.3489,,,,,,0.07895212996168,8,,,89.0625,29.25,10^-8.01098,,,,,,1
1313,1,1301,Streptococcus pneumoniae,"",bacteria,false,,,,0.32567753609192995,33,,,98.31,95.6061,10^-50.4594,,,,,,2.9607048735629995,300,6,196,89.2257,60.21,10^-26.5626,,,,,,1
1311,1,1301,Streptococcus agalactiae,"",bacteria,false,,,,,,,,,,,,,,,,0.9770326082757899,99,2,63,92.0216,61.7732,10^-32.028,,,,,,1
1309,1,1301,Streptococcus mutans,"",bacteria,false,,,,0.03947606498084,4,,,98.7625,101.0,10^-54.6646,,,,,,0.10855917869731,11,,,99.5636,28.9091,10^-11.3657,,,,,,1
1308,1,1301,Streptococcus thermophilus,"",bacteria,false,,,,0.14803524367815,15,,,99.9251,98.3333,10^-54.4707,,,,,,0.11842819494252,12,,,91.7167,31.5,10^-10.0831,,,,,,0
1307,1,1301,Streptococcus suis,"",bacteria,false,,,,0.00986901624521,1,,,100.0,100.0,10^-55.6982,,,,,,0.46384376352486995,47,1,40,93.5323,73.2553,10^-42.1005,,,,,,1
1306,1,1301,Streptococcus sp.,"",bacteria,false,,,,,,,,,,,,,,,,0.00986901624521,1,,,100.0,30.0,10^-11.1512,,,,,,0
1305,1,1301,Streptococcus sanguinis,"",bacteria,false,,,,0.14803524367815,15,,,99.1276,92.3333,10^-49.4751,,,,,,0.15790425992336,16,,,99.6188,31.4375,10^-10.7284,,,,,,1
1304,1,1301,Streptococcus salivarius,"",bacteria,false,,,,0.01973803249042,2,,,96.739,92.0,10^-46.1278,,,,,,0.0986901624521,10,,,95.08,32.0,10^-11.6038,,,,,,0
1303,1,1301,Streptococcus oralis,"",bacteria,false,,,,0.25659442237546,26,,,98.8359,97.9231,10^-52.6991,,,,,,0.11842819494252,12,,,96.2083,30.75,10^-9.33543,,,,,,1
1302,1,1301,Streptococcus gordonii,"",bacteria,false,,,,0.38489163356318995,39,,,98.0341,91.2432,10^-47.1064,,,,,,0.06908311371647,7,,,99.5714,32.1429,10^-10.1009,,,,,,1
1298,2,1298,Deinococcus,"",bacteria,false,,,,0.45397474727966,46,1,4,96.48,96.6444,10^-45.8367,,,,,,0.1973803249042,20,,,90.885,31.35,10^-9.40285,,,,,"[3049544, 2994663, 2969223, 2939437, 2910968, 2774531, 2737050, 2568654, 2080419, 1768108, 1737569, 1211322, 1141878, 980427, 502394, 394230, 392414, 310783, 309885, 200252, 55148, 47478, 32062, 1299]",0
3049544,1,1298,Deinococcus rhizophilus,"",bacteria,false,,,,,,,,,,,,,,,,0.00986901624521,1,,,87.5,32.0,10^-9.42946,,,,,,0
2994663,1,1298,Deinococcus sp. SL84,"",bacteria,false,,,,,,,,,,,,,,,,0.00986901624521,1,,,84.4,32.0,10^-6.8729,,,,,,0
2969223,1,1298,Deinococcus sp. Marseille-Q6407,"",bacteria,false,,,,,,,,,,,,,,,,0.00986901624521,1,,,87.9,33.0,10^-10.8697,,,,,,0
2939437,1,1298,Deinococcus sp. QL22,"",bacteria,false,,,,0.00986901624521,1,,,100.0,54.0,10^-24.4013,,,,,,,,,,,,,,,,,,0
2910968,1,1298,Deinococcus sp. HSC-46F16,"",bacteria,false,,,,,,,,,,,,,,,,0.00986901624521,1,,,92.3,26.0,10^-5.77728,,,,,,0
2774531,1,1298,Deinococcus aestuarii,"",bacteria,false,,,,,,,,,,,,,,,,0.02960704873563,3,,,96.9667,33.0,10^-11.9463,,,,,,0
2737050,1,1298,Deinococcus taeanensis,"",bacteria,false,,,,0.03947606498084,4,,,94.0653,63.6667,10^-26.8628,,,,,,,,,,,,,,,,,,0
2568654,1,1298,Deinococcus sp. KSM4-11,"",bacteria,false,,,,,,,,,,,,,,,,0.00986901624521,1,,,87.9,33.0,10^-13.1959,,,,,,0
2080419,1,1298,Deinococcus sp. NW-56,"",bacteria,false,,,,0.02960704873563,3,,,99.1767,72.0,10^-35.7203,,,,,,,,,,,,,,,,,,0
1768108,1,1298,Deinococcus actinosclerus,"",bacteria,false,,,,0.05921409747126,6,,,99.1453,80.1667,10^-41.2784,,,,,,,,,,,,,,,,,,0
1737569,1,1298,Deinococcus planocerae,"",bacteria,false,,,,,,,,,,,,,,,,0.00986901624521,1,,,93.9,33.0,10^-8.95078,,,,,,0
1211322,1,1298,Deinococcus metallilatus,"",bacteria,false,,,,0.01973803249042,2,,,90.2335,91.0,10^-37.2148,,,,,,,,,,,,,,,,,,0
1141878,1,1298,Deinococcus metalli,"",bacteria,false,,,,,,,,,,,,,,,,0.00986901624521,1,,,84.4,32.0,10^-11.5482,,,,,,0
980427,1,1298,Deinococcus wulumuqiensis,"",bacteria,false,,,,0.05921409747126,6,,,97.3295,86.8333,10^-43.5432,,,,,,,,,,,,,,,,,,0
502394,1,1298,Deinococcus gobiensis,"",bacteria,false,,,,0.00986901624521,1,,,98.02,101.0,10^-53.6353,,,,,,,,,,,,,,,,,,0
394230,1,1298,Deinococcus piscis,"",bacteria,false,,,,,,,,,,,,,,,,0.00986901624521,1,,,88.5,26.0,10^-4.80967,,,,,,0
392414,1,1298,Deinococcus roseus,"",bacteria,false,,,,,,,,,,,,,,,,0.00986901624521,1,,,90.9,33.0,10^-7.7986,,,,,,0
310783,1,1298,Deinococcus deserti,"",bacteria,false,,,,0.00986901624521,1,,,98.0,100.0,10^-52.9535,,,,,,0.00986901624521,1,,,87.9,33.0,10^-12.7144,,,,,,0
309885,1,1298,Deinococcus hopiensis,"",bacteria,false,,,,,,,,,,,,,,,,0.01973803249042,2,,,89.7,29.5,10^-7.88947,,,,,,0
200252,1,1298,Deinococcus aetherius,"",bacteria,false,,,,0.03947606498084,4,,,90.8415,101.0,10^-43.6856,,,,,,0.00986901624521,1,,,100.0,33.0,10^-12.4123,,,,,,0
55148,1,1298,Deinococcus proteolyticus,"",bacteria,false,,,,0.11842819494252,12,1,4,96.4353,129.083,10^-58.5115,,,,,,,,,,,,,,,,,,0
47478,1,1298,Deinococcus sp.,"",bacteria,false,,,,,,,,,,,,,,,,0.00986901624521,1,,,97.0,33.0,10^-10.8729,,,,,,0
32062,1,1298,Deinococcus radiophilus,"",bacteria,false,,,,0.05921409747126,6,,,97.6583,91.6667,10^-47.2785,,,,,,,,,,,,,,,,,,0
1299,1,1298,Deinococcus radiodurans,"",bacteria,false,,,,,,,,,,,,,,,,0.02960704873563,3,,,88.2667,30.0,10^-7.0624,,,,,,0
1279,2,1279,Staphylococcus,"",bacteria,false,,,,9.61242182283454,974,4,610,98.8866,806.393,10^-198.633,,,,,,7.786653817470689,789,3,377,94.7305,62.6974,10^-32.5638,,,,,"[2981529, 2799680, 2767498, 2664181, 2497688, 1938892, 1739538, 1739457, 1739306, 1607738, 1403935, 985002, 555791, 436240, 436239, 283734, 246432, 170573, 94138, 61015, 53344, 46127, 45972, 33028, 29388, 29387, 29385, 29384, 29382, 29380, 29379, 29378, 28035, 1290, 1288, 1286, 1284, 1283, 1282, 1280]",8
2981529,1,1279,Staphylococcus marylandisciuri,"",bacteria,false,,,,,,,,,,,,,,,,0.00986901624521,1,,,100.0,33.0,10^-13.0964,,,,,,0
2799680,1,1279,Staphylococcus sp. 11-B-312,"",bacteria,false,,,,0.00986901624521,1,,,100.0,101.0,10^-56.3801,,,,,,,,,,,,,,,,,,0
2767498,1,1279,Staphylococcus sp. EG-SA-26,"",bacteria,false,,,,,,,,,,,,,,,,0.00986901624521,1,,,78.3,23.0,10^-3.0804,,,,,,0
2664181,1,1279,Staphylococcus sp. KY49P,"",bacteria,false,,,,,,,,,,,,,,,,0.00986901624521,1,,,100.0,32.0,10^-11.1203,,,,,,0
2497688,1,1279,Staphylococcus sp. SKL71187,"",bacteria,false,,,,,,,,,,,,,,,,0.01973803249042,2,,,96.6,29.0,10^-11.8794,,,,,,0
1938892,1,1279,Staphylococcus sp. AtDRG32,"",bacteria,false,,,,,,,,,,,,,,,,0.00986901624521,1,,,97.0,33.0,10^-6.85387,,,,,,0
1739538,1,1279,Staphylococcus sp. HMSC070D05,"",bacteria,false,,,,,,,,,,,,,,,,0.01973803249042,2,,,100.0,31.0,10^-10.0152,,,,,,0
1739457,1,1279,Staphylococcus sp. HMSC072E01,"",bacteria,false,,,,,,,,,,,,,,,,0.02960704873563,3,,,100.0,30.6667,10^-10.5315,,,,,,0
1739306,1,1279,Staphylococcus sp. HMSC071G07,"",bacteria,false,,,,,,,,,,,,,,,,0.00986901624521,1,,,100.0,33.0,10^-12.3439,,,,,,0
1607738,1,1279,Staphylococcus argensis,"",bacteria,false,,,,,,,,,,,,,,,,0.02960704873563,3,,,100.0,25.0,10^-6.9704,,,,,,0
1403935,1,1279,Staphylococcus sp. DORA_6_22,"",bacteria,false,,,,,,,,,,,,,,,,0.03947606498084,4,,,86.45,31.5,10^-8.47153,,,,,,0
985002,1,1279,Staphylococcus argenteus,"",bacteria,false,,,,0.01973803249042,2,,,82.788,93.0,10^-28.9686,,,,,,,,,,,,,,,,,,0
555791,1,1279,Staphylococcus massiliensis,"",bacteria,false,,,,,,,,,,,,,,,,0.01973803249042,2,,,100.0,33.0,10^-10.8386,,,,,,0
436240,1,1279,Staphylococcus sp. IGCAR-8/07,"",bacteria,false,,,,0.01973803249042,2,,,100.0,86.5,10^-46.4977,,,,,,,,,,,,,,,,,,0
436239,1,1279,Staphylococcus sp. IGCAR-7/07,"",bacteria,false,,,,0.07895212996168,8,,,100.0,86.875,10^-46.7585,,,,,,,,,,,,,,,,,,0
283734,1,1279,Staphylococcus pseudintermedius,"",bacteria,false,,,,0.01973803249042,2,,,96.552,87.0,10^-42.7212,,,,,,0.00986901624521,1,,,100.0,30.0,10^-12.9508,,,,,,1
246432,1,1279,Staphylococcus equorum,"",bacteria,false,,,,0.01973803249042,2,,,100.0,99.5,10^-55.3573,,,,,,0.01973803249042,2,,,100.0,33.0,10^-11.8902,,,,,,0
170573,1,1279,Staphylococcus pettenkoferi,"",bacteria,false,,,,0.75004523463596,76,,,97.7063,94.2237,10^-48.8021,,,,,,0.5230578609961299,53,,,99.3943,31.4528,10^-10.7626,,,,,,0
94138,1,1279,Staphylococcus ureilyticus,"",bacteria,false,,,,,,,,,,,,,,,,0.01973803249042,2,,,100.0,33.0,10^-11.5471,,,,,,0
61015,1,1279,Staphylococcus succinus,"",bacteria,false,,,,0.03947606498084,4,,,99.495,97.0,10^-52.967,,,,,,0.03947606498084,4,,,100.0,31.25,10^-8.61853,,,,,,0
53344,1,1279,Staphylococcus delphini,"",bacteria,false,,,,,,,,,,,,,,,,0.00986901624521,1,,,93.1,29.0,10^-9.04866,,,,,,0
46127,1,1279,Staphylococcus felis,"",bacteria,false,,,,,,,,,,,,,,,,0.02960704873563,3,,,75.8,33.0,10^-6.45989,,,,,,0
45972,1,1279,Staphylococcus pasteuri,"",bacteria,false,,,,0.06908311371647,7,,,99.86,55.4286,10^-25.1965,,,,,,,,,,,,,,,,,,0
33028,1,1279,Staphylococcus saccharolyticus,"",bacteria,false,,,,0.10855917869731,11,,,100.0,100.636,10^-56.1321,,,,,,0.06908311371647,7,,,99.1429,32.8571,10^-11.1847,,,,,,1
29388,1,1279,Staphylococcus capitis,"",bacteria,false,,,,0.0986901624521,10,,,99.875,97.875,10^-54.0783,,,,,,0.07895212996168,8,,,99.4833,32.6667,10^-11.5678,,,,,,1
29387,1,1279,Staphylococcus sp.,"",bacteria,false,,,,0.00986901624521,1,,,98.947,95.0,10^-50.9172,,,,,,0.00986901624521,1,,,100.0,33.0,10^-12.8268,,,,,,0
29385,1,1279,Staphylococcus saprophyticus,"",bacteria,false,,,,,,,,,,,,,,,,0.03947606498084,4,,,91.425,32.25,10^-10.1243,,,,,,1
29384,1,1279,Staphylococcus kloosii,"",bacteria,false,,,,,,,,,,,,,,,,0.01973803249042,2,,,95.0,31.5,10^-11.5449,,,,,,0
29382,1,1279,Staphylococcus cohnii,"",bacteria,false,,,,0.07895212996168,8,,,99.7513,100.75,10^-55.8665,,,,,,0.06908311371647,7,,,96.1286,31.1429,10^-10.6729,,,,,,0
29380,1,1279,Staphylococcus caprae,"",bacteria,false,,,,0.01973803249042,2,,,97.98,99.0,10^-52.2716,,,,,,0.17764229241378,18,,,98.65,30.0,10^-11.9375,,,,,,0
29379,1,1279,Staphylococcus auricularis,"",bacteria,false,,,,0.03947606498084,4,,,100.0,73.5,10^-37.6674,,,,,,,,,,,,,,,,,,0
29378,1,1279,Staphylococcus arlettae,"",bacteria,false,,,,0.00986901624521,1,,,98.98,98.0,10^-52.9622,,,,,,,,,,,,,,,,,,0
28035,1,1279,Staphylococcus lugdunensis,"",bacteria,false,,,,,,,,,,,,,,,,0.03947606498084,4,,,100.0,24.0,10^-7.29158,,,,,,1
1290,1,1279,Staphylococcus hominis,"",bacteria,false,,,,3.7107501081989596,376,3,299,98.33,606.203,10^-221.752,,,,,,0.41449868229882,42,,,98.5571,30.9762,10^-10.2446,,,,,,0
1288,1,1279,Staphylococcus xylosus,"",bacteria,false,,,,0.01973803249042,2,,,100.0,36.0,10^-12.226,,,,,,0.00986901624521,1,,,100.0,33.0,10^-12.8633,,,,,,0
1286,1,1279,Staphylococcus simulans,"",bacteria,false,,,,0.00986901624521,1,,,100.0,84.0,10^-44.795,,,,,,0.00986901624521,1,,,100.0,33.0,10^-10.4214,,,,,,0
1284,1,1279,Staphylococcus hyicus,"",bacteria,false,,,,0.00986901624521,1,,,100.0,101.0,10^-56.3801,,,,,,,,,,,,,,,,,,0
1283,1,1279,Staphylococcus haemolyticus,"",bacteria,false,,,,3.2370373284288796,328,1,311,99.3783,1620.08,10^-294.446,,,,,,0.13816622743294,14,,,99.7786,31.2143,10^-10.9558,,,,,,1
1282,1,1279,Staphylococcus epidermidis,"",bacteria,false,,,,1.1448058844443598,116,,,99.8366,96.6174,10^-53.1676,,,,,,0.7697832671263799,78,,,99.8038,31.2564,10^-11.3864,,,,,,1
1280,1,1279,Staphylococcus aureus,"",bacteria,false,,,,0.08882114620689,9,,,99.4832,79.5556,10^-41.169,,,,,,5.08254336628315,515,3,377,92.6593,79.6102,10^-44.233,,,,,,1
1269,2,1269,Micrococcus,"",bacteria,false,,,,1.00663965701142,102,1,35,96.3387,153.784,10^-68.1143,,,,,,0.25659442237546,26,,,96.6731,30.0385,10^-10.3281,,,,,"[2915940, 574650, 566027, 455343, 384602, 1273, 1271, 1270]",0
2915940,1,1269,Micrococcus sp. JXJ CY 30,"",bacteria,false,,,,,,,,,,,,,,,,0.00986901624521,1,,,100.0,32.0,10^-10.4001,,,,,,0
574650,1,1269,Micrococcus terreus,"",bacteria,false,,,,,,,,,,,,,,,,0.01973803249042,2,,,100.0,33.0,10^-12.1424,,,,,,0
566027,1,1269,Micrococcus yunnanensis,"",bacteria,false,,,,0.02960704873563,3,,,96.7,101.0,10^-51.8055,,,,,,,,,,,,,,,,,,0
455343,1,1269,Micrococcus endophyticus,"",bacteria,false,,,,0.00986901624521,1,,,99.0,100.0,10^-54.3258,,,,,,0.03947606498084,4,,,98.5,33.0,10^-11.61,,,,,,0
384602,1,1269,Micrococcus flavus,"",bacteria,false,,,,,,,,,,,,,,,,0.01973803249042,2,,,87.9,33.0,10^-9.79671,,,,,,0
1273,1,1269,Micrococcus lylae,"",bacteria,false,,,,0.03947606498084,4,,,95.8715,74.5,10^-34.2168,,,,,,,,,,,,,,,,,,0
1271,1,1269,Micrococcus sp.,"",bacteria,false,,,,0.00986901624521,1,,,100.0,100.0,10^-55.6982,,,,,,,,,,,,,,,,,,0
1270,1,1269,Micrococcus luteus,"",bacteria,false,,,,0.9178185108045299,93,1,35,96.2792,160.054,10^-70.3801,,,,,,0.16777327616857,17,,,96.6882,28.5294,10^-9.87125,,,,,,0
1263,2,1263,Ruminococcus,"",bacteria,false,,,,0.02960704873563,3,,,95.6667,100.333,10^-49.9785,,,,,,0.02960704873563,3,,,86.4,31.0,10^-6.8147,,,,,"[2564099, 2293240, 1160721, 165186]",0
2564099,1,1263,Ruminococcus bovis,"",bacteria,false,,,,0.02960704873563,3,,,95.6667,100.333,10^-49.9785,,,,,,,,,,,,,,,,,,0
2293240,1,1263,Ruminococcus sp. TF10-6,"",bacteria,false,,,,,,,,,,,,,,,,0.00986901624521,1,,,72.7,33.0,10^-4.02182,,,,,,0
1160721,1,1263,Ruminococcus bicirculans (ex Wegman et al. 2014),"",bacteria,false,,,,,,,,,,,,,,,,0.00986901624521,1,,,96.8,31.0,10^-8.90658,,,,,,0
165186,1,1263,uncultured Ruminococcus sp.,"",bacteria,false,,,,,,,,,,,,,,,,0.00986901624521,1,,,89.7,29.0,10^-7.5157,,,,,,0
1243,2,1243,Leuconostoc,"",bacteria,false,,,,0.18751130865899,19,,,99.6572,73.8235,10^-37.4792,,,,,,0.07895212996168,8,,,100.0,28.5,10^-8.6499,,,,,"[115778, 1252, 1245, 1244]",0
115778,1,1243,Leuconostoc gasicomitatum,"",bacteria,false,,,,0.01973803249042,2,,,98.571,70.0,10^-33.8952,,,,,,0.00986901624521,1,,,100.0,23.0,10^-5.13668,,,,,,0
1252,1,1243,Leuconostoc carnosum,"",bacteria,false,,,,0.02960704873563,3,,,99.01,101.0,10^-55.0077,,,,,,0.01973803249042,2,,,100.0,32.5,10^-9.1853,,,,,,0
1245,1,1243,Leuconostoc mesenteroides,"",bacteria,false,,,,0.0986901624521,10,,,100.0,69.0,10^-34.6071,,,,,,0.03947606498084,4,,,100.0,29.5,10^-10.0618,,,,,,0
1244,1,1243,Leuconostoc gelidum,"",bacteria,false,,,,0.03947606498084,4,,,100.0,65.0,10^-31.8693,,,,,,0.00986901624521,1,,,100.0,22.0,10^-5.44491,,,,,,0
1234,2,1234,Nitrospira,"",bacteria,false,,,,,,,,,,,,,,,,0.00986901624521,1,,,83.9,31.0,10^-9.12321,,,,,[42253],0
42253,1,1234,Nitrospira moscoviensis,"",bacteria,false,,,,,,,,,,,,,,,,0.00986901624521,1,,,83.9,31.0,10^-9.12321,,,,,,0
1203,2,1203,Scytonema,"",bacteria,false,,,,,,,,,,,,,,,,0.00986901624521,1,,,80.6,31.0,10^-8.767,,,,,[2720447],0
2720447,1,1203,Scytonema sp. RU_4_4,"",bacteria,false,,,,,,,,,,,,,,,,0.00986901624521,1,,,80.6,31.0,10^-8.767,,,,,,0
1198,2,1198,Phormidium,"",bacteria,false,,,,0.01973803249042,2,,,92.157,102.0,10^-46.083,,,,,,,,,,,,,,,,,[2510783],0
2510783,1,1198,Phormidium sp. NIES-2120,"",bacteria,false,,,,0.01973803249042,2,,,92.157,102.0,10^-46.083,,,,,,,,,,,,,,,,,,0
1186,2,1186,Calothrix,"",bacteria,false,,,,0.03947606498084,4,,,89.9737,89.5,10^-36.8788,,,,,,,,,,,,,,,,,"[2005469, 2005463, 938406]",0
2005469,1,1186,Calothrix sp. NIES-4071,"",bacteria,false,,,,0.00986901624521,1,,,95.05,101.0,10^-49.5182,,,,,,,,,,,,,,,,,,0
2005463,1,1186,Calothrix sp. NIES-4105,"",bacteria,false,,,,0.00986901624521,1,,,94.845,97.0,10^-46.791,,,,,,,,,,,,,,,,,,0
938406,1,1186,Calothrix brevissima,"",bacteria,false,,,,0.01973803249042,2,,,85.0,80.0,10^-25.603,,,,,,,,,,,,,,,,,,0
1183,2,1183,Plectonema,"",bacteria,false,,,,0.01973803249042,2,,,90.0,100.0,10^-41.9745,,,,,,,,,,,,,,,,,[259953],0
259953,1,1183,uncultured Plectonema sp.,"",bacteria,false,,,,0.01973803249042,2,,,90.0,100.0,10^-41.9745,,,,,,,,,,,,,,,,,,0
1177,2,1177,Nostoc,"",bacteria,false,,,,0.00986901624521,1,,,89.474,76.0,10^-28.37,,,,,,0.01973803249042,2,,,77.05,30.5,10^-5.9456,,,,,"[92942, 76335]",0
92942,1,1177,Nostoc linckia,"",bacteria,false,,,,,,,,,,,,,,,,0.01973803249042,2,,,77.05,30.5,10^-5.9456,,,,,,0
76335,1,1177,Nostoc sp. ATCC 53789,"",bacteria,false,,,,0.00986901624521,1,,,89.474,76.0,10^-28.37,,,,,,,,,,,,,,,,,,0
1175,2,1175,Aphanizomenon,"",bacteria,false,,,,,,,,,,,,,,,,0.01973803249042,2,,,95.4,32.5,10^-11.1788,,,,,[88823],0
88823,1,1175,Aphanizomenon sp. 202,"",bacteria,false,,,,,,,,,,,,,,,,0.01973803249042,2,,,95.4,32.5,10^-11.1788,,,,,,0
1163,2,1163,Anabaena,"",bacteria,false,,,,0.02960704873563,3,,,99.6633,99.6667,10^-55.0135,,,,,,0.01973803249042,2,,,82.6,23.0,10^-4.71515,,,,,"[2490939, 1710889]",0
2490939,1,1163,Anabaena sp. YBS01,"",bacteria,false,,,,0.02960704873563,3,,,99.6633,99.6667,10^-55.0135,,,,,,,,,,,,,,,,,,0
1710889,1,1163,Anabaena sp. WA113,"",bacteria,false,,,,,,,,,,,,,,,,0.01973803249042,2,,,82.6,23.0,10^-4.71515,,,,,,0
1158,2,1158,Oscillatoria,"",bacteria,false,,,,0.00986901624521,1,,,88.732,71.0,10^-24.9686,,,,,,,,,,,,,,,,,[118323],0
118323,1,1158,Oscillatoria acuminata,"",bacteria,false,,,,0.00986901624521,1,,,88.732,71.0,10^-24.9686,,,,,,,,,,,,,,,,,,0
1142,2,1142,Synechocystis,"",bacteria,false,,,,0.01973803249042,2,,,93.5945,96.0,10^-44.7378,,,,,,,,,,,,,,,,,[1148],0
1148,1,1142,Synechocystis sp. PCC 6803,"",bacteria,false,,,,0.01973803249042,2,,,93.5945,96.0,10^-44.7378,,,,,,,,,,,,,,,,,,0
1129,2,1129,Synechococcus,"",bacteria,false,,,,,,,,,,,,,,,,0.00986901624521,1,,,86.2,29.0,10^-8.49621,,,,,[166314],0
166314,1,1129,Synechococcus sp. WH 8109,"",bacteria,false,,,,,,,,,,,,,,,,0.00986901624521,1,,,86.2,29.0,10^-8.49621,,,,,,0
1125,2,1125,Microcystis,"",bacteria,false,,,,,,,,,,,,,,,,0.00986901624521,1,,,72.7,33.0,10^-5.67162,,,,,[1126],0
1126,1,1125,Microcystis aeruginosa,"",bacteria,false,,,,,,,,,,,,,,,,0.00986901624521,1,,,72.7,33.0,10^-5.67162,,,,,,0
1123,2,1123,Chlorogloeopsis,"",bacteria,false,,,,,,,,,,,,,,,,0.00986901624521,1,,,75.0,32.0,10^-3.59007,,,,,[1124],0
1124,1,1123,Chlorogloeopsis fritschii,"",bacteria,false,,,,,,,,,,,,,,,,0.00986901624521,1,,,75.0,32.0,10^-3.59007,,,,,,0
1111,2,1111,Porphyrobacter,"",bacteria,false,,,,0.01973803249042,2,,,100.0,100.5,10^-56.0391,,,,,,,,,,,,,,,,,[227949],0
227949,1,1111,uncultured Porphyrobacter sp.,"",bacteria,false,,,,0.01973803249042,2,,,100.0,100.5,10^-56.0391,,,,,,,,,,,,,,,,,,0
1060,2,1060,Rhodobacter,"",bacteria,false,,,,0.00986901624521,1,,,91.089,101.0,10^-44.0287,,,,,,0.00986901624521,1,,,96.4,28.0,10^-9.07263,,,,,"[2183910, 2033869]",0
2183910,1,1060,Rhodobacter sp. 140A,"",bacteria,false,,,,,,,,,,,,,,,,0.00986901624521,1,,,96.4,28.0,10^-9.07263,,,,,,0
2033869,1,1060,Rhodobacter sp. CZR27,"",bacteria,false,,,,0.00986901624521,1,,,91.089,101.0,10^-44.0287,,,,,,,,,,,,,,,,,,0
1041,2,1041,Erythrobacter,"",bacteria,false,,,,0.01973803249042,2,,,99.495,99.5,10^-53.9849,,,,,,0.00986901624521,1,,,100.0,33.0,10^-12.4168,,,,,"[2739433, 267135]",0
2739433,1,1041,Erythrobacter mangrovi,"",bacteria,false,,,,0.01973803249042,2,,,99.495,99.5,10^-53.9849,,,,,,,,,,,,,,,,,,0
267135,1,1041,Erythrobacter donghaensis,"",bacteria,false,,,,,,,,,,,,,,,,0.00986901624521,1,,,100.0,33.0,10^-12.4168,,,,,,0
1033,2,1033,Afipia,"",bacteria,false,,,,0.01973803249042,2,,,93.2975,95.0,10^-43.37,,,,,,0.01973803249042,2,,,98.5,33.0,10^-11.1778,,,,,"[2712852, 1871052]",0
2712852,1,1033,Candidatus Afipia apatlaquensis,"",bacteria,false,,,,,,,,,,,,,,,,0.00986901624521,1,,,97.0,33.0,10^-11.4559,,,,,,0
1871052,1,1033,Afipia sp.,"",bacteria,false,,,,0.01973803249042,2,,,93.2975,95.0,10^-43.37,,,,,,0.00986901624521,1,,,100.0,33.0,10^-10.8996,,,,,,0
1016,2,1016,Capnocytophaga,"",bacteria,false,,,,0.54279589348655,55,1,8,97.5712,116.382,10^-59.2439,,,,,,0.21711835739462,22,,,98.0545,29.0909,10^-8.95505,,,,,"[2708117, 2545799, 1227265, 710239, 327575, 159273, 45242, 44737, 1019, 1018, 1017]",0
2708117,1,1016,Capnocytophaga endodontalis,"",bacteria,false,,,,0.00986901624521,1,,,93.023,86.0,10^-37.9229,,,,,,,,,,,,,,,,,,0
2545799,1,1016,Capnocytophaga sp. FDAARGOS_737,"",bacteria,false,,,,0.04934508122605,5,,,99.204,100.8,10^-55.1458,,,,,,,,,,,,,,,,,,0
1227265,1,1016,Capnocytophaga sp. oral taxon 863,"",bacteria,false,,,,,,,,,,,,,,,,0.01973803249042,2,,,98.5,28.0,10^-9.32705,,,,,,0
710239,1,1016,Capnocytophaga sp. oral taxon 338,"",bacteria,false,,,,,,,,,,,,,,,,0.00986901624521,1,,,100.0,33.0,10^-14.0429,,,,,,0
327575,1,1016,Capnocytophaga leadbetteri,"",bacteria,false,,,,0.02960704873563,3,,,100.0,97.3333,10^-53.8802,,,,,,0.00986901624521,1,,,97.0,33.0,10^-10.5072,,,,,,0
159273,1,1016,uncultured Capnocytophaga sp.,"",bacteria,false,,,,,,,,,,,,,,,,0.01973803249042,2,,,98.5,28.0,10^-7.62098,,,,,,0
45242,1,1016,Capnocytophaga granulosa,"",bacteria,false,,,,0.00986901624521,1,,,100.0,101.0,10^-56.3801,,,,,,0.00986901624521,1,,,97.0,33.0,10^-12.3979,,,,,,0
44737,1,1016,Capnocytophaga sp.,"",bacteria,false,,,,,,,,,,,,,,,,0.02960704873563,3,,,100.0,30.0,10^-10.3586,,,,,,0
1019,1,1016,Capnocytophaga sputigena,"",bacteria,false,,,,0.22698737363983,23,1,8,99.07,147.174,10^-76.0691,,,,,,0.07895212996168,8,,,97.0875,31.0,10^-9.09692,,,,,,0
1018,1,1016,Capnocytophaga ochracea,"",bacteria,false,,,,0.01973803249042,2,,,94.4225,98.5,10^-47.1275,,,,,,0.01973803249042,2,,,96.25,27.5,10^-7.11746,,,,,,0
1017,1,1016,Capnocytophaga gingivalis,"",bacteria,false,,,,0.1973803249042,20,,,95.4959,91.8,10^-44.1449,,,,,,0.01973803249042,2,,,100.0,18.0,10^-4.04048,,,,,,0
970,2,970,Selenomonas,"",bacteria,false,,,,0.05921409747126,6,,,100.0,86.25,10^-46.3334,,,,,,0.05921409747126,6,,,88.4,32.25,10^-9.14635,,,,,"[2754044, 2058293, 713030, 135083, 69823]",0
2754044,1,970,Selenomonas timonae,"",bacteria,false,,,,0.01973803249042,2,,,100.0,101.0,10^-56.3801,,,,,,,,,,,,,,,,,,0
2058293,1,970,Selenomonas massiliensis,"",bacteria,false,,,,,,,,,,,,,,,,0.00986901624521,1,,,93.9,33.0,10^-9.83565,,,,,,0
713030,1,970,Selenomonas sp. oral taxon 136,"",bacteria,false,,,,0.01973803249042,2,,,100.0,100.0,10^-55.6982,,,,,,,,,,,,,,,,,,0
135083,1,970,Selenomonas noxia,"",bacteria,false,,,,,,,,,,,,,,,,0.03947606498084,4,,,93.5,31.5,10^-9.75357,,,,,,0
69823,1,970,Selenomonas sputigena,"",bacteria,false,,,,0.01973803249042,2,,,100.0,72.0,10^-36.6277,,,,,,0.00986901624521,1,,,72.7,33.0,10^-7.2426,,,,,,0
965,2,965,Oceanospirillum,"",bacteria,false,,,,,,,,,,,,,,,,0.00986901624521,1,,,69.7,33.0,10^-10.9508,,,,,[64969],0
64969,1,965,Oceanospirillum multiglobuliferum,"",bacteria,false,,,,,,,,,,,,,,,,0.00986901624521,1,,,69.7,33.0,10^-10.9508,,,,,,0
963,2,963,Herbaspirillum,"",bacteria,false,,,,0.02960704873563,3,,,99.34,76.3333,10^-38.6713,,,,,,,,,,,,,,,,,"[2014887, 863372, 92645]",0
2014887,1,963,Herbaspirillum robiniae,"",bacteria,false,,,,0.00986901624521,1,,,98.02,101.0,10^-53.6353,,,,,,,,,,,,,,,,,,0
863372,1,963,Herbaspirillum huttiense,"",bacteria,false,,,,0.00986901624521,1,,,100.0,64.0,10^-31.1893,,,,,,,,,,,,,,,,,,0
92645,1,963,Herbaspirillum frisingense,"",bacteria,false,,,,0.00986901624521,1,,,100.0,64.0,10^-31.1893,,,,,,,,,,,,,,,,,,0
958,2,958,Bdellovibrio,"",bacteria,false,,,,0.00986901624521,1,,,95.349,43.0,10^-14.2074,,,,,,,,,,,,,,,,,[2835041],0
2835041,1,958,Bdellovibrio reynosensis,"",bacteria,false,,,,0.00986901624521,1,,,95.349,43.0,10^-14.2074,,,,,,,,,,,,,,,,,,0
953,2,953,Wolbachia,"",bacteria,false,,,,1.7172088266665397,174,4,113,99.4011,409.58,10^-206.948,,,,,,0.02960704873563,3,,,98.8,30.0,10^-10.7031,,,,,"[2954043, 2954034, 2749716, 2493656, 1812115, 1749268, 1695167, 1529604, 1257099, 1175551, 546165, 526951, 337257, 329647, 264031, 244204, 215173, 191644, 82301, 77551, 956, 955]",0
2954043,1,953,Wolbachia endosymbiont (group B) of Phalera bucephala,"",bacteria,false,,,,0.02960704873563,3,,,100.0,99.0,10^-55.0164,,,,,,,,,,,,,,,,,,0
2954034,1,953,Wolbachia endosymbiont (group B) of Nymphalis c-album,"",bacteria,false,,,,0.02960704873563,3,,,100.0,99.0,10^-55.0165,,,,,,,,,,,,,,,,,,0
2749716,1,953,Wolbachia endosymbiont of Tuta absoluta,"",bacteria,false,,,,0.00986901624521,1,,,100.0,100.0,10^-55.6982,,,,,,,,,,,,,,,,,,0
2493656,1,953,Wolbachia endosymbiont of Trioza erytreae,"",bacteria,false,,,,0.02960704873563,3,,,98.9123,96.3333,10^-51.8269,,,,,,,,,,,,,,,,,,0
1812115,1,953,Wolbachia endosymbiont of Dirofilaria (Dirofilaria) immitis,"",bacteria,false,,,,0.04934508122605,5,,,99.802,81.0,10^-42.5006,,,,,,,,,,,,,,,,,,0
1749268,1,953,Wolbachia endosymbiont of Pezothrips kellyanus,"",bacteria,false,,,,0.00986901624521,1,,,100.0,101.0,10^-56.3801,,,,,,,,,,,,,,,,,,0
1695167,1,953,Wolbachia endosymbiont of Mycopsylla fici,"",bacteria,false,,,,0.00986901624521,1,,,100.0,100.0,10^-55.6982,,,,,,,,,,,,,,,,,,0
1529604,1,953,Wolbachia sp. ChieCal09,"",bacteria,false,,,,0.00986901624521,1,,,100.0,68.0,10^-33.9078,,,,,,,,,,,,,,,,,,0
1257099,1,953,Wolbachia endosymbiont of Onchocerca cervipedis,"",bacteria,false,,,,0.00986901624521,1,,,100.0,100.0,10^-55.6982,,,,,,,,,,,,,,,,,,0
1175551,1,953,Wolbachia endosymbiont of Nysius expressus,"",bacteria,false,,,,0.00986901624521,1,,,100.0,60.0,10^-28.4726,,,,,,,,,,,,,,,,,,0
546165,1,953,Wolbachia endosymbiont of Aedes aegypti,"",bacteria,false,,,,0.02960704873563,3,,,100.0,100.333,10^-55.9255,,,,,,,,,,,,,,,,,,0
526951,1,953,Wolbachia endosymbiont of Bryobia praetiosa,"",bacteria,false,,,,0.00986901624521,1,,,100.0,100.0,10^-55.6982,,,,,,,,,,,,,,,,,,0
337257,1,953,Wolbachia endosymbiont of Pseudolynchia canariensis Type 2,"",bacteria,false,,,,0.00986901624521,1,,,100.0,81.0,10^-42.7522,,,,,,,,,,,,,,,,,,0
329647,1,953,Wolbachia endosymbiont of Culex molestus,"",bacteria,false,,,,,,,,,,,,,,,,0.02960704873563,3,,,98.8,30.0,10^-10.7031,,,,,,0
264031,1,953,Wolbachia endosymbiont of Lissorhoptrus oryzophilus,"",bacteria,false,,,,0.00986901624521,1,,,100.0,99.0,10^-55.0164,,,,,,,,,,,,,,,,,,0
244204,1,953,uncultured Wolbachia sp.,"",bacteria,false,,,,0.07895212996168,8,,,99.8456,94.25,10^-51.6087,,,,,,,,,,,,,,,,,,0
215173,1,953,Wolbachia endosymbiont of Bemisia tabaci,"",bacteria,false,,,,0.02960704873563,3,,,100.0,67.3333,10^-33.4548,,,,,,,,,,,,,,,,,,0
191644,1,953,Wolbachia endosymbiont of Oeciacus vicarius,"",bacteria,false,,,,0.00986901624521,1,,,100.0,101.0,10^-56.3801,,,,,,,,,,,,,,,,,,0
82301,1,953,Wolbachia endosymbiont of Dirofilaria immitis,"",bacteria,false,,,,0.07895212996168,8,,,99.8763,96.75,10^-53.3142,,,,,,,,,,,,,,,,,,0
77551,1,953,Wolbachia endosymbiont of Onchocerca volvulus,"",bacteria,false,,,,0.00986901624521,1,,,100.0,100.0,10^-55.6982,,,,,,,,,,,,,,,,,,0
956,1,953,Wolbachia sp.,"",bacteria,false,,,,0.00986901624521,1,,,100.0,100.0,10^-55.6982,,,,,,,,,,,,,,,,,,0
955,1,953,Wolbachia pipientis,"",bacteria,false,,,,1.2434960468964598,126,4,113,99.2243,530.46,10^-266.637,,,,,,,,,,,,,,,,,,0
943,2,943,Ehrlichia,"",bacteria,false,,,,0.01973803249042,2,,,97.8875,71.0,10^-33.889,,,,,,,,,,,,,,,,,"[391036, 945]",1
391036,1,943,Ehrlichia japonica,"",bacteria,false,,,,0.00986901624521,1,,,95.775,71.0,10^-31.8305,,,,,,,,,,,,,,,,,,0
945,1,943,Ehrlichia chaffeensis,"",bacteria,false,,,,0.00986901624521,1,,,100.0,71.0,10^-35.9476,,,,,,,,,,,,,,,,,,1
906,2,906,Megasphaera,"",bacteria,false,,,,,,,,,,,,,,,,0.01973803249042,2,,,66.3,31.0,10^-5.09354,,,,,"[2584661, 699193]",0
2584661,1,906,Megasphaera sp. BIOML-A1,"",bacteria,false,,,,,,,,,,,,,,,,0.00986901624521,1,,,69.0,29.0,10^-4.20412,,,,,,0
699193,1,906,Megasphaera genomosp. type_2,"",bacteria,false,,,,,,,,,,,,,,,,0.00986901624521,1,,,63.6,33.0,10^-5.98297,,,,,,0
896,2,896,Desulfococcus,"",bacteria,false,,,,,,,,,,,,,,,,0.01973803249042,2,,,90.9,22.0,10^-4.34916,,,,,[897],0
897,1,896,Desulfococcus multivorans,"",bacteria,false,,,,,,,,,,,,,,,,0.01973803249042,2,,,90.9,22.0,10^-4.34916,,,,,,0
872,2,872,Desulfovibrio,"",bacteria,false,,,,,,,,,,,,,,,,0.00986901624521,1,,,67.7,31.0,10^-5.02549,,,,,[81425],0
81425,1,872,Desulfovibrio aminophilus,"",bacteria,false,,,,,,,,,,,,,,,,0.00986901624521,1,,,67.7,31.0,10^-5.02549,,,,,,0
848,2,848,Fusobacterium,"",bacteria,false,,,,0.23685638988504,24,1,5,97.0298,126.174,10^-59.0933,,,,,,0.15790425992336,16,,,97.6375,29.5625,10^-10.7495,,,,,"[2764326, 2663009, 1852365, 1583098, 285729, 159267, 76859, 76857, 860, 859, 851]",2
2764326,1,848,Fusobacterium hominis,"",bacteria,false,,,,0.01973803249042,2,,,99.01,101.0,10^-55.0077,,,,,,,,,,,,,,,,,,0
2663009,1,848,Fusobacterium pseudoperiodonticum,"",bacteria,false,,,,0.00986901624521,1,,,100.0,97.0,10^-53.6529,,,,,,,,,,,,,,,,,,0
1852365,1,848,Fusobacterium massiliense,"",bacteria,false,,,,,,,,,,,,,,,,0.01973803249042,2,,,100.0,31.5,10^-12.3156,,,,,,0
1583098,1,848,Fusobacterium hwasookii,"",bacteria,false,,,,0.00986901624521,1,,,99.01,101.0,10^-55.0077,,,,,,,,,,,,,,,,,,0
285729,1,848,Fusobacterium canifelinum,"",bacteria,false,,,,0.06908311371647,7,1,5,91.8023,185.0,10^-68.5244,,,,,,,,,,,,,,,,,,0
159267,1,848,uncultured Fusobacterium sp.,"",bacteria,false,,,,0.00986901624521,1,,,100.0,100.0,10^-54.3258,,,,,,,,,,,,,,,,,,0
76859,1,848,Fusobacterium animalis,"",bacteria,false,,,,0.01973803249042,2,,,97.0,100.0,10^-51.5811,,,,,,,,,,,,,,,,,,0
76857,1,848,Fusobacterium polymorphum,"",bacteria,false,,,,0.07895212996168,8,,,99.6275,100.625,10^-55.6097,,,,,,0.05921409747126,6,,,98.3167,29.1667,10^-12.3757,,,,,,0
860,1,848,Fusobacterium periodonticum,"",bacteria,false,,,,,,,,,,,,,,,,0.00986901624521,1,,,100.0,33.0,10^-9.97469,,,,,,0
859,1,848,Fusobacterium necrophorum,"",bacteria,false,,,,,,,,,,,,,,,,0.00986901624521,1,,,86.7,30.0,10^-4.23136,,,,,,1
851,1,848,Fusobacterium nucleatum,"",bacteria,false,,,,0.01973803249042,2,,,99.01,101.0,10^-55.0077,,,,,,0.05921409747126,6,,,97.6,28.6667,10^-9.81667,,,,,,1
841,2,841,Roseburia,"",bacteria,false,,,,0.02960704873563,3,,,100.0,86.0,10^-46.1573,,,,,,0.00986901624521,1,,,86.7,30.0,10^-8.23433,,,,,"[1262944, 166486]",0
1262944,1,841,Roseburia sp. CAG:303,"",bacteria,false,,,,,,,,,,,,,,,,0.00986901624521,1,,,86.7,30.0,10^-8.23433,,,,,,0
166486,1,841,Roseburia intestinalis,"",bacteria,false,,,,0.02960704873563,3,,,100.0,86.0,10^-46.1573,,,,,,,,,,,,,,,,,,0
838,2,838,Prevotella,"",bacteria,false,,,,0.54279589348655,55,,,99.0567,90.6545,10^-48.1862,,,,,,0.27633245486588,28,,,94.2857,29.9643,10^-8.79023,,,,,"[2913614, 1227276, 712471, 652721, 652716, 60133, 59823, 28137, 28133, 28132, 28131, 28129, 28128, 28125]",3
2913614,1,838,Prevotella communis,"",bacteria,false,,,,0.00986901624521,1,,,93.243,74.0,10^-31.1263,,,,,,,,,,,,,,,,,,0
1227276,1,838,Prevotella sp. F0091,"",bacteria,false,,,,,,,,,,,,,,,,0.01973803249042,2,,,100.0,24.0,10^-6.08302,,,,,,0
712471,1,838,Prevotella sp. oral taxon 475,"",bacteria,false,,,,0.01973803249042,2,,,100.0,53.0,10^-23.7232,,,,,,,,,,,,,,,,,,0
652721,1,838,Prevotella sp. oral taxon 317,"",bacteria,false,,,,,,,,,,,,,,,,0.03947606498084,4,,,91.225,32.5,10^-9.4841,,,,,,0
652716,1,838,Prevotella sp. oral taxon 299,"",bacteria,false,,,,0.18751130865899,19,,,99.1884,89.8421,10^-47.6226,,,,,,0.02960704873563,3,,,100.0,30.6667,10^-10.6577,,,,,,0
60133,1,838,Prevotella pallens,"",bacteria,false,,,,,,,,,,,,,,,,0.01973803249042,2,,,98.5,33.0,10^-10.3834,,,,,,0
59823,1,838,Prevotella sp.,"",bacteria,false,,,,,,,,,,,,,,,,0.00986901624521,1,,,88.0,25.0,10^-4.16178,,,,,,0
28137,1,838,Prevotella veroralis,"",bacteria,false,,,,0.03947606498084,4,,,97.1697,97.25,10^-50.0493,,,,,,0.06908311371647,7,,,91.8857,30.2857,10^-8.43269,,,,,,0
28133,1,838,Prevotella nigrescens,"",bacteria,false,,,,0.07895212996168,8,,,99.7525,89.75,10^-48.3723,,,,,,0.06908311371647,7,,,92.4143,28.8571,10^-7.87986,,,,,,0
28132,1,838,Prevotella melaninogenica,"",bacteria,false,,,,0.11842819494252,12,,,99.6675,94.5833,10^-51.5507,,,,,,,,,,,,,,,,,,1
28131,1,838,Prevotella intermedia,"",bacteria,false,,,,0.01973803249042,2,,,99.505,101.0,10^-55.6939,,,,,,0.01973803249042,2,,,100.0,32.0,10^-12.4672,,,,,,1
28129,1,838,Prevotella denticola,"",bacteria,false,,,,0.01973803249042,2,,,100.0,100.5,10^-56.0391,,,,,,,,,,,,,,,,,,0
28128,1,838,Prevotella corporis,"",bacteria,false,,,,0.03947606498084,4,,,99.5025,100.25,10^-55.1825,,,,,,,,,,,,,,,,,,0
28125,1,838,Prevotella bivia,"",bacteria,false,,,,0.00986901624521,1,,,90.566,53.0,10^-16.8614,,,,,,,,,,,,,,,,,,1
836,2,836,Porphyromonas,"",bacteria,false,,,,0.28620147111108996,29,1,4,96.1734,108.828,10^-47.9525,,,,,,0.30593950360150995,31,,,96.7968,31.1613,10^-9.75179,,,,,"[1924944, 712435, 501496, 159274, 41976, 36874, 28124, 837]",1
1924944,1,836,Porphyromonas sp.,"",bacteria,false,,,,,,,,,,,,,,,,0.11842819494252,12,,,98.0667,29.4167,10^-9.34061,,,,,,0
712435,1,836,Porphyromonas sp. oral taxon 275,"",bacteria,false,,,,0.17764229241378,18,,,97.7047,92.1111,10^-47.2,,,,,,,,,,,,,,,,,,0
501496,1,836,Porphyromonas bennonis,"",bacteria,false,,,,,,,,,,,,,,,,0.00986901624521,1,,,93.1,29.0,10^-7.40782,,,,,,0
159274,1,836,uncultured Porphyromonas sp.,"",bacteria,false,,,,,,,,,,,,,,,,0.14803524367815,15,,,97.7667,32.7333,10^-10.4922,,,,,,0
41976,1,836,Porphyromonas catoniae,"",bacteria,false,,,,,,,,,,,,,,,,0.01973803249042,2,,,100.0,32.5,10^-10.3167,,,,,,0
36874,1,836,Porphyromonas cangingivalis,"",bacteria,false,,,,0.01973803249042,2,,,100.0,74.0,10^-37.9881,,,,,,,,,,,,,,,,,,0
28124,1,836,Porphyromonas endodontalis,"",bacteria,false,,,,0.00986901624521,1,,,92.0,100.0,10^-44.7192,,,,,,,,,,,,,,,,,,0
837,1,836,Porphyromonas gingivalis,"",bacteria,false,,,,0.07895212996168,8,1,4,92.293,156.25,10^-52.5409,,,,,,0.00986901624521,1,,,64.3,28.0,10^-4.79317,,,,,,1
830,2,830,Butyrivibrio,"",bacteria,false,,,,0.01973803249042,2,,,93.972,90.0,10^-41.3342,,,,,,,,,,,,,,,,,"[185008, 43305]",0
185008,1,830,Butyrivibrio hungatei,"",bacteria,false,,,,0.00986901624521,1,,,90.217,92.0,10^-37.8936,,,,,,,,,,,,,,,,,,0
43305,1,830,Butyrivibrio proteoclasticus,"",bacteria,false,,,,0.00986901624521,1,,,97.727,88.0,10^-44.7747,,,,,,,,,,,,,,,,,,0
816,2,816,Bacteroides,"",bacteria,false,,,,0.14803524367815,15,1,8,92.3402,233.467,10^-87.9561,,,,,,0.21711835739462,22,,,86.2318,28.8182,10^-8.3758,,,,,"[2981780, 469588, 457391, 457390, 371601, 290053, 162156, 47678, 28113, 820, 818, 817]",0
2981780,1,816,Bacteroides cellulolyticus,"",bacteria,false,,,,,,,,,,,,,,,,0.01973803249042,2,,,74.1,27.0,10^-3.61183,,,,,,0
469588,1,816,Bacteroides sp. 2_1_22,"",bacteria,false,,,,,,,,,,,,,,,,0.01973803249042,2,,,93.3,30.0,10^-11.7721,,,,,,0
457391,1,816,Bacteroides sp. 3_1_33FAA,"",bacteria,false,,,,,,,,,,,,,,,,0.01973803249042,2,,,93.55,29.5,10^-11.2193,,,,,,0
457390,1,816,Bacteroides sp. 3_1_23,"",bacteria,false,,,,,,,,,,,,,,,,0.02960704873563,3,,,78.2667,29.0,10^-9.25095,,,,,,0
371601,1,816,Bacteroides xylanisolvens,"",bacteria,false,,,,,,,,,,,,,,,,0.00986901624521,1,,,87.1,31.0,10^-9.52724,,,,,,0
290053,1,816,Bacteroides helcogenes,"",bacteria,false,,,,0.00986901624521,1,,,100.0,100.0,10^-55.6982,,,,,,,,,,,,,,,,,,0
162156,1,816,uncultured Bacteroides sp.,"",bacteria,false,,,,0.00986901624521,1,,,100.0,101.0,10^-56.3801,,,,,,,,,,,,,,,,,,0
47678,1,816,Bacteroides caccae,"",bacteria,false,,,,,,,,,,,,,,,,0.00986901624521,1,,,90.6,32.0,10^-11.475,,,,,,0
28113,1,816,Bacteroides heparinolyticus,"",bacteria,false,,,,0.0986901624521,10,1,8,91.177,302.6,10^-109.288,,,,,,,,,,,,,,,,,,0
820,1,816,Bacteroides uniformis,"",bacteria,false,,,,,,,,,,,,,,,,0.01973803249042,2,,,95.1,20.5,10^-4.35605,,,,,,0
818,1,816,Bacteroides thetaiotaomicron,"",bacteria,false,,,,0.01973803249042,2,,,88.0,100.0,10^-39.2297,,,,,,,,,,,,,,,,,,0
817,1,816,Bacteroides fragilis,"",bacteria,false,,,,0.00986901624521,1,,,97.333,75.0,10^-35.9238,,,,,,0.08882114620689,9,,,85.8333,30.0,10^-8.17712,,,,,,0
810,2,810,Chlamydia,"",bacteria,false,,,,,,,,,,,,,,,,5.96088581210684,604,12,170,88.6855,39.1623,10^-15.6803,,,,,"[1405396, 83555, 83554, 813]",2
1405396,1,810,Chlamydia ibidis,"",bacteria,false,,,,,,,,,,,,,,,,0.34541556858234995,35,1,9,87.5525,37.9429,10^-15.0086,,,,,,0
83555,1,810,Chlamydia abortus,"",bacteria,false,,,,,,,,,,,,,,,,2.73371749992317,277,5,73,93.3086,39.065,10^-17.466,,,,,,0
83554,1,810,Chlamydia psittaci,"",bacteria,false,,,,,,,,,,,,,,,,2.59555127249023,263,4,75,83.4665,39.3612,10^-13.5442,,,,,,1
813,1,810,Chlamydia trachomatis,"",bacteria,false,,,,,,,,,,,,,,,,0.28620147111108996,29,2,13,93.2251,39.7586,10^-18.8077,,,,,,1
780,2,780,Rickettsia,"",bacteria,false,,,,0.00986901624521,1,,,94.667,75.0,10^-33.179,,,,,,0.0986901624521,10,,,83.86,29.8,10^-7.06188,,,,,"[42862, 35791, 783, 782]",3
42862,1,780,Rickettsia felis,"",bacteria,false,,,,,,,,,,,,,,,,0.00986901624521,1,,,93.3,30.0,10^-9.44855,,,,,,1
35791,1,780,Rickettsia massiliae,"",bacteria,false,,,,,,,,,,,,,,,,0.01973803249042,2,,,100.0,28.0,10^-7.33442,,,,,,0
783,1,780,Rickettsia rickettsii,"",bacteria,false,,,,0.00986901624521,1,,,94.667,75.0,10^-33.179,,,,,,,,,,,,,,,,,,1
782,1,780,Rickettsia prowazekii,"",bacteria,false,,,,,,,,,,,,,,,,0.06908311371647,7,,,77.9,30.2857,10^-6.64306,,,,,,1
773,2,773,Bartonella,"",bacteria,false,,,,0.01973803249042,2,,,100.0,67.0,10^-33.228,,,,,,,,,,,,,,,,,[2979331],0
2979331,1,773,Bartonella sp. HY406,"",bacteria,false,,,,0.01973803249042,2,,,100.0,67.0,10^-33.228,,,,,,,,,,,,,,,,,,0
768,2,768,Anaplasma,"",bacteria,false,,,,,,,,,,,,,,,,0.01973803249042,2,,,85.7,28.0,10^-6.81531,,,,,[948],1
948,1,768,Anaplasma phagocytophilum,"",bacteria,false,,,,,,,,,,,,,,,,0.01973803249042,2,,,85.7,28.0,10^-6.81531,,,,,,1
745,2,745,Pasteurella,"",bacteria,false,,,,0.04934508122605,5,,,97.8218,89.0,10^-45.1865,,,,,,0.07895212996168,8,,,79.2375,29.875,10^-6.77954,,,,,[747],1
747,1,745,Pasteurella multocida,"",bacteria,false,,,,0.04934508122605,5,,,97.8218,89.0,10^-45.1865,,,,,,0.07895212996168,8,,,79.2375,29.875,10^-6.77954,,,,,,1
724,2,724,Haemophilus,"",bacteria,false,,,,0.41449868229882,42,,,99.1476,94.4762,10^-50.9263,,,,,,2.45738504505729,249,1,145,72.9325,41.6368,10^-10.7296,,,,,"[1078480, 712310, 740, 735, 734, 730, 729, 727, 726]",3
1078480,1,724,Haemophilus sputorum,"",bacteria,false,,,,,,,,,,,,,,,,0.03947606498084,4,,,100.0,33.0,10^-10.7543,,,,,,0
712310,1,724,Haemophilus sp. oral taxon 036,"",bacteria,false,,,,0.02960704873563,3,,,99.1767,87.6667,10^-46.3799,,,,,,,,,,,,,,,,,,0
740,1,724,Haemophilus sp.,"",bacteria,false,,,,,,,,,,,,,,,,0.00986901624521,1,,,97.0,33.0,10^-12.6055,,,,,,0
735,1,724,Haemophilus parahaemolyticus,"",bacteria,false,,,,0.07895212996168,8,,,98.551,96.875,10^-51.6816,,,,,,0.03947606498084,4,,,100.0,30.5,10^-9.51524,,,,,,0
734,1,724,Haemophilus paracuniculus,"",bacteria,false,,,,0.00986901624521,1,,,97.959,98.0,10^-48.8451,,,,,,,,,,,,,,,,,,0
730,1,724,[Haemophilus] ducreyi,"",bacteria,false,,,,,,,,,,,,,,,,0.00986901624521,1,,,100.0,22.0,10^-3.54975,,,,,,1
729,1,724,Haemophilus parainfluenzae,"",bacteria,false,,,,0.12829721118773,13,,,99.0972,90.7692,10^-48.7911,,,,,,0.03947606498084,4,,,96.2,27.0,10^-9.38042,,,,,,1
727,1,724,Haemophilus influenzae,"",bacteria,false,,,,0.10855917869731,11,,,99.3663,97.5455,10^-53.1527,,,,,,2.27974275264351,231,1,145,70.9019,42.5648,10^-10.7971,,,,,,1
726,1,724,Haemophilus haemolyticus,"",bacteria,false,,,,0.05921409747126,6,,,99.835,96.5,10^-53.0842,,,,,,0.03947606498084,4,,,92.4,33.0,10^-10.9471,,,,,,0
713,2,713,Actinobacillus,"",bacteria,false,,,,0.03947606498084,4,,,94.7337,78.25,10^-36.0964,,,,,,0.15790425992336,16,,,86.1438,31.375,10^-7.96519,,,,,"[157339, 718, 715]",0
157339,1,713,Actinobacillus arthritidis,"",bacteria,false,,,,0.01973803249042,2,,,91.9675,56.0,10^-19.5847,,,,,,,,,,,,,,,,,,0
718,1,713,Actinobacillus equuli,"",bacteria,false,,,,0.00986901624521,1,,,100.0,101.0,10^-56.3801,,,,,,,,,,,,,,,,,,0
715,1,713,Actinobacillus pleuropneumoniae,"",bacteria,false,,,,0.00986901624521,1,,,95.0,100.0,10^-48.8363,,,,,,0.15790425992336,16,,,86.1438,31.375,10^-7.96519,,,,,,0
662,2,662,Vibrio,"",bacteria,false,,,,0.06908311371647,7,,,99.5606,84.8571,10^-44.8007,,,,,,12.178366046589138,1234,4,974,83.9468,45.0079,10^-19.2211,,,,,"[2479546, 2056189, 2024409, 1516159, 435912, 184755, 55601, 50719, 28171, 687, 680, 676, 670, 669, 666, 663]",3
2479546,1,662,Vibrio zhugei,"",bacteria,false,,,,0.02960704873563,3,,,100.0,100.333,10^-55.468,,,,,,,,,,,,,,,,,,0
2056189,1,662,Vibrio sp. 10N.286.48.B8,"",bacteria,false,,,,,,,,,,,,,,,,0.02960704873563,3,,,84.8,33.0,10^-7.42496,,,,,,0
2024409,1,662,Vibrio sp. 03_296,"",bacteria,false,,,,,,,,,,,,,,,,0.01973803249042,2,,,81.85,33.0,10^-9.58503,,,,,,0
1516159,1,662,Vibrio coralliirubri,"",bacteria,false,,,,,,,,,,,,,,,,0.00986901624521,1,,,78.8,33.0,10^-11.6596,,,,,,0
435912,1,662,Vibrio porteresiae,"",bacteria,false,,,,0.00986901624521,1,,,100.0,100.0,10^-55.6982,,,,,,,,,,,,,,,,,,0
184755,1,662,Vibrio ruber,"",bacteria,false,,,,,,,,,,,,,,,,0.00986901624521,1,,,87.9,33.0,10^-10.4461,,,,,,0
55601,1,662,Vibrio anguillarum,"",bacteria,false,,,,,,,,,,,,,,,,0.04934508122605,5,,,93.12,31.4,10^-12.0302,,,,,,0
50719,1,662,Vibrio diabolicus,"",bacteria,false,,,,0.00986901624521,1,,,100.0,63.0,10^-30.51,,,,,,0.01973803249042,2,,,80.9,31.5,10^-5.22266,,,,,,0
28171,1,662,Vibrio aestuarianus,"",bacteria,false,,,,,,,,,,,,,,,,0.00986901624521,1,,,97.0,33.0,10^-14.6091,,,,,,0
687,1,662,Vibrio gazogenes,"",bacteria,false,,,,,,,,,,,,,,,,0.00986901624521,1,,,81.8,33.0,10^-8.8729,,,,,,0
680,1,662,Vibrio campbellii,"",bacteria,false,,,,,,,,,,,,,,,,0.7401762183907499,75,,,82.3027,28.3562,10^-7.61391,,,,,,0
676,1,662,Vibrio fluvialis,"",bacteria,false,,,,0.00986901624521,1,,,98.462,65.0,10^-30.4964,,,,,,,,,,,,,,,,,,0
670,1,662,Vibrio parahaemolyticus,"",bacteria,false,,,,,,,,,,,,,,,,1.8356370216090598,186,2,60,88.6108,42.4615,10^-18.7206,,,,,,1
669,1,662,Vibrio harveyi,"",bacteria,false,,,,,,,,,,,,,,,,0.03947606498084,4,,,84.4,30.25,10^-7.66771,,,,,,0
666,1,662,Vibrio cholerae,"",bacteria,false,,,,0.00986901624521,1,,,98.462,65.0,10^-30.4964,,,,,,9.39530346543992,952,2,914,83.0373,47.2735,10^-20.5455,,,,,,1
663,1,662,Vibrio alginolyticus,"",bacteria,false,,,,,,,,,,,,,,,,0.00986901624521,1,,,90.3,31.0,10^-10.7932,,,,,,1
657,2,657,Photobacterium,"",bacteria,false,,,,,,,,,,,,,,,,0.02960704873563,3,,,85.9333,30.6667,10^-6.96824,,,,,"[318456, 38293]",1
318456,1,657,Photobacterium kishitanii,"",bacteria,false,,,,,,,,,,,,,,,,0.01973803249042,2,,,86.7,30.0,10^-6.78516,,,,,,0
38293,1,657,Photobacterium damselae,"",bacteria,false,,,,,,,,,,,,,,,,0.00986901624521,1,,,84.4,32.0,10^-7.33442,,,,,,1
642,2,642,Aeromonas,"",bacteria,false,,,,0.7993903158620099,81,,,99.6984,97.1111,10^-53.2731,,,,,,0.30593950360150995,31,,,95.1226,29.1935,10^-8.43361,,,,,"[2989831, 600645, 263763, 196024, 654, 651, 648, 647, 645, 644]",3
2989831,1,642,Aeromonas sp. QDB30,"",bacteria,false,,,,,,,,,,,,,,,,0.00986901624521,1,,,100.0,27.0,10^-6.75449,,,,,,0
600645,1,642,Aeromonas piscicola,"",bacteria,false,,,,,,,,,,,,,,,,0.00986901624521,1,,,100.0,32.0,10^-11.0237,,,,,,0
263763,1,642,uncultured Aeromonas sp.,"",bacteria,false,,,,0.00986901624521,1,,,100.0,101.0,10^-56.3801,,,,,,,,,,,,,,,,,,0
196024,1,642,Aeromonas dhakensis,"",bacteria,false,,,,0.00986901624521,1,,,100.0,101.0,10^-56.3801,,,,,,0.03947606498084,4,,,88.3,32.5,10^-9.09216,,,,,,0
654,1,642,Aeromonas veronii,"",bacteria,false,,,,0.1973803249042,20,,,99.9333,94.85,10^-52.0529,,,,,,0.01973803249042,2,,,98.0,27.5,10^-6.30551,,,,,,1
651,1,642,Aeromonas media,"",bacteria,false,,,,0.01973803249042,2,,,98.515,100.5,10^-53.9806,,,,,,0.01973803249042,2,,,100.0,23.5,10^-3.57689,,,,,,0
648,1,642,Aeromonas caviae,"",bacteria,false,,,,0.31580851984672,32,,,99.5042,97.375,10^-53.2239,,,,,,0.08882114620689,9,,,89.1778,31.4444,10^-9.67011,,,,,,1
647,1,642,Aeromonas sp.,"",bacteria,false,,,,,,,,,,,,,,,,0.00986901624521,1,,,100.0,27.0,10^-7.74232,,,,,,0
645,1,642,Aeromonas salmonicida,"",bacteria,false,,,,0.00986901624521,1,,,100.0,62.0,10^-29.8308,,,,,,0.06908311371647,7,,,99.5714,25.4286,10^-6.68339,,,,,,0
644,1,642,Aeromonas hydrophila,"",bacteria,false,,,,0.23685638988504,24,,,99.8225,99.5,10^-55.0144,,,,,,0.03947606498084,4,,,100.0,31.5,10^-11.4933,,,,,,1
635,2,635,Edwardsiella,"",bacteria,false,,,,,,,,,,,,,,,,0.16777327616857,17,,,92.2118,32.0,10^-11.1647,,,,,[636],1
636,1,635,Edwardsiella tarda,"",bacteria,false,,,,,,,,,,,,,,,,0.16777327616857,17,,,92.2118,32.0,10^-11.1647,,,,,,1
629,2,629,Yersinia,"",bacteria,false,,,,0.04934508122605,5,,,93.3962,99.6,10^-46.0934,,,,,,0.1973803249042,20,,,88.115,30.25,10^-9.07542,,,,,"[33060, 29486, 632, 630]",2
33060,1,629,Yersinia mollaretii,"",bacteria,false,,,,0.04934508122605,5,,,93.3962,99.6,10^-46.0934,,,,,,,,,,,,,,,,,,0
29486,1,629,Yersinia ruckeri,"",bacteria,false,,,,,,,,,,,,,,,,0.04934508122605,5,,,82.4,33.0,10^-10.1438,,,,,,0
632,1,629,Yersinia pestis,"",bacteria,false,,,,,,,,,,,,,,,,0.05921409747126,6,,,89.0167,31.6667,10^-11.0896,,,,,,1
630,1,629,Yersinia enterocolitica,"",bacteria,false,,,,,,,,,,,,,,,,0.08882114620689,9,,,90.6889,27.7778,10^-7.13909,,,,,,1
626,2,626,Xenorhabdus,"",bacteria,false,,,,0.01973803249042,2,,,97.196,93.0,10^-46.8102,,,,,,0.38489163356318995,39,1,29,77.0365,42.4615,10^-15.0946,,,,,"[869803, 351676, 40576, 628]",0
869803,1,626,Xenorhabdus sp. SGor1,"",bacteria,false,,,,0.00986901624521,1,,,95.402,87.0,10^-41.3488,,,,,,,,,,,,,,,,,,0
351676,1,626,Xenorhabdus kozodoii,"",bacteria,false,,,,,,,,,,,,,,,,0.30593950360150995,31,1,29,75.4459,45.129,10^-16.5638,,,,,,0
40576,1,626,Xenorhabdus bovienii,"",bacteria,false,,,,,,,,,,,,,,,,0.07895212996168,8,,,83.2,32.125,10^-9.40168,,,,,,0
628,1,626,Xenorhabdus nematophila,"",bacteria,false,,,,0.00986901624521,1,,,98.99,99.0,10^-52.2716,,,,,,,,,,,,,,,,,,0
620,2,620,Shigella,"",bacteria,false,,,,0.00986901624521,1,,,100.0,101.0,10^-56.3801,,,,,,0.08882114620689,9,,,85.4333,27.8889,10^-7.2269,,,,,"[624, 623, 621]",3
624,1,620,Shigella sonnei,"",bacteria,false,,,,,,,,,,,,,,,,0.01973803249042,2,,,93.35,30.5,10^-9.55082,,,,,,1
623,1,620,Shigella flexneri,"",bacteria,false,,,,0.00986901624521,1,,,100.0,101.0,10^-56.3801,,,,,,0.04934508122605,5,,,77.8,26.4,10^-4.31436,,,,,,1
621,1,620,Shigella boydii,"",bacteria,false,,,,,,,,,,,,,,,,0.01973803249042,2,,,96.6,29.0,10^-12.1844,,,,,,1
613,2,613,Serratia,"",bacteria,false,,,,1.10532981946352,112,,,99.5972,94.4144,10^-51.4255,,,,,,0.34541556858234995,35,,,96.5571,30.6286,10^-11.4197,,,,,"[3020826, 239175, 82996, 82995, 615]",1
3020826,1,613,Serratia sp. K-M0706,"",bacteria,false,,,,0.00986901624521,1,,,100.0,100.0,10^-55.6982,,,,,,,,,,,,,,,,,,0
239175,1,613,uncultured Serratia sp.,"",bacteria,false,,,,0.01973803249042,2,,,100.0,100.0,10^-55.6982,,,,,,,,,,,,,,,,,,0
82996,1,613,Serratia plymuthica,"",bacteria,false,,,,0.01973803249042,2,,,96.521,42.0,10^-14.2207,,,,,,,,,,,,,,,,,,0
82995,1,613,Serratia grimesii,"",bacteria,false,,,,0.01973803249042,2,,,97.0295,101.0,10^-52.2629,,,,,,,,,,,,,,,,,,0
615,1,613,Serratia marcescens,"",bacteria,false,,,,1.03624670574705,105,,,99.6942,95.1346,10^-52.0017,,,,,,0.34541556858234995,35,,,96.5571,30.6286,10^-11.4197,,,,,,1
590,2,590,Salmonella,"",bacteria,false,,,,0.38489163356318995,39,,,99.2424,96.6667,10^-52.266,,,,,,6.434598591876919,652,1,604,85.2146,111.557,10^-60.7338,,,,,[28901],1
28901,1,590,Salmonella enterica,"",bacteria,false,,,,0.38489163356318995,39,,,99.2424,96.6667,10^-52.266,,,,,,6.434598591876919,652,1,604,85.2146,111.557,10^-60.7338,,,,,,1
586,2,586,Providencia,"",bacteria,false,,,,0.1973803249042,20,,,99.4997,83.15,10^-43.8264,,,,,,0.50331982850571,51,,,89.9306,30.3878,10^-9.8253,,,,,"[516074, 126385, 589, 588, 587]",2
516074,1,586,Providencia burhodogranariea,"",bacteria,false,,,,,,,,,,,,,,,,0.03947606498084,4,,,92.6,33.5,10^-13.2044,,,,,,0
126385,1,586,Providencia alcalifaciens,"",bacteria,false,,,,0.03947606498084,4,,,99.505,100.75,10^-55.5234,,,,,,,,,,,,,,,,,,1
589,1,586,Providencia sp.,"",bacteria,false,,,,0.00986901624521,1,,,100.0,44.0,10^-17.6284,,,,,,,,,,,,,,,,,,0
588,1,586,Providencia stuartii,"",bacteria,false,,,,0.03947606498084,4,,,98.611,68.5,10^-33.6169,,,,,,0.37502261731798,38,,,89.5474,30.7105,10^-9.77128,,,,,,0
587,1,586,Providencia rettgeri,"",bacteria,false,,,,0.10855917869731,11,,,99.7755,85.6364,10^-45.6671,,,,,,0.08882114620689,9,,,90.9556,28.3333,10^-9.30247,,,,,,1
583,2,583,Proteus,"",bacteria,false,,,,0.25659442237546,26,,,99.7808,89.1154,10^-48.0203,,,,,,0.21711835739462,22,,,90.6,28.2273,10^-6.82171,,,,,"[183417, 584]",1
183417,1,583,Proteus hauseri,"",bacteria,false,,,,,,,,,,,,,,,,0.00986901624521,1,,,84.4,32.0,10^-10.6021,,,,,,0
584,1,583,Proteus mirabilis,"",bacteria,false,,,,0.25659442237546,26,,,99.7808,89.1154,10^-48.0203,,,,,,0.20724934114941,21,,,90.8952,28.0476,10^-6.6417,,,,,,1
581,2,581,Morganella,"",bacteria,false,,,,0.6414860559386499,65,1,29,99.7374,149.548,10^-76.8299,,,,,,0.07895212996168,8,,,96.8714,32.1429,10^-12.56,,,,,[582],1
582,1,581,Morganella morganii,"",bacteria,false,,,,0.6414860559386499,65,1,29,99.7374,149.548,10^-76.8299,,,,,,0.07895212996168,8,,,96.8714,32.1429,10^-12.56,,,,,,1
579,2,579,Kluyvera,"",bacteria,false,,,,0.01973803249042,2,,,100.0,100.0,10^-55.6982,,,,,,0.01973803249042,2,,,100.0,32.5,10^-12.0687,,,,,[51288],0
51288,1,579,Kluyvera ascorbata,"",bacteria,false,,,,0.01973803249042,2,,,100.0,100.0,10^-55.6982,,,,,,0.01973803249042,2,,,100.0,32.5,10^-12.0687,,,,,,0
570,2,570,Klebsiella,"",bacteria,false,,,,0.5822719584673899,59,,,99.9299,92.0678,10^-50.1582,,,,,,1.3224481768581398,134,,,92.1682,30.3485,10^-10.8369,,,,,"[2058152, 1463165, 1134687, 936565, 244366, 573, 571, 548]",3
2058152,1,570,Klebsiella grimontii,"",bacteria,false,,,,0.02960704873563,3,,,100.0,91.6667,10^-50.0227,,,,,,,,,,,,,,,,,,0
1463165,1,570,Klebsiella quasipneumoniae,"",bacteria,false,,,,0.00986901624521,1,,,100.0,101.0,10^-56.3801,,,,,,,,,,,,,,,,,,0
1134687,1,570,Klebsiella michiganensis,"",bacteria,false,,,,0.06908311371647,7,,,100.0,97.5714,10^-54.0431,,,,,,0.03947606498084,4,,,99.25,30.25,10^-10.67,,,,,,0
936565,1,570,Klebsiella sp. OBRC7,"",bacteria,false,,,,,,,,,,,,,,,,0.00986901624521,1,,,100.0,32.0,10^-9.32148,,,,,,0
244366,1,570,Klebsiella variicola,"",bacteria,false,,,,0.02960704873563,3,,,100.0,84.3333,10^-45.026,,,,,,0.00986901624521,1,,,90.9,33.0,10^-12.0137,,,,,,0
573,1,570,Klebsiella pneumoniae,"",bacteria,false,,,,0.36515360107276995,37,,,99.8883,91.2162,10^-49.497,,,,,,1.19415096567041,121,,,91.8208,30.225,10^-10.8133,,,,,,1
571,1,570,Klebsiella oxytoca,"",bacteria,false,,,,0.04934508122605,5,,,100.0,95.2,10^-52.4292,,,,,,0.01973803249042,2,,,100.0,32.0,10^-16.3251,,,,,,1
548,1,570,Klebsiella aerogenes,"",bacteria,false,,,,0.02960704873563,3,,,100.0,89.6667,10^-48.6556,,,,,,0.04934508122605,5,,,89.95,32.25,10^-9.05121,,,,,,1
561,2,561,Escherichia,"",bacteria,false,,,,1.56917358298839,159,2,10,99.7806,96.4064,10^-51.164,,,,,,52.83871297685433,5354,4,4932,83.6966,124.587,10^-65.2469,,,,,"[2044467, 208962, 562]",1
2044467,1,561,Escherichia sp. E4742,"",bacteria,false,,,,0.01973803249042,2,,,99.505,99.5,10^-54.6711,,,,,,,,,,,,,,,,,,0
208962,1,561,Escherichia albertii,"",bacteria,false,,,,0.00986901624521,1,,,100.0,100.0,10^-55.6982,,,,,,,,,,,,,,,,,,0
562,1,561,Escherichia coli,"",bacteria,false,,,,1.5395665342527598,156,2,10,99.7827,96.3421,10^-51.0881,,,,,,52.83871297685433,5354,4,4932,83.6966,124.587,10^-65.2469,,,,,,1
551,2,551,Erwinia,"",bacteria,false,,,,0.12829721118773,13,,,97.1332,96.6667,10^-49.6526,,,,,,,,,,,,,,,,,"[2675378, 215689, 79967, 55212, 55211, 552]",0
2675378,1,551,Erwinia sp. E602,"",bacteria,false,,,,0.03947606498084,4,,,99.2422,100.25,10^-54.8394,,,,,,,,,,,,,,,,,,0
215689,1,551,Erwinia sp. Ejp617,"",bacteria,false,,,,0.02960704873563,3,,,91.7457,97.0,10^-42.6741,,,,,,,,,,,,,,,,,,0
79967,1,551,Erwinia pyrifoliae,"",bacteria,false,,,,0.00986901624521,1,,,99.01,101.0,10^-55.0077,,,,,,,,,,,,,,,,,,0
55212,1,551,Erwinia rhapontici,"",bacteria,false,,,,0.00986901624521,1,,,100.0,100.0,10^-55.6982,,,,,,,,,,,,,,,,,,0
55211,1,551,Erwinia persicina,"",bacteria,false,,,,0.00986901624521,1,,,100.0,80.0,10^-42.0714,,,,,,,,,,,,,,,,,,0
552,1,551,Erwinia amylovora,"",bacteria,false,,,,0.02960704873563,3,,,97.191,93.5,10^-47.8368,,,,,,,,,,,,,,,,,,0
547,2,547,Enterobacter,"",bacteria,false,,,,0.7895212996168,80,,,99.8736,95.075,10^-52.1574,,,,,,0.55266490973176,56,,,89.1054,30.8393,10^-10.6689,,,,,"[2529381, 1812935, 1329825, 881260, 299767, 208224, 158836, 61645, 42895, 550]",1
2529381,1,547,Enterobacter wuhouensis,"",bacteria,false,,,,,,,,,,,,,,,,0.01973803249042,2,,,81.55,32.5,10^-12.2678,,,,,,0
1812935,1,547,Enterobacter roggenkampii,"",bacteria,false,,,,0.03947606498084,4,,,100.0,98.75,10^-54.8461,,,,,,,,,,,,,,,,,,0
1329825,1,547,Enterobacter sp. MGH 16,"",bacteria,false,,,,,,,,,,,,,,,,0.00986901624521,1,,,90.3,31.0,10^-10.8697,,,,,,0
881260,1,547,Enterobacter bugandensis,"",bacteria,false,,,,0.01973803249042,2,,,100.0,101.0,10^-56.3801,,,,,,,,,,,,,,,,,,0
299767,1,547,Enterobacter ludwigii,"",bacteria,false,,,,0.00986901624521,1,,,100.0,86.0,10^-46.1571,,,,,,0.00986901624521,1,,,76.7,30.0,10^-6.6968,,,,,,0
208224,1,547,Enterobacter kobei,"",bacteria,false,,,,0.00986901624521,1,,,98.99,99.0,10^-53.644,,,,,,,,,,,,,,,,,,0
158836,1,547,Enterobacter hormaechei,"",bacteria,false,,,,0.13816622743294,14,,,99.6399,94.0,10^-51.1223,,,,,,0.21711835739462,22,,,94.75,30.8636,10^-11.8666,,,,,,0
61645,1,547,Enterobacter asburiae,"",bacteria,false,,,,0.07895212996168,8,,,100.0,82.125,10^-43.3756,,,,,,0.01973803249042,2,,,86.05,32.0,10^-10.2786,,,,,,0
42895,1,547,Enterobacter sp.,"",bacteria,false,,,,0.01973803249042,2,,,100.0,101.0,10^-56.3801,,,,,,,,,,,,,,,,,,0
550,1,547,Enterobacter cloacae,"",bacteria,false,,,,0.47371277977008,48,,,99.9154,96.8542,10^-53.441,,,,,,0.27633245486588,28,,,85.8286,30.6429,10^-9.7762,,,,,,1
544,2,544,Citrobacter,"",bacteria,false,,,,0.14803524367815,15,,,97.4215,86.9333,10^-44.1591,,,,,,0.28620147111108996,29,,,92.2793,31.3103,10^-12.1783,,,,,"[2781952, 1981983, 1686382, 1639133, 35703, 546, 545]",1
2781952,1,544,Citrobacter sp. BDA59-3,"",bacteria,false,,,,0.01973803249042,2,,,97.368,38.0,10^-12.2026,,,,,,,,,,,,,,,,,,0
1981983,1,544,Citrobacter sp. L55,"",bacteria,false,,,,,,,,,,,,,,,,0.06908311371647,7,,,88.7857,31.7143,10^-11.4939,,,,,,0
1686382,1,544,Citrobacter sp. MGH109,"",bacteria,false,,,,,,,,,,,,,,,,0.00986901624521,1,,,93.9,33.0,10^-10.4425,,,,,,0
1639133,1,544,Citrobacter portucalensis,"",bacteria,false,,,,0.00986901624521,1,,,100.0,96.0,10^-52.9712,,,,,,,,,,,,,,,,,,0
35703,1,544,Citrobacter amalonaticus,"",bacteria,false,,,,0.01973803249042,2,,,87.273,70.5,10^-23.2571,,,,,,,,,,,,,,,,,,0
546,1,544,Citrobacter freundii,"",bacteria,false,,,,0.04934508122605,5,,,99.802,97.8,10^-53.924,,,,,,0.1973803249042,20,,,93.035,31.6,10^-12.8426,,,,,,1
545,1,544,Citrobacter koseri,"",bacteria,false,,,,0.04934508122605,5,,,98.606,100.4,10^-53.7751,,,,,,0.00986901624521,1,,,100.0,21.0,10^-5.41794,,,,,,0
541,2,541,Zymomonas,"",bacteria,false,,,,0.00986901624521,1,,,100.0,45.0,10^-18.3048,,,,,,,,,,,,,,,,,[542],0
542,1,541,Zymomonas mobilis,"",bacteria,false,,,,0.00986901624521,1,,,100.0,45.0,10^-18.3048,,,,,,,,,,,,,,,,,,0
535,2,535,Chromobacterium,"",bacteria,false,,,,0.02960704873563,3,,,96.154,61.3333,10^-26.6426,,,,,,50.6280533379273,5130,1,5124,79.0545,233.744,10^-112.26,,,,,"[394935, 536]",0
394935,1,535,Chromobacterium haemolyticum,"",bacteria,false,,,,0.00986901624521,1,,,100.0,80.0,10^-42.0714,,,,,,0.05921409747126,6,,,74.65,30.1667,10^-5.3842,,,,,,0
536,1,535,Chromobacterium violaceum,"",bacteria,false,,,,0.01973803249042,2,,,94.231,52.0,10^-18.9282,,,,,,50.568839240456036,5124,1,5124,79.06,234.0,10^-112.395,,,,,,0
528,2,528,Ochrobactrum,"",bacteria,false,,,,0.00986901624521,1,,,97.436,78.0,10^-37.9653,,,,,,,,,,,,,,,,,[383342],0
383342,1,528,Ochrobactrum sp. 71752-37,"",bacteria,false,,,,0.00986901624521,1,,,97.436,78.0,10^-37.9653,,,,,,,,,,,,,,,,,,0
522,2,522,Acidiphilium,"",bacteria,false,,,,,,,,,,,,,,,,0.06908311371647,7,,,92.9143,30.4286,10^-8.35977,,,,,[62140],0
62140,1,522,Acidiphilium multivorum,"",bacteria,false,,,,,,,,,,,,,,,,0.06908311371647,7,,,92.9143,30.4286,10^-8.35977,,,,,,0
517,2,517,Bordetella,"",bacteria,false,,,,0.00986901624521,1,,,100.0,101.0,10^-56.3801,,,,,,0.01973803249042,2,,,92.45,33.0,10^-10.058,,,,,"[123899, 520]",1
123899,1,517,Bordetella trematum,"",bacteria,false,,,,0.00986901624521,1,,,100.0,101.0,10^-56.3801,,,,,,,,,,,,,,,,,,0
520,1,517,Bordetella pertussis,"",bacteria,false,,,,,,,,,,,,,,,,0.01973803249042,2,,,92.45,33.0,10^-10.058,,,,,,1
497,2,497,Psychrobacter,"",bacteria,false,,,,0.20724934114941,21,,,97.7595,91.2857,10^-47.0225,,,,,,0.07895212996168,8,,,100.0,25.75,10^-8.09441,,,,,"[3043330, 2772254, 2517899, 1811325, 1720344, 1415574, 1414745, 554343, 261164, 259303, 180588, 56811]",0
3043330,1,497,Psychrobacter sp. WB2,"",bacteria,false,,,,0.04934508122605,5,,,96.2004,87.0,10^-41.6399,,,,,,,,,,,,,,,,,,0
2772254,1,497,Psychrobacter sp. 28M-43,"",bacteria,false,,,,0.00986901624521,1,,,92.537,67.0,10^-26.3662,,,,,,,,,,,,,,,,,,0
2517899,1,497,Psychrobacter sp. KH172YL61,"",bacteria,false,,,,0.03947606498084,4,,,98.1342,92.0,10^-48.5357,,,,,,,,,,,,,,,,,,0
1811325,1,497,Psychrobacter sp. ALBL_191,"",bacteria,false,,,,0.00986901624521,1,,,100.0,101.0,10^-56.3801,,,,,,,,,,,,,,,,,,0
1720344,1,497,Psychrobacter sp. AntiMn-1,"",bacteria,false,,,,0.01973803249042,2,,,95.0195,100.0,10^-48.8364,,,,,,,,,,,,,,,,,,0
1415574,1,497,Psychrobacter sp. LV10R520-6,"",bacteria,false,,,,0.00986901624521,1,,,98.824,85.0,10^-44.1036,,,,,,,,,,,,,,,,,,0
1414745,1,497,Psychrobacter sp. AB2,"",bacteria,false,,,,0.00986901624521,1,,,100.0,101.0,10^-56.3801,,,,,,,,,,,,,,,,,,0
554343,1,497,Psychrobacter piscatorii,"",bacteria,false,,,,,,,,,,,,,,,,0.00986901624521,1,,,100.0,26.0,10^-7.56067,,,,,,0
261164,1,497,Psychrobacter alimentarius,"",bacteria,false,,,,0.03947606498084,4,,,99.5025,100.5,10^-55.3529,,,,,,,,,,,,,,,,,,0
259303,1,497,uncultured Psychrobacter sp.,"",bacteria,false,,,,,,,,,,,,,,,,0.00986901624521,1,,,100.0,32.0,10^-12.7328,,,,,,0
180588,1,497,Psychrobacter faecalis,"",bacteria,false,,,,0.00986901624521,1,,,100.0,101.0,10^-56.3801,,,,,,,,,,,,,,,,,,0
56811,1,497,Psychrobacter sp.,"",bacteria,false,,,,0.00986901624521,1,,,100.0,57.0,10^-26.4364,,,,,,0.05921409747126,6,,,100.0,24.6667,10^-7.41029,,,,,,0
482,2,482,Neisseria,"",bacteria,false,,,,2.45738504505729,249,5,159,99.4184,289.947,10^-175.33,,,,,,1.02637768950184,104,1,21,97.3539,34.5644,10^-14.8185,,,,,"[2972775, 1871109, 1739542, 1739458, 1715205, 1715052, 1608896, 1581049, 1107316, 665946, 641148, 237778, 496, 495, 490, 488, 487, 486, 485, 483]",2
2972775,1,482,Neisseria sp. Marseille-Q5346,"",bacteria,false,,,,0.00986901624521,1,,,98.901,91.0,10^-48.1911,,,,,,,,,,,,,,,,,,0
1871109,1,482,Neisseria sp. RH3002v2g,"",bacteria,false,,,,0.00986901624521,1,,,98.901,91.0,10^-48.1911,,,,,,,,,,,,,,,,,,0
1739542,1,482,Neisseria sp. HMSC065D04,"",bacteria,false,,,,,,,,,,,,,,,,0.01973803249042,2,,,100.0,33.0,10^-12.3538,,,,,,0
1739458,1,482,Neisseria sp. HMSC067H09,"",bacteria,false,,,,,,,,,,,,,,,,0.00986901624521,1,,,100.0,33.0,10^-13.2269,,,,,,0
1715205,1,482,Neisseria sp. HMSC074B07,"",bacteria,false,,,,,,,,,,,,,,,,0.01973803249042,2,,,82.1,28.0,10^-8.0655,,,,,,0
1715052,1,482,Neisseria sp. HMSC064E01,"",bacteria,false,,,,,,,,,,,,,,,,0.03947606498084,4,,,97.0,33.0,10^-12.411,,,,,,0
1608896,1,482,Neisseria sp. HMSC70E02,"",bacteria,false,,,,,,,,,,,,,,,,0.00986901624521,1,,,100.0,33.0,10^-10.9469,,,,,,0
1581049,1,482,Neisseria sp. HMSC03D10,"",bacteria,false,,,,,,,,,,,,,,,,0.00986901624521,1,,,95.7,23.0,10^-7.30364,,,,,,0
1107316,1,482,Neisseria oralis,"",bacteria,false,,,,0.5921409747126,60,2,60,99.7972,331.5,10^-214.377,,,,,,,,,,,,,,,,,,0
665946,1,482,Neisseria sp. GT4A_CT1,"",bacteria,false,,,,,,,,,,,,,,,,0.00986901624521,1,,,100.0,33.0,10^-11.7352,,,,,,0
641148,1,482,Neisseria sp. oral taxon 014,"",bacteria,false,,,,0.10855917869731,11,,,98.2004,89.6364,10^-46.3952,,,,,,0.03947606498084,4,,,98.35,31.0,10^-9.83046,,,,,,0
237778,1,482,uncultured Neisseria sp.,"",bacteria,false,,,,0.03947606498084,4,,,97.304,97.0,10^-49.88,,,,,,,,,,,,,,,,,,0
496,1,482,Neisseria macacae,"",bacteria,false,,,,0.0986901624521,10,,,99.4812,95.0,10^-51.6056,,,,,,,,,,,,,,,,,,0
495,1,482,Neisseria elongata,"",bacteria,false,,,,0.49345081226049997,50,2,40,99.624,246.7,10^-173.295,,,,,,0.03947606498084,4,,,100.0,29.0,10^-10.9855,,,,,,0
490,1,482,Neisseria sicca,"",bacteria,false,,,,0.1973803249042,20,,,98.6343,95.2778,10^-50.6531,,,,,,0.20724934114941,21,,,97.9429,29.5238,10^-9.57531,,,,,,0
488,1,482,Neisseria mucosa,"",bacteria,false,,,,0.7599142508811699,77,1,59,99.4792,442.08,10^-245.54,,,,,,0.02960704873563,3,,,99.0,33.0,10^-12.5777,,,,,,0
487,1,482,Neisseria meningitidis,"",bacteria,false,,,,0.12829721118773,13,,,99.5418,94.8462,10^-51.661,,,,,,0.31580851984672,32,,,96.2452,31.5484,10^-11.7009,,,,,,1
486,1,482,Neisseria lactamica,"",bacteria,false,,,,0.01973803249042,2,,,98.02,101.0,10^-53.6353,,,,,,0.25659442237546,26,1,21,98.2361,45.3077,10^-25.9999,,,,,,0
485,1,482,Neisseria gonorrhoeae,"",bacteria,false,,,,,,,,,,,,,,,,0.00986901624521,1,,,93.9,33.0,10^-14.6778,,,,,,1
483,1,482,Neisseria cinerea,"",bacteria,false,,,,,,,,,,,,,,,,0.00986901624521,1,,,100.0,33.0,10^-12.3152,,,,,,0
475,2,475,Moraxella,"",bacteria,false,,,,0.34541556858234995,35,,,98.8076,91.7714,10^-48.3692,,,,,,0.13816622743294,14,,,99.5214,31.8571,10^-11.1946,,,,,"[2961890, 2904122, 2904120, 2767221, 34062]",0
2961890,1,475,Moraxella sp. FZLJ2109,"",bacteria,false,,,,0.00986901624521,1,,,99.0,100.0,10^-54.3258,,,,,,,,,,,,,,,,,,0
2904122,1,475,Moraxella nasicaprae,"",bacteria,false,,,,0.00986901624521,1,,,99.0,100.0,10^-52.9535,,,,,,,,,,,,,,,,,,0
2904120,1,475,Moraxella nasibovis,"",bacteria,false,,,,0.00986901624521,1,,,94.059,101.0,10^-48.1458,,,,,,,,,,,,,,,,,,0
2767221,1,475,Moraxella tetraodonis,"",bacteria,false,,,,,,,,,,,,,,,,0.00986901624521,1,,,100.0,29.0,10^-10.3645,,,,,,0
34062,1,475,Moraxella osloensis,"",bacteria,false,,,,0.31580851984672,32,,,98.944,90.9688,10^-48.0468,,,,,,0.12829721118773,13,,,99.4846,32.0769,10^-11.2584,,,,,,0
469,2,469,Acinetobacter,"",bacteria,false,,,,15.119332887661718,1532,3,848,97.7809,340.815,10^-148.623,,,,,,4.332498131647189,439,4,113,85.8321,40.0047,10^-13.3492,,,,,"[3045147, 3035288, 3020716, 2983215, 2970918, 2929515, 2929514, 2929512, 2925837, 2905879, 2798861, 2773709, 2743575, 2715163, 2714110, 2708348, 2662362, 2653125, 2605383, 2563897, 2053287, 2004647, 2004646, 2004644, 1891969, 1879050, 1839785, 1827285, 1789224, 1785128, 1646498, 1636603, 1608473, 1530123, 1497337, 1407071, 1324350, 1310652, 1229165, 1219383, 1219382, 1217704, 1148157, 1144669, 756892, 707196, 487316, 465797, 243922, 202956, 202954, 202950, 165433, 134533, 108981, 108980, 106654, 106649, 70348, 70346, 48296, 40216, 40215, 40214, 29430, 28090, 472, 471, 470]",1
3045147,1,469,Acinetobacter sp. KCTC 92772,"",bacteria,false,,,,0.02960704873563,3,,,95.7093,101.0,10^-50.4331,,,,,,,,,,,,,,,,,,0
3035288,1,469,Acinetobacter sp. ANC 7201,"",bacteria,false,,,,0.00986901624521,1,,,88.776,98.0,10^-39.2385,,,,,,,,,,,,,,,,,,0
3020716,1,469,Acinetobacter sp. GSS19,"",bacteria,false,,,,0.05921409747126,6,,,96.007,89.0,10^-43.8593,,,,,,,,,,,,,,,,,,0
2983215,1,469,Acinetobacter sp. ESL0695,"",bacteria,false,,,,0.30593950360150995,31,,,97.7107,87.0968,10^-44.3017,,,,,,,,,,,,,,,,,,0
2970918,1,469,Acinetobacter sp. HY1485,"",bacteria,false,,,,,,,,,,,,,,,,0.13816622743294,14,,,97.15,32.5714,10^-11.3516,,,,,,0
2929515,1,469,Acinetobacter sp. YH12068_T,"",bacteria,false,,,,0.00986901624521,1,,,100.0,101.0,10^-56.3801,,,,,,,,,,,,,,,,,,0
2929514,1,469,Acinetobacter sp. YH16056_T,"",bacteria,false,,,,0.26646343862066996,27,,,98.7546,97.04,10^-51.9819,,,,,,,,,,,,,,,,,,0
2929512,1,469,Acinetobacter sp. YH16040_T,"",bacteria,false,,,,0.14803524367815,15,,,98.4964,100.0,10^-53.6397,,,,,,,,,,,,,,,,,,0
2925837,1,469,Acinetobacter sp. LUNF3,"",bacteria,false,,,,0.01973803249042,2,,,100.0,59.0,10^-27.7937,,,,,,,,,,,,,,,,,,0
2905879,1,469,Acinetobacter sp. SH20PTE14,"",bacteria,false,,,,0.01973803249042,2,,,98.851,87.0,10^-45.4659,,,,,,,,,,,,,,,,,,0
2798861,1,469,Acinetobacter sp. CS-2,"",bacteria,false,,,,0.00986901624521,1,,,100.0,100.0,10^-55.6982,,,,,,,,,,,,,,,,,,0
2773709,1,469,Acinetobacter sp. ASP199,"",bacteria,false,,,,0.03947606498084,4,,,94.5273,100.5,10^-48.4911,,,,,,,,,,,,,,,,,,0
2743575,1,469,Acinetobacter sp. NEB 394,"",bacteria,false,,,,0.00986901624521,1,,,97.03,101.0,10^-52.2629,,,,,,0.00986901624521,1,,,100.0,32.0,10^-11.3288,,,,,,0
2715163,1,469,Acinetobacter lanii,"",bacteria,false,,,,0.04934508122605,5,,,96.8395,89.5,10^-44.771,,,,,,,,,,,,,,,,,,0
2714110,1,469,Acinetobacter sp. Marseille-Q1620,"",bacteria,false,,,,0.0986901624521,10,,,97.0965,90.8,10^-45.7264,,,,,,,,,,,,,,,,,,0
2708348,1,469,Acinetobacter sp. WY4,"",bacteria,false,,,,0.01973803249042,2,,,99.01,101.0,10^-55.0077,,,,,,,,,,,,,,,,,,0
2662362,1,469,Acinetobacter wanghuae,"",bacteria,false,,,,0.00986901624521,1,,,95.161,62.0,10^-25.7137,,,,,,,,,,,,,,,,,,0
2653125,1,469,Acinetobacter sp. 8I-beige,"",bacteria,false,,,,,,,,,,,,,,,,0.00986901624521,1,,,75.8,33.0,10^-3.97469,,,,,,0
2605383,1,469,Acinetobacter baretiae,"",bacteria,false,,,,0.01973803249042,2,,,100.0,84.0,10^-44.795,,,,,,,,,,,,,,,,,,0
2563897,1,469,Acinetobacter sp. 10FS3-1,"",bacteria,false,,,,0.05921409747126,6,,,100.0,95.5,10^-52.6329,,,,,,,,,,,,,,,,,,0
2053287,1,469,Acinetobacter pseudolwoffii,"",bacteria,false,,,,0.00986901624521,1,,,100.0,101.0,10^-56.3801,,,,,,,,,,,,,,,,,,0
2004647,1,469,Acinetobacter sp. WCHAc010052,"",bacteria,false,,,,0.00986901624521,1,,,100.0,101.0,10^-56.3801,,,,,,,,,,,,,,,,,,0
2004646,1,469,Acinetobacter sp. WCHA55,"",bacteria,false,,,,,,,,,,,,,,,,0.00986901624521,1,,,100.0,33.0,10^-10.7852,,,,,,0
2004644,1,469,Acinetobacter sp. WCHA45,"",bacteria,false,,,,0.01973803249042,2,,,98.947,95.0,10^-50.9172,,,,,,,,,,,,,,,,,,0
1891969,1,469,Acinetobacter sp. AR2-3,"",bacteria,false,,,,,,,,,,,,,,,,0.00986901624521,1,,,100.0,33.0,10^-9.83565,,,,,,0
1879050,1,469,Acinetobacter wuhouensis,"",bacteria,false,,,,,,,,,,,,,,,,0.01973803249042,2,,,100.0,28.0,10^-8.39794,,,,,,0
1839785,1,469,Acinetobacter portensis,"",bacteria,false,,,,0.00986901624521,1,,,89.109,101.0,10^-41.284,,,,,,,,,,,,,,,,,,0
1827285,1,469,Acinetobacter sp. MYb10,"",bacteria,false,,,,0.00986901624521,1,,,100.0,98.0,10^-54.3346,,,,,,,,,,,,,,,,,,0
1789224,1,469,Acinetobacter larvae,"",bacteria,false,,,,0.08882114620689,9,,,100.0,97.3333,10^-53.8819,,,,,,,,,,,,,,,,,,0
1785128,1,469,Acinetobacter lactucae,"",bacteria,false,,,,0.03947606498084,4,,,99.75,89.75,10^-48.379,,,,,,0.00986901624521,1,,,100.0,33.0,10^-16.0931,,,,,,0
1646498,1,469,Acinetobacter sp. TTH0-4,"",bacteria,false,,,,0.00986901624521,1,,,100.0,98.0,10^-54.3346,,,,,,,,,,,,,,,,,,0
1636603,1,469,Acinetobacter sp. ACNIH1,"",bacteria,false,,,,0.01973803249042,2,,,98.995,99.5,10^-53.9849,,,,,,,,,,,,,,,,,,0
1608473,1,469,Acinetobacter sp. NCu2D-2,"",bacteria,false,,,,0.00986901624521,1,,,95.161,62.0,10^-25.7137,,,,,,,,,,,,,,,,,,0
1530123,1,469,Acinetobacter seifertii,"",bacteria,false,,,,0.05921409747126,6,,,98.6385,97.3333,10^-52.0511,,,,,,,,,,,,,,,,,,0
1497337,1,469,Acinetobacter sp. SM1B,"",bacteria,false,,,,,,,,,,,,,,,,0.31580851984672,32,,,96.3286,30.7143,10^-14.7662,,,,,,0
1407071,1,469,Acinetobacter sp. TGL-Y2,"",bacteria,false,,,,0.01973803249042,2,,,96.8495,79.0,10^-37.9599,,,,,,,,,,,,,,,,,,0
1324350,1,469,Acinetobacter equi,"",bacteria,false,,,,0.48358179601528994,49,1,48,96.5747,227.234,10^-101.033,,,,,,,,,,,,,,,,,,0
1310652,1,469,Acinetobacter sp. 1475718,"",bacteria,false,,,,,,,,,,,,,,,,0.16777327616857,17,1,17,64.078,103.0,10^-36.214,,,,,,0
1229165,1,469,Acinetobacter apis,"",bacteria,false,,,,,,,,,,,,,,,,0.01973803249042,2,,,89.7,29.0,10^-8.55595,,,,,,0
1219383,1,469,Acinetobacter boissieri,"",bacteria,false,,,,0.00986901624521,1,,,100.0,101.0,10^-56.3801,,,,,,,,,,,,,,,,,,0
1219382,1,469,Acinetobacter nectaris,"",bacteria,false,,,,0.00986901624521,1,,,100.0,101.0,10^-56.3801,,,,,,,,,,,,,,,,,,0
1217704,1,469,Acinetobacter sp. NIPH 284,"",bacteria,false,,,,,,,,,,,,,,,,0.00986901624521,1,,,100.0,31.0,10^-8.45967,,,,,,0
1148157,1,469,Acinetobacter oleivorans,"",bacteria,false,,,,0.00986901624521,1,,,96.842,95.0,10^-48.1724,,,,,,,,,,,,,,,,,,0
1144669,1,469,Acinetobacter sp. CIP 102637,"",bacteria,false,,,,,,,,,,,,,,,,0.01973803249042,2,,,100.0,33.0,10^-12.4334,,,,,,0
756892,1,469,Acinetobacter indicus,"",bacteria,false,,,,0.14803524367815,15,,,99.9327,95.7333,10^-52.6993,,,,,,,,,,,,,,,,,,0
707196,1,469,Acinetobacter sp. 2009I9,"",bacteria,false,,,,0.00986901624521,1,,,100.0,101.0,10^-56.3801,,,,,,,,,,,,,,,,,,0
487316,1,469,Acinetobacter soli,"",bacteria,false,,,,0.04934508122605,5,,,98.7618,93.2,10^-49.1426,,,,,,,,,,,,,,,,,,0
465797,1,469,Acinetobacter septicus,"",bacteria,false,,,,0.01973803249042,2,,,98.0,100.0,10^-52.9535,,,,,,,,,,,,,,,,,,0
243922,1,469,Acinetobacter rhizosphaerae,"",bacteria,false,,,,0.00986901624521,1,,,100.0,100.0,10^-55.6982,,,,,,,,,,,,,,,,,,0
202956,1,469,Acinetobacter towneri,"",bacteria,false,,,,3.7502261731797994,380,1,376,96.512,339.067,10^-155.049,,,,,,1.50009046927192,152,,,82.0852,31.3732,10^-8.60512,,,,,,0
202954,1,469,Acinetobacter tandoii,"",bacteria,false,,,,0.01973803249042,2,,,93.0695,101.0,10^-46.7735,,,,,,,,,,,,,,,,,,0
202950,1,469,Acinetobacter baylyi,"",bacteria,false,,,,0.12829721118773,13,,,99.7738,86.6923,10^-46.3209,,,,,,,,,,,,,,,,,,0
165433,1,469,uncultured Acinetobacter sp.,"",bacteria,false,,,,0.03947606498084,4,,,99.75,100.5,10^-55.696,,,,,,,,,,,,,,,,,,0
134533,1,469,Acinetobacter parvus,"",bacteria,false,,,,0.00986901624521,1,,,99.01,101.0,10^-55.0077,,,,,,0.00986901624521,1,,,100.0,31.0,10^-8.45967,,,,,,0
108981,1,469,Acinetobacter schindleri,"",bacteria,false,,,,0.17764229241378,18,,,99.1407,88.1111,10^-46.6941,,,,,,,,,,,,,,,,,,0
108980,1,469,Acinetobacter ursingii,"",bacteria,false,,,,0.11842819494252,12,,,98.8242,94.4167,10^-50.1793,,,,,,0.08882114620689,9,,,93.9889,29.6667,10^-11.2609,,,,,,0
106654,1,469,Acinetobacter nosocomialis,"",bacteria,false,,,,0.00986901624521,1,,,100.0,78.0,10^-40.71,,,,,,0.00986901624521,1,,,96.9,32.0,10^-8.60555,,,,,,0
106649,1,469,Acinetobacter guillouiae,"",bacteria,false,,,,0.00986901624521,1,,,100.0,98.0,10^-54.3346,,,,,,0.01973803249042,2,,,100.0,32.0,10^-10.9469,,,,,,0
70348,1,469,Acinetobacter dispersus,"",bacteria,false,,,,,,,,,,,,,,,,0.01973803249042,2,,,77.4,31.0,10^-8.31299,,,,,,0
70346,1,469,Acinetobacter variabilis,"",bacteria,false,,,,0.03947606498084,4,,,99.7525,101.0,10^-56.037,,,,,,0.01973803249042,2,,,100.0,32.0,10^-12.8447,,,,,,0
48296,1,469,Acinetobacter pittii,"",bacteria,false,,,,0.1973803249042,20,,,99.5156,89.25,10^-47.7576,,,,,,0.06908311371647,7,,,86.4571,31.8571,10^-8.50035,,,,,,0
40216,1,469,Acinetobacter radioresistens,"",bacteria,false,,,,0.24672540613024999,25,,,99.571,95.7727,10^-52.1935,,,,,,,,,,,,,,,,,,0
40215,1,469,Acinetobacter junii,"",bacteria,false,,,,0.11842819494252,12,,,98.6731,98.5833,10^-52.9027,,,,,,0.04934508122605,5,,,96.28,31.8,10^-11.2139,,,,,,0
40214,1,469,Acinetobacter johnsonii,"",bacteria,false,,,,0.86847342957848,88,,,99.3619,91.1724,10^-48.902,,,,,,0.18751130865899,19,,,99.6789,29.7895,10^-10.7429,,,,,,0
29430,1,469,Acinetobacter haemolyticus,"",bacteria,false,,,,4.25354600168551,431,1,424,97.5004,740.99,10^-303.375,,,,,,0.02960704873563,3,,,98.8667,29.0,10^-10.4078,,,,,,0
28090,1,469,Acinetobacter lwoffii,"",bacteria,false,,,,0.5230578609961299,53,,,98.7105,90.9796,10^-47.7912,,,,,,0.16777327616857,17,,,90.7235,29.0588,10^-8.99559,,,,,,0
472,1,469,Acinetobacter sp.,"",bacteria,false,,,,0.00986901624521,1,,,97.674,86.0,10^-43.4124,,,,,,0.00986901624521,1,,,97.0,33.0,10^-11.6162,,,,,,0
471,1,469,Acinetobacter calcoaceticus,"",bacteria,false,,,,0.04934508122605,5,,,99.4,95.6,10^-51.8765,,,,,,,,,,,,,,,,,,0
470,1,469,Acinetobacter baumannii,"",bacteria,false,,,,2.3093498013791396,234,,,98.6232,92.6849,10^-48.7495,,,,,,1.41126932306503,143,3,96,83.9365,49.2411,10^-17.1591,,,,,,1
445,2,445,Legionella,"",bacteria,false,,,,,,,,,,,,,,,,0.14803524367815,15,1,4,68.3629,41.6429,10^-10.3322,,,,,"[45056, 29423, 28083, 466, 446]",1
45056,1,445,Legionella adelaidensis,"",bacteria,false,,,,,,,,,,,,,,,,0.00986901624521,1,,,72.7,33.0,10^-6.80967,,,,,,0
29423,1,445,Legionella oakridgensis,"",bacteria,false,,,,,,,,,,,,,,,,0.05921409747126,6,,,75.4,32.5,10^-8.75692,,,,,,0
28083,1,445,Legionella birminghamensis,"",bacteria,false,,,,,,,,,,,,,,,,0.03947606498084,4,1,4,54.545,66.0,10^-17.1518,,,,,,0
466,1,445,Legionella maceachernii,"",bacteria,false,,,,,,,,,,,,,,,,0.00986901624521,1,,,75.9,29.0,10^-5.58004,,,,,,0
446,1,445,Legionella pneumophila,"",bacteria,false,,,,,,,,,,,,,,,,0.02960704873563,3,,,68.95,31.0,10^-5.55629,,,,,,1
441,2,441,Gluconobacter,"",bacteria,false,,,,0.10855917869731,11,,,99.8191,95.9091,10^-52.6624,,,,,,0.44410573103444995,45,,,94.4911,29.9111,10^-9.95653,,,,,"[2762619, 941463, 563199, 376620, 318683, 257438, 38308, 442]",0
2762619,1,441,Gluconobacter sp. P1C6_b,"",bacteria,false,,,,,,,,,,,,,,,,0.00986901624521,1,,,100.0,33.0,10^-10.9208,,,,,,0
941463,1,441,Gluconobacter kondonii,"",bacteria,false,,,,,,,,,,,,,,,,0.00986901624521,1,,,97.0,33.0,10^-9.02182,,,,,,0
563199,1,441,Gluconobacter kanchanaburiensis,"",bacteria,false,,,,,,,,,,,,,,,,0.00986901624521,1,,,100.0,33.0,10^-15.5768,,,,,,0
376620,1,441,Gluconobacter japonicus,"",bacteria,false,,,,,,,,,,,,,,,,0.00986901624521,1,,,75.8,33.0,10^-7.2233,,,,,,0
318683,1,441,Gluconobacter albidus,"",bacteria,false,,,,,,,,,,,,,,,,0.00986901624521,1,,,100.0,23.0,10^-9.86012,,,,,,0
257438,1,441,Gluconobacter thailandicus,"",bacteria,false,,,,0.00986901624521,1,,,99.01,101.0,10^-55.0077,,,,,,,,,,,,,,,,,,0
38308,1,441,Gluconobacter frateurii,"",bacteria,false,,,,0.00986901624521,1,,,100.0,101.0,10^-56.3801,,,,,,0.3947606498084,40,,,94.4825,29.775,10^-9.88603,,,,,,0
442,1,441,Gluconobacter oxydans,"",bacteria,false,,,,0.08882114620689,9,,,99.8889,94.7778,10^-51.9887,,,,,,,,,,,,,,,,,,0
434,2,434,Acetobacter,"",bacteria,false,,,,0.27633245486588,28,,,99.4828,92.1852,10^-49.6658,,,,,,1.11519883570873,113,,,95.772,30.5421,10^-10.9117,,,,,"[2592655, 1737473, 1633874, 1076594, 483199, 431306, 304077, 285268, 146476, 146474, 114714, 104102, 104101, 104100, 104099, 65959, 438, 435]",0
2592655,1,434,Acetobacter vaccinii,"",bacteria,false,,,,0.00986901624521,1,,,95.05,101.0,10^-49.5182,,,,,,,,,,,,,,,,,,0
1737473,1,434,Acetobacter fallax,"",bacteria,false,,,,0.00986901624521,1,,,98.958,96.0,10^-51.5988,,,,,,,,,,,,,,,,,,0
1633874,1,434,Acetobacter oryzifermentans,"",bacteria,false,,,,0.00986901624521,1,,,100.0,101.0,10^-56.3801,,,,,,,,,,,,,,,,,,0
1076594,1,434,Acetobacter okinawensis,"",bacteria,false,,,,,,,,,,,,,,,,0.01973803249042,2,,,100.0,32.5,10^-10.8982,,,,,,0
483199,1,434,Acetobacter fabarum,"",bacteria,false,,,,0.00986901624521,1,,,100.0,101.0,10^-56.3801,,,,,,0.00986901624521,1,,,78.8,33.0,10^-7.10073,,,,,,0
431306,1,434,Acetobacter ghanensis,"",bacteria,false,,,,0.00986901624521,1,,,98.02,101.0,10^-53.6353,,,,,,,,,,,,,,,,,,0
304077,1,434,Acetobacter oeni,"",bacteria,false,,,,,,,,,,,,,,,,0.00986901624521,1,,,93.3,30.0,10^-13.4001,,,,,,0
285268,1,434,Acetobacter nitrogenifigens,"",bacteria,false,,,,0.00986901624521,1,,,100.0,96.0,10^-52.9712,,,,,,0.02960704873563,3,,,100.0,32.3333,10^-12.4446,,,,,,0
146476,1,434,Acetobacter syzygii,"",bacteria,false,,,,,,,,,,,,,,,,0.03947606498084,4,,,93.075,25.5,10^-6.75832,,,,,,0
146474,1,434,Acetobacter orientalis,"",bacteria,false,,,,0.02960704873563,3,,,98.35,101.0,10^-54.0928,,,,,,,,,,,,,,,,,,0
114714,1,434,uncultured Acetobacter sp.,"",bacteria,false,,,,0.05921409747126,6,,,100.0,87.5,10^-47.1929,,,,,,,,,,,,,,,,,,0
104102,1,434,Acetobacter tropicalis,"",bacteria,false,,,,,,,,,,,,,,,,0.00986901624521,1,,,100.0,33.0,10^-12.7352,,,,,,0
104101,1,434,Acetobacter indonesiensis,"",bacteria,false,,,,,,,,,,,,,,,,0.02960704873563,3,,,76.1667,32.3333,10^-7.01817,,,,,,0
104100,1,434,Acetobacter lovaniensis,"",bacteria,false,,,,,,,,,,,,,,,,0.00986901624521,1,,,100.0,26.0,10^-8.47625,,,,,,0
104099,1,434,Acetobacter orleanensis,"",bacteria,false,,,,,,,,,,,,,,,,0.00986901624521,1,,,100.0,32.0,10^-12.2984,,,,,,0
65959,1,434,Acetobacter pomorum,"",bacteria,false,,,,,,,,,,,,,,,,0.7697832671263799,78,,,96.2917,30.4583,10^-11.1359,,,,,,0
438,1,434,Acetobacter pasteurianus,"",bacteria,false,,,,0.11842819494252,12,,,99.9053,88.9091,10^-48.0199,,,,,,,,,,,,,,,,,,0
435,1,434,Acetobacter aceti,"",bacteria,false,,,,0.00986901624521,1,,,100.0,87.0,10^-46.8383,,,,,,0.17764229241378,18,,,96.7611,31.1111,10^-11.3631,,,,,,0
416,2,416,Methylomonas,"",bacteria,false,,,,0.02960704873563,3,,,96.2433,82.3333,10^-40.0236,,,,,,0.00986901624521,1,,,96.8,31.0,10^-10.6925,,,,,"[2963939, 2785785, 418]",0
2963939,1,416,Methylomonas rapida,"",bacteria,false,,,,0.00986901624521,1,,,93.75,48.0,10^-16.2182,,,,,,,,,,,,,,,,,,0
2785785,1,416,Methylomonas sp. LL1,"",bacteria,false,,,,0.01973803249042,2,,,97.49,99.5,10^-51.9264,,,,,,,,,,,,,,,,,,0
418,1,416,Methylomonas sp.,"",bacteria,false,,,,,,,,,,,,,,,,0.00986901624521,1,,,96.8,31.0,10^-10.6925,,,,,,0
413,2,413,Methylococcus,"",bacteria,false,,,,,,,,,,,,,,,,0.04934508122605,5,,,87.78,31.2,10^-10.3076,,,,,[414],0
414,1,413,Methylococcus capsulatus,"",bacteria,false,,,,,,,,,,,,,,,,0.04934508122605,5,,,87.78,31.2,10^-10.3076,,,,,,0
407,2,407,Methylobacterium,"",bacteria,false,,,,0.2960704873563,30,,,95.3176,103.759,10^-48.2169,,,,,,0.11842819494252,12,,,93.3417,32.1667,10^-10.9052,,,,,"[2984843, 2836573, 2817058, 2708300, 2603889, 2202828, 2051553, 2038277, 1811278, 1775910, 1736265, 925818, 570505, 426117, 418223, 334852, 269660, 157278, 31998, 409]",0
2984843,1,407,Methylobacterium sp. FF17,"",bacteria,false,,,,0.04934508122605,5,,,94.7582,98.0,10^-47.1984,,,,,,,,,,,,,,,,,,0
2836573,1,407,Methylobacterium sp. E-041,"",bacteria,false,,,,,,,,,,,,,,,,0.00986901624521,1,,,97.0,33.0,10^-11.1993,,,,,,0
2817058,1,407,Methylobacterium sp. 37f,"",bacteria,false,,,,,,,,,,,,,,,,0.00986901624521,1,,,100.0,33.0,10^-14.7167,,,,,,0
2708300,1,407,Methylobacterium sp. BTF04,"",bacteria,false,,,,,,,,,,,,,,,,0.00986901624521,1,,,93.5,31.0,10^-11.7545,,,,,,0
2603889,1,407,Methylobacterium sp. WL116,"",bacteria,false,,,,,,,,,,,,,,,,0.01973803249042,2,,,96.6,29.5,10^-10.4471,,,,,,0
2202828,1,407,Methylobacterium radiodurans,"",bacteria,false,,,,0.00986901624521,1,,,100.0,101.0,10^-56.3801,,,,,,0.00986901624521,1,,,97.0,33.0,10^-8.88606,,,,,,0
2051553,1,407,Methylobacterium currus,"",bacteria,false,,,,0.01973803249042,2,,,94.837,48.0,10^-16.9052,,,,,,,,,,,,,,,,,,0
2038277,1,407,Methylobacterium frigidaeris,"",bacteria,false,,,,,,,,,,,,,,,,0.01973803249042,2,,,69.7,33.0,10^-6.26178,,,,,,0
1811278,1,407,Methylobacterium sp. ALBL_085,"",bacteria,false,,,,0.01973803249042,2,,,97.525,101.0,10^-52.9491,,,,,,,,,,,,,,,,,,0
1775910,1,407,Methylobacterium indicum,"",bacteria,false,,,,0.00986901624521,1,,,82.692,104.0,10^-33.7232,,,,,,,,,,,,,,,,,,0
1736265,1,407,Methylobacterium sp. Leaf125,"",bacteria,false,,,,,,,,,,,,,,,,0.00986901624521,1,,,100.0,33.0,10^-14.1746,,,,,,0
925818,1,407,Methylobacterium sp. AMS5,"",bacteria,false,,,,0.04934508122605,5,,,94.4628,177.75,10^-72.2019,,,,,,,,,,,,,,,,,,0
570505,1,407,Methylobacterium bullatum,"",bacteria,false,,,,0.06908311371647,7,,,95.3256,90.0,10^-42.6111,,,,,,,,,,,,,,,,,,0
426117,1,407,Methylobacterium sp. 4-46,"",bacteria,false,,,,0.00986901624521,1,,,93.258,89.0,10^-39.9665,,,,,,,,,,,,,,,,,,0
418223,1,407,Methylobacterium phyllosphaerae,"",bacteria,false,,,,0.00986901624521,1,,,100.0,101.0,10^-56.3801,,,,,,,,,,,,,,,,,,0
334852,1,407,Methylobacterium oryzae,"",bacteria,false,,,,0.02960704873563,3,,,94.872,94.3333,10^-45.4313,,,,,,,,,,,,,,,,,,0
269660,1,407,Methylobacterium brachiatum,"",bacteria,false,,,,,,,,,,,,,,,,0.00986901624521,1,,,100.0,33.0,10^-13.767,,,,,,0
157278,1,407,uncultured Methylobacterium sp.,"",bacteria,false,,,,0.00986901624521,1,,,100.0,101.0,10^-56.3801,,,,,,,,,,,,,,,,,,0
31998,1,407,Methylobacterium radiotolerans,"",bacteria,false,,,,,,,,,,,,,,,,0.00986901624521,1,,,100.0,33.0,10^-12.8182,,,,,,0
409,1,407,Methylobacterium sp.,"",bacteria,false,,,,0.00986901624521,1,,,100.0,101.0,10^-56.3801,,,,,,0.00986901624521,1,,,100.0,32.0,10^-10.129,,,,,,0
379,2,379,Rhizobium,"",bacteria,false,,,,0.07895212996168,8,,,96.8409,69.375,10^-32.1252,,,,,,0.10855917869731,11,,,89.6091,32.0909,10^-9.28012,,,,,"[2978974, 2603277, 2364271, 2067451, 1907413, 1736344, 1435607, 1395951, 1368430, 1085902, 484088, 384]",0
2978974,1,379,Rhizobium sp. CSC1952,"",bacteria,false,,,,0.00986901624521,1,,,95.238,42.0,10^-13.5315,,,,,,,,,,,,,,,,,,0
2603277,1,379,Rhizobium sp. WL3,"",bacteria,false,,,,0.01973803249042,2,,,97.889,47.5,10^-18.625,,,,,,,,,,,,,,,,,,0
2364271,1,379,Rhizobium sp. CCGE531,"",bacteria,false,,,,0.00986901624521,1,,,96.491,57.0,10^-23.6916,,,,,,,,,,,,,,,,,,0
2067451,1,379,Rhizobium sp. TH135,"",bacteria,false,,,,,,,,,,,,,,,,0.00986901624521,1,,,87.9,33.0,10^-9.29328,,,,,,0
1907413,1,379,Rhizobium sp. RU33A,"",bacteria,false,,,,,,,,,,,,,,,,0.00986901624521,1,,,100.0,32.0,10^-10.9208,,,,,,0
1736344,1,379,Rhizobium sp. Leaf341,"",bacteria,false,,,,,,,,,,,,,,,,0.00986901624521,1,,,81.8,33.0,10^-9.9914,,,,,,0
1435607,1,379,Rhizobium sp. Khangiran2,"",bacteria,false,,,,,,,,,,,,,,,,0.03947606498084,4,,,90.475,31.25,10^-9.46472,,,,,,0
1395951,1,379,Rhizobium gei,"",bacteria,false,,,,,,,,,,,,,,,,0.00986901624521,1,,,90.9,33.0,10^-6.85078,,,,,,0
1368430,1,379,Rhizobium rosettiformans,"",bacteria,false,,,,0.00986901624521,1,,,94.0,100.0,10^-47.464,,,,,,0.01973803249042,2,,,93.7,32.0,10^-10.2922,,,,,,0
1085902,1,379,Rhizobium sp. juv965,"",bacteria,false,,,,0.00986901624521,1,,,100.0,101.0,10^-56.3801,,,,,,,,,,,,,,,,,,0
484088,1,379,Rhizobium tubonense,"",bacteria,false,,,,,,,,,,,,,,,,0.00986901624521,1,,,75.8,33.0,10^-6.5817,,,,,,0
384,1,379,Rhizobium leguminosarum,"",bacteria,false,,,,0.01973803249042,2,,,96.61,80.0,10^-39.3422,,,,,,,,,,,,,,,,,,0
374,2,374,Bradyrhizobium,"",bacteria,false,,,,,,,,,,,,,,,,0.01973803249042,2,,,84.6,32.5,10^-7.05661,,,,,"[1419277, 29448]",0
1419277,1,374,Bradyrhizobium brasilense,"",bacteria,false,,,,,,,,,,,,,,,,0.00986901624521,1,,,84.8,33.0,10^-7.9393,,,,,,0
29448,1,374,Bradyrhizobium elkanii,"",bacteria,false,,,,,,,,,,,,,,,,0.00986901624521,1,,,84.4,32.0,10^-6.17393,,,,,,0
357,2,357,Agrobacterium,"",bacteria,false,,,,0.04934508122605,5,,,98.644,84.0,10^-43.7113,,,,,,,,,,,,,,,,,"[648995, 358]",1
648995,1,357,Agrobacterium pusense,"",bacteria,false,,,,0.01973803249042,2,,,96.61,59.0,10^-25.049,,,,,,,,,,,,,,,,,,0
358,1,357,Agrobacterium tumefaciens,"",bacteria,false,,,,0.02960704873563,3,,,100.0,100.667,10^-56.1528,,,,,,,,,,,,,,,,,,1
352,2,352,Azotobacter,"",bacteria,false,,,,0.00986901624521,1,,,100.0,101.0,10^-56.3801,,,,,,0.00986901624521,1,,,87.9,33.0,10^-10.1186,,,,,"[69964, 354]",0
69964,1,352,Azotobacter salinestris,"",bacteria,false,,,,,,,,,,,,,,,,0.00986901624521,1,,,87.9,33.0,10^-10.1186,,,,,,0
354,1,352,Azotobacter vinelandii,"",bacteria,false,,,,0.00986901624521,1,,,100.0,101.0,10^-56.3801,,,,,,,,,,,,,,,,,,0
338,2,338,Xanthomonas,"",bacteria,false,,,,0.5329268772413399,54,1,33,96.1433,196.926,10^-87.3223,,,,,,0.8388663808428499,85,1,21,85.7236,41.2235,10^-15.8425,,,,,"[2989819, 1985254, 456327, 56458, 56448, 48664, 29447, 347, 346, 343, 339]",0
2989819,1,338,Xanthomonas sp. H13-6,"",bacteria,false,,,,,,,,,,,,,,,,0.00986901624521,1,,,97.0,33.0,10^-10.1107,,,,,,0
1985254,1,338,Xanthomonas phaseoli,"",bacteria,false,,,,,,,,,,,,,,,,0.00986901624521,1,,,78.8,33.0,10^-11.7905,,,,,,0
456327,1,338,Xanthomonas euvesicatoria,"",bacteria,false,,,,0.02960704873563,3,,,94.059,95.3333,10^-44.2839,,,,,,,,,,,,,,,,,,0
56458,1,338,Xanthomonas sacchari,"",bacteria,false,,,,0.01973803249042,2,,,87.755,98.0,10^-37.8662,,,,,,0.00986901624521,1,,,92.0,25.0,10^-7.44129,,,,,,0
56448,1,338,Xanthomonas arboricola,"",bacteria,false,,,,,,,,,,,,,,,,0.03947606498084,4,,,93.975,30.5,10^-10.4064,,,,,,0
48664,1,338,Xanthomonas fragariae,"",bacteria,false,,,,,,,,,,,,,,,,0.01973803249042,2,,,97.0,33.0,10^-13.0506,,,,,,0
29447,1,338,Xanthomonas albilineans,"",bacteria,false,,,,0.02960704873563,3,,,98.671,80.0,10^-40.7118,,,,,,,,,,,,,,,,,,0
347,1,338,Xanthomonas oryzae,"",bacteria,false,,,,,,,,,,,,,,,,0.00986901624521,1,,,84.4,32.0,10^-9.17522,,,,,,0
346,1,338,Xanthomonas citri,"",bacteria,false,,,,0.01973803249042,2,,,97.917,96.0,10^-50.2264,,,,,,0.7007001534099099,71,1,21,84.0057,43.3099,10^-17.0025,,,,,,0
343,1,338,Xanthomonas translucens,"",bacteria,false,,,,0.35528458482756,36,1,33,95.6168,250.444,10^-108.483,,,,,,,,,,,,,,,,,,0
339,1,338,Xanthomonas campestris,"",bacteria,false,,,,0.07895212996168,8,,,100.0,88.0,10^-47.3562,,,,,,0.03947606498084,4,,,100.0,29.5,10^-8.29881,,,,,,0
286,2,286,Pseudomonas,"",bacteria,false,,,,10.500633284903438,1064,5,764,99.0578,335.044,10^-210.25,,,,,,9.12884002681925,925,4,710,87.1194,74.1327,10^-39.0692,,,,,"[3040321, 3035289, 3031047, 3020907, 3019967, 3016341, 2975405, 2961531, 2926671, 2908006, 2906062, 2898441, 2894079, 2879114, 2849492, 2842354, 2842346, 2821127, 2815936, 2796397, 2775295, 2774460, 2769301, 2745514, 2745495, 2745490, 2738824, 2735906, 2731681, 2730847, 2726956, 2725477, 2666183, 2666087, 2653853, 2579922, 2565368, 2518644, 2487355, 2315859, 2293833, 2293832, 2078785, 2056844, 2056842, 2044872, 2015555, 2009003, 1985301, 1981174, 1947333, 1940636, 1930532, 1898684, 1886807, 1785145, 1771311, 1752219, 1582822, 1580483, 1536577, 1495066, 1451454, 1421430, 1357074, 1306993, 1274359, 1261623, 1177895, 1149133, 1148509, 1114970, 1050778, 741724, 587753, 554344, 515393, 503952, 489632, 380021, 359110, 332018, 321846, 321662, 319939, 312306, 253237, 251701, 237610, 228765, 219572, 216142, 200451, 198620, 183795, 169669, 157782, 117680, 114707, 101564, 95301, 86265, 78327, 76761, 76759, 76758, 69328, 53409, 47886, 47885, 47883, 47880, 47879, 47878, 47877, 46680, 46257, 43263, 36746, 33069, 29442, 29438, 317, 306, 303, 301, 300, 296, 294, 287]",3
3040321,1,286,Pseudomonas sp. ME-P-057,"",bacteria,false,,,,,,,,,,,,,,,,0.00986901624521,1,,,93.9,33.0,10^-12.5544,,,,,,0
3035289,1,286,Pseudomonas sp. NyZ480,"",bacteria,false,,,,0.00986901624521,1,,,100.0,98.0,10^-54.3346,,,,,,,,,,,,,,,,,,0
3031047,1,286,Pseudomonas sp. CBSPCGW29,"",bacteria,false,,,,0.00986901624521,1,,,98.701,77.0,10^-38.6571,,,,,,,,,,,,,,,,,,0
3020907,1,286,Pseudomonas sp. JBR1,"",bacteria,false,,,,0.02960704873563,3,,,97.318,96.0,10^-49.77,,,,,,,,,,,,,,,,,,0
3019967,1,286,Pseudomonas sp. MM223,"",bacteria,false,,,,0.01973803249042,2,,,95.0295,100.5,10^-49.1773,,,,,,,,,,,,,,,,,,0
3016341,1,286,Pseudomonas sp. PSE14,"",bacteria,false,,,,0.00986901624521,1,,,94.898,98.0,10^-47.4727,,,,,,0.00986901624521,1,,,97.0,33.0,10^-13.2125,,,,,,0
2975405,1,286,Pseudomonas sp. GD03919,"",bacteria,false,,,,0.00986901624521,1,,,98.02,101.0,10^-53.6353,,,,,,,,,,,,,,,,,,0
2961531,1,286,Pseudomonas sp. KHPS1,"",bacteria,false,,,,0.00986901624521,1,,,100.0,101.0,10^-56.3801,,,,,,,,,,,,,,,,,,0
2926671,1,286,Pseudomonas sp. I3-I5,"",bacteria,false,,,,0.00986901624521,1,,,100.0,101.0,10^-56.3801,,,,,,,,,,,,,,,,,,0
2908006,1,286,Pseudomonas silvicola,"",bacteria,false,,,,0.01973803249042,2,,,96.923,65.0,10^-29.1241,,,,,,,,,,,,,,,,,,0
2906062,1,286,Pseudomonas wenzhouensis,"",bacteria,false,,,,0.01973803249042,2,,,100.0,100.0,10^-55.6982,,,,,,0.00986901624521,1,,,97.0,33.0,10^-12.3904,,,,,,0
2898441,1,286,Pseudomonas sp. J452,"",bacteria,false,,,,0.00986901624521,1,,,81.522,92.0,10^-26.9146,,,,,,,,,,,,,,,,,,0
2894079,1,286,Pseudomonas oryziphila,"",bacteria,false,,,,0.00986901624521,1,,,100.0,101.0,10^-56.3801,,,,,,,,,,,,,,,,,,0
2879114,1,286,Pseudomonas sp. HS-18,"",bacteria,false,,,,0.00986901624521,1,,,95.05,101.0,10^-49.5182,,,,,,,,,,,,,,,,,,0
2849492,1,286,Pseudomonas aromaticivorans,"",bacteria,false,,,,,,,,,,,,,,,,0.00986901624521,1,,,68.8,32.0,10^-5.51856,,,,,,0
2842354,1,286,Pseudomonas maumuensis,"",bacteria,false,,,,0.00986901624521,1,,,99.0,100.0,10^-54.3258,,,,,,,,,,,,,,,,,,0
2842346,1,286,Pseudomonas siliginis,"",bacteria,false,,,,0.03947606498084,4,,,95.8197,48.0,10^-17.5922,,,,,,,,,,,,,,,,,,0
2821127,1,286,Pseudomonas sp. Bi70,"",bacteria,false,,,,,,,,,,,,,,,,0.00986901624521,1,,,100.0,28.0,10^-8.30892,,,,,,0
2815936,1,286,Pseudomonas sp. PP3,"",bacteria,false,,,,0.01973803249042,2,,,96.907,97.0,10^-49.5358,,,,,,,,,,,,,,,,,,0
2796397,1,286,Pseudomonas sp. TH32,"",bacteria,false,,,,,,,,,,,,,,,,0.00986901624521,1,,,100.0,33.0,10^-14.1649,,,,,,0
2775295,1,286,Pseudomonas sp. CFBP 13727,"",bacteria,false,,,,,,,,,,,,,,,,0.00986901624521,1,,,100.0,23.0,10^-4.75449,,,,,,0
2774460,1,286,Pseudomonas allokribbensis,"",bacteria,false,,,,0.01973803249042,2,,,93.976,83.0,10^-37.2521,,,,,,,,,,,,,,,,,,0
2769301,1,286,Pseudomonas sp. PDM05,"",bacteria,false,,,,,,,,,,,,,,,,0.00986901624521,1,,,90.9,33.0,10^-11.06,,,,,,0
2745514,1,286,Pseudomonas salmasensis,"",bacteria,false,,,,0.00986901624521,1,,,98.98,98.0,10^-52.9622,,,,,,,,,,,,,,,,,,0
2745495,1,286,Pseudomonas vanderleydeniana,"",bacteria,false,,,,0.00986901624521,1,,,99.0,100.0,10^-54.3258,,,,,,,,,,,,,,,,,,0
2745490,1,286,Pseudomonas xantholysinigenes,"",bacteria,false,,,,0.00986901624521,1,,,100.0,84.0,10^-44.795,,,,,,,,,,,,,,,,,,0
2738824,1,286,Pseudomonas sp. G5001,"",bacteria,false,,,,,,,,,,,,,,,,0.00986901624521,1,,,100.0,22.0,10^-3.88941,,,,,,0
2735906,1,286,Pseudomonas sp. B11D7D,"",bacteria,false,,,,0.01973803249042,2,,,94.444,36.0,10^-9.48129,,,,,,,,,,,,,,,,,,0
2731681,1,286,Pseudomonas campi,"",bacteria,false,,,,0.00986901624521,1,,,82.609,92.0,10^-28.287,,,,,,,,,,,,,,,,,,0
2730847,1,286,Pseudomonas sp. ADAK13,"",bacteria,false,,,,0.01973803249042,2,,,98.936,94.0,10^-50.2356,,,,,,,,,,,,,,,,,,0
2726956,1,286,Pseudomonas berkeleyensis,"",bacteria,false,,,,0.00986901624521,1,,,88.0,50.0,10^-13.4557,,,,,,,,,,,,,,,,,,0
2725477,1,286,Pseudomonas tohonis,"",bacteria,false,,,,0.01973803249042,2,,,95.385,65.0,10^-27.7517,,,,,,,,,,,,,,,,,,0
2666183,1,286,Pseudomonas juntendi,"",bacteria,false,,,,0.00986901624521,1,,,92.453,53.0,10^-18.2337,,,,,,,,,,,,,,,,,,0
2666087,1,286,Pseudomonas sp. Xaverov 83,"",bacteria,false,,,,,,,,,,,,,,,,0.00986901624521,1,,,100.0,33.0,10^-15.684,,,,,,0
2653853,1,286,Pseudomonas sp. SCB32,"",bacteria,false,,,,0.00986901624521,1,,,99.01,101.0,10^-55.0077,,,,,,,,,,,,,,,,,,0
2579922,1,286,Pseudomonas yangonensis,"",bacteria,false,,,,,,,,,,,,,,,,0.01973803249042,2,,,100.0,18.0,10^-3.90658,,,,,,0
2565368,1,286,Pseudomonas atacamensis,"",bacteria,false,,,,0.01973803249042,2,,,100.0,101.0,10^-56.3801,,,,,,0.08882114620689,9,,,88.8889,28.5556,10^-6.68731,,,,,,0
2518644,1,286,Pseudomonas tructae,"",bacteria,false,,,,0.00986901624521,1,,,95.05,101.0,10^-49.5182,,,,,,,,,,,,,,,,,,0
2487355,1,286,Pseudomonas carnis,"",bacteria,false,,,,,,,,,,,,,,,,0.03947606498084,4,,,100.0,28.25,10^-8.79402,,,,,,0
2315859,1,286,Pseudomonas sp. LS-2,"",bacteria,false,,,,,,,,,,,,,,,,0.00986901624521,1,,,84.8,33.0,10^-7.80688,,,,,,0
2293833,1,286,Pseudomonas nabeulensis,"",bacteria,false,,,,,,,,,,,,,,,,0.00986901624521,1,,,100.0,33.0,10^-10.7878,,,,,,0
2293832,1,286,Pseudomonas kairouanensis,"",bacteria,false,,,,,,,,,,,,,,,,0.00986901624521,1,,,100.0,20.0,10^-3.4908,,,,,,0
2078785,1,286,Pseudomonas sp. JV241A,"",bacteria,false,,,,,,,,,,,,,,,,0.06908311371647,7,,,87.8429,31.2857,10^-8.44497,,,,,,0
2056844,1,286,Pseudomonas sp. HMWF007,"",bacteria,false,,,,,,,,,,,,,,,,0.00986901624521,1,,,100.0,20.0,10^-3.00745,,,,,,0
2056842,1,286,Pseudomonas sp. HMWF005,"",bacteria,false,,,,,,,,,,,,,,,,0.00986901624521,1,,,100.0,20.0,10^-3.11126,,,,,,0
2044872,1,286,Pseudomonas bohemica,"",bacteria,false,,,,,,,,,,,,,,,,0.01973803249042,2,,,100.0,21.0,10^-3.69897,,,,,,0
2015555,1,286,Pseudomonas sp. PGPPP3,"",bacteria,false,,,,,,,,,,,,,,,,0.01973803249042,2,,,100.0,32.5,10^-15.2437,,,,,,0
2009003,1,286,Pseudomonas sp. Irchel 3F6,"",bacteria,false,,,,,,,,,,,,,,,,0.00986901624521,1,,,100.0,31.0,10^-12.5901,,,,,,0
1985301,1,286,Pseudomonas sp. HAR-UPW-AIA-41,"",bacteria,false,,,,,,,,,,,,,,,,0.01973803249042,2,,,100.0,32.5,10^-11.5017,,,,,,0
1981174,1,286,Pseudomonas sp. M30-35,"",bacteria,false,,,,0.00986901624521,1,,,100.0,50.0,10^-21.69,,,,,,,,,,,,,,,,,,0
1947333,1,286,Pseudomonas sp. UBA6699,"",bacteria,false,,,,,,,,,,,,,,,,0.00986901624521,1,,,95.8,24.0,10^-5.92812,,,,,,0
1940636,1,286,Pseudomonas shirazica,"",bacteria,false,,,,0.00986901624521,1,,,100.0,101.0,10^-56.3801,,,,,,,,,,,,,,,,,,0
1930532,1,286,Pseudomonas sp. CC6-YY-74,"",bacteria,false,,,,0.01973803249042,2,,,97.674,86.0,10^-43.4124,,,,,,,,,,,,,,,,,,0
1898684,1,286,Pseudomonas sp. LPH1,"",bacteria,false,,,,,,,,,,,,,,,,0.00986901624521,1,,,100.0,31.0,10^-11.8928,,,,,,0
1886807,1,286,Pseudomonas sp. TMW 2.1634,"",bacteria,false,,,,0.01973803249042,2,,,100.0,41.0,10^-15.6005,,,,,,,,,,,,,,,,,,0
1785145,1,286,Pseudomonas glycinae,"",bacteria,false,,,,,,,,,,,,,,,,0.01973803249042,2,,,90.8,27.0,10^-8.38131,,,,,,0
1771311,1,286,Pseudomonas sp. ATCC PTA-122608,"",bacteria,false,,,,,,,,,,,,,,,,0.00986901624521,1,,,100.0,22.0,10^-3.88941,,,,,,0
1752219,1,286,Pseudomonas sp. Ga0074129,"",bacteria,false,,,,,,,,,,,,,,,,0.01973803249042,2,,,96.8,31.0,10^-9.2161,,,,,,0
1582822,1,286,Pseudomonas sp. AS106.2,"",bacteria,false,,,,0.00986901624521,1,,,100.0,101.0,10^-56.3801,,,,,,,,,,,,,,,,,,0
1580483,1,286,Pseudomonas sp. DP-1,"",bacteria,false,,,,0.00986901624521,1,,,97.938,97.0,10^-49.5358,,,,,,,,,,,,,,,,,,0
1536577,1,286,Pseudomonas sp. DB2-17,"",bacteria,false,,,,0.00986901624521,1,,,100.0,40.0,10^-14.925,,,,,,,,,,,,,,,,,,0
1495066,1,286,Pseudomonas capeferrum,"",bacteria,false,,,,,,,,,,,,,,,,0.00986901624521,1,,,100.0,33.0,10^-10.7852,,,,,,0
1451454,1,286,Pseudomonas caspiana,"",bacteria,false,,,,,,,,,,,,,,,,0.01973803249042,2,,,100.0,30.0,10^-11.7144,,,,,,0
1421430,1,286,Pseudomonas granadensis,"",bacteria,false,,,,0.00986901624521,1,,,100.0,101.0,10^-56.3801,,,,,,,,,,,,,,,,,,0
1357074,1,286,Pseudomonas sp. LS44,"",bacteria,false,,,,0.00986901624521,1,,,100.0,101.0,10^-56.3801,,,,,,,,,,,,,,,,,,0
1306993,1,286,Pseudomonas soli,"",bacteria,false,,,,0.00986901624521,1,,,100.0,84.0,10^-44.795,,,,,,,,,,,,,,,,,,0
1274359,1,286,Pseudomonas sihuiensis,"",bacteria,false,,,,0.00986901624521,1,,,100.0,84.0,10^-44.795,,,,,,,,,,,,,,,,,,0
1261623,1,286,Pseudomonas sp. URMO17WK12:I2,"",bacteria,false,,,,,,,,,,,,,,,,0.00986901624521,1,,,100.0,28.0,10^-8.30892,,,,,,0
1177895,1,286,Pseudomonas sp. c139(2012),"",bacteria,false,,,,0.00986901624521,1,,,100.0,94.0,10^-51.608,,,,,,,,,,,,,,,,,,0
1149133,1,286,Pseudomonas furukawaii,"",bacteria,false,,,,0.00986901624521,1,,,98.0,100.0,10^-52.9535,,,,,,,,,,,,,,,,,,0
1148509,1,286,Pseudomonas prosekii,"",bacteria,false,,,,,,,,,,,,,,,,0.00986901624521,1,,,69.7,33.0,10^-4.29671,,,,,,0
1114970,1,286,Pseudomonas ogarae,"",bacteria,false,,,,,,,,,,,,,,,,0.00986901624521,1,,,100.0,22.0,10^-5.61261,,,,,,0
1050778,1,286,Pseudomonas sp. Os52,"",bacteria,false,,,,0.00986901624521,1,,,100.0,95.0,10^-52.2895,,,,,,,,,,,,,,,,,,0
741724,1,286,Pseudomonas sp. B4M-K,"",bacteria,false,,,,0.5822719584673899,59,1,59,100.0,317.0,10^-163.602,,,,,,,,,,,,,,,,,,0
587753,1,286,Pseudomonas chlororaphis,"",bacteria,false,,,,0.03947606498084,4,,,99.4565,83.0,10^-43.4554,,,,,,,,,,,,,,,,,,0
554344,1,286,Pseudomonas toyotomiensis,"",bacteria,false,,,,,,,,,,,,,,,,0.01973803249042,2,,,100.0,32.5,10^-11.6152,,,,,,0
515393,1,286,Pseudomonas yamanorum,"",bacteria,false,,,,0.08882114620689,9,,,99.6334,96.1111,10^-52.591,,,,,,0.01973803249042,2,,,98.5,30.5,10^-10.8534,,,,,,0
503952,1,286,Pseudomonas sp. b204,"",bacteria,false,,,,0.00986901624521,1,,,100.0,101.0,10^-56.3801,,,,,,,,,,,,,,,,,,0
489632,1,286,Pseudomonas chengduensis,"",bacteria,false,,,,0.04934508122605,5,,,99.0886,89.0,10^-47.1094,,,,,,0.01973803249042,2,,,100.0,21.0,10^-3.98908,,,,,,0
380021,1,286,Pseudomonas protegens,"",bacteria,false,,,,0.02960704873563,3,,,100.0,85.5,10^-45.8166,,,,,,,,,,,,,,,,,,0
359110,1,286,Pseudomonas extremaustralis,"",bacteria,false,,,,,,,,,,,,,,,,0.00986901624521,1,,,100.0,32.0,10^-10.6498,,,,,,0
332018,1,286,Pseudomonas sp. MT23,"",bacteria,false,,,,0.01973803249042,2,,,100.0,92.5,10^-49.9009,,,,,,,,,,,,,,,,,,0
321846,1,286,Pseudomonas simiae,"",bacteria,false,,,,0.00986901624521,1,,,100.0,100.0,10^-55.6982,,,,,,,,,,,,,,,,,,0
321662,1,286,Pseudomonas moraviensis,"",bacteria,false,,,,0.00986901624521,1,,,100.0,100.0,10^-55.6982,,,,,,0.00986901624521,1,,,87.1,31.0,10^-6.86967,,,,,,0
319939,1,286,Pseudomonas otitidis,"",bacteria,false,,,,0.03947606498084,4,,,98.6882,57.25,10^-25.2601,,,,,,,,,,,,,,,,,,0
312306,1,286,Pseudomonas entomophila,"",bacteria,false,,,,0.00986901624521,1,,,91.089,101.0,10^-44.0287,,,,,,0.00986901624521,1,,,100.0,33.0,10^-12.6271,,,,,,0
253237,1,286,Pseudomonas sp. phDV1,"",bacteria,false,,,,0.02960704873563,3,,,99.6213,96.0,10^-52.5145,,,,,,,,,,,,,,,,,,0
251701,1,286,Pseudomonas syringae group genomosp. 3,"",bacteria,false,,,,,,,,,,,,,,,,0.01973803249042,2,,,63.3,30.0,10^-3.27246,,,,,,0
237610,1,286,Pseudomonas psychrotolerans,"",bacteria,false,,,,0.06908311371647,7,,,99.8586,95.1429,10^-52.1928,,,,,,,,,,,,,,,,,,0
228765,1,286,Pseudomonas sp. SE22#1a,"",bacteria,false,,,,0.00986901624521,1,,,98.02,101.0,10^-53.6353,,,,,,,,,,,,,,,,,,0
219572,1,286,Pseudomonas antarctica,"",bacteria,false,,,,0.00986901624521,1,,,100.0,101.0,10^-56.3801,,,,,,,,,,,,,,,,,,0
216142,1,286,Pseudomonas rhizosphaerae,"",bacteria,false,,,,0.01973803249042,2,,,95.0495,101.0,10^-49.5182,,,,,,,,,,,,,,,,,,0
200451,1,286,Pseudomonas poae,"",bacteria,false,,,,0.06908311371647,7,,,98.0043,100.286,10^-53.1483,,,,,,,,,,,,,,,,,,0
198620,1,286,Pseudomonas koreensis,"",bacteria,false,,,,0.01973803249042,2,,,100.0,95.0,10^-52.2895,,,,,,,,,,,,,,,,,,0
183795,1,286,Pseudomonas mediterranea,"",bacteria,false,,,,0.01973803249042,2,,,100.0,100.5,10^-56.0391,,,,,,,,,,,,,,,,,,0
169669,1,286,Pseudomonas extremorientalis,"",bacteria,false,,,,0.01973803249042,2,,,91.111,45.0,10^-12.8153,,,,,,,,,,,,,,,,,,0
157782,1,286,Pseudomonas parafulva,"",bacteria,false,,,,0.00986901624521,1,,,100.0,101.0,10^-56.3801,,,,,,,,,,,,,,,,,,0
117680,1,286,Pseudomonas reactans,"",bacteria,false,,,,,,,,,,,,,,,,0.01973803249042,2,,,100.0,30.0,10^-9.04672,,,,,,0
114707,1,286,uncultured Pseudomonas sp.,"",bacteria,false,,,,0.04934508122605,5,,,100.0,94.0,10^-51.6094,,,,,,,,,,,,,,,,,,0
101564,1,286,Pseudomonas alcaliphila,"",bacteria,false,,,,0.00986901624521,1,,,99.01,101.0,10^-55.0077,,,,,,,,,,,,,,,,,,0
95301,1,286,Pseudomonas multiresinivorans,"",bacteria,false,,,,0.01973803249042,2,,,89.231,65.0,10^-22.2622,,,,,,,,,,,,,,,,,,0
86265,1,286,Pseudomonas thivervalensis,"",bacteria,false,,,,,,,,,,,,,,,,0.00986901624521,1,,,96.9,32.0,10^-8.22841,,,,,,0
78327,1,286,Pseudomonas mosselii,"",bacteria,false,,,,0.01973803249042,2,,,99.3975,91.5,10^-49.2199,,,,,,,,,,,,,,,,,,0
76761,1,286,Pseudomonas veronii,"",bacteria,false,,,,,,,,,,,,,,,,0.02960704873563,3,,,100.0,33.0,10^-12.4794,,,,,,0
76759,1,286,Pseudomonas monteilii,"",bacteria,false,,,,0.02960704873563,3,,,100.0,93.0,10^-50.9287,,,,,,,,,,,,,,,,,,0
76758,1,286,Pseudomonas orientalis,"",bacteria,false,,,,,,,,,,,,,,,,0.00986901624521,1,,,100.0,27.0,10^-6.20901,,,,,,0
69328,1,286,Pseudomonas sp. VLB120,"",bacteria,false,,,,,,,,,,,,,,,,0.00986901624521,1,,,88.5,26.0,10^-8.06601,,,,,,0
53409,1,286,Pseudomonas coronafaciens,"",bacteria,false,,,,,,,,,,,,,,,,0.01973803249042,2,,,89.4,33.0,10^-10.9392,,,,,,0
47886,1,286,Pseudomonas luteola,"",bacteria,false,,,,0.01973803249042,2,,,97.03,101.0,10^-52.2629,,,,,,0.01973803249042,2,,,100.0,33.0,10^-11.6685,,,,,,0
47885,1,286,Pseudomonas oryzihabitans,"",bacteria,false,,,,0.28620147111108996,29,1,28,100.0,206.034,10^-102.528,,,,,,,,,,,,,,,,,,0
47883,1,286,Pseudomonas synxantha,"",bacteria,false,,,,0.02960704873563,3,,,97.436,85.6667,10^-43.1886,,,,,,,,,,,,,,,,,,0
47880,1,286,Pseudomonas fulva,"",bacteria,false,,,,0.04934508122605,5,,,95.9108,85.8,10^-42.1889,,,,,,,,,,,,,,,,,,0
47879,1,286,Pseudomonas corrugata,"",bacteria,false,,,,0.01973803249042,2,,,98.913,85.5,10^-44.4454,,,,,,,,,,,,,,,,,,0
47878,1,286,Pseudomonas azotoformans,"",bacteria,false,,,,0.03947606498084,4,,,99.2575,93.0,10^-49.2126,,,,,,,,,,,,,,,,,,0
47877,1,286,Pseudomonas amygdali,"",bacteria,false,,,,,,,,,,,,,,,,0.14803524367815,15,,,98.0267,31.8667,10^-12.0045,,,,,,0
46680,1,286,Pseudomonas nitroreducens,"",bacteria,false,,,,0.02960704873563,3,,,97.3597,94.3333,10^-48.1778,,,,,,0.01973803249042,2,,,100.0,26.0,10^-6.99568,,,,,,0
46257,1,286,Pseudomonas avellanae,"",bacteria,false,,,,,,,,,,,,,,,,0.00986901624521,1,,,66.7,36.0,10^-5.74232,,,,,,0
43263,1,286,Pseudomonas alcaligenes,"",bacteria,false,,,,0.03947606498084,4,,,100.0,95.0,10^-52.2904,,,,,,0.01973803249042,2,,,100.0,29.0,10^-9.10513,,,,,,0
36746,1,286,Pseudomonas cichorii,"",bacteria,false,,,,,,,,,,,,,,,,0.5724029422221799,58,1,56,87.5965,73.4483,10^-42.137,,,,,,0
33069,1,286,Pseudomonas viridiflava,"",bacteria,false,,,,,,,,,,,,,,,,0.00986901624521,1,,,100.0,18.0,10^-3.01233,,,,,,0
29442,1,286,Pseudomonas tolaasii,"",bacteria,false,,,,0.03947606498084,4,,,94.8005,72.25,10^-33.057,,,,,,,,,,,,,,,,,,0
29438,1,286,Pseudomonas savastanoi,"",bacteria,false,,,,,,,,,,,,,,,,6.77014514421406,686,3,654,84.9826,86.3681,10^-46.9453,,,,,,0
317,1,286,Pseudomonas syringae,"",bacteria,false,,,,0.08882114620689,9,,,98.1057,67.8889,10^-31.8581,,,,,,0.26646343862066996,27,,,88.6407,31.3333,10^-9.92694,,,,,,0
306,1,286,Pseudomonas sp.,"",bacteria,false,,,,0.01973803249042,2,,,99.505,101.0,10^-55.6939,,,,,,0.03947606498084,4,,,100.0,30.5,10^-11.2062,,,,,,0
303,1,286,Pseudomonas putida,"",bacteria,false,,,,0.25659442237546,26,,,99.4268,87.76,10^-46.8188,,,,,,0.04934508122605,5,,,98.76,30.6,10^-10.1228,,,,,,1
301,1,286,Pseudomonas oleovorans,"",bacteria,false,,,,7.01687055034431,711,3,677,99.1294,438.655,10^-283.13,,,,,,0.12829721118773,13,,,100.0,30.3636,10^-10.1833,,,,,,0
300,1,286,Pseudomonas mendocina,"",bacteria,false,,,,0.21711835739462,22,,,99.5188,94.8636,10^-51.5808,,,,,,,,,,,,,,,,,,0
296,1,286,Pseudomonas fragi,"",bacteria,false,,,,0.0986901624521,10,,,100.0,81.5,10^-42.9771,,,,,,,,,,,,,,,,,,0
294,1,286,Pseudomonas fluorescens,"",bacteria,false,,,,0.05921409747126,6,,,99.175,91.5,10^-48.7649,,,,,,0.0986901624521,10,,,97.52,30.4,10^-8.86861,,,,,,1
287,1,286,Pseudomonas aeruginosa,"",bacteria,false,,,,0.31580851984672,32,,,99.9572,93.8438,10^-51.4638,,,,,,0.20724934114941,21,,,95.1238,28.8095,10^-9.87135,,,,,,1
283,2,283,Comamonas,"",bacteria,false,,,,0.15790425992336,16,,,97.437,87.625,10^-44.6139,,,,,,0.06908311371647,7,,,98.7,29.4286,10^-9.65455,,,,,"[2769423, 1082851, 363952, 225991, 32013, 285]",0
2769423,1,283,Comamonas sp. KCTC 72670,"",bacteria,false,,,,,,,,,,,,,,,,0.00986901624521,1,,,90.9,22.0,10^-3.39147,,,,,,0
1082851,1,283,Comamonas serinivorans,"",bacteria,false,,,,0.00986901624521,1,,,100.0,100.0,10^-55.6982,,,,,,,,,,,,,,,,,,0
363952,1,283,Comamonas thiooxydans,"",bacteria,false,,,,0.00986901624521,1,,,98.214,56.0,10^-24.3855,,,,,,,,,,,,,,,,,,0
225991,1,283,Comamonas aquatica,"",bacteria,false,,,,0.0986901624521,10,,,96.5534,88.7,10^-44.433,,,,,,0.03947606498084,4,,,100.0,29.5,10^-9.57013,,,,,,0
32013,1,283,Comamonas terrigena,"",bacteria,false,,,,0.00986901624521,1,,,97.03,101.0,10^-52.2629,,,,,,,,,,,,,,,,,,0
285,1,283,Comamonas testosteroni,"",bacteria,false,,,,0.02960704873563,3,,,99.4047,86.0,10^-45.7152,,,,,,0.01973803249042,2,,,100.0,33.0,10^-12.9549,,,,,,0
279,2,279,Xanthobacter,"",bacteria,false,,,,0.01973803249042,2,,,90.361,83.0,10^-33.135,,,,,,0.00986901624521,1,,,90.0,30.0,10^-9.04479,,,,,"[35809, 280]",0
35809,1,279,Xanthobacter sp.,"",bacteria,false,,,,,,,,,,,,,,,,0.00986901624521,1,,,90.0,30.0,10^-9.04479,,,,,,0
280,1,279,Xanthobacter autotrophicus,"",bacteria,false,,,,0.01973803249042,2,,,90.361,83.0,10^-33.135,,,,,,,,,,,,,,,,,,0
270,2,270,Thermus,"",bacteria,false,,,,0.07895212996168,8,,,99.0966,92.875,10^-49.8171,,,,,,0.03947606498084,4,,,96.975,32.5,10^-12.741,,,,,"[2078690, 1577051, 456163, 88190, 56957, 37636, 274]",0
2078690,1,270,Thermus tenuipuniceus,"",bacteria,false,,,,,,,,,,,,,,,,0.00986901624521,1,,,97.0,33.0,10^-14.9431,,,,,,0
1577051,1,270,Thermus sp. 2.9,"",bacteria,false,,,,,,,,,,,,,,,,0.00986901624521,1,,,100.0,33.0,10^-12.4776,,,,,,0
456163,1,270,Thermus parvatiensis,"",bacteria,false,,,,0.00986901624521,1,,,100.0,100.0,10^-55.6982,,,,,,,,,,,,,,,,,,0
88190,1,270,Thermus antranikianii,"",bacteria,false,,,,0.01973803249042,2,,,99.505,97.0,10^-52.9671,,,,,,0.00986901624521,1,,,100.0,31.0,10^-11.7986,,,,,,0
56957,1,270,Thermus oshimai,"",bacteria,false,,,,0.01973803249042,2,,,96.8815,74.0,10^-34.564,,,,,,,,,,,,,,,,,,0
37636,1,270,Thermus scotoductus,"",bacteria,false,,,,,,,,,,,,,,,,0.00986901624521,1,,,90.9,33.0,10^-11.7447,,,,,,0
274,1,270,Thermus thermophilus,"",bacteria,false,,,,0.02960704873563,3,,,100.0,100.333,10^-55.9255,,,,,,,,,,,,,,,,,,0
265,2,265,Paracoccus,"",bacteria,false,,,,0.9967706407662099,101,2,43,98.5779,164.54,10^-81.653,,,,,,0.25659442237546,26,,,97.0692,30.2308,10^-8.68562,,,,,"[3030011, 3017784, 2760307, 2756130, 2665644, 2596918, 2589076, 2500532, 2032623, 1569209, 1545044, 1263728, 1197861, 579490, 525640, 288426, 225362, 184748, 147645, 82367, 59779, 34003, 267, 266]",0
3030011,1,265,Paracoccus sp. S3-43,"",bacteria,false,,,,0.00986901624521,1,,,100.0,84.0,10^-44.795,,,,,,,,,,,,,,,,,,0
3017784,1,265,Paracoccus albus,"",bacteria,false,,,,0.00986901624521,1,,,99.01,101.0,10^-55.0077,,,,,,,,,,,,,,,,,,0
2760307,1,265,Paracoccus sp. MC1862,"",bacteria,false,,,,0.04934508122605,5,,,96.1408,96.6,10^-48.1659,,,,,,,,,,,,,,,,,,0
2756130,1,265,Paracoccus sp. S1E-3,"",bacteria,false,,,,,,,,,,,,,,,,0.01973803249042,2,,,80.3,33.0,10^-8.83219,,,,,,0
2665644,1,265,Paracoccus lichenicola,"",bacteria,false,,,,,,,,,,,,,,,,0.00986901624521,1,,,93.9,33.0,10^-10.8633,,,,,,0
2596918,1,265,Paracoccus sp. NBH48,"",bacteria,false,,,,,,,,,,,,,,,,0.01973803249042,2,,,100.0,33.0,10^-10.4489,,,,,,0
2589076,1,265,Paracoccus sp. AK26,"",bacteria,false,,,,0.01973803249042,2,,,100.0,70.0,10^-35.2675,,,,,,,,,,,,,,,,,,0
2500532,1,265,Paracoccus sp. Arc7-R13,"",bacteria,false,,,,0.47371277977008,48,2,43,98.4122,242.604,10^-117.063,,,,,,0.00986901624521,1,,,100.0,33.0,10^-8.4828,,,,,,0
2032623,1,265,Paracoccus salipaludis,"",bacteria,false,,,,,,,,,,,,,,,,0.00986901624521,1,,,100.0,23.0,10^-5.56543,,,,,,0
1569209,1,265,Paracoccus sp. PAMC 22219,"",bacteria,false,,,,,,,,,,,,,,,,0.02960704873563,3,,,100.0,24.3333,10^-6.70934,,,,,,0
1545044,1,265,Paracoccus sanguinis,"",bacteria,false,,,,0.01973803249042,2,,,94.203,69.0,10^-29.0981,,,,,,,,,,,,,,,,,,0
1263728,1,265,Paracoccus sp. TOH,"",bacteria,false,,,,0.00986901624521,1,,,99.01,101.0,10^-55.0077,,,,,,0.00986901624521,1,,,100.0,33.0,10^-10.9208,,,,,,0
1197861,1,265,Paracoccus laeviglucosivorans,"",bacteria,false,,,,,,,,,,,,,,,,0.00986901624521,1,,,100.0,33.0,10^-10.6402,,,,,,0
579490,1,265,Paracoccus sp. S4493,"",bacteria,false,,,,,,,,,,,,,,,,0.00986901624521,1,,,100.0,30.0,10^-8.72584,,,,,,0
525640,1,265,Paracoccus chinensis,"",bacteria,false,,,,,,,,,,,,,,,,0.02960704873563,3,,,89.7667,32.6667,10^-9.71909,,,,,,0
288426,1,265,Paracoccus marinus,"",bacteria,false,,,,,,,,,,,,,,,,0.01973803249042,2,,,100.0,23.0,10^-3.79588,,,,,,0
225362,1,265,Paracoccus haeundaensis,"",bacteria,false,,,,,,,,,,,,,,,,0.01973803249042,2,,,100.0,32.5,10^-7.60598,,,,,,0
184748,1,265,Paracoccus seriniphilus,"",bacteria,false,,,,0.00986901624521,1,,,90.099,101.0,10^-42.6564,,,,,,,,,,,,,,,,,,0
147645,1,265,Paracoccus yeei,"",bacteria,false,,,,0.05921409747126,6,,,98.81,100.8,10^-54.5968,,,,,,,,,,,,,,,,,,0
82367,1,265,Paracoccus pantotrophus,"",bacteria,false,,,,0.01973803249042,2,,,100.0,100.5,10^-56.0391,,,,,,,,,,,,,,,,,,0
59779,1,265,Paracoccus marcusii,"",bacteria,false,,,,0.27633245486588,28,,,99.3832,94.4286,10^-51.1181,,,,,,0.05921409747126,6,,,100.0,31.1667,10^-9.9961,,,,,,0
34003,1,265,Paracoccus aminophilus,"",bacteria,false,,,,0.00986901624521,1,,,100.0,101.0,10^-56.3801,,,,,,,,,,,,,,,,,,0
267,1,265,Paracoccus sp. (in: a-proteobacteria),"",bacteria,false,,,,0.00986901624521,1,,,100.0,85.0,10^-45.476,,,,,,,,,,,,,,,,,,0
266,1,265,Paracoccus denitrificans,"",bacteria,false,,,,0.01973803249042,2,,,100.0,63.0,10^-30.51,,,,,,,,,,,,,,,,,,0
262,2,262,Francisella,"",bacteria,false,,,,0.00986901624521,1,,,90.0,40.0,10^-9.43554,,,,,,0.13816622743294,14,,,100.0,32.3333,10^-11.8691,,,,,"[2047875, 475375]",0
2047875,1,262,Francisella sp.,"",bacteria,false,,,,,,,,,,,,,,,,0.13816622743294,14,,,100.0,32.3333,10^-11.8691,,,,,,0
475375,1,262,Francisella sp. MA067296,"",bacteria,false,,,,0.00986901624521,1,,,90.0,40.0,10^-9.43554,,,,,,,,,,,,,,,,,,0
237,2,237,Flavobacterium,"",bacteria,false,,,,0.17764229241378,18,,,96.1503,90.5556,10^-44.7691,,,,,,0.10855917869731,11,,,97.6182,30.0909,10^-10.0779,,,,,"[3003258, 2986834, 2986832, 2986828, 2906076, 2845819, 2748320, 2704140, 2602769, 2596891, 2045105, 1751056, 1114867, 1114861, 96345, 29533, 986, 239]",0
3003258,1,237,Flavobacterium flavigenum,"",bacteria,false,,,,0.01973803249042,2,,,95.4415,76.5,10^-34.8861,,,,,,0.00986901624521,1,,,100.0,26.0,10^-7.40121,,,,,,0
2986834,1,237,Flavobacterium sp. N2820,"",bacteria,false,,,,0.01973803249042,2,,,90.805,87.0,10^-35.8593,,,,,,,,,,,,,,,,,,0
2986832,1,237,Flavobacterium sp. N2469,"",bacteria,false,,,,0.00986901624521,1,,,99.01,101.0,10^-55.0077,,,,,,,,,,,,,,,,,,0
2986828,1,237,Flavobacterium sp. N2013,"",bacteria,false,,,,0.00986901624521,1,,,100.0,101.0,10^-56.3801,,,,,,,,,,,,,,,,,,0
2906076,1,237,Flavobacterium covae,"",bacteria,false,,,,0.00986901624521,1,,,95.652,46.0,10^-16.2367,,,,,,,,,,,,,,,,,,0
2845819,1,237,Flavobacterium sp. CECT 9288,"",bacteria,false,,,,,,,,,,,,,,,,0.01973803249042,2,,,88.4,30.5,10^-8.24922,,,,,,0
2748320,1,237,Flavobacterium inviolabile,"",bacteria,false,,,,0.00986901624521,1,,,100.0,101.0,10^-56.3801,,,,,,,,,,,,,,,,,,0
2704140,1,237,Flavobacterium bizetiae,"",bacteria,false,,,,0.01973803249042,2,,,98.995,99.5,10^-53.985,,,,,,,,,,,,,,,,,,0
2602769,1,237,Flavobacterium alkalisoli,"",bacteria,false,,,,0.02960704873563,3,,,96.09,93.6667,10^-46.3512,,,,,,,,,,,,,,,,,,0
2596891,1,237,Flavobacterium microcysteis,"",bacteria,false,,,,,,,,,,,,,,,,0.01973803249042,2,,,98.5,32.5,10^-11.2593,,,,,,0
2045105,1,237,Flavobacterium limi,"",bacteria,false,,,,,,,,,,,,,,,,0.00986901624521,1,,,100.0,25.0,10^-6.85699,,,,,,0
1751056,1,237,Flavobacterium ammonificans,"",bacteria,false,,,,0.01973803249042,2,,,89.655,94.0,10^-39.2578,,,,,,,,,,,,,,,,,,0
1114867,1,237,Flavobacterium plurextorum,"",bacteria,false,,,,0.00986901624521,1,,,97.98,99.0,10^-52.2716,,,,,,,,,,,,,,,,,,0
1114861,1,237,Flavobacterium collinsii,"",bacteria,false,,,,,,,,,,,,,,,,0.00986901624521,1,,,100.0,33.0,10^-13.8861,,,,,,0
96345,1,237,Flavobacterium psychrophilum,"",bacteria,false,,,,0.00986901624521,1,,,100.0,101.0,10^-56.3801,,,,,,,,,,,,,,,,,,0
29533,1,237,Flavobacterium pectinovorum,"",bacteria,false,,,,,,,,,,,,,,,,0.00986901624521,1,,,100.0,33.0,10^-14.0186,,,,,,0
986,1,237,Flavobacterium johnsoniae,"",bacteria,false,,,,,,,,,,,,,,,,0.00986901624521,1,,,100.0,32.0,10^-13.2782,,,,,,0
239,1,237,Flavobacterium sp.,"",bacteria,false,,,,0.00986901624521,1,,,100.0,86.0,10^-46.1571,,,,,,0.01973803249042,2,,,100.0,28.0,10^-8.19928,,,,,,0
234,2,234,Brucella,"",bacteria,false,,,,0.00986901624521,1,,,98.551,69.0,10^-33.2152,,,,,,0.21711835739462,22,,,84.6364,30.8636,10^-9.34146,,,,,"[120577, 120576, 29461, 529, 235]",2
120577,1,234,Brucella ceti,"",bacteria,false,,,,,,,,,,,,,,,,0.00986901624521,1,,,81.8,33.0,10^-8.04191,,,,,,0
120576,1,234,Brucella pinnipedialis,"",bacteria,false,,,,,,,,,,,,,,,,0.00986901624521,1,,,89.7,29.0,10^-11.5114,,,,,,0
29461,1,234,Brucella suis,"",bacteria,false,,,,,,,,,,,,,,,,0.18751130865899,19,,,84.7316,30.8421,10^-9.34652,,,,,,1
529,1,234,Brucella anthropi,"",bacteria,false,,,,0.00986901624521,1,,,98.551,69.0,10^-33.2152,,,,,,,,,,,,,,,,,,0
235,1,234,Brucella abortus,"",bacteria,false,,,,,,,,,,,,,,,,0.00986901624521,1,,,80.6,31.0,10^-8.37469,,,,,,1
226,2,226,Alteromonas,"",bacteria,false,,,,,,,,,,,,,,,,0.01973803249042,2,,,78.1,32.0,10^-6.29647,,,,,"[2653129, 2480798]",0
2653129,1,226,Alteromonas sp. 38,"",bacteria,false,,,,,,,,,,,,,,,,0.00986901624521,1,,,78.1,32.0,10^-5.95468,,,,,,0
2480798,1,226,Alteromonas sp. KUL49,"",bacteria,false,,,,,,,,,,,,,,,,0.00986901624521,1,,,78.1,32.0,10^-6.63827,,,,,,0
222,2,222,Achromobacter,"",bacteria,false,,,,0.01973803249042,2,,,98.02,101.0,10^-53.6353,,,,,,0.24672540613024999,25,1,6,85.1906,41.08,10^-16.4524,,,,,"[1915388, 1353891, 1287738, 217204, 85698]",1
1915388,1,222,Achromobacter sp. KAs 3-5,"",bacteria,false,,,,,,,,,,,,,,,,0.16777327616857,17,1,6,85.4273,46.7647,10^-20.4056,,,,,,0
1353891,1,222,Achromobacter deleyi,"",bacteria,false,,,,0.00986901624521,1,,,97.03,101.0,10^-52.2629,,,,,,,,,,,,,,,,,,0
1287738,1,222,Achromobacter dolens,"",bacteria,false,,,,,,,,,,,,,,,,0.01973803249042,2,,,100.0,29.0,10^-10.4764,,,,,,0
217204,1,222,Achromobacter insolitus,"",bacteria,false,,,,,,,,,,,,,,,,0.05921409747126,6,,,79.5833,29.0,10^-7.24355,,,,,,0
85698,1,222,Achromobacter xylosoxidans,"",bacteria,false,,,,0.00986901624521,1,,,99.01,101.0,10^-55.0077,,,,,,,,,,,,,,,,,,1
209,2,209,Helicobacter,"",bacteria,false,,,,,,,,,,,,,,,,0.01973803249042,2,,,78.8,30.0,10^-6.47959,,,,,"[214, 210]",1
214,1,209,Helicobacter felis,"",bacteria,false,,,,,,,,,,,,,,,,0.00986901624521,1,,,57.6,33.0,10^-3.81531,,,,,,0
210,1,209,Helicobacter pylori,"",bacteria,false,,,,,,,,,,,,,,,,0.00986901624521,1,,,100.0,27.0,10^-9.14388,,,,,,1
194,2,194,Campylobacter,"",bacteria,false,,,,0.05921409747126,6,,,98.3433,100.667,10^-53.8655,,,,,,0.10855917869731,11,,,87.28,31.9,10^-9.57258,,,,,"[2790657, 218934, 204, 199, 197]",1
2790657,1,194,Campylobacter suis,"",bacteria,false,,,,,,,,,,,,,,,,0.00986901624521,1,,,66.7,33.0,10^-6.30539,,,,,,0
218934,1,194,uncultured Campylobacter sp.,"",bacteria,false,,,,,,,,,,,,,,,,0.00986901624521,1,,,81.8,33.0,10^-8.07469,,,,,,0
204,1,194,Campylobacter showae,"",bacteria,false,,,,0.03947606498084,4,,,97.515,100.75,10^-52.7787,,,,,,0.01973803249042,2,,,100.0,33.0,10^-12.3448,,,,,,0
199,1,194,Campylobacter concisus,"",bacteria,false,,,,0.01973803249042,2,,,100.0,100.5,10^-56.0391,,,,,,0.01973803249042,2,,,100.0,33.0,10^-9.42936,,,,,,0
197,1,194,Campylobacter jejuni,"",bacteria,false,,,,,,,,,,,,,,,,0.04934508122605,5,,,81.075,30.25,10^-9.44934,,,,,,1
191,2,191,Azospirillum,"",bacteria,false,,,,0.01973803249042,2,,,97.531,81.0,10^-40.0075,,,,,,0.5724029422221799,58,,,91.6448,29.3448,10^-10.2009,,,,,"[2970906, 1262706, 1064539, 192]",0
2970906,1,191,Azospirillum argentinense,"",bacteria,false,,,,0.00986901624521,1,,,97.531,81.0,10^-40.0075,,,,,,0.01973803249042,2,,,100.0,26.0,10^-9.04624,,,,,,0
1262706,1,191,Azospirillum sp. CAG:260,"",bacteria,false,,,,,,,,,,,,,,,,0.17764229241378,18,,,85.3333,30.8333,10^-9.80109,,,,,,0
1064539,1,191,Azospirillum baldaniorum,"",bacteria,false,,,,0.00986901624521,1,,,97.531,81.0,10^-40.0075,,,,,,,,,,,,,,,,,,0
192,1,191,Azospirillum brasilense,"",bacteria,false,,,,,,,,,,,,,,,,0.37502261731798,38,,,94.1947,28.8158,10^-10.4511,,,,,,0
157,2,157,Treponema,"",bacteria,false,,,,0.01973803249042,2,,,86.0,100.0,10^-36.485,,,,,,0.01973803249042,2,,,95.45,33.0,10^-11.8469,,,,,"[1659192, 69710, 58231]",1
1659192,1,157,Treponema sp. OMZ 305,"",bacteria,false,,,,0.01973803249042,2,,,86.0,100.0,10^-36.485,,,,,,,,,,,,,,,,,,0
69710,1,157,Treponema vincentii,"",bacteria,false,,,,,,,,,,,,,,,,0.00986901624521,1,,,93.9,33.0,10^-11.6402,,,,,,1
58231,1,157,Treponema medium,"",bacteria,false,,,,,,,,,,,,,,,,0.00986901624521,1,,,97.0,33.0,10^-12.0535,,,,,,0
123,2,123,Pirellula,"",bacteria,false,,,,0.03947606498084,4,1,4,95.973,149.0,10^-59.8416,,,,,,,,,,,,,,,,,[1632865],0
1632865,1,123,Pirellula sp. SH-Sr6A,"",bacteria,false,,,,0.03947606498084,4,1,4,95.973,149.0,10^-59.8416,,,,,,,,,,,,,,,,,,0
118,2,118,Planctomyces,"",bacteria,false,,,,0.02960704873563,3,,,96.643,99.3333,10^-50.2117,,,,,,,,,,,,,,,,,[1636152],0
1636152,1,118,Planctomyces sp. SH-PL62,"",bacteria,false,,,,0.02960704873563,3,,,96.643,99.3333,10^-50.2117,,,,,,,,,,,,,,,,,,0
113,2,113,Gemmata,"",bacteria,false,,,,0.02960704873563,3,,,93.87,91.6667,10^-42.6996,,,,,,0.03947606498084,4,,,89.875,31.75,10^-10.3188,,,,,"[1630693, 1210884, 114]",0
1630693,1,113,Gemmata sp. SH-PL17,"",bacteria,false,,,,0.00986901624521,1,,,100.0,101.0,10^-56.3801,,,,,,,,,,,,,,,,,,0
1210884,1,113,Gemmata massiliana,"",bacteria,false,,,,0.01973803249042,2,,,90.805,87.0,10^-35.8593,,,,,,,,,,,,,,,,,,0
114,1,113,Gemmata obscuriglobus,"",bacteria,false,,,,,,,,,,,,,,,,0.03947606498084,4,,,89.875,31.75,10^-10.3188,,,,,,0
107,2,107,Spirosoma,"",bacteria,false,,,,,,,,,,,,,,,,0.01973803249042,2,,,100.0,26.0,10^-6.73518,,,,,[278208],0
278208,1,107,uncultured Spirosoma sp.,"",bacteria,false,,,,,,,,,,,,,,,,0.01973803249042,2,,,100.0,26.0,10^-6.73518,,,,,,0
99,2,99,Ancylobacter,"",bacteria,false,,,,0.02960704873563,3,,,95.7577,66.0,10^-27.9849,,,,,,,,,,,,,,,,,"[1745854, 223390]",0
1745854,1,99,Ancylobacter pratisalsi,"",bacteria,false,,,,0.00986901624521,1,,,90.909,88.0,10^-36.5405,,,,,,,,,,,,,,,,,,0
223390,1,99,Ancylobacter polymorphus,"",bacteria,false,,,,0.01973803249042,2,,,98.182,55.0,10^-23.7071,,,,,,,,,,,,,,,,,,0
93,2,93,Stella,"",bacteria,false,,,,0.01973803249042,2,,,92.6685,95.0,10^-42.6838,,,,,,,,,,,,,,,,,[2558175],0
2558175,1,93,Stella sp. ATCC 35155,"",bacteria,false,,,,0.01973803249042,2,,,92.6685,95.0,10^-42.6838,,,,,,,,,,,,,,,,,,0
88,2,88,Leptothrix,"",bacteria,false,,,,0.12829721118773,13,1,13,100.0,206.0,10^-102.109,,,,,,,,,,,,,,,,,[34029],0
34029,1,88,Leptothrix cholodnii,"",bacteria,false,,,,0.12829721118773,13,1,13,100.0,206.0,10^-102.109,,,,,,,,,,,,,,,,,,0
75,2,75,Caulobacter,"",bacteria,false,,,,0.03947606498084,4,,,95.695,73.5,10^-32.5344,,,,,,0.01973803249042,2,,,95.45,33.0,10^-13.705,,,,,"[3015996, 155892]",0
3015996,1,75,Caulobacter sp. NIBR2454,"",bacteria,false,,,,0.01973803249042,2,,,93.564,101.0,10^-47.4597,,,,,,0.01973803249042,2,,,95.45,33.0,10^-13.705,,,,,,0
155892,1,75,Caulobacter vibrioides,"",bacteria,false,,,,0.01973803249042,2,,,97.826,46.0,10^-17.6091,,,,,,,,,,,,,,,,,,0
68,2,68,Lysobacter,"",bacteria,false,,,,0.06908311371647,7,,,96.7121,89.2857,10^-44.8767,,,,,,,,,,,,,,,,,"[2904252, 2764185, 2488749, 435897]",0
2904252,1,68,Lysobacter sp. KIS68-7,"",bacteria,false,,,,0.00986901624521,1,,,97.03,101.0,10^-52.2629,,,,,,,,,,,,,,,,,,0
2764185,1,68,Lysobacter sp. CJ11,"",bacteria,false,,,,0.01973803249042,2,,,100.0,100.0,10^-55.6982,,,,,,,,,,,,,,,,,,0
2488749,1,68,Lysobacter terrigena,"",bacteria,false,,,,0.00986901624521,1,,,99.01,101.0,10^-55.0077,,,,,,,,,,,,,,,,,,0
435897,1,68,Lysobacter capsici,"",bacteria,false,,,,0.02960704873563,3,,,93.6483,74.3333,10^-31.8234,,,,,,,,,,,,,,,,,,0
64,2,64,Herpetosiphon,"",bacteria,false,,,,0.01973803249042,2,,,100.0,83.0,10^-44.114,,,,,,,,,,,,,,,,,[65],0
65,1,64,Herpetosiphon aurantiacus,"",bacteria,false,,,,0.01973803249042,2,,,100.0,83.0,10^-44.114,,,,,,,,,,,,,,,,,,0
40,2,40,Stigmatella,"",bacteria,false,,,,0.01973803249042,2,,,89.094,64.5,10^-21.9235,,,,,,0.01973803249042,2,,,92.9,28.5,10^-8.05676,,,,,[41],0
41,1,40,Stigmatella aurantiaca,"",bacteria,false,,,,0.01973803249042,2,,,89.094,64.5,10^-21.9235,,,,,,0.01973803249042,2,,,92.9,28.5,10^-8.05676,,,,,,0
32,2,32,Myxococcus,"",bacteria,false,,,,0.00986901624521,1,,,100.0,101.0,10^-56.3801,,,,,,,,,,,,,,,,,[420971],0
420971,1,32,uncultured Myxococcus sp.,"",bacteria,false,,,,0.00986901624521,1,,,100.0,101.0,10^-56.3801,,,,,,,,,,,,,,,,,,0
22,2,22,Shewanella,"",bacteria,false,,,,0.14803524367815,15,,,96.3237,95.2667,10^-47.5318,,,,,,0.3947606498084,40,1,12,93.0425,45.375,10^-24.2144,,,,,"[2919172, 2914042, 2913512, 2864212, 2864210, 2806008, 608525, 558541, 515560, 365590, 332186, 62322, 24, 23]",0
2919172,1,22,Shewanella sp. KJ2020,"",bacteria,false,,,,,,,,,,,,,,,,0.00986901624521,1,,,100.0,33.0,10^-12.7167,,,,,,0
2914042,1,22,Shewanella shenzhenensis,"",bacteria,false,,,,,,,,,,,,,,,,0.11842819494252,12,1,12,98.75,80.0,10^-54.8928,,,,,,0
2913512,1,22,Shewanella ferrihydritica,"",bacteria,false,,,,,,,,,,,,,,,,0.03947606498084,4,,,89.4,33.0,10^-11.9086,,,,,,0
2864212,1,22,Shewanella acanthi,"",bacteria,false,,,,0.00986901624521,1,,,100.0,101.0,10^-56.3801,,,,,,,,,,,,,,,,,,0
2864210,1,22,Shewanella sp. FJAT-51649,"",bacteria,false,,,,0.00986901624521,1,,,100.0,100.0,10^-55.6982,,,,,,,,,,,,,,,,,,0
2806008,1,22,Shewanella sp. LZH-2,"",bacteria,false,,,,0.00986901624521,1,,,100.0,89.0,10^-48.2008,,,,,,,,,,,,,,,,,,0
608525,1,22,Shewanella sp. enrichment culture clone B1,"",bacteria,false,,,,0.00986901624521,1,,,100.0,101.0,10^-56.3801,,,,,,,,,,,,,,,,,,0
558541,1,22,Shewanella chilikensis,"",bacteria,false,,,,,,,,,,,,,,,,0.01973803249042,2,,,81.25,32.0,10^-11.1692,,,,,,0
515560,1,22,Shewanella electrica,"",bacteria,false,,,,,,,,,,,,,,,,0.00986901624521,1,,,97.0,33.0,10^-11.5157,,,,,,0
365590,1,22,Shewanella hafniensis,"",bacteria,false,,,,,,,,,,,,,,,,0.01973803249042,2,,,100.0,30.0,10^-9.96257,,,,,,0
332186,1,22,Shewanella xiamenensis,"",bacteria,false,,,,0.02960704873563,3,,,100.0,85.0,10^-45.4762,,,,,,0.16777327616857,17,,,89.3882,29.4118,10^-10.7103,,,,,,0
62322,1,22,Shewanella baltica,"",bacteria,false,,,,0.01973803249042,2,,,94.7915,98.5,10^-47.8138,,,,,,,,,,,,,,,,,,0
24,1,22,Shewanella putrefaciens,"",bacteria,false,,,,0.05921409747126,6,,,92.5455,97.6667,10^-44.0437,,,,,,,,,,,,,,,,,,0
23,1,22,Shewanella colwelliana,"",bacteria,false,,,,,,,,,,,,,,,,0.00986901624521,1,,,100.0,33.0,10^-13.6596,,,,,,0
16,2,16,Methylophilus,"",bacteria,false,,,,,,,,,,,,,,,,0.01973803249042,2,,,95.45,33.0,10^-12.9813,,,,,[29541],0
29541,1,16,Methylophilus sp.,"",bacteria,false,,,,,,,,,,,,,,,,0.01973803249042,2,,,95.45,33.0,10^-12.9813,,,,,,0
10,2,10,Cellvibrio,"",bacteria,false,,,,,,,,,,,,,,,,0.01973803249042,2,,,100.0,33.0,10^-11.8024,,,,,[1954207],0
1954207,1,10,Cellvibrio sp. 79,"",bacteria,false,,,,,,,,,,,,,,,,0.01973803249042,2,,,100.0,33.0,10^-11.8024,,,,,,0
-200,2,-200,all taxa with neither family nor genus classification,,,false,,,,1753.6156275951196,177689,35,206007,98.4854,2657.11,10^-302.905,,,,,,1744.516394617036,176767,39,206594,99.1929,529.123,10^-267.397,,,,,"[2982687, 2979986, 2952099, 2910168, 2900548, 2899248, 2899247, 2883290, 2832643, 2825076, 2800932, 2783868, 2778222, 2778221, 2722917, 2717699, 2717365, 2715253, 2653183, 2607735, 2605629, 2575572, 2548100, 2507131, 2487353, 2486578, 2482790, 2478486, 2448054, 2447898, 2358460, 2292889, 2212470, 2202144, 2201156, 2201155, 2137193, 2100421, 2081523, 2080452, 2072421, 2070539, 2065442, 2055788, 2053607, 2053589, 2053557, 2053527, 2052317, 2052181, 2052152, 2052139, 2044936, 2044595, 2043162, 2035423, 2030927, 2030800, 2026788, 2026781, 2026780, 2026768, 2026763, 2026762, 2026742, 2026739, 2026724, 2026720, 1986767, 1978759, 1978525, 1978231, 1977087, 1974763, 1974092, 1970544, 1923660, 1922926, 1919750, 1919209, 1915306, 1913989, 1913988, 1911520, 1909295, 1909294, 1909291, 1903720, 1898207, 1898104, 1895807, 1891241, 1891238, 1883427, 1869227, 1852815, 1802168, 1802030, 1797193, 1768115, 1768112, 1756188, 1755440, 1715222, 1709941, 1701327, 1701325, 1659195, 1635280, 1628856, 1618450, 1609546, 1603295, 1578384, 1561930, 1545616, 1425163, 1393662, 1352377, 1343846, 1343837, 1321919, 1284708, 1213835, 1213824, 1204490, 1173734, 1129257, 1075826, 1047973, 748610, 723593, 723561, 713059, 711002, 710997, 710990, 710978, 710977, 710820, 710804, 710788, 710787, 710780, 710741, 710740, 710731, 698390, 698387, 698383, 698382, 671231, 634182, 542543, 542424, 542395, 526644, 447265, 417305, 411917, 410823, 358574, 344338, 341166, 332614, 296830, 293343, 293335, 264879, 246143, 213322, 212695, 208549, 198431, 195052, 194846, 175245, 175243, 172733, 171953, 171248, 167235, 164851, 155900, 153809, 152507, 147696, 142162, 134039, 120965, 120858, 113267, 100371, 100272, 91750, 86473, 86027, 77133, 56765, 38018, 32644, 13136, 1211, -100]",0
2982687,1,-200,Sphingobacteriales bacterium JAD_PAG50586_3,"",bacteria,false,,,,0.00986901624521,1,,,91.667,84.0,10^-35.1884,,,,,,,,,,,,,,,,,,0
2979986,1,-200,Klebsiella phage phiKp_32,"",viruses,true,,,,0.00986901624521,1,,,95.349,43.0,10^-14.2074,,,,,,,,,,,,,,,,,,0
2952099,1,-200,XiangYun partiti-picobirna-like virus 5,"",viruses,false,,,,,,,,,,,,,,,,0.00986901624521,1,,,96.0,25.0,10^-7.41341,,,,,,0
2910168,1,-200,Longimicrobiales bacterium,"",bacteria,false,,,,0.01973803249042,2,,,94.318,88.0,10^-40.6576,,,,,,,,,,,,,,,,,,0
2900548,1,-200,Actinomycetota bacterium,"",bacteria,false,,,,0.01973803249042,2,,,94.0295,100.5,10^-47.1187,,,,,,0.31580851984672,32,,,86.2312,30.75,10^-7.35877,,,,,,0
2899248,1,-200,Aedes binegev-like virus 2,"",viruses,false,,,,,,,,,,,,,,,,0.04934508122605,5,,,99.14,28.2,10^-10.4409,,,,,,0
2899247,1,-200,Aedes binegev-like virus 1,"",viruses,false,,,,8.438008889654549,855,8,789,99.3728,1178.3,10^-275.922,,,,,,7.628749557547329,773,7,758,99.6159,387.821,10^-210.386,,,,,,0
2883290,1,-200,bacterium 210702-DFI.5.13,"",bacteria,false,,,,,,,,,,,,,,,,0.04934508122605,5,,,94.275,31.5,10^-13.0664,,,,,,0
2832643,1,-200,Caudoviricetes sp.,"",viruses,false,,,,0.2960704873563,30,,,97.4248,84.8333,10^-42.6867,,,,,,0.3947606498084,40,,,93.9211,29.9211,10^-9.31497,,,,,,0
2825076,1,-200,Myoviridae sp. ctHIt1,"",viruses,false,,,,,,,,,,,,,,,,0.00986901624521,1,,,86.2,29.0,10^-9.70115,,,,,,0
2800932,1,-200,Netjeret virus,"",viruses,false,,,,0.01973803249042,2,,,90.356,91.0,10^-37.2148,,,,,,0.01973803249042,2,,,100.0,33.0,10^-13.0946,,,,,,0
2783868,1,-200,Abditibacteriota bacterium,"",bacteria,false,,,,0.01973803249042,2,,,94.809,67.5,10^-28.7646,,,,,,,,,,,,,,,,,,0
2778222,1,-200,Kwale mosquito virus,"",viruses,false,,,,0.00986901624521,1,,,98.413,63.0,10^-29.1376,,,,,,0.1973803249042,20,,,92.11,25.35,10^-6.18782,,,,,,0
2778221,1,-200,Kisumu mosquito virus,"",viruses,false,,,,,,,,,,,,,,,,0.00986901624521,1,,,81.3,32.0,10^-7.94692,,,,,,0
2722917,1,-200,Falli virus,"",viruses,false,,,,,,,,,,,,,,,,0.05921409747126,6,1,6,44.776,67.0,10^-11.1898,,,,,,0
2717699,1,-200,bacterium BFN5,"",bacteria,false,,,,0.00986901624521,1,,,95.0,80.0,10^-36.5819,,,,,,0.07895212996168,8,,,76.25,29.875,10^-6.16494,,,,,,0
2717365,1,-200,Ktedonobacteria bacterium brp13,"",bacteria,false,,,,0.01973803249042,2,,,86.567,67.0,10^-20.8767,,,,,,,,,,,,,,,,,,0
2715253,1,-200,Pirellulales bacterium,"",bacteria,false,,,,,,,,,,,,,,,,0.01973803249042,2,,,77.75,31.5,10^-6.90041,,,,,,0
2653183,1,-200,Burkholderiales bacterium 8X,"",bacteria,false,,,,,,,,,,,,,,,,0.3947606498084,40,1,37,70.9775,85.625,10^-33.2028,,,,,,0
2607735,1,-200,Guadeloupe mosquito virus,"",viruses,false,,,,1710.5669787335135,173327,2,173125,98.4776,2716.13,10^-307.248,,,,,,1709.2445305566553,173193,2,173125,99.4292,535.736,10^-269.801,,,,,,0
2605629,1,-200,Aedes aegypti virga-like virus,"",viruses,false,,,,16.03715139846625,1625,3,1620,98.1289,1796.68,10^-270.3,,,,,,16.05688943095667,1627,3,1620,98.7893,411.249,10^-288.173,,,,,,0
2575572,1,-200,Candidatus Saganbacteria bacterium,"",bacteria,false,,,,,,,,,,,,,,,,0.00986901624521,1,,,80.0,30.0,10^-6.81531,,,,,,0
2548100,1,-200,Streptococcus phage Javan308,"",viruses,true,,,,0.00986901624521,1,,,99.01,101.0,10^-55.0077,,,,,,,,,,,,,,,,,,0
2507131,1,-200,Renna virus,"",viruses,false,,,,0.10855917869731,11,,,99.4698,68.1818,10^-33.4129,,,,,,0.41449868229882,42,,,96.9725,23.35,10^-5.31643,,,,,,0
2487353,1,-200,Actinobacteria bacterium YIM 96077,"",bacteria,false,,,,0.01973803249042,2,,,97.826,92.0,10^-47.5002,,,,,,,,,,,,,,,,,,0
2486578,1,-200,Rickettsiales endosymbiont of Stachyamoeba lipophora,"",bacteria,false,,,,0.00986901624521,1,,,97.872,94.0,10^-48.8632,,,,,,,,,,,,,,,,,,0
2482790,1,-200,Thermomicrobiales bacterium,"",bacteria,false,,,,,,,,,,,,,,,,0.00986901624521,1,,,76.0,25.0,10^-3.13906,,,,,,0
2478486,1,-200,Holophagales bacterium,"",bacteria,false,,,,0.00986901624521,1,,,91.176,102.0,10^-44.7106,,,,,,,,,,,,,,,,,,0
2448054,1,-200,Gemmatimonadales bacterium,"",bacteria,false,,,,,,,,,,,,,,,,0.01973803249042,2,,,79.15,31.0,10^-4.60563,,,,,,0
2447898,1,-200,Candidatus Kapabacteria bacterium,"",bacteria,false,,,,0.00986901624521,1,,,92.391,92.0,10^-40.6383,,,,,,,,,,,,,,,,,,0
2358460,1,-200,Nitrospirales bacterium,"",bacteria,false,,,,,,,,,,,,,,,,0.03947606498084,4,,,76.6,32.25,10^-7.56853,,,,,,0
2292889,1,-200,Firmicutes bacterium AF36-3BH,"",bacteria,false,,,,,,,,,,,,,,,,0.02960704873563,3,,,69.4,32.6667,10^-5.93694,,,,,,0
2212470,1,-200,Candidatus Eisenbacteria bacterium,"",bacteria,false,,,,0.00986901624521,1,,,92.683,41.0,10^-11.4834,,,,,,,,,,,,,,,,,,0
2202144,1,-200,Spirochaetota bacterium,"",bacteria,false,,,,,,,,,,,,,,,,0.00986901624521,1,,,88.5,26.0,10^-7.20204,,,,,,0
2201156,1,-200,Acidimicrobiales bacterium,"",bacteria,false,,,,,,,,,,,,,,,,0.01973803249042,2,,,92.2,32.0,10^-10.4528,,,,,,0
2201155,1,-200,Pseudonocardiales bacterium,"",bacteria,false,,,,,,,,,,,,,,,,0.00986901624521,1,,,84.8,33.0,10^-10.3788,,,,,,0
2137193,1,-200,cyanobacterium G8-9,"",bacteria,false,,,,,,,,,,,,,,,,0.31580851984672,32,1,32,88.66,97.0,10^-53.6144,,,,,,0
2100421,1,-200,uncultured Caudovirales phage,"",viruses,true,,,,,,,,,,,,,,,,0.00986901624521,1,,,100.0,32.0,10^-12.1643,,,,,,0
2081523,1,-200,Terriglobia bacterium,"",bacteria,false,,,,,,,,,,,,,,,,0.00986901624521,1,,,95.2,21.0,10^-3.30452,,,,,,0
2080452,1,-200,bacterium MnTg02,"",bacteria,false,,,,,,,,,,,,,,,,0.00986901624521,1,,,90.0,30.0,10^-8.78252,,,,,,0
2072421,1,-200,Rhodocyclales bacterium,"",bacteria,false,,,,,,,,,,,,,,,,0.01973803249042,2,,,71.4,28.0,10^-4.10347,,,,,,0
2070539,1,-200,Gammaproteobacteria bacterium ESL0073,"",bacteria,false,,,,,,,,,,,,,,,,0.00986901624521,1,,,87.9,33.0,10^-9.70115,,,,,,0
2065442,1,-200,Malasseziomycetes sp.,"",eukaryota,false,,,,0.02960704873563,3,,,100.0,96.6667,10^-53.4257,,,,,,,,,,,,,,,,,,0
2055788,1,-200,Cyanobacteria bacterium UBA9226,"",bacteria,false,,,,,,,,,,,,,,,,0.00986901624521,1,,,88.9,27.0,10^-8.79588,,,,,,0
2053607,1,-200,Candidatus Rokubacteria bacterium,"",bacteria,false,,,,,,,,,,,,,,,,0.01973803249042,2,,,80.3,33.0,10^-7.06029,,,,,,0
2053589,1,-200,Candidatus Paceibacterota bacterium,"",bacteria,false,,,,,,,,,,,,,,,,0.04934508122605,5,,,77.32,29.6,10^-6.48945,,,,,,0
2053557,1,-200,Candidatus Giovannonibacteria bacterium,"",bacteria,false,,,,,,,,,,,,,,,,0.01973803249042,2,,,75.1,28.0,10^-5.18854,,,,,,0
2053527,1,-200,candidate division Zixibacteria bacterium,"",bacteria,false,,,,,,,,,,,,,,,,0.00986901624521,1,,,70.4,27.0,10^-3.26281,,,,,,0
2052317,1,-200,Candidatus Eremiobacteraeota bacterium,"",bacteria,false,,,,0.01973803249042,2,,,100.0,101.0,10^-56.3801,,,,,,,,,,,,,,,,,,0
2052181,1,-200,Planctomycetia bacterium,"",bacteria,false,,,,0.01973803249042,2,,,92.308,78.0,10^-32.4758,,,,,,,,,,,,,,,,,,0
2052152,1,-200,Candidatus Nomurabacteria bacterium,"",bacteria,false,,,,,,,,,,,,,,,,0.00986901624521,1,,,60.6,33.0,10^-3.35655,,,,,,0
2052139,1,-200,Patescibacteria group bacterium,"",bacteria,false,,,,,,,,,,,,,,,,0.00986901624521,1,,,81.8,33.0,10^-10.3585,,,,,,0
2044936,1,-200,Bacteroidia bacterium,"",bacteria,false,,,,,,,,,,,,,,,,0.00986901624521,1,,,70.0,30.0,10^-3.62342,,,,,,0
2044595,1,-200,Candidatus Gracilibacteria bacterium,"",bacteria,false,,,,,,,,,,,,,,,,0.01973803249042,2,,,98.2,27.5,10^-8.29419,,,,,,0
2043162,1,-200,Acidobacteriia bacterium SbA2,"",bacteria,false,,,,,,,,,,,,,,,,0.01973803249042,2,,,77.65,29.0,10^-6.51624,,,,,,0
2035423,1,-200,bacterium HR28,"",bacteria,false,,,,,,,,,,,,,,,,0.01973803249042,2,,,75.45,28.5,10^-7.50171,,,,,,0
2030927,1,-200,Bacteroidales bacterium,"",bacteria,false,,,,,,,,,,,,,,,,0.07895212996168,8,,,85.0625,29.375,10^-6.97653,,,,,,0
2030800,1,-200,Elusimicrobiota bacterium,"",bacteria,false,,,,0.01973803249042,2,,,90.0965,50.0,10^-14.8295,,,,,,,,,,,,,,,,,,0
2026788,1,-200,Rickettsiales bacterium,"",bacteria,false,,,,,,,,,,,,,,,,0.03947606498084,4,,,76.45,30.0,10^-5.24582,,,,,,0
2026781,1,-200,Candidatus Poribacteria bacterium,"",bacteria,false,,,,,,,,,,,,,,,,0.01973803249042,2,,,57.1,28.0,10^-3.47496,,,,,,0
2026780,1,-200,Planctomycetota bacterium,"",bacteria,false,,,,,,,,,,,,,,,,0.01973803249042,2,,,78.1,32.0,10^-5.7167,,,,,,0
2026768,1,-200,Nitrosopumilales archaeon,"",archaea,false,,,,,,,,,,,,,,,,0.01973803249042,2,,,100.0,33.0,10^-10.3142,,,,,,0
2026763,1,-200,Myxococcales bacterium,"",bacteria,false,,,,,,,,,,,,,,,,0.01973803249042,2,,,90.9,33.0,10^-9.24528,,,,,,0
2026762,1,-200,Micrococcales bacterium,"",bacteria,false,,,,,,,,,,,,,,,,0.02960704873563,3,,,97.9667,25.6667,10^-5.58692,,,,,,0
2026742,1,-200,Gemmatimonadota bacterium,"",bacteria,false,,,,,,,,,,,,,,,,0.01973803249042,2,,,92.4,33.0,10^-11.3284,,,,,,0
2026739,1,-200,Euryarchaeota archaeon,"",archaea,false,,,,,,,,,,,,,,,,0.00986901624521,1,,,80.6,31.0,10^-6.16241,,,,,,0
2026724,1,-200,Chloroflexota bacterium,"",bacteria,false,,,,,,,,,,,,,,,,0.04934508122605,5,,,77.28,31.8,10^-7.18851,,,,,,0
2026720,1,-200,Candidatus Saccharibacteria bacterium,"",bacteria,false,,,,0.00986901624521,1,,,100.0,57.0,10^-26.4364,,,,,,,,,,,,,,,,,,0
1986767,1,-200,Gammaproteobacteria bacterium TMED78,"",bacteria,false,,,,,,,,,,,,,,,,0.00986901624521,1,,,87.9,33.0,10^-12.9706,,,,,,0
1978759,1,-200,Proteobacteria bacterium ST_bin11,"",bacteria,false,,,,,,,,,,,,,,,,0.00986901624521,1,,,93.9,33.0,10^-10.7852,,,,,,0
1978525,1,-200,Sphingomonadales bacterium,"",bacteria,false,,,,,,,,,,,,,,,,0.01973803249042,2,,,96.4,27.5,10^-9.96377,,,,,,0
1978231,1,-200,Acidobacteriota bacterium,"",bacteria,false,,,,0.00986901624521,1,,,93.333,45.0,10^-14.1877,,,,,,0.08882114620689,9,,,86.9778,29.5556,10^-7.4399,,,,,,0
1977087,1,-200,Pseudomonadota bacterium,"",bacteria,false,,,,,,,,,,,,,,,,0.03947606498084,4,,,97.675,32.25,10^-12.0147,,,,,,0
1974763,1,-200,Candidatus Pacebacteria bacterium CG_4_9_14_0_2_um_filter_36_8,"",bacteria,false,,,,,,,,,,,,,,,,0.03947606498084,4,,,63.1,28.5,10^-4.12278,,,,,,0
1974092,1,-200,Rhodospirillales bacterium CG15_BIG_FIL_POST_REV_8_21_14_020_66_15,"",bacteria,false,,,,,,,,,,,,,,,,0.00986901624521,1,,,96.9,32.0,10^-9.16368,,,,,,0
1970544,1,-200,Pseudomonadales bacterium 32-61-5,"",bacteria,false,,,,,,,,,,,,,,,,0.00986901624521,1,,,100.0,33.0,10^-11.7852,,,,,,0
1923660,1,-200,Wenzhou sobemo-like virus 4,"",viruses,false,,,,,,,,,,,,,,,,0.07895212996168,8,,,91.88,24.2,10^-6.71732,,,,,,0
1922926,1,-200,Hubei mosquito virus 2,"",viruses,false,,,,,,,,,,,,,,,,0.02960704873563,3,,,96.2,24.6667,10^-8.213,,,,,,0
1919750,1,-200,Dothideomycetes sp. genotype 719 JMUR-2016,"",eukaryota,false,,,,0.00986901624521,1,,,100.0,101.0,10^-56.3801,,,,,,,,,,,,,,,,,,0
1919209,1,-200,Halobacteriales archaeon SW_9_67_24,"",archaea,false,,,,,,,,,,,,,,,,0.01973803249042,2,,,88.4,30.0,10^-8.05799,,,,,,0
1915306,1,-200,Klebsiella pneumoniae phage,"",viruses,true,,,,0.00986901624521,1,,,97.5,40.0,10^-13.5526,,,,,,,,,,,,,,,,,,0
1913989,1,-200,Gammaproteobacteria bacterium,"",bacteria,false,,,,,,,,,,,,,,,,0.05921409747126,6,,,88.65,32.1667,10^-9.70984,,,,,,0
1913988,1,-200,Alphaproteobacteria bacterium,"",bacteria,false,,,,,,,,,,,,,,,,0.13816622743294,14,,,87.0143,29.4286,10^-7.4241,,,,,,0
1911520,1,-200,Actinomycetales bacterium,"",bacteria,false,,,,0.01973803249042,2,,,98.837,86.0,10^-44.7847,,,,,,0.00986901624521,1,,,96.6,29.0,10^-8.83268,,,,,,0
1909295,1,-200,Solirubrobacterales bacterium,"",bacteria,false,,,,,,,,,,,,,,,,0.02960704873563,3,,,73.9667,28.0,10^-3.75523,,,,,,0
1909294,1,-200,Hyphomicrobiales bacterium,"",bacteria,false,,,,,,,,,,,,,,,,0.05921409747126,6,,,85.2167,29.8333,10^-7.53639,,,,,,0
1909291,1,-200,Frankiales bacterium,"",bacteria,false,,,,,,,,,,,,,,,,0.00986901624521,1,,,100.0,33.0,10^-9.14086,,,,,,0
1903720,1,-200,Bacilli bacterium,"",bacteria,false,,,,,,,,,,,,,,,,0.00986901624521,1,,,76.7,30.0,10^-5.04001,,,,,,0
1898207,1,-200,Clostridiales bacterium,"",bacteria,false,,,,0.00986901624521,1,,,90.722,97.0,10^-41.3015,,,,,,0.02960704873563,3,,,80.1333,30.3333,10^-4.55592,,,,,,0
1898104,1,-200,Bacteroidota bacterium,"",bacteria,false,,,,,,,,,,,,,,,,0.06908311371647,7,,,84.6857,31.4286,10^-7.49604,,,,,,0
1895807,1,-200,Planctomycetales bacterium 71-10,"",bacteria,false,,,,,,,,,,,,,,,,0.01973803249042,2,,,89.7,29.0,10^-7.42022,,,,,,0
1891241,1,-200,Betaproteobacteria bacterium,"",bacteria,false,,,,,,,,,,,,,,,,0.10855917869731,11,,,80.9182,30.4545,10^-6.32357,,,,,,0
1891238,1,-200,Burkholderiales bacterium,"",bacteria,false,,,,,,,,,,,,,,,,0.03947606498084,4,,,96.0,29.5,10^-7.86664,,,,,,0
1883427,1,-200,Actinomycetes bacterium,"",bacteria,false,,,,,,,,,,,,,,,,0.00986901624521,1,,,71.0,31.0,10^-4.5391,,,,,,0
1869227,1,-200,bacterium,"",bacteria,false,,,,0.04934508122605,5,,,98.2262,95.8,10^-50.3664,,,,,,0.02960704873563,3,,,64.3,31.3333,10^-4.75159,,,,,,0
1852815,1,-200,Bacteroidetes bacterium ADurb.BinA012,"",bacteria,false,,,,,,,,,,,,,,,,4.263415017930719,432,1,424,54.7096,116.499,10^-29.8438,,,,,,0
1802168,1,-200,Sphingomonadales bacterium GWF1_63_6,"",bacteria,false,,,,,,,,,,,,,,,,0.00986901624521,1,,,93.9,33.0,10^-13.2104,,,,,,0
1802030,1,-200,Candidatus Roizmanbacteria bacterium RIFCSPHIGHO2_01_FULL_39_12b,"",bacteria,false,,,,,,,,,,,,,,,,0.03947606498084,4,,,67.25,29.0,10^-4.29338,,,,,,0
1797193,1,-200,Acidobacteria bacterium RIFCSPLOWO2_12_FULL_67_14b,"",bacteria,false,,,,,,,,,,,,,,,,0.00986901624521,1,,,75.0,32.0,10^-6.18977,,,,,,0
1768115,1,-200,bacterium F082,"",bacteria,false,,,,,,,,,,,,,,,,0.06908311371647,7,,,87.5143,30.0,10^-7.94049,,,,,,0
1768112,1,-200,bacterium P201,"",bacteria,false,,,,,,,,,,,,,,,,0.05921409747126,6,,,80.5667,27.5,10^-5.28809,,,,,,0
1756188,1,-200,Xylariales sp.,"",eukaryota,false,,,,0.01973803249042,2,,,100.0,101.0,10^-56.3801,,,,,,,,,,,,,,,,,,0
1755440,1,-200,Helotiales sp.,"",eukaryota,false,,,,0.00986901624521,1,,,100.0,101.0,10^-56.3801,,,,,,,,,,,,,,,,,,0
1715222,1,-200,Chaetothyriales sp.,"",eukaryota,false,,,,0.00986901624521,1,,,100.0,95.0,10^-52.2895,,,,,,,,,,,,,,,,,,0
1709941,1,-200,fungal sp.,"",eukaryota,false,,,,0.00986901624521,1,,,100.0,84.0,10^-44.795,,,,,,,,,,,,,,,,,,0
1701327,1,-200,uncultured bacterium 5H7,"",bacteria,false,,,,,,,,,,,,,,,,0.03947606498084,4,,,85.225,32.0,10^-10.2874,,,,,,0
1701325,1,-200,uncultured bacterium 5G12,"",bacteria,false,,,,0.02960704873563,3,,,97.908,64.3333,10^-29.6145,,,,,,0.04934508122605,5,,,80.72,26.2,10^-6.36493,,,,,,0
1659195,1,-200,Parcubacteria bacterium C7867-001,"",bacteria,false,,,,,,,,,,,,,,,,0.00986901624521,1,,,95.5,22.0,10^-4.24185,,,,,,0
1635280,1,-200,Marinimicrobia bacterium 46_43,"",bacteria,false,,,,,,,,,,,,,,,,0.00986901624521,1,,,66.7,33.0,10^-3.71444,,,,,,0
1628856,1,-200,bacteria symbiont BFo2 of Frankliniella occidentalis,"",bacteria,false,,,,,,,,,,,,,,,,0.00986901624521,1,,,95.7,23.0,10^-8.42251,,,,,,0
1618450,1,-200,Candidatus Gottesmanbacteria bacterium GW2011_GWC2_39_8,"",bacteria,false,,,,,,,,,,,,,,,,0.00986901624521,1,,,77.8,27.0,10^-3.13018,,,,,,0
1609546,1,-200,endosymbiont DhMRE of Dentiscutata heterogama,"",bacteria,false,,,,0.05921409747126,6,,,95.1042,93.6667,10^-44.9792,,,,,,,,,,,,,,,,,,0
1603295,1,-200,fungal sp. No.11243,"",eukaryota,false,,,,,,,,,,,,,,,,0.01973803249042,2,,,85.2,27.0,10^-7.50307,,,,,,0
1578384,1,-200,bacterium AM0087,"",bacteria,false,,,,0.02960704873563,3,,,99.4185,93.0,10^-50.2415,,,,,,,,,,,,,,,,,,0
1561930,1,-200,bacterium MJ07,"",bacteria,false,,,,0.00986901624521,1,,,99.01,101.0,10^-55.0077,,,,,,,,,,,,,,,,,,0
1545616,1,-200,bacterium NBD7,"",bacteria,false,,,,0.00986901624521,1,,,100.0,101.0,10^-56.3801,,,,,,,,,,,,,,,,,,0
1425163,1,-200,uncultured bacterium ctg7180000001448,"",bacteria,false,,,,0.00986901624521,1,,,93.258,89.0,10^-38.5942,,,,,,,,,,,,,,,,,,0
1393662,1,-200,uncultured bacterium Contigcl_1787,"",bacteria,false,,,,,,,,,,,,,,,,0.00986901624521,1,,,83.9,31.0,10^-7.25337,,,,,,0
1352377,1,-200,bacterium enrichment culture DGGE band 11 EBPR-2013,"",bacteria,false,,,,0.00986901624521,1,,,100.0,100.0,10^-55.6982,,,,,,,,,,,,,,,,,,0
1343846,1,-200,uncultured bacterium FPPP_33K14,"",bacteria,false,,,,,,,,,,,,,,,,0.01973803249042,2,,,65.6,32.0,10^-4.31785,,,,,,0
1343837,1,-200,uncultured bacterium 122006-I05,"",bacteria,false,,,,,,,,,,,,,,,,0.00986901624521,1,,,76.7,30.0,10^-3.41005,,,,,,0
1321919,1,-200,Pleosporales sp. 85 OA-2013,"",eukaryota,false,,,,0.00986901624521,1,,,96.875,96.0,10^-48.8541,,,,,,,,,,,,,,,,,,0
1284708,1,-200,Tissierellia bacterium S7-1-4,"",bacteria,false,,,,,,,,,,,,,,,,0.01973803249042,2,,,96.7,30.0,10^-11.8729,,,,,,0
1213835,1,-200,fungal sp. BG86,"",eukaryota,false,,,,0.00986901624521,1,,,98.551,69.0,10^-33.2152,,,,,,,,,,,,,,,,,,0
1213824,1,-200,fungal sp. BG73,"",eukaryota,false,,,,0.00986901624521,1,,,98.551,69.0,10^-33.2152,,,,,,,,,,,,,,,,,,0
1204490,1,-200,uncultured Sterigmatomyces,"",eukaryota,false,,,,0.03947606498084,4,,,99.3505,89.0,10^-47.5186,,,,,,,,,,,,,,,,,,0
1173734,1,-200,uncultured Stemonitidae,"",eukaryota,false,,,,0.01973803249042,2,,,94.059,101.0,10^-48.1458,,,,,,,,,,,,,,,,,,0
1129257,1,-200,uncultured Bacteroidia bacterium,"",bacteria,false,,,,0.00986901624521,1,,,99.01,101.0,10^-55.0077,,,,,,,,,,,,,,,,,,0
1075826,1,-200,dsRNA virus environmental sample,"",viruses,false,,,,,,,,,,,,,,,,0.22698737363983,23,1,20,94.6174,82.913,10^-53.6984,,,,,,0
1047973,1,-200,bacterium LimA-100-J-172,"",bacteria,false,,,,0.01973803249042,2,,,98.684,76.0,10^-37.9766,,,,,,,,,,,,,,,,,,0
748610,1,-200,Dothideomycetes sp. TRN 80,"",eukaryota,false,,,,0.00986901624521,1,,,99.0,100.0,10^-54.3258,,,,,,,,,,,,,,,,,,0
723593,1,-200,uncultured nuHF2 cluster bacterium HF0770_42C12,"",bacteria,false,,,,,,,,,,,,,,,,0.00986901624521,1,,,68.8,32.0,10^-6.44009,,,,,,0
723561,1,-200,uncultured gamma proteobacterium HF0010_10D20,"",bacteria,false,,,,,,,,,,,,,,,,0.01973803249042,2,,,75.75,27.5,10^-3.61278,,,,,,0
713059,1,-200,Candidatus Saccharibacteria bacterium oral taxon 488,"",bacteria,false,,,,0.01973803249042,2,,,100.0,101.0,10^-56.3801,,,,,,,,,,,,,,,,,,0
711002,1,-200,uncultured actinobacterium HF4000_04C13,"",bacteria,false,,,,,,,,,,,,,,,,0.01973803249042,2,,,73.1,26.0,10^-3.98716,,,,,,0
710997,1,-200,uncultured Verrucomicrobiales bacterium HF0200_39L05,"",bacteria,false,,,,,,,,,,,,,,,,0.01973803249042,2,,,82.6,23.0,10^-3.64331,,,,,,0
710990,1,-200,uncultured Sphingobacteriales bacterium HF0010_19H17,"",bacteria,false,,,,0.00986901624521,1,,,93.814,97.0,10^-45.4186,,,,,,,,,,,,,,,,,,0
710978,1,-200,uncultured gamma proteobacterium HF0010_05D02,"",bacteria,false,,,,,,,,,,,,,,,,0.02960704873563,3,,,70.4,31.3333,10^-5.85752,,,,,,0
710977,1,-200,uncultured gamma proteobacterium HF0010_01E20,"",bacteria,false,,,,,,,,,,,,,,,,0.01973803249042,2,,,86.7,30.0,10^-9.07624,,,,,,0
710820,1,-200,uncultured delta proteobacterium HF0010_01J10,"",bacteria,false,,,,,,,,,,,,,,,,0.00986901624521,1,,,62.5,32.0,10^-3.3279,,,,,,0
710804,1,-200,uncultured alpha proteobacterium HF0070_14E07,"",bacteria,false,,,,,,,,,,,,,,,,0.00986901624521,1,,,84.8,33.0,10^-11.0173,,,,,,0
710788,1,-200,uncultured Rhodospirillales bacterium HF4000_24M03,"",bacteria,false,,,,,,,,,,,,,,,,0.00986901624521,1,,,92.9,28.0,10^-10.1175,,,,,,0
710787,1,-200,uncultured Rhodospirillales bacterium HF0200_01O14,"",bacteria,false,,,,,,,,,,,,,,,,0.00986901624521,1,,,60.6,33.0,10^-3.30715,,,,,,0
710780,1,-200,uncultured Rhizobiales bacterium HF4000_32B18,"",bacteria,false,,,,,,,,,,,,,,,,0.01973803249042,2,,,77.8,27.0,10^-6.55909,,,,,,0
710741,1,-200,uncultured Desulfobacterales bacterium HF0200_07G10,"",bacteria,false,,,,,,,,,,,,,,,,0.01973803249042,2,,,82.0,25.0,10^-3.66807,,,,,,0
710740,1,-200,uncultured Chromatiales bacterium HF0200_41F04,"",bacteria,false,,,,,,,,,,,,,,,,0.0986901624521,10,,,84.1,27.4,10^-8.36906,,,,,,0
710731,1,-200,uncultured Acidobacteria bacterium HF4000_26D02,"",bacteria,false,,,,,,,,,,,,,,,,0.05921409747126,6,1,4,84.6333,31.1667,10^-9.78772,,,,,,0
698390,1,-200,uncultured bacterium 59,"",bacteria,false,,,,0.01973803249042,2,,,95.5445,101.0,10^-50.2044,,,,,,,,,,,,,,,,,,0
698387,1,-200,uncultured bacterium 270,"",bacteria,false,,,,0.04934508122605,5,,,99.802,100.6,10^-55.8328,,,,,,,,,,,,,,,,,,0
698383,1,-200,uncultured bacterium 213,"",bacteria,false,,,,0.00986901624521,1,,,90.323,62.0,10^-21.5965,,,,,,,,,,,,,,,,,,0
698382,1,-200,uncultured bacterium 164,"",bacteria,false,,,,0.00986901624521,1,,,97.03,101.0,10^-52.2629,,,,,,,,,,,,,,,,,,0
671231,1,-200,TM7 phylum sp. oral taxon 348,"",bacteria,false,,,,,,,,,,,,,,,,0.01973803249042,2,,,96.85,31.5,10^-9.47518,,,,,,0
634182,1,-200,Chaetothyriales sp. TRN1,"",eukaryota,false,,,,0.01973803249042,2,,,98.361,61.0,10^-27.7793,,,,,,,,,,,,,,,,,,0
542543,1,-200,uncultured bacterium JM9_G5,"",bacteria,false,,,,0.01973803249042,2,,,93.478,92.0,10^-42.0107,,,,,,,,,,,,,,,,,,0
542424,1,-200,uncultured bacterium ARCTIC33_F_06,"",bacteria,false,,,,0.00986901624521,1,,,90.099,101.0,10^-42.6564,,,,,,,,,,,,,,,,,,0
542395,1,-200,uncultured bacterium ARCTIC09_G_07,"",bacteria,false,,,,0.00986901624521,1,,,97.778,45.0,10^-16.9324,,,,,,,,,,,,,,,,,,0
526644,1,-200,uncultured bacterium AD12-A11,"",bacteria,false,,,,0.01973803249042,2,,,92.9565,71.0,10^-29.0858,,,,,,,,,,,,,,,,,,0
447265,1,-200,uncultured yeast,"",eukaryota,false,,,,0.02960704873563,3,,,98.0197,100.667,10^-53.408,,,,,,,,,,,,,,,,,,0
417305,1,-200,uncultured beta proteobacterium CBNPD1 BAC clone 578,"",bacteria,false,,,,,,,,,,,,,,,,0.13816622743294,14,1,8,84.2603,60.5714,10^-28.0346,,,,,,0
411917,1,-200,uncultured Planctomycetia bacterium,"",bacteria,false,,,,0.01973803249042,2,,,99.01,101.0,10^-55.0077,,,,,,,,,,,,,,,,,,0
410823,1,-200,fungal endophyte,"",eukaryota,false,,,,0.05921409747126,6,,,100.0,97.0,10^-53.6535,,,,,,,,,,,,,,,,,,0
358574,1,-200,uncultured microorganism,"",,false,,,,0.00986901624521,1,,,89.13,92.0,10^-36.5212,,,,,,,,,,,,,,,,,,0
344338,1,-200,uncultured Firmicutes bacterium,"",bacteria,false,,,,0.03947606498084,4,,,100.0,97.5,10^-53.994,,,,,,,,,,,,,,,,,,0
341166,1,-200,uncultured Chlamydomonadales,"",eukaryota,false,,,,0.01973803249042,2,,,93.827,81.0,10^-35.8903,,,,,,,,,,,,,,,,,,0
332614,1,-200,uncultured Pseudomonadales bacterium,"",bacteria,false,,,,0.00986901624521,1,,,97.778,45.0,10^-16.9324,,,,,,,,,,,,,,,,,,0
296830,1,-200,uncultured Rhodospirillales bacterium,"",bacteria,false,,,,0.00986901624521,1,,,100.0,99.0,10^-55.0164,,,,,,,,,,,,,,,,,,0
293343,1,-200,uncultured Alteromonadales bacterium,"",bacteria,false,,,,0.00986901624521,1,,,100.0,99.0,10^-55.0164,,,,,,,,,,,,,,,,,,0
293335,1,-200,uncultured Oceanospirillales bacterium,"",bacteria,false,,,,0.01973803249042,2,,,92.8275,90.5,10^-40.3029,,,,,,,,,,,,,,,,,,0
264879,1,-200,soybean epiphytic bacterium EP201,"",bacteria,false,,,,0.01973803249042,2,,,100.0,95.0,10^-52.2895,,,,,,,,,,,,,,,,,,0
246143,1,-200,uncultured Sphingobacteriia bacterium,"",bacteria,false,,,,0.01973803249042,2,,,90.728,75.5,10^-29.4021,,,,,,,,,,,,,,,,,,0
213322,1,-200,uncultured Flavobacteriales bacterium,"",bacteria,false,,,,0.01973803249042,2,,,97.2325,94.5,10^-48.5188,,,,,,,,,,,,,,,,,,0
212695,1,-200,uncultured Flavobacteriia bacterium,"",bacteria,false,,,,0.00986901624521,1,,,91.262,103.0,10^-45.3926,,,,,,,,,,,,,,,,,,0
208549,1,-200,uncultured Hyphomicrobiales bacterium,"",bacteria,false,,,,0.01973803249042,2,,,98.99,99.0,10^-53.644,,,,,,,,,,,,,,,,,,0
198431,1,-200,uncultured prokaryote,"",,false,,,,0.01973803249042,2,,,97.4435,77.5,10^-37.6251,,,,,,0.00986901624521,1,,,66.7,33.0,10^-4.35853,,,,,,0
195052,1,-200,uncultured Stachybotrys,"",eukaryota,false,,,,0.01973803249042,2,,,98.851,87.0,10^-45.4659,,,,,,,,,,,,,,,,,,0
194846,1,-200,uncultured Enterobacterales bacterium,"",bacteria,false,,,,0.03947606498084,4,,,100.0,98.0,10^-54.3348,,,,,,,,,,,,,,,,,,0
175245,1,-200,uncultured fungus,"",eukaryota,false,,,,1.2138889981608298,123,,,98.4738,88.2083,10^-46.0149,,,,,,,,,,,,,,,,,,0
175243,1,-200,uncultured Ascomycota,"",eukaryota,false,,,,0.2960704873563,30,,,93.6554,46.0,10^-14.9626,,,,,,,,,,,,,,,,,,0
172733,1,-200,uncultured Eubacteriales bacterium,"",bacteria,false,,,,0.04934508122605,5,,,99.5744,99.4,10^-54.7403,,,,,,,,,,,,,,,,,,0
171953,1,-200,uncultured Acidobacteriota bacterium,"",bacteria,false,,,,0.03947606498084,4,,,98.1117,68.0,10^-32.2152,,,,,,,,,,,,,,,,,,0
171248,1,-200,uncultured alga,"",eukaryota,false,,,,0.00986901624521,1,,,95.946,74.0,10^-33.871,,,,,,,,,,,,,,,,,,0
167235,1,-200,uncultured Trebouxiophyceae,"",eukaryota,false,,,,0.01973803249042,2,,,100.0,99.5,10^-55.3573,,,,,,,,,,,,,,,,,,0
164851,1,-200,uncultured soil bacterium,"",bacteria,false,,,,0.20724934114941,21,1,20,96.6433,251.476,10^-113.522,,,,,,,,,,,,,,,,,,0
155900,1,-200,uncultured organism,"",,false,,,,0.17764229241378,18,,,98.7021,90.2778,10^-47.7885,,,,,,,,,,,,,,,,,,0
153809,1,-200,uncultured proteobacterium,"",bacteria,false,,,,0.03947606498084,4,,,98.347,88.25,10^-45.6355,,,,,,,,,,,,,,,,,,0
152507,1,-200,uncultured Actinomycetes bacterium,"",bacteria,false,,,,0.04934508122605,5,,,95.9002,78.4,10^-37.4476,,,,,,,,,,,,,,,,,,0
147696,1,-200,uncultured gamma proteobacterium BioIuz K41,"",bacteria,false,,,,0.00986901624521,1,,,100.0,100.0,10^-54.3258,,,,,,,,,,,,,,,,,,0
142162,1,-200,uncultured bacterium NoosaAW07,"",bacteria,false,,,,0.00986901624521,1,,,100.0,101.0,10^-56.3801,,,,,,,,,,,,,,,,,,0
134039,1,-200,uncultured bacterium Car166,"",bacteria,false,,,,0.00986901624521,1,,,98.02,101.0,10^-53.6353,,,,,,,,,,,,,,,,,,0
120965,1,-200,uncultured Planctomycetota bacterium,"",bacteria,false,,,,0.03947606498084,4,,,100.0,78.75,10^-41.2275,,,,,,,,,,,,,,,,,,0
120858,1,-200,uncultured Campylobacterota bacterium,"",bacteria,false,,,,0.00986901624521,1,,,100.0,48.0,10^-20.3353,,,,,,,,,,,,,,,,,,0
113267,1,-200,Bathymodiolus septemdierum thioautotrophic gill symbiont,"",bacteria,false,,,,0.00986901624521,1,,,89.61,77.0,10^-29.0505,,,,,,,,,,,,,,,,,,0
100371,1,-200,uncultured Planctomycetales bacterium,"",bacteria,false,,,,0.00986901624521,1,,,100.0,82.0,10^-43.433,,,,,,,,,,,,,,,,,,0
100272,1,-200,uncultured eukaryote,"",eukaryota,false,,,,0.30593950360150995,31,,,96.8165,88.5484,10^-44.4039,,,,,,,,,,,,,,,,,,0
91750,1,-200,uncultured Alphaproteobacteria bacterium,"",bacteria,false,,,,0.03947606498084,4,,,98.6145,90.75,10^-47.6851,,,,,,,,,,,,,,,,,,0
86473,1,-200,uncultured Gammaproteobacteria bacterium,"",bacteria,false,,,,0.01973803249042,2,,,97.192,78.0,10^-37.985,,,,,,0.01973803249042,2,,,76.0,25.0,10^-3.52143,,,,,,0
86027,1,-200,uncultured beta proteobacterium,"",bacteria,false,,,,0.01973803249042,2,,,100.0,99.0,10^-55.0164,,,,,,,,,,,,,,,,,,0
77133,1,-200,uncultured bacterium,"",bacteria,false,,,,14.092955198159878,1428,2,55,99.3603,101.3,10^-54.0979,,,,,,0.9572945757853699,97,2,26,74.274,41.3196,10^-10.1472,,,,,,0
56765,1,-200,uncultured marine bacterium,"",bacteria,false,,,,0.00986901624521,1,,,96.512,86.0,10^-42.04,,,,,,,,,,,,,,,,,,0
38018,1,-200,Bacteriophage sp.,"",viruses,true,,,,0.01973803249042,2,,,95.0,80.0,10^-36.5819,,,,,,0.01973803249042,2,,,79.6,29.5,10^-6.78154,,,,,,0
32644,1,-200,unidentified,"",,false,,,,0.03947606498084,4,,,98.6195,91.75,10^-48.3669,,,,,,,,,,,,,,,,,,0
13136,1,-200,unidentified marine bacterioplankton,"",bacteria,false,,,,0.00986901624521,1,,,99.0,100.0,10^-54.3258,,,,,,,,,,,,,,,,,,0
1211,1,-200,uncultured cyanobacterium,"",bacteria,false,,,,0.02960704873563,3,,,99.67,99.0,10^-54.5591,,,,,,,,,,,,,,,,,,0
-100,1,-200,all taxa with neither family nor genus classification,,,false,,,,0.03947606498084,4,,,95.2585,63.75,10^-26.9033,,,,,,1.1546749006895698,117,,,92.7436,30.4103,10^-9.00404,,,,,,0
-200000031,2,-200000031,non-genus-specific reads in family Myxococcaceae,,bacteria,false,,,,,,,,,,,,,,,,0.00986901624521,1,,,82.1,28.0,10^-3.44733,,,,,[2484252],0
2484252,1,-200000031,Myxococcaceae bacterium,"",bacteria,false,,,,,,,,,,,,,,,,0.00986901624521,1,,,82.1,28.0,10^-3.44733,,,,,,0
-200000126,2,-200000126,non-genus-specific reads in family Planctomycetaceae,,bacteria,false,,,,0.00986901624521,1,,,93.0,100.0,10^-46.0916,,,,,,,,,,,,,,,,,[149591],0
149591,1,-200000126,planctomycete str. 670,"",bacteria,false,,,,0.00986901624521,1,,,93.0,100.0,10^-46.0916,,,,,,,,,,,,,,,,,,0
-200000403,2,-200000403,non-genus-specific reads in family Methylococcaceae,,bacteria,false,,,,,,,,,,,,,,,,0.08882114620689,9,,,84.7111,30.6667,10^-9.52884,,,,,"[1916066, 1916061]",0
1916066,1,-200000403,Methylococcaceae bacterium CS1,"",bacteria,false,,,,,,,,,,,,,,,,0.00986901624521,1,,,75.8,33.0,10^-4.95468,,,,,,0
1916061,1,-200000403,Methylococcaceae bacterium HT1,"",bacteria,false,,,,,,,,,,,,,,,,0.07895212996168,8,,,85.825,30.375,10^-10.1006,,,,,,0
-200000433,2,-200000433,non-genus-specific reads in family Acetobacteraceae,,bacteria,false,,,,0.00986901624521,1,,,100.0,101.0,10^-56.3801,,,,,,0.01973803249042,2,,,78.8,33.0,10^-9.67281,,,,,[1909293],0
1909293,1,-200000433,Acetobacteraceae bacterium,"",bacteria,false,,,,0.00986901624521,1,,,100.0,101.0,10^-56.3801,,,,,,0.01973803249042,2,,,78.8,33.0,10^-9.67281,,,,,,0
-200000468,2,-200000468,non-genus-specific reads in family Moraxellaceae,,bacteria,false,,,,0.00986901624521,1,,,100.0,100.0,10^-55.6982,,,,,,0.00986901624521,1,,,100.0,29.0,10^-10.3645,,,,,"[2653185, 195042]",0
2653185,1,-200000468,Moraxellaceae bacterium 17A,"",bacteria,false,,,,,,,,,,,,,,,,0.00986901624521,1,,,100.0,29.0,10^-10.3645,,,,,,0
195042,1,-200000468,uncultured Moraxellaceae bacterium,"",bacteria,false,,,,0.00986901624521,1,,,100.0,100.0,10^-55.6982,,,,,,,,,,,,,,,,,,0
-200000481,2,-200000481,non-genus-specific reads in family Neisseriaceae,,bacteria,false,,,,0.03947606498084,4,,,95.1702,80.5,10^-37.2664,,,,,,0.01973803249042,2,,,89.3,28.0,10^-6.50724,,,,,[2014784],0
2014784,1,-200000481,Neisseriaceae bacterium,"",bacteria,false,,,,0.03947606498084,4,,,95.1702,80.5,10^-37.2664,,,,,,0.01973803249042,2,,,89.3,28.0,10^-6.50724,,,,,,0
-200000543,2,-200000543,non-genus-specific reads in family Enterobacteriaceae,,bacteria,false,,,,0.0986901624521,10,,,99.7894,99.1,10^-54.8102,,,,,,0.00986901624521,1,,,100.0,32.0,10^-11.7144,,,,,"[2803856, 2742797, 891974]",0
2803856,1,-200000543,Enterobacteriaceae bacterium RIT 814,"",bacteria,false,,,,,,,,,,,,,,,,0.00986901624521,1,,,100.0,32.0,10^-11.7144,,,,,,0
2742797,1,-200000543,Enterobacteriaceae bacterium BIT-l23,"",bacteria,false,,,,0.01973803249042,2,,,98.947,95.0,10^-50.9172,,,,,,,,,,,,,,,,,,0
891974,1,-200000543,Plautia stali symbiont,"",bacteria,false,,,,0.07895212996168,8,,,100.0,100.125,10^-55.7834,,,,,,,,,,,,,,,,,,0
-200000641,2,-200000641,non-genus-specific reads in family Vibrionaceae,,bacteria,false,,,,0.01973803249042,2,,,95.4135,77.5,10^-35.5765,,,,,,,,,,,,,,,,,[195046],0
195046,1,-200000641,uncultured Vibrionaceae bacterium,"",bacteria,false,,,,0.01973803249042,2,,,95.4135,77.5,10^-35.5765,,,,,,,,,,,,,,,,,,0
-200000775,2,-200000775,non-genus-specific reads in family Rickettsiaceae,,bacteria,false,,,,,,,,,,,,,,,,0.02960704873563,3,,,81.8,33.0,10^-8.92355,,,,,[2023360],0
2023360,1,-200000775,Rickettsiaceae bacterium,"",bacteria,false,,,,,,,,,,,,,,,,0.02960704873563,3,,,81.8,33.0,10^-8.92355,,,,,,0
-200000942,2,-200000942,non-genus-specific reads in family Anaplasmataceae,,bacteria,false,,,,0.00986901624521,1,,,100.0,60.0,10^-28.4726,,,,,,,,,,,,,,,,,[690416],0
690416,1,-200000942,Wolbachieae bacterium endosymbiont of Nilaparvata lugens,"",bacteria,false,,,,0.00986901624521,1,,,100.0,60.0,10^-28.4726,,,,,,,,,,,,,,,,,,0
-200001268,2,-200001268,non-genus-specific reads in family Micrococcaceae,,bacteria,false,,,,,,,,,,,,,,,,0.00986901624521,1,,,100.0,31.0,10^-11.4522,,,,,[1904863],0
1904863,1,-200001268,Micrococcaceae bacterium,"",bacteria,false,,,,,,,,,,,,,,,,0.00986901624521,1,,,100.0,31.0,10^-11.4522,,,,,,0
-200004070,2,-200004070,non-genus-specific reads in family Solanaceae,,eukaryota,false,,,,0.00986901624521,1,,,100.0,99.0,10^-52.2716,,,,,,,,,,,,,,,,,[1520274],0
1520274,1,-200004070,Nicotiana tabacum/Hyoscyamus niger cybrid,"",eukaryota,false,,,,0.00986901624521,1,,,100.0,99.0,10^-52.2716,,,,,,,,,,,,,,,,,,0
-200005215,2,-200005215,non-genus-specific reads in family Tremellaceae,,eukaryota,false,,,,0.00986901624521,1,,,100.0,99.0,10^-55.0164,,,,,,,,,,,,,,,,,[1503101],0
1503101,1,-200005215,uncultured Filobasidiella,"",eukaryota,false,,,,0.00986901624521,1,,,100.0,99.0,10^-55.0164,,,,,,,,,,,,,,,,,,0
-200006296,2,-200006296,non-genus-specific reads in family Onchocercidae,,eukaryota,false,,,,0.00986901624521,1,,,100.0,101.0,10^-56.3801,,,,,,,,,,,,,,,,,[2601218],0
2601218,1,-200006296,Onchocercidae sp. Mm 70-11,"",eukaryota,false,,,,0.00986901624521,1,,,100.0,101.0,10^-56.3801,,,,,,,,,,,,,,,,,,0
-200011006,2,-200011006,non-genus-specific reads in family Totiviridae,,viruses,false,,,,33.061204421453496,3350,,,94.9172,2729.25,10^-293.596,,,,,,32.39998033302442,3283,,,96.7189,602.231,10^-287.947,,,,,"[2952014, 2894007, 2849063, 2607731, 2603435, 2026601]",0
2952014,1,-200011006,XiangYun toti-like virus 6,"",viruses,false,,,,,,,,,,,,,,,,0.01973803249042,2,,,89.2,32.5,10^-9.43415,,,,,,0
2894007,1,-200011006,Palmetto toti-like virus,"",viruses,false,,,,0.27633245486588,28,,,98.508,82.2143,10^-41.7262,,,,,,0.21711835739462,22,,,99.6409,28.4091,10^-9.21957,,,,,,0
2849063,1,-200011006,Aedes aegypti totivirus 2,"",viruses,false,,,,0.00986901624521,1,,,94.118,51.0,10^-18.2504,,,,,,0.00986901624521,1,,,100.0,25.0,10^-8.06651,,,,,,0
2607731,1,-200011006,Aedes aegypti toti-like virus,"",viruses,false,,,,4.00682059555526,406,12,367,98.0646,501.667,10^-214.884,,,,,,3.3752035558618196,342,10,326,98.9946,171.16,10^-146.877,,,,,,0
2603435,1,-200011006,Aedes aegypti totivirus,"",viruses,false,,,,28.768182354787147,2915,3,2911,94.4381,3070.52,10^-307.275,,,,,,28.758313338541935,2914,3,2911,96.4456,658.827,10^-307.334,,,,,,0
2026601,1,-200011006,Australian Anopheles totivirus,"",viruses,false,,,,,,,,,,,,,,,,0.01973803249042,2,,,75.0,32.0,10^-6.33161,,,,,,0
-200011012,2,-200011012,non-genus-specific reads in family Partitiviridae,,viruses,false,,,,268.0720882686392,27163,,,99.7226,1494.72,10^-307.1,,,,,,267.90431499247063,27146,,,99.8539,424.027,10^-307.258,,,,,"[2759333, 2759331]",0
2759333,1,-200011012,Verdadero virus,"",viruses,false,,,,184.67890099661471,18713,2,18682,99.757,1532.72,10^-307.136,,,,,,184.60981788289823,18706,2,18682,99.789,483.66,10^-307.211,,,,,,0
2759331,1,-200011012,Chaq-like virus,"",viruses,false,,,,83.39318727202449,8450,1,8432,99.6457,1409.89,10^-307.018,,,,,,83.29449710957239,8440,1,8432,99.9989,290.745,10^-307.364,,,,,,0
-200011270,2,-200011270,non-genus-specific reads in family Rhabdoviridae,,viruses,false,,,,,,,,,,,,,,,,0.05921409747126,6,,,79.1333,27.5,10^-5.11807,,,,,"[2892543, 2789884, 2607740]",0
2892543,1,-200011270,Formosus virus,"",viruses,false,,,,,,,,,,,,,,,,0.01973803249042,2,,,70.0,30.0,10^-3.33536,,,,,,0
2789884,1,-200011270,Aedes rhabdo-like virus,"",viruses,false,,,,,,,,,,,,,,,,0.01973803249042,2,,,91.5,23.5,10^-5.39906,,,,,,0
2607740,1,-200011270,Guadeloupe Culex rhabdovirus,"",viruses,false,,,,,,,,,,,,,,,,0.01973803249042,2,,,75.9,29.0,10^-6.61979,,,,,,0
-200029616,2,-200029616,non-genus-specific reads in family Thelypteridaceae,,eukaryota,false,,,,0.01973803249042,2,,,100.0,101.0,10^-56.3801,,,,,,,,,,,,,,,,,[911937],0
911937,1,-200029616,Thelypteris environmental sample,"",eukaryota,false,,,,0.01973803249042,2,,,100.0,101.0,10^-56.3801,,,,,,,,,,,,,,,,,,0
-200029820,2,-200029820,non-genus-specific reads in family Sarcosomataceae,,eukaryota,false,,,,0.00986901624521,1,,,100.0,98.0,10^-54.3346,,,,,,,,,,,,,,,,,[395585],0
395585,1,-200029820,uncultured Sarcosomataceae,"",eukaryota,false,,,,0.00986901624521,1,,,100.0,98.0,10^-54.3346,,,,,,,,,,,,,,,,,,0
-200031953,2,-200031953,non-genus-specific reads in family Bifidobacteriaceae,,bacteria,false,,,,,,,,,,,,,,,,0.11842819494252,12,,,70.175,32.4167,10^-5.25948,,,,,"[2569513, 2569494, 2569488, 2569486]",0
2569513,1,-200031953,Bifidobacteriaceae bacterium MCC02032,"",bacteria,false,,,,,,,,,,,,,,,,0.00986901624521,1,,,69.7,33.0,10^-3.45223,,,,,,0
2569494,1,-200031953,Bifidobacteriaceae bacterium MCC01951,"",bacteria,false,,,,,,,,,,,,,,,,0.00986901624521,1,,,81.8,33.0,10^-10.2104,,,,,,0
2569488,1,-200031953,Bifidobacteriaceae bacterium MCC01943,"",bacteria,false,,,,,,,,,,,,,,,,0.08882114620689,9,,,67.6444,32.2222,10^-4.27561,,,,,,0
2569486,1,-200031953,Bifidobacteriaceae bacterium MCC01946,"",bacteria,false,,,,,,,,,,,,,,,,0.00986901624521,1,,,81.8,33.0,10^-10.9706,,,,,,0
-200031957,2,-200031957,non-genus-specific reads in family Propionibacteriaceae,,bacteria,false,,,,,,,,,,,,,,,,0.05921409747126,6,,,81.6333,32.8333,10^-9.66513,,,,,[2021380],0
2021380,1,-200031957,Propionibacteriaceae bacterium,"",bacteria,false,,,,,,,,,,,,,,,,0.05921409747126,6,,,81.6333,32.8333,10^-9.66513,,,,,,0
-200031989,2,-200031989,non-genus-specific reads in family Paracoccaceae,,bacteria,false,,,,0.00986901624521,1,,,95.05,101.0,10^-49.5182,,,,,,,,,,,,,,,,,[157276],0
157276,1,-200031989,uncultured Rhodobacteraceae bacterium,"",bacteria,false,,,,0.00986901624521,1,,,95.05,101.0,10^-49.5182,,,,,,,,,,,,,,,,,,0
-200031993,2,-200031993,non-genus-specific reads in family Methylocystaceae,,bacteria,false,,,,,,,,,,,,,,,,0.00986901624521,1,,,100.0,33.0,10^-13.5406,,,,,[2052174],0
2052174,1,-200031993,Methylocystaceae bacterium,"",bacteria,false,,,,,,,,,,,,,,,,0.00986901624521,1,,,100.0,33.0,10^-13.5406,,,,,,0
-200034481,2,-200034481,non-genus-specific reads in family Entomophthoraceae,,eukaryota,false,,,,0.05921409747126,6,,,90.972,144.0,10^-45.8539,,,,,,,,,,,,,,,,,[423453],0
423453,1,-200034481,Entomophthoraceae sp. ARSEF 7942,"",eukaryota,false,,,,0.05921409747126,6,1,6,90.972,144.0,10^-45.8539,,,,,,,,,,,,,,,,,,0
-200041295,2,-200041295,non-genus-specific reads in family Rhodospirillaceae,,bacteria,false,,,,,,,,,,,,,,,,0.00986901624521,1,,,92.0,25.0,10^-9.25259,,,,,[1898112],0
1898112,1,-200041295,Rhodospirillaceae bacterium,"",bacteria,false,,,,,,,,,,,,,,,,0.00986901624521,1,,,92.0,25.0,10^-9.25259,,,,,,0
-200041297,2,-200041297,non-genus-specific reads in family Sphingomonadaceae,,bacteria,false,,,,0.00986901624521,1,,,96.04,101.0,10^-50.8906,,,,,,,,,,,,,,,,,[2952887],0
2952887,1,-200041297,Sphingomonadaceae bacterium OTU29LAMAA1,"",bacteria,false,,,,0.00986901624521,1,,,96.04,101.0,10^-50.8906,,,,,,,,,,,,,,,,,,0
-200045401,2,-200045401,non-genus-specific reads in family Hyphomicrobiaceae,,bacteria,false,,,,,,,,,,,,,,,,0.00986901624521,1,,,87.5,32.0,10^-8.23359,,,,,[2015799],0
2015799,1,-200045401,Hyphomicrobiaceae bacterium,"",bacteria,false,,,,,,,,,,,,,,,,0.00986901624521,1,,,87.5,32.0,10^-8.23359,,,,,,0
-200049546,2,-200049546,non-genus-specific reads in family Flavobacteriaceae,,bacteria,false,,,,0.04934508122605,5,,,95.9848,77.8,10^-36.1834,,,,,,0.01973803249042,2,,,100.0,33.0,10^-12.0797,,,,,"[1871037, 1150389, 165436]",0
1871037,1,-200049546,Flavobacteriaceae bacterium,"",bacteria,false,,,,,,,,,,,,,,,,0.01973803249042,2,,,100.0,33.0,10^-12.0797,,,,,,0
1150389,1,-200049546,Flavobacteriaceae bacterium UJ101,"",bacteria,false,,,,0.00986901624521,1,,,93.258,89.0,10^-39.9665,,,,,,,,,,,,,,,,,,0
165436,1,-200049546,uncultured Flavobacteriaceae bacterium,"",bacteria,false,,,,0.03947606498084,4,,,96.6665,75.0,10^-35.2376,,,,,,,,,,,,,,,,,,0
-200075682,2,-200075682,non-genus-specific reads in family Oxalobacteraceae,,bacteria,false,,,,0.00986901624521,1,,,98.148,54.0,10^-23.0289,,,,,,,,,,,,,,,,,[2955018],0
2955018,1,-200075682,Oxalobacteraceae bacterium OTU3CAMAD1,"",bacteria,false,,,,0.00986901624521,1,,,98.148,54.0,10^-23.0289,,,,,,,,,,,,,,,,,,0
-200082115,2,-200082115,non-genus-specific reads in family Rhizobiaceae,,bacteria,false,,,,,,,,,,,,,,,,0.00986901624521,1,,,72.7,33.0,10^-6.32698,,,,,[1913961],0
1913961,1,-200082115,Rhizobiaceae bacterium,"",bacteria,false,,,,,,,,,,,,,,,,0.00986901624521,1,,,72.7,33.0,10^-6.32698,,,,,,0
-200083778,2,-200083778,non-genus-specific reads in family Kineosporiaceae,,bacteria,false,,,,0.00986901624521,1,,,96.04,101.0,10^-50.8906,,,,,,,,,,,,,,,,,[2730919],0
2730919,1,-200083778,Kineosporiaceae bacterium SCSIO 59966,"",bacteria,false,,,,0.00986901624521,1,,,96.04,101.0,10^-50.8906,,,,,,,,,,,,,,,,,,0
-200084107,2,-200084107,non-genus-specific reads in family Coriobacteriaceae,,bacteria,false,,,,0.01973803249042,2,,,92.0,100.0,10^-44.7192,,,,,,,,,,,,,,,,,[331632],0
331632,1,-200084107,uncultured Coriobacteriaceae bacterium,"",bacteria,false,,,,0.01973803249042,2,,,92.0,100.0,10^-44.7192,,,,,,,,,,,,,,,,,,0
-200084566,2,-200084566,non-genus-specific reads in family Sphingobacteriaceae,,bacteria,false,,,,0.00986901624521,1,,,100.0,85.0,10^-45.476,,,,,,,,,,,,,,,,,[261516],0
261516,1,-200084566,uncultured Sphingobacteriaceae bacterium,"",bacteria,false,,,,0.00986901624521,1,,,100.0,85.0,10^-45.476,,,,,,,,,,,,,,,,,,0
-200084994,2,-200084994,non-genus-specific reads in family Acidimicrobiaceae,,bacteria,false,,,,,,,,,,,,,,,,0.04934508122605,5,,,77.6,31.6,10^-6.83211,,,,,[2024894],0
2024894,1,-200084994,Acidimicrobiaceae bacterium,"",bacteria,false,,,,,,,,,,,,,,,,0.04934508122605,5,,,77.6,31.6,10^-6.83211,,,,,,0
-200084997,2,-200084997,non-genus-specific reads in family Rubrobacteraceae,,bacteria,false,,,,0.00986901624521,1,,,99.01,101.0,10^-55.0077,,,,,,,,,,,,,,,,,[349277],0
349277,1,-200084997,uncultured Rubrobacteraceae bacterium,"",bacteria,false,,,,0.00986901624521,1,,,99.01,101.0,10^-55.0077,,,,,,,,,,,,,,,,,,0
-200085015,2,-200085015,non-genus-specific reads in family Nocardioidaceae,,bacteria,false,,,,0.03947606498084,4,,,96.6963,99.0,10^-50.5562,,,,,,,,,,,,,,,,,[1871072],0
1871072,1,-200085015,Nocardioidaceae bacterium,"",bacteria,false,,,,0.03947606498084,4,,,96.6963,99.0,10^-50.5562,,,,,,,,,,,,,,,,,,0
-200085021,2,-200085021,non-genus-specific reads in family Intrasporangiaceae,,bacteria,false,,,,0.00986901624521,1,,,100.0,101.0,10^-56.3801,,,,,,,,,,,,,,,,,[211436],0
211436,1,-200085021,uncultured Intrasporangiaceae bacterium,"",bacteria,false,,,,0.00986901624521,1,,,100.0,101.0,10^-56.3801,,,,,,,,,,,,,,,,,,0
-200085030,2,-200085030,non-genus-specific reads in family Geodermatophilaceae,,bacteria,false,,,,0.01973803249042,2,,,98.529,68.0,10^-32.5354,,,,,,,,,,,,,,,,,[2596920],0
2596920,1,-200085030,Geodermatophilaceae bacterium NBWT11,"",bacteria,false,,,,0.01973803249042,2,,,98.529,68.0,10^-32.5354,,,,,,,,,,,,,,,,,,0
-200088165,2,-200088165,non-genus-specific reads in family Ochromonadaceae,,eukaryota,false,,,,,,,,,,,,,,,,0.00986901624521,1,,,78.1,32.0,10^-6.20135,,,,,[483371],0
483371,1,-200088165,Ochromonadaceae sp. CCMP2298,"",eukaryota,false,,,,,,,,,,,,,,,,0.00986901624521,1,,,78.1,32.0,10^-6.20135,,,,,,0
-200128827,2,-200128827,non-genus-specific reads in family Erysipelotrichaceae,,bacteria,false,,,,0.00986901624521,1,,,99.01,101.0,10^-55.0077,,,,,,1.5198285017623399,154,,,53.8169,173.987,10^-30.7511,,,,,"[2109692, 1262981, 457422]",0
2109692,1,-200128827,Erysipelotrichaceae bacterium GAM147,"",bacteria,false,,,,0.00986901624521,1,,,99.01,101.0,10^-55.0077,,,,,,,,,,,,,,,,,,0
1262981,1,-200128827,Erysipelotrichaceae bacterium CAG:64,"",bacteria,false,,,,,,,,,,,,,,,,1.50009046927192,152,1,152,53.409,176.0,10^-31.1107,,,,,,0
457422,1,-200128827,Erysipelotrichaceae bacterium 2_2_44A,"",bacteria,false,,,,,,,,,,,,,,,,0.01973803249042,2,,,84.0,25.0,10^-4.14206,,,,,,0
-200135620,2,-200135620,non-genus-specific reads in family Oceanospirillaceae,,bacteria,false,,,,0.00986901624521,1,,,100.0,63.0,10^-30.51,,,,,,,,,,,,,,,,,[624796],0
624796,1,-200135620,Oceanospirillaceae bacterium M12-C25,"",bacteria,false,,,,0.00986901624521,1,,,100.0,63.0,10^-30.51,,,,,,,,,,,,,,,,,,0
-200135621,2,-200135621,non-genus-specific reads in family Pseudomonadaceae,,bacteria,false,,,,0.01973803249042,2,,,97.59,83.0,10^-41.3692,,,,,,,,,,,,,,,,,[3003241],0
3003241,1,-200135621,Pseudomonadaceae bacterium T75,"",bacteria,false,,,,0.01973803249042,2,,,97.59,83.0,10^-41.3692,,,,,,,,,,,,,,,,,,0
-200160909,2,-200160909,non-genus-specific reads in family Sebacinaceae,,eukaryota,false,,,,0.00986901624521,1,,,93.75,48.0,10^-16.2182,,,,,,,,,,,,,,,,,[459538],0
459538,1,-200160909,uncultured Sebacina,"",eukaryota,false,,,,0.00986901624521,1,,,93.75,48.0,10^-16.2182,,,,,,,,,,,,,,,,,,0
-200171551,2,-200171551,non-genus-specific reads in family Porphyromonadaceae,,bacteria,false,,,,,,,,,,,,,,,,0.06908311371647,7,,,92.1429,31.2857,10^-9.14828,,,,,[2049046],0
2049046,1,-200171551,Porphyromonadaceae bacterium,"",bacteria,false,,,,,,,,,,,,,,,,0.06908311371647,7,,,92.1429,31.2857,10^-9.14828,,,,,,0
-200184208,2,-200184208,non-genus-specific reads in family Psathyrellaceae,,eukaryota,false,,,,0.00986901624521,1,,,100.0,101.0,10^-56.3801,,,,,,,,,,,,,,,,,[747081],0
747081,1,-200184208,uncultured Coprinopsis,"",eukaryota,false,,,,0.00986901624521,1,,,100.0,101.0,10^-56.3801,,,,,,,,,,,,,,,,,,0
-200186803,2,-200186803,non-genus-specific reads in family Lachnospiraceae,,bacteria,false,,,,0.04934508122605,5,,,98.315,98.0,10^-52.14,,,,,,0.03947606498084,4,,,90.7,32.0,10^-10.902,,,,,"[1898203, 699240, 658656]",0
1898203,1,-200186803,Lachnospiraceae bacterium,"",bacteria,false,,,,0.03947606498084,4,,,98.7865,101.5,10^-55.0056,,,,,,0.01973803249042,2,,,89.3,32.5,10^-10.5909,,,,,,0
699240,1,-200186803,Clostridiales genomosp. BVAB1,"",bacteria,false,,,,0.00986901624521,1,,,96.429,84.0,10^-40.6778,,,,,,,,,,,,,,,,,,0
658656,1,-200186803,Lachnospiraceae bacterium 6_1_37FAA,"",bacteria,false,,,,,,,,,,,,,,,,0.01973803249042,2,,,93.5,31.0,10^-11.5243,,,,,,0
-200186822,2,-200186822,non-genus-specific reads in family Paenibacillaceae,,bacteria,false,,,,,,,,,,,,,,,,0.00986901624521,1,,,87.0,23.0,10^-4.94692,,,,,[2003592],0
2003592,1,-200186822,Paenibacillaceae bacterium,"",bacteria,false,,,,,,,,,,,,,,,,0.00986901624521,1,,,87.0,23.0,10^-4.94692,,,,,,0
-200203557,2,-200203557,non-genus-specific reads in family Verrucomicrobiaceae,,bacteria,false,,,,,,,,,,,,,,,,0.00986901624521,1,,,100.0,33.0,10^-12.5607,,,,,[2026800],0
2026800,1,-200203557,Verrucomicrobiaceae bacterium,"",bacteria,false,,,,,,,,,,,,,,,,0.00986901624521,1,,,100.0,33.0,10^-12.5607,,,,,,0
-200206379,2,-200206379,non-genus-specific reads in family Nitrosomonadaceae,,bacteria,false,,,,,,,,,,,,,,,,0.02960704873563,3,,,86.9333,29.6667,10^-7.60759,,,,,[2026767],0
2026767,1,-200206379,Nitrosomonadaceae bacterium,"",bacteria,false,,,,,,,,,,,,,,,,0.02960704873563,3,,,86.9333,29.6667,10^-7.60759,,,,,,0
-200213468,2,-200213468,non-genus-specific reads in family Syntrophaceae,,bacteria,false,,,,,,,,,,,,,,,,0.01973803249042,2,,,96.95,32.5,10^-12.9558,,,,,[2052184],0
2052184,1,-200213468,Syntrophaceae bacterium,"",bacteria,false,,,,,,,,,,,,,,,,0.01973803249042,2,,,96.95,32.5,10^-12.9558,,,,,,0
-200216572,2,-200216572,non-genus-specific reads in family Oscillospiraceae,,bacteria,false,,,,0.01973803249042,2,,,96.0295,100.5,10^-50.5496,,,,,,0.04934508122605,5,,,70.18,31.2,10^-5.26157,,,,,"[2485925, 1535]",0
2485925,1,-200216572,Oscillospiraceae bacterium,"",bacteria,false,,,,0.01973803249042,2,,,96.0295,100.5,10^-50.5496,,,,,,,,,,,,,,,,,,0
1535,1,-200216572,[Clostridium] leptum,"",bacteria,false,,,,,,,,,,,,,,,,0.04934508122605,5,,,70.18,31.2,10^-5.26157,,,,,,0
-200267893,2,-200267893,non-genus-specific reads in family Idiomarinaceae,,bacteria,false,,,,0.00986901624521,1,,,98.947,95.0,10^-50.9172,,,,,,,,,,,,,,,,,[1298881],0
1298881,1,-200267893,Idiomarinaceae bacterium HL-53,"",bacteria,false,,,,0.00986901624521,1,,,98.947,95.0,10^-50.9172,,,,,,,,,,,,,,,,,,0
-200320599,2,-200320599,non-genus-specific reads in family Solirubrobacteraceae,,bacteria,false,,,,,,,,,,,,,,,,0.01973803249042,2,,,83.3,30.0,10^-7.04576,,,,,[2586742],0
2586742,1,-200320599,Solirubrobacteraceae bacterium,"",bacteria,false,,,,,,,,,,,,,,,,0.01973803249042,2,,,83.3,30.0,10^-7.04576,,,,,,0
-200324901,2,-200324901,non-genus-specific reads in family Marnaviridae,,viruses,false,,,,,,,,,,,,,,,,0.01973803249042,2,,,70.0,30.0,10^-4.58838,,,,,[2715102],0
2715102,1,-200324901,Marnaviridae sp.,"",viruses,false,,,,,,,,,,,,,,,,0.01973803249042,2,,,70.0,30.0,10^-4.58838,,,,,,0
-200452563,2,-200452563,non-genus-specific reads in family Cladosporiaceae,,eukaryota,false,,,,0.04934508122605,5,,,100.0,91.0,10^-49.5675,,,,,,,,,,,,,,,,,"[613059, 361671]",0
613059,1,-200452563,uncultured Davidiella,"",eukaryota,false,,,,0.02960704873563,3,,,100.0,94.6667,10^-52.0633,,,,,,,,,,,,,,,,,,0
361671,1,-200452563,uncultured Cladosporium,"",eukaryota,false,,,,0.01973803249042,2,,,100.0,85.5,10^-45.8238,,,,,,,,,,,,,,,,,,0
-200563835,2,-200563835,non-genus-specific reads in family Chitinophagaceae,,bacteria,false,,,,0.00986901624521,1,,,94.0,100.0,10^-47.464,,,,,,0.01973803249042,2,,,76.35,29.0,10^-8.13214,,,,,"[3051226, 1869212]",0
3051226,1,-200563835,Chitinophagaceae bacterium DXS,"",bacteria,false,,,,0.00986901624521,1,,,94.0,100.0,10^-47.464,,,,,,,,,,,,,,,,,,0
1869212,1,-200563835,Chitinophagaceae bacterium,"",bacteria,false,,,,,,,,,,,,,,,,0.01973803249042,2,,,76.35,29.0,10^-8.13214,,,,,,0
-200622454,2,-200622454,non-genus-specific reads in family Cryptosporangiaceae,,bacteria,false,,,,,,,,,,,,,,,,0.01973803249042,2,,,88.5,26.0,10^-6.40782,,,,,[2811410],0
2811410,1,-200622454,Cryptosporangiaceae bacterium,"",bacteria,false,,,,,,,,,,,,,,,,0.01973803249042,2,,,88.5,26.0,10^-6.40782,,,,,,0
-200675064,2,-200675064,non-genus-specific reads in family Alphaflexiviridae,,viruses,false,,,,0.00986901624521,1,,,93.069,101.0,10^-46.7735,,,,,,,,,,,,,,,,,[2824425],0
2824425,1,-200675064,Hainan alphaflexivirus 2,"",viruses,false,,,,0.00986901624521,1,,,93.069,101.0,10^-46.7735,,,,,,,,,,,,,,,,,,0
-200675071,2,-200675071,non-genus-specific reads in family Virgaviridae,,viruses,false,,,,,,,,,,,,,,,,0.35528458482756,36,,,99.7694,102.25,10^-69.7229,,,,,[2966560],0
2966560,1,-200675071,Orbis virgavirus,"",viruses,false,,,,,,,,,,,,,,,,0.35528458482756,36,1,31,99.7694,102.25,10^-69.7229,,,,,,0
-201033997,2,-201033997,non-genus-specific reads in family Nitrososphaeraceae,,archaea,false,,,,,,,,,,,,,,,,0.01973803249042,2,,,73.85,32.5,10^-5.63975,,,,,[2169593],0
2169593,1,-201033997,Nitrososphaeraceae archaeon,"",archaea,false,,,,,,,,,,,,,,,,0.01973803249042,2,,,73.85,32.5,10^-5.63975,,,,,,0
-201131492,2,-201131492,non-genus-specific reads in family Aspergillaceae,,eukaryota,false,,,,0.01973803249042,2,,,100.0,74.5,10^-38.3392,,,,,,,,,,,,,,,,,[246267],0
246267,1,-201131492,uncultured Aspergillus,"",eukaryota,false,,,,0.01973803249042,2,,,100.0,74.5,10^-38.3392,,,,,,,,,,,,,,,,,,0
-201154585,2,-201154585,non-genus-specific reads in family Gaiellaceae,,bacteria,false,,,,,,,,,,,,,,,,0.01973803249042,2,,,98.5,33.0,10^-13.6997,,,,,[2838783],0
2838783,1,-201154585,Gaiellaceae bacterium,"",bacteria,false,,,,,,,,,,,,,,,,0.01973803249042,2,,,98.5,33.0,10^-13.6997,,,,,,0
-201198451,2,-201198451,non-genus-specific reads in family Methanoregulaceae,,archaea,false,,,,,,,,,,,,,,,,0.01973803249042,2,,,89.35,33.0,10^-12.694,,,,,[2485498],0
2485498,1,-201198451,Methanoregulaceae archaeon,"",archaea,false,,,,,,,,,,,,,,,,0.01973803249042,2,,,89.35,33.0,10^-12.694,,,,,,0
-201471398,2,-201471398,non-genus-specific reads in family Prolixibacteraceae,,bacteria,false,,,,0.01973803249042,2,,,100.0,62.0,10^-29.8308,,,,,,,,,,,,,,,,,[2053594],0
2053594,1,-201471398,Prolixibacteraceae bacterium,"",bacteria,false,,,,0.01973803249042,2,,,100.0,62.0,10^-29.8308,,,,,,,,,,,,,,,,,,0
-201647988,2,-201647988,non-genus-specific reads in family Akkermansiaceae,,bacteria,false,,,,,,,,,,,,,,,,0.00986901624521,1,,,100.0,33.0,10^-12.4157,,,,,[2562705],0
2562705,1,-201647988,Akkermansiaceae bacterium,"",bacteria,false,,,,,,,,,,,,,,,,0.00986901624521,1,,,100.0,33.0,10^-12.4157,,,,,,0
-201738654,2,-201738654,non-genus-specific reads in family Woeseiaceae,,bacteria,false,,,,0.00986901624521,1,,,100.0,69.0,10^-34.5876,,,,,,0.00986901624521,1,,,71.4,35.0,10^-7.98297,,,,,[1983305],0
1983305,1,-201738654,uncultured Woeseiaceae bacterium,"",bacteria,false,,,,0.00986901624521,1,,,100.0,69.0,10^-34.5876,,,,,,0.00986901624521,1,,,71.4,35.0,10^-7.98297,,,,,,0
-201763524,2,-201763524,non-genus-specific reads in family Isosphaeraceae,,bacteria,false,,,,,,,,,,,,,,,,0.01973803249042,2,,,88.9,27.0,10^-6.70774,,,,,[2691532],0
2691532,1,-201763524,Isosphaeraceae bacterium,"",bacteria,false,,,,,,,,,,,,,,,,0.01973803249042,2,,,88.9,27.0,10^-6.70774,,,,,,0
-201903409,2,-201903409,non-genus-specific reads in family Erwiniaceae,,bacteria,false,,,,0.03947606498084,4,,,98.02,101.0,10^-53.6353,,,,,,0.00986901624521,1,,,90.9,33.0,10^-10.5421,,,,,"[3027566, 2740817]",0
3027566,1,-201903409,Erwiniaceae bacterium L1_54_6,"",bacteria,false,,,,,,,,,,,,,,,,0.00986901624521,1,,,90.9,33.0,10^-10.5421,,,,,,0
2740817,1,-201903409,Erwiniaceae bacterium PD-1,"",bacteria,false,,,,0.03947606498084,4,,,98.02,101.0,10^-53.6353,,,,,,,,,,,,,,,,,,0
-201903411,2,-201903411,non-genus-specific reads in family Yersiniaceae,,bacteria,false,,,,0.00986901624521,1,,,99.0,100.0,10^-54.3258,,,,,,,,,,,,,,,,,[1962128],0
1962128,1,-201903411,uncultured Yersiniaceae bacterium,"",bacteria,false,,,,0.00986901624521,1,,,99.0,100.0,10^-54.3258,,,,,,,,,,,,,,,,,,0
-201920240,2,-201920240,non-genus-specific reads in family Kangiellaceae,,bacteria,false,,,,,,,,,,,,,,,,0.01973803249042,2,,,77.8,27.0,10^-4.64016,,,,,[2026751],0
2026751,1,-201920240,Kangiellaceae bacterium,"",bacteria,false,,,,,,,,,,,,,,,,0.01973803249042,2,,,77.8,27.0,10^-4.64016,,,,,,0
-201962910,2,-201962910,non-genus-specific reads in family Bryobacteraceae,,bacteria,false,,,,,,,,,,,,,,,,0.00986901624521,1,,,93.9,33.0,10^-9.6038,,,,,[2212468],0
2212468,1,-201962910,Bryobacteraceae bacterium,"",bacteria,false,,,,,,,,,,,,,,,,0.00986901624521,1,,,93.9,33.0,10^-9.6038,,,,,,0
-202048906,2,-202048906,non-genus-specific reads in family Pyrinomonadaceae,,bacteria,false,,,,,,,,,,,,,,,,0.00986901624521,1,,,100.0,24.0,10^-4.46092,,,,,[2283092],0
2283092,1,-202048906,Pyrinomonadaceae bacterium,"",bacteria,false,,,,,,,,,,,,,,,,0.00986901624521,1,,,100.0,24.0,10^-4.46092,,,,,,0
-202066434,2,-202066434,non-genus-specific reads in family Geminicoccaceae,,bacteria,false,,,,0.01973803249042,2,,,93.807,78.0,10^-33.8679,,,,,,,,,,,,,,,,,[2448052],0
2448052,1,-202066434,Geminicoccaceae bacterium,"",bacteria,false,,,,0.01973803249042,2,,,93.807,78.0,10^-33.8679,,,,,,,,,,,,,,,,,,0
-202169529,2,-202169529,non-genus-specific reads in family Ackermannviridae,,viruses,false,,,,,,,,,,,,,,,,0.04934508122605,5,,,84.48,30.8,10^-8.93277,,,,,[1542133],0
1542133,1,-202169529,Dickeya phage phiDP23.1,"",viruses,true,,,,,,,,,,,,,,,,0.04934508122605,5,,,84.48,30.8,10^-8.93277,,,,,,0
-202560063,2,-202560063,non-genus-specific reads in family Botourmiaviridae,,viruses,false,,,,0.00986901624521,1,,,89.109,101.0,10^-41.284,,,,,,0.00986901624521,1,,,84.8,33.0,10^-7.39577,,,,,"[2972075, 2808997]",0
2972075,1,-202560063,Luoyang Botou tick virus 2,"",viruses,false,,,,,,,,,,,,,,,,0.00986901624521,1,,,84.8,33.0,10^-7.39577,,,,,,0
2808997,1,-202560063,Botourmiaviridae sp.,"",viruses,false,,,,0.00986901624521,1,,,89.109,101.0,10^-41.284,,,,,,,,,,,,,,,,,,0
-202560065,2,-202560065,non-genus-specific reads in family Herelleviridae,,viruses,false,,,,,,,,,,,,,,,,0.01973803249042,2,,,89.4,33.0,10^-8.42915,,,,,[2870751],0
2870751,1,-202560065,Staphylococcus phage vB_SsapH-Golestan-100,"",viruses,true,,,,,,,,,,,,,,,,0.01973803249042,2,,,89.4,33.0,10^-8.42915,,,,,,0
-202689614,2,-202689614,non-genus-specific reads in family Steroidobacteraceae,,bacteria,false,,,,,,,,,,,,,,,,0.01973803249042,2,,,75.8,33.0,10^-4.5376,,,,,[2689616],0
2689616,1,-202689614,Steroidobacteraceae bacterium,"",bacteria,false,,,,,,,,,,,,,,,,0.01973803249042,2,,,75.8,33.0,10^-4.5376,,,,,,0
-202732892,2,-202732892,non-genus-specific reads in family Mitoviridae,,viruses,false,,,,0.01973803249042,2,,,92.77,76.0,10^-31.8023,,,,,,,,,,,,,,,,,[2937199],0
2937199,1,-202732892,Xinjiang mito-like virus 53,"",viruses,false,,,,0.01973803249042,2,,,92.77,76.0,10^-31.8023,,,,,,,,,,,,,,,,,,0
